FName str,LName str,Gender str,AreaCode int,Phone str,City str,State str,Zip int,MaritalStatus str,HasChild str,Salary int,Rate float,SingleExemp float,MarriedExemp float,ChildExemp float
Hennie,Hannenhalli,F,hab.a,,ROSS,ND,,,Y,,c.badehhf,,a.a,ddaa.a
,,M,iac.a,,,VT,,M,,,e.bjiifdf,a.a,,
Rene,,F,iab.a,,,UT,iedai.a,M,,cfaaa.a,h.a,a.a,,cehf.a
Mansour,,,ebj.a,egg-bbhb,,,eebbb.a,S,,caaaa.a,b.cajjcdb,bdaa.a,a.a,bdaa.a
Dushyanth,Khetawat,F,ebh.a,,REPUBLIC,MO,,,Y,,g.a,cbaa.a,a.a,bcaa.a
,,F,deh.a,,,NY,,S,,baaaaa.a,e.fdcjcgg,a.a,,
,,,hdb.a,ggg-hiea,,,dhddf.a,S,,faaa.a,a.a,a.a,,a.a
Yuichiro,Uckun,F,iai.a,,MOUNTAIN VIEW,HI,jghhb.a,,N,hfaaa.a,i.cf,baea.a,a.a,a.a
,Motwani,F,jia.a,,,,,S,Y,,h.idaebjf,ddaa.a,a.a,
,Deineko,,eac.a,igf-gfjb,BELVIDERE,NE,gidbf.a,M,Y,gaaaa.a,g.ie,a.a,,bad.a
Eser,Duparc,F,dad.a,,CARR,CO,iagbc.a,S,N,bfaaa.a,e.gd,a.a,,a.a
,Zullighoven,F,jah.a,,KASILOF,AK,jjgba.a,,N,haaaa.a,a.a,a.a,,a.a
Jianxi,Comyn,F,iai.a,,NAALEHU,HI,jghhc.a,,Y,dfaaa.a,h.deigied,a.a,,baea.a
Ria,Lindenbaum,M,,,ALTUS,AR,,S,N,,h.a,ca.a,a.a,a.a
Manju,Kipnis,F,,,,,,S,N,,e.hf,ceaa.a,a.a,
Dragan,,F,,gbh-ehfj,,PR,ghe.a,S,,baaaa.a,a.a,a.a,,a.a
Changsik,Jacques,F,ibi.a,,FELLOWS,CA,,M,N,,h.hhajcie,a.a,,a.a
Bryony,Bassolet,F,,fhc-bgcj,BARNSTEAD,NH,dcbi.a,S,N,dfaaa.a,a.a,a.a,a.a,
,Kirkham,F,,,HOWELL,MI,,S,Y,,d.j,dbaa.a,a.a,dbaa.a
,Boehm,,,jag-edad,ANGLE INLET,MN,fghbb.a,S,Y,eaaaa.a,g.djaacbd,ddaa.a,a.a,ddaa.a
Charley,Surya,M,dac.a,gbg-cfdc,,,bjhcf.a,M,Y,bfaaa.a,c.iibibid,a.a,cca.a,
,Muhlen,M,ffb.a,,,NJ,,M,Y,,b.e,a.a,caaa.a,
,Malolepszy,M,jah.a,,ANCHORAGE,AK,,M,Y,,a.a,a.a,a.a,a.a
Zhixue,Lucks,F,ifg.a,,,NJ,,M,N,,b.hjechai,a.a,caaa.a,
Xianjing,Jolfaei,M,ehj.a,,CALDWELL,AR,,M,Y,,h.a,a.a,ea.a,ca.a
Maitreya,Wiegley,F,fab.a,,PINEVILLE,AR,,,Y,jaaaa.a,h.a,a.a,ea.a,ca.a
Khurram,,F,ihi.a,,,,,M,,,d.ah,a.a,a.a,
,Dass,M,hbj.a,,FORT LUPTON,CO,,M,N,jfaaa.a,e.gd,a.a,a.a,a.a
Oron,Gerke,,caf.a,gda-jchb,,,dgach.a,S,Y,baaaa.a,f.a,bfaa.a,a.a,daa.a
Hideki,Middleton,F,dah.a,,,WY,,M,Y,,a.a,a.a,a.a,a.a
Eike,Michailidis,M,cai.a,,MERIDIAN,ID,,,N,,h.i,a.a,ggaa.a,a.a
Wiiliam,Devesa,,cbj.a,cic-ghgb,,,eghbd.a,S,N,eaaaa.a,d.e,baaa.a,a.a,a.a
Deborah,,F,,,,NY,,M,,,e.chccfg,a.a,a.a,
,,M,fia.a,hji-bgje,,OK,heegj.a,M,,faaaa.a,g.cf,a.a,caaa.a,a.a
Chanathip,Sessa,,,ddb-ibba,,,chbfh.a,S,Y,hfaaa.a,h.dafjee,ddaa.a,a.a,
Noburu,,F,,,,SD,,S,,,a.a,a.a,a.a,a.a
Guoqiang,Busillo,M,,fef-ejca,,NJ,iajf.a,S,N,efaaa.a,b.hjechai,baaa.a,a.a,
,Schend,M,ehj.a,ifb-dbfg,FORREST CITY,AR,hcddg.a,M,Y,caaaa.a,e.jgicaid,a.a,ea.a,ca.a
Judi,,,,ddf-jgdi,,,cjbga.a,S,,efaaa.a,h.a,ddaa.a,a.a,a.a
Evgeny,Waheed,,hgj.a,gfj-bhhe,,,digch.a,M,N,faaaa.a,f.a,a.a,bcaaa.a,a.a
Estrella,Bertilsson,F,,,GREAT FALLS,MT,,S,N,jaaaa.a,g.j,bjaa.a,a.a,a.a
Tomonari,,,ede.a,jid-fhdi,,,cdied.a,M,,haaaa.a,f.hf,a.a,biaa.a,
Alvaro,Rivard,M,,,ALHAMBRA,CA,,S,Y,baaaaa.a,j.d,ih.a,a.a,chc.a
Neville,Trivett,F,,jdj-gaai,,,caibg.a,S,Y,haaaa.a,e.hf,ceaa.a,a.a,
Serban,Melzak,F,,,PINEHURST,ID,,,N,,h.i,ddaa.a,a.a,a.a
Farzan,Knowles,M,iai.a,,HONOLULU,HI,,S,N,,i.cf,baea.a,a.a,a.a
,Petry,,ehi.a,jda-hgga,,,daabh.a,S,N,gfaaa.a,g.a,chaa.a,a.a,a.a
Timm,Bhagavathi,M,ddh.a,,BATON ROUGE,LA,,M,Y,baaaaa.a,g.a,a.a,jaaa.a,baaa.a
Lynnau,,M,igf.a,,,,,S,,,a.a,a.a,a.a,a.a
Etsuko,d'Inverno,,gbi.a,jgj-fcif,MOUND CITY,IL,gcjgd.a,,N,daaaa.a,d.a,a.a,eaaa.a,a.a
Nate,,M,faf.a,,,NM,,M,,,d.cecifhc,a.a,ggaa.a,a.a
Jolita,,,ied.a,fjg-biee,,,cjafb.a,S,,cfaaa.a,h.a,ddaa.a,a.a,a.a
Blagovest,Heemskerk,M,iha.a,,MALVERN,AR,,,Y,,d.hhdadh,ca.a,a.a,ca.a
Andris,Gammill,,cfg.a,bfg-fjig,,,dgaaj.a,S,N,baaaa.a,f.a,bfaa.a,a.a,a.a
Xiaopeng,Cheiner,,jba.a,fdh-fbga,,,chgja.a,M,N,caaaa.a,g.bfcajhh,a.a,ggaa.a,
Burkhard,Ballin,F,caj.a,,LOS ANGELES,CA,,,N,baaaaa.a,j.d,ih.a,a.a,a.a
Sachio,Franzblau,F,daj.a,,HARDIN,IL,,S,Y,jfaaa.a,d.a,caaa.a,a.a,caaa.a
,Leonidas,M,dah.a,,,WY,,S,Y,,a.a,a.a,a.a,a.a
Meltem,Osterloh,M,cac.a,,,,,S,N,jfaaa.a,j.a,bdha.a,a.a,
Hiroki,Winters,,caf.a,egc-idfh,,,dfbhg.a,S,Y,iaaaa.a,f.a,bfaa.a,a.a,daa.a
Soojung,Breuker,,jca.a,dhi-gjec,,WI,fedad.a,M,Y,bfaaa.a,e.hahadb,a.a,beaa.a,eaa.a
JoAnne,Bergstra,F,ifh.a,jib-cibi,NATICK,MA,bhga.a,,N,dfaaa.a,f.d,a.a,hbfa.a,
,,F,cbg.a,,,,,S,,jfaaa.a,d.gjjfdih,bdaa.a,a.a,a.a
Yigal,Krabbel,M,hgf.a,,,,,S,N,,d.e,baaa.a,a.a,a.a
Rosalyn,Pinckney,M,hib.a,fch-cdfg,SALEM,MA,bjhb.a,,Y,iaaaa.a,f.d,a.a,hbfa.a,
Zhibin,Peterka,,hbf.a,bgg-cbdf,,WI,fdcee.a,S,N,faaaa.a,f.dbfbgai,haa.a,a.a,a.a
Keshab,Kubera,M,hai.a,,FOX VALLEY,IL,,S,Y,,d.a,caaa.a,a.a,caaa.a
,Shokrollahi,M,cab.a,hbd-hbef,,NJ,ifdf.a,S,Y,faaa.a,b.e,baaa.a,a.a,
Felicity,Latyshev,F,dah.a,,,WY,,M,N,,a.a,a.a,a.a,a.a
Heng,Pelz,,dbc.a,ddd-bcff,REDDICK,IL,gajgb.a,,Y,faaa.a,d.a,caaa.a,a.a,caaa.a
Xiaowei,,F,gaf.a,,,SD,,M,,,a.a,a.a,a.a,a.a
Houari,Zaimov,F,eed.a,dje-jaif,,,caigi.a,S,Y,eaaaa.a,e.hf,ceaa.a,a.a,
,,M,eab.a,gig-cgci,,RI,cijb.a,S,,gaaaa.a,a.a,a.a,a.a,
Milvio,Cippico,M,cah.a,dhi-ebgf,AUGUSTA,ME,eddg.a,S,Y,caaaa.a,i.f,cifa.a,a.a,
Surapant,,,ige.a,feh-cejh,,,cjadj.a,S,,bfaaa.a,h.a,ddaa.a,a.a,ddaa.a
Constantine,Nitsch,F,hbj.a,,PENROSE,CO,,,N,,e.gd,a.a,a.a,a.a
,,F,edf.a,,,UT,iebdd.a,M,,daaaa.a,h.a,a.a,ejfa.a,a.a
Keiji,Kennamer,F,iha.a,,LUXORA,AR,,,Y,,h.a,ca.a,a.a,ca.a
Angkul,Hamrick,F,dbi.a,,METAIRIE,LA,,,Y,,g.a,efaa.a,a.a,baaa.a
Pui,,M,jdh.a,,,,,M,,jaaaa.a,d.fddfge,a.a,cgaa.a,a.a
Wilmer,Brizzi,F,jhd.a,bha-gdei,,NJ,hgab.a,S,N,baaaa.a,b.e,baaa.a,a.a,
,Obradovich,,ici.a,ihe-hfec,,,chiab.a,M,N,efaaa.a,g.ghgfhdd,a.a,ggaa.a,
Mei,,F,deh.a,,,NY,,S,,baaaaa.a,e.fdcjcgg,a.a,a.a,
,Givens,,dai.a,hih-cehj,BELLEVUE,NE,gibcd.a,M,Y,caaaa.a,f.gifged,a.a,cag.a,bad.a
,,M,dcf.a,,,TX,highc.a,S,,caaaa.a,a.a,a.a,a.a,a.a
Sukhmay,Kaio,M,faf.a,,,NM,,M,N,,f.d,a.a,ggaa.a,a.a
Joacheim,,,gaf.a,cea-jjbf,,SD,fheib.a,M,,caaaa.a,a.a,a.a,a.a,a.a
Irith,Cestnik,,dai.a,bgc-ieff,WESTON,NE,giaha.a,S,Y,faaaa.a,g.ie,bad.a,a.a,bad.a
,Viehstaedt,,jca.a,hbd-eehb,,WI,fefdg.a,S,Y,ffaaa.a,f.eacadgh,haa.a,a.a,eaa.a
Rang,,,gaf.a,dac-dbeh,,SD,fhffd.a,S,,ffaaa.a,a.a,a.a,a.a,a.a
,,M,gaf.a,,,SD,,S,,,a.a,a.a,a.a,a.a
Giorgio,Aue,,ibc.a,fcj-feef,,,egcjb.a,M,Y,gfaaa.a,d.e,a.a,caaa.a,baaa.a
Vinod,Olano,,hab.a,ffh-fade,MICHIGAN,ND,ficfj.a,,N,baaaa.a,c.b,a.a,ggaa.a,a.a
,Marinissen,F,jha.a,,CRESTED BUTTE,CO,,M,N,,e.gd,a.a,a.a,a.a
Zinovy,Simovich,M,dab.a,gaf-dhgd,,,cbade.a,M,N,bfaaa.a,e.hf,a.a,eiaa.a,
,Keohane,M,dcb.a,,,,,S,N,,a.a,a.a,a.a,a.a
Royce,Tagansky,,dbh.a,fcf-cadh,,,ehbbj.a,S,Y,gfaaa.a,d.e,baaa.a,a.a,baaa.a
,,F,fbc.a,,,TX,hheij.a,M,,bfaaa.a,a.a,a.a,a.a,a.a
Aikira,Bamford,F,eia.a,,PHOENIX,AZ,ifahj.a,,Y,baaaa.a,c.ih,cbaa.a,a.a,cdaa.a
Puneet,Chown,F,cai.a,,GENESEE,ID,ididc.a,S,Y,efaaa.a,h.i,ddaa.a,a.a,ddaa.a
,,M,hbi.a,jdb-jcbe,,NY,bcegg.a,M,,bfaaa.a,e.aeafej,a.a,a.a,
Zahi,Baroglio,F,hhe.a,,BOSTON,MA,,M,N,jfaaa.a,f.d,a.a,hbfa.a,
Feniosky,Akaboshi,M,hgj.a,,,,,S,Y,jaaaa.a,f.a,gaaa.a,a.a,bfaa.a
,Desal,F,fae.a,iha-ggjc,NORCO,LA,haahj.a,,N,haaaa.a,g.a,a.a,jaaa.a,a.a
Mugo,,M,eab.a,bdj-bcai,,RI,cjab.a,S,,gfaaa.a,a.a,a.a,a.a,
Mathis,Koblitz,M,dah.a,,,WY,,M,N,,a.a,a.a,a.a,a.a
Xuemin,Rich,,fgb.a,fca-fidi,,,dejje.a,M,N,efaaa.a,a.a,a.a,a.a,a.a
Theodosios,Stanculescu,M,hah.a,,SAN DIEGO,CA,jcbdf.a,,N,dfaaa.a,h.hhajcie,ih.a,a.a,a.a
Theodore,,M,fhb.a,,,,,S,,,f.hf,jaa.a,a.a,
,Ramsey,,hha.a,iai-jbid,,,dacbe.a,M,Y,eaaaa.a,g.a,a.a,feaa.a,daaa.a
Cormac,,,gaf.a,gbf-jjjh,,SD,fhdee.a,S,,dfaaa.a,a.a,a.a,a.a,a.a
Mechtild,Aigrain,,hbc.a,efd-dhja,BEAVER,IA,faadb.a,S,Y,baaaa.a,b.hahihdh,ea.a,a.a,ea.a
Nestor,Day,M,jhi.a,ega-jagb,ORANGE,MA,bdge.a,,N,gfaaa.a,f.d,a.a,hbfa.a,
,Maloney,F,ggc.a,,,,,M,Y,,f.a,a.a,bcaaa.a,bfaa.a
,Bias,F,gac.a,,KAIBETO,AZ,igafd.a,,N,faaa.a,c.ih,cbaa.a,a.a,a.a
M'hamed,Quiles,M,jci.a,,GLENDALE,AZ,ifdae.a,S,Y,hfaaa.a,d.ihhf,cbaa.a,a.a,cdaa.a
,,F,gaf.a,,,SD,,M,,,a.a,a.a,a.a,a.a
Fredrik,,M,eab.a,,,RI,,S,,,a.a,a.a,a.a,
Koppolu,Guiu,,jbd.a,dah-bfhg,TOPEKA,KS,gggbb.a,S,Y,efaaa.a,g.ef,ccfa.a,a.a,ccfa.a
Hana,,M,chg.a,eei-dibd,,,cabih.a,S,,baaaa.a,d.ihf,jaa.a,a.a,
Kanwar,Holcombe,F,dig.a,,,,,S,Y,,a.a,a.a,a.a,a.a
,Venkataraman,F,ehj.a,hhc-fede,WILMOT,AR,hbghg.a,S,N,eaaaa.a,h.a,ca.a,a.a,a.a
,,F,gba.a,,,,,M,,,d.ah,a.a,a.a,
Molly,Multari,M,faf.a,,,NM,,S,N,,f.d,ddaa.a,a.a,a.a
Edmundo,Thalheim,M,caf.a,,,,,M,Y,baaaaa.a,f.a,a.a,daaa.a,daa.a
Domen,Bashandy,M,ffb.a,eeb-fica,,NJ,ijac.a,M,N,haaaa.a,c.biifebh,a.a,caaa.a,
Keju,Click,,ghi.a,bcj-egid,,,dafdi.a,M,Y,caaaa.a,g.a,a.a,feaa.a,daaa.a
Stefaan,,M,ied.a,,,,,M,,iaaaa.a,h.a,a.a,ggaa.a,a.a
,Massotte,F,ifg.a,,,NJ,,M,Y,,c.biifebh,a.a,caaa.a,
Souri,Muhammad,M,faj.a,,,WA,,S,N,,a.a,a.a,a.a,a.a
Berto,Kriegman,M,caf.a,,,,,S,N,,f.a,bfaa.a,a.a,a.a
Eddi,,M,hih.a,jid-hefe,,PR,hhc.a,M,,daaaa.a,a.a,a.a,a.a,
Shinsuke,Tourancheau,F,iai.a,,WAKE ISLAND,HI,,M,Y,baaaaa.a,i.cf,a.a,caia.a,baea.a
,Jacquet,F,ddg.a,,,,,M,N,,h.idaebjf,a.a,ggaa.a,
Anargyros,,M,hhf.a,,,NV,,M,,,a.a,a.a,a.a,a.a
Alistair,Deuel,,cha.a,gfe-jfdj,,,ebajg.a,S,Y,caaaa.a,c.jeeeeee,ca.a,a.a,ca.a
Nadir,Gille,,fhd.a,fcd-ieie,KANSAS CITY,MO,gebhc.a,,Y,eaaaa.a,g.a,cbaa.a,a.a,bcaa.a
Hilan,,F,iad.a,,,,,S,,,h.a,ddaa.a,a.a,ddaa.a
Heping,Kaarela,F,cad.a,,NEW HAVEN,CT,,,N,,f.a,a.a,cefaa.a,
,,M,edf.a,,,UT,,M,,baaaaa.a,h.a,a.a,ejfa.a,cehf.a
HweeHwa,Dharanipragada,,fgd.a,dge-hgjd,WALKER,IA,fcdfc.a,S,N,baaaa.a,b.hahihdh,ea.a,a.a,a.a
Kavi,,M,fia.a,dad-cief,,OK,hdbfe.a,S,,eaaaa.a,g.cf,baaa.a,a.a,baaa.a
,Haban,F,hhe.a,,UPTON,MA,,M,N,,f.d,a.a,hbfa.a,
Willa,Ruemmler,,ddg.a,fde-fgce,,,chgaj.a,M,Y,daaaa.a,g.dgbiii,a.a,ggaa.a,
Polle,Zeidenstein,F,jfe.a,,,,,S,N,ifaaa.a,a.a,a.a,a.a,a.a
,Rela,F,cah.a,,LEWISTON,ME,,,Y,baaaaa.a,i.f,cifa.a,a.a,
Subhasish,Werling,M,gab.a,,,,,S,Y,baaaaa.a,f.a,gaaa.a,a.a,bfaa.a
,Feuerman,F,hah.a,,POLLOCK PINES,CA,,,N,jfaaa.a,j.d,a.a,bhe.a,a.a
Sangchul,Dunbar,,ifj.a,cji-hgid,,,ecbfc.a,M,Y,faaaa.a,e.gbbbbb,a.a,ea.a,ca.a
,Meekings,F,ffj.a,,SACRAMENTO,CA,,,Y,,j.d,a.a,bhe.a,chc.a
Tuvi,Blumenrohr,F,dac.a,,,,,M,N,jfaaa.a,f.jf,a.a,cca.a,
Jiangtao,,F,jdj.a,,,PR,,S,,jfaaa.a,a.a,a.a,a.a,
Ren,Achilles,,eag.a,gch-fjcd,WHITEHALL,MT,fjhfj.a,S,Y,faaaa.a,g.j,bjaa.a,a.a,bjaa.a
,Herbst,M,ehj.a,,FORT SMITH,AR,,S,Y,,h.a,ca.a,a.a,ca.a
Adib,Malaveta,F,dac.a,,,,,S,N,,f.cgibic,bba.a,a.a,
Adhemar,,,jdb.a,eah-ddia,,,dhdhb.a,S,,caaaa.a,a.a,a.a,a.a,a.a
,,F,iac.a,,,VT,,S,,,d.jjjijih,ddaa.a,a.a,
,Panagopoulos,M,cah.a,hii-hgji,HARBORSIDE,ME,egec.a,S,Y,baaaa.a,e.fifhggd,cifa.a,a.a,
Oron,,F,ief.a,bge-hheb,,NY,bdcdf.a,S,,faaaa.a,e.cedcjd,a.a,a.a,
,Picton,F,cac.a,gje-haia,,,caffc.a,M,Y,efaaa.a,j.a,a.a,chea.a,
Ergun,Zirkelbach,F,hbj.a,,BOULDER,CO,iadci.a,M,N,eaaaa.a,e.gd,a.a,a.a,a.a
Reme,Masiero,F,ibf.a,,CLINTON,IL,,S,N,,d.a,caaa.a,a.a,a.a
,Gooday,,ggc.a,iji-hijc,,,djgeb.a,M,Y,eaaaa.a,f.a,a.a,bcaaa.a,bfaa.a
,Colorni,,hif.a,gjh-gghj,ABBYVILLE,KS,ghfba.a,S,Y,hfaaa.a,g.ef,ccfa.a,a.a,ccfa.a
,,M,hbi.a,iih-caaj,,,befgi.a,M,,faaaa.a,e.cedcjd,a.a,a.a,
Yakichi,Wunderlin,,caf.a,gcc-cegh,,,dghdc.a,S,N,eaaaa.a,f.a,bfaa.a,a.a,a.a
,Gustafsson,,gbc.a,hib-hbgd,HAMPTON,MN,ffadb.a,M,N,eaaaa.a,g.djaacbd,a.a,ggaa.a,a.a
True,Giovanetti,F,gcg.a,,SAN DIEGO,CA,jcbcg.a,,N,cfaaa.a,f.ebabfh,ih.a,a.a,a.a
,Piperakis,,cbh.a,jdh-jfab,BREESE,IL,gccda.a,M,N,daaaa.a,d.a,a.a,eaaa.a,a.a
Gill,,,had.a,bib-bbda,,,cdcdc.a,S,,iaaaa.a,f.hf,jaa.a,a.a,
Dammmian,Soreide,,dai.a,bgg-bjhh,OMAHA,NE,gibhc.a,,Y,caaaa.a,f.gifged,a.a,cag.a,bad.a
,Baranowski,M,faf.a,,,NM,,S,N,ifaaa.a,f.d,ddaa.a,a.a,a.a
Maylis,Hemaspaandra,M,ggc.a,,,,,M,Y,,f.a,a.a,bcaaa.a,bfaa.a
,Kochskamper,M,cah.a,,BLAINE,ME,,S,Y,,i.f,cifa.a,a.a,
Palle,Krabbel,M,dae.a,,,,,M,Y,,d.a,a.a,eaaa.a,
,Ducret,M,dfb.a,ibe-haea,PROVINCETOWN,MA,cgfh.a,,N,ffaaa.a,f.d,dfhf.a,a.a,
Hongwen,Ernst,M,cai.a,,SUN VALLEY,ID,iddfd.a,S,N,faaa.a,c.gjadedj,ddaa.a,a.a,a.a
Terilyn,Balluchi,F,dga.a,,,WA,jijec.a,M,Y,baaaa.a,a.a,a.a,a.a,a.a
,Nerima,M,iai.a,,SCHOFIELD BARRACKS,HI,,,Y,,g.eehdgi,baea.a,a.a,baea.a
,Gaborit,,cha.a,ggj-jjfh,,,ebiba.a,S,N,faaaa.a,e.gbbbbb,ca.a,a.a,a.a
Selmin,Kans,M,cac.a,,,,,M,Y,,j.a,a.a,chea.a,
,,F,eaf.a,hib-icag,,OK,hebhb.a,S,,eaaaa.a,g.cf,baaa.a,a.a,a.a
Berry,Rauhe,,geb.a,cci-iaga,OSKALOOSA,IA,fcfhh.a,,Y,iaaaa.a,i.ji,ea.a,a.a,ea.a
,,F,chg.a,idg-faci,,,cchca.a,M,,faaaa.a,f.hf,a.a,biaa.a,
Joceli,Baldan,,gbi.a,cea-bfeb,SPRINGFIELD,IL,gchbj.a,,N,baaaa.a,d.a,caaa.a,a.a,a.a
Qui,Malitz,M,gfb.a,,AURORA,MN,,M,Y,,f.df,a.a,ggaa.a,ddaa.a
,McCoy,F,eac.a,,BURR,NE,,M,N,,g.ie,a.a,cag.a,a.a
,Kara,M,eac.a,,OMAHA,NE,,,N,,g.ie,bad.a,a.a,a.a
Djenana,Gravano,F,fca.a,,POLACCA,AZ,,,Y,jaaaa.a,e.bb,a.a,ecaa.a,cdaa.a
Carmelo,Terenzi,M,fae.a,baa-hjhg,NEW ORLEANS,LA,habcj.a,,N,bfaaa.a,c.i,efaa.a,a.a,a.a
Martien,Swartout,M,eae.a,,,,,S,Y,baaaaa.a,g.a,chaa.a,a.a,daaa.a
Bodh,Brazdil,M,dah.a,,,WY,icddg.a,S,Y,haaaa.a,a.a,a.a,a.a,a.a
Zhongcheng,Tarlescu,M,dah.a,,,WY,icgdg.a,M,N,caaaa.a,a.a,a.a,a.a,a.a
,,,ige.a,hij-ecfa,,,cjfab.a,S,,efaaa.a,h.a,ddaa.a,a.a,ddaa.a
Roded,Wavish,,cfb.a,gce-hche,,,dfbec.a,S,N,dfaaa.a,f.a,bfaa.a,a.a,a.a
Vram,Baudino,F,hab.a,,SCRANTON,ND,,,Y,jfaaa.a,c.ifgjhdg,ddaa.a,a.a,ddaa.a
Seongyeol,Auletta,M,faf.a,,,NM,ihbjf.a,M,Y,haaaa.a,f.d,a.a,ggaa.a,ddaa.a
Shaoyu,,,fgh.a,fdf-ehdj,,,eeghi.a,M,,cfaaa.a,b.dhfijhe,a.a,cgaa.a,a.a
Spira,,,gbe.a,chd-djbf,,,edhgh.a,M,,daaaa.a,b.febihbi,a.a,cgaa.a,a.a
,Rivett,,cci.a,hhb-jjfb,,,djdah.a,M,N,eaaaa.a,f.a,a.a,bcaaa.a,a.a
Nada,Strout,,dbe.a,dji-ffhd,HELENA,MO,geefj.a,M,N,faaaa.a,g.a,a.a,ecaa.a,a.a
,Tomassini,F,iai.a,,KEALAKEKUA,HI,,,Y,jfaaa.a,i.cf,baea.a,a.a,baea.a
Yingxu,,M,gaf.a,,,SD,,S,,baaaaa.a,a.a,a.a,a.a,a.a
Alexius,Deville,,cgc.a,bij-cecf,,WI,feiec.a,S,N,gaaaa.a,f.eiijbc,haa.a,a.a,a.a
Saulo,Bhatt,,fac.a,bia-hhha,,,ebcbj.a,S,Y,hfaaa.a,g.a,ca.a,a.a,ca.a
Rachida,Morrin,F,dac.a,,,,,M,N,,f.gajajb,a.a,cca.a,
,,F,eea.a,,,,,M,,iaaaa.a,d.cabgbfd,a.a,cgaa.a,bdaa.a
Jaan,Simkin,,gag.a,eba-hdhc,,,ebicg.a,M,Y,daaaa.a,d.f,a.a,ea.a,ca.a
Toney,,M,ebc.a,,,,,M,,iaaaa.a,d.ah,a.a,a.a,
Seungjoon,,M,gaf.a,,,SD,,S,,,a.a,a.a,a.a,a.a
Kent,,F,fia.a,dcd-cebe,,OK,hebdc.a,S,,baaaa.a,g.cf,baaa.a,a.a,baaa.a
Subhada,Tuminaro,,jbd.a,gcg-hfaf,HOISINGTON,KS,ghfee.a,M,N,cfaaa.a,f.egggggh,a.a,efaa.a,a.a
Hosam,,F,hhf.a,,,NV,ijfad.a,S,,caaaa.a,a.a,a.a,a.a,a.a
Debbie,Chaturvedi,,ebh.a,bge-hefi,KANSAS CITY,MO,gebgg.a,,N,haaaa.a,g.a,cbaa.a,a.a,a.a
,,F,hac.a,,,NV,,S,,,a.a,a.a,a.a,a.a
Adelinde,Torelli,,cci.a,geg-cdgc,,,digeh.a,S,N,gfaaa.a,f.a,gaaa.a,a.a,a.a
Yahia,Lueh,M,gad.a,,WARREN,NH,,S,N,,a.a,a.a,a.a,
Munehiko,,,jab.a,ecc-ccaj,,,dicfj.a,M,,bfaaa.a,a.a,a.a,a.a,a.a
Zhiming,,F,hhf.a,,,NV,,M,,,a.a,a.a,a.a,a.a
Zhenyi,,F,gah.a,dff-cdee,,NY,bbjga.a,S,,efaaa.a,e.cbedcjc,a.a,a.a,
Rajamani,Salverda,M,ebd.a,,OAK BLUFFS,MA,,,N,iaaaa.a,f.d,a.a,hbfa.a,
Sreerama,,M,hbh.a,caf-eefe,,,bhhac.a,S,,gfaaa.a,d.ah,a.a,a.a,
,Jungmann,F,fbf.a,,SHENANDOAH,IA,,,Y,,i.ji,a.a,ia.a,ea.a
,Campr,M,fae.a,,FENTON,LA,,M,N,iaaaa.a,g.a,a.a,jaaa.a,a.a
Mingsheng,Cedeno,M,cah.a,gcf-ehic,WATERFORD,ME,eaii.a,S,Y,daaaa.a,i.f,cifa.a,a.a,
Isabella,Lavrac,F,dga.a,,,WA,,S,N,,a.a,a.a,a.a,a.a
,Manacher,F,iai.a,,SCHOFIELD BARRACKS,HI,,,N,,i.cf,baea.a,a.a,a.a
Michaela,Pols,F,dac.a,ffi-heda,,,bjjfc.a,S,N,caaaa.a,d.ccchchd,bba.a,a.a,
Brig,,M,edf.a,,,UT,,M,,,h.a,a.a,ejfa.a,a.a
,Bidwell,F,cah.a,ijd-ccbf,WEST FORKS,ME,ejif.a,M,Y,faaaa.a,i.f,a.a,fhaa.a,
Yehea,Priebe,F,cea.a,jea-iigg,,,cajaf.a,M,Y,gfaaa.a,e.hf,a.a,eiaa.a,
Berend,Vauttier,F,faf.a,,,NM,iiabd.a,M,N,caaaa.a,f.d,a.a,ggaa.a,a.a
Lily,,F,hih.a,,,PR,,S,,,a.a,a.a,a.a,
,Nemani,M,iai.a,,LANAI CITY,HI,,,N,,i.cf,baea.a,a.a,a.a
Healfdene,,M,hhf.a,,,NV,,S,,,a.a,a.a,a.a,a.a
,Mahalanabis,M,hbc.a,,SIOUX CENTER,IA,,,N,,i.gfeii,ea.a,a.a,a.a
Deepak,Dimitriev,,ddg.a,ffa-eegg,,,ciaia.a,M,Y,faaaa.a,g.hibegie,a.a,ggaa.a,
Agha,Kadhim,M,iba.a,,FLINT,MI,,M,N,,d.j,a.a,gcaa.a,a.a
Youfeng,Bod,,eag.a,djg-gcdi,HELENA,MT,fjgae.a,M,Y,daaaa.a,g.j,a.a,diaa.a,bjaa.a
Juhani,Stanfel,,cci.a,eif-cijd,,,djhae.a,S,N,daaaa.a,f.a,gaaa.a,a.a,a.a
Weijing,Tabet,M,iha.a,,RATCLIFF,AR,,,N,ifaaa.a,h.a,ca.a,a.a,a.a
Pranjal,,,hdb.a,bec-gccg,,,dhbfb.a,M,,hfaaa.a,a.a,a.a,a.a,a.a
,Kartik,M,fba.a,,ELDRIDGE,CA,,M,N,,j.d,a.a,bhe.a,a.a
,,,dda.a,iah-gcbi,,,edcbg.a,S,,dfaaa.a,b.hahiegc,bdaa.a,a.a,a.a
Bharadwaj,Nitzan,M,dbg.a,,TOWANDA,KS,,M,N,,e.eidddd,a.a,efaa.a,a.a
Juichirou,Thielscher,,gdg.a,bad-gadi,SMITHVILLE,MO,geaij.a,,Y,eaaaa.a,g.a,cbaa.a,a.a,bcaa.a
Gaetan,,M,jhb.a,,,OR,,S,,,j.a,bfj.a,a.a,bfj.a
Kanti,Borgstrom,M,faf.a,,,NM,ihjdg.a,S,Y,bfaaa.a,e.jfhbed,ddaa.a,a.a,ddaa.a
Zvi,Meuser,M,gad.a,,DOVER,NH,,M,Y,,a.a,a.a,a.a,
,Miculan,M,dah.a,,,WY,,M,N,,a.a,a.a,a.a,a.a
Ernestina,Bishr,,eac.a,faj-ihff,PAGE,NE,gihgg.a,,Y,haaaa.a,g.ie,a.a,cag.a,bad.a
Laxmikant,,M,cbf.a,gac-hbib,,,bhaga.a,S,,dfaaa.a,d.ah,a.a,a.a,
,Chouraqui,,hgf.a,ijc-jcic,,,egade.a,M,N,dfaaa.a,d.e,a.a,caaa.a,a.a
Cornelia,,F,fad.a,,,OR,jhaef.a,S,,eaaaa.a,j.a,bfj.a,a.a,bfj.a
,Bitter,,cfb.a,gjh-icjh,,,dfgda.a,S,Y,dfaaa.a,f.a,bfaa.a,a.a,daa.a
Kazuho,Basermann,F,dac.a,dha-bach,,,bjjee.a,S,Y,haaaa.a,f.jf,bba.a,a.a,
,Kriegel,M,cgc.a,,,WI,,S,Y,,f.jcdcjah,haa.a,a.a,eaa.a
Sidhar,Vetterli,F,dbj.a,,VENTURA,IA,,S,Y,jaaaa.a,i.ji,ea.a,a.a,ea.a
Jim,Hadon,M,cab.a,,,NJ,,M,N,,c.ecfbaeb,a.a,caaa.a,
Camino,Reed,M,dah.a,,,WY,iceba.a,M,N,haaaa.a,a.a,a.a,a.a,a.a
,Fischetti,,dbg.a,jbc-dadi,REXFORD,KS,ghhfd.a,,Y,hfaaa.a,g.ef,a.a,efaa.a,ccfa.a
Haim,,F,iae.a,,,,,M,,,f.hf,a.a,biaa.a,
Jianxun,Feeley,,hde.a,dic-dgid,TWIN LAKE,MI,ejefh.a,S,Y,daaaa.a,d.j,dbaa.a,a.a,dbaa.a
Vasilis,Grana,,hbc.a,ddf-djac,DUBUQUE,IA,fcajj.a,M,N,hfaaa.a,i.ji,a.a,ia.a,a.a
,Dunki,,dbc.a,jaj-egjc,ELLERY,IL,gcidd.a,S,N,iaaaa.a,d.a,caaa.a,a.a,a.a
Ronan,Marchok,M,dbi.a,,SHREVEPORT,LA,,,Y,,g.a,a.a,jaaa.a,baaa.a
,,M,hac.a,,,NV,,M,,,a.a,a.a,a.a,a.a
,Nepomnjashchaja,F,iha.a,,BRADLEY,AR,,S,N,,e.jgicaid,ca.a,a.a,a.a
Liao,,M,edf.a,,,UT,,M,,ifaaa.a,h.a,a.a,ejfa.a,a.a
Kaye,,M,fad.a,,,OR,,M,,,j.a,a.a,dbi.a,bfj.a
Dave,Blache,F,gad.a,bgi-ghbj,JEFFERSON,NH,dfid.a,,Y,dfaaa.a,a.a,a.a,a.a,
Monish,Brazier,M,dca.a,,MONTICELLO,MN,,,Y,ifaaa.a,h.if,ddaa.a,a.a,ddaa.a
,Yano,M,fab.a,iee-ihbe,DE QUEEN,AR,hbidc.a,M,N,haaaa.a,h.a,a.a,ea.a,a.a
Vanja,Konstam,M,iei.a,,,NJ,,S,N,,c.ficibcf,baaa.a,a.a,
Masako,,M,hdb.a,,,,,M,,,a.a,a.a,a.a,a.a
Begona,Varney,,hab.a,dgg-fjad,WHEATLAND,ND,fiahj.a,M,Y,faaa.a,c.b,a.a,ggaa.a,ddaa.a
,Minoura,M,gbc.a,,SAINT PAUL,MN,,,Y,,h.if,a.a,ggaa.a,ddaa.a
,Hylton,F,jah.a,,KOYUK,AK,,,Y,,a.a,a.a,a.a,a.a
Suresh,,F,eda.a,,,TX,hgcgh.a,M,,bfaaa.a,a.a,a.a,a.a,a.a
Gisela,Tayara,,gca.a,eia-ffga,HOME,KS,ggedi.a,M,Y,eaaaa.a,g.ef,a.a,efaa.a,ccfa.a
Pinaki,,F,jdb.a,,,,,S,,,a.a,a.a,a.a,a.a
Yellamraju,Bacciotti,,jia.a,jgb-cfhe,,,chdcd.a,M,Y,daaaa.a,g.dgbiii,a.a,ggaa.a,
,Lanzarone,M,jah.a,,INDIAN,AK,,S,Y,,a.a,a.a,a.a,a.a
Cort,Reistad,,hae.a,fai-ghgg,,,chjfg.a,M,N,gfaaa.a,h.ajgbfdh,a.a,ggaa.a,
Barton,Bala,M,fab.a,bgg-fjjd,PALESTINE,AR,hcdhc.a,,Y,hfaaa.a,h.a,a.a,ea.a,ca.a
Tassos,,M,jbi.a,,,OK,,M,,,g.cf,a.a,caaa.a,baaa.a
Look,Scheibelhut,M,eag.a,,BOYES,MT,,S,N,ifaaa.a,g.j,bjaa.a,a.a,a.a
Olavi,Narendra,M,jeb.a,,,,,S,N,,a.a,a.a,a.a,a.a
Mirna,,F,hhf.a,,,NV,ijecc.a,S,,cfaaa.a,a.a,a.a,a.a,a.a
Emmett,Undy,,caf.a,fbf-cjij,,,dgigh.a,M,Y,faaaa.a,f.a,a.a,daaa.a,daa.a
,Ahanger,M,cac.a,jbg-iiae,,,caeee.a,S,Y,eaaaa.a,j.a,bdha.a,a.a,
,,F,hhf.a,,,NV,,M,,,a.a,a.a,a.a,a.a
Dario,Gracia,,fbf.a,bch-ehad,CEDAR FALLS,IA,fagbe.a,S,Y,iaaaa.a,i.ji,ea.a,a.a,ea.a
Tinsley,Nojima,M,gag.a,,,,,S,N,,g.a,ca.a,a.a,a.a
Sterling,,M,iac.a,bdd-jhig,,VT,fgia.a,S,,bfaaa.a,d.g,ddaa.a,a.a,
,Yaku,F,ecf.a,,,WA,jichc.a,M,Y,cfaaa.a,a.a,a.a,a.a,a.a
Hyuckchul,,F,gbf.a,,,,,S,,,a.a,a.a,a.a,a.a
Mariano,Stylianou,F,cah.a,,NEWFIELD,ME,,,Y,ifaaa.a,i.f,a.a,fhaa.a,
Shahrokh,Suwunboriruksa,,dbg.a,dfe-dcag,BUCYRUS,KS,ggabd.a,M,N,iaaaa.a,g.ef,a.a,efaa.a,a.a
Tarang,Howerton,F,iga.a,,CORNWALL,CT,,M,N,,f.a,a.a,cefaa.a,
,Denti,F,ebd.a,hec-hfgg,BUZZARDS BAY,MA,cfec.a,M,N,faaaa.a,f.d,a.a,hbfa.a,
,Bereiter,F,dah.a,,,WY,icjdi.a,S,Y,haaaa.a,a.a,a.a,a.a,a.a
Minkai,Pils,M,ifh.a,eef-hcge,NORTH FALMOUTH,MA,cffg.a,,Y,haaaa.a,f.d,a.a,hbfa.a,
Amit,,,fea.a,cfg-cehd,,,cechc.a,M,,cfaaa.a,f.hf,a.a,biaa.a,
Nur,Diede,F,ecf.a,,,WA,jibcb.a,S,N,efaaa.a,a.a,a.a,a.a,a.a
,,,gbf.a,iag-jabi,,,dhddf.a,M,,faaaa.a,a.a,a.a,a.a,a.a
Bhanu,Haass,M,gga.a,,HOLT,MO,,M,N,,g.a,a.a,ecaa.a,a.a
,Kartik,F,hch.a,,,,,S,N,,a.a,a.a,a.a,a.a
,Demoen,,dae.a,jbg-jgee,,,cgfed.a,M,Y,gaaaa.a,g.f,a.a,eaaa.a,
Hiroyasu,Steffen,,cfg.a,daa-jbfj,,,dfbci.a,S,Y,efaaa.a,f.a,bfaa.a,a.a,daa.a
Kristiina,,,gaf.a,dja-bfdi,,SD,fhadb.a,M,,daaaa.a,a.a,a.a,a.a,a.a
Lyle,Tarn,F,cai.a,,COCOLALLA,ID,idibd.a,S,N,caaaa.a,g.jeidjb,ddaa.a,a.a,a.a
Vaibhav,Taka,M,gca.a,,SYCAMORE,KS,,M,Y,jfaaa.a,g.ef,a.a,efaa.a,ccfa.a
Darwyn,Walicki,M,dbi.a,ejg-cbgh,LIVONIA,LA,hahff.a,,Y,faaaa.a,g.a,efaa.a,a.a,baaa.a
Vicente,,,gbe.a,edd-ffif,,,eejac.a,S,,efaaa.a,c.adjhjf,bdaa.a,a.a,a.a
Ramasamy,Rahier,,ifj.a,gfd-ebba,,,ecbge.a,S,Y,hfaaa.a,g.a,ca.a,a.a,ca.a
Kousuke,Bael,,gai.a,eha-gifi,,WI,fdfeg.a,S,Y,faaa.a,e.g,haa.a,a.a,eaa.a
,Uyar,F,fac.a,,,,,M,Y,baaaaa.a,g.a,a.a,ea.a,ca.a
Samual,Kushner,M,ccj.a,,,,,M,N,,g.a,a.a,feaa.a,a.a
Ortwin,Aczel,,jfe.a,fed-eaij,,,ddgii.a,M,Y,baaaa.a,a.a,a.a,a.a,a.a
,Bhattacharjee,,cce.a,idd-beeh,ROCKFORD,IL,gbbab.a,,N,faaaa.a,d.a,a.a,eaaa.a,a.a
,Dilger,F,iai.a,,MAKAWELI,HI,jghgj.a,,Y,baaaa.a,c.iecbafe,a.a,caia.a,baea.a
Lenhart,,M,edf.a,,,UT,,M,,iaaaa.a,h.a,a.a,ejfa.a,a.a
Marina,Ygge,,hch.a,eae-dibi,,,ddife.a,M,N,dfaaa.a,a.a,a.a,a.a,a.a
Djemal,Welten,,dbj.a,cjg-fdgf,COLUMBUS CITY,IA,fchdh.a,M,Y,hfaaa.a,i.ji,a.a,ia.a,ea.a
Michio,Danneberg,F,dga.a,,,WA,,M,Y,iaaaa.a,a.a,a.a,a.a,a.a
Vitaliano,McDougal,M,dac.a,,,,,M,Y,,f.cgibic,a.a,cca.a,
,Flass,F,gbh.a,ghh-deaa,NORTH HATFIELD,MA,bagg.a,,N,ffaaa.a,f.d,a.a,hbfa.a,
Shyam,,F,eab.a,bjd-hbid,,RI,cifi.a,M,,hfaaa.a,a.a,a.a,a.a,
,,M,fad.a,,,OR,,S,,iaaaa.a,j.a,bfj.a,a.a,bfj.a
Dzung,Mascle,F,gab.a,,,,,S,Y,,f.a,gaaa.a,a.a,bfaa.a
Jaideep,Aybay,M,faf.a,,,NM,iiedj.a,S,N,bfaaa.a,e.jfhbed,ddaa.a,a.a,a.a
Natasha,Leemeijer,F,dah.a,,,WY,,M,N,,a.a,a.a,a.a,a.a
Deron,,M,cgh.a,fie-gbjc,,,bhfcj.a,M,,daaaa.a,d.ah,a.a,a.a,
,,F,iac.a,,,VT,,M,,ifaaa.a,e.gjgce,a.a,ggaa.a,
,Vieweg,M,cai.a,,EASTPORT,ID,idicg.a,M,N,bfaaa.a,f.fcjaec,a.a,ggaa.a,a.a
Maryam,,F,fia.a,,,OK,,S,,baaaaa.a,g.cf,baaa.a,a.a,baaa.a
Chetan,Cosica,M,cab.a,,,NJ,,M,Y,baaaaa.a,c.ggbgggj,a.a,caaa.a,
,Creech,,dbj.a,hgh-iadf,MANSON,IA,fafgd.a,,N,faaaa.a,h.iicjjae,ea.a,a.a,a.a
Nabih,Sawaya,F,gad.a,cbe-iicd,FARMINGTON,NH,didf.a,S,Y,efaaa.a,a.a,a.a,a.a,
Ymte,Gore,M,fbf.a,,SAINT ANTHONY,IA,,,N,ifaaa.a,i.ji,a.a,ia.a,a.a
,Gerling,M,caf.a,,,,,S,Y,ifaaa.a,f.a,bfaa.a,a.a,daa.a
,Matthew,M,iha.a,,FULTON,AR,,M,N,,h.a,a.a,ea.a,a.a
,Foret,,gga.a,ibc-iacd,KANSAS CITY,MO,gebgi.a,,Y,hfaaa.a,g.a,a.a,ecaa.a,bcaa.a
Gerbert,Mashey,F,dai.a,,SAINT EDWARD,NE,,,Y,,g.ie,bad.a,a.a,bad.a
Tuyan,Facello,M,cea.a,egh-ehea,,,caiga.a,M,N,faaaa.a,e.hf,a.a,eiaa.a,
Shawna,,F,eab.a,fdh-ddhd,,RI,cjbi.a,M,,daaaa.a,a.a,a.a,a.a,
Jongho,,F,hhf.a,,,NV,ijhae.a,M,,gaaaa.a,a.a,a.a,a.a,a.a
Brent,,F,ede.a,jjh-caij,,,ccbai.a,M,,faaa.a,c.fdfhbee,a.a,biaa.a,
Evangeline,,F,dda.a,,,,,M,,jaaaa.a,d.fddfge,a.a,cgaa.a,a.a
Oya,Zuiderveld,M,jah.a,,ANCHORAGE,AK,jjfbb.a,M,N,bfaaa.a,a.a,a.a,a.a,a.a
,Rajamony,,jae.a,jci-ebbb,,,dcaig.a,M,Y,faaa.a,a.a,a.a,a.a,a.a
,,M,hfh.a,,,,,M,,baaaaa.a,f.hf,a.a,biaa.a,
Iasson,,M,hhf.a,,,NV,ijadd.a,S,,bfaaa.a,a.a,a.a,a.a,a.a
,Herlea,F,dae.a,,,,,M,Y,,e.e,a.a,eaaa.a,
Corentin,Friman,,fhe.a,fdc-gdha,,,egcaf.a,S,Y,faaaa.a,d.e,baaa.a,a.a,baaa.a
Ahvin,Klement,M,cbh.a,,CLAYTONVILLE,IL,,M,Y,,d.a,a.a,eaaa.a,caaa.a
Yuka,,F,faf.a,,,NM,ihfcd.a,S,,efaaa.a,f.d,ddaa.a,a.a,ddaa.a
Khaled,Oxenboll,M,iai.a,,HONOLULU,HI,,M,N,jfaaa.a,i.cf,a.a,caia.a,a.a
Antanas,Kishida,F,dac.a,,,,,M,Y,,d.ccchchd,a.a,cca.a,
Antonios,Kaltofen,F,fab.a,,CHIDESTER,AR,,M,Y,,c.fhhigfe,a.a,ea.a,ca.a
Gustav,,F,fea.a,,,,,M,,jfaaa.a,f.hf,a.a,biaa.a,
Errol,,F,jhc.a,,,TX,hijfe.a,M,,faaaa.a,a.a,a.a,a.a,a.a
,Kroeker,F,eai.a,,DOUGLAS FLAT,CA,,M,N,,j.d,a.a,bhe.a,a.a
Minnie,Spiro,,ggc.a,fbg-geab,,,djhgg.a,M,Y,eaaaa.a,f.a,a.a,bcaaa.a,bfaa.a
Monish,Tuomenoksa,M,iga.a,fih-hbba,TOLLAND,CT,gaie.a,M,N,gaaaa.a,f.a,a.a,cefaa.a,
Yihua,Sykas,F,jha.a,,GREEN MOUNTAIN FALLS,CO,iaibj.a,S,Y,haaaa.a,e.gd,a.a,a.a,a.a
,Torelli,F,fca.a,,PHOENIX,AZ,,,N,jaaaa.a,e.bb,cbaa.a,a.a,a.a
Pierluigi,Siochi,,gga.a,bjj-gjjf,SKIDMORE,MO,geeih.a,,Y,dfaaa.a,g.a,cbaa.a,a.a,bcaa.a
Shin'ya,Punnen,,ici.a,jia-bgac,,,cihgd.a,M,Y,haaaa.a,h.cabaej,a.a,ggaa.a,ddaa.a
Camino,Bartschi,,cga.a,chg-iiea,,,egahg.a,S,Y,faaaa.a,d.e,baaa.a,a.a,baaa.a
Wee,Friedland,,cfg.a,bfc-jhbg,,,dfchi.a,M,Y,caaaa.a,f.a,a.a,daaa.a,daa.a
,Bergin,M,jbc.a,,,,,S,Y,jaaaa.a,g.a,chaa.a,a.a,daaa.a
Ruiz,Shnaider,F,gcd.a,,PHOENIX,AZ,ifajg.a,,Y,ffaaa.a,d.fghejjj,cbaa.a,a.a,cdaa.a
Bernard,Paleologo,F,iai.a,,EWA BEACH,HI,jghag.a,S,N,gaaaa.a,i.cf,baea.a,a.a,a.a
Rieko,Zockler,M,gad.a,dje-ebgc,RYE,NH,diha.a,,Y,dfaaa.a,a.a,a.a,a.a,
,Rubsam,,dbj.a,hie-beaa,UNION,IA,facfi.a,S,N,caaaa.a,d.cfbgfch,ea.a,a.a,a.a
Kewal,,,iae.a,fhh-chif,,,ceach.a,S,,baaaa.a,d.ihf,jaa.a,a.a,
,,M,hac.a,,,NV,,S,,jaaaa.a,a.a,a.a,a.a,a.a
Ian,,,jab.a,gec-faef,,,dhcae.a,S,,iaaaa.a,a.a,a.a,a.a,a.a
Qui,Halker,M,dae.a,,,,,S,Y,,g.f,caaa.a,a.a,
Burkhard,Babai,F,cah.a,ehg-jadi,WALLAGRASS,ME,ehib.a,M,N,dfaaa.a,i.f,a.a,fhaa.a,
Aruna,,,ied.a,eii-efge,,,cjjab.a,M,,haaaa.a,h.a,a.a,ggaa.a,ddaa.a
,Chilukuri,M,jag.a,,DANSVILLE,MI,,S,Y,baaaaa.a,d.j,dbaa.a,a.a,dbaa.a
Gert,Vrckovnik,F,cac.a,fgj-idaa,,,cacdf.a,S,N,faaaa.a,j.a,bdha.a,a.a,
Lilin,Dar,M,cab.a,,,NJ,,M,Y,iaaaa.a,c.degcf,a.a,caaa.a,
Jarno,Messabih,F,cab.a,,,NJ,,M,N,,c.biifebh,a.a,caaa.a,
Jared,Martschew,F,dai.a,,VALPARAISO,NE,,M,Y,,g.ie,a.a,cag.a,bad.a
Seungjae,Middelburg,M,hdc.a,,,NJ,,S,Y,,b.ffhhaid,baaa.a,a.a,
Minshine,,M,iab.a,,,UT,ieadc.a,S,,ffaaa.a,h.a,cehf.a,a.a,a.a
IlYoung,,F,gbe.a,,,,,M,,baaaaa.a,d.igffbci,a.a,cgaa.a,bdaa.a
Yuxi,,M,iac.a,,,VT,,M,,,e.djhiai,a.a,ggaa.a,
Yutaka,,F,iab.a,,,UT,,M,,,h.a,a.a,ejfa.a,cehf.a
,Halpin,F,cah.a,,SPRINGFIELD,ME,,,Y,,i.f,cifa.a,a.a,
,Poletto,M,dac.a,ihj-ifde,,,bjjef.a,S,Y,eaaaa.a,e.figdge,bba.a,a.a,
Katsuyuki,Azumi,M,ffb.a,jhb-geda,,NJ,iiai.a,M,Y,daaaa.a,b.ffhhaid,a.a,caaa.a,
,Beck,,eag.a,ifc-jcfi,DEER LODGE,MT,fjhcc.a,S,N,daaaa.a,g.j,bjaa.a,a.a,a.a
,Gurzhiv,,gai.a,ghb-iahj,,WI,feifa.a,S,N,caaaa.a,e.hjdjagh,haa.a,a.a,a.a
Golden,Range,,hgj.a,gaa-gccc,,,djefc.a,M,N,daaaa.a,f.a,a.a,bcaaa.a,a.a
Mathai,Bub,F,cai.a,,COEUR D ALENE,ID,idibf.a,S,Y,caaaa.a,g.jeidjb,ddaa.a,a.a,ddaa.a
Barrett,,F,hhf.a,,,NV,ijeaj.a,S,,daaaa.a,a.a,a.a,a.a,a.a
,Broll,M,hib.a,gjc-iabf,NEW BEDFORD,MA,chec.a,,N,bfaaa.a,f.d,a.a,hbfa.a,
Zeydy,Erde,,cbj.a,fde-hdah,HYMERA,IN,ehiff.a,S,Y,gaaaa.a,d.e,baaa.a,a.a,baaa.a
,Nagahisa,M,dah.a,,,WY,,S,N,,a.a,a.a,a.a,a.a
Jonny,Waterhouse,,jij.a,fff-egea,DETROIT,MI,eicaj.a,S,Y,hfaaa.a,d.j,dbaa.a,a.a,dbaa.a
Rujith,Hagmann,F,dai.a,,WAVERLY,NE,,M,N,,g.ie,a.a,cag.a,a.a
Adrianus,Abell,M,ifg.a,gfb-fedh,,NJ,hdjf.a,S,N,baaaa.a,b.e,baaa.a,a.a,
Guri,Montalbano,M,fai.a,,SOMERSET,MA,,,N,,f.d,dfhf.a,a.a,
,,M,ihi.a,,,,,S,,jaaaa.a,d.ah,a.a,a.a,
Surendranath,Kavi,F,dac.a,,,,,S,N,,f.jf,bba.a,a.a,
,Peron,M,ehj.a,icj-bahh,DOLPH,AR,hcfci.a,M,N,bfaaa.a,d.hhdadh,a.a,ea.a,a.a
Kwangjo,,F,hih.a,cej-dgda,,PR,jab.a,M,,iaaaa.a,a.a,a.a,a.a,
Zoubir,Koppstein,M,jah.a,,SHISHMAREF,AK,,,Y,,a.a,a.a,a.a,a.a
Dang,Kruck,F,gac.a,,TEMPE,AZ,,M,Y,,d.bacf,a.a,ecaa.a,cdaa.a
Wenjian,,M,eie.a,bgf-gcbe,,,bgfdd.a,M,,caaaa.a,d.ah,a.a,a.a,
Rongyao,,F,ibe.a,dfb-bcfb,,,bgdbe.a,M,,cfaaa.a,d.ah,a.a,a.a,
Keyun,Peuto,F,hab.a,,SAINT THOMAS,ND,,,N,jaaaa.a,c.hjjabch,ddaa.a,a.a,a.a
Tjahjadi,Bruni,M,cea.a,ceb-bcfj,,,caifj.a,M,N,dfaaa.a,e.hf,a.a,eiaa.a,
Georgia,McKinney,M,fca.a,,PHOENIX,AZ,,,N,,d.fghejjj,a.a,ecaa.a,a.a
Zdravko,,M,jbi.a,cgc-haah,,OK,heaag.a,M,,ffaaa.a,g.cf,a.a,caaa.a,baaa.a
Abhijit,Heckerman,M,gca.a,,OXFORD,KS,,,Y,,g.ef,a.a,efaa.a,ccfa.a
Gilberto,,F,hac.a,,,NV,ijead.a,S,,efaaa.a,a.a,a.a,a.a,a.a
Belen,,M,jhb.a,,,OR,jhdeh.a,M,,faaa.a,h.ebacfge,a.a,dbi.a,bfj.a
Plamena,Landy,F,ifg.a,,,NJ,,M,N,,c.bajgihg,a.a,caaa.a,
Rogardt,Kruys,M,hbj.a,,HARTMAN,CO,,M,N,,e.gd,a.a,a.a,a.a
,,M,edc.a,,,TX,,S,,,a.a,a.a,a.a,a.a
Jerrold,MacLeod,F,jah.a,,ANCHORAGE,AK,,M,N,,a.a,a.a,a.a,a.a
Sarangan,,M,ida.a,,,TX,,M,,,a.a,a.a,a.a,a.a
Pitro,,F,hih.a,dac-fdaf,,PR,ghi.a,S,,ffaaa.a,a.a,a.a,a.a,a.a
,Geske,F,dah.a,,,WY,icgeg.a,S,N,bfaaa.a,a.a,a.a,a.a,a.a
,Fabrizio,M,ddh.a,jah-hhcd,WATERPROOF,LA,hbdhf.a,S,Y,bfaaa.a,c.i,efaa.a,a.a,baaa.a
Mohsin,,M,hac.a,,,NV,ijfag.a,M,,baaaa.a,a.a,a.a,a.a,a.a
Zvezdan,Kadakuntla,F,gda.a,,MERNA,IL,,,N,,d.a,a.a,eaaa.a,a.a
,,M,ebc.a,ihg-ihhc,,,bfcbf.a,M,,cfaaa.a,d.ah,a.a,a.a,
Yinong,Beug,,eac.a,egf-iiae,LINCOLN,NE,gifca.a,,N,hfaaa.a,g.ie,a.a,cag.a,a.a
,Staab,,cbj.a,hab-fgca,NEW MARKET,IN,ehjgf.a,,Y,daaaa.a,d.e,baaa.a,a.a,baaa.a
Ramjee,,M,jhb.a,,,OR,,S,,ifaaa.a,j.a,bfj.a,a.a,bfj.a
Xuefei,Wadge,F,jhi.a,jji-ibga,SAGAMORE BEACH,MA,cfgc.a,,Y,iaaaa.a,f.d,dfhf.a,a.a,
,Coyle,,geb.a,gjf-ccgb,CINCINNATI,IA,fcfej.a,S,N,hfaaa.a,i.ji,ea.a,a.a,a.a
,,M,iac.a,jci-bddi,,VT,feih.a,S,,hfaaa.a,e.ejhcife,ddaa.a,a.a,
,Faria,M,gcd.a,,SAN LUIS,AZ,ifdej.a,,Y,hfaaa.a,d.ihhf,cbaa.a,a.a,cdaa.a
Khaled,Pargas,,jbd.a,ebf-hghh,CHASE,KS,ghfce.a,M,Y,gaaaa.a,g.ef,a.a,efaa.a,ccfa.a
,Tibblin,M,cbj.a,,,,,M,Y,jaaaa.a,d.e,a.a,caaa.a,baaa.a
Kazuyoshi,McCallum,M,eag.a,,PRYOR,MT,,,N,,g.j,bjaa.a,a.a,a.a
,Forier,,fgd.a,jad-jiaf,DES MOINES,IA,fadjg.a,S,N,haaaa.a,i.ji,ea.a,a.a,a.a
Sentot,,F,jdj.a,ebi-idcj,,PR,jai.a,M,,gfaaa.a,a.a,a.a,a.a,
,,M,hbh.a,,,,,M,,jaaaa.a,d.ah,a.a,a.a,
,Aimeur,F,fgc.a,,PORTOLA,CA,,,Y,baaaaa.a,j.d,a.a,bhe.a,chc.a
,Masada,F,caf.a,,,,,M,Y,,f.a,a.a,daaa.a,daa.a
Dafna,Rackoff,,gab.a,cbe-gdgb,,,djffi.a,M,Y,iaaaa.a,f.a,a.a,bcaaa.a,bfaa.a
,Qutaishat,,cfb.a,ihb-jdbd,,,dgifj.a,S,Y,dfaaa.a,f.a,bfaa.a,a.a,daa.a
,Schaap,F,jah.a,,TYONEK,AK,,M,N,jfaaa.a,a.a,a.a,a.a,a.a
,Meyers,F,hca.a,,FRANKTOWN,CO,,M,N,,e.gd,a.a,a.a,a.a
Honghua,,M,edc.a,,,TX,hjhba.a,M,,bfaaa.a,a.a,,a.a,a.a
Leaf,Elustondo,,eag.a,ceg-bdgh,JORDAN,MT,fjddh.a,,N,haaaa.a,g.j,,diaa.a,a.a
Jayavel,Woeginger,,fah.a,jig-fdab,LENGBY,MN,fggfb.a,,Y,faaa.a,f.df,ddaa.a,a.a,ddaa.a
Chiaki,,M,gaf.a,,,SD,,S,,,a.a,a.a,a.a,a.a
Chawki,,M,faf.a,,,NM,ihbjg.a,M,,baaaa.a,d.cecifhc,,ggaa.a,ddaa.a
Mahadev,Uzun,,dai.a,fah-hfca,PHILLIPS,NE,giigf.a,,N,haaaa.a,g.ie,,cag.a,a.a
,Woerkom,,eag.a,hhe-hhda,CLYDE PARK,MT,fjabi.a,M,Y,baaaa.a,e.jbgdhj,,diaa.a,bjaa.a
Krister,Winstone,F,ddh.a,dbd-ehfi,HESTER,LA,hahed.a,M,N,cfaaa.a,g.a,,jaaa.a,a.a
Stasys,Wendel,,jeb.a,cgf-dgbc,,,debdh.a,M,Y,cfaaa.a,a.a,,a.a,a.a
,Poswig,M,gaj.a,,,NJ,,M,Y,jaaaa.a,c.fadjfic,,caaa.a,
,Spork,F,cac.a,ige-hdie,,,cadje.a,S,Y,cfaaa.a,h.ihf,bdha.a,a.a,
Hariolf,Apostopopoulos,F,hif.a,,HOYT,KS,,S,Y,jfaaa.a,g.ef,ccfa.a,a.a,ccfa.a
,,F,jdb.a,,,,,M,,jaaaa.a,a.a,,a.a,a.a
,Krupp,F,jah.a,,BARROW,AK,,S,Y,,a.a,a.a,a.a,a.a
Akiyoshi,,,gaf.a,egh-iecg,,SD,fhcdi.a,M,,caaaa.a,a.a,,a.a,a.a
Robi,,,jdb.a,eea-chdd,,,dicfj.a,S,,bfaaa.a,a.a,a.a,a.a,a.a
,Philippou,F,cai.a,,DINGLE,ID,idcdd.a,S,Y,daaaa.a,h.i,ddaa.a,a.a,ddaa.a
,Koszlajda,F,hif.a,,GREEN,KS,,S,Y,,g.ef,ccfa.a,a.a,ccfa.a
Corin,Perly,M,hif.a,,TOPEKA,KS,,S,N,jaaaa.a,g.ef,ccfa.a,a.a,a.a
Rollins,Stellhorn,M,dah.a,,,WY,icaab.a,M,N,cfaaa.a,a.a,,a.a,a.a
Lipo,Drashansky,M,dca.a,,MINNEAPOLIS,MN,,,Y,jfaaa.a,h.if,,ggaa.a,ddaa.a
,MacLeod,M,jhi.a,,LEEDS,MA,,,N,,f.d,,hbfa.a,
,Mackenzie,M,cce.a,,WOOD DALE,IL,,M,Y,,d.a,,eaaa.a,caaa.a
Kawon,Magnusson,M,hbj.a,,U S A F ACADEMY,CO,,S,N,,e.gd,a.a,a.a,a.a
Tsong,Hirzer,M,dae.a,,,,,M,N,,e.af,,eaaa.a,
Jiong,Bocic,F,gac.a,,TUCSON,AZ,,S,Y,jaaaa.a,e.bb,cbaa.a,a.a,cdaa.a
Osni,Sreerama,F,cad.a,bbi-ifdj,EAST CANAAN,CT,gace.a,M,N,efaaa.a,f.a,,cefaa.a,
Lesley,Elphick,,dbe.a,gbd-cghc,CANALOU,MO,gdici.a,M,Y,gaaaa.a,g.a,,ecaa.a,bcaa.a
Luigia,Gaubert,F,dae.a,,,,,S,Y,jfaaa.a,g.f,caaa.a,a.a,
Guanghui,Hettich,M,dae.a,,,,,S,Y,,g.f,caaa.a,a.a,
,Kouzes,F,ccj.a,,,,,M,N,,g.a,,feaa.a,a.a
Zhiliang,,M,ige.a,,,,,S,,baaaaa.a,h.a,ddaa.a,a.a,ddaa.a
,,,igf.a,hcd-djbf,,,dhebj.a,M,,bfaaa.a,a.a,,a.a,a.a
Sunondo,Beregi,F,iai.a,,HONOLULU,HI,jgibf.a,S,N,efaaa.a,i.cf,baea.a,a.a,a.a
Tomonobu,Junnemann,M,cea.a,,,,,S,N,,e.hf,ceaa.a,a.a,
Sonny,Ecklund,F,dai.a,,WAUSA,NE,,S,Y,jfaaa.a,g.ie,bad.a,a.a,bad.a
Kazutoshi,Banach,,dig.a,jjd-hdii,,,ddgcj.a,S,Y,eaaaa.a,a.a,a.a,a.a,a.a
Calton,Takagi,M,dab.a,cji-fchd,,,caghh.a,M,N,efaaa.a,e.hf,,eiaa.a,
,Millo,M,cai.a,,MURRAY,ID,,,N,,h.i,ddaa.a,a.a,a.a
Samir,Zueger,F,dcd.a,,LITTLE RIVER,CA,,,N,jaaaa.a,j.d,ih.a,a.a,a.a
,Parson,M,jai.a,,,NJ,,M,Y,jaaaa.a,c.fadjfic,,caaa.a,
Soumen,,M,eaf.a,fae-fbca,,OK,hdefj.a,M,,efaaa.a,g.cf,,caaa.a,baaa.a
Raffi,McKibbon,F,ibg.a,,JEFFERSON CITY,MO,,,Y,,g.a,cbaa.a,a.a,bcaa.a
,Rice,,ibc.a,hba-cdbj,,,egdbb.a,S,Y,haaaa.a,d.e,baaa.a,a.a,baaa.a
Xiaobin,Bean,F,iaf.a,,TEMECULA,CA,jcfjd.a,S,Y,faaa.a,b.a,ih.a,a.a,chc.a
,Dayhoff,F,cei.a,,PENTWATER,MI,,,N,baaaaa.a,d.j,dbaa.a,a.a,a.a
,,M,gaf.a,,,SD,,M,,baaaaa.a,a.a,,a.a,a.a
,,M,jdg.a,,,TX,hjjcd.a,S,,efaaa.a,a.a,a.a,a.a,a.a
Amokrane,Barbuti,F,gad.a,,NORTH SUTTON,NH,,,N,jaaaa.a,a.a,,a.a,
,Sylvan,M,iha.a,ieg-dhaf,TRASKWOOD,AR,hcbgh.a,M,N,bfaaa.a,d.hhdadh,,ea.a,a.a
Sadashiva,Minka,M,hgd.a,,TWIN LAKES,MN,,S,N,,f.ifgeade,ddaa.a,a.a,a.a
Aliasghar,Ezer,M,gga.a,,KANSAS CITY,MO,,,N,ifaaa.a,g.a,,ecaa.a,a.a
Margus,Hillyard,F,dah.a,,,WY,,M,N,,a.a,,a.a,a.a
Guttorm,,F,deh.a,eda-gadg,,,beaga.a,S,,ffaaa.a,e.chccfg,a.a,a.a,
Rosangela,,M,jhb.a,,,OR,jhbah.a,M,,caaaa.a,j.a,,dbi.a,bfj.a
Kagan,,F,had.a,jjd-hgee,,,cchdg.a,S,,haaaa.a,f.hf,jaa.a,a.a,
,,F,feb.a,,,OR,jhefe.a,S,,efaaa.a,j.a,bfj.a,a.a,a.a
,Uemori,,fbf.a,jcg-fdfa,ROCKWELL CITY,IA,fafhj.a,,N,ffaaa.a,i.gfeii,,ia.a,a.a
Asat,Lahire,M,faf.a,,,NM,,M,Y,,f.d,,ggaa.a,ddaa.a
,,M,jdb.a,,,,,M,,,a.a,,a.a,a.a
Kumpati,Chelegatski,M,gac.a,,PHOENIX,AZ,ifahe.a,,Y,faaaa.a,d.ej,cbaa.a,a.a,cdaa.a
,,F,gba.a,ghe-jifi,,,bhdbe.a,S,,caaaa.a,d.ah,a.a,a.a,
,,M,jhb.a,,,OR,jhfci.a,S,,caaaa.a,j.a,bfj.a,a.a,bfj.a
,,,gbe.a,hed-bfgb,,,eeajc.a,S,,efaaa.a,c.adjhjf,bdaa.a,a.a,bdaa.a
Vaagan,,F,hhf.a,,,NV,,S,,,a.a,a.a,a.a,a.a
Alanoly,Antin,F,gcd.a,,MESA,AZ,ifcaf.a,,Y,gfaaa.a,d.hccejji,cbaa.a,a.a,cdaa.a
Krishnan,,F,gbf.a,,,,,S,,,a.a,a.a,a.a,a.a
,Gerla,,hae.a,gja-hifh,,,cibhd.a,M,Y,hfaaa.a,h.dafjee,,ggaa.a,
Tasuya,Zrehen,,gag.a,jed-fdgj,,,ecacj.a,M,Y,daaaa.a,d.f,,ea.a,ca.a
,Hillsberg,F,caf.a,,,,,M,N,,f.a,,daaa.a,a.a
,Bergsten,M,dga.a,,,WA,jjabd.a,M,N,eaaaa.a,a.a,,a.a,a.a
,Ingolfsdottir,F,ifj.a,,,,,M,N,,g.a,,ea.a,a.a
Guoqiang,,M,jbi.a,bej-jaee,,OK,hdbce.a,M,,efaaa.a,g.cf,,caaa.a,baaa.a
Selim,Karcich,M,cbh.a,,IROQUOIS,IL,,S,N,,d.a,caaa.a,a.a,a.a
Brook,,M,fad.a,,,OR,jhcbj.a,M,,ffaaa.a,j.a,,dbi.a,bfj.a
Florina,Good,M,iga.a,dfg-ccgd,ROCKY HILL,CT,gagh.a,,Y,haaaa.a,f.a,bchfa.a,a.a,
Alec,Carrera,M,faf.a,,,NM,ihbie.a,M,Y,gfaaa.a,f.d,,ggaa.a,ddaa.a
,Cedeno,,dai.a,ijh-ehhh,MALCOLM,NE,gieac.a,,Y,dfaaa.a,g.ie,,cag.a,bad.a
Xiangzhen,,M,iac.a,,,VT,,S,,,d.g,ddaa.a,a.a,
Arco,Leeser,F,iai.a,,KANEOHE,HI,,,N,,i.cf,baea.a,a.a,a.a
Wesley,Mutch,M,jci.a,,AJO,AZ,,M,N,,d.cfhf,,ecaa.a,a.a
,Ulich,M,dah.a,,,WY,iceab.a,M,N,hfaaa.a,a.a,,a.a,a.a
,Sheridan,M,eba.a,gjc-jhga,,,cahai.a,M,Y,haaaa.a,e.hf,,eiaa.a,
Seichi,Kirtane,F,dai.a,,GREELEY,NE,,S,Y,,d.acbheci,bad.a,a.a,bad.a
Josette,Mehrmann,M,gad.a,,HAMPSTEAD,NH,,S,Y,,a.a,a.a,a.a,
Chenghui,,F,chg.a,gdg-dcib,,,cchbj.a,S,,cfaaa.a,f.hf,jaa.a,a.a,
,,F,fia.a,ifg-ffai,,OK,hdfhb.a,S,,gfaaa.a,g.cf,baaa.a,a.a,baaa.a
,Priol,,dbj.a,ijf-eigj,JOLLEY,IA,faffb.a,,Y,caaaa.a,d.cfbgfch,ea.a,a.a,ea.a
Thoshiaki,,F,dcf.a,,,TX,hiahe.a,M,,gfaaa.a,a.a,,a.a,a.a
Talel,Lubiw,M,iha.a,,HICKORY RIDGE,AR,,M,N,,b.dicgjdj,,ea.a,a.a
Weikang,Heckmann,M,dae.a,,,,,M,Y,,g.f,,eaaa.a,
Jinwoo,Bloedorn,M,ifi.a,,WILMINGTON,CA,jahei.a,M,N,hfaaa.a,j.d,,bhe.a,a.a
Watts,Begg,,dca.a,bdd-bbih,JENKINS,MN,fgefg.a,,N,ffaaa.a,h.bjaeeid,,ggaa.a,a.a
,,M,fhb.a,,,,,S,,,f.hf,jaa.a,a.a,
Haruhiko,,M,iac.a,eie-bdia,,VT,fhgh.a,S,,caaaa.a,d.g,ddaa.a,a.a,
Anil,Dunne,,dai.a,dfc-dcgh,MC COOL JUNCTION,NE,gieab.a,,Y,hfaaa.a,g.ie,,cag.a,bad.a
Syunsuke,Wurman,,hig.a,eba-jadb,,,decdc.a,S,Y,eaaaa.a,a.a,a.a,a.a,a.a
Oskari,,F,edf.a,,,UT,iebef.a,S,,gaaaa.a,h.a,cehf.a,a.a,cehf.a
,Sadowski,M,hga.a,,CLOVERDALE,CA,jfecf.a,M,N,efaaa.a,j.d,,bhe.a,a.a
Yosihisa,Bittan,F,hbj.a,,HUDSON,CO,,M,Y,baaaaa.a,e.gd,,a.a,a.a
Taisuke,Hiromitsu,M,hig.a,,,,,M,N,,a.a,,a.a,a.a
Vaughn,,M,iab.a,,,UT,iebgf.a,S,,gfaaa.a,h.a,cehf.a,a.a,cehf.a
,Riza,F,dac.a,,,,,M,N,jaaaa.a,f.jf,,cca.a,
Inderpal,Aigrain,F,cac.a,fga-ibfj,,,cafhc.a,M,Y,daaaa.a,j.a,,chea.a,
Jang,,,igf.a,egj-fcef,,,dhcab.a,M,,bfaaa.a,a.a,,a.a,a.a
Bay,,F,chg.a,,,,,M,,,f.hf,,biaa.a,
Peggy,Noack,F,jca.a,,,WI,,S,N,,g.ababgg,haa.a,a.a,a.a
Harriett,Manago,M,hdc.a,,,NJ,,M,N,,c.cghdjg,,caaa.a,
Tarak,,,gaf.a,gbh-gidi,,SD,fhdjj.a,S,,dfaaa.a,a.a,a.a,a.a,a.a
Sungho,Suzaki,,hbc.a,bji-ifeg,FARNHAMVILLE,IA,fafdi.a,S,N,haaaa.a,i.ji,ea.a,a.a,a.a
Sofiene,Yeun,,jeh.a,dgi-ifff,PORTAGE,MI,ejaac.a,,Y,hfaaa.a,d.j,dbaa.a,a.a,dbaa.a
Guohua,Akselsen,F,fae.a,bai-cibe,MONROE,LA,hbcaj.a,,Y,caaaa.a,e.e,efaa.a,a.a,baaa.a
Dewayne,,F,fbd.a,,,,,S,,,a.ihhjhee,bdaa.a,a.a,a.a
,Calabrese,M,eba.a,iib-gjef,,,cbhdd.a,M,N,baaaa.a,e.hf,,eiaa.a,
Hui,Gragg,F,gad.a,dhb-gdgg,LOUDON,NH,ddah.a,,Y,efaaa.a,a.a,a.a,a.a,
Mohammad,,F,hce.a,,,,,M,,,d.ah,,a.a,
Donn,Schahn,,eag.a,chb-hgea,ANTELOPE,MT,fjcbb.a,M,Y,hfaaa.a,g.j,,diaa.a,bjaa.a
Rinat,,F,hea.a,,,,,S,,,b.aedjeii,bdaa.a,a.a,bdaa.a
Younggeun,,F,ida.a,,,TX,,S,,,a.a,a.a,a.a,a.a
Alec,,M,edf.a,,,UT,ieafe.a,S,,faaa.a,h.a,cehf.a,a.a,a.a
Theodoros,Gladman,,caf.a,bjb-ghab,,,dghfj.a,S,Y,bfaaa.a,f.a,bfaa.a,a.a,daa.a
Lihong,,F,hac.a,,,NV,,S,,,a.a,a.a,a.a,a.a
Tatyana,Gracco,F,dah.a,,,WY,,S,N,iaaaa.a,a.a,a.a,a.a,a.a
,Kayser,M,jca.a,,,WI,,S,N,,g.bidjbi,haa.a,a.a,a.a
Wing,,,gaf.a,gbj-hbhb,,SD,fhdeb.a,S,,cfaaa.a,a.a,a.a,a.a,a.a
,Walrath,F,iga.a,iei-gbae,WEATOGUE,CT,gaij.a,S,N,daaaa.a,f.a,bchfa.a,a.a,
Toshimo,,,jab.a,bac-jbbj,,,diaab.a,M,,dfaaa.a,a.a,,a.a,a.a
Doowon,,M,jdb.a,,,,,M,,iaaaa.a,a.a,,a.a,a.a
Falko,Doushou,M,cfc.a,,,,,S,N,iaaaa.a,h.ebaidj,ddaa.a,a.a,
Nava,Tassinari,M,iai.a,,KAPOLEI,HI,jghaj.a,,N,cfaaa.a,f.fegafd,baea.a,a.a,a.a
Tanka,Soleimanipour,,dbg.a,ejd-hdha,OPOLIS,KS,gghga.a,,Y,eaaaa.a,g.ef,,efaa.a,ccfa.a
Jusung,Zimowski,,dae.a,faf-ffgh,,,cgedf.a,S,N,ffaaa.a,g.bejjjjg,caaa.a,a.a,
Marisela,,M,faf.a,,,NM,,M,,,f.d,,ggaa.a,a.a
Miguel,,F,ief.a,,,NY,,S,,,e.fdcjcgg,a.a,a.a,
Limsoon,Dorchak,M,gfb.a,,COMFREY,MN,,M,Y,jaaaa.a,h.if,,ggaa.a,ddaa.a
LuoQuan,Nakhaeizadeh,F,gfb.a,,MINNEAPOLIS,MN,,,Y,,f.df,,ggaa.a,ddaa.a
Jermy,Broomell,,dai.a,eff-jcej,BELLEVUE,NE,gibcd.a,S,Y,dfaaa.a,g.ie,bad.a,a.a,bad.a
Wenguang,Paillier,,eag.a,jfa-jbhi,MELSTONE,MT,fjafe.a,,Y,ffaaa.a,g.j,,diaa.a,bjaa.a
Annya,,F,hhf.a,,,NV,,S,,,a.a,a.a,a.a,a.a
Aurobindo,England,M,cah.a,dig-jbgh,MONTICELLO,ME,ehga.a,,Y,bfaaa.a,g.jfiacjd,cifa.a,a.a,
Yuanyuan,Zumaque,M,iga.a,eed-ccac,WATERBURY,CT,ghai.a,M,N,gfaaa.a,f.a,,cefaa.a,
Shashi,Whitcroft,M,cad.a,,WESTPORT,CT,,M,N,jaaaa.a,f.a,,cefaa.a,
,Ayari,F,cac.a,idd-baib,,,cacgf.a,M,Y,gfaaa.a,j.a,,chea.a,
Zhongxiu,Passino,,hha.a,bgh-gfge,,,dadih.a,S,N,hfaaa.a,g.a,chaa.a,a.a,a.a
Theodoulos,Bugrara,M,dae.a,,,,,M,N,jfaaa.a,g.f,,eaaa.a,
Marcelino,Schupeta,F,iai.a,,KALAHEO,HI,jgheb.a,,Y,baaaa.a,c.iecbafe,,caia.a,baea.a
,Bolsens,,jbd.a,hih-hdja,KINCAID,KS,ggadj.a,,Y,baaaa.a,d.f,ccfa.a,a.a,ccfa.a
,Dinkloh,F,faf.a,,,NM,ihffe.a,M,Y,gaaaa.a,f.d,,ggaa.a,ddaa.a
,,M,jbi.a,haf-dfaj,,OK,hejeg.a,S,,gfaaa.a,g.cf,baaa.a,a.a,a.a
Houssem,Spehner,,hgj.a,gbf-bfic,,,djggj.a,S,N,iaaaa.a,f.a,gaaa.a,a.a,a.a
,,F,fia.a,,,OK,,M,,,g.cf,,caaa.a,baaa.a
True,Pietrzak,F,ifi.a,,LOS ANGELES,CA,jaabj.a,,N,eaaaa.a,i.jfbdbe,ih.a,a.a,a.a
,Giunchiglia,,cei.a,ife-jeaj,UTICA,MI,eidbf.a,M,Y,baaaa.a,d.j,,gcaa.a,dbaa.a
Farshid,Hasteer,F,hca.a,,COLORADO SPRINGS,CO,,M,Y,,e.gd,,a.a,a.a
Janette,Einwohner,F,cah.a,,SOUTH CHINA,ME,,,N,ifaaa.a,i.f,,fhaa.a,
Ridha,,M,faf.a,,,NM,iidbb.a,S,,faaaa.a,f.d,ddaa.a,a.a,a.a
,Hilgefort,M,cah.a,,PORTLAND,ME,,,N,,i.f,,fhaa.a,
,Yahalom,F,dah.a,,,WY,idabc.a,S,N,iaaaa.a,a.a,a.a,a.a,a.a
Gershon,,M,jhb.a,,,OR,jhded.a,M,,iaaaa.a,j.a,,dbi.a,bfj.a
Naoufel,,M,iac.a,,,VT,,S,,jaaaa.a,e.hjfhbhc,ddaa.a,a.a,
,,F,iac.a,,,VT,,S,,,e.djhiai,ddaa.a,a.a,
Simonetta,,M,hfh.a,fig-cdid,,,cabji.a,M,,caaaa.a,f.hf,,biaa.a,
Rangasami,Sedobgo,F,cci.a,,,,,M,N,baaaaa.a,f.a,,bcaaa.a,a.a
Homer,Ziarko,,cgj.a,bdh-bafd,MANCHESTER,MI,eibfi.a,,Y,dfaaa.a,d.j,dbaa.a,a.a,dbaa.a
Yifei,Skwarecki,F,dah.a,,,WY,idebe.a,M,Y,bfaaa.a,a.a,,a.a,a.a
Sushil,Michaelson,M,cah.a,,STRATTON,ME,,,Y,,i.f,,fhaa.a,
Shigeichi,Nadji,F,dai.a,,ALEXANDRIA,NE,,S,Y,,g.ie,bad.a,a.a,bad.a
Roderick,Faulstich,,eag.a,dda-bfde,ASHLAND,MT,fjaae.a,S,N,faaaa.a,g.j,bjaa.a,a.a,a.a
Shuji,Rothstein,M,iai.a,,MAKAWAO,HI,jghgi.a,,N,haaaa.a,i.cf,,caia.a,a.a
Atef,,,gbf.a,cfh-ggdj,,,diehc.a,M,,efaaa.a,a.a,,a.a,a.a
Herkimer,Creusere,F,iai.a,,KAHULUI,HI,jghdc.a,,Y,hfaaa.a,i.cf,,caia.a,baea.a
Andee,,F,eab.a,,,RI,,M,,,a.a,,a.a,
,,F,ige.a,,,,,M,,baaaaa.a,h.a,,ggaa.a,a.a
,Heystek,M,fbf.a,,CHESTER,IA,,M,Y,,e.acdfece,,ia.a,ea.a
,Grunberger,M,hdc.a,ibb-fabd,,NJ,hgjj.a,S,Y,baaaa.a,b.e,baaa.a,a.a,
,,,chg.a,iaj-jjjd,,,cdiab.a,S,,faaaa.a,f.hf,jaa.a,a.a,
,Isakowitz,F,hgd.a,,MINNEAPOLIS,MN,,,Y,,f.df,,ggaa.a,ddaa.a
Zdislav,Strivastav,F,cab.a,cae-jaea,,NJ,iage.a,S,N,haaaa.a,c.biifebh,baaa.a,a.a,
Gultekin,Kluthe,F,iai.a,,WAIPAHU,HI,,S,N,,i.cf,baea.a,a.a,a.a
,,,fbd.a,ihh-bdej,,,efhbe.a,S,,haaaa.a,c.igjgggg,bdaa.a,a.a,a.a
Masatsugu,Reinman,M,hdc.a,bgi-bhjf,,NJ,ijag.a,S,N,efaaa.a,b.hjechai,baaa.a,a.a,
,,,iae.a,jae-edgi,,,cdiec.a,M,,efaaa.a,f.hf,,biaa.a,
Roma,Sandkuhl,,hif.a,fgh-dchd,ELWOOD,KS,ggace.a,S,Y,haaaa.a,g.ef,ccfa.a,a.a,ccfa.a
Dorian,,F,hac.a,,,NV,ijbef.a,M,,faaaa.a,a.a,,a.a,a.a
,Atarashi,,caf.a,igj-bafg,,,dfbdb.a,M,N,faaa.a,f.a,,daaa.a,a.a
Nadia,,F,gaf.a,,,SD,,M,,,a.a,,a.a,a.a
,Kreutz,M,geb.a,,IRWIN,IA,,M,N,,e.hjfedc,,ia.a,a.a
,Dhagat,F,jif.a,jbd-jdih,SHREVEPORT,LA,hbbab.a,,Y,ffaaa.a,g.a,,jaaa.a,baaa.a
,Dunki,M,cai.a,,FILER,ID,iddci.a,M,Y,daaaa.a,h.i,,ggaa.a,ddaa.a
Brigitta,Petterson,M,cag.a,,,WA,jjdeb.a,S,Y,hfaaa.a,a.a,a.a,a.a,a.a
Hirotsugo,Terlouw,M,iai.a,,PEARL CITY,HI,jghic.a,,Y,faaa.a,b.jeahijf,baea.a,a.a,baea.a
,Gaedke,M,cac.a,hjd-eafj,,,cafaj.a,M,N,eaaaa.a,j.a,,chea.a,
Yasufumi,Melzer,F,ifj.a,,,,,S,Y,,d.f,ca.a,a.a,ca.a
Sidd,Alt,M,jah.a,,STEBBINS,AK,,,Y,jfaaa.a,a.a,,a.a,a.a
Xiaokang,Duske,,eag.a,efg-jdfg,COLUMBIA FALLS,MT,fjjbc.a,S,N,ffaaa.a,g.j,bjaa.a,a.a,a.a
Pei,Rios,M,iga.a,dfg-dcge,STAMFORD,CT,gjcc.a,,N,daaaa.a,f.a,bchfa.a,a.a,
,Mihail,M,eba.a,,,,,M,N,,e.hf,,eiaa.a,
,Jockley,F,eag.a,,BILLINGS,MT,,M,N,,g.j,,diaa.a,a.a
Josiah,Berrada,M,iga.a,bie-fbac,HAMDEN,CT,gfbh.a,S,Y,eaaaa.a,f.a,bchfa.a,a.a,
Gesine,Vandenbroeck,F,dai.a,,VERDIGRE,NE,,M,N,ifaaa.a,g.ie,,cag.a,a.a
Belinda,Konakovsky,M,fac.a,,,,,S,N,,g.a,ca.a,a.a,a.a
Baosheng,Schreckenghost,M,hif.a,,PERU,KS,,,N,iaaaa.a,g.ef,,efaa.a,a.a
,,M,gbe.a,,,,,M,,jaaaa.a,d.fddfge,,cgaa.a,a.a
,Rajamony,,hag.a,ifg-edje,,,dbbfa.a,M,Y,hfaaa.a,g.a,,feaa.a,daaa.a
Prabhav,Collart,F,fhe.a,,,,,S,Y,iaaaa.a,d.e,baaa.a,a.a,baaa.a
Reto,Gool,F,dfb.a,egf-jdeg,BOXBOROUGH,MA,bhbj.a,S,N,efaaa.a,f.d,dfhf.a,a.a,
,Turkedjiev,F,dac.a,ghg-bhah,,,bjjhb.a,M,Y,hfaaa.a,f.jf,,cca.a,
,Ruttan,F,gad.a,,GROVETON,NH,,S,Y,jaaaa.a,a.a,a.a,a.a,
,,F,chg.a,,,,,S,,,f.hf,jaa.a,a.a,
,Karavelas,M,cai.a,,HAGERMAN,ID,,S,N,,h.i,ddaa.a,a.a,a.a
,Tautges,F,iai.a,,KAPOLEI,HI,,,N,ifaaa.a,i.cf,,caia.a,a.a
Pasi,Bregier,M,cce.a,,DANFORTH,IL,,S,Y,ifaaa.a,d.a,caaa.a,a.a,caaa.a
,,M,cbe.a,,,TX,,M,,,a.a,,a.a,a.a
Corin,Indiresan,M,dah.a,,,WY,,M,N,,a.a,,a.a,a.a
Tucker,Basagni,M,iai.a,,KAMUELA,HI,jghed.a,,Y,baaaa.a,c.iecbafe,,caia.a,baea.a
,Fudos,,fbf.a,jch-cffd,HARCOURT,IA,fafee.a,M,Y,ffaaa.a,i.gfeii,,ia.a,ea.a
Oldrich,Grems,,gag.a,egb-dcfd,,,ebbib.a,S,N,gfaaa.a,f.eeeeeeh,ca.a,a.a,a.a
,Wong,M,hbj.a,,TWO BUTTES,CO,,M,N,iaaaa.a,e.gd,,a.a,a.a
,Chandha,M,fca.a,,PHOENIX,AZ,ifajh.a,,Y,bfaaa.a,c.jehf,,ecaa.a,cdaa.a
,Humborstad,F,iai.a,,HONOLULU,HI,,S,Y,,i.cf,baea.a,a.a,baea.a
Vitor,Cheriyan,F,jba.a,,,,,S,N,jfaaa.a,h.hcffcee,ddaa.a,a.a,
Bobby,Holldobler,F,gab.a,,,,,M,N,,f.a,,bcaaa.a,a.a
,Beukering,M,jah.a,,ARCTIC VILLAGE,AK,jjhcc.a,S,Y,faaaa.a,a.a,a.a,a.a,a.a
Joonhee,Handke,M,cfb.a,,,,,M,Y,,f.a,,daaa.a,daa.a
Hironori,Bougaut,,dae.a,cca-cdij,,,ceiej.a,M,N,haaaa.a,g.f,,eaaa.a,
Gurudatta,Vanneste,M,dac.a,dfj-djii,,,bjiac.a,M,N,efaaa.a,e.jchchd,,cca.a,
Hyuncheol,Worthington,F,hbc.a,,JOHNSTON,IA,,,N,baaaaa.a,i.ji,,ia.a,a.a
Maryalice,Shermer,F,hib.a,ehh-ecih,MATTAPOISETT,MA,chdj.a,,N,cfaaa.a,f.d,dfhf.a,a.a,
Raymoond,Westby,F,jah.a,,ANCHORAGE,AK,jjfac.a,M,N,ffaaa.a,a.a,,a.a,a.a
Cheryl,,M,iad.a,,,,,S,,iaaaa.a,h.a,ddaa.a,a.a,ddaa.a
Selee,,F,eab.a,,,RI,,S,,,a.a,a.a,a.a,
,Garigliano,,gdg.a,hjh-dbjg,BRECKENRIDGE,MO,gegcf.a,S,N,baaaa.a,g.a,cbaa.a,a.a,a.a
Subhasish,,,ied.a,geb-fhea,,,cjice.a,S,,eaaaa.a,h.a,ddaa.a,a.a,a.a
Tarun,Mohrherr,F,cga.a,,,,,M,Y,,d.e,,caaa.a,baaa.a
,Tuthill,F,faj.a,,,WA,jiffc.a,M,N,faaaa.a,a.a,,a.a,a.a
Paliath,,M,iac.a,eaa-cbbf,,VT,fade.a,S,,faaa.a,d.g,ddaa.a,a.a,
Xiaobin,Takanami,F,cad.a,,GREENWICH,CT,,M,N,ifaaa.a,f.a,,cefaa.a,
,Mancey,M,jia.a,,,,,S,Y,,g.cfgjjd,ddaa.a,a.a,
Trudi,Kwiatkowska,F,cac.a,,,,,M,N,,j.a,,chea.a,
,Murthy,F,cac.a,,,,,S,N,,j.a,bdha.a,a.a,
,Schonegge,,eag.a,iif-ffjb,BILLINGS,MT,fjbaf.a,M,Y,hfaaa.a,g.j,,diaa.a,bjaa.a
Oukseh,Sever,,dai.a,ecd-idii,ATLANTA,NE,gijcd.a,M,Y,faaaa.a,g.ie,,cag.a,bad.a
,Knapik,F,dbj.a,,CORNING,IA,,M,Y,,d.cfbgfch,,ia.a,ea.a
Miche,Bhasker,,fbh.a,fig-bbed,MAPLE CITY,MI,ejgge.a,,N,cfaaa.a,d.j,dbaa.a,a.a,a.a
Yoga,,F,ied.a,,,,,M,,ifaaa.a,h.a,,ggaa.a,ddaa.a
Bhaskaran,Raufmann,M,cai.a,,DIETRICH,ID,,S,N,ifaaa.a,h.i,ddaa.a,a.a,a.a
Zhexue,Matzel,M,ddj.a,,NANTUCKET,MA,,,Y,,f.d,dfhf.a,a.a,
,,M,hih.a,ifj-fegg,,PR,hdc.a,S,,bfaaa.a,a.a,a.a,a.a,
,Dhagat,F,dah.a,,,WY,icjdf.a,S,Y,daaaa.a,a.a,a.a,a.a,a.a
,Gavril,,dae.a,hda-eijc,,,cggab.a,S,Y,iaaaa.a,g.f,caaa.a,a.a,
,Paleologo,,cbh.a,icd-jeaa,SPRINGFIELD,IL,gchad.a,,N,haaaa.a,d.a,caaa.a,a.a,a.a
Abdullah,,,gaf.a,dhh-fefj,,SD,fhcbe.a,M,,hfaaa.a,a.a,,a.a,a.a
Gezinus,Desnoyer,,ibd.a,ead-jfhi,,,dcgeb.a,S,Y,efaaa.a,a.a,a.a,a.a,a.a
Chuchang,,M,hac.a,,,NV,,S,,,a.a,a.a,a.a,a.a
Gaku,,F,gbe.a,,,,,M,,,d.adfgebc,,cgaa.a,bdaa.a
,,F,ihi.a,,,,,M,,,d.ah,,a.a,
Bishop,Michaelski,M,cfg.a,,,,,M,Y,,f.a,,daaa.a,daa.a
Marta,Kosanke,F,gdg.a,,SUMMERSVILLE,MO,,S,N,,g.a,cbaa.a,a.a,a.a
Adam,Maehly,M,fab.a,,MOUNT PLEASANT,AR,,,N,,h.a,,ea.a,a.a
,,F,hih.a,,,PR,,M,,,a.a,,a.a,a.a
Shizuo,Callegarin,,gca.a,daa-bfbe,TOPEKA,KS,gggfd.a,M,Y,hfaaa.a,g.ef,,efaa.a,ccfa.a
Jogg,,F,dbf.a,,,NY,,M,,,e.diibajh,,a.a,
Loys,Businaro,M,dbi.a,fgj-cadg,SALINE,LA,hbaha.a,,Y,dfaaa.a,g.a,efaa.a,a.a,baaa.a
Seyed,Kubiatowicz,M,cai.a,,ISLAND PARK,ID,,M,Y,,h.i,,ggaa.a,ddaa.a
,,,gaf.a,ggh-jhch,,SD,fhhjd.a,M,,ffaaa.a,a.a,,a.a,a.a
Danijela,Aparicio,,dde.a,ech-decg,,,dgehf.a,S,Y,caaaa.a,f.a,bfaa.a,a.a,daa.a
,,M,jdj.a,,,PR,,M,,,a.a,,a.a,a.a
Tryggve,,,ied.a,ffi-ibjc,,,cjdjb.a,M,,haaaa.a,h.a,,ggaa.a,ddaa.a
Jayasree,,M,hih.a,,,PR,,M,,baaaaa.a,a.a,,a.a,
Anil,Suermann,F,iai.a,,OOKALA,HI,jghhe.a,,N,haaaa.a,i.cf,baea.a,a.a,a.a
Arnon,Kunieda,F,hab.a,,ROGERS,ND,,,Y,,c.b,ddaa.a,a.a,ddaa.a
Ferdi,,F,jbi.a,fgi-bcfg,,OK,hdfaf.a,M,,efaaa.a,g.cf,,caaa.a,a.a
Shalom,,F,jhb.a,,,OR,,M,,,j.a,,dbi.a,bfj.a
,,F,jdj.a,ihh-eejg,,PR,ghi.a,S,,dfaaa.a,a.a,a.a,a.a,a.a
Bruch,Gutbrod,M,dah.a,,,WY,iccee.a,S,N,eaaaa.a,a.a,a.a,a.a,a.a
Elvira,Kotulla,M,dac.a,,,,,S,N,,e.figdge,bba.a,a.a,
Regine,Frattolillo,M,cad.a,fea-cdgc,BRIDGEPORT,CT,ggag.a,M,N,gfaaa.a,f.a,,cefaa.a,
,,F,hac.a,,,NV,,M,,jfaaa.a,a.a,,a.a,a.a
Bianka,,M,fia.a,ged-echa,,OK,heaib.a,S,,cfaaa.a,g.cf,baaa.a,a.a,a.a
,,M,eie.a,ibg-bjfi,,,bgbei.a,S,,hfaaa.a,d.ah,a.a,a.a,
,,F,eab.a,jcc-gfed,,RI,ciij.a,S,,hfaaa.a,a.a,a.a,a.a,
Fintan,Okumoto,M,iga.a,,HARTFORD,CT,,M,N,ifaaa.a,f.a,,cefaa.a,
Anontonio,Grana,F,cah.a,,BREWER,ME,,M,N,jaaaa.a,i.f,,fhaa.a,
Christine,Haddley,F,jah.a,,CLAM GULCH,AK,,M,N,,a.a,,a.a,a.a
Akito,Hebisch,F,dai.a,,OMAHA,NE,,,N,,e.hjhghgg,bad.a,a.a,a.a
,Hansdah,F,ifg.a,,,NJ,,M,N,,c.ggbgggj,,caaa.a,
,,M,hac.a,,,NV,,M,,jaaaa.a,a.a,,a.a,a.a
,,F,jbi.a,,,OK,,M,,,g.cf,,caaa.a,baaa.a
Omar,Kang,M,hdc.a,,,NJ,,M,Y,,c.biifebh,,caaa.a,
,Glas,F,ecf.a,,,WA,,S,N,jaaaa.a,a.a,a.a,a.a,a.a
Laurentiu,Noltemeier,F,ebh.a,,HOLT,MO,,M,Y,,g.a,,ecaa.a,bcaa.a
Radharamanan,Magidor,M,fca.a,,WHITERIVER,AZ,,M,Y,,d.hccejji,,ecaa.a,cdaa.a
,Stanfill,M,jif.a,iif-jcej,HAYNESVILLE,LA,hbadi.a,S,Y,hfaaa.a,g.a,efaa.a,a.a,baaa.a
Gianni,Walstra,,hif.a,cej-djac,NORCATUR,KS,ghgfd.a,,Y,daaaa.a,g.ef,ccfa.a,a.a,ccfa.a
Zuliang,Hoogewijs,F,cfd.a,,,WA,,M,N,,a.a,,a.a,a.a
,Nunn,F,jha.a,,BEULAH,CO,,M,Y,,e.gd,,a.a,a.a
Nikfar,Tekampe,F,cea.a,eij-gdcb,,,cahff.a,S,Y,daaaa.a,e.hf,ceaa.a,a.a,
,,,jdh.a,hgg-dich,,,efggc.a,M,,faaa.a,a.hbc,,cgaa.a,bdaa.a
Mrinal,,F,cgh.a,jha-fcjc,,,bgdhb.a,M,,gfaaa.a,d.ah,a.a,a.a,
Gradimir,,F,cba.a,,,TX,,M,,,a.a,a.a,a.a,a.a
Anuj,Sgarro,,gag.a,ddj-idbh,,,ecbcj.a,S,N,faaa.a,c.bbbbbbc,ca.a,a.a,a.a
Basant,,,iad.a,djf-efhj,,,cjaia.a,S,,faaaa.a,h.a,ddaa.a,a.a,a.a
Myunghwan,Getto,,dbg.a,ged-ebei,LATHAM,KS,ghahc.a,,N,cfaaa.a,f.egggggh,a.a,efaa.a,a.a
Wenjie,Mackaness,F,hgj.a,,,,,S,N,,f.a,gaaa.a,a.a,a.a
Mori,Musil,M,iei.a,,,NJ,,S,N,,b.ehiifec,baaa.a,a.a,
Venkatesan,Bernini,,fac.a,fcf-ifgb,,,ecacj.a,M,N,iaaaa.a,g.a,a.a,ea.a,a.a
Birte,Ndiaye,F,cah.a,,BUCKSPORT,ME,,S,N,,i.f,cifa.a,a.a,
Kwan,,F,hbd.a,,,TX,hgigf.a,M,,faaaa.a,a.a,a.a,a.a,a.a
Manoru,,M,hih.a,dfg-jjaa,,PR,hhi.a,S,,cfaaa.a,a.a,a.a,a.a,
Santi,Delannoy,F,gad.a,cae-dfae,NORTH HAVERHILL,NH,dhhe.a,,Y,iaaaa.a,a.a,a.a,a.a,
Yasuharu,Hardavellas,F,caj.a,,VALLEJO,CA,,S,N,,j.d,ih.a,a.a,a.a
,Dunan,,ici.a,had-ieee,,,ciahd.a,S,Y,cfaaa.a,g.cfgjjd,ddaa.a,a.a,
Xuerong,Shedroff,M,ehj.a,fee-beah,GREENBRIER,AR,hcafi.a,M,Y,hfaaa.a,h.a,a.a,ea.a,ca.a
Qun,Cappelli,,eac.a,bej-biac,HEARTWELL,NE,gijef.a,S,Y,daaaa.a,g.ie,bad.a,a.a,bad.a
Darko,Schulman,F,jha.a,,HARTMAN,CO,ibaed.a,M,Y,faaa.a,e.gd,,a.a,a.a
,Swiler,F,ehj.a,idf-ffdi,DEER,AR,hcgci.a,M,N,daaaa.a,h.a,,ea.a,a.a
Aida,Rivett,,dae.a,egf-gjbe,,,cfgde.a,M,Y,eaaaa.a,f.baaaaae,,eaaa.a,
,,F,jhb.a,,,OR,jhgce.a,M,,baaaa.a,j.a,,dbi.a,bfj.a
Kazutomo,,F,hbg.a,eij-eghe,,NY,bdgah.a,S,,faaaa.a,e.cedcjd,a.a,a.a,
Goce,Faron,F,ehj.a,jia-ggfg,CURTIS,AR,hbhci.a,S,N,dfaaa.a,h.a,ca.a,a.a,a.a
Furio,Buchter,F,fca.a,,SCOTTSDALE,AZ,ifcgc.a,,N,haaaa.a,d.i,cbaa.a,a.a,a.a
,Meusel,M,eag.a,,BROWNING,MT,,S,Y,,g.j,bjaa.a,a.a,bjaa.a
,,,ige.a,iaa-fgaj,,,cjieg.a,S,,dfaaa.a,h.a,ddaa.a,a.a,a.a
Karlis,Bacciotti,F,caj.a,,CUPERTINO,CA,jfabe.a,M,N,gfaaa.a,j.d,,bhe.a,a.a
,,,jdb.a,iji-ehaj,,,dibfh.a,S,,caaaa.a,a.a,a.a,a.a,a.a
Cleve,,,gbf.a,eih-ihcc,,,dhjcj.a,S,,bfaaa.a,a.a,a.a,a.a,a.a
Satya,,M,jbi.a,cab-jada,,OK,hdbac.a,M,,eaaaa.a,g.cf,,caaa.a,baaa.a
Takehiko,Noerr,M,dbg.a,,SALINA,KS,,,N,,d.f,ccfa.a,a.a,a.a
,,F,ede.a,iif-jjbe,,,ccfgf.a,S,,faaa.a,c.fdfhbee,jaa.a,a.a,
,Urso,M,hah.a,,SANTA CLARITA,CA,jbdfa.a,,N,efaaa.a,j.d,,bhe.a,a.a
Bert,Rajamony,F,dac.a,edi-ffji,,,bjijh.a,S,Y,dfaaa.a,e.cefeff,bba.a,a.a,
Arnaud,,M,hih.a,,,PR,,M,,,a.a,,a.a,
,Birta,M,iga.a,,BRIDGEPORT,CT,,S,Y,jaaaa.a,f.a,bchfa.a,a.a,
Sauro,Yeom,M,jij.a,,BRIMLEY,MI,,S,N,jfaaa.a,d.j,dbaa.a,a.a,a.a
Wenwey,Sufrin,F,cad.a,fgg-eifg,VERSAILLES,CT,gdid.a,S,N,iaaaa.a,f.a,bchfa.a,a.a,
Fraser,,F,faj.a,,,WA,jiece.a,S,,bfaaa.a,a.a,a.a,a.a,a.a
Malur,Barthelemy,,ibc.a,bga-cdbd,,,egadj.a,S,Y,hfaaa.a,d.e,baaa.a,a.a,baaa.a
Hidetoshi,Abbadi,M,ddh.a,ceb-fgec,BATON ROUGE,LA,haiaf.a,S,N,cfaaa.a,g.a,efaa.a,a.a,a.a
,Vedrine,,cgj.a,hhh-bdgc,SIX LAKES,MI,eiiig.a,,N,cfaaa.a,d.j,,gcaa.a,a.a
Anselm,Buchinger,,ebh.a,ejh-hieg,BUCKNER,MO,geabg.a,M,Y,haaaa.a,g.a,,ecaa.a,bcaa.a
Guy,,M,edf.a,,,UT,iegcb.a,M,,iaaaa.a,h.a,,ejfa.a,a.a
Alfried,Kitayama,M,cac.a,,,,,S,N,,j.a,bdha.a,a.a,
,Drexl,M,eia.a,,HAYDEN,AZ,ifcdf.a,M,Y,ffaaa.a,d.fghejjj,,ecaa.a,cdaa.a
,,M,hac.a,,,NV,ijbjj.a,S,,hfaaa.a,a.a,a.a,a.a,a.a
Darwyn,,M,iac.a,ffb-fifb,,VT,fheg.a,S,,cfaaa.a,d.g,ddaa.a,a.a,
,Glockner,M,ccf.a,,BATON ROUGE,LA,,M,N,jaaaa.a,g.a,,jaaa.a,a.a
Berardo,Leslie,M,eac.a,,CERESCO,NE,,M,Y,,g.ie,,cag.a,bad.a
Pabitra,Bodlaender,,dai.a,egh-fjcf,SAINT EDWARD,NE,gigga.a,,N,bfaaa.a,e.hjhghgg,,cag.a,a.a
,Zlatin,F,jhi.a,hfh-effd,ATTLEBORO FALLS,MA,chgd.a,M,Y,caaaa.a,f.d,,hbfa.a,
,Ponamgi,,eag.a,hca-jbfb,SAINT XAVIER,MT,fjahf.a,,N,eaaaa.a,g.j,bjaa.a,a.a,a.a
Baik,Rine,M,eac.a,,HERSHEY,NE,,M,N,jaaaa.a,g.ie,,cag.a,a.a
,Jupin,F,cag.a,,,WA,,S,N,,a.a,a.a,a.a,a.a
,Chitson,M,gaj.a,hjg-bfgf,,NJ,hdai.a,M,N,cfaaa.a,b.ehiifec,,caaa.a,
Iztok,,F,gaf.a,,,SD,,M,,,a.a,,a.a,a.a
,Bonsangue,M,cah.a,ghb-bebf,LEEDS,ME,ecgd.a,,Y,faaa.a,c.cbdfadg,,fhaa.a,
Bard,Bultitude,F,cai.a,,LEADORE,ID,,,N,ifaaa.a,h.i,,ggaa.a,a.a
Jeongyoujng,Shimura,M,jci.a,,TUCSON,AZ,ifhda.a,M,Y,ffaaa.a,d.fghejjj,,ecaa.a,cdaa.a
,Mukaidono,F,gca.a,,ASSARIA,KS,,M,N,,g.ef,,efaa.a,a.a
Sigurdur,Welker,F,gad.a,dcg-giea,DURHAM,NH,dice.a,S,N,hfaaa.a,a.a,a.a,a.a,
Aviv,Shilling,F,iha.a,,MENIFEE,AR,,,Y,baaaaa.a,h.a,,ea.a,ca.a
,,F,edf.a,,,UT,,M,,,h.a,,ejfa.a,cehf.a
,,F,gaf.a,,,SD,,M,,,a.a,,a.a,a.a
,,,gga.a,jbh-fjbg,PARNELL,MO,geehf.a,,Y,faaa.a,d.hf,,ecaa.a,bcaa.a
Mitsuo,Jarvinen,F,jaj.a,,SAN FRANCISCO,CA,,,N,,j.d,ih.a,a.a,a.a
Seraffin,,M,ggc.a,,,,,S,Y,,f.a,gaaa.a,a.a,bfaa.a
,Aleksandrov,,cfg.a,gib-bfdg,,,dgecb.a,M,N,dfaaa.a,f.a,,daaa.a,a.a
Tadahiro,,F,iai.a,,KEALAKEKUA,HI,jghfa.a,,Y,ffaaa.a,i.cf,,caia.a,baea.a
Soojung,Peir,,gbc.a,fch-efib,FARMINGTON,MN,fface.a,M,N,gaaaa.a,h.efhcfhd,,ggaa.a,a.a
Falko,,M,iab.a,,,UT,iehcb.a,S,,gaaaa.a,h.a,cehf.a,a.a,a.a
,,M,igf.a,,MOSCOW,,,,,,a.a,,a.a,a.a
Brett,Apt,,dai.a,dgh-hdhh,OMAHA,NE,gibfc.a,,N,dfaaa.a,g.ie,bad.a,a.a,a.a
,,F,ecf.a,,,WA,jibei.a,M,,caaaa.a,a.a,,a.a,a.a
,Rauma,F,hca.a,,EMPIRE,CO,iaedi.a,S,N,efaaa.a,e.gd,a.a,a.a,a.a
Ingmar,Pevac,M,eag.a,,HINGHAM,MT,,M,N,baaaaa.a,g.j,,diaa.a,a.a
Arbee,,M,ibg.a,,LUCERNE,MO,,,Y,,g.a,cbaa.a,a.a,bcaa.a
,,,gaf.a,hhb-chgf,,SD,fhgdg.a,S,,gfaaa.a,a.a,a.a,a.a,a.a
Hantak,,F,iai.a,,KAPOLEI,HI,jghah.a,,Y,ffaaa.a,i.cf,,caia.a,baea.a
Anil,,F,faf.a,,,NM,,S,,baaaaa.a,f.d,ddaa.a,a.a,ddaa.a
,,F,gaf.a,,,SD,,S,,,a.a,a.a,a.a,a.a
Ishai,,F,eag.a,,POLEBRIDGE,MT,,,Y,,g.j,bjaa.a,a.a,bjaa.a
Shailey,Moumoutzis,M,fac.a,,CUNNINGHAM,,,S,N,,d.hhhhhhh,ca.a,a.a,a.a
Yasuaki,,F,dfb.a,,HARWICH PORT,MA,,S,Y,,f.d,dfhf.a,a.a,
,,M,ibe.a,,WATERFORD,,,S,,ifaaa.a,d.ah,a.a,a.a,
Vinnakota,Tuomenoksa,M,hbj.a,,ENGLEWOOD,CO,iabff.a,M,N,gaaaa.a,e.gd,,a.a,a.a
Haigeng,Gyimothy,M,ecf.a,,,WA,,M,N,,a.a,,a.a,a.a
Guansong,Dharanipragada,M,fai.a,,WATERTOWN,MA,,M,N,jaaaa.a,f.d,,hbfa.a,
Narayanan,Lucks,F,caf.a,,ALBERTA,,,M,N,,f.a,,daaa.a,a.a
Narayan,,F,jhb.a,,,OR,jheja.a,S,,cfaaa.a,j.a,bfj.a,a.a,a.a
Munehiro,Winn,,dae.a,cac-edbe,MINDEN,,cfihj.a,,N,gaaaa.a,g.f,caaa.a,a.a,
Mechthild,,F,iai.a,,LIHUE,HI,jghgg.a,,Y,gfaaa.a,i.cf,baea.a,a.a,baea.a
,,M,eab.a,,,RI,,M,,baaaaa.a,a.a,,a.a,
Arivind,,M,eab.a,,,RI,,S,,,a.a,a.a,a.a,
Amitabh,,F,iai.a,,HONOLULU,HI,,M,Y,,i.cf,,caia.a,baea.a
Thong,Hatonen,M,cci.a,,CARROLLTON,,,M,N,,f.a,,bcaaa.a,a.a
,,M,eab.a,,,RI,,S,,jfaaa.a,a.a,a.a,a.a,
,Bonacina,F,fah.a,,LUVERNE,MN,,,N,jaaaa.a,h.if,ddaa.a,a.a,a.a
,,M,iac.a,jdf-hahb,,VT,fehg.a,S,,eaaaa.a,d.iaajee,ddaa.a,a.a,
Ignace,,F,cai.a,,MERIDIAN,ID,idgia.a,,Y,ffaaa.a,h.i,ddaa.a,a.a,ddaa.a
,,M,cea.a,jaf-gjgi,OLNEY,,caidc.a,,Y,cfaaa.a,e.hf,ceaa.a,a.a,
,,,cfc.a,jcg-gjee,HAYESVILLE,,cijae.a,S,Y,efaaa.a,g.ghgfhdd,ddaa.a,a.a,ddaa.a
Haoxun,Rege,M,gbh.a,fbe-icca,READVILLE,MA,cbdh.a,,N,hfaaa.a,f.d,dfhf.a,a.a,
Gwynneth,,F,hab.a,,KINTYRE,ND,,,Y,jaaaa.a,c.hjjabch,,ggaa.a,ddaa.a
,Olivero,M,ddh.a,,BOSSIER CITY,LA,,M,N,baaaaa.a,g.a,,jaaa.a,a.a
Lory,,M,iac.a,gab-jfdb,,VT,fagf.a,S,,faaaa.a,d.jjjijih,ddaa.a,a.a,
Dekang,,F,hde.a,,WARREN,MI,,M,Y,,d.j,,gcaa.a,dbaa.a
Benedita,,M,gaf.a,,,SD,,S,,,a.a,a.a,a.a,a.a
Deryle,,F,hac.a,,,NV,ijedd.a,M,,gaaaa.a,a.a,,a.a,a.a
,Kempkens,F,cfb.a,,PHENIX CITY,,,,N,,f.a,bfaa.a,a.a,a.a
,Gill,,eag.a,hcb-ecbb,ZORTMAN,MT,fjfeg.a,S,N,efaaa.a,g.j,bjaa.a,a.a,a.a
Yibing,Assche,F,iai.a,,KULA,HI,jghja.a,,N,hfaaa.a,i.cf,,caia.a,a.a
Paul,,M,faj.a,,,WA,,M,Y,,a.a,,a.a,a.a
,,M,ibh.a,,,TX,hidee.a,S,,bfaaa.a,a.a,a.a,a.a,a.a
Yoshitomo,,,hbc.a,dhi-ghce,ELDORA,IA,fagch.a,S,Y,caaaa.a,d.cfbgfch,ea.a,a.a,ea.a
Antione,,F,jha.a,,AURORA,CO,,S,Y,jfaaa.a,e.gd,a.a,a.a,a.a
Dani,Kliger,F,eae.a,,AUGUSTA,,,M,N,,g.a,,feaa.a,a.a
,,M,hdb.a,,ORLINDA,,,,,ifaaa.a,a.a,a.a,a.a,a.a
Ronny,Villanueva,M,dac.a,,WILMINGTON,,,M,N,ifaaa.a,f.jf,,cca.a,
Angel,,M,iac.a,,,VT,,M,,baaaaa.a,e.jjeghc,,ggaa.a,
Klara,,M,eaj.a,,,TX,,S,,,a.a,a.a,a.a,a.a
Kerhong,,,dae.a,jhg-idea,GREENVILLE,,cejef.a,M,Y,gaaaa.a,g.f,,eaaa.a,
,,,eea.a,icf-cjbh,DELTA,,edfbf.a,S,,haaaa.a,c.igjgggg,bdaa.a,a.a,bdaa.a
Farida,Carapuca,,jae.a,fcb-bhie,MIAMI BEACH,,ddbea.a,,N,daaaa.a,a.a,a.a,a.a,a.a
Vanu,Eugenio,,hgf.a,jgb-hfbc,INDIANAPOLIS,,egcgi.a,S,N,faaaa.a,d.e,baaa.a,a.a,a.a
,,M,cea.a,hgh-gceb,GLEN BURNIE,,cbagc.a,S,Y,daaaa.a,e.hf,ceaa.a,a.a,
,,,eac.a,hhb-geci,FAIRFIELD,NE,gijdi.a,M,Y,dfaaa.a,g.ie,,cag.a,bad.a
Ulrich,Kumaran,F,jah.a,,HOPE,AK,,M,N,,a.a,,a.a,a.a
Xianfeng,,F,hhd.a,,SCIOTA,IL,,,Y,,d.a,,eaaa.a,caaa.a
,Struckmann,F,gbc.a,,MONTGOMERY,MN,,,N,jaaaa.a,h.if,ddaa.a,a.a,a.a
,,F,jab.a,,MANSFIELD,,,,,,a.a,a.a,a.a,a.a
,,M,gbh.a,iei-jfbf,NEW TOWN,MA,cefg.a,,Y,dfaaa.a,f.d,,hbfa.a,
Giora,,F,iga.a,ffh-ehac,STAMFORD,CT,gjad.a,,Y,haaaa.a,f.a,bchfa.a,a.a,
Manica,,,iad.a,gee-cghe,CHERAW,,cjfca.a,S,,cfaaa.a,h.a,ddaa.a,a.a,a.a
Haomin,,F,fad.a,,,OR,jhhba.a,S,,caaaa.a,j.a,bfj.a,a.a,a.a
Joceli,,M,hih.a,jhb-fefb,,PR,jcd.a,M,,faaa.a,a.a,,a.a,
,,F,iab.a,,,UT,,M,,,h.a,,ejfa.a,cehf.a
Hongsing,,F,fae.a,,LEESVILLE,LA,,,Y,,g.a,,jaaa.a,baaa.a
Nissim,,M,fad.a,,,OR,jhigh.a,M,,faaa.a,h.ebacfge,,dbi.a,bfj.a
Takamoto,,M,jdb.a,,SAMBURG,,,,,,a.a,,a.a,a.a
,,F,fbh.a,,EAST JORDAN,MI,,M,Y,,d.j,,gcaa.a,dbaa.a
Allessandro,Maassen,M,iai.a,,HONOLULU,HI,,S,N,,h.deigied,baea.a,a.a,a.a
Miquel,,M,hac.a,,,NV,ijbac.a,M,,efaaa.a,a.a,,a.a,a.a
Xianlong,,,cga.a,dii-hefc,BRINGHURST,,egjbd.a,M,Y,dfaaa.a,d.e,,caaa.a,baaa.a
Dagmar,,F,edf.a,,,UT,iedba.a,M,,efaaa.a,h.a,,ejfa.a,a.a
Hagbal,,F,dba.a,,ROUND MOUNTAIN,CA,,,Y,,b.a,,bhe.a,chc.a
,,,chg.a,hgj-fijj,GLADSTONE,,ceffd.a,S,,gfaaa.a,f.hf,jaa.a,a.a,
Nicolae,,F,iga.a,cad-cihj,WINDSOR,CT,gaag.a,S,Y,cfaaa.a,f.a,bchfa.a,a.a,
,Choon,F,jah.a,,AUKE BAY,AK,jjicb.a,M,N,cfaaa.a,a.a,,a.a,a.a
,Bel,F,hah.a,,FRESNO,CA,jdhcj.a,S,N,eaaaa.a,i.jfbdbe,ih.a,a.a,a.a
,Khouja,M,iga.a,,GAYLORDSVILLE,CT,,S,N,,f.a,bchfa.a,a.a,
,,F,jfc.a,,PINE CITY,MN,,,Y,iaaaa.a,h.if,,ggaa.a,ddaa.a
,Yamashita,M,gad.a,,RYE,NH,,,N,ifaaa.a,a.a,a.a,a.a,
,,M,hih.a,hgh-ccgj,,PR,gbb.a,S,,hfaaa.a,a.a,a.a,a.a,a.a
Chengwen,,,jdb.a,fag-gdhh,FINGER,,didde.a,S,,dfaaa.a,a.a,a.a,a.a,a.a
Filiberto,,M,gad.a,bdg-eggh,INTERVALE,NH,dief.a,M,Y,dfaaa.a,a.a,,a.a,
Lionel,Whitcomb,F,iga.a,fgf-baji,RIVERSIDE,CT,gihi.a,,N,haaaa.a,f.a,bchfa.a,a.a,
,,F,cai.a,,EDEN,ID,,S,Y,jaaaa.a,h.i,ddaa.a,a.a,ddaa.a
,,F,fbi.a,,,NY,,S,,,e.agjfbce,a.a,a.a,
Vuk,,F,hbj.a,,BLACK HAWK,CO,iaecc.a,M,Y,caaaa.a,e.gd,,a.a,a.a
Thea,,,ecd.a,gfi-ebbh,SPARTA,,difid.a,,,gaaaa.a,a.a,a.a,a.a,a.a
Rafal,Olshen,,ibf.a,dgd-jced,HILLSBORO,IL,gcaej.a,M,N,gaaaa.a,d.a,a.a,eaaa.a,a.a
Zanoni,,,hhd.a,gab-eefc,ROCHESTER,IL,gcfgd.a,,Y,gfaaa.a,d.a,caaa.a,a.a,caaa.a
Raimundo,,F,jif.a,fhe-bcae,LOCKPORT,LA,hadhe.a,,Y,eaaaa.a,g.a,efaa.a,a.a,baaa.a
Meliu,,F,ebd.a,gae-fadf,CHICOPEE,MA,babd.a,M,Y,gaaaa.a,f.d,a.a,hbfa.a,
Padmanabhan,,F,eba.a,bdb-iagj,GERMANTOWN,,caihg.a,M,Y,eaaaa.a,e.hf,a.a,eiaa.a,
Gerth,Anton,F,faj.a,,,WA,,M,N,ifaaa.a,a.a,a.a,a.a,a.a
Santonu,,,gaf.a,ffh-biac,,SD,fhahd.a,S,,cfaaa.a,a.a,a.a,a.a,a.a
Kimon,Besl,F,iai.a,,KURTISTOWN,HI,jghga.a,,N,cfaaa.a,f.fegafd,a.a,caia.a,a.a
,,M,iac.a,ggi-cief,,VT,figc.a,M,,caaaa.a,d.g,a.a,ggaa.a,
Chrysantos,,M,cah.a,bcj-deeb,PORTAGE,ME,ehgi.a,,Y,bfaaa.a,g.jfiacjd,a.a,fhaa.a,
Jolanta,,,cha.a,dfi-hcbg,RHODELIA,,eabgb.a,,Y,faaaa.a,e.gbbbbb,ca.a,a.a,ca.a
Liang,,M,dai.a,,LA VISTA,NE,,,Y,,,a.a,cag.a,bad.a
,,F,hfh.a,,ROANOKE,,,,,,,a.a,biaa.a,
Andras,,,gbf.a,ega-gffd,SLAYDEN,,dhbgf.a,,,daaaa.a,,a.a,a.a,a.a
,,M,hca.a,,DENVER,CO,,M,Y,baaaaa.a,,a.a,a.a,a.a
Kwangjo,,F,fha.a,,WEST PITTSBURG,,,S,,ifaaa.a,,a.a,a.a,
,Milicic,M,cbj.a,,SOUTH BEND,,,,N,,d.e,baaa.a,a.a,a.a
Kui,Lamparter,M,ifj.a,,NEW CASTLE,,,,N,,,a.a,ea.a,a.a
Przemyslaw,Kamsties,F,cad.a,,MARION,CT,,,N,,f.a,bchfa.a,a.a,
Abdel,Raza,F,iei.a,,ROCKAWAY,NJ,,,N,baaaaa.a,,a.a,caaa.a,
,Arthur,M,dac.a,hbf-dbfj,WILMINGTON,,bjija.a,S,N,cfaaa.a,d.fgdgdgd,bba.a,a.a,
Knut,,,hdb.a,faj-cfic,HICKMAN,,difgh.a,M,,efaaa.a,,a.a,a.a,a.a
,,F,iac.a,igc-ehea,,VT,fhhg.a,S,,faaa.a,d.g,ddaa.a,a.a,
Ware,Forier,,eae.a,jjb-hajg,FORT BENNING,,dbjaf.a,S,N,faaa.a,e.e,chaa.a,a.a,a.a
Zhiliang,Pusterhofer,M,jhi.a,,PINEHURST,MA,,,N,baaaaa.a,f.d,dfhf.a,a.a,
,,F,iab.a,,,UT,ieabh.a,S,,daaaa.a,h.a,cehf.a,a.a,cehf.a
Morteza,,M,ige.a,,PLUM BRANCH,,,,,,h.a,ddaa.a,a.a,ddaa.a
Junguk,Neiman,F,fac.a,,BLUE RIVER,,,M,N,,,a.a,ea.a,a.a
Tsun,,,gaf.a,gba-djed,,SD,fhbag.a,M,,eaaaa.a,,a.a,a.a,a.a
Hyunok,,F,eab.a,,,RI,,S,,,,a.a,a.a,
,Scholtes,F,cah.a,ihd-eghb,ROCKWOOD,ME,eehi.a,,N,iaaaa.a,i.f,cifa.a,a.a,
Harriett,,M,ibe.a,,LANSFORD,,,,,,,a.a,a.a,
Weining,,F,fhb.a,dbd-eaad,HUME,,ccgdj.a,M,,gfaaa.a,,a.a,biaa.a,
M'hamed,Crabtree,M,iai.a,,KAUMAKANI,HI,jgheh.a,,N,gfaaa.a,,a.a,caia.a,a.a
Wiiliam,Yaoi,F,cag.a,,,WA,jiddj.a,M,N,faaaa.a,,a.a,a.a,a.a
,,M,dah.a,,,WY,idabd.a,M,Y,haaaa.a,,a.a,a.a,a.a
Heesung,Kameny,M,dbg.a,,CHEROKEE,KS,,S,N,,g.ef,ccfa.a,a.a,a.a
Poorav,,M,gad.a,,FREEDOM,NH,,M,Y,,,a.a,a.a,
,,,dai.a,iga-dgbg,ASHLAND,NE,giaad.a,S,Y,dfaaa.a,g.ie,bad.a,a.a,bad.a
Jianan,Verykios,F,fae.a,cag-icgd,GRANT,LA,hagee.a,S,N,iaaaa.a,g.a,efaa.a,a.a,a.a
Tien,,,hha.a,gbf-bhbc,MCDONOUGH,,dacfc.a,,Y,iaaaa.a,g.a,chaa.a,a.a,daaa.a
Newton,Episkopou,F,dac.a,cce-ihac,REHOBOTH BEACH,,bjjhb.a,,N,gfaaa.a,f.jf,bba.a,a.a,
Toshimo,,,fbf.a,jgg-bafe,LIBERTYVILLE,IA,fcfgh.a,,Y,faaa.a,a.jdfjie,ea.a,a.a,ea.a
Sterling,Scholtes,M,dai.a,ecj-dghb,SPARKS,NE,gjcca.a,,N,caaaa.a,f.gifged,bad.a,a.a,a.a
,Deak,M,ecf.a,,,WA,jjbhe.a,S,N,ffaaa.a,,a.a,a.a,a.a
Surendra,,F,eba.a,jga-ccfc,PATUXENT RIVER,,cagha.a,,Y,hfaaa.a,,a.a,eiaa.a,
Kojiro,Dunlop,F,hif.a,,GLADE,KS,,M,N,jfaaa.a,,a.a,efaa.a,a.a
Zavid,Kameny,M,gcd.a,,GLENDALE,AZ,,M,N,,,a.a,ecaa.a,a.a
,Boigelot,M,cbd.a,,WHEATLAND,CA,,M,N,baaaaa.a,,a.a,bhe.a,a.a
Wanghong,,F,jbi.a,,,OK,,S,,jfaaa.a,g.cf,baaa.a,a.a,baaa.a
,,M,dbi.a,,BATON ROUGE,LA,,S,Y,,c.a,efaa.a,a.a,baaa.a
,,F,cbj.a,,EVANSVILLE,IN,,M,Y,jaaaa.a,,a.a,caaa.a,baaa.a
Tarang,Getfert,,eag.a,dcj-bhaf,BOZEMAN,MT,fjhhc.a,M,N,baaaa.a,,a.a,diaa.a,a.a
,,F,iac.a,,,VT,,M,,,,a.a,ggaa.a,
Micah,Rollins,F,jah.a,,ANCHORAGE,AK,jjfbg.a,S,N,faaa.a,,a.a,a.a,a.a
Qinsi,Boersen,,jbd.a,cbe-hdij,MUNDEN,KS,ggjfj.a,,N,daaaa.a,g.ef,ccfa.a,a.a,a.a
,,M,cbj.a,,GREENWOOD,,,S,Y,,d.e,baaa.a,a.a,baaa.a
,,M,ehj.a,gjj-bgeh,FOX,AR,hcafb.a,S,Y,caaaa.a,e.jgicaid,ca.a,a.a,ca.a
Gong,,M,iga.a,,MANCHESTER,CT,,,Y,,f.a,bchfa.a,a.a,
,Federico,,caf.a,hbh-ggfj,TUSKEGEE INSTITUTE,,dgaii.a,S,N,ffaaa.a,f.a,bfaa.a,a.a,a.a
Giorgio,,,iad.a,djh-ghig,GRAY COURT,,cjgef.a,M,,gaaaa.a,,a.a,ggaa.a,ddaa.a
Hakjong,,F,hbg.a,cda-ifdd,,NY,bceig.a,M,,dfaaa.a,,a.a,a.a,
Vasudev,,M,faf.a,,,NM,,S,Y,,f.d,ddaa.a,a.a,ddaa.a
Hanspeter,,M,hih.a,fji-chig,,PR,jdd.a,S,,eaaaa.a,,a.a,a.a,
Mitsuru,,F,eab.a,dbh-gjhc,,RI,ciia.a,M,,gfaaa.a,,a.a,a.a,
,Weismantel,F,cac.a,gii-iagh,WASHINGTON,,caedd.a,S,N,eaaaa.a,j.a,bdha.a,a.a,
,,M,fca.a,,MESA,AZ,,,Y,,,a.a,ecaa.a,cdaa.a
Yasser,Skaar,F,dah.a,,,WY,icidb.a,S,N,caaaa.a,,a.a,a.a,a.a
Jordan,,F,hhf.a,,,NV,,S,,baaaaa.a,,a.a,a.a,a.a
Amnon,,M,cag.a,,,WA,jifgc.a,M,Y,gfaaa.a,,a.a,a.a,a.a
,Lester,F,dba.a,,ROSEMEAD,CA,,,N,,j.d,ih.a,a.a,a.a
Pavol,,,geb.a,jhc-ddbg,ROLFE,IA,fafib.a,,Y,iaaaa.a,,a.a,ia.a,ea.a
Hartmann,,F,jab.a,,CHARLESTON,,,M,,,,a.a,a.a,a.a
Krishnamurthi,,,cga.a,fii-hheg,LUCERNE,,egjfa.a,,Y,caaaa.a,,a.a,caaa.a,baaa.a
Atsuo,Peitgen,,eac.a,cde-daif,HARVARD,NE,gijee.a,M,N,cfaaa.a,,a.a,cag.a,a.a
,Taimanov,,cce.a,hid-cgfa,MEREDOSIA,IL,gcggf.a,,N,haaaa.a,,a.a,eaaa.a,a.a
,,,dae.a,iac-eeib,ADVENT,,cfcdb.a,M,Y,eaaaa.a,,a.a,eaaa.a,
Mitesh,,,cfb.a,egc-dada,ORANGE BEACH,,dgfgb.a,,Y,efaaa.a,,a.a,daaa.a,daa.a
Ewgeni,,M,eda.a,,,TX,,M,,baaaaa.a,,a.a,a.a,a.a
,,M,cai.a,,SALMON,ID,idegh.a,,Y,gfaaa.a,,a.a,ggaa.a,ddaa.a
Ajai,,M,fbi.a,fdd-dedg,,NY,bcjig.a,S,,daaaa.a,,a.a,a.a,
,,F,hih.a,,,PR,,M,,baaaaa.a,,a.a,a.a,
Anand,Giovini,M,faf.a,,,NM,ihfdj.a,M,N,caaaa.a,,a.a,ggaa.a,a.a
,,F,hab.a,,WEST FARGO,ND,,M,Y,,,a.a,ggaa.a,ddaa.a
Weihai,,F,faf.a,,,NM,ihbje.a,S,,gfaaa.a,f.d,ddaa.a,a.a,a.a
Nilanjan,Pittarelli,,geb.a,fce-dgbh,WATERVILLE,IA,fcbha.a,S,N,eaaaa.a,g.ddjcbb,ea.a,a.a,a.a
,,F,dac.a,gic-hiib,WILMINGTON,,bjiai.a,S,Y,dfaaa.a,e.cefeff,bba.a,a.a,
Nidapan,,F,hca.a,,KIRK,CO,iaice.a,,Y,dfaaa.a,,a.a,a.a,a.a
Torgrim,Takizawa,M,hha.a,,HOSCHTON,,,S,N,ifaaa.a,g.a,chaa.a,a.a,a.a
Alun,,M,jhb.a,,,OR,jhbcf.a,S,,faaa.a,h.ebacfge,bfj.a,a.a,a.a
Brig,,M,iac.a,,,VT,,S,,,e.cjiddb,ddaa.a,a.a,
Mar,,F,dda.a,,LIBERTY CENTER,,,,,baaaaa.a,,a.a,cgaa.a,bdaa.a
,,F,cag.a,,,WA,jieag.a,M,Y,gaaaa.a,,a.a,a.a,a.a
Tzu,,M,jdb.a,,MAURY CITY,,,,,,,a.a,a.a,a.a
Ashid,,M,jdj.a,,,PR,,S,,,,a.a,a.a,
,Lenkov,M,ehj.a,,CLINTON,AR,,M,N,,,a.a,ea.a,a.a
Klemens,,M,cah.a,gfd-jbgj,MATTAWAMKEAG,ME,eefj.a,,Y,gfaaa.a,,a.a,fhaa.a,
,Kurinckx,F,gad.a,,ORFORD,NH,,,N,,,a.a,a.a,
Zerksis,,M,ddh.a,cag-ifdj,SAINT FRANCISVILLE,LA,hahhf.a,,Y,faaa.a,c.a,efaa.a,a.a,baaa.a
,Deerwester,,igd.a,ifd-hacb,BROOKSVILLE,,degbd.a,M,N,gaaaa.a,,a.a,a.a,a.a
Egon,,M,hfe.a,,PUNTA GORDA,,,,Y,,,a.a,a.a,a.a
Holger,,F,cad.a,bca-iajd,NORWALK,CT,giga.a,,Y,haaaa.a,f.a,bchfa.a,a.a,
Ronit,Oppenheim,F,cad.a,deb-fhge,WESTPORT,CT,giij.a,M,N,eaaaa.a,,a.a,cefaa.a,
,,M,jdj.a,hde-hdea,,PR,hjb.a,S,,haaaa.a,,a.a,a.a,
,,F,cad.a,,BROAD BROOK,CT,,S,Y,ifaaa.a,f.a,bchfa.a,a.a,
Iko,Gerberich,M,cah.a,fbg-hijh,SWANS ISLAND,ME,egif.a,M,N,gaaaa.a,,a.a,fhaa.a,
,,M,cac.a,ijc-bjid,WASHINGTON,,caaag.a,S,Y,haaaa.a,j.a,bdha.a,a.a,
Tatsuro,Loupy,F,dah.a,,,WY,,S,N,,,a.a,a.a,a.a
Feng,Simhi,F,jif.a,ddf-cbhd,SHREVEPORT,LA,hbbda.a,,N,efaaa.a,,a.a,jaaa.a,a.a
Mateo,,M,faf.a,,,NM,iidbb.a,S,Y,bfaaa.a,e.jfhbed,ddaa.a,a.a,ddaa.a
Victoria,Dalton,,ieh.a,gac-eijj,MINIER,IL,gbhfj.a,,N,haaaa.a,d.a,caaa.a,a.a,a.a
Clenn,,,dde.a,fdb-gbdd,BIRMINGHAM,,dfcbj.a,S,Y,eaaaa.a,f.a,bfaa.a,a.a,daa.a
,,M,ebc.a,igi-bcjg,KANTNER,,bffei.a,,,faaa.a,,a.a,a.a,
Maryann,,,jbd.a,ffe-hfbg,PARSONS,KS,ghdfh.a,,Y,faaa.a,d.f,ccfa.a,a.a,ccfa.a
Meinolf,,M,fae.a,bbg-ihhh,KROTZ SPRINGS,LA,hahfa.a,,Y,hfaaa.a,g.a,efaa.a,a.a,baaa.a
,Moustafa,M,dah.a,,,WY,,M,N,,,a.a,a.a,a.a
,Dziadosz,F,dac.a,hih-fihd,HARBESON,,bjjfb.a,S,N,eaaaa.a,e.figdge,bba.a,a.a,
Tich,,M,jad.a,,,TX,hjacb.a,S,,faaa.a,,a.a,a.a,a.a
Bitan,,,gag.a,dgc-ehfc,HUDDY,,ebfdf.a,M,Y,bfaaa.a,,a.a,ea.a,ca.a
ChengFu,,M,eah.a,,OCHOPEE,,,,Y,ifaaa.a,,a.a,a.a,a.a
,,F,fbi.a,hid-eefg,,NY,bdccf.a,M,,baaaa.a,,a.a,a.a,
,Gurzi,,eac.a,ibe-dfag,HILDRETH,NE,gijeh.a,M,N,daaaa.a,,a.a,cag.a,a.a
Sasa,Autexier,F,cfc.a,,ALEXIS,,,M,N,jaaaa.a,,a.a,ggaa.a,
Sergi,,F,iac.a,bci-cfjf,,VT,feed.a,M,,faaa.a,,a.a,ggaa.a,
Bay,Philippatos,F,eag.a,,BRADY,MT,,S,N,jfaaa.a,g.j,bjaa.a,a.a,a.a
,,F,cac.a,hhd-gaec,WASHINGTON,,cadja.a,M,Y,eaaaa.a,,a.a,chea.a,
Zhixue,Luesebrink,F,dac.a,,WILMINGTON,,,M,N,,,a.a,cca.a,
,,M,cha.a,,KUTTAWA,,,,Y,,g.a,ca.a,a.a,ca.a
Santos,,M,hbh.a,,LEBANON,,,,,,,a.a,a.a,
Yosuke,,,dae.a,bga-bbhg,LYNCO,,ceifh.a,,Y,dfaaa.a,e.hf,caaa.a,a.a,
,Liebowitz,M,dai.a,,COLUMBUS,NE,,S,N,,g.ie,bad.a,a.a,a.a
Sugwoo,Undy,F,hab.a,,AMIDON,ND,,S,N,baaaaa.a,c.jbejdf,ddaa.a,a.a,a.a
,Wodd,M,gag.a,,GULSTON,,,S,N,ifaaa.a,g.a,ca.a,a.a,a.a
Ilana,,F,eab.a,cfe-deig,,RI,cjai.a,M,,faaaa.a,,a.a,a.a,
Alfried,Shinozawa,M,dac.a,bjb-eeij,NEWARK,,bjhbc.a,,N,gaaaa.a,,a.a,cca.a,
Patrenahalli,,F,fia.a,,,OK,,M,,,,a.a,caaa.a,a.a
,Rennels,,cfg.a,hhj-hhhg,JASPER,,dffae.a,,N,cfaaa.a,f.a,bfaa.a,a.a,a.a
Seongtaek,Halpenny,M,hbj.a,,BRIGHTON,CO,,S,N,,,a.a,a.a,a.a
Deepak,,F,cbi.a,,ARCO,MN,,M,Y,,,a.a,ggaa.a,ddaa.a
,Smailagic,,jij.a,hcj-hagh,RAY,MI,eiajg.a,,N,bfaaa.a,,a.a,gcaa.a,a.a
Ming,Lando,M,geb.a,,HAMILTON,IA,,S,N,,i.ji,ea.a,a.a,a.a
,,F,dah.a,,,WY,,S,Y,baaaaa.a,,a.a,a.a,a.a
,,,gaf.a,ija-ddad,,SD,fhhia.a,M,,eaaaa.a,,a.a,a.a,a.a
Yoshifumi,Piens,,jia.a,fhj-ibhi,CERRO GORDO,,cieda.a,S,N,ffaaa.a,g.iigdgdf,ddaa.a,a.a,
,Aidoud,,cfg.a,hba-ghad,BRENT,,dfade.a,S,N,ffaaa.a,f.a,bfaa.a,a.a,a.a
,,M,edc.a,,,TX,hhaid.a,M,,dfaaa.a,,a.a,a.a,a.a
Pantelis,Bruha,M,dab.a,fga-gage,CHASE,,cbach.a,M,N,haaaa.a,,a.a,eiaa.a,
,,M,hbg.a,ghj-dgjj,,NY,bcbbf.a,M,,gfaaa.a,,a.a,a.a,
Mohan,Kamp,M,dac.a,,NEWARK,,,,N,,,a.a,cca.a,
Yvon,Castello,,hbc.a,jef-fhdi,HARTLEY,IA,fbdeg.a,S,N,ffaaa.a,i.gfeii,ea.a,a.a,a.a
Vitor,Olkin,F,eed.a,,OCEAN CITY,,,,N,ifaaa.a,e.hf,ceaa.a,a.a,
Norris,,F,iac.a,,,VT,,M,,,,a.a,ggaa.a,
Roy,Kamo,M,hca.a,,SNOWMASS VILLAGE,CO,,,N,,,a.a,a.a,a.a
Bhaskar,,F,gba.a,jfb-ghie,FREDERICK,,bjedf.a,S,,gaaaa.a,,a.a,a.a,
Veronik,Phan,M,cbd.a,,MOSS BEACH,CA,jeadi.a,,N,gaaaa.a,j.d,ih.a,a.a,a.a
Gottfried,,M,fbf.a,,WATERLOO,IA,,M,Y,,,a.a,ia.a,ea.a
Yurii,Holvoet,F,gad.a,,BRETTON WOODS,NH,,S,N,,,a.a,a.a,
,,M,hhf.a,,,NV,,M,,,,a.a,a.a,a.a
Fytton,,F,iac.a,bid-eebc,,VT,fifb.a,M,,gaaaa.a,,a.a,ggaa.a,
,,M,cah.a,,FRENCHBORO,ME,,S,Y,,i.f,cifa.a,a.a,
Hueymin,,M,iad.a,,WALTERBORO,,,M,,jfaaa.a,,a.a,ggaa.a,ddaa.a
Feniosky,,M,caj.a,,CORONADO,CA,jcbbi.a,M,Y,ffaaa.a,,a.a,bhe.a,chc.a
Irfan,Demphlous,,cfc.a,fce-bcbe,WADE,,cidjf.a,M,N,gaaaa.a,,a.a,ggaa.a,
,,M,fac.a,,HAWESVILLE,,,M,Y,jaaaa.a,,a.a,ea.a,ca.a
,,M,fbd.a,,PINEY FORK,,,,,,,a.a,cgaa.a,a.a
Adwait,,F,eia.a,,INDIAN WELLS,AZ,igadb.a,M,Y,gaaaa.a,,a.a,ecaa.a,cdaa.a
Jacques,,M,fhb.a,,MEADOWS OF DAN,,,,,ifaaa.a,,a.a,biaa.a,
Naoto,,,jfc.a,bff-gbea,HAMBURG,MN,ffddj.a,S,Y,dfaaa.a,g.bcdcbcd,ddaa.a,a.a,ddaa.a
Iksoo,,M,dac.a,cig-gihj,FENWICK ISLAND,,bjjee.a,S,Y,hfaaa.a,f.jf,bba.a,a.a,
Atam,,M,eag.a,,TEIGEN,MT,,M,Y,,,a.a,diaa.a,bjaa.a
Otmane,,M,cbi.a,,HAMPTON,MN,,S,Y,,h.if,ddaa.a,a.a,ddaa.a
Rok,,M,fha.a,fdd-gjia,SPRUCE CREEK,,bggid.a,,,gaaaa.a,,a.a,a.a,
Anastasios,,M,eab.a,,,RI,,S,,,,a.a,a.a,
,,,ige.a,ihe-gijj,ORANGEBURG,,cjbbh.a,,,ffaaa.a,,a.a,ggaa.a,a.a
Clay,,M,fia.a,eeh-ifad,,OK,hdafd.a,S,,faaaa.a,g.cf,baaa.a,a.a,baaa.a
,,F,jaj.a,,HICKMAN,CA,,S,Y,,j.d,ih.a,a.a,chc.a
Zhimming,,,ied.a,gec-jdde,PAWLEYS ISLAND,,cjfif.a,,,faaaa.a,h.a,ddaa.a,a.a,a.a
,,F,hih.a,,,PR,,M,,,,a.a,a.a,
Anca,Bruno,M,dah.a,,,WY,iccbi.a,M,N,efaaa.a,,a.a,a.a,a.a
,Gurzhiv,F,jbd.a,,LANSING,KS,,,N,baaaaa.a,,a.a,efaa.a,a.a
Heidi,Lafuente,F,iga.a,,WATERBURY,CT,,S,N,,f.a,bchfa.a,a.a,
Silvina,,F,hac.a,,,NV,ijhad.a,M,,baaaa.a,,a.a,a.a,a.a
Arco,Winstone,,ebh.a,dba-gejj,LANCASTER,MO,gdfei.a,,N,gaaaa.a,,a.a,ecaa.a,a.a
Junhui,Mehlenbacher,M,hib.a,,WORCESTER,MA,,S,N,,f.d,dfhf.a,a.a,
Papa,,F,dac.a,bia-eead,WILMINGTON,,bjiag.a,S,Y,ffaaa.a,f.gajajb,bba.a,a.a,
,Luce,M,fac.a,,GOSHEN,,,M,N,,,a.a,ea.a,a.a
Vassos,,F,iai.a,,HONOLULU,HI,jgicg.a,M,Y,cfaaa.a,,a.a,caia.a,baea.a
Abdelillah,,F,gaf.a,,,SD,,M,,,,a.a,a.a,a.a
,,M,jad.a,,,TX,hjdcc.a,M,,dfaaa.a,,a.a,a.a,a.a
Mitesh,,F,jhc.a,,,TX,,S,,,,a.a,a.a,a.a
,Kriebel,M,dac.a,,SMYRNA,,,,N,,,a.a,cca.a,
Naohide,,M,gdb.a,,,NY,,M,,,,a.a,a.a,
Annita,,M,iag.a,,,TX,hhdcg.a,S,,dfaaa.a,,a.a,a.a,a.a
Birgit,Beigel,,cbh.a,jfj-ghgh,PRAIRIE CITY,IL,gbeha.a,,N,gfaaa.a,d.a,caaa.a,a.a,a.a
Mooi,Tillert,F,cah.a,bgf-ffbc,LEVANT,ME,eefg.a,,N,caaaa.a,,a.a,fhaa.a,
,,,ibg.a,gig-ciie,ORRICK,MO,geahh.a,,Y,caaaa.a,,a.a,ecaa.a,bcaa.a
Xuding,,F,dah.a,,,WY,,M,Y,ifaaa.a,,a.a,a.a,a.a
Ulfar,Donald,F,gad.a,,WALPOLE,NH,,M,N,baaaaa.a,,a.a,a.a,
Debashis,Bellotti,M,jif.a,bcb-cdbc,NEW ORLEANS,LA,habhe.a,,N,iaaaa.a,,a.a,jaaa.a,a.a
Shiwa,,F,jbi.a,,,OK,,S,,,g.cf,baaa.a,a.a,a.a
,,F,hih.a,iaj-gcgi,,PR,gab.a,M,,caaaa.a,,a.a,a.a,a.a
,Pavlovsky,,ehi.a,iic-gbec,ATLANTA,,dbbjg.a,M,N,efaaa.a,,a.a,feaa.a,a.a
Denny,,M,ede.a,,ARK,,,M,,,,a.a,biaa.a,
,,F,jdj.a,icf-djhh,,PR,gbd.a,M,,cfaaa.a,,a.a,a.a,a.a
Ronen,,M,eab.a,ccd-icad,,RI,cigc.a,M,,hfaaa.a,,a.a,a.a,
Shensheng,Curthoys,,eac.a,gbf-ichh,NICKERSON,NE,giaee.a,,N,daaaa.a,g.ie,bad.a,a.a,a.a
,Lucia,M,dae.a,,NORTH SPRING,,,,N,,g.f,caaa.a,a.a,
,Peres,,dbg.a,gjh-jiab,MAPLE CITY,KS,ghbac.a,,N,dfaaa.a,,a.a,efaa.a,a.a
Mark,,F,ifh.a,eji-gdge,BERKLEY,MA,chhj.a,M,Y,eaaaa.a,,a.a,hbfa.a,
Yoni,,M,hab.a,,MARION,ND,,,Y,,c.b,ddaa.a,a.a,ddaa.a
Bodonirina,,M,hdb.a,,MEMPHIS,,,,,,,a.a,a.a,a.a
Jong,Vivekananda,M,ddj.a,ceg-bija,PEMBROKE,MA,cdfj.a,,N,faaaa.a,,a.a,hbfa.a,
Brennan,,,had.a,jef-hbfb,BRODNAX,,cdjca.a,M,,daaaa.a,,a.a,biaa.a,
Mechtild,,,cfb.a,cae-fahj,BIRMINGHAM,,dfccj.a,S,Y,faaa.a,f.a,bfaa.a,a.a,daa.a
,Yamaashi,,ccj.a,gii-gccb,GUYTON,,dbdbc.a,M,N,haaaa.a,,a.a,feaa.a,a.a
Berl,,M,eab.a,jfi-eebj,,RI,cibh.a,M,,dfaaa.a,,a.a,a.a,
Francis,,,eac.a,chf-gfca,OMAHA,NE,gibaf.a,,Y,caaaa.a,f.gifged,bad.a,a.a,bad.a
Maeve,Hannenhalli,F,dbe.a,,SUCCESS,MO,,,N,,g.a,cbaa.a,a.a,a.a
Verena,Louly,F,dai.a,,COLON,NE,,M,N,,,a.a,cag.a,a.a
Fredj,Ashish,,hab.a,fcg-dbbd,SUTTON,ND,fieie.a,M,N,hfaaa.a,,a.a,ggaa.a,a.a
,Schattler,,dbg.a,ijg-ghij,COLDWATER,KS,ghacj.a,M,N,faaa.a,,a.a,efaa.a,a.a
Aris,,,jba.a,dbb-ffia,CHARLOTTE,,cicha.a,M,Y,bfaaa.a,,a.a,ggaa.a,
Agenor,,F,iai.a,,HONOLULU,HI,,S,Y,baaaaa.a,i.cf,baea.a,a.a,baea.a
Brajesh,Carreras,F,dah.a,,,WY,icgaj.a,M,N,gaaaa.a,,a.a,a.a,a.a
Saulo,Gien,,hgf.a,fhc-ccjf,FREETOWN,IN,ehcdf.a,M,N,gfaaa.a,,a.a,caaa.a,a.a
,,F,geg.a,gii-ffic,,NY,bdcab.a,M,,dfaaa.a,,a.a,a.a,
Weiming,,,ecd.a,bhi-jaeb,LANCASTER,,difgj.a,,,caaaa.a,,a.a,a.a,a.a
Aiko,Eck,,gab.a,jhg-ffef,SANDERSVILLE,,djehh.a,,N,caaaa.a,f.a,gaaa.a,a.a,a.a
Gheith,,F,jah.a,,ANIAK,AK,,M,Y,jaaaa.a,,a.a,a.a,a.a
Kazuya,Ahlsen,,dae.a,jid-faga,RIO,,cghff.a,,N,ffaaa.a,g.bejjjjg,caaa.a,a.a,
Ashish,,,gaf.a,cbd-ehjf,,SD,fhfgg.a,M,,iaaaa.a,,a.a,a.a,a.a
Saurabh,,M,fab.a,ehj-jaef,STURKIE,AR,hcfhi.a,,Y,gfaaa.a,h.a,ca.a,a.a,ca.a
Raven,,M,fha.a,,DONEGAL,,,S,,,,a.a,a.a,
Mehul,,M,jah.a,,PILOT POINT,AK,jjgej.a,,Y,cfaaa.a,,a.a,a.a,a.a
Micki,,F,egj.a,,,TX,,S,,,,a.a,a.a,a.a
Seongbin,Vural,F,dac.a,cab-hdhg,HARRINGTON,,bjjfc.a,S,N,haaaa.a,f.jf,bba.a,a.a,
Mieczyslaw,Templeton,M,iai.a,,HONOLULU,HI,jgidj.a,S,N,iaaaa.a,i.cf,baea.a,a.a,a.a
Tinsley,,,gbf.a,ddj-ijfa,LYNNVILLE,,diehc.a,,,gfaaa.a,,a.a,a.a,a.a
Hongsheng,,M,iac.a,eff-ghij,,VT,feif.a,M,,gfaaa.a,,a.a,ggaa.a,
,,M,hgd.a,,RUSHFORD,MN,,,Y,,,a.a,ggaa.a,ddaa.a
Rob,Dubinsky,,hbf.a,bai-iech,,WI,fdfeg.a,S,N,eaaaa.a,f.bebeaje,haa.a,a.a,a.a
Staphane,Carrive,F,hca.a,,AURORA,CO,iaaee.a,M,N,ffaaa.a,,a.a,a.a,a.a
Sakthirel,,F,cac.a,,WASHINGTON,,,S,Y,,j.a,bdha.a,a.a,
Yoshimoto,,M,iac.a,fgi-ejdh,,VT,fief.a,S,,iaaaa.a,e.fjghgch,ddaa.a,a.a,
Suhir,,,cfg.a,ccj-jdbd,LESTER,,dfgeh.a,,Y,caaaa.a,f.a,bfaa.a,a.a,daa.a
Thyagarajan,,M,jhb.a,,,OR,,S,,,j.a,bfj.a,a.a,a.a
Selmer,,M,iac.a,,,VT,,S,,,e.djhiai,ddaa.a,a.a,
Salil,,M,cah.a,,BLAINE,ME,,M,Y,,,a.a,fhaa.a,
Betsy,,M,jhb.a,,,OR,jhcbb.a,S,,haaaa.a,j.a,bfj.a,a.a,bfj.a
Brion,,M,feb.a,,,OR,,S,,,j.a,bfj.a,a.a,bfj.a
Raymonde,Jagannathan,F,dbg.a,,TOPEKA,KS,,M,N,,,a.a,efaa.a,a.a
,,,eag.a,jdd-egab,BABB,MT,fjebb.a,S,Y,iaaaa.a,g.j,bjaa.a,a.a,bjaa.a
Ilagit,,M,cac.a,fee-daag,WASHINGTON,,caefd.a,M,Y,faaa.a,,a.a,chea.a,
Case,Erdi,,ifj.a,jfg-habf,NEWPORT,,ebahb.a,,N,baaaa.a,,a.a,ea.a,a.a
Ajit,Miyakawa,M,ebd.a,,AMHERST,MA,,M,N,,,a.a,hbfa.a,
Schuyler,,M,cfb.a,,CARROLLTON,,,M,Y,,,a.a,daaa.a,daa.a
Raimundo,,F,iei.a,baf-dhbh,PRINCETON,NJ,ifea.a,,Y,faaaa.a,b.ihdbcf,baaa.a,a.a,
Whay,,M,iab.a,,,UT,iehca.a,M,,cfaaa.a,,a.a,ejfa.a,cehf.a
Nasi,Losco,F,gai.a,,,WI,,M,N,,,a.a,beaa.a,a.a
Valeri,,F,jbi.a,dea-cjjh,,OK,hdbhj.a,M,,iaaaa.a,,a.a,caaa.a,a.a
,Haban,M,eag.a,,GARRISON,MT,,M,N,,,a.a,diaa.a,a.a
Joaquin,,F,jcf.a,,LINCOLN ACRES,CA,,,Y,jfaaa.a,j.d,ih.a,a.a,chc.a
Xianging,Uren,,eag.a,dhg-dejb,FALLON,MT,fjdcg.a,M,N,dfaaa.a,,a.a,diaa.a,a.a
Kiyoshi,,F,fca.a,,PHOENIX,AZ,,,Y,ifaaa.a,,a.a,ecaa.a,cdaa.a
,,,gaf.a,ghb-egaj,,SD,fhfcd.a,S,,cfaaa.a,,a.a,a.a,a.a
Terrance,Roskies,M,ddh.a,gbj-dfcg,HOSSTON,LA,hbaed.a,S,N,caaaa.a,e.e,efaa.a,a.a,a.a
,,F,jbh.a,,,NY,,M,,jaaaa.a,,a.a,a.a,
Jaynarayan,,M,ecd.a,,DYER,,,M,,,,a.a,a.a,a.a
,,M,gad.a,hge-cghh,CENTER CONWAY,NH,dibd.a,M,Y,iaaaa.a,,a.a,a.a,
Elia,,F,gad.a,,SUNAPEE,NH,,M,Y,,,a.a,a.a,
,Bernatsky,,fah.a,ibg-gcjg,LITTLEFORK,MN,fggfd.a,,N,haaaa.a,h.if,ddaa.a,a.a,a.a
Cirano,Protasov,F,hbj.a,,MERINO,CO,,,N,ifaaa.a,,a.a,a.a,a.a
,,,hab.a,jaa-bbcg,CATHAY,ND,fiecc.a,M,Y,gaaaa.a,,a.a,ggaa.a,ddaa.a
Chanjung,,M,jdb.a,,MARYVILLE,,,,,,,a.a,a.a,a.a
Deanne,,,cfc.a,cch-fjha,CEDAR MOUNTAIN,,cihbi.a,M,Y,bfaaa.a,,a.a,ggaa.a,
,,M,jfc.a,,GRAND MARAIS,MN,,M,Y,,,a.a,ggaa.a,ddaa.a
Eduardo,Guerriero,M,gad.a,bgb-fije,EAST ANDOVER,NH,dcdb.a,M,N,faaa.a,,a.a,a.a,
,,F,ebd.a,,BOSTON,MA,,S,Y,,f.d,dfhf.a,a.a,
Lin,,,hab.a,gfd-dfdi,FLAXTON,ND,fihdh.a,M,Y,dfaaa.a,,a.a,ggaa.a,ddaa.a
Chuchang,,M,cfd.a,,,WA,,S,Y,,,a.a,a.a,a.a
,,M,gaf.a,,,SD,,S,,jfaaa.a,,a.a,a.a,a.a
Tirza,Potharst,M,cai.a,,BOVILL,ID,idiag.a,S,N,faaa.a,c.gjadedj,ddaa.a,a.a,a.a
Riverson,,M,ggb.a,,RANDSBURG,CA,jdffe.a,,Y,iaaaa.a,,a.a,bhe.a,chc.a
,,F,dah.a,,,WY,idbcc.a,S,Y,haaaa.a,,a.a,a.a,a.a
Roderick,Smithline,F,iga.a,,STAMFORD,CT,,,N,ifaaa.a,f.a,bchfa.a,a.a,
Takamasa,,,dbc.a,edg-beef,YATES CITY,IL,gbfhc.a,S,Y,bfaaa.a,d.a,caaa.a,a.a,caaa.a
,,M,jdj.a,jbh-bcfh,,PR,hhb.a,S,,cfaaa.a,,a.a,a.a,
Michaela,,F,jdj.a,cfc-dcbh,,PR,jca.a,S,,ffaaa.a,,a.a,a.a,
Jock,,F,cba.a,,,TX,hiega.a,M,,dfaaa.a,,a.a,a.a,a.a
Will,,F,dgb.a,,,TX,hgedc.a,M,,faaa.a,,a.a,a.a,a.a
Munir,Anjur,,ifj.a,gdf-igae,LEITCHFIELD,,echfe.a,,N,bfaaa.a,,a.a,ea.a,a.a
,Backes,,eag.a,ggd-cibi,JOLIET,MT,fjaeb.a,,N,gfaaa.a,g.j,bjaa.a,a.a,a.a
Maeve,Kitai,F,eag.a,,WEST YELLOWSTONE,MT,,S,N,,c.dhdchfi,bjaa.a,a.a,a.a
Zheru,Panienski,,gab.a,fgi-bdcb,BAILEY,,djdca.a,M,N,eaaaa.a,,a.a,bcaaa.a,a.a
Mostafa,Peir,M,cah.a,bdd-diij,AURORA,ME,eeai.a,S,N,iaaaa.a,i.f,cifa.a,a.a,
Kepa,Rosenzweig,,jfe.a,edj-ejeg,FORT LAUDERDALE,,dddaj.a,S,N,faaaa.a,,a.a,a.a,a.a
Jeanna,Kinoshita,F,hgf.a,,SULLIVAN,IN,,,N,,d.e,baaa.a,a.a,a.a
Parthasarathy,,,hha.a,dec-cbfg,MILLEDGEVILLE,,dbafj.a,,Y,eaaaa.a,,a.a,feaa.a,daaa.a
,Caulk,F,hbj.a,,FORT GARLAND,CO,ibbdd.a,M,N,gfaaa.a,,a.a,a.a,a.a
,,,cci.a,jaj-ffgg,HICKORY,,djddc.a,M,Y,gaaaa.a,,a.a,bcaaa.a,bfaa.a
Gillermo,,M,cab.a,ffc-cfii,,NJ,ifac.a,M,Y,hfaaa.a,,a.a,caaa.a,
Thucydides,,F,hca.a,,CRESTED BUTTE,CO,,S,Y,,,a.a,a.a,a.a
,,F,jhb.a,,,OR,jhfcg.a,S,,haaaa.a,j.a,bfj.a,a.a,bfj.a
Jaco,,M,feb.a,,,OR,jhdgf.a,S,,caaaa.a,j.a,bfj.a,a.a,a.a
,,,cfb.a,ifj-ebfh,ADAMSVILLE,,dfaaf.a,S,Y,daaaa.a,f.a,bfaa.a,a.a,daa.a
,Landi,M,ddh.a,,ZACHARY,LA,,S,N,,g.a,efaa.a,a.a,a.a
Yuzou,,F,dah.a,,,WY,icide.a,S,Y,gaaaa.a,,a.a,a.a,a.a
Torsten,Sitaraman,M,dai.a,,PURDUM,NE,,,N,jaaaa.a,,a.a,cag.a,a.a
Cord,,M,eaj.a,,,TX,hicca.a,S,,gaaaa.a,,a.a,a.a,a.a
Burghardt,,M,gcg.a,,ADELANTO,CA,jcdab.a,S,Y,caaaa.a,e.ccjhhbg,ih.a,a.a,chc.a
,,M,cfd.a,,,WA,jjbfh.a,M,,haaaa.a,,a.a,a.a,a.a
Francisca,Chuat,F,ibc.a,,OXFORD,IN,,,N,jaaaa.a,d.e,baaa.a,a.a,a.a
Sergei,Nokel,F,eia.a,,HAPPY JACK,AZ,,M,N,,,a.a,ecaa.a,a.a
Kaoru,Birta,M,gad.a,eci-dgcc,ALTON,NH,diaj.a,M,N,caaaa.a,,a.a,a.a,
,Deineko,M,gad.a,hea-hccb,FITZWILLIAM,NH,deeh.a,S,N,baaaa.a,,a.a,a.a,
Devabhaktuni,,M,faf.a,,,NM,ihfjc.a,S,Y,hfaaa.a,f.d,ddaa.a,a.a,ddaa.a
,,F,cdb.a,,PERRINTON,MI,,,Y,baaaaa.a,d.j,dbaa.a,a.a,dbaa.a
Cleve,,M,cea.a,,FAIRPLAY,,,M,Y,,,a.a,eiaa.a,
,,F,ccj.a,,MACON,,,,Y,,,a.a,feaa.a,daaa.a
Sethuraman,,,jdb.a,dfh-bdah,CHAPMANSBORO,,dhadf.a,M,,gaaaa.a,,a.a,a.a,a.a
Jamshed,,M,iac.a,,,VT,,M,,,,a.a,ggaa.a,
Leoan,,M,eab.a,cbi-hcia,,RI,ciic.a,S,,eaaaa.a,,a.a,a.a,
Syuji,,,ieh.a,eci-bfed,SPRINGFIELD,IL,gchbj.a,,Y,daaaa.a,,a.a,eaaa.a,caaa.a
Arne,Palhang,M,ebh.a,,CHARLESTON,MO,,S,N,jaaaa.a,g.a,cbaa.a,a.a,a.a
Yuliang,Fushchich,M,iai.a,,HONOLULU,HI,jgiaf.a,S,N,dfaaa.a,h.deigied,baea.a,a.a,a.a
Jinxi,Gomide,,fbh.a,gef-bedb,CLAYTON,MI,ejcdf.a,M,N,baaaa.a,,a.a,gcaa.a,a.a
Guangwei,,F,jhb.a,,,OR,,M,,,,a.a,dbi.a,bfj.a
,,F,igf.a,,DUNLAP,,,M,,jfaaa.a,,a.a,a.a,a.a
Shiho,Moustafa,M,iba.a,,PALMER,MI,,,N,,,a.a,gcaa.a,a.a
Kazunori,,M,eaf.a,,,OK,,S,,,g.cf,baaa.a,a.a,baaa.a
,Shyamasundar,,cci.a,hhi-jgia,CROWDER,,digcc.a,S,N,hfaaa.a,f.a,gaaa.a,a.a,a.a
Tschera,,F,dab.a,,PARKVILLE,,,,Y,,e.hf,ceaa.a,a.a,
Dammmian,,M,hfh.a,,ARLINGTON,,,S,,,f.hf,jaa.a,a.a,
Chong,,F,jdj.a,bia-ifja,,PR,jib.a,S,,gaaaa.a,,a.a,a.a,
Dursun,Zirintsis,,jae.a,bdj-fijg,ALTOONA,,dchac.a,S,N,daaaa.a,,a.a,a.a,a.a
,Mihalisin,F,cbi.a,,HAMEL,MN,,M,N,,,a.a,ggaa.a,a.a
Zhenyi,Bentlage,,jca.a,gdb-jfhb,,WI,feebf.a,S,N,gaaaa.a,f.eiijbc,haa.a,a.a,a.a
Yucel,,F,dah.a,,,WY,,M,Y,,a.a,a.a,a.a,a.a
Zavid,,,hab.a,geh-fffc,WILLISTON,ND,fiiab.a,M,Y,ffaaa.a,,a.a,ggaa.a,ddaa.a
Yali,Pietro,,hgj.a,cgf-daha,CHUNKY,,djdcd.a,S,N,caaaa.a,f.a,gaaa.a,a.a,a.a
Alle,,F,dai.a,,SHELBY,NE,,,Y,,g.ie,bad.a,a.a,bad.a
Aicha,,F,eab.a,ebc-bffd,,RI,ciia.a,S,,cfaaa.a,,a.a,a.a,
Katsuhiko,Rael,F,gfa.a,,PENN VALLEY,CA,jfjeg.a,,N,haaaa.a,,a.a,bhe.a,a.a
,Schroff,M,jah.a,,PERRYVILLE,AK,,,N,ifaaa.a,,a.a,a.a,a.a
Ida,,M,dac.a,egg-ejib,HARTLY,,bjjfd.a,M,Y,gaaaa.a,,a.a,cca.a,
Shimeng,Rosenzweig,,fgd.a,gaa-fcga,PANORA,IA,facbg.a,,N,gfaaa.a,i.ji,ea.a,a.a,a.a
Wuudiann,Krunz,F,ebh.a,,FREEBURG,MO,,M,N,,,a.a,ecaa.a,a.a
Koen,Tomassini,M,fae.a,,BOGALUSA,LA,,M,N,jfaaa.a,,a.a,jaaa.a,a.a
Yasuyuki,Handzel,F,fhd.a,,HARTVILLE,MO,,S,N,,g.a,cbaa.a,a.a,a.a
Elwyn,,F,dbi.a,fhg-hcda,LONGLEAF,LA,hbeei.a,,Y,dfaaa.a,,a.a,jaaa.a,baaa.a
Bernie,Pradelles,,hag.a,ddc-dggb,ALBANY,,dbhae.a,M,N,ffaaa.a,,a.a,feaa.a,a.a
Arnould,,F,iai.a,,KAHULUI,HI,,,Y,,,a.a,caia.a,baea.a
,Ciardo,M,dah.a,,,WY,icjed.a,M,N,cfaaa.a,,a.a,a.a,a.a
Souad,,,ecd.a,cha-bbdj,NASHVILLE,,dhcbi.a,,,gfaaa.a,,a.a,a.a,a.a
,,M,iai.a,,MILILANI,HI,,,Y,,,a.a,caia.a,baea.a
,Dowden,,gbi.a,hfc-cfed,STEWARDSON,IL,gcegd.a,,N,hfaaa.a,,a.a,eaaa.a,a.a
Yoshitsugu,Bednarek,M,cab.a,jej-hdhd,,NJ,hejf.a,M,N,gaaaa.a,,a.a,caaa.a,
Xiaopeng,Cater,,dca.a,dee-iidj,MANKATO,MN,fgaag.a,,N,hfaaa.a,h.if,ddaa.a,a.a,a.a
Akshar,Collavizza,,dbj.a,gbj-becb,MASON CITY,IA,faeac.a,,N,gaaaa.a,i.ji,ea.a,a.a,a.a
Jerold,,F,hhf.a,,,NV,,S,,,,a.a,a.a,a.a
,Strubbe,,ibc.a,ggd-gbda,VAN BUREN,,egjjb.a,S,N,eaaaa.a,d.e,baaa.a,a.a,a.a
Bartlomiej,,,hab.a,gcj-iejc,NORTHWOOD,ND,ficgh.a,,Y,gfaaa.a,c.fajcagd,ddaa.a,a.a,ddaa.a
Avadis,Jockley,F,jca.a,,,WI,,M,N,,,a.a,beaa.a,a.a
Musaravakkam,Chaturvedi,F,jah.a,,CHIGNIK,AK,,S,N,baaaaa.a,,a.a,a.a,a.a
Mahendran,,F,gdb.a,,,NY,,M,,iaaaa.a,,a.a,a.a,
,Iline,F,hhe.a,,TURNERS FALLS,MA,,S,N,,f.d,dfhf.a,a.a,
,,F,faf.a,,,NM,iheca.a,S,,dfaaa.a,f.d,ddaa.a,a.a,ddaa.a
,Ravi,M,iei.a,,BAYONNE,NJ,,M,N,jfaaa.a,,a.a,caaa.a,
,Goldhammer,M,ecf.a,,,WA,jiedi.a,S,N,haaaa.a,,a.a,a.a,a.a
Cay,,M,edf.a,,,UT,iehff.a,M,,faaaa.a,,a.a,ejfa.a,cehf.a
Salem,,M,hgf.a,,MIDDLEBURY,,,,Y,,,a.a,caaa.a,baaa.a
Basilio,Pettersen,M,eba.a,,JARRETTSVILLE,,,,Y,jaaaa.a,e.hf,ceaa.a,a.a,
,Birch,F,dah.a,,,WY,icedf.a,S,N,baaaa.a,,a.a,a.a,a.a
Sharolyn,Lejter,M,cah.a,,STACYVILLE,ME,,,Y,,,a.a,fhaa.a,
Tiejun,Episkopou,M,cai.a,,WINCHESTER,ID,idfff.a,M,Y,caaaa.a,,a.a,ggaa.a,ddaa.a
,Sillince,,ibg.a,iij-hhbj,COLUMBIA,MO,gfcbh.a,S,Y,bfaaa.a,g.a,cbaa.a,a.a,bcaa.a
,Pohm,,dbg.a,iag-caff,IUKA,KS,ghagg.a,,Y,faaa.a,,a.a,efaa.a,ccfa.a
,,M,hih.a,,,PR,,M,,,,a.a,a.a,a.a
,Mallett,F,gca.a,,HESSTON,KS,,S,Y,,d.f,ccfa.a,a.a,ccfa.a
Boualem,Grabner,F,iai.a,,KEALIA,HI,,,Y,jaaaa.a,i.cf,baea.a,a.a,baea.a
Jingde,,M,fad.a,,,OR,jhedf.a,M,,bfaaa.a,,a.a,dbi.a,bfj.a
Myungwhan,Gugliotta,F,ddh.a,gdf-giea,BARKSDALE AFB,LA,hbbba.a,S,N,baaaa.a,c.a,efaa.a,a.a,a.a
Sergei,,F,eab.a,,,RI,,M,,jaaaa.a,,a.a,a.a,
Elisa,Gibson,M,igd.a,,FELLSMERE,,,S,Y,jaaaa.a,,a.a,a.a,a.a
,Cords,,dbd.a,iff-eabc,CASSOPOLIS,MI,ejadb.a,M,Y,hfaaa.a,,a.a,gcaa.a,dbaa.a
,Kruseman,F,dbg.a,,BURNS,KS,,M,N,,,a.a,efaa.a,a.a
,Klaeren,F,eag.a,,WHITETAIL,MT,,S,N,,g.j,bjaa.a,a.a,a.a
Shir,Kochskamper,M,gad.a,,NEWPORT,NH,,,Y,,,a.a,a.a,
Devika,Cousins,M,jah.a,,ANCHORAGE,AK,jjfad.a,M,Y,efaaa.a,,a.a,a.a,a.a
Masumi,Mangaser,M,cha.a,,MASONIC HOME,,,,Y,,,a.a,ea.a,ca.a
Yijun,,F,ibe.a,dhe-chce,PROSPERITY,,bfdcj.a,,,ffaaa.a,,a.a,a.a,
,Uehara,,dai.a,iae-dehe,ODESSA,NE,giigb.a,,N,efaaa.a,,a.a,cag.a,a.a
Telle,Pitsoulis,F,cai.a,,STAR,ID,idggj.a,,N,gaaaa.a,h.i,ddaa.a,a.a,a.a
Elenora,Speel,F,gfb.a,,HUTCHINSON,MN,,M,Y,baaaaa.a,,a.a,ggaa.a,ddaa.a
Arild,Leder,M,ebh.a,,SAINT LOUIS,MO,,,Y,,g.a,cbaa.a,a.a,bcaa.a
,Thagard,,gca.a,ifb-cccc,HADDAM,KS,ggjee.a,M,N,bfaaa.a,,a.a,efaa.a,a.a
Lantzos,,M,jdb.a,,HUNTSVILLE,,,S,,,,a.a,a.a,a.a
,,,ecd.a,haa-cehf,MOSS,,difhf.a,,,faaaa.a,,a.a,a.a,a.a
Lia,Hopcroft,M,ibf.a,,GOOD HOPE,IL,,S,N,,d.a,caaa.a,a.a,a.a
,Kayton,F,jah.a,,NUNAM IQUA,AK,,,Y,,,a.a,a.a,a.a
Kap,Gustavson,F,hab.a,,GRAND FORKS,ND,,M,N,baaaaa.a,,a.a,ggaa.a,a.a
,Bottreau,F,gad.a,ici-faah,PORTSMOUTH,NH,diac.a,,N,daaaa.a,,a.a,a.a,
Yannis,Poigne,,dae.a,cgi-ddag,SWISS,,cggja.a,M,N,ffaaa.a,,a.a,eaaa.a,
Chian,,M,had.a,,CLAUDVILLE,,,M,,,,a.a,biaa.a,
Kieron,Stentiford,,dae.a,bhe-hgec,WORTHINGTON,,cgfjb.a,M,N,efaaa.a,,a.a,eaaa.a,
Sidd,Chandna,M,cad.a,,TOLLAND,CT,,M,Y,iaaaa.a,,a.a,cefaa.a,
Immo,Vouros,M,jbc.a,,BALL GROUND,,,M,N,jaaaa.a,,a.a,feaa.a,a.a
Samar,,F,iac.a,fad-eceb,,VT,fefg.a,S,,dfaaa.a,d.habeggi,ddaa.a,a.a,
,Daws,M,jha.a,,ALMONT,CO,,M,N,iaaaa.a,,a.a,a.a,a.a
Egemen,Dal,M,cah.a,eai-bfeb,BIDDEFORD,ME,eaah.a,S,Y,eaaaa.a,i.f,cifa.a,a.a,
Elenita,,F,eab.a,,,RI,,M,,,,a.a,a.a,
Yiping,,M,jdb.a,,BETHPAGE,,,M,,baaaaa.a,,a.a,a.a,a.a
Kerkko,Aylett,F,ifh.a,fic-fdeh,OXFORD,MA,bfea.a,,Y,gfaaa.a,f.d,dfhf.a,a.a,
,Cavallo,F,cac.a,jac-chjg,WASHINGTON,,cafgf.a,M,Y,hfaaa.a,,a.a,chea.a,
Idris,Kess,F,cai.a,,SUGAR CITY,ID,,,Y,,,a.a,ggaa.a,ddaa.a
Serenella,Georgatos,,gca.a,fda-bfej,EUDORA,KS,ggacf.a,S,N,efaaa.a,g.ef,ccfa.a,a.a,a.a
,,,gaf.a,iaf-iffg,,SD,fhhaj.a,M,,gaaaa.a,,a.a,a.a,a.a
Amal,Wurman,M,jci.a,,SUN VALLEY,AZ,igacj.a,S,Y,gfaaa.a,d.hccejji,cbaa.a,a.a,cdaa.a
,,M,fha.a,hhe-dihd,PITTSBURGH,,bfccg.a,,,ffaaa.a,,a.a,a.a,
Devanand,Brodsky,F,eed.a,,HYATTSVILLE,,,M,N,baaaaa.a,,a.a,eiaa.a,
,Erdi,M,hgj.a,,DIBERVILLE,,,S,Y,ifaaa.a,f.a,gaaa.a,a.a,bfaa.a
Purnendu,Gluck,M,fac.a,,SIDNEY,,,,Y,baaaaa.a,,a.a,ea.a,ca.a
Muriel,Karl,M,ifj.a,,MAYSVILLE,,,,Y,,,a.a,ea.a,ca.a
,Landherr,M,cai.a,,GREENLEAF,ID,,M,Y,,,a.a,ggaa.a,ddaa.a
,Steinauer,F,hdc.a,ggf-gcac,HOPATCONG,NJ,hied.a,S,Y,caaaa.a,b.e,baaa.a,a.a,
,Milgrom,F,gad.a,,MANCHESTER,NH,,,N,,,a.a,a.a,
Bishwaroop,,,gbe.a,ebj-eagc,MOXAHALA,,edhgb.a,,,eaaaa.a,,a.a,cgaa.a,bdaa.a
Singo,Godskesen,F,faf.a,,,NM,,M,Y,jfaaa.a,,a.a,ggaa.a,ddaa.a
,Backelin,,hab.a,jde-jdfh,RUGBY,ND,fidgi.a,,N,bfaaa.a,,a.a,ggaa.a,a.a
Saydean,Stahl,F,dac.a,cca-eiif,FRANKFORD,,bjjef.a,M,N,eaaaa.a,,a.a,cca.a,
Heekyoung,Tanzariello,,cci.a,bbg-hjbf,SEBASTOPOL,,djdfj.a,,N,gaaaa.a,f.a,gaaa.a,a.a,a.a
Evaggelos,Kalloufi,F,iai.a,,HAUULA,HI,,M,N,,,a.a,caia.a,a.a
Gajanana,Dayhoff,,caf.a,ege-hiag,KANSAS,,dffhd.a,,Y,baaaa.a,,a.a,daaa.a,daa.a
,Reidl,M,dah.a,,,WY,,M,Y,baaaaa.a,,a.a,a.a,a.a
,,M,hac.a,,,NV,,S,,,,a.a,a.a,a.a
Lyle,Takada,F,dac.a,bdd-hfbg,NEW CASTLE,,bjhca.a,,N,faaaa.a,f.cgibic,bba.a,a.a,
Boutros,Khamare,M,dae.a,,WHITMER,,,S,Y,,e.hf,caaa.a,a.a,
,Marzurkiewicz,F,iha.a,,STAMPS,AR,,,Y,,,a.a,ea.a,ca.a
Yichiang,Srivastava,F,hah.a,,LOCKEFORD,CA,,,N,baaaaa.a,j.d,ih.a,a.a,a.a
,Mitsuhashi,M,dbh.a,,PLAINFIELD,,,,N,,d.e,baaa.a,a.a,a.a
Jorge,,F,jbh.a,,,NY,,S,,jaaaa.a,,a.a,a.a,
Marinette,Flexer,F,gad.a,beg-cdjc,FITZWILLIAM,NH,deeh.a,M,N,baaaa.a,,a.a,a.a,
Dietrich,Mikitiuk,F,dac.a,,GEORGETOWN,,,S,N,,c.c,bba.a,a.a,
,Dearden,,dae.a,ggf-gajg,BEAVER,,cfibd.a,S,Y,eaaaa.a,f.baaaaae,caaa.a,a.a,
Yoshimi,Schellhorn,F,geb.a,,PRINCETON,IA,,,N,jfaaa.a,i.ji,ea.a,a.a,a.a
Anatoli,Pfahler,,gbc.a,fda-higi,LISMORE,MN,fgbff.a,,N,baaaa.a,f.df,ddaa.a,a.a,a.a
Win,,M,iac.a,ejf-edgc,,VT,fgia.a,M,,daaaa.a,,a.a,ggaa.a,
,,F,hih.a,hgf-bici,,PR,jib.a,S,,baaaa.a,,a.a,a.a,
June,Kitaev,F,cac.a,,WASHINGTON,,,M,N,,,a.a,chea.a,
Gediminas,,M,hih.a,,,PR,,M,,,,a.a,a.a,
Eliezer,Denecker,,caf.a,egb-cide,FAIRFIELD,,dfage.a,S,Y,faaa.a,f.a,bfaa.a,a.a,daa.a
,,M,fhb.a,,ONANCOCK,,,,,,,a.a,biaa.a,
Daishi,Ananiadou,,fig.a,fhf-jdch,SAND LAKE,MI,ejded.a,,N,gaaaa.a,d.j,dbaa.a,a.a,a.a
Macha,,,gaf.a,dag-fgjb,,SD,fhech.a,S,,faaaa.a,,a.a,a.a,a.a
Nels,Angele,,gbi.a,gdc-bdhh,HUMBOLDT,IL,gbjdb.a,M,Y,bfaaa.a,,a.a,eaaa.a,caaa.a
Graziella,Veanes,F,cac.a,cii-ebae,WASHINGTON,,cafea.a,S,N,baaaa.a,e.f,bdha.a,a.a,
Lanfranco,Melzer,F,eag.a,,HELENA,MT,,M,N,,,a.a,diaa.a,a.a
Erin,Perez,,gbc.a,feg-jfcf,FORESTON,MN,fgdda.a,M,N,bfaaa.a,,a.a,ggaa.a,a.a
Esen,,M,eaj.a,,,TX,hiahb.a,S,,cfaaa.a,,a.a,a.a,a.a
Solange,,M,faf.a,,,NM,,S,,,f.d,ddaa.a,a.a,ddaa.a
,Stampfel,,eac.a,ijg-ddeh,BROCK,NE,gidca.a,M,N,faaaa.a,,a.a,cag.a,a.a
Guy,,M,ige.a,,BOWMAN,,,M,,,,a.a,ggaa.a,a.a
Plamenka,Guha,F,gad.a,jib-icgd,NORTH HAMPTON,NH,digc.a,,Y,faaaa.a,,a.a,a.a,
Jarno,Kamiko,F,cga.a,,BERNE,,,S,N,,d.e,baaa.a,a.a,a.a
Meera,Khakhar,M,faj.a,,,WA,,S,Y,,,a.a,a.a,a.a
Avneesh,,F,jdj.a,ehc-hbeb,,PR,hec.a,S,,cfaaa.a,,a.a,a.a,
Mircea,Wotawa,F,eia.a,,PHOENIX,AZ,,,Y,baaaaa.a,,a.a,ecaa.a,cdaa.a
Bassam,Hancox,M,eac.a,,HALSEY,NE,,S,N,,g.fhdgbad,bad.a,a.a,a.a
Asao,Rivest,F,fab.a,eih-cjfa,WEST FORK,AR,hchhe.a,S,N,faaa.a,b.dicgjdj,ca.a,a.a,a.a
,,M,hih.a,jdg-eebd,,PR,gbc.a,M,,gfaaa.a,,a.a,a.a,a.a
Krista,,F,eab.a,cja-cfbj,,RI,cidj.a,S,,dfaaa.a,,a.a,a.a,
Taemin,Togni,,hag.a,cjj-bidg,BOWERSVILLE,,dafbg.a,M,Y,gfaaa.a,,a.a,feaa.a,daaa.a
Surajan,,M,fif.a,jjg-cjfi,,NY,bchgc.a,M,,haaaa.a,,a.a,a.a,
,Hongyuan,F,gbj.a,,TARZANA,CA,,S,Y,,j.d,ih.a,a.a,chc.a
Niclas,Benjauthrit,F,dah.a,,,WY,iccee.a,M,Y,hfaaa.a,,a.a,a.a,a.a
,Beug,,hab.a,hfg-jbff,ROGERS,ND,fiehj.a,,Y,bfaaa.a,c.b,ddaa.a,a.a,ddaa.a
,,M,eea.a,,GALION,,,M,,iaaaa.a,,a.a,cgaa.a,a.a
Begona,Stojanovski,M,gad.a,,NEW HAMPTON,NH,,,N,ifaaa.a,,a.a,a.a,
Sakae,Schmitz,F,jai.a,fda-dbhj,KEYPORT,NJ,hhdf.a,,Y,faaa.a,,a.a,caaa.a,
,Farrel,M,gad.a,gij-jfbc,HANCOCK,NH,deej.a,M,Y,daaaa.a,,a.a,a.a,
Jenq,Clowes,,cfg.a,ega-bjcb,DAUPHIN ISLAND,,dgfci.a,M,N,haaaa.a,,a.a,daaa.a,a.a
,Nova,F,fgd.a,,HEDRICK,IA,,S,N,,i.gfeii,ea.a,a.a,a.a
,Oreizy,,dbc.a,hdb-jhga,MOUNDS,IL,gcjge.a,,Y,dfaaa.a,,a.a,eaaa.a,caaa.a
Jinpo,,M,ied.a,,CHESNEE,,,M,,,,a.a,ggaa.a,ddaa.a
Wenyu,Behm,,dae.a,fha-gfcc,MOUNT CLARE,,cgeai.a,,N,hfaaa.a,g.f,caaa.a,a.a,
,,F,feb.a,,,OR,,M,,,,a.a,dbi.a,bfj.a
,,,chg.a,ijf-ihjb,SUSSEX,,cdiie.a,M,,haaaa.a,,a.a,biaa.a,
Arup,Ovrutcki,M,jah.a,,FORT GREELY,AK,jjhdb.a,M,N,efaaa.a,,a.a,a.a,a.a
Hian,Abawajy,,eac.a,cif-debb,JULIAN,NE,gidhj.a,,Y,baaaa.a,d.jajhajf,bad.a,a.a,bad.a
,,,gbf.a,hdi-jcii,CLAIRFIELD,,dhhbf.a,M,,eaaaa.a,,a.a,a.a,a.a
Ulrich,Galiana,F,ebf.a,,CANBY,CA,jgabf.a,M,Y,efaaa.a,,a.a,bhe.a,chc.a
,Chandler,,gai.a,ibi-hhaa,,WI,fejei.a,S,N,daaaa.a,e.jghgfi,haa.a,a.a,a.a
,Boeri,,hab.a,ggi-jdif,GRAND FORKS,ND,ficai.a,S,N,faaaa.a,c.ddfdccg,ddaa.a,a.a,a.a
,Linusson,M,cha.a,,LEXINGTON,,,,Y,,d.hhhhhhh,ca.a,a.a,ca.a
Sudhanshu,Schrift,F,cad.a,bag-bhig,BARKHAMSTED,CT,gagd.a,M,Y,efaaa.a,,,cefaa.a,
Lila,Kneece,F,dai.a,,FAIRMONT,NE,,M,N,,,a.a,cag.a,a.a
Simant,Heywood,F,hha.a,,OAKWOOD,,,,N,,,a.a,feaa.a,a.a
Femi,Grad,M,eed.a,dai-ddaf,WOODBINE,,cbhjh.a,M,N,bfaaa.a,,a.a,eiaa.a,
,Cullers,M,jah.a,,ANCHORAGE,AK,jjfah.a,M,N,bfaaa.a,,a.a,a.a,a.a
Parker,Kukimoto,F,faf.a,,,NM,,S,Y,,f.d,ddaa.a,a.a,ddaa.a
Gentaro,Ciolek,M,dah.a,,,WY,icaff.a,M,Y,efaaa.a,,a.a,a.a,a.a
Yuuichi,Schwagereit,M,fca.a,,CENTRAL,AZ,iffdb.a,S,Y,daaaa.a,d.bhjjjji,cbaa.a,a.a,cdaa.a
Vitali,,F,iac.a,cch-hgei,,VT,ficf.a,M,,eaaaa.a,,a.a,ggaa.a,
Tiejun,Chandler,,ggc.a,djf-ffdf,OXFORD,,digff.a,,Y,hfaaa.a,f.a,gaaa.a,a.a,bfaa.a
Lennart,,M,iac.a,dhi-gjag,,VT,fgei.a,S,,daaaa.a,d.gabjijf,ddaa.a,a.a,
Wanda,Lucio,M,cfb.a,,NATURAL BRIDGE,,,,N,,,a.a,daaa.a,a.a
,Vondran,M,dbg.a,,TOPEKA,KS,,S,N,jfaaa.a,g.ef,ccfa.a,a.a,a.a
Josina,Dewal,F,fab.a,faa-jbbe,BONNERDALE,AR,hbjdd.a,S,N,daaaa.a,h.a,ca.a,a.a,a.a
Fumio,Kark,F,dah.a,,,WY,,S,Y,,,a.a,a.a,a.a
Sasikumar,Zullighoven,M,ebd.a,,TURNERS FALLS,MA,,S,Y,baaaaa.a,f.d,dfhf.a,a.a,
Edward,,M,eab.a,,,RI,,S,,,,a.a,a.a,
Josina,Simula,F,cai.a,,BOISE,ID,idhai.a,S,N,ffaaa.a,h.i,ddaa.a,a.a,a.a
Jaya,Langford,M,ddj.a,,SOUTH HARWICH,MA,,,Y,,,a.a,hbfa.a,
Youngkon,Gasieniec,F,ddh.a,,LAWTELL,LA,,,N,ifaaa.a,,a.a,jaaa.a,a.a
,,F,fia.a,,,OK,,M,,ifaaa.a,,a.a,caaa.a,a.a
Kazuya,,,gaf.a,fhc-bghi,,SD,fhehj.a,M,,faaaa.a,,a.a,a.a,a.a
,,M,iac.a,idf-cjhb,,VT,fahe.a,S,,gfaaa.a,e.cjiddb,ddaa.a,a.a,
Grazyna,Krisper,M,ddh.a,,PINEVILLE,LA,,,N,,g.a,efaa.a,a.a,a.a
,DuMouchel,M,iai.a,,KAPAAU,HI,jghff.a,,N,haaaa.a,,a.a,caia.a,a.a
Arnim,,F,gaf.a,,,SD,,M,,,,a.a,a.a,a.a
Congxiao,Bernhard,,hab.a,fba-jbdi,TUTTLE,ND,fieii.a,S,Y,haaaa.a,c.fghbghf,ddaa.a,a.a,ddaa.a
Ruzena,Tatsumi,,gdg.a,fic-hdai,KANSAS CITY,MO,gebjg.a,,N,faaa.a,d.hf,cbaa.a,a.a,a.a
Vagan,Gurel,F,fai.a,ecb-gfec,WESTBOROUGH,MA,bfib.a,S,N,efaaa.a,f.d,dfhf.a,a.a,
,Cassaro,,cfc.a,hac-dhje,WILSON,,chije.a,M,N,hfaaa.a,,a.a,ggaa.a,
Astrid,Sherrell,,jbd.a,bge-gaig,FORD,KS,ghiec.a,S,Y,caaaa.a,e.eidddd,ccfa.a,a.a,ccfa.a
,Jungmann,F,jij.a,,MARNE,MI,,,N,,d.j,dbaa.a,a.a,a.a
Halime,Yach,M,iai.a,,HONOLULU,HI,jgibc.a,M,Y,haaaa.a,,a.a,caia.a,baea.a
,Wadel,F,cac.a,iaj-hgjj,WASHINGTON,,caegd.a,M,N,efaaa.a,,a.a,chea.a,
Fathi,Kubica,M,dah.a,,,WY,,M,N,,,a.a,a.a,a.a
,Encarnacion,F,jci.a,,DOUGLAS,AZ,igfff.a,S,Y,gfaaa.a,d.hccejji,cbaa.a,a.a,cdaa.a
,Lodderstedt,F,ecf.a,,,WA,,S,Y,,,a.a,a.a,a.a
Deanna,Falmagne,F,cad.a,fib-bbeb,SHELTON,CT,geie.a,,Y,eaaaa.a,f.a,bchfa.a,a.a,
Chenghui,Tzafestas,,jfc.a,cie-hbfa,BROOKSTON,MN,ffhbb.a,M,N,gaaaa.a,,a.a,ggaa.a,a.a
,,M,dda.a,,CLEVELAND,,,S,,jaaaa.a,d.fddfge,bdaa.a,a.a,a.a
Brennan,Galati,F,jhi.a,ebc-ijag,ATTLEBORO FALLS,MA,chgd.a,M,N,hfaaa.a,,a.a,hbfa.a,
,Preusig,,dbc.a,jdf-ghef,BOWEN,IL,gcdbg.a,M,N,iaaaa.a,,a.a,eaaa.a,a.a
Jesas,Konuru,F,cab.a,,MULLICA HILL,NJ,,,N,,,a.a,caaa.a,
Laszlo,Schaedler,M,eed.a,fdf-fegh,FRIENDSHIP,,cahfi.a,M,Y,ffaaa.a,,a.a,eiaa.a,
,Breugel,F,dbd.a,,HOLLAND,MI,,M,N,ifaaa.a,,a.a,gcaa.a,a.a
Jongpil,Linares,F,hif.a,,SOLDIER,KS,,,Y,,,a.a,efaa.a,ccfa.a
Debasis,Kaizoji,F,dac.a,,HARBESON,,,M,Y,,,a.a,cca.a,
Tsutomu,Giacomo,F,fig.a,,WATERS,MI,,M,N,jaaaa.a,,a.a,gcaa.a,a.a
Nobuyuki,,F,iab.a,,,UT,ieadg.a,M,,iaaaa.a,,a.a,ejfa.a,cehf.a
,Marinova,M,jah.a,,SOUTH NAKNEK,AK,,,N,,,a.a,a.a,a.a
Ilias,Yaru,M,fab.a,dch-ehid,DIERKS,AR,hbidd.a,S,Y,ffaaa.a,h.a,ca.a,a.a,ca.a
Micheal,Deverell,M,cac.a,dfh-jiii,WASHINGTON,,cadjc.a,M,Y,daaaa.a,,a.a,chea.a,
,Elenbaas,F,iha.a,hbd-ghig,MC CRORY,AR,hcbab.a,,Y,gfaaa.a,h.a,ca.a,a.a,ca.a
Vishal,Cat,,eag.a,efd-decg,PLEVNA,MT,fjdee.a,,Y,daaaa.a,,a.a,diaa.a,bjaa.a
Soloman,Danecki,M,gac.a,,TUCSON,AZ,ifhad.a,S,N,dfaaa.a,d.cfhf,cbaa.a,a.a,a.a
Suzanna,Melzak,F,iba.a,,PERRINTON,MI,,,N,,d.j,dbaa.a,a.a,a.a
Christipher,Reipa,M,gbi.a,,COAL CITY,IL,,M,Y,baaaaa.a,,a.a,eaaa.a,caaa.a
,Drexl,F,dai.a,,WILBER,NE,,S,Y,jaaaa.a,g.ie,bad.a,a.a,bad.a
Egon,Puterman,M,iga.a,fcf-gacd,NORTH STONINGTON,CT,gdfj.a,,N,bfaaa.a,,a.a,cefaa.a,
Bjajesh,Adusumilli,,fgd.a,jig-ifeb,MONTOUR,IA,fabhd.a,,N,daaaa.a,e.hjfedc,ea.a,a.a,a.a
Carol,Lunbeck,M,gbh.a,,LAWRENCE,MA,,,Y,,,a.a,hbfa.a,
,,M,jea.a,,,TX,,S,,,,a.a,a.a,a.a
Bennet,,F,eab.a,cjg-cifh,,RI,cich.a,S,,faaa.a,,a.a,a.a,
Wilfred,,M,jdj.a,jhc-jccg,,PR,jgf.a,M,,efaaa.a,,a.a,a.a,
,Barreteau,M,eia.a,,TUCSON,AZ,ifhbb.a,M,N,gfaaa.a,,a.a,ecaa.a,a.a
Manjote,Xiaoshan,F,fgd.a,,RHODES,IA,,,N,ifaaa.a,,a.a,ia.a,a.a
,Fornaciari,,dbj.a,ghg-cfgj,TRUESDALE,IA,fafjc.a,M,N,eaaaa.a,,a.a,ia.a,a.a
,Scheidler,,eac.a,ici-hijd,ASHLAND,NE,giaad.a,S,N,haaaa.a,g.ie,bad.a,a.a,a.a
Sylviane,Perring,,jbc.a,fid-dbch,MEANSVILLE,,dacfg.a,,N,bfaaa.a,g.a,chaa.a,a.a,a.a
Lee,Ramiller,M,ddh.a,cbg-gigj,PLAQUEMINE,LA,hahgf.a,,Y,faaa.a,,a.a,jaaa.a,baaa.a
Pallab,,F,jdh.a,,QUINCY,,,,,,d.adfgebc,bdaa.a,a.a,a.a
Tomohiro,Ohmoto,,ebh.a,def-cddg,BEULAH,MO,gfedg.a,S,Y,iaaaa.a,g.a,cbaa.a,a.a,bcaa.a
Shanda,Gelsey,F,cbh.a,,ROCK CITY,IL,,,Y,baaaaa.a,d.a,caaa.a,a.a,caaa.a
,Burnard,,cha.a,hfj-jcae,HERNDON,,eccdg.a,S,Y,ffaaa.a,e.iiiiij,ca.a,a.a,ca.a
,Thagard,M,hca.a,,MONARCH,CO,,,Y,ifaaa.a,,a.a,a.a,a.a
Khaled,Saleeb,M,cah.a,fcj-cdce,GREENWOOD,ME,ecff.a,S,N,ffaaa.a,i.f,cifa.a,a.a,
,Messina,F,dae.a,,GREAT CACAPON,,,S,N,,g.f,caaa.a,a.a,
Georg,Berglas,,cgc.a,geh-hbcb,,WI,fejhe.a,S,Y,hfaaa.a,f.hejfdje,haa.a,a.a,eaa.a
YunLong,Zaroliagis,,dde.a,egg-igcd,HUNTSVILLE,,dfiji.a,S,N,efaaa.a,f.a,bfaa.a,a.a,a.a
Michiharu,Dairaine,M,cac.a,bdh-ggfi,WASHINGTON,,cafbf.a,M,N,efaaa.a,,a.a,chea.a,
,Covvey,F,iai.a,,PAHOA,HI,jghhi.a,,Y,gfaaa.a,i.cf,baea.a,a.a,baea.a
,,F,eaj.a,,,TX,hghag.a,M,,hfaaa.a,,a.a,a.a,a.a
Slim,Schmezko,M,ifh.a,gej-giie,AMHERST,MA,baad.a,M,N,haaaa.a,,a.a,hbfa.a,
Nobu,Kaizoji,M,dac.a,,WILMINGTON,,,S,N,,e.jchchd,bba.a,a.a,
,Ferneda,M,gad.a,ibb-fhae,GREENVILLE,NH,daei.a,M,N,daaaa.a,,a.a,a.a,
,Papsdorf,,cci.a,icj-fedf,FAYETTE,,djagj.a,S,Y,bfaaa.a,f.a,gaaa.a,a.a,bfaa.a
,McKenna,M,fah.a,,BRITT,MN,,M,Y,,,a.a,ggaa.a,ddaa.a
Larry,Hadon,F,ebe.a,,,WI,,S,N,,g.ajhaec,haa.a,a.a,a.a
Chung,,M,hac.a,,,NV,,M,,ifaaa.a,,a.a,a.a,a.a
Regino,,F,ebc.a,ebg-ibag,BUENA VISTA,,bfabi.a,S,,daaaa.a,,a.a,a.a,
,Broos,M,gbj.a,,LOS ANGELES,CA,jaagi.a,,Y,ffaaa.a,j.d,ih.a,a.a,chc.a
Harvey,Nord,M,hgf.a,,WINCHESTER,IN,,M,N,,,a.a,caaa.a,a.a
Yunming,Weerasinghe,M,iga.a,fdg-ghbb,NORTH HAVEN,CT,gehd.a,,N,hfaaa.a,f.a,bchfa.a,a.a,
Nagisa,Papakostas,F,jba.a,,CHARLOTTE,,,S,N,ifaaa.a,h.fbfhde,ddaa.a,a.a,
Carla,Uren,M,dac.a,fef-jiaa,WILMINGTON,,bjijd.a,M,N,gaaaa.a,,a.a,cca.a,
,Rudisin,M,cah.a,hjf-egac,SOUTH BRISTOL,ME,efgi.a,,Y,faaa.a,c.cbdfadg,cifa.a,a.a,
,,M,eab.a,ihc-jcbi,,RI,cihc.a,M,,iaaaa.a,,a.a,a.a,
Arnon,,F,fad.a,,,OR,jhcia.a,S,,eaaaa.a,j.a,bfj.a,a.a,a.a
Saku,Lappalainen,M,jcf.a,,ARVIN,CA,,S,Y,,g.fjafed,ih.a,a.a,chc.a
Marios,Ullian,M,cai.a,,BOISE,ID,idhdd.a,M,N,hfaaa.a,,a.a,ggaa.a,a.a
Hiraku,Bolshov,,ggc.a,edg-ecce,BILOXI,,djfdb.a,S,N,eaaaa.a,f.a,gaaa.a,a.a,a.a
,Bodwin,M,gai.a,,,WI,,S,Y,jaaaa.a,g.ababgg,haa.a,a.a,eaa.a
Elmar,Gutbrod,M,dad.a,,DENVER,CO,,S,Y,,,a.a,a.a,a.a
Poorani,,F,hac.a,,,NV,,S,,,,a.a,a.a,a.a
Aito,,,gaf.a,fia-eejc,,SD,fhdib.a,M,,hfaaa.a,,a.a,a.a,a.a
Oron,Madanlal,F,gad.a,,MANCHESTER,NH,,,Y,,,a.a,a.a,
,Otillio,,ifj.a,jcf-hedb,LORETTO,,eaadh.a,,Y,daaaa.a,,a.a,ea.a,ca.a
Tomyyuki,N'Dong,M,jhd.a,,KEASBEY,NJ,,,N,,,a.a,caaa.a,
Avis,,F,gba.a,bfi-ijbe,IMMACULATA,,bjdef.a,M,,faaaa.a,,a.a,a.a,
Curd,Riel,,ggc.a,dai-hbij,GALLMAN,,djahh.a,M,N,dfaaa.a,,a.a,bcaaa.a,a.a
Haijo,Tsukuda,,eac.a,bcd-jfdb,ARCHER,NE,giibg.a,S,N,cfaaa.a,g.fhdgbad,bad.a,a.a,a.a
Mauno,Glockner,,cbj.a,dcd-bbgd,CENTRAL,,ehbba.a,M,N,baaaa.a,,a.a,caaa.a,a.a
Katarzyna,,M,eab.a,,,RI,,S,,ifaaa.a,,a.a,a.a,
Linlin,Kacprzyk,F,dbj.a,,MACKSBURG,IA,,,N,,i.ji,ea.a,a.a,a.a
Kokichi,Araya,F,cab.a,dif-dddi,NEWARK,NJ,hbje.a,,Y,haaaa.a,,a.a,caaa.a,
,,F,cbf.a,gib-hgfd,PITTSBURGH,,bfchi.a,,,daaaa.a,,a.a,a.a,
Taiji,Erva,F,ddh.a,fed-djig,NATCHITOCHES,LA,hbejh.a,,Y,faaaa.a,g.a,efaa.a,a.a,baaa.a
,,F,hea.a,,CINCINNATI,,,M,,,,a.a,cgaa.a,a.a
Shreesh,Greif,M,ifh.a,ejd-hgjj,EASTON,MA,cdde.a,S,Y,iaaaa.a,f.d,dfhf.a,a.a,
Shooichi,,F,fia.a,,,OK,,S,,,g.cf,baaa.a,a.a,baaa.a
Matts,,F,jab.a,,FOSTERVILLE,,,S,,,,a.a,a.a,a.a
Pravil,,F,hih.a,,,PR,,M,,,,a.a,a.a,a.a
Jakov,,M,jbh.a,jha-fcjb,,NY,baaad.a,S,,iaaaa.a,,a.a,a.a,
Luuk,,M,faf.a,,,NM,ihfcf.a,S,Y,iaaaa.a,f.d,ddaa.a,a.a,ddaa.a
,Tyldesley,F,gad.a,hih-bbdf,CONCORD,NH,ddaf.a,M,N,ffaaa.a,,a.a,a.a,
Dekai,,F,gag.a,,CORBIN,,,S,Y,,f.bggggh,ca.a,a.a,ca.a
Alty,,F,jdj.a,gfb-dbfh,,PR,ghi.a,M,,dfaaa.a,,a.a,a.a,a.a
Vilmar,,F,gad.a,deb-ejbc,NEWINGTON,NH,diaf.a,,Y,ffaaa.a,,a.a,a.a,
Shigeharu,,M,fad.a,,,OR,,M,,,,a.a,dbi.a,a.a
Sichen,,F,cfe.a,,,TX,hjccd.a,S,,gaaaa.a,,a.a,a.a,a.a
,Valkema,F,cag.a,,,WA,jjdei.a,S,N,eaaaa.a,,a.a,a.a,a.a
,,,ecd.a,iae-cjjj,KNOXVILLE,,dhjcj.a,,,efaaa.a,,a.a,a.a,a.a
Mustafa,Kwatra,M,ehj.a,,MIDLAND,AR,,,N,,,a.a,ea.a,a.a
Muralidharan,Iyengar,F,iai.a,,M C B H KANEOHE BAY,HI,,,N,,,a.a,caia.a,a.a
Kingsley,,M,gca.a,,LITTLE RIVER,KS,,,Y,,f.egggggh,ccfa.a,a.a,ccfa.a
,,,eag.a,jbj-high,ALDER,MT,fjhba.a,M,Y,caaaa.a,,a.a,diaa.a,bjaa.a
Ibrahim,Raskhodnikova,,fhd.a,caj-jcij,JEFFERSON CITY,MO,gfbab.a,,N,bfaaa.a,g.a,cbaa.a,a.a,a.a
Tridas,,M,cfb.a,,BIRMINGHAM,,,M,Y,,,a.a,daaa.a,daa.a
Alain,Katoen,F,jbc.a,,SAVANNAH,,,,N,,,a.a,feaa.a,a.a
,,,iad.a,hhe-hgci,LAKE VIEW,,cjfgd.a,,,hfaaa.a,,a.a,ggaa.a,ddaa.a
,,,gaf.a,ghc-fceb,,SD,fhabg.a,M,,baaaa.a,,a.a,a.a,a.a
,,F,eia.a,,TUCSON,AZ,,M,Y,,,a.a,ecaa.a,cdaa.a
Ponnarasu,,,dde.a,cig-hffa,SUNFLOWER,,dgfib.a,S,Y,faaaa.a,f.a,bfaa.a,a.a,daa.a
Jaerheen,Routh,F,cai.a,,MOUNTAIN HOME A F B,ID,idgei.a,,N,cfaaa.a,h.i,ddaa.a,a.a,a.a
,,F,ige.a,,CLEMSON,,,M,,,,a.a,ggaa.a,a.a
Yuemin,Straubing,M,cac.a,bba-bjae,WASHINGTON,,caada.a,S,N,baaaa.a,e.f,bdha.a,a.a,
Jud,,M,jhb.a,,,OR,jhacj.a,M,,eaaaa.a,,a.a,dbi.a,a.a
Arash,Talpin,M,dac.a,ehf-cjbb,TOWNSEND,,bjhde.a,M,N,hfaaa.a,,a.a,cca.a,
Catharina,,,jia.a,efh-dbff,VANDEMERE,,cifih.a,M,Y,iaaaa.a,,a.a,ggaa.a,
,,M,dcf.a,,,TX,hhhcf.a,S,,haaaa.a,,a.a,a.a,a.a
,,,jeb.a,ibb-cibf,JACKSONVILLE,,dccbj.a,,Y,faaaa.a,,a.a,a.a,a.a
Rabinder,,M,ebc.a,,NEEDMORE,,,,,,,a.a,a.a,
Chu,,M,fea.a,,PORTSMOUTH,,,,,,,a.a,biaa.a,
,,F,jha.a,,AMHERST,CO,iahcb.a,M,Y,ffaaa.a,,a.a,a.a,a.a
,,,gfb.a,igc-bdcb,MILLVILLE,MN,ffjfh.a,,Y,efaaa.a,,a.a,ggaa.a,ddaa.a
Seshashayee,,M,iab.a,,,UT,,M,,,,a.a,ejfa.a,cehf.a
Wendy,Takesue,M,hbj.a,,KIRK,CO,,,N,jfaaa.a,,a.a,a.a,a.a
Hugh,,M,jeb.a,,JACKSONVILLE,,,,Y,,,a.a,a.a,a.a
Cortes,,F,eba.a,,GARRETT PARK,,,M,Y,,,a.a,eiaa.a,
,,M,gdb.a,hha-bjbc,,NY,bbcbb.a,S,,eaaaa.a,,a.a,a.a,
Rajagopalan,,M,gah.a,bej-behg,,NY,bbfgi.a,M,,faaa.a,,a.a,a.a,
Jayanth,Zahle,,jbd.a,dac-bbeh,MEDICINE LODGE,KS,ghbae.a,,Y,ffaaa.a,,a.a,efaa.a,ccfa.a
Tyseer,,F,hbd.a,,,TX,,S,,,,a.a,a.a,a.a
,Prieditis,F,jah.a,,SOUTH NAKNEK,AK,jjgha.a,,N,bfaaa.a,,a.a,a.a,a.a
,Trachtenberg,F,jah.a,,NUNAM IQUA,AK,jjggg.a,,N,ffaaa.a,,a.a,a.a,a.a
Zeljko,Tvrdik,,ebh.a,cha-hbbg,SAINT LOUIS,MO,gdbee.a,,N,baaaa.a,g.a,cbaa.a,a.a,a.a
Hiralal,Bidoit,M,ifj.a,,DUNNVILLE,,,S,Y,baaaaa.a,g.a,ca.a,a.a,ca.a
Polle,Neurohr,F,jhi.a,,BROOKFIELD,MA,,S,Y,,f.d,dfhf.a,a.a,
Nic,,F,hce.a,dgj-ciii,PITTSBURGH,,bfcdg.a,,,hfaaa.a,,a.a,a.a,
Yongcheng,Carpineto,M,cab.a,fde-dage,HIGHLAND LAKES,NJ,hecc.a,M,Y,baaaa.a,,a.a,caaa.a,
,Romeuf,M,iga.a,jbj-fabe,SOMERS,CT,gahb.a,,Y,daaaa.a,f.a,bchfa.a,a.a,
Case,Delgano,F,ibf.a,,ARTHUR,IL,,S,N,jfaaa.a,d.a,caaa.a,a.a,a.a
Maurizio,Jungen,M,dae.a,,TALLMANSVILLE,,,S,Y,,d.a,caaa.a,a.a,
Kimmo,,,eea.a,fda-fjdj,WARREN,,eeeii.a,M,,dfaaa.a,,a.a,cgaa.a,bdaa.a
Chyuan,Gorton,,cac.a,dfj-diai,PARCEL RETURN SERVICE,DC,fgjgf.a,,Y,ffaaa.a,j.a,bdha.a,a.a,bdha.a
Lynda,Brysgalov,M,cah.a,jhe-hhei,ALNA,ME,efdf.a,M,Y,gfaaa.a,,a.a,fhaa.a,
,,M,fif.a,,,NY,,S,,jfaaa.a,,a.a,a.a,
Boguslaw,,F,hih.a,,,PR,,M,,,,a.a,a.a,
Mourad,Bhandari,F,hbc.a,,LIBERTYVILLE,IA,,,N,ifaaa.a,i.ji,ea.a,a.a,a.a
Reihard,Corno,F,cad.a,ddd-cahg,EAST HARTLAND,CT,gach.a,S,Y,cfaaa.a,f.a,bchfa.a,a.a,
Gesine,Levenez,F,ifh.a,,CHELSEA,MA,,S,N,,f.d,dfhf.a,a.a,
,,M,hdb.a,,HICKMAN,,,M,,,,a.a,a.a,a.a
Nematollaah,,M,fad.a,,,OR,jhjai.a,S,,iaaaa.a,j.a,bfj.a,a.a,bfj.a
Yaghout,Roohalamini,F,eag.a,,HELENA,MT,,M,Y,jfaaa.a,,a.a,diaa.a,bjaa.a
Oyekunle,Gruenwald,F,cac.a,ebc-cjaj,WASHINGTON,,caahb.a,M,Y,daaaa.a,,a.a,chea.a,
Guisseppi,Akkermans,M,dbi.a,bef-edhb,JONESBORO,LA,hbcfb.a,,N,efaaa.a,g.a,efaa.a,a.a,a.a
Vijay,Moharir,F,hag.a,,MORVEN,,,,N,,,a.a,feaa.a,a.a
,Wunderlin,,ieh.a,ieb-eiai,MILLSTADT,IL,gccga.a,,Y,daaaa.a,d.a,caaa.a,a.a,caaa.a
Bitan,Delzanno,F,cah.a,cfd-gahh,GLEN COVE,ME,eieg.a,S,N,bfaaa.a,g.jfiacjd,cifa.a,a.a,
Jed,Elhardt,,fgd.a,gfa-dfcc,OCHEYEDAN,IA,fbdfe.a,,N,efaaa.a,h.bbbbab,ea.a,a.a,a.a
Takanari,Delatizky,M,gfa.a,,DALY CITY,CA,jeabe.a,S,Y,bfaaa.a,d.aejdiff,ih.a,a.a,chc.a
Christi,Kupsch,M,cfg.a,,MOBILE,,,,Y,,,a.a,daaa.a,daa.a
Zongyan,Dillon,F,cah.a,efi-ibbj,OAKLAND,ME,ejgd.a,,Y,faaa.a,c.cbdfadg,cifa.a,a.a,
Friedbert,Cosar,,cbj.a,ffj-jjce,EVANSVILLE,IN,ehhcc.a,M,N,eaaaa.a,,a.a,caaa.a,a.a
Noriyoshi,Berk,F,eed.a,,GARRETT PARK,,,S,Y,ifaaa.a,e.hf,ceaa.a,a.a,
Neri,,,gaf.a,ffa-bgii,,SD,fhcca.a,M,,gfaaa.a,,a.a,a.a,a.a
Petra,Wohn,,ibg.a,bce-caid,OAK RIDGE,MO,gdhgj.a,,N,daaaa.a,g.a,cbaa.a,a.a,a.a
Huisheng,Buekenhout,F,cab.a,,NEWTON,NJ,,,N,baaaaa.a,,a.a,caaa.a,
,,F,gba.a,icf-cdbg,HARRISBURG,,bhbaf.a,M,,haaaa.a,,a.a,a.a,
Nan,Behrendt,M,cai.a,,GREENCREEK,ID,,S,N,baaaaa.a,h.i,ddaa.a,a.a,a.a
Yuhong,Bachus,M,cah.a,fad-gjcg,VIENNA,ME,edga.a,S,Y,baaaa.a,e.fifhggd,cifa.a,a.a,
Yolanda,Litant,M,cfb.a,,PAINT ROCK,,,,N,,f.a,bfaa.a,a.a,a.a
Guohui,,,gaf.a,fgf-ihfc,,SD,fhcbj.a,M,,cfaaa.a,,a.a,a.a,a.a
Isil,,F,eab.a,,,RI,,S,,,,a.a,a.a,
Cristine,,F,faf.a,,,NM,,S,,,f.d,ddaa.a,a.a,ddaa.a
,,M,fbg.a,ida-jeba,,NY,bchie.a,M,,haaaa.a,,a.a,a.a,
Rakefet,Bongiovanni,M,gad.a,bcf-jghg,PITTSFIELD,NH,dcgd.a,,Y,baaaa.a,,a.a,a.a,
Karem,,M,feb.a,,,OR,jhjad.a,M,,cfaaa.a,,a.a,dbi.a,bfj.a
,Kasriel,F,hag.a,,STATESBORO,,,,N,,,a.a,feaa.a,a.a
Jichiang,Paijmans,M,cgj.a,,WHITE LAKE,MI,,S,N,jfaaa.a,d.j,dbaa.a,a.a,a.a
,Heystek,F,dbi.a,,SHREVEPORT,LA,,,Y,,g.a,efaa.a,a.a,baaa.a
,,,gbf.a,ifa-fdgc,ONLY,,dhbea.a,,,gaaaa.a,,a.a,a.a,a.a
Madanpal,,M,fad.a,,,OR,,M,,,,a.a,dbi.a,bfj.a
Gurmeet,Laxer,M,ehi.a,,MILLWOOD,,,,N,,g.a,chaa.a,a.a,a.a
Faiza,Oreizy,M,dah.a,,,WY,icahc.a,S,N,bfaaa.a,,a.a,a.a,a.a
Chengchang,,F,jea.a,,,TX,hgghi.a,S,,eaaaa.a,,a.a,a.a,a.a
Vassili,Kerr,M,iga.a,,STONINGTON,CT,,,Y,,f.a,bchfa.a,a.a,
Bashir,Ausiello,F,ehj.a,djb-hbbe,WICKES,AR,hbjhd.a,M,Y,ffaaa.a,,a.a,ea.a,ca.a
Iara,,M,jdj.a,bib-cjic,,PR,jba.a,M,,haaaa.a,,a.a,a.a,
Meliu,Standing,,fah.a,jji-hfac,SHAKOPEE,MN,ffdhj.a,,Y,eaaaa.a,g.djaacbd,ddaa.a,a.a,ddaa.a
Suphachai,Cypher,M,jci.a,,EHRENBERG,AZ,ifdde.a,M,N,caaaa.a,,a.a,ecaa.a,a.a
Nageshwar,,M,eab.a,,,RI,,M,,,,a.a,a.a,
Taiichi,Chmeiss,M,gad.a,chh-jjig,PLAISTOW,NH,digf.a,,N,gfaaa.a,,a.a,a.a,
Meral,Peir,F,gad.a,ead-gbjj,GREENVILLE,NH,daei.a,S,N,bfaaa.a,,a.a,a.a,
Hongji,Schwartzbauer,F,cei.a,,TRAVERSE CITY,MI,,M,N,jaaaa.a,,a.a,gcaa.a,a.a
,Taff,,cfg.a,hgb-cahg,TUSKEGEE,,dgaid.a,M,Y,hfaaa.a,,a.a,daaa.a,daa.a
Haiyan,Rajlich,F,gad.a,,LITCHFIELD,NH,,,Y,ifaaa.a,,a.a,a.a,
Lei,Raha,,cbh.a,gaf-hgdi,NORTHBROOK,IL,gaagc.a,,N,efaaa.a,,a.a,eaaa.a,a.a
Prabhav,Ginesta,,jbj.a,dic-gibi,BLACK CREEK,,chibd.a,S,Y,hfaaa.a,h.dafjee,ddaa.a,a.a,
,,M,jfg.a,,,TX,,S,,,,a.a,a.a,a.a
Gianluigi,,M,hac.a,,,NV,ijaib.a,M,,eaaaa.a,,a.a,a.a,a.a
,Schimmler,F,gbg.a,,NORTH STAR,MI,,,N,jfaaa.a,d.j,dbaa.a,a.a,a.a
,,M,hac.a,,,NV,,S,,jfaaa.a,,a.a,a.a,a.a
,,M,cbc.a,ieh-ifbj,,NY,bchjc.a,S,,ffaaa.a,,a.a,a.a,
Christoforos,Turakainen,M,jah.a,,STEVENS VILLAGE,AK,,,N,baaaaa.a,,a.a,a.a,a.a
Misa,Gellersen,,dfc.a,gfb-bfhb,ZOLFO SPRINGS,,ddija.a,S,N,faaa.a,,a.a,a.a,a.a
Sungho,Regian,M,cfb.a,,KENNEDY,,,,N,baaaaa.a,,a.a,daaa.a,a.a
Azeddine,Kiyama,M,ccf.a,,SHREVEPORT,LA,,,Y,,g.a,efaa.a,a.a,baaa.a
Junhui,Aimeur,,ggc.a,dia-diji,OCEAN SPRINGS,,djfgg.a,,N,faaaa.a,,a.a,bcaaa.a,a.a
Lushen,Verplaetse,,ghi.a,jgb-cbcd,CONYERS,,daabc.a,M,Y,efaaa.a,,a.a,feaa.a,daaa.a
Chokchai,Widjojo,M,gcd.a,,RIO RICO,AZ,,,N,ifaaa.a,,a.a,ecaa.a,a.a
Yabo,Oxenboll,,ddg.a,jdi-gieg,RIDGECREST,,cihha.a,,N,haaaa.a,,a.a,ggaa.a,a.a
Nanda,Cannon,F,dac.a,gec-jeja,VIOLA,,bjjhj.a,M,N,dfaaa.a,,a.a,cca.a,
,Mausberg,M,jbj.a,,MARSHALLBERG,,,,N,,,a.a,ggaa.a,
Halina,Bitar,,jba.a,bdi-hdci,COLLETTSVILLE,,cigbb.a,M,Y,dfaaa.a,,a.a,ggaa.a,
Hung,Zendler,M,daf.a,,JACKSONVILLE,,,,N,ifaaa.a,,a.a,a.a,a.a
,Prini,F,cac.a,jbi-jdbf,WASHINGTON,,caaae.a,S,N,haaaa.a,j.a,bdha.a,a.a,
Nick,Tchoumatchenko,F,ddh.a,dff-ieih,METAIRIE,LA,haaff.a,,Y,gfaaa.a,,a.a,jaaa.a,baaa.a
Pau,Moshkov,F,jah.a,,CIRCLE,AK,,S,Y,,,a.a,a.a,a.a
Eliseo,Lovasz,F,gga.a,,KANSAS CITY,MO,,,N,,g.a,cbaa.a,a.a,a.a
Vagan,Hilburn,F,dae.a,,LEWISBURG,,,,N,,g.bejjjjg,caaa.a,a.a,
Liao,,M,dcf.a,,,TX,,M,,jfaaa.a,,a.a,a.a,a.a
Gunar,,,gaf.a,bdi-gdgg,,SD,fhgdd.a,M,,baaaa.a,,a.a,a.a,a.a
Seymour,Hagemann,F,hga.a,,SACRAMENTO,CA,,,N,,,a.a,bhe.a,a.a
,Glymour,M,jha.a,,DENVER,CO,,M,N,baaaaa.a,,a.a,a.a,a.a
Kosta,Brookner,,dbj.a,jjf-ijfb,DECORAH,IA,fcbab.a,M,N,faaaa.a,,a.a,ia.a,a.a
Harmen,Deussen,F,hib.a,bbg-giic,WESTWOOD,MA,caja.a,S,Y,faaaa.a,f.d,dfhf.a,a.a,
Tiziano,Haskin,F,dfb.a,,NORTH UXBRIDGE,MA,,,Y,,f.d,dfhf.a,a.a,
Joanne,,,ied.a,edb-icab,MOUNTVILLE,,cjdha.a,,,gaaaa.a,,a.a,ggaa.a,ddaa.a
Gong,Gilon,M,jai.a,ceg-cahj,WILLIAMSTOWN,NJ,iaje.a,S,N,efaaa.a,b.hjechai,baaa.a,a.a,
Yungho,Scharstein,M,cac.a,dbj-edbh,WASHINGTON,,cafaj.a,M,N,bfaaa.a,,a.a,chea.a,
,Lascarides,F,fac.a,,ELIZAVILLE,,,S,Y,,d.hhhhhhh,ca.a,a.a,ca.a
Inman,,M,chg.a,dfa-fbdi,HERNDON,,ccajc.a,S,,efaaa.a,f.hf,jaa.a,a.a,
Carlos,Fechter,M,iha.a,jdi-ggjd,FRANKLIN,AR,hcfdg.a,M,Y,baaaa.a,,a.a,ea.a,ca.a
Concepcion,Monarch,M,jfc.a,,SAINT PAUL,MN,,,Y,,,a.a,ggaa.a,ddaa.a
Takuo,,,ige.a,bgc-gadj,ALLENDALE,,cjiba.a,M,,faaaa.a,,a.a,ggaa.a,ddaa.a
,Bain,F,dah.a,,,WY,,M,N,ifaaa.a,,a.a,a.a,a.a
Lotte,Rachui,,ddg.a,fhi-gajb,CHARLOTTE,,cicfi.a,S,Y,efaaa.a,g.ghgfhdd,ddaa.a,a.a,
,Tamesada,F,ehj.a,,PLEASANT PLAINS,AR,,,Y,baaaaa.a,,a.a,ea.a,ca.a
Sofie,Holager,F,cfb.a,,MOBILE,,,,N,,f.a,bfaa.a,a.a,a.a
,Zohar,F,faf.a,,,NM,ihacc.a,M,N,gfaaa.a,,a.a,ggaa.a,a.a
Heide,,,ige.a,jej-iihe,WARD,,cjbgg.a,S,,ffaaa.a,h.a,ddaa.a,a.a,ddaa.a
Wenci,Vilarrasa,,ddg.a,dbd-hejf,DENTON,,chcdj.a,M,Y,daaaa.a,,a.a,ggaa.a,
,Lardy,F,fae.a,,LONGSTREET,LA,,,N,,g.a,efaa.a,a.a,a.a
Katsuo,Raamot,F,ifh.a,cfj-ihad,WEST NEWTON,MA,cegf.a,M,N,ffaaa.a,,a.a,hbfa.a,
Albrect,Prieve,,ggc.a,efb-icgd,JACKSON,,djcji.a,,N,eaaaa.a,,a.a,bcaaa.a,a.a
Nageshwara,,M,iab.a,,,UT,iehia.a,M,,cfaaa.a,,a.a,ejfa.a,cehf.a
,Bravoco,,cfc.a,ida-gbbe,CASTALIA,,chibg.a,M,N,dfaaa.a,,a.a,ggaa.a,
,Chenoweth,,caf.a,hgc-iceg,GALLION,,dghec.a,M,Y,haaaa.a,,a.a,daaa.a,daa.a
Zhouhui,Vastola,,eac.a,eai-ibff,LINCOLN,NE,gifca.a,,N,caaaa.a,f.gifged,bad.a,a.a,a.a
Siddharth,,M,jhb.a,,,OR,jhefe.a,S,,gaaaa.a,j.a,bfj.a,a.a,bfj.a
Truman,Smitley,M,ifg.a,gfc-ifed,TENAFLY,NJ,hgha.a,S,N,efaaa.a,b.hjechai,baaa.a,a.a,
,Manara,F,gdg.a,,BRIDGETON,MO,,S,N,,g.a,cbaa.a,a.a,a.a
Creve,,F,hdb.a,,NASHVILLE,,,,,jaaaa.a,,a.a,a.a,a.a
Ichiang,Ragland,F,cai.a,,WINCHESTER,ID,idfff.a,S,Y,eaaaa.a,h.i,ddaa.a,a.a,ddaa.a
,Kalyanakrishnan,M,gad.a,,RAYMOND,NH,,,Y,,,a.a,a.a,
Zanoni,Teitelbaum,,geb.a,cdg-fecg,COLLINS,IA,faaff.a,M,Y,dfaaa.a,,a.a,ia.a,ea.a
,,F,jab.a,,SILERTON,,,,,jfaaa.a,,a.a,a.a,a.a
,Vigier,,cci.a,iee-bbja,MARION,,djdec.a,,N,faaa.a,d.a,gaaa.a,a.a,a.a
Sigmar,Peng,,hbc.a,egc-dhge,BENTON,IA,faidf.a,S,Y,baaaa.a,b.hahihdh,ea.a,a.a,ea.a
Lauro,Acevedo,F,iai.a,,PAPAALOA,HI,jghia.a,,Y,daaaa.a,g.eehdgi,baea.a,a.a,baea.a
Frieder,Flessner,M,cac.a,eha-bjdh,WASHINGTON,,cafaa.a,M,N,baaaa.a,,a.a,chea.a,
Weiyi,Carli,,eac.a,eje-died,WATERLOO,NE,giagj.a,S,Y,ffaaa.a,g.ie,bad.a,a.a,bad.a
Asis,Seidewitz,M,dah.a,,,WY,iciab.a,S,N,daaaa.a,,a.a,a.a,a.a
,Guerrieri,M,iha.a,,LESLIE,AR,,,N,baaaaa.a,h.a,ca.a,a.a,a.a
,Rice,,hif.a,ghg-eafj,WINCHESTER,KS,ggajh.a,M,Y,haaaa.a,,a.a,efaa.a,ccfa.a
Luca,,F,cbf.a,,WEST SALISBURY,,,S,,,,a.a,a.a,
Krisda,,M,fea.a,,VILLAMONT,,,S,,,f.hf,jaa.a,a.a,
Giopi,Vrain,,ibf.a,ffb-edbb,SYCAMORE,IL,gabhi.a,S,Y,efaaa.a,d.a,caaa.a,a.a,caaa.a
Jiyun,Compeau,M,cah.a,jhb-iehg,MONROE,ME,ejfb.a,,N,cfaaa.a,,a.a,fhaa.a,
Manvinder,Tullis,M,jha.a,,YODER,CO,,S,N,ifaaa.a,,a.a,a.a,a.a
Amante,Serot,,eag.a,djh-ggjb,ROY,MT,fjehb.a,,N,cfaaa.a,,a.a,diaa.a,a.a
Reini,Hernadi,F,jah.a,,PORT HEIDEN,AK,,,Y,,,a.a,a.a,a.a
,Bishr,,gab.a,ghi-igch,MC NEILL,,djefh.a,,Y,eaaaa.a,f.a,gaaa.a,a.a,bfaa.a
DeForest,Romijn,F,cac.a,,WASHINGTON,,,S,Y,baaaaa.a,j.a,bdha.a,a.a,
Berend,,,fea.a,dch-igcb,SOUTH HILL,,cdjha.a,,,gfaaa.a,,a.a,biaa.a,
Lundy,Toida,F,caf.a,,BIRMINGHAM,,,S,Y,ifaaa.a,f.a,bfaa.a,a.a,daa.a
Zenping,Pinho,M,cah.a,fif-hedd,SOUTH WINDHAM,ME,eaic.a,,N,baaaa.a,e.fifhggd,cifa.a,a.a,
,Wick,M,hdc.a,gha-eeie,MERCHANTVILLE,NJ,ibaj.a,,Y,baaaa.a,b.e,baaa.a,a.a,
Franquiberto,,M,iac.a,,,VT,,S,,,e.jjeghc,ddaa.a,a.a,
,,M,fia.a,gjg-jibi,,OK,hedfe.a,M,,bfaaa.a,,a.a,caaa.a,a.a
Lushen,,M,fha.a,,LAKEVILLE,,,,,,,a.a,a.a,
Pam,Kauffels,F,cai.a,,CALDWELL,ID,,S,Y,,h.i,ddaa.a,a.a,ddaa.a
,Cadogan,M,cbj.a,,ROSELAWN,,,,Y,baaaaa.a,d.e,baaa.a,a.a,baaa.a
Xiping,Dinesh,M,dah.a,,,WY,icebc.a,M,Y,dfaaa.a,,a.a,a.a,a.a
Kalervo,,M,iac.a,dhd-fifh,,VT,fggj.a,S,,gfaaa.a,e.cjiddb,ddaa.a,a.a,
Joffroy,Lalanne,M,faf.a,,,NM,,M,N,,,a.a,ggaa.a,a.a
,,F,gic.a,,,TX,hgagh.a,S,,iaaaa.a,,a.a,a.a,a.a
Marija,Laxer,M,fgd.a,,RALSTON,IA,,,N,,e.acdfece,ea.a,a.a,a.a
,Ozhan,,ebe.a,hgd-dbed,,WI,fegbe.a,M,N,faaaa.a,,a.a,beaa.a,a.a
Joy,,M,dbf.a,eia-hicc,,NY,bajfg.a,M,,efaaa.a,,a.a,a.a,
,,,fea.a,hbc-jfed,DUNDAS,,cdjdi.a,M,,gfaaa.a,,a.a,biaa.a,
Malu,Minka,M,hgf.a,,LARWILL,,,,N,,d.e,baaa.a,a.a,a.a
,Bourbakis,M,cac.a,had-gdde,WASHINGTON,,caacj.a,S,N,hfaaa.a,j.a,bdha.a,a.a,
Minjie,Grayson,M,cac.a,jhb-eeci,WASHINGTON,,cacfb.a,M,Y,faaa.a,,a.a,chea.a,
,Ehrenfeucht,,ebh.a,ghf-fggj,STURDIVANT,MO,gdhic.a,,N,haaaa.a,g.a,cbaa.a,a.a,a.a
Lidong,,F,cbc.a,,,NY,,S,,jfaaa.a,,a.a,a.a,
Charu,Hausser,F,cac.a,,WASHINGTON,,,S,N,,j.a,bdha.a,a.a,
,Monteverde,F,cah.a,,CARATUNK,ME,,S,Y,,g.jfiacjd,cifa.a,a.a,
Arivind,Edler,M,gad.a,fhg-efeg,FRANCESTOWN,NH,daed.a,M,Y,faaaa.a,,a.a,a.a,
Bommadevara,,F,cbf.a,,CAMBRA,,,S,,,,a.a,a.a,
,,F,eie.a,hcg-fada,ADAH,,bfeba.a,M,,faaaa.a,,a.a,a.a,
Xingang,Ishak,M,hai.a,,BLOOMINGDALE,IL,,M,N,,,a.a,eaaa.a,a.a
,,F,jab.a,,BRADFORD,,,S,,,,a.a,a.a,a.a
Weicong,,M,iac.a,fbf-gaea,,VT,fidc.a,S,,caaaa.a,d.g,ddaa.a,a.a,
,,F,hhf.a,,,NV,ijdbi.a,M,,hfaaa.a,,a.a,a.a,a.a
Nimish,Wotawa,M,gai.a,,,WI,,S,N,jaaaa.a,g.ababgg,haa.a,a.a,a.a
Youquan,,F,jdj.a,,,PR,,S,,,,a.a,a.a,
Alicja,Wijesekera,M,gag.a,,STRUNK,,,,Y,jaaaa.a,,a.a,ea.a,ca.a
Tomoku,Wesley,F,cac.a,fea-ghdh,WASHINGTON,,caaja.a,S,N,faaa.a,e.f,bdha.a,a.a,
Michelangelo,Groger,F,jhd.a,jjc-egbh,,NJ,hhfd.a,M,Y,efaaa.a,,a.a,caaa.a,
Myunghwan,,M,faf.a,,,NM,ihfhh.a,M,,ffaaa.a,,a.a,ggaa.a,ddaa.a
Jois,,M,fia.a,,,OK,,S,,jaaaa.a,g.cf,baaa.a,a.a,baaa.a
Ammar,Lienard,M,dah.a,,,WY,,S,Y,,,a.a,a.a,a.a
Arunas,Welker,M,ccf.a,cbe-jigd,BOGALUSA,LA,haech.a,S,Y,faaaa.a,g.a,efaa.a,a.a,baaa.a
Terran,Bruno,,dfc.a,bgd-ggje,HASTINGS,,dcbef.a,M,N,hfaaa.a,,a.a,a.a,a.a
,Rissland,F,hab.a,,COURTENAY,ND,,S,Y,jaaaa.a,c.hjjabch,ddaa.a,a.a,ddaa.a
,,M,iab.a,,,UT,ieaci.a,M,,gaaaa.a,,a.a,ejfa.a,a.a
,,M,gic.a,,,TX,hiegg.a,S,,eaaaa.a,,a.a,a.a,a.a
,Simhi,F,iai.a,,HONAUNAU,HI,jghcg.a,M,Y,cfaaa.a,,a.a,caia.a,baea.a
,Hartroth,M,cci.a,,HAZLEHURST,,,M,N,,,a.a,bcaaa.a,a.a
Bernie,,M,chg.a,,FREDERICKSBURG,,,M,,,,a.a,biaa.a,
Jianchu,,M,gbe.a,,LANGSVILLE,,,,,jaaaa.a,,a.a,cgaa.a,bdaa.a
,Wiggers,,hai.a,hce-fjje,ITASCA,IL,gabed.a,,Y,faaaa.a,,a.a,eaaa.a,caaa.a
Hiroyuki,Imai,M,hca.a,,OVID,CO,,,N,,,a.a,a.a,a.a
Junzo,,M,gaf.a,,,SD,,S,,ifaaa.a,,a.a,a.a,a.a
,,F,jdj.a,,,PR,,S,,jfaaa.a,,a.a,a.a,
,Litzkow,M,hib.a,,SOUTH HADLEY,MA,,,N,,f.d,dfhf.a,a.a,
Stanly,d'Abreu,F,ddh.a,beh-dhgc,HINESTON,LA,hbedi.a,S,N,ffaaa.a,g.a,efaa.a,a.a,a.a
Kathryn,Haining,M,cai.a,,MERIDIAN,ID,,,Y,,,a.a,ggaa.a,ddaa.a
Niamh,Scherr,M,dai.a,ecd-jeii,AINSWORTH,NE,gjcba.a,M,Y,efaaa.a,,a.a,cag.a,bad.a
Yoga,,F,eab.a,cjh-iaif,,RI,cijg.a,S,,dfaaa.a,,a.a,a.a,
Bahram,,F,eab.a,fja-jijc,,RI,cieb.a,S,,haaaa.a,,a.a,a.a,
Shohei,Norwood,F,iei.a,,,NJ,,M,Y,,,a.a,caaa.a,
Guna,Nerjes,F,dac.a,,DAGSBORO,,,M,N,,,a.a,cca.a,
Kiyotoshi,,M,iac.a,,,VT,,M,,baaaaa.a,,a.a,ggaa.a,
Kunsoo,Deriche,F,ebd.a,dca-hfea,BOLTON,MA,bhea.a,S,Y,ffaaa.a,f.d,dfhf.a,a.a,
,Heilandt,F,dad.a,,PLATTEVILLE,CO,,,N,,,a.a,a.a,a.a
,Ratha,M,hdc.a,ggi-fdif,,NJ,hecb.a,M,Y,caaaa.a,,a.a,caaa.a,
Juei,Daskalakis,M,eia.a,,MESA,AZ,ifche.a,,N,gfaaa.a,,a.a,ecaa.a,a.a
Fotis,Rokusawa,F,hif.a,,WICHITA,KS,,M,N,ifaaa.a,,a.a,efaa.a,a.a
,,,gaf.a,ggi-eeag,,SD,fhfdd.a,S,,gaaaa.a,,a.a,a.a,a.a
,Zivojnovic,M,ddh.a,gji-edgc,LONGSTREET,LA,hbafa.a,,N,hfaaa.a,g.a,efaa.a,a.a,a.a
Beatriz,Mandelberg,F,gai.a,,,WI,,S,Y,,e.hahadb,haa.a,a.a,eaa.a
Motohide,Haneke,F,hab.a,,GRENORA,ND,,M,Y,,,a.a,ggaa.a,ddaa.a
Yuan,,M,hih.a,jhf-iccb,,PR,hcd.a,M,,daaaa.a,,a.a,a.a,a.a
Samul,Nerima,F,cdj.a,,TRENTON,,,M,Y,,,a.a,a.a,a.a
,,M,iab.a,,,UT,iehfg.a,M,,bfaaa.a,,a.a,ejfa.a,cehf.a
,Lucio,F,cfg.a,,GANTT,,,M,N,,,a.a,daaa.a,a.a
Hiroyasu,,,cbg.a,fjj-gfej,CLEVELAND,,eebde.a,S,,daaaa.a,b.febihbi,bdaa.a,a.a,a.a
,,F,eab.a,,,RI,,M,,baaaaa.a,,a.a,a.a,
Chester,,M,gaf.a,,,SD,,S,,,,a.a,a.a,a.a
Tanka,Asmuth,M,faf.a,,,NM,ihfda.a,S,N,gaaaa.a,f.d,ddaa.a,a.a,a.a
,,F,jbh.a,hij-bich,,NY,bdgjf.a,S,,gaaaa.a,,a.a,a.a,
Wenguang,Tusera,M,fab.a,fba-jahj,RUSSELLVILLE,AR,hcibb.a,,N,baaaa.a,c.fhhigfe,ca.a,a.a,a.a
,Hausser,F,dai.a,,RANDOLPH,NE,,,Y,,,a.a,cag.a,bad.a
Pascalin,Schain,F,iha.a,gee-fega,EUREKA SPRINGS,AR,hcgdb.a,S,Y,gfaaa.a,h.a,ca.a,a.a,ca.a
Noga,,,jab.a,cja-caad,DYERSBURG,,diace.a,M,,baaaa.a,,a.a,a.a,a.a
Katsuni,Blot,,fgd.a,ejb-bdee,LE CLAIRE,IA,fchfd.a,,N,faaaa.a,,a.a,ia.a,a.a
Yadran,Weymouth,F,dab.a,,CAVETOWN,,,M,N,baaaaa.a,,a.a,eiaa.a,
Krys,,M,gba.a,,EVANS CITY,,,M,,,,a.a,a.a,
Roselyn,Philippsen,M,ffj.a,,OAKLEY,CA,jefgb.a,,Y,cfaaa.a,,a.a,bhe.a,chc.a
,Balder,M,iai.a,,HONOLULU,HI,,M,Y,baaaaa.a,,a.a,caia.a,baea.a
,Decaestecker,F,jia.a,,KNIGHTDALE,,,,N,baaaaa.a,h.idaebjf,ddaa.a,a.a,
,Rossi,,eag.a,iae-gaii,CONDON,MT,fjicg.a,S,Y,daaaa.a,g.j,bjaa.a,a.a,bjaa.a
,Obozinski,,hab.a,iff-iaej,BUFFALO,ND,fiabb.a,S,Y,hfaaa.a,c.gcfbcih,ddaa.a,a.a,ddaa.a
Neel,Devine,M,dah.a,,,WY,ichcj.a,S,N,eaaaa.a,,a.a,a.a,a.a
Hung,Episkopou,,fgd.a,dhf-jgac,WATERLOO,IA,fahac.a,S,Y,dfaaa.a,f.fghdcc,ea.a,a.a,ea.a
Glaucia,Itzigehl,M,cdj.a,,THONOTOSASSA,,,M,N,,,a.a,a.a,a.a
,,F,edf.a,,,UT,iebca.a,M,,eaaaa.a,,a.a,ejfa.a,a.a
,,F,faf.a,,,NM,ihaeg.a,M,,caaaa.a,,,ggaa.a,ddaa.a
Ramakant,Zongker,,hab.a,dad-iaib,DICKINSON,ND,figab.a,M,N,ffaaa.a,,,ggaa.a,a.a
Renny,,F,cfd.a,,,WA,jighd.a,S,,faaaa.a,,a.a,a.a,a.a
Carroll,Leban,M,fac.a,,HAPPY,,,M,Y,,,,ea.a,ca.a
Mir,Kasa,F,ghi.a,,BUFORD,,,M,Y,,,,feaa.a,daaa.a
Jagesh,Takach,,ibg.a,jhh-ghab,MAYSVILLE,MO,geeeh.a,,N,efaaa.a,g.a,cbaa.a,a.a,a.a
Peter,Kohlhase,M,eai.a,,MAGALIA,CA,,,N,,,,bhe.a,a.a
,,,hdb.a,ibb-fbef,MOSCOW,,diafh.a,,,dfaaa.a,,a.a,a.a,a.a
,,M,eab.a,hjd-cbdb,,RI,cigb.a,S,,faaaa.a,,a.a,a.a,
,Cornelius,F,dab.a,,BALTIMORE,,,M,N,baaaaa.a,,,eiaa.a,
Huaiqing,Strater,M,jah.a,,CIRCLE,AK,jjhdd.a,S,Y,iaaaa.a,,,a.a,a.a
Yakov,Dagtas,,hab.a,bcb-hbed,ROLETTE,ND,fidgg.a,,N,iaaaa.a,,,ggaa.a,a.a
,,F,iac.a,,,VT,,M,,baaaaa.a,,,ggaa.a,
Bhupinder,,,chg.a,ced-gbbh,SUFFOLK,,cdedg.a,,,efaaa.a,,,biaa.a,
,Yetim,F,iei.a,gia-ffbh,VILLAS,NJ,icfb.a,S,Y,dfaaa.a,b.gdgfgcf,,a.a,
Lorenz,,M,iab.a,,,UT,,M,,,,,ejfa.a,a.a
,Heckendorn,M,cac.a,,PARCEL RETURN SERVICE,DC,,,Y,,j.a,,a.a,bdha.a
Munseok,Poot,F,cac.a,bee-cgjh,WASHINGTON,,caaaf.a,M,Y,daaaa.a,,,chea.a,
,,F,hhf.a,,,NV,ijahe.a,S,,baaaa.a,,,a.a,a.a
Yatsuka,Vellino,,dde.a,dci-baac,MENTONE,,dfjie.a,,N,gfaaa.a,f.a,,a.a,a.a
Hai,Peak,M,eai.a,,SPRING VALLEY,CA,jbjhg.a,,N,caaaa.a,,,bhe.a,a.a
Gilberto,Meyerhoff,F,cai.a,,LEWISVILLE,ID,,,N,,h.i,,a.a,a.a
KyungOh,Struble,,jca.a,fge-dgii,,WI,fdeai.a,M,N,bfaaa.a,,,beaa.a,a.a
ChingYen,,F,feb.a,,,OR,,M,,,,,dbi.a,bfj.a
Bill,Liedekerke,M,gab.a,,SHAW,,,,N,,,,bcaaa.a,a.a
Debora,,M,gic.a,,,TX,,S,,,,,a.a,a.a
Tiko,,,jab.a,cgg-eefi,RIVES,,dicfd.a,,,haaaa.a,,,a.a,a.a
Xingbin,,F,edf.a,,,UT,ieadc.a,M,,faaaa.a,,,ejfa.a,cehf.a
,Bird,,eag.a,gja-dgjj,BILLINGS,MT,fjbac.a,S,N,faaa.a,c.dhdchfi,,a.a,a.a
Hongwei,Rask,F,cac.a,dbf-bjff,WASHINGTON,,caafd.a,M,N,bfaaa.a,,,chea.a,
Totadri,,M,hbh.a,jej-fhdb,RAVINE,,bhjgg.a,,,eaaaa.a,,,a.a,
Aarni,,F,ede.a,,HAMPTON,,,M,,ifaaa.a,,,biaa.a,
Hira,,M,faj.a,,,WA,,S,,,,,a.a,a.a
Masadi,Gurevitch,M,cdb.a,,HARRISVILLE,MI,,M,Y,jaaaa.a,,,gcaa.a,dbaa.a
Luk,Usas,M,jah.a,,ELFIN COVE,AK,jjicf.a,S,N,ffaaa.a,,,a.a,a.a
,,F,jbi.a,gig-bbbi,,OK,hdidf.a,M,,faaaa.a,,,caaa.a,a.a
Zubin,Sadowski,M,dae.a,,RAGLAND,,,,Y,jfaaa.a,,,eaaa.a,
Mohamadou,Pietak,M,hca.a,,BELLVUE,CO,iafbc.a,M,Y,cfaaa.a,,,a.a,a.a
,,M,ief.a,jab-fcbi,,NY,bchjb.a,S,,daaaa.a,,,a.a,
Yuli,Rive,,cbi.a,dbf-cegc,TWIG,MN,ffhjb.a,S,N,ffaaa.a,h.bjaeeid,,a.a,a.a
,,M,ebc.a,,NEW FREEPORT,,,,,jaaaa.a,,,a.a,
Panayotis,,F,edf.a,,,UT,,M,,jfaaa.a,,,ejfa.a,cehf.a
,Ramras,F,jaj.a,,ALISO VIEJO,CA,jcgji.a,M,Y,ffaaa.a,,,bhe.a,chc.a
,Murtagh,F,dai.a,,BELLEVUE,NE,,S,N,,g.fhdgbad,,a.a,a.a
,,F,feb.a,,,OR,,M,,iaaaa.a,,,dbi.a,a.a
,Kokeny,F,ghi.a,,LAKEMONT,,,,Y,,g.a,,a.a,daaa.a
Debanjan,Annaratone,M,hca.a,,CLIFTON,CO,ibfca.a,M,N,haaaa.a,,,a.a,a.a
Pamela,Piltz,M,dah.a,,,WY,icidi.a,S,N,haaaa.a,,,a.a,a.a
,,M,iab.a,,,UT,,S,,,h.a,,a.a,a.a
Yili,,F,eab.a,fjb-icff,,RI,cjbg.a,M,,gfaaa.a,,,a.a,
,,M,hhf.a,,,NV,,S,,baaaaa.a,,,a.a,a.a
Konrad,Varvel,,hfe.a,dec-jiae,FORT LAUDERDALE,,dddbe.a,S,N,eaaaa.a,,,a.a,a.a
Famory,Favre,M,cbj.a,,OAKLAND CITY,IN,,,N,ifaaa.a,d.e,,a.a,a.a
,,F,iab.a,,,UT,,S,,,h.a,,a.a,cehf.a
,Giani,F,cfc.a,,MINERAL SPRINGS,,,,Y,iaaaa.a,h.ebaidj,,a.a,
Hari,Worm,,cha.a,fbd-dhbg,PRINTER,,ebgff.a,,N,dfaaa.a,d.hhhhhhh,,a.a,a.a
Kehsiung,Savaria,,hag.a,gcf-bbcd,ROCKLEDGE,,daefe.a,,N,caaaa.a,g.a,,a.a,a.a
Yeogirl,Abeta,M,ifg.a,jeh-iacd,CONVENT STATION,NJ,hjgb.a,M,N,caaaa.a,,,caaa.a,
Vishu,Tagle,,ieh.a,daa-edaj,CHICAGO,IL,gagjd.a,S,N,ffaaa.a,d.a,caaa.a,a.a,a.a
,Schurmann,,jbj.a,gia-dgbf,CEDAR FALLS,,chcda.a,M,Y,daaaa.a,,,ggaa.a,
Camelia,,,cbg.a,bgd-eied,AKRON,,eedbc.a,S,,gaaaa.a,c.fdhhbi,,a.a,a.a
Shaye,Mukund,F,eag.a,,LLOYD,MT,,,Y,,g.j,bjaa.a,a.a,bjaa.a
Cort,Ostertag,M,fab.a,eag-gbji,GAMALIEL,AR,hcfdh.a,S,N,cfaaa.a,g.bgddi,ca.a,a.a,a.a
,,M,ida.a,,,TX,hggjb.a,M,,faaaa.a,,,a.a,a.a
Kazushi,Bolshov,F,ddh.a,,LAKELAND,LA,,,Y,ifaaa.a,,,jaaa.a,baaa.a
Na'el,,F,feb.a,,,OR,jhdje.a,S,,gfaaa.a,j.a,bfj.a,a.a,a.a
Liangchun,Mossack,M,cad.a,,UNIONVILLE,CT,,M,N,,,,cefaa.a,
Wlodzimierz,,M,eab.a,,,RI,,S,,,,a.a,a.a,
,,F,hac.a,,,NV,,M,,,,,a.a,a.a
Balkrishna,,F,edf.a,,,UT,,S,,,h.a,cehf.a,a.a,cehf.a
Aneurin,Szyerski,,fac.a,dca-fbbb,HAPPY,,ebheg.a,M,N,daaaa.a,,,ea.a,a.a
Jayne,Siepmann,M,ici.a,,SILER CITY,,,,N,ifaaa.a,h.fbfhde,ddaa.a,a.a,
Marino,Poujol,F,fab.a,edh-eajg,TUCKER,AR,hcbgi.a,S,N,gaaaa.a,h.a,ca.a,a.a,a.a
Kotagiri,,F,gaf.a,,,SD,,M,,baaaaa.a,,,a.a,a.a
,Erbach,,ebe.a,ifb-hghe,,WI,fdbjb.a,M,Y,dfaaa.a,,,beaa.a,eaa.a
,,M,edf.a,,,UT,iegca.a,S,,faaaa.a,h.a,cehf.a,a.a,cehf.a
,Beckhoff,,ggc.a,jca-gaij,WINTERVILLE,,dihic.a,M,N,caaaa.a,,,bcaaa.a,a.a
LouAnn,Helland,F,dac.a,,NEWARK,,,,Y,,c.c,bba.a,a.a,
Laszlo,,M,hac.a,,,NV,ijeej.a,S,,dfaaa.a,,a.a,a.a,a.a
Ishwar,Dorchak,F,cac.a,fdj-gjba,WASHINGTON,,cacbg.a,M,N,ffaaa.a,,,chea.a,
,Jette,F,gcd.a,,KAIBETO,AZ,,,Y,,d.hccejji,cbaa.a,a.a,cdaa.a
HweeHwa,,F,cba.a,,,TX,,S,,baaaaa.a,,a.a,a.a,a.a
Efraim,Nutt,F,fac.a,,NERINX,,,,N,,d.hhhhhhh,ca.a,a.a,a.a
Donyaprueth,Chalfan,F,dac.a,,MILFORD,,,,Y,jaaaa.a,,,cca.a,
Sheelagh,Mercer,M,gbh.a,,WEST HARWICH,MA,,M,Y,,,,hbfa.a,
Meurig,,M,ige.a,,CHERAW,,,M,,,,,ggaa.a,a.a
,,F,hdb.a,,NASHVILLE,,,,,,,a.a,a.a,a.a
Katsuto,,M,feb.a,,,OR,jhead.a,S,,daaaa.a,j.a,bfj.a,a.a,bfj.a
Jonghyun,Regev,F,jbd.a,,WALTON,KS,,M,Y,jaaaa.a,,,efaa.a,ccfa.a
Nageshwara,Polster,,ibc.a,bfh-caeb,ROCKPORT,IN,ehgdf.a,,Y,caaaa.a,d.e,baaa.a,a.a,baaa.a
Michele,,F,deh.a,gdg-bibd,,NY,bbhhc.a,M,,iaaaa.a,,,a.a,
,,,iad.a,jah-icda,JONESVILLE,,cjdfd.a,,,iaaaa.a,,,ggaa.a,ddaa.a
,Mavronicolas,M,iai.a,,VOLCANO,HI,,M,Y,,,,caia.a,baea.a
,,M,gaf.a,,,SD,,S,,,,a.a,a.a,a.a
,,M,eaf.a,hdg-gije,,OK,hdhhc.a,S,,gaaaa.a,g.cf,baaa.a,a.a,baaa.a
Gustave,,F,hhf.a,,,NV,ijbbh.a,M,,bfaaa.a,,,a.a,a.a
Lalgudi,Buttelmann,M,ecf.a,,,WA,jijab.a,S,Y,haaaa.a,,a.a,a.a,a.a
Ragunathan,Dienes,F,hgj.a,,NOXAPATER,,,,N,baaaaa.a,f.a,gaaa.a,a.a,a.a
,Zeilberger,F,jeb.a,,STUART,,,,Y,jaaaa.a,,,a.a,a.a
,,F,fad.a,,,OR,jhaij.a,S,,baaaa.a,j.a,,a.a,bfj.a
,,F,eaf.a,,,OK,,S,,,g.cf,,a.a,baaa.a
Takayuli,Laguitton,F,fig.a,,LEONARD,MI,,,Y,,d.j,dbaa.a,a.a,dbaa.a
,,M,hce.a,ghh-iegc,SCENERY HILL,,bfdga.a,,,faaa.a,,,a.a,
Ignace,Quasthoff,F,jah.a,,TULUKSAK,AK,,M,N,jfaaa.a,,,a.a,a.a
Swarup,,F,ief.a,fig-gafh,,NY,bceij.a,S,,haaaa.a,,a.a,a.a,
,,M,iad.a,,SPARTANBURG,,,,,,h.a,ddaa.a,a.a,a.a
Katalin,Gist,,fbf.a,cad-bgja,CLINTON,IA,fchdg.a,S,N,eaaaa.a,g.ddjcbb,ea.a,a.a,a.a
Iannis,Giandomenico,M,ebd.a,gfb-jebc,GILBERTVILLE,MA,badb.a,M,N,dfaaa.a,,,hbfa.a,
,Kauffels,F,dbh.a,,MUNCIE,IN,,,Y,,,,caaa.a,baaa.a
,Steingart,M,iha.a,,GEPP,AR,,S,Y,baaaaa.a,h.a,ca.a,a.a,ca.a
Yuzo,,M,gah.a,ddb-ihhc,PORTLANDVILLE,,bdide.a,,,hfaaa.a,,a.a,a.a,
Djamal,Skatulla,F,gaj.a,,TRENTON,NJ,,S,N,ifaaa.a,c.ecfbaeb,baaa.a,a.a,
,Liuzzi,F,ici.a,,STOVALL,,,,Y,,,,ggaa.a,
Gwyneth,,M,cbf.a,,MONACA,,,,,jfaaa.a,,,a.a,
Nikos,Kindlmann,M,hca.a,,BURLINGTON,CO,,S,Y,,,a.a,a.a,a.a
Hongji,Muhlen,F,eag.a,,OPHEIM,MT,,,N,,,,diaa.a,a.a
Xinhua,Doh,F,cea.a,jig-hfdh,LAUREL,,cahai.a,,Y,ffaaa.a,,,eiaa.a,
Philipe,McMahon,F,dbe.a,,MONTGOMERY CITY,MO,,,N,,g.a,cbaa.a,a.a,a.a
Kiyoto,Takeoka,M,iga.a,ffc-dhhf,CANTERBURY,CT,gddb.a,S,Y,faaaa.a,f.a,bchfa.a,a.a,
Ramachandran,Sindoni,F,fah.a,,CALUMET,MN,,M,Y,baaaaa.a,,,ggaa.a,ddaa.a
,,F,jhb.a,,,OR,,M,,,,,dbi.a,bfj.a
Aaron,Ittner,F,ggc.a,,HEIDELBERG,,,S,N,,f.a,gaaa.a,a.a,a.a
Horia,,F,iac.a,,,VT,,M,,ifaaa.a,,,ggaa.a,
Seshu,Debackere,F,dac.a,gah-hecf,PORT PENN,,bjhdb.a,,Y,daaaa.a,,,cca.a,
Sasan,Biederman,,gab.a,cfj-fcbj,CARRIERE,,djecg.a,M,N,haaaa.a,,,bcaaa.a,a.a
Anshu,,M,cde.a,,BLOOMINGBURG,,,M,,,,,cgaa.a,a.a
,Salvesen,,dig.a,ibc-bacb,PORT SAINT LUCIE,,dejif.a,,N,bfaaa.a,,,a.a,a.a
,,,hdb.a,hbd-cief,MEMPHIS,,dibbg.a,,,baaaa.a,,a.a,a.a,a.a
,Hohne,M,ghi.a,,ATLANTA,,,M,Y,,,,feaa.a,daaa.a
Koichi,Nonnenmacher,F,faf.a,,,NM,,S,N,,f.d,ddaa.a,a.a,a.a
,Pedrotti,,gfb.a,ghd-bdfi,LEWISTON,MN,ffjfc.a,,N,ffaaa.a,h.bjaeeid,ddaa.a,a.a,a.a
Devindra,Ziegler,,eac.a,jhj-gfej,DOUGLAS,NE,gidee.a,M,Y,dfaaa.a,,,cag.a,bad.a
Sebastian,,F,eaf.a,egb-hjjj,,OK,hdefd.a,S,,gaaaa.a,g.cf,baaa.a,a.a,baaa.a
Sharma,Graefe,,eag.a,gcd-ibfd,VIRGINIA CITY,MT,fjhff.a,S,Y,efaaa.a,g.j,bjaa.a,a.a,bjaa.a
,Tahi,F,iga.a,ich-dace,STRATFORD,CT,ggbf.a,,N,dfaaa.a,,,cefaa.a,
,,M,cbe.a,,,TX,,M,,,,,a.a,a.a
,Selvestrel,F,ddh.a,,GIBSON,LA,,S,Y,jaaaa.a,g.a,efaa.a,a.a,baaa.a
,Dinkloh,,dbd.a,iag-jhai,MAPLE RAPIDS,MI,eiifd.a,,N,ffaaa.a,d.j,dbaa.a,a.a,a.a
,Rouet,,hab.a,ifc-hbfj,FAIRDALE,ND,ficcj.a,S,Y,efaaa.a,c.chhdgbe,ddaa.a,a.a,ddaa.a
Svatopluk,Bell,F,gad.a,gae-iccd,MADBURY,NH,dicd.a,,Y,baaaa.a,,a.a,a.a,
Alejo,Jezioranski,M,ebd.a,,MILTON VILLAGE,MA,,,Y,,,,hbfa.a,
,Lange,F,eag.a,,HOT SPRINGS,MT,,M,Y,,,,diaa.a,bjaa.a
,Stomenovic,,eag.a,ide-iifj,WILLOW CREEK,MT,fjhga.a,S,Y,eaaaa.a,g.j,bjaa.a,a.a,bjaa.a
Rema,,M,dga.a,,,WA,jjdfc.a,M,,bfaaa.a,,,a.a,a.a
,Medvidovic,M,daj.a,,PALOS HILLS,IL,,,Y,,,,eaaa.a,caaa.a
Anuj,Flaus,F,iha.a,efb-efhj,HUGHES,AR,hcdei.a,S,N,bfaaa.a,d.hhdadh,ca.a,a.a,a.a
Linqi,Dreger,M,caf.a,,EMPIRE,,,S,Y,ifaaa.a,f.a,bfaa.a,a.a,daa.a
Kitsana,,,jab.a,dch-ieib,MONROE,,difhd.a,,,bfaaa.a,,,a.a,a.a
Barun,,,jdh.a,jhf-cefe,GENEVA,,eeaeb.a,S,,daaaa.a,b.febihbi,bdaa.a,a.a,bdaa.a
Zorana,Grams,M,iai.a,,HAUULA,HI,jghbh.a,S,N,gaaaa.a,i.cf,baea.a,a.a,a.a
Venu,Faletti,,eag.a,bdh-ejge,GREAT FALLS,MT,fjeab.a,S,N,bfaaa.a,g.j,bjaa.a,a.a,a.a
Raoul,,M,fad.a,,,OR,,M,,,,,dbi.a,bfj.a
Adly,Mouaddib,F,iga.a,,EASTON,CT,,S,Y,,f.a,bchfa.a,a.a,
Fotis,Ruther,F,dac.a,dhg-jhfg,WILMINGTON,,bjiia.a,M,N,faaaa.a,,,cca.a,
Jurij,Baak,F,gaj.a,ehg-ghbd,BRIELLE,NJ,ihda.a,M,N,dfaaa.a,,,caaa.a,
,Otillio,F,iga.a,,OLD SAYBROOK,CT,,,N,baaaaa.a,f.a,bchfa.a,a.a,
,,M,fad.a,,,OR,,S,,baaaaa.a,j.a,bfj.a,a.a,a.a
Yul,Guetari,M,iai.a,,KUALAPUU,HI,jghfh.a,,Y,efaaa.a,i.cf,baea.a,a.a,baea.a
Bhagirath,Lichtner,M,ebh.a,,JAMESPORT,MO,,,Y,,,,ecaa.a,bcaa.a
,Gran,,hbc.a,iab-bbjg,AGENCY,IA,fcfda.a,M,Y,gfaaa.a,,,ia.a,ea.a
,,M,fbc.a,,,TX,hjjcd.a,S,,gfaaa.a,,a.a,a.a,a.a
Lila,,,jdb.a,ehg-eica,NASHVILLE,,dhcci.a,,,dfaaa.a,,a.a,a.a,a.a
Hidetsune,Witkowski,M,cac.a,,WASHINGTON,,,S,N,jaaaa.a,j.a,bdha.a,a.a,
Alix,,F,hhf.a,,,NV,ijaeg.a,M,,iaaaa.a,,,a.a,a.a
Jennifer,Kirchherr,F,eag.a,,GILDFORD,MT,,S,Y,,g.j,bjaa.a,a.a,bjaa.a
Jun,Stranks,,dae.a,dda-cdhc,PROCIOUS,,cfbge.a,,Y,eaaaa.a,,,eaaa.a,
Fatimah,Rotger,F,ehj.a,dcg-ihff,LETONA,AR,hcaif.a,,Y,gaaaa.a,h.a,ca.a,a.a,ca.a
Chiaki,Matthijssen,M,eae.a,,ETON,,,M,N,,,,feaa.a,a.a
Wilko,Olive,,ddg.a,baj-ffbg,CORNELIUS,,ciadb.a,M,N,caaaa.a,,,ggaa.a,
Aantony,,F,iab.a,,,UT,iegae.a,S,,iaaaa.a,h.a,cehf.a,a.a,cehf.a
Ajay,Mokkedem,F,dae.a,,CABINS,,,M,Y,,,,eaaa.a,
,Blus,M,gca.a,,DEERFIELD,KS,,S,Y,jaaaa.a,g.ef,ccfa.a,a.a,ccfa.a
Jacobijn,,F,hhf.a,,,NV,,M,,,,,a.a,a.a
Yunqi,Konuru,F,dai.a,,CORDOVA,NE,,M,N,,,,cag.a,a.a
Celine,Felgentreu,F,ffb.a,cgi-efab,ORANGE,NJ,hafa.a,,N,ffaaa.a,b.jfbjhjc,baaa.a,a.a,
,,F,iac.a,,,VT,,S,,baaaaa.a,e.jjeghc,ddaa.a,a.a,
Keki,Cooperman,M,cai.a,,KAMIAH,ID,idfdg.a,,Y,caaaa.a,,,ggaa.a,ddaa.a
Charly,Geibel,,dbg.a,fdd-gaci,TOPEKA,KS,gggag.a,S,N,bfaaa.a,d.f,ccfa.a,a.a,a.a
Wernhuar,,,gaf.a,bei-fbia,,SD,fhcfc.a,S,,haaaa.a,,a.a,a.a,a.a
Agha,,M,hhf.a,,,NV,,M,,jfaaa.a,,,a.a,a.a
Gaetan,Skamoto,M,ehj.a,,BONO,AR,,S,Y,baaaaa.a,h.a,ca.a,a.a,ca.a
,Kauffmann,F,cbj.a,,BUTLERVILLE,IN,,S,Y,,d.e,baaa.a,a.a,baaa.a
Yanghee,DeFouw,,iba.a,jjb-eihj,RUDYARD,MI,ejhia.a,,N,gfaaa.a,,,gcaa.a,a.a
Jorjeta,,F,eab.a,jff-icje,,RI,cjag.a,S,,haaaa.a,,a.a,a.a,
Hiroyuki,,M,iad.a,,LANDO,,,,,jfaaa.a,,,ggaa.a,a.a
Adarsh,Abouzahra,F,ccf.a,eia-bbaf,DARROW,LA,hahcf.a,S,Y,dfaaa.a,g.a,efaa.a,a.a,baaa.a
,,M,eab.a,ifd-fgej,,RI,cida.a,S,,eaaaa.a,,a.a,a.a,
Marlis,Bondorf,,ebe.a,dgi-fade,,WI,feegh.a,M,Y,daaaa.a,,,beaa.a,eaa.a
Joxan,McCallien,F,faf.a,,,NM,,M,N,,,,ggaa.a,a.a
,Douligeris,F,fab.a,,ALPENA,AR,,M,N,ifaaa.a,,,ea.a,a.a
Keung,Sidje,,jae.a,fff-bejh,AVON PARK,,ddicf.a,M,N,ffaaa.a,,,a.a,a.a
Mustafa,Francisci,M,eed.a,ccf-cfcf,SILVER SPRING,,cajbg.a,,Y,daaaa.a,e.hf,ceaa.a,a.a,
Jagesh,Dussud,,eag.a,bch-fabd,BLOOMFIELD,MT,fjdbf.a,S,N,faaaa.a,g.j,bjaa.a,a.a,a.a
Adri,Takada,,gai.a,fhi-bcbi,,WI,fdbae.a,S,Y,iaaaa.a,f.idgebf,haa.a,a.a,eaa.a
,Kragelund,M,dac.a,,CAMDEN WYOMING,,,S,N,,f.jf,bba.a,a.a,
,Parodi,M,ehj.a,gjc-hfji,EDGEMONT,AR,hcaee.a,S,Y,caaaa.a,e.jgicaid,ca.a,a.a,ca.a
Faouzi,Alvarez,,dae.a,fjb-jaha,FOLSOM,,cgdei.a,M,Y,hfaaa.a,,,eaaa.a,
Annemarie,Bheda,,eag.a,ebd-gfah,BILLINGS,MT,fjbbb.a,M,N,bfaaa.a,,,diaa.a,a.a
Christina,,M,hih.a,,,PR,,M,,,,,a.a,a.a
Jianchao,McArthur,M,caf.a,,EDWARDSVILLE,,,M,N,,,,daaa.a,a.a
Samer,Caugne,,dbe.a,eja-ffde,CAIRO,MO,gfcdj.a,M,Y,hfaaa.a,,,ecaa.a,bcaa.a
Athena,,M,ied.a,,LANE,,,,,,h.a,ddaa.a,a.a,ddaa.a
Mohamed,Magalhaes,F,eba.a,,NANTICOKE,,,,Y,,e.hf,ceaa.a,a.a,
Eliezer,Frijda,M,cai.a,,HAYDEN,ID,ididf.a,S,Y,gfaaa.a,h.i,ddaa.a,a.a,ddaa.a
,,M,feb.a,,,OR,,M,,baaaaa.a,,,dbi.a,bfj.a
Arunachalam,Usdin,F,dac.a,cei-jhed,WILMINGTON,,bjiah.a,S,Y,efaaa.a,e.jchchd,bba.a,a.a,
Kamalakar,Cullingford,M,hca.a,,COALMONT,CO,iaeda.a,S,N,faaaa.a,,a.a,a.a,a.a
,Gunn,,cfb.a,ijc-bjag,MONTGOMERY,,dgbbc.a,,N,dfaaa.a,,,daaa.a,a.a
Xuemin,Lebel,F,jhd.a,,EDISON,NJ,,S,Y,,b.e,baaa.a,a.a,
,Pileggi,F,iai.a,,HONOLULU,HI,,S,N,iaaaa.a,i.cf,baea.a,a.a,a.a
Regis,,F,feb.a,,,OR,,S,,ifaaa.a,j.a,bfj.a,a.a,a.a
Fetima,L'Ecuyer,F,iga.a,,EASTFORD,CT,,M,N,,,,cefaa.a,
Guna,Heijst,F,gga.a,,POLK,MO,,,Y,,g.a,cbaa.a,a.a,bcaa.a
Przemyslawa,Delugach,,fgd.a,djh-jajd,SPRINGBROOK,IA,fcahf.a,,N,ffaaa.a,i.gfeii,ea.a,a.a,a.a
Mino,Waldherr,,daf.a,feb-chdh,JACKSONVILLE,,dccaj.a,,N,haaaa.a,,a.a,a.a,a.a
Nia,Billawala,M,cah.a,cca-bcdj,HARPSWELL,ME,eahj.a,S,N,efaaa.a,i.f,cifa.a,a.a,
LouAnn,Cakir,F,ecf.a,,,WA,,M,N,baaaaa.a,,,a.a,a.a
Walid,Randi,,ggc.a,jgg-cjea,GLEN,,diieg.a,M,N,haaaa.a,,,bcaaa.a,a.a
,Wender,,cgc.a,hji-gjdb,,WI,fdaah.a,S,Y,eaaaa.a,f.bebeaje,haa.a,a.a,eaa.a
Rodnay,Ezer,M,cac.a,ejh-cici,WASHINGTON,,cafga.a,M,N,cfaaa.a,,,chea.a,
,,F,feb.a,,,OR,jhaff.a,S,,daaaa.a,j.a,bfj.a,a.a,a.a
Plamenka,,F,eab.a,dfb-didf,,RI,cieb.a,M,,gaaaa.a,,,a.a,
Muralidhara,,F,gah.a,bei-cgfe,,NY,bcbea.a,M,,daaaa.a,,,a.a,
Wiktor,Geerts,,cfc.a,baj-gjae,KINGS MOUNTAIN,,ciaig.a,,Y,faaaa.a,g.hibegie,ddaa.a,a.a,
Talel,Greer,,fhe.a,dff-dacj,TUNNELTON,IN,ehegh.a,M,Y,bfaaa.a,,,caaa.a,baaa.a
Guoxiang,,M,geg.a,,,NY,,M,,jaaaa.a,,,a.a,
Khun,Borucki,F,ccf.a,,KENTWOOD,LA,,,N,jaaaa.a,g.a,efaa.a,a.a,a.a
Piers,Selenyi,M,cac.a,fcb-hdai,WASHINGTON,,caaff.a,M,N,faaaa.a,,,chea.a,
Lorene,DeJean,M,hdc.a,efe-djgh,ADELPHIA,NJ,hhba.a,M,Y,bfaaa.a,,,caaa.a,
Lucja,,,dda.a,djb-gied,FOWLER,,eeebi.a,M,,gfaaa.a,,,cgaa.a,bdaa.a
Wilfredo,Radecka,,gda.a,jfe-jdfa,ROCK FALLS,IL,gbahb.a,,Y,gfaaa.a,,,eaaa.a,caaa.a
,Breitinger,,cci.a,hgf-ibbh,FLOWOOD,,djcdc.a,S,N,caaaa.a,f.a,gaaa.a,a.a,a.a
Danette,,F,cgh.a,,ASTON,,,M,,,,,a.a,
Bokyung,Mutschke,F,cbj.a,,GREENSBURG,IN,,S,Y,,d.e,baaa.a,a.a,baaa.a
Ingmar,,M,jdj.a,,,PR,,S,,jfaaa.a,,a.a,a.a,a.a
,,M,hac.a,,,NV,,M,,,,,a.a,a.a
Wenyu,,F,feb.a,,,OR,,S,,jaaaa.a,j.a,bfj.a,a.a,bfj.a
Sarosh,Bala,,dde.a,dgb-iaff,MOBILE,,dggba.a,,N,bfaaa.a,f.a,bfaa.a,a.a,a.a
Sreenivas,,M,hdb.a,,DOWELLTOWN,,,M,,,,,a.a,a.a
Dwight,Isles,M,faf.a,,,NM,,S,N,,e.jfhbed,ddaa.a,a.a,a.a
Xinyao,Payton,,ccj.a,jei-ijdb,FOWLSTOWN,,djifc.a,M,N,efaaa.a,,,feaa.a,a.a
Seongtaek,,,fbd.a,bfe-jebi,RACINE,,efhhb.a,,,dfaaa.a,b.hahiegc,bdaa.a,a.a,bdaa.a
Madhusudan,,M,hdb.a,,SPRING CREEK,,,,,jaaaa.a,,,a.a,a.a
Shrinivas,Yochum,,ggc.a,fgg-ihff,NATCHEZ,,djbcc.a,,N,gfaaa.a,f.a,gaaa.a,a.a,a.a
,Staggers,,dae.a,hia-dhda,WILCOE,,ceijf.a,M,N,caaaa.a,,,eaaa.a,
,,M,hih.a,,,PR,,S,,,,a.a,a.a,a.a
Yali,Aghili,F,cac.a,ejb-iibf,WASHINGTON,,cafec.a,M,N,haaaa.a,,,chea.a,
Gudala,,F,iab.a,,,UT,,S,,,h.a,cehf.a,a.a,a.a
Bernad,Prevel,,jbd.a,djj-gbhj,HOLYROOD,KS,ghefa.a,S,N,ffaaa.a,g.ef,ccfa.a,a.a,a.a
Chandraleka,Howkins,M,hbc.a,,DES MOINES,IA,,S,N,,a.jdfjie,ea.a,a.a,a.a
Geetha,Koszlajda,M,cad.a,,EAST GRANBY,CT,,M,N,,,,cefaa.a,
Swamy,,,gaf.a,bih-dfij,,SD,fhhjj.a,S,,bfaaa.a,,a.a,a.a,a.a
Marney,Castan,F,dah.a,,,WY,,M,N,jaaaa.a,,,a.a,a.a
Divyakant,Karzanov,M,fhe.a,,ELNORA,IN,,S,Y,,d.e,baaa.a,a.a,baaa.a
Darwen,Broll,F,faf.a,,,NM,,S,N,ifaaa.a,f.d,ddaa.a,a.a,a.a
Markian,,M,hhf.a,,,NV,ijedi.a,S,,gfaaa.a,,a.a,a.a,a.a
,Sheridan,,fac.a,hca-fbcj,THELMA,,ebcga.a,M,N,iaaaa.a,,,ea.a,a.a
Hal,,,gaf.a,gfa-bdfh,,SD,fhgfa.a,S,,cfaaa.a,,a.a,a.a,a.a
,Journel,M,cah.a,,FARMINGTON FALLS,ME,,S,Y,,i.f,cifa.a,a.a,
,Lovas,F,jah.a,,ANDERSON,AK,,M,N,,,,a.a,a.a
,Lund,M,fig.a,,CASPIAN,MI,,M,Y,,,,gcaa.a,dbaa.a
,Elsanadidi,M,dah.a,,,WY,icief.a,S,Y,hfaaa.a,,a.a,a.a,a.a
,Marakakis,F,jif.a,,KAPLAN,LA,,,Y,,g.a,efaa.a,a.a,baaa.a
,Nissenbaum,M,fgd.a,,GUTTENBERG,IA,,S,Y,,i.ji,ea.a,a.a,ea.a
Stuart,,,gaf.a,cid-gihh,,SD,fhfcc.a,M,,efaaa.a,,,a.a,a.a
,Guski,M,dah.a,,,WY,icfce.a,M,Y,iaaaa.a,,,a.a,a.a
,Aha,F,fgd.a,,MOUNT AUBURN,IA,,,Y,ifaaa.a,,,ia.a,ea.a
,Marzullo,F,iai.a,,WAIKOLOA,HI,,M,N,,,,caia.a,a.a
Nobumitsu,Ianni,F,gai.a,,,WI,,S,Y,,g.bidjbi,haa.a,a.a,eaa.a
Gongxian,Rotger,,gdg.a,ccf-gfad,CLIMAX SPRINGS,MO,gfdce.a,M,N,efaaa.a,,,ecaa.a,a.a
Surendranath,Junnemann,F,dfb.a,,CHESHIRE,MA,,S,Y,,f.d,dfhf.a,a.a,
,Averbuch,,gdg.a,ifh-fgdd,ROCKBRIDGE,MO,gfheb.a,,N,eaaaa.a,,,ecaa.a,a.a
Kwangyoen,Nyce,F,cai.a,,OSBURN,ID,,,N,,h.i,ddaa.a,a.a,a.a
,,,gbe.a,ibi-jifc,PEEBLES,,efgga.a,,,haaaa.a,,,cgaa.a,a.a
,Ritzmann,,ibg.a,icg-hech,COLUMBIA,MO,gfcab.a,M,Y,faaa.a,,,ecaa.a,bcaa.a
Marney,Zeidenstein,,cgc.a,dde-diji,,WI,febdg.a,M,Y,cfaaa.a,,,beaa.a,eaa.a
Weiye,Korcuska,F,ccj.a,,DULUTH,,,M,Y,,,,feaa.a,daaa.a
Chaoyi,,M,edf.a,,,UT,,S,,,h.a,cehf.a,a.a,a.a
Jixin,Kislenkov,F,dab.a,,TAYLORS ISLAND,,,M,N,,,,eiaa.a,
Mattijs,Kwiatkowski,M,dah.a,,,WY,,S,Y,,,a.a,a.a,a.a
Merrick,,F,iad.a,,MC BEE,,,,,,,,ggaa.a,ddaa.a
,Tompa,M,cac.a,haa-dacc,WASHINGTON,,cafed.a,M,N,daaaa.a,,,chea.a,
,Brophy,F,iai.a,,LIHUE,HI,jghgg.a,,N,gaaaa.a,i.cf,baea.a,a.a,a.a
,Benveniste,,dbj.a,iij-dghg,COUNCIL BLUFFS,IA,fbfac.a,M,Y,cfaaa.a,,,ia.a,ea.a
Mogens,Oettli,M,fae.a,,THIBODAUX,LA,,M,N,jfaaa.a,,,jaaa.a,a.a
Anand,Rehfuss,,cdj.a,dij-eaie,ONA,,ddigf.a,,Y,bfaaa.a,,,a.a,a.a
Tulika,Leufke,F,cai.a,,STAR,ID,,,N,,c.gjadedj,ddaa.a,a.a,a.a
Jui,Ranft,,ebh.a,fhe-gfeg,MACKS CREEK,MO,gfhig.a,,N,gaaaa.a,g.a,cbaa.a,a.a,a.a
Oukseh,Rick,F,cbh.a,,NILES,IL,,,Y,jfaaa.a,,,eaaa.a,caaa.a
Basilis,Emiris,F,cfd.a,,,WA,jicdb.a,M,Y,dfaaa.a,,,a.a,a.a
Annie,Antos,,hgj.a,jhd-echh,RICHLAND,,djcbi.a,,N,cfaaa.a,f.a,gaaa.a,a.a,a.a
Ishantha,Marburger,M,eae.a,,ELKO,,,S,N,,g.a,chaa.a,a.a,a.a
Michal,,M,faf.a,,,NM,iicba.a,M,,haaaa.a,,,ggaa.a,a.a
Jurgen,Munetoh,F,ehj.a,,SULPHUR ROCK,AR,,S,N,,g.bgddi,ca.a,a.a,a.a
Rajendran,Kuberka,M,dac.a,,MARYDEL,,,,Y,,c.iibibid,bba.a,a.a,
Drew,,,ebj.a,gbb-bdgf,MALAGA,,edhfh.a,,,iaaaa.a,,,cgaa.a,bdaa.a
,Gargeya,F,iga.a,gia-feih,NORWALK,CT,gifc.a,,N,daaaa.a,,,cefaa.a,
Jelena,Cagley,,ggc.a,ede-bead,MAYERSVILLE,,djbbd.a,,N,faaaa.a,f.a,gaaa.a,a.a,a.a
Xiangfeng,Matuttis,F,faf.a,,,NM,,M,N,,,,ggaa.a,a.a
Agnieszka,,M,jdj.a,,,PR,,S,,jaaaa.a,,a.a,a.a,
Hsiang,Luff,M,dae.a,,HUNTINGTON,,,M,N,,,,eaaa.a,
Shekar,,,had.a,bih-ejie,CHESAPEAKE,,cddcc.a,S,,caaaa.a,f.hf,jaa.a,a.a,
Rustam,,M,deh.a,big-ieij,WEST FALLS,,bebha.a,M,,ffaaa.a,,,a.a,
Evanthia,Wavrik,M,dde.a,,JASPER,,,,Y,ifaaa.a,,,daaa.a,daa.a
Bohuslav,Strubbe,,cci.a,bbj-bghb,MIZE,,djbbg.a,,N,daaaa.a,f.a,gaaa.a,a.a,a.a
,Schlag,,ibg.a,ieb-bbff,BUFFALO,MO,gfgcc.a,M,Y,gfaaa.a,,,ecaa.a,bcaa.a
Sahrah,Maskas,M,hgd.a,,LAKE LILLIAN,MN,,,N,,,,ggaa.a,a.a
Yongge,Leino,M,ffb.a,,BAYVILLE,NJ,,S,N,,c.ecfbaeb,baaa.a,a.a,
Iyad,Girgensohn,M,gad.a,gda-bafg,CENTER BARNSTEAD,NH,dccf.a,M,Y,caaaa.a,,,a.a,
Venkatesan,,F,edf.a,,,UT,iehbj.a,S,,faaaa.a,h.a,,a.a,a.a
Micha,Wavish,,eag.a,daa-bfih,BLACK EAGLE,MT,fjebe.a,M,Y,bfaaa.a,,,diaa.a,bjaa.a
Donanld,,F,jdb.a,,CORRYTON,,,S,,,,a.a,a.a,a.a
Nicu,Malhotra,M,ddj.a,,VINEYARD HAVEN,MA,,S,Y,,f.d,,a.a,
Dharmaraja,,M,hih.a,dcg-ccae,,PR,hig.a,M,,daaaa.a,,,a.a,
Hayato,Fergany,F,jah.a,,LOWER KALSKAG,AK,,,Y,jfaaa.a,,,a.a,a.a
,Aimeur,M,cai.a,,KOOSKIA,ID,idfdj.a,,Y,dfaaa.a,h.i,,a.a,ddaa.a
Howard,Tomer,,cbh.a,jgg-dcea,STEWARDSON,IL,gcegd.a,,Y,cfaaa.a,,,eaaa.a,caaa.a
Yujiun,Giegerich,M,jia.a,,ORRUM,,,,Y,jfaaa.a,h.hcffcee,,a.a,
Ioanna,Couvreur,F,cai.a,,MAY,ID,idcfd.a,,Y,iaaaa.a,h.i,,a.a,ddaa.a
,Brunn,,gai.a,hdg-fgej,,WI,febgb.a,S,N,dfaaa.a,f.afefddf,,a.a,a.a
Frieder,Panangaden,M,igc.a,bgj-ibfg,WAYNE,NJ,hehh.a,S,N,bfaaa.a,b.e,,a.a,
,Quinet,M,jah.a,,FALSE PASS,AK,jjfid.a,S,Y,gfaaa.a,,,a.a,a.a
Baltasar,Salmon,M,ffj.a,,SAN DIEGO,CA,jcbag.a,,Y,cfaaa.a,f.ebabfh,,a.a,chc.a
Krste,Reistad,F,faf.a,,,NM,,S,Y,jfaaa.a,f.d,,a.a,ddaa.a
Valmir,,F,iab.a,,,UT,ieaba.a,S,,faaaa.a,h.a,,a.a,cehf.a
Hui,,F,cib.a,,,TX,,M,,,,,a.a,a.a
Imadeldin,Takagi,M,dac.a,cea-ejcj,WILMINGTON,,bjiih.a,S,Y,efaaa.a,e.jchchd,,a.a,
Wojciech,,M,ida.a,,,TX,,S,,jfaaa.a,,,a.a,a.a
Gurindar,Fulcher,F,cag.a,,,WA,,S,Y,ifaaa.a,,,a.a,a.a
Yamine,,F,dbf.a,ceb-hadc,,NY,bbdhc.a,S,,dfaaa.a,,,a.a,
,,F,ige.a,,WILLIAMS,,,S,,,h.a,,a.a,a.a
Noemie,Alpuente,,hab.a,egb-bicd,SHEYENNE,ND,fidhe.a,,N,gaaaa.a,,,ggaa.a,a.a
Agustin,Boggs,,gda.a,gab-dfad,PETERSBURG,IL,gcghf.a,,N,ffaaa.a,,,eaaa.a,a.a
Lourdes,,F,fia.a,fbb-bcbb,,OK,hegab.a,M,,dfaaa.a,,,caaa.a,a.a
Huaxiong,,,ied.a,gbd-eedj,LAKE CITY,,cjfga.a,,,eaaaa.a,,,ggaa.a,a.a
,,F,edf.a,,,UT,iehbj.a,M,,caaaa.a,,,ejfa.a,cehf.a
Toshihito,Radhakrishnan,,jij.a,fba-ibie,FARMINGTON,MI,eiddc.a,S,N,baaaa.a,d.j,,a.a,a.a
Magatho,,,jdb.a,bbj-icce,MIDDLETON,,diafc.a,,,hfaaa.a,,,a.a,a.a
Chuchang,Milgrom,M,cai.a,,BOISE,ID,,M,N,,,,ggaa.a,a.a
Tokunbo,Leban,F,caf.a,,COY,,,S,Y,,f.a,,a.a,daa.a
Ceon,Peyn,M,cai.a,,IDAHO FALLS,ID,ideab.a,S,N,gfaaa.a,h.i,,a.a,a.a
Souji,Mandell,M,eai.a,,LA VERNE,CA,,,N,,j.d,,a.a,a.a
Fun,Bultitude,,dae.a,bjj-feah,PEACH CREEK,,cfgdj.a,,N,faaa.a,,,eaaa.a,
,Kroft,F,ici.a,,ASHEVILLE,,,S,Y,,h.fbfhde,,a.a,ddaa.a
Aviezri,Woehl,,jia.a,gaf-cfab,ROLESVILLE,,chfhb.a,,N,caaaa.a,,,ggaa.a,
Guntram,Fouchal,F,faj.a,,,WA,jidfg.a,S,N,cfaaa.a,,,a.a,a.a
Fatma,Antin,,cfc.a,eee-jhgc,FARMVILLE,,chici.a,S,Y,eaaaa.a,g.fhbghi,,a.a,
Ufuk,,M,iac.a,bfc-eccb,,VT,fieh.a,M,,gaaaa.a,,,ggaa.a,
,Skala,F,iga.a,gji-cfgj,NEW HAVEN,CT,gfaj.a,,Y,caaaa.a,f.a,,a.a,
Shannon,Crutchfield,,dae.a,egh-dcaf,BRAMWELL,,cehbf.a,M,N,daaaa.a,,,eaaa.a,
Yanjun,Maguire,F,dai.a,,DODGE,NE,,M,Y,,,,cag.a,bad.a
Ronni,Azarbod,,gab.a,djb-fehb,BALDWYN,,diice.a,S,Y,gfaaa.a,f.a,,a.a,bfaa.a
Berardina,Atarashi,F,jfb.a,,NEWPORT BEACH,CA,jcgfi.a,,Y,daaaa.a,g.fjafed,,a.a,chc.a
Kwangsub,Joobbani,M,ici.a,,WINSTON SALEM,,,S,N,,h.hcffcee,,a.a,
Gerlinde,Joswig,F,eag.a,,SUNBURST,MT,,M,Y,,,,diaa.a,bjaa.a
Borivoj,Nisiyama,F,jfb.a,,OCEANSIDE,CA,,,N,,,,bhe.a,a.a
Xiaoyang,Benaissa,M,dac.a,,BRIDGEVILLE,,,S,N,jfaaa.a,f.jf,,a.a,
Bikash,,M,fhb.a,,FALLS CHURCH,,,S,,,f.hf,,a.a,
Suhas,,F,iab.a,,,UT,iebfc.a,M,,bfaaa.a,,,ejfa.a,cehf.a
,,M,fad.a,,,OR,jhdah.a,M,,caaaa.a,,,dbi.a,bfj.a
Heichun,Khodabandeh,M,gai.a,,,WI,,S,N,,e.jghgfi,,a.a,a.a
Marcella,McKee,M,ibc.a,,LEXINGTON,,,,N,,d.e,,a.a,a.a
Taisuke,Hillston,M,gfb.a,,WILLIAMS,MN,,S,N,,h.bjaeeid,,a.a,a.a
Jorrge,,F,jbi.a,ehf-jegi,,OK,hefgh.a,S,,baaaa.a,g.cf,,a.a,a.a
Keiji,Couvreur,F,cac.a,bef-gjje,WASHINGTON,,cafhi.a,S,Y,eaaaa.a,j.a,,a.a,
,Bercovich,M,gca.a,,PARSONS,KS,,,Y,ifaaa.a,g.ef,,a.a,ccfa.a
Mitsuteru,Hoffler,M,gca.a,,WEBBER,KS,,S,N,,e.eidddd,,a.a,a.a
,Lieflander,F,dbg.a,,WICHITA,KS,,M,N,,,,efaa.a,a.a
,,M,jbf.a,,,TX,hhida.a,S,,cfaaa.a,,,a.a,a.a
Shao,Schmill,M,jah.a,,KIPNUK,AK,,,Y,baaaaa.a,,,a.a,a.a
Pascalin,Eigler,,dbj.a,ejf-jhbd,FLORIS,IA,fcfga.a,M,Y,hfaaa.a,,,ia.a,ea.a
Surnjani,Norigoe,F,dfc.a,,ORLANDO,,,,N,,,,a.a,a.a
,Kohling,M,gcd.a,,LUKEVILLE,AZ,,,Y,,d.ej,,a.a,cdaa.a
Chien,Anstee,M,faf.a,,,NM,ihfaf.a,M,N,bfaaa.a,,,ggaa.a,a.a
Ignas,,F,eab.a,ceg-dibb,,RI,cifi.a,S,,ffaaa.a,,,a.a,
,Gitlin,,fah.a,hdf-dbfb,BUHL,MN,ffhbd.a,M,Y,haaaa.a,,,ggaa.a,ddaa.a
Navid,Giddy,M,ddh.a,gbh-ehfd,TICKFAW,LA,haegg.a,M,Y,bfaaa.a,,,jaaa.a,baaa.a
Ludek,Dissmann,F,dac.a,cih-fdgf,FENWICK ISLAND,,bjjee.a,S,Y,gaaaa.a,f.jf,,a.a,
,,F,eab.a,ihb-bcef,,RI,cihc.a,S,,gfaaa.a,,,a.a,
Guihai,,,ecd.a,ccf-hidg,MEMPHIS,,dibbj.a,,,gaaaa.a,,,a.a,a.a
Schuichi,,,ecd.a,fcg-iibc,SPENCER,,difif.a,,,hfaaa.a,,,a.a,a.a
Dhananjay,,F,iab.a,,,UT,iedbh.a,M,,iaaaa.a,,,ejfa.a,cehf.a
Vassily,Pelayo,M,jah.a,,SAND POINT,AK,jjggb.a,,N,faaaa.a,,,a.a,a.a
,Gloger,F,cci.a,,YAZOO CITY,,,M,N,jaaaa.a,,,bcaaa.a,a.a
,,F,fad.a,,,OR,,S,,,j.a,,a.a,bfj.a
Nimar,Blau,F,dab.a,fja-gihh,BETHESDA,,caije.a,M,Y,bfaaa.a,,,eiaa.a,
,,M,iad.a,,VANCE,,,M,,,,,ggaa.a,ddaa.a
Margrit,Brandsma,,gga.a,dfd-cgga,DUTZOW,MO,gddec.a,M,Y,baaaa.a,,,ecaa.a,bcaa.a
,,,cde.a,jbg-bebf,TOLEDO,,edgab.a,M,,gfaaa.a,,,cgaa.a,a.a
Naotake,Tonnesen,F,cad.a,gfj-beji,FARMINGTON,CT,gadc.a,S,N,daaaa.a,f.a,,a.a,
,Bavuso,F,dah.a,,,WY,,M,N,jfaaa.a,,,a.a,a.a
Alselm,Olenski,F,iai.a,,HALEIWA,HI,jghbc.a,M,Y,cfaaa.a,,,caia.a,baea.a
,,F,gaf.a,,,SD,,S,,,,,a.a,a.a
Eenjan,,M,fad.a,,,OR,,S,,,j.a,,a.a,a.a
Reriel,Il'in,F,hab.a,,GRASSY BUTTE,ND,,S,Y,,c.bgbedj,,a.a,ddaa.a
Kshitij,Guzdial,F,hch.a,,TAMPA,,,M,Y,,,,a.a,a.a
Gayle,Schoning,F,jhd.a,fhi-gbhb,NEW BRUNSWICK,NJ,ijii.a,,Y,bfaaa.a,b.e,,a.a,
Heinz,Melcarne,F,gbg.a,,SAGINAW,MI,,,N,,,,gcaa.a,a.a
Seiichiro,Mitzlaff,F,hgj.a,,FRIARS POINT,,,S,Y,,f.a,,a.a,bfaa.a
Ryotaro,Kushner,F,hgd.a,,SPRING PARK,MN,,,Y,,,,ggaa.a,ddaa.a
,Gohl,M,dah.a,,,WY,idbci.a,M,Y,daaaa.a,,,a.a,a.a
Jamey,Widenauer,,cbj.a,eee-iaah,MUNCIE,IN,ehdac.a,,Y,eaaaa.a,,,caaa.a,baaa.a
,Dawood,M,eia.a,,FREDONIA,AZ,igacc.a,S,N,cfaaa.a,d.bacf,,a.a,a.a
Nasreddine,Chamillard,,igd.a,bhe-bjch,NORTH PORT,,decii.a,,N,efaaa.a,,,a.a,a.a
Ardie,Navazio,F,gbi.a,,STONINGTON,IL,,,Y,,,,eaaa.a,caaa.a
Teck,,F,eab.a,dia-cjdg,,RI,ciic.a,M,,eaaaa.a,,,a.a,
Berhard,Sakkinen,F,cad.a,cab-fbci,STAMFORD,CT,gjbb.a,,Y,gaaaa.a,f.a,,a.a,
Eddi,Makinen,M,iai.a,,PAHOA,HI,,,Y,,,,caia.a,baea.a
,Uckan,M,iga.a,hjg-fcaa,NEW HAVEN,CT,gfdi.a,,Y,gaaaa.a,f.a,,a.a,
,,M,eab.a,,,RI,,M,,,,,a.a,
,Tsiligaridis,,cbi.a,idb-chji,PINE RIVER,MN,fgehe.a,,Y,gfaaa.a,h.hceagg,,a.a,ddaa.a
,Hamalainen,M,hbc.a,,ELDORA,IA,,S,N,,g.ddjcbb,,a.a,a.a
,Candy,,fgd.a,ghj-ghej,TOETERVILLE,IA,faeib.a,S,N,efaaa.a,h.bbbbab,,a.a,a.a
Anastasios,Manhart,M,eag.a,,VAUGHN,MT,,S,Y,,g.j,,a.a,bjaa.a
Mari,Viccari,F,hbj.a,,PUEBLO,CO,,,N,ifaaa.a,,,a.a,a.a
Tzay,Perna,M,hgj.a,,BELDEN,,,S,Y,jfaaa.a,f.a,,a.a,bfaa.a
,Pasztor,M,dah.a,,,WY,icjee.a,M,N,efaaa.a,,,a.a,a.a
,Lotti,F,ggc.a,,ROLLING FORK,,,,Y,,f.a,,a.a,bfaa.a
Benita,Tawa,M,iai.a,,HONOLULU,HI,jgicf.a,S,N,dfaaa.a,h.deigied,,a.a,a.a
Tsunenori,Bencivenga,,fhe.a,jfb-jdje,BERNE,,eghbb.a,M,N,bfaaa.a,,,caaa.a,a.a
Chabane,Gohring,M,hga.a,,TRINIDAD,CA,,M,N,jaaaa.a,,,bhe.a,a.a
,,F,cib.a,,,TX,hgagg.a,M,,faaaa.a,,,a.a,a.a
Mandira,Rueda,,cbh.a,ejf-beed,MAYWOOD,IL,gabfd.a,,N,haaaa.a,d.a,,a.a,a.a
Stamos,Kuemmerle,M,gad.a,,PIKE,NH,,,Y,,,,a.a,
Koppolu,Capon,,jag.a,cja-egig,FOSTER CITY,MI,ejide.a,S,N,cfaaa.a,d.j,,a.a,a.a
,Basarab,,gca.a,icg-hcjb,CLEARWATER,KS,ghacg.a,M,N,gaaaa.a,,,efaa.a,a.a
Sanjay,Wartelle,,fhe.a,dji-baej,FREEDOM,IN,ehedb.a,S,Y,ffaaa.a,d.e,,a.a,baaa.a
Pnina,Simutis,M,dah.a,,,WY,,M,Y,jfaaa.a,,,a.a,a.a
Arlaana,Pusch,,ggc.a,ffg-bjgb,HERMANVILLE,,djaig.a,S,Y,faaaa.a,f.a,,a.a,bfaa.a
,Adi,,eac.a,jcj-jhah,HOOPER,NE,giadb.a,S,N,baaaa.a,d.jajhajf,,a.a,a.a
Cormac,,F,hac.a,,,NV,,M,,,,,a.a,a.a
Yujiun,,,ied.a,fcb-haid,HARDEEVILLE,,cjjch.a,S,,gfaaa.a,h.a,,a.a,ddaa.a
Samphel,,M,eab.a,,,RI,,M,,,,,a.a,
,Syrotiuk,M,iai.a,,HONOLULU,HI,jgieh.a,S,Y,eaaaa.a,i.cf,,a.a,baea.a
Simeon,,,gaf.a,fge-faaa,,SD,fhegh.a,M,,gfaaa.a,,,a.a,a.a
,,M,gba.a,,COWANESQUE,,,M,,,,,a.a,
,,F,gaf.a,,,SD,,M,,,,,a.a,a.a
Guodong,,F,fad.a,,,OR,jhabg.a,S,,bfaaa.a,j.a,,a.a,a.a
Alongkrit,Phiphobmongkol,,ebh.a,daf-bhfj,ELLINGTON,MO,gdgdi.a,M,N,haaaa.a,,,ecaa.a,a.a
Chengqi,Meerbergen,F,dbh.a,,SOUTH BEND,,,,Y,,,,caaa.a,baaa.a
Hiroomi,Halgason,M,ffb.a,,PLAINFIELD,NJ,,,Y,,,,caaa.a,
Wilm,Pichetti,F,gab.a,,CARY,,,M,Y,jaaaa.a,,,bcaaa.a,bfaa.a
,Kleyle,M,dga.a,,,WA,,M,N,,,,a.a,a.a
Shalitha,Eyal,M,caj.a,,CARLSBAD,CA,,S,Y,jaaaa.a,j.d,,a.a,chc.a
Yacoub,Adleman,,jbj.a,fdh-icjb,BELEWS CREEK,,chaaj.a,S,Y,cfaaa.a,g.cfgjjd,,a.a,
,Rofougaran,M,ddh.a,icj-gjje,PAINCOURTVILLE,LA,hadjb.a,,Y,caaaa.a,,,jaaa.a,baaa.a
Evanthia,,M,iab.a,,,UT,,S,,,h.a,,a.a,cehf.a
Thirumalai,Pokoski,,fbf.a,feb-ibii,DICKENS,IA,fbddd.a,S,Y,cfaaa.a,e.acdfece,,a.a,ea.a
Kieran,Radovic,M,faf.a,,,NM,,S,Y,ifaaa.a,f.d,,a.a,ddaa.a
Atanas,Halper,M,gcg.a,,SAN BERNARDINO,CA,,,N,,j.d,,a.a,a.a
Nadir,Takesue,,hbc.a,fih-bhai,TEMPLETON,IA,fbegd.a,S,Y,cfaaa.a,e.acdfece,,a.a,ea.a
Cinzia,Chong,F,fda.a,,ARCADIA,CA,jbaah.a,S,N,hfaaa.a,j.d,,a.a,a.a
,,F,eab.a,,,RI,,M,,,,,a.a,
Marinos,Delaigle,,ifa.a,fjf-hefa,TAMPA,,ddgbh.a,S,N,daaaa.a,,,a.a,a.a
,Poli,M,cad.a,gjb-bcdg,DANBURY,CT,gibh.a,S,Y,hfaaa.a,f.a,,a.a,
Afonso,,,fhb.a,efa-dajc,BLACKSBURG,,ceagb.a,S,,gaaaa.a,f.hf,,a.a,
Abdulla,Wuwongse,F,jci.a,,LITCHFIELD PARK,AZ,,,Y,baaaaa.a,e.cgf,,a.a,cdaa.a
Jayant,,M,ibh.a,,,TX,hgbea.a,S,,cfaaa.a,,,a.a,a.a
,Zislis,M,dfc.a,,ORLANDO,,,,Y,jfaaa.a,,,a.a,a.a
Mostefa,Mittermeir,F,gdg.a,,SAINT LOUIS,MO,,,N,,,,ecaa.a,a.a
,Dubinsky,M,cah.a,,BUXTON,ME,,S,N,baaaaa.a,i.f,,a.a,
Yana,Sivarajan,,ici.a,gca-ebha,SPRING HOPE,,chiic.a,,Y,gfaaa.a,,,ggaa.a,
,Velazco,F,jbc.a,,SUMNER,,,S,Y,jfaaa.a,g.a,,a.a,daaa.a
Shimeng,,F,eab.a,,,RI,,M,,,,,a.a,
Nabih,Sergot,,gab.a,chb-dhbd,EDWARDS,,djagg.a,S,N,baaaa.a,f.a,,a.a,a.a
,Haasis,M,dac.a,,KENTON,,,,N,,f.jf,,a.a,
Tankoano,Windisch,,dai.a,jfb-egah,KENNARD,NE,giade.a,,Y,dfaaa.a,,,cag.a,bad.a
,Shahrbabaki,F,iga.a,ihg-eeae,WINDSOR,CT,gaag.a,M,N,faaaa.a,,,cefaa.a,
,Rasch,F,dbi.a,,THERIOT,LA,,M,Y,ifaaa.a,,,jaaa.a,baaa.a
Lance,Laplante,F,idb.a,,SACRAMENTO,CA,,,N,,j.d,,a.a,a.a
Hardeep,Blackall,F,jbj.a,,FAYETTEVILLE,,,M,N,jfaaa.a,,,ggaa.a,
Vinko,,F,iad.a,,SHELDON,,,,,jaaaa.a,,,ggaa.a,a.a
Aslihan,,F,iab.a,,,UT,iebdc.a,M,,cfaaa.a,,,ejfa.a,a.a
Yin,Venkitaraman,,eac.a,dje-cjej,FREMONT,NE,giacf.a,M,Y,efaaa.a,,,cag.a,bad.a
Arijit,,,iae.a,gei-ijfi,DANVILLE,,cefeb.a,S,,dfaaa.a,f.hf,,a.a,
Aelmut,,F,jad.a,,,TX,,M,,,,,a.a,a.a
Yanhong,Loyot,M,eae.a,,ILA,,,M,N,,,,feaa.a,a.a
Lorenzo,Mihoubi,F,cga.a,,NEW HARMONY,IN,,,Y,,,,caaa.a,baaa.a
Debashish,Rettinger,,gbi.a,bgb-fgba,POMONA,IL,gcjhf.a,,N,eaaaa.a,,,eaaa.a,a.a
Natalija,,,gaf.a,dge-dbbe,,SD,fhdcg.a,S,,iaaaa.a,,,a.a,a.a
Vijaya,Lackinger,F,hab.a,,BARNEY,ND,,S,N,,c.chhdgbe,,a.a,a.a
,Wahba,,dde.a,hjh-jdad,FAUNSDALE,,dghdi.a,S,Y,faaaa.a,f.a,,a.a,daa.a
Haiming,,M,iac.a,,,VT,,S,,,d.g,,a.a,
Natalio,,,jdb.a,bdd-fiic,COWAN,,dhdbi.a,S,,bfaaa.a,,,a.a,a.a
,Gluchowski,M,fae.a,gjg-ebag,KENNER,LA,haagf.a,,Y,iaaaa.a,g.a,,a.a,baaa.a
Qingxun,Deyuan,M,iga.a,ejj-ejbi,GEORGETOWN,CT,gicj.a,S,N,iaaaa.a,f.a,,a.a,
Brenan,Ogurol,M,cai.a,,CLIFTON,ID,idcci.a,S,Y,gfaaa.a,h.i,,a.a,ddaa.a
Sathis,Vongsathorn,,cdb.a,gdj-feig,TROY,MI,eiaif.a,S,Y,faaaa.a,d.j,,a.a,dbaa.a
Mendel,Kitsuregawa,F,jah.a,,PORT ALEXANDER,AK,,,Y,,,,a.a,a.a
,Karczmarczuk,M,dac.a,,NEWARK,,,,Y,,,,cca.a,
Wilmer,Mackenzie,F,cbh.a,,COFFEEN,IL,,S,N,,d.a,,a.a,a.a
Meyer,Berc,,dai.a,gca-heah,WESTERN,NE,giege.a,S,Y,hfaaa.a,g.ie,,a.a,bad.a
Nacer,Dierk,,jbd.a,bea-edgf,WELLSVILLE,KS,ggajc.a,S,N,dfaaa.a,g.ef,,a.a,a.a
,Sergot,,gab.a,hjg-cgab,GUNTOWN,,diiej.a,S,Y,hfaaa.a,f.a,,a.a,bfaa.a
Lowrence,Ianov,M,iai.a,,HONOLULU,HI,,M,N,,,,caia.a,a.a
Harjinder,Justo,F,hbc.a,,HONEY CREEK,IA,,S,Y,,d.cfbgfch,,a.a,ea.a
,,M,jbi.a,hbg-cgjb,,OK,heefa.a,S,,haaaa.a,g.cf,,a.a,a.a
Ambros,,M,feb.a,,,OR,jhacc.a,S,,dfaaa.a,j.a,,a.a,bfj.a
Xuefei,Burgert,F,cai.a,,MCCALL,ID,idgdi.a,,N,baaaa.a,e.bajgjd,,a.a,a.a
Preda,Romboli,F,cag.a,,,WA,jiagf.a,S,N,efaaa.a,,,a.a,a.a
Cristinel,Fecht,,hab.a,bed-dbah,BALTA,ND,fidbd.a,S,Y,eaaaa.a,c.cbjeaac,,a.a,ddaa.a
Norwood,Feuerman,F,fae.a,fbc-icgf,TUNICA,LA,hahic.a,S,N,efaaa.a,g.a,,a.a,a.a
Camilo,Guckenheimer,,eag.a,fje-cbgb,SACO,MT,fjcgb.a,,Y,bfaaa.a,,,diaa.a,bjaa.a
Kripasindhu,Elwasif,M,fca.a,,TUCSON,AZ,ifhad.a,S,Y,dfaaa.a,d.cfhf,,a.a,cdaa.a
,Kupsch,F,cbd.a,,LOS ANGELES,CA,,,Y,,,,bhe.a,chc.a
Melliyal,Culpepper,,eag.a,gbc-bged,CLINTON,MT,fjicf.a,S,N,eaaaa.a,g.j,,a.a,a.a
Gain,Stojanovski,,jca.a,djh-cjgf,,WI,fegbj.a,M,N,cfaaa.a,,,beaa.a,a.a
Yixin,Morisio,F,jhd.a,,MILFORD,NJ,,,N,,,,caaa.a,
Kalev,Sugimura,M,igc.a,fdc-iede,LITTLE FERRY,NJ,hged.a,,Y,faaa.a,,,caaa.a,
Xiangjun,Herzberg,M,jah.a,,MANLEY HOT SPRINGS,AK,,,Y,,,,a.a,a.a
Jiankun,,M,eab.a,bde-fjdf,,RI,cibc.a,S,,iaaaa.a,,,a.a,
Sebastiano,Miake,F,jai.a,,TETERBORO,NJ,,S,Y,,b.ehiifec,,a.a,
,Abdat,,jbd.a,igb-bcfh,RANDALL,KS,ggjgd.a,,Y,hfaaa.a,,,efaa.a,ccfa.a
,Awdeh,F,ehj.a,iic-ejdb,PONCA,AR,hcgha.a,,N,baaaa.a,,,ea.a,a.a
Haiming,Giegerich,M,dga.a,,,WA,jicei.a,M,Y,haaaa.a,,,a.a,a.a
Pratyush,,,fgh.a,fhb-bhce,LEETONIA,,eeedb.a,,,gfaaa.a,,,cgaa.a,bdaa.a
Sailaja,Ramaswamy,,cha.a,gae-cadc,GARRETT,,ebgda.a,S,Y,efaaa.a,e.dddddd,,a.a,ca.a
,Sassano,F,ebh.a,,SPRINGFIELD,MO,,,N,jaaaa.a,g.a,,a.a,a.a
Aya,Hackl,M,hab.a,,RUGBY,ND,,,N,,,,ggaa.a,a.a
,Carli,F,iai.a,,WAIMANALO,HI,jghjf.a,S,Y,ffaaa.a,i.cf,,a.a,baea.a
Yezdezard,Gaudioso,M,ifh.a,faa-ccaf,WEST CHATHAM,MA,cggj.a,S,N,cfaaa.a,f.d,,a.a,
,,F,hac.a,,,NV,,S,,,,,a.a,a.a
Tingfang,,F,hac.a,,,NV,ijacb.a,M,,baaaa.a,,,a.a,a.a
Vassilios,Chinen,,cbi.a,feh-jbdb,TAUNTON,MN,fgcjb.a,M,Y,cfaaa.a,,,ggaa.a,ddaa.a
Somnath,Hanakawa,F,hca.a,,DENVER,CO,,M,N,,,,a.a,a.a
Rishiyur,Kayssi,F,eag.a,,COLUMBUS,MT,,S,N,,g.j,,a.a,a.a
Rokia,,M,ief.a,,,NY,,M,,,,,a.a,
Rong,Bassolet,M,dah.a,,,WY,,S,Y,baaaaa.a,,,a.a,a.a
GuoDong,Skowron,,eag.a,ejb-jcej,OLIVE,MT,fjded.a,,N,cfaaa.a,,,diaa.a,a.a
,Whinston,M,gcd.a,,TUCSON,AZ,ifhdc.a,S,Y,baaaa.a,c.ih,,a.a,cdaa.a
Zhigang,Yacobi,M,cea.a,bdb-bhde,MANCHESTER,,cbbac.a,,N,gaaaa.a,,,eiaa.a,
Shuang,Fanti,M,gac.a,,SEDONA,AZ,,,N,jfaaa.a,e.bihf,,a.a,a.a
Iabelle,,,ecd.a,edi-bjgg,MEMPHIS,,dibba.a,,,eaaaa.a,,,a.a,a.a
Marcela,,M,fea.a,,HENRICO,,,S,,,f.hf,,a.a,
,Cotta,F,jah.a,,NUNAPITCHUK,AK,jjgeb.a,,Y,haaaa.a,,,a.a,a.a
,Hallam,M,dac.a,,NEWARK,,,,N,,,,cca.a,
Debashis,Flandrena,,cbi.a,fgh-jbbj,YOUNG AMERICA,MN,fffgc.a,M,Y,hfaaa.a,,,ggaa.a,ddaa.a
Eleanor,Boddy,,dca.a,jea-dgee,MADISON LAKE,MN,fgagd.a,,Y,daaaa.a,f.ifgeade,,a.a,ddaa.a
Cuneyt,,,jdh.a,cbc-hghf,JEFFERSON,,eeaeh.a,,,iaaaa.a,d.cabgbfd,,a.a,a.a
Guri,,M,eab.a,,,RI,,M,,,,,a.a,
Tomaoo,Kindberg,F,cea.a,,SHARPSBURG,,,,N,,e.hf,,a.a,
,,F,eab.a,hac-gahj,,RI,cihi.a,M,,gaaaa.a,,,a.a,
Ingeborg,Fontana,,hab.a,fff-eece,ANETA,ND,ficbc.a,S,N,dfaaa.a,c.bgbedj,,a.a,a.a
Janett,Bau,,cha.a,dgi-jaaj,BOWLING GREEN,,ecbac.a,M,N,eaaaa.a,,,ea.a,a.a
JoAnna,Vidal,,cbh.a,jji-hejc,GILBERTS,IL,gabdg.a,M,Y,haaaa.a,,,eaaa.a,caaa.a
,,,gaf.a,ggj-diag,,SD,fhafi.a,M,,haaaa.a,,,a.a,a.a
,,F,fif.a,ijh-jgda,CLARENCE,,beadb.a,S,,dfaaa.a,,,a.a,
Masamichi,,F,iac.a,cjh-hjai,,VT,fgab.a,S,,ffaaa.a,e.ajjdhg,,a.a,
,Raeithel,F,dga.a,,,WA,,S,Y,baaaaa.a,,,a.a,a.a
Wallapak,Anton,,dca.a,jga-dfdi,SOUTH INTERNATIONAL FALLS,MN,fgghj.a,,Y,baaaa.a,f.df,,a.a,ddaa.a
,Snelgrove,M,cfd.a,,,WA,jicbd.a,M,N,daaaa.a,,,a.a,a.a
Teruya,Daijavad,,hgf.a,eah-eehj,INDIANAPOLIS,,egcgg.a,S,Y,gfaaa.a,d.e,,a.a,baaa.a
InduShobha,,M,hac.a,,,NV,,S,,,,,a.a,a.a
Hajnal,Give'on,M,gcd.a,,PEORIA,AZ,ifdic.a,,N,haaaa.a,d.i,,a.a,a.a
Anni,,M,cbe.a,,,TX,,S,,,,,a.a,a.a
Marialuisa,Leibl,F,eac.a,,CLARKSON,NE,,S,Y,,d.acbheci,,a.a,bad.a
Manas,,,ede.a,bah-igdb,IRON GATE,,ceeei.a,M,,faaaa.a,,,biaa.a,
Arif,Dress,,hab.a,gfc-gaec,STRASBURG,ND,fifhd.a,,N,gfaaa.a,,,ggaa.a,a.a
,Kean,F,hgj.a,,COLUMBUS,,,S,Y,,f.a,,a.a,bfaa.a
Maristella,Simkin,F,iai.a,,LIHUE,HI,jghgg.a,,N,efaaa.a,,,caia.a,a.a
Murty,,M,gba.a,,BRACKNEY,,,S,,ifaaa.a,,,a.a,
,Taki,,cfb.a,gij-dhcc,PINE APPLE,,dghgi.a,,N,gfaaa.a,f.a,,a.a,a.a
Bjajesh,,M,iad.a,,SUMMERVILLE,,,M,,,,,ggaa.a,ddaa.a
Seungwang,Mueller,F,jca.a,,,WI,,S,N,,f.jcdcjah,,a.a,a.a
,Erev,M,iai.a,,HONOLULU,HI,jgicb.a,M,Y,gfaaa.a,,,caia.a,baea.a
,Staes,F,cad.a,hej-haae,HARTFORD,CT,gbia.a,M,N,faaa.a,,,cefaa.a,
,Mitkov,M,iga.a,,NAUGATUCK,CT,,,N,,,,cefaa.a,
Wanlei,Jelasity,M,gcd.a,,TUCSON,AZ,,S,N,,d.ej,,a.a,a.a
,Cannan,,dbe.a,ghb-eabb,GOWER,MO,geefe.a,M,Y,eaaaa.a,,,ecaa.a,bcaa.a
Shouji,Rosch,,gag.a,jge-chii,LEJUNIOR,,eaiej.a,,Y,efaaa.a,e.dddddd,,a.a,ca.a
Mic,,F,ihi.a,,NEW KINGSTOWN,,,,,,,,a.a,
,Canny,M,cfb.a,,GREENSBORO,,,S,N,baaaaa.a,f.a,,a.a,a.a
Akhileswaran,Marsden,M,cbi.a,,MINNEAPOLIS,MN,,,Y,,,,ggaa.a,ddaa.a
Diane,Duchessi,,hab.a,eji-chjf,DAWSON,ND,fieci.a,M,N,eaaaa.a,,,ggaa.a,a.a
Eneko,Puerta,,hbc.a,bgj-iggh,COUNCIL BLUFFS,IA,fbfab.a,S,Y,faaaa.a,h.iicjjae,,a.a,ea.a
Reihaneh,Morris,F,faf.a,,,NM,,S,Y,,f.d,,a.a,ddaa.a
,Skaar,,dae.a,jba-iheh,JANE LEW,,cgdhi.a,,N,daaaa.a,e.e,,a.a,
,Maggini,F,dfb.a,,WOBURN,MA,,M,N,,,,hbfa.a,
Yoonsuck,Delgano,F,cah.a,dej-egac,FORT KENT MILLS,ME,ehee.a,S,N,faaaa.a,i.f,,a.a,
Karakunakara,Seubert,,hab.a,jjc-cjij,GRENORA,ND,fiief.a,S,N,caaaa.a,c.b,,a.a,a.a
Azaria,Ruffin,,gca.a,cbb-fjeg,OLATHE,KS,ggagc.a,,N,faaa.a,,,efaa.a,a.a
Lilian,Kohne,F,ebh.a,,RICHWOODS,MO,,,N,,g.a,,a.a,a.a
Vojislav,Kurakake,F,dab.a,,BALTIMORE,,,M,Y,,,,eiaa.a,
Heung,Christmansson,,hgj.a,faa-ihja,DUMAS,,digcf.a,M,N,dfaaa.a,,,bcaaa.a,a.a
,Das,F,ecf.a,,,WA,jidce.a,S,Y,gaaaa.a,,,a.a,a.a
,Selenyi,F,iai.a,,WAIALUA,HI,jghjb.a,M,Y,dfaaa.a,,,caia.a,baea.a
Yonathan,Aidoud,F,dah.a,,,WY,,S,N,ifaaa.a,,,a.a,a.a
,,F,,,,NV,ijeaj.a,S,,daaaa.a,,,a.a,a.a
Ville,Maraist,M,,,,WY,,S,Y,,,,a.a,a.a
Klara,Lucio,M,,,,WI,,S,Y,,e.hahadb,,a.a,eaa.a
,,F,,ggd-baii,,PR,geh.a,S,,hfaaa.a,,,a.a,a.a
Mengjou,Bitton,F,faf.a,,,NM,,M,Y,baaaaa.a,,,ggaa.a,ddaa.a
,Menhoudj,F,ebd.a,,REHOBOTH,MA,,,Y,,,,hbfa.a,
Jop,,M,,,,NV,,S,,ifaaa.a,,,a.a,a.a
Ulfar,Mayerwieser,F,idb.a,,CARSON,CA,,M,Y,,,,bhe.a,chc.a
Evanthia,Farrell,M,,,,WY,idabe.a,M,N,faaaa.a,,,a.a,a.a
,Garnham,M,eac.a,ggh-ffce,MAXWELL,NE,gjbfb.a,,Y,ffaaa.a,,,cag.a,bad.a
Przemyslawa,,F,dcf.a,,,TX,,M,,,,,a.a,a.a
Delgado,Vamvakos,F,fda.a,,SAN DIMAS,CA,jbhhd.a,,N,baaaa.a,,,bhe.a,a.a
Leen,,,iad.a,dfi-bdjg,ALCOLU,,cjaab.a,S,,gaaaa.a,h.a,,a.a,a.a
Jayadev,,F,gba.a,,TATAMY,,,S,,,,,a.a,
,Gruninger,F,cac.a,hhb-dcea,WASHINGTON,,caeag.a,M,Y,gfaaa.a,,,chea.a,
Traugot,Davisson,F,iha.a,bjj-bhdh,NATURAL DAM,AR,hcjei.a,,N,gaaaa.a,,,ea.a,a.a
Gerhard,Dolken,M,gad.a,caj-gdbb,FARMINGTON,NH,didf.a,M,Y,gfaaa.a,,,a.a,
Dianxiang,Benoit,,dae.a,efi-ifaj,CHARLESTON,,cfdcg.a,S,Y,gaaaa.a,g.f,,a.a,
,Elustondo,F,,,KANSAS CITY,MO,,,N,ifaaa.a,g.a,,a.a,a.a
Marias,,M,,,PECKVILLE,,,,,,,,a.a,
,Wittlich,F,,igd-ijbj,LONDONDERRY,NH,dafd.a,,Y,caaaa.a,,,a.a,
Vamsee,,F,,,COLUMBIA,,,S,,,h.a,,a.a,a.a
Codie,,M,,jfj-ifbf,,PR,gba.a,S,,caaaa.a,,,a.a,a.a
,Tzolovski,F,eia.a,,PRESCOTT,AZ,,,Y,jaaaa.a,,,ecaa.a,cdaa.a
,Gomi,,,jcj-hdbc,HAYDEN,,dfahj.a,S,N,baaaa.a,f.a,,a.a,a.a
Krysia,,F,,,,NV,ijbcg.a,S,,dfaaa.a,,,a.a,a.a
,Bothner,M,gab.a,,COLUMBUS,,,M,N,jaaaa.a,,,bcaaa.a,a.a
,Genin,,,hfe-faja,MIAMI,,cfbde.a,,N,gfaaa.a,g.f,,a.a,
Lek,Ramnath,F,,cga-ejhe,WINTERTHUR,,bjhdf.a,S,Y,faaaa.a,f.cgibic,,a.a,
Shailey,,M,fea.a,,SHARPS,,,,,,,,biaa.a,
,Staab,F,dab.a,,BALTIMORE,,,M,N,jfaaa.a,,,eiaa.a,
Armand,,F,,,ZANESVILLE,,,S,,,c.hadgjce,,a.a,a.a
,Reinman,F,,,POCATELLO,ID,,,N,ifaaa.a,h.i,,a.a,a.a
Lowell,,,,dca-gfba,COLUMBIA,,cjcae.a,S,,daaaa.a,h.a,,a.a,a.a
,Lumbreras,F,,,BRISTOL,,,S,Y,,e.e,,a.a,daaa.a
Umang,Jupin,F,,,D LO,,,S,Y,,f.a,,a.a,bfaa.a
,Lester,F,iai.a,,MILILANI,HI,,,Y,,,,caia.a,baea.a
Kifung,,,,faa-jcgf,KNOXVILLE,,dhjbg.a,,,baaaa.a,,,a.a,a.a
Felix,,M,,,,RI,,M,,baaaaa.a,,,a.a,
Ceri,Kauffmann,M,,,PETERSBURG,IL,,,N,,d.a,,a.a,a.a
,Sutherland,,hif.a,hfb-bbgd,POMONA,KS,ggahg.a,,Y,hfaaa.a,,,efaa.a,ccfa.a
Samira,Felder,M,,bed-bbhd,CRUMROD,AR,hcdci.a,S,Y,cfaaa.a,g.bgddi,,a.a,ca.a
Dixie,,M,,,BUFFALO,,,M,,ifaaa.a,,,a.a,
Luping,Silly,M,igc.a,eah-ehfg,PLEASANTVILLE,NJ,icdc.a,,N,bfaaa.a,,,caaa.a,
,Taneja,M,caj.a,,LAGUNA HILLS,CA,,,N,baaaaa.a,,,bhe.a,a.a
,,M,,hhh-ccgg,,NY,bcjfj.a,S,,caaaa.a,,,a.a,
Charlie,Camps,,cei.a,ffj-fggf,GRAND RAPIDS,MI,ejfga.a,M,N,faaaa.a,,,gcaa.a,a.a
Yatsutaka,Ratnaker,F,cad.a,dhc-ebhe,BOLTON,CT,gaed.a,M,N,faaaa.a,,,cefaa.a,
Fintan,,M,,,CHARLESTON,,,S,,,h.a,,a.a,a.a
Kouhei,Yamashita,M,,,,NM,ihbad.a,S,N,ffaaa.a,f.d,,a.a,a.a
,Sereno,M,iha.a,hji-bafe,WHELEN SPRINGS,AR,hbhhc.a,M,Y,eaaaa.a,,,ea.a,ca.a
Harriet,,M,,,CORDOVA,,,S,,baaaaa.a,,,a.a,a.a
Jongin,,F,,,,SD,,S,,ifaaa.a,,,a.a,a.a
Tejo,Nanard,F,cgc.a,,,WI,,M,N,,,,beaa.a,a.a
,Olano,,hag.a,hbd-fcbb,TUCKER,,daaie.a,M,Y,haaaa.a,,,feaa.a,daaa.a
Stafford,,M,,,,PR,,S,,baaaaa.a,,,a.a,
,Minnear,F,,,ATLANTA,,,S,Y,,g.a,,a.a,daaa.a
Neelam,Ishai,M,,,CURLEW,IA,,S,N,,i.ji,,a.a,a.a
,,M,jhb.a,,,OR,,M,,,,,dbi.a,a.a
,,M,,hih-fjjb,WYNNEWOOD,,bjajg.a,M,,dfaaa.a,,,a.a,
Sangchul,Gingras,M,jif.a,jid-ccfb,SHREVEPORT,LA,hbbdg.a,,Y,faaa.a,,,jaaa.a,baaa.a
Rame,Hitomi,F,,,,WY,,S,N,,,,a.a,a.a
,,M,,iej-cjej,,NY,bdehj.a,S,,eaaaa.a,,,a.a,
Eleanor,Hancart,M,ccj.a,,GRAY,,,M,N,,,,feaa.a,a.a
Kazuya,Schoelles,F,,dcj-dfef,BOSTON,MA,cbdd.a,S,N,haaaa.a,f.d,,a.a,
Kit,,F,,chg-hcdj,,RI,cije.a,M,,caaaa.a,,,a.a,
,Fanty,,,hed-jdcb,DAVIDSON,,ciadf.a,S,Y,faaa.a,g.a,,a.a,
Cynthia,Orwant,,iba.a,ffg-dhji,CLARKSVILLE,MI,eiibf.a,M,N,gaaaa.a,,,gcaa.a,a.a
Daoud,Houtekamer,F,,,HALLAM,NE,,S,N,,g.ie,,a.a,a.a
Dominik,,M,,jfc-jbba,,RI,cigc.a,M,,efaaa.a,,,a.a,
Niek,,M,,,,TX,,S,,,,,a.a,a.a
Vinit,Vamvakos,,,fdc-ijgh,OMAHA,NE,gibhj.a,,N,eaaaa.a,g.ie,,a.a,a.a
,Cattrall,,ifj.a,hgh-hjfb,FRANKLIN,,ecbde.a,M,Y,efaaa.a,,,ea.a,ca.a
,Bael,F,,,HONOLULU,HI,jgiah.a,S,N,bfaaa.a,d.hedecb,,a.a,a.a
,Groendijk,,fhe.a,hjj-hfii,TOPEKA,,egfhb.a,M,Y,dfaaa.a,,,caaa.a,baaa.a
Ryotaro,Repeko,F,,deg-iaeb,YORKLYN,,bjhdg.a,S,Y,baaaa.a,c.feajaj,,a.a,
Kousuke,Schultes,F,cad.a,cfa-cgfd,WETHERSFIELD,CT,gbcj.a,M,N,faaa.a,,,cefaa.a,
Takayuki,Haldar,M,,,LOWMAN,ID,,,N,,h.i,,a.a,a.a
,,F,hfh.a,gha-diba,CRIDERS,,ccica.a,M,,efaaa.a,,,biaa.a,
Merrill,Salvail,,hif.a,bjb-dbgf,BELLE PLAINE,KS,ghabd.a,M,Y,faaaa.a,,,efaa.a,ccfa.a
Shekar,Ouchi,F,ibi.a,,RESEDA,CA,jbddf.a,,Y,baaaa.a,,,bhe.a,chc.a
Polly,Sutton,,hab.a,cah-ejia,GRAND FORKS,ND,ficai.a,M,Y,baaaa.a,,,ggaa.a,ddaa.a
Yoshito,Roehmer,M,,,SMITHVILLE,,,,N,jaaaa.a,g.f,,a.a,
,Viles,F,,jaa-ehgc,ORRINGTON,ME,eehe.a,,N,haaaa.a,i.f,,a.a,
Onkar,Curless,M,,cgh-djif,CRUMPTON,,cbgci.a,S,Y,hfaaa.a,e.hf,,a.a,
Palash,Kark,M,eac.a,,HOLSTEIN,NE,,M,Y,,,,cag.a,bad.a
,,F,,,,NV,,S,,,,,a.a,a.a
Katsunori,Gardarin,,,cci-fgdc,BOONEVILLE,,diicj.a,S,N,caaaa.a,f.a,,a.a,a.a
Surajit,,F,,cba-ihgc,,VT,fhea.a,S,,bfaaa.a,d.g,,a.a,
Safa,Dziadosz,,,ffc-bgbh,VELPEN,IN,ehfja.a,S,N,eaaaa.a,d.e,,a.a,a.a
Ellen,Urbain,,,did-gdbc,BEVERLY,KS,ghecd.a,S,N,cfaaa.a,f.egggggh,,a.a,a.a
,Parberry,,gag.a,jbh-beei,FAIRVIEW,,ecccb.a,M,Y,daaaa.a,,,ea.a,ca.a
Tsunenori,Mitsuhashi,M,,,WASILLA,AK,,M,N,,,,a.a,a.a
Efthimis,Lomanto,F,,,MANLEY HOT SPRINGS,AK,,,N,,,,a.a,a.a
Taomas,,F,,,MEMPHIS,,,,,,,,a.a,a.a
Yannick,Largo,F,,,SAND POINT,AK,,,Y,,,,a.a,a.a
Corneliu,Shiode,M,,gbg-gbee,WASHINGTON,,cacai.a,S,Y,cfaaa.a,h.ihf,,a.a,
Claudius,Coy,M,cac.a,fah-jhgh,WASHINGTON,,caacg.a,M,Y,iaaaa.a,,,chea.a,
Savio,Simons,,gbc.a,gae-fghh,WAUBUN,MN,fgfij.a,M,Y,hfaaa.a,,,ggaa.a,ddaa.a
,Tavangarian,,,jce-baij,INGLESIDE,IL,gaaeb.a,S,N,haaaa.a,d.a,,a.a,a.a
Miriam,,F,,,,NV,ijbff.a,M,,cfaaa.a,,,a.a,a.a
,,M,,hgd-geje,SACRAMENTO,,bhjgi.a,,,haaaa.a,,,a.a,
Bozena,,F,,,,NV,,M,,,,,a.a,a.a
Raf,Hemenway,M,,,,WY,,M,Y,,,,a.a,a.a
,Hogarth,F,eac.a,,CROOKSTON,NE,,M,N,,,,cag.a,a.a
Moray,,M,,,,RI,,M,,,,,a.a,
,Chenney,F,,,ELFIN COVE,AK,jjicf.a,M,Y,cfaaa.a,,,a.a,a.a
Kauko,,,cbg.a,eji-cead,BRYAN,,edfag.a,M,,hfaaa.a,,,cgaa.a,a.a
Felicidad,Goldsworthy,F,,,CHATHAM,MA,,S,N,baaaaa.a,f.d,dfhf.a,a.a,
,Alexanyan,F,ddh.a,,TIOGA,LA,,M,Y,jaaaa.a,,,jaaa.a,baaa.a
,Boughanem,F,,hda-gbec,WEST GRANBY,CT,gaja.a,S,N,dfaaa.a,f.a,bchfa.a,a.a,
,,M,,,,NV,,S,,,,a.a,a.a,a.a
Orkut,Slavenburg,F,,ffd-egbi,OPELOUSAS,LA,hafhb.a,,Y,eaaaa.a,g.a,efaa.a,a.a,baaa.a
,Cermak,,gbg.a,gge-ecji,METAMORA,MI,eieff.a,,Y,caaaa.a,,,gcaa.a,dbaa.a
Roar,Veevers,,eag.a,dbe-eafb,DRUMMOND,MT,fjidc.a,M,N,eaaaa.a,,,diaa.a,a.a
Slim,Leutenegger,M,ibc.a,,MILROY,,,,Y,,,,caaa.a,baaa.a
Damodar,Cannon,,,fgf-bjfh,ROCHESTER,MI,eidaj.a,,Y,haaaa.a,d.j,dbaa.a,a.a,dbaa.a
Hwee,,M,chg.a,cih-dhah,HARTWOOD,,ccehb.a,M,,faaaa.a,,,biaa.a,
Gilford,,M,,jjc-iggg,,RI,ciid.a,S,,haaaa.a,,a.a,a.a,
Viljem,McNeill,F,,,DENVER,CO,,S,Y,,,a.a,a.a,a.a
,Spelt,,hab.a,iia-hgfg,TOLNA,ND,fidia.a,M,Y,iaaaa.a,,,ggaa.a,ddaa.a
Alka,Murer,M,,,WESTCLIFFE,CO,,S,N,,,a.a,a.a,a.a
,Cosmo,,jia.a,iif-ffag,MORRISVILLE,,chfga.a,,Y,hfaaa.a,,,ggaa.a,
Viswanathan,,F,,,,OR,jheai.a,S,,iaaaa.a,j.a,bfj.a,a.a,a.a
Ersan,,F,,,SALESVILLE,,,,,,d.adfgebc,bdaa.a,a.a,bdaa.a
,Horvitz,F,,,EAST WINTHROP,ME,,S,Y,,c.cbdfadg,cifa.a,a.a,
Kosho,Budimac,F,,,WEST MEDFORD,MA,,S,Y,baaaaa.a,f.d,dfhf.a,a.a,
,Chmielinska,F,,,TUCSON,AZ,ifhbc.a,S,N,dfaaa.a,d.cfhf,cbaa.a,a.a,a.a
,Radovic,,,ifi-djie,,WI,fdfhd.a,S,Y,gaaaa.a,f.eiijbc,haa.a,a.a,eaa.a
Fuhua,Rouet,,dai.a,beh-eeda,OMAHA,NE,gibdg.a,,N,efaaa.a,,,cag.a,a.a
Kaoru,,M,,,,TX,,S,,,,a.a,a.a,a.a
,Karloff,F,dac.a,,NEWARK,,,,Y,,,,cca.a,
Mariangiola,Pascual,,,cah-egaf,SNELLVILLE,,daadj.a,,Y,caaaa.a,g.a,chaa.a,a.a,daaa.a
,Broadwell,,,hed-cdhg,CANTON,,dabbf.a,S,N,gfaaa.a,g.a,chaa.a,a.a,a.a
Deane,,F,,,,TX,hhcee.a,S,,gfaaa.a,,a.a,a.a,a.a
Donko,Janetzko,F,,,SANIBEL,,,,Y,,,,a.a,a.a
Charanjit,Hemmerling,M,ddh.a,,SUNSHINE,LA,,M,N,,,,jaaa.a,a.a
,,F,,,BRILLIANT,,,S,,,b.ihdicaf,bdaa.a,a.a,bdaa.a
Wamberto,Mitzner,M,,,,WA,,S,N,,,a.a,a.a,a.a
Soazig,Underwood,F,,,KINGMAN,IN,,,Y,ifaaa.a,d.e,baaa.a,a.a,baaa.a
,Berk,,,ibj-ecif,CLEARWATER,NE,gihcg.a,S,Y,iaaaa.a,g.ie,bad.a,a.a,bad.a
,Grandbois,M,ehj.a,jcg-ddic,LONSDALE,AR,hcaih.a,,Y,ffaaa.a,,,ea.a,ca.a
Yulan,,M,jbi.a,,,OK,,M,,,,,caaa.a,baaa.a
Claus,O'Young,F,,,EASTLAKE,CO,iagbe.a,S,N,cfaaa.a,,a.a,a.a,a.a
Aneurin,Hamming,F,iga.a,,WATERBURY,CT,,M,Y,,,,cefaa.a,
,Aponte,,,jda-hiaj,BURGIN,,eadba.a,S,N,caaaa.a,c.jeeeeee,ca.a,a.a,a.a
Ravinder,Fernald,M,,,WEST COLUMBIA,,,S,N,ifaaa.a,g.f,caaa.a,a.a,
Rowan,Fauth,,,gbh-hccb,ORLANDO,,eaega.a,,N,bfaaa.a,c.ggggggh,ca.a,a.a,a.a
Masatsugu,Royle,,,dcb-hegb,HECKER,IL,gccei.a,S,N,faaa.a,d.a,caaa.a,a.a,a.a
,Coradeschi,M,,,FRANKLINVILLE,NJ,,S,N,ifaaa.a,c.ecfbaeb,baaa.a,a.a,
Joy,Samaddar,M,,bcd-fbjg,AUSTIN,AR,hcaah.a,S,Y,efaaa.a,h.a,ca.a,a.a,ca.a
,Strubbe,,,iic-hdag,MURRAYVILLE,,dafge.a,,N,eaaaa.a,g.a,chaa.a,a.a,a.a
Ashid,,M,,,,UT,,S,,,h.a,cehf.a,a.a,a.a
,,F,,,,PR,,S,,jfaaa.a,,a.a,a.a,
,Goradia,,hgf.a,jab-caca,FRANKFORT,,egaeb.a,M,N,haaaa.a,,,caaa.a,a.a
Burke,Agnew,F,,egh-fgfd,STAFFORD SPRINGS,CT,gahg.a,,N,dfaaa.a,f.a,bchfa.a,a.a,
Hidemi,Rothe,,caf.a,cbd-jada,OXFORD,,dgcad.a,,Y,hfaaa.a,,,daaa.a,daa.a
Reiko,Iline,M,,,WINONA,MN,,S,N,,h.if,ddaa.a,a.a,a.a
Dipankar,Linehan,M,,,CHARLOTTE,,,S,Y,,g.hibegie,ddaa.a,a.a,
Bodonirina,Nastea,M,,,SPRINGFIELD,MA,,,N,,f.d,dfhf.a,a.a,
,Koskiala,F,,,SAN JOSE,CA,,,Y,,j.d,ih.a,a.a,chc.a
,Parmee,F,,jcg-hjhb,CENTER STRAFFORD,NH,dibf.a,M,Y,haaaa.a,,,a.a,
,Kawanobe,F,,,BUCKATUNNA,,,S,Y,,f.a,gaaa.a,a.a,bfaa.a
,,F,,,CHATTANOOGA,,,S,,,,a.a,a.a,a.a
Alec,Sirmakessis,M,,,HUMPHREY,NE,,S,N,baaaaa.a,g.ie,bad.a,a.a,a.a
Carolina,,F,,,,TX,,M,,,,,a.a,a.a
Joacheim,,M,,,,WA,jidea.a,S,,faaa.a,,a.a,a.a,a.a
,Lindblad,F,cdb.a,,HOUGHTON,MI,,M,Y,,,,gcaa.a,dbaa.a
Jiangtao,,F,,,ASSAWOMAN,,,S,,,f.hf,jaa.a,a.a,
Kaname,,M,,,,WA,jjach.a,S,,hfaaa.a,,a.a,a.a,a.a
,Shanmugasundaram,M,,,KING SALMON,AK,jjgbd.a,,N,dfaaa.a,,a.a,a.a,a.a
Waltraud,,M,,,,RI,,S,,jaaaa.a,,a.a,a.a,
Sharada,Arthan,,,dab-didj,LOOKOUT,,ebfec.a,,Y,faaa.a,c.bbbbbbc,ca.a,a.a,ca.a
Tomohiro,Ingalls,F,jhi.a,,SWANSEA,MA,,M,Y,,,,hbfa.a,
Zhiguo,Reid,,fac.a,fhc-igfh,DRIFT,,ebgbj.a,M,Y,faaaa.a,,,ea.a,ca.a
Sudipto,Efe,M,cac.a,,WASHINGTON,,,M,N,jfaaa.a,,,chea.a,
Manuk,Renegar,,,bbh-dige,CLEATON,,ecddc.a,S,N,hfaaa.a,g.a,ca.a,a.a,a.a
Shivaraman,Braccini,M,iai.a,,ANAHOLA,HI,jghad.a,M,N,bfaaa.a,,,caia.a,a.a
Shigeaki,Hoffner,M,fai.a,,LENOX DALE,MA,,,Y,,,,hbfa.a,
Zenon,,M,,,,TX,hjhgf.a,M,,eaaaa.a,,,a.a,a.a
Bent,Disney,M,,,,WY,iccea.a,M,N,gfaaa.a,,,a.a,a.a
Gwenole,Aghili,F,,,,WY,icdde.a,M,Y,hfaaa.a,,,a.a,a.a
Marlo,Chomsky,M,,,WILMINGTON,,,S,N,ifaaa.a,f.jf,bba.a,a.a,
Garry,Trivett,M,,,SOLDOTNA,AK,jjggj.a,,Y,hfaaa.a,,a.a,a.a,a.a
,Sipusik,F,,,KINGSTON,ID,ididj.a,,N,faaaa.a,h.i,ddaa.a,a.a,a.a
,Latil,M,cah.a,,ESTCOURT STATION,ME,,M,Y,,,,fhaa.a,
Antonis,Uthaisombut,F,,,HONOLULU,HI,jgiej.a,S,Y,bfaaa.a,d.hedecb,baea.a,a.a,baea.a
Piers,Gjerlov,,,egi-ccdc,BEAR CREEK,,dffed.a,S,N,haaaa.a,f.a,bfaa.a,a.a,a.a
Yiftach,Noriega,F,,,PONETO,,,,N,,d.e,baaa.a,a.a,a.a
Ramakant,,F,iac.a,,,VT,,M,,,,,ggaa.a,
Jeffry,Kesselman,F,dae.a,,WOLFCREEK,,,M,N,,,,eaaa.a,
Renate,,M,,gbd-fcfb,STURGEON,,bfaic.a,,,faaaa.a,,,a.a,
,Chorvat,M,,,SANTA BARBARA,CA,jdbca.a,,Y,efaaa.a,j.d,ih.a,a.a,chc.a
Shachindra,Leonidas,F,cha.a,,MC ROBERTS,,,,Y,,,,ea.a,ca.a
,,M,,,,TX,,S,,,,a.a,a.a,a.a
,MacRobert,F,,,BORING,,,S,N,,e.hf,ceaa.a,a.a,
Gaston,Grue,F,,bfc-eicd,PARKDALE,AR,hbggb.a,,N,hfaaa.a,h.a,ca.a,a.a,a.a
Burkhard,Capaccioli,,hgf.a,dec-hiaa,SOUTH BEND,,eggbe.a,,N,faaaa.a,,,caaa.a,a.a
Annita,Sancho,M,,,COLORADO SPRINGS,CO,iajdi.a,S,N,faaa.a,,a.a,a.a,a.a
Djamal,Sinofsky,F,,,VANDALIA,MT,,S,Y,jfaaa.a,g.j,bjaa.a,a.a,bjaa.a
Kuriacose,,F,,,,RI,,M,,jaaaa.a,,,a.a,
Gitanjali,Pontow,M,,,,WA,jiifh.a,M,N,bfaaa.a,,,a.a,a.a
Nimish,Narasayya,M,,,,WA,,M,Y,,,,a.a,a.a
Shay,Sander,M,,,GREAT FALLS,MT,,S,N,baaaaa.a,g.j,bjaa.a,a.a,a.a
,,F,,,,UT,,S,,,h.a,cehf.a,a.a,a.a
,Pittarelli,,cce.a,jdc-fjac,CHESTERFIELD,IL,gcgda.a,M,N,faaa.a,,,eaaa.a,a.a
,,F,,,VESTAL,,,M,,,,,a.a,
Aomar,Melkman,M,,,BALM,,,S,Y,,,a.a,a.a,a.a
Ruddy,Glodjo,M,,bgi-jihd,COREA,ME,egce.a,S,Y,bfaaa.a,g.jfiacjd,cifa.a,a.a,
Bede,Speer,F,dac.a,ecg-gage,DOVER,,bjjag.a,M,Y,cfaaa.a,,,cca.a,
Fangzhen,,F,,,DAYTON,,,S,,,c.dhbhedh,bdaa.a,a.a,a.a
,,F,edf.a,,,UT,,M,,,,,ejfa.a,cehf.a
Gerti,Dinkloh,,,ege-jhid,MAYODAN,,chach.a,,Y,daaaa.a,g.dgbiii,ddaa.a,a.a,
Duccio,,F,,,EAST SPRINGFIELD,,,S,,,c.igjgggg,bdaa.a,a.a,bdaa.a
,,M,,gji-hiji,,TX,hfbbi.a,S,,ffaaa.a,,a.a,a.a,a.a
,,M,,hai-chbj,FLEETVILLE,,bieca.a,M,,gaaaa.a,,,a.a,
Yunmook,Khayat,F,,,RANDOLPH,ME,,,N,,i.f,cifa.a,a.a,
,Vollmeyer,,dai.a,icf-heff,LEBANON,NE,gjadg.a,,N,bfaaa.a,,,cag.a,a.a
,,M,edf.a,,,UT,iedba.a,M,,haaaa.a,,,ejfa.a,cehf.a
Duong,Rosch,F,fae.a,,FERRIDAY,LA,,M,N,jfaaa.a,,,jaaa.a,a.a
Christa,,M,,ece-bhhe,SHEPPTON,,bicei.a,,,ffaaa.a,,,a.a,
,,M,eaf.a,,,OK,,M,,,,,caaa.a,baaa.a
,,M,,,FALCONER,,,S,,baaaaa.a,,a.a,a.a,
,Bolbourn,F,cai.a,,NAMPA,ID,idgfd.a,,Y,efaaa.a,,,ggaa.a,ddaa.a
Akiharu,,M,,,BRANT,,,S,,jaaaa.a,,a.a,a.a,
Eileen,Ramsdell,F,cai.a,,FENN,ID,idfdb.a,M,Y,gaaaa.a,,,ggaa.a,ddaa.a
,Jacquet,F,gfb.a,,VILLARD,MN,,M,N,,,,ggaa.a,a.a
Odd,Duntsch,M,,,,WY,ichbh.a,M,N,cfaaa.a,,,a.a,a.a
Changjung,Worner,F,,cad-geah,ENFIELD CENTER,NH,dhej.a,S,N,bfaaa.a,,a.a,a.a,
Kazuyuki,,M,,,,WA,,M,,jfaaa.a,,,a.a,a.a
Shiyi,Crestin,F,jba.a,,FAITH,,,M,Y,ifaaa.a,,,ggaa.a,
Badrinath,,F,,,,TX,hgbfa.a,S,,caaaa.a,,a.a,a.a,a.a
Katsuro,Leger,F,,,SCHOFIELD BARRACKS,HI,,,Y,,i.cf,baea.a,a.a,baea.a
,Zongker,F,,,ANCHORAGE,AK,,S,N,ifaaa.a,,a.a,a.a,a.a
Mathias,,F,,,,NM,iiceb.a,S,,hfaaa.a,f.d,ddaa.a,a.a,ddaa.a
Myung,Arnette,,hgd.a,dec-ceje,SCANDIA,MN,ffahd.a,,N,faaaa.a,,,ggaa.a,a.a
Letha,,F,,fed-iibe,,VT,feaf.a,S,,bfaaa.a,d.g,ddaa.a,a.a,
,Joobbani,M,,,WHEATLAND,ND,,S,N,,c.gidaj,ddaa.a,a.a,a.a
Bostjan,Berk,,,eeh-ghdf,CAMPBELLSBURG,,eaabb.a,S,Y,faaaa.a,e.gbbbbb,ca.a,a.a,ca.a
Jatin,Nordahl,M,cac.a,,PARCEL RETURN SERVICE,DC,,,N,,,,chea.a,a.a
Matthew,D'Amiano,,,eaf-bhhf,SOUTH BEND,,eggca.a,,Y,ffaaa.a,d.e,baaa.a,a.a,baaa.a
Arnd,Keustermans,F,,,SHONTO,AZ,,,N,,d.bacf,cbaa.a,a.a,a.a
,Machine,F,,,LACYGNE,KS,,,N,,g.ef,ccfa.a,a.a,a.a
Saila,Aylett,F,,,WASHINGTON,,,S,Y,iaaaa.a,j.a,bdha.a,a.a,
,Button,F,,,HINCKLEY,IL,,S,N,jfaaa.a,d.a,caaa.a,a.a,a.a
Kiyoto,Azuma,,fhe.a,gah-ccff,SEYMOUR,IN,ehche.a,,N,eaaaa.a,,,caaa.a,a.a
,,M,,,,NV,ijebf.a,M,,caaaa.a,,,a.a,a.a
,Rahm,M,,,TIOGA,LA,,S,N,jaaaa.a,g.a,efaa.a,a.a,a.a
Francky,,F,,eba-gbjf,,RI,ciag.a,S,,daaaa.a,,a.a,a.a,
,,M,,,,NY,,M,,,,,a.a,
Pushpa,Heering,M,,,WASHINGTON,,,S,N,,j.a,bdha.a,a.a,
Raja,Weigand,,,bfi-dcai,ARCADIA,,decgf.a,M,N,faaaa.a,,,a.a,a.a
,Bays,M,,,KNIFLEY,,,,Y,baaaaa.a,g.a,ca.a,a.a,ca.a
Mira,Fujinami,F,,,CHIGNIK,AK,jjfge.a,M,N,bfaaa.a,,,a.a,a.a
Sieger,Rivenburgh,M,,fcc-hbfc,BALTIMORE,,cbcad.a,S,Y,gaaaa.a,e.hf,ceaa.a,a.a,
Reiji,Reuter,,,bec-ecgc,GAINESVILLE,,dcgab.a,M,Y,ffaaa.a,,,a.a,a.a
,Mancey,F,,,LACONIA,NH,,,Y,,,a.a,a.a,
,Linnainmaa,M,eia.a,,TUCSON,AZ,,M,Y,,,,ecaa.a,cdaa.a
Krishnaprasad,,M,,,,TX,,S,,baaaaa.a,,a.a,a.a,a.a
,,M,,igh-fjbb,,PR,gbc.a,S,,baaaa.a,,a.a,a.a,a.a
,Gobioff,M,dac.a,iid-hfac,VIOLA,,bjjhj.a,M,Y,faaa.a,,,cca.a,
Tomonori,Collings,M,iai.a,,WAHIAWA,HI,jghig.a,M,N,bfaaa.a,,,caia.a,a.a
Timo,Cosmadopoulos,M,,,EMPIRE,CO,iaedi.a,M,Y,daaaa.a,,,a.a,a.a
Ayodele,,M,,,,RI,,M,,,,,a.a,
,Seghrouchni,,,heb-haai,SAINT LOUIS,MO,gdbba.a,,N,efaaa.a,g.a,cbaa.a,a.a,a.a
Jaeheon,Helscher,F,ifh.a,,WOBURN,MA,,M,N,,,,hbfa.a,
Weixiong,Osgood,F,,,IDAHO FALLS,ID,,S,N,jaaaa.a,h.i,ddaa.a,a.a,a.a
Hyunmin,Spiliopoulou,M,faf.a,,,NM,ihfbg.a,M,Y,eaaaa.a,,,ggaa.a,ddaa.a
Shuky,,,,egc-ccbd,RUBY,,cjheb.a,,,caaaa.a,h.a,ddaa.a,a.a,a.a
,Sabnani,F,iga.a,idb-ffif,NIANTIC,CT,gdfh.a,,Y,dfaaa.a,,,cefaa.a,
Naoufel,Sandoz,,gga.a,bfa-gbce,OLD MONROE,MO,gddgj.a,,Y,caaaa.a,,,ecaa.a,bcaa.a
,Peshkin,F,cah.a,hbg-fijd,STEEP FALLS,ME,eaif.a,,N,bfaaa.a,,,fhaa.a,
Bulent,,F,chg.a,cch-fhhi,ARLINGTON,,cccbh.a,M,,baaaa.a,,,biaa.a,
Hoang,,M,,,,TX,hhdfb.a,M,,cfaaa.a,,,a.a,a.a
Danielle,McCue,F,caf.a,,PELL CITY,,,,Y,,,,daaa.a,daa.a
Kasi,Juste,F,,,EDMORE,MI,,S,Y,,d.j,dbaa.a,a.a,dbaa.a
Mas,,M,,jif-hcff,,OK,heaec.a,S,,gfaaa.a,g.cf,baaa.a,a.a,a.a
Roddy,Ianov,F,,,CALUMET,MN,,S,N,,h.if,ddaa.a,a.a,a.a
Goh,Borchering,,,jjj-cijc,CHAMPAIGN,IL,gbicc.a,S,N,baaaa.a,d.a,caaa.a,a.a,a.a
Edoardo,,F,,jjb-jfbg,,OK,hdfeb.a,S,,daaaa.a,g.cf,baaa.a,a.a,a.a
,,F,,,PLUM BRANCH,,,,,,h.a,ddaa.a,a.a,ddaa.a
Belynda,Feller,,,djh-hhdg,FRONTENAC,KS,gghgd.a,S,N,dfaaa.a,g.ef,ccfa.a,a.a,a.a
,,F,,,,VT,,S,,,d.g,ddaa.a,a.a,
,Prochazka,,,hfd-egig,PEOTONE,IL,gaegi.a,,Y,caaaa.a,d.a,caaa.a,a.a,caaa.a
Rangaswamy,Dolins,F,cac.a,cic-faad,WASHINGTON,,caedg.a,M,N,cfaaa.a,,,chea.a,
,,F,,,,OR,jhadc.a,S,,gfaaa.a,j.a,bfj.a,a.a,bfj.a
Sydney,Quigley,F,,,SHEYENNE,ND,,,Y,ifaaa.a,c.hebafbc,ddaa.a,a.a,ddaa.a
CongDuc,,F,,,,RI,,S,,,,a.a,a.a,
Tasuro,,M,,,,OR,jhabd.a,S,,haaaa.a,j.a,bfj.a,a.a,a.a
Abdelsalam,,F,,,PALMER,,,,,ifaaa.a,,a.a,a.a,a.a
Sette,,F,fia.a,,,OK,,M,,,,,caaa.a,a.a
,Chappell,,,iha-bbgj,NEW LIBERTY,,eadff.a,,Y,daaaa.a,d.f,ca.a,a.a,ca.a
Ora,Bottner,,ebe.a,eab-bihj,,WI,fegga.a,M,N,caaaa.a,,,beaa.a,a.a
,Brodley,,ddg.a,hcc-djej,MINERAL SPRINGS,,cibai.a,,N,caaaa.a,,,ggaa.a,
Raimond,Gurel,M,,,BALTIMORE,,,S,Y,jfaaa.a,e.hf,ceaa.a,a.a,
,Sejnowski,M,,gjd-hhdg,LINTHICUM HEIGHTS,,cbaja.a,,Y,iaaaa.a,e.hf,ceaa.a,a.a,
Nilanjan,Sokoler,,gga.a,fbe-hffh,SAINT PATRICK,MO,gdegg.a,,Y,iaaaa.a,,,ecaa.a,bcaa.a
,Protasov,F,,iih-ehea,LITTLE CREEK,,bjjgb.a,,Y,faaaa.a,f.cgibic,bba.a,a.a,
Feniosky,Macrosson,M,,,JERSEY CITY,NJ,,,Y,,c.bajgihg,baaa.a,a.a,
,,,gbe.a,ifb-idhh,FORT LORAMIE,,efief.a,M,,ffaaa.a,,,cgaa.a,bdaa.a
,,,,gig-cfgc,CHAUNCEY,,efhbj.a,S,,caaaa.a,b.cajjcdb,bdaa.a,a.a,a.a
Shail,Kearns,M,,,CHESTER,MT,,S,Y,,g.j,bjaa.a,a.a,bjaa.a
Thore,Ridoux,M,,,MINOT,ND,,,Y,jaaaa.a,c.hjjabch,ddaa.a,a.a,ddaa.a
,Boy,,hgj.a,gjj-iaie,MOSS,,djega.a,,N,gfaaa.a,,,bcaaa.a,a.a
Menas,Castro,,,eaj-cfjh,DAHLONEGA,,dafdd.a,S,N,ffaaa.a,g.a,chaa.a,a.a,a.a
Xiaofeng,,M,,cee-ihai,,PR,ggc.a,M,,gaaaa.a,,,a.a,a.a
Yigit,Bogliolo,F,,,EDGERTON,MO,,S,Y,jaaaa.a,g.a,cbaa.a,a.a,bcaa.a
,Bercovich,M,,,,WY,idbcg.a,M,Y,hfaaa.a,,,a.a,a.a
Lasse,Bickford,,eag.a,fgf-jiie,WESTBY,MT,fjchf.a,M,Y,dfaaa.a,,,diaa.a,bjaa.a
,,,,hfc-ceij,NORWAY,,cjbbd.a,,,iaaaa.a,h.a,ddaa.a,a.a,a.a
HweeBong,,F,,,MESHOPPEN,,,,,jfaaa.a,,a.a,a.a,
Nripendra,,,eea.a,fec-jdie,NORTH CANTON,,eehca.a,,,haaaa.a,,,cgaa.a,a.a
Telle,Wehrenberg,F,,,COLORADO SPRINGS,CO,iajha.a,M,N,faaaa.a,,,a.a,a.a
Seijo,Rodman,F,,gca-ddhc,HANCOCKS BRIDGE,NJ,iadi.a,S,Y,gaaaa.a,c.adaiddc,baaa.a,a.a,
Resve,Wygladala,,ddg.a,bfc-baeb,FAYETTEVILLE,,cidad.a,M,Y,daaaa.a,,,ggaa.a,
Fun,Haack,F,,,OLD FORT,,,,Y,,g.ghgfhdd,ddaa.a,a.a,ddaa.a
Bing,Pecuchet,,,bbj-hhfc,COLSTRIP,MT,fjdcd.a,S,N,hfaaa.a,g.j,bjaa.a,a.a,a.a
Sashidhar,Fiutem,F,ehj.a,,MADISON,AR,,,N,baaaaa.a,,,ea.a,a.a
Xiaolang,Schneeberger,F,dae.a,,JOSEPHINE,,,,N,iaaaa.a,,,eaaa.a,
Nandyala,Grandbois,F,,,LINCOLN,NE,,,Y,baaaaa.a,g.ie,bad.a,a.a,bad.a
Maksim,,,iad.a,gce-bbdc,DORCHESTER,,cjedh.a,M,,haaaa.a,,,ggaa.a,a.a
Venkatavasu,Virbel,,gca.a,cbb-gbfa,SAINT MARYS,KS,ggfdg.a,,Y,daaaa.a,,,efaa.a,ccfa.a
Fayez,Beilner,F,iai.a,,HONOLULU,HI,jgicf.a,M,Y,dfaaa.a,,,caia.a,baea.a
Elisha,Cherinka,M,idb.a,,THOUSAND OAKS,CA,jbdfi.a,M,N,haaaa.a,,,bhe.a,a.a
,,F,,,,UT,iefde.a,S,,caaaa.a,h.a,cehf.a,a.a,a.a
Harvinder,Stolcke,F,,,WHITE SULPHUR SPRINGS,,,S,Y,jaaaa.a,g.f,caaa.a,a.a,
Wai,,M,,jfb-jefe,,VT,faff.a,S,,hfaaa.a,e.ejhcife,ddaa.a,a.a,
Wil,Hamblin,F,cbh.a,,HOMEWOOD,IL,,M,Y,,,,eaaa.a,caaa.a
Amrit,,,,gbh-jeha,SHREVE,,eeghg.a,,,gfaaa.a,c.hadgjce,bdaa.a,a.a,a.a
Tjahjadi,Sarocky,M,fab.a,ddc-igji,CROCKETTS BLUFF,AR,hcadi.a,M,Y,efaaa.a,,,ea.a,ca.a
Hakan,Barjaktarovic,M,,bcj-jdia,WASHINGTON,,cafdb.a,S,N,baaaa.a,e.f,bdha.a,a.a,
,Henton,M,ebe.a,,,WI,,M,N,,,,beaa.a,a.a
Youseek,Stroup,,,eie-befd,MYLO,ND,fidfd.a,,N,daaaa.a,c.badehhf,ddaa.a,a.a,a.a
Galina,Legato,F,,,GILMANTON,NH,,M,Y,,,,a.a,
Hitoshi,,M,iac.a,,,VT,,M,,jaaaa.a,,,ggaa.a,
,Ballou,F,dac.a,ibg-jghd,WOODSIDE,,bjjia.a,M,N,haaaa.a,,,cca.a,
,,,,ige-hjeb,KENTON,,dicdd.a,,,iaaaa.a,,,a.a,a.a
Feniosky,Reenskaug,M,,,LINCOLN,NH,,,Y,jfaaa.a,,a.a,a.a,
Zhiwei,Kshemkalyani,F,,,ATTICA,KS,,S,N,,g.ef,ccfa.a,a.a,a.a
Friedemann,Gosh,,jfc.a,fbf-djea,LEOTA,MN,fgbfd.a,,N,efaaa.a,,,ggaa.a,a.a
Suliman,,,,dcg-biac,MEMPHIS,,dibab.a,,,iaaaa.a,,a.a,a.a,a.a
,Virbel,,cbh.a,hea-cida,NORTH HENDERSON,IL,gbegg.a,,Y,daaaa.a,,,eaaa.a,caaa.a
Barney,Kontogiorgos,M,,,BRIDGEWATER,CT,,S,Y,,f.a,bchfa.a,a.a,
,Maslak,F,,,,WY,,M,Y,,,,a.a,a.a
Lizy,Srivastava,F,,jfj-hfih,BETHESDA,,caijc.a,S,Y,eaaaa.a,e.hf,ceaa.a,a.a,
,Staudinger,M,cea.a,idi-badi,HANCOCK,,cbhfa.a,M,N,eaaaa.a,,,eiaa.a,
Dolores,Seress,M,eed.a,bda-begc,CHESTER,,cbgbj.a,M,N,caaaa.a,,,eiaa.a,
,,M,,,,NV,ijaci.a,S,,gfaaa.a,,a.a,a.a,a.a
Amy,DiPippo,,dai.a,jei-giec,SWANTON,NE,gieef.a,M,Y,caaaa.a,,,cag.a,bad.a
,Esteves,,,hhe-jedf,TWILIGHT,,cfcae.a,S,N,faaa.a,d.a,caaa.a,a.a,
Maryam,,,ige.a,jih-eade,DUNCAN,,cjdja.a,M,,baaaa.a,,,ggaa.a,ddaa.a
,Kavvadias,F,gda.a,,LOVEJOY,IL,,,Y,,,,eaaa.a,caaa.a
Gaetano,Kreische,F,,,SEVERNA PARK,,,,Y,,e.hf,ceaa.a,a.a,
MenChow,,M,,dcg-dfci,,OK,hdjdh.a,S,,ffaaa.a,g.cf,baaa.a,a.a,a.a
Hirotsugo,Heinle,M,,,MC COOK,NE,,,Y,,g.ie,bad.a,a.a,bad.a
,Penn,M,eed.a,ggc-diea,ACCOKEEK,,cagah.a,M,N,haaaa.a,,,eiaa.a,
Stefanos,Stansfield,F,,,ATLANTA,,,S,N,ifaaa.a,g.a,chaa.a,a.a,a.a
Xiong,Saffell,,,bgb-ejfe,MONTREAT,,cihfh.a,,Y,bfaaa.a,g.aehcacg,ddaa.a,a.a,ddaa.a
Reuben,Smallwood,,,ceg-ciii,CARNEY,MI,ejibc.a,S,Y,haaaa.a,d.j,dbaa.a,a.a,dbaa.a
Ellis,Gubsky,,dbg.a,cee-debf,MULLINVILLE,KS,ghbaj.a,,N,ffaaa.a,,,efaa.a,a.a
Yasutaka,,M,,,,NV,,S,,,,a.a,a.a,a.a
,,M,,,,TX,,S,,,,a.a,a.a,a.a
Harjit,Verspoor,F,,,PROPHETSTOWN,IL,,,N,baaaaa.a,d.a,caaa.a,a.a,a.a
Monagur,Trachtenberg,F,faf.a,,,NM,ihaab.a,M,N,hfaaa.a,,,ggaa.a,a.a
Lamber,,F,,,YORKSHIRE,,,S,,jfaaa.a,,a.a,a.a,
Gheith,Guerriero,F,iga.a,,CORNWALL BRIDGE,CT,,M,Y,ifaaa.a,,,cefaa.a,
Aleksandar,,F,,bgi-jigh,WALNUT BOTTOM,,bhcgg.a,M,,daaaa.a,,,a.a,
Glenn,Eskilson,F,,,PASCAGOULA,,,,N,iaaaa.a,f.a,gaaa.a,a.a,a.a
Jae,Schallart,F,ddj.a,dii-ibac,ASHBURNHAM,MA,beda.a,M,N,faaaa.a,,,hbfa.a,
Jack,Shimohara,F,,ehb-dhgf,MONROE,LA,hbcbh.a,,Y,haaaa.a,g.a,efaa.a,a.a,baaa.a
,Bottou,M,,,,WY,iceeb.a,M,Y,faaa.a,,,a.a,a.a
Deryck,Cleary,,ccj.a,cjg-cfjc,ROME,,dabgc.a,,N,ffaaa.a,,,feaa.a,a.a
Fracisco,Corso,M,,,YORBA LINDA,CA,,S,N,baaaaa.a,j.d,ih.a,a.a,a.a
,Brodnik,F,cai.a,,FILER,ID,iddci.a,M,Y,faaaa.a,,,ggaa.a,ddaa.a
,,M,,iae-ehei,,NY,bdeic.a,S,,haaaa.a,,a.a,a.a,
Khodi,Vanegas,M,,,,WY,idaac.a,M,N,caaaa.a,,,a.a,a.a
Ortrud,Cardinael,,ebh.a,cbj-dhcb,CLUBB,MO,gdjde.a,M,Y,dfaaa.a,,,ecaa.a,bcaa.a
Pau,Smalley,,,edj-fddi,BLUE SPRINGS,,diici.a,S,N,daaaa.a,f.a,gaaa.a,a.a,a.a
Oreste,Armando,F,jfc.a,,WINNEBAGO,MN,,M,Y,jaaaa.a,,,ggaa.a,ddaa.a
Wanghong,,,ebj.a,ffd-bhbc,SPRINGFIELD,,effac.a,,,caaaa.a,,,cgaa.a,a.a
Josina,Krzesinski,F,,,WEST HARTFORD,CT,,S,N,,f.a,bchfa.a,a.a,
Shelton,Weishar,F,,jgh-cgdi,WASHINGTON,,cafjb.a,S,N,gfaaa.a,j.a,bdha.a,a.a,
Hichem,Zizka,M,,bbi-eeic,BRIDGEPORT,CT,ggjj.a,S,N,gfaaa.a,f.a,bchfa.a,a.a,
Motomichi,Karr,M,,,COLEBROOK,NH,,M,N,,,,a.a,
Dinos,Birsak,M,fae.a,cjg-fjdi,BATON ROUGE,LA,haijd.a,M,N,faaa.a,,,jaaa.a,a.a
Yoshikuni,Coppini,,hae.a,caa-jcgc,PENDLETON,,chigc.a,,N,baaaa.a,,,ggaa.a,
Jeane,Karlapalem,F,fca.a,,MESA,AZ,,,Y,,,,ecaa.a,cdaa.a
Theodor,,M,,die-bghc,,PR,jai.a,M,,haaaa.a,,,a.a,
Heon,,M,ige.a,,GAFFNEY,,,M,,ifaaa.a,,,ggaa.a,a.a
Rusong,,,,fee-ihgd,HAMPTON,,cdggf.a,S,,gfaaa.a,f.hf,jaa.a,a.a,
Rama,Wafin,M,,fgf-jibf,WASHINGTON,,caeah.a,S,N,cfaaa.a,h.ihf,bdha.a,a.a,
Sukoya,Demizu,M,cad.a,cig-fchf,TACONIC,CT,gahj.a,M,Y,gaaaa.a,,,cefaa.a,
Mahendra,,F,fad.a,,,OR,jhhdh.a,M,,hfaaa.a,,,dbi.a,a.a
Yannik,Tanemo,,,dbc-bgje,MILLEDGEVILLE,,dbagb.a,,Y,ffaaa.a,g.a,chaa.a,a.a,daaa.a
Youseek,Terrel,F,,,WOODLAND HILLS,CA,jbdge.a,S,Y,daaaa.a,g.fjafed,ih.a,a.a,chc.a
Guoxiang,,M,iac.a,,,VT,,M,,baaaaa.a,,,ggaa.a,
,Gruenberg,F,cac.a,,WASHINGTON,,,M,N,baaaaa.a,,,chea.a,
Barbora,Tulett,,,jhb-dgii,BURR,NE,gidce.a,S,N,baaaa.a,d.jajhajf,bad.a,a.a,a.a
Debbie,Schmies,M,,,,WY,idbce.a,M,N,caaaa.a,,,a.a,a.a
Christoforos,Felice,,jia.a,fdj-jafh,KERNERSVILLE,,chcif.a,,N,faaaa.a,,,ggaa.a,
Nan,,,,dhd-jfci,CHARLESTON,,cjead.a,S,,baaaa.a,f.hfcedc,ddaa.a,a.a,a.a
Shunge,Senzako,,gbi.a,fjb-dbaf,TOLUCA,IL,gbdgj.a,M,N,faaa.a,,,eaaa.a,a.a
,,M,,,,UT,,S,,,h.a,cehf.a,a.a,a.a
Alban,Gabrielli,F,,,DUARTE,CA,jbaaj.a,S,N,dfaaa.a,h.hhajcie,ih.a,a.a,a.a
Carolyn,Marchukov,F,,,PINE APPLE,,,,Y,,f.a,bfaa.a,a.a,daa.a
Mayan,,M,,cgc-iegi,,NY,bbecj.a,M,,cfaaa.a,,,a.a,
Huaiyuan,,F,,cgf-djfd,HEATH SPRINGS,,,S,,,h.a,ddaa.a,a.a,ddaa.a
Andry,,M,,dfe-habb,,TX,,M,,,,,a.a,a.a
Hatem,,F,,fhb-gbia,,RI,ciid.a,M,,caaaa.a,,,a.a,
Wiebren,,M,,cef-jfhf,,RI,ciab.a,M,,bfaaa.a,,,a.a,
Margie,Machta,M,,cei-fibe,BOW,NH,,S,N,,,a.a,a.a,
Xing,Lageweg,F,,bdi-jaid,MILFORD,ME,,,Y,,i.f,cifa.a,a.a,
Zheng,,F,,jdj-efja,,OK,hedef.a,S,,efaaa.a,g.cf,baaa.a,a.a,a.a
Tapani,Traupe,,,bda-ffgj,LISLE,IL,gafdc.a,,Y,dfaaa.a,d.a,caaa.a,a.a,caaa.a
Madhusudhan,Tuozzi,M,,cgb-bdei,SAINT MARYS,,,,N,jfaaa.a,g.f,caaa.a,a.a,
Sarosh,Jacopini,F,,cef-hbib,,WY,,M,Y,,,,a.a,a.a
Aristides,,M,,,,TX,hfeid.a,S,,gfaaa.a,,a.a,a.a,a.a
M'hamed,Veillon,,cbi.a,gbc-ijfj,MINNEAPOLIS,MN,ffedj.a,,N,ffaaa.a,,,ggaa.a,a.a
Muralidhara,Lavie,F,fab.a,dai-jgji,ARMOREL,AR,,M,Y,,,,ea.a,ca.a
Vineeta,Hammami,F,,bjf-hajj,,NM,,S,Y,,f.d,ddaa.a,a.a,ddaa.a
Gaisi,Sobieski,F,dbi.a,bab-fcfa,MERRYVILLE,LA,hagfd.a,,Y,faaaa.a,,,jaaa.a,baaa.a
,Birtle,M,ebe.a,heh-edcf,,WI,,M,N,ifaaa.a,,,beaa.a,a.a
Imara,,M,iac.a,cch-bjig,,VT,fhda.a,M,,bfaaa.a,,,ggaa.a,
,Potthoff,,,hbg-idec,NEW ALBANY,IN,ehbfa.a,,Y,eaaaa.a,d.e,baaa.a,a.a,baaa.a
,,,,ggc-hich,KIMBOLTON,,edhej.a,,,gaaaa.a,c.fdhhbi,bdaa.a,a.a,a.a
Yujiun,Stround,,fac.a,edb-fdbj,MARTHA,,ebbfj.a,,Y,bfaaa.a,,,ea.a,ca.a
,,F,eaf.a,haa-jfag,,OK,hdgee.a,M,,gaaaa.a,,,caaa.a,a.a
Akiharu,Volovik,M,iha.a,gej-cfda,LONDON,AR,,,N,baaaaa.a,,,ea.a,a.a
Anup,Pordesch,,,djc-defe,MOUNT STERLING,,eadfd.a,,Y,ffaaa.a,e.iiiiij,ca.a,a.a,ca.a
Marinos,Rich,F,,,HILLROSE,CO,iahdd.a,S,N,cfaaa.a,,a.a,a.a,a.a
,Vuskovic,F,,,,WY,idaab.a,M,Y,cfaaa.a,,,a.a,a.a
Raymond,Rips,,cce.a,ffj-bbhh,KILBOURNE,IL,gcgff.a,,Y,iaaaa.a,,,eaaa.a,caaa.a
Marita,Feldmesser,M,gaj.a,ddi-cddi,KENILWORTH,NJ,hadd.a,,N,caaaa.a,,,caaa.a,
,,F,,jac-fcjg,,SD,,S,,jaaaa.a,,a.a,a.a,a.a
Yoriko,Sudbeck,M,,bhj-bfga,AUBURN,NH,dadc.a,S,Y,baaaa.a,,a.a,a.a,
Charlotte,,F,,bab-jdab,,UT,,S,,,h.a,cehf.a,a.a,a.a
Varsha,Holdridge,F,,fig-diei,LAKELAND,,,,Y,,,a.a,a.a,a.a
Willa,Pintz,M,,,SAGUACHE,CO,ibbej.a,,Y,gfaaa.a,,,a.a,a.a
Renny,,F,,fea-hbai,,OK,,S,,,g.cf,baaa.a,a.a,a.a
,,M,iac.a,ggh-faaf,,VT,fgfi.a,M,,dfaaa.a,,,ggaa.a,
,Biso,,gai.a,ifb-ghdf,,WI,fedag.a,M,N,efaaa.a,,,beaa.a,a.a
,Baxter,F,ebd.a,idh-hcga,QUINCY,MA,cbgj.a,,Y,faaaa.a,,,hbfa.a,
,Sedobgo,F,,igi-diic,BAYARD,NE,gjdde.a,S,N,cfaaa.a,g.fhdgbad,bad.a,a.a,a.a
Winfried,Kusakari,F,,deh-jfhg,,WI,,S,Y,,f.afefddf,haa.a,a.a,eaa.a
Samuli,,M,,,,UT,ieahc.a,S,,gaaaa.a,h.a,cehf.a,a.a,a.a
Tsutomu,Bluthgen,,,gfe-bjej,,WI,fdchi.a,S,Y,efaaa.a,f.ccicif,haa.a,a.a,eaa.a
Sungju,,M,,edj-jhci,,RI,,M,,,,,a.a,
,Laqua,M,,icg-fdjj,GREENVILLE,NH,,M,N,,,,,
,Tahe,M,hah.a,,TULARE,CA,jdchf.a,M,Y,faaaa.a,,,,chc.a
Kerstin,,F,jbi.a,eee-fjhd,,OK,hdbhj.a,M,,baaaa.a,,,,baaa.a
Kaoru,,M,feb.a,,,OR,jhdaj.a,M,,cfaaa.a,,,,bfj.a
Carrel,Landvogt,M,,fei-jjaf,NEW HAVEN,CT,,,N,,f.a,bchfa.a,a.a,
,Rozen,,,hdj-ifhb,MEROM,IN,ehigb.a,,Y,gaaaa.a,d.e,baaa.a,a.a,baaa.a
,,,,hje-dhjg,HARTFORD,,dhhfd.a,M,,faaaa.a,,a.a,,a.a
Masayuki,Einwohner,,cbh.a,cfa-ggch,ROSICLARE,IL,gcjic.a,,Y,eaaaa.a,,a.a,,caaa.a
Prabhu,Yand,,,bja-iija,MISHAWAKA,,egfee.a,,N,gaaaa.a,d.e,baaa.a,a.a,a.a
,Biros,M,eag.a,hab-iaid,HELENA,MT,,M,Y,baaaaa.a,,a.a,,bjaa.a
Kuriacose,,F,edf.a,,,UT,iehfa.a,M,,gfaaa.a,,a.a,,a.a
,,M,,jda-idjd,,VT,fefe.a,S,,hfaaa.a,e.ejhcife,ddaa.a,a.a,
Chaisak,,,,cci-eghe,KINARDS,,cjdff.a,,,gaaaa.a,h.a,ddaa.a,a.a,a.a
,,M,,,,TX,higde.a,M,,gfaaa.a,,a.a,,a.a
Gaurav,,F,,fde-ceai,,RI,cidc.a,S,,baaaa.a,,a.a,,
Yufei,Collings,F,,,,NM,ihfcj.a,S,Y,iaaaa.a,f.d,ddaa.a,a.a,ddaa.a
,Prunet,F,iga.a,ghg-bagb,STRATFORD,CT,,,Y,jaaaa.a,,a.a,,
Alexey,,M,,djb-ibei,,NV,,S,,ifaaa.a,,a.a,,a.a
Sastry,Ilarraza,M,hib.a,ece-fhij,CANTON,MA,,M,N,,,a.a,,
Madanpal,Lipponen,M,,gbg-jbah,,WA,,S,Y,,,a.a,,a.a
Jeffery,,M,,fji-icab,,UT,,S,,,h.a,cehf.a,a.a,a.a
,,F,jbi.a,hgd-jjec,,OK,hebeg.a,M,,cfaaa.a,,a.a,,a.a
Svein,Raeithel,,cfg.a,bcf-bchg,GROVE HILL,,dgefb.a,M,N,iaaaa.a,,a.a,,a.a
Algirdas,,F,,,,NV,ijiac.a,M,,iaaaa.a,,a.a,,a.a
Ebbe,Lenart,M,ghi.a,gcb-bica,MACON,,,,N,,,a.a,,a.a
,,M,,hhh-biih,,VT,,S,,,d.g,ddaa.a,a.a,
Uday,Lukose,F,,ega-gbje,MARINE ON SAINT CROIX,MN,,,Y,,g.jcdgdjd,ddaa.a,a.a,ddaa.a
Inhan,Goldhammer,,dae.a,dee-ddci,SABINE,,cfjbg.a,,Y,dfaaa.a,,a.a,,
Ville,Arruda,,fgd.a,ejb-bjhc,WESTGATE,IA,fagib.a,M,N,daaaa.a,,a.a,,a.a
Sitt,,M,jhb.a,ebe-fcea,,OR,,M,,,,a.a,,bfj.a
Cor,Guvenir,F,,cei-bdbg,SCITUATE,MA,,,Y,,f.d,dfhf.a,a.a,
Jea,,F,,,,TX,hjabd.a,M,,faaaa.a,,a.a,,a.a
,,M,,hjg-bijg,MILLERS TAVERN,,,,,,f.hf,jaa.a,a.a,
Vassos,Ledeniov,F,,ced-bdie,LAKE,,,,Y,,f.a,gaaa.a,a.a,bfaa.a
Subutai,Ridley,M,,ffa-bhcd,NORTH YARMOUTH,ME,eajh.a,,N,dfaaa.a,i.f,cifa.a,a.a,
Vasant,Schwartzel,F,,,BOISE,ID,idhfh.a,S,N,gaaaa.a,h.i,ddaa.a,a.a,a.a
Oleg,,M,,cja-jcbh,,NY,,S,,ifaaa.a,,a.a,,
Thula,Lanzi,F,,fac-icia,OWINGS,,,,Y,,e.hf,ceaa.a,a.a,
Guihai,Jarecki,F,hdc.a,bia-jbfi,FLORENCE,NJ,,M,Y,,,a.a,,
Rayond,Rachid,,dae.a,jfc-jjgc,DUCK,,cfagd.a,M,N,faaa.a,,a.a,,
Hongji,,F,,bjg-iahb,LYNCHBURG,,,,,,h.a,ddaa.a,a.a,ddaa.a
Kukhamay,Simec,,,jja-edca,SOUTH BEND,,eggdf.a,,N,faaa.a,d.e,baaa.a,a.a,a.a
Chams,Fugetta,,,bhe-iabe,ROCKY MOUNT,,chiac.a,,N,bfaaa.a,g.aehcacg,ddaa.a,a.a,
,Prenel,M,,ifi-ecff,MILFORD,,bjjgd.a,,N,baaaa.a,c.feajaj,bba.a,a.a,
,Luttringhaus,F,cfg.a,ihh-fgie,REPTON,,,,Y,,,a.a,,daa.a
Wido,Rusinkiewicz,,hgd.a,edj-cjeb,FELTON,MN,fgfdg.a,M,Y,gaaaa.a,,a.a,,ddaa.a
,Anastasakis,,,hhd-fcef,DAVENPORT,,ddidh.a,S,Y,iaaaa.a,,a.a,,a.a
Carlo,Zeugmann,M,,,LUPTON,AZ,igfai.a,,N,ffaaa.a,d.fghejjj,cbaa.a,a.a,a.a
Michaela,Austing,F,,edd-hhhe,MC GEHEE,AR,hbgfe.a,,Y,dfaaa.a,h.a,ca.a,a.a,ca.a
Snehamay,Raab,F,,fca-gaeb,JEFFERSON,MA,bfcc.a,,N,bfaaa.a,f.d,dfhf.a,a.a,
Erol,,,,gdd-hjag,,SD,fhhga.a,S,,dfaaa.a,,a.a,,a.a
Kunikazu,Rebbapragada,,,cji-daid,LITTLE ROCK,IA,fbced.a,,N,efaaa.a,h.bbbbab,ea.a,a.a,a.a
Geard,,M,,caj-feda,GREENWAY,,,S,,,f.hf,jaa.a,a.a,
Mattijs,Rehof,,jca.a,bcc-fjda,,WI,fefcf.a,M,N,hfaaa.a,,a.a,,a.a
,,M,,ich-egdf,NASHVILLE,,,,,ifaaa.a,,a.a,,a.a
,,F,,ijg-dbfj,,VT,fhhf.a,S,,faaa.a,d.g,ddaa.a,a.a,
Maheswara,Munster,F,hif.a,feg-dehf,ELK CITY,KS,,M,Y,,,a.a,,ccfa.a
Ruay,Juste,F,,gac-ibjb,,WA,,S,N,,,a.a,,a.a
Greet,Dress,,hgj.a,bhf-jicj,STARKVILLE,,djhfj.a,,Y,cfaaa.a,,a.a,,bfaa.a
Steen,Ladret,M,,jfi-ibcd,ARLINGTON,,,S,Y,,f.a,bfaa.a,a.a,daa.a
Jianxiu,,M,,jhb-deca,,VT,fbfb.a,S,,haaaa.a,e.djhiai,ddaa.a,a.a,
,Scutella,,ici.a,icg-bbcb,RALEIGH,,chgae.a,,N,caaaa.a,,a.a,,
Elise,Steinparz,,,eih-caif,LAKE WILSON,MN,fgbfb.a,,Y,bfaaa.a,f.df,ddaa.a,a.a,ddaa.a
Yixiu,Maloney,M,cad.a,baa-cddj,PLANTSVILLE,CT,,,N,,,a.a,,
Alair,Kohnert,F,cai.a,bac-jffg,LEMHI,ID,,,Y,,,a.a,,ddaa.a
,,,,hga-eead,NASHVILLE,,dhcee.a,,,cfaaa.a,,a.a,,a.a
Wuudiann,Throop,F,iai.a,,HONOLULU,HI,jgibg.a,M,Y,gfaaa.a,,a.a,,baea.a
Jingyuan,Cicchette,M,eba.a,cfi-ejec,BALTIMORE,,cbcab.a,M,N,gfaaa.a,,a.a,,
Leizhen,Charretton,M,iai.a,,KAAAWA,HI,jghda.a,,N,ffaaa.a,,a.a,,a.a
Helder,,M,,,,NM,ihfaf.a,S,,bfaaa.a,e.jfhbed,ddaa.a,a.a,ddaa.a
,Huberman,F,cci.a,ghi-hheh,BURNSVILLE,,,M,Y,,,a.a,,bfaa.a
,Roussinov,M,cai.a,,HOWE,ID,idcee.a,M,N,daaaa.a,,a.a,,a.a
Itai,Kleftouris,F,,bfe-bjfe,,WY,,M,N,,,a.a,,a.a
Lui,Bisseret,F,,ehj-gfja,WORCESTER,MA,bgag.a,S,N,haaaa.a,f.d,dfhf.a,a.a,
Anestis,Villamor,,,bcd-ecbd,LINCOLN,MI,eihec.a,,N,iaaaa.a,d.j,dbaa.a,a.a,a.a
Amani,,F,edf.a,,,UT,iehda.a,M,,efaaa.a,,a.a,,cehf.a
Hiroomi,Ogata,,,jdi-eehg,,WI,fdaai.a,S,Y,bfaaa.a,e.hahadb,haa.a,a.a,eaa.a
Alvis,Razek,F,eai.a,,CUPERTINO,CA,jfabe.a,M,Y,cfaaa.a,,a.a,,chc.a
,Monnard,F,,hbf-hdia,MONTAGUE,MA,,,Y,,f.d,dfhf.a,a.a,
,Grizzle,,gda.a,ihd-ifde,BURNT PRAIRIE,IL,gcica.a,M,N,daaaa.a,,a.a,,a.a
Kunihito,O'Hallaron,M,,dhh-ehbc,,WA,,M,Y,ifaaa.a,,a.a,,a.a
Pae,Anjan,M,,gef-ecae,KITTERY,ME,djae.a,,Y,faaaa.a,i.f,cifa.a,a.a,
Asim,Donald,F,cai.a,,KELLOGG,ID,ididh.a,,Y,bfaaa.a,,a.a,,ddaa.a
,Ekanadham,F,dae.a,hid-fgeb,BOLT,,,M,Y,jfaaa.a,,a.a,,
,Demian,,eac.a,hfd-gfei,OVERTON,NE,giigd.a,,Y,haaaa.a,,a.a,,bad.a
Xingwei,Wolte,F,,ccg-gfhd,SHREVEPORT,LA,hbbbj.a,,N,baaaa.a,c.a,efaa.a,a.a,a.a
,Gose,M,,iba-fcaj,CHESHIRE,CT,gebb.a,S,N,hfaaa.a,f.a,bchfa.a,a.a,
,McCoy,M,,gii-dgjj,EDGELEY,ND,,S,N,,c.cbjeaac,ddaa.a,a.a,a.a
Bart,Fulcher,M,cac.a,cja-ggdd,WASHINGTON,,,M,N,jfaaa.a,,a.a,,
,Koutny,F,,hie-jeib,DEERING,AK,,M,Y,,,a.a,,a.a
Pomset,Kabuka,F,cah.a,bfj-hbea,BOOTHBAY HARBOR,ME,,M,Y,,,a.a,,
Yousong,,M,,,,TX,hicaj.a,S,,faaa.a,,a.a,,a.a
,,F,,ibd-heeg,,RI,,S,,,,a.a,,
Xiping,Reitz,,,fgh-figj,BIRMINGHAM,,dfcef.a,S,N,hfaaa.a,f.a,bfaa.a,a.a,a.a
Xumin,,,,gdb-ccfd,PLEASANT PLAIN,,efbgc.a,,,gaaaa.a,c.fdhhbi,bdaa.a,a.a,bdaa.a
,Haneke,F,,jaj-ijfh,TOPEKA,KS,,S,Y,,d.f,ccfa.a,a.a,ccfa.a
Nevio,,F,,gdd-hihc,MONTVILLE,,,,,,d.adfgebc,bdaa.a,a.a,bdaa.a
Hein,Gascon,M,,,SACRAMENTO,CA,jficj.a,,Y,bfaaa.a,d.aejdiff,ih.a,a.a,chc.a
Agatha,Dighe,F,,,HONOLULU,HI,jgibb.a,S,Y,bfaaa.a,d.hedecb,baea.a,a.a,baea.a
Muli,,M,hfh.a,ecg-ijdd,EAGLE ROCK,,,M,,,,a.a,,
Cathie,Castanedo,,eac.a,fdc-hbch,DU BOIS,NE,gidef.a,M,N,faaaa.a,,a.a,,a.a
,Mistrik,F,,hhe-dhgc,LAWAI,HI,,,Y,,i.cf,baea.a,a.a,baea.a
Aohan,,M,,gag-bhjc,,RI,cjaj.a,S,,faaaa.a,,a.a,,
Bitan,Varhegyi,F,,,FRUITLAND,ID,idgbj.a,S,N,cfaaa.a,h.i,ddaa.a,a.a,a.a
,Cudia,F,,hfd-jgbb,MARYDEL,,bjjge.a,,Y,iaaaa.a,f.jf,bba.a,a.a,
Tung,,M,fad.a,dcj-hacc,,OR,,M,,baaaaa.a,,a.a,,bfj.a
Ayman,Hallman,M,gcd.a,cab-faga,NOGALES,AZ,,,N,,,a.a,,a.a
Jooseok,Chomsky,F,dbe.a,ddf-ddfj,KINGSVILLE,MO,,,N,ifaaa.a,,a.a,,a.a
Shelby,,F,,gdh-iecd,,VT,,S,,,e.fjghgch,ddaa.a,a.a,
Jifeng,,M,,ccd-egjb,,PR,,M,,,,a.a,,
Sadamu,,F,jbi.a,cag-dgch,,OK,hdffg.a,M,,eaaaa.a,,a.a,,a.a
Nobuo,Korncoff,M,jca.a,jji-jdbd,,WI,,M,Y,,,a.a,,eaa.a
Mark,Pottossine,F,,dcf-jcdh,HANOVER,MA,cddj.a,S,N,eaaaa.a,f.d,dfhf.a,a.a,
Shiv,Kerm,M,,cgh-hdbg,NEW HAMPTON,NH,,,N,,,a.a,,
Eliot,Zajac,F,iei.a,bdf-eeda,SUSSEX,NJ,hegb.a,M,N,haaaa.a,,a.a,,
Yihua,Alpay,,,bjb-ceea,RED OAK,,dachc.a,,Y,eaaaa.a,g.a,chaa.a,a.a,daaa.a
Zary,Dana,F,dac.a,dch-idha,DELMAR,,bjjea.a,M,Y,baaaa.a,,a.a,,
Greger,Westby,M,cai.a,,REUBENS,ID,idfei.a,,Y,eaaaa.a,,a.a,,ddaa.a
Fangju,,M,,gdg-ejhe,ROCHESTER,,,,,,,a.a,,
,Falby,,jeh.a,ieh-bbbc,LUDINGTON,MI,ejedb.a,,Y,gaaaa.a,,a.a,,dbaa.a
Dongping,Bloedorn,M,cab.a,jge-gcfj,LANDING,NJ,hifa.a,,Y,ffaaa.a,,a.a,,
Charalampos,,F,,,,TX,hibab.a,S,,faaaa.a,,a.a,,a.a
Neil,,F,feb.a,,,OR,jhhdg.a,M,,cfaaa.a,,a.a,,bfj.a
Roope,Milidiu,F,gai.a,eca-echg,,WI,,M,Y,,,a.a,,eaa.a
,Weydert,,eag.a,jch-ffea,PABLO,MT,fjiff.a,,Y,daaaa.a,,a.a,,bjaa.a
Erin,Ledin,F,,bcd-ieia,WHITE LAKE,MI,,S,N,,d.j,dbaa.a,a.a,a.a
Ekawit,,M,,jgd-fiff,,TX,,S,,,,a.a,,a.a
,Alsup,M,,,COLORADO SPRINGS,CO,iajag.a,M,Y,iaaaa.a,,a.a,,a.a
,Benkahla,M,hhd.a,ieb-bacb,MATHERVILLE,IL,,,N,jaaaa.a,,a.a,,a.a
Hristo,Carpineto,F,,,SILVERTON,CO,ibedd.a,,Y,gfaaa.a,,a.a,,a.a
,Sever,F,faf.a,,,NM,ihafb.a,M,N,eaaaa.a,,a.a,,a.a
Maurelio,,M,cbg.a,ejf-ijbh,SALEM,,,,,baaaaa.a,,a.a,,bdaa.a
,,F,,jdf-ehdg,,SD,,S,,,,a.a,,a.a
,Hudlicka,F,,iii-gcfc,BOULDER,CO,,S,N,,,a.a,,a.a
Liren,Kurian,F,,fbf-fbch,COATS,KS,,S,N,,g.ef,ccfa.a,a.a,a.a
Krishnamurthi,Benaini,M,faf.a,,,NM,ihidb.a,M,N,ffaaa.a,,a.a,,a.a
,,M,,,,OR,jhefg.a,S,,faaaa.a,j.a,bfj.a,a.a,bfj.a
,Putfarken,F,fae.a,ibj-hdbf,COLFAX,LA,hbebh.a,M,Y,dfaaa.a,,a.a,,baaa.a
Qingzhou,Otterbein,M,hhe.a,dge-ebdh,SPRINGFIELD,MA,bbjj.a,,N,faaaa.a,,a.a,,
Ridha,Lovengreen,M,,fje-ebie,CLARKSTON,MI,,S,Y,,d.j,dbaa.a,a.a,dbaa.a
Ascander,,,fea.a,fdj-jhdc,CARSON,,cdida.a,M,,baaaa.a,,a.a,,
Yoshikazu,Nakakoji,F,eag.a,ejb-fcch,DUTTON,MT,,M,N,,,a.a,,a.a
Sumali,Reinhard,F,,bdh-bcjd,FAIRBANKS,AK,,S,Y,jaaaa.a,,a.a,,a.a
Yannik,DeLano,F,,bed-fcgg,WASHINGTON,,cafcd.a,S,N,eaaaa.a,j.a,bdha.a,a.a,
Antoni,Phua,,,chj-eaac,JOLO,,ceifa.a,,N,gaaaa.a,g.f,caaa.a,a.a,
Fredric,,M,,jeg-bbdg,,RI,cjea.a,S,,gfaaa.a,,a.a,,
Abhijit,Quadeer,M,,,SHOUP,ID,idegj.a,,Y,haaaa.a,h.i,ddaa.a,a.a,ddaa.a
Shimshon,Assadi,,cbi.a,cfb-fddh,HAMEL,MN,ffdea.a,M,N,ffaaa.a,,a.a,,a.a
Aggis,Cornero,,ddg.a,dhe-cjia,CHARLOTTE,,ciccg.a,M,Y,cfaaa.a,,a.a,,
Yonhao,Muluszynski,F,,bbe-fejj,CUMMINGTON,MA,,S,Y,,f.d,dfhf.a,a.a,
Hungwen,Maraist,F,,eed-edab,FRENCHTOWN,NJ,,S,Y,,c.fadjfic,baaa.a,a.a,
Shyjan,Worthington,,fig.a,dib-hhaa,OTTER LAKE,MI,eiege.a,,Y,iaaaa.a,,a.a,,dbaa.a
DeLiang,,M,,ceg-fbjf,,NY,bcfbh.a,S,,cfaaa.a,,a.a,,
Zongyan,Peter,F,,,TANANA,AK,jjhhh.a,S,Y,ffaaa.a,,a.a,,a.a
,,M,,hag-hbjj,,VT,feei.a,S,,daaaa.a,d.gabjijf,ddaa.a,a.a,
Jiang,,M,,cie-haja,,TX,,M,,jfaaa.a,,a.a,,a.a
Morikazu,,M,,fbi-idjd,,SD,,S,,,,a.a,,a.a
Jiabin,Tolba,,hbf.a,cfb-djjd,,WI,fejfh.a,M,N,baaaa.a,,a.a,,a.a
,Bark,,,jbf-igfg,NAUVOO,IL,gcdfe.a,,Y,daaaa.a,d.a,caaa.a,a.a,caaa.a
Dilvan,Engberts,M,ffb.a,gcg-hggc,,NJ,iiaj.a,M,Y,ffaaa.a,,a.a,,
,,M,,hjh-fcdg,CHALFONT,,bijbe.a,M,,caaaa.a,,a.a,,
,Ehrenberger,,,hfd-cahg,DOUGHERTY,IA,faedd.a,S,Y,dfaaa.a,f.fghdcc,ea.a,a.a,ea.a
,Abeck,,,ibh-jchc,PORTIS,KS,ghehe.a,,Y,hfaaa.a,g.ef,ccfa.a,a.a,ccfa.a
Joonoo,Kubera,M,,cdf-jehf,WALKER,MN,,S,Y,,h.bjaeeid,ddaa.a,a.a,ddaa.a
Analia,,M,,cbg-bbah,MILLINGTON,,,,,,,a.a,,a.a
Karthikeyan,Kaisler,M,hgj.a,dfa-iffe,ACKERMAN,,,M,N,,,a.a,,a.a
Asanobu,Vodislav,,eag.a,fih-jgid,REXFORD,MT,fjjda.a,,Y,caaaa.a,,a.a,,bjaa.a
,,F,,,,OR,jhdcj.a,S,,haaaa.a,j.a,bfj.a,a.a,bfj.a
Ayako,,M,,cjd-fcea,GORDON,,,S,,,,a.a,,
Junehwa,Shacklett,,,gbj-efbh,SHIRLEY,,cgede.a,,N,iaaaa.a,g.f,caaa.a,a.a,
Edmund,Neimat,F,,bga-edab,,WY,,M,Y,,,a.a,,a.a
Asis,Islam,M,cai.a,jfc-bcfe,IDAHO FALLS,ID,,M,Y,,,a.a,,ddaa.a
Junro,Walstra,M,,,,WA,jieai.a,M,Y,faaaa.a,,a.a,,a.a
,Peterka,M,,hie-ihgd,,NJ,iade.a,S,Y,eaaaa.a,b.hbfebgh,baaa.a,a.a,
,Giddy,,dde.a,jca-fabj,GURLEY,,dfhei.a,M,Y,caaaa.a,,a.a,,daa.a
Dulce,Petzsch,F,,dhg-chic,PELAHATCHIE,,,,N,jaaaa.a,f.a,gaaa.a,a.a,a.a
Lode,Falgout,F,,eci-gbgh,UNIONVILLE,CT,gaif.a,S,N,faaaa.a,f.a,bchfa.a,a.a,
Dusko,Loganantharaj,F,,bcc-fhgg,,NM,,S,N,,f.d,ddaa.a,a.a,a.a
Juei,Picaronny,M,,,NICE,CA,jfege.a,,Y,hfaaa.a,j.d,ih.a,a.a,chc.a
JiYoung,,,,dbe-hdec,GRAFTON,,eeaee.a,S,,faaaa.a,c.cafhgjd,bdaa.a,a.a,a.a
,,M,,hcf-igah,MURFREESBORO,,,,,baaaaa.a,,a.a,,a.a
Guy,Wiering,M,iga.a,jha-fcaj,WALLINGFORD,CT,geje.a,M,N,caaaa.a,,a.a,,
,,M,,ieb-jddf,ARLINGTON,,cccch.a,S,,ffaaa.a,f.hf,jaa.a,a.a,
Juval,Khayat,F,,jhj-bfga,VIOLA,ID,,S,Y,,h.i,ddaa.a,a.a,ddaa.a
Mohamad,Rauch,F,gaj.a,dhj-chhi,,NJ,idbi.a,M,Y,ffaaa.a,,a.a,,
,,F,,hjb-hccg,,RI,,M,,jaaaa.a,,a.a,,
Piergiulio,,M,,fjh-bdfe,,VT,feef.a,S,,cfaaa.a,d.g,ddaa.a,a.a,
Khaled,Marzano,M,,caa-bdgb,,WA,,M,N,,,a.a,,a.a
Chengfei,,F,edf.a,,,UT,iecee.a,M,,hfaaa.a,,a.a,,a.a
Deganit,,F,,jea-gccg,,TX,,S,,ifaaa.a,,a.a,,a.a
Pranav,Bronne,,ghi.a,ffi-jiad,TRION,,dahfd.a,M,Y,faaaa.a,,a.a,,daaa.a
,DeTurk,,,hbi-hhfh,WILLARD,,ebbib.a,S,N,cfaaa.a,d.ccccccd,ca.a,a.a,a.a
Shigeyoshi,Dearnley,M,,gde-ceei,LEE,NH,digb.a,,N,caaaa.a,,a.a,,
,,M,,,,OR,jhded.a,S,,iaaaa.a,j.a,bfj.a,a.a,bfj.a
Gentaro,,M,,cjd-gjei,,SD,,S,,jfaaa.a,,a.a,,a.a
Wiebe,Bertsekas,F,,dfa-igbg,ASHDOWN,AR,hbicc.a,S,N,gfaaa.a,h.a,ca.a,a.a,a.a
,Manago,M,iga.a,jdc-didg,GALES FERRY,CT,,M,N,,,a.a,,
Stafano,Dasarathy,,,bjf-bggj,CRAWFORDVILLE,,dcdcg.a,S,Y,dfaaa.a,,a.a,,a.a
Mihhail,,F,,bib-ciai,,RI,cjaj.a,S,,iaaaa.a,,a.a,,
Padmaja,Debuse,,,baj-jdah,HUTCHINSON,KS,ghfab.a,S,Y,cfaaa.a,f.egggggh,ccfa.a,a.a,ccfa.a
,Walrath,M,,jda-jcfg,BALTIMORE,,cbcgd.a,S,N,hfaaa.a,e.hf,ceaa.a,a.a,
Faron,,M,,,,NV,ijbff.a,S,,haaaa.a,,a.a,,a.a
Leliane,,M,,bfe-fjei,,VT,,S,,,e.cjiddb,ddaa.a,a.a,
Roseanne,Dssouli,F,gaj.a,jjd-cjhj,,NJ,ijac.a,M,Y,iaaaa.a,,a.a,,
Rosemarie,Ornburn,M,,dhg-bfca,SAINT GEORGES,,bjhdd.a,,N,iaaaa.a,f.jf,bba.a,a.a,
Kwangkeun,Witzgall,,dbc.a,dia-bcfg,ELLSWORTH,IL,gbhdh.a,M,Y,haaaa.a,,a.a,,caaa.a
Zygmunt,Vogley,F,,ceg-idgd,BATON ROUGE,LA,haiae.a,S,Y,faaaa.a,g.a,efaa.a,a.a,baaa.a
Varsha,Forne,,fac.a,eec-iabe,WALTON,,ebaje.a,M,Y,eaaaa.a,,a.a,,ca.a
Mikey,Portinale,M,,,GREEN VALLEY,AZ,ifgcc.a,S,N,faaaa.a,d.ej,cbaa.a,a.a,a.a
Assef,,M,,cjc-efjf,,RI,cibe.a,M,,hfaaa.a,,a.a,,
,Adomavicius,,hab.a,iec-gafj,KINDRED,ND,fiafb.a,,N,bfaaa.a,,a.a,,a.a
Swami,,F,,eif-ejib,JOHNSTOWN,,bfjaj.a,,,gaaaa.a,,a.a,,
,Kirtane,M,,ide-bfab,WASHINGTON,,,S,N,,j.a,bdha.a,a.a,
,Bate,M,dac.a,hca-edih,WILMINGTON,,,M,Y,baaaaa.a,,a.a,,
,Weishar,F,gca.a,jdg-cgaf,TOPEKA,KS,,M,N,jfaaa.a,,a.a,,a.a
Koppolu,Fessel,F,dac.a,bhj-higf,VIOLA,,bjjhj.a,M,N,ffaaa.a,,a.a,,
Friedbert,Lardy,F,caf.a,bhh-cgee,GURLEY,,,M,Y,,,a.a,,daa.a
,Thies,,ifj.a,hie-dbfh,PARK CITY,,ecbga.a,,N,dfaaa.a,,a.a,,a.a
Lex,,,,fag-iidf,FORT MILL,,cjhbg.a,S,,bfaaa.a,h.a,ddaa.a,a.a,a.a
,Hertweck,F,cai.a,hej-ijid,POST FALLS,ID,,,Y,,,a.a,,ddaa.a
,,F,,hhh-dijc,,NY,,S,,jaaaa.a,,a.a,,
,Wolfson,,cci.a,gih-eeaf,ACKERMAN,,djhdf.a,M,Y,cfaaa.a,,a.a,,bfaa.a
Stergios,,M,,jhc-hjac,,VT,,S,,,d.g,ddaa.a,a.a,
,Reuter,F,,jaj-haig,DOVER,NH,dica.a,S,N,bfaaa.a,,a.a,,
,,F,,hia-fdff,,RI,,S,,jfaaa.a,,a.a,,
,,F,,hdg-hcij,,VT,fidg.a,S,,caaaa.a,d.g,ddaa.a,a.a,
,,F,,,,NV,ijedf.a,S,,gfaaa.a,,a.a,,a.a
Amin,Dargam,M,,,RIVERSIDE,CA,jcfag.a,,Y,daaaa.a,g.fjafed,ih.a,a.a,chc.a
Melville,,,,fgb-eigg,,SD,fhade.a,M,,bfaaa.a,,a.a,,a.a
Atushi,Raver,M,hbf.a,eid-gcee,,WI,,M,Y,baaaaa.a,,a.a,,eaa.a
Madan,,F,,eai-gcdi,FAIR PLAY,,,S,,,h.a,ddaa.a,a.a,a.a
Valentinas,,F,iad.a,feb-eeba,LYNCHBURG,,,,,,,a.a,,a.a
Hacene,Hanzalek,F,,bbc-iacg,FAIRVIEW,KS,,S,N,,d.f,ccfa.a,a.a,a.a
Colleen,Leban,F,,cgd-jfcj,,WY,,M,N,,,a.a,,a.a
Lem,,M,,,,TX,hgegg.a,M,,faaa.a,,a.a,,a.a
Yoshiko,Csuros,,gab.a,cca-iagi,CRENSHAW,,digcb.a,M,Y,gaaaa.a,,a.a,,bfaa.a
Shumin,,M,,jii-ecdg,,PR,hhi.a,M,,gaaaa.a,,a.a,,
Dara,Eckstein,,,gce-bgeh,ELK CREEK,NE,gidei.a,S,N,hfaaa.a,g.ie,bad.a,a.a,a.a
,Behm,F,cbj.a,ifb-dddd,SOUTH BEND,,,,N,jfaaa.a,,a.a,,a.a
Galia,Okurowski,,gbc.a,bia-cfhc,GRASSTON,MN,ffada.a,M,Y,gfaaa.a,,a.a,,ddaa.a
,,,,jdb-haec,MIDDLE BASS,,edeeg.a,,,faaaa.a,c.cafhgjd,bdaa.a,a.a,a.a
Roas,Lavoie,F,,jhc-cbii,,WA,,S,N,,,a.a,,a.a
Jagoda,Laulhere,M,,fhf-dicg,VARNADO,LA,,S,Y,,g.a,efaa.a,a.a,baaa.a
,Vicolov,F,dac.a,ifh-ehhe,NEWARK,,bjhbb.a,,N,faaa.a,,a.a,,
Sichen,Bett,F,hdc.a,ebf-bice,,NJ,,M,N,ifaaa.a,,a.a,,
Charly,Shackell,M,,bfg-djjb,WASHINGTON,,,S,Y,jfaaa.a,j.a,bdha.a,a.a,
,,F,,hbi-ecfg,,RI,,M,,baaaaa.a,,a.a,,
Yoshifumi,Corso,F,,fbe-ieic,WASHINGTON,,caaii.a,S,N,hfaaa.a,j.a,bdha.a,a.a,
Tatsuhiro,Prini,,hae.a,eab-cddg,DURHAM,,chhbh.a,M,N,caaaa.a,,a.a,,
Taokuan,Marzullo,F,fac.a,caf-igii,BLUE RIVER,,,M,N,,,a.a,,a.a
,Desai,F,iei.a,hcd-faga,,NJ,,M,N,baaaaa.a,,a.a,,
Iordana,Barbacci,M,,jef-fgdi,KWETHLUK,AK,,,Y,ifaaa.a,,a.a,,a.a
Joanne,Munster,M,,dfa-eecg,BERLIN,,,S,N,,e.hf,ceaa.a,a.a,
Hyongmuk,,F,,dhg-bjgb,,PR,ggj.a,S,,hfaaa.a,,a.a,,a.a
Jyrki,Cooperstock,F,,gbj-dfdj,TIPTON,MI,,S,N,jaaaa.a,d.j,dbaa.a,a.a,a.a
,Pieper,,,hdc-eead,BECKLEY,,cfiab.a,S,N,haaaa.a,g.f,caaa.a,a.a,
Kuhanandha,Brunk,M,,fja-iddj,,WY,,M,N,baaaaa.a,,a.a,,a.a
Jagesh,Redey,F,iai.a,,HONOMU,HI,jghci.a,M,Y,faaaa.a,,a.a,,baea.a
Chandramohan,,,jdh.a,jij-fiib,BEACH CITY,,eegai.a,M,,dfaaa.a,,a.a,,bdaa.a
Friedemann,,M,,bjb-gffb,,PR,hgf.a,M,,caaaa.a,,a.a,,
Barbora,Jutla,M,,bge-hcda,,WA,,S,Y,,,a.a,,a.a
,,F,,gih-faje,,SD,,M,,,,a.a,,a.a
Erez,Matteis,F,,jhc-jibb,COOLIN,ID,,S,Y,,e.bajgjd,ddaa.a,a.a,ddaa.a
Sanjoy,Csaba,F,,big-dbda,BORDENTOWN,NJ,,S,Y,ifaaa.a,c.ecfbaeb,baaa.a,a.a,
,,F,,hbh-ejcj,,PR,ghh.a,S,,faaaa.a,,a.a,,a.a
Constanze,,M,,bab-caee,,NV,,S,,,,a.a,,a.a
Ehric,,F,,ddi-jija,,RI,cjbf.a,S,,efaaa.a,,a.a,,
,,F,,ijj-fdgd,NASHVILLE,,,,,,,a.a,,a.a
Silvano,Hixon,F,,ffb-ibbg,WASHINGTON,,,S,N,,e.f,bdha.a,a.a,
Asit,Rostami,,dae.a,eff-hibh,GAP MILLS,,cejeb.a,M,Y,daaaa.a,,a.a,,
Tianxu,Kodama,F,dab.a,jgc-gjjj,BOWIE,,,M,N,,,a.a,,
Kenichiro,Weissman,,,fdi-ifaf,CHENOA,IL,gbhcg.a,S,Y,baaaa.a,d.a,caaa.a,a.a,caaa.a
,Tretiakoff,,jag.a,gjj-cjib,ROSEBUSH,MI,eiihi.a,,Y,faaa.a,,a.a,,dbaa.a
Sanguthevar,Brender,F,,,DENVER,CO,iaced.a,M,N,faaaa.a,,a.a,,a.a
,,M,,ihb-haed,WHITESBURG,,,M,,baaaaa.a,,a.a,,a.a
Jeanne,Rothstein,M,,bhj-deca,FAIRPLAY,,cbhdd.a,S,Y,caaaa.a,e.hf,ceaa.a,a.a,
Timos,,F,,jjb-bgga,PITTSBURGH,,bfcii.a,,,ffaaa.a,,a.a,,
Noriyoshi,Feuerman,,cdb.a,dge-hdbd,BALDWIN,MI,ejdae.a,M,Y,gfaaa.a,,a.a,,dbaa.a
Natraj,Balfanz,,eag.a,fda-djcg,WHITEHALL,MT,fjhfj.a,M,N,faaa.a,,a.a,,a.a
HweeHwa,,F,,dgj-cfeg,,VT,,S,,jfaaa.a,e.ijfbjef,ddaa.a,a.a,
,Lammel,M,,hhe-egee,GREENWOOD,NE,,S,Y,,g.ie,bad.a,a.a,bad.a
,,F,,jbg-bhaj,JOHNSON CITY,,,,,,,a.a,,a.a
Nanda,Feldhoffer,F,iha.a,bij-gfbi,AUGUSTA,AR,,M,Y,ifaaa.a,,a.a,,ca.a
Barnett,Marsden,M,,jia-ejic,TOK,AK,,M,N,,,a.a,,a.a
Andrej,Lovis,F,,bbi-eeib,MALTA,ID,,,Y,,h.i,ddaa.a,a.a,ddaa.a
,Rosca,F,,ggd-edce,SANDBORN,IN,,,Y,jfaaa.a,d.e,baaa.a,a.a,baaa.a
,,M,,gie-bejc,ROCK CAMP,,,,,,b.cajjcdb,bdaa.a,a.a,a.a
,Costake,F,,,KOLOA,HI,jghfg.a,,N,faaaa.a,i.cf,baea.a,a.a,a.a
Jon,Mutlu,M,,chb-ceah,NEWTON,,,,Y,,g.a,chaa.a,a.a,daaa.a
,Raver,F,,,,NM,ihfab.a,S,Y,gfaaa.a,f.d,ddaa.a,a.a,ddaa.a
,Suter,F,,,CANTWELL,AK,jjhcj.a,M,Y,bfaaa.a,,a.a,,a.a
Hana,,,,jgg-bjdc,DYERSBURG,,diace.a,M,,gfaaa.a,,a.a,,a.a
Seiichi,Wiegley,M,,fac-jhji,FORT MYERS,,,M,Y,ifaaa.a,,a.a,,a.a
Pnina,Ratto,,hgd.a,bce-fgga,MINNEAPOLIS,MN,ffecc.a,,Y,haaaa.a,,a.a,,ddaa.a
Ria,Mossack,M,faf.a,jia-jifc,,NM,,M,N,,,a.a,,a.a
,Perz,M,iei.a,iei-fbgd,DUMONT,NJ,,M,Y,ifaaa.a,,a.a,,
,Lichnewsky,F,,heg-bhga,,NM,,S,N,,f.d,ddaa.a,a.a,a.a
Akifumi,,M,,gci-fhjg,,NV,,S,,,,a.a,,a.a
,Vanwelkenhuysen,F,,,PHOENIX,AZ,ifadh.a,,Y,cfaaa.a,d.bacf,cbaa.a,a.a,cdaa.a
Shreesh,,M,edf.a,,,UT,iebfb.a,M,,faaaa.a,,a.a,,a.a
Jiming,Liptay,M,dac.a,jfh-djib,MIDDLETOWN,,,,Y,,,a.a,,
Sudeshna,Cyre,F,,,KOLOA,HI,jghfg.a,,Y,faaa.a,b.jeahijf,baea.a,a.a,baea.a
Amitabh,Meiming,F,cai.a,fje-jfic,MERIDIAN,ID,,,N,,,a.a,,a.a
Gus,Turbyfill,,,cag-jhdj,CHICAGO,IL,gagij.a,S,Y,dfaaa.a,d.a,caaa.a,a.a,caaa.a
Xiaomin,,M,,cbc-gcfi,,RI,cihc.a,S,,faaa.a,,a.a,,
Kresten,,M,,bca-edib,MORRIS CHAPEL,,,,,,,a.a,,a.a
Kyhyun,Gluch,,hab.a,efh-cadi,FREDONIA,ND,fieea.a,M,Y,ffaaa.a,,a.a,,ddaa.a
,,,,hac-ijid,,SD,fhahf.a,S,,daaaa.a,,a.a,,a.a
Takehiro,Usha,F,faf.a,fjj-cfcc,,NM,,M,N,jaaaa.a,,a.a,,a.a
Alfons,MacGinnes,M,cdb.a,ejc-hifc,WATTON,MI,,M,Y,,,a.a,,dbaa.a
CongDuc,Staylopatis,F,,bdd-hgge,WHITMER,,,S,N,baaaaa.a,g.f,caaa.a,a.a,
,Raschke,F,dbg.a,ibj-icdc,KANSAS CITY,KS,,,Y,jfaaa.a,,a.a,,ccfa.a
,,,had.a,hbb-cgce,NORA,,cechc.a,,,gfaaa.a,,a.a,,
Alistair,Mitkov,F,,gbg-ehfj,HAVRE,MT,,S,Y,,c.dhdchfi,bjaa.a,a.a,bjaa.a
,Akella,M,,,MORELAND,ID,idcfg.a,,N,cfaaa.a,h.i,ddaa.a,a.a,a.a
Gen,Bhatt,M,jhd.a,bbb-chia,BLOOMFIELD,NJ,haad.a,M,N,daaaa.a,,a.a,,
Staphane,Fraenkel,F,,bji-bhje,GLADBROOK,IA,,S,N,iaaaa.a,i.ji,ea.a,a.a,a.a
,Broodsky,,,igc-djii,FORT WAYNE,,egifj.a,S,Y,cfaaa.a,d.e,baaa.a,a.a,baaa.a
Darrell,,F,,bcb-jbjd,,TX,,S,,,,a.a,,a.a
Allan,,F,iac.a,jhi-gddi,,VT,ficf.a,M,,efaaa.a,,a.a,,
Yashvant,Redon,,hab.a,dbh-bbbh,TOLLEY,ND,fihih.a,M,N,haaaa.a,,a.a,,a.a
Arnulf,,M,,ffi-gdaj,,OK,,S,,jaaaa.a,g.cf,baaa.a,a.a,a.a
Yalin,Fratarcangeli,,gbc.a,eec-ejjd,NETT LAKE,MN,ffhhc.a,,Y,caaaa.a,,a.a,,ddaa.a
Hian,Birdsall,F,eba.a,djd-eafh,BALTIMORE,,cbccd.a,M,Y,faaaa.a,,a.a,,
Sukoya,Sowerbutts,,eag.a,fca-jegh,GLENTANA,MT,fjcea.a,M,N,caaaa.a,,a.a,,a.a
Katsunobu,Sinthupinyo,F,geb.a,bda-ffej,PROTIVIN,IA,,,N,iaaaa.a,,a.a,,a.a
Randeep,Jarzembski,F,cfb.a,gfb-bbhd,DEER PARK,,,M,Y,,,a.a,,daa.a
,,M,ede.a,ghd-edje,WOODBERRY FOREST,,,M,,,,a.a,,
Brett,Read,,,jhb-hibg,SPRUCE PINE,,dffif.a,,Y,iaaaa.a,f.a,bfaa.a,a.a,daa.a
,,M,,hgi-ffff,,OK,hdfdj.a,S,,efaaa.a,g.cf,baaa.a,a.a,a.a
,Minio,F,,hji-edeb,DRUMMOND,MT,,S,Y,,g.j,bjaa.a,a.a,bjaa.a
,,F,,,,OR,jhigi.a,S,,gaaaa.a,j.a,bfj.a,a.a,a.a
Reki,Farrow,M,,,TYONEK,AK,jjgic.a,S,Y,eaaaa.a,,a.a,,a.a
Irvin,Kragelund,M,,eib-cjdg,CHESTERFIELD,NH,,M,N,,,a.a,,
Jaehyung,Bocic,M,ebd.a,faa-hgdc,STOCKBRIDGE,MA,bcgd.a,,N,gaaaa.a,,a.a,,
Ettore,Noortwijk,M,,jed-bbhe,REDDING,CT,,,N,,f.a,bchfa.a,a.a,
,Elustondo,,ibc.a,hbf-cjaj,BLOOMINGTON,IN,eheac.a,M,Y,baaaa.a,,a.a,,baaa.a
Mansur,Greenwald,F,,chg-hhhb,BAILEYVILLE,ME,egje.a,S,N,haaaa.a,i.f,cifa.a,a.a,
Roy,Quasthoff,M,gbh.a,bef-dadf,LEVERETT,MA,bafe.a,,N,gfaaa.a,,a.a,,
Palle,Shewchuk,,,jie-biba,HOLSTEIN,NE,gijfa.a,S,Y,ffaaa.a,g.ie,bad.a,a.a,bad.a
,,F,hfh.a,hba-cacg,CHARLOTTESVILLE,,ccjag.a,M,,iaaaa.a,,a.a,,
Bal,Weischedel,,,fdg-eeaa,SUN CITY,,ddfig.a,S,Y,baaaa.a,,a.a,,a.a
Ella,,F,,eia-dgch,,NV,,M,,,,a.a,,a.a
,Neufeld,F,gab.a,igb-ehij,BEULAH,,,M,N,,,a.a,,a.a
Namyun,Sleeman,M,,,NAMPA,ID,idgih.a,,Y,cfaaa.a,h.i,ddaa.a,a.a,ddaa.a
Mieke,Shrader,M,,bcd-fcje,JEFFERSON,AR,,,Y,ifaaa.a,h.a,ca.a,a.a,ca.a
,Shallit,F,,,,NM,ihbba.a,S,N,faaa.a,b.h,ddaa.a,a.a,a.a
Irith,Lanneluc,M,,cca-jhff,YUMA,CO,,M,N,,,a.a,,a.a
,Beoumes,M,,iic-ifif,WILMINGTON,,bjijb.a,S,N,faaa.a,c.c,bba.a,a.a,
Mahadevan,Hiromitsu,F,,ccj-caaf,LAIE,HI,,,Y,,h.deigied,baea.a,a.a,baea.a
Maggie,Neighbors,M,hab.a,gcj-deih,CALVIN,ND,,M,Y,,,a.a,,ddaa.a
Ayman,,M,,,,NV,ijadc.a,S,,efaaa.a,,a.a,,a.a
Wolffried,Bergey,M,ffj.a,cfi-hbij,BUTTE CITY,CA,,M,Y,jfaaa.a,,a.a,,chc.a
Marty,Picaronny,M,hgd.a,bbe-dibg,ALMELUND,MN,,M,N,jaaaa.a,,a.a,,a.a
Jef,Caulk,,,ehi-chde,BELGRADE,MN,fgdbc.a,S,N,efaaa.a,g.gfgidad,ddaa.a,a.a,a.a
,Joslin,F,,ibb-bjdg,CARMEL,,,S,N,,d.e,baaa.a,a.a,a.a
,,,,ieg-ihcj,FOREST,,efied.a,S,,haaaa.a,c.igjgggg,bdaa.a,a.a,bdaa.a
,Skronn,,,hee-dejj,MARSHES SIDING,,ecgdb.a,,N,daaaa.a,d.f,ca.a,a.a,a.a
,Middelburg,M,,hci-iabe,ASHBY,MA,,S,Y,,f.d,dfhf.a,a.a,
Anjaneyulu,Giloi,,ebe.a,jgc-ebdh,,WI,fejcj.a,M,N,bfaaa.a,,a.a,,a.a
Buenaventura,Annot,F,cai.a,,ALMO,ID,iddbc.a,M,N,eaaaa.a,,a.a,,a.a
,,F,,,,WA,jjcfg.a,S,,baaaa.a,,a.a,,a.a
Kunsoo,,,fhb.a,dic-cgfa,ATKINS,,cedbb.a,M,,eaaaa.a,,a.a,,
,Furlanello,M,dai.a,gja-eiea,CAMBRIDGE,NE,,M,Y,ifaaa.a,,a.a,,bad.a
Jens,Handelman,F,ddh.a,eji-bbai,SHREVEPORT,LA,,,N,,,a.a,,a.a
,Zingoni,,cbi.a,hff-hefa,YOUNG AMERICA,MN,ffffi.a,M,N,daaaa.a,,a.a,,a.a
Soheil,Marrakchi,M,fhe.a,dfc-fijf,MADISON,IN,,,N,,,a.a,,a.a
Are,Cullingford,F,,,BOISE,ID,idhjj.a,S,N,dfaaa.a,h.i,ddaa.a,a.a,a.a
,,F,,hge-gddj,,OK,heeec.a,S,,faaa.a,d.afffffg,baaa.a,a.a,a.a
,Nemytykh,F,,ghb-cedc,RICHMOND,KS,,,Y,,g.ef,ccfa.a,a.a,ccfa.a
Qiwen,Lalanda,M,,jgd-ddfb,MANVEL,ND,,,N,,c.fghbghf,ddaa.a,a.a,a.a
Tinghe,,M,,fae-efeb,,RI,cjbh.a,S,,iaaaa.a,,a.a,,
Kazimir,,F,eaf.a,ebd-ichb,,OK,hehab.a,M,,gfaaa.a,,a.a,,baaa.a
Lilian,,F,,eaj-cjeg,,SD,,S,,,,a.a,,a.a
,,M,,hej-gjde,LAIRDSVILLE,,bhhec.a,,,iaaaa.a,,a.a,,
,Famili,,,ica-gdhe,GRAHAM,,ecdee.a,S,Y,ffaaa.a,e.iiiiij,ca.a,a.a,ca.a
,Hiromitsu,F,ccj.a,iad-ihbh,MATTHEWS,,,,N,,,a.a,,a.a
,,M,,hgg-gaba,NIAGARA FALLS,,bedab.a,,,cfaaa.a,,a.a,,
,Nascimento,M,,igb-fadc,OGLESBY,IL,,,Y,,d.a,caaa.a,a.a,caaa.a
,Janson,F,dbj.a,hib-ihjb,THORNBURG,IA,,M,N,,,a.a,,a.a
Rashi,Vassilakis,M,,,,WA,jiddc.a,S,Y,eaaaa.a,,a.a,,a.a
Grahame,Benkoski,F,iga.a,bdj-hfbe,NEW HAVEN,CT,,,N,ifaaa.a,,a.a,,
,,M,feb.a,ijh-diff,,OR,,M,,,,a.a,,bfj.a
Hirochika,,M,,bhh-jfhg,KENNEDY,,,,,,,a.a,,
Zizette,,F,,ecg-hghb,,OK,heeec.a,S,,daaaa.a,g.cf,baaa.a,a.a,baaa.a
Veronika,Barbacci,F,ffb.a,fjb-dihc,LANDISVILLE,NJ,idcg.a,,N,daaaa.a,,a.a,,
,Musto,M,,ieb-dhjd,GRANGER,IA,,S,N,,i.ji,ea.a,a.a,a.a
Idranil,Purday,,,ddb-ebea,BEAUFORT,,cifbg.a,S,N,iaaaa.a,h.ebaidj,ddaa.a,a.a,
,Spinelli,,cce.a,gje-cahj,WEST YORK,IL,gcehi.a,M,Y,caaaa.a,,a.a,,caaa.a
Ward,,F,,bej-dgif,ONLY,,,,,,,a.a,,a.a
Hguyen,Dulin,F,,bfe-hjjc,ROBBINSTON,ME,eghb.a,,Y,daaaa.a,i.f,cifa.a,a.a,
,,F,,,,OR,jhebb.a,S,,efaaa.a,j.a,bfj.a,a.a,bfj.a
Mingshien,,M,fia.a,gah-jjgi,,OK,,M,,,,a.a,,a.a
Djelloul,Lagendijk,F,,edb-idih,MOUNT LAUREL,NJ,,,Y,,b.e,baaa.a,a.a,
Haiko,,,,fbi-gdii,SAINT MATTHEWS,,cjbdf.a,,,ffaaa.a,h.a,ddaa.a,a.a,a.a
,Fanti,M,,,,WY,icedd.a,M,Y,hfaaa.a,,a.a,,a.a
Ueli,Vygen,M,,gdf-jhdf,MINNEAPOLIS,MN,,,Y,ifaaa.a,h.if,ddaa.a,a.a,ddaa.a
Itaru,Kaltofen,M,,bhb-dcjb,PIERCE,ID,,,Y,,h.i,ddaa.a,a.a,ddaa.a
Shaz,Dairiki,M,eba.a,jge-djdj,BALTIMORE,,cbche.a,M,Y,bfaaa.a,,a.a,,
Kaoru,Rifa,,,bjf-cbjb,PALM CITY,,dejjb.a,,Y,caaaa.a,,a.a,,a.a
Maged,Gran,F,,gce-hdee,SILVER SPRING,,cajbi.a,,N,daaaa.a,e.hf,ceaa.a,a.a,
Shifu,Fecht,F,fab.a,fcc-jiih,UMPIRE,AR,hbjhb.a,M,N,haaaa.a,,a.a,,a.a
Deven,Apperley,M,,jed-chbd,,WA,,M,Y,baaaaa.a,,a.a,,a.a
Najah,Pericleous,F,,,DINOSAUR,CO,ibgdd.a,S,Y,eaaaa.a,,a.a,,a.a
Niko,Kappner,M,,bhg-jcig,LENNON,MI,,,N,,d.j,dbaa.a,a.a,a.a
Kiriakos,,,,gfi-dcid,,SD,fhcfb.a,S,,faaaa.a,,a.a,,a.a
,Macias,M,iai.a,ife-bejc,LAHAINA,HI,,,N,,,a.a,,a.a
,Rahm,M,cai.a,,HOMEDALE,ID,idgci.a,M,Y,eaaaa.a,,a.a,,ddaa.a
Hariolf,,F,edf.a,,,UT,iebdc.a,M,,faaaa.a,,a.a,,cehf.a
,Heljanko,F,,hcg-jhac,COLUMBUS,,,S,N,,g.a,chaa.a,a.a,a.a
Dermont,Kindlmann,F,,ffa-hfgj,,NM,,S,Y,,f.d,ddaa.a,a.a,ddaa.a
Hedwig,,F,,dcb-cacb,,PR,,S,,,,a.a,,
Jarek,Cerone,F,eag.a,ccg-edgd,ABSAROKEE,MT,,M,Y,iaaaa.a,,a.a,,bjaa.a
Asao,Meekings,F,dab.a,cah-jidf,EWELL,,,M,Y,,,a.a,,
,,,fhb.a,hgc-dged,RICHMOND,,cdcgj.a,,,bfaaa.a,,a.a,,
Florimond,,F,,bee-hghh,,VT,,S,,jfaaa.a,e.ijfbjef,ddaa.a,a.a,
Takuyu,Arent,,,gcc-jahj,HOLCOMB,,dijea.a,S,Y,baaaa.a,f.a,gaaa.a,a.a,bfaa.a
Birgitta,Felgentreu,,,chi-dice,ROSEBUD,MT,fjdeh.a,,Y,faaa.a,c.dhdchfi,bjaa.a,a.a,bjaa.a
Jiazhen,Alshuth,,gfb.a,jii-ffdh,MONTICELLO,MN,fffig.a,,N,dfaaa.a,,a.a,,a.a
Eralp,Giguere,M,gaj.a,gah-ejee,CAPE MAY COURT HOUSE,NJ,icba.a,M,Y,eaaaa.a,,a.a,,
Zhengyou,,,,dea-fdbg,,SD,fhdgi.a,M,,gfaaa.a,,a.a,,a.a
Yiftach,Pfleeger,,hgf.a,fij-ibhh,FORT WAYNE,,egibf.a,M,Y,gaaaa.a,,a.a,,baaa.a
,,F,,hgh-jchi,ROSSVILLE,,,,,,,a.a,,a.a
,Putfarken,M,,hee-cdjg,LAFAYETTE,LA,,,N,jfaaa.a,g.a,efaa.a,a.a,a.a
Linqi,Salman,M,fah.a,dbg-jbad,MEDFORD,MN,,,N,ifaaa.a,,a.a,,a.a
Djemal,Rios,M,,cdd-eeji,CENTRAL VILLAGE,CT,gddc.a,S,Y,efaaa.a,f.a,bchfa.a,a.a,
,Tohme,F,,,ANCHORAGE,AK,jjfcj.a,M,N,daaaa.a,,a.a,,a.a
Narisa,McLellan,M,hif.a,dfi-djch,GREELEY,KS,,M,Y,,,a.a,,ccfa.a
,,M,edf.a,,,UT,ieajg.a,M,,ffaaa.a,,a.a,,a.a
Anna,,F,fbd.a,cag-dgae,WARREN,,,M,,,,a.a,,bdaa.a
Raimundo,Arthur,F,,,,NM,iicdb.a,S,N,haaaa.a,f.d,ddaa.a,a.a,a.a
,Pelc,M,,iia-beig,SHARPES,,,,Y,jaaaa.a,,a.a,,a.a
Nazim,Masada,M,,gdd-cied,JEDDO,MI,,,Y,,d.j,dbaa.a,a.a,dbaa.a
Faouzi,Lanet,M,,dah-bdeh,LETONA,AR,,,N,,h.a,ca.a,a.a,a.a
Gudala,,F,,fge-efhc,,OR,,S,,baaaaa.a,j.a,bfj.a,a.a,a.a
Dominic,,M,,dbc-cjjc,,NY,,M,,,,a.a,,
Farrokh,,F,,dic-jbaj,ALLENTOWN,,bibac.a,M,,hfaaa.a,,a.a,,
,Gluss,,hai.a,idc-ffeb,CHICAGO,IL,gagci.a,M,N,hfaaa.a,,a.a,,a.a
Irek,Rehak,,hbf.a,fab-ijeb,,WI,feeih.a,M,Y,faaaa.a,,a.a,,eaa.a
,,M,,ieh-gifd,,RI,cibg.a,M,,eaaaa.a,,a.a,,
Yongguang,,F,fia.a,bfc-ebhj,,OK,,M,,,,a.a,,baaa.a
Zhenzhou,,M,jhb.a,,,OR,jhhfc.a,M,,eaaaa.a,,a.a,,bfj.a
Stasys,Murta,M,,dgi-cdcj,BILLINGS,MT,,S,N,,g.j,bjaa.a,a.a,a.a
,,F,,iga-hfdg,,RI,cida.a,M,,efaaa.a,,a.a,,
,,F,,iig-dcag,,VT,,S,,,d.habeggi,ddaa.a,a.a,
Nich,Mambella,M,jif.a,egc-ffag,MARRERO,LA,,,Y,,,a.a,,baaa.a
,,,,hbc-ebdb,PELHAM,,dhdgg.a,,,eaaaa.a,,a.a,,a.a
Photios,,F,,bbb-baji,,PR,hid.a,S,,haaaa.a,,a.a,,
Demosthenes,Gerlhof,F,,ccb-gijh,BOSTON,MA,cbai.a,S,N,caaaa.a,f.d,dfhf.a,a.a,
Saeed,Razborov,M,,efj-eahg,WONDER LAKE,IL,,S,Y,jaaaa.a,d.a,caaa.a,a.a,caaa.a
,Shrivastava,M,,hje-beee,THOMASVILLE,,,S,N,baaaaa.a,g.a,chaa.a,a.a,a.a
Dusko,Goor,F,,djg-ehff,NEW HAVEN,CT,gfaj.a,,N,gaaaa.a,f.a,bchfa.a,a.a,
Guorong,Preas,M,,,FORT COLLINS,CO,iafcc.a,S,N,baaaa.a,,a.a,,a.a
Miriam,Petrovic,F,cah.a,cij-bdab,FORT KENT,ME,ehed.a,M,Y,caaaa.a,,a.a,,
,,F,,hdd-bhbc,,UT,,S,,,h.a,cehf.a,a.a,cehf.a
Srinivas,Imai,M,,dic-jjjd,CENTER STRAFFORD,NH,,S,N,,,a.a,,
Feliks,Prill,M,ibi.a,,MATHER,CA,jfgff.a,,Y,haaaa.a,,a.a,,chc.a
,Woerkom,F,iha.a,ijc-eeib,EDGEMONT,AR,hcaee.a,M,N,baaaa.a,,a.a,,a.a
,Noll,M,,hej-ffce,ARCHIBALD,LA,,S,N,,g.a,efaa.a,a.a,a.a
Chien,Sillitoe,M,,edf-behi,BATON ROUGE,LA,,S,N,jfaaa.a,g.a,efaa.a,a.a,a.a
Constanze,,M,,fgb-cjfj,,OR,,S,,,j.a,bfj.a,a.a,a.a
,,M,,gii-hhce,,OR,,S,,,j.a,bfj.a,a.a,a.a
Wojtek,Sundgren,,,bgc-jjch,LONEPINE,MT,fjiei.a,,N,gfaaa.a,g.j,bjaa.a,a.a,a.a
Leslie,McKie,F,,dgj-jfhh,HARMONY,,,S,Y,,h.fbfhde,ddaa.a,a.a,
Sakir,Huttel,M,,gcd-eaib,LEE CENTER,IL,,,N,,d.a,caaa.a,a.a,a.a
Charley,Gurzi,,fhe.a,bhc-ghfg,INDIANAPOLIS,,egcfb.a,M,Y,hfaaa.a,,a.a,,baaa.a
Latanya,Susaki,F,,,,WY,iciea.a,S,Y,caaaa.a,,a.a,,a.a
,Samlowski,F,fab.a,ifh-gjha,CONWAY,AR,hcadd.a,M,Y,faaaa.a,,a.a,,ca.a
Debjit,Giannotti,M,fba.a,,LA HABRA,CA,jagdb.a,,Y,iaaaa.a,,a.a,,chc.a
Arnold,Carla,F,iei.a,caa-jcci,TUCKERTON,NJ,,M,Y,baaaaa.a,,a.a,,
,Haskins,M,,iii-idai,VAIL,IA,,S,N,,h.bbbbab,ea.a,a.a,a.a
Christino,Halici,M,jai.a,ecd-haig,BAYVILLE,NJ,,M,N,,,a.a,,
,Luukkainen,M,,gjh-hgie,ALTA,CA,,S,N,,b.a,ih.a,a.a,a.a
Hirozumi,,M,,gai-eafg,WILLARDS,,cbihe.a,S,Y,daaaa.a,e.hf,ceaa.a,a.a,
Anindya,,M,cfb.a,bje-ejfj,LANGSTON,,,,Y,,,a.a,,daa.a
Hayo,,F,edf.a,,,UT,ieafd.a,M,,efaaa.a,,a.a,,a.a
Duccio,,F,,,,NV,ijaci.a,M,,iaaaa.a,,a.a,,a.a
Seungmi,,,fgd.a,eah-gjda,SHELDAHL,IA,faced.a,,Y,gfaaa.a,,a.a,,ea.a
Panayotis,,F,fad.a,bed-jffh,,OR,,M,,,,a.a,,a.a
Masanobu,,M,hab.a,jjd-ibbi,FLASHER,ND,,M,Y,jaaaa.a,,a.a,,ddaa.a
Ung,,M,iac.a,cde-eaha,,VT,,M,,,,a.a,,
Olav,Elhardt,M,,,,WY,icgea.a,M,N,faaa.a,,a.a,,a.a
Alagu,,F,,cfc-fbei,NEWFOUNDLAND,,bieef.a,,,efaaa.a,,a.a,,
Sreekumar,,M,jhd.a,gbc-ifaa,CARTERET,NJ,,M,Y,jaaaa.a,,a.a,,
,,M,,hai-bdjc,,NV,,M,,,,a.a,,a.a
Xiaoqun,,,,bde-hbbh,GRANVILLE,,edacd.a,S,,eaaaa.a,b.ihdicaf,bdaa.a,a.a,bdaa.a
Drago,,F,,eig-cgce,SHICKSHINNY,,,,,,,a.a,,
,,M,,igc-gfdf,,RI,cibe.a,S,,iaaaa.a,,a.a,,
,Chinen,,ggc.a,jcg-bebc,LUCEDALE,,djefc.a,,N,iaaaa.a,,a.a,,a.a
,,M,,,,TX,hfcgh.a,S,,gaaaa.a,,a.a,,a.a
Merritt,Knecht,F,cai.a,bbd-ejja,FENN,ID,,M,N,,,a.a,,a.a
Tuong,,M,,bee-hbef,,NV,,S,,,,a.a,,a.a
Jobst,,F,jbi.a,fji-ehed,,OK,,M,,,,a.a,,baaa.a
Olof,,M,dae.a,bjd-jjfd,VAN,,,M,Y,,,a.a,,
,Winzen,,jia.a,ggh-jagj,PENROSE,,cihgg.a,,N,efaaa.a,,a.a,,a.a
,Trauth,,,hef-jigj,STRUNK,,ecgej.a,,N,faaa.a,c.bbbbbbc,ca.a,a.a,a.a
Takehisa,,F,,,J B P H H,HI,jgifd.a,,Y,caaaa.a,e.geehdh,baea.a,a.a,baea.a
Richard,,,,efc-dhjj,HAMBLETON,,cgcgj.a,S,Y,cfaaa.a,e.af,caaa.a,a.a,
,,F,,,,NV,ijidd.a,M,,caaaa.a,,a.a,,a.a
Dwayne,,F,fhb.a,eac-cdjc,MOLLUSK,,,,,,,a.a,,
Shyue,Mulatero,M,iei.a,fdf-jadb,PATERSON,NJ,,,N,,,a.a,,
,,M,edf.a,ieb-ceie,,UT,,M,,iaaaa.a,,a.a,,cehf.a
Yooshin,,M,,gcd-fbib,,RI,,S,,baaaaa.a,,a.a,,
Arding,,F,iad.a,dhd-jfce,COWPENS,,,M,,,,a.a,,ddaa.a
Christhard,,M,,cfg-idge,,RI,cicg.a,S,,dfaaa.a,,a.a,,
,Dattasharma,M,dbi.a,ifa-efjj,KRAEMER,LA,hadhb.a,,N,ffaaa.a,,a.a,,a.a
,,,gai.a,hag-dfbd,,WI,feidh.a,M,Y,bfaaa.a,,a.a,,eaa.a
Lionello,,F,fad.a,,,OR,jhbcb.a,M,,haaaa.a,,a.a,,bfj.a
,Carletta,M,jci.a,gjd-dadf,AJO,AZ,,M,N,ifaaa.a,,a.a,,a.a
,Hodil,F,,hjc-iifb,CAMP H M SMITH,HI,,S,N,,i.cf,baea.a,a.a,a.a
Hongbing,,M,,cdh-jabh,,OK,hdaad.a,S,,haaaa.a,g.cf,baaa.a,a.a,baaa.a
Hazel,,M,,,POCATELLO,ID,idcac.a,,Y,dfaaa.a,h.i,ddaa.a,a.a,ddaa.a
Jiabin,,M,,bej-dahh,ELBERT,CO,,S,Y,baaaaa.a,,a.a,,a.a
,Bruckman,F,,ghh-ejab,WHITEFIELD,NH,dfji.a,M,N,dfaaa.a,,a.a,,
Hanxiong,,M,faf.a,bai-bbfc,,NM,,M,Y,,,a.a,,ddaa.a
Rune,,F,,gff-cijc,,RI,cicf.a,M,,haaaa.a,,a.a,,
Pierce,Velthausz,M,,,,WY,idaab.a,M,N,baaaa.a,,a.a,,a.a
Sudipta,Prieur,,,ffi-icij,BLUE EARTH,MN,fgabd.a,S,N,gaaaa.a,h.efhcfhd,ddaa.a,a.a,a.a
Shahab,,M,,ceh-haea,,NY,bachf.a,M,,dfaaa.a,,a.a,,
Pallab,,F,,cda-bdai,,RI,,M,,ifaaa.a,,a.a,,
Hwee,Iravani,M,,bdg-hiea,PEACHTREE CITY,,,,N,,g.a,chaa.a,a.a,a.a
Hisao,,F,hfh.a,did-gfhi,CHURCH ROAD,,,M,,,,a.a,,
Gurushankar,,M,,ffg-fcef,MERRIFIELD,MN,,,Y,,f.df,ddaa.a,a.a,ddaa.a
Avy,Kheirbek,F,cah.a,gce-fihf,SOUTHPORT,ME,,,N,,,a.a,,
Bruch,,M,hde.a,eea-fghj,PINCKNEY,MI,,,Y,,,a.a,,dbaa.a
Rabinder,,,,bee-cjdc,MCCONNELSVILLE,,edhfg.a,,,gfaaa.a,c.hadgjce,bdaa.a,a.a,bdaa.a
,Ehlers,F,,ice-jdaa,FISHERS,,,S,N,jaaaa.a,d.e,baaa.a,a.a,a.a
,Holtman,M,cac.a,iaa-gbja,WASHINGTON,,,M,N,,,a.a,,
Arnold,,F,,bei-feah,,PR,jfe.a,M,,haaaa.a,,a.a,,
Sebastiano,,F,igc.a,dei-faia,TRENTON,NJ,,M,Y,jfaaa.a,,a.a,,
Takafumi,Baber,,gab.a,jfe-ccda,HILLSBORO,,djaih.a,M,N,dfaaa.a,,a.a,,a.a
Charly,Huleihel,M,iai.a,bcc-ifdj,WAHIAWA,HI,,M,N,,,a.a,,a.a
Mirta,,F,jhb.a,eci-gfec,,OR,,M,,,,a.a,,a.a
,,,,hji-cgca,LUCAS,KS,ghgei.a,,Y,cfaaa.a,f.egggggh,ccfa.a,a.a,ccfa.a
Venkatavasu,,,,geh-gjad,CINCINNATI,,efcch.a,S,,efaaa.a,c.adjhjf,bdaa.a,a.a,a.a
Quan,Tomokiyo,F,faf.a,,,NM,iiadc.a,M,N,faaa.a,,a.a,,a.a
Kaj,Seiferas,M,hif.a,dcd-iaeg,MC FARLAND,KS,,,N,baaaaa.a,,a.a,,a.a
,,M,,hag-eefg,,SD,,M,,,,a.a,,a.a
,Thees,,gda.a,icd-jdfa,MILLSTADT,IL,gccga.a,,N,hfaaa.a,,a.a,,a.a
Shenze,Wilk,M,jba.a,bef-gbii,BLOWING ROCK,,,M,N,jaaaa.a,,a.a,,
Mounir,,M,cai.a,dhi-caba,REXBURG,ID,,,Y,,,a.a,,ddaa.a
Branka,,M,,,,TX,hjife.a,S,,haaaa.a,,a.a,,a.a
Giap,Soderston,M,,fbc-ehhb,MOUNT FREEDOM,NJ,hjha.a,,N,gaaaa.a,c.adaiddc,baaa.a,a.a,
,,,,jba-gjee,BIGHORN,MT,fjaba.a,S,Y,iaaaa.a,g.j,bjaa.a,a.a,bjaa.a
,,F,iac.a,iha-bcji,,VT,,M,,,,a.a,,
Nobuo,Sureson,,,fdd-ichj,ROCK,KS,ghbdb.a,,N,faaa.a,d.f,ccfa.a,a.a,a.a
Maddalena,Kleftouris,M,,fcf-fefh,,WA,,M,N,,,a.a,,a.a
Hilding,,M,eae.a,ffd-ejfd,ALAMO,,,M,Y,baaaaa.a,,a.a,,daaa.a
Quingbo,,F,fca.a,,SAFFORD,AZ,iffeg.a,,Y,cfaaa.a,,a.a,,cdaa.a
Ashoke,Detjens,M,cah.a,gdj-fica,COLUMBIA FALLS,ME,,M,N,baaaaa.a,,a.a,,
Urban,,F,,eeb-eege,,TX,,S,,,,a.a,,a.a
Bich,,M,,,,NV,ijaaj.a,S,,gfaaa.a,,a.a,,a.a
Haiyan,,F,cai.a,gdb-daab,MACKS INN,ID,,,Y,iaaaa.a,,a.a,,ddaa.a
Erina,Broca,,,jgj-iaeh,GOODLAND,MN,ffhec.a,S,N,bfaaa.a,f.df,ddaa.a,a.a,a.a
Asawaree,,M,fhd.a,bad-gcjd,COLUMBIA,MO,,M,Y,jfaaa.a,,a.a,,bcaa.a
,Karner,M,caf.a,ihd-cidh,EVA,,,M,N,,,a.a,,a.a
Rayk,Sutton,M,,,TWO RIVERS,AK,jjhbg.a,S,N,gfaaa.a,,a.a,,a.a
Goang,Noack,F,cai.a,bif-bjjd,COTTONWOOD,ID,,M,N,,,a.a,,a.a
Arash,,M,,cfh-feeh,GREENSBORO,,,S,Y,baaaaa.a,h.idaebjf,ddaa.a,a.a,
Kazimir,,F,,gfj-ehha,SAN DIEGO,CA,,,Y,baaaaa.a,j.d,ih.a,a.a,chc.a
Malur,Kadesch,M,jca.a,dej-bbhe,,WI,,M,N,,,a.a,,a.a
,,F,,hfg-fiee,,WA,,S,Y,,,a.a,,a.a
Feixiong,,M,gbe.a,jjg-bggd,RAVENNA,,,,,,,a.a,,a.a
Dihua,,M,eba.a,edi-cedh,MC HENRY,,cbfeb.a,,Y,efaaa.a,,a.a,,
Masat,Maciel,M,,bid-hgbc,PETERBOROUGH,NH,,,N,,,a.a,,
Naranker,Adorni,M,cah.a,dgj-jhba,NORTH HAVEN,ME,,,N,jaaaa.a,,a.a,,
,,F,,hhb-gjjc,,VT,,S,,,d.g,ddaa.a,a.a,
,,,ieh.a,hee-fhfh,EUREKA,IL,gbfda.a,M,Y,gfaaa.a,,a.a,,caaa.a
Hirotomo,,M,,gdg-iigg,FALMOUTH,MA,cfeb.a,S,Y,gaaaa.a,f.d,dfhf.a,a.a,
Piernicola,,F,,fea-iegd,,PR,gib.a,M,,hfaaa.a,,a.a,,a.a
Theodore,Dahl,,ieh.a,ebb-ehfe,TOPEKA,IL,gbfgh.a,M,N,baaaa.a,,a.a,,a.a
Rachid,McFarland,F,,jhg-jfag,DANBURY,NH,,S,N,,,a.a,,
,,,,ggc-bbib,BLOOMINGTON SPRINGS,,difef.a,S,,eaaaa.a,,a.a,,a.a
Xiaomei,,M,,fgf-ijab,SOUTHVIEW,,,,,,,a.a,,
Pat,,M,eia.a,ecj-bcid,TUCSON,AZ,,M,Y,,,a.a,,cdaa.a
,Sinclair,,,hhc-jfia,DOUGLASVILLE,,dabfe.a,S,N,faaaa.a,g.a,chaa.a,a.a,a.a
Selim,,M,dbi.a,efg-eaih,BATON ROUGE,LA,haidb.a,M,Y,dfaaa.a,,a.a,,baaa.a
Andres,,M,iga.a,ffb-gfih,NORWALK,CT,,,Y,,,a.a,,
,Paragot,F,,hbg-cfje,SPRINGFIELD,MA,bbjf.a,,N,hfaaa.a,f.d,dfhf.a,a.a,
,,M,,ggf-eahd,,NV,,M,,ifaaa.a,,a.a,,a.a
Jong,,M,,,SAN SIMON,AZ,ifgdc.a,,Y,efaaa.a,d.ebcf,cbaa.a,a.a,cdaa.a
Persi,,M,,ddj-bfai,,TX,,M,,,,a.a,,a.a
,Korczynski,F,,ige-ibbc,TUCKASEGEE,,,S,N,,g.hibegie,ddaa.a,a.a,a.a
Hguyen,Bisiere,,hhd.a,ccc-dcgj,OAK LAWN,IL,gaefd.a,,N,baaaa.a,,a.a,,a.a
Yannick,,F,,dfc-efic,PILOT KNOB,MO,,,Y,,g.a,cbaa.a,a.a,bcaa.a
,,M,iad.a,gie-fcji,CONWAY,,,M,,,,a.a,,a.a
Srinidhi,,M,ddg.a,baa-hicb,ENGELHARD,,,M,Y,,,a.a,,
Sally,Geiger,,hgj.a,bgj-jbfb,JACKSON,,djcfa.a,,N,faaaa.a,,a.a,,a.a
,,,cfg.a,hgc-jbhd,MOBILE,,dggah.a,,Y,faaa.a,,a.a,,daa.a
Jarmo,Oliva,,gfb.a,fhg-hjfi,GRAND MARAIS,MN,ffgae.a,M,N,cfaaa.a,,a.a,,a.a
Xiadong,,M,,jfh-gech,HARTFORD,CT,,S,Y,,f.a,bchfa.a,a.a,
Adegbeniga,Heinzelmann,F,,ecf-hffa,,WA,,S,N,,,a.a,,a.a
,,,,hfj-eigh,NEWTON FALLS,,eeeee.a,,,faaaa.a,c.cafhgjd,bdaa.a,a.a,a.a
Vassilios,,F,,fib-cjdb,WALLACE,IN,,S,Y,,d.e,baaa.a,a.a,baaa.a
Euripides,Chevalier,,,daf-ebfc,PLANTERSVILLE,,dghfi.a,,N,bfaaa.a,f.a,bfaa.a,a.a,a.a
Xuan,Bekesi,,,dce-cdje,HATCHECHUBBEE,,dgifi.a,S,N,gaaaa.a,f.a,bfaa.a,a.a,a.a
Sergei,,,,fhi-ffca,WEST YELLOWSTONE,MT,fjhfi.a,S,Y,dfaaa.a,g.j,bjaa.a,a.a,bjaa.a
Srikanth,,F,,fcg-cedj,GLENCOE,AR,hcfdj.a,S,Y,daaaa.a,h.a,ca.a,a.a,ca.a
Richara,,M,,,,NV,ijaai.a,S,,faaaa.a,,a.a,,a.a
Malika,,F,,dfj-cfdh,,PR,hgg.a,M,,efaaa.a,,a.a,,
,,F,,jag-hiad,,PR,,M,,jaaaa.a,,a.a,,
,,M,,hfj-jbha,NEWTOWN SQUARE,,,,,baaaaa.a,,a.a,,
Gudula,,M,cai.a,jfd-ggab,SWANLAKE,ID,,M,Y,ifaaa.a,,a.a,,ddaa.a
,,F,ede.a,ida-gbjd,RICHARDSVILLE,,cchdg.a,,,bfaaa.a,,a.a,,
,,M,,hed-gegi,HARTMAN,AR,,S,Y,,d.hhdadh,ca.a,a.a,ca.a
Changgui,Delgano,,,dhg-cebj,REIDSVILLE,,chdca.a,,N,gaaaa.a,g.jjbcfig,ddaa.a,a.a,
,Mavronicolas,F,,icj-ecfc,GADSDEN,,,S,N,,f.a,bfaa.a,a.a,a.a
Eckehard,Brightwell,M,iei.a,eia-fdfj,BUENA,NJ,idba.a,M,N,eaaaa.a,,a.a,,
Pijush,,,,dbc-gfci,NICOLLET,MN,fgahe.a,,Y,cfaaa.a,f.fijfjee,ddaa.a,a.a,ddaa.a
Hakki,,,,gef-gche,,SD,fhbjg.a,M,,ffaaa.a,,a.a,,a.a
,,M,jag.a,ghd-bdji,CASSOPOLIS,MI,,M,Y,,,a.a,,dbaa.a
CongDuc,Praus,F,hhe.a,cib-gfdf,WESTPORT,MA,,M,N,jfaaa.a,,a.a,,
Mohsin,Boudjlida,M,,,WEST COVINA,CA,jbhja.a,S,N,dfaaa.a,h.hhajcie,ih.a,a.a,a.a
Almira,Fujisaki,M,,eji-high,FLUKER,LA,,S,N,baaaaa.a,g.a,efaa.a,a.a,a.a
,Morillo,M,dai.a,jde-eagh,MAX,NE,,,N,,,a.a,,a.a
Izzet,,M,,deb-dhcc,,NY,,S,,,,a.a,,
Trevor,Welker,F,fai.a,fag-ddge,HOPEDALE,MA,,M,N,ifaaa.a,,a.a,,
Itsuo,Elwasif,M,,ccf-bhai,WELLESLEY,MA,ceic.a,S,N,haaaa.a,f.d,dfhf.a,a.a,
Sayeed,Linzer,F,cbh.a,fai-bicf,OAK LAWN,IL,,,N,,,a.a,,a.a
Leong,Ionescu,F,,bha-gacj,FORT SMITH,MT,,S,N,,g.j,bjaa.a,a.a,a.a
,Danecki,F,,hhe-hhhd,DELIGHT,AR,hbjea.a,S,N,baaaa.a,c.fhhigfe,ca.a,a.a,a.a
Algimantas,,F,iae.a,dec-bibj,FALLS CHURCH,,,M,,jaaaa.a,,a.a,,
Genevieve,,M,,fae-gcja,BOYNTON,,bffdc.a,M,,ffaaa.a,,a.a,,
Odd,,M,faf.a,ggb-dfib,,NM,,M,,,,a.a,,ddaa.a
Prabal,,M,,gfj-ggdd,FERNWOOD,ID,,S,Y,,h.i,ddaa.a,a.a,ddaa.a
Bangqing,,F,,bjc-fhhh,GRETNA,LA,haafe.a,S,Y,faaa.a,c.a,efaa.a,a.a,baaa.a
Shish,,,hab.a,eei-jbdi,MANDAN,ND,fiffe.a,,Y,gaaaa.a,,a.a,,ddaa.a
Zhexue,,,,jdj-ejjh,SHARPSBURG,,efhhh.a,,,bfaaa.a,b.aedjeii,bdaa.a,a.a,bdaa.a
Tsuneyo,Rahimi,M,cad.a,bjf-jigh,HARTFORD,CT,gbfd.a,M,N,gfaaa.a,,a.a,,
,Bassino,M,,,NUCLA,CO,ibece.a,,N,ffaaa.a,,a.a,,a.a
Are,Basler,F,,,,WY,icdde.a,M,N,cfaaa.a,,a.a,,a.a
Amilcar,Junping,M,ibc.a,faf-hdhc,WESTPHALIA,IN,,M,N,,,a.a,,a.a
Tatsuhiro,O'Cinneide,F,gda.a,cbg-giac,EDGEWOOD,IL,,M,N,ifaaa.a,,a.a,,a.a
Junguk,,,,fhj-cfgi,,SD,fhgfi.a,S,,dfaaa.a,,a.a,,a.a
,Forgie,,eag.a,jaf-hiji,MELVILLE,MT,fjaff.a,,N,ffaaa.a,,a.a,,a.a
Joycelyne,Noltemeier,M,,eji-ffdf,BELLVUE,CO,,M,N,,,a.a,,a.a
,,F,,idc-cdii,,OK,,S,,,g.cf,baaa.a,a.a,a.a
,Wursthorn,F,ebf.a,,PLEASANTON,CA,jefii.a,,N,efaaa.a,,a.a,,a.a
Emile,,F,dbi.a,jhh-jiei,COUSHATTA,LA,,M,Y,,,a.a,,baaa.a
,,M,edf.a,,,UT,iedai.a,M,,haaaa.a,,a.a,,cehf.a
Evelyn,Sreerama,F,ifj.a,cgg-dhji,ETOILE,,,M,N,iaaaa.a,,a.a,,a.a
Tadaaki,Calbrix,F,,geb-gaeg,WILMINGTON,,,S,N,iaaaa.a,f.jf,bba.a,a.a,
Shiv,Sethi,,,gag-fdaa,CHICAGO,IL,gagcb.a,S,N,dfaaa.a,d.a,caaa.a,a.a,a.a
Jeffery,,M,,bhh-ijic,,SD,,M,,,,a.a,,a.a
Naji,,M,,ebb-jfbj,WILMINGTON,,,S,Y,,c.c,bba.a,a.a,
,,F,jif.a,jaa-edha,WESTWEGO,LA,,M,Y,,,a.a,,baaa.a
Vladdimir,DeFouw,F,,cee-haej,HATTIEVILLE,AR,hcagd.a,S,N,faaa.a,b.dicgjdj,ca.a,a.a,a.a
Madge,,M,fia.a,bcj-ighg,,OK,hdjej.a,M,,baaaa.a,,a.a,,a.a
Helfried,,F,had.a,bfg-gaeb,DRY FORK,,,M,,jaaaa.a,,a.a,,
Bernhard,Leenaerts,M,,beg-dgjf,DERRY,NH,,S,N,,,a.a,,
Ajoy,,M,,jgb-dejd,,RI,,M,,,,a.a,,
Kapetanakis,Barvinok,,ibg.a,jhh-faci,MILAN,MO,gdffg.a,,N,baaaa.a,,a.a,,a.a
Umakanta,Aluja,F,,edf-ffha,SACRAMENTO,CA,,,N,ifaaa.a,j.d,ih.a,a.a,a.a
Haitao,,M,dab.a,gdg-ihhf,BALTIMORE,,cbcac.a,M,Y,faaaa.a,,a.a,,
Kiyokazu,,M,feb.a,,,OR,jhfci.a,M,,faaa.a,,a.a,,bfj.a
,Sieferas,M,cah.a,igb-dbhg,FORT FAIRFIELD,ME,ehec.a,M,N,hfaaa.a,,a.a,,
,,,ieh.a,jaj-fhbf,SEATONVILLE,IL,gbdfj.a,,Y,eaaaa.a,,a.a,,caaa.a
Larissa,,M,,gbd-ceca,BROCKTON,MA,cdab.a,S,Y,iaaaa.a,f.d,dfhf.a,a.a,
,,M,iab.a,ice-ibfc,,UT,,M,,,,a.a,,a.a
Yechezkel,,M,,gbg-fdej,,OR,,S,,,j.a,bfj.a,a.a,bfj.a
Oren,Thanh,F,,egf-gbbh,NEW HARBOR,ME,effe.a,,N,haaaa.a,i.f,cifa.a,a.a,
,Evens,,,hde-ccei,CHAFFEE,MO,gdhea.a,S,N,cfaaa.a,g.a,cbaa.a,a.a,a.a
Taeko,,F,hbf.a,dja-jjje,,WI,,M,Y,,,a.a,,eaa.a
Eishiro,,F,feb.a,cae-edie,,OR,,M,,,,a.a,,bfj.a
,Lafouge,M,,jca-cfbi,,WI,,S,N,,f.ccicif,haa.a,a.a,a.a
,Carrere,M,,jdb-fjjf,MITCHELL,NE,,,N,jaaaa.a,g.ie,bad.a,a.a,a.a
Joycelyne,Delcambre,,,deh-jaed,BEECH BOTTOM,,cgada.a,S,N,baaaa.a,d.a,caaa.a,a.a,
,,,,ihf-debg,TAMPA,,ddgje.a,S,Y,iaaaa.a,,a.a,,a.a
JiYoung,Bell,M,,gad-beeb,HEBRON,NH,dceb.a,S,N,cfaaa.a,,a.a,,
Gerco,Thall,,,fai-echd,GRAND FORKS AFB,ND,ficae.a,S,N,gfaaa.a,c.fajcagd,ddaa.a,a.a,a.a
Ryoji,,M,iad.a,baf-jdgh,HILTON HEAD ISLAND,,,M,,,,a.a,,a.a
,,F,,ihh-cdgh,BOISE,ID,,S,Y,,h.i,ddaa.a,a.a,ddaa.a
Hessam,,M,,ffc-ghaj,PORTLAND,ME,ebae.a,,Y,faaa.a,c.cbdfadg,cifa.a,a.a,
,,M,,jac-ibjb,SILVER SPRING,,cajai.a,,Y,ffaaa.a,e.hf,ceaa.a,a.a,
Safa,,F,,,,NV,ijfbd.a,S,,faaa.a,,a.a,,a.a
Shawn,,,,bda-bffc,INDEPENDENCE,MO,geafc.a,S,Y,daaaa.a,g.a,cbaa.a,a.a,bcaa.a
Suhayya,Caneghem,M,,djf-ggcb,WILSON,,,S,N,jaaaa.a,h.gcagcjd,ddaa.a,a.a,
,Gerteisen,F,faf.a,,,NM,ihdcd.a,M,N,ffaaa.a,,a.a,,a.a
,,F,,ifh-habh,,TX,hfaii.a,M,,hfaaa.a,,a.a,,a.a
Rajat,,M,iac.a,cfc-jfch,,VT,fifb.a,M,,daaaa.a,,a.a,,
Aniorte,,M,,fic-feca,WASHINGTON,,,S,Y,,g.hf,bdha.a,a.a,
Nazim,,,,fdd-gjhj,PALM CITY,,dejja.a,,Y,efaaa.a,,a.a,,a.a
Krystyna,,F,,cga-eefi,HARTFORD,CT,gbbe.a,S,Y,bfaaa.a,f.a,bchfa.a,a.a,
Shiwa,,F,chg.a,dhc-hcii,SUFFOLK,,,,,,,a.a,,
Amelia,Perritt,F,,,HAWAII NATIONAL PARK,HI,jghbi.a,S,N,efaaa.a,i.cf,baea.a,a.a,a.a
Douglas,,F,,,LONGMONT,CO,iafae.a,,Y,dfaaa.a,,a.a,,a.a
Pim,,F,,egf-bjdh,NORA,,,,,,f.hf,jaa.a,a.a,
,,F,,hcf-ebhd,STOCKTON SPRINGS,ME,,,Y,,i.f,cifa.a,a.a,
Aiqin,,M,iac.a,bcd-gcgg,,VT,fbfi.a,M,,faaaa.a,,a.a,,
Chengyu,,M,,,,TX,hgcej.a,M,,haaaa.a,,a.a,,a.a
Sumitra,,M,,,,WA,jiicb.a,S,Y,efaaa.a,,a.a,,a.a
,,F,,hie-beib,BRIDGEPORT,NJ,,S,Y,,c.fadjfic,baaa.a,a.a,
Jarl,,F,jfc.a,ceh-fabb,BRICELYN,MN,,M,Y,baaaaa.a,,a.a,,ddaa.a
Veronique,,,fhb.a,dej-ffbg,RICHMOND,,cdcjc.a,,,caaaa.a,,a.a,,
,Heyker,F,gbc.a,hha-hccb,NORTHROP,MN,,,N,,,a.a,,a.a
,Bednarek,F,cea.a,hbf-cdib,HUNT VALLEY,,cbagf.a,M,N,ffaaa.a,,a.a,,
,Herlihy,M,,hbi-caij,WEAUBLEAU,MO,,S,N,,g.a,cbaa.a,a.a,a.a
,,F,,hbb-dbih,KNOXVILLE,,,,,,,a.a,,a.a
Hudai,Ziauddin,,,cdg-cgge,GARY,,egeag.a,S,N,baaaa.a,d.e,baaa.a,a.a,a.a
Richards,Bies,F,,,,WA,jidcf.a,M,N,ffaaa.a,,a.a,,a.a
,,,,hbg-chhg,GLENWOOD,,cihdh.a,S,Y,haaaa.a,h.cabaej,ddaa.a,a.a,
,,F,hif.a,hhf-cdde,WICHITA,KS,,M,Y,,,a.a,,ccfa.a
Xiangmin,,F,,bcb-ehfg,,UT,,S,,,h.a,cehf.a,a.a,cehf.a
Cuie,Erde,,,bca-dheb,COLUMBUS,IN,ehcab.a,S,N,faaaa.a,d.e,baaa.a,a.a,a.a
,Ishai,F,,heh-idai,,WY,,M,N,,,a.a,,a.a
Djenana,,F,,,,NV,ijbba.a,M,,bfaaa.a,,a.a,,a.a
Venkataraman,Pokrovskii,,,dad-ddce,,WI,fegbi.a,S,N,ffaaa.a,f.eacadgh,haa.a,a.a,a.a
,,M,hbc.a,ggj-jcgg,VICTOR,IA,,M,Y,baaaaa.a,,a.a,,ea.a
,,F,,hhb-dgga,FORT PIERCE,,,M,Y,jaaaa.a,,a.a,,a.a
Saied,Martindale,F,eed.a,cih-hdbf,BUCKEYSTOWN,,,M,N,,,a.a,,
,,M,,,RAMPART,AK,jjhgh.a,,Y,baaaa.a,,a.a,,a.a
Maitreya,,F,,,HONOLULU,HI,jgiej.a,S,Y,efaaa.a,i.cf,baea.a,a.a,baea.a
Sayori,,M,,ddi-jdbg,,NY,bcafb.a,M,,daaaa.a,,a.a,,
Xiaolang,,F,,gfj-idce,,NY,,S,,,,a.a,,
,Redys,,,hbg-cgdh,SAINT LOUIS,MO,gdbhi.a,,N,eaaaa.a,g.a,cbaa.a,a.a,a.a
Humphrey,,M,,ebj-gbje,STINSON LAKE,NH,dche.a,,Y,faaa.a,,a.a,,
Natasha,,F,edf.a,,,UT,iehge.a,M,,faaa.a,,a.a,,a.a
Manikya,,F,,cgj-jdff,,NM,,S,,,f.d,ddaa.a,a.a,a.a
Ingram,Herlea,F,,eei-faci,GILFORD,NH,,S,N,,,a.a,,
Richard,,F,,eii-jcjg,LOUISVILLE,,,,Y,ifaaa.a,g.a,ca.a,a.a,ca.a
Timucin,Molberg,F,,jgi-ieed,FITZPATRICK,,,S,N,,f.a,bfaa.a,a.a,a.a
Quan,,,hab.a,eif-fieb,COURTENAY,ND,fiecg.a,M,Y,daaaa.a,,a.a,,ddaa.a
Gaelle,Geidmanis,,hag.a,jea-efjj,ALBANY,,dbhag.a,M,N,gaaaa.a,,a.a,,a.a
Kiyotaka,,F,,bgh-fbha,,PR,,M,,,,a.a,,
,,M,,jaj-gdif,NEW HAVEN,CT,,,Y,,d.a,bchfa.a,a.a,
,Thambidurai,F,,,,NM,ihaca.a,S,N,dfaaa.a,f.d,ddaa.a,a.a,a.a
Rodnay,,M,,jhd-ccbg,OAKLEY,MI,,,Y,,d.j,dbaa.a,a.a,dbaa.a
Samy,,M,,cbi-hahi,CORNING,,beida.a,M,,bfaaa.a,,a.a,,
Dinah,Altepeter,F,fae.a,def-gbbi,BOSSIER CITY,LA,hbbbc.a,M,N,dfaaa.a,,a.a,,a.a
,,F,,,,TX,hfecb.a,M,,eaaaa.a,,a.a,,a.a
,Balard,,,ide-bgdd,MECOSTA,MI,ejddc.a,,N,faaaa.a,d.j,dbaa.a,a.a,a.a
Miyoki,,,hea.a,ecf-gbcg,LORAIN,,eeaff.a,,,faaaa.a,,a.a,,bdaa.a
,,M,,hgg-jbhi,WESTPORT,CT,,S,Y,baaaaa.a,f.a,bchfa.a,a.a,
,Brodie,,,ihi-bbdi,COILA,,dijcd.a,S,N,hfaaa.a,f.a,gaaa.a,a.a,a.a
,,M,,jbd-hgif,,NV,,S,,,,a.a,,a.a
Subhasish,,M,,egg-hbbb,,OK,,S,,baaaaa.a,g.cf,baaa.a,a.a,baaa.a
Jaswinder,Hepner,M,jca.a,eee-badc,,WI,,M,N,,,a.a,,a.a
Irena,,,fah.a,jgf-bijg,FINLAND,MN,ffgad.a,M,Y,caaaa.a,,a.a,,ddaa.a
Sylviane,,M,,bgb-dhbe,,NV,,S,,jfaaa.a,,a.a,,a.a
Melia,Duquenne,M,hdc.a,jfd-jhce,WASHINGTON,NJ,,M,N,jaaaa.a,,a.a,,
Samuli,,M,,cgi-eccf,,PR,,S,,,,a.a,,
Heping,Tanishita,F,,bci-eiih,DELTA JUNCTION,AK,,S,N,jaaaa.a,,a.a,,a.a
Hwee,,M,dac.a,cba-gfjg,DOVER AFB,,,M,Y,,,a.a,,
Edna,Jutla,F,,chi-gjab,,WA,,S,N,,,a.a,,a.a
Gihwan,,F,,efg-dahc,,NY,babfi.a,S,,baaaa.a,,a.a,,
,,M,,gic-dche,NATCHITOCHES,LA,hbefi.a,,Y,baaaa.a,c.a,efaa.a,a.a,baaa.a
Anssi,Cangellaris,M,cfb.a,efc-ebgh,BIRMINGHAM,,,M,N,jfaaa.a,,a.a,,a.a
Zeev,Lichtman,F,iai.a,beg-jdhi,HONOLULU,HI,,M,N,,,a.a,,a.a
Adriano,,,,fei-dbhd,SCOTTSBURG,,cefij.a,,,gaaaa.a,f.hf,jaa.a,a.a,
Novak,,F,,,,OR,jhdda.a,S,,cfaaa.a,j.a,bfj.a,a.a,a.a
Margrethe,,M,,bba-cdgb,HAZLETON,,bicab.a,M,,efaaa.a,,a.a,,
Kaushal,,M,iac.a,dce-dcig,,VT,,M,,,,a.a,,
,,M,,hjh-ighh,CAVE SPRINGS,AR,hchbi.a,S,Y,haaaa.a,h.a,ca.a,a.a,ca.a
Ojelanki,,F,,,,NV,ijbbc.a,M,,daaaa.a,,a.a,,a.a
Object,Kleftouris,M,dbg.a,jib-bgad,TOPEKA,KS,,M,N,,,a.a,,a.a
,Slisenko,,eac.a,igg-djjg,LA VISTA,NE,gibci.a,,N,caaaa.a,,a.a,,a.a
,,,,hcj-bgei,MIAMI,,ddcdd.a,,Y,baaaa.a,,a.a,,a.a
Pius,,F,jhb.a,,,OR,jhigh.a,M,,bfaaa.a,,a.a,,a.a
Minhwa,,F,,ffb-bgig,BIG SKY,MT,,S,Y,,g.j,bjaa.a,a.a,bjaa.a
Lek,,F,,faj-bcig,ROCK CAMP,,,,,,c.dhbhedh,bdaa.a,a.a,a.a
Sitt,,M,iac.a,fhf-bdgj,,VT,fgga.a,M,,caaaa.a,,a.a,,
Thoms,Vollaro,,cci.a,fdb-bdbb,COLUMBUS,,djhba.a,M,N,baaaa.a,,a.a,,a.a
,,F,,ifa-didd,,NV,,S,,,,a.a,,a.a
,,F,,gid-gbjf,SALISBURY,NH,dcgi.a,,Y,daaaa.a,,a.a,,
Hamed,,F,,dhc-hdaa,,NY,babgh.a,M,,eaaaa.a,,a.a,,
,,M,,,COFFMAN COVE,AK,jjjbi.a,M,Y,haaaa.a,,a.a,,a.a
,Wendorf,,,iai-fidb,ALAMO,,daebb.a,S,N,baaaa.a,g.a,chaa.a,a.a,a.a
Spyros,Blomberg,M,cac.a,cgg-ciea,WASHINGTON,,,M,N,baaaaa.a,,a.a,,
Rildo,,M,,cia-cgbc,,UT,,S,,ifaaa.a,h.a,cehf.a,a.a,a.a
,,M,jia.a,hcj-dhdf,SHELBY,,,,Y,,,a.a,,
Neli,,M,,,,WA,jiaea.a,M,Y,faaa.a,,a.a,,a.a
,Koblitz,F,,ibf-fjfg,FORT COLLINS,CO,,M,N,,,a.a,,a.a
,Rindone,M,cad.a,iai-jdhi,STAMFORD,CT,,,N,ifaaa.a,,a.a,,
,,,gbi.a,ihi-cfbj,WEST CHICAGO,IL,gabig.a,M,Y,hfaaa.a,,a.a,,caaa.a
,,,,icd-diaj,OCALA,,deeia.a,,Y,gfaaa.a,,a.a,,a.a
Chandramohan,Bhatt,,cfc.a,edf-dgea,APEX,,chfcd.a,M,N,ffaaa.a,,a.a,,
Karim,Drenick,M,gbh.a,jgb-hige,TYRINGHAM,MA,bcge.a,M,N,daaaa.a,,a.a,,
Soummya,,M,,ffc-fjga,,RI,ciif.a,S,,ffaaa.a,,a.a,,
Mic,Gerbes,,dae.a,chb-fegi,HERNSHAW,,cfbah.a,M,N,hfaaa.a,,a.a,,
,Freundlich,,gag.a,jce-ccde,MACEO,,ecdff.a,,N,eaaaa.a,,a.a,,a.a
Carmelita,Dunfee,F,caf.a,efa-jeeb,MONTGOMERY,,,,N,ifaaa.a,,a.a,,a.a
Lenore,,,,eid-eihd,NELSON,,cefia.a,,,iaaaa.a,f.hf,jaa.a,a.a,
,Wurman,F,,ifh-jfgi,RIDGEVILLE,IN,,,N,jaaaa.a,d.e,baaa.a,a.a,a.a
Timos,,F,,dgj-gbcj,SARVER,,,,,,,a.a,,
,,,fac.a,ghc-bdae,FORT KNOX,,eabcb.a,M,Y,gaaaa.a,,a.a,,ca.a
Franziska,,F,,egg-dcdg,,PR,jea.a,M,,gfaaa.a,,a.a,,
,,M,jbi.a,ibg-iifj,,OK,hdgei.a,M,,faaa.a,,a.a,,baaa.a
Ingrid,,F,iga.a,eie-bcbg,WESTON,CT,giid.a,M,Y,eaaaa.a,,a.a,,
Nishit,,F,,fgh-gddd,KITTANNING,,,,,,,a.a,,
Nick,,F,,dab-hhfg,SURPRISE,NE,,S,Y,jfaaa.a,g.ie,bad.a,a.a,bad.a
Yanjie,Gurbaxani,,dde.a,cea-edae,ODENVILLE,,dfbca.a,,N,eaaaa.a,,a.a,,a.a
Lokesh,,,,bbi-ghbc,LISLE,IL,gafdc.a,,Y,haaaa.a,d.a,caaa.a,a.a,caaa.a
Nandyala,,,iad.a,gbb-gdah,PINOPOLIS,,cjegj.a,,,iaaaa.a,,a.a,,a.a
Hiroji,Stasinski,F,iai.a,fia-cahf,KUNIA,HI,,,N,ifaaa.a,,a.a,,a.a
Zohar,,,eac.a,fef-iagi,DILLER,NE,gidec.a,M,Y,haaaa.a,,a.a,,bad.a
Patricio,Lampaert,M,,eab-hbga,FORT GREELY,AK,,S,N,,,a.a,,a.a
Saul,,M,,fdf-gijf,HENRIETTA,,,S,,,,a.a,,
Takaaki,Rosenbaum,,,cbb-efgj,FORT MYERS,,ddjbc.a,S,N,hfaaa.a,,a.a,,a.a
,,M,iac.a,hce-bgih,,VT,,M,,ifaaa.a,,a.a,,
Abdechahid,,M,cea.a,bbb-daab,WHITEFORD,,cbbga.a,M,Y,haaaa.a,,a.a,,
Mingsheng,,M,,fag-jaaa,RICEVILLE,,bgedc.a,,,faaaa.a,,a.a,,
Parimal,,M,,dfi-fiib,,OK,,S,,ifaaa.a,g.cf,baaa.a,a.a,a.a
Toshimori,Brunk,,hbc.a,bge-eage,FERTILE,IA,faede.a,M,N,faaa.a,,a.a,,a.a
,,F,,hfa-jcjb,,OR,,S,,jfaaa.a,j.a,bfj.a,a.a,bfj.a
,,,ied.a,iaf-hihg,SENECA,,cjghi.a,,,hfaaa.a,,a.a,,ddaa.a
,,F,gfa.a,,SAN YSIDRO,CA,jcbed.a,,Y,bfaaa.a,,a.a,,chc.a
Stacy,Pavlopoulou,M,,fdi-gjci,,WY,,M,N,jfaaa.a,,a.a,,a.a
,,F,hgd.a,hia-djie,FRONTENAC,MN,,M,Y,jfaaa.a,,a.a,,ddaa.a
Charmane,,F,edf.a,cei-ciej,,UT,,M,,baaaaa.a,,a.a,,a.a
Ilies,,F,fai.a,bbj-cabd,MEDFIELD,MA,,,Y,baaaaa.a,,a.a,,
Mitsuhisa,Schmaranz,,,ehe-giac,WETUMPKA,,dgajc.a,S,N,efaaa.a,f.a,bfaa.a,a.a,a.a
,,,,jbg-dddg,,SD,fhhia.a,M,,dfaaa.a,,a.a,,a.a
Jaroslava,Wolfrum,,,bhe-gchb,CORAM,MT,fjjbd.a,S,N,dfaaa.a,g.j,bjaa.a,a.a,a.a
Ljudmilla,,F,iac.a,cga-gdcd,,VT,,M,,,,a.a,,
Liujian,,F,,ebj-jbji,,PR,,M,,jaaaa.a,,a.a,,
Joonhee,Knedel,M,,eaj-gffd,JACKSONVILLE,,,,N,,,a.a,,a.a
Monvef,Peelman,M,,efe-fgcb,,NJ,haaf.a,S,N,bfaaa.a,b.e,baaa.a,a.a,
Kari,,F,,cdd-eeah,,NY,bbcci.a,M,,ffaaa.a,,a.a,,
,Hooghiemstra,M,gab.a,hhf-jebg,VERONA,,,M,N,,,a.a,,a.a
Gees,,M,,eha-jiea,MARATHON SHORES,,,,Y,,,a.a,,a.a
Borje,,M,,cjb-gjae,FULTON,,,S,Y,,f.a,gaaa.a,a.a,bfaa.a
Foto,,M,,ehj-jgad,WASHINGTON,,,S,Y,,j.a,bdha.a,a.a,
,,M,,jaj-fgje,MILLERSBURG,,,,Y,,d.e,baaa.a,a.a,baaa.a
Galia,,M,fhe.a,bce-cdcb,EVANSVILLE,IN,,M,Y,,,a.a,,baaa.a
Jaijeet,Deter,M,,,JBER,AK,jjfaf.a,,N,eaaaa.a,,a.a,,a.a
Shinichiro,,F,,gad-fgdf,,PR,gfj.a,M,,daaaa.a,,a.a,,a.a
Subhas,,M,ige.a,cae-bbia,CHARLESTON,,,M,,jaaaa.a,,a.a,,ddaa.a
Ramayya,,F,iac.a,bfj-bfhf,,VT,fiea.a,M,,eaaaa.a,,a.a,,
Nadeem,Cleve,F,,,KAPOLEI,HI,jghah.a,,N,efaaa.a,i.cf,baea.a,a.a,a.a
Akeno,Dalphin,F,dac.a,fha-jcfb,WILMINGTON,,bjiie.a,M,N,caaaa.a,,a.a,,
Akida,,M,,jfb-heid,CLEVELAND,,,S,,,c.hadgjce,bdaa.a,a.a,bdaa.a
Akihisa,McKearney,M,,cfe-ejic,COLLBRAN,CO,,S,N,,,a.a,,a.a
Rastislav,,M,,,HONOLULU,HI,jgibg.a,S,Y,baaaa.a,c.iecbafe,baea.a,a.a,baea.a
,,F,cbj.a,ich-jbdf,WEST LAFAYETTE,IN,,M,Y,,,a.a,,baaa.a
Toshiharu,,M,faf.a,cfc-ghgf,,NM,,M,,,,a.a,,a.a
Ottavia,,M,cac.a,ehf-fjhg,WASHINGTON,,cacbh.a,M,Y,gaaaa.a,,a.a,,
Xihao,Viguier,,dae.a,efg-hced,HIGH VIEW,,cgiai.a,M,N,daaaa.a,,a.a,,
,,,eag.a,hed-ffjg,PENDROY,MT,fjegh.a,,Y,daaaa.a,,a.a,,bjaa.a
Ewgeni,,M,,gdb-idgi,,WI,,S,Y,,f.fhfhii,haa.a,a.a,eaa.a
Ult,,M,jbi.a,dcg-cbee,,OK,hdbai.a,M,,haaaa.a,,a.a,,baaa.a
Subhas,,M,,bec-ejaa,,NY,bdccf.a,S,,bfaaa.a,,a.a,,
,,F,jbc.a,heb-fbfd,TURIN,,,M,Y,,,a.a,,daaa.a
Jiawan,,F,fhe.a,jgh-eihe,LAFAYETTE,IN,,,Y,,,a.a,,baaa.a
,,,,gig-bjfb,PRESTON,,eadgg.a,,Y,hfaaa.a,g.a,ca.a,a.a,ca.a
Tarun,,F,iha.a,ebc-hadg,BENTON,AR,hcbfi.a,M,Y,iaaaa.a,,a.a,,ca.a
Anneliese,Foret,M,,,KILAUEA,HI,jghfe.a,,N,haaaa.a,i.cf,baea.a,a.a,a.a
,,F,,idc-dadi,,PR,had.a,S,,gaaaa.a,,a.a,,a.a
Masayasu,,M,,eec-ieah,CATAUMET,MA,,S,Y,baaaaa.a,f.d,dfhf.a,a.a,
Manvinder,,M,,chf-bhbi,GRIFFITHSVILLE,,,S,Y,baaaaa.a,g.f,caaa.a,a.a,
Saliha,,,cac.a,gfh-dfdb,PARCEL RETURN SERVICE,DC,fgjfa.a,,Y,baaaa.a,,a.a,,bdha.a
Mirta,,F,,gbh-hdii,GLASSPORT,,bfaef.a,M,,hfaaa.a,,a.a,,
Remo,,F,,bdd-djda,PLEASANT HALL,,,,,,,a.a,,
Filipe,Orozco,,fbh.a,gfi-bcfe,PORT AUSTIN,MI,eiegh.a,,N,eaaaa.a,,a.a,,a.a
Damanjit,Schmies,,,dih-hidi,CHARLESTON,,cfddh.a,S,N,bfaaa.a,d.df,caaa.a,a.a,
Nidapan,,,,dab-hhff,ORLINDA,,dhbeb.a,,,efaaa.a,,a.a,,a.a
Ramsey,Rohall,,,bih-iiaa,SKIDMORE,MO,geeih.a,,N,daaaa.a,g.a,cbaa.a,a.a,a.a
Alistair,,F,,bec-ihfc,,NJ,,S,Y,jfaaa.a,c.ficibcf,baaa.a,a.a,
Rushikesh,,M,,cgh-cdah,MOUNT DESERT,ME,egga.a,,Y,bfaaa.a,g.jfiacjd,cifa.a,a.a,
,,,,ifi-gcdi,SUMMERFIELD,,deejb.a,M,Y,baaaa.a,,a.a,,a.a
,,M,,jaj-gjed,CENTRAL CITY,CO,,S,Y,,,a.a,,a.a
Eunsook,,F,,daj-fdib,WASHINGTON,,cacfa.a,S,Y,gfaaa.a,j.a,bdha.a,a.a,
Deren,Tiemann,,ibg.a,jjg-fgae,CHESTNUTRIDGE,MO,gfgda.a,M,N,gaaaa.a,,a.a,,a.a
Jed,Zhang,,gga.a,ffh-fehf,CAPE GIRARDEAU,MO,gdhac.a,M,N,faaaa.a,,a.a,,a.a
Xinan,,F,cfg.a,gca-cfdh,MALCOLM,,,,Y,,,a.a,,daa.a
,,,ige.a,ibg-ecdb,JENKINSVILLE,,cjagf.a,,,gfaaa.a,,a.a,,ddaa.a
Felicity,,,,gbh-hdea,NASHVILLE,,dhcad.a,,,caaaa.a,,a.a,,a.a
Geng,,F,,fdj-ijgd,COLEMAN FALLS,,,S,,,f.cbecig,jaa.a,a.a,
,Wode,,hab.a,jad-bgbj,BALFOUR,ND,fihbc.a,M,N,hfaaa.a,,a.a,,a.a
Ziming,,M,,bgh-eefc,CHATTANOOGA,,,M,,,,a.a,,a.a
,,F,iha.a,igj-fiib,DAMASCUS,AR,hcadj.a,M,Y,eaaaa.a,,a.a,,ca.a
Michihiro,,M,chg.a,deh-ijeh,ROANOKE,,,,,,,a.a,,
Bodonirina,,M,,,EASTPORT,ID,idicg.a,S,Y,faaa.a,c.gjadedj,ddaa.a,a.a,ddaa.a
Kathryn,,,,edd-cfah,FLEMING ISLAND,,dcaag.a,M,Y,gaaaa.a,,a.a,,a.a
Yildiray,Strcalov,F,,,ALAKANUK,AK,jjffe.a,S,N,hfaaa.a,,a.a,,a.a
Ivy,,,gga.a,fhj-hebf,FAIRVIEW,MO,geiec.a,M,Y,caaaa.a,,a.a,,bcaa.a
Lisandro,Larcher,F,hgj.a,deb-jfdh,ISOLA,,,,N,,,a.a,,a.a
,,M,,igi-jcjb,WAYMART,,,S,,,,a.a,,
Bonita,,F,,ege-hgjb,STAR JUNCTION,,,,,,,a.a,,
,,M,,hac-cajc,STEVENSON,,cbbfd.a,,Y,haaaa.a,e.hf,ceaa.a,a.a,
Peeter,Brodie,F,jia.a,bdj-icfj,RALEIGH,,,,N,jfaaa.a,,a.a,,
Guardian,,M,,eaa-jjac,NEMACOLIN,,bfdfb.a,,,baaaa.a,,a.a,,
,Lubbe,M,,ibe-hchg,,WY,,S,N,,,a.a,,a.a
Lorri,,M,,ggb-bfba,,RI,cibf.a,M,,faaa.a,,a.a,,
Jamie,,F,,cij-dgea,CORAOPOLIS,,,M,,,,a.a,,
Clenn,Birk,F,dac.a,bai-iffd,TOWNSEND,,bjhde.a,M,N,cfaaa.a,,a.a,,
Indradeep,,M,,fjb-jbgj,FREEDOM,,,S,,,,a.a,,
,,F,,jdg-gdah,,SD,,M,,,,a.a,,a.a
,,F,iac.a,ggc-edbe,,VT,fcgb.a,M,,caaaa.a,,a.a,,
Jihong,Bauknecht,M,,,PORT LIONS,AK,jjffa.a,,N,efaaa.a,,a.a,,a.a
Pierangelo,,,hae.a,gca-eigj,MC LEANSVILLE,,chdab.a,,Y,cfaaa.a,,a.a,,
Tanguy,,M,fad.a,jgf-jdgg,,OR,,M,,baaaaa.a,,a.a,,bfj.a
Jianghong,,M,,fai-hgig,,NY,bbhgh.a,M,,faaaa.a,,a.a,,
Qiping,,,ige.a,fig-geib,LODGE,,cjaic.a,,,faaa.a,,a.a,,a.a
Saurab,,M,,egf-dbie,,RI,ciac.a,S,,daaaa.a,,a.a,,
Cecil,,M,dac.a,caj-chgh,WILMINGTON,,bjijg.a,M,Y,caaaa.a,,a.a,,
Joji,,F,,feb-djgi,WILMINGTON,,bjiad.a,S,Y,dfaaa.a,e.cefeff,bba.a,a.a,
Kilnam,Reich,,gfb.a,eai-dfcd,CROOKSTON,MN,fghbg.a,M,N,iaaaa.a,,a.a,,a.a
,,M,,,,UT,iehff.a,S,,bfaaa.a,h.a,cehf.a,a.a,a.a
,,F,cgc.a,hfe-igcb,,WI,,M,Y,,,a.a,,eaa.a
,,,,gig-fiij,RED BOILING SPRINGS,,dhbfa.a,,,eaaaa.a,,a.a,,a.a
Mohamed,Yokomizo,F,cai.a,,ROCKLAND,ID,idchb.a,,N,cfaaa.a,,a.a,,a.a
Mikiko,,F,,fea-febf,,NV,,S,,,,a.a,,a.a
Betsy,,M,,,WOLCOTT,CO,ibgff.a,M,Y,efaaa.a,,a.a,,a.a
Xiaoyan,Claffy,F,,,DENVER,CO,iacac.a,S,N,cfaaa.a,,a.a,,a.a
Yasukazu,Rollins,F,,,PETERSBURG,AK,jjidd.a,,N,faaa.a,,a.a,,a.a
Ikuyo,,,,eej-ifeh,KANSAS CITY,MO,gebca.a,,Y,baaaa.a,g.a,cbaa.a,a.a,bcaa.a
,,F,dac.a,hab-icbf,WILMINGTON,,,M,Y,,,a.a,,
Phule,Renker,F,,,,WA,jichi.a,M,N,gaaaa.a,,a.a,,a.a
,Schefe,,,hgi-hfch,WATERLOO,,eghjd.a,S,N,gfaaa.a,d.e,baaa.a,a.a,a.a
Razvan,,F,edf.a,,,UT,ieddb.a,M,,gaaaa.a,,a.a,,cehf.a
Weiwei,,M,,chf-ceid,,RI,cice.a,S,,gaaaa.a,,a.a,,
,,M,,,,UT,iegee.a,S,,gaaaa.a,h.a,cehf.a,a.a,cehf.a
,,M,,hii-fheg,ANDOVER,ME,ecbg.a,S,Y,gaaaa.a,i.f,cifa.a,a.a,
,,M,,jbc-eaaj,,PR,jdh.a,S,,efaaa.a,,a.a,,
Dong,,M,cac.a,cib-dhfa,PARCEL RETURN SERVICE,DC,,,Y,ifaaa.a,,a.a,,bdha.a
Paulis,,M,jba.a,fhj-ibgd,LAUREL HILL,,,,Y,jfaaa.a,,a.a,,
Kazuto,,M,,feh-jfcc,BOLINGBROKE,,,S,Y,,g.a,chaa.a,a.a,daaa.a
Chendong,,F,gab.a,ech-ebgb,WESSON,,,M,Y,,,a.a,,bfaa.a
,,F,,,MAKAWELI,HI,jghgj.a,,Y,daaaa.a,g.eehdgi,baea.a,a.a,baea.a
Kensei,Colliat,F,ifh.a,gfi-fheb,LENOX,MA,bcea.a,,N,ffaaa.a,,a.a,,
Shuho,Koshkin,F,,bcd-eaig,TALLAHASSEE,,,S,N,,,a.a,,a.a
Phokion,Rousskov,,daj.a,jfc-dfgi,VIRDEN,IL,gcgja.a,M,N,hfaaa.a,,a.a,,a.a
,,F,,,BASALT,ID,idcbi.a,S,Y,gfaaa.a,h.i,ddaa.a,a.a,ddaa.a
Jun,Naixiao,F,iga.a,djd-hhaa,PROSPECT,CT,,,N,,,a.a,,
Tuncer,,,cha.a,beb-dcaf,PHELPS,,ebffd.a,,Y,gfaaa.a,,a.a,,ca.a
Vlad,,F,faf.a,,,NM,ihdge.a,M,Y,daaaa.a,,a.a,,ddaa.a
Haiyong,,M,cac.a,cfc-jdgf,WASHINGTON,,,M,Y,jaaaa.a,,a.a,,
Birgit,,F,,,GLENNS FERRY,ID,idgcd.a,S,Y,efaaa.a,h.i,ddaa.a,a.a,ddaa.a
Rehmi,,M,iai.a,jih-fcag,HANALEI,HI,,M,Y,,,a.a,,baea.a
Enshao,,,,bih-eecb,CLARA,,djdce.a,S,Y,eaaaa.a,f.a,gaaa.a,a.a,bfaa.a
,,M,gac.a,hhf-bchf,TEMPE,AZ,,M,Y,baaaaa.a,,a.a,,cdaa.a
Sasikumar,,M,,cad-fhea,,OK,hdfeg.a,S,,iaaaa.a,g.cf,baaa.a,a.a,a.a
Gay,,F,,ehh-hecf,AVENUE,,cagaj.a,S,Y,ffaaa.a,e.hf,ceaa.a,a.a,
Rain,,M,gcd.a,,TUCSON,AZ,ifhdd.a,M,Y,caaaa.a,,a.a,,cdaa.a
,,,,iif-jiha,RULEVILLE,,dihhb.a,,Y,ffaaa.a,f.a,gaaa.a,a.a,bfaa.a
Ekawit,,M,,ebe-ggjg,,PR,hah.a,S,,cfaaa.a,,a.a,,a.a
Xuedong,Schmidmaier,,,eaf-fddh,JONESBORO,,dacdg.a,,N,dfaaa.a,g.a,chaa.a,a.a,a.a
Sreekrishna,Sowerbutts,M,cad.a,bfj-dbgc,NEW HAVEN,CT,gfdh.a,,N,faaaa.a,,a.a,,
Ashesh,Vierhaus,F,,,AMADO,AZ,ifgef.a,S,N,faaaa.a,d.ej,cbaa.a,a.a,a.a
Sudharsan,Yagati,,gda.a,ecf-dhab,MECHANICSBURG,IL,gcfef.a,,N,hfaaa.a,,a.a,,a.a
Goli,,M,,gcf-jjjc,,WA,,M,Y,,,a.a,,a.a
,Derby,,gca.a,jaj-dbgd,MANHATTAN,KS,ggfag.a,,N,daaaa.a,,a.a,,a.a
,,F,,hha-decf,,PR,,S,,ifaaa.a,,a.a,,
Wilbur,,F,,,,TX,hiigb.a,M,,caaaa.a,,a.a,,a.a
LouAnna,,M,,fcg-fece,,NY,,M,,baaaaa.a,,a.a,,
Lissa,Hooghiemstra,F,,fcg-icgb,CENTER BARNSTEAD,NH,,M,N,,,a.a,,
Nada,Chetali,F,dac.a,bie-fbdg,NEWARK,,bjhbd.a,,N,gaaaa.a,,a.a,,
Ranjeev,,,,dhb-digi,FAIRVIEW,MI,eigcb.a,S,Y,faaaa.a,d.j,dbaa.a,a.a,dbaa.a
,Granlund,F,dab.a,ige-icbh,CHILDS,,cbjbg.a,M,N,bfaaa.a,,a.a,,
Katrina,Vaschenko,,gab.a,djd-efha,LAUREL,,djeec.a,,N,gaaaa.a,,a.a,,a.a
Geri,Tusera,F,hif.a,ddc-hfjg,GORHAM,KS,,M,N,jfaaa.a,,a.a,,a.a
,Encarnacion,M,eba.a,hjg-ejge,WORTON,,cbghi.a,M,N,cfaaa.a,,a.a,,
Bian,,F,,bbd-ffhe,ANNA,,,S,,,d.dghfj,bdaa.a,a.a,bdaa.a
Guo,,,,bca-ihad,BOWLING GREEN,,edeac.a,S,,haaaa.a,c.igjgggg,bdaa.a,a.a,bdaa.a
Moonhang,,M,,,,NV,ijabf.a,M,,caaaa.a,,a.a,,a.a
Jinseok,,,fhb.a,ecc-haag,SUFFOLK,,cdedh.a,,,hfaaa.a,,a.a,,
Cyrano,,F,,,MESA,AZ,ifcbe.a,,Y,bfaaa.a,c.jehf,cbaa.a,a.a,cdaa.a
Doyle,,M,gfa.a,,NORTH HOLLYWOOD,CA,jbgab.a,,Y,bfaaa.a,,a.a,,chc.a
Irene,,M,,eie-edcj,MONROE,NE,,,Y,,g.ie,bad.a,a.a,bad.a
,,M,,hdf-cjad,,PR,gae.a,S,,cfaaa.a,,a.a,,a.a
Hartmann,Bert,F,cac.a,daf-ciib,WASHINGTON,,caadc.a,M,N,gfaaa.a,,a.a,,
,,M,,hgg-icgc,,RI,,S,,,,a.a,,
Shuji,,M,cgc.a,ebb-dgjj,,WI,,M,Y,,,a.a,,eaa.a
Ewald,,,eag.a,gfc-fbie,ENNIS,MT,fjhcj.a,M,Y,haaaa.a,,a.a,,bjaa.a
Govind,Rosneblatt,F,cea.a,jjf-dajb,BOZMAN,,cbgbc.a,M,N,faaaa.a,,a.a,,
,,,,hhe-eihi,ADAMS,,dhaba.a,M,,ffaaa.a,,a.a,,a.a
,,F,,jcg-hbac,,NY,bdagi.a,M,,hfaaa.a,,a.a,,
Seiki,Yasuda,F,,cfj-hhea,LISBON,ME,ecfa.a,,N,baaaa.a,e.fifhggd,cifa.a,a.a,
Somkiat,,F,,edc-deci,,PR,,M,,,,a.a,,
,,F,iac.a,hia-idbb,,VT,fhde.a,M,,efaaa.a,,a.a,,
,Linebarger,M,,hea-jeje,,WA,,S,N,,,a.a,,a.a
,,M,,jag-djge,PHILADELPHIA,,bjbfd.a,,,caaaa.a,,a.a,,
Ada,,,cbh.a,jfa-bbja,ORANGEVILLE,IL,gbaga.a,,Y,faaa.a,,a.a,,caaa.a
Stephanie,,F,,dbc-cdei,RAWLINGS,,,,Y,jaaaa.a,e.hf,ceaa.a,a.a,
Nestoras,,F,,dbf-cgdc,,VT,,S,,baaaaa.a,e.jjeghc,ddaa.a,a.a,
Mor,Slahor,M,faf.a,,,NM,ihbfi.a,M,N,haaaa.a,,a.a,,a.a
,,F,,,,NV,ijebb.a,M,,gfaaa.a,,a.a,,a.a
Mariemma,,,,bad-hibd,,WI,fefec.a,S,Y,bfaaa.a,e.hahadb,haa.a,a.a,eaa.a
,Papadimitriou,,,gji-biaj,INKSTER,ND,ficee.a,S,N,bfaaa.a,c.b,ddaa.a,a.a,a.a
,Mitoma,M,,hja-bicj,MAPLETON,IL,,,N,,d.a,caaa.a,a.a,a.a
Aksel,,F,,dfb-jfjf,PLYMOUTH,MA,cdgb.a,,Y,eaaaa.a,f.d,dfhf.a,a.a,
Gopal,Cacciabue,F,,chf-fbcb,TORONTO,KS,,S,N,baaaaa.a,g.ef,ccfa.a,a.a,a.a
Toshifumi,,,fbd.a,fai-ecca,PERRY,,eeaib.a,,,eaaaa.a,,a.a,,a.a
Sergei,,,,chd-beha,,SD,fhdha.a,M,,faaa.a,,a.a,,a.a
Gaetano,,,jia.a,ccf-giee,REIDSVILLE,,chdca.a,,Y,hfaaa.a,,a.a,,
Youichi,,M,fad.a,,,OR,jhige.a,M,,ffaaa.a,,a.a,,a.a
Narayanan,,F,,gcd-hbhh,,NY,bccga.a,S,,gfaaa.a,,a.a,,
Salvador,,F,,jfg-jcac,VENETIE,AK,,M,Y,jaaaa.a,,a.a,,a.a
,McClure,F,,heh-bghj,BROOKS,,,S,N,,g.a,chaa.a,a.a,a.a
,Frattolillo,F,dae.a,ide-cfaa,BUNKER HILL,,,M,N,jfaaa.a,,a.a,,
Stelios,,F,,bbi-hgji,,NV,,S,,,,a.a,,a.a
Rashi,,M,cac.a,fdg-bifb,WASHINGTON,,caafi.a,M,Y,haaaa.a,,a.a,,
,,M,gga.a,jbj-bgaa,BRECKENRIDGE,MO,,M,Y,,,a.a,,bcaa.a
Mihail,,M,,jed-bihd,,TX,,M,,jaaaa.a,,a.a,,a.a
,,M,,jdd-jfga,SOMERSET,NJ,iihd.a,,Y,baaaa.a,b.e,baaa.a,a.a,
Ken'ichi,Valtchev,,jca.a,fbj-eaba,,WI,fefdj.a,M,N,cfaaa.a,,a.a,,a.a
,,M,,hbj-dcdi,,RI,cihd.a,M,,gfaaa.a,,a.a,,
,Pinna,,,hcb-gahe,HELVETIA,,cgcce.a,S,N,efaaa.a,f.ef,caaa.a,a.a,
Priyadarshan,,M,,jgi-giga,,NY,,S,,jfaaa.a,,a.a,,
,,,,hde-cdjc,SOUTH HEART,ND,figff.a,,Y,haaaa.a,c.fghbghf,ddaa.a,a.a,ddaa.a
Shervin,Trung,F,,,PETERSBURG,AK,jjidd.a,,N,bfaaa.a,,a.a,,a.a
,Klyachko,F,iai.a,igb-fdhc,HAKALAU,HI,,M,N,,,a.a,,a.a
Hiroshi,,,hbc.a,bbf-ecea,DELHI,IA,fcccd.a,M,Y,bfaaa.a,,a.a,,ea.a
,,M,fia.a,ghh-jeje,,OK,,M,,,,a.a,,baaa.a
Joylyn,Koshimizu,M,gbh.a,dei-ddgc,WRENTHAM,MA,,M,N,,,a.a,,
Ramesh,Vecchi,F,gab.a,fbh-hdfc,BRUCE,,,M,N,iaaaa.a,,a.a,,a.a
Pedro,,F,,cjg-icch,VERMONTVILLE,MI,,S,Y,baaaaa.a,d.j,dbaa.a,a.a,dbaa.a
Weijia,Milgrom,M,cai.a,ebf-jaai,PRINCETON,ID,,,N,,,a.a,,a.a
Karthick,,,caf.a,gci-bejd,LOXLEY,,dgffb.a,,Y,gaaaa.a,,a.a,,daa.a
Erann,Lipper,F,,bec-dief,MOUNT AUBURN,IA,,,N,,g.ddjcbb,ea.a,a.a,a.a
Jeong,Mashey,F,cea.a,ehj-ebjj,RIDGELY,,,,N,,,a.a,,
Xipeng,Hohenstein,F,cac.a,gce-bhhd,WASHINGTON,,,M,N,,,a.a,,
,,,iad.a,ihf-hecb,TILLMAN,,cjjed.a,M,,cfaaa.a,,a.a,,a.a
Mateo,,M,,,ADAK,AK,jjfeg.a,S,Y,gfaaa.a,,a.a,,a.a
Kunwadee,,F,eag.a,eec-fhfc,LAKESIDE,MT,,,Y,,,a.a,,bjaa.a
Kapali,,F,,eie-faif,NANTICOKE,,bigde.a,,,efaaa.a,,a.a,,
,,F,,jbj-hjbj,GERTON,,,S,Y,,g.cfgjjd,ddaa.a,a.a,
Shrikanth,Leazer,F,iai.a,jha-bcaj,HILO,HI,,M,N,,,a.a,,a.a
Kazimir,,F,,eec-dhgf,,NY,,S,,,,a.a,,
,,,,hdi-cfde,TALLASSEE,,dhihi.a,S,,caaaa.a,,a.a,,a.a
Vempala,,M,,cjf-jjjf,CONCORD,,,S,Y,,h.cabaej,ddaa.a,a.a,
Clemens,Beliaeva,,,eig-fjcc,PALCO,KS,ghgfh.a,,N,hfaaa.a,g.ef,ccfa.a,a.a,a.a
Tse,,M,,fdd-diif,ROSEPINE,LA,hagfj.a,,Y,faaaa.a,g.a,efaa.a,a.a,baaa.a
Masaya,Constantineau,F,,dib-faii,LYNNFIELD,MA,bjea.a,,N,haaaa.a,f.d,dfhf.a,a.a,
Yasutaka,,M,,gfh-djei,,VT,,S,,,d.gabjijf,ddaa.a,a.a,
Jinzhao,,F,,,BAGDAD,AZ,igdcb.a,S,Y,faaaa.a,d.ej,cbaa.a,a.a,cdaa.a
Andres,,M,,bea-fgcd,,OR,,S,,,j.a,bfj.a,a.a,a.a
Yuan,Narin'ani,M,,ejh-iicj,GIRDWOOD,AK,,M,N,,,a.a,,a.a
,,F,,idi-fjdc,TARENTUM,,,M,,ifaaa.a,,a.a,,
Kaname,,M,,eaj-ggai,,SD,,M,,,,a.a,,a.a
Aashu,,F,,dhj-egfa,MARANA,AZ,,,Y,baaaaa.a,e.cgf,cbaa.a,a.a,cdaa.a
,,M,,gjb-cbhh,COLESBURG,IA,,S,Y,,i.ji,ea.a,a.a,ea.a
Padma,,M,ebh.a,gch-bbbj,JEFFERSON CITY,MO,,,Y,baaaaa.a,,a.a,,bcaa.a
,,F,,iea-cigh,,VT,,S,,,d.g,ddaa.a,a.a,
Ramzan,Cowen,M,,,ANCHORAGE,AK,jjfce.a,S,N,hfaaa.a,,a.a,,a.a
Eiichi,,F,,feb-cfbh,,NY,bbhah.a,M,,cfaaa.a,,a.a,,
,Jarzembski,M,,jcj-ghfe,NORTH BEND,NE,,,N,,g.ie,bad.a,a.a,a.a
Debashis,,,fbf.a,jdi-hhcb,RAKE,IA,faegf.a,,Y,haaaa.a,,a.a,,ea.a
Rand,,F,,fai-efgg,AUSTIN,CO,,M,Y,,,a.a,,a.a
,,M,,ijb-gcjd,WINTERPORT,ME,,S,Y,,i.f,cifa.a,a.a,
Narsingh,,,dai.a,bgj-ebhb,ALMA,NE,gijca.a,M,Y,gfaaa.a,,a.a,,bad.a
Periklis,Toulouse,F,gac.a,cdi-dgfd,CASA GRANDE,AZ,,M,N,ifaaa.a,,a.a,,a.a
Hirozumi,,M,,cbe-dhad,,WY,,M,Y,,,a.a,,a.a
Carey,Hanafy,F,,dbj-eigi,GREENVILLE,,,S,N,,f.ef,caaa.a,a.a,
,Dervisoglu,,,jaa-fgge,NORTH MATEWAN,,cfgii.a,,N,gfaaa.a,g.f,caaa.a,a.a,
Iveta,Fayerman,M,dab.a,faj-jadf,RIDGELY,,cbgic.a,,N,gfaaa.a,,a.a,,
Healfdene,,M,,bch-gjch,OLNEY,,,,Y,,e.hf,ceaa.a,a.a,
Taekyoung,,M,,cfi-bdih,FARGO,ND,,S,Y,,c.gidaj,ddaa.a,a.a,ddaa.a
Dawn,Gumm,M,hhe.a,dbf-eeii,LEVERETT,MA,bafe.a,,N,faaa.a,,a.a,,
Richara,,M,ifg.a,gdj-bgeb,MOUNT HOLLY,NJ,,,Y,,,a.a,,
Deborah,Grotschel,,gdg.a,bic-dcca,CANALOU,MO,gdici.a,M,N,iaaaa.a,,a.a,,a.a
Shelton,,F,,,,WA,jieee.a,M,,baaaa.a,,a.a,,a.a
Jaynarayan,,M,hfh.a,ehd-eggc,RADFORD,,,,,jaaaa.a,,a.a,,
Benedita,Kennamer,M,,ffb-jaag,ASHLAND,MT,,S,N,,g.j,bjaa.a,a.a,a.a
Sanjay,Pinchuk,M,cai.a,,SUN VALLEY,ID,iddfe.a,M,N,baaaa.a,,a.a,,a.a
Agenor,,F,iga.a,bfd-fagc,VERSAILLES,CT,,M,Y,ifaaa.a,,a.a,,
Vishu,McNeese,F,,cbj-djba,GARDEN GROVE,CA,,S,N,,j.d,ih.a,a.a,a.a
,Hamblen,M,cab.a,gha-eejb,RIDGEFIELD,NJ,,,N,,,a.a,,
Charlie,,F,dac.a,eej-bcei,KENTON,,,,Y,,,a.a,,
Zorica,,,,dgb-dbhb,,SD,fhgfi.a,S,,gfaaa.a,,a.a,,a.a
,Ouhyoung,,cei.a,iga-hfih,NORTH STREET,MI,eiaej.a,,N,gaaaa.a,,a.a,,a.a
Achim,Slisenko,M,,,TRINITY CENTER,CA,jgajb.a,S,N,iaaaa.a,j.d,ih.a,a.a,a.a
Wilko,,F,,bge-hchd,,PR,jfi.a,S,,dfaaa.a,,a.a,,
Naftaly,,,hab.a,bja-bdaa,MAX,ND,fihfj.a,,Y,efaaa.a,,a.a,,ddaa.a
Helmut,,F,hab.a,bhh-jhff,FORTUNA,ND,,M,Y,,,a.a,,ddaa.a
Mazen,,M,,,ALBION,CA,jfeba.a,S,Y,haaaa.a,j.d,ih.a,a.a,chc.a
,,M,,ibg-ghea,PHOENIX,AZ,,,Y,,d.hccejji,cbaa.a,a.a,cdaa.a
Gul,Razum,M,,,HONOLULU,HI,jgidf.a,S,N,hfaaa.a,i.cf,baea.a,a.a,a.a
Honghai,,M,,dcg-fbbj,,RI,ciec.a,S,,efaaa.a,,a.a,,
Davi,Silcott,,dae.a,jff-ifci,WIDEN,,cfcbb.a,M,N,eaaaa.a,,a.a,,
Ahlem,,F,,gcj-bdhg,ROLESVILLE,,,,Y,jaaaa.a,h.gcagcjd,ddaa.a,a.a,
Sigenobu,Leivent,M,,bif-dbfd,TOLLAND,CT,,S,N,,f.a,bchfa.a,a.a,
,,F,,gig-hfhf,,SD,,S,,jaaaa.a,,a.a,,a.a
Josiah,Dietl,,,fbd-jdfc,MODOC,IN,ehdfi.a,,N,caaaa.a,d.e,baaa.a,a.a,a.a
Yukiyasu,,M,,fca-eecf,,NV,,M,,jfaaa.a,,a.a,,a.a
Wop,,F,cah.a,jgi-hdce,WELD,ME,,M,Y,jfaaa.a,,a.a,,
Hiroyuji,,F,,gdc-iibf,STEVENSVILLE,,,,Y,,e.hf,ceaa.a,a.a,
,Monnier,M,,hhj-ifde,KOOSKIA,ID,,,N,,h.i,ddaa.a,a.a,a.a
Kyungcheol,,M,,ffj-hcaj,,OK,hdegb.a,S,,bfaaa.a,g.cf,baaa.a,a.a,a.a
Kostoula,,F,ggc.a,gfi-dahb,PONTOTOC,,,,Y,,,a.a,,bfaa.a
,Sills,F,dfb.a,ici-bddd,PITTSFIELD,MA,bcac.a,,N,faaaa.a,,a.a,,
,Iline,M,,hfc-bcjh,MONTGOMERY,,,,N,,f.a,bfaa.a,a.a,a.a
Cesar,Seghrouchni,M,,bcb-bhce,LAMONT,KS,,,N,baaaaa.a,g.ef,ccfa.a,a.a,a.a
,DuBourdieux,M,,,SASABE,AZ,ifgdd.a,,N,gaaaa.a,d.gef,cbaa.a,a.a,a.a
Wilf,,F,,bbg-dgjb,,PR,,S,,,a.a,a.a,,a.a
Matthias,,,ghi.a,eac-bibb,MACON,,dbcbb.a,,Y,hfaaa.a,g.a,a.a,,daaa.a
Yoshitaka,,M,,fgb-hibi,,SD,,M,,,a.a,a.a,,a.a
Sigfus,Plus,M,jfc.a,bgh-cajh,CANYON,MN,,M,N,baaaaa.a,h.if,a.a,,a.a
Cohavit,,M,,cae-ibej,,OK,,S,,jfaaa.a,g.cf,baaa.a,a.a,a.a
Kiyomitsu,,M,faf.a,bdi-jcja,,NM,,M,,,f.d,a.a,,a.a
Amancio,,M,ifg.a,jfc-dfhh,SAYREVILLE,NJ,,,Y,,c.degcf,a.a,,
,,F,dae.a,hcg-fbih,IAEGER,,,M,Y,,g.f,a.a,,
Sribalan,,F,,,,TX,hfceb.a,M,,daaaa.a,a.a,a.a,,a.a
,,F,,hcj-ggdi,PITMAN,NJ,iahb.a,,Y,daaaa.a,b.ffhhaid,baaa.a,a.a,
,,F,,ihj-ichh,LISBON,,cbhgf.a,,Y,gfaaa.a,e.hf,ceaa.a,a.a,
,,M,,iei-eehf,SPRINGFIELD,LA,haegc.a,,Y,baaaa.a,c.a,efaa.a,a.a,baaa.a
,,M,,hbi-fgba,CHARLESTON,,,S,Y,ifaaa.a,g.f,caaa.a,a.a,
,,M,,ifh-jfed,BRADFORD,,,M,,jfaaa.a,a.a,a.a,,a.a
,,,,idd-fdii,,SD,fhfeb.a,S,,ffaaa.a,a.a,a.a,,a.a
,Orejas,M,,,JUNEAU,AK,jjiab.a,,N,efaaa.a,a.a,a.a,,a.a
Gian,,M,,egg-egfg,UNION,,,S,Y,,f.a,gaaa.a,a.a,bfaa.a
Mar,Flass,,eac.a,ddg-ebja,NEBRASKA CITY,NE,gieba.a,,N,ffaaa.a,g.ie,a.a,,a.a
Hyungjeong,,,cde.a,gfg-bchd,HOWARD,,edaci.a,M,,faaa.a,a.hbc,a.a,,bdaa.a
Seongsoo,Hamburg,F,,deh-hgia,HOLYROOD,KS,,S,N,,g.ef,ccfa.a,a.a,a.a
Antione,Capri,F,daj.a,bgd-bdij,ALVIN,IL,,M,N,jaaaa.a,d.a,a.a,,a.a
Yun,,,,caa-jcgb,STEINAUER,NE,gieeb.a,,Y,faaaa.a,g.ie,bad.a,a.a,bad.a
,,M,hgf.a,hjg-difi,CARLISLE,IN,,M,Y,,d.e,a.a,,baaa.a
Adnan,,F,eaf.a,ddg-jhab,,OK,hdffg.a,M,,baaaa.a,g.cf,a.a,,baaa.a
Nelleke,Pine,,,cab-gcdg,PHILIPSBURG,MT,fjifi.a,,N,caaaa.a,g.j,bjaa.a,a.a,a.a
,,F,,iib-ggij,,OK,hdhdf.a,S,,faaaa.a,g.cf,baaa.a,a.a,a.a
,,M,,jad-edaj,ALLENDALE,MO,,S,Y,baaaaa.a,g.a,cbaa.a,a.a,bcaa.a
Hongsheng,,,ige.a,jib-gdca,GREENVILLE,,cjgaf.a,M,,dfaaa.a,h.a,a.a,,a.a
,Weissberg,,,hdi-jghj,MORRISTON,,dcggi.a,,N,efaaa.a,a.a,a.a,,a.a
Karim,Waldherr,,,fgd-dicc,CUSSETA,,dbiaf.a,S,N,faaa.a,e.e,chaa.a,a.a,a.a
Khakhanian,,M,iai.a,cej-hide,HONOLULU,HI,,M,Y,,i.cf,a.a,,baea.a
,,F,,,MONTEVIEW,ID,idedf.a,,Y,baaaa.a,e.bajgjd,ddaa.a,a.a,ddaa.a
,,F,dac.a,hif-hjji,WILMINGTON,,bjijg.a,M,Y,hfaaa.a,f.jf,a.a,,
Terresa,,F,,cja-hcha,LESAGE,,,,Y,,g.f,caaa.a,a.a,
,,,,icg-hiad,BRADFORD,IA,faaeb.a,S,Y,caaaa.a,d.cfbgfch,ea.a,a.a,ea.a
Jack,,F,,jeb-gaie,SHELLY,MN,,,Y,,g.jcdgdjd,ddaa.a,a.a,ddaa.a
,,M,,hfd-ehjj,OZARK,AR,,,Y,,h.a,ca.a,a.a,ca.a
Pao,Jacquet,F,fgd.a,cic-ccgj,STANLEY,IA,,,N,,i.ji,a.a,,a.a
Yasusuke,,M,feb.a,,,OR,jhagf.a,M,,efaaa.a,j.a,a.a,,bfj.a
YaLing,,F,eba.a,bcb-ghdj,MCDANIEL,,cbgeh.a,,Y,haaaa.a,e.hf,a.a,,
Gianluca,,,hgj.a,bjc-ehfj,WASHINGTON,,djbja.a,M,Y,caaaa.a,f.a,a.a,,bfaa.a
Shunji,,M,,jhh-jdjd,LINCOLN,NH,,,Y,,a.a,a.a,,
,Manber,M,,hfe-gfdj,,WA,,M,N,,a.a,a.a,,a.a
Krishnaiah,,F,,bda-iich,LA VERGNE,,,,,baaaaa.a,a.a,a.a,,a.a
Huisheng,Tulley,,hde.a,bfb-bjej,MAYVILLE,MI,eihee.a,,N,daaaa.a,d.j,a.a,,a.a
,,F,ied.a,iej-geia,CAMDEN,,,M,,ifaaa.a,h.a,a.a,,ddaa.a
,,,fhb.a,hci-ehba,BLAIRS,,cefch.a,M,,faaaa.a,f.hf,a.a,,
,Baud,,,gjc-icec,LELAND,,dihfg.a,,N,daaaa.a,f.a,gaaa.a,a.a,a.a
,,F,,ifa-hbfd,,NY,bbhhf.a,S,,daaaa.a,e.bchedj,a.a,,
Junzhong,Pennino,F,,fic-edjd,SOUTH LYME,CT,gdhg.a,,N,daaaa.a,f.a,bchfa.a,a.a,
Madhu,,F,,bfb-gicd,WILMINGTON,,bjijd.a,S,Y,efaaa.a,e.jchchd,bba.a,a.a,
Farrokh,,F,,daj-iajd,,PR,hjf.a,M,,bfaaa.a,a.a,a.a,,
Myla,,M,,dhi-jgcb,,RI,,S,,jfaaa.a,a.a,a.a,,
,Etzion,F,ffb.a,iac-geii,PATERSON,NJ,,,N,jaaaa.a,c.fadjfic,a.a,,
Sahibsingh,Benatallah,M,jfc.a,fdf-gfag,SAINT CLOUD,MN,,,N,jaaaa.a,h.if,a.a,,a.a
Oskari,,F,jbd.a,cdd-ieag,MISSION,KS,,,Y,,g.ef,a.a,,ccfa.a
Yuzuru,Keum,M,ieh.a,eah-hjbe,EWING,IL,,M,N,,d.a,a.a,,a.a
Piyush,,F,,ejf-jhfi,,NY,,S,,ifaaa.a,e.eegadgd,a.a,,
Daryl,,F,,gcg-ecab,,VT,faga.a,S,,eaaaa.a,d.iaajee,ddaa.a,a.a,
Dennis,Marzano,M,dbg.a,fga-iehh,HANOVER,KS,,M,N,,g.ef,a.a,,a.a
Jayaram,Coe,M,,jee-hjcd,,WI,,S,N,baaaaa.a,g.bidjbi,haa.a,a.a,a.a
Fei,Golichowski,,,big-hdad,CANEYVILLE,,echcb.a,S,N,efaaa.a,e.dddddd,ca.a,a.a,a.a
Hoang,,M,,ceh-edbh,,WA,,S,Y,,a.a,a.a,,a.a
Shietung,,F,eba.a,gah-cchf,STEVENSON,,,,Y,baaaaa.a,e.hf,a.a,,
,,M,,jdf-dbhc,ROCHESTER,,begaj.a,,,faaa.a,e.a,a.a,,
Carmelo,Delugach,M,iha.a,fgd-jfhg,BENTON,AR,hcabf.a,M,N,cfaaa.a,g.bgddi,a.a,,a.a
Tsz,,F,,egh-gjef,,OR,,S,,ifaaa.a,j.a,bfj.a,a.a,a.a
Milos,,F,faf.a,ebg-gfgh,,NM,,M,Y,,f.d,a.a,,ddaa.a
Niko,Tripathy,M,,bih-dfig,UNION,NH,,S,N,jaaaa.a,a.a,a.a,,
Ashley,Bhar,F,,jjd-chic,WELLSVILLE,KS,,S,N,baaaaa.a,g.ef,ccfa.a,a.a,a.a
Sheryl,Papadimitriou,M,,bja-gaji,GLASTONBURY,CT,gadd.a,S,N,haaaa.a,f.a,bchfa.a,a.a,
Avigdor,Salinas,F,,,OLD HARBOR,AK,jjged.a,,N,efaaa.a,a.a,a.a,,a.a
Juro,Delchamps,F,,,,WY,icgaj.a,S,N,gaaaa.a,a.a,a.a,,a.a
Pijush,,M,hdc.a,jib-ggbi,CRANBURY,NJ,ifbc.a,M,Y,hfaaa.a,c.cghdjg,a.a,,
Chialin,,F,,,LAWAI,HI,jghgf.a,,Y,efaaa.a,i.cf,baea.a,a.a,baea.a
Ralf,Boshuizen,F,eac.a,edg-edab,MAXWELL,NE,gjbfb.a,,N,bfaaa.a,e.hjhghgg,a.a,,a.a
Yeonghwan,,F,,jeg-ibae,QUAKAKE,,bicef.a,,,faaa.a,d.ah,a.a,,
Hilding,Talburt,M,cai.a,,STITES,ID,idffc.a,,N,gaaaa.a,h.i,a.a,,a.a
Sanping,Vahdat,,,dgi-febc,LOUISVILLE,,eacid.a,,N,haaaa.a,f.hcccccd,ca.a,a.a,a.a
Jock,,F,,egc-eigb,,NY,bahah.a,S,,efaaa.a,e.cbedcjc,a.a,,
,Woch,F,ddh.a,hjc-bhfi,DUPONT,LA,hbdcj.a,M,N,caaaa.a,e.e,a.a,,a.a
Roselyn,,M,,,MCCALL,ID,idgdi.a,,Y,baaaa.a,e.bajgjd,ddaa.a,a.a,ddaa.a
,,F,,,,WY,iceci.a,S,Y,faaaa.a,a.a,a.a,,a.a
Shimeng,,F,,,,TX,hfhbd.a,S,,ffaaa.a,a.a,a.a,,a.a
Tengku,Sievers,M,,,MANLEY HOT SPRINGS,AK,jjhfg.a,,N,cfaaa.a,a.a,a.a,,a.a
,,F,,hab-jbhj,,RI,cjae.a,M,,bfaaa.a,a.a,a.a,,
Bede,,F,,cfh-jdij,CHICO,CA,,S,Y,,f.ebabfh,ih.a,a.a,chc.a
Kasidit,,M,,fah-ehfi,,PR,,M,,,a.a,a.a,,
Jade,,M,,ejb-hhjc,HOLLOWAY,,,S,,,c.cafhgjd,bdaa.a,a.a,a.a
,Walrath,M,gdg.a,hhc-fgid,KANSAS CITY,MO,,,N,jfaaa.a,g.a,a.a,,a.a
Emma,Scanlan,F,,,,WY,iceab.a,M,N,faaaa.a,a.a,a.a,,a.a
Tomlinson,,M,,fag-beej,,RI,,M,,baaaaa.a,a.a,a.a,,
Sivanarayana,,F,,cia-ceba,,TX,,M,,,a.a,a.a,,a.a
,Sutton,M,,hjg-jgba,BONDSVILLE,MA,baaj.a,S,N,caaaa.a,f.d,dfhf.a,a.a,
Roldolf,,M,,dei-egff,NALLEN,,,,Y,,f.i,caaa.a,a.a,
,Capucciati,,,ieg-dbjc,EXIRA,IA,faahg.a,S,N,hfaaa.a,i.ji,ea.a,a.a,a.a
Milon,Laval,M,,cji-jgbb,CONTOOCOOK,NH,,M,N,,a.a,a.a,,
,,F,,hbd-dgic,,WI,,S,Y,,g.ababgg,haa.a,a.a,eaa.a
,Presso,,,hia-gcbh,ATLANTA,,dadai.a,S,N,caaaa.a,g.a,chaa.a,a.a,a.a
Youfang,,F,,,,TX,hhjjf.a,M,,daaaa.a,a.a,a.a,,a.a
,Serafimovski,F,cac.a,hbb-ieag,WASHINGTON,,,M,N,iaaaa.a,j.a,a.a,,
Leszek,,,,bhh-gddh,STARKWEATHER,ND,fidhh.a,,Y,caaaa.a,c.b,ddaa.a,a.a,ddaa.a
Christoper,,,,jih-hjie,HELENA,MT,fjgcg.a,S,Y,gfaaa.a,g.j,bjaa.a,a.a,bjaa.a
Crystal,,,caf.a,gbe-bcea,MOBILE,,dggad.a,,Y,haaaa.a,f.a,a.a,,daa.a
,Shiode,M,,ijc-gfbi,COOKSVILLE,,cbhcd.a,S,N,baaaa.a,e.hf,ceaa.a,a.a,
Charlotte,Bodoff,F,,,OAKLAND,CA,jegbh.a,,N,haaaa.a,j.d,ih.a,a.a,a.a
,,F,,iie-ihgh,HOULTON,ME,ehda.a,S,Y,ffaaa.a,i.f,cifa.a,a.a,
Sandhya,,F,,ded-cbbf,,UT,,S,,baaaaa.a,h.a,cehf.a,a.a,a.a
Jihad,,M,eed.a,edc-ihfj,TODDVILLE,,cbghc.a,M,Y,dfaaa.a,e.hf,a.a,,
,,,ibg.a,hdb-ehaj,FREEMAN,MO,geheg.a,M,Y,eaaaa.a,g.a,a.a,,bcaa.a
Anisoara,Emmitt,,,jia-dcfb,WAITE PARK,MN,fgdii.a,S,N,dfaaa.a,g.bcdcbcd,ddaa.a,a.a,a.a
Leonor,,,,eij-debj,LOUDON,,dhhhe.a,,,eaaaa.a,a.a,a.a,,a.a
Farid,,F,,cfh-jidh,,PR,ghe.a,M,,dfaaa.a,a.a,a.a,,a.a
Khun,,F,,eec-cfag,METAIRIE,LA,,,Y,,g.a,efaa.a,a.a,baaa.a
,,,fac.a,ibi-gjab,CHAVIES,,ebhch.a,M,Y,hfaaa.a,g.a,a.a,,ca.a
,,F,iac.a,iej-eagc,,VT,,M,,,d.g,a.a,,
Deepak,,F,,eah-gdif,,NY,bcjbh.a,S,,efaaa.a,e.cbedcjc,a.a,,
,Sergot,M,cah.a,jcj-ggfj,SOUTH BRISTOL,ME,efgi.a,,N,hfaaa.a,i.f,a.a,,
Raymoond,,F,cai.a,jhj-edeb,SILVERTON,ID,,,Y,ifaaa.a,h.i,a.a,,ddaa.a
Xiaocong,,F,faf.a,ged-ihbc,,NM,,M,Y,,f.d,a.a,,ddaa.a
Manibrata,Cappelletti,F,,,PHOENIX,AZ,ifacf.a,,N,eaaaa.a,d.ddf,cbaa.a,a.a,a.a
,Pioli,F,dbh.a,hhb-ifgg,FORT WAYNE,,,M,N,baaaaa.a,d.e,a.a,,a.a
Savi,,F,cad.a,gdf-gjfj,GILMAN,CT,,M,Y,,f.a,a.a,,
,Berghe,M,,,SURPRISE,AZ,ifdih.a,S,N,faaaa.a,d.ej,cbaa.a,a.a,a.a
,,M,,,,OR,jhdef.a,S,,faaa.a,h.ebacfge,bfj.a,a.a,a.a
Debasis,Zhakarov,,,bii-hfcc,MILROY,MN,fgcgd.a,,N,faaaa.a,g.jcdgdjd,ddaa.a,a.a,a.a
,,M,hfh.a,gjd-ghda,BIG ROCK,,,M,,,f.hf,a.a,,
,,M,cac.a,hce-gbag,WASHINGTON,,,M,Y,jaaaa.a,j.a,a.a,,
Vojtech,Ashraf,M,,,STITES,ID,idffc.a,,N,faaa.a,c.gjadedj,ddaa.a,a.a,a.a
Suryanarayana,,M,,egb-ddei,ANDERSON,,,S,Y,,f.a,bfaa.a,a.a,daa.a
Mathias,,F,,,,WY,icafc.a,S,Y,cfaaa.a,a.a,a.a,,a.a
Osman,,,cei.a,fai-ddec,CLINTON TOWNSHIP,MI,eiadg.a,M,Y,eaaaa.a,d.j,a.a,,dbaa.a
Peigen,Polo,M,,cha-fahb,TAYLOR,AR,hbigb.a,S,N,ffaaa.a,h.a,ca.a,a.a,a.a
Raschid,Guth,F,dab.a,bee-cfdf,HAGERSTOWN,,,M,N,,e.hf,a.a,,
Kendall,,M,,cag-jcea,,WY,,M,Y,,a.a,a.a,,a.a
Rusell,,,,cjh-ecic,,WI,fegde.a,S,Y,bfaaa.a,e.hahadb,haa.a,a.a,eaa.a
Zejun,,F,gbc.a,fie-hihh,WILLOW RIVER,MN,,M,Y,,h.efhcfhd,a.a,,ddaa.a
,,F,,ggg-iejc,,VT,fega.a,S,,daaaa.a,d.gabjijf,ddaa.a,a.a,
Mansour,,,hgj.a,fig-jdad,SONTAG,,djggf.a,,Y,caaaa.a,f.a,a.a,,bfaa.a
Elke,,M,hib.a,eij-haia,MANOMET,MA,cdef.a,,Y,faaaa.a,f.d,a.a,,
Aram,,,iad.a,jib-bcii,MAULDIN,,cjggc.a,,,dfaaa.a,h.a,a.a,,ddaa.a
,,F,dai.a,hjb-gebj,OMAHA,NE,,,Y,,e.hjhghgg,a.a,,bad.a
Toan,,M,eaf.a,eab-gehf,,OK,hdabd.a,M,,gaaaa.a,g.cf,a.a,,a.a
Vera,,F,,,VALLECITO,CA,jfcfb.a,S,Y,gfaaa.a,j.d,ih.a,a.a,chc.a
,Styblinski,,fac.a,jbg-hhgj,HOLLAND,,ecbfd.a,M,N,faaa.a,c.bbbbbbc,a.a,,a.a
,,,,hgf-bbba,TWILIGHT,,cfcae.a,S,Y,faaa.a,d.a,caaa.a,a.a,
Hilary,,F,jhb.a,,,OR,jhejh.a,M,,cfaaa.a,j.a,a.a,,bfj.a
,Eckstein,M,,,HILL CITY,ID,idddh.a,S,N,iaaaa.a,h.i,ddaa.a,a.a,a.a
Wolfram,,F,,jjc-gjaa,SAINT JOHN,,,,Y,,d.e,baaa.a,a.a,baaa.a
,,F,,gii-fcfb,FRANCONIA,,bijce.a,S,,hfaaa.a,d.ah,a.a,,
Grover,Weibel,F,hdc.a,jgc-iceb,SEASIDE HEIGHTS,NJ,ihfb.a,,N,baaaa.a,b.e,a.a,,
,,M,,hab-gjcb,SIMPSON,KS,,,Y,,d.f,ccfa.a,a.a,ccfa.a
Magdy,Solares,F,,cff-ihjd,NASSAU,,bjjgj.a,,N,haaaa.a,f.jf,bba.a,a.a,
,Amagasa,,,icj-dhjb,MARTIN,ND,fihfi.a,,N,gaaaa.a,c.efbcef,ddaa.a,a.a,a.a
,Kroha,F,,hha-ieec,,WA,,M,N,,a.a,a.a,,a.a
Adegbeniga,,F,,eba-bdfb,,RI,cijd.a,M,,hfaaa.a,a.a,a.a,,
Rupal,,,,cbb-ijeg,,SD,fhaah.a,S,,hfaaa.a,a.a,a.a,,a.a
Jinhwan,,F,,eje-gccj,PEACH GLEN,,,,,,d.ah,a.a,,
Byeong,,,,ecg-fiba,SOMERSET,,ccjhc.a,,,dfaaa.a,f.hf,jaa.a,a.a,
Jiyun,Kubicek,M,,bid-ibhe,WESTOVER,,,S,N,,e.hf,ceaa.a,a.a,
Yoad,Ginneken,M,,gfa-jedh,WASHINGTON,,caccg.a,S,N,haaaa.a,j.a,bdha.a,a.a,
,Oomachi,F,,iae-gdgh,PALERMO,ME,edfe.a,,N,faaa.a,c.cbdfadg,cifa.a,a.a,
Sahrah,,M,,,NOGALES,AZ,ifggc.a,,Y,daaaa.a,d.bhjjjji,cbaa.a,a.a,cdaa.a
Oliviero,,M,dbe.a,cdf-ecej,CAPE GIRARDEAU,MO,,M,Y,jaaaa.a,g.a,a.a,,bcaa.a
,Unni,,jag.a,iji-hihe,WILLIAMSBURG,MI,ejgja.a,M,N,ffaaa.a,d.j,a.a,,a.a
Hirotaka,,,,dab-eaah,,SD,fhhhc.a,S,,ffaaa.a,a.a,a.a,,a.a
Goang,Normark,F,,ded-jcij,,WA,,S,N,,a.a,a.a,,a.a
,Nittel,F,,hhb-fige,,WA,,S,N,,a.a,a.a,,a.a
Daron,Lazaro,M,jif.a,dee-gjjj,LEESVILLE,LA,,,N,,g.a,a.a,,a.a
,Coron,,,hhe-djfh,BILOXI,,djfdf.a,S,N,iaaaa.a,f.a,gaaa.a,a.a,a.a
Geard,,M,,fbi-dbec,,OR,,S,,,j.a,bfj.a,a.a,a.a
,,F,,jdb-gahd,ERIE,,,S,,,d.ah,a.a,,
,,F,ebj.a,hfa-jbbh,WREN,,,M,,jaaaa.a,d.fddfge,a.a,,a.a
,,F,,hbb-gcdd,,PR,jgj.a,M,,dfaaa.a,a.a,a.a,,
Ivor,Dao,M,eac.a,gde-eihc,RAGAN,NE,,,N,baaaaa.a,g.ie,a.a,,a.a
Yuchen,Vaidyanathan,F,,cbh-hgbi,NEW ORLEANS,LA,habef.a,,N,faaaa.a,g.a,efaa.a,a.a,a.a
Yuzhuo,Kinariwala,M,hgj.a,cgj-dhad,LORMAN,,,,N,,f.a,a.a,,a.a
Synnove,Schwagereit,,,cha-hfdf,NEWCASTLE,NE,gihfh.a,,N,eaaaa.a,g.ie,bad.a,a.a,a.a
Constanze,,M,,efa-gcfc,,VT,faig.a,S,,bfaaa.a,d.g,ddaa.a,a.a,
,,,jdh.a,iic-cegf,CLAY CENTER,,edeai.a,M,,bfaaa.a,b.aedjeii,a.a,,a.a
Hisashi,Huhtala,M,faf.a,jhg-hidd,,NM,,M,N,,f.d,a.a,,a.a
,,M,,jdc-egbi,,PR,,S,,,a.a,a.a,,
,Soutyrina,F,,jbe-gjde,GILMANTON,NH,dcdh.a,S,N,cfaaa.a,a.a,a.a,,
Arif,,F,,,,TX,hhcig.a,M,,eaaaa.a,a.a,a.a,,a.a
Meral,,F,,eaf-bije,WEST LEBANON,,bfhid.a,S,,ffaaa.a,d.ah,a.a,,
,,M,eia.a,,SAHUARITA,AZ,ifgcj.a,,Y,caaaa.a,d.acejjjj,a.a,,cdaa.a
Hermina,Spinney,F,,,CHEYENNE WELLS,CO,iaiba.a,M,N,gfaaa.a,e.gd,a.a,,a.a
Jianjun,,,,bea-gfbh,MEMPHIS,,dibeb.a,,,faaaa.a,a.a,a.a,,a.a
Yasmin,Ustimenko,,dbh.a,jgf-ifbh,ECKERTY,,ehbbg.a,M,N,gfaaa.a,d.e,a.a,,a.a
Gertrud,,M,,,,TX,hifef.a,S,,caaaa.a,a.a,a.a,,a.a
Ibibia,,F,dab.a,edf-cjbc,WEST RIVER,,,M,Y,,e.hf,a.a,,
Omid,,M,iai.a,dfj-faga,HONOLULU,HI,,M,Y,,g.eehdgi,a.a,,baea.a
Warwich,,F,,jib-gdhf,,OR,,S,,,j.a,bfj.a,a.a,a.a
Tilak,,,gca.a,fea-ibge,SOUTH HUTCHINSON,KS,ghfaf.a,,Y,faaaa.a,g.ef,a.a,,ccfa.a
,,,iae.a,hfi-cebh,NORFOLK,,cdfcb.a,,,haaaa.a,f.hf,a.a,,
,,M,jbi.a,hbf-iece,,OK,hdahi.a,M,,hfaaa.a,g.cf,a.a,,baaa.a
,,F,,idg-eeff,TITUSVILLE,,,S,Y,iaaaa.a,a.a,a.a,,a.a
,,F,,hge-fgeh,COPE,,,S,,jfaaa.a,h.a,ddaa.a,a.a,ddaa.a
,,M,iac.a,ifj-dced,,VT,fgha.a,M,,dfaaa.a,d.habeggi,a.a,,
,Perring,M,iai.a,,PAHALA,HI,jghhh.a,,N,daaaa.a,g.eehdgi,a.a,,a.a
Huapeng,,M,,jhh-bdfg,,PR,jdf.a,M,,ffaaa.a,a.a,a.a,,
Xiaoshan,,M,,dfa-eehd,,NV,,M,,jaaaa.a,a.a,a.a,,a.a
Keijo,Aho,M,,gej-bfah,SILVER SPRING,,cajbe.a,,N,caaaa.a,e.hf,ceaa.a,a.a,
,,M,,hbg-bbga,HAGUE,ND,,S,Y,baaaaa.a,c.jbejdf,ddaa.a,a.a,ddaa.a
Aydin,,M,,fii-icjf,,TX,,M,,iaaaa.a,a.a,a.a,,a.a
Fytton,Walrand,F,,dfg-fbca,WASHINGTON,,cafhf.a,S,N,dfaaa.a,j.a,bdha.a,a.a,
,,F,,,,NV,ijica.a,S,,faaaa.a,a.a,a.a,,a.a
Oliver,,M,cbi.a,bhd-igeh,WARROAD,MN,,M,Y,iaaaa.a,h.if,a.a,,ddaa.a
,Schade,,,hde-feid,LONSDALE,MN,ffaeg.a,,N,eaaaa.a,g.djaacbd,ddaa.a,a.a,a.a
Ruven,Dijkstra,F,gaj.a,bfe-jibc,MAHWAH,NJ,,,N,jaaaa.a,c.fadjfic,a.a,,
Jorjeta,,F,ied.a,bdi-iaif,COLUMBIA,,,M,,,f.hfcedc,a.a,,ddaa.a
,,F,gda.a,hed-cbac,GRAYMONT,IL,,M,Y,,d.a,a.a,,caaa.a
Eduard,,M,,bec-eadc,HOUSTON,,bjjfe.a,S,Y,hfaaa.a,f.jf,bba.a,a.a,
Xiaokang,,M,cai.a,bed-cbae,COEUR D ALENE,ID,,M,Y,,h.i,a.a,,ddaa.a
Joep,,F,iga.a,gdf-igih,BROAD BROOK,CT,gabg.a,M,Y,gaaaa.a,f.a,a.a,,
,Selwood,,,jdh-gjed,GUIDE ROCK,NE,gijec.a,S,N,hfaaa.a,g.ie,bad.a,a.a,a.a
Michelene,,,cfb.a,cce-cjbb,HELENA,,dfaia.a,M,Y,faaa.a,f.a,a.a,,daa.a
Vincente,Blue,,,eha-iiah,WICHITA,KS,ghcaj.a,S,N,bfaaa.a,d.f,ccfa.a,a.a,a.a
Hazim,,F,caj.a,,PLACERVILLE,CA,jfggh.a,,Y,baaaa.a,b.igj,a.a,,chc.a
Kenan,,M,gac.a,,FORT DEFIANCE,AZ,igfae.a,M,Y,hfaaa.a,d.ihhf,a.a,,cdaa.a
Shelia,Rensink,,fac.a,jeb-hfgg,LOUISVILLE,,eacbf.a,,N,faaa.a,c.bbbbbbc,a.a,,a.a
Bodhisattwa,Haddadi,F,,bdh-bddi,GILSUM,NH,,M,N,,a.a,a.a,,
,,M,jhi.a,hgi-jgec,WINCHENDON,MA,behf.a,M,Y,daaaa.a,f.d,a.a,,
Asuman,,M,,bff-gjjg,PINECLIFFE,CO,,,Y,,e.gd,a.a,,a.a
Manoj,,F,,gej-dfea,FELDA,,,S,Y,iaaaa.a,a.a,a.a,,a.a
Kalappa,,M,,gbf-dggd,WASHINGTON,,caaaj.a,S,Y,haaaa.a,j.a,bdha.a,a.a,
Chengfeng,,M,,dgc-cijd,,PR,hfe.a,S,,baaaa.a,a.a,a.a,,
Xuemei,Veevers,M,,fgf-fjce,SAN LUIS,CO,,,N,jaaaa.a,e.gd,a.a,,a.a
Andree,,M,iab.a,,,UT,iebde.a,M,,efaaa.a,h.a,a.a,,a.a
Barnett,Merabti,M,,gfe-djhi,FREDERICK,CO,,S,N,,e.gd,a.a,,a.a
Idoia,,F,,bca-dbag,,NV,,S,,,a.a,a.a,,a.a
,Madnick,M,,ifc-jadb,STANFORD,IL,,,N,,d.a,caaa.a,a.a,a.a
Anuj,Boudjlida,F,cai.a,,ATLANTA,ID,idgab.a,M,N,gaaaa.a,h.i,a.a,,a.a
Samphel,,,dda.a,fjb-jidb,CEDARVILLE,,efdbe.a,M,,caaaa.a,b.cajjcdb,a.a,,bdaa.a
Nahum,Sonnenschein,M,,cbf-cace,FOREST HILL,,,S,N,baaaaa.a,g.f,caaa.a,a.a,
Heekeun,,,hbf.a,bgc-hhfd,,WI,fejha.a,M,Y,cfaaa.a,e.iiahic,a.a,,eaa.a
,,F,,hah-egea,COXS CREEK,,,S,Y,,f.bggggh,ca.a,a.a,ca.a
Owen,,,,jfe-egcc,LOUISVILLE,,eacba.a,,Y,cfaaa.a,d.ccccccd,ca.a,a.a,ca.a
,,,,jbc-ifch,HARTSBURG,IL,gcged.a,S,Y,hfaaa.a,d.a,caaa.a,a.a,caaa.a
Nelson,,F,,ejc-efgf,WILLSEYVILLE,,bdige.a,M,,cfaaa.a,e.ajiehff,a.a,,
Srivas,,M,faf.a,fbg-gajg,,NM,,M,Y,jfaaa.a,f.d,a.a,,ddaa.a
Maitreya,,F,,geb-hffd,GLENDALE,CA,,S,Y,,j.d,ih.a,a.a,chc.a
,,F,fgd.a,iac-fcjf,AMES,IA,,M,Y,,b.hahihdh,a.a,,ea.a
Masashi,,,dbj.a,ebh-gcbb,DES MOINES,IA,fadjb.a,M,Y,gfaaa.a,i.ji,a.a,,ea.a
Karell,,F,edf.a,,,UT,iedaj.a,M,,gfaaa.a,h.a,a.a,,a.a
,,M,gca.a,hdi-jcad,ROSSVILLE,KS,,,Y,,g.ef,a.a,,ccfa.a
Ria,Breeding,M,dac.a,ccf-bedg,PORT PENN,,bjhdb.a,,N,bfaaa.a,c.iibibid,a.a,,
,,M,,ijh-cffd,ENGLEWOOD,CO,,S,Y,jaaaa.a,e.gd,a.a,,a.a
,,M,,,,WY,icaac.a,M,Y,ffaaa.a,a.a,a.a,,a.a
Loretta,,F,,ejd-jdej,,NV,,M,,,a.a,a.a,,a.a
Alkiviadis,,F,eaf.a,bff-cafg,,OK,,M,,iaaaa.a,g.cf,a.a,,a.a
Othar,,F,,bce-fjaa,,RI,,S,,,a.a,a.a,,
,,F,,ghh-hjcb,,WA,,M,Y,,a.a,a.a,,a.a
,Obradovic,F,ddh.a,ggi-gfhc,BARATARIA,LA,haadg.a,M,N,gaaaa.a,g.a,a.a,,a.a
Constantin,,F,,fjd-ceab,,PR,gba.a,S,,efaaa.a,a.a,a.a,,a.a
Boyd,,,,bee-gdhg,WILDROSE,ND,fihjf.a,S,Y,bfaaa.a,c.b,ddaa.a,a.a,ddaa.a
Ysmar,Hebmann,M,,fia-ifia,DOON,IA,,S,N,,i.ji,ea.a,a.a,a.a
Garrison,,M,iab.a,cjj-djcf,,UT,,M,,,h.a,a.a,,cehf.a
Raminder,,F,,ccj-gcfi,HENDERSONVILLE,,,S,,,a.a,a.a,,a.a
Clinton,Radi,F,iga.a,cgb-eebb,BROOKFIELD,CT,giae.a,M,N,eaaaa.a,f.a,a.a,,
Pieter,Murli,F,ebh.a,jih-ijgc,GAINESVILLE,MO,,M,N,,g.a,a.a,,a.a
,Burgert,M,ccf.a,hfg-bdca,KENNER,LA,haajh.a,,N,faaa.a,c.a,a.a,,a.a
,Hanratty,F,cah.a,ifc-edhd,OQUOSSOC,ME,,,N,,i.f,a.a,,
Jarmo,Merey,F,,jed-icha,WASHINGTON,,,S,N,,j.a,bdha.a,a.a,
Benton,,M,,caj-feda,,PR,jhh.a,S,,efaaa.a,a.a,a.a,,
Vitus,,M,,bfd-bhcd,,NV,,M,,,a.a,a.a,,a.a
Van,,F,dbg.a,jfg-fgid,SCHOENCHEN,KS,,,Y,,d.f,a.a,,ccfa.a
Satosi,,F,feb.a,,,OR,jhdge.a,M,,efaaa.a,j.a,a.a,,bfj.a
Sibabrata,,M,jca.a,jhb-daih,,WI,,M,Y,,e.g,a.a,,eaa.a
,,,,jbc-fich,RANSON,,cfedi.a,,Y,bfaaa.a,d.df,caaa.a,a.a,
,,,dbe.a,ijf-ebgh,DUTZOW,MO,gddec.a,M,Y,haaaa.a,g.a,a.a,,bcaa.a
,,,ddg.a,hib-hgaa,CHIMNEY ROCK,,cihca.a,M,Y,efaaa.a,g.ghgfhdd,a.a,,
,Shanblatt,F,,iia-fdeg,WASHINGTON,,cafcb.a,S,N,hfaaa.a,j.a,bdha.a,a.a,
WonGye,,M,,bgb-degj,,OK,hegdc.a,S,,ffaaa.a,g.cf,baaa.a,a.a,a.a
Sandi,Beilner,F,cac.a,fja-eihd,WASHINGTON,,cafaa.a,M,N,gfaaa.a,j.a,a.a,,
Prabhaker,,F,,eji-fibc,,SD,,M,,,a.a,a.a,,a.a
Yongkyun,,F,ddh.a,gad-gcaf,NEW ORLEANS,LA,,,Y,jaaaa.a,g.a,a.a,,baaa.a
Junxian,Leick,M,,fih-gdei,WHITINSVILLE,MA,,S,N,,f.d,dfhf.a,a.a,
Tianruo,,,,gei-jjje,DAKOTA,IL,gbabi.a,S,Y,ffaaa.a,d.a,caaa.a,a.a,caaa.a
,Canning,,,hhb-icef,CHARLESTON,,cfdde.a,S,N,ffaaa.a,g.bejjjjg,caaa.a,a.a,
,Ionescu,F,daj.a,jcd-fhah,NEW BERLIN,IL,,,N,,d.a,a.a,,a.a
Premachandran,Bravoco,F,gbh.a,cha-bdci,WORCESTER,MA,,M,N,baaaaa.a,f.d,a.a,,
,,F,,idj-bjei,FREDERICKSBURG,,cceae.a,S,,ffaaa.a,f.hf,jaa.a,a.a,
,Schoder,,,hcd-defh,,WI,fehcg.a,S,N,gaaaa.a,f.eiijbc,haa.a,a.a,a.a
Mustafa,,M,cac.a,eeb-jjbb,WASHINGTON,,,M,Y,,j.a,a.a,,
Brenda,,F,,bdh-eeje,,PR,gcc.a,M,,eaaaa.a,a.a,a.a,,a.a
Gyula,Rotics,,,fhb-jchd,TAMPA,,ddgga.a,M,N,faaa.a,a.a,a.a,,a.a
Prateek,,F,,,,WA,jifca.a,M,,ffaaa.a,a.a,a.a,,a.a
,Manocha,F,,hib-fehi,SOUTH NEWBURY,NH,,,N,,a.a,a.a,,
Sreenath,Heidenreich,M,,dji-didh,,WY,,M,N,,a.a,a.a,,a.a
Aloys,Sievers,,,bbf-idhg,ATHENS,,dagbc.a,S,N,faaa.a,e.e,chaa.a,a.a,a.a
Izidor,,,fhe.a,gca-ifad,HOBART,,egdec.a,M,Y,efaaa.a,d.e,a.a,,baaa.a
Joylyn,,M,,jie-ijgi,DYKE,,,S,,,f.hf,jaa.a,a.a,
Kishan,,,dai.a,daj-eibh,MILLIGAN,NE,gieag.a,,Y,caaaa.a,f.gifged,a.a,,bad.a
,,M,ige.a,heg-heje,PINELAND,,,,,jfaaa.a,h.a,a.a,,ddaa.a
Bhaskar,,F,ibf.a,fgf-cgef,VENICE,IL,,M,Y,,d.a,a.a,,caaa.a
Vimal,,F,cai.a,,MONTPELIER,ID,idcfe.a,,Y,hfaaa.a,h.i,a.a,,ddaa.a
Vaibhav,Knowles,M,,ejd-egbc,WINCHESTER,ID,,S,N,,h.i,ddaa.a,a.a,a.a
Quinn,Tobin,M,cah.a,dgh-dcfa,NEWCASTLE,ME,,,N,jaaaa.a,i.f,a.a,,
Zhichen,,M,,jid-gfhe,,NY,bcfij.a,M,,baaaa.a,e.abbfif,a.a,,
,,F,cah.a,iff-gega,ALBION,ME,,M,Y,,i.f,a.a,,
,Wouk,F,dac.a,icb-djhi,NEWARK,,bjhbi.a,,N,eaaaa.a,e.figdge,a.a,,
Madeleine,Giacomo,,jba.a,cgh-hhhh,NEBO,,cihgb.a,,N,eaaaa.a,g.fhbghi,a.a,,a.a
Venkateswarlu,,F,cah.a,jgc-dbaj,NEW PORTLAND,ME,ejfe.a,,Y,gaaaa.a,i.f,a.a,,
Georgio,Flavell,F,,,,WA,jidfb.a,M,N,cfaaa.a,a.a,a.a,,a.a
,Straney,,,iic-ibfc,LOXAHATCHEE,,ddeha.a,,N,faaa.a,a.a,a.a,,a.a
Dave,Kirkova,F,,dgh-ffda,NEWARK,,,,N,,f.jf,bba.a,a.a,
Fenghua,,F,,egi-dfde,INDIANAPOLIS,,,S,Y,baaaaa.a,d.e,baaa.a,a.a,baaa.a
Gugjon,,,,bii-dibe,NEW FLORENCE,MO,gddgd.a,,Y,bfaaa.a,g.a,cbaa.a,a.a,bcaa.a
Akikazu,Bruckman,F,,egb-hhda,ELBERFELD,IN,,S,N,baaaaa.a,d.e,baaa.a,a.a,a.a
,,F,iab.a,,,UT,iegdj.a,M,,caaaa.a,h.a,a.a,,a.a
Thibault,d'Argence,M,,fdh-iihh,WASHINGTON,,cafcc.a,S,N,bfaaa.a,f.gcf,bdha.a,a.a,
,,F,,hjf-bbhh,NEW ORLEANS,LA,habha.a,,Y,baaaa.a,c.a,efaa.a,a.a,baaa.a
Suranjan,,M,,dia-hahj,PYLESVILLE,,cbbdc.a,,Y,gfaaa.a,e.hf,ceaa.a,a.a,
Dirk,,F,,dcb-heae,WEST OSSIPEE,NH,dija.a,S,Y,ffaaa.a,a.a,a.a,,
,Ratan,,hgf.a,ifj-hceg,HEMLOCK,,egjdh.a,M,N,haaaa.a,d.e,a.a,,a.a
,Kopetz,M,,haj-gecg,FALLS VILLAGE,CT,,S,N,,f.a,bchfa.a,a.a,
Agusti,,M,eaf.a,jje-gbif,,OK,,M,,,g.cf,a.a,,baaa.a
,Flavell,F,ebd.a,jbg-gfea,RANDOLPH,MA,cdgi.a,,N,bfaaa.a,f.d,a.a,,
Hanxiong,Pigeot,M,,gdj-eaee,WOODLAND,,,S,N,ifaaa.a,f.a,bfaa.a,a.a,a.a
Jerrold,,F,dae.a,jej-ihda,GENOA,,,M,Y,baaaaa.a,g.f,a.a,,
,,M,,jdb-gegc,ALEXANDRIA,LA,,S,Y,,c.a,efaa.a,a.a,baaa.a
Joohack,,F,,jii-jeaf,,RI,,S,,,a.a,a.a,,
Christipher,,M,jcf.a,efa-gaff,SAN FRANCISCO,CA,,,Y,ifaaa.a,j.d,a.a,,chc.a
Ishwar,Stabl,F,eba.a,efe-hefe,COOKSVILLE,,cbhcd.a,M,N,cfaaa.a,e.hf,a.a,,
Shigeyuki,Mascha,F,,ebf-fjdj,,NM,,S,N,,f.d,ddaa.a,a.a,a.a
Sebastien,,F,hhe.a,bgg-gfgg,NORTH BROOKFIELD,MA,,,Y,,f.d,a.a,,
Ronan,,,,bed-cdid,DECATURVILLE,,didcj.a,S,,cfaaa.a,a.a,a.a,,a.a
Sandy,Widjojo,F,gac.a,,NUTRIOSO,AZ,ifjdc.a,,N,daaaa.a,d.bhjjjji,a.a,,a.a
Misako,,F,,,,TX,hhaaf.a,M,,dfaaa.a,a.a,a.a,,a.a
Leonhard,,,daj.a,fei-dfgb,BLOOMINGTON,IL,gbhba.a,M,Y,gfaaa.a,d.a,a.a,,caaa.a
Marcelo,,M,fca.a,,TUCSON,AZ,ifhbh.a,M,Y,haaaa.a,d.i,a.a,,cdaa.a
,Piramuthu,F,,igf-bjgb,GRANDIN,,,S,N,baaaaa.a,a.a,a.a,,a.a
,,M,,ije-icih,STRATTON,,,,,,b.febihbi,bdaa.a,a.a,a.a
Judith,,M,,jef-djeg,PLATTE CITY,MO,,,Y,,d.hf,cbaa.a,a.a,bcaa.a
,,F,,icd-hjhi,,OK,,S,,,g.cf,baaa.a,a.a,a.a
,,F,,hgc-ebjh,BARNSTEAD,NH,dcbi.a,S,Y,gaaaa.a,a.a,a.a,,
,,,,jai-jgcj,BLACK EAGLE,MT,fjebe.a,S,Y,daaaa.a,g.j,bjaa.a,a.a,bjaa.a
Ida,,M,ccf.a,dfa-ijcj,NEW ORLEANS,LA,habef.a,,Y,efaaa.a,g.a,a.a,,baaa.a
,,,ige.a,hgi-jjfg,LOBECO,,cjjdb.a,,,caaaa.a,h.a,a.a,,a.a
Mengjou,,,hhd.a,bcg-fhgi,AUBURN,IL,gcgbf.a,M,Y,efaaa.a,d.a,a.a,,caaa.a
Lucio,Ranganath,,,fce-hbhe,LAMONT,,dcddg.a,,N,ffaaa.a,a.a,a.a,,a.a
,,M,,ihj-jedi,TEMPLE,,,S,,,d.ah,a.a,,
,Gimbel,,,iab-hiig,MORLEY,MO,gdhgh.a,,N,ffaaa.a,g.a,cbaa.a,a.a,a.a
,Bruguera,F,,,,WA,jjbae.a,M,N,daaaa.a,a.a,a.a,,a.a
Nectarios,,M,,fbd-bfgc,NEW EAGLE,,bfagh.a,,,bfaaa.a,d.ah,a.a,,
Paulo,,M,,,JENNER,CA,jfefa.a,,Y,bfaaa.a,d.aejdiff,ih.a,a.a,chc.a
Jinzhao,,F,,,,UT,iehdi.a,S,,eaaaa.a,h.a,cehf.a,a.a,cehf.a
Kadir,,M,,bjg-ceef,,NJ,,S,Y,,c.degcf,baaa.a,a.a,
Hayong,Chown,,,jff-fhja,ELGIN,IL,gabca.a,S,N,cfaaa.a,d.a,caaa.a,a.a,a.a
Gnanamalar,,F,,ffh-hifh,,NY,badaj.a,S,,cfaaa.a,e.ajiehff,a.a,,
Eyas,,F,,ejd-idib,MISSOURI CITY,MO,,,Y,jfaaa.a,g.a,cbaa.a,a.a,bcaa.a
,,M,,ibg-bjeb,,UT,,S,,,h.a,cehf.a,a.a,cehf.a
Yaoqing,Burnett,F,,gac-ejdb,,WA,,M,N,jfaaa.a,a.a,a.a,,a.a
,Jeansoulin,F,ibc.a,jah-feic,SOUTH BEND,,,,N,,d.e,a.a,,a.a
,Giguere,,dca.a,hia-jcaf,ULEN,MN,fgfif.a,M,N,bfaaa.a,f.df,a.a,,a.a
Jouko,,M,cai.a,,BAYVIEW,ID,idiad.a,M,Y,caaaa.a,g.jeidjb,a.a,,ddaa.a
Amalendu,Setliff,M,iga.a,chj-cdhd,STAMFORD,CT,gjcb.a,,N,daaaa.a,f.a,a.a,,
,,F,,heg-baia,WEST MONROE,LA,hbcje.a,S,Y,efaaa.a,g.a,efaa.a,a.a,baaa.a
Eitan,Milberg,F,,cag-jhfd,,WY,,S,N,,a.a,a.a,,a.a
,,F,,jaa-ehgc,ROXBURY,CT,ghid.a,,Y,bfaaa.a,f.a,bchfa.a,a.a,
,,M,,,,NV,ijfcb.a,M,,daaaa.a,a.a,a.a,,a.a
Ivelin,,F,,dii-fiie,SEWICKLEY,,,,,,d.ah,a.a,,
Eytan,,M,,jfj-gjid,VICTOR,CO,,M,Y,jaaaa.a,e.gd,a.a,,a.a
Julien,,M,,bcb-ghcj,FANROCK,,,S,Y,,g.f,caaa.a,a.a,
Daoud,,,,bid-hbac,CINCINNATI,,efcdi.a,S,,cfaaa.a,b.dhfijhe,bdaa.a,a.a,bdaa.a
Elin,,,iad.a,ecf-jigh,SPARTANBURG,,cjdae.a,,,gaaaa.a,h.a,a.a,,ddaa.a
Mitsuru,Kotlyar,F,cah.a,cid-dcjj,UNION,ME,,M,N,,i.f,a.a,,
,,M,,gji-ffff,EAST CONCORD,,,S,,,e.ehf,a.a,,
,Moscato,M,cgc.a,hhg-hgeb,,WI,,M,N,,f.ccicif,a.a,,a.a
,,,hfh.a,hfj-jdfd,ROANOKE,,ceaah.a,,,haaaa.a,f.hf,a.a,,
Biswanath,Skala,M,gac.a,,SHOW LOW,AZ,ifjab.a,,N,ffaaa.a,d.fghejjj,a.a,,a.a
Petko,Tasistro,F,,fgc-gbgi,SCITUATE,MA,,,N,jaaaa.a,f.d,dfhf.a,a.a,
Haichen,,F,hbf.a,fag-gjgi,,WI,,M,Y,,g.ababgg,a.a,,eaa.a
,,M,iai.a,,KAAAWA,HI,jghda.a,,Y,eaaaa.a,i.cf,a.a,,baea.a
,Dieng,,,hii-dgje,PONCA,NE,gihha.a,,N,dfaaa.a,g.ie,bad.a,a.a,a.a
,,F,,ihd-chhd,,PR,jcj.a,M,,faaa.a,a.a,a.a,,
Thorsten,,M,,ecf-eeef,,SD,,M,,jaaaa.a,a.a,a.a,,a.a
Ohad,,M,,eda-fhdc,,NJ,,S,Y,jfaaa.a,c.ficibcf,baaa.a,a.a,
Zhisheng,,M,iab.a,eib-eddd,,UT,,M,,,h.a,a.a,,cehf.a
Amane,McMahan,F,eag.a,jjc-ghaj,AUGUSTA,MT,,M,N,,g.j,a.a,,a.a
Yongjoon,Lynn,M,,cbd-bhhi,MEREDITH,CO,,,N,,e.gd,a.a,,a.a
Najmi,,F,,bee-hfih,SOLGOHACHIA,AR,,,Y,,e.jgicaid,ca.a,a.a,ca.a
,Sloman,,,hhf-jdib,BLOOMFIELD,MT,fjdbf.a,S,N,faaa.a,c.dhdchfi,bjaa.a,a.a,a.a
Theordore,,F,,dbd-gege,,OK,,S,,,g.cf,baaa.a,a.a,baaa.a
Polina,Mertz,F,,cbd-diji,EPWORTH,,,S,N,,g.a,chaa.a,a.a,a.a
Aniruddha,Colnari,,eag.a,gfi-hegd,LIVINGSTON,MT,fjaeh.a,,N,bfaaa.a,g.j,a.a,,a.a
Eckart,Takada,,,bca-ijai,PECK,KS,ghbca.a,,N,daaaa.a,g.ef,ccfa.a,a.a,a.a
,Devine,M,,jbj-iaha,SOUTHBRIDGE,MA,bffa.a,,N,eaaaa.a,f.d,dfhf.a,a.a,
Lofti,,F,,gej-bbjb,,TX,,M,,,a.a,a.a,,a.a
,,F,,hce-fiff,,RI,cjaf.a,S,,faaa.a,a.a,a.a,,
,,M,iha.a,gjb-dggi,FISHER,AR,,M,Y,jaaaa.a,h.a,a.a,,ca.a
,Naixiao,M,,hii-jibj,MANDAREE,ND,,,N,,c.fajcagd,ddaa.a,a.a,a.a
,Aue,M,,,,NM,iiagc.a,S,N,cfaaa.a,f.d,ddaa.a,a.a,a.a
Mihaly,,F,,,,NV,ijaah.a,S,,ffaaa.a,a.a,a.a,,a.a
Yezdi,,F,fad.a,,,OR,jheha.a,M,,ffaaa.a,j.a,a.a,,a.a
Pilar,,M,,cff-ifhd,,PR,gje.a,S,,faaa.a,a.a,a.a,,a.a
,,M,jai.a,ijg-ghag,,NJ,iead.a,M,Y,daaaa.a,b.ffhhaid,a.a,,
Conrad,Tofts,F,,bgd-igad,AU TRAIN,MI,,S,N,baaaaa.a,d.j,dbaa.a,a.a,a.a
Noe,,M,fia.a,bgh-fhah,,OK,hebac.a,M,,gaaaa.a,g.cf,a.a,,a.a
Fredrik,,M,,bbb-bjdh,HENRICO,,,S,,baaaaa.a,f.hf,jaa.a,a.a,
Daphne,Laubscher,M,ddj.a,gdf-gaah,WEST MILLBURY,MA,,M,N,,f.d,a.a,,
,Heiman,M,,jcg-bbgg,,WI,,S,N,,f.dbfbgai,haa.a,a.a,a.a
,,F,,gja-dhad,BENTON,LA,,S,Y,ifaaa.a,g.a,efaa.a,a.a,baaa.a
,,F,,hgc-jaha,KNOXVILLE,,,,,iaaaa.a,a.a,a.a,,a.a
Nelson,Kari,F,dac.a,egg-ejge,WINTERTHUR,,,M,N,,f.jf,a.a,,
,Beeferman,M,ghi.a,iaj-iege,MONTEZUMA,,,,N,baaaaa.a,g.a,a.a,,a.a
Gradimir,Kitaev,F,,fgd-ecgd,NAUGATUCK,,,,N,,d.a,caaa.a,a.a,
Lior,,F,,bah-idhh,,UT,,S,,,h.a,cehf.a,a.a,cehf.a
Heungsoon,Husain,F,ifi.a,efb-dfcd,SANTA MONICA,CA,,,N,,j.d,a.a,,a.a
Guohui,Haass,M,ccf.a,cii-ffec,NEW ORLEANS,LA,,,N,,g.a,a.a,,a.a
Dominique,,M,gbe.a,dch-dbfg,MARTINS FERRY,,,,,,d.igffbci,a.a,,bdaa.a
,,F,,hia-bfeh,OAK RIDGE,,,,Y,,h.gcagcjd,ddaa.a,a.a,
Kyosun,,,,bgi-bahd,WARTRACE,,dhbid.a,S,,efaaa.a,a.a,a.a,,a.a
Gustovo,,F,,dia-cejf,CORNVILLE,AZ,,S,Y,,c.ih,cbaa.a,a.a,cdaa.a
Kyungwol,,M,iae.a,fej-ided,CHESTERFIELD,,,M,,,f.hf,a.a,,
,Tanniru,F,jij.a,iia-gcdd,MACATAWA,MI,,,N,baaaaa.a,d.j,a.a,,a.a
,,F,,iai-fijg,,NY,bbhid.a,M,,haaaa.a,e.dfjbeg,a.a,,
Krzyszfof,Zarate,F,,,,WA,jifge.a,M,N,dfaaa.a,a.a,a.a,,a.a
Miodrag,Priol,,dca.a,ehd-ebcg,ELLENDALE,MN,fgacg.a,M,N,cfaaa.a,f.fijfjee,a.a,,a.a
,,M,,hfj-hjhb,PHILADELPHIA,,bjbde.a,,,efaaa.a,d.ah,a.a,,
Gaofeng,,F,,bcb-fdii,FRANKFORD,,bjjef.a,S,Y,haaaa.a,f.jf,bba.a,a.a,
Jasmina,,F,,gch-cjdf,TANNER,,,S,Y,,f.a,bfaa.a,a.a,daa.a
Fumitaka,,F,,jhg-ifji,,PR,jga.a,S,,haaaa.a,a.a,a.a,,
,Wesselkamper,F,hdc.a,jdd-dajc,,NJ,hbaf.a,M,N,gaaaa.a,c.adaiddc,a.a,,
Rosli,Christmansson,M,,dhb-hgbd,BAINBRIDGE,,,S,N,jaaaa.a,g.a,chaa.a,a.a,a.a
Lusiana,,M,,fcc-jbjb,BRYSON CITY,,,S,Y,,h.cabaej,ddaa.a,a.a,
,,F,,iid-ejbj,THEODOSIA,MO,,S,Y,baaaaa.a,g.a,cbaa.a,a.a,bcaa.a
,,M,,idd-hieh,,RI,,S,,,a.a,a.a,,
Naixun,,,hab.a,fgg-cfbj,SAWYER,ND,fihib.a,,Y,bfaaa.a,c.b,a.a,,ddaa.a
Terresa,Kalafatis,F,,bdd-fgjd,EWA BEACH,HI,,S,N,,i.cf,baea.a,a.a,a.a
Kaylan,,M,,gfh-iefc,,WY,,M,Y,,a.a,a.a,,a.a
,,F,,idb-gfjj,SAINT STEPHENS,,,,Y,,f.a,bfaa.a,a.a,daa.a
Syuichi,,,hab.a,fai-ffbe,SOURIS,ND,fihid.a,,Y,cfaaa.a,c.b,a.a,,ddaa.a
Jaedong,Serafimovski,M,,,MERIDIAN,ID,idgia.a,,N,iaaaa.a,h.i,ddaa.a,a.a,a.a
Keisuke,Beyers,,gdg.a,eih-idga,FOREST CITY,MO,geefb.a,M,N,faaaa.a,g.a,a.a,,a.a
Arupratan,,F,,cbc-iacb,,UT,,S,,,h.a,cehf.a,a.a,a.a
Vijayalakshmi,,M,,,LONG BEACH,CA,jaiah.a,,Y,gfaaa.a,j.d,ih.a,a.a,chc.a
,Keirsey,F,fca.a,ghe-cbcc,TUCSON,AZ,,M,N,,c.ih,a.a,,a.a
Vanio,Cavalloro,,hab.a,jjc-gjbf,FARGO,ND,fibac.a,M,N,hfaaa.a,c.gcfbcih,a.a,,a.a
,,M,,jdd-djdh,,PR,,S,,jfaaa.a,a.a,a.a,,a.a
,,M,,hdh-gidi,CHALMETTE,LA,haaee.a,S,Y,eaaaa.a,g.a,efaa.a,a.a,baaa.a
,,F,,igg-ihhg,BOSTON,MA,,S,Y,,f.d,dfhf.a,a.a,
,,M,,hib-ffbg,,RI,cich.a,M,,efaaa.a,a.a,a.a,,
Tsvi,Hertweck,F,,fff-ggcf,GREENSBORO,,,S,N,,h.fbfhde,ddaa.a,a.a,
Neta,,,gai.a,gec-gbfc,,WI,fegfb.a,M,Y,gfaaa.a,f.fhfhii,a.a,,eaa.a
Vijayalakshmi,,M,,jjc-hhcd,PEACH GLEN,,bhdhf.a,,,baaaa.a,d.ah,a.a,,
Nazife,,M,iga.a,dic-gdhi,WEST HAVEN,CT,,M,Y,,f.a,a.a,,
,Shanblatt,,hab.a,jcj-befi,MAX,ND,fihfj.a,,N,dfaaa.a,c.bgbedj,a.a,,a.a
Ludwik,,F,,,,WA,jijae.a,M,Y,faaa.a,a.a,a.a,,a.a
,,M,,jaj-fiih,ATKINSON,NH,,S,Y,,a.a,a.a,,
Egidio,,M,,fff-fhdc,VELVA,ND,,S,Y,,c.b,ddaa.a,a.a,ddaa.a
Basilio,,M,,fbh-gjdf,,PR,jdj.a,M,,efaaa.a,a.a,a.a,,
,Khair,M,,iee-idef,CONLEY,,,S,N,,g.a,chaa.a,a.a,a.a
Brenda,Nahapetian,F,,jig-fiab,HONOLULU,HI,,S,N,,i.cf,baea.a,a.a,a.a
,,,,hac-eafd,GROSSE ILE,MI,eibdi.a,S,Y,gfaaa.a,d.j,dbaa.a,a.a,dbaa.a
,Choobineh,M,hif.a,ihg-cage,SCRANTON,KS,,,N,jaaaa.a,g.ef,a.a,,a.a
,Ingravallo,M,gab.a,ibe-cdad,JACKSON,,,,N,,f.a,a.a,,a.a
Rikard,,,cgc.a,bga-cbbi,,WI,fdafb.a,M,Y,gfaaa.a,f.fhfhii,a.a,,eaa.a
,Praus,,ccj.a,hjf-fehj,HARTSFIELD,,dbhfg.a,M,N,faaaa.a,g.a,a.a,,a.a
,,M,,,BETHUNE,CO,iaiaf.a,S,Y,cfaaa.a,e.gd,a.a,,a.a
,Margenstern,M,,ijb-bhdi,MADISON LAKE,MN,,,N,,f.df,ddaa.a,a.a,a.a
,Rodham,M,hag.a,hgj-bfbc,JENKINSBURG,,,,N,ifaaa.a,g.a,a.a,,a.a
,,,,iie-hgdi,READYVILLE,,dhbej.a,,,hfaaa.a,a.a,a.a,,a.a
,Inuo,F,,iea-cdaf,WILMINGTON,,,S,N,,f.jf,bba.a,a.a,
Linore,Tsunakawa,,,egh-dfci,SAMANTHA,,dfeic.a,,N,iaaaa.a,f.a,bfaa.a,a.a,a.a
Maite,Valenzano,M,iga.a,fjb-djgg,HARTFORD,CT,gbeb.a,M,N,haaaa.a,f.a,a.a,,
,,F,,had-bcge,,WY,,S,Y,jaaaa.a,a.a,a.a,,a.a
Youcef,,M,fad.a,bib-jhcb,,OR,,M,,,j.a,a.a,,bfj.a
Anzhelika,Ambroszkiewicz,M,ehj.a,edi-hfii,WABASH,AR,,M,N,jaaaa.a,h.a,a.a,,a.a
Claudia,,,,cib-fdia,SAINT JOSEPH,MO,gefaf.a,,Y,iaaaa.a,g.a,cbaa.a,a.a,bcaa.a
Zakaria,,,,cdg-biag,ATLANTA,,dbbeg.a,S,Y,baaaa.a,g.a,chaa.a,a.a,daaa.a
Barney,,M,,fjb-dajf,WASHINGTON,,cacad.a,S,Y,ffaaa.a,j.a,bdha.a,a.a,
,,F,cac.a,hgj-fjbj,WASHINGTON,,,M,Y,jfaaa.a,j.a,a.a,,
Moray,Peter,,,fia-hebh,UNIONTOWN,KS,gghhj.a,S,N,dfaaa.a,g.ef,ccfa.a,a.a,a.a
Alix,,F,feb.a,,,OR,jhafb.a,M,,haaaa.a,j.a,a.a,,a.a
Tasuro,Abdulazizoglu,,cgc.a,dfh-diba,,WI,fdjfh.a,M,N,bfaaa.a,e.hahadb,a.a,,a.a
Dowming,,F,,,,TX,hjaef.a,S,,baaaa.a,a.a,a.a,,a.a
Raja,Iseli,M,ehj.a,bdd-gebh,NORTH LITTLE ROCK,AR,,,N,,h.a,a.a,,a.a
,Newbery,M,,ibi-jaif,PADRONI,CO,,,N,,e.gd,a.a,,a.a
Ilana,,F,,bie-dfag,,PR,,M,,jfaaa.a,a.a,a.a,,a.a
Alla,,,,jed-eihf,MEADOWS OF DAN,,cebca.a,,,haaaa.a,f.hf,jaa.a,a.a,
Sungkil,McNulty,M,,bce-ihag,PHOENIX,AZ,,,N,,e.adcf,cbaa.a,a.a,a.a
,Trystram,,cbi.a,gjc-gahh,MAPLE PLAIN,MN,fffhj.a,,N,dfaaa.a,g.bcdcbcd,a.a,,a.a
,,,jij.a,ihf-fijj,EUREKA,MI,eiidd.a,M,Y,ffaaa.a,d.j,a.a,,dbaa.a
Marta,,F,,bgf-cjca,,RI,ciii.a,S,,faaa.a,a.a,a.a,,
Iannis,Rylands,,hbf.a,bcf-jiib,,WI,fegfi.a,M,N,ffaaa.a,f.eacadgh,a.a,,a.a
Vikram,,F,,,,NV,ijbge.a,M,,efaaa.a,a.a,a.a,,a.a
Hiryoung,,F,,dfd-fdgc,AMHERST,NH,dadb.a,S,Y,faaa.a,a.a,a.a,,
Pratul,,M,,ddf-bdid,CHARLOTTE HALL,,cagcc.a,S,Y,gaaaa.a,e.hf,ceaa.a,a.a,
Rose,,,,fij-fahi,RUTLEDGE,,dgahb.a,,Y,caaaa.a,f.a,bfaa.a,a.a,daa.a
Britton,Thiem,F,,,ROLLINSVILLE,CO,iaehe.a,,N,haaaa.a,e.gd,a.a,,a.a
,,,,hda-cdbf,BRIDGETON,IN,ehidg.a,S,Y,faaaa.a,d.e,baaa.a,a.a,baaa.a
Jaedong,Pesotchinsky,M,,ffj-egcj,,WY,,S,N,jfaaa.a,a.a,a.a,,a.a
Mordechay,,F,,,,UT,ieaji.a,S,,gaaaa.a,h.a,cehf.a,a.a,a.a
,,F,hhd.a,hbf-fidd,MOKENA,IL,,,Y,,d.a,a.a,,caaa.a
Chaim,Hogstedt,F,cac.a,dge-cjfe,PARCEL RETURN SERVICE,DC,,,N,,j.a,a.a,,a.a
,,M,ige.a,ijh-jdif,CHARLESTON,,,M,,,h.a,a.a,,a.a
Asgeir,,M,edf.a,,,UT,iedce.a,M,,gfaaa.a,h.a,a.a,,cehf.a
Jano,,F,,fhc-idef,,NM,,S,Y,,b.h,ddaa.a,a.a,ddaa.a
Oscal,Caspi,F,,bbh-ieji,ALLERTON,IA,,S,N,baaaaa.a,i.ji,ea.a,a.a,a.a
Yali,,F,faf.a,bdd-hbge,,NM,,M,Y,,b.h,a.a,,ddaa.a
,Dratva,M,,,,WY,iceba.a,S,N,haaaa.a,a.a,a.a,,a.a
Yohsuke,,M,,ccg-chje,CHARLESTON,,,S,,,h.a,ddaa.a,a.a,ddaa.a
Cameron,Oehlmann,F,hga.a,,THERMAL,CA,jcche.a,M,N,dfaaa.a,h.hhajcie,a.a,,a.a
,,F,,iie-iejh,,TX,,S,,ifaaa.a,a.a,a.a,,a.a
Joao,,F,,,IDAHO SPRINGS,CO,iaefc.a,S,Y,iaaaa.a,e.gd,a.a,,a.a
,,F,,ibb-hgbb,,NY,baegb.a,M,,faaaa.a,e.cedcjd,a.a,,
Vijnan,,F,ddj.a,jfe-gcdd,NORTH UXBRIDGE,MA,bfdi.a,,Y,iaaaa.a,f.d,a.a,,
Malur,,M,,gff-bdje,RUSHFORD,,behhh.a,,,faaa.a,e.a,a.a,,
Sajjad,,F,,fba-fgje,HELENWOOD,,,M,,,a.a,a.a,,a.a
Gerald,,M,,jhj-djee,HELENA,MT,,S,Y,baaaaa.a,g.j,bjaa.a,a.a,bjaa.a
Channing,,F,,fid-ihdf,,NV,,S,,baaaaa.a,a.a,a.a,,a.a
Norma,,F,,dih-fbjf,,PR,gac.a,M,,gfaaa.a,a.a,a.a,,a.a
Seshashayee,,M,cac.a,bce-ihgb,WASHINGTON,,caahb.a,M,Y,faaa.a,e.f,a.a,,
,,M,,,,WY,ichcd.a,M,Y,eaaaa.a,a.a,a.a,,a.a
Gajanana,Uren,,gbc.a,gea-iajj,ROCHESTER,MN,ffjae.a,,N,eaaaa.a,g.djaacbd,a.a,,a.a
,,F,,,,UT,iefcb.a,S,,faaa.a,h.a,cehf.a,a.a,a.a
Mallika,Yokomori,F,gac.a,,SCOTTSDALE,AZ,ifcfb.a,,N,eaaaa.a,d.ddf,a.a,,a.a
Adolfo,Shebanow,M,,,PIRTLEVILLE,AZ,ifgcg.a,,N,gfaaa.a,d.hccejji,cbaa.a,a.a,a.a
Khatoun,Bijlsma,,,eai-jiaj,,WI,feeib.a,S,N,daaaa.a,e.jghgfi,haa.a,a.a,a.a
Marsja,Herlea,M,,gcd-hfic,VALDEZ,AK,,M,N,,a.a,a.a,,a.a
Gigliola,,F,,cff-ddid,,WY,,S,Y,ifaaa.a,a.a,a.a,,a.a
Borut,,M,,,,UT,ieajd.a,S,,gaaaa.a,h.a,cehf.a,a.a,a.a
Matk,,M,,fic-edae,SOMIS,CA,,,Y,,j.d,ih.a,a.a,chc.a
Georghios,,M,,gce-gchi,,PR,,S,,iaaaa.a,a.a,a.a,,
Avikam,,M,,edf-eaah,NEEDHAM HEIGHTS,MA,,,Y,,f.d,dfhf.a,a.a,
Slim,,M,,,FAIRBANKS,AK,jjhba.a,M,Y,daaaa.a,a.a,a.a,,a.a
Vera,,F,,jfb-ibhd,BEACH HAVEN,,,S,,,d.ah,a.a,,
Nirmal,,F,iac.a,chf-dcfj,,VT,,M,,iaaaa.a,e.fjghgch,a.a,,
,Skronn,M,,hjj-eibh,PELICAN,AK,,,N,jfaaa.a,a.a,a.a,,a.a
,,,,ica-dief,ELLSWORTH,IL,gbhdh.a,S,Y,efaaa.a,d.a,caaa.a,a.a,caaa.a
Jovanna,Vandenbroeck,F,dae.a,ejc-jggi,DILLE,,,M,N,jaaaa.a,g.f,a.a,,
,,M,,jbd-dcjh,COLUMBIA,,,S,,jaaaa.a,h.a,ddaa.a,a.a,ddaa.a
,,,hbc.a,hfa-iceh,OTLEY,IA,facbe.a,,Y,eaaaa.a,g.ddjcbb,a.a,,ea.a
Paola,,F,,efg-fcif,PINETOWN,,,,Y,ifaaa.a,h.fbfhde,ddaa.a,a.a,
,,,,jda-jche,HAYS,MT,fjfch.a,S,Y,bfaaa.a,g.j,bjaa.a,a.a,bjaa.a
,,F,,iif-hhig,WASHINGTON,,,S,Y,,j.a,bdha.a,a.a,
Sevki,,M,hgd.a,eed-eaia,HOLYOKE,MN,,M,Y,,h.if,a.a,,ddaa.a
,,M,,ibg-cbjg,,PR,,M,,,a.a,a.a,,a.a
,,M,,,,TX,hieac.a,M,,efaaa.a,a.a,a.a,,a.a
Yifang,Brimkov,M,,,LAKE MONTEZUMA,AZ,igdec.a,,N,efaaa.a,d.ebcf,cbaa.a,a.a,a.a
Zhengyan,,F,gbi.a,fgi-ibdg,TRILLA,IL,,M,Y,,d.a,a.a,,caaa.a
Aloys,,M,iad.a,fdj-hahj,PENDLETON,,,,,,h.a,a.a,,a.a
,,F,,ijb-gdjg,GIBBON,NE,,S,Y,,g.ie,bad.a,a.a,bad.a
Upen,,M,ebe.a,dfj-jghh,,WI,,M,Y,jfaaa.a,g.ajhaec,a.a,,eaa.a
,,F,,,,NV,ijacg.a,S,,faaa.a,a.a,a.a,,a.a
Rachelle,,,ibg.a,bhh-eede,HIGGINSVILLE,MO,geadh.a,M,Y,cfaaa.a,g.a,a.a,,bcaa.a
Farzan,,M,,jgh-jcfb,WASHINGTON,,cacdf.a,S,Y,caaaa.a,g.hf,bdha.a,a.a,
Wujia,,M,,,,WY,icdcf.a,S,Y,baaaa.a,a.a,a.a,,a.a
Hyoung,,,,jfj-fbih,SHARON CENTER,,eeche.a,,,bfaaa.a,b.aedjeii,bdaa.a,a.a,a.a
Graziella,,F,,,,UT,iefbb.a,S,,iaaaa.a,h.a,cehf.a,a.a,a.a
Zhonghua,,M,fca.a,ege-bdfb,MCNARY,AZ,,,Y,,d.bhjjjji,a.a,,cdaa.a
Emran,,F,jci.a,jge-hegh,PHOENIX,AZ,,,Y,,c.ih,a.a,,cdaa.a
,Damy,F,,,DENVER,CO,iacbi.a,M,N,gfaaa.a,e.gd,a.a,,a.a
Naomichi,,F,cac.a,ejj-hfdj,WASHINGTON,,cacai.a,M,Y,faaa.a,e.f,a.a,,
Qiuming,,,ghi.a,bch-efje,CONYERS,,daaje.a,M,Y,gfaaa.a,g.a,a.a,,daaa.a
Herkimer,,F,,,CHROMO,CO,ibbci.a,S,Y,faaa.a,e.gd,a.a,,a.a
Fiora,,,fac.a,fcj-dgej,LEXINGTON,,eafhj.a,,Y,baaaa.a,c.diiiiii,a.a,,ca.a
Guardian,Bruss,,,djg-hfhd,LILBOURN,MO,gdigc.a,,N,hfaaa.a,g.a,cbaa.a,a.a,a.a
Walther,,M,,bjd-iifc,LAKE MINCHUMINA,AK,,,Y,,a.a,a.a,,a.a
Iveta,,M,,dea-ecec,,OR,,S,,jfaaa.a,j.a,bfj.a,a.a,bfj.a
Rasa,,M,jci.a,ccf-edjb,YUCCA,AZ,,M,Y,,c.jehf,a.a,,cdaa.a
Hesham,,M,,ede-ifag,,WI,,S,Y,,f.dbfbgai,haa.a,a.a,eaa.a
Neil,Muhammad,F,,cha-gjcf,SAN LUIS,AZ,,,N,,d.jff,cbaa.a,a.a,a.a
,,M,,hfb-fjec,,RI,,M,,,a.a,a.a,,
Jusung,Smetana,F,,jjf-jbif,NAUGATUCK,CT,ghha.a,,N,faaa.a,d.a,bchfa.a,a.a,
,,M,,,EIELSON AFB,AK,jjhac.a,M,Y,hfaaa.a,a.a,a.a,,a.a
Yuzuru,Gladman,M,jbj.a,beh-ihdc,GREENSBORO,,,M,N,jaaaa.a,h.gcagcjd,a.a,,
Jagannathan,,M,,cid-ibfa,WASHINGTON,,,S,Y,,j.a,bdha.a,a.a,
Salem,,M,,bfb-gagg,STUART,,,,,,f.cbecig,jaa.a,a.a,
,,M,,hcg-hdha,ALEXANDRIA,LA,hbdaj.a,S,Y,hfaaa.a,g.a,efaa.a,a.a,baaa.a
Gurindar,,,,ccb-cjif,HENRICO,,cdcci.a,S,,daaaa.a,f.hf,jaa.a,a.a,
Byung,Mahboob,M,cbi.a,bfa-ghjj,LAKE LILLIAN,MN,,,N,,h.hceagg,a.a,,a.a
,Ragland,M,,,,WA,jiafe.a,S,N,baaaa.a,a.a,a.a,,a.a
Kimihito,,M,,cjg-fdhj,ATGLEN,,bjdba.a,S,,baaaa.a,d.ah,a.a,,
,,M,,hia-hgbg,WATERVILLE VALLEY,NH,,S,Y,,a.a,a.a,,
Kazutaki,Cho,,eac.a,eej-egji,DANNEBROG,NE,giidb.a,M,N,cfaaa.a,g.fhdgbad,a.a,,a.a
Gudula,,M,,jed-ijcb,PILOT POINT,AK,,,Y,,a.a,a.a,,a.a
Chris,Thoreson,,,jed-hhbf,MOORE,MT,fjege.a,,N,caaaa.a,g.j,bjaa.a,a.a,a.a
Galal,Maarek,M,fae.a,ffh-jbdh,LOREAUVILLE,LA,,,N,,g.a,a.a,,a.a
Shona,Jaklic,F,,ehb-idbh,HOUSTON,,,S,N,,f.jf,bba.a,a.a,
Boman,Farrel,F,ccf.a,fch-effg,LAFAYETTE,LA,hafaa.a,,N,bfaaa.a,c.i,a.a,,a.a
Yinghua,Jesty,F,cci.a,ffb-ieef,LITTLE ROCK,,,,N,,f.a,a.a,,a.a
Cathleen,,,hab.a,geh-bghe,DICKINSON,ND,figab.a,M,Y,cfaaa.a,c.b,a.a,,ddaa.a
,,M,jbg.a,,WALNUT CREEK,CA,jefjg.a,M,Y,gaaaa.a,j.d,a.a,,chc.a
Chengchang,,F,,gae-iefi,DOVER,AR,hcidh.a,S,Y,eaaaa.a,h.a,ca.a,a.a,ca.a
Goutam,Tada,F,,fhj-gfbd,WESTMORELAND,NH,degh.a,S,N,haaaa.a,a.a,a.a,,
,,F,,jdd-iabi,,SD,,S,,ifaaa.a,a.a,a.a,,a.a
,,M,,hdf-ebgh,,NY,bbfjj.a,S,,bfaaa.a,e.aeafej,a.a,,
Gurdip,,,,gcf-cfdc,SWEEDEN,,eccif.a,S,Y,ffaaa.a,e.iiiiij,ca.a,a.a,ca.a
Shawna,,F,ebj.a,eab-ibac,COLUMBUS,,,M,,,d.igffbci,a.a,,bdaa.a
Juraj,,F,,ege-gjaf,SWENGEL,,bhiia.a,S,,haaaa.a,d.ah,a.a,,
Jarir,,,,bgi-jidi,ORLANDO,,dcibh.a,,Y,iaaaa.a,a.a,a.a,,a.a
Devesh,,M,,dgj-bdeh,GREENWOOD,,,S,,,h.a,ddaa.a,a.a,a.a
Xianging,Akaboshi,M,,,,WY,icgec.a,M,N,gfaaa.a,a.a,a.a,,a.a
Zhaohua,Racz,F,,,WHEELER ARMY AIRFIELD,HI,jgife.a,S,N,faaa.a,b.jeahijf,baea.a,a.a,a.a
Rajendra,,,,daf-cjdi,MOSSY HEAD,,dcede.a,,Y,faaa.a,a.a,a.a,,a.a
Haitao,Leibs,M,cci.a,cid-djbg,GRENADA,,,M,N,,f.a,a.a,,a.a
Bashar,Osisek,M,,,,WA,jjbbd.a,M,N,faaa.a,a.a,a.a,,a.a
Levis,Partsch,,dbg.a,dee-jgfg,RANTOUL,KS,ggahj.a,,N,dfaaa.a,g.ef,a.a,,a.a
Benkt,,M,edf.a,,,UT,iedca.a,M,,dfaaa.a,h.a,a.a,,a.a
Pieter,,F,,fjj-jddc,POTTERSDALE,,bgihb.a,,,gaaaa.a,d.ah,a.a,,
,Jameel,F,cce.a,gjd-ddih,WADSWORTH,IL,,M,N,,d.a,a.a,,a.a
,Kessler,F,,hej-fdgd,TURRELL,AR,,S,N,,b.dicgjdj,ca.a,a.a,a.a
Kellogg,Zahir,M,,cec-jeaa,,WA,,S,N,jaaaa.a,a.a,a.a,,a.a
April,,F,,bcc-hjgg,FARMINGTON,CT,gadc.a,S,Y,dfaaa.a,f.a,bchfa.a,a.a,
Shalosh,,F,,,,WA,jiiee.a,M,Y,faaaa.a,a.a,a.a,,a.a
,,,,iba-fjfi,YOUNGSTOWN,,eefaf.a,S,,daaaa.a,b.febihbi,bdaa.a,a.a,bdaa.a
,Rouquie,M,,,ELEELE,HI,jghaf.a,S,N,faaa.a,b.jeahijf,baea.a,a.a,a.a
Birger,Pelezar,,fgd.a,jha-bghd,MONTPELIER,IA,fchfj.a,,N,hfaaa.a,i.ji,a.a,,a.a
Zohel,,M,,bhi-ibha,,VT,,S,,,d.g,ddaa.a,a.a,
Jiang,,M,ddj.a,chi-heid,SOUTH HARWICH,MA,,,Y,,f.d,a.a,,
Elmar,,M,,,,WY,icddc.a,S,Y,dfaaa.a,a.a,a.a,,a.a
,Pagello,F,,hcj-eeie,BOLTON,MA,bhea.a,S,N,baaaa.a,f.d,dfhf.a,a.a,
,,M,ebe.a,ghf-hgcb,,WI,,M,Y,baaaaa.a,g.bidjbi,a.a,,eaa.a
,,M,,ifa-cjid,WESTERN GROVE,AR,,S,Y,,h.a,ca.a,a.a,ca.a
,Iwadera,M,,igi-fghc,DRAKE,CO,,S,N,,e.gd,a.a,,a.a
,,M,,igc-iejc,PEQUABUCK,CT,,,Y,,f.a,bchfa.a,a.a,
Anselm,,F,,,HAINES,AK,jjich.a,M,Y,gfaaa.a,a.a,a.a,,a.a
Saku,,M,,eed-ccbe,NEW ORLEANS,LA,habbd.a,,Y,caaaa.a,e.e,efaa.a,a.a,baaa.a
,Bodlaender,,,hgd-deah,NORTH FORT MYERS,,ddjbh.a,,N,bfaaa.a,a.a,a.a,,a.a
Donia,Hjrschheimi,F,,bcb-edia,OURAY,CO,,,N,,e.gd,a.a,,a.a
Bernice,Gierz,M,cai.a,,GREENLEAF,ID,idgcg.a,M,N,caaaa.a,g.jeidjb,a.a,,a.a
,,M,,hda-bjda,TOMPKINSVILLE,,,S,Y,jaaaa.a,g.a,ca.a,a.a,ca.a
Parvathi,,M,jhb.a,,,OR,jhccf.a,M,,faaa.a,h.ebacfge,a.a,,a.a
,,M,,hie-chge,,WA,,M,Y,,a.a,a.a,,a.a
Thiel,Halker,F,gac.a,fgj-fdbi,RIO RICO,AZ,,,N,,d.fghejjj,a.a,,a.a
,,M,,hfd-dhdc,,RI,,M,,,a.a,a.a,,
,,F,,hfa-hgbg,,RI,,M,,,a.a,a.a,,
Rajan,Veevers,M,jif.a,bbb-bahe,DRY PRONG,LA,hbecd.a,M,N,faaaa.a,g.a,a.a,,a.a
,Langtangen,M,dbd.a,hhe-jjej,DETROIT,MI,,M,N,,d.j,a.a,,a.a
Krichnakumar,,M,,efe-cfhj,,PR,,S,,,a.a,a.a,,a.a
Joycelyne,,M,iac.a,fie-cdia,,VT,fghc.a,M,,cfaaa.a,d.g,a.a,,
Ullrich,,M,fia.a,edj-hgae,,OK,heaie.a,M,,faaaa.a,g.cf,a.a,,a.a
Byungki,,M,,fha-bcdg,NEW CASTLE,,bjhcb.a,,Y,dfaaa.a,e.cefeff,bba.a,a.a,
Kaoru,,M,,ffe-efgj,WALHONDING,,,S,,baaaaa.a,d.igffbci,bdaa.a,a.a,a.a
Vladdimir,Zunino,F,cac.a,chg-iege,WASHINGTON,,,M,N,jfaaa.a,j.a,a.a,,
Anandeep,,,cha.a,jed-jeac,STAFFORDSVILLE,,ebcfg.a,,Y,caaaa.a,c.jeeeeee,a.a,,ca.a
Fraser,,,,eca-fafi,WATERTOWN,MN,ffdii.a,S,Y,faaa.a,f.df,ddaa.a,a.a,ddaa.a
Paolo,,M,,jhi-fbbc,MOUNT JULIET,,,,,baaaaa.a,a.a,a.a,,a.a
Truman,,M,,ehe-chdc,ERIE,,bgffa.a,S,,caaaa.a,d.ah,a.a,,
Chahab,Rauscher,,,efe-jicb,ENGELHARD,,chice.a,S,N,cfaaa.a,g.cfgjjd,ddaa.a,a.a,
Sajee,,M,,ddc-dffi,,RI,cigd.a,S,,baaaa.a,a.a,a.a,,
Yasufumi,,F,iab.a,fcg-gigj,,UT,,M,,,h.a,a.a,,a.a
Bashir,,F,,gef-ijfd,BOULDER,CO,,M,Y,,e.gd,a.a,,a.a
,Messner,M,cfg.a,hjj-jdah,BOOTH,,,M,N,,f.a,a.a,,a.a
Masateru,Botsch,,hab.a,bid-bjcf,FORDVILLE,ND,ficdb.a,M,N,eaaaa.a,c.cbjeaac,a.a,,a.a
Shyamsundar,Lecce,M,,dfj-fhdb,ROBERSONVILLE,,,,N,,h.ebaidj,ddaa.a,a.a,
Juichirou,,M,,jgb-fjig,,RI,cijf.a,S,,bfaaa.a,a.a,a.a,,
Yinlin,Radovic,,,bdg-gicj,,WI,fegbe.a,S,N,ffaaa.a,f.eacadgh,haa.a,a.a,a.a
Sampath,Lores,M,eag.a,dae-ejib,MARTINSDALE,MT,,,N,,g.j,a.a,,a.a
,,F,,ifh-fdff,NORWOOD,,,,Y,,g.a,chaa.a,a.a,daaa.a
,,M,dac.a,hbg-icfg,WILMINGTON,,bjiag.a,M,Y,baaaa.a,c.feajaj,a.a,,
Omri,,F,,ebi-hgbe,,WI,,S,Y,,g.bidjbi,haa.a,a.a,eaa.a
Arvin,Steinauer,,cfb.a,gbd-bbhi,MONTGOMERY,,dgbcb.a,,N,hfaaa.a,f.a,a.a,,a.a
,,M,ehj.a,gha-cjac,NORTH LITTLE ROCK,AR,hcbja.a,,Y,gaaaa.a,h.a,a.a,,ca.a
Annalina,Laqua,F,faf.a,edc-gchi,,NM,,M,N,,f.d,a.a,,a.a
Koray,,,jba.a,eag-gdda,HENRIETTA,,ciahg.a,M,Y,baaaa.a,g.a,a.a,,
Zuotao,Nova,M,,ehj-ggba,,WY,,M,N,,a.a,a.a,,a.a
Supot,Ehrenberger,,,cae-beed,DUNNELLON,,deede.a,M,N,efaaa.a,a.a,a.a,,a.a
Toney,,M,,cfe-gchg,,RI,,M,,,a.a,a.a,,
Weikai,Handelman,F,,eba-cgia,GOLD RUN,CA,,S,N,,g.fjafed,ih.a,a.a,a.a
,,F,chg.a,ghh-hgfe,DULLES,,,M,,,f.hf,a.a,,
Mina,Masini,M,jhi.a,fig-iidi,CENTERVILLE,MA,,M,N,,f.d,a.a,,
Michelle,,M,,fja-cbfc,DURHAM,NH,,M,Y,,a.a,a.a,,
Nuno,,,ige.a,eid-hjja,BATH,,cjibg.a,M,,caaaa.a,h.a,a.a,,a.a
Anya,Setiz,F,dbe.a,big-dafa,BONNE TERRE,MO,,M,N,ifaaa.a,g.a,a.a,,a.a
,,M,,ihe-ihhf,,OK,,S,,,g.cf,baaa.a,a.a,a.a
Surnjani,,F,jbd.a,bif-daca,ELK FALLS,KS,,M,Y,,g.ef,a.a,,ccfa.a
Richards,,F,,bcf-fhdh,,WY,,S,Y,,a.a,a.a,,a.a
,,,cbj.a,hjg-iaic,DUBLIN,IN,ehddf.a,M,Y,eaaaa.a,d.e,a.a,,baaa.a
,,F,jca.a,jdf-gfjh,,WI,,M,Y,,f.afefddf,a.a,,eaa.a
Shing,Schilz,,,fhg-iccd,,WI,fefea.a,S,N,caaaa.a,e.hjdjagh,haa.a,a.a,a.a
Leen,,M,,eba-eigi,,RI,ciac.a,S,,dfaaa.a,a.a,a.a,,
,,F,,idf-gjff,,TX,,M,,,a.a,a.a,,a.a
Zhigen,,F,,bhf-baei,OUTING,MN,,,Y,,f.df,ddaa.a,a.a,ddaa.a
,,,,hba-ibja,BUTTE,MT,fjhfa.a,S,Y,dfaaa.a,g.j,bjaa.a,a.a,bjaa.a
Akeo,Mistrik,F,ifh.a,baj-ddgg,AMHERST,MA,,M,N,,f.d,a.a,,
Stephanie,Hikichi,F,,ddi-fcbg,LAMOURE,ND,,,N,,c.hebafbc,ddaa.a,a.a,a.a
Shaji,,M,,bca-fjbh,MERIDIAN,ID,,,Y,,h.i,ddaa.a,a.a,ddaa.a
Yennun,Wigderson,M,,bii-dbbi,HYDABURG,AK,,M,N,jaaaa.a,a.a,a.a,,a.a
Karsten,,M,edf.a,cag-fghh,,UT,,M,,,h.a,a.a,,cehf.a
Sentot,,F,,,,TX,hhjhi.a,M,,iaaaa.a,a.a,a.a,,a.a
,,M,,,,OR,jhcbd.a,S,,eaaaa.a,j.a,bfj.a,a.a,bfj.a
Yanxiang,,F,,bbe-ejff,,NJ,,S,Y,jaaaa.a,c.fadjfic,baaa.a,a.a,
,,F,fab.a,hij-dfdi,WOOSTER,AR,,M,Y,ifaaa.a,h.a,a.a,,ca.a
Roya,Tasiemski,,dae.a,gcj-fgab,ENTERPRISE,,cgfgi.a,M,N,bfaaa.a,d.df,a.a,,
Enshao,,M,,eff-fecf,,TX,,M,,,a.a,a.a,,a.a
Ana,,M,,ffc-hjfh,,RI,cijc.a,M,,baaaa.a,a.a,a.a,,
Vivian,,M,edf.a,,,UT,iehec.a,M,,ffaaa.a,h.a,a.a,,a.a
Gabriella,Schach,,hgj.a,ccg-jfdh,ROME,,dihgi.a,,N,hfaaa.a,f.a,a.a,,a.a
,Groger,,,ica-baae,TUSCALOOSA,,dfeif.a,S,N,haaaa.a,f.a,bfaa.a,a.a,a.a
Fenia,,F,,,,WY,icdcf.a,M,Y,dfaaa.a,a.a,a.a,,a.a
Vladdimir,,,,bgg-jgff,BLACKSTOCK,,cjabe.a,S,,cfaaa.a,h.a,ddaa.a,a.a,ddaa.a
Erika,Herget,M,dac.a,dii-hbfg,MAGNOLIA,,,,N,,f.jf,a.a,,
,,,,jcd-jcdb,TILDEN,NE,gihib.a,S,Y,bfaaa.a,e.hjhghgg,bad.a,a.a,bad.a
Navid,Brookman,,ehi.a,ddg-efdj,STATHAM,,daggg.a,,N,bfaaa.a,g.a,a.a,,a.a
Avideh,,M,,cjg-eihe,,SD,,M,,,a.a,a.a,,a.a
Jacobijn,Pokoski,F,,cjb-hadc,WATERFORD,CT,gdig.a,S,N,gfaaa.a,f.a,bchfa.a,a.a,
Souji,,M,iac.a,chf-hcfa,,VT,,M,,,d.iaajee,a.a,,
,Krychniak,F,gga.a,iee-jfeh,WINIGAN,MO,,M,N,,g.a,a.a,,a.a
Mihail,,M,faf.a,fdj-cjha,,NM,,M,Y,,f.d,a.a,,ddaa.a
Vivek,Zagha,,ghi.a,eba-eaai,ATLANTA,,dadef.a,M,N,eaaaa.a,g.a,a.a,,a.a
Shauchi,Gilmore,F,,fia-bjfh,,NJ,iiad.a,S,N,haaaa.a,c.biifebh,baaa.a,a.a,
Bevin,,F,,ehd-dibj,,WI,,S,Y,ifaaa.a,f.jcdcjah,haa.a,a.a,eaa.a
Tengku,,,,dgi-ihgh,,SD,fhfee.a,M,,faaa.a,a.a,a.a,,a.a
Kahoru,,F,,,,TX,hgdhe.a,S,,gaaaa.a,a.a,a.a,,a.a
,,,,jbi-iaic,TINA,MO,gegic.a,S,Y,bfaaa.a,g.a,cbaa.a,a.a,bcaa.a
,Anderaa,,,ihb-fhfj,SYCAMORE,,dfbej.a,S,N,dfaaa.a,f.a,bfaa.a,a.a,a.a
Aran,Ohsie,,,jhj-igha,MONEY,,dijef.a,,N,eaaaa.a,f.a,gaaa.a,a.a,a.a
,,F,,jbf-jfjh,,NJ,hied.a,S,Y,gfaaa.a,c.bajgihg,baaa.a,a.a,
Gad,,F,gda.a,bca-hdjd,HOPEDALE,IL,,M,Y,,d.a,a.a,,caaa.a
Shui,,M,,egd-djha,WILLIAMSTON,,,S,,,h.a,ddaa.a,a.a,a.a
,,F,,gjh-fcai,URSINA,,bfeif.a,M,,daaaa.a,d.ah,a.a,,
Mehdi,,F,,bae-jhdh,,PR,,S,,,a.a,a.a,,a.a
Archita,Angele,,eac.a,fga-gdbd,ELMWOOD,NE,gidej.a,M,N,hfaaa.a,g.ie,a.a,,a.a
Kensaku,Tsvetovat,,,efd-dbbb,EDGERTON,MN,fgbci.a,S,N,gfaaa.a,h.hceagg,ddaa.a,a.a,a.a
,,,,ibh-fcaf,,SD,fhadh.a,M,,bfaaa.a,a.a,a.a,,a.a
Jianli,,M,,chj-hggj,,NJ,hiha.a,S,Y,iaaaa.a,c.degcf,baaa.a,a.a,
Miche,,M,,eda-cefh,PHILADELPHIA,,,,,,d.ah,a.a,,
Kadaba,,M,,jha-cffb,CANTON,,,S,,,c.hadgjce,bdaa.a,a.a,bdaa.a
Bernd,,M,,fbg-jheg,FRESNO,CA,,S,Y,jaaaa.a,j.d,ih.a,a.a,chc.a
Seichi,,F,iac.a,egb-hbfc,,VT,fegj.a,M,,gfaaa.a,e.cjiddb,a.a,,
Raja,,M,fia.a,bbb-bdbd,,OK,heaeh.a,M,,eaaaa.a,g.cf,a.a,,baaa.a
Sanzheng,,M,jif.a,dbb-febj,WATSON,LA,,M,Y,jfaaa.a,g.a,a.a,,baaa.a
Surajit,Coyne,F,,,,WA,jiafe.a,S,N,ffaaa.a,a.a,a.a,,a.a
Muralidharan,Glanzel,F,,,STEAMBOAT SPRINGS,CO,iaeii.a,,N,iaaaa.a,e.gd,a.a,,a.a
,,M,,hhj-hhdh,WASHINGTON,,caabf.a,S,Y,hfaaa.a,j.a,bdha.a,a.a,
,,F,jhd.a,hii-fdch,,NJ,iicd.a,M,Y,dfaaa.a,b.gdgfgcf,a.a,,
Inderjeet,,F,cai.a,dag-jdea,DONNELLY,ID,,M,Y,,g.jeidjb,a.a,,ddaa.a
Earlin,Tomic,M,,ccj-jjcc,SANDY SPRING,,caiga.a,,N,caaaa.a,e.hf,ceaa.a,a.a,
Basim,,M,,cef-hecb,FORT FAIRFIELD,ME,,S,Y,,i.f,cifa.a,a.a,
,Rueda,F,,ijh-cdjh,MICANOPY,,,,N,ifaaa.a,a.a,a.a,,a.a
,Canet,M,iai.a,,ANAHOLA,HI,jghad.a,M,N,cfaaa.a,f.fegafd,a.a,,a.a
Yoonjoon,,M,,bdb-cjcd,,RI,,S,,,a.a,a.a,,
Alongkrit,,M,,djd-jedg,BETTLES FIELD,AK,,M,Y,ifaaa.a,a.a,a.a,,a.a
Yeow,,F,,bea-ifff,,VT,,S,,,d.g,ddaa.a,a.a,
Egon,Gadbois,M,,fbb-jgci,KLAWOCK,AK,,,N,jfaaa.a,a.a,a.a,,a.a
Kimming,,F,gbc.a,cbd-edac,SAINT PAUL,MN,,,Y,,g.djaacbd,a.a,,ddaa.a
Brailey,,F,dac.a,fhh-eddd,WILMINGTON,,,M,Y,,c.feajaj,a.a,,
Naomi,,F,iga.a,fhe-hfch,CENTERBROOK,CT,geaj.a,M,Y,caaaa.a,f.a,a.a,,
,,F,dfb.a,jbg-ejjg,PINEHURST,MA,bigg.a,,Y,efaaa.a,f.d,a.a,,
,,F,,jaa-iaeb,HANNASTOWN,,,S,,jaaaa.a,d.ah,a.a,,
Zhengyan,,F,dac.a,bcd-jgba,HOUSTON,,bjjfe.a,M,Y,iaaaa.a,f.jf,a.a,,
Huu,,,,ecd-jfae,ROANOKE,,ceaae.a,,,caaaa.a,f.hf,jaa.a,a.a,
,,F,edf.a,ihe-fdba,,UT,,M,,,h.a,a.a,,cehf.a
Yonit,,M,,dca-djgj,LAKE LURE,,,,Y,,h.gcagcjd,ddaa.a,a.a,
,Aitken,M,,ghe-eahh,JEFFERSON,NH,dfid.a,,N,dfaaa.a,a.a,a.a,,
Hartmit,Bogomolov,M,,,HOTCHKISS,CO,ibebj.a,S,N,dfaaa.a,e.gd,a.a,,a.a
Mahesh,,,fac.a,bde-iihd,LEXINGTON,,eafdd.a,,Y,daaaa.a,d.f,a.a,,ca.a
,Parmakson,F,,ghg-ebgh,,NJ,heib.a,S,N,caaaa.a,b.e,baaa.a,a.a,
,,F,dbj.a,hgg-bgah,GRAND RIVER,IA,,M,Y,,i.ji,a.a,,ea.a
Doina,,M,iac.a,egj-ihbb,,VT,,M,,,e.bjiifdf,a.a,,
Sadatoshi,Urponen,M,,,JAROSO,CO,ibbdi.a,,N,gfaaa.a,e.gd,a.a,,a.a
Vikraman,Jarwala,F,,cjf-hgbf,SIMMS,MT,,,N,,g.j,bjaa.a,a.a,a.a
,Hollenberg,F,,hdi-cdee,,WY,,S,N,,a.a,a.a,,a.a
,,F,,,,TX,hfbdi.a,M,,faaaa.a,a.a,a.a,,a.a
Lukas,Tuuliniemi,F,,,,WA,jiffa.a,S,N,hfaaa.a,a.a,a.a,,a.a
Jonny,,F,,gaa-ghch,,WY,,M,Y,jaaaa.a,a.a,a.a,,a.a
,Tzannes,F,,,,WA,jifhc.a,M,N,hfaaa.a,a.a,a.a,,a.a
Saroja,Lorho,F,jej.a,fic-iafb,UNIVERSAL CITY,CA,,M,N,,j.d,a.a,,a.a
Rupak,Hudlicka,M,,bic-fdah,WOODSTOCK VALLEY,CT,,S,N,,f.a,bchfa.a,a.a,
Xue,,F,,jie-bded,,SD,,M,,,a.a,a.a,,a.a
Carme,Hassin,F,,fac-jgdh,PRESCOTT,AZ,,,N,,d.jff,cbaa.a,a.a,a.a
Gadi,,F,,gbc-hffd,,OR,,S,,,j.a,bfj.a,a.a,bfj.a
Francis,,F,,gfa-dhfj,KERSHAW,,,,,ifaaa.a,h.a,ddaa.a,a.a,ddaa.a
,,,cfg.a,ihf-bjgf,WOODSTOCK,,dfbii.a,M,Y,hfaaa.a,f.a,a.a,,daa.a
Kuorong,,,,gcc-efjj,CATAWBA,,cjhae.a,S,,caaaa.a,h.a,ddaa.a,a.a,a.a
Gabi,,F,,fgi-jibg,GRAND RIVER,,,S,,,c.cafhgjd,bdaa.a,a.a,a.a
John,,F,,,,NV,ijaaf.a,M,,gfaaa.a,a.a,a.a,,a.a
Jihie,Tavangarian,F,,,,WY,icbja.a,M,N,cfaaa.a,a.a,a.a,,a.a
Aydin,,M,,cea-ejdf,,PR,,S,,,a.a,a.a,,
Elias,,F,,caj-jiaa,CENTER TUFTONBORO,NH,,M,Y,,a.a,a.a,,
Guillem,,,,gbg-ijei,,SD,fhfhj.a,S,,faaaa.a,a.a,a.a,,a.a
,,M,,hba-fdaf,,WA,,M,,,a.a,a.a,,a.a
Georgios,,F,,dah-bbea,AKRON,,,S,,,b.cajjcdb,bdaa.a,a.a,a.a
Muneo,Rotem,,,dbi-cihg,KALISPELL,MT,fjjae.a,,N,caaaa.a,g.j,bjaa.a,a.a,a.a
Pil,,F,fae.a,dif-hcaf,MONROE,LA,,,Y,iaaaa.a,g.a,a.a,,baaa.a
Bijendra,,,,jfc-bdce,SARTELL,MN,fgdhh.a,,Y,faaaa.a,g.jcdgdjd,ddaa.a,a.a,ddaa.a
Jitian,,F,,,WINTER PARK,CO,iaeic.a,S,Y,efaaa.a,e.gd,a.a,,a.a
LuoQuan,,F,,gab-jhfe,,NJ,,S,Y,ifaaa.a,c.ecfbaeb,baaa.a,a.a,
Constantin,Sendrier,,,dbd-hhah,NEPTUNE BEACH,,dccgg.a,,N,eaaaa.a,a.a,a.a,,a.a
,,M,,ida-cahe,,PR,hgg.a,S,,eaaaa.a,a.a,a.a,,
Sheila,,M,eed.a,bff-hgah,HAGERSTOWN,,cbhec.a,M,Y,daaaa.a,e.hf,a.a,,
,,,,hff-hdid,LOUISVILLE,,eacha.a,,Y,dfaaa.a,d.hhhhhhh,ca.a,a.a,ca.a
,,F,,hhi-hbjb,CLEMSON,,,S,,,h.a,ddaa.a,a.a,ddaa.a
,,F,cac.a,hbg-ceee,WASHINGTON,,,M,Y,jaaaa.a,j.a,a.a,,
Williaam,,M,gda.a,jgc-iiej,SOUTH BELOIT,IL,,,Y,,d.a,a.a,,caaa.a
Aarti,,M,,fja-jbcd,,RI,cicg.a,S,,daaaa.a,a.a,a.a,,
Usama,,M,,cag-bjca,KEENE,ND,,,Y,baaaaa.a,c.jbejdf,ddaa.a,a.a,ddaa.a
,,M,,gha-eiff,CENTER SANDWICH,NH,,M,Y,ifaaa.a,a.a,a.a,,
Candida,,F,,cha-hcfa,,WA,,M,,jaaaa.a,a.a,a.a,,a.a
Rosmarie,Elihai,M,,baj-igae,SOUTH BEND,,,,N,iaaaa.a,d.e,baaa.a,a.a,a.a
Makiki,,,eac.a,ead-dbig,PLATTE CENTER,NE,gigfd.a,,Y,haaaa.a,g.ie,a.a,,bad.a
Heung,,M,,eff-gcdj,,VT,fcfe.a,S,,efaaa.a,d.jaaecbe,ddaa.a,a.a,
Beatriz,,F,,chf-ijeg,,SD,,S,,iaaaa.a,a.a,a.a,,a.a
Fahimeh,Cavin,,hgf.a,fhe-idfe,HILLSDALE,IN,ehife.a,M,N,faaaa.a,d.e,a.a,,a.a
Niel,,M,,,,TX,hhahe.a,M,,ffaaa.a,a.a,a.a,,a.a
Jianxiu,,M,,dgb-jjaf,GRANGER,,,S,Y,,d.e,baaa.a,a.a,baaa.a
Leoan,,M,feb.a,gff-ehce,,OR,,M,,,j.a,a.a,,bfj.a
Chumki,,M,had.a,bef-jcah,GATE CITY,,,M,,ifaaa.a,f.hf,a.a,,
Pierce,,M,,gcd-fgga,INVERNESS,,,S,Y,,d.a,gaaa.a,a.a,bfaa.a
Ortwin,,M,hab.a,bif-gifd,HAGUE,ND,,M,Y,,c.b,a.a,,ddaa.a
Adri,Macpherson,M,,ebj-gaaa,GUNNISON,CO,,M,N,,e.gd,a.a,,a.a
,,M,,,,WA,jjdeh.a,M,,iaaaa.a,a.a,a.a,,a.a
Suranjan,,M,,dbe-haie,VESTABURG,,,M,,,d.ah,a.a,,
Rabi,Carapuca,M,cai.a,che-gijj,IDAHO FALLS,ID,,M,N,jaaaa.a,h.i,a.a,,a.a
Heekeun,,F,,fdd-djde,,NY,,M,,,e.aeafej,a.a,,
France,,,hfh.a,fgj-gjda,WARFIELD,,cdiij.a,M,,caaaa.a,f.hf,a.a,,
,,F,eed.a,hdc-iidh,BRANDYWINE,,cagbd.a,M,Y,haaaa.a,e.hf,a.a,,
Junghsen,Hirowatar,M,,fed-gcbb,KALTAG,AK,,,N,,a.a,a.a,,a.a
,Alberts,M,,,HONOLULU,HI,jgicf.a,S,N,dfaaa.a,h.deigied,baea.a,a.a,a.a
Fangqing,Cosar,M,jcf.a,,ORINDA,CA,jefgd.a,,N,gfaaa.a,j.d,a.a,,a.a
Yizheng,,M,cah.a,jgj-dgfa,SOUTH WINDHAM,ME,eaic.a,,Y,baaaa.a,e.fifhggd,a.a,,
Shirla,,M,cac.a,bgd-ibbd,WASHINGTON,,cacga.a,M,Y,efaaa.a,j.a,a.a,,
Yunshan,,F,fad.a,,,OR,jhigh.a,M,,caaaa.a,j.a,a.a,,bfj.a
,Pilote,,,hfg-iehd,LITCHVILLE,ND,fiegb.a,,N,gaaaa.a,c.efbcef,ddaa.a,a.a,a.a
,,M,,gja-ddhc,EAST ROCHESTER,,,S,,ifaaa.a,e.eegadgd,a.a,,
Berndt,Vassalos,,dbg.a,ecd-jbjc,DRESDEN,KS,ghgdf.a,M,N,gfaaa.a,g.ef,a.a,,a.a
,,,cac.a,hfc-jhhf,PARCEL RETURN SERVICE,DC,fgjca.a,,Y,haaaa.a,j.a,a.a,,bdha.a
Sashi,,F,,beg-hgff,COAL MOUNTAIN,,,S,Y,,g.f,caaa.a,a.a,
,,F,,hhi-jfdf,HANOVER,,bhddb.a,M,,gfaaa.a,d.ah,a.a,,
Letizia,,F,feb.a,dbe-cdhf,,OR,,M,,,j.a,a.a,,bfj.a
Seiki,,F,jhb.a,bje-giij,,OR,,M,,,j.a,a.a,,a.a
Edwin,Reedy,F,,,LOS ANGELES,CA,jaagb.a,,N,hfaaa.a,j.d,ih.a,a.a,a.a
,,M,,icg-diaf,GARFIELD,KS,,S,Y,baaaaa.a,g.ef,ccfa.a,a.a,ccfa.a
Elihu,,F,,dai-heaj,HARTFORD,CT,gbgh.a,S,Y,efaaa.a,f.a,bchfa.a,a.a,
Ravishankar,,,,gdi-gegi,CROSSVILLE,,difhc.a,M,,haaaa.a,a.a,a.a,,a.a
Serhan,Schoning,,jca.a,cbd-cbfb,,WI,fejfc.a,M,N,baaaa.a,e.gcabff,a.a,,a.a
Lianwen,,,caf.a,dfj-egfe,RANBURNE,,dgchd.a,,Y,baaaa.a,f.a,a.a,,daa.a
Theis,,M,gai.a,fib-fiea,,WI,,M,Y,,f.idgebf,a.a,,eaa.a
Grey,,M,ebd.a,ffg-bicg,MASHPEE,MA,cgej.a,,Y,hfaaa.a,f.d,a.a,,
Jayen,,F,,fij-cghh,,VT,fegf.a,S,,faaaa.a,d.jjjijih,ddaa.a,a.a,
Limor,,F,,,MURRAY,ID,idihe.a,,Y,iaaaa.a,h.i,ddaa.a,a.a,ddaa.a
,Ruamviboonsuk,M,,hhe-giid,HANOVER,,,S,N,jaaaa.a,e.hf,ceaa.a,a.a,
,Grinter,F,,jba-gagi,HAGUE,ND,,S,N,ifaaa.a,c.hebafbc,ddaa.a,a.a,a.a
,Mittra,M,cah.a,jcj-jjbf,PRESQUE ISLE,ME,,,N,,i.f,a.a,,
Krishnaiah,,F,,cgd-jebe,,NJ,,S,Y,,b.e,baaa.a,a.a,
Anoosh,,F,,chd-cbcc,GRANVILLE,,,M,,,d.ah,a.a,,
Carolina,,,ggc.a,ebg-chhh,GREENWOOD,,dijda.a,M,Y,faaaa.a,f.a,a.a,,bfaa.a
Stanley,,F,,cjc-jbfc,,NM,,S,Y,ifaaa.a,f.d,ddaa.a,a.a,ddaa.a
,,F,dac.a,jaa-hjjc,WILMINGTON,,,M,Y,jaaaa.a,f.jf,a.a,,
Ibrahim,,,,gbh-fjij,TIBBIE,,dgfid.a,S,Y,gaaaa.a,f.a,bfaa.a,a.a,daa.a
Song,,F,,edj-jhbc,VESTAL,,bdifb.a,S,,dfaaa.a,e.bfgeacg,a.a,,
Saumya,Kadesch,M,,jei-bbgi,RUSHVILLE,IL,,,N,,d.a,caaa.a,a.a,a.a
Orran,,F,,dbd-bdjd,IDALIA,CO,,S,Y,jfaaa.a,e.gd,a.a,,a.a
,Gazzotti,,,haa-dfeh,JACKSON,,dgfab.a,,N,ffaaa.a,f.a,bfaa.a,a.a,a.a
,Cowen,,eag.a,iag-jijj,KALISPELL,MT,fjjad.a,,N,caaaa.a,g.j,a.a,,a.a
,,M,,ifc-dcfh,,RI,cihi.a,S,,haaaa.a,a.a,a.a,,
Chongjiang,,M,eia.a,fdg-fcej,GRAY MOUNTAIN,AZ,,M,Y,ifaaa.a,e.adcf,a.a,,cdaa.a
,Luukkainen,F,jif.a,hij-efgf,BETHANY,LA,,M,N,,g.a,a.a,,a.a
Kristen,,F,fac.a,ced-dhbb,ARY,,,M,Y,,f.hcccccd,a.a,,ca.a
Jaan,,F,,,,UT,iefdc.a,S,,bfaaa.a,h.a,cehf.a,a.a,a.a
,,M,,jbb-hjgd,NINOLE,HI,,,Y,,i.cf,baea.a,a.a,baea.a
,,M,,hja-cbeg,WAYNE,MI,,S,Y,baaaaa.a,d.j,dbaa.a,a.a,dbaa.a
,Trudel,,dbc.a,ihe-ihaa,FRANKFORT,IL,gaecd.a,M,N,gaaaa.a,d.a,a.a,,a.a
Oris,,,iad.a,cgd-jcdg,SUMMERTON,,cjbei.a,M,,efaaa.a,h.a,a.a,,a.a
Dunren,,F,,efc-ghjb,GRENADA,,,S,Y,baaaaa.a,f.a,gaaa.a,a.a,bfaa.a
,,,,jbd-ebad,RAMSEUR,,chdbg.a,,Y,gaaaa.a,g.jjbcfig,ddaa.a,a.a,
Yaghout,,F,,ced-hadb,MOBILE,,,,Y,,f.a,bfaa.a,a.a,daa.a
,,M,,hbi-deef,,NJ,hehh.a,S,Y,eaaaa.a,b.hbfebgh,baaa.a,a.a,
Zhimin,,,hab.a,fhi-cjii,VELVA,ND,fihja.a,M,Y,baaaa.a,c.b,a.a,,ddaa.a
Heekyoung,,,,jee-jegj,,SD,fhgcf.a,S,,dfaaa.a,a.a,a.a,,a.a
Georgios,Nori,F,,daf-hcie,VOLCANO,HI,,S,N,,i.cf,baea.a,a.a,a.a
,,F,,hgi-hgfj,CLAYPOOL,AZ,,S,Y,jaaaa.a,e.bb,cbaa.a,a.a,cdaa.a
Alfredo,Dosser,,gag.a,fca-fjej,EASTERN,,ebgcc.a,M,N,ffaaa.a,e.iiiiij,a.a,,a.a
,,M,,hga-eagh,CRAIG,AK,,M,Y,,a.a,a.a,,a.a
Corey,,F,,gdg-dbej,,WY,,M,Y,jaaaa.a,a.a,a.a,,a.a
,Habra,F,,ijc-fcjj,,WI,,S,N,,f.ggcggdf,haa.a,a.a,a.a
,,F,,,MAUNALOA,HI,jghha.a,,Y,hfaaa.a,i.cf,baea.a,a.a,baea.a
Jang,,F,gaj.a,bdc-iffe,,NJ,iade.a,M,Y,iaaaa.a,c.degcf,a.a,,
Arding,,,cfg.a,cia-ifcf,ORRVILLE,,dghgh.a,,Y,eaaaa.a,f.a,a.a,,daa.a
,,M,,jdh-ebgi,,WI,,S,Y,,e.gcabff,haa.a,a.a,eaa.a
,,F,,,LOS ALAMITOS,CA,jahcb.a,,Y,hfaaa.a,j.d,ih.a,a.a,chc.a
Lionel,,,ebj.a,cjj-ggfa,DUBLIN,,edabh.a,M,,faaaa.a,c.cafhgjd,a.a,,bdaa.a
Roel,Cenzer,M,,bai-bhhe,KEYSTONE,NE,gjbee.a,,N,baaaa.a,d.jajhajf,bad.a,a.a,a.a
Leonor,Nerson,M,ggc.a,eih-dgib,COFFEEVILLE,,,M,N,,f.a,a.a,,a.a
Teruyuki,Razum,F,cah.a,cij-biia,LINCOLN,ME,eefh.a,,N,efaaa.a,i.f,a.a,,
Karakunakara,Yagiura,,,eih-fejc,THAYER,KS,gghhg.a,S,N,daaaa.a,g.ef,ccfa.a,a.a,a.a
Yogen,,M,,gfb-effj,,VT,faea.a,S,,haaaa.a,e.djhiai,ddaa.a,a.a,
,,M,,,WASILLA,AK,jjgfe.a,M,Y,faaaa.a,a.a,a.a,,a.a
Waldemar,,F,,eba-ddgd,,SD,,S,,ifaaa.a,a.a,a.a,,a.a
Adegbeniga,,F,,dec-dgge,,TX,,M,,,a.a,a.a,,a.a
Lyn,,F,,bhg-igji,KEAAU,HI,,,Y,,h.deigied,baea.a,a.a,baea.a
,,F,,hgh-bfjj,LAURENS,,bdhjg.a,,,gfaaa.a,e.ddabid,a.a,,
Slavian,,M,,bdd-jdde,,VT,,S,,,d.g,ddaa.a,a.a,
Willibald,,F,,,,TX,hiebc.a,S,,ffaaa.a,a.a,a.a,,a.a
,,M,,ibg-jaej,EAST POLAND,ME,,S,Y,,i.f,cifa.a,a.a,
Tianqing,,M,fia.a,dfg-ibef,,OK,,M,,,g.cf,a.a,,baaa.a
Doub,,M,,fia-heca,,RI,cihf.a,S,,hfaaa.a,a.a,a.a,,
,,F,,ida-ihje,CRUM,,,S,Y,baaaaa.a,g.f,caaa.a,a.a,
Richards,,F,,,ALHAMBRA,CA,jbiad.a,S,Y,eaaaa.a,i.jfbdbe,ih.a,a.a,chc.a
,,M,iha.a,ide-ibbb,MARMADUKE,AR,hceed.a,,Y,cfaaa.a,g.bgddi,a.a,,ca.a
,,,,ifa-bghi,HARRISON,,dhdeb.a,M,,faaaa.a,a.a,a.a,,a.a
Rajashekar,Eck,F,cab.a,eaa-hfec,,NJ,hiea.a,M,N,faaaa.a,b.ihdbcf,a.a,,
,,F,,hbh-bcdf,,UT,,S,,,h.a,cehf.a,a.a,a.a
Jonell,,,,gcd-hchf,HUDSON,,deghe.a,S,Y,dfaaa.a,a.a,a.a,,a.a
Sergei,Wischnewsky,F,ghi.a,bgh-cjie,ACWORTH,,,M,N,ifaaa.a,g.a,a.a,,a.a
Kazuhito,Merckt,M,,gbb-dbac,PILOT STATION,AK,,,N,,a.a,a.a,,a.a
Aditya,,,,bch-hdhi,CHARLOTTE,,cicab.a,S,Y,faaa.a,g.a,ddaa.a,a.a,
,,M,,,,WY,icfbf.a,S,Y,hfaaa.a,a.a,a.a,,a.a
Luia,,F,,jhb-iidd,,PR,jbd.a,M,,gaaaa.a,a.a,a.a,,
Carlton,,F,,gfi-gfjh,QUINCY,MA,cbhb.a,,Y,gaaaa.a,f.d,dfhf.a,a.a,
Chokchai,,M,cac.a,bfj-bhfi,WASHINGTON,,,M,Y,,j.a,a.a,,
Xiao,Zastre,,iba.a,gcd-hchb,WESTLAND,MI,eibig.a,M,N,caaaa.a,d.j,a.a,,a.a
Tsukasa,Mercer,M,jeh.a,jeh-iidd,AFTON,MI,,M,N,,d.j,a.a,,a.a
,Kawabata,F,dde.a,hda-fiaf,SELMA,,,,N,,f.a,a.a,,a.a
,Turkedjiev,,ifj.a,ghg-fjfb,OWENTON,,eadfj.a,,N,faaaa.a,e.gbbbbb,a.a,,a.a
Shiyun,,M,,fdi-geag,RANIER,MN,,,Y,,f.fijfjee,ddaa.a,a.a,ddaa.a
,,M,,hid-heif,,TX,,S,,baaaaa.a,a.a,a.a,,a.a
Fabrice,,M,hbe.a,,LONG BEACH,CA,jaiag.a,,Y,eaaaa.a,i.jfbdbe,a.a,,chc.a
Kienchung,,F,iac.a,ebh-igaj,,VT,,M,,,d.iaajee,a.a,,
Paradise,Trinidad,M,,,,WY,icecg.a,M,N,dfaaa.a,a.a,a.a,,a.a
,,M,,ijh-jbag,WALDORF,,,S,Y,,e.hf,ceaa.a,a.a,
Hedwig,,F,gfa.a,fii-bcec,SACRAMENTO,CA,,,Y,,h.hhajcie,a.a,,chc.a
,,F,,idc-gbfd,,WA,,M,Y,,a.a,a.a,,a.a
Sundaresan,,F,,jgi-hdhh,BAILEYVILLE,ME,,S,Y,jfaaa.a,i.f,cifa.a,a.a,
Hugo,,,,eha-fhgf,KINGSTON MINES,IL,gbfdj.a,,Y,daaaa.a,d.a,caaa.a,a.a,caaa.a
Fortune,,M,,egb-fgjg,,OK,,S,,,g.cf,baaa.a,a.a,baaa.a
Kouji,Tiernan,F,,gba-dbij,WASHINGTON,,,S,N,jfaaa.a,j.a,bdha.a,a.a,
Jianjun,,M,cgc.a,cac-jeaf,,WI,,M,Y,,f.afefddf,a.a,,eaa.a
Gerth,,F,,dac-idaf,,PR,,M,,,a.a,a.a,,
Yevgeniy,Ruano,,geb.a,eag-fdee,QUASQUETON,IA,fcdcg.a,,N,faaa.a,a.jdfjie,a.a,,a.a
Sylvia,,M,,ddf-ccif,LEMPSTER,NH,dgaf.a,,Y,faaaa.a,a.a,a.a,,
,Cherief,M,,hee-bica,,NJ,hgga.a,S,N,faaa.a,b.e,baaa.a,a.a,
,Joobbani,F,,ihg-dijg,MEXICO BEACH,,,,N,,a.a,a.a,,a.a
Amer,,F,faf.a,,,NM,ihbhg.a,M,Y,dfaaa.a,f.d,a.a,,ddaa.a
,,,dbe.a,hee-fdbb,FORSYTH,MO,gfgfd.a,M,Y,caaaa.a,g.a,a.a,,bcaa.a
Hamad,,F,,dae-geij,,NY,,M,,,e.dfjbeg,a.a,,
Jinyun,Strothotte,M,,eie-bghi,BURNHAM,ME,,S,N,baaaaa.a,i.f,cifa.a,a.a,
Toyofumi,,,chg.a,ebb-jccd,BIRDSNEST,,cddah.a,M,,haaaa.a,f.hf,a.a,,
Kenan,,M,,dhh-eebf,BUFFALO,,becch.a,S,,cfaaa.a,e.ajiehff,a.a,,
Candy,Schiper,F,,bgg-fbfa,,WY,,S,N,ifaaa.a,a.a,a.a,,a.a
Jianjian,,M,dae.a,ebi-bgah,CRUM,,,M,Y,ifaaa.a,g.f,a.a,,
Leandro,,M,eia.a,,PHOENIX,AZ,ifage.a,,Y,gfaaa.a,d.hccejji,a.a,,cdaa.a
,,M,,ggj-jdaa,DUNBARTON,NH,daeg.a,S,Y,baaaa.a,a.a,a.a,,
Alexandros,,F,,ebe-hieg,,OK,hejeb.a,S,,caaaa.a,g.cf,baaa.a,a.a,a.a
Sherine,Brookner,M,,bii-bchg,,WA,,S,N,jfaaa.a,a.a,a.a,,a.a
Hermann,,,gbc.a,eae-habg,VERMILLION,MN,ffaif.a,M,Y,gaaaa.a,h.efhcfhd,a.a,,ddaa.a
Motoki,,,hhd.a,gbc-hbbe,MORRISONVILLE,IL,gcfeg.a,,Y,dfaaa.a,d.a,a.a,,caaa.a
,Litzler,M,eag.a,gjj-hfji,CHOTEAU,MT,,M,N,,g.j,a.a,,a.a
Atsushi,Boizumault,,gai.a,edh-edbj,,WI,fdffi.a,M,N,daaaa.a,e.jghgfi,a.a,,a.a
Zeger,,F,,bfi-dabf,,PR,,S,,,a.a,a.a,,
Dasu,,F,,chc-hieb,JAMESTOWN,CO,,,Y,,e.gd,a.a,,a.a
Taewoong,,M,eac.a,ejj-efih,PLATTSMOUTH,NE,,,Y,jfaaa.a,g.ie,a.a,,bad.a
,,M,,hef-hifg,NASHVILLE,,,,,,a.a,a.a,,a.a
Erran,Kamiyama,M,,jeh-jfag,PABLO,MT,,,N,,g.j,bjaa.a,a.a,a.a
Pasquale,,F,iac.a,fid-jdaf,,VT,fida.a,M,,faaa.a,d.g,a.a,,
Hongbing,,M,,,LIHUE,HI,jghgg.a,,Y,caaaa.a,e.geehdh,baea.a,a.a,baea.a
Dayanand,Gaitonde,,dbg.a,edb-cbjh,WETMORE,KS,ggffa.a,M,N,hfaaa.a,g.ef,a.a,,a.a
Jordanka,,,,cei-bdhh,DAMASCUS,,cecdg.a,S,,bfaaa.a,f.cbecig,jaa.a,a.a,
Akshay,,M,,bjj-dcba,WASHINGTON,,cafei.a,S,Y,dfaaa.a,j.a,bdha.a,a.a,
,,F,,ieh-ifih,,NY,,M,,jfaaa.a,e.fadjgdf,a.a,,
,Jansch,F,,gii-bdii,SOUTH LYME,CT,,,N,,f.a,bchfa.a,a.a,
Akida,,,ifj.a,eac-hbdj,WRIGLEY,,ebehh.a,M,Y,caaaa.a,c.jeeeeee,a.a,,ca.a
Yiya,Aschim,F,gac.a,,BELLEMONT,AZ,igabf.a,M,N,hfaaa.a,d.ihhf,a.a,,a.a
Prabakar,Wakatani,,dde.a,dji-gjcg,WOODVILLE,,dfhhg.a,M,N,caaaa.a,f.a,a.a,,a.a
,,F,dde.a,hfc-eica,WOODSTOCK,,,M,Y,jfaaa.a,f.a,a.a,,daa.a
Maristella,Kalashnikov,F,hhe.a,dbf-ddjg,WORCESTER,MA,,M,N,,f.d,a.a,,
,Schuller,M,gbh.a,ggc-feie,FORESTDALE,MA,cgee.a,M,N,daaaa.a,f.d,a.a,,
Kaichang,,F,,,,TX,hibdd.a,S,,haaaa.a,a.a,a.a,,a.a
,,M,,,,WY,idaab.a,S,Y,haaaa.a,a.a,a.a,,a.a
Aad,,M,,ebc-ifif,,SD,,M,,,a.a,a.a,,a.a
,Kreuer,F,,gie-bacb,MONMOUTH,ME,,,N,,i.f,cifa.a,a.a,
Assar,,,,jhf-feif,JEREMIAH,,ebicg.a,,Y,baaaa.a,c.diiiiii,ca.a,a.a,ca.a
,,F,cah.a,hgh-cbjg,SHAPLEIGH,ME,,,Y,,i.f,a.a,,
,,M,,iec-iehd,NEMAHA,NE,,,Y,,d.acbheci,bad.a,a.a,bad.a
,,F,fia.a,gjb-gfhh,,OK,,M,,,g.cf,a.a,,baaa.a
Yiftach,,F,,,KAUMAKANI,HI,jgheh.a,,Y,faaaa.a,i.cf,baea.a,a.a,baea.a
,,M,,ggh-jicd,STEELE,,,,Y,,f.a,bfaa.a,a.a,daa.a
,,M,,ihc-ddba,,SD,,S,,,a.a,a.a,,a.a
Omer,Ishak,M,,edc-edie,WASHINGTON,,,S,N,,e.f,bdha.a,a.a,
,,F,,hgi-gjga,SAINT LOUIS,MO,,,Y,,g.a,cbaa.a,a.a,bcaa.a
Kerryn,,F,,efg-gcec,,RI,cjag.a,S,,gfaaa.a,a.a,a.a,,
Yuk,,F,,eba-hgec,,PR,gic.a,M,,efaaa.a,a.a,a.a,,a.a
Ammei,,M,,gfa-bfjc,,PR,,S,,jfaaa.a,a.a,a.a,,
Rajagopalan,Ishii,M,ieh.a,cfc-dbba,SUMNER,IL,,M,N,,d.a,a.a,,a.a
,Smitley,,,hda-hdab,CUSTER,MT,fjace.a,S,N,dfaaa.a,g.j,bjaa.a,a.a,a.a
Mahadevamurty,Boudaillier,F,dfb.a,bba-eige,HOUSATONIC,MA,,M,N,ifaaa.a,f.d,a.a,,
Josiah,,M,dae.a,jia-gcdh,RIO,,,,Y,,g.f,a.a,,
,,,eag.a,icd-ghgf,HOMESTEAD,MT,fjcec.a,M,Y,hfaaa.a,g.j,a.a,,bjaa.a
Ammar,Kasahara,M,jbc.a,eii-bafe,CUTHBERT,,,M,N,,g.a,a.a,,a.a
Avra,,,,gdh-hdbg,CASAR,,ciaca.a,S,Y,daaaa.a,g.dgbiii,ddaa.a,a.a,
,,F,,jbi-dcac,ROSE HILL,IA,,,Y,jaaaa.a,i.ji,ea.a,a.a,ea.a
Weisong,Belanger,M,ici.a,fed-jabb,EVERETTS,,,M,N,jfaaa.a,h.hcffcee,a.a,,
Myra,,F,,dde-hfia,,RI,,M,,,a.a,a.a,,
,,F,,,,WA,jibeg.a,S,Y,gfaaa.a,a.a,a.a,,a.a
Suvo,,M,,,,WY,icfbg.a,M,Y,baaaa.a,a.a,a.a,,a.a
Almira,,M,cai.a,gca-bigj,HOWE,ID,,M,Y,,h.i,a.a,,ddaa.a
,,F,,,,WY,icafd.a,S,Y,efaaa.a,a.a,a.a,,a.a
Sudharsan,,M,,deb-ieah,,NY,,S,,,e.cbedcjc,a.a,,
Andishe,,,,jha-fheb,GOLDEN EAGLE,IL,gcadg.a,S,Y,gfaaa.a,d.a,caaa.a,a.a,caaa.a
Nariankadu,,F,,,,NV,ijecf.a,M,,faaaa.a,a.a,a.a,,a.a
Ung,,M,,,HOMER,AK,jjgad.a,S,Y,daaaa.a,a.a,a.a,,a.a
,,,,ibe-hdgh,WALKERTON,,egfhe.a,S,Y,eaaaa.a,d.e,baaa.a,a.a,baaa.a
,,,,idh-jgdi,TERRA CEIA,,decfa.a,M,Y,caaaa.a,a.a,a.a,,a.a
Jaedong,,M,,,TULUKSAK,AK,jjghj.a,S,Y,daaaa.a,a.a,a.a,,a.a
Yudell,,M,ehj.a,fej-efib,OAKLAND,AR,,,Y,,h.a,a.a,,ca.a
,,,fbf.a,ici-gjdg,MAPLETON,IA,fbade.a,,Y,gfaaa.a,i.ji,a.a,,ea.a
Rae,,,,edh-ceeg,BUFFALO VALLEY,,difei.a,S,,bfaaa.a,a.a,a.a,,a.a
Gritta,Plesow,F,eag.a,dgi-gjhd,WYOLA,MT,,M,N,jaaaa.a,g.j,a.a,,a.a
Giao,Roussou,M,,,,WY,icafj.a,M,N,faaaa.a,a.a,a.a,,a.a
,Schilz,F,,iij-bbge,TREYNOR,IA,,S,N,jfaaa.a,i.ji,ea.a,a.a,a.a
Nori,,F,,jjj-ehbj,TACONIC,CT,,S,Y,jfaaa.a,f.a,bchfa.a,a.a,
,,,,hic-baha,BOYNTON BEACH,,ddehd.a,S,Y,faaa.a,a.a,a.a,,a.a
Gleb,,M,ifg.a,jif-diac,,NJ,hjef.a,M,Y,haaaa.a,c.biifebh,a.a,,
Phyllis,,M,,dfh-eibf,NORMAL,,,,Y,,f.a,bfaa.a,a.a,daa.a
Niel,,M,,fad-iebf,LUDLOW,CA,,,Y,,j.d,ih.a,a.a,chc.a
Moninder,,,dbg.a,gbd-habg,OLMITZ,KS,ghfge.a,,Y,haaaa.a,g.ef,a.a,,ccfa.a
,,,,jbf-jjfj,PENNVILLE,IN,ehdgj.a,,Y,gaaaa.a,d.e,baaa.a,a.a,baaa.a
,,F,,idi-dcci,CALVIN,LA,hbeba.a,S,Y,hfaaa.a,g.a,efaa.a,a.a,baaa.a
,Weedman,F,,jci-dhce,RED WING,MN,,,N,jfaaa.a,h.if,ddaa.a,a.a,a.a
Helmut,Flagella,,,bfd-gjdb,FRANKLINTON,,chfcf.a,S,N,gfaaa.a,h.ajgbfdh,ddaa.a,a.a,
Deekap,,M,,bdd-jfcg,,TX,,M,,,a.a,a.a,,a.a
Hardeep,,,,bjj-djbf,ATLANTA,,dbbjg.a,S,Y,hfaaa.a,g.a,chaa.a,a.a,daaa.a
,Ryslinkova,F,,iia-edhg,SAINT GEORGES,,bjhdd.a,,N,ffaaa.a,f.gajajb,bba.a,a.a,
Alok,Kurfess,F,,bgj-dgcf,DOVER,,,S,N,,a.a,a.a,,a.a
Marten,,F,,dgb-ghjj,COLORADO SPRINGS,CO,,M,Y,ifaaa.a,e.gd,a.a,,a.a
,,M,,idg-cgdg,,TX,,M,,,a.a,a.a,,a.a
Conal,Ferneley,F,gcd.a,,WILLCOX,AZ,ifgee.a,M,N,caaaa.a,d.acejjjj,a.a,,a.a
Na'el,,F,,ddi-iicj,WASHINGTON,,,S,Y,baaaaa.a,j.a,bdha.a,a.a,
Hidehiko,,,dae.a,gfj-hgcg,CYCLONE,,ceich.a,M,Y,caaaa.a,d.h,a.a,,
Eike,,M,,eei-jeaa,OLD ORCHARD BEACH,ME,,,Y,,i.f,cifa.a,a.a,
Duanning,,F,,dge-cdef,ROCKFORD,,,,,baaaaa.a,a.a,a.a,,a.a
Baoquan,,M,ddh.a,bhi-eaai,MOREAUVILLE,LA,hbdff.a,,Y,baaaa.a,c.a,a.a,,baaa.a
Adegbemiga,Rijckaert,,ifj.a,bbb-bjbj,VANCLEVE,,ebdif.a,M,N,daaaa.a,d.f,a.a,,a.a
,,F,ieh.a,ggj-ibcj,PATOKA,IL,,,Y,jaaaa.a,d.a,a.a,,caaa.a
,,,,iji-dbha,PARADISE,MT,fjifg.a,,Y,caaaa.a,g.j,bjaa.a,a.a,bjaa.a
,,,,hej-hfgf,WEST PALM BEACH,,ddeae.a,S,Y,baaaa.a,a.a,a.a,,a.a
,,F,,ibg-cfje,SOUTH SOLON,,,,,,b.febihbi,bdaa.a,a.a,a.a
Panagiotis,,,cbh.a,dbd-hdjg,CAMPBELL HILL,IL,gcjbg.a,M,Y,gfaaa.a,d.a,a.a,,caaa.a
Tiko,Hallet,F,cai.a,fcj-gjjf,AVERY,ID,,M,N,,h.i,a.a,,a.a
,,F,cah.a,hfh-bdfi,PERHAM,ME,ehgg.a,,Y,iaaaa.a,i.f,a.a,,
Stanford,,F,,eai-bjgg,,OK,hejef.a,S,,faaaa.a,g.cf,baaa.a,a.a,a.a
,Holand,F,dae.a,iab-dfad,BORDERLAND,,,M,N,,f.baaaaae,a.a,,
Deoraj,,F,cah.a,did-fhif,CORNISH,ME,,M,Y,,i.f,a.a,,
,,M,,heg-dbjh,CUTTYHUNK,MA,,S,Y,,f.d,dfhf.a,a.a,
,,F,,hea-gjaj,,WY,,S,Y,jaaaa.a,a.a,a.a,,a.a
Lamott,Kulasinghe,M,,dgh-difc,OPHEIM,MT,,,N,,g.j,bjaa.a,a.a,a.a
Cormac,,,,bda-ecdd,CHUNKY,,djdcd.a,S,Y,faaa.a,d.a,gaaa.a,a.a,bfaa.a
Fangzhen,,,,jgd-ihce,RICHMOND,,edjee.a,,,faaaa.a,c.cafhgjd,bdaa.a,a.a,bdaa.a
Neila,,F,iaf.a,,LOS ANGELES,CA,jaajd.a,,Y,faaaa.a,j.d,a.a,,chc.a
Faye,Poor,F,,,DENVER,CO,iacdg.a,M,N,eaaaa.a,e.gd,a.a,,a.a
,,,dae.a,ica-ebbj,LERONA,,cfjhb.a,,Y,cfaaa.a,e.af,a.a,,
Wook,Partsch,F,,fec-ibaa,PEMAQUID,ME,effi.a,,N,ffaaa.a,i.f,cifa.a,a.a,
,,F,,,,TX,hfeeg.a,S,,faaa.a,a.a,a.a,,a.a
,Carchiolo,,,ijj-jigg,ALBANY,,dbhcb.a,S,N,eaaaa.a,g.a,chaa.a,a.a,a.a
,,F,,,,NM,iiedf.a,S,Y,eaaaa.a,f.d,ddaa.a,a.a,ddaa.a
Junguk,,F,cad.a,gaa-dchb,EAST HARTFORD,CT,,M,Y,jfaaa.a,f.a,a.a,,
Santi,Gumm,F,iai.a,,KEKAHA,HI,jghfc.a,,N,iaaaa.a,i.cf,a.a,,a.a
,,F,,ibi-ejcd,TWIN VALLEY,MN,,S,Y,baaaaa.a,h.if,ddaa.a,a.a,ddaa.a
,,,iad.a,ibf-cjeh,FLORENCE,,cjfad.a,M,,dfaaa.a,h.a,a.a,,ddaa.a
,,,,hcc-jbgh,,SD,fhbag.a,M,,caaaa.a,a.a,a.a,,a.a
,,F,edf.a,,,UT,ieajh.a,M,,gfaaa.a,h.a,a.a,,cehf.a
Meltem,,M,,,,TX,hgefe.a,S,,baaaa.a,a.a,a.a,,a.a
Shigenori,Hofer,F,,bej-bbid,PINE LEVEL,,,,N,,f.a,bfaa.a,a.a,a.a
,,,hab.a,iic-fabe,EMERADO,ND,ficci.a,M,Y,baaaa.a,c.b,a.a,,ddaa.a
Bahaa,,,,cfj-decj,BUD,,cehbg.a,S,Y,daaaa.a,e.e,caaa.a,a.a,
,,,,iic-eaih,ROANOKE,,ceaaf.a,,,haaaa.a,f.hf,jaa.a,a.a,
,,,,jbb-cgcd,,SD,fhcbg.a,M,,baaaa.a,a.a,a.a,,a.a
,,M,,ggd-bggj,GLENVILLE,,bhdcj.a,M,,efaaa.a,d.ah,a.a,,
Llorenc,Mansanne,M,caf.a,bgg-feab,SOMERVILLE,,,,N,,f.a,a.a,,a.a
Chris,Kavraki,M,,jeh-cddi,WAKE FOREST,,,S,N,,h.hcffcee,ddaa.a,a.a,
,,,,idd-biae,ANAMOOSE,ND,fihba.a,S,Y,dfaaa.a,c.bgbedj,ddaa.a,a.a,ddaa.a
Jungho,,F,edf.a,,,UT,ieagd.a,M,,eaaaa.a,h.a,a.a,,cehf.a
Phoebe,Ehrenfeucht,F,,,GRAND LAKE,CO,iaeeh.a,S,N,eaaaa.a,e.gd,a.a,,a.a
,Roussel,M,fab.a,iaj-jbcf,OMAHA,AR,hcggc.a,,N,efaaa.a,h.a,a.a,,a.a
,Gaches,,,hia-eaid,WARSAW,,ebajf.a,S,N,efaaa.a,e.dddddd,ca.a,a.a,a.a
,,,,iia-ieha,CAPE GIRARDEAU,MO,gdhac.a,S,Y,faaaa.a,g.a,cbaa.a,a.a,bcaa.a
Cezary,Poulter,,cfg.a,gcb-efcc,DORA,,dfagc.a,M,N,baaaa.a,f.a,a.a,,a.a
Aelmut,Ede,F,fbf.a,bfe-fgfa,ELBERON,IA,,M,N,jfaaa.a,i.ji,a.a,,a.a
Gueesang,,F,,gcj-jidh,DRIGGS,ID,,S,Y,baaaaa.a,h.i,ddaa.a,a.a,ddaa.a
Hsi,,F,,jgi-daic,TAFTVILLE,CT,gdia.a,S,Y,bfaaa.a,f.a,bchfa.a,a.a,
Jie,Balder,,eag.a,jgg-eeji,GRANTSDALE,MT,fjidf.a,M,N,hfaaa.a,g.j,a.a,,a.a
Cormac,,F,,,BLAIRSDEN-GRAEAGLE,CA,jgbad.a,S,Y,bfaaa.a,d.aejdiff,,a.a,chc.a
,,F,,hgc-feah,,UT,,S,,jfaaa.a,h.a,cehf.a,a.a,cehf.a
Eugeniusz,,F,,gad-jiji,ORELAND,,,,,,d.ah,a.a,,
Bradd,,M,,,,NV,ijbaj.a,S,,cfaaa.a,a.a,a.a,,a.a
,Bleumer,F,eag.a,ghi-ddbe,KEVIN,MT,,,N,jaaaa.a,g.j,a.a,,a.a
Sajid,,F,,fhh-fifa,HANALEI,HI,,S,Y,,i.cf,baea.a,a.a,baea.a
,,F,dae.a,hci-gdad,CHARLESTON,,,M,Y,,g.bejjjjg,a.a,,
Vladik,,F,,dbf-jhag,COGGON,IA,,S,Y,,a.jdfjie,ea.a,a.a,ea.a
,,F,gbh.a,jab-jeac,SCITUATE,MA,cagg.a,,Y,faaaa.a,f.d,a.a,,
Liz,Braine,,,bgg-chbe,ALABASTER,,dfaah.a,S,N,gfaaa.a,f.a,bfaa.a,a.a,a.a
Detlev,Eskicioglu,M,,dff-gfih,EPPING,NH,daec.a,S,N,bfaaa.a,a.a,a.a,,
,,F,,,,NV,ijfha.a,M,,gaaaa.a,a.a,a.a,,a.a
Hidetaka,Usui,M,cac.a,cib-caej,WASHINGTON,,,M,N,ifaaa.a,j.a,a.a,,
Eugenio,,,,fca-hbfd,,WI,fdffi.a,S,Y,eaaaa.a,f.bebeaje,haa.a,a.a,eaa.a
Lynnau,Dehdashti,,cha.a,djf-cigi,ROCKHOLDS,,eahfj.a,,N,daaaa.a,d.f,a.a,,a.a
Dang,,F,,che-hjfc,FLEETWOOD,,,M,,ifaaa.a,d.ah,a.a,,
Jangsu,,F,,cja-dbee,,VT,,S,,ifaaa.a,e.gjgce,ddaa.a,a.a,
Yassine,,F,,bdi-gjcf,,RI,cida.a,M,,caaaa.a,a.a,a.a,,
Gurushankar,,,fah.a,dhf-djgj,LANESBORO,MN,ffjej.a,,Y,caaaa.a,f.df,a.a,,ddaa.a
Grahame,Amo,,gca.a,cdh-bfgc,MACKSVILLE,KS,ghffh.a,,N,efaaa.a,g.ef,a.a,,a.a
,Rehof,,,hch-ebhj,SUNFLOWER,,dihhi.a,S,N,dfaaa.a,f.a,gaaa.a,a.a,a.a
,Duncan,M,,,EKWOK,AK,jjfia.a,M,N,hfaaa.a,a.a,a.a,,a.a
Nigel,,F,,cbb-beii,WRANGELL,AK,,M,Y,,a.a,a.a,,a.a
Yoonsuck,,F,,fhc-bgii,PROSPECT,,,,,jaaaa.a,a.a,a.a,,a.a
Rik,Edagawa,F,cad.a,cha-giic,HARTFORD,CT,,M,N,jaaaa.a,f.a,a.a,,
Lucja,Stochik,M,cah.a,efj-gecg,BENEDICTA,ME,ehdd.a,M,N,efaaa.a,i.f,a.a,,
Nobo,Chilenski,,,cjj-cddc,MONTGOMERY,,dgbba.a,,N,bfaaa.a,f.a,bfaa.a,a.a,a.a
Reijo,Rosis,,hbc.a,eeg-bihc,GARBER,IA,fcaei.a,M,N,caaaa.a,d.cfbgfch,a.a,,a.a
Kieran,Petre,M,,,HONOLULU,HI,jgibd.a,S,N,cfaaa.a,f.fegafd,baea.a,a.a,a.a
,,F,,icf-jbbi,,VT,fhhe.a,S,,faaa.a,d.g,ddaa.a,a.a,
Tsunehiro,,,fgh.a,cja-bjad,MOGADORE,,eecga.a,,,faaa.a,a.hbc,a.a,,bdaa.a
Fakher,,F,iai.a,,HANA,HI,jghbd.a,M,Y,hfaaa.a,i.cf,a.a,,baea.a
Atsuo,McKinney,M,cgc.a,bfh-gfhf,,WI,,M,N,,e.iiahic,a.a,,a.a
,,,,iaa-hgia,,SD,fhgab.a,M,,eaaaa.a,a.a,a.a,,a.a
,,,,hha-efdg,GAFFNEY,,cjdea.a,S,,dfaaa.a,h.a,ddaa.a,a.a,ddaa.a
Alassane,,F,,efg-cgej,DYERSBURG,,,S,,,a.a,a.a,,a.a
Innes,,M,,bda-eief,PURCELLVILLE,,,,,,f.hf,jaa.a,a.a,
Johanne,Chu,,,cbi-jfae,SAINT LOUIS,MI,eiiia.a,,N,cfaaa.a,d.j,dbaa.a,a.a,a.a
,Hapanyengwi,M,,ifc-cjdh,LITTLE CREEK,,,,N,,c.c,bba.a,a.a,
Seungwang,,F,,cch-ffbh,MARKLEYSBURG,,bfefj.a,,,iaaaa.a,d.ah,a.a,,
Fox,,,,eei-ddce,CRAWFORD,,diffe.a,M,,hfaaa.a,a.a,a.a,,a.a
Troy,,F,,fci-dafa,,PR,,M,,,a.a,a.a,,a.a
,Wittlich,,dde.a,hca-ecjd,SLOCOMB,,dgdhf.a,,N,baaaa.a,f.a,a.a,,a.a
,,M,,hee-fcgb,WINDHAM,CT,,S,Y,ifaaa.a,f.a,bchfa.a,a.a,
Roseli,,M,,bjc-ijcg,,OR,,S,,,j.a,bfj.a,a.a,a.a
Pallavi,,M,,djh-igeg,,RI,cibe.a,M,,faaaa.a,a.a,a.a,,
,,F,,gig-dbfd,,TX,,S,,,a.a,a.a,,a.a
,,,,idh-dcjf,BISMARCK,ND,fifad.a,S,Y,daaaa.a,c.badehhf,ddaa.a,a.a,ddaa.a
Vishal,Marchegay,F,cci.a,bje-gefj,GORE SPRINGS,,,M,N,,f.a,a.a,,a.a
Yassine,,F,,dde-bcae,,RI,,M,,,a.a,a.a,,
Marianthi,,M,,gaf-daad,,NY,,S,,,e.a,a.a,,
TakaHide,,M,,,,TX,hfhga.a,S,,faaaa.a,a.a,a.a,,a.a
Pierangelo,,M,gda.a,jfe-hfbc,DECATUR,IL,,M,Y,,d.a,a.a,,caaa.a
Onno,,M,,bdj-gdai,TOPAZ,CA,,S,Y,ifaaa.a,j.d,ih.a,a.a,chc.a
,Kamp,F,ifj.a,jcf-dcdg,LOUISVILLE,,,,N,,g.a,a.a,,a.a
,Hofmeyr,M,hgj.a,jci-dbig,PERKINSTON,,,,N,,f.a,a.a,,a.a
,,M,,jai-febi,NEW GALILEE,,bgbeb.a,,,bfaaa.a,d.ah,a.a,,
Nevin,,,,bff-fjaj,SOUTHSIDE,,dhbhb.a,,,faaa.a,a.a,a.a,,a.a
Kangwoo,Luiz,F,,bbg-ffgg,COILA,,,S,N,,f.a,gaaa.a,a.a,a.a
Rafal,,F,,djb-efeg,EAST HARTFORD,CT,,S,Y,,f.a,bchfa.a,a.a,
Fabio,,F,,bga-ggea,,OK,hejga.a,S,,,g.cf,baaa.a,a.a,baaa.a
Massayuki,,F,dac.a,cjc-hgda,REHOBOTH BEACH,,bjjhb.a,,Y,bfaaa.a,c.iibibid,a.a,,
,,F,,ifc-dihg,MOUNT VERNON,ME,edfc.a,,Y,,i.f,cifa.a,a.a,
Channing,Aoreira,F,,bed-hbib,GLEN BURNIE,,cbagb.a,S,N,eaaaa.a,e.hf,ceaa.a,a.a,
Sajal,,F,,jhg-dcba,WASHINGTON,,cacbi.a,S,Y,,j.a,bdha.a,a.a,
Birol,,M,,dcc-jgec,,PR,jig.a,M,,,a.a,a.a,,
Yuqun,Dawood,,ebh.a,cch-hcid,SAINT JOSEPH,MO,gefac.a,,N,ffaaa.a,g.a,a.a,,a.a
Atef,Geisler,,,fci-dgie,GARFIELD,KS,ghfcj.a,S,N,faaa.a,d.f,ccfa.a,a.a,a.a
Zigmantas,,,,gce-geac,PEERLESS,MT,fjcfd.a,,Y,faaa.a,c.dhdchfi,bjaa.a,a.a,bjaa.a
Starr,Harloff,,dae.a,dba-cafg,JUNIOR,,cgchf.a,,N,,f.ef,a.a,,
Klemens,,M,,,,NV,ijbfb.a,S,,,a.a,a.a,,a.a
Garret,,M,,,,TX,hfhai.a,S,,ffaaa.a,a.a,a.a,,a.a
Habiba,,F,hab.a,egh-eahi,WYNDMERE,ND,,M,Y,ifaaa.a,c.hebafbc,a.a,,ddaa.a
,,,,hfc-hied,BALLENTINE,,cjaac.a,S,,baaaa.a,f.hfcedc,ddaa.a,a.a,a.a
,,M,dbi.a,hdd-eiji,CARENCRO,LA,hafca.a,M,Y,haaaa.a,g.a,a.a,,baaa.a
Azriel,,M,,beb-egjf,PORTSMOUTH,NH,diab.a,,Y,,a.a,a.a,,
,,,hag.a,hhh-fijj,COLUMBUS,,dbjji.a,M,Y,hfaaa.a,g.a,a.a,,daaa.a
Diann,Viire,M,,dbc-cddf,KAPAA,HI,,,N,iaaaa.a,i.cf,baea.a,a.a,a.a
Rongheng,,,jca.a,gcf-jcjj,,WI,febad.a,M,Y,,f.idgebf,a.a,,eaa.a
,,M,,iie-hiac,,RI,cieb.a,S,,hfaaa.a,a.a,a.a,,
Bhaskaram,,M,,cef-jegd,RANSOM,,bigfd.a,,,,d.ah,a.a,,
Mathis,Brancadori,,cci.a,fai-jhcb,SONTAG,,djggf.a,,N,eaaaa.a,f.a,a.a,,a.a
Nich,,M,jbi.a,dcc-bchi,,OK,hdeib.a,M,,caaaa.a,g.cf,a.a,,a.a
Gift,Tramer,F,fab.a,cch-hghc,EL DORADO,AR,hbhgi.a,M,N,cfaaa.a,g.bgddi,a.a,,a.a
Siegbert,Weerasinghe,M,iga.a,jid-jcfa,SALEM,CT,geca.a,,N,faaaa.a,f.a,a.a,,
Asha,,,,caf-jdia,JEFFERSON CITY,,dhhga.a,,,,a.a,a.a,,a.a
Vasiliy,,,eac.a,fgg-jajd,PILGER,NE,gihgi.a,,Y,,e.hjhghgg,a.a,,bad.a
,,M,,,,UT,iebbi.a,S,,cfaaa.a,h.a,cehf.a,a.a,a.a
,,F,,,,UT,ieeaf.a,S,,gfaaa.a,h.a,cehf.a,a.a,a.a
Shiwa,Susaki,F,,gad-iide,DE QUEEN,AR,hbidc.a,S,N,daaaa.a,h.a,ca.a,a.a,a.a
Qutaibah,Godsey,M,,cfe-jach,FISH HAVEN,ID,,S,N,jaaaa.a,h.i,ddaa.a,a.a,a.a
Spencer,,F,,gbf-ebfb,,PR,hdf.a,S,,,a.a,a.a,,
Sherif,Dew,M,,ejf-dbei,BOLES,AR,hcjcg.a,S,N,gfaaa.a,h.a,ca.a,a.a,a.a
Kaj,,,,djc-hhah,LAWRENCE,,djddg.a,,Y,faaaa.a,f.a,gaaa.a,a.a,bfaa.a
Chandana,Azagury,,fbh.a,gaj-hicj,MILFORD,MI,eidia.a,,N,cfaaa.a,d.j,a.a,,a.a
Vitit,,,,gch-deji,OTTAWA,,cfbej.a,,Y,baaaa.a,d.a,caaa.a,a.a,
Cord,Kirchgaassner,M,,,HAIKU,HI,jghai.a,S,N,,i.cf,baea.a,a.a,a.a
Suresh,,F,iac.a,eha-giji,,VT,fcga.a,M,,,e.fjghgch,a.a,,
Mihnea,,M,iac.a,dca-heda,,VT,faab.a,M,,baaaa.a,d.g,a.a,,
,Loffredo,,,hdb-bhfj,SOURIS,ND,fihid.a,,N,,c.djdcidi,ddaa.a,a.a,a.a
Yim,,F,,,,OR,jhidi.a,S,,efaaa.a,j.a,bfj.a,a.a,bfj.a
,,M,,hdh-gbdj,,NY,bachh.a,S,,faaaa.a,e.cedcjd,a.a,,
Anssi,,,,jfa-edbh,AUSTIN,,ecbcd.a,S,Y,,d.ccccccd,ca.a,a.a,ca.a
Guiseppe,Martschew,,eag.a,daj-edch,SAINT IGNATIUS,MT,fjigf.a,,N,,g.j,a.a,,a.a
Thies,Kubitz,,,bbh-cgji,MARIETTA,,daage.a,,N,,g.a,chaa.a,a.a,a.a
Atro,,,,gae-djff,SOUTHERN PINES,,cidih.a,,Y,,h.dafjee,ddaa.a,a.a,
Vaduvur,,,jeh.a,ead-dagi,BALDWIN,MI,ejdae.a,M,Y,,d.j,a.a,,dbaa.a
,Lumsden,M,,,,NM,ihbab.a,S,N,,d.cecifhc,ddaa.a,a.a,a.a
,,,ede.a,hfc-chei,FLOYD,,ceajb.a,M,,,f.hf,a.a,,
Sjaak,,F,,cbj-haca,LORTON,,,,,baaaaa.a,f.hf,jaa.a,a.a,
,,F,faf.a,,,NM,ihdch.a,M,Y,faaa.a,b.h,a.a,,ddaa.a
Simona,,M,,bdh-hieh,,WA,,M,Y,jaaaa.a,a.a,a.a,,a.a
Lucian,,M,ede.a,fhj-iibf,WICOMICO CHURCH,,ccfhj.a,M,,ffaaa.a,f.hf,a.a,,
Diogenes,,,,gec-eiej,STARKWEATHER,ND,fidhh.a,,Y,,c.fghbghf,ddaa.a,a.a,ddaa.a
,,M,,ggi-jbia,WATSON,AR,hbghe.a,S,Y,baaaa.a,c.fhhigfe,ca.a,a.a,ca.a
Fadila,Massotte,,gag.a,ehd-gaah,LEXINGTON,,eafbd.a,,N,,f.eeeeeeh,a.a,,a.a
Myungwhan,Commoner,F,,,,WY,icfca.a,S,N,ffaaa.a,a.a,a.a,,a.a
Prabhaker,McGranaghan,,gab.a,jej-iedd,LOUIN,,djddi.a,,N,,f.a,a.a,,a.a
Hongying,Stollon,F,cac.a,chj-hgha,WASHINGTON,,cadbh.a,M,N,dfaaa.a,j.a,a.a,,
Goffredo,,F,,,,OR,jhafe.a,S,,,j.a,bfj.a,a.a,a.a
,,M,iae.a,iae-djeb,SHENANDOAH,,cciej.a,,,,f.hf,a.a,,
Hiyan,Marakhovsky,F,,gdi-ejjh,MC RAE,AR,hcbac.a,,N,,h.a,ca.a,a.a,a.a
Vishesh,,M,cah.a,dfb-biic,RANDOLPH,ME,edeg.a,,Y,daaaa.a,i.f,a.a,,
Caolyn,,M,,fhf-bgif,,RI,ciai.a,M,,,a.a,a.a,,
Shail,Schaub,M,,fec-igce,ALICIA,AR,hceba.a,S,N,hfaaa.a,h.a,ca.a,a.a,a.a
,,F,,,WASILLA,AK,jjgih.a,S,Y,daaaa.a,a.a,a.a,,a.a
Joon,Kober,F,,,WAIALUA,HI,jghjb.a,S,N,,i.cf,baea.a,a.a,a.a
,Graf,F,,hia-gdbe,DELMAR,,cbihf.a,S,N,daaaa.a,e.hf,ceaa.a,a.a,
Elli,,M,,,KLAWOCK,AK,jjjcf.a,,Y,baaaa.a,a.a,a.a,,a.a
,,,,igc-hfib,MINDEN,NE,gijfj.a,,Y,dfaaa.a,g.ie,bad.a,a.a,bad.a
Ekaterina,,F,cac.a,edh-cdfa,WASHINGTON,,caffj.a,M,Y,,g.hf,a.a,,
Kalyanmoy,,,,fba-ijfe,,SD,fheef.a,M,,faaa.a,a.a,a.a,,a.a
,Kuemmerle,F,,idh-efda,QUINCY,MA,ccgj.a,,N,,f.d,dfhf.a,a.a,
Feniosky,,M,,,KILAUEA,HI,jghfe.a,,Y,baaaa.a,c.iecbafe,baea.a,a.a,baea.a
Jonny,,,,gfi-hace,NASHVILLE,,dhcdg.a,,,,a.a,a.a,,a.a
Olov,,,,jff-jagc,PIKEVILLE,,dhdgh.a,,,,a.a,a.a,,a.a
Bezalel,,M,,cdc-ehdh,,NY,bagad.a,M,,daaaa.a,e.bchedj,a.a,,
Siyi,,,,dgc-fech,,WI,fdaje.a,S,Y,caaaa.a,e.hjdjagh,haa.a,a.a,eaa.a
Lynn,Rieffel,M,fab.a,eie-ijac,PEARCY,AR,hbjge.a,,N,bfaaa.a,d.hhdadh,a.a,,a.a
Kerhong,,F,,bad-cdjb,QUINCY,MA,cbha.a,,Y,gaaaa.a,f.d,dfhf.a,a.a,
Yiannakis,Grieser,F,,eec-ciac,CORAL GABLES,,,S,N,baaaaa.a,a.a,a.a,,a.a
,,F,iga.a,hif-chjg,HARTFORD,CT,gbcd.a,M,Y,dfaaa.a,f.a,a.a,,
Nathalie,Coray,M,,ddi-jaja,,NJ,iagf.a,S,N,bfaaa.a,b.e,baaa.a,a.a,
,,M,,iii-jbbg,,RI,cicj.a,S,,,a.a,a.a,,
,Nitta,F,,iie-eiba,HUDSON,ME,eeej.a,S,N,,i.f,cifa.a,a.a,
,,F,,,,NV,ijejg.a,S,,efaaa.a,a.a,a.a,,a.a
,,F,,ihf-dafc,LIMINGTON,ME,eaej.a,,Y,faaa.a,c.cbdfadg,cifa.a,a.a,
Benno,,F,,cif-hedd,,RI,cici.a,M,,gfaaa.a,a.a,a.a,,
Bishnu,,,,gbe-ciaj,GERMANTOWN,,dibid.a,M,,,a.a,a.a,,a.a
Jop,,M,,bdg-gehi,UPPERSTRASBURG,,bhcgf.a,M,,,d.ah,a.a,,
,,F,,,HONOLULU,HI,jgiee.a,S,Y,baaaa.a,c.iecbafe,baea.a,a.a,baea.a
Solomon,,,,cdf-dfch,HIXSON,,dhded.a,M,,iaaaa.a,a.a,a.a,,a.a
Andris,Hadfield,,,bea-edci,HUNTINGTON,,cfhbj.a,S,N,,g.f,caaa.a,a.a,
Plamen,Muldowney,M,cah.a,fdd-ifia,LEWISTON,ME,eced.a,,N,,e.fifhggd,a.a,,
Sylvanus,Thimbleby,F,,,MEAD,CO,iafec.a,,N,faaaa.a,e.gd,a.a,,a.a
Quan,Dutta,F,,ecc-fafd,KANSAS CITY,MO,,,N,jfaaa.a,g.a,cbaa.a,a.a,a.a
Azuma,Devries,M,cfc.a,gbb-dfii,HASSELL,,,M,N,baaaaa.a,h.idaebjf,a.a,,
Weihai,Inari,,cfg.a,caf-bfjg,BAYOU LA BATRE,,dgfaj.a,M,N,,f.a,a.a,,a.a
Arijit,Stanley,F,cac.a,jea-ifid,WASHINGTON,,caahb.a,M,N,haaaa.a,j.a,a.a,,
Assar,Ruane,M,,,MEDIMONT,ID,idiec.a,,N,baaaa.a,e.bajgjd,ddaa.a,a.a,a.a
Atul,,M,cac.a,jjf-fjgc,WASHINGTON,,caedj.a,M,Y,,j.a,a.a,,
Guoray,Donato,F,,,KALSKAG,AK,jjgah.a,,N,daaaa.a,a.a,a.a,,a.a
,Haftevani,,fac.a,ihh-hjei,CATLETTSBURG,,ebbcj.a,M,N,,g.a,a.a,,a.a
Takehiro,,,,jhf-hgdc,,SD,fhdgf.a,S,,,a.a,a.a,,a.a
Yosihisa,,,ied.a,djj-deej,CHARLESTON,,cjebe.a,M,,hfaaa.a,h.a,a.a,,a.a
Kev,,F,,jjb-gbja,,VT,fghe.a,S,,,d.jjjijih,ddaa.a,a.a,
Aniello,Pinkas,F,,,,WY,idebe.a,M,N,hfaaa.a,a.a,a.a,,a.a
,,M,,hgd-ddcb,ATLANTA,,beiai.a,S,,,e.ehf,a.a,,
Steen,Wacholder,M,dab.a,bif-hdae,BIG POOL,,,M,N,jaaaa.a,e.hf,a.a,,
Heiko,,,ede.a,fja-hici,HUDDLESTON,,cebae.a,M,,dfaaa.a,f.hf,a.a,,
Hironobu,,,fgd.a,jha-bach,SCHALLER,IA,fbafd.a,,Y,iaaaa.a,i.ji,a.a,,ea.a
,,,hab.a,jca-hjii,RICHARDTON,ND,figfc.a,,Y,dfaaa.a,c.bgbedj,a.a,,ddaa.a
Nayeem,,F,feb.a,,,OR,jhhab.a,M,,,j.a,a.a,,bfj.a
,,F,,hdc-jhjg,KEO,AR,hcaid.a,,Y,,h.a,ca.a,a.a,ca.a
,,M,,ida-hijj,,NY,bbacd.a,M,,ffaaa.a,e.chccfg,a.a,,
Tetsuhiko,,F,,fcg-dhaj,,RI,ciab.a,M,,,a.a,a.a,,
Adib,Graeb,F,,,GAKONA,AK,jjfig.a,S,N,hfaaa.a,a.a,a.a,,a.a
Frederic,,M,,,,TX,hgaac.a,S,,,a.a,a.a,,a.a
Geir,,,,bha-iacd,,SD,fhdee.a,M,,,a.a,a.a,,a.a
Claudio,Ochuodho,F,,fdf-ijec,NOTTINGHAM,NH,dcja.a,,N,eaaaa.a,a.a,a.a,,
,,M,fad.a,,,OR,jhhgb.a,M,,,h.ebacfge,a.a,,bfj.a
,Hanover,F,,,ROGERSON,ID,iddac.a,,N,,h.i,ddaa.a,a.a,a.a
Hoon,,,,eej-cjfe,BUTTE,MT,fjhab.a,S,Y,,g.j,bjaa.a,a.a,bjaa.a
Richards,,F,,,,TX,higfb.a,S,,,a.a,a.a,,a.a
Montgomery,,,cci.a,bic-jeee,COLUMBUS,,djhac.a,M,Y,hfaaa.a,f.a,a.a,,bfaa.a
Marla,,F,,,,NM,ihaej.a,S,Y,cfaaa.a,f.d,ddaa.a,a.a,ddaa.a
Ryutaro,Insfran,F,cai.a,,CASCADE,ID,idgbb.a,M,N,,h.i,a.a,,a.a
Ramachenga,,M,,fji-cghd,WEST SALISBURY,,bffgf.a,M,,hfaaa.a,d.ah,a.a,,
,,M,jhb.a,ifj-bcjh,,OR,,M,,baaaaa.a,j.a,a.a,,bfj.a
,Griswold,M,,,NORTHWAY,AK,jjhge.a,,N,cfaaa.a,a.a,a.a,,a.a
Zhihui,,,cha.a,bcf-djaj,WALKER,,eajjh.a,M,Y,hfaaa.a,g.a,a.a,,ca.a
,Zunino,M,,jae-ehid,LINCOLN,NE,,,N,ifaaa.a,g.ie,bad.a,a.a,a.a
,,M,,,HUGHES,AK,jjhef.a,S,Y,gfaaa.a,a.a,a.a,,a.a
,,M,,jcf-jcid,,PR,geh.a,M,,baaaa.a,a.a,a.a,,a.a
,Cermak,,,iab-ciec,FEDERAL DAM,MN,fggeb.a,S,N,baaaa.a,f.df,ddaa.a,a.a,a.a
,,,eag.a,hij-hdbj,BILLINGS,MT,fjbac.a,M,Y,caaaa.a,g.j,a.a,,bjaa.a
,Miliotis,,hab.a,hid-diji,AYR,ND,fiaah.a,M,N,,c.ifgjhdg,a.a,,a.a
Masuhiro,Baar,,,dcj-efga,PAGE,,cfbfc.a,,N,hfaaa.a,g.f,caaa.a,a.a,
Neila,,F,cah.a,fde-ccai,HINCKLEY,ME,ejee.a,M,Y,,i.f,a.a,,
,,,dai.a,gie-dhgc,HAYES CENTER,NE,gjadc.a,M,Y,cfaaa.a,g.fhdgbad,a.a,,bad.a
,,F,,hdd-heba,EAST EARL,,bhfbj.a,M,,gaaaa.a,d.ah,a.a,,
Thant,,M,,fai-ecca,ODESSA,,bjhda.a,,Y,,f.jf,bba.a,a.a,
,,F,jhb.a,,,OR,jhcbb.a,M,,bfaaa.a,j.a,a.a,,a.a
,,F,,icg-eeai,WASHINGTON,,cacbe.a,S,Y,,f.gcf,bdha.a,a.a,
Ewart,Keen,F,iai.a,,HONOLULU,HI,jgibh.a,M,N,,g.eehdgi,a.a,,a.a
Dongmo,,F,,bjb-bfbj,,TX,,M,,ifaaa.a,a.a,a.a,,a.a
Ingolf,Iglesia,,,bgc-jegi,BROOKHAVEN,,djgac.a,S,N,,d.a,gaaa.a,a.a,a.a
Xiadong,,,dca.a,ccj-bcfa,MELROSE,MN,fgdfc.a,,Y,iaaaa.a,h.if,a.a,,ddaa.a
Kin,,M,,,,WA,jiiab.a,S,,gfaaa.a,a.a,a.a,,a.a
Yelena,,,,bgj-ddcc,KENNEY,IL,gbhej.a,,Y,,d.a,caaa.a,a.a,caaa.a
Gomer,Majetic,,,gfe-idhi,HUNTINGTON,,cfhba.a,S,N,,g.bejjjjg,caaa.a,a.a,
Surath,,M,jbi.a,dhd-cbdf,,OK,heacg.a,M,,,d.afffffg,a.a,,baaa.a
Christfried,,,,jia-fdbd,VAN METER,IA,facgb.a,S,Y,,i.ji,ea.a,a.a,ea.a
,,,ige.a,ijc-fegb,VANCE,,cjbgd.a,M,,,h.a,a.a,,ddaa.a
,,M,,iji-gedf,WEST SALISBURY,,bffgf.a,S,,gaaaa.a,d.ah,a.a,,
Vitor,,F,,,,NV,ijecd.a,M,,eaaaa.a,a.a,a.a,,a.a
Brad,Carreras,M,cah.a,cdi-eecc,LITCHFIELD,ME,edfa.a,,N,caaaa.a,i.f,a.a,,
Sakari,,M,,,,UT,ieddg.a,S,,,h.a,cehf.a,a.a,cehf.a
Dekang,Lindenberg,,,gdb-fifb,HEMPHILL,,ceiec.a,S,N,,g.f,caaa.a,a.a,
Kweku,,M,cce.a,gfd-gcjb,OHLMAN,IL,,,Y,jaaaa.a,d.a,a.a,,caaa.a
Patiwat,Schultze,,,cjh-ffbc,CASSVILLE,MO,gfgcf.a,S,N,faaaa.a,g.a,cbaa.a,a.a,a.a
Zhengyan,,F,,dge-djfj,FORT WAYNE,,,S,Y,jaaaa.a,d.e,baaa.a,a.a,baaa.a
Shigeyyoshi,,,,gcd-cgff,NASHVILLE,,dhcbe.a,,,,a.a,a.a,,a.a
,,,,hbg-feie,MARSHALLVILLE,,eegef.a,,,caaaa.a,b.cajjcdb,bdaa.a,a.a,a.a
Pravil,,F,,gbh-jcdi,,RI,cjab.a,S,,,a.a,a.a,,
Hanene,,F,feb.a,,,OR,jhbei.a,M,,hfaaa.a,j.a,a.a,,bfj.a
,,M,,gif-ddji,WEST CHESTERFIELD,MA,baie.a,S,Y,,f.d,dfhf.a,a.a,
Marcelo,,,,dcg-cfgc,LEXINGTON,,cjahc.a,,,bfaaa.a,h.a,ddaa.a,a.a,a.a
Rajendran,,M,dab.a,bbd-gbfa,MARRIOTTSVILLE,,cbbae.a,,Y,,e.hf,a.a,,
Zohra,,F,,cdd-jife,NORTH APOLLO,,bfghd.a,,,,d.ah,a.a,,
,,M,,idi-gaii,,RI,cihc.a,S,,,a.a,a.a,,
Karon,,F,,,,NV,ijbac.a,S,,cfaaa.a,a.a,a.a,,a.a
Hiralal,,,jag.a,ejg-cdah,OAK PARK,MI,eicdh.a,,Y,cfaaa.a,d.j,a.a,,dbaa.a
Moktar,Leathers,,fhe.a,dcd-jhfe,CLARKSBURG,IN,ehccf.a,M,N,,d.e,a.a,,a.a
Tader,,F,,jea-ejfg,,NY,bbajg.a,M,,bfaaa.a,e.aeafej,a.a,,
Tinghuai,,,eag.a,cef-iabe,BAKER,MT,fjdbd.a,M,Y,bfaaa.a,g.j,a.a,,bjaa.a
Tomonori,,M,jhi.a,gai-haih,PEPPERELL,MA,begd.a,,Y,,f.d,a.a,,
Rasiah,,F,,,,WY,icgei.a,S,Y,,a.a,a.a,,a.a
,Glymidakis,F,,iaj-efca,ELIZABETH CITY,,,S,N,ifaaa.a,h.fbfhde,ddaa.a,a.a,
Jui,,,eac.a,ceg-ibff,LYNCH,NE,giheg.a,,Y,baaaa.a,d.jajhajf,a.a,,bad.a
,,M,,jbe-cceb,,SD,,M,,jfaaa.a,a.a,a.a,,a.a
Cordelia,Dinkhoff,F,iai.a,,HONOLULU,HI,jgidh.a,M,N,caaaa.a,e.geehdh,a.a,,a.a
Dipanwita,,,,dhd-hjgj,EASLEY,,cjgea.a,S,,,h.a,ddaa.a,a.a,a.a
Varghese,,,,fia-fcbg,ELKHART,,egfbh.a,S,Y,gaaaa.a,d.e,baaa.a,a.a,baaa.a
,Lofaso,,hbf.a,had-ffdf,,WI,feicg.a,M,N,,f.idgebf,a.a,,a.a
,,M,,jda-ggdg,STAMFORD,CT,gjbb.a,,Y,haaaa.a,f.a,bchfa.a,a.a,
Asis,,M,cai.a,,SODA SPRINGS,ID,idchg.a,,Y,gfaaa.a,h.i,a.a,,ddaa.a
Terri,,F,,deg-edig,,PR,gba.a,M,,baaaa.a,a.a,a.a,,a.a
Joydeep,,F,,ffi-jbch,,WA,,M,,baaaaa.a,a.a,a.a,,a.a
Xiaodong,,,,geh-ghje,LAMAR,IN,ehffa.a,,Y,gaaaa.a,d.e,baaa.a,a.a,baaa.a
Kazuhide,,F,,feg-iifd,COLUMBIA,LA,hbebi.a,S,Y,dfaaa.a,g.a,efaa.a,a.a,baaa.a
,,F,,,FRESNO,CA,jdhbc.a,S,Y,bfaaa.a,d.aejdiff,ih.a,a.a,chc.a
Zongji,,M,,cif-dgbi,,OK,hdaed.a,S,,ffaaa.a,g.cf,baaa.a,a.a,baaa.a
Lane,,M,,feh-bhib,,OK,heihd.a,S,,,g.cf,baaa.a,a.a,a.a
Kerhong,,F,hga.a,,ANTELOPE,CA,jfied.a,M,Y,,g.fjafed,a.a,,chc.a
,Shijie,F,,ibf-gdib,HIGH POINT,,,S,N,baaaaa.a,h.idaebjf,ddaa.a,a.a,
Kye,,M,,edd-jejh,CAMERON,,beibj.a,M,,faaa.a,e.a,a.a,,
Mahan,,F,,,,WY,icedb.a,M,Y,,a.a,a.a,,a.a
Periklis,,F,,ffg-hjde,DURHAM,NH,dice.a,S,Y,,a.a,a.a,,
Petter,Ranst,M,,bie-fccg,NORTH LITTLE ROCK,AR,hcbjj.a,,N,dfaaa.a,h.a,ca.a,a.a,a.a
Jingyuan,Bajoga,,hde.a,gdb-fdag,FLINT,MI,eifdc.a,M,N,gfaaa.a,d.j,a.a,,a.a
,,,,gic-ijje,COLUMBUS,,edchb.a,S,,daaaa.a,b.febihbi,bdaa.a,a.a,a.a
,,M,fad.a,ghi-icad,,OR,,M,,ifaaa.a,j.a,a.a,,a.a
Srikanth,Vaisey,F,,eed-ehde,SOMERSET,MI,,,N,iaaaa.a,d.j,dbaa.a,a.a,a.a
Drago,,F,iha.a,eea-cdab,HUNTSVILLE,AR,,M,Y,ifaaa.a,h.a,a.a,,ca.a
,Wrigley,,gbc.a,idf-giaf,LORETTO,MN,ffdfh.a,,N,cfaaa.a,f.fijfjee,a.a,,a.a
,,F,gcd.a,jba-dajb,KEARNY,AZ,,,Y,baaaaa.a,e.cgf,a.a,,cdaa.a
Byunggyu,Shobatake,F,dai.a,eeh-gdfj,WESTERVILLE,NE,,M,N,baaaaa.a,g.ie,a.a,,a.a
Elvira,,M,,chj-caci,LAKE CITY,,,,,jaaaa.a,a.a,a.a,,a.a
,Feltelson,,ibc.a,hfe-ddif,MISHAWAKA,,egfeg.a,,N,dfaaa.a,d.e,a.a,,a.a
Isak,,F,,,,WA,jjcai.a,S,,,a.a,a.a,,a.a
Jaeun,,F,,,,OR,jhgcd.a,S,,daaaa.a,j.a,bfj.a,a.a,a.a
Heekyoung,,F,,dib-gdbg,,OK,heedf.a,S,,ffaaa.a,g.cf,baaa.a,a.a,a.a
Augustus,Gevinti,M,,ffh-ijac,PERRY,LA,,,N,baaaaa.a,g.a,efaa.a,a.a,a.a
Keumog,,M,,dbj-jhag,,RI,cigd.a,S,,bfaaa.a,a.a,a.a,,
Jakub,Krogh,,,egb-gacj,NEW ATHENS,IL,gccge.a,,N,,d.a,caaa.a,a.a,a.a
,,,,iff-fceb,GIBSONTON,,ddfde.a,S,Y,,a.a,a.a,,a.a
Zhaojun,,,,fhd-gcci,ROCK HILL,,cjhdb.a,,,faaa.a,d.fgdhbg,ddaa.a,a.a,ddaa.a
Violaine,Schuning,,,edh-iejf,COOLIDGE,KS,ghidg.a,S,N,baaaa.a,d.f,ccfa.a,a.a,a.a
Jint,,,,dge-jcda,,SD,fhheb.a,S,,eaaaa.a,a.a,a.a,,a.a
,Scollo,F,,jaj-ieee,SUDLERSVILLE,,,,N,ifaaa.a,e.hf,ceaa.a,a.a,
Mickey,,M,,jhe-jbgd,WASHINGTON,,caagf.a,S,Y,ffaaa.a,j.a,bdha.a,a.a,
Johannes,,F,,fjc-cija,BATON ROUGE,LA,haijd.a,S,Y,,g.a,efaa.a,a.a,baaa.a
Sibabrata,,M,,,,OR,jhdig.a,S,,efaaa.a,j.a,bfj.a,a.a,a.a
,,,ggc.a,ghd-dcdi,LITTLE ROCK,,djddh.a,,Y,gfaaa.a,f.a,a.a,,bfaa.a
,Estlin,M,cad.a,jaj-jaeg,HARTFORD,CT,,M,N,baaaaa.a,f.a,a.a,,
Dongdai,Westcott,F,,fch-jejf,MILFORD,IA,,,N,iaaaa.a,i.ji,ea.a,a.a,a.a
,,M,,,,NV,ijbcg.a,S,,ffaaa.a,a.a,a.a,,a.a
,,M,,,,NV,ijfai.a,S,,,a.a,a.a,,a.a
,Kenevan,,,hda-ihfg,DUPUYER,MT,fjedc.a,S,N,,g.j,bjaa.a,a.a,a.a
,,F,fad.a,,,OR,jhaaj.a,M,,bfaaa.a,j.a,a.a,,a.a
Tosio,Wernecke,F,,jhc-eaaj,QUITMAN,,,,N,jaaaa.a,f.a,gaaa.a,a.a,a.a
,,F,,hdh-ibcb,WASHINGTON,,caead.a,S,Y,bfaaa.a,f.gcf,bdha.a,a.a,
Simukai,,M,,fai-hiie,MILO,MO,,,Y,iaaaa.a,g.a,cbaa.a,a.a,bcaa.a
Hubertus,Wiggert,,,bed-igdf,LEWISTOWN,IL,gbfec.a,,N,bfaaa.a,d.a,caaa.a,a.a,a.a
Cemal,Holand,,,gdh-jcej,AUBURNDALE,,ddicd.a,M,N,,a.a,a.a,,a.a
Bingchiang,,M,,dgf-eiaj,,PR,hhd.a,S,,,a.a,a.a,,
Falguni,Begiun,F,,jjd-cjgd,,NJ,hici.a,S,N,hfaaa.a,c.cghdjg,baaa.a,a.a,
,,M,faf.a,hih-bddi,,NM,,M,Y,jfaaa.a,f.d,a.a,,ddaa.a
,,F,,hei-chih,MANCHESTER,,cbbac.a,,Y,faaaa.a,e.hf,ceaa.a,a.a,
Dave,,F,fad.a,,,OR,jhgca.a,M,,baaaa.a,j.a,a.a,,a.a
Emil,,F,,fed-cije,,NM,,S,Y,ifaaa.a,f.d,ddaa.a,a.a,ddaa.a
Patricio,Marburger,,,dec-fggi,BENTON,,djadj.a,S,N,,f.a,gaaa.a,a.a,a.a
Eshrat,,F,,bdh-daag,POOLESVILLE,,caidh.a,,Y,caaaa.a,e.hf,ceaa.a,a.a,
,,M,,hia-hbfj,,RI,cifh.a,M,,baaaa.a,a.a,a.a,,
Ida,Simmen,M,,dfa-hjij,ALEXANDRIA,LA,hbdaj.a,S,N,haaaa.a,g.a,efaa.a,a.a,a.a
Yalin,,M,,jdj-daai,,NY,bbhjd.a,M,,,e.eegadgd,a.a,,
,,,chg.a,jaf-bfcg,CHARLOTTESVILLE,,ccjba.a,M,,,f.hf,a.a,,
Weihai,,F,,cgh-fibd,NEWTOWN,,bijea.a,,,haaaa.a,d.ah,a.a,,
Anjaneyulu,,,fbd.a,bjf-djge,DAYTON,,efecg.a,M,,,b.febihbi,a.a,,a.a
Tihomir,Vinay,M,,,MALAD CITY,ID,idcfc.a,,N,haaaa.a,h.i,ddaa.a,a.a,a.a
Mechthild,Antin,F,,,PUEBLO,CO,ibaab.a,,N,caaaa.a,e.gd,a.a,,a.a
Orit,,M,,,,NV,ijbjb.a,S,,,a.a,a.a,,a.a
,Lampaert,M,eia.a,,BAGDAD,AZ,igdcb.a,M,N,,e.bb,a.a,,a.a
Gabriela,Ritondale,F,jif.a,jeg-ghfb,WINNSBORO,LA,,M,N,ifaaa.a,g.a,a.a,,a.a
Phoebe,,F,,bjd-hicg,,OK,heaie.a,S,,gaaaa.a,g.cf,baaa.a,a.a,a.a
Harm,,M,,bhc-jebf,HENRICO,,,S,,jfaaa.a,f.hf,jaa.a,a.a,
Masasuke,Straubing,,,gbf-jghi,ALAMO,,daebb.a,S,N,ffaaa.a,g.a,chaa.a,a.a,a.a
Wolffried,Kahl,,gga.a,egj-idhc,CATAWISSA,MO,gdabf.a,M,N,,g.a,a.a,,a.a
Spiro,Farrag,M,,,LITTLEFIELD,AZ,igedc.a,,N,hfaaa.a,d.ihhf,cbaa.a,a.a,a.a
Xunwei,Worm,,,ejg-dacf,HETTINGER,ND,figdj.a,S,N,faaa.a,c.b,ddaa.a,a.a,a.a
,,M,,jbe-ijbh,HENDLEY,NE,,S,Y,baaaaa.a,g.ie,bad.a,a.a,bad.a
Rajmohan,Sohoni,F,cad.a,eeh-hcah,MANCHESTER,CT,gaec.a,,N,gaaaa.a,f.a,a.a,,
Keung,Zeadally,,cga.a,dge-fajd,WHITESTOWN,,egahf.a,M,N,caaaa.a,d.e,a.a,,a.a
,Cuatto,,hgf.a,hcg-bgif,FARMLAND,IN,ehdea.a,M,N,baaaa.a,d.e,a.a,,a.a
Jovisa,,F,,,LOUISVILLE,CO,iaach.a,,Y,,e.gd,a.a,,a.a
Saeko,,,,cfi-bage,,SD,fhhaj.a,S,,baaaa.a,a.a,a.a,,a.a
Stefanie,Rosenbohm,F,,bca-chcd,GILSUM,NH,deei.a,S,N,gfaaa.a,a.a,a.a,,
Hui,,F,,,,NV,ijafe.a,M,,,a.a,a.a,,a.a
Case,,,gag.a,cab-jabe,MAYSLICK,,ebaff.a,,Y,daaaa.a,d.f,a.a,,ca.a
Yimeng,,F,,bjj-ceea,,SD,,M,,baaaaa.a,a.a,a.a,,a.a
,Stolboushkin,M,dac.a,hhj-ehjb,DOVER AFB,,bjjac.a,M,N,cfaaa.a,d.fgdgdgd,a.a,,
,Averbukh,,eag.a,ghd-gceh,SOMERS,MT,fjjdc.a,,N,efaaa.a,g.j,a.a,,a.a
,Provost,F,,ijb-daii,NORTH FALMOUTH,MA,cffg.a,,N,gaaaa.a,f.d,dfhf.a,a.a,
Kemal,,F,,bbc-hged,,WY,,M,Y,iaaaa.a,a.a,a.a,,a.a
Haiko,,M,,bcc-edcg,,VT,fghh.a,S,,,e.fjghgch,ddaa.a,a.a,
Moises,,F,,ffa-hdbe,,NV,,M,,jaaaa.a,a.a,a.a,,a.a
Liao,,,eac.a,bfe-egcd,LOUISVILLE,NE,giadh.a,,Y,hfaaa.a,g.ie,a.a,,bad.a
,Haasis,,,ibd-iggh,SALEM,,cgecg.a,,N,,f.baaaaae,caaa.a,a.a,
Espen,,,ied.a,fcd-eeai,DAUFUSKIE ISLAND,,cjjbf.a,M,,bfaaa.a,h.a,a.a,,ddaa.a
Darwen,,F,,,,OR,jhaef.a,S,,baaaa.a,j.a,bfj.a,a.a,a.a
Bingning,,M,cac.a,cic-habd,WASHINGTON,,caafc.a,M,Y,gaaaa.a,j.a,a.a,,
Ivelin,,F,,,SEVERANCE,CO,iafeg.a,,Y,daaaa.a,e.gd,a.a,,a.a
Aamod,,M,,cbd-djdc,WILLOW CREEK,MT,,S,Y,jaaaa.a,g.j,bjaa.a,a.a,bjaa.a
Kenmore,,M,,dad-hhde,CHESTER GAP,,ccgcd.a,S,,haaaa.a,f.hf,jaa.a,a.a,
,Portugali,M,,,,WY,icahb.a,S,N,eaaaa.a,a.a,a.a,,a.a
Vinoo,,M,,ede-ihhf,GROVELAND,MA,bide.a,S,Y,faaa.a,f.d,dfhf.a,a.a,
Isdor,Grams,,gab.a,eid-heie,ETTA,,digch.a,M,N,dfaaa.a,f.a,a.a,,a.a
Tianxu,,,,bbc-bchj,JACKSON,,djchb.a,,Y,efaaa.a,f.a,gaaa.a,a.a,bfaa.a
Vimal,McFarlin,F,fai.a,bae-chfc,ATTLEBORO,MA,chad.a,M,N,,f.d,a.a,,
Partick,,M,,cgf-bcda,TROY,,,S,,ifaaa.a,a.a,a.a,,a.a
Kyungshik,,,,cda-bibh,SUMMERVILLE,,cjeid.a,S,,cfaaa.a,h.a,ddaa.a,a.a,ddaa.a
,,M,eaf.a,hjh-igjh,,OK,heafb.a,M,,caaaa.a,g.cf,a.a,,baaa.a
Toshimasa,Wirthlin,,,jgf-hhdj,ECONOMY,IN,ehddj.a,S,N,daaaa.a,d.e,baaa.a,a.a,a.a
,,M,,hfh-ejbh,AUGUSTA,ME,,S,Y,iaaaa.a,i.f,cifa.a,a.a,
,Ashfield,M,,,LEGGETT,CA,jffif.a,,N,faaaa.a,j.d,ih.a,a.a,a.a
,,,,hej-hfha,,SD,fhagc.a,S,,,a.a,a.a,,a.a
,,,,igi-fgbc,RICHMOND,IN,ehdhf.a,,Y,,d.e,baaa.a,a.a,baaa.a
,Bergen,,,ggc-hhih,HETTINGER,ND,figdj.a,S,N,faaa.a,c.b,ddaa.a,a.a,a.a
,Trucco,,ccj.a,idh-ighh,MAYSVILLE,,daffi.a,,N,bfaaa.a,g.a,a.a,,a.a
Satyamurthy,,,,fbf-dbca,MARSHALLTOWN,IA,fabfi.a,,Y,hfaaa.a,i.ji,ea.a,a.a,ea.a
,,,,ibh-gcgg,ALLERTON,IA,faaai.a,S,Y,caaaa.a,d.cfbgfch,ea.a,a.a,ea.a
Durga,,F,,cih-ijcf,ALEXANDRIA,,bggbb.a,S,,cfaaa.a,d.ah,a.a,,
,Clemmensen,,gai.a,jaj-ighc,,WI,fdccc.a,M,N,cfaaa.a,e.iiahic,a.a,,a.a
Hovav,,F,ffb.a,bcb-ieib,,NJ,idbi.a,M,Y,,c.adaiddc,a.a,,
,,M,,hff-hijj,,OR,,S,,ifaaa.a,j.a,bfj.a,a.a,bfj.a
Mengly,Weener,,fah.a,caf-jaba,VERNDALE,MN,fgeib.a,M,N,baaaa.a,f.df,a.a,,a.a
Murthy,,M,,jei-ggac,POMEROY,,bjdgh.a,,,cfaaa.a,d.ah,a.a,,
Yaakov,,F,,bfh-jjfd,,RI,,M,,ifaaa.a,a.a,a.a,,
Moritoshi,,M,cac.a,dhe-hfab,WASHINGTON,,cafai.a,M,Y,,j.a,a.a,,
Gerrine,Skwarecki,,,dih-gbdh,CLANTON,,dfaef.a,S,N,eaaaa.a,f.a,bfaa.a,a.a,a.a
Piera,,,,dab-hegb,,SD,fhedc.a,M,,baaaa.a,a.a,a.a,,a.a
Kamila,,F,,,FAIRBANKS,AK,jjhag.a,S,Y,ffaaa.a,a.a,a.a,,a.a
Lynn,,,gbi.a,cec-hdja,GOREVILLE,IL,gcjdj.a,M,Y,caaaa.a,d.a,a.a,,caaa.a
,,F,jif.a,jdf-gaad,SAINT AMANT,LA,hahhe.a,,Y,efaaa.a,g.a,a.a,,baaa.a
,,,,hcc-cbaf,CULLMAN,,dfafh.a,S,Y,dfaaa.a,f.a,bfaa.a,a.a,daa.a
Shair,,,,fgc-cigb,BATH,,cjibg.a,S,,,h.a,ddaa.a,a.a,a.a
Pradeep,Collavizza,M,fab.a,chd-efeh,TRASKWOOD,AR,hcbgh.a,M,N,daaaa.a,h.a,a.a,,a.a
Toneluh,Minka,,,ejf-cfdd,GAINESVILLE,,dcgbd.a,M,N,,a.a,a.a,,a.a
,Iijima,,,ibi-ijbg,HANKINSON,ND,fiaeb.a,S,N,,c.bgbedj,ddaa.a,a.a,a.a
Jaya,Voiskunskii,M,cci.a,bij-diia,KOKOMO,,,,N,iaaaa.a,f.a,a.a,,a.a
Love,Tupikova,,,djf-gfjd,DUNN CENTER,ND,figcg.a,S,N,daaaa.a,c.badehhf,ddaa.a,a.a,a.a
Estrella,Lenders,F,,jhe-ghjf,PLYMOUTH,MA,cdga.a,,N,,f.d,dfhf.a,a.a,
Mahadevamurty,,,dai.a,edb-dadh,BARTLETT,NE,gigcc.a,M,Y,haaaa.a,g.ie,a.a,,bad.a
JoAnna,,M,fea.a,cgj-hgjc,SPRINGFIELD,,ccbgb.a,,,haaaa.a,f.hf,a.a,,
,Jelonek,M,iai.a,,KAILUA KONA,HI,jghea.a,,N,,i.cf,a.a,,a.a
Tuval,,F,feb.a,,,OR,jhidi.a,M,,eaaaa.a,j.a,a.a,,a.a
,,F,,icd-bjjb,,NJ,iihd.a,S,Y,,b.e,baaa.a,a.a,
Yeow,,F,ede.a,djh-ffah,ARLINGTON,,cccda.a,M,,iaaaa.a,f.hf,a.a,,
Truman,,M,,fbb-hafb,GAINESVILLE,,,S,Y,jfaaa.a,g.a,chaa.a,a.a,daaa.a
,Griwodz,,cgc.a,hgc-cabb,,WI,febea.a,M,N,bfaaa.a,e.hahadb,a.a,,a.a
,,,,idc-jjij,DAVEY,NE,giddg.a,S,Y,,g.ie,bad.a,a.a,bad.a
Bertjan,,M,,dea-jbef,,OK,heegh.a,S,,cfaaa.a,g.cf,baaa.a,a.a,baaa.a
,,M,,hca-ceie,NORTH GRANBY,CT,gaga.a,,Y,ffaaa.a,f.a,bchfa.a,a.a,
Hoon,,,,ede-cfda,CALDWELL,KS,ghacc.a,S,Y,,g.ef,ccfa.a,a.a,ccfa.a
,,,,hcc-ccgf,OLDS,IA,fcgeh.a,,Y,bfaaa.a,c.ehjhgd,ea.a,a.a,ea.a
Alexei,,M,cac.a,jjj-ihic,WASHINGTON,,cadba.a,M,Y,,j.a,a.a,,
Birgitta,,F,,,,UT,ieaii.a,S,,,h.a,cehf.a,a.a,cehf.a
Dejan,Kurita,,hgd.a,jgd-fida,HILLS,MN,fgbdi.a,M,N,,h.bjaeeid,a.a,,a.a
Rengarajan,,,,fef-bebh,DUGGER,IN,ehiei.a,S,Y,,d.e,baaa.a,a.a,baaa.a
Maisa,,F,,gda-dehi,,RI,cjbe.a,M,,faaa.a,a.a,a.a,,
,,M,,iia-jfaj,,OK,hdbfg.a,S,,,d.afffffg,baaa.a,a.a,baaa.a
Giridharan,,,,fgj-bhae,OLATHE,KS,ggagb.a,,Y,cfaaa.a,f.egggggh,ccfa.a,a.a,ccfa.a
,Braunmuhl,F,geb.a,hjg-cbfd,SABULA,IA,,,N,ifaaa.a,i.ji,a.a,,a.a
Marios,Fayerman,M,iai.a,,HAWI,HI,jghbj.a,M,N,faaa.a,b.jeahijf,a.a,,a.a
,,M,,hae-efab,WILMINGTON,,bjija.a,S,Y,ffaaa.a,f.gajajb,bba.a,a.a,
Joosun,,F,,,SACRAMENTO,CA,jecee.a,,Y,baaaa.a,b.igj,ih.a,a.a,chc.a
Nello,Tamesada,M,ddg.a,fad-gjgg,EURE,,,M,N,baaaaa.a,h.idaebjf,a.a,,
Reggie,Keronen,M,cac.a,djb-fccj,WASHINGTON,,cadab.a,M,N,,j.a,a.a,,
Tomonori,,M,gbh.a,dac-biga,DORCHESTER CENTER,MA,,M,Y,jfaaa.a,f.d,a.a,,
Aki,,F,,jfa-edig,,TX,,S,,baaaaa.a,a.a,a.a,,a.a
,,M,,hdi-bedf,,RI,,M,,baaaaa.a,a.a,a.a,,
Fujie,Anjan,F,dac.a,bfd-efcb,NEWARK,,,,N,ifaaa.a,f.jf,a.a,,
Keqin,Weatherly,M,,daj-hjee,COTUIT,MA,cgdf.a,S,N,ffaaa.a,f.d,dfhf.a,a.a,
Gholamali,,,fgh.a,gdc-ejja,WELLINGTON,,eeaja.a,M,,baaaa.a,a.ihhjhee,a.a,,bdaa.a
Fouad,,F,gcd.a,,ROLL,AZ,ifdeh.a,,Y,hfaaa.a,d.ihhf,a.a,,cdaa.a
,,F,eaf.a,iee-cddb,,OK,heiia.a,M,,,g.cf,a.a,,a.a
,,M,,,,NV,ijbgc.a,M,,baaaa.a,a.a,a.a,,a.a
,,F,,,,UT,iehhe.a,S,,eaaaa.a,h.a,cehf.a,a.a,a.a
,,F,,ggd-ijgg,,SD,,M,,ifaaa.a,a.a,a.a,,a.a
Dentcho,,F,eaf.a,cjh-cebi,,OK,heaac.a,M,,haaaa.a,g.cf,a.a,,a.a
Mirion,Perri,M,,ddd-ecce,HAVANA,AR,hciec.a,S,N,efaaa.a,h.a,ca.a,a.a,a.a
Maurelio,Wheen,M,,dcf-ebcc,,NJ,,S,N,jfaaa.a,c.ficibcf,baaa.a,a.a,
,,M,,jdg-bacb,QUANTICO,,,,Y,ifaaa.a,e.hf,ceaa.a,a.a,
,,,,hij-fece,,SD,fhhdi.a,S,,iaaaa.a,a.a,a.a,,a.a
,Rosenquist,F,,,GRAND VIEW,ID,idgce.a,S,N,gfaaa.a,h.i,ddaa.a,a.a,a.a
Kumar,Spink,,ebh.a,jff-fhii,OTTERVILLE,MO,gfdei.a,,N,hfaaa.a,g.a,a.a,,a.a
Xun,Talmor,,dae.a,gad-daae,ACCOVILLE,,cfgag.a,M,N,haaaa.a,g.f,a.a,,
Amol,Steenbeek,M,hab.a,fdg-hijh,MEKINOCK,ND,,,N,jfaaa.a,c.ifgjhdg,a.a,,a.a
Oran,Boydens,M,,bdd-bahb,FARMERVILLE,LA,hbceb.a,S,N,dfaaa.a,g.a,efaa.a,a.a,a.a
Yamin,Krauser,F,,,,WA,jiieb.a,S,N,,a.a,a.a,,a.a
Rainer,,M,,eda-gahe,PINEY FLATS,,,,,jfaaa.a,a.a,a.a,,a.a
Mizuho,,M,,,,WA,jicic.a,M,Y,faaa.a,a.a,a.a,,a.a
Toine,Milewski,F,faf.a,,,NM,ihagd.a,M,N,,f.d,a.a,,a.a
Basuki,,M,,cad-bbib,,PR,gid.a,S,,gaaaa.a,a.a,a.a,,a.a
Suvo,,M,iab.a,,,UT,iegef.a,M,,faaaa.a,h.a,a.a,,cehf.a
Yida,,,,eea-gchf,FORT MC COY,,dcbde.a,M,Y,faaa.a,a.a,a.a,,a.a
Adit,,,,cba-jece,STEWART,MN,ffdif.a,,Y,haaaa.a,h.if,ddaa.a,a.a,ddaa.a
Yoshioki,Tarlescu,,hgd.a,gga-cgcj,WACONIA,MN,ffdih.a,M,N,gaaaa.a,h.efhcfhd,a.a,,a.a
Chunming,Wolff,F,,cjd-jige,NORTH FRANKLIN,CT,,,N,jfaaa.a,f.a,bchfa.a,a.a,
Toshinobu,Cabarrus,F,,cfg-bibd,BARTLETT,NH,dibc.a,S,N,dfaaa.a,a.a,a.a,,
Kiyonori,,F,eaf.a,ffb-ifgg,,OK,hdhdi.a,M,,bfaaa.a,g.cf,a.a,,baaa.a
Shifu,Hirokawa,F,,,MORRISTOWN,AZ,ifdec.a,,N,,e.bihf,cbaa.a,a.a,a.a
Dhruba,Tasiemski,F,,bce-ecaf,MILLVILLE,MN,,,N,baaaaa.a,h.if,ddaa.a,a.a,a.a
Gleb,,,,jhc-eeia,CASCADE,,ceagj.a,S,,,f.hf,jaa.a,a.a,
,Aumann,,fhd.a,gih-haic,VERSAILLES,MO,gfaie.a,M,N,baaaa.a,g.a,a.a,,a.a
Francis,,F,,,,WA,jicfc.a,M,Y,daaaa.a,a.a,a.a,,a.a
Parke,,M,cac.a,bcb-dieg,WASHINGTON,,cafeb.a,M,Y,efaaa.a,j.a,a.a,,
,Bencher,,,jaa-dajf,FRENCHBURG,,eadcc.a,S,N,eaaaa.a,e.afffffd,ca.a,a.a,a.a
Nathan,Cornard,,eag.a,eaa-hijd,SUN RIVER,MT,fjeid.a,M,N,ffaaa.a,g.j,a.a,,a.a
,Tanishita,M,cbh.a,hea-cagd,CATLIN,IL,,M,N,jaaaa.a,d.a,a.a,,a.a
Franklin,,,,fje-fibf,COAHOMA,,digbh.a,S,Y,cfaaa.a,f.a,gaaa.a,a.a,bfaa.a
Deganit,,,dbe.a,bgj-dcda,DUNNEGAN,MO,gfgea.a,M,Y,caaaa.a,g.a,a.a,,bcaa.a
Valentyn,,F,,ceg-cbda,,RI,ciaj.a,M,,baaaa.a,a.a,a.a,,
,,M,,gjc-ejdg,,NY,bbcac.a,S,,,e.ajiehff,a.a,,
Shimei,,F,,,ANCHORAGE,AK,jjfbd.a,S,Y,daaaa.a,a.a,a.a,,a.a
,Brush,F,iga.a,hfa-iiba,BRANFORD,CT,geaf.a,M,N,gaaaa.a,f.a,a.a,,
,Betz,M,,gjd-iaaf,NORTH SUTTON,NH,dcga.a,,N,iaaaa.a,a.a,a.a,,
,,M,,ijg-fgbh,PRINCETON,LA,hbagh.a,,Y,eaaaa.a,g.a,efaa.a,a.a,baaa.a
Taiji,,F,,fhe-jfbf,,VT,fcab.a,S,,cfaaa.a,d.g,ddaa.a,a.a,
,,M,,hjh-edah,BOSSIER CITY,LA,hbbbb.a,S,Y,daaaa.a,g.a,efaa.a,a.a,baaa.a
Sabrina,,F,,edb-fcag,BRIGHTON,CO,,S,Y,jaaaa.a,e.gd,a.a,,a.a
Rephael,,,,feg-bghc,CAPE CORAL,,ddjbf.a,M,Y,efaaa.a,a.a,a.a,,a.a
Graca,Hartvigsen,M,,,CRESTED BUTTE,CO,ibcce.a,M,N,,e.gd,a.a,,a.a
Chienwen,,F,,,,NV,ijfad.a,M,,,a.a,a.a,,a.a
Carmem,Honiden,M,,,MOOSE PASS,AK,jjgdb.a,,N,,a.a,a.a,,a.a
Lalita,,F,,,,UT,ieaej.a,S,,bfaaa.a,h.a,cehf.a,a.a,a.a
,,M,,,,NV,ijbad.a,S,,,a.a,a.a,,a.a
Spephan,MacLachlan,F,,,,NM,iiaae.a,S,N,,f.d,ddaa.a,a.a,a.a
,Ahlsen,F,iai.a,,HOLUALOA,HI,jghcf.a,M,N,bfaaa.a,d.hedecb,a.a,,a.a
Chuan,Willamowski,,ghi.a,def-beci,ATLANTA,,dadff.a,M,N,ffaaa.a,g.a,a.a,,a.a
,Mikulecky,M,,,,WY,icfbc.a,M,N,,a.a,a.a,,a.a
Adri,,M,,fda-ggge,BALLY,,bjfad.a,S,,,d.ah,a.a,,
Vaduvur,,,,dcc-edaa,SPRINGFIELD,,effab.a,,,eaaaa.a,b.ihdicaf,bdaa.a,a.a,a.a
Marcian,Cullinane,F,,dgc-bjei,HYANNIS,NE,gjdfa.a,S,N,hfaaa.a,g.ie,bad.a,a.a,a.a
Xiaoxin,,,hab.a,fhd-gfhe,HANNAFORD,ND,fieei.a,M,Y,cfaaa.a,c.b,a.a,,ddaa.a
Hyunchul,Aghili,F,,,TEMPE,AZ,ifcih.a,S,N,caaaa.a,d.acejjjj,cbaa.a,a.a,a.a
Dongho,,M,ifh.a,jgb-jgdj,SOUTH HARWICH,MA,cggb.a,,Y,baaaa.a,f.d,a.a,,
Ursel,Joeris,M,,,COLORADO SPRINGS,CO,iajha.a,S,N,,e.gd,a.a,,a.a
,,F,,,,WA,jiebi.a,M,Y,daaaa.a,a.a,a.a,,a.a
Xinxin,Boddy,M,,fch-hhgh,SOUTH WELLFLEET,MA,cggd.a,,N,baaaa.a,f.d,dfhf.a,a.a,
Michiko,,,,cai-djeb,,WI,fegfa.a,S,Y,gfaaa.a,f.fhfhii,haa.a,a.a,eaa.a
,Weusten,,,ifi-jiii,NEWPORT,MI,eibgg.a,,N,haaaa.a,d.j,dbaa.a,a.a,a.a
,,,,hac-dgbc,STUART,,dejjh.a,,Y,hfaaa.a,a.a,a.a,,a.a
Alassane,,F,,beb-gabf,,PR,jgg.a,M,,caaaa.a,a.a,a.a,,
Kishore,,,,cjh-igid,VINA,,dffjd.a,S,Y,gaaaa.a,f.a,bfaa.a,a.a,daa.a
Clemens,,M,,,,NM,ihafc.a,S,Y,cfaaa.a,f.d,ddaa.a,a.a,ddaa.a
Sakke,,F,,ccg-iehb,WASHINGTON,,caaga.a,S,Y,daaaa.a,j.a,bdha.a,a.a,
Ruben,Bolotov,F,dcd.a,,MODESTO,CA,jfdfg.a,,N,gfaaa.a,j.d,a.a,,a.a
Feng,,,,fha-fdha,YPSILANTI,ND,fiejh.a,S,Y,iaaaa.a,c.gidaj,ddaa.a,a.a,ddaa.a
Yasutaka,,M,jbi.a,bgf-fghe,,OK,hehdf.a,M,,faaaa.a,g.cf,a.a,,a.a
Alper,,,,egi-bbeb,PENNEY FARMS,,dcahj.a,,Y,,a.a,a.a,,a.a
Jian,,F,,gac-iddc,,OK,hdaje.a,S,,,g.cf,baaa.a,a.a,baaa.a
,,F,,,,WA,jjdei.a,S,Y,,a.a,a.a,,a.a
Thoshiro,,,,fcc-jhcd,MURFREESBORO,,dhbci.a,,,gfaaa.a,a.a,a.a,,a.a
Attilio,,,,ebc-haff,ATWOOD,,dicca.a,M,,,a.a,a.a,,a.a
Surapant,Diskin,M,dbe.a,jhd-dabd,VALLEY PARK,MO,,M,N,baaaaa.a,g.a,a.a,,a.a
,,F,,hdi-bfja,CANAAN,ME,ejce.a,S,Y,dfaaa.a,i.f,cifa.a,a.a,
Supot,,F,,,,WY,icccc.a,S,Y,,a.a,a.a,,a.a
Maury,Beounes,F,gfb.a,dce-eeii,GRACEVILLE,MN,,M,N,jfaaa.a,h.if,a.a,,a.a
Pernille,,M,fhb.a,cah-hjgf,ROANOKE,,,,,baaaaa.a,f.hf,a.a,,
Biju,Klutke,,,bdb-fafj,WILSON,KS,gheja.a,S,N,,d.f,ccfa.a,a.a,a.a
,Navazio,M,,hji-fceg,DOVER,,bjjag.a,S,N,,f.jf,bba.a,a.a,
Gouhua,,M,,,,UT,iegcb.a,S,,,h.a,cehf.a,a.a,cehf.a
,Inamori,F,,,,WA,jidfj.a,S,N,,a.a,a.a,,a.a
Paulina,,F,,,,NV,ijbjf.a,M,,,a.a,a.a,,a.a
,,M,,,,WY,idbcd.a,S,Y,dfaaa.a,a.a,a.a,,a.a
Wagdy,,M,,dfg-bach,MADISONVILLE,LA,,,Y,ifaaa.a,g.a,efaa.a,a.a,baaa.a
Jaber,,M,fah.a,cdd-jcja,OSSEO,MN,,,Y,jaaaa.a,h.if,a.a,,ddaa.a
DongGill,,F,,,,TX,hfdjd.a,M,,bfaaa.a,a.a,a.a,,a.a
Emma,,F,cha.a,ebc-cdih,DORTON,,,M,Y,ifaaa.a,g.a,a.a,,ca.a
,,F,,ggj-jdcf,,RI,cjbe.a,M,,dfaaa.a,a.a,a.a,,
,Poupard,,hab.a,hga-fbfa,HAMILTON,ND,ficdi.a,M,N,daaaa.a,c.badehhf,a.a,,a.a
Danco,Hodas,,fbf.a,dec-daef,BRIGHTON,IA,fcfea.a,M,N,,i.ji,a.a,,a.a
,Brlek,M,ehj.a,ifg-fbhf,MAYFLOWER,AR,hcbag.a,,N,caaaa.a,e.jgicaid,a.a,,a.a
Rogelio,,M,cad.a,cgd-fiha,BRIDGEPORT,CT,ggac.a,M,Y,,f.a,a.a,,
Seungjong,,,,bfh-ecab,,SD,fhhjc.a,M,,haaaa.a,a.a,a.a,,a.a
Roelof,,F,,gdh-eegb,BOGALUSA,LA,haech.a,S,Y,ffaaa.a,g.a,efaa.a,a.a,baaa.a
Aahok,,,ige.a,gaf-jefh,LAKE CITY,,cjfga.a,,,baaaa.a,f.hfcedc,a.a,,ddaa.a
,Khalil,,jbc.a,hej-fjjh,SAINT SIMONS ISLAND,,dbfcc.a,,N,,g.a,a.a,,a.a
Rashi,,M,,bgd-hgch,RIVERVALE,AR,,,Y,ifaaa.a,h.a,ca.a,a.a,ca.a
Ghulam,Cappelletti,F,,big-dcab,CLINTON,AR,hcadb.a,S,N,gaaaa.a,h.a,ca.a,a.a,a.a
Roch,,F,iga.a,djg-bhff,BRIDGEPORT,CT,ggba.a,M,Y,dfaaa.a,f.a,a.a,,
,,,,iaj-feag,LINVILLE,,cigeg.a,,Y,efaaa.a,g.ghgfhdd,ddaa.a,a.a,
Jiming,,M,,,FREDERICK,CO,iafda.a,S,Y,haaaa.a,e.gd,a.a,,a.a
Ewing,Tahar,M,,dad-bbdj,RUMNEY,NH,,,N,baaaaa.a,a.a,a.a,,
,Hitson,M,,hda-bfec,CANAAN,NH,dheb.a,S,N,,a.a,a.a,,
Nataraj,,F,,gff-bjie,,RI,cifi.a,S,,bfaaa.a,a.a,a.a,,
Sanjive,,,hab.a,ddh-jjdi,NEKOMA,ND,fidff.a,,Y,ffaaa.a,c.djdcidi,a.a,,ddaa.a
Muralidhar,,M,,ejg-eaac,WESTERNPORT,,cbfgc.a,S,Y,,e.hf,ceaa.a,a.a,
Pangfeng,,F,,cib-ddgf,ANCHORAGE,AK,,S,Y,jaaaa.a,a.a,a.a,,a.a
,Nitsche,,,ghg-dcgb,RAVENCLIFF,,cfjbd.a,,N,,f.baaaaae,caaa.a,a.a,
Badrul,,M,jif.a,bce-gfhc,BUNKIE,LA,hbdcc.a,M,Y,,g.a,a.a,,baaa.a
,Speel,M,,ifd-efia,WILMINGTON,,bjiia.a,S,N,eaaaa.a,e.figdge,bba.a,a.a,
Takatoshi,,,,eag-ebdf,PETTISVILLE,,edffd.a,,,daaaa.a,b.febihbi,bdaa.a,a.a,bdaa.a
,Arbab,,,jbg-ggbe,FULTON,,diied.a,S,N,gfaaa.a,f.a,gaaa.a,a.a,a.a
Liangjie,,F,cai.a,,LOWMAN,ID,idgdh.a,,Y,,h.i,a.a,,ddaa.a
Cholwich,,,jca.a,ehe-fhfe,,WI,fdbdj.a,M,Y,,f.ggcggdf,a.a,,eaa.a
Georgette,,,,efd-ggih,SEABOARD,,chihg.a,,Y,hfaaa.a,h.dafjee,ddaa.a,a.a,
Wasfi,Kalyanakrishnan,F,,ded-fbbh,,NJ,hjfa.a,S,N,,b.ehiifec,baaa.a,a.a,
Teodor,,M,faf.a,,,NM,ihich.a,M,Y,hfaaa.a,f.d,a.a,,ddaa.a
Vasilios,,F,,,,NV,ijfab.a,M,,efaaa.a,a.a,a.a,,a.a
Hanpei,Demleitner,F,cac.a,cjf-gcej,WASHINGTON,,,M,N,jfaaa.a,j.a,a.a,,
,,,hea.a,ifh-icdi,KALIDA,,efifd.a,,,efaaa.a,c.adjhjf,a.a,,a.a
Tsunetoshi,Lehoczky,F,,cjj-hjhj,FREDERICK,,cbhab.a,S,N,,e.hf,ceaa.a,a.a,
,Chamillard,,,iie-hidd,BILLINGS,MT,fjbai.a,S,N,gfaaa.a,g.j,bjaa.a,a.a,a.a
Yuval,,F,hib.a,dae-febh,RUTLAND,MA,bfed.a,,Y,,f.d,a.a,,
Shaw,,M,,edj-idfe,,RI,cihc.a,M,,,a.a,a.a,,
Yoshiharu,,M,,,ANDERSON,AK,jjhee.a,S,Y,faaa.a,a.a,a.a,,a.a
,Laguitton,F,,,SOUTH NAKNEK,AK,jjgha.a,,N,,a.a,a.a,,a.a
Fumitake,,M,,,,TX,hgcfj.a,S,,,a.a,a.a,,a.a
Xiaopeng,Balfanz,,fah.a,bdc-cfdb,MINNEAPOLIS,MN,ffeid.a,,N,efaaa.a,g.gfgidad,a.a,,a.a
,,F,,,,NV,ijbeg.a,S,,haaaa.a,a.a,a.a,,a.a
Jyhjong,Bals,F,,bbi-bhej,LINCOLN,,bjjga.a,,N,haaaa.a,f.jf,bba.a,a.a,
,,M,,,TANANA,AK,jjhhh.a,M,Y,,a.a,a.a,,a.a
Wilburt,,M,,beg-fgec,MANSURA,LA,,,Y,baaaaa.a,g.a,efaa.a,a.a,baaa.a
Hessam,,M,cai.a,jjh-gicb,SHOSHONE,ID,,,Y,iaaaa.a,h.i,a.a,,ddaa.a
Judee,Chikaraishi,,ebe.a,gee-cija,,WI,fegbe.a,M,N,gaaaa.a,f.eiijbc,a.a,,a.a
Yojiro,Rosenquist,F,,efc-iich,,WI,,S,N,iaaaa.a,f.idgebf,haa.a,a.a,a.a
,,F,,,CRAIGMONT,ID,idfcd.a,S,Y,gaaaa.a,h.i,ddaa.a,a.a,ddaa.a
Sandor,Domenig,F,,cdd-chab,,OK,,S,,ifaaa.a,g.cf,baaa.a,a.a,baaa.a
Hannie,,F,,,HARTSEL,CO,iaeej.a,M,Y,hfaaa.a,e.gd,a.a,,a.a
,Elsanadidi,M,,,YOUNGTOWN,AZ,ifdgd.a,S,N,ffaaa.a,d.fghejjj,cbaa.a,a.a,a.a
Almira,Sloope,,ige.a,gch-eeij,CLINTON,,cjdcf.a,M,,bfaaa.a,h.a,a.a,,a.a
Darwin,,,,cjf-fjcg,ALBION,IA,faaaf.a,S,Y,efaaa.a,h.bbbbab,ea.a,a.a,ea.a
,,F,,hfd-ddjg,PORT CHARLOTTE,,,,Y,baaaaa.a,a.a,a.a,,a.a
,,F,,,HONOLULU,HI,jgidj.a,S,Y,gfaaa.a,i.cf,baea.a,a.a,baea.a
,Gahlot,,had.a,gjg-dcbf,SANDY LEVEL,,cebgb.a,,,gfaaa.a,f.hf,a.a,,
,Cavalloro,F,jia.a,iif-fefj,GREENSBORO,,,M,N,jaaaa.a,h.gcagcjd,a.a,,
Devesh,Kayser,M,,ebe-gcie,FRANKLIN,AR,hcfdg.a,S,N,,d.hhdadh,ca.a,a.a,a.a
,Sereno,M,,hif-ffgf,,OR,,S,,ifaaa.a,j.a,bfj.a,a.a,a.a
Murad,Anjur,,,bjd-cfda,CHILDERSBURG,,dfaee.a,S,N,iaaaa.a,f.a,bfaa.a,a.a,a.a
Sanjay,,,dai.a,bdb-fefh,ENDERS,NE,gjach.a,M,Y,bfaaa.a,e.hjhghgg,a.a,,bad.a
,,M,ddh.a,ggc-bedj,KRAEMER,LA,hadhb.a,,Y,dfaaa.a,g.a,a.a,,baaa.a
,Poch,,hab.a,ggb-ebjh,FARGO,ND,fibcb.a,M,N,gfaaa.a,c.fajcagd,a.a,,a.a
Man,,M,,cic-fidb,SPOFFORD,NH,degc.a,,Y,baaaa.a,a.a,a.a,,
Youquan,Drenick,F,,,FORT COLLINS,CO,iafci.a,S,N,haaaa.a,e.gd,a.a,,a.a
Harris,Press,F,cfc.a,ddd-icci,DURHAM,,,M,N,iaaaa.a,h.ebaidj,a.a,,
,Kragelund,F,,,CALIPATRIA,CA,jccdd.a,S,N,,j.d,ih.a,a.a,a.a
,Rayne,,iad.a,ggj-ihcj,ARCADIA,,cjdca.a,M,,haaaa.a,h.a,a.a,,ddaa.a
Hui,Krisper,F,,gae-bada,UNION,NH,diih.a,M,N,,a.a,a.a,,
,Tzannes,F,,hfd-iheb,,VT,fidi.a,S,,gfaaa.a,e.cjiddb,ddaa.a,a.a,
Temple,Smithline,M,,cfg-cjfi,,SD,,M,,iaaaa.a,a.a,a.a,,a.a
Jinseok,,M,,dcf-jdbh,BROOKLIN,ME,egbg.a,S,Y,,e.fifhggd,cifa.a,a.a,
Pnina,Vauttier,M,,jgi-dgfg,,NV,,S,,jaaaa.a,a.a,a.a,,a.a
Ceon,Brightwell,,,gbi-jbig,KRYPTON,,ebhfe.a,,N,daaaa.a,d.f,ca.a,a.a,a.a
Fadila,Perng,,,gai-gdeh,MEMPHIS,,dhfee.a,,,haaaa.a,a.a,a.a,,a.a
Sitvanit,Vongsathorn,M,feb.a,djg-gbhf,,OR,,M,,jfaaa.a,j.a,a.a,,bfj.a
Susann,Faletti,M,,bfc-hbhg,LEONORE,IL,,,N,baaaaa.a,d.a,caaa.a,a.a,a.a
Meyer,Alfredsen,M,,fgb-djbd,NORTH SANDWICH,NH,dcfj.a,,N,faaa.a,a.a,a.a,,
Wiebe,Sagonas,F,,gbi-cjdc,LANCASTER,,bhgad.a,,,faaaa.a,d.ah,a.a,,
Lode,McFarlane,,,egg-jcfd,BUHL,,dfeeg.a,S,N,,f.a,bfaa.a,a.a,a.a
,,F,,iih-efid,SOUTH PORTLAND,ME,ebbg.a,,Y,hfaaa.a,i.f,cifa.a,a.a,
,,,,idg-fdad,WHITLASH,MT,fjfef.a,S,Y,gfaaa.a,g.j,bjaa.a,a.a,bjaa.a
Buenaventura,Frauenstein,F,,,POCATELLO,ID,idcaj.a,,N,faaa.a,c.gjadedj,ddaa.a,a.a,a.a
Cyrille,,M,,fad-jbie,,WY,,M,Y,jaaaa.a,a.a,a.a,,a.a
Penny,,,,eje-edia,GROSSE ILE,MI,eibdi.a,S,Y,gfaaa.a,d.j,dbaa.a,a.a,dbaa.a
Dongxing,Capucciati,F,,dfe-eega,TROUTVILLE,,bfigg.a,S,,dfaaa.a,d.ah,a.a,,
Lhouari,Deo,F,gca.a,fcg-ffjj,PAWNEE ROCK,KS,,,N,jaaaa.a,g.ef,a.a,,a.a
,Sanada,F,,,IDAHO FALLS,ID,ideag.a,S,N,caaaa.a,g.jeidjb,ddaa.a,a.a,a.a
Husheng,Garnier,F,,cgb-cihj,,PR,jac.a,M,,gfaaa.a,a.a,a.a,,
Herwig,,,fhe.a,fib-icae,WARSAW,,egfia.a,M,Y,haaaa.a,d.e,a.a,,baaa.a
Pascal,Lumbreras,M,,ddh-ijhb,PORTLAND,ME,ebac.a,,N,,i.f,cifa.a,a.a,
Raven,Hoppenstand,M,,,SAINT ANTHONY,ID,ideef.a,,N,,h.i,ddaa.a,a.a,a.a
,Siromoney,F,,jaa-hgeg,,PR,gja.a,S,,dfaaa.a,a.a,a.a,,a.a
Xuejun,,F,,dfa-hdgf,WASHINGTON,,cadab.a,S,Y,gfaaa.a,j.a,bdha.a,a.a,
,Worm,F,cai.a,,COBALT,ID,idccj.a,M,N,caaaa.a,g.jeidjb,a.a,,a.a
,Mancey,F,iac.a,hgd-baba,,VT,fiej.a,M,,,d.iaajee,a.a,,
Theodor,Podkolzin,M,iac.a,bhf-ichc,,VT,fcfc.a,M,,hfaaa.a,e.ejhcife,a.a,,
Kriton,Paetzold,,,ffa-gfhj,NORTHBROOK,IL,gaagf.a,,N,faaaa.a,d.a,caaa.a,a.a,a.a
,Vural,F,,ijc-baae,,NY,bafea.a,M,,caaaa.a,e.agjfbce,a.a,,
,,M,,ghe-fhed,LIBERTY,NE,,,Y,jaaaa.a,g.ie,bad.a,a.a,bad.a
,Dendrinos,,cbg.a,ibg-chfd,HAMLER,,edfce.a,M,,caaaa.a,b.cajjcdb,a.a,,a.a
Stelios,Wasano,F,ied.a,dej-bajh,SPARTANBURG,,,,,ifaaa.a,h.a,a.a,,ddaa.a
Maryse,Gorn,,,ecb-bdge,MEMPHIS,,dibgi.a,,,eaaaa.a,a.a,a.a,,a.a
Yuzo,,,iba.a,cig-bife,EATON RAPIDS,MI,eiich.a,M,Y,gfaaa.a,d.j,a.a,,dbaa.a
Irina,Shiouchi,M,cac.a,fhc-eadj,WASHINGTON,,cafbf.a,M,N,dfaaa.a,j.a,a.a,,
Rabinder,Haldar,M,,,BLACK HAWK,CO,iaecc.a,S,N,,e.gd,a.a,,a.a
,Brodsky,M,,jag-fahj,BEL AIR,,cbabf.a,S,N,dfaaa.a,e.hf,ceaa.a,a.a,
France,Hambury,M,,,,TX,hjgag.a,M,,,a.a,a.a,,a.a
,,F,,,,NM,ihebg.a,S,Y,iaaaa.a,f.d,ddaa.a,a.a,ddaa.a
Sofya,Peha,M,dac.a,bii-chdf,WILMINGTON,,bjiad.a,M,N,baaaa.a,c.feajaj,a.a,,
Itzchak,Hixon,,,bcc-eggi,ALPHA,IL,gbebd.a,S,N,,d.a,caaa.a,a.a,a.a
Munenori,,M,,,,WY,ichbg.a,M,Y,,a.a,a.a,,a.a
,,,,hgh-eegf,PETERSBURG,ND,fichc.a,,Y,,c.hjjabch,ddaa.a,a.a,ddaa.a
Danu,Cavedoni,,,ecj-deie,GONZALEZ,,dcfga.a,M,N,dfaaa.a,a.a,a.a,,a.a
Gesine,Bernhard,F,,jfc-fhcg,BEAUFORT,,,S,,baaaaa.a,h.a,ddaa.a,a.a,a.a
Sihem,,,hab.a,dgg-dfjc,HATTON,ND,ficea.a,M,Y,hfaaa.a,c.gcfbcih,a.a,,ddaa.a
Kihyun,,,fbf.a,bgb-haaj,MINBURN,IA,fabgh.a,,Y,ffaaa.a,i.gfeii,a.a,,ea.a
Nir,Toman,,,cja-hjee,CHICAGO,IL,gagef.a,S,N,iaaaa.a,d.a,caaa.a,a.a,a.a
Kazuyasu,Kawakami,,geb.a,bdf-befd,HARPERS FERRY,IA,fcbeg.a,M,N,,i.ji,a.a,,a.a
Lonnie,,M,ifi.a,,CALPELLA,CA,jfebi.a,M,Y,,j.d,a.a,,chc.a
Joaquim,,F,,cae-bdja,KAPAA,HI,,,Y,jaaaa.a,i.cf,baea.a,a.a,baea.a
Weikai,Tsigas,F,eed.a,daj-dchg,GAITHERSBURG,,caihh.a,M,N,efaaa.a,e.hf,a.a,,
Romuald,,,gca.a,gea-bhdd,WICHITA,KS,ghcch.a,M,Y,dfaaa.a,g.ef,a.a,,ccfa.a
Duri,Good,,gab.a,bdd-iffd,LOUISE,,djajh.a,,N,gfaaa.a,f.a,a.a,,a.a
Kyunghee,Brodie,,dae.a,ehc-ecic,FOLLANSBEE,,cgadh.a,M,N,hfaaa.a,g.f,a.a,,
Vic,Riitters,,dca.a,caa-fjge,MARINE ON SAINT CROIX,MN,ffaeh.a,,N,cfaaa.a,f.fijfjee,a.a,,a.a
,,M,,jab-gbah,LEXINGTON,MA,ceca.a,,Y,cfaaa.a,f.d,dfhf.a,a.a,
Jeretta,Glymour,,,ddj-ibcc,DUNFERMLINE,IL,gbfce.a,S,N,eaaaa.a,d.a,caaa.a,a.a,a.a
Grazia,Montemayor,,,jji-jhdg,TERRE HAUTE,IN,ehiaf.a,S,N,,d.e,baaa.a,a.a,a.a
Nello,Katona,M,,,,WA,jiejh.a,S,N,,a.a,a.a,,a.a
Habib,Puterman,F,,bgh-ijac,LARSLAN,MT,,,N,jaaaa.a,g.j,bjaa.a,a.a,a.a
Horward,,F,dbi.a,jhg-caii,MORGANZA,LA,hahfj.a,,Y,bfaaa.a,c.i,a.a,,baaa.a
,Shanblatt,,,heb-fhga,,SD,fhefe.a,M,,baaaa.a,a.a,a.a,,a.a
Grigory,,F,faf.a,,,NM,iicab.a,M,Y,baaaa.a,d.cecifhc,a.a,,ddaa.a
,,F,,ied-bjeg,COUNCIL BLUFFS,IA,,S,Y,jaaaa.a,i.ji,ea.a,a.a,ea.a
,,,eag.a,hgj-dhgf,PENDROY,MT,fjegh.a,,Y,eaaaa.a,g.j,a.a,,bjaa.a
,Huttel,F,,hcd-hdcf,MARIETTA,,bhfeh.a,,,,d.ah,a.a,,
,,F,,,PORT HEIDEN,AK,jjfej.a,,Y,gfaaa.a,a.a,a.a,,a.a
,,,dae.a,iaj-jggh,NEW HAVEN,,cfcgf.a,,Y,gfaaa.a,g.f,a.a,,
Mingzeng,Knowles,F,,,,WY,icjac.a,M,N,,a.a,a.a,,a.a
Boguslaw,Brogi,F,,,DUBOIS,ID,idecd.a,S,N,baaaa.a,e.bajgjd,ddaa.a,a.a,a.a
Pitro,Verhaegh,,,eaj-ibhj,MORRISTOWN,,edhfj.a,,,iaaaa.a,d.cabgbfd,bdaa.a,a.a,a.a
Josh,,,,cfi-hbgc,HANCOCK,MN,fgcee.a,S,Y,hfaaa.a,h.if,ddaa.a,a.a,ddaa.a
,Chinin,,dbj.a,ici-biji,WALCOTT,IA,fchhd.a,M,N,cfaaa.a,e.acdfece,a.a,,a.a
,Halici,M,,,,WA,jiaba.a,S,,,a.a,a.a,,a.a
,Nour,M,,ifa-fdfb,FERRIDAY,LA,hbdde.a,S,N,,g.a,efaa.a,a.a,a.a
Rohini,,,,jej-jggg,ALEDO,IL,gbcdb.a,S,Y,iaaaa.a,d.a,caaa.a,a.a,caaa.a
Swati,,,jbd.a,cid-igcc,SCHOENCHEN,KS,ghggh.a,,Y,faaaa.a,g.ef,a.a,,ccfa.a
Borivoj,Kubiatowicz,F,hfh.a,bed-hbgi,NOKESVILLE,,cabib.a,,,,f.hf,a.a,,
,,,ibc.a,hfc-bhed,MICHIGAN CITY,,egdga.a,,Y,iaaaa.a,d.e,a.a,,baaa.a
Isao,,,,gei-ffeb,TALLAPOOSA,,dabhg.a,S,Y,,g.a,chaa.a,a.a,daaa.a
Frode,Subramaniyam,,chg.a,gfa-egjg,CARROLLTON,,cddbe.a,M,,gfaaa.a,f.hf,a.a,,
Armen,,F,,fih-bjih,WALPOLE,ME,efhd.a,S,Y,caaaa.a,i.f,cifa.a,a.a,
Kees,,F,,cci-fgjb,MORRILL,ME,ejfc.a,,Y,,i.f,cifa.a,a.a,
Orin,Colgate,F,,cgb-gchh,,NJ,hhdb.a,S,N,gfaaa.a,c.bajgihg,baaa.a,a.a,
,Schlimbach,F,,,,WA,jibce.a,S,,bfaaa.a,a.a,a.a,,a.a
Chandrajit,,F,,dih-cfai,SAINT XAVIER,MT,,,Y,baaaaa.a,g.j,bjaa.a,a.a,bjaa.a
Kon,,F,iai.a,,LAHAINA,HI,jghgb.a,,Y,eaaaa.a,i.cf,a.a,,baea.a
Krishnaiah,Eyal,F,,fgg-ibfb,,RI,ciea.a,S,,dfaaa.a,a.a,a.a,,
Kimmo,Roison,F,,jgh-eddf,NEW PRESTON MARBLE DALE,CT,ghhh.a,,N,efaaa.a,f.a,bchfa.a,a.a,
Wataru,,F,,geg-jeed,PHOENIX,AZ,,,Y,ifaaa.a,e.adcf,cbaa.a,a.a,cdaa.a
Lorri,Tayi,M,,bbh-ebaa,,NY,,M,,ifaaa.a,e.eegadgd,a.a,,
,,M,,,AURORA,CO,iaabj.a,M,Y,dfaaa.a,e.gd,a.a,,a.a
Tilmann,,,,cca-ejfd,,WI,feeja.a,S,Y,ffaaa.a,f.eacadgh,haa.a,a.a,eaa.a
Arunabha,Naslund,,,jea-gbbi,,SD,fhabc.a,S,,,a.a,a.a,,a.a
Zhilin,,F,,cfd-bjbb,EAST BROOKFIELD,MA,bfbf.a,S,Y,hfaaa.a,f.d,dfhf.a,a.a,
,Kriegman,M,jbi.a,heh-cffc,,OK,hdbba.a,M,,,g.cf,a.a,,baaa.a
Kent,Lucio,F,,,,NV,ijhag.a,S,,,a.a,a.a,,a.a
,Smaragdakis,F,cac.a,hde-dide,WASHINGTON,,cadjd.a,M,N,daaaa.a,j.a,a.a,,
Guido,,M,cad.a,gec-gcfa,BRISTOL,CT,gaba.a,M,Y,,d.a,a.a,,
,,F,,hic-bicd,NORTH LITTLE ROCK,AR,hcbbf.a,,Y,dfaaa.a,h.a,ca.a,a.a,ca.a
Emilian,Bouguettaya,,gca.a,jie-hjie,MANHATTAN,KS,ggfaf.a,,N,iaaaa.a,g.ef,a.a,,a.a
Hikaru,Kreische,,,fch-jcda,SIOUX CENTER,IA,fbcfa.a,,N,,b.hahihdh,ea.a,a.a,a.a
Staphane,,F,,gae-bjja,BRYANT,AR,hcaij.a,S,Y,,h.a,ca.a,a.a,ca.a
,Matrone,F,fba.a,,OAKLAND,CA,jegbe.a,,N,,j.d,a.a,,a.a
,,,gca.a,hhg-eice,ELMDALE,KS,ggifa.a,M,Y,dfaaa.a,g.ef,a.a,,ccfa.a
Chriss,,F,,beb-ffjc,HARTFORD,CT,gbed.a,S,Y,gfaaa.a,f.a,bchfa.a,a.a,
Pai,,F,,,HUNTINGTON BEACH,CA,jcgei.a,S,Y,gaaaa.a,j.d,ih.a,a.a,chc.a
,,,dbj.a,haj-dcjb,AREDALE,IA,fagaf.a,M,Y,bfaaa.a,c.ehjhgd,a.a,,ea.a
Vasant,,,gfb.a,egc-febj,SAINT CLOUD,MN,fgdac.a,,Y,gaaaa.a,h.efhcfhd,a.a,,ddaa.a
Mariko,Tischendorf,,ige.a,dci-hidh,NORTH MYRTLE BEACH,,cjfji.a,,,cfaaa.a,h.a,a.a,,ddaa.a
Ryuzo,Birta,,,edb-ihif,NORTH AUGUSTA,,cjieb.a,,,faaa.a,d.fgdhbg,ddaa.a,a.a,ddaa.a
Orlando,Forchert,,eac.a,fae-fhfe,PHILLIPS,NE,giigf.a,,N,baaaa.a,d.jajhajf,a.a,,a.a
Noberto,Imai,,,cdg-jgii,WATKINS,IA,fcdfe.a,S,N,,i.ji,ea.a,a.a,a.a
Rusong,,M,ffb.a,dge-dbhd,,NJ,,M,Y,ifaaa.a,c.ecfbaeb,a.a,,
Milt,Remp,,ehi.a,faa-fdaf,WESTON,,dbidc.a,M,N,eaaaa.a,g.a,a.a,,a.a
,Kipper,,,hbe-hbjc,,SD,fhceg.a,S,,,a.a,a.a,,a.a
Yuhichi,Andreasen,F,,cgf-bghj,HIGHLAND,,cahhh.a,S,N,daaaa.a,e.hf,ceaa.a,a.a,
Ymte,Shinozawa,,,jgg-fdjf,COLLINWOOD,,diefa.a,M,,cfaaa.a,a.a,a.a,,a.a
Levis,Conta,,,jje-cjja,BUTTE,MT,fjhac.a,S,N,baaaa.a,e.jbgdhj,bjaa.a,a.a,a.a
Nili,Michaels,F,,bid-hcga,,RI,cidg.a,S,,,a.a,a.a,,
Michita,Tvrdik,F,jhi.a,fff-cgcc,SHREWSBURY,MA,bfeg.a,,N,baaaa.a,f.d,a.a,,
IJsbrand,Reid,,,faf-ffjh,LUMBERTON,,cidfi.a,,N,gfaaa.a,h.ajgbfdh,ddaa.a,a.a,
Narcis,,,cbj.a,dif-idgj,SOUTH BEND,,eggbd.a,,Y,,d.e,a.a,,baaa.a
Egbert,,M,fca.a,,TUCSON,AZ,ifhcc.a,M,Y,,d.ddf,a.a,,cdaa.a
Tinghe,Focacci,M,,jgb-fgaa,ISMAY,MT,,,N,jfaaa.a,g.j,bjaa.a,a.a,a.a
Sakae,Doroslovacki,,,bfh-iife,PURYEAR,,dicfb.a,,,baaaa.a,a.a,a.a,,a.a
M'hamed,Charatonik,M,,eii-ihij,,RI,,M,,jaaaa.a,a.a,a.a,,
,Gaubert,,hgf.a,iib-jjic,INDIANAPOLIS,,egcbb.a,M,N,gfaaa.a,d.e,a.a,,a.a
Shawn,Karnin,,ggc.a,eih-cjei,GULFPORT,,djfag.a,M,N,,f.a,a.a,,a.a
Yolla,,F,,,LAUPAHOEHOE,HI,jghge.a,,Y,faaaa.a,i.cf,baea.a,a.a,baea.a
,Stamenas,M,,jdc-dcaa,GERING,NE,gjdeb.a,S,N,cfaaa.a,g.fhdgbad,bad.a,a.a,a.a
Janick,,F,fai.a,fha-ffgc,MAYNARD,MA,bhfe.a,,Y,iaaaa.a,f.d,a.a,,
Agnes,,,hha.a,bjj-hhhc,ARGYLE,,dbgcd.a,M,Y,gaaaa.a,g.a,a.a,,daaa.a
Sulaiman,Bolbourn,,cbj.a,geg-bdhg,KOUTS,,egdeh.a,,N,hfaaa.a,d.e,a.a,,a.a
Daishiro,,F,,cgb-bagc,OTWELL,IN,,,Y,baaaaa.a,d.e,baaa.a,a.a,baaa.a
Sandeepan,Farrow,,,eha-hbhd,HUNTINGTON,,cfhcd.a,S,N,dfaaa.a,e.hf,caaa.a,a.a,
Ginger,Varhegyi,,,bbb-bjcj,BROOKLYN,MI,ejcda.a,S,N,bfaaa.a,d.j,dbaa.a,a.a,a.a
Met,Keustermans,,,dfi-eech,,SD,fhhia.a,S,,,a.a,a.a,,a.a
Corey,Schonegge,F,feb.a,,,OR,jhhab.a,M,,haaaa.a,j.a,a.a,,bfj.a
Gopalan,Lambadaris,,,fja-haja,,SD,fhadj.a,S,,,a.a,a.a,,a.a
,Newson,M,,hde-hgaj,,RI,cihb.a,M,,,a.a,a.a,,
Sajio,,M,,fbh-chii,WASHINGTON,,cacbb.a,S,Y,gaaaa.a,j.a,bdha.a,a.a,
Chandana,Copperman,F,,efi-bhff,ANCHORAGE,AK,,S,N,jfaaa.a,a.a,a.a,,a.a
Sivaramakrishnan,Higuchi,F,,,,OR,jhfeb.a,S,,,h.ebacfge,bfj.a,a.a,a.a
Maik,Woerkom,,,dah-dhab,VOSSBURG,,djdgg.a,S,N,gaaaa.a,f.a,gaaa.a,a.a,a.a
Erik,Nourani,F,,gbe-feea,MELVIN VILLAGE,NH,difa.a,,N,,a.a,a.a,,
Ryutarou,Pouyioutas,M,,dje-hejj,,WY,,M,N,baaaaa.a,a.a,a.a,,a.a
,,M,fae.a,haf-gddh,BATON ROUGE,LA,haicg.a,M,Y,baaaa.a,c.a,a.a,,baaa.a
,,M,,,COLORADO SPRINGS,CO,iajga.a,M,Y,,e.gd,a.a,,a.a
,Linzer,F,,hba-haca,,RI,cihe.a,S,,,a.a,a.a,,
Zhaohua,Cleary,,,cjb-iede,,SD,fhacc.a,S,,gfaaa.a,a.a,a.a,,a.a
Faris,,M,jha.a,,RAND,CO,iaehd.a,,Y,faaaa.a,e.gd,a.a,,a.a
Zeng,Kobuchi,F,hih.a,ede-dccf,,PR,hch.a,M,,,a.a,a.a,,
Einoshin,Crouch,F,iac.a,jec-djie,,VT,fefg.a,S,,faaaa.a,d.jjjijih,ddaa.a,a.a,
Yusuf,,,hae.a,eaj-gefi,FREMONT,,chida.a,S,Y,iaaaa.a,h.ebaidj,ddaa.a,a.a,
Ewart,Klutke,F,iab.a,,,UT,iegdh.a,M,,,h.a,a.a,,a.a
Swen,Grohoski,M,faj.a,,,WA,jibba.a,M,,cfaaa.a,a.a,a.a,,a.a
,,,ibd.a,hjb-hdjg,WINTER GARDEN,,dehhi.a,M,Y,gaaaa.a,a.a,a.a,,a.a
Anna,,F,dab.a,gbb-digf,CHURCH HILL,,cbgcd.a,M,Y,bfaaa.a,e.hf,a.a,,
Lodewijk,Dosser,,,egd-cheg,HOGELAND,MT,fjfcj.a,S,N,iaaaa.a,g.j,bjaa.a,a.a,a.a
Kencheng,,,,bgj-eghe,URBANA,IA,fcdef.a,S,Y,faaaa.a,h.iicjjae,ea.a,a.a,ea.a
Totadri,DeMori,M,,dfg-fdaf,,NJ,hafi.a,S,N,eaaaa.a,b.hbfebgh,baaa.a,a.a,
Eliseu,,F,,dji-ecba,MITTIE,LA,hagfe.a,,Y,bfaaa.a,c.i,efaa.a,a.a,baaa.a
Haihong,Benantar,F,,dfd-ifbe,,NY,,S,,jaaaa.a,e.ehf,a.a,,
Haiyen,Kamber,,,ccj-ihha,SCARBRO,,cfjbh.a,,N,,d.a,caaa.a,a.a,
Barnett,,,,jgd-ejai,ELLSWORTH,KS,ghedj.a,S,Y,cfaaa.a,f.egggggh,ccfa.a,a.a,ccfa.a
,Rilling,M,ibi.a,,SEBASTOPOL,CA,jfehc.a,,N,daaaa.a,g.fjafed,a.a,,a.a
,Krauter,,hgd.a,jaj-jagg,HUTCHINSON,MN,ffdfa.a,M,N,,f.df,a.a,,a.a
Parimal,Ulery,,,bid-iadi,CONYERS,,daaje.a,S,N,caaaa.a,g.a,chaa.a,a.a,a.a
Yuzou,,,cfc.a,cac-cdcj,CHARLOTTE,,cicch.a,M,Y,,g.cfgjjd,a.a,,
Ido,Pivkina,,,dda-icdb,ROCK RAPIDS,IA,fbceg.a,,N,efaaa.a,h.bbbbab,ea.a,a.a,a.a
Julian,,M,gad.a,bha-dcff,STRATHAM,NH,diif.a,,Y,gaaaa.a,a.a,a.a,,
Gerri,Matthew,M,iac.a,cdb-gjfe,,VT,fgej.a,M,,,e.djhiai,a.a,,
Magatho,Leduc,F,ehj.a,bej-eedh,TIMBO,AR,hcgfh.a,M,N,,h.a,a.a,,a.a
Shuigeng,,F,eba.a,fga-gcde,BOWIE,,cahcb.a,M,Y,,e.hf,a.a,,
Uros,,M,cea.a,gaf-ecig,BALTIMORE,,cbcih.a,S,Y,,e.hf,ceaa.a,a.a,
,,M,gad.a,ich-giic,SOUTH TAMWORTH,NH,diid.a,,Y,,a.a,a.a,,
Gaid,,,cce.a,dai-dgjf,ROANOKE,IL,gbfgb.a,,Y,,d.a,caaa.a,a.a,caaa.a
,Nourani,M,jci.a,,PHOENIX,AZ,ifagi.a,,N,,d.ebcf,a.a,,a.a
Motomichi,,M,cai.a,,SANTA,ID,idigg.a,,Y,gfaaa.a,h.i,ddaa.a,a.a,ddaa.a
Calum,Hanatani,M,cac.a,ecb-iaeg,WASHINGTON,,caahd.a,M,N,,j.a,a.a,,
Dongping,Kornhauser,,gaf.a,egj-deaj,,SD,fhdgg.a,S,,,a.a,a.a,,a.a
,,M,jci.a,,SAFFORD,AZ,iffei.a,,Y,faaa.a,c.ih,cbaa.a,a.a,cdaa.a
Royce,Champarnaud,F,eaf.a,ecc-habh,,OK,hdbbe.a,M,,bfaaa.a,g.cf,a.a,,baaa.a
Marilde,,,dbj.a,gaj-dcgc,PARKERSBURG,IA,faggf.a,,Y,,i.ji,a.a,,ea.a
Pierre,Markosian,,ige.a,egg-fgba,CHAPIN,,cjadg.a,S,,,d.fgdhbg,ddaa.a,a.a,ddaa.a
Changguan,,M,jah.a,,UNALASKA,AK,jjgif.a,S,Y,hfaaa.a,a.a,a.a,,a.a
Jasmina,Honkela,,geb.a,dce-eaaj,CRYSTAL LAKE,IA,faedc.a,M,N,,h.bbbbab,a.a,,a.a
Diogenes,,M,gcd.a,,ORACLE,AZ,ifgcd.a,,Y,,d.bacf,a.a,,cdaa.a
,Ulgen,M,ccf.a,ijb-ieib,LAKE CHARLES,LA,hagbg.a,,N,eaaaa.a,g.a,efaa.a,a.a,a.a
Gookhai,,M,cad.a,fde-fjje,NEW CANAAN,CT,,,Y,jaaaa.a,f.a,bchfa.a,a.a,
,Panagopoulou,,dae.a,hdd-ejdi,MONTGOMERY,,cfbdg.a,,N,bfaaa.a,d.df,a.a,,
Xinglin,,M,cah.a,cie-gdae,READFIELD,ME,edff.a,,Y,daaaa.a,i.f,cifa.a,a.a,
,,,hab.a,hdi-dajj,NEW ENGLAND,ND,figeh.a,,Y,hfaaa.a,c.gcfbcih,a.a,,ddaa.a
Camino,Reinitzer,M,iga.a,caj-bhfh,CANTERBURY,CT,gddb.a,S,N,caaaa.a,f.a,bchfa.a,a.a,
Ossama,,,cbj.a,jja-bagd,MEROM,IN,ehigb.a,,Y,,d.e,a.a,,baaa.a
Nedo,Battaiola,F,iga.a,bee-edbj,MIDDLETOWN,CT,gefh.a,,N,efaaa.a,f.a,bchfa.a,a.a,
Sevki,Cronan,M,faf.a,,,NM,iiafb.a,M,,daaaa.a,f.d,a.a,,a.a
Minshine,,,eag.a,fga-cgfg,PINESDALE,MT,fjieb.a,,Y,eaaaa.a,g.j,bjaa.a,a.a,bjaa.a
,,F,gad.a,idf-gfgg,WARNER,NH,dchi.a,S,Y,,a.a,a.a,,
Cristian,Legay,,daf.a,dde-jhhh,TAMPA,,ddgah.a,M,N,,a.a,a.a,,a.a
,,,eag.a,gji-fjag,GARRYOWEN,MT,fjadb.a,M,Y,gfaaa.a,g.j,a.a,,bjaa.a
Nedo,,,jij.a,eaj-eiag,DETROIT,MI,eicdi.a,M,Y,hfaaa.a,d.j,a.a,,dbaa.a
,,F,ibg.a,hgc-ijjh,HUNTSVILLE,MO,,M,Y,baaaaa.a,g.a,a.a,,bcaa.a
Bashar,,,hab.a,bbi-ejaj,CROSBY,ND,fihda.a,M,Y,faaa.a,c.b,a.a,,ddaa.a
Clelia,Langholm,F,iai.a,,MILILANI,HI,jghij.a,,N,,i.cf,baea.a,a.a,a.a
Benedetto,Azevedo,,gdg.a,jii-fhfc,GOBLER,MO,gdiej.a,S,N,daaaa.a,g.a,cbaa.a,a.a,a.a
Sati,Gaubert,,cfb.a,dgb-fhga,TRENTON,,dfhhe.a,S,N,daaaa.a,f.a,bfaa.a,a.a,a.a
Hou,Nadel,F,jah.a,,SAND POINT,AK,jjggb.a,,N,,a.a,a.a,,a.a
Vassos,,F,jah.a,,VALDEZ,AK,jjgig.a,S,Y,,a.a,a.a,,a.a
,Walston,M,egj.a,,,TX,hiaga.a,S,,haaaa.a,a.a,a.a,,a.a
Kang,,,cbj.a,fbe-bagi,DEEDSVILLE,,egjcb.a,M,Y,faaa.a,d.e,a.a,,baaa.a
Richard,,,cfg.a,ded-dgbd,BOOTH,,dgaai.a,S,Y,hfaaa.a,f.a,bfaa.a,a.a,daa.a
,,,hhc.a,hef-dgad,PIERSON,,dcbia.a,,Y,eaaaa.a,a.a,a.a,,a.a
Yuichi,Diehr,M,hac.a,,,NV,ijfcd.a,M,,iaaaa.a,a.a,a.a,,a.a
Claudi,Borovoy,F,iac.a,dcd-jbda,,VT,,S,,ifaaa.a,e.gjgce,ddaa.a,a.a,
,,F,jci.a,,PRESCOTT,AZ,igdbd.a,,Y,efaaa.a,d.ebcf,cbaa.a,a.a,cdaa.a
,Wixon,M,fia.a,jcg-edjb,,OK,hejej.a,S,,hfaaa.a,g.cf,baaa.a,a.a,baaa.a
,Chattopadhyay,M,fad.a,,,OR,jhdij.a,M,,gfaaa.a,j.a,a.a,,bfj.a
,Marchok,,dae.a,ihh-febh,DEEP WATER,,cfafh.a,M,N,,d.a,a.a,,
,Linares,M,cea.a,gjg-dbcc,ACCIDENT,,cbfca.a,M,N,,e.hf,a.a,,
Houston,Showalter,F,ffb.a,dgj-jaif,,NJ,iici.a,S,N,efaaa.a,b.hjechai,baaa.a,a.a,
,,F,hdc.a,hgh-fghj,,NJ,iagd.a,S,Y,bfaaa.a,b.e,baaa.a,a.a,
Andisheh,Cannan,F,fea.a,gfe-dchb,VICTORIA,,,M,,jaaaa.a,f.hf,a.a,,
,Kaib,M,dah.a,,,WY,iciab.a,M,N,,a.a,a.a,,a.a
Yan,Setiz,M,hhf.a,efb-iibe,,NV,,S,,ifaaa.a,a.a,a.a,,a.a
Bryony,,F,eed.a,chd-cijf,PARSONSBURG,,cbiej.a,,Y,hfaaa.a,e.hf,ceaa.a,a.a,
Sauli,Georgatos,,fig.a,bjf-ijeb,FREEPORT,MI,ejdcf.a,S,N,bfaaa.a,d.j,dbaa.a,a.a,a.a
Dianxiang,Nguifo,M,jdj.a,fca-eada,,PR,hgg.a,M,,,a.a,a.a,,
,Cords,F,edc.a,,,TX,iifej.a,S,,gfaaa.a,a.a,a.a,,a.a
Zhiqun,,,eag.a,ehi-hhdg,GARDINER,MT,fjada.a,M,Y,eaaaa.a,g.j,a.a,,bjaa.a
,Heppler,,ecd.a,iae-fhha,CLARKSVILLE,,dhaeb.a,M,,,a.a,a.a,,a.a
Hoang,Konikowska,,iad.a,jih-jgjd,MC CORMICK,,cjidf.a,,,,h.a,ddaa.a,a.a,a.a
Ettore,Laplante,M,hac.a,,,NV,ijidf.a,M,,,a.a,a.a,,a.a
Hilde,Goralwalla,F,jaj.a,,KERNVILLE,CA,jdcdi.a,,N,caaaa.a,e.ccjhhbg,ih.a,a.a,a.a
Katsushi,Kumaresan,,eag.a,fif-fdcb,TWO DOT,MT,fjaif.a,S,N,,g.j,bjaa.a,a.a,a.a
Koh,Ormicki,M,hca.a,,BRIGHTON,CO,iagac.a,S,N,hfaaa.a,e.gd,a.a,,a.a
Shashi,Aue,M,dah.a,caj-bebc,,WY,,S,N,baaaaa.a,a.a,a.a,,a.a
Shinin,Maliniak,F,eab.a,dih-dega,,RI,cihh.a,S,,,a.a,a.a,,
Donald,,M,cac.a,egi-dddg,WASHINGTON,,,M,Y,ifaaa.a,j.a,a.a,,
Takanari,Crovella,M,jha.a,,LAMAR,CO,ibafc.a,,N,haaaa.a,e.gd,a.a,,a.a
,,F,faf.a,,,NM,ihfgj.a,M,Y,ffaaa.a,f.d,a.a,,ddaa.a
Eberhardt,Kokeny,,eag.a,dfc-iffb,CULBERTSON,MT,fjcbi.a,M,N,,g.j,a.a,,a.a
Hironao,MacLeod,,ghi.a,bjj-iebj,PINE MOUNTAIN,,dbicc.a,,N,,g.a,a.a,,a.a
Athula,Altman,M,hac.a,,,NV,ijfjf.a,S,,gaaaa.a,a.a,a.a,,a.a
,,F,hdc.a,jbh-figb,,NJ,iihg.a,S,Y,faaaa.a,b.ihdbcf,baaa.a,a.a,
Marita,,M,cai.a,,PRINCETON,ID,idifh.a,,Y,bfaaa.a,f.fcjaec,ddaa.a,a.a,ddaa.a
Jiawei,Reeds,,igf.a,dba-icca,LANCASTER,,difgj.a,,,cfaaa.a,a.a,a.a,,a.a
,Moharir,F,edc.a,ibg-hjia,,TX,hfaga.a,S,,,a.a,a.a,,a.a
,Angebranndt,,jia.a,iga-cgga,MIDWAY PARK,,cifee.a,,N,faaa.a,g.a,ddaa.a,a.a,
,Subhlok,M,ibe.a,hba-gdhf,PRICEDALE,,bfahc.a,,,gaaaa.a,d.ah,a.a,,
Adhemar,,,hab.a,cjd-jdbc,MINOT,ND,fihad.a,,Y,,c.hebafbc,ddaa.a,a.a,ddaa.a
,Dahl,M,cai.a,,BRUNEAU,ID,idgae.a,M,N,faaaa.a,h.i,a.a,,a.a
Katharina,Demleitner,F,cai.a,,GENEVA,ID,idcdi.a,S,N,hfaaa.a,h.i,ddaa.a,a.a,a.a
Cristopher,Weibel,F,geg.a,dff-hfch,,NY,bdghd.a,M,,cfaaa.a,e.ajiehff,a.a,,
,Coluccini,,jbd.a,gie-eibg,WESKAN,KS,ghhgc.a,M,N,baaaa.a,d.f,a.a,,a.a
Sait,Reus,M,ecd.a,efi-jghb,MOSHEIM,,,,,jfaaa.a,a.a,a.a,,a.a
Calum,,M,cfb.a,edd-jjfe,WOODSTOCK,,,S,Y,ifaaa.a,f.a,bfaa.a,a.a,daa.a
,,M,hhe.a,ibe-fffc,MARSTONS MILLS,MA,cgei.a,,Y,cfaaa.a,f.d,dfhf.a,a.a,
,,F,faf.a,,,NM,ihjdg.a,S,Y,,f.d,ddaa.a,a.a,ddaa.a
,Reifer,M,dga.a,jab-eajj,,WA,,M,N,jaaaa.a,a.a,a.a,,a.a
Walt,Abbod,F,fhb.a,jdi-gjgh,ARLINGTON,,cccaf.a,S,,faaaa.a,f.hf,jaa.a,a.a,
Letizia,MacNaughton,,hab.a,ddb-ifeg,ASHLEY,ND,fiebd.a,M,N,,c.cbjeaac,a.a,,a.a
Yoshimitsu,Rovere,F,jah.a,bjd-hhfg,PRUDHOE BAY,AK,,,N,ifaaa.a,a.a,a.a,,a.a
Akinori,,M,ccf.a,efe-cfhg,LECOMPTE,LA,,,Y,ifaaa.a,g.a,efaa.a,a.a,baaa.a
ShengLi,Bage,,jab.a,gaj-eaeh,JACKSON,,didai.a,,,eaaaa.a,a.a,a.a,,a.a
,,F,jej.a,,CLAREMONT,CA,jbhbb.a,S,Y,gaaaa.a,j.d,ih.a,a.a,chc.a
Christodoulakis,Felgentreu,,gbf.a,gfd-jcjd,IDLEWILD,,dideg.a,M,,faaa.a,a.a,a.a,,a.a
Gustave,Napiorkowski,,ige.a,jjj-idhh,LANDO,,cjhce.a,,,,h.a,ddaa.a,a.a,ddaa.a
German,Perritt,M,jca.a,fhh-jifb,,WI,,M,N,ifaaa.a,f.jcdcjah,a.a,,a.a
,,M,iai.a,,HANALEI,HI,jghbe.a,M,Y,,i.cf,a.a,,baea.a
Jeffery,Sancho,M,hac.a,efd-fbge,,NV,,M,,jfaaa.a,a.a,a.a,,a.a
Shifu,Stetina,F,cag.a,,,WA,jibbc.a,M,N,efaaa.a,a.a,a.a,,a.a
Hironao,Upadhyaya,F,jdg.a,,,TX,hhhai.a,M,,dfaaa.a,a.a,a.a,,a.a
Laurie,,,gdg.a,fbg-cghd,ULMAN,MO,gfaid.a,S,Y,,g.a,cbaa.a,a.a,bcaa.a
Sichen,,F,eia.a,,AGUILA,AZ,ifdca.a,M,Y,hfaaa.a,d.ihhf,a.a,,cdaa.a
Tetsuo,Philips,M,deh.a,fhb-gagd,,NY,bched.a,S,,eaaaa.a,e.bifdgfh,a.a,,
Merrell,Chiodo,M,hib.a,dei-caeg,SOMERVILLE,MA,cbed.a,,N,iaaaa.a,f.d,a.a,,
Kyo,,,ebh.a,fgh-ffaa,MOUNT STERLING,MO,gfagc.a,,Y,,g.a,a.a,,bcaa.a
LiMin,Riva,M,dah.a,,,WY,idebe.a,M,N,caaaa.a,a.a,a.a,,a.a
,,M,cai.a,,ARBON,ID,idcbc.a,M,Y,,h.i,a.a,,ddaa.a
,,M,dah.a,,,WY,ichcf.a,S,Y,daaaa.a,a.a,a.a,,a.a
Owen,,M,dac.a,jfe-ehag,BRIDGEVILLE,,bjjdd.a,M,Y,efaaa.a,e.jchchd,a.a,,
,McDermid,,gbf.a,hci-ciie,RELIANCE,,dhdgj.a,,,,a.a,a.a,,a.a
Oksana,Yamauchi,F,feb.a,,,OR,jheed.a,M,,daaaa.a,j.a,a.a,,bfj.a
Hosame,Printista,M,fia.a,dbd-ejei,,OK,hdbdf.a,S,,efaaa.a,g.cf,baaa.a,a.a,baaa.a
Gennady,Franaszczuk,F,jah.a,,CHUGIAK,AK,jjfgh.a,M,N,iaaaa.a,a.a,a.a,,a.a
Shahid,Rutschlin,F,jif.a,fdf-djbd,NEW IBERIA,LA,,,N,baaaaa.a,g.a,a.a,,a.a
Yuzou,Biedassek,F,gaf.a,ehf-ebib,,SD,,M,,baaaaa.a,a.a,a.a,,a.a
Udi,Pileggi,F,iha.a,ecj-gdca,MOUNT JUDEA,AR,hcgff.a,,N,ffaaa.a,h.a,a.a,,a.a
Moises,Autexier,F,edf.a,,,UT,iebbg.a,S,,hfaaa.a,h.a,cehf.a,a.a,cehf.a
Seungho,,M,iga.a,bah-fgga,NORTH GRANBY,CT,gaga.a,,Y,,f.a,bchfa.a,a.a,
,Benzmuller,,gaf.a,ije-fdcb,,SD,fhafi.a,M,,haaaa.a,a.a,a.a,,a.a
,Forslund,M,jah.a,ija-djaf,GOODNEWS BAY,AK,,M,N,baaaaa.a,a.a,a.a,,a.a
Xiufeng,,F,dga.a,,,WA,jifec.a,S,Y,,a.a,a.a,,a.a
Terran,Tishby,M,jbi.a,gaj-ecgf,,OK,heahg.a,M,,gaaaa.a,g.cf,a.a,,baaa.a
,,,cfb.a,hdb-caif,ANNISTON,,dgcac.a,S,Y,gfaaa.a,f.a,bfaa.a,a.a,daa.a
,Vanegas,F,cad.a,hib-icfb,MOOSUP,CT,,,N,iaaaa.a,f.a,bchfa.a,a.a,
Orlando,Bitan,,jia.a,dih-dbfj,SANDY RIDGE,,chaeg.a,,N,faaaa.a,g.hibegie,a.a,,
,,M,ifg.a,hbg-ebab,,NJ,hgee.a,M,Y,,b.e,a.a,,
Jaewon,Khoshnevisan,F,edf.a,,,UT,iehhj.a,S,,,h.a,cehf.a,a.a,a.a
,Wijk,M,hdc.a,iad-fjgc,,NJ,,S,N,baaaaa.a,c.ggbgggj,baaa.a,a.a,
,Iturrioz,,iba.a,hed-cidg,HOWELL,MI,eiied.a,S,N,,d.j,dbaa.a,a.a,a.a
Niall,,F,fab.a,bgb-hgib,FAYETTEVILLE,AR,hchab.a,S,Y,,h.a,ca.a,a.a,ca.a
Shigeaki,Morioka,M,fae.a,eha-igia,WILDSVILLE,LA,hbdhh.a,M,N,,g.a,a.a,,a.a
,Skinner,F,gad.a,iaa-jcdb,PORTSMOUTH,NH,diab.a,,N,iaaaa.a,a.a,a.a,,
Nate,Serdy,,ige.a,jhd-dhda,TAMASSEE,,cjgig.a,M,,caaaa.a,h.a,a.a,,ddaa.a
Zin,Fiebach,M,fad.a,dig-ghfj,,OR,,S,,jfaaa.a,j.a,bfj.a,a.a,bfj.a
Simonas,McKie,M,cbd.a,,WEST HILLS,CA,jbdai.a,M,N,,b.a,a.a,,a.a
Yuyan,,M,dah.a,,,WY,idabc.a,M,Y,dfaaa.a,a.a,a.a,,a.a
Noam,Cosby,M,eab.a,gfc-ccdh,,RI,,S,,baaaaa.a,a.a,a.a,,
Seinosuke,,F,jah.a,,GRAYLING,AK,jjfja.a,S,Y,bfaaa.a,a.a,a.a,,a.a
,,,eag.a,jah-deif,GARRYOWEN,MT,fjadb.a,M,Y,,g.j,a.a,,bjaa.a
Haechull,,,hhc.a,bie-cgdb,MIDWAY,,dcded.a,,Y,bfaaa.a,a.a,a.a,,a.a
DongGill,Graft,F,cah.a,bha-ghae,ROXBURY,ME,echf.a,,N,haaaa.a,i.f,cifa.a,a.a,
Tatiana,Kutylowski,M,jhb.a,,,OR,jhaba.a,S,,,j.a,bfj.a,a.a,a.a
,McFarlane,M,eaj.a,,,TX,hheec.a,S,,,a.a,a.a,,a.a
Ewgeni,Lipton,,ecd.a,jib-gijj,MEMPHIS,,dibch.a,,,,a.a,a.a,,a.a
Kinson,Kees,F,ccf.a,efg-gefd,WAKEFIELD,LA,hahie.a,S,N,,g.a,efaa.a,a.a,a.a
,Subramaniyam,M,jdb.a,igj-hhgh,VANLEER,,,M,,jfaaa.a,a.a,a.a,,a.a
,,F,iai.a,iji-iccd,KAUMAKANI,HI,,,Y,ifaaa.a,i.cf,a.a,,baea.a
Aiwei,,M,iha.a,cjd-gecb,SULPHUR ROCK,AR,hcfhj.a,S,Y,,h.a,ca.a,a.a,ca.a
Ziva,Neufeld,M,jbh.a,eie-dagh,,NY,bbcae.a,S,,,e.bfgeacg,a.a,,
Voratas,Waligora,F,igf.a,jjg-ifei,HOHENWALD,,,S,,baaaaa.a,a.a,a.a,,a.a
,Cheriton,F,iab.a,,,UT,iefec.a,S,,gfaaa.a,h.a,cehf.a,a.a,a.a
Chokchai,Faulk,M,ifh.a,fjg-fhaf,WORCESTER,MA,bgac.a,S,N,gaaaa.a,f.d,dfhf.a,a.a,
Leland,,,jbd.a,gdi-cecb,FORT DODGE,KS,ghied.a,S,Y,baaaa.a,d.f,ccfa.a,a.a,ccfa.a
Guntram,Wender,,jdh.a,cha-hhfh,FOSTORIA,,eeida.a,M,,baaaa.a,a.ihhjhee,a.a,,bdaa.a
,Woelk,,eae.a,hia-hhge,GLENNVILLE,,daech.a,S,N,gfaaa.a,g.a,chaa.a,a.a,a.a
,Lapis,M,dah.a,,,WY,icjee.a,M,N,,a.a,a.a,,a.a
Eugeniusz,Thacker,,gag.a,chc-efbf,GAYS CREEK,,ebhef.a,M,N,efaaa.a,e.dddddd,a.a,,a.a
Masami,Azulay,M,eba.a,dig-ccej,PINEY POINT,,caghe.a,,N,efaaa.a,e.hf,ceaa.a,a.a,
Divine,,,cfg.a,jgf-efjc,MUNFORD,,dgcgi.a,,Y,gfaaa.a,f.a,a.a,,daa.a
,,,dbe.a,ibe-jgdf,STRASBURG,MO,geaja.a,,Y,faaaa.a,g.a,a.a,,bcaa.a
,Langerman,,hfh.a,ihc-ebce,VIRGINIA STATE UNIVERSITY,,cdiag.a,M,,,f.hf,a.a,,
Aju,Amarel,F,gad.a,egj-icjh,ATKINSON,NH,dibb.a,S,N,bfaaa.a,a.a,a.a,,
,Templeman,,hif.a,jag-fidh,ELLINWOOD,KS,ghfcg.a,M,N,cfaaa.a,f.egggggh,a.a,,a.a
Erin,Chandra,F,dab.a,gff-dagg,KENSINGTON,,,,N,ifaaa.a,e.hf,ceaa.a,a.a,
Liqun,,M,iai.a,,HONOLULU,HI,jgiba.a,M,Y,,i.cf,a.a,,baea.a
Eddie,,,ici.a,jjh-hbbh,JACKSONVILLE,,cifea.a,,Y,,g.fhbghi,ddaa.a,a.a,
Yuliang,Uresin,M,ddh.a,fca-gabh,BRANCH,LA,hafbg.a,S,N,ffaaa.a,g.a,efaa.a,a.a,a.a
,,,gda.a,ibc-eiga,CARRIER MILLS,IL,gcjbh.a,S,Y,,d.a,caaa.a,a.a,caaa.a
,,M,ddj.a,gia-jgaa,CHERRY VALLEY,MA,bgbb.a,M,Y,,f.d,a.a,,
Bowen,,F,fig.a,jig-jicf,BEAVERTON,MI,,S,Y,iaaaa.a,d.j,dbaa.a,a.a,dbaa.a
Umberto,Sartini,M,dga.a,bec-bdij,,WA,,M,N,iaaaa.a,a.a,a.a,,a.a
,Boillat,F,fgh.a,gjb-jhfi,CINCINNATI,,,S,,jfaaa.a,d.gjjfdih,bdaa.a,a.a,bdaa.a
Basuki,,,dca.a,bfd-caig,BRUNO,MN,ffhbc.a,S,Y,baaaa.a,f.df,ddaa.a,a.a,ddaa.a
,Grivas,M,cai.a,,HAILEY,ID,idddd.a,S,N,bfaaa.a,f.fcjaec,ddaa.a,a.a,a.a
Hiromu,Haake,F,fab.a,jgb-fcfh,MANSFIELD,AR,hcjee.a,,N,,h.a,ca.a,a.a,a.a
Olivera,Heijst,M,hac.a,,,NV,ijbci.a,M,,,a.a,a.a,,a.a
Athushi,,M,gad.a,cdf-cdbj,PLAISTOW,NH,digf.a,,Y,,a.a,a.a,,
Debendra,Alblas,F,fif.a,fbc-ijji,,NY,bbjdj.a,S,,efaaa.a,e.cbedcjc,a.a,,
,,F,eed.a,hdi-jcda,WILLARDS,,,M,Y,jaaaa.a,e.hf,a.a,,
,,,jeh.a,hie-jdcf,CORAL,MI,ejdcc.a,M,Y,,d.j,a.a,,dbaa.a
Zhu,Juuso,M,jhi.a,bha-fcia,DEERFIELD,MA,bdec.a,S,N,,f.d,dfhf.a,a.a,
Mirjam,,M,ccf.a,efb-ccac,COTTONPORT,LA,hbdch.a,S,Y,faaa.a,c.a,efaa.a,a.a,baaa.a
,Dobmann,M,iai.a,,HONOLULU,HI,jgidh.a,S,N,gaaaa.a,i.cf,baea.a,a.a,a.a
Kerima,,F,eag.a,dhb-jjih,SAINT MARIE,MT,,,Y,jfaaa.a,g.j,bjaa.a,a.a,bjaa.a
Aduri,Dierolf,,caf.a,gbf-hfgd,BERRY,,dffeg.a,M,N,cfaaa.a,f.a,a.a,,a.a
Linn,,,eag.a,cgb-hddi,BILLINGS,MT,fjbag.a,S,Y,,g.j,bjaa.a,a.a,bjaa.a
,Haemer,M,hac.a,,,NV,ijaac.a,S,,,a.a,a.a,,a.a
Uchang,McCandless,,fhb.a,eja-hedh,MANNBORO,,cdbaf.a,,,,f.cbecig,a.a,,
,,,eag.a,gij-hcge,BILLINGS,MT,fjbbb.a,S,Y,bfaaa.a,g.j,bjaa.a,a.a,bjaa.a
Junxian,,M,iai.a,,KEALIA,HI,jghfb.a,,Y,hfaaa.a,i.cf,a.a,,baea.a
Jianna,Greve,F,cah.a,fbf-fbic,RANDOLPH,ME,edeg.a,,N,bfaaa.a,g.jfiacjd,a.a,,
Guido,Miake,,caf.a,jeg-jiba,ALTON,,dfabf.a,S,N,,f.a,bfaa.a,a.a,a.a
Merritt,Tuncel,F,cad.a,gff-idfc,FALLS VILLAGE,CT,gadb.a,S,N,haaaa.a,f.a,bchfa.a,a.a,
Assia,Steinparz,F,iai.a,,HONOLULU,HI,jgice.a,M,N,efaaa.a,i.cf,a.a,,a.a
Shao,Clenshaw,M,ecf.a,,,WA,jibif.a,S,N,bfaaa.a,a.a,a.a,,a.a
,Schenk,M,iga.a,hfc-egha,SOUTH GLASTONBURY,CT,gahd.a,,N,eaaaa.a,f.a,a.a,,
Ranjit,Das,,gaf.a,eae-gijg,,SD,fhdei.a,S,,faaaa.a,a.a,a.a,,a.a
Sadahiro,Takeoka,,gbf.a,faa-hdhf,DELLROSE,,diefd.a,M,,dfaaa.a,a.a,a.a,,a.a
,Cowan,,cgc.a,igh-egbg,,WI,fejhj.a,M,N,faaa.a,e.g,a.a,,a.a
,Desanctis,F,jfg.a,,,TX,hgcee.a,S,,baaaa.a,a.a,a.a,,a.a
Mahendran,,F,fac.a,gae-bagc,NEBO,,,,Y,ifaaa.a,g.a,ca.a,a.a,ca.a
,Meszaros,M,dah.a,,,WY,icgej.a,M,N,,a.a,a.a,,a.a
Polle,,,jbc.a,gbj-jaic,BARTOW,,daebd.a,M,Y,dfaaa.a,g.a,a.a,,daaa.a
,Ivanova,,fig.a,ijj-bfgg,COLEMAN,MI,eigbi.a,M,N,,d.j,a.a,,a.a
,Rutten,M,iai.a,,PAIA,HI,jghhj.a,,N,ffaaa.a,i.cf,a.a,,a.a
Kohei,Cozza,,jca.a,fae-hhcc,,WI,fdfef.a,S,N,eaaaa.a,f.bebeaje,haa.a,a.a,a.a
Paris,Carre,,gaf.a,ccc-ijag,,SD,fhahf.a,M,,ffaaa.a,a.a,a.a,,a.a
Ruchir,Bruandet,,dbj.a,dig-chgf,OLIN,IA,fcdca.a,,N,cfaaa.a,e.acdfece,a.a,,a.a
Zdravko,Rigo,,hgd.a,jdj-fgjh,FINLAND,MN,ffgad.a,M,N,caaaa.a,f.df,a.a,,a.a
Blair,Piricka,M,gaf.a,ejf-hadd,,SD,,M,,jfaaa.a,a.a,a.a,,a.a
Evaggelia,,,gfb.a,gfd-jcea,BEMIDJI,MN,fggbj.a,S,Y,,f.df,ddaa.a,a.a,ddaa.a
Moriyoshi,Complak,,iad.a,eeb-bdeh,LA FRANCE,,cjgfg.a,,,faaaa.a,h.a,a.a,,a.a
,,,cce.a,hed-figc,BATH,IL,gcgbh.a,M,Y,,d.a,a.a,,caaa.a
,Bugrara,F,jbi.a,hgf-jfhj,,OK,hdbae.a,M,,gfaaa.a,g.cf,a.a,,baaa.a
Cem,Reinsch,,dbe.a,fbd-djgi,COLUMBIA,MO,gfcaf.a,S,N,gaaaa.a,g.a,cbaa.a,a.a,a.a
Yuanyuan,Ullrich,M,dac.a,fgg-jdjc,NASSAU,,bjjgj.a,,N,daaaa.a,d.jaefefd,bba.a,a.a,
Mohsen,,,jbj.a,jjc-gdhi,GLENWOOD,,cihdh.a,S,Y,,g.aehcacg,ddaa.a,a.a,
Papa,Ochoa,,cdj.a,eai-dgaf,FORT MYERS BEACH,,ddjdc.a,M,N,ffaaa.a,a.a,a.a,,a.a
Jef,Reinitzer,F,fad.a,,,OR,jhacd.a,M,,hfaaa.a,j.a,a.a,,bfj.a
,Hemaspaandra,,dbj.a,iag-jebj,NEW VIRGINIA,IA,facba.a,,N,,g.ddjcbb,ea.a,a.a,a.a
Youpyo,,M,hca.a,,HOWARD,CO,ibcdd.a,S,Y,ffaaa.a,e.gd,a.a,,a.a
Helga,Shackel,,iad.a,bdc-fffb,LANDRUM,,cjdfg.a,,,gaaaa.a,h.a,ddaa.a,a.a,ddaa.a
Yuichi,,,cfg.a,bbe-bjeb,MOBILE,,dggjb.a,,Y,ffaaa.a,f.a,bfaa.a,a.a,daa.a
Huican,,,dai.a,djg-gada,SAINT HELENA,NE,gihhe.a,,Y,,g.ie,bad.a,a.a,bad.a
Youngdon,Georg,,ibg.a,ffh-iffe,RIVERSIDE,MO,gebfa.a,,N,dfaaa.a,g.a,a.a,,a.a
Fumitaka,Ghalwash,F,eba.a,ddh-ifcf,BURTONSVILLE,,caigg.a,S,N,haaaa.a,e.hf,ceaa.a,a.a,
Yujun,Setubal,F,gdb.a,bdi-hjih,,NY,bddff.a,S,,daaaa.a,e.bchedj,a.a,,
,Rachid,M,cac.a,hdh-bgca,WASHINGTON,,cafha.a,S,N,iaaaa.a,j.a,bdha.a,a.a,
Landy,Kiesel,F,gic.a,,,TX,hgdah.a,S,,,a.a,a.a,,a.a
GuoDong,,,dbg.a,dch-edia,SMITH CENTER,KS,ggjgh.a,,Y,,g.ef,a.a,,ccfa.a
Sethu,,,fgb.a,daa-gadg,JACKSONVILLE,,dcchh.a,,Y,,a.a,a.a,,a.a
Sammy,,,eag.a,efi-dagj,BUSBY,MT,fjabg.a,M,Y,,g.j,a.a,,bjaa.a
Siyi,Farreny,M,ihi.a,fei-caid,CALLERY,,bgace.a,S,,gfaaa.a,d.ah,a.a,,
Hungwen,Cassez,F,dac.a,eij-eahd,DOVER,,,S,N,jfaaa.a,f.jf,bba.a,a.a,
Bassel,,,fac.a,fji-edai,LEXINGTON,,eafhi.a,,Y,,g.a,a.a,,ca.a
,Lavoie,,gab.a,ige-cbfd,PRENTISS,,djehe.a,,N,,f.a,a.a,,a.a
Sovanna,Aloia,,dbe.a,gfj-jfbc,SPRINGFIELD,MO,gfiac.a,,N,gaaaa.a,g.a,a.a,,a.a
Chadia,Karstu,,gdg.a,fia-bjge,POTTERSVILLE,MO,gfhja.a,,N,,g.a,a.a,,a.a
Masakage,Pitchumani,F,ccf.a,cbe-iged,METAIRIE,LA,haaga.a,,N,ffaaa.a,g.a,a.a,,a.a
,Pottosin,F,cac.a,iag-bfgh,WASHINGTON,,caagd.a,S,N,baaaa.a,e.f,bdha.a,a.a,
Ermanno,,,cfc.a,fja-bjgc,CAROLEEN,,ciabj.a,M,Y,eaaaa.a,g.fhbghi,a.a,,
Eileen,,F,dcd.a,,JOHANNESBURG,CA,jdfci.a,,Y,,i.jfbdbe,ih.a,a.a,chc.a
Eneko,Thies,F,cea.a,bcj-edii,MILLINGTON,,cbgfb.a,,N,gaaaa.a,e.hf,a.a,,
Eliezer,Georg,M,cac.a,cfb-ghgb,WASHINGTON,,,S,N,jfaaa.a,j.a,bdha.a,a.a,
Tushar,Jeffrey,M,gic.a,,,TX,hihde.a,M,,,a.a,a.a,,a.a
Roderic,Kann,F,dah.a,,,WY,icfab.a,M,N,,a.a,a.a,,a.a
Aemilian,Stille,M,dga.a,,,WA,jicgb.a,M,N,efaaa.a,a.a,a.a,,a.a
,Daws,,dae.a,ihg-ffai,WILLIAMSBURG,,cejjb.a,S,N,daaaa.a,e.e,caaa.a,a.a,
Khakhanian,Purna,M,gad.a,dib-efgb,LACONIA,NH,dceg.a,,N,gaaaa.a,a.a,a.a,,
Georgio,,F,gac.a,,FLORENCE,AZ,ifchj.a,S,Y,,d.ihhf,cbaa.a,a.a,cdaa.a
Ivan,Tucker,M,eaj.a,,,TX,hieaf.a,M,,daaaa.a,a.a,a.a,,a.a
,Klement,,ehi.a,icj-ebdf,ALTO,,dafjg.a,M,N,,g.a,a.a,,a.a
,,,dbe.a,hbe-efgc,TRIMBLE,MO,geejc.a,S,Y,,g.a,cbaa.a,a.a,bcaa.a
Simon,Botsch,,ige.a,gee-ifje,SUMTER,,cjbfa.a,S,,cfaaa.a,h.a,ddaa.a,a.a,ddaa.a
Tomoko,Farrel,,had.a,gfi-gjjf,VIRGINIA BEACH,,cdefc.a,M,,efaaa.a,f.hf,a.a,,
Ramesh,Sluizer,F,fca.a,fgj-gdfa,KINGMAN,AZ,,,N,baaaaa.a,e.cgf,a.a,,a.a
Giri,Bouguettaya,M,hac.a,,,NV,ijada.a,M,,gfaaa.a,a.a,a.a,,a.a
Jacqueline,,F,hca.a,,KERSEY,CO,iagee.a,,Y,eaaaa.a,e.gd,a.a,,a.a
Norwin,Dunan,F,faf.a,,,NM,ihjdj.a,S,N,faaaa.a,f.d,ddaa.a,a.a,a.a
Mei,Maluszynski,F,cah.a,ejd-fddf,GUILFORD,ME,eeed.a,M,N,,i.f,a.a,,
Yuewei,Angster,F,eda.a,,,TX,hgajd.a,S,,eaaaa.a,a.a,a.a,,a.a
,,F,faf.a,,,NM,ihaei.a,S,Y,,e.jfhbed,ddaa.a,a.a,ddaa.a
Hujun,Lidstone,,cha.a,fif-iaeh,LACKEY,,ebged.a,,N,,e.gbbbbb,a.a,,a.a
,Cagman,,hif.a,gib-cfeh,OKETO,KS,ggfbi.a,,N,daaaa.a,g.ef,ccfa.a,a.a,a.a
Kagan,Prieve,,cga.a,ehg-hedf,DANVILLE,,egbcc.a,S,N,hfaaa.a,d.e,baaa.a,a.a,a.a
Jans,Greenberger,F,faj.a,,,WA,jieef.a,S,N,iaaaa.a,a.a,a.a,,a.a
,Bolotov,,ied.a,jcf-bjdc,SARDINIA,,cjbed.a,,,gfaaa.a,h.a,a.a,,ddaa.a
Anany,Dovidio,M,dbf.a,jia-hhji,,NY,bddcj.a,M,,ffaaa.a,e.chccfg,a.a,,
Carroll,,M,dah.a,,,WY,icaib.a,M,Y,gaaaa.a,a.a,a.a,,a.a
Rimon,,M,gga.a,cfb-ggaa,PROTEM,MO,,,Y,jaaaa.a,g.a,cbaa.a,a.a,bcaa.a
,,F,iai.a,,LANAI CITY,HI,jghgd.a,,Y,caaaa.a,e.geehdh,baea.a,a.a,baea.a
Tokuji,O'Riordan,F,hih.a,bgd-ibcg,,PR,hda.a,S,,daaaa.a,a.a,a.a,,
,Dehais,,eag.a,hdc-fcee,LOLO,MT,fjieh.a,,N,daaaa.a,g.j,bjaa.a,a.a,a.a
Gokhan,Reiprich,F,iai.a,,HONOLULU,HI,jgiac.a,S,N,faaa.a,b.jeahijf,baea.a,a.a,a.a
,Kalamatianos,F,ehj.a,iig-dbha,STATE UNIVERSITY,AR,hcegh.a,,N,,h.a,a.a,,a.a
,Deves,,ebj.a,ich-fedi,LEESBURG,,efbdf.a,,,dfaaa.a,b.hahiegc,bdaa.a,a.a,bdaa.a
Shyue,Beauvieux,,ied.a,cdd-hfjc,SUMMERVILLE,,cjeid.a,S,,dfaaa.a,h.a,ddaa.a,a.a,ddaa.a
Fay,,F,hif.a,bhj-bddb,CUNNINGHAM,KS,,S,Y,baaaaa.a,g.ef,ccfa.a,a.a,ccfa.a
,Heimdahl,,ied.a,iae-hfgh,CANADYS,,cjedd.a,M,,,h.a,a.a,,ddaa.a
,Wichert,,dae.a,jdc-jdeg,WILCOE,,ceijf.a,M,N,bfaaa.a,d.df,a.a,,
,Peak,F,jif.a,gjg-gfje,METAIRIE,LA,haadd.a,,N,baaaa.a,c.a,efaa.a,a.a,a.a
Sadatoshi,Jurtensen,,ggc.a,chc-fihi,GREENVILLE,,dihac.a,M,N,,f.a,a.a,,a.a
Mark,Podkolzin,F,cce.a,ebe-eihb,LANCASTER,IL,,,N,jfaaa.a,d.a,caaa.a,a.a,a.a
Oystein,Basawa,M,iac.a,efa-fidi,,VT,,M,,jfaaa.a,e.ijfbjef,a.a,,
,,F,cah.a,jaj-dfjj,NEW GLOUCESTER,ME,ecga.a,,Y,daaaa.a,i.f,cifa.a,a.a,
Mustapha,,F,ebd.a,bfc-ihjh,SPRINGFIELD,MA,bbdd.a,,Y,ffaaa.a,f.d,dfhf.a,a.a,
Rudy,Neuhaus,F,cai.a,,BRUNEAU,ID,idgae.a,M,N,,h.i,a.a,,a.a
Lance,,,cdj.a,cch-jfhb,GAINESVILLE,,dcgbb.a,S,Y,hfaaa.a,a.a,a.a,,a.a
Sheryl,Suwanda,M,edf.a,,,UT,iebfh.a,S,,daaaa.a,h.a,cehf.a,a.a,a.a
Daphna,Plesniewicz,F,ibh.a,,,TX,hhfif.a,S,,gfaaa.a,a.a,a.a,,a.a
Arnaud,Dussa,M,jdg.a,ehi-daje,,TX,hfbbe.a,S,,efaaa.a,a.a,a.a,,a.a
Prithviraj,Hobbs,M,ifh.a,jhd-dcib,SIASCONSET,MA,cfge.a,,N,,f.d,dfhf.a,a.a,
Joel,Stamenas,F,iai.a,cdg-jchb,HALEIWA,HI,,M,N,baaaaa.a,i.cf,a.a,,a.a
Serdar,Verhofstadt,M,jhb.a,,,OR,jhcgh.a,M,,efaaa.a,j.a,a.a,,bfj.a
Sefeng,,F,dbi.a,fgj-cbec,DEVILLE,LA,hbdci.a,S,Y,faaa.a,c.a,efaa.a,a.a,baaa.a
,,F,jai.a,hec-chcc,,NJ,,M,Y,jfaaa.a,c.ficibcf,a.a,,
Hosahalli,Mallorqui,,jba.a,did-eggf,HOPE MILLS,,cidei.a,M,N,,h.ebaidj,a.a,,
Dave,,F,dbi.a,gae-ijib,SLAGLE,LA,hbehf.a,,Y,caaaa.a,e.e,a.a,,baaa.a
Tatsuji,Rand,M,gad.a,gab-dcib,MIRROR LAKE,NH,difd.a,,N,hfaaa.a,a.a,a.a,,
Chandramouli,Sigle,,hdb.a,gec-eihd,VANLEER,,dhbib.a,S,,baaaa.a,a.a,a.a,,a.a
Allessandro,Duclos,M,gad.a,efg-jdhh,SULLIVAN,NH,deef.a,,N,hfaaa.a,a.a,a.a,,
,Lalanne,F,hih.a,gjb-feda,,PR,jid.a,M,,,a.a,a.a,,
Yannick,Filipponi,F,gad.a,fcj-jbce,MANCHESTER,NH,dbae.a,,N,gaaaa.a,a.a,a.a,,
Stafford,Miake,M,iac.a,deg-ehgg,,VT,fagj.a,M,,,e.ijfbjef,a.a,,
,,M,ifg.a,ifb-gcag,,NJ,,S,Y,jaaaa.a,c.fadjfic,baaa.a,a.a,
Margaretha,,F,faf.a,dhe-fhij,,NM,,S,Y,ifaaa.a,f.d,ddaa.a,a.a,ddaa.a
Tomohiko,Cantwell,M,cad.a,ddj-feei,SOUTH LYME,CT,,,N,baaaaa.a,f.a,bchfa.a,a.a,
,Gerdt,M,eab.a,iih-caah,,RI,,M,,ifaaa.a,a.a,a.a,,
Hyongmuk,Manhart,F,cac.a,djh-hghh,WASHINGTON,,caccg.a,M,N,,j.a,a.a,,
,,,ghi.a,hfh-icda,HAGAN,,daecj.a,S,Y,dfaaa.a,g.a,chaa.a,a.a,daaa.a
Jussi,Sundareshan,F,ccf.a,dfj-geda,LETTSWORTH,LA,hahfd.a,,N,haaaa.a,g.a,a.a,,a.a
Shoji,Boudjlida,M,cac.a,bcf-ciaa,WASHINGTON,,cadbi.a,M,N,faaa.a,e.f,a.a,,
Jiajie,Plummer,,cfg.a,jea-gich,MONTGOMERY,,dgbdf.a,,N,faaa.a,f.a,a.a,,a.a
,Harangsri,,jia.a,hci-bjge,GREENSBORO,,cheab.a,S,N,,g.fhbghi,ddaa.a,a.a,
,Tickle,M,jdj.a,hhi-hfcj,,PR,jdd.a,S,,caaaa.a,a.a,a.a,,
Tanveer,Flinn,M,fbf.a,fai-gbga,DENMARK,IA,,S,N,iaaaa.a,i.ji,ea.a,a.a,a.a
Evgeny,Argamon,F,hbd.a,eba-iahe,,TX,,S,,jaaaa.a,a.a,a.a,,a.a
Akhilesh,Pinchuk,M,hih.a,dic-bjab,,PR,jej.a,S,,gfaaa.a,a.a,a.a,,
Nand,Layer,,ifj.a,edg-jjha,BEREA,,eaead.a,M,N,,e.afffffd,a.a,,a.a
,Rienhoff,M,cac.a,jdd-fhbi,WASHINGTON,,caahg.a,S,N,gaaaa.a,j.a,bdha.a,a.a,
Hennie,Tausch,,cfb.a,ebi-gghh,PETERMAN,,dgehb.a,,N,dfaaa.a,f.a,a.a,,a.a
Sujeet,,,eae.a,cag-eaej,NEWBORN,,daafg.a,,Y,faaa.a,e.e,chaa.a,a.a,daaa.a
,,F,gad.a,gji-ihfg,SWANZEY,NH,,S,Y,ifaaa.a,a.a,a.a,,
Faouzi,Woelk,M,dah.a,,,WY,ichch.a,M,N,haaaa.a,a.a,a.a,,a.a
Nishit,Christinaz,,igf.a,bag-gaej,MOORESBURG,,dhibb.a,,,hfaaa.a,a.a,a.a,,a.a
Kazuki,Preishuber,M,cea.a,bbj-debi,SAINT INIGOES,,,,N,iaaaa.a,e.hf,ceaa.a,a.a,
,,,dae.a,iha-beje,GREEN SULPHUR SPRINGS,,cfjgg.a,S,Y,,g.f,caaa.a,a.a,
Ikuo,,,ieh.a,bbg-fgbc,DORSEY,IL,gcacb.a,M,Y,efaaa.a,d.a,a.a,,caaa.a
Shiroteru,,,ccj.a,cjh-defc,LAVONIA,,daffd.a,,Y,gfaaa.a,g.a,chaa.a,a.a,daaa.a
,Hamburg,,fgh.a,ije-cfaj,TOLEDO,,edgic.a,M,,,d.cabgbfd,a.a,,bdaa.a
,Carstensen,M,jhb.a,,,OR,jhbbc.a,S,,faaa.a,h.ebacfge,bfj.a,a.a,a.a
Masashi,Roxin,F,dga.a,,,WA,jibbd.a,S,N,gfaaa.a,a.a,a.a,,a.a
Frieda,Coppini,F,hac.a,,,NV,ijeei.a,S,,haaaa.a,a.a,a.a,,a.a
,Norrish,F,hhf.a,,,NV,ijbbd.a,M,,,a.a,a.a,,a.a
Yim,Wadey,F,faf.a,,,NM,iibca.a,M,,hfaaa.a,f.d,a.a,,a.a
Hayo,Wickline,F,hce.a,cad-chba,EAST PROSPECT,,,S,,iaaaa.a,d.ah,a.a,,
Myron,Gold,M,hac.a,ech-hdgi,,NV,,M,,jaaaa.a,a.a,a.a,,a.a
Rohan,Baranowski,,eae.a,fac-jeah,PERKINS,,daicc.a,,N,daaaa.a,g.a,chaa.a,a.a,a.a
Hillol,Kadous,F,fia.a,dbb-gije,,OK,hebad.a,M,,,g.cf,a.a,,a.a
,,,ibd.a,hfh-heba,ORLANDO,,dcigh.a,,Y,,a.a,a.a,,a.a
Teck,,F,dbj.a,dae-dcaj,DEDHAM,IA,,M,Y,baaaaa.a,i.ji,a.a,,ea.a
Kentaru,,M,dac.a,dca-dfgi,NEWARK,,bjhac.a,,Y,gfaaa.a,f.jf,a.a,,
Xiyong,,F,jah.a,,NOATAK,AK,jjhgb.a,,Y,,a.a,a.a,,a.a
Agustin,,M,cai.a,,GLENNS FERRY,ID,idgcd.a,M,Y,haaaa.a,h.i,a.a,,ddaa.a
,,M,cad.a,jba-jijj,STAMFORD,CT,gjbd.a,,Y,,f.a,a.a,,
Fatemeh,Bousson,,fac.a,fbj-cdjg,HENDERSON,,ecebj.a,S,N,baaaa.a,c.diiiiii,ca.a,a.a,a.a
Thiagarajan,,M,hdc.a,fgd-jcfb,PARAMUS,NJ,,,Y,iaaaa.a,c.degcf,a.a,,
Satu,Evett,F,iha.a,dah-fcgc,BEEDEVILLE,AR,hcabe.a,S,N,faaa.a,b.dicgjdj,ca.a,a.a,a.a
Rejane,Wendorf,,gaf.a,efg-eebb,,SD,fhadb.a,S,,faaaa.a,a.a,a.a,,a.a
Osnat,,M,gad.a,cdf-djfg,ASHLAND,NH,dcbh.a,S,Y,,a.a,a.a,,
Concettina,Bay,M,fab.a,dfc-fcia,BAY,AR,,S,N,baaaaa.a,h.a,ca.a,a.a,a.a
,Samaddar,,hif.a,ici-cbje,NICKERSON,KS,ghfgb.a,,N,bfaaa.a,d.f,a.a,,a.a
Yukinobu,,F,cad.a,cge-bebi,EAST CANAAN,CT,gace.a,S,Y,cfaaa.a,f.a,bchfa.a,a.a,
Marzena,Jingmin,F,hhf.a,,,NV,iijaf.a,M,,,a.a,a.a,,a.a
,,M,ggb.a,,NORTH HOLLYWOOD,CA,jbgbg.a,,Y,baaaa.a,b.igj,ih.a,a.a,chc.a
Omran,Koperski,,fac.a,jij-eieg,OLIVE HILL,,ebbge.a,,N,,g.a,a.a,,a.a
Seraffin,,M,fhd.a,feg-gaaf,INDEPENDENCE,MO,,M,Y,jaaaa.a,g.a,a.a,,bcaa.a
Changqing,Eversberg,F,ebd.a,cba-facd,TOWNSEND,MA,begj.a,M,N,haaaa.a,f.d,a.a,,
Mukesh,Sawada,F,cah.a,eba-gjeh,NORWAY,ME,,,N,jfaaa.a,i.f,cifa.a,a.a,
,Goos,F,gdg.a,hhh-dajh,LEADWOOD,MO,,,N,jfaaa.a,g.a,a.a,,a.a
Willard,,F,ifg.a,dbd-gbgj,FAR HILLS,NJ,hjdb.a,M,Y,,b.ffhhaid,a.a,,
Fumiyo,Stahl,M,jhb.a,,,OR,jhdja.a,S,,ffaaa.a,j.a,bfj.a,a.a,a.a
,Goldsby,F,ebc.a,ife-ddha,MIDWAY,,bfaga.a,,,baaaa.a,d.ah,a.a,,
Gail,,,hif.a,fig-gchb,GODDARD,KS,ghafc.a,S,Y,,g.ef,ccfa.a,a.a,ccfa.a
,Shimono,,hab.a,idg-iebe,GLASSTON,ND,ficdg.a,S,N,haaaa.a,c.fghbghf,ddaa.a,a.a,a.a
,Yoshii,F,dae.a,hgb-daed,CHARLESTON,,,M,N,baaaaa.a,g.f,a.a,,
,Raha,F,gac.a,,GANADO,AZ,igfaf.a,S,N,ffaaa.a,d.fghejjj,cbaa.a,a.a,a.a
Marina,Strasen,,ehi.a,gbg-bhfc,BRUNSWICK,,dbfca.a,M,N,efaaa.a,g.a,a.a,,a.a
Kamil,,,eag.a,efi-fegj,RINGLING,MT,fjgec.a,,Y,efaaa.a,g.j,bjaa.a,a.a,bjaa.a
Johanne,,,gbg.a,jia-eghh,COVERT,MI,ejaed.a,M,Y,haaaa.a,d.j,a.a,,dbaa.a
Kan,Lecordix,M,feb.a,,,OR,jheai.a,M,,,j.a,a.a,,a.a
,,F,ddj.a,ibf-jihb,SUNDERLAND,MA,bdhf.a,S,Y,caaaa.a,f.d,dfhf.a,a.a,
Elben,Idri,F,cai.a,,COEUR D ALENE,ID,idibf.a,S,N,,h.i,ddaa.a,a.a,a.a
,Guyton,,ddg.a,iaa-ejbh,SPENCER,,cibfj.a,,N,,g.a,ddaa.a,a.a,
Zygmunt,Justus,F,edf.a,,,UT,iedba.a,S,,,h.a,cehf.a,a.a,cehf.a
Adina,Musikaev,F,gah.a,jfd-dhhf,,NY,bbcbf.a,S,,,e.fdcjcgg,a.a,,
,,F,jah.a,,EMMONAK,AK,jjfib.a,M,Y,,a.a,a.a,,a.a
Grigorii,,,cbj.a,dgg-jcai,PREBLE,,eghic.a,,Y,,d.e,a.a,,baaa.a
Katsuhisa,,,ifj.a,efe-ccgf,MAMMOTH CAVE,,eccfj.a,,Y,faaa.a,c.bbbbbbc,ca.a,a.a,ca.a
Solveig,Gryl,,fhb.a,eid-deac,HAYSI,,cecfg.a,S,,cfaaa.a,f.hf,jaa.a,a.a,
,Maamar,,caf.a,hge-jcbh,SAMANTHA,,dfeic.a,,N,,f.a,a.a,,a.a
,Neuwirth,F,jdj.a,gjj-iffi,,PR,gfj.a,M,,,a.a,a.a,,a.a
,Pintelas,M,gba.a,hgc-gdhf,SPRUCE CREEK,,bggid.a,,,efaaa.a,d.ah,a.a,,
Padhraic,Poggio,,eae.a,cgf-dfda,BOWDON JUNCTION,,dabaj.a,S,N,eaaaa.a,g.a,chaa.a,a.a,a.a
Shushma,,,hig.a,bcb-jiii,ROSELAND,,dcjfh.a,,Y,faaa.a,a.a,a.a,,a.a
,Garrett,M,dah.a,,,WY,idbbc.a,M,N,dfaaa.a,a.a,a.a,,a.a
Bennett,Weusten,M,jhc.a,,,TX,hfdfh.a,S,,gaaaa.a,a.a,a.a,,a.a
Howell,Klingemann,,cbi.a,fgd-ghci,SAINT PAUL,MN,ffbgf.a,,N,,h.if,ddaa.a,a.a,a.a
Takamoto,Oestreicher,M,jdj.a,cag-ehab,,PR,jfc.a,M,,haaaa.a,a.a,a.a,,
,Rosis,F,fhb.a,ihg-cdcd,MIDDLETOWN,,ccgef.a,,,caaaa.a,f.hf,a.a,,
Jianying,Meilijson,,fbd.a,bif-dibe,OTTAWA,,efihf.a,,,,c.hadgjce,a.a,,a.a
Karlheinz,Ernst,F,hbg.a,gej-jdcf,DERBY,,beaeh.a,S,,caaaa.a,e.agjfbce,a.a,,
,McNeese,F,jah.a,,STERLING,AK,jjghc.a,,N,,a.a,a.a,,a.a
,,F,ffb.a,idi-cahi,SOUTH HACKENSACK,NJ,hgag.a,,Y,hfaaa.a,c.cghdjg,baaa.a,a.a,
Shohei,Aerts,F,eac.a,ebb-cccf,MADISON,NE,,,N,baaaaa.a,g.ie,bad.a,a.a,a.a
Chiang,,M,iai.a,,HOLUALOA,HI,jghcf.a,M,Y,ffaaa.a,i.cf,a.a,,baea.a
,,,hag.a,hie-jjgd,MANASSAS,,daedi.a,,Y,,g.a,chaa.a,a.a,daaa.a
,Carballo,F,eaf.a,ieg-fddg,,OK,hdgff.a,S,,caaaa.a,g.cf,baaa.a,a.a,baaa.a
Soraya,,,ccj.a,jhj-jeih,MILLEDGEVILLE,,dbagb.a,,Y,eaaaa.a,g.a,chaa.a,a.a,daaa.a
Stanford,Dolken,F,hdc.a,ech-ejba,ROSELLE PARK,NJ,hcae.a,,N,caaaa.a,b.e,baaa.a,a.a,
Changjie,Laguitton,F,fai.a,cic-hjbb,BOSTON,MA,ccbb.a,M,N,,f.d,a.a,,
Radek,,F,ccf.a,jfi-gagb,GALLIANO,LA,hadfe.a,S,Y,daaaa.a,g.a,efaa.a,a.a,baaa.a
Gabi,Trudel,F,iab.a,caf-gfae,,UT,,M,,baaaaa.a,h.a,a.a,,a.a
Shengrui,Gutenmakher,,fhb.a,cig-ddgd,RED ASH,,cegea.a,,,,f.hf,a.a,,
,Czajkowski,,cfg.a,jbh-eiej,LAFAYETTE,,dgigc.a,,N,eaaaa.a,f.a,bfaa.a,a.a,a.a
Oguz,,,hgd.a,bge-edfe,MINNEAPOLIS,MN,ffefj.a,,Y,caaaa.a,f.df,a.a,,ddaa.a
Franklin,Glew,F,ief.a,fbb-ebeh,HOLLAND,,beaia.a,M,,gfaaa.a,e.ddabid,a.a,,
,Zaroliagis,,jij.a,hjd-jbbi,GARDEN,MI,ejidf.a,M,N,faaa.a,d.j,a.a,,a.a
Hakki,Magenheimer,,jab.a,bfd-fdib,LANCING,,dhhha.a,,,,a.a,a.a,,a.a
Ramayya,Aghili,,iad.a,cbf-hdjc,NORWAY,,cjbbd.a,,,efaaa.a,h.a,a.a,,ddaa.a
,Jonker,,hhc.a,hbi-gcea,WINTER HAVEN,,ddiid.a,S,N,,a.a,a.a,,a.a
Noha,Luzi,F,gcg.a,,RUTHERFORD,CA,jefhd.a,,N,,g.fjafed,a.a,,a.a
Youjip,Thiran,M,hhf.a,,,NV,ijahh.a,S,,bfaaa.a,a.a,a.a,,a.a
,Boese,,dae.a,ifj-fbch,COAL MOUNTAIN,,ceicd.a,S,N,bfaaa.a,d.df,caaa.a,a.a,
Samy,Styblinski,M,ecf.a,cdj-fbha,,WA,,S,N,jfaaa.a,a.a,a.a,,a.a
Luisa,Verloop,F,eba.a,chh-ghhg,KENNEDYVILLE,,,,N,jaaaa.a,e.hf,ceaa.a,a.a,
Chiang,Kuhnemann,,gaf.a,beg-jcfi,,SD,fhcec.a,S,,,a.a,a.a,,a.a
Naotake,Haznedar,F,jha.a,,COPE,CO,iaibc.a,S,N,,e.gd,a.a,,a.a
,Biermann,F,fbg.a,jcc-fceb,,NY,baada.a,S,,daaaa.a,e.bchedj,a.a,,
Lionel,,F,iei.a,ccd-iafg,FAIRTON,NJ,idca.a,M,Y,cfaaa.a,b.ehiifec,a.a,,
Maheswara,Dhagat,F,iha.a,jii-eici,CLARENDON,AR,hcacj.a,S,N,faaaa.a,h.a,ca.a,a.a,a.a
Nobo,Piel,M,hhf.a,,,NV,ijefb.a,M,,iaaaa.a,a.a,a.a,,a.a
,Senator,F,igd.a,jaj-bjab,ROSELAND,,,,N,ifaaa.a,a.a,a.a,,a.a
,Noerr,F,hac.a,,,NV,ijecc.a,S,,,a.a,a.a,,a.a
,,,geb.a,jdf-iceb,MANNING,IA,fbeff.a,,Y,caaaa.a,d.cfbgfch,ea.a,a.a,ea.a
,Nishimukai,,gaf.a,jci-jdih,,SD,fhagd.a,S,,,a.a,a.a,,a.a
Hakim,,,ccj.a,fcj-fega,STATESBORO,,daefj.a,,Y,,g.a,a.a,,daaa.a
Long,Gurla,,jca.a,bde-fcga,,WI,fdfje.a,M,N,iaaaa.a,f.idgebf,a.a,,a.a
Maryalice,,F,ehi.a,fig-ecfe,CUMMING,,,M,Y,jaaaa.a,g.a,a.a,,daaa.a
Michita,Kleftouris,F,gad.a,fde-jhjh,MADISON,NH,diej.a,,N,,a.a,a.a,,
Kexiang,,M,gaj.a,djf-cijg,DELAWARE,NJ,hidd.a,S,Y,bfaaa.a,b.e,baaa.a,a.a,
Fan,Class,M,cai.a,,MAY,ID,idcfd.a,,N,gfaaa.a,h.i,a.a,,a.a
Alec,Getto,M,gaj.a,ehd-dbie,BOONTON,NJ,haaf.a,M,N,haaaa.a,c.biifebh,a.a,,
,,M,fab.a,hdc-ebba,ADONA,AR,hcaab.a,S,Y,,h.a,ca.a,a.a,ca.a
Einoshin,Sollner,,jbj.a,jdj-bdah,HIGH SHOALS,,ciahh.a,M,N,hfaaa.a,h.dafjee,a.a,,
,State,F,edf.a,,,UT,ieaai.a,M,,eaaaa.a,h.a,a.a,,a.a
Tetsuzo,Tiernan,F,gac.a,,GLENDALE,AZ,ifdbc.a,M,N,hfaaa.a,d.ihhf,a.a,,a.a
Bogdan,,,jae.a,cfg-egge,MIAMI,,ddbah.a,,Y,dfaaa.a,a.a,a.a,,a.a
Eldad,,,gbi.a,ccf-hccc,DONNELLSON,IL,gcabj.a,S,Y,baaaa.a,d.a,caaa.a,a.a,caaa.a
,,F,cfd.a,,,WA,jieff.a,S,Y,gfaaa.a,a.a,a.a,,a.a
Kewen,Schwiegelshohn,M,dah.a,,,WY,icdcc.a,S,N,dfaaa.a,a.a,a.a,,a.a
Jinya,Kennamer,,cga.a,fae-bhfb,CENTERVILLE,IN,ehdda.a,M,N,,d.e,a.a,,a.a
,Assadi,F,jab.a,ich-ehbb,OLD HICKORY,,,,,jaaaa.a,a.a,a.a,,a.a
Behnam,Tiskin,M,ebe.a,ega-dibb,,WI,,M,N,baaaaa.a,g.bidjbi,a.a,,a.a
Mantis,Susmaga,,cga.a,gab-ibcf,WAVELAND,IN,ehjij.a,S,N,bfaaa.a,d.e,baaa.a,a.a,a.a
Demosthenis,,M,dfb.a,fdb-hiec,WATERTOWN,MA,cehc.a,M,Y,,f.d,a.a,,
Zhili,Sutanto,F,dah.a,,,WY,idbca.a,M,N,bfaaa.a,a.a,a.a,,a.a
Grahame,Gestri,F,eab.a,fea-hjhb,,RI,,M,,baaaaa.a,a.a,a.a,,
Michinori,Tomas,F,dah.a,,,WY,icfbg.a,S,N,cfaaa.a,a.a,a.a,,a.a
Masoud,,,ebe.a,ege-cbag,,WI,feedd.a,S,Y,haaaa.a,f.ggcggdf,haa.a,a.a,eaa.a
Souvik,,,jba.a,gaf-ebci,DURANTS NECK,,chjda.a,M,Y,eaaaa.a,g.fhbghi,a.a,,
Parimal,,M,cab.a,jgg-cfhi,SOMERDALE,NJ,iaid.a,,Y,efaaa.a,b.hjechai,baaa.a,a.a,
Zhaohua,Irshid,,hde.a,cia-bcig,BOYNE CITY,MI,ejhbc.a,S,N,,d.j,dbaa.a,a.a,a.a
Chinying,Orejas,F,jdj.a,cig-ejab,,PR,jcj.a,S,,daaaa.a,a.a,a.a,,
Wilmer,Woof,,ifj.a,jei-bfbd,VERSAILLES,,eadie.a,M,N,cfaaa.a,d.ccccccd,a.a,,a.a
Takumi,Shephard,M,iad.a,fib-iigh,GREEN SEA,,,S,,jfaaa.a,h.a,ddaa.a,a.a,a.a
Injun,,,hab.a,jeh-hibe,PERTH,ND,fidgd.a,,Y,bfaaa.a,c.b,ddaa.a,a.a,ddaa.a
,Lieblein,M,igc.a,gib-eehg,LINWOOD,NJ,iccb.a,,N,,b.gdgfgcf,a.a,,
Sadamu,,,jbc.a,eee-dibf,CARTERSVILLE,,dabcb.a,M,Y,,g.a,a.a,,daaa.a
Sunondo,Asmuth,F,iae.a,ehh-ijah,SALEM,,,,,ifaaa.a,f.hf,a.a,,
Sungwon,Auyong,F,dai.a,bij-ejjc,KENNARD,NE,,,N,baaaaa.a,g.ie,a.a,,a.a
Hansruedi,Buskens,M,ihi.a,dcc-ffcc,NORTHAMPTON,,,,,baaaaa.a,d.ah,a.a,,
,,,gfb.a,hhj-icfb,ROSCOE,MN,fgdhb.a,,Y,daaaa.a,f.ifgeade,a.a,,ddaa.a
Polle,Rothman,F,cag.a,,,WA,jjadd.a,S,N,faaaa.a,a.a,a.a,,a.a
Ivandre,Barrington,M,jhb.a,,,OR,jhfcg.a,M,,faaaa.a,j.a,a.a,,a.a
,Buchter,M,dai.a,jae-ejgd,MCGREW,NE,,,N,baaaaa.a,g.ie,a.a,,a.a
Jint,,M,hbj.a,,DENVER,CO,iacgf.a,M,Y,iaaaa.a,e.gd,a.a,,a.a
,,,hgj.a,iac-dgje,LOUIN,,djddi.a,,Y,hfaaa.a,f.a,gaaa.a,a.a,bfaa.a
,,F,cac.a,hfg-cdie,WASHINGTON,,,S,Y,jaaaa.a,j.a,bdha.a,a.a,
Mitsunori,Kabuka,M,edf.a,,,UT,iegdi.a,M,,,h.a,a.a,,a.a
Tokuzo,Laakso,,hgj.a,jdj-gged,COLUMBUS,,djhab.a,M,N,,f.a,a.a,,a.a
Mori,Salveter,,hgf.a,jgb-ghhb,TERRE HAUTE,IN,ehiac.a,S,N,bfaaa.a,d.e,baaa.a,a.a,a.a
Okuhiko,,F,fae.a,jfe-gjib,LAFAYETTE,LA,hafjf.a,,Y,efaaa.a,g.a,a.a,,baaa.a
Yuk,Alameldin,,iad.a,ffa-bcca,ROCK HILL,,cjhda.a,,,faaa.a,d.fgdhbg,a.a,,a.a
Cesur,Can,M,iab.a,,,UT,iefcd.a,M,,haaaa.a,h.a,a.a,,cehf.a
Hansjurgen,Coe,M,hac.a,,,NV,ijbeh.a,M,,baaaa.a,a.a,a.a,,a.a
Kajal,,M,iai.a,,EWA BEACH,HI,jghag.a,S,Y,,e.geehdh,baea.a,a.a,baea.a
Jana,Kazakos,,dbc.a,cic-efbg,SMITHFIELD,IL,gbehh.a,,N,,d.a,a.a,,a.a
,Rathonyi,F,gad.a,ica-hecb,AUBURN,NH,dadc.a,M,N,bfaaa.a,a.a,a.a,,
Toshiya,Urponen,,gda.a,did-hadc,FAIRVIEW HEIGHTS,IL,gccai.a,S,N,faaaa.a,d.a,caaa.a,a.a,a.a
,Trammell,,hbc.a,ieg-dgcj,ESTHERVILLE,IA,fbdde.a,M,N,gfaaa.a,i.ji,a.a,,a.a
Yoshitomo,Arimoto,,ige.a,edd-bjie,PROSPERITY,,cjbch.a,,,gfaaa.a,h.a,a.a,,a.a
Hafeda,Bentzien,F,fhb.a,cfe-ibgj,PARKSLEY,,,,,ifaaa.a,f.hf,jaa.a,a.a,
,,M,jhd.a,heb-jbge,CLIFFWOOD,NJ,,S,Y,jfaaa.a,c.ficibcf,baaa.a,a.a,
Kirack,,,hbc.a,bde-ihji,AUSTINVILLE,IA,fagai.a,M,Y,,i.ji,a.a,,ea.a
,,M,iai.a,,TRIPLER ARMY MEDICAL CENTER,HI,jgifj.a,S,Y,,b.jeahijf,baea.a,a.a,baea.a
Shih,,M,jif.a,bce-gdcb,GHEENS,LA,hadff.a,M,Y,,g.a,a.a,,baaa.a
Hanafy,,M,iai.a,jge-hebb,WAIALUA,HI,,S,Y,jaaaa.a,i.cf,baea.a,a.a,baea.a
Fabiano,Norigoe,,jba.a,cbf-bebd,ORRUM,,cidgj.a,,N,,g.jjbcfig,ddaa.a,a.a,
,Viccari,,gbf.a,iia-ehcg,WHITLEYVILLE,,difii.a,S,,bfaaa.a,a.a,a.a,,a.a
Gou,Panienski,F,iai.a,,ELEELE,HI,jghaf.a,M,N,efaaa.a,i.cf,a.a,,a.a
Mayuko,Sommen,F,iha.a,jjd-jafa,AMAGON,AR,hcaaf.a,S,N,eaaaa.a,h.a,ca.a,a.a,a.a
Rejane,Bruin,F,jfg.a,jjf-feff,,TX,hfaac.a,M,,bfaaa.a,a.a,a.a,,a.a
,,M,gaj.a,iei-ihai,BOONTON,NJ,,S,Y,baaaaa.a,c.ggbgggj,baaa.a,a.a,
Pitro,,,hha.a,ejh-bajc,CORDELE,,dbabf.a,S,Y,efaaa.a,g.a,chaa.a,a.a,daaa.a
Mohammad,Berregeb,,gfb.a,ehg-bhjg,MINNEAPOLIS,MN,ffedj.a,,N,cfaaa.a,f.fijfjee,ddaa.a,a.a,a.a
Mirta,Nowatzyk,,jbd.a,ehd-cjhe,PAOLA,KS,ggahb.a,,N,,e.eidddd,a.a,,a.a
,Matsubara,,ifj.a,hcd-hbcj,RUSSELLVILLE,,ecchg.a,,N,,f.bggggh,a.a,,a.a
,,,cbi.a,hee-effi,PEMBERTON,MN,fgahi.a,,Y,,h.if,a.a,,ddaa.a
Jutai,,,cfc.a,dbh-cife,WINSTON SALEM,,chbca.a,S,Y,,g.iigdgdf,ddaa.a,a.a,
,Kang,F,gad.a,hdd-jbih,GILMANTON IRON WORKS,NH,didh.a,M,N,,a.a,a.a,,
Yee,Canepa,F,dcf.a,,,TX,hgagi.a,M,,faaaa.a,a.a,a.a,,a.a
,Razaz,,jfc.a,hij-hdgi,CAMPBELL,MN,fgfcc.a,M,N,bfaaa.a,f.df,a.a,,a.a
,,M,dah.a,,,WY,idbbg.a,M,Y,ffaaa.a,a.a,a.a,,a.a
Seongyeol,,,dbe.a,cea-cief,CALHOUN,MO,gfdcd.a,S,Y,faaaa.a,g.a,cbaa.a,a.a,bcaa.a
Genoveffa,Favero,F,hhf.a,dhi-bbcd,,NV,,S,,jfaaa.a,a.a,a.a,,a.a
,Ushiama,,dbd.a,ghi-efgj,EASTPOINTE,MI,eiacb.a,S,N,dfaaa.a,d.j,dbaa.a,a.a,a.a
Suebskul,Zeroual,F,hhf.a,,,NV,ijeeh.a,M,,bfaaa.a,a.a,a.a,,a.a
Djamal,,F,hhe.a,jfh-behi,WESTBOROUGH,MA,bfia.a,S,Y,,f.d,dfhf.a,a.a,
Yonghun,Botman,F,iag.a,,,TX,hggci.a,M,,cfaaa.a,a.a,a.a,,a.a
Jaeheon,,F,dad.a,,LITTLETON,CO,iabgd.a,,Y,gfaaa.a,e.gd,a.a,,a.a
Dolors,,F,jah.a,,KIANA,AK,jjhej.a,,Y,efaaa.a,a.a,a.a,,a.a
Glynn,,M,cai.a,,MURPHY,ID,idgfa.a,,Y,,h.i,ddaa.a,a.a,ddaa.a
Dhaval,Moehrke,F,faf.a,,,NM,ihffi.a,S,N,,f.d,ddaa.a,a.a,a.a
Ruddy,Fecht,M,ehi.a,ehb-jhah,JEWELL,,,,N,ifaaa.a,g.a,chaa.a,a.a,a.a
,Luga,F,dfb.a,hbh-debc,AUBURN,MA,bfab.a,S,N,,f.d,dfhf.a,a.a,
Vicente,Lindberg,,ied.a,ddh-iidb,GLENDALE,,cjdeg.a,S,,,h.a,ddaa.a,a.a,ddaa.a
Deganit,Koponen,,hea.a,dih-bfba,HELENA,,ededf.a,S,,,a.ihhjhee,bdaa.a,a.a,bdaa.a
Terri,Hookway,,ccj.a,bed-bcea,BARTOW,,daebd.a,S,N,,g.a,chaa.a,a.a,a.a
Arnd,Cliff,F,eie.a,bgc-bjgh,PITTSBURGH,,bfcda.a,,,faaaa.a,d.ah,a.a,,
,Aidoud,,ggc.a,gie-hdbe,BECKER,,diicf.a,M,N,bfaaa.a,f.a,a.a,,a.a
Rosangela,Aalborg,M,iac.a,egj-djdd,,VT,fjag.a,M,,gaaaa.a,e.bjiifdf,a.a,,
Alicia,McSkimin,,cbi.a,deg-jcid,SAINT FRANCIS,MN,ffaha.a,,N,,f.df,ddaa.a,a.a,a.a
Azuma,,M,jcf.a,,POWAY,CA,jcage.a,,Y,gaaaa.a,j.d,ih.a,a.a,chc.a
Frode,McDonnell,M,fab.a,bdd-dhgb,EVANSVILLE,AR,hchcj.a,S,N,,h.a,ca.a,a.a,a.a
,Arafa,,dbg.a,hig-jgcd,COLWICH,KS,ghada.a,S,N,cfaaa.a,f.egggggh,ccfa.a,a.a,a.a
Edmund,Litvinov,F,fhb.a,bdc-dggj,WOODVILLE,,cchej.a,M,,,f.hf,a.a,,
Wifried,,,caf.a,cbe-ifdi,RUTLEDGE,,dgahb.a,,Y,gaaaa.a,f.a,a.a,,daa.a
Norma,,F,hab.a,gca-ijbi,WILDROSE,ND,,M,Y,ifaaa.a,c.hebafbc,a.a,,ddaa.a
,Kabakibo,M,iab.a,,,UT,iefci.a,S,,,h.a,cehf.a,a.a,cehf.a
Abhaya,Syrzycki,,ghi.a,fbg-jcbb,ATLANTA,,djjab.a,M,N,eaaaa.a,g.a,a.a,,a.a
Loganath,Pettorossi,M,edf.a,,,UT,ieaij.a,S,,gaaaa.a,h.a,cehf.a,a.a,cehf.a
Pentti,Eco,F,jbi.a,bad-ejfa,,OK,heicf.a,S,,baaaa.a,g.cf,baaa.a,a.a,a.a
Wakunaga,Laqua,F,eaf.a,die-gchi,,OK,heicb.a,M,,,g.cf,a.a,,a.a
Terresa,Rajlich,F,cbf.a,ehd-fccb,ASTON,,bjabe.a,S,,faaaa.a,d.ah,a.a,,
Geunmo,,F,gad.a,dgf-ijjd,TAMWORTH,NH,diig.a,S,Y,efaaa.a,a.a,a.a,,
,Tascini,F,fia.a,ifb-bjde,,OK,hedea.a,S,,faaaa.a,g.cf,baaa.a,a.a,a.a
Arunprasad,Bromley,M,cac.a,edf-bbac,WASHINGTON,,caaic.a,S,N,baaaa.a,e.f,bdha.a,a.a,
,Granvilliers,F,jhb.a,,,OR,jhcda.a,S,,bfaaa.a,j.a,bfj.a,a.a,bfj.a
Marco,Tzitzikas,M,cai.a,,DRIGGS,ID,idecc.a,S,N,faaa.a,c.gjadedj,ddaa.a,a.a,a.a
,Halfin,,jdb.a,iah-hacb,NOLENSVILLE,,dhbdf.a,,,,a.a,a.a,,a.a
Azzam,Peitgen,,eac.a,dgb-jdde,ELYRIA,NE,giidh.a,M,N,baaaa.a,d.jajhajf,a.a,,a.a
Vhris,Baucke,M,iai.a,,HONOLULU,HI,jgicd.a,S,N,iaaaa.a,i.cf,baea.a,a.a,a.a
Agha,Cannon,M,jah.a,,ELIM,AK,jjhdj.a,M,N,caaaa.a,a.a,a.a,,a.a
Slava,Candy,F,cad.a,eij-hiei,MOOSUP,CT,,,N,ifaaa.a,f.a,bchfa.a,a.a,
Jinya,McDonnell,F,fae.a,fdh-iide,KURTHWOOD,LA,hbeed.a,,N,,g.a,efaa.a,a.a,a.a
Jianxiu,,M,dac.a,fbh-cihb,WILMINGTON,,bjiaj.a,S,Y,efaaa.a,e.jchchd,bba.a,a.a,
,Rilling,F,fgh.a,ibh-edje,HAMLER,,,M,,jfaaa.a,d.gjjfdih,a.a,,a.a
Hirotsugu,Grigsby,,hai.a,cej-ebhd,LAWRENCEVILLE,IL,gcedj.a,,N,hfaaa.a,d.a,caaa.a,a.a,a.a
,,F,eia.a,,OVERGAARD,AZ,ifjdd.a,,Y,haaaa.a,d.i,cbaa.a,a.a,cdaa.a
Kensyu,,F,jah.a,,FORT YUKON,AK,jjhea.a,S,Y,caaaa.a,a.a,a.a,,a.a
,,F,jhd.a,ieg-bcaj,VINELAND,NJ,idgc.a,M,Y,,b.e,a.a,,
,,,dbj.a,ihe-ihec,DES MOINES,IA,fajeh.a,S,Y,bfaaa.a,c.ehjhgd,ea.a,a.a,ea.a
Gilford,Haarhoff,M,edf.a,,,UT,iedch.a,M,,,h.a,a.a,,a.a
Germano,Balcazar,,ddg.a,fie-fiei,SANFORD,,chdda.a,,N,daaaa.a,g.dgbiii,a.a,,
,,F,faj.a,,,WA,jighc.a,S,Y,daaaa.a,a.a,a.a,,a.a
,Pleser,,fgd.a,hab-egbe,UNIVERSITY PARK,IA,fcfjf.a,M,N,hfaaa.a,i.ji,a.a,,a.a
Suman,,,fhd.a,eha-fjia,PLEASANT HOPE,MO,gfhcf.a,,Y,eaaaa.a,g.a,a.a,,bcaa.a
,,,hha.a,igd-ghed,SCREVEN,,dbfga.a,,Y,dfaaa.a,g.a,chaa.a,a.a,daaa.a
,,,hab.a,icj-dhhc,HEBRON,ND,figdi.a,S,Y,,c.b,ddaa.a,a.a,ddaa.a
,Kingham,,hab.a,gii-caee,MAXBASS,ND,fihga.a,,N,,c.gcfbcih,a.a,,a.a
Emanuele,McMahan,F,dah.a,,,WY,icgae.a,M,N,,a.a,a.a,,a.a
,Simovici,F,gbh.a,gja-fbhf,AUBURN,MA,bfab.a,M,N,dfaaa.a,f.d,a.a,,
Mahan,,F,cah.a,fjf-jcec,MACHIASPORT,ME,egff.a,,Y,daaaa.a,i.f,a.a,,
,Cesareni,M,gad.a,iee-bjca,ERROL,NH,,M,N,jfaaa.a,a.a,a.a,,
Hafeda,,F,dga.a,,,WA,jiibb.a,S,Y,daaaa.a,a.a,a.a,,a.a
Jani,Nierstrasz,M,iab.a,,,UT,iehcb.a,S,,,h.a,cehf.a,a.a,cehf.a
,Sreerama,F,iab.a,hjc-fbbc,,UT,,S,,jaaaa.a,h.a,cehf.a,a.a,a.a
Thong,Burkhard,,iae.a,dcc-chdh,WEST AUGUSTA,,ceeif.a,M,,gaaaa.a,f.hf,a.a,,
Hideko,,M,dab.a,gdf-djed,JEFFERSON,,cbhff.a,,Y,,e.hf,a.a,,
Hanmao,,F,faj.a,,,WA,jicdd.a,S,Y,gaaaa.a,a.a,a.a,,a.a
Subir,Jokiniemi,,eac.a,ehg-hibc,OMAHA,NE,gibbc.a,,N,,g.ie,a.a,,a.a
Diamantino,,,hab.a,ddd-ihgj,BREMEN,ND,fidbj.a,M,Y,ffaaa.a,c.djdcidi,a.a,,ddaa.a
Shelby,Shermer,F,fia.a,bga-iaaj,,OK,heeef.a,M,,gaaaa.a,g.cf,a.a,,a.a
Branislava,Benzmuller,M,iac.a,gfc-fige,,VT,,M,,ifaaa.a,e.gjgce,a.a,,
Vlatka,Thorelli,F,fbi.a,jia-jjib,,NY,bbhfa.a,S,,efaaa.a,e.cbedcjc,a.a,,
Alfio,Hatakka,F,iac.a,ech-jiei,,VT,fhgi.a,S,,,d.g,ddaa.a,a.a,
Margrethe,Lieberherr,M,jbh.a,bfe-geid,,NY,bajga.a,M,,,e.bchedj,a.a,,
,,M,cah.a,jac-ibgi,ORRINGTON,ME,eehe.a,,Y,hfaaa.a,i.f,cifa.a,a.a,
Haojin,,,jba.a,bjc-gfga,WENTWORTH,,chdhf.a,S,Y,,g.ghgfhdd,ddaa.a,a.a,
,,M,fab.a,gjd-efaf,ENOLA,AR,hcaeh.a,M,Y,,b.dicgjdj,a.a,,ca.a
,Banning,M,ggc.a,hhh-igeb,MOOREVILLE,,,,N,baaaaa.a,f.a,gaaa.a,a.a,a.a
Alla,,M,dbe.a,gfe-eafc,MORRISVILLE,MO,,,Y,jfaaa.a,g.a,cbaa.a,a.a,bcaa.a
Branislava,Fasching,M,gaf.a,efi-bgbf,,SD,,S,,jaaaa.a,a.a,a.a,,a.a
,,,dae.a,jda-gich,MC GRAWS,,cfihf.a,,Y,baaaa.a,d.a,a.a,,
,,M,iai.a,,KALAUPAPA,HI,jghec.a,,Y,hfaaa.a,i.cf,a.a,,baea.a
,,M,jci.a,hjc-jebc,WINKELMAN,AZ,,S,Y,jfaaa.a,e.bihf,cbaa.a,a.a,cdaa.a
,,M,fab.a,ifg-bjic,BONO,AR,hcebg.a,M,Y,caaaa.a,e.jgicaid,a.a,,ca.a
Ann,Speranza,,chg.a,eag-ffic,DRAKES BRANCH,,cdjdh.a,S,,baaaa.a,d.ihf,jaa.a,a.a,
Milorad,Clint,,dai.a,jee-gjhb,FUNK,NE,gijea.a,M,N,hfaaa.a,g.ie,a.a,,a.a
Kuorong,Liggesmeyer,,dbg.a,bbe-idcc,BURR OAK,KS,ggjdg.a,S,N,,g.ef,ccfa.a,a.a,a.a
Tessa,,,eag.a,bdc-ifdf,BILLINGS,MT,fjbag.a,M,Y,dfaaa.a,g.j,a.a,,bjaa.a
Tricia,,F,gac.a,,PAYSON,AZ,iffeh.a,,Y,gaaaa.a,d.gef,cbaa.a,a.a,cdaa.a
Ruay,,,gfb.a,ced-gafd,HOVLAND,MN,ffgag.a,S,Y,,h.if,ddaa.a,a.a,ddaa.a
,Gentile,F,gac.a,,MESA,AZ,ifcba.a,,N,dfaaa.a,d.cfhf,cbaa.a,a.a,a.a
Nanda,,,hha.a,cga-effc,TIFTON,,dbhjd.a,S,Y,,g.a,chaa.a,a.a,daaa.a
,Leunen,,jdh.a,hch-hgah,TOLEDO,,edgfj.a,S,,,d.igffbci,bdaa.a,a.a,a.a
Keiko,Gilchrist,M,cac.a,gff-cddg,WASHINGTON,,caeeh.a,M,N,efaaa.a,j.a,a.a,,
Narushige,Bouabdallah,F,jba.a,bab-dfeh,MONROE,,,,N,jfaaa.a,h.hcffcee,ddaa.a,a.a,
,Gazdar,,fbd.a,gib-hgjb,DAYTON,,efeha.a,M,,bfaaa.a,b.aedjeii,a.a,,a.a
Torgrim,Maskit,M,jah.a,,KAKE,AK,jjida.a,,N,,a.a,a.a,,a.a
Olof,Streit,M,ecf.a,cge-fgfe,,WA,,M,N,jfaaa.a,a.a,a.a,a.a,a.a
Fung,Skandalis,F,eab.a,fje-iaad,,RI,cjaf.a,M,,daaaa.a,a.a,a.a,a.a,
,Imbert,M,fda.a,,YUCCA VALLEY,CA,jccie.a,M,N,,f.ebabfh,a.a,bhe.a,a.a
Saeeiab,Goldhammer,F,faf.a,,,NM,ihebj.a,S,,caaaa.a,f.d,ddaa.a,a.a,a.a
Yogesh,Kadin,M,dad.a,,INDIAN HILLS,CO,iaefe.a,S,N,,e.gd,a.a,a.a,a.a
,Karcich,,fbf.a,hgj-dgcj,MILO,IA,fabgg.a,,N,,i.ji,a.a,ia.a,a.a
Joe,Nissenbaum,F,ibe.a,eai-ccaj,BOALSBURG,,bgich.a,M,,,d.ah,a.a,a.a,
Oren,Apers,F,fhb.a,cdh-hbag,WAKE,,,M,,jaaaa.a,f.hf,a.a,biaa.a,
,,M,gac.a,,GILA BEND,AZ,ifddh.a,M,Y,,d.jff,a.a,ecaa.a,cdaa.a
Femke,Grdy,F,edf.a,,,UT,iehca.a,S,,haaaa.a,h.a,cehf.a,a.a,a.a
,Kogan,M,jdg.a,,,TX,hiaff.a,S,,,a.a,a.a,a.a,a.a
Injun,Leake,M,iac.a,ddj-geib,,VT,fgej.a,M,,,e.gjgce,a.a,ggaa.a,
Zubair,,M,fhd.a,cfi-hbae,KANSAS CITY,MO,,,Y,baaaaa.a,g.a,cbaa.a,a.a,bcaa.a
Kwangyoen,Tawa,,eag.a,ccc-ibee,LAMBERT,MT,fjced.a,,N,haaaa.a,g.j,a.a,diaa.a,a.a
Florimond,Ballou,F,hbg.a,gfe-bafc,,NY,bdaca.a,M,,dfaaa.a,e.bfgeacg,a.a,a.a,
,,,ggc.a,iff-feci,INDIANOLA,,dihfb.a,M,Y,,f.a,a.a,bcaaa.a,bfaa.a
,,F,hhe.a,jbc-gjde,GRANBY,MA,badd.a,M,Y,,f.d,a.a,hbfa.a,
Shashi,Hutton,M,faf.a,,,NM,iicfa.a,M,N,,f.d,a.a,ggaa.a,a.a
Soazig,Mackenthun,,cbg.a,dha-bjfj,MANSFIELD,,eejad.a,,,,c.dhbhedh,a.a,cgaa.a,a.a
,,F,eac.a,jcb-hdij,OGALLALA,NE,gjbfd.a,,Y,,f.gifged,a.a,cag.a,bad.a
,,F,cah.a,iba-cbbd,PORTLAND,ME,,,Y,baaaaa.a,i.f,a.a,fhaa.a,
LaRoy,Chretien,M,jaj.a,,IMPERIAL BEACH,CA,jbjdc.a,S,N,faaaa.a,j.d,ih.a,a.a,a.a
Yoshikane,Wender,F,gaf.a,dfa-fcad,,SD,,M,,baaaaa.a,a.a,a.a,a.a,a.a
,Suzaki,F,jdj.a,igi-cihc,,PR,jfe.a,S,,eaaaa.a,a.a,a.a,a.a,
Hyunki,Providence,M,fad.a,,,OR,jhaij.a,M,,dfaaa.a,j.a,a.a,dbi.a,a.a
Morioka,,M,hab.a,ejg-gdgb,WILLISTON,ND,,M,Y,ifaaa.a,c.hebafbc,a.a,ggaa.a,ddaa.a
Takayoshi,Alterman,,dae.a,bgd-jcad,MARTINSBURG,,cfead.a,,N,ffaaa.a,g.bejjjjg,caaa.a,a.a,
Philippe,,M,cad.a,cib-bdab,MILFORD,CT,gega.a,,Y,eaaaa.a,f.a,a.a,cefaa.a,
Jamel,Bruchert,F,iga.a,dbd-fhgi,MERIDEN,CT,,,N,ifaaa.a,f.a,a.a,cefaa.a,
,Takami,M,fad.a,,,OR,jhcec.a,M,,iaaaa.a,j.a,a.a,dbi.a,bfj.a
Midori,,,dae.a,fha-hiji,CEDAR GROVE,,cfadj.a,M,Y,caaaa.a,d.h,a.a,eaaa.a,
Lauri,,M,jha.a,,NUNN,CO,iagei.a,,Y,haaaa.a,e.gd,a.a,a.a,a.a
Beth,Tarr,F,dah.a,,,WY,icfab.a,S,N,caaaa.a,a.a,a.a,a.a,a.a
,Honiden,M,dab.a,jce-bbaj,BALTIMORE,,cbcha.a,S,N,,e.hf,ceaa.a,a.a,
Sidi,Bijlsma,M,cbd.a,,SAN JOSE,CA,jfbeb.a,,N,caaaa.a,e.ccjhhbg,a.a,bhe.a,a.a
Mia,Shobatake,F,jab.a,dib-efeg,GRAND JUNCTION,,,M,,jaaaa.a,a.a,a.a,a.a,a.a
,Zingaretti,,gaf.a,ghb-hgah,,SD,fhaec.a,S,,baaaa.a,a.a,a.a,a.a,a.a
Kasidit,,,hab.a,efb-gfgb,LAWTON,ND,fidef.a,,Y,dfaaa.a,c.bgbedj,ddaa.a,a.a,ddaa.a
,Pflugrad,,dae.a,jdf-fhda,HUNTINGTON,,cfhca.a,M,N,faaa.a,d.a,a.a,eaaa.a,
Fenghua,Ionescu,,hif.a,bjh-hdjg,SAWYER,KS,ghbde.a,,N,,g.ef,ccfa.a,a.a,a.a
,Tomas,F,fhb.a,ibb-fgjf,FREDERICKSBURG,,ccebc.a,M,,faaaa.a,f.hf,a.a,biaa.a,
Kai,Bolotov,M,cbc.a,bha-hgjf,SALAMANCA,,behhj.a,,,ffaaa.a,e.chccfg,a.a,a.a,
Dragutin,Cheeseman,F,gcd.a,,COLORADO CITY,AZ,igacb.a,S,N,faaaa.a,d.ej,cbaa.a,a.a,a.a
Isi,Katoen,F,gcd.a,,SECOND MESA,AZ,igaed.a,,N,,e.bb,a.a,ecaa.a,a.a
Wojtek,Maramtz,,eag.a,egh-hcbj,ASHLAND,MT,fjaae.a,S,N,,g.j,bjaa.a,a.a,a.a
,,,hif.a,ibb-ieif,LENEXA,KS,ggcca.a,,Y,,e.eidddd,ccfa.a,a.a,ccfa.a
Monvef,,M,hab.a,cfi-bgfd,PAGE,ND,,,Y,jfaaa.a,c.ifgjhdg,ddaa.a,a.a,ddaa.a
Patrice,Kleyle,F,jah.a,,PERRYVILLE,AK,jjgei.a,,N,,a.a,a.a,a.a,a.a
Dannz,Mackaness,,jca.a,bjg-ghhe,,WI,feicg.a,S,N,,f.afefddf,haa.a,a.a,a.a
,Kara,M,cgh.a,hah-diej,SALTILLO,,bhcfd.a,,,,d.ah,a.a,a.a,
,Nerima,,ibg.a,hfe-hiec,STOCKTON,MO,gfhif.a,,N,,g.a,cbaa.a,a.a,a.a
,Laval,,gag.a,iff-ddbe,BURNSIDE,,ecfbj.a,M,N,,d.ccccccd,a.a,ea.a,a.a
,Deak,M,hhf.a,ibf-hacd,,NV,,S,,jfaaa.a,a.a,a.a,a.a,a.a
Leni,,F,dah.a,bgc-hghj,,WY,,M,Y,jaaaa.a,a.a,a.a,a.a,a.a
Youjip,Gesli,M,cfd.a,,,WA,jifif.a,M,N,eaaaa.a,a.a,a.a,a.a,a.a
,,F,gac.a,iga-fgfd,CHANDLER HEIGHTS,AZ,,M,Y,jfaaa.a,e.bihf,a.a,ecaa.a,cdaa.a
Slawomir,Redd,,fah.a,ehb-dbjc,GARDEN CITY,MN,fgade.a,S,N,efaaa.a,g.gfgidad,ddaa.a,a.a,a.a
Tarak,Pakkan,,dde.a,gfc-fjfa,BIRMINGHAM,,dfcce.a,M,N,gaaaa.a,f.a,a.a,daaa.a,a.a
,,M,ffb.a,jaf-ibhg,MARLBORO,NJ,hheg.a,,Y,daaaa.a,b.ffhhaid,baaa.a,a.a,
,,,eag.a,iab-gdfg,PEERLESS,MT,fjcfd.a,,Y,,g.j,a.a,diaa.a,bjaa.a
Brennan,,F,ddh.a,dij-hjgc,MARION,LA,,,Y,jfaaa.a,g.a,efaa.a,a.a,baaa.a
Soheil,,M,fab.a,fed-fhaf,PRATTSVILLE,AR,hcbcj.a,,Y,faaaa.a,h.a,a.a,ea.a,ca.a
Lihu,Ridgeway,M,eac.a,jfd-hhbf,EXETER,NE,,M,N,baaaaa.a,g.ie,a.a,cag.a,a.a
Reza,,,hbc.a,eeh-bceg,KESWICK,IA,fabdg.a,,Y,hfaaa.a,i.ji,a.a,ia.a,ea.a
Shona,,,hbf.a,chc-hhce,,WI,fdhie.a,M,Y,gaaaa.a,f.eiijbc,a.a,beaa.a,eaa.a
Mansooreh,,M,hib.a,geg-bcei,LEXINGTON,MA,cecb.a,,Y,gaaaa.a,f.d,a.a,hbfa.a,
Minkai,Handelman,,daf.a,cbh-beaa,SAINT LEO,,ddfhe.a,,N,,a.a,a.a,a.a,a.a
Takuyu,Hudlicka,,jfc.a,gcd-jfce,DULUTH,MN,ffiaf.a,M,N,,h.hceagg,a.a,ggaa.a,a.a
Gil,,,cha.a,fei-djie,BARLOW,,ecace.a,M,Y,,d.hhhhhhh,a.a,ea.a,ca.a
Woojin,Docter,,ebj.a,fcb-ceac,NORTH BEND,,efafc.a,,,ffaaa.a,c.dhbhedh,a.a,cgaa.a,bdaa.a
Prasadram,Detmer,F,gca.a,cii-eadf,MACKSVILLE,KS,,,N,baaaaa.a,g.ef,a.a,efaa.a,a.a
Nelleke,Mohrherr,F,hce.a,jfj-dbjc,PINE FORGE,,bjfei.a,,,,d.ah,a.a,a.a,
Alonso,Deogun,M,feb.a,,,OR,jhafi.a,M,,baaaa.a,j.a,a.a,dbi.a,bfj.a
Juho,,M,ggc.a,chb-caff,BRAXTON,,,M,Y,jfaaa.a,f.a,a.a,bcaaa.a,bfaa.a
,,,cgj.a,gjj-ibch,GOODELLS,MI,eiach.a,S,Y,efaaa.a,d.j,dbaa.a,a.a,dbaa.a
,Sabelli,,ied.a,ibf-egjd,COLUMBIA,,cjcad.a,M,,eaaaa.a,h.a,a.a,ggaa.a,a.a
Carleton,Edagawa,F,edf.a,,,UT,ieage.a,S,,caaaa.a,h.a,cehf.a,a.a,cehf.a
Vern,Burnell,M,jdj.a,dga-daeh,,PR,jai.a,M,,caaaa.a,a.a,a.a,a.a,
Nils,,F,iga.a,cib-bcdj,HAMPTON,CT,gceh.a,M,Y,daaaa.a,f.a,a.a,cefaa.a,
Takumi,Tabuchi,M,igc.a,dgi-chee,TUCKERTON,NJ,,M,N,ifaaa.a,c.ecfbaeb,a.a,caaa.a,
Birger,,,cce.a,ffd-igjb,BOWEN,IL,gcdbg.a,S,Y,gfaaa.a,d.a,caaa.a,a.a,caaa.a
Leonhard,Montemayor,F,fab.a,gae-dbfa,NORTH LITTLE ROCK,AR,hcbja.a,,N,,h.a,ca.a,a.a,a.a
Sungchang,Deak,,ige.a,ffg-dcii,AWENDAW,,cjecj.a,S,,faaa.a,d.fgdhbg,ddaa.a,a.a,a.a
Kavi,,,ebh.a,cdg-fhgi,LOHMAN,MO,gfafd.a,,Y,dfaaa.a,g.a,cbaa.a,a.a,bcaa.a
Noriharu,Antognini,M,fea.a,jid-gadb,MOUNT HOLLY,,ccfce.a,,,faaaa.a,f.hf,jaa.a,a.a,
,,,hab.a,igj-chca,HEBRON,ND,figdi.a,S,Y,,c.cbjeaac,ddaa.a,a.a,ddaa.a
Hongyuan,Quitte,M,hhf.a,,,NV,ijeag.a,M,,efaaa.a,a.a,a.a,a.a,a.a
Marin,Strivastav,F,gba.a,fdj-hhcd,OAKS,,bjefg.a,,,bfaaa.a,d.ah,a.a,a.a,
Yuanhui,Hoffgen,F,hbi.a,eea-iige,,NY,bbaec.a,M,,,e.ebhahdc,a.a,a.a,
Isidore,Heines,,dai.a,bij-fjfh,BRAINARD,NE,gigcg.a,S,N,,g.ie,bad.a,a.a,a.a
,,F,cci.a,hec-degh,PELAHATCHIE,,,,Y,jaaaa.a,f.a,a.a,bcaaa.a,bfaa.a
,,F,iai.a,,MILILANI,HI,jghij.a,,Y,,i.cf,baea.a,a.a,baea.a
Takuyu,Gheorghiu,M,cah.a,jih-eafc,BASS HARBOR,ME,,M,N,jfaaa.a,i.f,a.a,fhaa.a,
Boaz,Villalba,,dae.a,baa-bbcb,NEBO,,cfbeb.a,,N,faaaa.a,f.i,caaa.a,a.a,
Luc,Tsunoo,M,ifh.a,fbf-dcbd,FALL RIVER,MA,chcc.a,S,N,eaaaa.a,f.d,dfhf.a,a.a,
Libero,,F,ifh.a,fdf-fbid,SANDWICH,MA,cfgd.a,,Y,,f.d,a.a,hbfa.a,
Manibrata,,F,cag.a,ded-dibg,,WA,,S,Y,ifaaa.a,a.a,a.a,a.a,a.a
Stven,Scherberger,M,dgb.a,,,TX,higeb.a,M,,hfaaa.a,a.a,a.a,a.a,a.a
Suraj,,,dbg.a,dji-ibge,FORT DODGE,KS,ghied.a,M,Y,haaaa.a,g.ef,a.a,efaa.a,ccfa.a
,Lason,M,cbc.a,hdc-eehe,,NY,bdbdj.a,M,,,e.cbedcjc,a.a,a.a,
Jeanne,Trefftzs,M,cai.a,fdg-bfbh,BOVILL,ID,,M,N,jaaaa.a,h.i,a.a,ggaa.a,a.a
Ping,,,gag.a,dhc-hbai,CLOSPLINT,,eajch.a,M,Y,,c.jeeeeee,a.a,ea.a,ca.a
,Prabhakar,F,jhb.a,,,OR,jheai.a,S,,gaaaa.a,j.a,bfj.a,a.a,a.a
Bernice,Dulong,,dae.a,bgb-jadc,NAPIER,,cggdb.a,,N,efaaa.a,f.ef,a.a,eaaa.a,
Mahadev,Smallbone,M,iab.a,,,UT,ieaif.a,M,,baaaa.a,h.a,a.a,ejfa.a,cehf.a
Burkhart,Meacham,M,jbe.a,cge-edib,,NY,babge.a,S,,,e.diibajh,a.a,a.a,
Ekkart,Ehrenberger,,geb.a,ceh-ecbi,RIPPEY,IA,facdf.a,,N,iaaaa.a,i.ji,ea.a,a.a,a.a
Dainis,Balcazar,F,gad.a,fde-ggce,MILTON MILLS,NH,difc.a,,N,daaaa.a,a.a,a.a,a.a,
Yuliang,,,jbd.a,djh-geah,MORROWVILLE,KS,ggjfi.a,,Y,faaa.a,d.f,a.a,efaa.a,ccfa.a
,Lucco,F,ccf.a,hae-fjgd,SLAUGHTER,LA,hahhh.a,,N,,g.a,efaa.a,a.a,a.a
Baldomir,Zlatev,,jfe.a,bea-gcih,TAMPA,,ddgdh.a,S,N,efaaa.a,a.a,a.a,a.a,a.a
Huajun,,,jbc.a,gcd-fjbc,ATLANTA,,dadea.a,S,Y,baaaa.a,g.a,chaa.a,a.a,daaa.a
Niel,Milgram,,ebh.a,bdd-cbca,STRASBURG,MO,geaja.a,,N,,g.a,a.a,ecaa.a,a.a
Devin,Rodite,,ecd.a,cdc-jfgg,LAKE CITY,,dhhgj.a,,,bfaaa.a,a.a,a.a,a.a,a.a
Aggis,Lucia,,hab.a,bjj-fgcb,MANVEL,ND,ficfg.a,,N,,c.fghbghf,a.a,ggaa.a,a.a
Florina,Bachus,M,jhi.a,ecd-bbbi,RICHMOND,MA,,,N,ifaaa.a,f.d,a.a,hbfa.a,
Petra,Suwunboriruksa,M,hih.a,dia-hgdf,,PR,,M,,ifaaa.a,a.a,a.a,a.a,
,Malavasi,,ede.a,hdj-dgih,YORKTOWN,,cdgjc.a,M,,,f.hf,a.a,biaa.a,
Parosh,,F,cfd.a,bcf-jecf,,WA,,M,Y,iaaaa.a,a.a,a.a,a.a,a.a
,Olech,M,jah.a,,KALSKAG,AK,jjgah.a,,N,caaaa.a,a.a,a.a,a.a,a.a
Stylianos,,M,cea.a,ebb-chfd,TANEYTOWN,,,M,Y,jfaaa.a,e.hf,a.a,eiaa.a,
Ronni,,F,iei.a,cec-jhib,RIDGEFIELD,NJ,hgfh.a,,Y,,c.bajgihg,baaa.a,a.a,
Jeno,Cusack,M,gaf.a,bje-iehe,,SD,,M,,baaaaa.a,a.a,a.a,a.a,a.a
,Obtulowicz,F,iga.a,gic-ibif,SEYMOUR,CT,geid.a,,N,cfaaa.a,f.a,bchfa.a,a.a,
,,F,cga.a,jac-bcih,GRANGER,,,S,Y,jfaaa.a,d.e,baaa.a,a.a,baaa.a
Marias,,M,iai.a,jjb-eacj,KAILUA KONA,HI,,,Y,jaaaa.a,i.cf,baea.a,a.a,baea.a
,,F,eba.a,hbb-ibhi,MIDDLE RIVER,,,,Y,jfaaa.a,e.hf,a.a,eiaa.a,
,Agosti,,dae.a,hfg-gfda,NORTHFORK,,ceigi.a,,N,gaaaa.a,g.f,a.a,eaaa.a,
Padhraic,Neuwirth,F,cai.a,,HAMMETT,ID,idgch.a,S,N,,e.bajgjd,ddaa.a,a.a,a.a
Vecheslav,,F,ebd.a,jeb-dhhi,WORCESTER,MA,bgag.a,M,Y,,f.d,a.a,hbfa.a,
Janette,Kuszyk,F,cah.a,fee-dfcj,AUGUSTA,ME,eddd.a,M,N,,i.f,a.a,fhaa.a,
Shubhendu,,M,jca.a,eje-egab,,WI,,S,Y,ifaaa.a,f.jcdcjah,haa.a,a.a,eaa.a
Goker,Bertelrud,F,eaf.a,eid-hbed,,OK,hebai.a,M,,faaaa.a,g.cf,a.a,caaa.a,a.a
Yerucham,Zaroliagis,M,hbd.a,,,TX,hgbcd.a,S,,gaaaa.a,a.a,a.a,a.a,a.a
Tsutomu,Luitjes,F,dac.a,bbe-ifdj,NEWARK,,bjhbc.a,,N,,c.c,bba.a,a.a,
,Surav,M,jhd.a,hhh-jdee,,NJ,,S,N,jaaaa.a,c.fadjfic,baaa.a,a.a,
Huatian,,,fhd.a,fai-igia,CRYSTAL CITY,MO,gdabj.a,S,Y,dfaaa.a,g.a,cbaa.a,a.a,bcaa.a
Volkmar,Gerke,M,jhc.a,did-gihd,,TX,hfadf.a,M,,eaaaa.a,a.a,a.a,a.a,a.a
Nian,Marandzjan,M,dad.a,,FRISCO,CO,iaeed.a,S,N,,e.gd,a.a,a.a,a.a
,Cucker,M,cad.a,hdh-dbfa,HARTFORD,CT,gbbe.a,S,N,daaaa.a,f.a,bchfa.a,a.a,
Kostoula,,F,fab.a,cfd-edfd,LITTLE ROCK,AR,hccjf.a,,Y,,h.a,a.a,ea.a,ca.a
,Kent,M,eac.a,jdc-cjji,GRANT,NE,gjbea.a,M,N,,f.gifged,a.a,cag.a,a.a
Melliyal,Poss,M,iac.a,egi-heih,,VT,fhei.a,S,,dfaaa.a,d.habeggi,ddaa.a,a.a,
Stefen,,,ieh.a,bcg-dchj,ORION,IL,gbchd.a,,Y,dfaaa.a,d.a,a.a,eaaa.a,caaa.a
Elmar,,,fgd.a,fjh-gagh,MELVIN,IA,fbdfa.a,,Y,bfaaa.a,c.ehjhgd,ea.a,a.a,ea.a
Dmitri,,,dbc.a,jea-fibd,STREAMWOOD,IL,gabah.a,,Y,,d.a,caaa.a,a.a,caaa.a
,,,dae.a,gic-eecd,ALDERSON,,cejba.a,M,Y,bfaaa.a,d.df,a.a,eaaa.a,
,Piltz,M,eab.a,icd-faef,,RI,cjad.a,S,,gfaaa.a,a.a,a.a,a.a,
,Gabalda,M,jah.a,,KING COVE,AK,jjgbc.a,,N,gaaaa.a,a.a,a.a,a.a,a.a
Lanju,Miner,M,iab.a,,,UT,ieabf.a,M,,,h.a,a.a,ejfa.a,a.a
Olivia,Coradeschi,M,gba.a,jef-fjdj,NORTH BEND,,bhhdi.a,,,eaaaa.a,d.ah,a.a,a.a,
Molly,Slimani,M,ige.a,fjg-eijf,DILLON,,,M,,jaaaa.a,h.a,a.a,ggaa.a,a.a
,Kreische,M,iac.a,hig-icgb,,VT,feai.a,S,,,d.iaajee,ddaa.a,a.a,
Zhongxiu,,,eag.a,fba-ehae,OLNEY,MT,fjjch.a,,Y,ffaaa.a,g.j,bjaa.a,a.a,bjaa.a
Sylvanus,,F,cah.a,jhi-fdce,AUGUSTA,ME,,M,Y,ifaaa.a,i.f,a.a,fhaa.a,
Keumog,,M,gad.a,ecj-ehdh,ENFIELD CENTER,NH,dhej.a,S,Y,bfaaa.a,a.a,a.a,a.a,
,Valtchev,F,dah.a,,,WY,icaad.a,M,N,hfaaa.a,a.a,a.a,a.a,a.a
Avinoam,,F,jba.a,eic-fbic,MOCKSVILLE,,,,Y,jaaaa.a,h.gcagcjd,ddaa.a,a.a,
Harjit,Sangal,F,iai.a,jif-jjgg,HONOLULU,HI,,M,N,jaaaa.a,i.cf,a.a,caia.a,a.a
,Monneau,,cce.a,iee-ijie,DALTON CITY,IL,gbjcf.a,M,N,,d.a,a.a,eaaa.a,a.a
Orly,Felice,F,cgj.a,gab-febi,WHITE PINE,MI,,M,N,jaaaa.a,d.j,a.a,gcaa.a,a.a
Dattatraya,Hongyuan,M,jha.a,,BLACK HAWK,CO,iaecc.a,M,N,,e.gd,a.a,a.a,a.a
,Deemter,M,cac.a,hhh-iijg,WASHINGTON,,caahe.a,S,N,bfaaa.a,f.gcf,bdha.a,a.a,
Biao,Wind,M,faf.a,,,NM,ihbbc.a,S,,baaaa.a,d.cecifhc,ddaa.a,a.a,ddaa.a
Djordje,Reznick,M,ccf.a,ehh-iagb,ANACOCO,LA,hbead.a,S,N,ffaaa.a,g.a,efaa.a,a.a,a.a
Ludger,O'Neill,M,hbj.a,,RICO,CO,ibddc.a,,N,cfaaa.a,e.gd,a.a,a.a,a.a
Coenraad,Lukassen,F,ddh.a,gch-ciih,SHREVEPORT,LA,hbbge.a,,N,,g.a,efaa.a,a.a,a.a
Anna,Ruhleder,F,jbi.a,fha-hbje,,OK,hdiee.a,S,,bfaaa.a,g.cf,baaa.a,a.a,baaa.a
,Wechsung,M,iac.a,ida-hdaj,,VT,fege.a,S,,baaaa.a,d.g,ddaa.a,a.a,
,,M,faf.a,,,NM,ihfhe.a,M,Y,caaaa.a,f.d,a.a,ggaa.a,ddaa.a
Eliane,Dever,M,jhb.a,,,OR,jhbch.a,S,,ffaaa.a,j.a,bfj.a,a.a,a.a
Wei,,,cbj.a,fdg-jife,SHIRLEY,IN,ehdie.a,,Y,,d.e,baaa.a,a.a,baaa.a
,,,gbi.a,hij-hfed,HOFFMAN ESTATES,IL,gabjc.a,S,Y,ffaaa.a,d.a,caaa.a,a.a,caaa.a
,,M,iai.a,,HONOLULU,HI,jgibh.a,S,Y,haaaa.a,i.cf,baea.a,a.a,baea.a
Peretz,,M,eag.a,jej-bihj,ALZADA,MT,,S,Y,jfaaa.a,g.j,bjaa.a,a.a,bjaa.a
,,,hgj.a,hfc-gcag,IUKA,,diifc.a,,Y,haaaa.a,f.a,a.a,bcaaa.a,bfaa.a
,,,hab.a,jcd-jbic,HAZEN,ND,fifef.a,M,Y,bfaaa.a,c.b,a.a,ggaa.a,ddaa.a
Ernestine,,,gca.a,fej-bccf,ENSIGN,KS,ghieb.a,S,Y,bfaaa.a,d.f,ccfa.a,a.a,ccfa.a
,,F,ddh.a,hca-ggga,IOTA,LA,hafed.a,M,Y,,g.a,a.a,jaaa.a,baaa.a
Shogo,Engbersen,,ifj.a,bdc-bghi,ISLAND,,ecdfa.a,S,N,ffaaa.a,e.iiiiij,ca.a,a.a,a.a
Derrick,,,ccj.a,fdd-cgde,SUGAR VALLEY,,daheg.a,,Y,,g.a,chaa.a,a.a,daaa.a
Miyako,,,hag.a,jga-jbjd,MONROE,,dagfg.a,,Y,,g.a,a.a,feaa.a,daaa.a
Janell,,,dae.a,gfg-icbi,HUNTINGTON,,cfhbb.a,S,Y,,g.f,caaa.a,a.a,
Yannich,Roura,M,gad.a,ega-jhdd,GILFORD,NH,dcej.a,M,N,efaaa.a,a.a,a.a,a.a,
Weicong,Abbara,M,hca.a,,AULT,CO,iagba.a,M,N,faaa.a,e.gd,a.a,a.a,a.a
,,F,ebe.a,ggi-hchh,,WI,,M,Y,jaaaa.a,g.ababgg,a.a,beaa.a,eaa.a
,,,fhe.a,hib-bfha,EMINENCE,,egbcf.a,S,Y,,d.e,baaa.a,a.a,baaa.a
,Hudlicka,,jag.a,jaj-iiij,SOUTH ROCKWOOD,MI,eibhj.a,,N,,d.j,dbaa.a,a.a,a.a
Nikunja,,M,gac.a,cjh-cfhg,PHOENIX,AZ,,,Y,ifaaa.a,e.adcf,cbaa.a,a.a,cdaa.a
Kumpati,Zdrahal,M,cbf.a,jeh-gbih,GETTYSBURG,,bhdcf.a,S,,hfaaa.a,d.ah,a.a,a.a,
Femke,Sweldens,,caf.a,bgi-ecih,SMITHS STATION,,dgihh.a,,N,hfaaa.a,f.a,bfaa.a,a.a,a.a
,Merckt,M,jhb.a,,,OR,jhcfb.a,S,,,j.a,bfj.a,a.a,a.a
True,,F,cah.a,cei-gcbi,BROOKLIN,ME,egbg.a,S,Y,baaaa.a,e.fifhggd,cifa.a,a.a,
Madhu,Miyakawa,F,eab.a,jhi-jbde,,RI,ciic.a,M,,,a.a,a.a,a.a,
Giordano,,F,gad.a,bbi-fagc,NEW IPSWICH,NH,dahb.a,,Y,gaaaa.a,a.a,a.a,a.a,
Shiafun,Kennamer,,fac.a,ddj-fgdf,GOOSE ROCK,,eajee.a,S,N,,g.a,ca.a,a.a,a.a
,,F,jah.a,,CHEVAK,AK,jjfgd.a,S,Y,,a.a,a.a,a.a,a.a
Hosaker,,,ebe.a,cic-jaag,,WI,feibg.a,S,Y,efaaa.a,f.ccicif,haa.a,a.a,eaa.a
Gheith,Stiver,F,ibi.a,,DULZURA,CA,jbjbh.a,M,N,iaaaa.a,j.d,a.a,bhe.a,a.a
Karabi,Daughtrey,,ggc.a,bec-bfcf,LITTLE ROCK,,djddh.a,,N,efaaa.a,f.a,a.a,bcaaa.a,a.a
,,M,cbd.a,,VENTURA,CA,jdaad.a,S,Y,haaaa.a,j.d,ih.a,a.a,chc.a
,,F,faf.a,,,NM,ihfcc.a,S,Y,faaa.a,b.h,ddaa.a,a.a,ddaa.a
,Braccini,F,hih.a,iie-bjee,,PR,hdj.a,M,,efaaa.a,a.a,a.a,a.a,
Xianging,,M,ehi.a,dfh-jaci,BRONWOOD,,,M,Y,baaaaa.a,g.a,a.a,feaa.a,daaa.a
Abdelouahab,Bast,M,iab.a,,,UT,iegab.a,S,,iaaaa.a,h.a,cehf.a,a.a,a.a
Elif,,M,ifi.a,,MCCLELLAN,CA,jfgfc.a,,Y,,f.ebabfh,ih.a,a.a,chc.a
Jong,,,ddg.a,dii-ebdg,FAIRVIEW,,cihda.a,M,Y,ffaaa.a,g.iigdgdf,a.a,ggaa.a,
,Tzafestas,F,geb.a,ibc-dfdc,DES MOINES,IA,,M,N,jaaaa.a,i.ji,a.a,ia.a,a.a
,,,gab.a,hbj-dadg,SWAN LAKE,,dijfi.a,S,Y,,d.a,gaaa.a,a.a,bfaa.a
Junsik,Broggi,,ibc.a,dce-fjfa,PRAIRIE CREEK,IN,ehigj.a,,N,faaaa.a,d.e,a.a,caaa.a,a.a
,Holsheimer,M,cah.a,ifi-dgag,LIMESTONE,ME,ehfa.a,,N,,i.f,cifa.a,a.a,
Sumiyasu,Aseltine,M,gaj.a,fgb-fedb,,NJ,ibba.a,S,N,cfaaa.a,b.ehiifec,baaa.a,a.a,
Abdullah,Uhrig,M,dac.a,jic-ifca,WILMINGTON,,bjijf.a,S,N,dfaaa.a,e.cefeff,bba.a,a.a,
Salam,Razborov,M,jdj.a,jed-iecc,,PR,jej.a,M,,faaa.a,a.a,a.a,a.a,
Terilyn,Trystram,F,hab.a,jij-bdib,ROLETTE,ND,,,N,ifaaa.a,c.hebafbc,a.a,ggaa.a,a.a
Bjorn,Haslam,,daf.a,gdb-efhc,DAYTONA BEACH,,dcbce.a,M,N,,a.a,a.a,a.a,a.a
,Denny,F,dah.a,,,WY,ichca.a,M,N,faaaa.a,a.a,a.a,a.a,a.a
Zhaogang,,,gdg.a,dbf-ffdi,MILO,MO,gehgh.a,,Y,bfaaa.a,g.a,cbaa.a,a.a,bcaa.a
Panayotis,,F,cac.a,gfc-hcac,WASHINGTON,,caafi.a,M,Y,ffaaa.a,j.a,a.a,chea.a,
Adnan,Kalb,,gaf.a,eag-heba,,SD,fhach.a,M,,,a.a,a.a,a.a,a.a
,Morschel,M,fhb.a,hci-djcg,ARLINGTON,,cccae.a,M,,,f.cbecig,a.a,biaa.a,
Kimberly,,F,cci.a,jhc-icaa,MC LAIN,,,,Y,ifaaa.a,f.a,gaaa.a,a.a,bfaa.a
,Dupuy,M,dah.a,gii-deeb,,WY,,M,N,jfaaa.a,a.a,a.a,a.a,a.a
Itay,,F,cai.a,,LAKE FORK,ID,idgdf.a,,Y,haaaa.a,h.i,ddaa.a,a.a,ddaa.a
Stacy,,M,jci.a,,TUCSON,AZ,ifhbh.a,S,Y,dfaaa.a,d.cfhf,cbaa.a,a.a,cdaa.a
,,F,ibc.a,gja-ijhi,SOMERVILLE,IN,,,Y,ifaaa.a,d.e,a.a,caaa.a,baaa.a
Aurelie,Viveros,F,eda.a,,,TX,hiiid.a,S,,dfaaa.a,a.a,a.a,a.a,a.a
,While,M,cbc.a,igf-hhgg,,NY,bbcad.a,S,,iaaaa.a,e.ebhahdc,a.a,a.a,
Katharina,Islam,F,jhb.a,,,OR,jhihf.a,S,,,j.a,bfj.a,a.a,bfj.a
,Arnette,F,fab.a,hih-fbgb,HEBER SPRINGS,AR,hcfef.a,M,N,gaaaa.a,h.a,a.a,ea.a,a.a
,Bik,M,jha.a,,SILVERTHORNE,CO,iaeji.a,,N,caaaa.a,e.gd,a.a,a.a,a.a
,Debelack,M,iei.a,hjg-iada,HAMPTON,NJ,iich.a,S,N,dfaaa.a,b.gdgfgcf,baaa.a,a.a,
Michela,,M,ddj.a,gbi-difj,WELLESLEY HILLS,MA,ceib.a,S,Y,haaaa.a,f.d,dfhf.a,a.a,
,,M,igc.a,iib-bhec,,NJ,idbg.a,S,Y,cfaaa.a,b.ehiifec,baaa.a,a.a,
,Woerkom,F,ebf.a,ifi-ibhe,TRAVIS AFB,CA,,M,N,jaaaa.a,j.d,a.a,bhe.a,a.a
Ludger,Beauducel,M,dah.a,,,WY,icidd.a,M,N,baaaa.a,a.a,a.a,a.a,a.a
Padhraic,Ambriola,F,edf.a,,,UT,ieaic.a,M,,faaa.a,h.a,a.a,ejfa.a,a.a
,Bergen,,jeb.a,ghe-cfhj,MIAMI,,ddbcj.a,,N,faaa.a,a.a,a.a,a.a,a.a
Mazin,Ingvarson,,hab.a,ece-bggc,BLANCHARD,ND,fiaaj.a,M,N,,c.jbejdf,a.a,ggaa.a,a.a
,,,fhe.a,hdg-iiih,SULPHUR SPRINGS,IN,ehdii.a,S,Y,haaaa.a,d.e,baaa.a,a.a,baaa.a
Zeki,,,jbd.a,dbi-dhfb,KANSAS CITY,KS,ggbab.a,,Y,dfaaa.a,g.ef,a.a,efaa.a,ccfa.a
,Mikou,,fgd.a,igg-dfgc,MAQUOKETA,IA,fcaga.a,,N,,i.ji,ea.a,a.a,a.a
Kangsheng,Herget,F,iga.a,bje-gebh,EASTON,CT,ggbc.a,M,N,,f.a,a.a,cefaa.a,
Osman,Tanner,M,hhf.a,,,NV,ijaaf.a,M,,efaaa.a,a.a,a.a,a.a,a.a
Xianzhi,,,gai.a,daj-dafb,,WI,fdaii.a,S,Y,bfaaa.a,e.hahadb,haa.a,a.a,eaa.a
Lilin,,M,hhe.a,djg-cjhh,HOLBROOK,MA,,S,Y,ifaaa.a,f.d,dfhf.a,a.a,
,Castangia,M,feb.a,,,OR,jhgdc.a,S,,bfaaa.a,j.a,bfj.a,a.a,bfj.a
Manabu,,,hgd.a,dda-bebd,KINNEY,MN,ffhfi.a,,Y,dfaaa.a,g.bcdcbcd,ddaa.a,a.a,ddaa.a
,Bencivenga,,gaf.a,hfh-cdhd,,SD,fhedg.a,M,,eaaaa.a,a.a,a.a,a.a,a.a
Gottfried,,,dae.a,dfb-hidd,SPELTER,,cgedi.a,,Y,dfaaa.a,e.hf,caaa.a,a.a,
,Rosiles,F,ddh.a,igf-cefg,HOLDEN,LA,,S,N,ifaaa.a,g.a,efaa.a,a.a,a.a
Matthai,Schmidt,,fbd.a,dbe-hjij,TIPPECANOE,,eegjj.a,S,,baaaa.a,a.ihhjhee,bdaa.a,a.a,a.a
Zarka,Einwohner,F,hih.a,dbf-gcci,,PR,jii.a,S,,gaaaa.a,a.a,a.a,a.a,
Lefteris,,M,iai.a,,KURTISTOWN,HI,jghga.a,,Y,ffaaa.a,i.cf,baea.a,a.a,baea.a
Hideharu,,F,iga.a,cii-ijab,WALLINGFORD,CT,geje.a,M,Y,,f.a,a.a,cefaa.a,
Istva,Machlin,,cbh.a,fib-bfaf,SPRINGFIELD,IL,gchag.a,,N,,d.a,a.a,eaaa.a,a.a
,Occello,F,iac.a,jce-befc,,VT,,M,,jfaaa.a,e.ijfbjef,a.a,ggaa.a,
Jacopo,Wojdyllo,F,iab.a,gca-chfe,,UT,,M,,jaaaa.a,h.a,a.a,ejfa.a,cehf.a
Abdoulaye,Kyrimis,,dca.a,fcd-fbfi,MAPLE PLAIN,MN,fffhe.a,,N,,h.efhcfhd,a.a,ggaa.a,a.a
Bir,,,hgf.a,bhc-diba,RUSSELLVILLE,,egbhf.a,,Y,bfaaa.a,d.e,baaa.a,a.a,baaa.a
Masamitsu,,,ebe.a,fgb-jcjf,,WI,feabd.a,M,Y,faaaa.a,f.dbfbgai,a.a,beaa.a,eaa.a
,Kurfess,F,gbh.a,jbc-ibac,BECKET,MA,bccd.a,M,N,,f.d,a.a,hbfa.a,
,Massoumi,,fgh.a,jab-jafd,DEXTER CITY,,efhch.a,M,,,a.hbc,a.a,cgaa.a,bdaa.a
Lluis,Terzopoulos,,jdh.a,edj-jbgd,HUDSON,,eecdg.a,S,,ffaaa.a,c.dhbhedh,bdaa.a,a.a,a.a
Maia,,,ifj.a,fgc-cbhg,PILGRIM,,ebcfa.a,,Y,baaaa.a,c.diiiiii,a.a,ea.a,ca.a
Mosfeq,Rinschede,M,edf.a,,,UT,iefcj.a,S,,daaaa.a,h.a,cehf.a,a.a,a.a
,Helfrich,M,jhb.a,,,OR,jhich.a,S,,,j.a,bfj.a,a.a,a.a
,,,gab.a,hjh-daib,MARKS,,digeg.a,,Y,,f.a,a.a,bcaaa.a,bfaa.a
Charlotte,Crampes,F,cad.a,dgj-idae,SOUTHINGTON,CT,,,N,jaaaa.a,f.a,bchfa.a,a.a,
Ole,Reeker,F,gda.a,ebj-bggf,DEPUE,IL,,M,N,jfaaa.a,d.a,a.a,eaaa.a,a.a
Mirka,,F,cai.a,,POST FALLS,ID,idihh.a,,Y,haaaa.a,h.i,a.a,ggaa.a,ddaa.a
,,M,iai.a,jdi-dicb,HONOLULU,HI,,S,Y,iaaaa.a,i.cf,baea.a,a.a,baea.a
Hansjorg,,F,ehj.a,jfj-fiia,EGYPT,AR,hcech.a,S,Y,ffaaa.a,h.a,ca.a,a.a,ca.a
,Dash,M,cac.a,hfc-fjhi,WASHINGTON,,caebj.a,M,N,caaaa.a,g.hf,a.a,chea.a,
Basim,,,gai.a,bhj-gbbe,,WI,fdfhe.a,S,Y,,f.idgebf,haa.a,a.a,eaa.a
,Easwarakumar,,jba.a,hhd-eecj,BARNESVILLE,,cidbj.a,M,N,cfaaa.a,g.cfgjjd,a.a,ggaa.a,
,Gyenizse,F,jhb.a,,,OR,jhccc.a,S,,,j.a,bfj.a,a.a,a.a
,Gustafsson,F,dbi.a,hei-cfgc,CONVERSE,LA,hbebj.a,S,N,baaaa.a,c.a,,a.a,a.a
Honghai,Patkar,M,jdb.a,eed-ffcj,NASHVILLE,,,,,jfaaa.a,a.a,a.a,a.a,a.a
Georgio,Kreutzer,F,hdc.a,cbf-edfc,PATERSON,NJ,hfae.a,,N,,c.ggbgggj,a.a,caaa.a,
Yacoub,,,dbh.a,gdf-dbbc,RUSHVILLE,,egbhd.a,,Y,,d.e,a.a,caaa.a,baaa.a
Catharina,,F,jah.a,,EGEGIK,AK,jjfhj.a,M,Y,haaaa.a,a.a,a.a,a.a,a.a
Akihiko,,F,dfb.a,gfg-ghie,HYANNIS,MA,,M,Y,iaaaa.a,f.d,a.a,hbfa.a,
Knuth,Uyen,,hgj.a,bdd-ijeg,HURLEY,,djfff.a,S,N,daaaa.a,f.a,,a.a,a.a
,Nouali,F,ibi.a,,SANTA CLARA,CA,jfafa.a,,N,,g.fjafed,a.a,bhe.a,a.a
Monte,Worner,,dai.a,caj-ghic,ROGERS,NE,gigfj.a,,N,faaa.a,d.acbheci,,a.a,a.a
Herhard,Bharadwaj,,gaf.a,dha-dedf,,SD,fheib.a,M,,ffaaa.a,a.a,a.a,a.a,a.a
Ruce,,M,fai.a,dah-jjfh,NORWELL,MA,cagb.a,,Y,,f.d,a.a,hbfa.a,
Dominik,Tryba,M,feb.a,,,OR,jhbdg.a,S,,hfaaa.a,j.a,,a.a,a.a
,,F,dai.a,gja-dahf,RUSHVILLE,NE,,,Y,baaaaa.a,g.ie,a.a,cag.a,bad.a
Mie,Bolbourn,,fbd.a,edj-cihb,CLOVERDALE,,efich.a,M,,faaa.a,a.hbc,a.a,cgaa.a,bdaa.a
Vicente,Domenig,,hdb.a,dge-eeaj,CULLEOKA,,diefb.a,S,,baaaa.a,a.a,,a.a,a.a
,Balcer,,ibg.a,ihi-ihag,WYATT,MO,gdiic.a,M,N,baaaa.a,g.a,a.a,ecaa.a,a.a
Irah,Morisio,F,cai.a,,FRANKLIN,ID,idcdh.a,M,N,,h.i,a.a,ggaa.a,a.a
,Pesonen,M,jeh.a,gge-heca,MAYFIELD,MI,,,N,baaaaa.a,d.j,,a.a,a.a
Venkata,,F,fai.a,jjg-iejh,STOUGHTON,MA,cahc.a,,Y,eaaaa.a,f.d,a.a,hbfa.a,
Pascal,Rehof,M,eaf.a,jif-gjgb,,OK,hehdi.a,M,,caaaa.a,g.cf,a.a,caaa.a,baaa.a
Mori,Tolly,M,eaf.a,jja-haih,,OK,hdfgi.a,M,,eaaaa.a,g.cf,a.a,caaa.a,baaa.a
Deren,,,fhe.a,bhj-jefd,PREBLE,,eghic.a,,Y,,d.e,a.a,caaa.a,baaa.a
Mukkai,,F,fda.a,,WEST COVINA,CA,jbhjc.a,S,Y,gaaaa.a,j.d,,a.a,chc.a
,Tatsiopoulos,M,had.a,jdg-iigg,BOISSEVAIN,,,S,,jaaaa.a,f.hf,,a.a,
Baoqiu,,M,jah.a,bhe-gdeh,STEBBINS,AK,,,Y,jfaaa.a,a.a,,a.a,a.a
Line,Shiratori,F,cah.a,cja-bace,LIMESTONE,ME,ehfa.a,,N,cfaaa.a,i.f,,a.a,
Anni,,,hab.a,jfh-efai,ROCKLAKE,ND,fidgf.a,,Y,,c.gcfbcih,a.a,ggaa.a,ddaa.a
Alessia,Traunmuller,F,iag.a,,,TX,hihgi.a,M,,faaaa.a,a.a,a.a,a.a,a.a
Fuchun,Bergere,,jba.a,ccj-iddc,MANNS HARBOR,,chjfd.a,,N,faaaa.a,g.hibegie,a.a,ggaa.a,
Jarle,Qizhong,,gai.a,cah-ejea,,WI,feceg.a,M,Y,dfaaa.a,f.afefddf,a.a,beaa.a,eaa.a
Eckhart,Ziskin,,gbf.a,cah-cfhd,LOUISVILLE,,dhhhh.a,,,faaa.a,a.a,,a.a,a.a
Gaby,Hellinck,,eag.a,ebc-jcjh,CUT BANK,MT,fjech.a,S,N,,g.j,,a.a,a.a
,Wacholder,M,iac.a,hdc-jdgj,,VT,fehc.a,S,,faaaa.a,d.jjjijih,,a.a,
Daisy,Regli,M,iac.a,fjh-fdej,,VT,fjah.a,S,,faaa.a,d.g,,a.a,
Alberto,,F,gad.a,fgb-djaj,CENTER SANDWICH,NH,dcch.a,S,Y,dfaaa.a,a.a,,a.a,
,Hatcliff,,jdb.a,hfd-gfeb,PULASKI,,diehi.a,,,,a.a,a.a,a.a,a.a
,Poulsen,F,iai.a,,HONOLULU,HI,jgibh.a,M,N,faaa.a,b.jeahijf,a.a,caia.a,a.a
Akeo,Maamar,F,dah.a,,,WY,icidj.a,S,Y,,a.a,,a.a,a.a
Khue,Leitman,F,jbi.a,bbc-bdgd,,OK,hedfc.a,M,,,g.cf,a.a,caaa.a,a.a
Subhrajyoti,Dickmanns,M,cac.a,bae-fjie,WASHINGTON,,cafah.a,M,N,faaa.a,e.f,a.a,chea.a,
Gees,Murtafg,,had.a,bce-ijhb,PENHOOK,,cebdh.a,,,,f.hf,,a.a,
Xiaofeng,Gran,M,cab.a,jef-ecae,LEONARDO,NJ,hhdh.a,,Y,daaaa.a,b.ffhhaid,,a.a,
,Schild,M,dab.a,ggd-jiga,GERMANTOWN,,,M,N,jaaaa.a,e.hf,a.a,eiaa.a,
Pradeep,Rayko,,daj.a,jhf-fbcj,MARISSA,IL,gccfh.a,,N,efaaa.a,d.a,,a.a,a.a
Salwa,Anrig,,cfb.a,bfd-gfbd,GEORGIANA,,dgadd.a,M,Y,efaaa.a,f.a,a.a,daaa.a,daa.a
Chandrajit,Nasset,,ied.a,bhd-hgje,SOCIETY HILL,,cjfjd.a,,,,h.a,a.a,ggaa.a,ddaa.a
Jim,Rullman,,hgj.a,fgf-cjge,HOLLY SPRINGS,,digde.a,S,N,hfaaa.a,f.a,,a.a,a.a
,Stafford,,eag.a,hge-ddbi,DECKER,MT,fjacf.a,M,N,efaaa.a,g.j,a.a,diaa.a,a.a
Atte,Vinson,,hab.a,bdi-geie,KENSAL,ND,fieff.a,,N,caaaa.a,c.b,a.a,ggaa.a,a.a
Florentin,Loveland,,hgf.a,bbe-iicc,MEROM,IN,ehigb.a,,N,,d.e,a.a,caaa.a,a.a
,Lauterbach,M,cac.a,hch-ijia,WASHINGTON,,caaic.a,S,Y,,j.a,,a.a,
,Viallet,,fbd.a,ibd-hgbb,RARDEN,,efghb.a,,,gaaaa.a,c.fdhhbi,a.a,cgaa.a,a.a
,Faraboschi,F,faf.a,,,NM,iiaae.a,M,,bfaaa.a,e.jfhbed,a.a,ggaa.a,ddaa.a
,Azumi,F,hih.a,hdf-chfa,,PR,gii.a,S,,ffaaa.a,a.a,,a.a,a.a
Donanld,Altenkirch,F,iga.a,ddc-egej,HARTFORD,CT,gbaf.a,S,Y,caaaa.a,f.a,,a.a,
,Pfisterer,M,cai.a,,VICTOR,ID,ideff.a,S,N,hfaaa.a,h.i,,a.a,a.a
,Muldowney,F,jah.a,,AKIAK,AK,jjffc.a,M,Y,,a.a,a.a,a.a,a.a
,Fanchon,F,cgh.a,ihc-jifh,FRANCONIA,,bijce.a,S,,faaa.a,d.ah,,a.a,
Davi,Vanegas,F,hac.a,,,NV,ijbcf.a,M,,daaaa.a,a.a,a.a,a.a,a.a
Yichiang,Vetterli,F,fia.a,fid-jgbc,,OK,,S,,jfaaa.a,g.cf,,a.a,baaa.a
Erzsebet,Vitthal,F,gad.a,dfg-jaha,ASHUELOT,NH,,M,Y,jaaaa.a,a.a,a.a,a.a,
,Lorho,F,jci.a,,BELLEMONT,AZ,igabf.a,M,Y,,e.bb,a.a,ecaa.a,cdaa.a
,Castangia,M,gaj.a,hge-jdhi,VINELAND,NJ,idgc.a,M,N,gaaaa.a,c.adaiddc,a.a,caaa.a,
Shanda,Mugridge,F,iac.a,eij-dghd,,VT,fhgi.a,S,,,d.jjjijih,,a.a,
Alec,Tague,M,iai.a,,VOLCANO,HI,jghif.a,S,Y,faaaa.a,i.cf,,a.a,baea.a
Rachid,Sangal,,cfg.a,jeh-fbag,MALCOLM,,dgffg.a,,N,caaaa.a,f.a,a.a,daaa.a,a.a
Qin,McGee,F,jah.a,,ANCHORAGE,AK,jjfcb.a,S,Y,,a.a,,a.a,a.a
,Canon,F,jah.a,,DELTA JUNCTION,AK,jjhdh.a,M,Y,caaaa.a,a.a,a.a,a.a,a.a
Geber,Takagi,,fhd.a,bad-jjfi,BATES CITY,MO,geabb.a,M,N,faaaa.a,g.a,a.a,ecaa.a,a.a
Guardian,Fabrizio,M,fia.a,ccc-jfid,,OK,hdhge.a,S,,iaaaa.a,g.cf,,a.a,baaa.a
Josiane,Raskhodnikova,F,iga.a,bjg-dfii,PINE MEADOW,CT,gagb.a,,N,hfaaa.a,f.a,a.a,cefaa.a,
Mani,Stanica,M,cgj.a,cba-cbgc,SHEPHERD,MI,,,Y,baaaaa.a,d.j,a.a,gcaa.a,dbaa.a
Slim,Graehl,M,dah.a,,,WY,iceab.a,M,N,haaaa.a,a.a,a.a,a.a,a.a
Loyce,Capobianchi,F,ffb.a,fbe-bhgg,NEPTUNE,NJ,hhfe.a,,Y,ffaaa.a,b.jfbjhjc,a.a,caaa.a,
,Rotger,,dbh.a,iaj-fajg,STATE LINE,IN,ehjic.a,,N,iaaaa.a,d.e,a.a,caaa.a,a.a
Elisabeth,Vaudenay,M,cac.a,chc-hicf,WASHINGTON,,cacbg.a,S,Y,eaaaa.a,j.a,,a.a,
Hisham,Cannan,F,dcb.a,egf-ibdj,LAKE CITY,,,,Y,ifaaa.a,a.a,,a.a,a.a
Joris,Fanty,M,edc.a,bbh-fbbj,,TX,,S,,jaaaa.a,a.a,,a.a,a.a
Kitsana,Zdybel,F,eab.a,fbj-jjde,,RI,ciia.a,M,,hfaaa.a,a.a,a.a,a.a,
Antoni,Klawonn,M,jfg.a,,,TX,hhaaf.a,S,,,a.a,,a.a,a.a
Mysore,Mutka,F,cad.a,eii-cjhg,DANBURY,CT,gibg.a,M,N,,f.a,a.a,cefaa.a,
Jianlin,d'Argence,,jbc.a,edg-cbic,ATLANTA,,dadeg.a,M,N,hfaaa.a,g.a,a.a,feaa.a,a.a
Sudeshna,Plesums,F,gai.a,edb-fhdf,,WI,,S,N,baaaaa.a,g.bidjbi,,a.a,a.a
,Wahab,,gag.a,ibh-bfef,COLUMBUS,,ecadc.a,S,N,cfaaa.a,d.ccccccd,,a.a,a.a
Nalini,Tomic,,hgj.a,eeh-ciaj,CROSBY,,djgdd.a,S,N,baaaa.a,f.a,,a.a,a.a
Jagdish,Grand,,hbf.a,jfe-fbih,,WI,fdaic.a,S,Y,cfaaa.a,e.iiahic,,a.a,eaa.a
,Holand,F,eie.a,ifh-ffib,PITTSBURGH,,bfcad.a,,,,d.ah,,a.a,
,Calkin,,igd.a,idc-jeii,MIAMI BEACH,,ddbfe.a,,N,faaa.a,a.a,,a.a,a.a
Ryotaro,Potharst,F,faj.a,,,WA,jichh.a,M,N,cfaaa.a,a.a,a.a,a.a,a.a
Goodwin,Gutleber,,eag.a,beh-ceje,MISSOULA,MT,fjiai.a,,Y,,g.j,a.a,diaa.a,bjaa.a
Yasufumi,Angele,F,iab.a,cgc-hcaj,,UT,,S,,ifaaa.a,h.a,,a.a,cehf.a
Yuka,Schirra,F,cad.a,bgb-ehjf,MOOSUP,CT,gdfe.a,,N,efaaa.a,f.a,a.a,cefaa.a,
Aino,Bahk,,geb.a,gbd-ceea,WOODBURN,IA,fachf.a,M,N,eaaaa.a,g.ddjcbb,a.a,ia.a,a.a
Naoshi,Milgram,,fac.a,cjd-gfig,EDMONTON,,ecbcj.a,S,N,,d.ccccccd,,a.a,a.a
,Prevel,M,cac.a,hjd-hdch,WASHINGTON,,cafee.a,M,Y,daaaa.a,j.a,a.a,chea.a,
Yoichiro,Kasahara,F,hbj.a,,COLORADO SPRINGS,CO,iajdj.a,S,N,,e.gd,,a.a,a.a
Masaharu,Greef,M,dah.a,,,WY,ichbg.a,S,N,ffaaa.a,a.a,,a.a,a.a
Canice,Huleihel,F,eac.a,dja-ccaj,HEMINGFORD,NE,gjdei.a,M,N,,g.ie,a.a,cag.a,a.a
Yoram,Zfira,M,hbj.a,dge-jbbi,WATKINS,CO,,M,Y,jfaaa.a,e.gd,a.a,a.a,a.a
ChengFu,Garnick,M,gad.a,fei-jhjd,HANCOCK,NH,deej.a,S,N,eaaaa.a,a.a,,a.a,
Jacky,Reeves,M,ecf.a,,,WA,jiafc.a,S,,efaaa.a,a.a,,a.a,a.a
,Rest,M,gac.a,,FLORENCE,AZ,ifchj.a,S,Y,caaaa.a,d.acejjjj,,a.a,cdaa.a
Weigang,Pietsch,F,egj.a,bbb-bghh,,TX,,S,,jfaaa.a,a.a,,a.a,a.a
,Benowitz,,cbj.a,ibd-hfbb,BLUFFTON,,eghbe.a,S,N,faaaa.a,d.e,,a.a,a.a
Pierangelo,Vesel,,ghi.a,fjb-jhah,WASHINGTON,,daghd.a,S,Y,faaa.a,e.e,,a.a,daaa.a
Lon,DuBourdieux,,ebj.a,cec-gifd,COLUMBUS,,edccj.a,M,,bfaaa.a,b.aedjeii,a.a,cgaa.a,a.a
Noemi,Niamir,M,cac.a,fii-deig,WASHINGTON,,caaga.a,S,N,,j.a,,a.a,
Jingwen,Iwanuma,,hae.a,ccd-jcdh,WINSTON SALEM,,chbbg.a,M,N,,h.ebaidj,a.a,ggaa.a,
Tjahjadi,Gastner,,gca.a,egh-dcfb,HAYSVILLE,KS,ghaga.a,M,N,gaaaa.a,g.ef,a.a,efaa.a,a.a
Sven,Coppini,F,iac.a,ehc-cgci,,VT,fhdi.a,M,,gfaaa.a,e.cjiddb,a.a,ggaa.a,
,Jacquet,M,edf.a,,,UT,iebjj.a,S,,,h.a,,a.a,cehf.a
,Maarek,F,eda.a,,,TX,hhcii.a,M,,,a.a,a.a,a.a,a.a
,Weidenbach,,hab.a,ghe-bgeb,STEELE,ND,fieic.a,,N,faaaa.a,c.ddfdccg,a.a,ggaa.a,a.a
Lodewijk,Devor,M,jah.a,,FAIRBANKS,AK,jjhbc.a,M,Y,gaaaa.a,a.a,a.a,a.a,a.a
,Ehlers,M,hca.a,,PUEBLO,CO,ibaag.a,,Y,daaaa.a,e.gd,,a.a,a.a
Immanuel,Acklen,,cgc.a,bfj-dhii,,WI,febgg.a,M,Y,iaaaa.a,f.idgebf,a.a,beaa.a,eaa.a
Nick,Yanover,F,jhb.a,,,OR,jhfee.a,M,,iaaaa.a,j.a,a.a,dbi.a,bfj.a
Belhadri,Fedou,M,iai.a,ecc-egfj,KAHULUI,HI,,,Y,jaaaa.a,i.cf,,a.a,baea.a
Uli,Muldner,F,cai.a,,FRANKLIN,ID,idcdh.a,S,Y,,h.i,,a.a,ddaa.a
Seiji,Olano,F,fab.a,gci-ddbh,CAMDEN,AR,hbhbb.a,M,Y,haaaa.a,h.a,a.a,ea.a,ca.a
Aral,Fleckenstein,M,gbe.a,dhd-edih,CLEVELAND,,,S,,ifaaa.a,d.dghfj,,a.a,a.a
Fredo,Gesli,F,hbc.a,dhh-egcd,CUSHING,IA,,M,N,ifaaa.a,i.ji,a.a,ia.a,a.a
Kozi,Hikichi,F,fab.a,jfb-eddc,WARM SPRINGS,AR,hcehi.a,M,N,,h.a,a.a,ea.a,a.a
Dinos,Cesarini,M,hfh.a,dif-hifj,SPARTA,,ccffc.a,,,hfaaa.a,f.hf,a.a,biaa.a,
Usko,Rouch,M,fha.a,gdg-cgic,LYKENS,,bhaei.a,,,caaaa.a,d.ah,,a.a,
,Stancampiano,,hab.a,hdh-baab,CANNON BALL,ND,fifci.a,S,N,daaaa.a,c.badehhf,,a.a,a.a
Liqun,Shermer,M,dad.a,cjj-hajh,DENVER,CO,,S,Y,jaaaa.a,e.gd,,a.a,a.a
Qiwen,Rand,,fhb.a,efc-iija,BUCHANAN,,ceagg.a,S,,caaaa.a,f.hf,,a.a,
Belinda,Dybig,,dae.a,cae-hecd,HARTS,,cffce.a,M,N,caaaa.a,d.h,a.a,eaaa.a,
Vikrant,Pool,,jdb.a,daa-jjje,OOLTEWAH,,dhdgd.a,,,baaaa.a,a.a,,a.a,a.a
Vinoo,Kirschenbaum,M,jah.a,,ELIM,AK,jjhdj.a,M,N,,a.a,a.a,a.a,a.a
,Blok,,hab.a,ibf-ffcf,LUVERNE,ND,fiafg.a,,Y,caaaa.a,c.b,a.a,ggaa.a,ddaa.a
Nagabhushana,Tchernykh,,ccj.a,gec-cjcd,SAVANNAH,,dbeaf.a,,N,gfaaa.a,g.a,a.a,feaa.a,a.a
Sangyeun,Buchanan,F,cib.a,,,TX,hhfda.a,S,,faaa.a,a.a,,a.a,a.a
Iztok,Steenstrup,F,hae.a,ccj-giac,EDWARD,,,M,Y,baaaaa.a,h.idaebjf,a.a,ggaa.a,
Behzad,Gori,M,jah.a,,CHICKEN,AK,jjhdc.a,S,Y,faaaa.a,a.a,,a.a,a.a
Sixto,Verbitsky,M,cea.a,gfc-fedf,UPPER MARLBORO,,cahjc.a,S,Y,dfaaa.a,e.hf,,a.a,
,Pocholle,F,dai.a,ifa-idja,NEBRASKA CITY,NE,,,Y,baaaaa.a,g.ie,a.a,cag.a,bad.a
,Braham,F,jbd.a,hce-jdig,VERMILLION,KS,,S,Y,ifaaa.a,g.ef,,a.a,ccfa.a
,Nagafuji,F,dah.a,,,WY,iciec.a,M,Y,,a.a,a.a,a.a,a.a
Zhoujun,Spinner,M,gad.a,eeb-baag,MILTON MILLS,NH,difc.a,,N,caaaa.a,a.a,a.a,a.a,
Masaya,Ruhleder,,eac.a,bih-geig,OMAHA,NE,gibde.a,,Y,baaaa.a,d.jajhajf,,a.a,bad.a
Wing,Blue,M,iab.a,,,UT,iehjb.a,S,,faaa.a,h.a,,a.a,a.a
Imsong,Rahman,F,cai.a,,WARREN,ID,idghb.a,M,N,gfaaa.a,h.i,a.a,ggaa.a,a.a
Milon,Daneels,M,hhf.a,,,NV,ijaif.a,S,,caaaa.a,a.a,,a.a,a.a
Lihu,Hellwagner,M,edf.a,,,UT,iecab.a,M,,,h.a,a.a,ejfa.a,cehf.a
Giuseppa,Nandavar,,fgh.a,eba-ehjf,THURMAN,,efgif.a,S,,,b.cajjcdb,,a.a,a.a
Jayen,Sonnenberger,,gaf.a,dcd-dihg,,SD,fhcff.a,S,,gaaaa.a,a.a,,a.a,a.a
,Stachniak,F,fea.a,hhb-gdgb,GARRISONVILLE,,,M,,jaaaa.a,f.hf,a.a,biaa.a,
Ghulam,Luth,F,jhd.a,bfd-bieh,OGDENSBURG,NJ,hedj.a,,Y,,c.ficibcf,a.a,caaa.a,
,Ozkan,,dai.a,ijh-cijc,SAINT EDWARD,NE,gigga.a,,Y,baaaa.a,d.jajhajf,a.a,cag.a,bad.a
Sudipta,Kmiec,F,gba.a,jhb-hiff,LEHIGH VALLEY,,biaad.a,,,,d.ah,a.a,a.a,
Dylan,Panzer,,ehi.a,gcg-cdfj,ATLANTA,,dadhh.a,S,Y,iaaaa.a,g.a,,a.a,daaa.a
Neelam,Langacker,M,gad.a,ccg-gehb,FRANCESTOWN,NH,daed.a,S,Y,,a.a,,a.a,
Almerico,Depommier,M,iac.a,fhb-ifcb,,VT,fgfe.a,S,,faaa.a,d.g,,a.a,
Veikko,Mirandola,F,jah.a,,FAIRBANKS,AK,jjhba.a,M,Y,,a.a,a.a,a.a,a.a
Mallika,Foulk,,eag.a,deh-cigh,PHILIPSBURG,MT,fjifi.a,,N,cfaaa.a,g.j,a.a,diaa.a,a.a
Brad,Csuros,M,ehi.a,fjb-hffd,CALHOUN,,,S,N,jaaaa.a,g.a,,a.a,a.a
Martyne,Tash,,fbf.a,eee-fjjj,LADORA,IA,fccfb.a,,Y,efaaa.a,h.bbbbab,a.a,ia.a,ea.a
Terrance,Koutny,M,gad.a,gfe-faci,GILMANTON IRON WORKS,NH,didh.a,M,N,,a.a,a.a,a.a,
,Kupper,,cgj.a,hgh-gafg,SAINT CLAIR SHORES,MI,eiaic.a,,N,,d.j,a.a,gcaa.a,a.a
,Kirani,F,eab.a,ifg-djgi,,RI,cijc.a,M,,,a.a,a.a,a.a,
,Hoare,M,faf.a,,,NM,ihhef.a,M,N,,f.d,a.a,ggaa.a,a.a
,Juvin,F,gad.a,jch-bjde,WATERVILLE VALLEY,NH,dcbf.a,S,Y,,a.a,,a.a,
Tuija,Harloff,,ied.a,bhh-chdf,CHAPIN,,cjadg.a,S,,,h.a,,a.a,ddaa.a
Bilge,Roure,,iba.a,fec-ciab,MERRITT,MI,ejggh.a,,Y,daaaa.a,d.j,,a.a,dbaa.a
Issam,Konakovsky,,dae.a,dca-dbja,BUFFALO,,cfadd.a,S,N,,g.f,,a.a,
Michele,Mykkeltveit,F,jha.a,,GENOA,CO,iaibi.a,M,N,,e.gd,a.a,a.a,a.a
Olov,Parameswaran,M,ggb.a,,TECOPA,CA,jcdij.a,S,N,bfaaa.a,d.aejdiff,,a.a,a.a
,Papastavrou,,fah.a,icb-jbha,OSSEO,MN,fffgj.a,,Y,hfaaa.a,h.if,,a.a,ddaa.a
Hemachandra,Bernfeld,M,hac.a,,,NV,ijfab.a,M,,dfaaa.a,a.a,a.a,a.a,a.a
Swati,Sadahiro,F,feb.a,jga-dhjc,,OR,,S,,ifaaa.a,j.a,,a.a,bfj.a
Erez,Brykczynski,,jeb.a,efg-jgii,TAMPA,,ddgii.a,M,N,caaaa.a,a.a,a.a,a.a,a.a
Khakhanian,Zukowski,,jeb.a,dgc-bigd,NICEVILLE,,dcfhi.a,,Y,gfaaa.a,a.a,a.a,a.a,a.a
Xiaodong,Sambasivam,M,gaf.a,bba-eebg,,SD,,M,,jfaaa.a,a.a,a.a,a.a,a.a
Saimond,Sanden,F,faf.a,feg-cgbf,,NM,,S,N,ifaaa.a,f.d,,a.a,a.a
Whanki,Heijden,F,cac.a,fid-bebj,WASHINGTON,,caaba.a,S,Y,,j.a,,a.a,
Brahm,Millington,F,cbe.a,,,TX,hgcha.a,S,,,a.a,,a.a,a.a
Yorick,Pietra,,gfb.a,fhd-cgee,YOUNG AMERICA,MN,ffdjj.a,M,N,faaaa.a,g.jcdgdjd,a.a,ggaa.a,a.a
Che,d'Abreu,F,faf.a,,,NM,ihebf.a,M,Y,eaaaa.a,f.d,a.a,ggaa.a,ddaa.a
Vuk,Zompi,F,iad.a,cee-bjbe,ISLE OF PALMS,,,M,,ifaaa.a,h.a,a.a,ggaa.a,a.a
Susanna,Rama,,caf.a,egc-jfii,GENEVA,,dgdea.a,S,Y,haaaa.a,f.a,,a.a,daa.a
,Alfredsen,F,gcg.a,,OAKLAND,CA,jegbf.a,,Y,gfaaa.a,j.d,a.a,bhe.a,chc.a
Aneurin,Chinen,F,hce.a,jgf-gahg,QUARRYVILLE,,bhfgg.a,,,faaaa.a,d.ah,,a.a,
Dusanka,Varvel,M,dah.a,fje-fchi,,WY,,M,Y,ifaaa.a,a.a,a.a,a.a,a.a
Einoshin,Sabelli,F,edf.a,,,UT,ieaaf.a,S,,bfaaa.a,h.a,,a.a,a.a
,Prokopowicz,,cgc.a,hdc-fifg,,WI,fegac.a,M,Y,dfaaa.a,f.afefddf,a.a,beaa.a,eaa.a
Yanxi,Dovidio,,ebj.a,dib-ehfa,BUCHTEL,,efhbg.a,S,,baaaa.a,a.ihhjhee,,a.a,a.a
Monica,Romoli,M,dah.a,,,WY,icebb.a,M,Y,baaaa.a,a.a,a.a,a.a,a.a
Gopalakrishnan,Swartout,M,dac.a,ffb-jddj,FENWICK ISLAND,,bjjee.a,M,N,bfaaa.a,c.iibibid,a.a,cca.a,
Glen,Roxin,,ggc.a,bcc-iidf,BENOIT,,dihcf.a,M,Y,faaaa.a,f.a,a.a,bcaaa.a,bfaa.a
Veronique,Qadah,F,eaf.a,jhb-fhdj,,OK,hdaif.a,S,,ffaaa.a,g.cf,,a.a,a.a
Wie,Lakhani,,gaf.a,gad-hhde,,SD,fhhdh.a,S,,,a.a,,a.a,a.a
Jent,Sieferas,,cdb.a,edh-ebac,FLINT,MI,eifag.a,S,Y,faaa.a,d.j,,a.a,dbaa.a
Dorbin,Buchter,M,ifh.a,efj-hfhb,GEORGETOWN,MA,bidd.a,M,N,baaaa.a,f.d,a.a,hbfa.a,
Kava,Bracchi,F,dah.a,bab-djgg,,WY,,S,Y,ifaaa.a,a.a,,a.a,a.a
Jungho,Mattison,F,dah.a,,,WY,icafc.a,M,N,,a.a,a.a,a.a,a.a
,Sigelmann,M,iac.a,igj-icjc,,VT,fafe.a,S,,ffaaa.a,e.ajjdhg,,a.a,
,Auyong,F,gbh.a,jcf-bfab,ASHLEY FALLS,MA,bccc.a,M,N,hfaaa.a,f.d,a.a,hbfa.a,
Anders,Naccache,F,cah.a,gbi-fdbi,JACKMAN,ME,ejef.a,,N,,i.f,,a.a,
Wiebe,Luebbert,F,cac.a,efg-jcdi,WASHINGTON,,caabd.a,M,Y,,j.a,a.a,chea.a,
Panayiotis,McAffer,,hab.a,fff-hadi,HOOPLE,ND,ficed.a,M,Y,,c.jbejdf,a.a,ggaa.a,ddaa.a
Giedrius,Schrickx,F,hdc.a,jhf-ffia,BRIDGEWATER,NJ,,M,Y,jfaaa.a,c.ficibcf,a.a,caaa.a,
,Mahnke,,gbi.a,ibi-hjdb,HOPEDALE,IL,gbheh.a,S,N,,d.a,,a.a,a.a
,Rosencrans,M,hca.a,,AURORA,CO,iaaec.a,S,N,eaaaa.a,e.gd,,a.a,a.a
Luiza,Skordev,M,iac.a,dge-ehie,,VT,fhha.a,M,,ffaaa.a,e.ajjdhg,a.a,ggaa.a,
Iskander,Goldsworthy,M,chg.a,bgg-cffc,LINDEN,,,,,ifaaa.a,f.hf,,a.a,
Elie,Morschel,M,dbi.a,fhd-ffci,BATON ROUGE,LA,haibj.a,S,Y,,g.a,,a.a,baaa.a
Kouchi,Eco,,jia.a,edi-jahg,MILL SPRING,,cihfg.a,,N,caaaa.a,g.bfcajhh,a.a,ggaa.a,
,Yurek,M,hbj.a,,PLATTEVILLE,CO,iagfb.a,,N,efaaa.a,e.gd,a.a,a.a,a.a
,Hookway,M,cai.a,,WILDER,ID,idghg.a,S,Y,,h.i,,a.a,ddaa.a
Siegbert,Terkki,,jdb.a,djf-bigc,HENDERSONVILLE,,dhahf.a,M,,faaaa.a,a.a,a.a,a.a,a.a
Sondra,Olech,F,iai.a,,KUNIA,HI,jghfj.a,,N,cfaaa.a,f.fegafd,,a.a,a.a
,Siksek,,hbf.a,iid-dgif,,WI,fejgc.a,S,Y,bfaaa.a,e.hahadb,,a.a,eaa.a
,Donald,,fhd.a,idb-fdib,HOLCOMB,MO,gdifc.a,S,N,hfaaa.a,g.a,,a.a,a.a
Mazen,Peternell,M,feb.a,,,OR,jhejf.a,M,,eaaaa.a,j.a,a.a,dbi.a,a.a
Kahoru,Bhandari,F,cah.a,bdd-edbi,AUGUSTA,ME,eddd.a,S,N,daaaa.a,i.f,,a.a,
Herward,Altepeter,,hgd.a,eif-gjce,NORCROSS,MN,fgche.a,,Y,caaaa.a,f.df,,a.a,ddaa.a
Prahlad,Weedman,M,hce.a,gff-bebc,PROSPECT,,,,,baaaaa.a,d.ah,a.a,a.a,
Shimshon,Desai,M,iab.a,,,UT,ieadg.a,S,,haaaa.a,h.a,,a.a,a.a
Grey,Kunieda,M,iab.a,,,UT,iehbe.a,S,,,h.a,,a.a,a.a
Apostolos,Steffen,M,gaf.a,bie-bjgh,,SD,,S,,jaaaa.a,a.a,,a.a,a.a
Tatyana,Kameny,F,dad.a,,COLORADO SPRINGS,CO,iajdd.a,M,Y,,e.gd,a.a,a.a,a.a
Seongwoo,Hosaka,M,faj.a,,,WA,jifac.a,S,N,,a.a,,a.a,a.a
,McNeill,,cde.a,ghc-bcbc,HAMILTON,,efacg.a,S,,,d.igffbci,,a.a,a.a
Tinku,Wilk,M,cac.a,gga-dafb,WASHINGTON,,caccd.a,M,Y,ffaaa.a,j.a,a.a,chea.a,
Abdelwaheb,Cooley,M,dac.a,egd-fcfa,WILMINGTON,,bjiac.a,M,N,caaaa.a,d.ccchchd,a.a,cca.a,
,Bachenko,M,dah.a,,,WY,icjac.a,M,Y,faaaa.a,a.a,a.a,a.a,a.a
,Schuller,M,cah.a,gib-gfdj,THOMASTON,ME,eigb.a,S,Y,haaaa.a,i.f,,a.a,
Gioia,Lester,,fac.a,dcf-gdji,CAMPTON,,ebdab.a,S,Y,,f.eeeeeeh,,a.a,ca.a
,Xiaoshan,,jeh.a,gje-hcdf,MEMPHIS,MI,eiaeb.a,,N,daaaa.a,d.j,a.a,gcaa.a,a.a
Shigeyyoshi,Gore,,eag.a,bbb-ccdg,HYSHAM,MT,fjadi.a,S,Y,daaaa.a,g.j,,a.a,bjaa.a
Neal,Cho,F,dae.a,gfj-hcfb,HENDRICKS,,,M,Y,jfaaa.a,g.f,a.a,eaaa.a,
,Marchesini,,gaf.a,ifc-ibab,,SD,fhedc.a,M,,,a.a,a.a,a.a,a.a
Clay,Davarian,,hea.a,cdd-dgjh,MILLERSBURG,,eegfe.a,,,ffaaa.a,c.dhbhedh,a.a,cgaa.a,a.a
Bong,Zieschang,,dbg.a,caa-chfg,WICHITA,KS,ghcda.a,S,N,caaaa.a,e.eidddd,,a.a,a.a
Grigori,Dunlop,,gbi.a,bfi-ccij,CHICAGO,IL,gagda.a,M,Y,baaaa.a,d.a,a.a,eaaa.a,caaa.a
Tamitha,Crosby,M,hac.a,,,NV,ijedd.a,S,,caaaa.a,a.a,,a.a,a.a
,Heinze,F,fad.a,,,OR,jhefj.a,M,,,j.a,a.a,dbi.a,bfj.a
Shiwei,Kuester,,dae.a,cia-bjga,HARMAN,,cgcha.a,S,Y,,g.f,,a.a,
Erach,Muhling,F,gbh.a,baf-eedh,CHICOPEE,MA,babe.a,M,N,,f.d,a.a,hbfa.a,
Kencheng,Stiefeling,M,chg.a,fjh-jeja,GREENWAY,,ccagh.a,M,,daaaa.a,f.hf,a.a,biaa.a,
Filiberto,Farsi,M,jbi.a,ffg-feda,,OK,heiga.a,S,,gfaaa.a,g.cf,,a.a,a.a
Nabeel,Litzler,,dbg.a,fec-eigj,ALMA,KS,ggeab.a,S,Y,,g.ef,,a.a,ccfa.a
Sandiway,Puustjarvi,F,gaf.a,cjf-jibc,,SD,,M,,baaaaa.a,a.a,a.a,a.a,a.a
,Semmler,M,hfh.a,jci-cjii,VIENNA,,ccbia.a,M,,ffaaa.a,f.hf,a.a,biaa.a,
,Lampe,,eag.a,hba-ijfe,EMIGRANT,MT,fjach.a,M,Y,,g.j,a.a,diaa.a,bjaa.a
Rogerio,Schwederski,F,hbj.a,,GOLDEN,CO,iaebj.a,M,N,faaa.a,e.gd,a.a,a.a,a.a
Mrinalini,Barthes,F,cea.a,fai-bfhg,DEAL ISLAND,,cbicb.a,M,N,efaaa.a,e.hf,a.a,eiaa.a,
,Ohkura,F,jhd.a,gij-fbbj,SOUTH AMBOY,NJ,iihj.a,,N,gfaaa.a,c.bajgihg,,a.a,
,Kamiyama,,cga.a,iij-bhhd,GRAMMER,IN,ehcdg.a,S,Y,,d.e,,a.a,baaa.a
,Kronert,M,eaf.a,jdg-jiba,,OK,hdjdj.a,M,,,g.cf,a.a,caaa.a,baaa.a
Dawson,Kahl,,ebh.a,gbc-ddgc,KANSAS CITY,MO,gebdi.a,,Y,,g.a,a.a,ecaa.a,bcaa.a
,Krasemann,M,dab.a,hha-ffgc,ROCK POINT,,cagic.a,,N,,e.hf,,a.a,
Eliahu,Hitomi,,hag.a,baa-jgcb,HIRAM,,dabeb.a,S,N,,g.a,,a.a,a.a
Dekang,Chevalier,F,cah.a,eej-ieda,YORK BEACH,ME,djba.a,S,N,dfaaa.a,i.f,,a.a,
,Scharf,F,fah.a,ibf-ijgi,NOYES,MN,,,Y,iaaaa.a,h.if,,a.a,ddaa.a
Andrei,Trehan,F,fbf.a,def-gdde,MANILLA,IA,,,N,jfaaa.a,i.ji,a.a,ia.a,a.a
,Tuminaro,M,fha.a,hga-baec,TYLER HILL,,biegj.a,M,,eaaaa.a,d.ah,a.a,a.a,
Parimala,Pink,M,faf.a,,,NM,iiedf.a,M,N,gfaaa.a,f.d,a.a,ggaa.a,a.a
,Frederiksen,F,dac.a,hia-bhaa,HOUSTON,,bjjfe.a,M,Y,gaaaa.a,f.jf,a.a,cca.a,
Evanthia,Chappelet,,jba.a,gba-eeib,RODUCO,,chjgj.a,,Y,cfaaa.a,g.cfgjjd,,a.a,
Shin'ya,Rubsam,F,dah.a,fdb-hfdh,,WY,,M,N,jaaaa.a,a.a,a.a,a.a,a.a
Berardina,Kirani,,ied.a,dee-hagg,COLUMBIA,,cjcaj.a,M,,,h.a,a.a,ggaa.a,a.a
,Deak,,fgd.a,hdd-gejd,DES MOINES,IA,fadjd.a,M,Y,ffaaa.a,i.gfeii,a.a,ia.a,ea.a
Cis,Osoba,F,dah.a,,,WY,iceba.a,M,Y,iaaaa.a,a.a,a.a,a.a,a.a
Naranker,McCandless,M,gad.a,ehg-bech,SANDOWN,NH,dihd.a,,Y,,a.a,a.a,a.a,
Paulette,Goraine,,ehi.a,bea-ddga,NAYLOR,,dbgeb.a,,Y,hfaaa.a,g.a,a.a,feaa.a,daaa.a
Gaetan,Luttringhaus,,ied.a,bae-bcjc,BRUNSON,,cjjbb.a,M,,,h.a,a.a,ggaa.a,a.a
,Maasen,,eag.a,hgg-ddih,GALATA,MT,fjeee.a,M,N,,g.j,a.a,diaa.a,a.a
Jacque,Dumas,,cci.a,ccj-hcic,MOOREVILLE,,diifh.a,,Y,haaaa.a,f.a,,a.a,bfaa.a
,Taubenfeld,,dbg.a,iec-bhfh,TOPEKA,KS,gggcj.a,S,Y,hfaaa.a,g.ef,,a.a,ccfa.a
Shintaro,Nordbotten,,cha.a,jha-cdbb,WEEKSBURY,,ebggh.a,M,Y,,d.ccccccd,a.a,ea.a,ca.a
,Hoepner,,gca.a,hih-eehh,GRINNELL,KS,ghhdi.a,M,Y,,d.f,a.a,efaa.a,ccfa.a
Naseem,Earley,M,cad.a,fee-hjbc,VERNON ROCKVILLE,CT,gagg.a,M,Y,gfaaa.a,f.a,a.a,cefaa.a,
,Serrano,M,gad.a,hbb-cjcc,MANCHESTER,NH,,,N,jfaaa.a,a.a,a.a,a.a,
,Vassilyev,,ehi.a,hdd-ijba,VALDOSTA,,dbgac.a,S,N,eaaaa.a,g.a,,a.a,a.a
Shih,Ferretti,M,fad.a,,,OR,jhcfe.a,S,,caaaa.a,j.a,,a.a,bfj.a
Ivor,Kourai,M,cea.a,fid-eeeg,SILVER SPRING,,cajbi.a,,Y,,e.hf,a.a,eiaa.a,
Shaunak,Theodoratos,,dde.a,gfa-cjjh,GURLEY,,dfhei.a,S,N,cfaaa.a,f.a,,a.a,a.a
Valentina,Kakuma,M,iga.a,fde-hecb,NEW HAVEN,CT,gfaj.a,,Y,,f.a,a.a,cefaa.a,
Yuejiang,Shemesh,M,cab.a,jff-fijh,NEWARK,NJ,hbjd.a,,Y,ffaaa.a,b.jfbjhjc,,a.a,
Wing,Iwatani,,jdh.a,dhc-fadf,GEORGETOWN,,efbcb.a,S,,,c.cafhgjd,,a.a,bdaa.a
Dwayne,Thiria,,gbg.a,fig-bcid,DRUMMOND ISLAND,MI,ejhcg.a,M,N,caaaa.a,d.j,a.a,gcaa.a,a.a
Antonina,Gutman,M,jah.a,,KODIAK,AK,jjgjh.a,,N,,a.a,a.a,a.a,a.a
Allison,Bolshov,,hbf.a,gad-jgje,,WI,feceh.a,S,N,gfaaa.a,f.fhfhii,,a.a,a.a
Ounissa,Justo,,hde.a,jjg-bfbg,TROY,MI,eiajj.a,S,Y,,d.j,,a.a,dbaa.a
Joaquim,Mukund,F,iab.a,,,UT,iehhb.a,S,,,h.a,,a.a,cehf.a
Ljupco,Randt,,ggc.a,bdh-cajd,TINSLEY,,djbhd.a,S,Y,gfaaa.a,f.a,,a.a,bfaa.a
Sivanarayana,Hallet,F,jdj.a,daa-ggdg,,PR,hig.a,S,,,a.a,,a.a,
Osman,Shirai,M,jbg.a,cha-ggeh,SAN FRANCISCO,CA,,,Y,baaaaa.a,j.d,a.a,bhe.a,chc.a
Ottavia,D'Silva,M,dca.a,edc-hjbi,SAINT HILAIRE,MN,,,N,jaaaa.a,h.if,a.a,ggaa.a,a.a
Arnold,Mattern,F,cac.a,deb-cceb,WASHINGTON,,cafga.a,S,Y,,j.a,,a.a,
Henner,Mathieson,F,dac.a,gbb-geii,PORT PENN,,bjhdb.a,,Y,,e.cefeff,,a.a,
Ingram,Lorin,,ebj.a,jea-fbbj,FREMONT,,edeca.a,M,,,c.adjhjf,a.a,cgaa.a,a.a
,Jesty,,ibc.a,icf-bbie,LYNN,IN,ehdff.a,,N,,d.e,,a.a,a.a
Natalija,Gursoy,M,hhf.a,,,NV,ijbbg.a,M,,haaaa.a,a.a,a.a,a.a,a.a
Couto,Dalmare,,ggc.a,fdj-gege,SANDHILL,,djbgb.a,,Y,gfaaa.a,f.a,,a.a,bfaa.a
Hoewon,Lanka,F,dah.a,,,WY,icddc.a,S,N,,a.a,,a.a,a.a
Hafeda,Soloway,F,cad.a,jic-ecba,STORRS MANSFIELD,CT,,,N,iaaaa.a,f.a,a.a,cefaa.a,
Eliseo,Dussud,F,jai.a,dhd-jbfc,,NJ,heib.a,M,Y,ffaaa.a,b.jfbjhjc,a.a,caaa.a,
Itaru,Kitai,M,ddh.a,gcg-beaa,AVERY ISLAND,LA,hafbd.a,M,Y,,g.a,a.a,jaaa.a,baaa.a
Behrooz,Dosser,F,eaf.a,cdd-iefg,,OK,hdagj.a,M,,bfaaa.a,g.cf,a.a,caaa.a,a.a
,Karnin,,gdg.a,hjc-gcfe,LODI,MO,gdjfa.a,,N,,g.a,a.a,ecaa.a,a.a
Guillem,Ducasse,F,iha.a,dca-gceb,AUBREY,AR,hcdbb.a,S,Y,faaa.a,b.dicgjdj,,a.a,ca.a
Ichiang,Khoury,F,iai.a,,KEALIA,HI,jghfb.a,,N,,i.cf,a.a,caia.a,a.a
Anwar,Simutis,F,jbi.a,beg-ebgf,,OK,hdagb.a,M,,faaaa.a,g.cf,a.a,caaa.a,baaa.a
Roa,McArthur,,ieh.a,dbd-egdi,YATES CITY,IL,gbfhc.a,M,Y,,d.a,a.a,eaaa.a,caaa.a
Tokunbo,Globig,F,cad.a,dai-hgci,OLD GREENWICH,CT,,,Y,jaaaa.a,f.a,,a.a,
,Levenshtein,,dai.a,jbh-cihh,OMAHA,NE,gibbe.a,,Y,,g.ie,,a.a,bad.a
,Eliyahu,F,hca.a,,COLORADO SPRINGS,CO,iajbf.a,S,N,faaaa.a,e.gd,,a.a,a.a
Chienwen,Forchert,F,dbi.a,efj-bgfc,BELL CITY,LA,hagda.a,M,N,faaa.a,c.a,a.a,jaaa.a,a.a
Fujie,Houtsma,F,cad.a,ceh-fidf,VOLUNTOWN,CT,gdie.a,M,N,,f.a,a.a,cefaa.a,
Baruch,Maguire,F,cea.a,bii-ghjj,NEWARK,,cbieb.a,,Y,,e.hf,a.a,eiaa.a,
Evangeline,Baaleh,,geb.a,bij-fidb,WAVERLY,IA,faghh.a,S,N,baaaa.a,b.hahihdh,,a.a,a.a
Anatoly,Wehrenberg,,fbd.a,dea-gfcf,MARTINSBURG,,edadh.a,,,eaaaa.a,b.ihdicaf,,a.a,bdaa.a
Deryck,Nayakkankuppam,,hab.a,cag-ddbd,BURLINGTON,ND,fihcc.a,S,Y,,c.efbcef,,a.a,ddaa.a
Piet,Schaedler,F,dbf.a,cgb-cfeh,,NY,bacaa.a,S,,cfaaa.a,e.ajiehff,,a.a,
Dayne,Romein,M,dah.a,gfh-igbe,,WY,,M,Y,iaaaa.a,a.a,a.a,a.a,a.a
Vassilios,Alves,F,jah.a,,KASILOF,AK,jjgba.a,,Y,hfaaa.a,a.a,,a.a,a.a
Mohammad,Cen,F,cac.a,fgg-cjfh,WASHINGTON,,cafah.a,S,Y,cfaaa.a,h.ihf,,a.a,
Surata,Yemenis,M,fab.a,gfj-fejc,EUDORA,AR,hbgea.a,M,Y,faaaa.a,h.a,a.a,ea.a,ca.a
,Beaucoudrey,F,feb.a,,,OR,jheic.a,S,,bfaaa.a,j.a,,a.a,bfj.a
,Gurr,F,eed.a,jdc-ecbj,ABERDEEN,,cbaab.a,M,N,dfaaa.a,e.hf,a.a,eiaa.a,
Carlton,Serna,,gca.a,gbg-haac,AUGUSTA,KS,ghaba.a,M,N,ffaaa.a,g.ef,a.a,efaa.a,a.a
Shashidhar,Lund,,caf.a,bha-edjc,MOBILE,,dggbh.a,,Y,,f.a,,a.a,daa.a
Ezio,Schapiro,F,iei.a,cfd-iadi,TOTOWA,NJ,hfbc.a,M,N,gaaaa.a,c.adaiddc,a.a,caaa.a,
,Raju,F,jci.a,,SOLOMON,AZ,ifffb.a,,N,ffaaa.a,d.fghejjj,a.a,ecaa.a,a.a
Agnieszka,Lehoczky,,chg.a,jfg-bhcf,SOUTH HILL,,cdjha.a,,,,f.hf,a.a,biaa.a,
,Blumberg,F,faf.a,,,NM,iidef.a,S,Y,caaaa.a,f.d,,a.a,ddaa.a
Mike,Cridlig,,dbg.a,ebi-bdac,LEBO,KS,ggifg.a,,Y,dfaaa.a,g.ef,a.a,efaa.a,ccfa.a
,Dawood,,dde.a,iae-hdjj,BIRMINGHAM,,dfcdc.a,M,Y,bfaaa.a,f.a,a.a,daaa.a,daa.a
Masayuki,Musha,,hgd.a,dcd-fifh,SAWYER,MN,ffhia.a,,Y,,g.jcdgdjd,a.a,ggaa.a,ddaa.a
Nong,Spence,,gdg.a,eac-icce,BALLWIN,MO,gdabb.a,M,N,dfaaa.a,g.a,a.a,ecaa.a,a.a
Hae,McCallien,M,gcg.a,,HAWAIIAN GARDENS,CA,jahbg.a,S,N,,j.d,,a.a,a.a
Fahiem,Lockington,,gaf.a,fci-dcba,,SD,fhdcf.a,S,,,a.a,,a.a,a.a
Sizheng,Motley,,fgh.a,cib-jcgi,CLEVELAND,,eebjj.a,S,,,d.adfgebc,,a.a,a.a
Zhenzhou,Jalloul,M,iac.a,egj-ggeg,,VT,fibj.a,M,,,d.g,a.a,ggaa.a,
Bhagirath,Beal,M,hhf.a,,,NV,ijaba.a,M,,baaaa.a,a.a,a.a,a.a,a.a
Shair,Schwantner,M,hce.a,bjg-cgff,CONCORDVILLE,,bjdea.a,S,,bfaaa.a,d.ah,,a.a,
Egidio,Nozawa,,fhd.a,daj-igdj,VANZANT,MO,gfhgi.a,S,Y,,g.a,,a.a,bcaa.a
,Wiseman,F,cac.a,idc-efii,WASHINGTON,,,M,Y,iaaaa.a,j.a,a.a,chea.a,
Pepijn,Alt,F,jbg.a,,DOUGLAS CITY,CA,jgace.a,S,N,eaaaa.a,i.jfbdbe,,a.a,a.a
Huzur,Kirkman,,eag.a,fba-defc,HINSDALE,MT,fjceb.a,S,Y,,g.j,,a.a,bjaa.a
Weidon,Sinclair,M,eda.a,,,TX,hjabj.a,M,,faaaa.a,a.a,a.a,a.a,a.a
,Vaidyanathan,M,hbj.a,,MONARCH,CO,ibcch.a,,Y,dfaaa.a,e.gd,a.a,a.a,a.a
Richara,Sueyoshi,M,gad.a,fcc-hcjg,WINNISQUAM,NH,,M,Y,iaaaa.a,a.a,a.a,a.a,
Brajesh,Fasbender,F,hac.a,fgj-fbfc,,NV,,S,,jaaaa.a,a.a,,a.a,a.a
,Renault,F,jdj.a,hhf-djcf,,PR,ggj.a,M,,efaaa.a,a.a,a.a,a.a,a.a
Carolos,Kuemmerle,F,fai.a,eab-ijfd,EAST BRIDGEWATER,MA,cddd.a,M,N,,f.d,a.a,hbfa.a,
Ming,Redmill,,jdb.a,gbb-gjgg,COMO,,diccd.a,S,,faaaa.a,a.a,,a.a,a.a
Kuniji,Roncato,M,jdb.a,edb-jhjb,TALLASSEE,,,M,,ifaaa.a,a.a,a.a,a.a,a.a
,Leibs,F,cac.a,iab-jgci,WASHINGTON,,cafda.a,S,Y,,j.a,,a.a,
,Livingston,M,had.a,hec-idgd,ASHBURN,,cabeg.a,S,,,f.cbecig,,a.a,
Tiko,Kaderali,,ggc.a,fcc-hdfj,CRUGER,,dijce.a,M,N,,f.a,a.a,bcaaa.a,a.a
Torulf,Bravoco,,hab.a,jgg-hfgd,GOODRICH,ND,fieee.a,S,Y,daaaa.a,c.badehhf,,a.a,ddaa.a
,Meiming,F,dah.a,,,WY,iceea.a,S,N,,a.a,,a.a,a.a
Rei,Conia,,hif.a,gbg-iajg,ISABEL,KS,ghagf.a,M,N,eaaaa.a,g.ef,a.a,efaa.a,a.a
Kyungcheol,Dishlieva,M,dab.a,jjd-febf,CHARLOTTE HALL,,cagcc.a,S,Y,iaaaa.a,e.hf,,a.a,
,Swift,F,cai.a,,CLARKIA,ID,idibc.a,M,Y,bfaaa.a,f.fcjaec,a.a,ggaa.a,ddaa.a
Loic,Pinches,M,cai.a,,SUGAR CITY,ID,ideei.a,,N,eaaaa.a,h.i,,a.a,a.a
Qingyu,Cavendish,F,cac.a,jec-hffi,WASHINGTON,,caede.a,M,N,faaaa.a,j.a,a.a,chea.a,
Luk,Gonthier,M,fia.a,bdi-caai,,OK,heiae.a,M,,eaaaa.a,g.cf,a.a,caaa.a,baaa.a
Savio,Paludetto,,ige.a,fei-ejdd,SPARTANBURG,,cjdae.a,,,haaaa.a,h.a,a.a,ggaa.a,ddaa.a
,Mikki,,ici.a,hje-chig,MAMERS,,chffc.a,,Y,,h.hcffcee,,a.a,
,Rayside,M,cad.a,hbe-hcjb,STAMFORD,CT,gjbb.a,,N,gaaaa.a,f.a,,a.a,
,Agius,M,gda.a,iee-ifcd,CLAYTONVILLE,IL,,M,N,baaaaa.a,d.a,a.a,eaaa.a,a.a
,Nadon,,cbj.a,ihe-bggj,MIAMI,,egjfj.a,,N,,d.e,a.a,caaa.a,a.a
Jongsuk,Wuwongse,F,jdj.a,gba-cgbc,,PR,jbc.a,M,,gfaaa.a,a.a,a.a,a.a,
Ferda,Lapkowski,M,hhf.a,,,NV,ijeag.a,M,,,a.a,a.a,a.a,a.a
,Cartier,F,eed.a,hdc-jhba,COLUMBIA,,cbaef.a,M,Y,bfaaa.a,e.hf,a.a,eiaa.a,
Dongsu,Rackoff,,cfb.a,gcb-jcga,SALEM,,dgihe.a,,Y,gaaaa.a,f.a,a.a,daaa.a,daa.a
,Tani,,ige.a,hic-cdbb,MOUNT CROGHAN,,cjhch.a,,,hfaaa.a,h.a,a.a,ggaa.a,a.a
Wissal,Rifa,F,dah.a,,,WY,idbbd.a,M,N,ffaaa.a,a.a,a.a,a.a,a.a
Zhengyou,Schilier,F,faj.a,,,WA,jifci.a,S,,hfaaa.a,a.a,,a.a,a.a
Truxton,Cestnik,F,hbc.a,bdj-gebe,WELDON,IA,,S,N,jfaaa.a,i.ji,,a.a,a.a
Duangkaew,Schwabacher,F,hbf.a,cce-gdcf,,WI,,S,Y,jfaaa.a,g.ajhaec,,a.a,eaa.a
Fethi,Torrellas,F,iac.a,fac-fede,,VT,feeh.a,M,,dfaaa.a,d.habeggi,a.a,ggaa.a,
Jaejoo,Borgstrom,M,jae.a,eia-jgif,HOBE SOUND,,,M,Y,ifaaa.a,a.a,a.a,a.a,a.a
Debasis,Sippu,F,faf.a,,,NM,iiadj.a,S,,eaaaa.a,f.d,,a.a,a.a
,Strohmeir,,gab.a,jdg-bjcf,JACKSON,,djcbh.a,,Y,caaaa.a,f.a,a.a,bcaaa.a,bfaa.a
Mehryar,Gohara,F,cea.a,bib-hffj,CLARKSVILLE,,cbacj.a,M,Y,ffaaa.a,e.hf,a.a,eiaa.a,
Halit,Itazaki,,hab.a,cjd-dhjc,STEELE,ND,fieic.a,,N,,c.hjjabch,,a.a,a.a
Geraud,Nastea,,dai.a,eib-dedg,KEARNEY,NE,giiej.a,,Y,,g.fhdgbad,,a.a,bad.a
,Nawawi,F,cad.a,iah-jgag,BANTAM,CT,ghfa.a,S,N,,f.a,,a.a,
Mathieu,Millo,M,ccf.a,dji-ddfj,NEW IBERIA,LA,hafga.a,,N,,e.e,a.a,jaaa.a,a.a
Dock,Dehene,M,faf.a,,,NM,ihadc.a,S,N,daaaa.a,f.d,,a.a,a.a
Haidar,Cheriyan,F,caj.a,,PASADENA,CA,jbbii.a,,N,cfaaa.a,f.ebabfh,,a.a,a.a
Kothuri,Hainaut,M,iai.a,,HONOLULU,HI,jgiai.a,S,Y,,i.cf,,a.a,baea.a
Nobutoshi,Geffroy,,had.a,bfi-gbfb,ROANOKE,,ceabh.a,,,eaaaa.a,f.hf,,a.a,
Belarmino,Justo,M,cag.a,,,WA,jifei.a,M,N,,a.a,a.a,a.a,a.a
,Sutiwaraphun,,daf.a,hbh-bbje,YOUNGSTOWN,,dcegg.a,M,Y,daaaa.a,a.a,a.a,a.a,a.a
Anneli,Foulk,,gag.a,cfb-eead,OWENSBORO,,ecdab.a,,Y,ffaaa.a,e.iiiiij,a.a,ea.a,ca.a
Bartolome,Kesler,M,ccf.a,jhf-iaje,DULAC,LA,hadfd.a,S,Y,,g.a,,a.a,baaa.a
Gilberto,Arizio,F,hac.a,,,NV,ijfag.a,S,,haaaa.a,a.a,,a.a,a.a
Teemu,Weissman,M,cai.a,,CALDWELL,ID,idgah.a,M,Y,daaaa.a,h.i,a.a,ggaa.a,ddaa.a
Nga,Zamfirescu,,ibg.a,dai-ijai,BERNIE,MO,gdicc.a,M,Y,bfaaa.a,g.a,a.a,ecaa.a,bcaa.a
,Christmansson,M,dah.a,,,WY,icaai.a,S,Y,faaa.a,a.a,,a.a,a.a
,Merzbacher,M,iga.a,ggh-ffjc,NEW HARTFORD,CT,gafh.a,,N,,f.a,a.a,cefaa.a,
Caryl,Raveh,,fgd.a,bec-fdjd,LISCOMB,IA,fabei.a,,N,eaaaa.a,g.ddjcbb,a.a,ia.a,a.a
Liviu,Stoller,F,gbc.a,fef-ejbf,WINNEBAGO,MN,,S,N,jaaaa.a,h.if,,a.a,a.a
Resve,Maeder,,hab.a,dig-ijgd,CROSBY,ND,fihda.a,S,N,,c.bgbedj,,a.a,a.a
,Kasriel,,cbi.a,jaj-ihjb,SPRING PARK,MN,ffdie.a,,Y,,h.if,a.a,ggaa.a,ddaa.a
Juval,Torelli,F,eab.a,gdb-ebcj,,RI,cjbc.a,S,,ffaaa.a,a.a,,a.a,
,Hackl,M,feb.a,,,OR,jhfae.a,M,,,j.a,a.a,dbi.a,a.a
Subutai,Siemens,M,faf.a,,,NM,ihbif.a,S,Y,faaa.a,b.h,,a.a,ddaa.a
,Islam,,ebe.a,heb-cicg,,WI,fdfji.a,S,Y,,f.ccicif,,a.a,eaa.a
Zhibiao,Cozza,F,hhf.a,,,NV,ijade.a,M,,gfaaa.a,a.a,a.a,a.a,a.a
,Savaria,F,iab.a,,,UT,iebef.a,M,,faaaa.a,h.a,a.a,ejfa.a,a.a
Masat,Keay,M,jcf.a,,LA PUENTE,CA,jbhej.a,,N,,j.d,,a.a,a.a
Magdy,Sanada,F,jca.a,ffg-edjb,,WI,,M,Y,jfaaa.a,g.ajhaec,a.a,beaa.a,eaa.a
Chakravarthy,Tang,,gaf.a,cgd-dfcc,,SD,fhegf.a,M,,ffaaa.a,a.a,a.a,a.a,a.a
Aziz,Bade,F,hab.a,gaf-bbbi,CARSON,ND,,M,N,jfaaa.a,c.ifgjhdg,a.a,ggaa.a,a.a
Narain,Mamelak,F,hbj.a,,DENVER,CO,iacci.a,M,Y,,e.gd,a.a,a.a,a.a
Youjip,Guckenheimer,M,cea.a,gei-bccf,BALTIMORE,,cbchj.a,M,Y,hfaaa.a,e.hf,a.a,eiaa.a,
,Zinoviev,F,ief.a,hhb-eaff,,NY,bdaii.a,M,,faaaa.a,e.cedcjd,a.a,a.a,
,Gibbins,,jbc.a,hia-baie,SAVANNAH,,dbeaf.a,,Y,gfaaa.a,g.a,a.a,feaa.a,daaa.a
,Sakkinen,F,daf.a,hje-hhfi,PENSACOLA,,,,N,iaaaa.a,a.a,,a.a,a.a
Subutai,Weissberg,M,jbd.a,bgg-jggf,DENISON,KS,,S,Y,baaaaa.a,g.ef,,a.a,ccfa.a
Elspeth,Matuschka,,fgd.a,cii-jbgc,KEOTA,IA,fccei.a,,Y,,e.hjfedc,,a.a,ea.a
Aravind,Salvaneschi,,ige.a,bag-cdai,VAUCLUSE,,cjifa.a,S,,baaaa.a,f.hfcedc,,a.a,a.a
Sadatoshi,Stockmeyer,M,fgc.a,,SAN DIEGO,CA,jcbej.a,,Y,caaaa.a,e.ccjhhbg,a.a,bhe.a,chc.a
Ramzi,Karasan,M,hih.a,ddf-cfhb,,PR,hbg.a,S,,,a.a,,a.a,a.a
Juana,Lunbeck,,hab.a,chg-ddjj,RUTLAND,ND,fiagh.a,,N,,c.b,,a.a,a.a
Bracha,Kane,,ied.a,cji-gfef,STARTEX,,cjdhh.a,,,,h.a,a.a,ggaa.a,a.a
DAIDA,Bottner,F,ifj.a,chb-dabe,LOUISVILLE,,,,N,jaaaa.a,g.a,,a.a,a.a
,Tatsuta,,cbi.a,jaa-ffhb,SEAFORTH,MN,fgcih.a,,N,gaaaa.a,h.efhcfhd,a.a,ggaa.a,a.a
Armstrong,Ural,,hbc.a,bee-bfjg,ORIENT,IA,faifi.a,,Y,gaaaa.a,i.ji,,a.a,ea.a
Reind,Kuemmerle,M,eab.a,beb-dbdd,,RI,cicd.a,M,,,a.a,a.a,a.a,
Jiannong,Tsigas,F,cah.a,dci-idde,ATHENS,ME,ejbc.a,S,Y,bfaaa.a,g.jfiacjd,,a.a,
Ruud,Renear,,hbf.a,eag-geec,,WI,feiha.a,M,N,eaaaa.a,f.bebeaje,a.a,beaa.a,a.a
Rafi,Haraldson,,hbf.a,eie-gdif,,WI,fecaf.a,S,Y,,f.eiijbc,,a.a,eaa.a
,Ginneken,,cfg.a,ggc-dgjj,DADEVILLE,,dgifd.a,S,Y,faaaa.a,f.a,,a.a,daa.a
Edward,Kinsman,M,hhf.a,,,NV,ijfah.a,S,,,a.a,,a.a,a.a
Masateru,Rotteler,,ehi.a,cja-dfga,SAINT MARYS,,dbffi.a,,N,haaaa.a,g.a,a.a,feaa.a,a.a
,Yagi,,ehi.a,hfc-ibid,COLUMBUS,,dbjjd.a,S,Y,haaaa.a,g.a,,a.a,daaa.a
Veronik,Hartfield,M,dah.a,,,WY,idbcg.a,M,Y,,a.a,a.a,a.a,a.a
,Lafouge,,cfc.a,iga-djad,HENDERSON,,chfdg.a,S,N,,h.fbfhde,,a.a,
Fumihiro,Jussien,M,jbi.a,fdb-dfdb,,OK,hdaea.a,S,,,g.cf,,a.a,a.a
Chenxi,Hillebrand,F,cai.a,,CLIFTON,ID,idcci.a,S,N,,h.i,,a.a,a.a
Masaharu,Regier,,ebe.a,cbe-fijb,,WI,feija.a,S,Y,eaaaa.a,f.bebeaje,,a.a,eaa.a
Dugki,Tepfenhart,M,cad.a,ehb-hafh,LAKESIDE,CT,,,Y,baaaaa.a,f.a,a.a,cefaa.a,
Waltraud,Mayrand,,ggc.a,gda-ghgd,METCALFE,,dihga.a,,Y,,f.a,a.a,bcaaa.a,bfaa.a
Hyeongil,Palmore,M,dfb.a,bch-hcfa,SOUTH WALPOLE,MA,cahb.a,,Y,cfaaa.a,f.d,a.a,hbfa.a,
Yishai,Kniesel,,ied.a,jdi-fhcd,ORANGEBURG,,cjbbg.a,,,,h.a,a.a,ggaa.a,ddaa.a
Duke,Terwiesch,M,jbf.a,,,TX,hhiai.a,M,,faaaa.a,a.a,a.a,a.a,a.a
Chrystopher,Brossler,F,fac.a,cbe-hbfg,IRVINE,,,M,Y,ifaaa.a,g.a,a.a,ea.a,ca.a
,Baber,F,jhb.a,idc-ibfe,,OR,,M,,jaaaa.a,j.a,a.a,dbi.a,a.a
Weiwei,Goldschlager,,had.a,bji-ccbe,RICHMOND,,cdcda.a,,,faaaa.a,f.hf,a.a,biaa.a,
,Bachenko,F,gbg.a,ige-igej,DAVISON,MI,,S,N,baaaaa.a,d.j,,a.a,a.a
Xuding,Konakovsky,F,cai.a,,TETONIA,ID,idefc.a,S,N,,h.i,,a.a,a.a
Till,Dyckhoff,F,faf.a,bej-ifge,,NM,,S,Y,jaaaa.a,f.d,,a.a,ddaa.a
Karol,Khamare,,dae.a,fjh-hjfh,RIDGEVIEW,,cfbgj.a,,Y,,f.baaaaae,a.a,eaaa.a,
Akiharu,Abuhamdeh,M,cah.a,bii-ghcd,EAST WINTHROP,ME,eded.a,M,Y,faaaa.a,i.f,a.a,fhaa.a,
Nese,Monneau,,dbd.a,gdh-dieg,GALESBURG,MI,ejafd.a,M,Y,,d.j,a.a,gcaa.a,dbaa.a
Amr,Nerbonne,F,dbi.a,ged-gdch,RACELAND,LA,hadje.a,,Y,,g.a,,a.a,baaa.a
Tsang,Mahapatra,,eag.a,ebi-befh,CARTER,MT,fjeca.a,M,N,,g.j,a.a,diaa.a,a.a
Gail,Manjunath,M,hhf.a,,,NV,ijedb.a,S,,,a.a,,a.a,a.a
,Lovengreen,,geb.a,hac-bagc,FLORIS,IA,fcfga.a,M,Y,,i.ji,a.a,ia.a,ea.a
Yehudah,Peikert,,gag.a,egc-gbde,JUNCTION CITY,,eaeea.a,,N,haaaa.a,f.hcccccd,a.a,ea.a,a.a
,Mourlas,M,geg.a,hbe-heji,ROCHESTER,,begbi.a,,,,e.fdcjcgg,,a.a,
,Raffaeta,M,jca.a,iih-beeb,,WI,,M,Y,iaaaa.a,f.idgebf,a.a,beaa.a,eaa.a
Berndt,Drobnic,F,cah.a,bec-bhcd,SOUTH PORTLAND,ME,ebbg.a,,N,ffaaa.a,i.f,a.a,fhaa.a,
,Koenker,,ggc.a,idj-cieb,HOLCOMB,,dijea.a,S,N,,f.a,,a.a,a.a
Ohad,Higashino,,dae.a,che-gebh,SENECA ROCKS,,cgiie.a,,N,,g.bejjjjg,a.a,eaaa.a,
,Koldinger,,jdb.a,ihj-hjee,HAMPTON,,dhgfi.a,M,,,a.a,a.a,a.a,a.a
,Baade,,hdb.a,jca-ddhj,JOHNSON CITY,,dhgbf.a,,,faaaa.a,a.a,,a.a,a.a
,Meusel,,ied.a,hhg-caca,GAFFNEY,,cjdec.a,S,,,h.a,,a.a,ddaa.a
Egidio,Tobin,M,deh.a,gfc-dhif,,NY,,S,,jaaaa.a,e.ehf,,a.a,
,Cronin,,hag.a,hdf-fjaj,COLUMBUS,,dbjjj.a,S,Y,ffaaa.a,g.a,,a.a,daaa.a
,Lucas,,iad.a,iaa-hbeh,LURAY,,cjjdc.a,,,,h.a,,a.a,a.a
Liya,Backhouse,M,cai.a,,ROBERTS,ID,ideee.a,,Y,efaaa.a,h.i,a.a,ggaa.a,ddaa.a
Taiji,Borowsky,,hag.a,bjf-ghhg,ATLANTA,,dadfa.a,M,N,ffaaa.a,g.a,a.a,feaa.a,a.a
Yutaka,Loizou,F,cai.a,,COEUR D ALENE,ID,idibf.a,M,Y,,h.i,a.a,ggaa.a,ddaa.a
,Click,M,jhc.a,,,TX,hjdfg.a,S,,haaaa.a,a.a,,a.a,a.a
Bilel,Deswarte,,cci.a,bbc-hfce,HURLEY,,djfff.a,S,N,caaaa.a,f.a,,a.a,a.a
,Hendrix,F,hih.a,igg-hccc,,PR,hje.a,M,,,a.a,a.a,a.a,
Jiyun,Mancoridis,,cfc.a,jha-ieha,BRASSTOWN,,cijac.a,M,Y,,g.bfcajhh,a.a,ggaa.a,ddaa.a
Annika,Moustafa,,hab.a,gfd-fbbe,EGELAND,ND,fiddb.a,M,N,,c.b,a.a,ggaa.a,a.a
,Josifovski,,gai.a,hef-dbja,,WI,fdjcf.a,M,N,,f.eiijbc,a.a,beaa.a,a.a
,Gracco,F,cac.a,ibf-eigb,WASHINGTON,,cacdd.a,S,Y,gaaaa.a,j.a,,a.a,
Kui,Spier,M,eab.a,cgi-fgbc,,RI,,M,,ifaaa.a,a.a,a.a,a.a,
Toney,Haskin,,ifj.a,bia-fgfc,HAPPY,,ebheg.a,S,N,,e.gbbbbb,,a.a,a.a
Saurab,Dovidio,M,cfd.a,,,WA,jjbdj.a,M,Y,gfaaa.a,a.a,a.a,a.a,a.a
,Adleman,F,faf.a,jah-jeec,,NM,,M,,iaaaa.a,f.d,a.a,ggaa.a,a.a
,Pfau,F,jif.a,iag-caab,HOUMA,LA,hadge.a,S,N,cfaaa.a,g.a,,a.a,a.a
Yinlin,Louis,F,gad.a,gfc-bjgi,STRATHAM,NH,diif.a,,Y,,a.a,a.a,a.a,
Eleftherios,Nixon,M,ggb.a,,SACRAMENTO,CA,jfida.a,,N,,g.fjafed,a.a,bhe.a,a.a
Nelleke,Wolff,,gga.a,gch-ffgc,JEFFERSON CITY,MO,gfbae.a,,Y,eaaaa.a,g.a,,a.a,bcaa.a
Pabitra,Morihara,F,cac.a,gee-jcff,WASHINGTON,,cadba.a,S,Y,,j.a,,a.a,
Hisham,Schonegge,,hab.a,cab-edag,FARGO,ND,fibae.a,S,N,bfaaa.a,c.b,,a.a,a.a
Mabo,Nuutila,F,jah.a,,ANCHORAGE,AK,jjfah.a,M,N,,a.a,a.a,a.a,a.a
,Hancox,F,faj.a,,,WA,jjcfc.a,S,Y,,a.a,,a.a,a.a
Gada,Marjeta,F,gah.a,cab-ebai,RIPLEY,,behhf.a,,,,e.ehf,a.a,a.a,
Kaoru,Bhuyan,,had.a,jjf-ibid,WILLIAMSBURG,,cdbih.a,S,,eaaaa.a,f.hf,,a.a,
Meurig,Skeppstedt,M,cah.a,dja-hcie,CARATUNK,ME,,M,N,baaaaa.a,i.f,a.a,fhaa.a,
,Dehene,F,cah.a,ghg-iabd,ROCKLAND,ME,eieb.a,,Y,dfaaa.a,i.f,,a.a,
Benn,Bedell,M,iab.a,,,UT,iedaj.a,M,,hfaaa.a,h.a,a.a,ejfa.a,a.a
,Minio,F,hih.a,ihf-jfca,,PR,jdd.a,S,,,a.a,,a.a,
Stefanie,Bullock,F,eab.a,fdb-cagd,,RI,cihd.a,S,,baaaa.a,a.a,,a.a,
Dragos,Jiafu,,cde.a,jia-cgfg,WEST ELKTON,,efaha.a,S,,,b.febihbi,,a.a,a.a
Hangju,Gouy,F,edf.a,fji-bfbh,,UT,,M,,ifaaa.a,h.a,a.a,ejfa.a,cehf.a
Kunikazu,Borovoy,F,iac.a,cba-eaic,,VT,fjab.a,M,,haaaa.a,e.djhiai,a.a,ggaa.a,
,Retz,F,hab.a,ijc-jbbg,HAGUE,ND,,M,N,jaaaa.a,c.hjjabch,a.a,ggaa.a,a.a
,Kurita,,gaf.a,jbf-gfea,,SD,fhhbh.a,S,,,a.a,,a.a,a.a
,Alvarado,,gdg.a,ifi-bbge,CLARKSDALE,MO,geeda.a,S,Y,faaaa.a,g.a,,a.a,bcaa.a
Wenjie,Tyldesley,,hgd.a,def-jjaf,ELKTON,MN,ffjdd.a,M,N,caaaa.a,f.df,a.a,ggaa.a,a.a
Jacek,Kees,F,gba.a,eid-jfji,BERLIN,,bffda.a,M,,,d.ah,a.a,a.a,
,Breugel,,hea.a,ibd-ched,KENSINGTON,,eeech.a,,,eaaaa.a,b.ihdicaf,a.a,cgaa.a,a.a
Katharina,Gusat,F,dac.a,bba-gbha,FELTON,,bjjed.a,S,N,dfaaa.a,e.cefeff,,a.a,
,Seinturier,M,ebd.a,jdi-eddc,CHESTER,MA,babb.a,M,N,haaaa.a,f.d,a.a,hbfa.a,
Conal,Karatsu,F,edf.a,,,UT,iebdd.a,S,,,h.a,,a.a,a.a
,Terlouw,,jca.a,idf-cafa,,WI,fegbb.a,M,Y,faaaa.a,f.dbfbgai,a.a,beaa.a,eaa.a
Sauli,Marantz,M,feb.a,,,OR,jhibd.a,S,,,j.a,,a.a,bfj.a
,Zagha,F,faj.a,ief-cbcg,,WA,,M,Y,baaaaa.a,a.a,a.a,a.a,a.a
Deren,Dabdub,,dde.a,ced-gejj,BESSEMER,,dfaca.a,M,N,haaaa.a,f.a,a.a,daaa.a,a.a
Shinin,Coy,,eah.a,cef-ibib,ZOLFO SPRINGS,,ddija.a,S,Y,gaaaa.a,a.a,,a.a,a.a
Toyohiko,Gien,F,hbg.a,bjj-gdbd,,NY,baajj.a,S,,efaaa.a,e.cbedcjc,,a.a,
Moonhang,Erol,M,gdb.a,ffj-jbhf,,NY,bdeec.a,M,,gfaaa.a,e.ddabid,a.a,a.a,
Odile,Marechal,M,eab.a,jee-hgad,,RI,cibf.a,S,,,a.a,,a.a,
Huican,Leiba,F,gba.a,fib-igac,BETHLEHEM,,biabg.a,M,,,d.ah,a.a,a.a,
Weiwu,Keustermans,M,hac.a,,,NV,ijedf.a,S,,,a.a,,a.a,a.a
,Sigillito,,cfg.a,jca-diie,BIRMINGHAM,,dfcef.a,S,Y,gfaaa.a,f.a,,a.a,daa.a
Vara,Whitcroft,M,faf.a,,,NM,iidfb.a,M,Y,efaaa.a,f.d,a.a,ggaa.a,ddaa.a
,Zeidenstein,,jag.a,iei-fbag,HERMANSVILLE,MI,ejieh.a,M,Y,daaaa.a,d.j,a.a,gcaa.a,dbaa.a
Kazuyoshi,McAffer,,jab.a,ehf-jdde,SAVANNAH,,didhc.a,,,,a.a,a.a,a.a,a.a
Shirlei,Albarhamtoshy,F,iac.a,gdf-jajd,,VT,fida.a,S,,haaaa.a,e.djhiai,,a.a,
Marten,Chimia,F,cag.a,bei-cehj,,WA,,S,Y,jaaaa.a,a.a,,a.a,a.a
,Vietze,F,jdj.a,hbi-ghdf,,PR,hcj.a,S,,faaaa.a,a.a,,a.a,
Gou,Meurs,,gag.a,gbf-bbaj,MEANS,,eadeg.a,,N,,c.bbbbbbc,a.a,ea.a,a.a
Jianming,Dwork,,jag.a,jgi-iehg,LANSING,MI,eijfg.a,,Y,bfaaa.a,d.j,a.a,gcaa.a,dbaa.a
Bienvenido,Fermuller,,gdg.a,gbc-ecbf,MONTGOMERY CITY,MO,gddgb.a,,N,gaaaa.a,g.a,,a.a,a.a
Miomir,Nordbotten,,gaf.a,gbd-bhej,,SD,fheec.a,S,,,a.a,,a.a,a.a
,Aly,,ibg.a,ihi-edae,JOPLIN,MO,geiae.a,,N,baaaa.a,g.a,a.a,ecaa.a,a.a
Insup,Metallidou,M,cai.a,,EAGLE,ID,idgbg.a,M,N,,h.i,a.a,ggaa.a,a.a
,Lafuente,,ige.a,idi-dcdf,GREENVILLE,,cjgag.a,M,,,h.a,a.a,ggaa.a,ddaa.a
,Goke,,gaf.a,hac-ecgc,,SD,fhafe.a,M,,efaaa.a,a.a,a.a,a.a,a.a
,Sylvan,M,jej.a,,RICHMOND,CA,jeiaf.a,,Y,caaaa.a,e.ccjhhbg,,a.a,chc.a
,Scholtes,M,dab.a,jcj-bfdb,ROCKVILLE,,caieh.a,,Y,gaaaa.a,e.hf,a.a,eiaa.a,
Roddy,Brock,F,faf.a,,,NM,ihich.a,M,N,gaaaa.a,f.d,a.a,ggaa.a,a.a
Peng,Bougaut,,gbe.a,efa-ijgi,PLEASANT CITY,,edhhc.a,,,baaaa.a,a.ihhjhee,,a.a,a.a
Hao,Leuchs,M,hhf.a,,,NV,ijaee.a,M,,,a.a,a.a,a.a,a.a
,Embury,M,iac.a,ibc-cfec,,VT,fgeh.a,M,,faaaa.a,d.jjjijih,a.a,ggaa.a,
Limsson,Pricer,F,dbj.a,gei-ibce,ACKWORTH,IA,,M,Y,jaaaa.a,i.ji,a.a,ia.a,ea.a
Nanning,Sowerbutts,,ige.a,cch-bgaj,PINELAND,,cjjde.a,,,gfaaa.a,h.a,,a.a,a.a
Jeffery,Linusson,,eag.a,did-faae,CLANCY,MT,fjgde.a,S,N,,g.j,,a.a,a.a
Rollins,Fulcher,M,jbc.a,bhg-ghcf,ATLANTA,,,S,N,baaaaa.a,g.a,,a.a,a.a
Sydney,Deogon,,jeh.a,dje-gjja,DETROIT,MI,eicdi.a,M,Y,cfaaa.a,d.j,a.a,gcaa.a,dbaa.a
Fortney,Diciunas,F,cac.a,gfg-dhff,WASHINGTON,,caafj.a,S,N,gaaaa.a,j.a,,a.a,
Birgitta,Tomba,,cci.a,deb-eeda,DIBERVILLE,,djfea.a,S,Y,ffaaa.a,f.a,,a.a,bfaa.a
Sugath,Glymour,,dai.a,gag-ecea,DIX,NE,gjbdd.a,M,N,hfaaa.a,g.ie,a.a,cag.a,a.a
Ulric,Etalle,M,jha.a,ejd-hfbj,WINDSOR,CO,,S,Y,ifaaa.a,e.gd,,a.a,a.a
Naixun,Goldsby,F,fia.a,bag-hagj,,OK,hegeh.a,S,,faaa.a,d.afffffg,,a.a,baaa.a
,Esposito,M,hih.a,iab-jeeh,,PR,,S,,jfaaa.a,a.a,,a.a,a.a
Holm,McCandless,F,hhf.a,,,NV,ijhbd.a,M,,,a.a,a.a,a.a,a.a
Mihaly,Brazell,F,fae.a,eae-dcfa,BATON ROUGE,LA,haiji.a,S,N,ffaaa.a,g.a,,a.a,a.a
Kenyon,Bresenham,F,fad.a,,,OR,jhahh.a,M,,gfaaa.a,j.a,a.a,dbi.a,a.a
Jayant,Dengi,M,cah.a,ejh-iabh,NORTH WATERBORO,ME,eagb.a,,Y,faaa.a,c.cbdfadg,a.a,fhaa.a,
,Egerstedt,,ici.a,ihb-bdgd,SOUTHPORT,,ciegb.a,,Y,faaaa.a,g.hibegie,a.a,ggaa.a,
Jack,Shreve,F,cag.a,,,WA,jific.a,M,Y,ffaaa.a,a.a,a.a,a.a,a.a
Met,Breitinger,M,caj.a,,CROCKETT,CA,jefcf.a,M,N,efaaa.a,j.d,a.a,bhe.a,a.a
,Cucker,M,cag.a,,,WA,jjbhg.a,S,N,daaaa.a,a.a,,a.a,a.a
Tianxu,Schaar,,fbd.a,feh-bfji,WEST RUSHVILLE,,edbgd.a,S,,eaaaa.a,b.ihdicaf,,a.a,a.a
,Glenstrup,F,gad.a,ihf-fgib,NEWINGTON,NH,diaf.a,,N,gaaaa.a,a.a,a.a,a.a,
Hoakan,Kartik,M,jah.a,,LAKE MINCHUMINA,AK,jjhfh.a,,N,,a.a,,a.a,a.a
,Bonifati,F,hac.a,had-dbii,,NV,,M,,jfaaa.a,a.a,a.a,a.a,a.a
,Beer,F,faf.a,,,NM,iicba.a,M,N,faaa.a,b.h,a.a,ggaa.a,a.a
Kish,Desel,F,hfh.a,ccj-hedc,RICHMOND,,,,,baaaaa.a,f.hf,a.a,biaa.a,
Kwangkeun,Chitnis,F,ehj.a,jfa-jaei,FORT SMITH,AR,,M,Y,jaaaa.a,h.a,a.a,ea.a,ca.a
,Marsala,,gfb.a,hjc-bfjg,DILWORTH,MN,fgfcj.a,S,N,,f.df,,a.a,a.a
Zhoujun,Lampen,,eac.a,cff-dfbf,IMPERIAL,NE,gjadd.a,M,Y,,g.ie,a.a,cag.a,bad.a
Deidra,Kavraki,M,jci.a,,TUCSON,AZ,ifheh.a,S,Y,,e.bihf,,a.a,cdaa.a
Shiby,Arden,M,fhd.a,ggb-cebd,ELSBERRY,MO,,S,Y,jaaaa.a,g.a,,a.a,bcaa.a
Kingsley,Weissman,M,hbg.a,efc-fbfi,,NY,bdhfa.a,S,,baaaa.a,e.abbfif,,a.a,
Pranava,Gurret,M,faf.a,,,NM,ihfaf.a,M,N,efaaa.a,f.d,a.a,ggaa.a,a.a
,Plaxton,M,hac.a,icb-fbch,,NV,,S,,jfaaa.a,a.a,,a.a,a.a
Meilir,Chandru,F,dfb.a,edh-fjed,PROVINCETOWN,MA,,,N,baaaaa.a,f.d,a.a,hbfa.a,
Kyungwol,Papastamatiou,M,deh.a,gcb-bafb,ELBA,,beafi.a,S,,caaaa.a,e.agjfbce,,a.a,
,Brimkov,,fah.a,hij-diec,DASSEL,MN,ffdcf.a,S,N,daaaa.a,f.ifgeade,,a.a,a.a
Nami,Merel,,jca.a,baj-jjjd,,WI,fdiad.a,S,N,,e.jghgfi,,a.a,a.a
Handong,Daly,M,faf.a,,,NM,ihdbg.a,S,Y,eaaaa.a,f.d,,a.a,ddaa.a
Lalit,Munawer,F,faf.a,,,NM,ihegb.a,M,Y,,f.d,a.a,ggaa.a,ddaa.a
Catherine,Rajaram,F,ied.a,gcg-igfj,NORRIS,,,,,ifaaa.a,h.a,a.a,ggaa.a,ddaa.a
Joao,Kalb,F,ddj.a,cba-eicf,BOLTON,MA,bhea.a,S,N,,f.d,,a.a,
,Feldmesser,F,eea.a,iba-hhff,YOUNGSTOWN,,,S,,jfaaa.a,d.gjjfdih,,a.a,a.a
,Villain,F,eab.a,iaj-jdhi,,RI,ciia.a,S,,gfaaa.a,a.a,,a.a,
,Waumans,,cgj.a,jcb-cjjg,GROSSE POINTE,MI,eicdg.a,M,Y,ffaaa.a,d.j,a.a,gcaa.a,dbaa.a
Takenobu,Subhlok,F,cag.a,,,WA,jiecc.a,M,Y,gaaaa.a,a.a,a.a,a.a,a.a
Loss,Gerteisen,,hdb.a,jeh-jcch,BULLS GAP,,dhhbb.a,S,,gfaaa.a,a.a,,a.a,a.a
Moises,Delugach,F,jhd.a,geh-ffba,,NJ,hefc.a,M,Y,dfaaa.a,b.gdgfgcf,a.a,caaa.a,
,Baz,M,cai.a,,TERRETON,ID,idefa.a,M,N,faaa.a,c.gjadedj,a.a,ggaa.a,a.a
Gila,Machin,M,iga.a,cie-bjjg,WATERBURY,CT,ghce.a,S,Y,,f.a,,a.a,
Jefferson,Poursepanj,M,jia.a,ebe-jfgj,ELK PARK,,,M,Y,baaaaa.a,h.idaebjf,a.a,ggaa.a,
Brigitte,Ventsov,F,cgh.a,fch-jgib,MOSHANNON,,bgifj.a,,,gaaaa.a,d.ah,a.a,a.a,
Tomoharu,Polk,M,cfd.a,,,WA,jifdh.a,M,N,ffaaa.a,a.a,a.a,a.a,a.a
Gentaro,Claudson,M,iac.a,jea-ejdd,,VT,ficc.a,M,,hfaaa.a,e.ejhcife,a.a,ggaa.a,
Christhard,Ierardi,M,cai.a,,ARBON,ID,idcbc.a,M,N,,h.i,a.a,ggaa.a,a.a
Wentai,Riexinger,,cfg.a,chb-eadb,NORTHPORT,,dfehd.a,,Y,eaaaa.a,f.a,a.a,daaa.a,daa.a
Carron,Kleftouris,,hbf.a,fff-gije,,WI,fejgi.a,S,Y,,f.bebeaje,,a.a,eaa.a
,Hoopen,M,ecf.a,,,WA,jiadd.a,M,N,,a.a,a.a,a.a,a.a
Johnny,Alewine,,eea.a,efa-jjbf,WASHINGTONVILLE,,eeeja.a,S,,efaaa.a,c.adjhjf,,a.a,bdaa.a
,Pointcheval,F,jah.a,,KETCHIKAN,AK,jjjab.a,,Y,daaaa.a,a.a,,a.a,a.a
Eike,Carle,M,ffj.a,,BRANDEIS,CA,jdage.a,M,Y,efaaa.a,j.d,a.a,bhe.a,chc.a
Ding,Lemarechal,M,hfh.a,cfi-each,WOODFORD,,ccfia.a,M,,,f.cbecig,a.a,biaa.a,
Youseek,Kushnir,F,gdb.a,fjb-hecd,,NY,bcfic.a,M,,,e.fadjgdf,a.a,a.a,
Elissa,Leino,F,cad.a,dbh-ehbf,HARTFORD,CT,gbgb.a,M,Y,,f.a,a.a,cefaa.a,
Dattatraya,Papadimitriou,M,gaj.a,gdi-eigh,,NJ,,M,N,jfaaa.a,c.ficibcf,a.a,caaa.a,
Yoshiji,Zador,,fhd.a,bgh-hjdb,COSBY,MO,geedg.a,S,N,gaaaa.a,g.a,,a.a,a.a
Bernad,Pezze,F,dcf.a,,,TX,hjeaf.a,M,,efaaa.a,a.a,a.a,a.a,a.a
Tingfang,Casley,,eae.a,fja-gjde,MENLO,,dahdb.a,,N,baaaa.a,g.a,,a.a,a.a
Hoong,Braden,,hgj.a,egf-jaij,MCCOMB,,djgei.a,,Y,iaaaa.a,f.a,a.a,bcaaa.a,bfaa.a
,Wijesekera,F,hbg.a,idb-ehcf,,NY,,S,,jaaaa.a,e.ehf,,a.a,
,Dachille,F,gbc.a,ifc-cecc,NEW AUBURN,MN,,,Y,baaaaa.a,h.if,a.a,ggaa.a,ddaa.a
,Seneviratne,,hab.a,haa-efff,VALLEY CITY,ND,fiahc.a,M,N,bfaaa.a,c.b,a.a,ggaa.a,a.a
,Scheer,F,ibi.a,,OLD STATION,CA,jgahb.a,,Y,caaaa.a,e.ccjhhbg,a.a,bhe.a,chc.a
,Bierman,M,jdj.a,jch-fjef,,PR,gjc.a,S,,haaaa.a,a.a,,a.a,a.a
Muli,Raza,,ebe.a,gga-gbcb,,WI,fecbb.a,S,Y,dfaaa.a,f.afefddf,,a.a,eaa.a
,Tretkoff,M,jdj.a,ieb-fjfc,,PR,jhf.a,M,,hfaaa.a,a.a,a.a,a.a,
Surapol,Narendra,,gbe.a,baj-jahd,TOLEDO,,edgjj.a,M,,,c.hadgjce,a.a,cgaa.a,a.a
,Milosevic,,ebe.a,hda-hgba,,WI,feede.a,S,N,,f.bebeaje,,a.a,a.a
,Thies,F,hca.a,,CROWLEY,CO,ibadd.a,S,N,haaaa.a,e.gd,,a.a,a.a
,Scharstein,F,cac.a,igg-fejj,WASHINGTON,,cacbh.a,M,N,bfaaa.a,f.gcf,a.a,chea.a,
Walther,Rousskov,,ied.a,dji-effe,SHARON,,cjhec.a,,,efaaa.a,h.a,a.a,ggaa.a,ddaa.a
,Gazdag,F,gac.a,,PHOENIX,AZ,ifaef.a,,N,caaaa.a,d.acejjjj,a.a,ecaa.a,a.a
Rami,Lonchamp,,hab.a,jei-ejeh,DUNSEITH,ND,fidcj.a,S,Y,,c.b,,a.a,ddaa.a
Nariman,Bassolet,F,gaj.a,jhi-jcbe,SOUTH HACKENSACK,NJ,hgag.a,,Y,ffaaa.a,b.jfbjhjc,a.a,caaa.a,
Anastasia,Flaus,,cha.a,ejb-iagg,CORYDON,,eceag.a,S,N,baaaa.a,c.diiiiii,,a.a,a.a
,Peha,M,hhf.a,,,NV,ijbfc.a,M,,gaaaa.a,a.a,a.a,a.a,a.a
Sanping,Weymouth,,iad.a,dec-eabi,CANADYS,,cjedd.a,M,,faaaa.a,h.a,a.a,ggaa.a,a.a
,Alencar,,ici.a,jbb-dgai,FLEETWOOD,,cigcg.a,M,Y,eaaaa.a,g.fhbghi,a.a,ggaa.a,
Jongpil,Valiente,F,faj.a,,,WA,jjcbi.a,S,N,bfaaa.a,a.a,,a.a,a.a
Freimut,Catot,F,iab.a,gfh-gbec,,UT,,M,,iaaaa.a,h.a,a.a,ejfa.a,a.a
,Roucairol,,ige.a,jbc-fgbg,LODGE,,cjaic.a,,,cfaaa.a,h.a,,a.a,a.a
Fatos,Piccolo,F,eab.a,bjc-bdfh,,RI,ciah.a,S,,bfaaa.a,a.a,,a.a,
Masaitsu,Pettersson,F,iai.a,,PUKALANI,HI,jghii.a,,N,daaaa.a,g.eehdgi,,a.a,a.a
Khoa,Razborov,F,iga.a,bjc-ficf,WATERFORD,CT,gdif.a,M,N,ffaaa.a,f.a,a.a,cefaa.a,
,Knowles,,cfb.a,ifi-giaj,RUTLEDGE,,dgahb.a,,N,,f.a,,a.a,a.a
Rastislav,Halevi,,jba.a,ccf-dabc,BEULAVILLE,,cifbi.a,S,N,,h.fbfhde,,a.a,
,Goan,,hgd.a,hei-fafa,PONEMAH,MN,fgggg.a,,Y,iaaaa.a,h.if,,a.a,ddaa.a
Furio,Rotics,F,jif.a,cic-daeh,HORNBECK,LA,,M,Y,baaaaa.a,g.a,a.a,jaaa.a,baaa.a
Paulien,Parascandalo,M,cad.a,fec-bfjc,FARMINGTON,CT,gade.a,M,N,daaaa.a,f.a,a.a,cefaa.a,
Twan,Widera,,ddg.a,edd-heie,WILMINGTON,,cieaf.a,S,N,dfaaa.a,g.egghid,,a.a,
Randeep,Tripathi,F,dab.a,cjd-geji,BITTINGER,,cbfcc.a,S,N,ffaaa.a,e.hf,,a.a,
,Haunold,M,iai.a,,HONOLULU,HI,jgicc.a,M,Y,,d.hedecb,a.a,caia.a,baea.a
,Cheshire,,jeb.a,ghb-jbfa,MURDOCK,,ddjdi.a,,N,daaaa.a,a.a,a.a,a.a,a.a
Mavis,Zadeh,F,iai.a,jfi-jcic,HONOLULU,HI,,M,Y,ifaaa.a,i.cf,a.a,caia.a,baea.a
,Koepf,F,iha.a,hia-dijg,COY,AR,hcadh.a,M,Y,,d.hhdadh,a.a,ea.a,ca.a
,Whittlesey,,dbh.a,hgb-heee,STILESVILLE,,egbia.a,,Y,faaaa.a,d.e,,a.a,baaa.a
Trishul,Streinu,,gaf.a,efj-fghi,,SD,fhdhd.a,S,,caaaa.a,a.a,,a.a,a.a
Mart,Barraquand,M,hae.a,fgc-behd,TYNER,,,M,N,jfaaa.a,h.hcffcee,a.a,ggaa.a,
Kavi,Walpole,,ici.a,daf-ghcc,TERRELL,,cigic.a,S,Y,caaaa.a,g.bfcajhh,,a.a,
,Boi,M,cag.a,,,WA,jigei.a,M,Y,daaaa.a,a.a,a.a,a.a,a.a
,Rouse,M,gac.a,,BULLHEAD CITY,AZ,igecj.a,M,N,faaaa.a,d.ej,a.a,ecaa.a,a.a
,Calvin,F,faf.a,,,NM,ihfjc.a,S,Y,ffaaa.a,f.d,,a.a,ddaa.a
Suhayya,Reeker,,hbf.a,eic-bcjc,,WI,fehdi.a,M,N,caaaa.a,e.hjdjagh,a.a,beaa.a,a.a
,Middleditch,M,faj.a,,,WA,jijei.a,S,N,,a.a,,a.a,a.a
Zhoujun,Parmelee,M,fac.a,cji-djaa,SUMMER SHADE,,,M,N,ifaaa.a,g.a,a.a,ea.a,a.a
Burke,Siochi,F,jbd.a,dhf-gidd,CHEROKEE,KS,,S,N,baaaaa.a,g.ef,,a.a,a.a
Leland,Kavraki,,iad.a,gdh-ehcb,RUFFIN,,cjehf.a,,,,h.a,a.a,ggaa.a,a.a
,Gjerlov,,ige.a,gje-idcf,GAFFNEY,,cjdea.a,M,,dfaaa.a,h.a,a.a,ggaa.a,a.a
,Remmers,F,ifj.a,ija-faih,MARSHES SIDING,,,,N,jfaaa.a,g.a,,a.a,a.a
Mitsugu,Nachman,,dbe.a,deg-edfj,LAMPE,MO,gfgib.a,,Y,,g.a,,a.a,bcaa.a
Guoliang,Coney,,ccj.a,bfh-defc,CASSVILLE,,dabcd.a,M,Y,efaaa.a,g.a,a.a,feaa.a,daaa.a
Chandan,Spier,,jbd.a,ega-fhjf,CEDAR POINT,KS,ggied.a,S,Y,hfaaa.a,g.ef,,a.a,ccfa.a
,Mitsui,F,fba.a,,RIVERDALE,CA,jdgfg.a,,Y,,j.d,,a.a,chc.a
Dorian,Narahari,,dae.a,fig-fadg,SMITHBURG,,cgedg.a,,N,,e.hf,,a.a,
Chiaki,Day,,dcb.a,egh-higc,PAISLEY,,dchgh.a,,N,haaaa.a,a.a,,a.a,a.a
Deena,Gyssens,,ebj.a,geh-gdah,DAYTON,,efehf.a,S,,,a.hbc,,a.a,bdaa.a
Toramatsu,Upadhyaya,F,jbi.a,fgf-gdig,,OK,hdabf.a,M,,efaaa.a,g.cf,a.a,caaa.a,baaa.a
Vincente,Beal,,ieh.a,fhb-hefi,MOUNT PROSPECT,IL,gaafg.a,,N,hfaaa.a,d.a,,a.a,a.a
Yonit,Flagella,M,dac.a,jef-biad,WILMINGTON,,bjiie.a,S,N,caaaa.a,d.ccchchd,,a.a,
Olgo,Kroeger,,fhd.a,bif-cedj,GIPSY,MO,gdhfa.a,S,Y,,g.a,,a.a,bcaa.a
,Ghenassia,,eag.a,hhi-hihc,FORT SHAW,MT,fjeed.a,M,N,hfaaa.a,g.j,a.a,diaa.a,a.a
Kersten,Zongtian,,ied.a,eib-efae,ORANGEBURG,,cjbbf.a,,,cfaaa.a,h.a,,a.a,ddaa.a
Jason,Leibs,,eae.a,bgg-giec,MACON,,dbcae.a,,Y,,g.a,,a.a,daaa.a
Anneli,Nikovski,,dai.a,fee-heee,SAINT LIBORY,NE,giihc.a,,N,,g.ie,a.a,cag.a,a.a
,Matyska,M,fbg.a,hbf-ccbh,,NY,bdbbg.a,S,,,e.fdcjcgg,,a.a,
Gada,Kornacker,F,jfg.a,,,TX,hiead.a,S,,,a.a,,a.a,a.a
,Sinha,,dde.a,had-icji,VINCENT,,dfbhi.a,S,N,cfaaa.a,f.a,,a.a,a.a
Ivandre,Uppaluri,M,faj.a,,,WA,jifhc.a,S,N,faaaa.a,a.a,,a.a,a.a
Elizabeth,Reich,,dbd.a,dhc-dcdb,COPPER CITY,MI,ejjbh.a,M,Y,faaa.a,d.j,a.a,gcaa.a,dbaa.a
Dock,Das,M,fia.a,jfe-cdag,,OK,hdjee.a,S,,eaaaa.a,g.cf,,a.a,a.a
Sumedh,Deacon,M,hbj.a,,BASALT,CO,ibgcb.a,M,N,faaaa.a,e.gd,a.a,a.a,a.a
Hidetaka,Schmezko,,eag.a,jhe-fehj,HARDIN,MT,fjade.a,S,Y,iaaaa.a,g.j,,a.a,bjaa.a
Houtan,Sadanandan,F,ifg.a,bec-chjh,ANDOVER,NJ,,S,Y,jaaaa.a,c.fadjfic,,a.a,
Rinat,Giradot,,cgc.a,jij-bdhb,,WI,fdicf.a,S,N,caaaa.a,e.hjdjagh,,a.a,a.a
,Womann,F,fae.a,hgh-gije,CADE,LA,hafbj.a,S,Y,dfaaa.a,g.a,,a.a,baaa.a
Katharina,Malsburg,,dai.a,edg-efhf,LORTON,NE,gidic.a,,Y,,g.ie,,a.a,bad.a
Bhu,Shimodaira,F,fac.a,eha-hafd,CANNON,,,S,N,jaaaa.a,g.a,,a.a,a.a
Chengfei,Honkala,,cdj.a,bgf-eghi,MELBOURNE,,dcjae.a,,N,,a.a,a.a,a.a,a.a
Bas,Hepplewhite,,caf.a,ehe-jdbc,FLOMATON,,dgeeb.a,M,Y,,f.a,a.a,daaa.a,daa.a
Rubens,Clamen,M,jba.a,cfj-hfca,CHARLOTTE,,,M,Y,baaaaa.a,h.idaebjf,a.a,ggaa.a,
Zvi,Brockmeyer,,eac.a,edd-cbeg,ALEXANDRIA,NE,gidad.a,M,Y,gfaaa.a,g.ie,a.a,cag.a,bad.a
,Fuchi,F,dga.a,,,WA,jigej.a,S,N,iaaaa.a,a.a,,a.a,a.a
,Socorro,F,jbd.a,gjf-gchg,HAMILTON,KS,,M,Y,jfaaa.a,g.ef,a.a,efaa.a,ccfa.a
Yasmin,Messabih,M,cah.a,dfa-ebag,MAPLETON,ME,ehfh.a,,Y,,i.f,,a.a,
Rohan,Georgatos,F,dah.a,ecj-egdd,,WY,,S,N,jaaaa.a,a.a,,a.a,a.a
Tamitha,Wiggers,M,eai.a,,PACIFIC GROVE,CA,jdjfa.a,,N,hfaaa.a,j.d,,a.a,a.a
Harrie,Zwilling,F,cah.a,fga-ejjg,PARSONSFIELD,ME,eaeh.a,,Y,daaaa.a,i.f,a.a,fhaa.a,
,Perl,M,eba.a,ghh-beif,BITTINGER,,cbfcc.a,M,N,daaaa.a,e.hf,a.a,eiaa.a,
Bharathi,White,M,gad.a,cci-eedi,WILMOT,NH,dcih.a,S,Y,ffaaa.a,a.a,,a.a,
,Burkhard,M,jah.a,,SHAKTOOLIK,AK,jjhhb.a,,N,faaaa.a,a.a,,a.a,a.a
,Peyn,M,hih.a,ijg-ehid,,PR,hec.a,M,,bfaaa.a,a.a,a.a,a.a,
,Sekhar,F,gad.a,hig-jdja,FREEDOM,NH,didg.a,M,Y,hfaaa.a,a.a,a.a,a.a,
,Halewood,M,cbc.a,hfa-bjja,VESTAL,,bdifa.a,S,,,e.diibajh,,a.a,
,Morisio,,had.a,jbd-fbig,CARRSVILLE,,cddbf.a,M,,,f.hf,a.a,biaa.a,
,Gellerich,F,jhi.a,ggh-ecfc,CHESHIRE,MA,bccf.a,S,N,daaaa.a,f.d,,a.a,
Fenia,Carlstrom,,hhd.a,jhc-fiec,LOOGOOTEE,IL,gcifh.a,,N,gfaaa.a,d.a,a.a,eaaa.a,a.a
Emmanuelle,Rinschede,F,dai.a,ddf-ggbi,DAYKIN,NE,,M,N,ifaaa.a,g.ie,a.a,cag.a,a.a
Akos,Coolsaet,F,jci.a,,SNOWFLAKE,AZ,ifjdh.a,,N,gfaaa.a,d.hccejji,,a.a,a.a
Kokichi,Yershov,,eag.a,bia-jajf,ELLISTON,MT,fjhci.a,S,N,haaaa.a,g.j,,a.a,a.a
,Rothman,M,ccf.a,hbh-jfcf,SIMPSON,LA,,,Y,ifaaa.a,g.a,a.a,jaaa.a,baaa.a
Yasuharu,Nakakoji,,gai.a,baf-jccf,,WI,feigf.a,M,Y,,e.hjdjagh,a.a,beaa.a,eaa.a
Almudena,Lutzeler,F,jbi.a,dag-ijjg,,OK,hegfa.a,S,,,g.cf,,a.a,a.a
Dekai,Car,F,dbi.a,bdi-fchc,DONNER,LA,,S,N,ifaaa.a,g.a,,a.a,a.a
Herbert,Rouat,,dde.a,gae-ddig,IDER,,dfjib.a,S,Y,faaaa.a,f.a,,a.a,daa.a
Matti,Cesarini,,gbg.a,bjd-icej,MONTAGUE,MI,ejedh.a,,Y,dfaaa.a,d.j,,a.a,dbaa.a
,Frisse,,eae.a,ige-jfce,MANSFIELD,,daaff.a,,Y,faaaa.a,g.a,,a.a,daaa.a
Mingdong,Laevens,M,iai.a,,HONOLULU,HI,jgibc.a,S,N,,i.cf,,a.a,a.a
Tatyana,Taki,F,cac.a,cbf-igbe,WASHINGTON,,cadja.a,S,N,dfaaa.a,j.a,,a.a,
Maribel,Hammerle,M,fai.a,gcf-jjhc,HUNTINGTON,MA,bafa.a,M,N,,f.d,a.a,hbfa.a,
Vasudha,Gohl,,caf.a,gec-ifdh,NEWVILLE,,dgdfd.a,,N,daaaa.a,f.a,a.a,daaa.a,a.a
Yordan,Brodal,F,gad.a,ccb-igga,SPOFFORD,NH,degc.a,,Y,efaaa.a,a.a,,a.a,
,Rosenquist,M,ihi.a,gib-defj,MILANVILLE,,bieed.a,,,ffaaa.a,d.ah,,a.a,
Serif,Flagg,,geb.a,jeh-ibde,DAVENPORT,IA,fciai.a,S,Y,caaaa.a,d.cfbgfch,,a.a,ea.a
,Macedo,F,eia.a,,ELFRIDA,AZ,ifgba.a,M,N,,c.ih,a.a,ecaa.a,a.a
Ernst,Dighe,M,jah.a,,PORT LIONS,AK,jjffa.a,,Y,hfaaa.a,a.a,a.a,a.a,a.a
Weiru,Lorys,M,fae.a,cie-gdgc,BATON ROUGE,LA,haidd.a,S,Y,,g.a,,a.a,baaa.a
Masanao,Kroener,,dbg.a,gae-bbhd,KANSAS CITY,KS,ggbbh.a,,Y,,g.ef,a.a,efaa.a,ccfa.a
Dagmar,Diebold,F,dah.a,,,WY,ichbi.a,M,N,gfaaa.a,a.a,a.a,a.a,a.a
Marnix,Schild,,eae.a,fac-ddii,CAIRO,,djici.a,S,N,daaaa.a,g.a,,a.a,a.a
,Serna,,jbc.a,jcd-dbeb,LAGRANGE,,dacgb.a,,N,efaaa.a,g.a,a.a,feaa.a,a.a
Hanja,Florissi,,iad.a,jja-ijeh,MYRTLE BEACH,,cjfhj.a,,,gfaaa.a,h.a,a.a,ggaa.a,ddaa.a
Theodore,Yarnikh,M,had.a,chf-hgbd,ROANOKE,,,,,jaaaa.a,f.hf,,a.a,
Eiiti,Reischert,,ifj.a,cfa-cfab,BELFRY,,ebfbe.a,M,Y,ffaaa.a,e.iiiiij,a.a,ea.a,ca.a
Rona,Mikou,M,dgb.a,,,TX,hiiga.a,M,,,a.a,a.a,a.a,a.a
Bin,Deogun,F,jif.a,gbb-jjbg,SULPHUR,LA,,S,N,jfaaa.a,g.a,,a.a,a.a
Jonghoon,Cosette,F,faj.a,,,WA,jifeg.a,S,N,iaaaa.a,a.a,,a.a,a.a
,McCoy,,gag.a,ifg-gefd,STURGIS,,ecefj.a,,Y,,e.gbbbbb,,a.a,ca.a
Yuyan,Leban,,cha.a,dbi-ifec,ASHLAND,,ebbac.a,S,N,,g.a,,a.a,a.a
Arnold,Schaul,,ied.a,ejd-gdca,SUMTER,,cjbfa.a,S,,faaaa.a,h.a,,a.a,a.a
Ruth,Oberhauser,F,fba.a,,TRES PINOS,CA,jfahf.a,M,Y,faaaa.a,j.d,a.a,bhe.a,chc.a
Masanobu,Normark,,eag.a,bba-dccf,STRYKER,MT,fjjdd.a,,Y,,g.j,a.a,diaa.a,bjaa.a
,Dunne,,dfc.a,haf-badg,LAKELAND,,ddibb.a,,Y,baaaa.a,a.a,a.a,a.a,a.a
Jieh,Kalloufi,,dae.a,gad-dajj,CAPON BRIDGE,,cghbb.a,S,Y,,f.i,,a.a,
,Balsters,,fgb.a,icd-bahh,MIAMI BEACH,,ddbea.a,,N,faaaa.a,a.a,,a.a,a.a
,Simoni,F,gah.a,ibc-ecbd,,NY,bdfad.a,S,,efaaa.a,e.cbedcjc,,a.a,
Hanja,Zahir,F,cbf.a,eeb-hggj,WEST CHESTER,,bjdib.a,S,,cfaaa.a,d.ah,,a.a,
Martien,Murai,M,cad.a,cee-fgbg,FARMINGTON,CT,gadc.a,S,Y,,f.a,,a.a,
Elise,Bober,,fhe.a,egc-jdid,HEBRON,,egdeb.a,S,N,eaaaa.a,d.e,,a.a,a.a
Cari,Rajanarayanan,,iad.a,bgh-jgci,PENDLETON,,cjgha.a,,,daaaa.a,h.a,a.a,ggaa.a,ddaa.a
Amrit,Yingchun,F,eaf.a,dic-dbjh,,OK,hdjee.a,M,,hfaaa.a,g.cf,a.a,caaa.a,baaa.a
Ioana,Fucik,M,cah.a,bca-cade,PARSONSFIELD,ME,eaeh.a,,N,faaaa.a,i.f,,a.a,
,Anogianakis,M,iac.a,hgd-daaj,,VT,fdgd.a,S,,faaa.a,d.g,,a.a,
Sarvesh,Trudel,,cfg.a,eei-faii,KILLEN,,dfgef.a,,N,haaaa.a,f.a,,a.a,a.a
Jolanta,Casperson,,gfb.a,fad-jcde,HANOVER,MN,ffdeb.a,S,N,dfaaa.a,g.bcdcbcd,,a.a,a.a
,Penn,,eag.a,ida-iieb,ZORTMAN,MT,fjfeg.a,M,Y,efaaa.a,g.j,a.a,diaa.a,bjaa.a
,Glymour,F,cac.a,ijj-ddga,WASHINGTON,,caebj.a,S,Y,caaaa.a,g.hf,,a.a,
Zvezdan,Hoffner,F,jbi.a,dgg-ihaj,,OK,heeeb.a,M,,,g.cf,a.a,caaa.a,baaa.a
Eliahu,Birchall,F,eaf.a,ecd-gedb,,OK,hdhfa.a,M,,haaaa.a,g.cf,a.a,caaa.a,a.a
Doina,Akella,M,cac.a,faa-dbic,WASHINGTON,,cadjd.a,M,N,cfaaa.a,h.ihf,a.a,chea.a,
,Myers,M,iab.a,,,UT,iefab.a,S,,,h.a,,a.a,a.a
,Niggemeyer,,dde.a,ghd-djgf,PETERSON,,dfehi.a,,N,,f.a,a.a,daaa.a,a.a
Spira,Ulgen,F,hih.a,fih-bbid,,PR,gbd.a,S,,faaa.a,a.a,,a.a,a.a
Duangkaew,Daigle,F,iac.a,eef-ecjc,,VT,fica.a,M,,daaaa.a,d.gabjijf,a.a,ggaa.a,
,McMahon,,gdg.a,jbh-edfe,PALMYRA,MO,gdegb.a,,Y,,g.a,a.a,ecaa.a,bcaa.a
Afsar,Usher,F,eab.a,cdi-djae,,RI,cicj.a,S,,haaaa.a,a.a,,a.a,
Kaylan,Yagi,,caf.a,eae-ecgg,BIRMINGHAM,,dfcjd.a,M,Y,gaaaa.a,f.a,a.a,daaa.a,daa.a
,Forre,F,gfb.a,hbh-ccih,WINSTED,MN,,M,Y,jaaaa.a,h.if,a.a,ggaa.a,ddaa.a
,Ustimenko,F,jhb.a,,,OR,jhcce.a,M,,eaaaa.a,j.a,a.a,dbi.a,bfj.a
,Gecsei,,dae.a,hbe-bgah,MOUNT NEBO,,cgghj.a,,N,caaaa.a,d.h,,a.a,
Kikuo,Meszyk,M,dac.a,ejc-fefb,CLAYMONT,,bjhad.a,M,Y,,e.cefeff,a.a,cca.a,
,Carlsson,F,feb.a,,,OR,jhhdf.a,S,,daaaa.a,j.a,,a.a,a.a
Maryline,Collart,M,dah.a,eje-dije,,WY,,M,N,jfaaa.a,a.a,a.a,a.a,a.a
Wes,Varney,,gfb.a,dcf-bgjd,EUCLID,MN,fghcc.a,S,N,haaaa.a,h.if,,a.a,a.a
Edoardo,Mooney,F,cad.a,ehc-igcg,SOUTHPORT,CT,gija.a,,Y,,f.a,a.a,cefaa.a,
TakaHide,Raugh,,hab.a,cjb-bhda,STARKWEATHER,ND,fidhh.a,,N,eaaaa.a,c.cbjeaac,,a.a,a.a
Belle,Fermuller,,ibf.a,cce-echj,DALTON CITY,IL,gbjcf.a,M,N,hfaaa.a,d.a,a.a,eaaa.a,a.a
Giuseppa,Cejtlin,M,iac.a,ebj-hghg,,VT,fbed.a,S,,cfaaa.a,d.g,,a.a,
Evaggelos,Geyer,F,dfb.a,fjb-hecg,LOWELL,MA,bife.a,,Y,baaaa.a,f.d,a.a,hbfa.a,
Samul,Baudet,F,dad.a,,CEDAREDGE,CO,ibebd.a,M,Y,dfaaa.a,e.gd,a.a,a.a,a.a
,Bassett,F,ecf.a,idi-jijg,,WA,,M,Y,ifaaa.a,a.a,a.a,a.a,a.a
Viiveke,Jimbo,F,dac.a,bjf-jhgb,SEAFORD,,bjjhd.a,,Y,,e.cefeff,,a.a,
Rustam,Zlatea,M,gaf.a,fib-bghj,,SD,,M,,jaaaa.a,a.a,a.a,a.a,a.a
Sudhanshu,Griwodz,F,jdj.a,ddc-egde,,PR,hgh.a,S,,ffaaa.a,a.a,,a.a,
,Grob,F,cai.a,,KOOTENAI,ID,idiea.a,,Y,cfaaa.a,h.i,a.a,ggaa.a,ddaa.a
,Rohrbach,M,hih.a,jbe-heci,,PR,hhd.a,M,,faaaa.a,a.a,a.a,a.a,
Marina,Koutny,,cci.a,ecd-efch,COLUMBUS,,djhaf.a,S,Y,,d.a,,a.a,bfaa.a
Mokhtar,Morvan,F,fad.a,,,OR,jhdig.a,M,,,j.a,a.a,dbi.a,a.a
Sailesh,Wischnewsky,F,cai.a,,MONTEVIEW,ID,idedf.a,,Y,cfaaa.a,h.i,a.a,ggaa.a,ddaa.a
Chuzo,Preteux,,iae.a,deh-hcbf,VIRGINIA BEACH,,cdegf.a,M,,bfaaa.a,f.cbecig,a.a,biaa.a,
Shalom,Sippi,F,fad.a,,,OR,jhfde.a,M,,hfaaa.a,j.a,a.a,dbi.a,bfj.a
,Lapez,M,ifh.a,igi-bfah,BRANT ROCK,MA,caca.a,S,Y,,f.d,,a.a,
,Pordesch,,gaf.a,ihj-dhcj,,SD,fhhgh.a,S,,hfaaa.a,a.a,,a.a,a.a
Naveena,Lofaso,F,iai.a,,KAILUA,HI,jghde.a,,Y,,g.eehdgi,a.a,caia.a,baea.a
,Guiu,,fhb.a,hhi-djbc,CHESAPEAKE,,cddcg.a,M,,daaaa.a,f.hf,a.a,biaa.a,
Zorica,Wrigley,F,edf.a,,,UT,iebbd.a,M,,dfaaa.a,h.a,a.a,ejfa.a,a.a
Irfan,Ilgun,,dai.a,fjc-ibec,BOELUS,NE,giica.a,S,Y,,g.ie,,a.a,bad.a
Jaejoon,Schrooten,,dbj.a,ebd-ifhd,DES MOINES,IA,fadbj.a,S,Y,cfaaa.a,e.acdfece,,a.a,ea.a
Marsha,Backer,M,cah.a,cdf-idec,PERRY,ME,,,Y,jfaaa.a,i.f,,a.a,
Raimund,Iida,M,ehj.a,bjj-dggd,VIOLET HILL,AR,hcfie.a,M,Y,,h.a,a.a,ea.a,ca.a
Goa,Hjrschheimi,M,hih.a,feh-chdb,,PR,hca.a,M,,,a.a,a.a,a.a,a.a
,Koubarakis,,gab.a,hdb-daec,KILMICHAEL,,djheh.a,,N,,f.a,,a.a,a.a
Christhard,Drenick,M,eda.a,,,TX,hihji.a,S,,haaaa.a,a.a,,a.a,a.a
Bran,Qiwen,M,ibh.a,ded-dcfh,,TX,,S,,jfaaa.a,a.a,,a.a,a.a
Clay,Felger,M,jai.a,jic-gbha,LAKEHURST,NJ,ihdd.a,,N,hfaaa.a,c.cghdjg,a.a,caaa.a,
Gio,Batzoglou,F,iha.a,dfg-eeag,NORPHLET,AR,hbhfj.a,,N,baaaa.a,c.fhhigfe,,a.a,a.a
Jovisa,Kalafatis,F,dbi.a,chi-jcab,SHREVEPORT,LA,hbbei.a,,Y,,g.a,,a.a,baaa.a
,Bryce,M,iga.a,hje-gcce,NORWALK,CT,gifg.a,,N,ffaaa.a,f.a,a.a,cefaa.a,
Guy,Holcombe,M,jah.a,,ANCHORAGE,AK,jjfce.a,M,N,,a.a,a.a,a.a,a.a
,Lalanda,F,iab.a,,,UT,iehhe.a,S,,,h.a,,a.a,cehf.a
Raminder,Deminet,,cga.a,gfb-habi,ELKHART,,egfbh.a,M,N,dfaaa.a,d.e,a.a,caaa.a,a.a
Kostoula,Ural,F,ifg.a,dfc-fjhc,MOONACHIE,NJ,,,Y,jaaaa.a,c.fadjfic,,a.a,
Sedat,Spong,,dae.a,dce-jhga,KEARNEYSVILLE,,cfeda.a,,N,haaaa.a,g.f,,a.a,
Jorge,Smail,F,hbe.a,,FAWNSKIN,CA,jcddd.a,S,Y,gfaaa.a,j.d,,a.a,chc.a
Zarka,Balaguer,F,iai.a,,KAILUA KONA,HI,jghea.a,,N,ffaaa.a,i.cf,,a.a,a.a
Itzchak,Nanard,,jfc.a,jeb-fiif,ELKO NEW MARKET,MN,ffafe.a,M,Y,,f.df,a.a,ggaa.a,ddaa.a
Margie,McFarlane,M,gad.a,cfe-jgje,CORNISH,NH,dhef.a,S,N,,a.a,,a.a,
,Hagmann,,dae.a,iab-igib,VALLEY HEAD,,cgcje.a,S,N,,g.f,,a.a,
Peikun,Gabrielides,F,eab.a,eja-jhcb,,RI,ciaj.a,M,,efaaa.a,a.a,a.a,a.a,
Esko,Castellanos,,cfb.a,fdi-bdfe,KANSAS,,dffhd.a,,N,hfaaa.a,f.a,,a.a,a.a
Femi,D'Auria,,ehi.a,jga-cdgc,DECATUR,,daadg.a,S,N,eaaaa.a,g.a,,a.a,a.a
Waleed,Suri,,hab.a,gdg-dade,DES LACS,ND,fihdd.a,M,N,faaa.a,c.b,a.a,ggaa.a,a.a
Stamatina,Kirkgoze,,jfc.a,gag-gdcb,SCANDIA,MN,ffahd.a,,N,,f.fijfjee,a.a,ggaa.a,a.a
,Edmondson,,cbg.a,hci-gfia,COLUMBUS,,edcda.a,S,,faaaa.a,c.cafhgjd,,a.a,bdaa.a
,Scalabrin,,ifj.a,hdg-efbi,CANE VALLEY,,echca.a,S,N,gaaaa.a,f.bggggh,,a.a,a.a
Khakhanian,Gelosh,M,ici.a,cdd-jhaa,KINSTON,,,,Y,baaaaa.a,h.idaebjf,,a.a,
Grigori,Wuytack,F,eab.a,bbf-faag,,RI,,M,,ifaaa.a,a.a,a.a,a.a,
Songjie,Spinrad,F,fia.a,cif-eabd,,OK,hdfcj.a,M,,gaaaa.a,g.cf,a.a,caaa.a,a.a
Simin,Levenshtein,,jag.a,fee-dbbh,LIVONIA,MI,eibfc.a,,Y,,d.j,a.a,gcaa.a,dbaa.a
Zhenzhong,Doi,,eag.a,dfc-gjdi,CULBERTSON,MT,fjcbi.a,M,Y,eaaaa.a,g.j,a.a,diaa.a,bjaa.a
Bal,Reck,M,iac.a,fjc-hjjf,,VT,,M,,baaaaa.a,e.jjeghc,a.a,ggaa.a,
Bennett,Furedi,M,dah.a,cjj-cjjg,,WY,,M,Y,jfaaa.a,a.a,a.a,a.a,a.a
,Panagopoulou,F,jcf.a,,DOWNEY,CA,jacec.a,S,N,haaaa.a,j.d,,a.a,a.a
Emanuela,Polo,F,hac.a,,,NV,ijbhd.a,M,,caaaa.a,a.a,a.a,a.a,a.a
,Ciardo,F,ccf.a,hic-cgag,CROWLEY,LA,hafch.a,M,Y,faaa.a,c.a,a.a,jaaa.a,baaa.a
Zeki,Keefer,,gga.a,edj-ijjj,KINGSTON,MO,gegfa.a,,Y,,g.a,a.a,ecaa.a,bcaa.a
Fiorella,Purvy,M,cai.a,,IONA,ID,idech.a,S,N,ffaaa.a,h.i,,a.a,a.a
Indrajit,Artelt,M,iad.a,fhj-ehif,SENECA,,,,,jaaaa.a,h.a,,a.a,a.a
Richmond,Mittelstras,M,ehj.a,dgg-icag,RUSSELLVILLE,AR,hcibb.a,,Y,,h.a,a.a,ea.a,ca.a
Szots,Medvidovic,M,dba.a,,SACRAMENTO,CA,jfiga.a,,Y,,e.ccjhhbg,,a.a,chc.a
,Wahba,M,cfd.a,hhb-gfcd,,WA,,S,N,jfaaa.a,a.a,,a.a,a.a
Zhonghua,Caneghem,M,ief.a,fgc-efag,,NY,,S,,jaaaa.a,e.ehf,,a.a,
Suhayya,Cornu,M,fac.a,bib-ccje,LOUISVILLE,,,,Y,baaaaa.a,g.a,a.a,ea.a,ca.a
Karlis,Fanty,,dbh.a,cjj-gcdj,OTTERBEIN,IN,ehjha.a,,Y,gaaaa.a,d.e,a.a,caaa.a,baaa.a
Joe,Raalte,,caf.a,ehd-gjej,UNION SPRINGS,,dgaij.a,S,Y,gfaaa.a,f.a,,a.a,daa.a
Manas,Ballim,F,ige.a,bfb-jade,BISHOPVILLE,,,S,,baaaaa.a,h.a,,a.a,a.a
,Dillon,M,iac.a,iai-ehce,,VT,fhdc.a,S,,bfaaa.a,d.g,,a.a,
Kriengkrai,Benkahla,,gfb.a,eab-hgfj,RUSHFORD,MN,ffjhb.a,,N,gfaaa.a,h.hceagg,,a.a,a.a
Shouji,Panienski,F,dah.a,,,WY,icide.a,S,Y,haaaa.a,a.a,,a.a,a.a
,Chidamber,M,hhf.a,,,NV,ijabg.a,S,,caaaa.a,a.a,,a.a,a.a
Natasa,Schriber,M,fae.a,bej-cihd,ROANOKE,LA,,,Y,iaaaa.a,g.a,,a.a,baaa.a
Kotesh,Pelayo,M,hfh.a,eha-jhbj,DULLES,,cabad.a,S,,dfaaa.a,f.hf,,a.a,
Mirela,Flass,F,dga.a,,,WA,jiaff.a,M,Y,gfaaa.a,a.a,a.a,a.a,a.a
Ngoc,Baalbergen,F,iac.a,dah-bfeg,,VT,fghd.a,S,,ffaaa.a,e.ajjdhg,,a.a,
,Susskind,M,cai.a,,CARMEN,ID,idegc.a,S,N,caaaa.a,g.jeidjb,,a.a,a.a
,Rachev,,gaf.a,hae-gdjg,,SD,fhdgi.a,M,,caaaa.a,a.a,a.a,a.a,a.a
Goodwin,Ihde,F,iga.a,eid-jaja,UNIONVILLE,CT,gaih.a,S,N,,f.a,,a.a,
Toralf,Taft,F,feb.a,,,OR,jhhfe.a,S,,dfaaa.a,j.a,,a.a,bfj.a
Yiftach,Lubin,F,iai.a,,HONOLULU,HI,jgibi.a,M,Y,,i.cf,a.a,caia.a,baea.a
Shiroteru,Ruget,M,dbi.a,efg-diha,SHONGALOO,LA,hbahc.a,,N,gfaaa.a,g.a,a.a,jaaa.a,a.a
Pok,Demian,M,dac.a,dhh-cdji,MILLSBORO,,bjjgg.a,,Y,faaaa.a,f.cgibic,a.a,cca.a,
,Lassalle,,fgd.a,ifj-cgai,DES MOINES,IA,fadjg.a,S,N,,c.ehjhgd,,a.a,a.a
,Valkema,,dae.a,hed-jidc,CAMERON,,cgadd.a,M,N,bfaaa.a,d.df,a.a,eaaa.a,
,Gawecki,F,gad.a,hdb-geha,NORTH SUTTON,NH,dcga.a,,Y,faaaa.a,a.a,a.a,a.a,
Anant,Goes,F,ecf.a,,,WA,jjbcc.a,S,Y,gaaaa.a,a.a,,a.a,a.a
,Muckstadt,F,chg.a,hbi-ibji,WINCHESTER,,ccgad.a,M,,,f.hf,a.a,biaa.a,
Giorgos,Brazdil,M,jhb.a,,,OR,jhiic.a,M,,daaaa.a,j.a,a.a,dbi.a,a.a
Preda,Bakhtari,F,jhi.a,dhj-bgce,GROTON,MA,,S,N,baaaaa.a,f.d,,a.a,
Kadaba,Tibrook,M,dah.a,,,WY,icgaf.a,M,Y,efaaa.a,a.a,a.a,a.a,a.a
Jingyu,Trivett,F,jha.a,dhc-ghda,DENVER,CO,,S,Y,baaaaa.a,e.gd,,a.a,a.a
Wided,Skawa,,eag.a,cjb-dbej,BIGHORN,MT,fjaba.a,S,Y,dfaaa.a,g.j,,a.a,bjaa.a
,Kayton,F,gac.a,,SCOTTSDALE,AZ,ifcfi.a,,Y,,e.adcf,,a.a,cdaa.a
,Gersonde,F,jbi.a,had-gbjg,,OK,hdifc.a,M,,bfaaa.a,g.cf,a.a,caaa.a,baaa.a
,Klippgen,M,dbi.a,ghd-fgfd,NEW ORLEANS,LA,habef.a,,Y,,g.a,a.a,jaaa.a,baaa.a
,Capucciati,F,cga.a,hhc-gabh,SWEETSER,,,M,Y,jfaaa.a,d.e,a.a,caaa.a,baaa.a
Shashi,Parrow,M,fab.a,fed-didc,BEARDEN,AR,hbhca.a,S,Y,bfaaa.a,d.hhdadh,,a.a,ca.a
Verlynda,Eby,,dae.a,dee-heaa,MOUNT ALTO,,cfcge.a,,N,efaaa.a,f.ef,,a.a,
,Lesueur,M,cgh.a,iih-gada,PHILADELPHIA,,bjbch.a,,,,d.ah,a.a,a.a,
,Spieker,,dde.a,hdc-bgda,ATTALLA,,dfjfe.a,M,N,cfaaa.a,f.a,a.a,daaa.a,a.a
Uresh,Milidiu,,dai.a,cei-ecba,MC COOL JUNCTION,NE,gieab.a,,N,,d.jajhajf,,a.a,a.a
Sanju,Pedrycz,F,gab.a,eje-jaih,MC CALL CREEK,,,,N,baaaaa.a,f.a,,a.a,a.a
Christhard,Dengi,M,hhf.a,,,NV,ijbeb.a,S,,faaaa.a,a.a,,a.a,a.a
Pinaki,Kuchlein,,iad.a,cih-dgge,CLIO,,cjfcf.a,M,,,h.a,a.a,ggaa.a,a.a
,Viguier,M,eag.a,hdf-fjfb,SHEPHERD,MT,,,Y,jaaaa.a,g.j,,a.a,bjaa.a
Shish,Morioka,,ibd.a,eid-caib,TALLAHASSEE,,dcdag.a,M,N,,a.a,a.a,a.a,a.a
Yongge,Mitrou,M,cag.a,,,WA,jjabd.a,M,N,,a.a,a.a,a.a,a.a
,Zagha,,hab.a,hid-didf,MARION,ND,fiegg.a,,N,faaa.a,c.b,a.a,ggaa.a,a.a
,Pavani,M,ffb.a,gjg-hhdg,LONG BRANCH,NJ,,,N,iaaaa.a,c.degcf,a.a,caaa.a,
Chrysanthos,Topaloglou,M,hbg.a,fic-bhbf,,NY,,M,,jfaaa.a,e.fadjgdf,a.a,a.a,
Hon,Haber,F,jci.a,,JEROME,AZ,igddb.a,,N,,c.jehf,,a.a,a.a
Rudy,Merro,F,iac.a,bfc-iiec,,VT,fghi.a,S,,,d.iaajee,,a.a,
Henryk,Wadel,F,ifh.a,fie-faic,WAYLAND,MA,bhhi.a,M,N,daaaa.a,f.d,a.a,hbfa.a,
Themis,Burgard,,hif.a,ejf-fbgj,TOPEKA,KS,gggci.a,S,N,hfaaa.a,g.ef,,a.a,a.a
Maung,Torasso,,cga.a,dbe-hjgj,SPENCER,IN,ehega.a,,N,faaa.a,d.e,,a.a,a.a
Joonhee,Moudini,M,igc.a,gac-fddd,CREAM RIDGE,NJ,ifbe.a,S,N,,c.adaiddc,,a.a,
Soren,Berghe,M,hhf.a,,,NV,ijbae.a,S,,eaaaa.a,a.a,,a.a,a.a
Shangping,Trehan,F,fba.a,,SAN FRANCISCO,CA,jebff.a,,N,faaa.a,b.a,,a.a,a.a
Kousha,Lippok,F,dbi.a,bfe-cjei,CENTERVILLE,LA,hafcc.a,M,N,,g.a,a.a,jaaa.a,a.a
,Graber,,hab.a,hhf-fhbi,ANTLER,ND,fihbb.a,S,Y,efaaa.a,c.chhdgbe,,a.a,ddaa.a
,Lodderstedt,,ibg.a,hhg-hiaf,SAINT LOUIS,MO,gdbab.a,,N,,g.a,,a.a,a.a
Slobodan,Rouch,,cgc.a,ceh-fdfb,,WI,fefdh.a,M,N,daaaa.a,e.jghgfi,a.a,beaa.a,a.a
Ilias,Gide,M,ddj.a,eei-bdhf,OCEAN BLUFF,MA,cagf.a,,Y,eaaaa.a,f.d,,a.a,
Sangwook,Kindberg,F,gad.a,eah-cifi,BELMONT,NH,dcca.a,S,N,,a.a,,a.a,
Meenakshy,Rettinger,,ggc.a,ehf-egag,DUBLIN,,dihdj.a,M,N,gaaaa.a,f.a,a.a,bcaaa.a,a.a
Tandy,Widenauer,M,ied.a,bca-caib,SALTERS,,,,,jfaaa.a,h.a,,a.a,a.a
Egon,Pacheco,,ecd.a,egh-fhid,CLINTON,,dhhbg.a,S,,dfaaa.a,a.a,,a.a,a.a
Minghong,Raschia,,dca.a,fha-ddfc,KARLSTAD,MN,fghdc.a,,N,ffaaa.a,h.bjaeeid,a.a,ggaa.a,a.a
,Evans,,eac.a,ije-bhca,LINCOLN,NE,gifce.a,,N,faaaa.a,g.ie,,a.a,a.a
,Strohmann,M,ida.a,,,TX,hicca.a,M,,daaaa.a,a.a,a.a,a.a,a.a
Hakon,Suraj,M,fbf.a,cja-feee,GRAND MOUND,IA,,M,Y,jfaaa.a,i.ji,a.a,ia.a,ea.a
,Rabi,F,iac.a,hgd-jcfh,,VT,,S,,jfaaa.a,e.ijfbjef,,a.a,
Shahar,Takaki,F,faf.a,,,NM,ihaei.a,M,Y,efaaa.a,f.d,a.a,ggaa.a,ddaa.a
,Louie,,ebj.a,hbb-fieh,BRECKSVILLE,,eebeb.a,S,,,a.hbc,,a.a,bdaa.a
,Forget,F,igc.a,hjb-jaeh,BAPTISTOWN,NJ,iiad.a,S,Y,hfaaa.a,c.cghdjg,,a.a,
Angelos,Nourani,,hdb.a,ega-ejfd,SHELBYVILLE,,dhbgc.a,,,,a.a,a.a,a.a,a.a
,Matteis,M,iac.a,gjj-hhjh,,VT,fieg.a,M,,,e.ijfbjef,a.a,ggaa.a,
Sanjoy,Guetari,F,ige.a,fbf-fiah,SUMMERTON,,,M,,iaaaa.a,h.a,a.a,ggaa.a,a.a
,Gevinti,M,dac.a,hbj-cbdd,KIRKWOOD,,bjhai.a,,Y,cfaaa.a,d.fgdgdgd,a.a,cca.a,
Bryant,Eilenberg,,eea.a,gbe-hdcg,UHRICHSVILLE,,eegid.a,S,,dfaaa.a,b.hahiegc,,a.a,bdaa.a
Nourredine,Collinson,,iad.a,gda-dbdc,GREENWOOD,,cjgeg.a,M,,haaaa.a,h.a,a.a,ggaa.a,a.a
,Sylor,M,iha.a,gha-hdfc,BENTON,AR,hcabf.a,S,N,bfaaa.a,d.hhdadh,,a.a,a.a
Cornelious,Baya,,eag.a,dde-bjeh,INGOMAR,MT,fjadj.a,S,Y,caaaa.a,g.j,,a.a,bjaa.a
Wenceslas,Natrajan,F,jhd.a,dfi-jfaj,LIVINGSTON,NJ,hadj.a,,Y,,b.e,,a.a,
,Mournier,M,gad.a,jbc-bhej,NEWTON,NH,difi.a,,Y,,a.a,,a.a,
Brenda,Hinterberger,,gaf.a,efg-jhif,,SD,fhcfj.a,S,,,a.a,,a.a,a.a
,Vollaro,F,fad.a,,,OR,jhbcb.a,M,,daaaa.a,j.a,a.a,dbi.a,bfj.a
Hai,Araki,M,had.a,cig-jifj,RICHMOND,,,,,ifaaa.a,f.hf,a.a,biaa.a,
,Meyer,,eac.a,hgf-iddi,ELM CREEK,NE,giidg.a,M,N,,g.ie,a.a,cag.a,a.a
Akemi,Daladier,F,hbh.a,cfb-gjcj,YOUNGWOOD,,,S,,jfaaa.a,d.ah,,a.a,
Franck,Abbey,,hab.a,bhi-gaea,KARLSRUHE,ND,fihee.a,,N,baaaa.a,c.b,,a.a,a.a
Moira,Levasseur,,cgc.a,cdj-fjai,,WI,fdfdb.a,S,Y,,g.bidjbi,,a.a,eaa.a
Lei,Clemm,F,dcf.a,,,TX,hgbbc.a,M,,haaaa.a,a.a,a.a,a.a,a.a
,Raschia,F,dac.a,hdj-idge,FENWICK ISLAND,,bjjee.a,S,Y,efaaa.a,e.jchchd,,a.a,
Krysia,Mahmud,,gaf.a,cdj-jhjb,,SD,fhhia.a,S,,,a.a,,a.a,a.a
Yongfei,Schulman,F,gad.a,ffa-eidh,SUNCOOK,NH,dchf.a,S,Y,ffaaa.a,a.a,,a.a,
Naohisa,Anker,F,faf.a,ech-ieja,,NM,,S,N,ifaaa.a,f.d,,a.a,a.a
,Grundmann,F,dah.a,,,WY,icced.a,S,N,haaaa.a,a.a,,a.a,a.a
,Lakshmanan,M,edf.a,,,UT,ieagc.a,M,,,h.a,a.a,ejfa.a,a.a
Toshio,Wiggers,F,cbg.a,dbg-dehd,WILLISTON,,,S,,baaaaa.a,d.igffbci,,a.a,bdaa.a
Dahlia,Lacoste,F,iha.a,dgh-ceib,ONEIDA,AR,hcdgj.a,,Y,,h.a,,a.a,ca.a
,Kahane,F,faf.a,,,NM,iidbg.a,M,N,,f.d,a.a,ggaa.a,a.a
Michun,Antao,F,iab.a,,,UT,iebbj.a,M,,eaaaa.a,h.a,a.a,ejfa.a,cehf.a
Pradip,Ahrweiler,F,cci.a,dca-bahg,GREENVILLE,,,S,N,jfaaa.a,f.a,,a.a,a.a
Bonggi,Wolfe,F,cfd.a,,,WA,jidcj.a,M,N,efaaa.a,a.a,a.a,a.a,a.a
Hanan,Noakes,,dca.a,cga-gcfa,BATTLE LAKE,MN,fgfbf.a,S,Y,,h.if,,a.a,ddaa.a
Sakir,Zlatev,,jbc.a,dbj-ccba,CLARKDALE,,dabbb.a,S,Y,gfaaa.a,g.a,,a.a,daaa.a
,Forcheri,M,fca.a,,PHOENIX,AZ,ifahf.a,,Y,gfaaa.a,d.hccejji,,a.a,cdaa.a
,Bale,F,had.a,hcb-bhbc,MEREDITHVILLE,,,,,baaaaa.a,f.hf,,a.a,
,Kuester,M,faf.a,,,NM,ihfhj.a,M,Y,,d.cecifhc,a.a,ggaa.a,ddaa.a
,Vickson,,eae.a,igj-chjj,UPATOI,,dbicj.a,M,Y,gfaaa.a,g.a,a.a,feaa.a,daaa.a
Akshar,Ashtaputre,M,gad.a,eif-ejgd,HAVERHILL,NH,dhgf.a,S,N,cfaaa.a,a.a,,a.a,
Subutai,Wothke,M,iad.a,ehj-gaif,BEECH ISLAND,,,M,,jaaaa.a,h.a,a.a,ggaa.a,a.a
Keri,Westra,M,eab.a,gcf-jfje,,RI,,S,,iaaaa.a,a.a,,a.a,
Zhiyi,Bartley,F,hdc.a,dji-cccb,RIVERTON,NJ,iahg.a,,N,hfaaa.a,c.cghdjg,,a.a,
Sudeshna,Shihab,,dae.a,fah-gcfc,GLEN WHITE,,cfiej.a,M,Y,hfaaa.a,g.f,a.a,eaaa.a,
Amelia,Summers,,igf.a,dda-eccf,KNOXVILLE,,dhjea.a,,,bfaaa.a,a.a,a.a,a.a,a.a
,Tyszberowicz,,ifj.a,hca-giic,CROMWELL,,ecddd.a,M,N,dfaaa.a,d.hhhhhhh,a.a,ea.a,a.a
Jodi,Lotfi,F,,,,NM,ihjea.a,S,N,,f.d,,a.a,a.a
Tiiu,Marsden,F,cai.a,,DONNELLY,ID,idgbf.a,M,Y,,f.fcjaec,a.a,ggaa.a,ddaa.a
,Nerbonne,F,gaj.a,iad-hfab,TETERBORO,NJ,hgai.a,M,N,,b.ihdbcf,a.a,caaa.a,
Konstantin,Makinen,M,,edd-bbae,MILTON,NH,difb.a,,Y,,a.a,,a.a,
Marlis,Billingsley,,,cbh-jagh,BUMPUS MILLS,,dhaci.a,M,,gaaaa.a,a.a,a.a,a.a,a.a
Bernard,Milosevic,,jbj.a,dbi-dgcb,MOUNT AIRY,,chada.a,,Y,,h.ebaidj,a.a,ggaa.a,
,Slaats,F,,,RYE,CO,ibagj.a,,N,iaaaa.a,e.gd,,a.a,a.a
Raph,Tryba,M,,bjg-jhga,HEBRON,ND,,S,N,ifaaa.a,c.hebafbc,,a.a,a.a
Jost,Mitomo,M,jah.a,,JUNEAU,AK,jjibb.a,,N,,a.a,a.a,a.a,a.a
Cynthia,Freundlich,M,jah.a,,CIRCLE,AK,jjhdd.a,M,Y,haaaa.a,a.a,a.a,a.a,a.a
Jak,Stanney,,jbc.a,cjj-giga,WALESKA,,dabid.a,S,Y,faaaa.a,g.a,,a.a,daaa.a
,Merges,,fgd.a,hgd-bagc,MARATHON,IA,fafgf.a,,N,,g.ddjcbb,a.a,ia.a,a.a
,Muckstadt,F,gcg.a,,MODESTO,CA,jfdfb.a,,N,,i.jfbdbe,a.a,bhe.a,a.a
,Scholten,M,cad.a,gib-dbfi,GALES FERRY,CT,gddf.a,M,N,gfaaa.a,f.a,a.a,cefaa.a,
,Mosedale,M,eab.a,gie-dcad,,RI,cjbc.a,S,,,a.a,,a.a,
Jeroen,Menhoudj,F,ede.a,eba-jhed,RAPPAHANNOCK ACADEMY,,ccfdi.a,,,,f.hf,,a.a,
,Pehl,M,eaf.a,ghi-dehd,,OK,hebej.a,S,,haaaa.a,g.cf,,a.a,baaa.a
Jianyang,Weerasinghe,F,fbg.a,ddd-gjgb,,NY,bbdhd.a,M,,efaaa.a,e.cbedcjc,a.a,a.a,
Mihai,Recce,M,hac.a,,,NV,ijiab.a,S,,caaaa.a,a.a,,a.a,a.a
Meenakshy,Reboh,,,baf-fbia,HOLT,MI,eiiec.a,S,N,haaaa.a,d.j,,a.a,a.a
,Fahringer,,,iaa-hjbi,CAPE CORAL,,ddjjb.a,S,Y,iaaaa.a,a.a,,a.a,a.a
Gain,Lieberherr,,,fce-hjhe,BLACK EAGLE,MT,fjebe.a,S,N,,g.j,,a.a,a.a
Severin,Bracho,M,feb.a,jei-bgfi,,OR,,M,,jfaaa.a,j.a,a.a,dbi.a,bfj.a
,Hemenway,,eag.a,idb-jgeh,SACO,MT,fjcgb.a,,Y,,g.j,a.a,diaa.a,bjaa.a
Tapas,Prabhakar,M,,dci-jici,,WA,,S,N,jfaaa.a,a.a,,a.a,a.a
Pintsang,Dendrinos,M,,,SANTA CLARITA,CA,jbdic.a,,Y,bfaaa.a,d.aejdiff,,a.a,chc.a
Aino,Benhamou,,,bei-degg,,SD,fhcdg.a,M,,daaaa.a,a.a,a.a,a.a,a.a
Liangjie,Lowry,F,,dbb-gbfj,,PR,jbg.a,M,,,a.a,a.a,a.a,
,Ohhara,M,,,FORT COLLINS,CO,iaffd.a,M,N,gaaaa.a,e.gd,a.a,a.a,a.a
Klichiro,Manukyan,,,dge-fibi,,SD,fhhfc.a,M,,,a.a,a.a,a.a,a.a
Jozef,Jarvinen,F,,,GALENA,AK,jjheb.a,M,N,,a.a,a.a,a.a,a.a
Dowming,Strcalov,,,bij-hdgj,FAIRFAX,,cjich.a,S,,eaaaa.a,h.a,,a.a,ddaa.a
,Alameldin,,,gic-egji,RUSSELL SPRINGS,,ecgec.a,,Y,bfaaa.a,c.ggggggh,,a.a,ca.a
,Zisman,,jca.a,ggg-egcg,,WI,fdfhc.a,M,N,iaaaa.a,f.idgebf,a.a,beaa.a,a.a
Avinash,Evard,F,,,PAIA,HI,jghhj.a,,Y,faaa.a,b.jeahijf,,a.a,baea.a
Yerucham,Bilardi,,,bgi-hdeg,COATS,KS,ghaci.a,S,N,bfaaa.a,d.f,,a.a,a.a
,Dasu,,,ghe-dcii,MARION,MT,fjjcf.a,,N,hfaaa.a,g.j,,a.a,a.a
Qijia,Biedassek,M,,edc-bgdi,,WA,,M,N,jfaaa.a,a.a,a.a,a.a,a.a
Anja,Edmondson,M,,ejg-bjeg,RANGELEY,ME,ejha.a,,N,eaaaa.a,i.f,,a.a,
Lantzos,Haugan,,eag.a,ecc-jdbi,MANHATTAN,MT,fjheb.a,,N,,g.j,a.a,diaa.a,a.a
,Sauder,,,hab-gdif,PENSACOLA,,dcfjb.a,,Y,faaaa.a,a.a,,a.a,a.a
Wenjin,Lechtenborger,F,,bae-cjee,,PR,jbj.a,M,,,a.a,a.a,a.a,
Gwangyong,Strandh,,cgc.a,fcb-jgbf,,WI,fdbcb.a,M,N,caaaa.a,e.hjdjagh,a.a,beaa.a,a.a
,Koldinger,F,,,ANCHORAGE,AK,jjfcd.a,S,Y,,a.a,,a.a,a.a
Juan,Brummer,M,ifg.a,dce-biij,OAKHURST,NJ,,,N,jfaaa.a,c.ficibcf,a.a,caaa.a,
Billur,Tillert,,,ece-ecfg,,WI,fdcbe.a,S,N,faaa.a,e.g,,a.a,a.a
Subodh,Khedr,,,bfd-cicc,WILMINGTON,,cieah.a,S,N,,h.cabaej,,a.a,
Vilas,Rousu,F,cad.a,bhg-feji,NORWALK,CT,,,Y,jfaaa.a,f.a,a.a,cefaa.a,
,Kriplani,M,feb.a,,,OR,jhgca.a,M,,,j.a,a.a,dbi.a,bfj.a
Kaihiro,Vauclair,F,jhb.a,,,OR,jhfae.a,M,,faaa.a,h.ebacfge,a.a,dbi.a,a.a
,Hardaway,M,,,,OR,jhdfi.a,S,,,j.a,,a.a,bfj.a
Ireneusz,Lahner,M,edf.a,,,UT,iegfh.a,M,,,h.a,a.a,ejfa.a,cehf.a
,Reina,M,,igd-dead,ATLANTA,,,S,N,jaaaa.a,g.a,,a.a,a.a
,Brotman,M,,,,WA,jiacb.a,S,N,faaaa.a,a.a,,a.a,a.a
Peer,Ravve,,,bgc-bejc,DICKSON,,dhafg.a,S,,caaaa.a,a.a,,a.a,a.a
Shaunak,Canet,,dai.a,dbb-ddhb,OMAHA,NE,gibac.a,,Y,eaaaa.a,g.ie,a.a,cag.a,bad.a
Jock,Gold,,dae.a,bfj-ihee,GALLIPOLIS FERRY,,cffbf.a,M,N,faaa.a,d.a,a.a,eaaa.a,
Abdulah,Phoa,,,bae-hjga,SHANNON,,dabhc.a,,N,hfaaa.a,g.a,,a.a,a.a
Jagdish,Pocchiola,M,faf.a,,,NM,iiebf.a,M,,cfaaa.a,f.d,a.a,ggaa.a,a.a
,Coscia,M,,ied-ibbj,CENTER CONWAY,NH,dibd.a,M,N,bfaaa.a,a.a,a.a,a.a,
Wilf,Zoller,,,bec-faig,BROWN CITY,MI,eiebg.a,S,Y,faaa.a,d.j,,a.a,dbaa.a
,Colorni,F,fae.a,jbc-ieha,INNIS,LA,haheh.a,M,Y,gfaaa.a,g.a,a.a,jaaa.a,baaa.a
,Xanthopoulos,M,,,,WA,jjbfh.a,S,Y,gfaaa.a,a.a,,a.a,a.a
Aske,Hillebrand,F,,,,NM,iiacb.a,S,N,,f.d,,a.a,a.a
,Leeser,,eag.a,ieg-gjce,SHERIDAN,MT,fjhej.a,,Y,,g.j,a.a,diaa.a,bjaa.a
Carrel,Manara,,ddg.a,dhe-giig,DURHAM,,chhad.a,M,Y,,h.ajgbfdh,a.a,ggaa.a,
,Brunk,,,ijf-hddb,OKAWVILLE,IL,gcchb.a,,N,ffaaa.a,d.a,,a.a,a.a
Kok,Srimani,,cgj.a,gfj-jfda,FARMINGTON,MI,eiddf.a,M,N,faaaa.a,d.j,a.a,gcaa.a,a.a
Nirina,Reid,F,cai.a,,HOPE,ID,ididg.a,M,N,eaaaa.a,h.i,a.a,ggaa.a,a.a
Mara,Wansing,M,jbi.a,ffd-dhdc,,OK,hejdc.a,M,,daaaa.a,g.cf,a.a,caaa.a,a.a
Cathrine,Musen,,dae.a,cfa-fbjd,HUNTINGTON,,cfhag.a,M,Y,,g.f,a.a,eaaa.a,
,Jolfaei,,,gjg-icjj,GRAND FORKS,ND,ficac.a,S,N,,c.gidaj,,a.a,a.a
Henrietta,Mines,F,,cge-ihec,,PR,jhj.a,S,,,a.a,,a.a,
Kamakshi,Joobbani,M,,ebc-edcf,WASHINGTON,,caagi.a,S,Y,,j.a,,a.a,
Karabi,Castro,M,dbi.a,ecj-ddhc,SIMPSON,LA,hbehe.a,,N,gaaaa.a,g.a,a.a,jaaa.a,a.a
Celena,Damy,M,,gcg-bhda,BIRDSNEST,,,S,,jaaaa.a,f.hf,,a.a,
Carolina,Reutenauer,,,gdb-hbba,AUGUSTA,,dajbe.a,S,Y,dfaaa.a,g.a,,a.a,daaa.a
Ejan,Gibbins,F,,bgd-bajj,,NY,bdgga.a,M,,iaaaa.a,e.ebhahdc,a.a,a.a,
,Sandkuhl,F,,,,TX,hhfgd.a,M,,faaaa.a,a.a,a.a,a.a,a.a
,Reutenauer,,ebj.a,iig-faec,LEETONIA,,eeedb.a,,,dfaaa.a,b.hahiegc,a.a,cgaa.a,a.a
Jaejoo,Atchley,,ige.a,gei-egga,PENDLETON,,cjgha.a,,,iaaaa.a,h.a,a.a,ggaa.a,ddaa.a
Franck,Girgensohn,,ggc.a,bgh-jccg,DUBLIN,,dihdj.a,M,Y,caaaa.a,f.a,a.a,bcaaa.a,bfaa.a
,Pakkan,,,ibj-ibij,CLAWSON,MI,eiabh.a,S,N,dfaaa.a,d.j,,a.a,a.a
Marshall,Wortmann,,ige.a,die-gfjd,MYRTLE BEACH,,cjfhj.a,,,dfaaa.a,h.a,a.a,ggaa.a,ddaa.a
Ludwik,Strole,F,,,SHAKTOOLIK,AK,jjhhb.a,,Y,gfaaa.a,a.a,,a.a,a.a
Mitsuhiko,Otillio,,,baf-bbch,CHILO,,efbbc.a,S,,cfaaa.a,b.dhfijhe,,a.a,a.a
,Dorling,,,ihh-jcfi,SALLEY,,cjbdh.a,,,dfaaa.a,h.a,,a.a,ddaa.a
,Hubbers,M,,,,WY,icgab.a,S,N,,a.a,,a.a,a.a
Katharine,Margenstern,M,fca.a,,ARIZONA CITY,AZ,ifccd.a,M,Y,,c.ih,a.a,ecaa.a,cdaa.a
Liu,Radecki,M,,edb-igie,MILFORD,,bjjgd.a,,Y,gaaaa.a,f.jf,,a.a,
,Clint,,,ghb-hdab,CARTER,,ebbci.a,S,Y,dfaaa.a,d.hhhhhhh,,a.a,ca.a
Jianying,Picht,M,,bff-eifj,,PR,jbj.a,M,,faaa.a,a.a,a.a,a.a,
Adelheit,Bruandet,M,hgd.a,ejc-deji,STAPLES,MN,,,Y,ifaaa.a,h.if,a.a,ggaa.a,ddaa.a
Toshihisa,Reiterman,F,,gad-gfbg,SOUTH WILLINGTON,CT,,,N,iaaaa.a,f.a,,a.a,
,Balcom,,dbg.a,hjg-egae,WOODSTON,KS,ghghf.a,M,Y,ffaaa.a,g.ef,a.a,efaa.a,ccfa.a
,Pokorny,,,ihi-bjib,GODDARD,KS,ghafc.a,S,Y,faaa.a,d.f,,a.a,ccfa.a
Jianchu,Madeira,,hfh.a,gej-ieja,CLOVER,,cefde.a,M,,,f.hf,a.a,biaa.a,
Garnik,Khamare,M,,chh-dadi,,NY,bcjha.a,S,,,e.abbfif,,a.a,
Pil,Luksch,,,caf-jebi,CEDAR CREEK,NE,giabg.a,S,N,,f.gifged,,a.a,a.a
Debbie,Cleave,M,,,,WY,iccbh.a,S,Y,faaaa.a,a.a,,a.a,a.a
Wil,Sutanto,,ebh.a,eji-hdfj,ARROW ROCK,MO,gfdca.a,M,Y,gaaaa.a,g.a,a.a,ecaa.a,bcaa.a
,Beck,,,hfc-hdfd,ALMA,MO,geaab.a,S,N,daaaa.a,g.a,,a.a,a.a
Laszlo,Kilgour,M,,jhc-fhia,,PR,jfb.a,S,,,a.a,,a.a,
Takenao,Farrow,F,feb.a,,,OR,jhefb.a,M,,cfaaa.a,j.a,a.a,dbi.a,a.a
,Papadias,M,,,LEMOORE,CA,jdcef.a,,N,eaaaa.a,i.jfbdbe,,a.a,a.a
Vamsee,Kruys,,,eja-dede,WILLARD,,ebbib.a,S,N,,c.diiiiii,,a.a,a.a
Sandy,Sarstedt,F,dac.a,cbc-ceeg,HARRINGTON,,,M,Y,baaaaa.a,f.jf,a.a,cca.a,
Xiang,Newton,M,,ech-bfhi,,RI,cjcb.a,M,,,a.a,a.a,a.a,
Eunsam,Lampert,,ige.a,fbh-cejb,WARE SHOALS,,cjgjc.a,M,,,d.fgdhbg,a.a,ggaa.a,ddaa.a
Jaishankar,Keronen,,,eeb-giej,DUNBAR,,cfage.a,S,N,,e.hf,,a.a,
Katalin,McDonald,,ici.a,bgg-gggd,HOLLY RIDGE,,cieef.a,M,Y,,h.ajgbfdh,a.a,ggaa.a,
Paolino,Veevers,M,,gdh-ijid,,NY,bbhda.a,M,,ffaaa.a,e.chccfg,a.a,a.a,
,McNaught,,,ghg-jhia,WINCHESTER,,eadjb.a,S,N,,d.ccccccd,,a.a,a.a
Taeko,Erie,F,,,,TX,higac.a,S,,gfaaa.a,a.a,,a.a,a.a
Yuguo,Schain,M,,dab-hgeg,,RI,cidj.a,S,,hfaaa.a,a.a,,a.a,
,Corbi,F,,,ANCHORAGE,AK,jjfca.a,S,N,faaaa.a,a.a,,a.a,a.a
,Bhagavathi,M,,gge-bece,,NV,,M,,baaaaa.a,a.a,a.a,a.a,a.a
AbdelAli,Irland,,gai.a,dgd-cdhc,,WI,fdbei.a,M,N,,,a.a,beaa.a,a.a
Sebastian,Rozoy,F,,cib-bjdc,,PR,,M,,baaaaa.a,,a.a,a.a,
Lorin,Glymidakis,M,,dca-dcgi,PITTSBURGH,,,,,jfaaa.a,,,a.a,
Parris,Boersen,F,,fga-ifhd,LAKEVILLE,,,,,jaaaa.a,,a.a,a.a,
Wataru,Jayawardene,,,jfg-hbie,CRANE,IN,ehfcc.a,S,Y,,d.e,,a.a,baaa.a
Abdel,Benyon,F,,,,OR,jhdab.a,S,,eaaaa.a,j.a,,a.a,a.a
,Mansouri,F,,,,WA,jijdj.a,M,N,,,a.a,a.a,a.a
,Cottman,F,fae.a,hed-fgef,ROBERT,LA,haeff.a,,N,gfaaa.a,,a.a,jaaa.a,a.a
,Spinning,M,,hcb-gcad,,NV,,M,,iaaaa.a,,a.a,a.a,a.a
Ayellet,Scallan,,,bjh-eegb,WARNER ROBINS,,dbajd.a,S,Y,faaaa.a,g.a,,a.a,daaa.a
Feiling,Spier,F,,,,NV,ijahh.a,M,,bfaaa.a,,a.a,a.a,a.a
Vivienne,Petre,F,,fbj-dfij,,PR,,S,,jaaaa.a,,,a.a,
,Lumbreras,,hbc.a,hec-ejef,PRAIRIE CITY,IA,facci.a,,Y,,,a.a,ia.a,ea.a
Helene,Terrel,M,,,,UT,ieddb.a,S,,baaaa.a,h.a,,a.a,a.a
,Traunmuller,M,,hcg-egae,STATESBORO,,,,N,ifaaa.a,g.a,,a.a,a.a
,Yoshii,M,,hha-ecfd,CAMP HILL,,bhabc.a,S,,baaaa.a,,,a.a,
,Laubscher,,,iia-gaca,MONTGOMERY,,dgbbj.a,,Y,,f.a,,a.a,daa.a
Drago,Murtha,,,fgj-cdbe,BONITA SPRINGS,,debdd.a,S,N,,,,a.a,a.a
,Chubarov,F,iac.a,hhf-ibda,,VT,,M,,baaaaa.a,,a.a,ggaa.a,
Kensei,Dydek,F,,ffj-dggd,CONCORDVILLE,,bjddb.a,S,,caaaa.a,,,a.a,
,Ravat,,,ibf-dgad,JACKSON,,djcad.a,,N,cfaaa.a,f.a,,a.a,a.a
Rodney,Worfolk,F,,,,UT,iegce.a,S,,caaaa.a,h.a,,a.a,cehf.a
,N'Dong,,,ibh-iagg,TEMPERANCEVILLE,,cdeec.a,S,,,f.hf,,a.a,
Narvardin,Piola,M,,jjh-gfab,WINCHESTER,,,S,,ifaaa.a,f.hf,,a.a,
,Miculan,,,hed-deeh,CASTLEBERRY,,dgedc.a,S,N,,f.a,,a.a,a.a
Ricarda,Balcazar,,,dfc-ecfj,CLEVER,MO,gfgdb.a,S,N,haaaa.a,g.a,,a.a,a.a
,Balder,F,,hbc-hbcf,,SD,,S,,jaaaa.a,,,a.a,a.a
,Messina,,,iii-gcbd,YOUNG AMERICA,MN,ffffi.a,S,N,,h.if,,a.a,a.a
Zuliang,Dunlop,F,,ecd-gchg,,TX,hfbaf.a,M,,daaaa.a,,a.a,a.a,a.a
,Dufourd,,,hhj-hbff,SCHOOLCRAFT,MI,ejaih.a,,N,faaaa.a,d.j,,a.a,a.a
Mathias,Selenyi,,,bff-hdaa,CYNTHIANA,,ebadb.a,S,Y,eaaaa.a,e.afffffd,,a.a,ca.a
,Kamiyama,M,eba.a,hhi-jedi,WILLIAMSPORT,,cbhjf.a,M,Y,,,a.a,eiaa.a,
,Shallit,,,hjh-iade,SOPHIA,,chdfa.a,,N,efaaa.a,g.ghgfhdd,,a.a,
,Shimotsuji,M,,heb-fcbi,DES PLAINES,IL,,S,N,jfaaa.a,d.a,,a.a,a.a
Friedbert,Arz,,,cie-fbeb,HOLMESVILLE,,eegdd.a,S,,iaaaa.a,d.cabgbfd,,a.a,a.a
Changpeng,Rive,F,,cbc-caij,,PR,gbe.a,S,,ffaaa.a,,,a.a,a.a
Florian,Rajala,M,,,KAKE,AK,jjida.a,,Y,daaaa.a,,a.a,a.a,a.a
,Duong,,,ifa-jhjd,SHARON,ND,fichh.a,,N,ffaaa.a,c.djdcidi,,a.a,a.a
,Eppinger,,hag.a,hdb-cdai,ATLANTA,,dadih.a,M,Y,faaaa.a,,a.a,feaa.a,daaa.a
Cecily,Puppo,,jbd.a,efb-fccg,DANVILLE,KS,ghadg.a,M,N,eaaaa.a,,a.a,efaa.a,a.a
Ardian,Raugh,M,,fbc-diba,,PR,jgj.a,S,,bfaaa.a,,,a.a,
Youngsong,Struble,F,fhb.a,cde-ghii,LIGNUM,,cchcg.a,,,efaaa.a,,a.a,biaa.a,
Yusaku,Kaye,,hae.a,fdc-jcae,FOUNTAIN,,chicj.a,M,Y,,,a.a,ggaa.a,
Amitabh,Marjeta,F,,bde-hfeb,CHARLESTOWN,NH,dgad.a,M,Y,,,a.a,a.a,
,Karner,M,cac.a,hbf-jhbj,WASHINGTON,,caagd.a,M,Y,,,a.a,chea.a,
Cohavit,Yuguchi,M,iai.a,,HONOLULU,HI,jgibc.a,M,Y,gaaaa.a,,a.a,caia.a,baea.a
Sinan,Ancilotti,M,fca.a,,MESA,AZ,ifcad.a,,Y,baaaa.a,,a.a,ecaa.a,cdaa.a
,Towheed,M,iab.a,,,UT,iegad.a,M,,cfaaa.a,,a.a,ejfa.a,cehf.a
,Kukich,M,feb.a,,,OR,jheea.a,M,,,,a.a,dbi.a,bfj.a
,Mihok,,ici.a,hde-cdgd,PROVIDENCE,,chdbf.a,,N,,,a.a,ggaa.a,
,Umeyama,,fac.a,hfe-efjb,MOUNT STERLING,,eadfd.a,,N,cfaaa.a,,a.a,ea.a,a.a
Jianming,Copperman,,,eia-fidc,FOWLERVILLE,MI,eiidg.a,S,Y,bfaaa.a,d.j,,a.a,dbaa.a
Peichen,Hinnebusch,M,,bfi-jicb,LYNN,AR,hceea.a,,N,,h.a,,a.a,a.a
Brook,Sinderen,M,,,,WY,icged.a,S,N,gaaaa.a,,,a.a,a.a
Hirohito,Alsup,F,,,,WY,icccb.a,M,N,cfaaa.a,,a.a,a.a,a.a
Adi,Gaborit,F,iga.a,fhg-bjbi,HAMPTON,CT,gceh.a,M,N,faaa.a,,a.a,cefaa.a,
,Eyrolle,F,,hdj-egfi,,OK,hdahh.a,S,,daaaa.a,g.cf,,a.a,a.a
,Padhye,F,,,,NV,ijbgj.a,S,,gaaaa.a,,,a.a,a.a
Xinxin,Piricka,,,bfg-bghi,ROYAL OAK,MI,eiahd.a,,Y,eaaaa.a,d.j,,a.a,dbaa.a
Patiwat,Lelouche,,hbf.a,egh-dcdf,,WI,fdabe.a,M,Y,,,a.a,beaa.a,eaa.a
Kwan,Halfin,,,fhd-ggdf,,SD,fhhha.a,M,,,,a.a,a.a,a.a
Zito,Kusakari,,geb.a,cja-jjeh,SIOUX CITY,IA,fbbag.a,,N,,,a.a,ia.a,a.a
,McCrossin,M,cai.a,,KELLOGG,ID,ididh.a,,N,,,a.a,ggaa.a,a.a
Bodh,Quaggetto,M,,geg-hccd,MILLIS,MA,cafe.a,,Y,hfaaa.a,f.d,,a.a,
Tuncer,Stavi,,,bff-ighi,COLUMBUS,,cihcc.a,S,Y,gaaaa.a,g.jjbcfig,,a.a,
Almudena,Loizou,,hgj.a,jej-icfi,LAUREL,,djeed.a,,N,,,a.a,bcaaa.a,a.a
,Taillibert,F,fai.a,ijj-ccje,CANTON,MA,cacb.a,M,Y,bfaaa.a,,a.a,hbfa.a,
Ryuji,Uyen,F,,,,OR,jhdef.a,S,,eaaaa.a,j.a,,a.a,bfj.a
Isao,Blue,F,fia.a,cgj-jcih,,OK,heida.a,M,,efaaa.a,,a.a,caaa.a,baaa.a
Kyoo,Buekenhout,M,iga.a,eec-jchc,WATERBURY,CT,ghae.a,M,N,faaa.a,,a.a,cefaa.a,
,Navazio,M,,idc-baif,LYME,NH,dhgi.a,,Y,,,,a.a,
Shinji,Ballinger,M,,,GILBERT,AZ,ifcjj.a,S,Y,efaaa.a,d.ebcf,,a.a,cdaa.a
Subhrajit,Laubscher,M,,dgj-gjib,GLENCLIFF,NH,dcdi.a,M,N,,,a.a,a.a,
,Begole,M,dab.a,iea-cedj,POINT OF ROCKS,,cbhhh.a,,N,hfaaa.a,,a.a,eiaa.a,
Misako,Parhami,F,,,,NV,ijbfd.a,M,,gaaaa.a,,a.a,a.a,a.a
Malik,Koubarakis,M,,fgc-gjgj,LESLIE,AR,hcgef.a,,Y,,d.hhdadh,,a.a,ca.a
Yokomori,Kawabata,F,ibi.a,,DENAIR,CA,jfdbg.a,M,Y,,,a.a,bhe.a,chc.a
,Torelli,,,ihh-iecj,GREENBACKVILLE,,cddfg.a,S,,eaaaa.a,f.hf,,a.a,
Grigori,McCormick,F,,,EGEGIK,AK,jjfhj.a,S,Y,,,,a.a,a.a
Maurizio,Leece,,dae.a,ccj-jjfj,SHENANDOAH JUNCTION,,cfeec.a,,Y,,,a.a,eaaa.a,
Jiming,Kadesch,,,jhc-bcbi,ARNOLDSVILLE,,dagbj.a,S,Y,,g.a,,a.a,daaa.a
Adrain,Pelayo,,,fai-bbfc,INDIANAPOLIS,,egcfg.a,S,Y,efaaa.a,d.e,,a.a,baaa.a
,Kaklamani,M,eai.a,,WALNUT GROVE,CA,jfgja.a,M,N,,,a.a,bhe.a,a.a
Jinhai,Millington,,,fdg-gbeh,CULLEOKA,,diefb.a,S,,,,,a.a,a.a
,Niemeier,M,,gji-fbbg,WOOD,,bggje.a,S,,,,,a.a,
Dattatraya,Uemori,M,,gfd-ccgb,WEEDVILLE,,,M,,baaaaa.a,,a.a,a.a,
Avijit,Poor,F,,gbf-jjhd,KOTZEBUE,AK,,,Y,ifaaa.a,,a.a,a.a,a.a
Hiroyoshi,Simos,F,,,BERKELEY,CA,jehaf.a,S,N,haaaa.a,j.d,,a.a,a.a
Lijing,Dupre,,cbj.a,djd-egae,BUCKSKIN,IN,ehgeh.a,M,N,efaaa.a,,a.a,caaa.a,a.a
Ward,Zingaretti,,,bed-hjif,COLUMBIAVILLE,MI,eiecb.a,S,N,faaa.a,d.j,,a.a,a.a
Paitoon,Hofstetter,M,,,,WY,icgaj.a,S,Y,,,,a.a,a.a
Muthu,Marinescu,,,eee-jcgj,FAIRLAND,,egbcg.a,S,Y,,d.e,,a.a,baaa.a
Martina,Goradia,,,dfi-hgia,HAMDEN,,efgde.a,S,,ffaaa.a,c.dhbhedh,,a.a,a.a
Hark,Schrott,,,cje-bjdj,THOMASTON,,dacig.a,S,N,faaaa.a,g.a,,a.a,a.a
Floor,Schizas,,hbc.a,fei-ifih,CLEMONS,IA,faafb.a,M,N,daaaa.a,,a.a,ia.a,a.a
Guozhen,Khasidashvili,,dae.a,fde-jfaj,MORGANTOWN,,cgfab.a,,N,,,a.a,eaaa.a,
Jeffery,Sander,M,,jfg-bich,,SD,,M,,ifaaa.a,,a.a,a.a,a.a
Paulette,Amrhein,,,dhi-dbde,MASKELL,NE,gihfb.a,,N,haaaa.a,g.ie,,a.a,a.a
Steffen,Hohberg,F,,,ATHOL,ID,idiab.a,S,N,,g.jeidjb,,a.a,a.a
Ruslan,Lohberger,,,bjh-ejia,LAWTEY,,dcafi.a,,N,,,a.a,a.a,a.a
Visalakshi,Machiels,,,ecg-jaie,BEATTYVILLE,,ebdbb.a,S,N,,g.a,,a.a,a.a
,Marinova,F,,,,NV,ijfbb.a,M,,,,a.a,a.a,a.a
,Waleschkowski,,eag.a,gha-ghig,HAMILTON,MT,fjiea.a,M,N,baaaa.a,,a.a,diaa.a,a.a
,Lichnewsky,M,,,TUCSON,AZ,ifhdb.a,S,Y,,e.bb,,a.a,cdaa.a
Yeow,Cakic,F,,bah-gbag,PORTSMOUTH,NH,diad.a,,N,baaaa.a,,,a.a,
,Dharanipragada,F,,gij-egji,,NY,bbccd.a,S,,faaaa.a,,,a.a,
Nacer,Bullock,M,,dhb-jgci,,RI,cidh.a,M,,gaaaa.a,,a.a,a.a,
Hideko,Wender,,hgd.a,fja-heef,MINNEAPOLIS,MN,ffecb.a,,N,faaaa.a,,a.a,ggaa.a,a.a
Xiaohu,Jansen,,,fea-hdcb,,SD,fhehj.a,M,,,,a.a,a.a,a.a
Gennady,Langi,F,,dda-cdii,QUAKERTOWN,NJ,iigi.a,,Y,,b.ffhhaid,,a.a,
Zesheng,Rollinson,M,,bad-ehda,AUBURNDALE,MA,cegg.a,S,N,efaaa.a,f.d,,a.a,
,Poujoulat,,,hbg-edbg,WALTON,NE,giegb.a,S,Y,dfaaa.a,g.ie,,a.a,bad.a
,Moghrabi,,eag.a,jbf-iceh,FLOWEREE,MT,fjeea.a,M,Y,,,a.a,diaa.a,bjaa.a
Yehuda,Barthelemy,,eag.a,fhe-fjej,BIG TIMBER,MT,fjabb.a,M,Y,ffaaa.a,,a.a,diaa.a,bjaa.a
Shaul,Ohtsu,,,fde-cbfg,JESUP,,dbfeg.a,,Y,gfaaa.a,g.a,,a.a,daaa.a
Jinyan,Regin,,hag.a,chh-fdag,BARTOW,,daebd.a,M,Y,gaaaa.a,,a.a,feaa.a,daaa.a
Traytcho,Abramov,,gag.a,dad-dijf,EZEL,,ebecf.a,M,N,baaaa.a,,a.a,ea.a,a.a
Shaker,Salvesen,,ebe.a,gcc-hbgj,,WI,fdjdj.a,M,Y,iaaaa.a,,a.a,beaa.a,eaa.a
,Dssouli,F,edf.a,,,UT,iehci.a,M,,efaaa.a,,a.a,ejfa.a,a.a
Namhee,Tretkoff,,,bjh-fdhi,ERIE,ND,fiacj.a,S,Y,iaaaa.a,c.gidaj,,a.a,ddaa.a
Bitan,Comyn,F,,jec-hcbd,,PR,,S,,jfaaa.a,,,a.a,
Shin,Schnabel,F,,,EHRENBERG,AZ,ifdde.a,S,Y,cfaaa.a,d.bacf,,a.a,cdaa.a
Tooru,Narendra,F,,bdg-hcfb,WASHINGTON,,cafhi.a,S,Y,,j.a,,a.a,
Siddhartha,Forouraghi,,hae.a,cje-cghc,CHARLOTTE,,cicai.a,M,N,eaaaa.a,,a.a,ggaa.a,
Rutger,Plessier,,cde.a,gcb-bgfc,TOLEDO,,edgad.a,M,,gaaaa.a,,a.a,cgaa.a,bdaa.a
Sunghyun,Vaananen,F,,edc-eehg,LITTLE ROCK,AR,hccbc.a,,N,efaaa.a,h.a,,a.a,a.a
,Pineo,M,cah.a,jcd-ggjf,CARATUNK,ME,ejcf.a,M,Y,cfaaa.a,,a.a,fhaa.a,
Zvezdan,Bina,F,iai.a,,PRINCEVILLE,HI,jghcc.a,,N,baaaa.a,,a.a,caia.a,a.a
,Stenstrom,F,,idf-fffj,PHILADELPHIA,,,,,jfaaa.a,,a.a,a.a,
Leliane,Abeysinghe,,dae.a,cbf-hdgb,WALLBACK,,cfcif.a,M,N,haaaa.a,,a.a,eaaa.a,
,Brazell,M,,,GREELEY,CO,iagde.a,M,Y,eaaaa.a,,a.a,a.a,a.a
Jiri,Wilk,M,,fbf-fjic,WASHINGTON,,caaff.a,S,Y,caaaa.a,g.hf,,a.a,
,Epstein,F,dbi.a,ihc-jiih,SPRINGHILL,LA,hbahf.a,,N,faaaa.a,,a.a,jaaa.a,a.a
Shinichi,Harbison,,,gec-cccb,MC KEE,,eaeeh.a,,Y,,d.f,,a.a,ca.a
Juanito,Landvogt,M,,,,WA,jidhg.a,S,,,,,a.a,a.a
Eija,Anselstetter,,ibc.a,cfj-ifch,ROSSVILLE,,egagf.a,,Y,gaaaa.a,,a.a,caaa.a,baaa.a
Arendse,Vayngrib,,hea.a,jef-dijg,CAMERON,,edjbe.a,M,,hfaaa.a,,a.a,cgaa.a,a.a
Nechama,Vauttier,F,dac.a,jie-dcjc,SAINT GEORGES,,,,Y,baaaaa.a,,a.a,cca.a,
Abdechahid,Brlek,,daj.a,chj-eijj,METCALF,IL,gbjea.a,,Y,faaa.a,,a.a,eaaa.a,caaa.a
Tokinori,Esposito,M,ici.a,egj-bfgh,PINETOWN,,,,Y,baaaaa.a,,a.a,ggaa.a,
Suzanne,Amo,F,,,,UT,iefdg.a,S,,faaa.a,h.a,,a.a,a.a
Fadila,Huthnance,M,,,HONOLULU,HI,jgicd.a,S,Y,,i.cf,,a.a,baea.a
Jeroen,Beshers,F,dbe.a,bdd-iaaj,KANSAS CITY,MO,,,N,jfaaa.a,,a.a,ecaa.a,a.a
Noach,Slahor,M,,dhj-jbgc,ANNAPOLIS,,cbeaj.a,S,Y,caaaa.a,e.hf,,a.a,
Santanu,Yamashita,M,,cjh-ddgj,PERRY,MI,,,Y,jfaaa.a,d.j,,a.a,dbaa.a
,Rask,M,,,,WA,jjddi.a,M,,faaa.a,,a.a,a.a,a.a
,Wenban,,gfb.a,iee-cedd,STRANDQUIST,MN,fghfi.a,,N,caaaa.a,,a.a,ggaa.a,a.a
Naraig,Yoccoz,M,faf.a,,,NM,iiaad.a,M,,ffaaa.a,,a.a,ggaa.a,a.a
Rockford,Losee,M,,,,NV,ijeeh.a,S,,,,,a.a,a.a
Elisa,Sweller,M,,beg-cbfd,MITTIE,LA,hagfe.a,,N,ffaaa.a,g.a,,a.a,a.a
Barbora,Handke,M,,cag-hijd,ALEXANDRIA,LA,hbdah.a,S,N,,e.e,,a.a,a.a
Tamra,Thielscher,M,,,MOJAVE,CA,jdfab.a,,N,faaaa.a,j.d,,a.a,a.a
,Beylin,F,iha.a,hfc-ihcg,WINSLOW,AR,,M,N,jaaaa.a,,a.a,ea.a,a.a
Adina,Paludetto,F,,cjb-fbbe,MONTICELLO,AR,hbgfg.a,,Y,bfaaa.a,d.hhdadh,,a.a,ca.a
,Janowski,M,,icj-cacf,HADDAM,CT,gedi.a,S,Y,,f.a,,a.a,
Kimio,Gardarin,,,ech-dgfe,ROSEVILLE,IL,gbehd.a,,Y,caaaa.a,d.a,,a.a,caaa.a
Masatsugu,Quiles,M,,,,WA,jjddh.a,S,,ffaaa.a,,,a.a,a.a
,Vasconcelos,M,,iif-bcda,,RI,cice.a,M,,faaa.a,,a.a,a.a,
,Steinauer,,,heb-baee,MORRIS CHAPEL,,didgb.a,,,iaaaa.a,,,a.a,a.a
Sushil,Viele,M,iei.a,gab-iebj,TOTOWA,NJ,,M,Y,ifaaa.a,,a.a,caaa.a,
Nawaaz,Bergamini,,cbj.a,fhc-bagb,PERSHING,IN,ehdha.a,,Y,hfaaa.a,,a.a,caaa.a,baaa.a
Felisa,Coggins,,hgj.a,dej-ejeb,SAUCIER,,djfhe.a,,Y,dfaaa.a,,a.a,bcaaa.a,bfaa.a
Yannik,Howkins,F,,bab-dfjc,NOBLE,LA,hbegc.a,,Y,,g.a,,a.a,baaa.a
Bharathi,Middeldorp,M,,jia-fhhd,BOXBOROUGH,MA,bhbj.a,S,N,,f.d,,a.a,
Csaba,Galdes,,eea.a,gcj-hbdi,AKRON,,eedbc.a,M,,faaaa.a,,a.a,cgaa.a,bdaa.a
Katarina,Barnhill,F,ffb.a,fii-eieh,,NJ,hfbe.a,M,Y,hfaaa.a,,a.a,caaa.a,
Zhang,Stiliadis,F,iga.a,cjb-dhbd,NORTHFIELD,CT,,,Y,jfaaa.a,,a.a,cefaa.a,
Pawan,Petry,F,,eej-gdja,,RI,ciii.a,S,,baaaa.a,,,a.a,
,Brockmeyer,M,idb.a,,DALY CITY,CA,jeabg.a,M,Y,faaaa.a,,a.a,bhe.a,chc.a
Tomi,Macskassy,,,cdg-bjbi,LAURIE,MO,gfadi.a,,N,,g.a,,a.a,a.a
,Kolaitis,M,,icc-eaaj,NEPTUNE,NJ,hhfd.a,,N,,b.e,,a.a,
Prakash,Beydoun,M,,eih-hafd,,OR,,S,,jaaaa.a,j.a,,a.a,a.a
Lijing,Herlihy,M,iga.a,gcg-jbjh,NEW HAVEN,CT,gfda.a,,N,,,a.a,cefaa.a,
Yoshifumi,Talmon,F,,baa-ifjc,TOPSHAM,ME,,S,N,ifaaa.a,i.f,,a.a,
Ngoc,Hiyoshi,,dae.a,bic-iggf,THORPE,,ceiii.a,M,Y,,,a.a,eaaa.a,
,Borgstrom,,dde.a,gii-ceig,MONTEVALLO,,dfbbf.a,,Y,eaaaa.a,,a.a,daaa.a,daa.a
Hrishikesh,Giacomo,,,dgh-ebgh,,SD,fhede.a,M,,eaaaa.a,,a.a,a.a,a.a
,Farrens,F,,,SCOTTSDALE,AZ,ifcfa.a,,Y,haaaa.a,d.i,,a.a,cdaa.a
Constantine,Filipponi,,cga.a,jfi-gabf,WESTVILLE,,egdjb.a,M,Y,eaaaa.a,,a.a,caaa.a,baaa.a
Sumeer,Lisonek,F,,,,WA,jjadc.a,M,,,,a.a,a.a,a.a
,Waldschmidt,M,dae.a,ibc-ifaa,AUBURN,,,M,Y,ifaaa.a,,a.a,eaaa.a,
Quang,Antonisse,F,,fef-dbaf,ILIAMNA,AK,,S,N,baaaaa.a,,,a.a,a.a
Shigetaka,Kruiskamp,,,ddc-cggf,ENNIS,MT,fjhcj.a,S,N,,g.j,,a.a,a.a
Errol,Sramek,F,fca.a,,PARADISE VALLEY,AZ,ifcfd.a,,Y,gaaaa.a,,a.a,ecaa.a,cdaa.a
Xingwei,Tanskanen,F,,gai-dgae,ROCHESTER,NH,digg.a,,N,gaaaa.a,,a.a,a.a,
,Loganantharaj,F,fea.a,jbg-gabc,COLONIAL BEACH,,cceed.a,M,,,,a.a,biaa.a,
Reriel,Nozaki,F,iac.a,eec-bccj,,VT,fgca.a,M,,,,a.a,ggaa.a,
,Raffaeta,F,iai.a,jac-djii,NAALEHU,HI,,,N,ifaaa.a,,a.a,caia.a,a.a
Anand,Perly,M,,gca-iacc,NORTH VERSAILLES,,bfbdh.a,,,bfaaa.a,,a.a,a.a,
Mihal,Weisert,M,,,,NM,ihacd.a,S,,cfaaa.a,f.d,,a.a,a.a
,Stuckle,F,,,,WY,ichbf.a,S,Y,caaaa.a,,,a.a,a.a
Hidetsugu,Lung,,ibc.a,gdj-daef,MONTICELLO,IN,ehjga.a,,Y,,,a.a,caaa.a,baaa.a
Dudley,Klupsz,F,,jdj-ihdg,MIDDLETOWN,,bjhaj.a,,Y,,f.jf,,a.a,
,Ventura,M,,,,WY,ichbg.a,M,Y,bfaaa.a,,a.a,a.a,a.a
,Murdock,,cbg.a,ihj-jbhd,COLUMBUS,,edcaj.a,M,,,,a.a,cgaa.a,bdaa.a
Yasusuke,Chaturvedi,M,,,,NM,iiecc.a,S,,gfaaa.a,f.d,,a.a,a.a
Shue,Emmert,,,dhg-fhhb,MCCOMB,,djgei.a,,N,gaaaa.a,f.a,,a.a,a.a
Yukio,Klevans,,dae.a,faf-gjad,LE ROY,,cfcfc.a,,Y,,,a.a,eaaa.a,
,Woerkom,F,faf.a,ife-hfjc,,NM,,M,Y,baaaaa.a,,a.a,ggaa.a,ddaa.a
,Dragt,M,,,BERKELEY,CA,jehca.a,S,N,haaaa.a,j.d,,a.a,a.a
Sven,Bordawekar,F,,,,TX,hhejd.a,S,,faaaa.a,,,a.a,a.a
Songjie,Goodenday,F,eba.a,cha-gibb,UNION BRIDGE,,cbhjb.a,M,Y,iaaaa.a,,a.a,eiaa.a,
Lov,Swenker,,,dbd-hjac,HENRICO,,cdcec.a,S,,baaaa.a,d.ihf,,a.a,
,Nagafuji,,cfc.a,ggc-jfic,CREEDMOOR,,chfcc.a,M,N,,,a.a,ggaa.a,
Hiroyuki,Grobel,,,dfc-fdfg,MORGANTOWN,,cgfag.a,,Y,faaaa.a,f.i,,a.a,
Xiaocong,Kirtane,,ifj.a,eib-dcgd,ELIZABETHTOWN,,echab.a,M,Y,,,a.a,ea.a,ca.a
Gaetano,Sabbagh,,,gdj-hjhc,FAIRLAND,,egbcg.a,S,N,caaaa.a,d.e,,a.a,a.a
Shan,Glanzel,M,cai.a,,TETON,ID,idefb.a,M,N,bfaaa.a,,a.a,ggaa.a,a.a
Bredan,Skatulla,F,,,FORT COLLINS,CO,iafcg.a,S,Y,gaaaa.a,,,a.a,a.a
Hoong,Kawagoe,,ied.a,fbd-cbic,KINARDS,,cjdff.a,,,,,a.a,ggaa.a,ddaa.a
Partick,Miles,,,eja-hcji,HUNTSVILLE,,dfiaj.a,S,N,,f.a,,a.a,a.a
Gugjon,Dahl,M,dac.a,jfe-icjd,FENWICK ISLAND,,bjjee.a,M,Y,caaaa.a,,a.a,cca.a,
Yoshizumi,Loewenstein,M,cah.a,ffc-hffe,MATTAWAMKEAG,ME,eefj.a,,N,,,a.a,fhaa.a,
Ramsey,Domajnko,,,gab-fede,SEYMOUR,IA,fcfja.a,,N,baaaa.a,b.hahihdh,,a.a,a.a
,Tuecke,,,ijh-jbcb,CRENSHAW,,digcb.a,S,N,eaaaa.a,f.a,,a.a,a.a
Gro,Thoresen,,,fed-fiie,RANGER,,dahde.a,,Y,daaaa.a,g.a,,a.a,daaa.a
Christi,Campagnoni,M,,fdi-hefe,HUNTLAND,,,S,,jaaaa.a,,,a.a,a.a
Guijun,Arnette,F,gab.a,bjb-ceac,SARAH,,,,Y,ifaaa.a,,a.a,bcaaa.a,bfaa.a
,Weydert,,gab.a,ggg-cbca,BURNSVILLE,,diidd.a,M,Y,gfaaa.a,,a.a,bcaaa.a,bfaa.a
,Theel,F,,hbd-jdic,,RI,cijc.a,S,,ffaaa.a,,,a.a,
,Abdat,,,hfg-hdig,UNION CITY,,dicgb.a,S,,dfaaa.a,,,a.a,a.a
,Kuiper,,,jca-bjej,DELRAY BEACH,,ddeef.a,M,N,,,a.a,a.a,a.a
,Wyckoff,,cgc.a,jai-dbci,,WI,feaaf.a,M,N,efaaa.a,,a.a,beaa.a,a.a
,VanScheik,F,cab.a,iee-hdhf,AUGUSTA,NJ,hicc.a,M,Y,daaaa.a,,a.a,caaa.a,
Ikuo,Brookner,M,,cbb-gjdd,PITTSFIELD,NH,dcgd.a,,N,gfaaa.a,,,a.a,
Talia,Seung,,,fij-bgbe,HIGGINSPORT,,efbdb.a,S,,haaaa.a,c.igjgggg,,a.a,bdaa.a
Yiya,Fuhrman,,,bfh-gffg,,SD,fhcff.a,S,,daaaa.a,,,a.a,a.a
,Laurinolli,M,,hbd-jhbb,,RI,cibf.a,S,,,,,a.a,
Gen,Rappoport,,,ddi-fhhb,VERNON HILLS,IL,gaagb.a,S,N,haaaa.a,d.a,,a.a,a.a
,Hassin,M,,,,WY,icafe.a,M,N,,,a.a,a.a,a.a
,Wesley,M,iaf.a,,LA JOLLA,CA,jcajc.a,,N,faaaa.a,,a.a,bhe.a,a.a
,Bronne,M,iai.a,iei-caha,MILILANI,HI,,,N,ifaaa.a,,a.a,caia.a,a.a
Iabelle,Sambasivam,F,,dha-gcgj,CHERRY HILL,NJ,iaad.a,S,N,iaaaa.a,c.degcf,,a.a,
Ciprian,Siems,M,dac.a,cdc-jahg,DOVER,,bjjaf.a,M,N,bfaaa.a,,a.a,cca.a,
Yigal,Conti,M,,,KAPOLEI,HI,jghaj.a,,N,iaaaa.a,i.cf,,a.a,a.a
Shunji,Shimasaki,M,dac.a,chh-dcjc,LEWES,,,,Y,jfaaa.a,,a.a,cca.a,
Bir,Kerchoff,,,eij-bbgi,VALLEY CITY,,eecia.a,S,,,c.fdhhbi,,a.a,a.a
Henke,Lafora,F,,,,WA,jjdcc.a,S,Y,,,,a.a,a.a
,McAllester,F,,,HAWAIIAN GARDENS,CA,jahbg.a,S,N,,b.a,,a.a,a.a
Saumya,Welker,,,fga-eicj,COFFEEVILLE,,dijcc.a,S,N,gaaaa.a,f.a,,a.a,a.a
,Feigelson,F,,ibd-hdha,WASHINGTON,,,S,N,jfaaa.a,j.a,,a.a,
Vijayaraghavan,Veeraraghavan,F,,,,TX,hieae.a,S,,gfaaa.a,,,a.a,a.a
,Khatri,,fhd.a,hif-iiaf,NEW LONDON,MO,gdefj.a,,Y,,,a.a,ecaa.a,bcaa.a
Fethi,Standera,,,bab-dibh,GEORGIANA,,dgadd.a,S,Y,faaaa.a,f.a,,a.a,daa.a
Randi,Favero,M,,,MESA,CO,ibged.a,,Y,faaaa.a,,,a.a,a.a
Helnye,Cucka,,fah.a,fej-geda,WATERVILLE,MN,fgajg.a,M,N,hfaaa.a,,a.a,ggaa.a,a.a
,Baldoni,F,,,,TX,hhjaf.a,M,,dfaaa.a,,a.a,a.a,a.a
,Deemter,,,ice-gacj,DAYTONA BEACH,,dcbbe.a,S,Y,gaaaa.a,,,a.a,a.a
Niclas,Jungen,F,,,HANALEI,HI,jghbe.a,S,N,,i.cf,,a.a,a.a
,Weston,F,,,LOS ANGELES,CA,jaahj.a,,Y,gaaaa.a,j.d,,a.a,chc.a
,Dowden,M,,jaa-ebff,NEW WASHINGTON,,,,,jaaaa.a,d.fddfge,,a.a,bdaa.a
Vidya,Weistroffer,,gbc.a,dhh-egag,DETROIT LAKES,MN,fgfac.a,M,N,bfaaa.a,,a.a,ggaa.a,a.a
Rei,Rayne,,,fii-fhjh,LANSFORD,ND,fihfa.a,,Y,eaaaa.a,c.cbjeaac,,a.a,ddaa.a
,Chitil,,,gjj-eeba,LOUISVILLE,,eachc.a,,Y,hfaaa.a,g.a,,a.a,ca.a
Hyungjeong,Landvogt,F,,,DENVER,CO,iacaf.a,M,Y,,,a.a,a.a,a.a
Qin,Leunen,F,,gbg-jiig,FITCHBURG,MA,beca.a,S,N,,f.d,,a.a,
Barinderpal,Kirani,,,gaj-jfjd,KENNESAW,,dabee.a,,N,,g.a,,a.a,a.a
Krystyna,Ishai,F,,,MEDIMONT,ID,idiec.a,,Y,,h.i,,a.a,ddaa.a
Djelloul,Iida,,,eab-eeag,,WI,fefcg.a,S,N,,f.ccicif,,a.a,a.a
Atsuo,Gaubert,,,gbj-fbed,MC DANIELS,,eabfc.a,,Y,iaaaa.a,g.a,,a.a,ca.a
Dhaval,Littlefield,,dai.a,cbd-gbjc,DUNCAN,NE,gigde.a,M,Y,,,a.a,cag.a,bad.a
Pandu,Martella,,,ehe-gbed,GOODLAND,IN,ehjei.a,S,Y,,d.e,,a.a,baaa.a
,Swist,M,,ghc-dfge,,OK,,S,,baaaaa.a,g.cf,,a.a,baaa.a
Andra,Bayraktar,F,,bjc-chgf,WASHINGTON,,cadbe.a,S,N,efaaa.a,j.a,,a.a,
,Shippy,,,jcf-jibh,ANDERSON,,cjgcb.a,S,,caaaa.a,h.a,,a.a,ddaa.a
Barton,Brodner,M,,fbh-jdgg,BARNSTEAD,NH,dcbi.a,M,Y,caaaa.a,,a.a,a.a,
Kiyoharu,Barkley,,dca.a,dff-ebhf,MILAN,MN,fgcgc.a,,N,dfaaa.a,,a.a,ggaa.a,a.a
,Cassel,F,jif.a,jbj-fbhd,OAK RIDGE,LA,hbcge.a,,Y,caaaa.a,,a.a,jaaa.a,baaa.a
Moni,Spuler,F,,cdf-haga,,SD,,M,,jaaaa.a,,a.a,a.a,a.a
,Kading,F,,hef-jcff,,RI,cibi.a,S,,,,,a.a,
Sreenivas,Conheeney,M,jbc.a,bhf-feej,COHUTTA,,,M,N,jfaaa.a,,a.a,feaa.a,a.a
Layman,Bhuyan,,ibg.a,egc-hbjj,JOPLIN,MO,geiab.a,,Y,ffaaa.a,,a.a,ecaa.a,bcaa.a
Bir,Gradek,F,,bbb-haad,NORTH TONAWANDA,,bebca.a,,,hfaaa.a,,a.a,a.a,
Oksana,Vanherpe,F,,,,NV,ijiac.a,S,,faaa.a,,,a.a,a.a
Ganesan,Budimac,,,dji-ggfa,CHESTER,IL,gccdd.a,S,N,haaaa.a,d.a,,a.a,a.a
Morgan,Pietra,M,cai.a,,SWAN VALLEY,ID,ideej.a,M,Y,gaaaa.a,,a.a,ggaa.a,ddaa.a
Xianlong,Uehara,F,jhd.a,fah-ijcj,FAIRTON,NJ,,M,N,ifaaa.a,,a.a,caaa.a,
,Kahale,F,faf.a,,,NM,ihbbh.a,M,,,,a.a,ggaa.a,ddaa.a
Gaetano,Candan,,jag.a,bbj-eaig,ARGYLE,MI,eieba.a,M,N,faaa.a,,a.a,gcaa.a,a.a
Meenakshi,Pedrotti,,,dge-dacc,MISSOULA,MT,fjiab.a,,N,faaa.a,c.dhdchfi,,a.a,a.a
,Gomatam,M,,,LAHAINA,HI,jghgh.a,,N,baaaa.a,c.iecbafe,,a.a,a.a
Yoneo,Flank,,jbd.a,cch-gjjb,LEON,KS,ghahe.a,,N,efaaa.a,,a.a,efaa.a,a.a
Mahadev,Papadias,M,,,,WA,jicga.a,M,,efaaa.a,,a.a,a.a,a.a
,Wenban,M,cah.a,haf-cdeh,STRATTON,ME,ejic.a,,N,gfaaa.a,,a.a,fhaa.a,
,Pinkston,,,ghe-cgjj,GARNETT,,cjjcc.a,S,,caaaa.a,h.a,,a.a,ddaa.a
Topher,Etoh,M,dac.a,fdd-ggfb,NEWARK,,,,Y,iaaaa.a,,a.a,cca.a,
Teageun,Nourani,F,cah.a,dae-jcej,SABATTUS,ME,ecia.a,,Y,,,a.a,fhaa.a,
Samira,Schmill,,fac.a,bid-iahd,MURRAY,,ecahb.a,,N,haaaa.a,,a.a,ea.a,a.a
Edin,Dangedej,M,,,,WY,icedb.a,S,N,faaa.a,,,a.a,a.a
,Rebaine,F,,hca-beff,LAIE,HI,,,Y,jfaaa.a,i.cf,,a.a,baea.a
,Oelmann,,fbd.a,hha-bigh,EAST SPRINGFIELD,,edjcf.a,M,,efaaa.a,,a.a,cgaa.a,a.a
,Sreerama,F,,,,OR,jhdjc.a,S,,caaaa.a,j.a,,a.a,bfj.a
Iwao,Pimm,F,,fje-bffg,LAKE VILLAGE,AR,hbgfd.a,,N,haaaa.a,h.a,,a.a,a.a
Majid,Ackley,F,,gaf-djfd,COLORADO SPRINGS,CO,,S,Y,iaaaa.a,,,a.a,a.a
,Lahner,M,,jbe-bdig,,NY,bafhj.a,S,,,,,a.a,
Qiwen,Rengarajan,M,,,,WY,icjdg.a,S,N,eaaaa.a,,,a.a,a.a
,Luby,F,,,,WA,jjade.a,S,,,,,a.a,a.a
,Beyers,,,hac-jjie,HOYTVILLE,,edfcj.a,S,,eaaaa.a,b.ihdicaf,,a.a,a.a
Julian,Apperley,M,,fhd-cjjc,,PR,jcj.a,M,,faaaa.a,,a.a,a.a,
Jianhua,Zodik,F,,jec-hacg,,NM,,S,N,jfaaa.a,f.d,,a.a,a.a
Serhan,Lovett,M,iga.a,ddb-bddg,TRUMBULL,CT,ggbb.a,M,N,,,a.a,cefaa.a,
Jiyu,Vrckovnik,F,,cia-fabg,,RI,,M,,jfaaa.a,,a.a,a.a,
Ruddy,Heiner,M,fad.a,,,OR,jhaga.a,M,,,,a.a,dbi.a,bfj.a
Hakjong,Cui,,,fja-eebj,TOPEKA,KS,gggdh.a,S,N,eaaaa.a,g.ef,,a.a,a.a
,Dustdar,M,,hdf-hcib,HOONAH,AK,,S,Y,ifaaa.a,,,a.a,a.a
Iordana,Baumker,M,,,BIG LAKE,AK,jjgfc.a,S,N,faaa.a,,,a.a,a.a
Neelam,Kawagoe,M,,def-jdjf,GREENWAY,AR,hceda.a,S,Y,,e.jgicaid,,a.a,ca.a
,Ciardo,,cei.a,hif-iadd,DEARBORN,MI,eibca.a,M,Y,hfaaa.a,,a.a,gcaa.a,dbaa.a
,Rijckaert,,,hbg-ddhh,MARYVILLE,,dhiad.a,,,faaaa.a,,,a.a,a.a
Sajid,Rajkumar,F,iai.a,jhj-hjjd,HONOLULU,HI,,M,N,ifaaa.a,,a.a,caia.a,a.a
Sreenath,Krablin,M,,eff-gbcj,,PR,jai.a,M,,,,a.a,a.a,
,Lindberg,,,hdf-dbhf,FORT WAYNE,,egifi.a,S,Y,,d.e,,a.a,baaa.a
Kwangsub,Pequeno,M,fad.a,,,OR,jhaci.a,M,,daaaa.a,,a.a,dbi.a,a.a
Idoia,Sauder,F,dfb.a,dee-bgbg,WINCHENDON SPRINGS,MA,behh.a,M,Y,bfaaa.a,,a.a,hbfa.a,
Liliana,Kochskamper,M,faf.a,,,NM,iicbd.a,M,Y,,,a.a,ggaa.a,ddaa.a
Vaagan,Herlea,,,dab-dbij,REMUS,MI,ejdea.a,,Y,,d.j,,a.a,dbaa.a
Alexius,Nassif,F,,ddd-beig,HARTFORD,CT,gbhg.a,S,N,,f.a,,a.a,
Romas,Sandoe,,,gba-bdcj,DOWELL,IL,gcjch.a,S,Y,baaaa.a,d.a,,a.a,caaa.a
,Serbanati,M,,,,WY,icidh.a,M,N,iaaaa.a,,a.a,a.a,a.a
Dayun,Gihr,,,bab-jdja,ATLANTA,,dbbca.a,S,Y,baaaa.a,g.a,,a.a,daaa.a
Magy,Lobelle,M,,bfc-ieih,LONG PINE,NE,gjcbh.a,,N,,g.ie,,a.a,a.a
,Reutov,F,,iea-gdfa,WASHINGTON,,cacea.a,S,Y,bfaaa.a,f.gcf,,a.a,
,Fadgyas,F,hif.a,hah-hecj,TAMPA,KS,,M,Y,ifaaa.a,,a.a,efaa.a,ccfa.a
Kokichi,Jumpertz,F,,gfh-igcg,WASHINGTON,,caaea.a,S,Y,,j.a,,a.a,
Navdeep,Heinle,,,eea-hfef,MEMPHIS,,dibii.a,,,,,a.a,a.a,a.a
,Simutis,M,jca.a,hdc-badg,,WI,,M,Y,baaaaa.a,,a.a,beaa.a,eaa.a
Inbal,Monderer,,,cge-hgag,POINTS,,cfedh.a,,Y,,f.baaaaae,,a.a,
Wissal,Katsaggelos,F,,caf-dgdf,TUCKERTON,NJ,iaih.a,S,N,,c.degcf,,a.a,
,Cochrane,F,cac.a,ihb-icda,WASHINGTON,,caccg.a,M,Y,hfaaa.a,,a.a,chea.a,
Dayanand,Ilie,M,,,,WY,iccab.a,M,Y,,,a.a,a.a,a.a
Ramaswami,Cox,F,fad.a,,,OR,jhedb.a,M,,baaaa.a,,a.a,dbi.a,bfj.a
Laurie,Usas,,,fef-icjd,TOCCOPOLA,,diihe.a,S,Y,eaaaa.a,f.a,,a.a,bfaa.a
Liuba,Miculan,F,,,DUPONT,CO,iaace.a,S,N,,,,a.a,a.a
,Sanabria,F,cac.a,igj-ehfa,WASHINGTON,,caabd.a,M,Y,gfaaa.a,,a.a,chea.a,
Fedor,Mackey,M,iai.a,,KAUNAKAKAI,HI,jghei.a,,N,,,a.a,caia.a,a.a
,Lafond,,jia.a,jag-ejja,BARNARDSVILLE,,cihaj.a,M,Y,,,a.a,ggaa.a,
LiWu,Brownfield,M,iai.a,ffi-deic,EWA BEACH,HI,,M,N,jaaaa.a,,a.a,caia.a,a.a
,Clo,M,,hdd-ejbg,,RI,ciah.a,S,,gaaaa.a,,,a.a,
Magid,Calisti,F,,cgg-hbfc,SUGAR HILL,NH,,,N,baaaaa.a,,a.a,a.a,
Eran,Schappert,,eag.a,fdg-ejjh,CARDWELL,MT,fjhcb.a,M,Y,gaaaa.a,,a.a,diaa.a,bjaa.a
,Anson,M,,jbe-jgab,DERRY,NH,,M,N,baaaaa.a,,a.a,a.a,
Grigore,Prieditis,F,,,CHEFORNAK,AK,jjfgb.a,M,Y,gfaaa.a,,a.a,a.a,a.a
,Ghelli,F,dbi.a,haj-hgdg,KELLY,LA,,,N,ifaaa.a,,a.a,jaaa.a,a.a
Juzhen,Sssuwa,,eag.a,ehi-dehd,CAMERON,MT,fjhca.a,M,N,faaaa.a,,a.a,diaa.a,a.a
Seiichi,Chi,,,dga-deje,ARCOLA,,dihcc.a,S,N,eaaaa.a,f.a,,a.a,a.a
Soheil,Lakhani,M,,,,NV,ijbhi.a,M,,,,a.a,a.a,a.a
Nayyer,Baur,,ige.a,dai-cigj,GROVER,,cjeeh.a,M,,faaaa.a,,a.a,ggaa.a,ddaa.a
Wilburt,Syrzycki,,cga.a,ddc-ghbb,TOPEKA,,egfhb.a,M,Y,efaaa.a,,a.a,caaa.a,baaa.a
Edwina,Glockner,,cei.a,fbg-hjhj,GRAND BLANC,MI,eiedj.a,M,N,haaaa.a,,a.a,gcaa.a,a.a
Neli,Lanin,M,ifh.a,gdf-fhid,SUTTON,MA,bfja.a,M,N,,,a.a,hbfa.a,
,Widera,F,cai.a,gjh-hgif,MERIDIAN,ID,,,Y,jaaaa.a,,a.a,ggaa.a,ddaa.a
Matrina,Hartroth,F,,,,WA,jifii.a,S,N,,,,a.a,a.a
,Carrigan,F,,gih-caaf,SOUTH SAN FRANCISCO,CA,,,N,baaaaa.a,j.d,,a.a,a.a
Imsong,Eves,F,,,PHOENIX,AZ,iface.a,,Y,caaaa.a,d.acejjjj,,a.a,cdaa.a
Atsuo,Badr,,ifj.a,dhg-bhja,MAPLE MOUNT,,ecdfg.a,,N,bfaaa.a,,a.a,ea.a,a.a
,Blu,M,dab.a,ihc-cibh,CRAPO,,cbgcg.a,M,Y,cfaaa.a,,a.a,eiaa.a,
Dines,Jurdjevic,F,faf.a,,,NM,ihfba.a,M,N,,,a.a,ggaa.a,a.a
Olac,Agarawala,,ggc.a,cec-ihbe,CHUNKY,,djdcd.a,M,N,eaaaa.a,,a.a,bcaaa.a,a.a
Monia,Maciel,F,,dbd-hfii,ORVISTON,,bgige.a,,,,,a.a,a.a,
Husam,Bergsten,M,jhd.a,bbf-cbbh,ASBURY,NJ,iiac.a,M,N,cfaaa.a,,a.a,caaa.a,
,Charissis,,,ijj-ibhd,SANFORD,,dchhd.a,,N,faaa.a,,,a.a,a.a
Kerttu,Seidmann,F,,chc-gadi,,VT,fggg.a,S,,baaaa.a,d.g,,a.a,
Athomas,Bear,M,dac.a,cgg-bbji,WILMINGTON,,bjiad.a,M,N,dfaaa.a,,a.a,cca.a,
,Maguire,F,jbi.a,hgd-dgjg,,OK,hdfca.a,M,,,,a.a,caaa.a,a.a
Achim,Pino,M,,,LAKE GEORGE,CO,iaich.a,,N,hfaaa.a,,,a.a,a.a
Geunbae,Seredynski,F,,jja-ihad,WIND GAP,,,M,,iaaaa.a,,a.a,a.a,
,Ravindranathan,,,iai-jbbg,SLAYDEN,,dhbgf.a,,,hfaaa.a,,a.a,a.a,a.a
Rimli,Favero,F,,,LEVELOCK,AK,jjgcf.a,,N,bfaaa.a,,,a.a,a.a
,Stroet,,gaf.a,hjj-iggh,,SD,fhhdh.a,M,,ffaaa.a,,a.a,a.a,a.a
Flemming,Murro,F,gfa.a,,BERKELEY,CA,jehaf.a,M,N,,,a.a,bhe.a,a.a
Barbee,Pollermann,,dca.a,gbj-fhab,CAMBRIDGE,MN,ffaai.a,M,N,faaa.a,,a.a,ggaa.a,a.a
Carles,Ouchi,M,deh.a,jeg-jffc,MECKLENBURG,,beigd.a,,,cfaaa.a,,,a.a,
Jermy,Pezzoli,,hai.a,gfd-bcjh,MOWEAQUA,IL,gcffa.a,,N,faaaa.a,d.a,,a.a,a.a
Pramode,Parnes,F,fea.a,ccb-cdid,ALEXANDRIA,,ccdae.a,S,,faaa.a,c.fdfhbee,,a.a,
,Taimanov,F,gbc.a,jaa-bfha,CLINTON,MN,,M,Y,jaaaa.a,,a.a,ggaa.a,ddaa.a
,Krauser,,ied.a,hca-jhfd,MOUNT PLEASANT,,cjegf.a,,,,,a.a,ggaa.a,ddaa.a
Sissel,Richter,M,eab.a,jgc-jeig,,RI,cibg.a,M,,gfaaa.a,,a.a,a.a,
Eyeun,Kaelbling,M,faj.a,,,WA,jiabf.a,M,Y,,,a.a,a.a,a.a
,Calvin,M,fad.a,iif-ihha,,OR,,M,,jfaaa.a,,a.a,dbi.a,a.a
,Kadobayashi,,gfb.a,gjd-bafa,HOFFMAN,MN,fgddj.a,S,N,,f.fijfjee,,a.a,a.a
,Pistor,,cci.a,iea-hgia,PINOLA,,djbej.a,,Y,hfaaa.a,f.a,,a.a,bfaa.a
Linda,Decleir,F,eab.a,jgh-fdgc,,RI,cifj.a,S,,efaaa.a,,,a.a,
,Sedobgo,F,jbi.a,jbd-bgbg,,OK,hefgb.a,S,,caaaa.a,g.cf,,a.a,a.a
,Bebjak,,fbf.a,hgd-jcfa,PERSIA,IA,fbfgd.a,,Y,caaaa.a,d.cfbgfch,,a.a,ea.a
Lucien,Brookman,M,gad.a,eei-edea,NEWTON JUNCTION,NH,difj.a,,Y,bfaaa.a,,,a.a,
Gavriela,Rabejac,F,eah.a,fdd-igcf,SARASOTA,,,,Y,baaaaa.a,,,a.a,a.a
Dennis,Balsters,M,hag.a,bii-ibei,SAVANNAH,,,,N,jaaaa.a,g.a,,a.a,a.a
,Olien,M,hac.a,,,NV,ijdbj.a,M,,faaaa.a,,a.a,a.a,a.a
Tilak,Portinale,M,faf.a,,,NM,ihdbh.a,M,,iaaaa.a,,a.a,ggaa.a,a.a
Wilsin,Doucet,,dae.a,dfh-ebba,DELRAY,,cghbe.a,S,Y,haaaa.a,g.f,,a.a,
,Machin,F,iai.a,,HONOLULU,HI,jgich.a,M,N,,,a.a,caia.a,a.a
,Chickermane,F,ifg.a,hha-egec,SUCCASUNNA,NJ,hihg.a,,Y,eaaaa.a,,a.a,caaa.a,
,Gomatam,M,dah.a,,,WY,icgdj.a,M,Y,eaaaa.a,,a.a,a.a,a.a
Barrett,Billard,F,dah.a,,,WY,iccbc.a,S,N,baaaa.a,,,a.a,a.a
Rana,Tomescu,M,hab.a,cgj-cbfg,REGENT,ND,,,Y,baaaaa.a,,a.a,ggaa.a,ddaa.a
,Snedden,,ige.a,jde-jggb,SUMTER,,cjbfa.a,S,,gfaaa.a,h.a,,a.a,a.a
Lutz,Zaimov,M,ida.a,,,TX,hhcdf.a,S,,baaaa.a,,,a.a,a.a
,Pose,F,fhe.a,gid-hdcb,CHARLOTTESVILLE,,,S,Y,jaaaa.a,d.e,,a.a,baaa.a
,Theys,,fhd.a,hfe-ceic,DUTCHTOWN,MO,gdhef.a,S,N,gaaaa.a,g.a,,a.a,a.a
Huu,Yemeni,F,iab.a,,,UT,iefcd.a,S,,faaa.a,h.a,,a.a,cehf.a
Schahram,Pequeno,,daj.a,cge-djjc,CHICAGO,IL,gagea.a,S,N,cfaaa.a,d.a,,a.a,a.a
,Meijer,M,faf.a,,,NM,ihfge.a,M,Y,,,a.a,ggaa.a,ddaa.a
,Krinik,F,dbi.a,jcj-gcfj,SPRINGHILL,LA,hbahf.a,,N,,,a.a,jaaa.a,a.a
,Hibbard,,gaf.a,ieb-hdbf,,SD,fhdif.a,M,,,,a.a,a.a,a.a
Haleh,Higuchi,,cha.a,eed-jfai,SECO,,ebiej.a,,N,,,a.a,ea.a,a.a
Chidanand,Pemmaraju,,cci.a,djh-daef,THAXTON,,diihb.a,S,N,baaaa.a,f.a,,a.a,a.a
Friedbert,Carrico,F,cfd.a,,,WA,jjdcg.a,M,N,caaaa.a,,a.a,a.a,a.a
Jamel,Geraci,F,eab.a,ejf-dieb,,RI,cijc.a,S,,cfaaa.a,,,a.a,
,Postmus,M,ehj.a,ghg-ejhe,RUSSELLVILLE,AR,hcibc.a,,Y,daaaa.a,,a.a,ea.a,ca.a
Hirohisa,Lunbeck,M,iai.a,,VOLCANO,HI,jghif.a,S,N,,i.cf,,a.a,a.a
,Simoni,,eae.a,iag-jebe,WESTON,,dbidc.a,M,Y,iaaaa.a,,a.a,feaa.a,daaa.a
Okan,Weishar,,gaf.a,cah-ijeh,,SD,fhaha.a,S,,cfaaa.a,,,a.a,a.a
Jorrge,Lienert,,cha.a,dbg-hidf,HAMPTON,,ecaeh.a,M,N,,,a.a,ea.a,a.a
Leiming,Masullo,F,jbi.a,cid-cgcc,,OK,hdheg.a,M,,,,a.a,caaa.a,baaa.a
Ismaeil,Frisby,M,jhi.a,cha-ibje,MARION,MA,,,Y,jfaaa.a,,a.a,hbfa.a,
Naoki,Strausfeld,F,hdb.a,eib-ehjh,CHARLOTTE,,,M,,baaaaa.a,,a.a,a.a,a.a
Zsolt,Forcheri,,ebh.a,bjh-gafe,LAREDO,MO,gegfc.a,,Y,haaaa.a,,a.a,ecaa.a,bcaa.a
,Maloney,,jdb.a,ghh-dcie,FAIRVIEW,,dhagc.a,S,,,,,a.a,a.a
,Gramp,M,hhf.a,,,NV,ijica.a,M,,bfaaa.a,,a.a,a.a,a.a
Liuba,Koblitz,,jba.a,ffe-hghf,RALEIGH,,chghf.a,,Y,,,a.a,ggaa.a,
Yeogirl,Rosiles,,jeh.a,fca-figf,STERLING HEIGHTS,MI,eidbe.a,,Y,daaaa.a,,a.a,gcaa.a,dbaa.a
Yoshikane,Purday,,eag.a,gee-gdjh,BUTTE,MT,fjhac.a,S,Y,ffaaa.a,g.j,,a.a,bjaa.a
Venkatavasu,Masullo,,dbg.a,bac-ehgg,ARNOLD,KS,ghfbf.a,M,N,,,a.a,efaa.a,a.a
Roldolf,Csaba,,ied.a,edh-fibf,UNA,,cjdhi.a,M,,cfaaa.a,,a.a,ggaa.a,ddaa.a
Ramarao,Thacker,M,ibe.a,bhj-fija,GROVE CITY,,,S,,jaaaa.a,,,a.a,
,Salmen,,ecd.a,gih-ggfj,LANCASTER,,difgj.a,,,hfaaa.a,,a.a,a.a,a.a
,Schaub,,ied.a,iid-eiaf,CHARLESTON,,cjejc.a,S,,faaa.a,d.fgdhbg,,a.a,ddaa.a
Felipe,Moghrabi,,ibg.a,bef-eadj,PATTONSBURG,MO,gegha.a,,Y,,g.a,,a.a,bcaa.a
,Prampolini,F,jah.a,,GALENA,AK,jjheb.a,M,N,gaaaa.a,,a.a,a.a,a.a
Tadeusz,Nozawa,F,cad.a,fdg-jcgg,GEORGETOWN,CT,gicj.a,S,Y,,f.a,,a.a,
Gerco,Hiroike,,gbc.a,fjb-bceg,LASTRUP,MN,fgdee.a,,N,,,a.a,ggaa.a,a.a
Mahendra,Podkolzin,F,fai.a,cfd-gdgi,LOWELL,MA,bife.a,,N,cfaaa.a,,a.a,hbfa.a,
Tiziana,Rosar,,igf.a,ece-bhed,SLAYDEN,,dhbgf.a,,,dfaaa.a,,,a.a,a.a
Jobst,Kocis,,ggc.a,fib-dgea,COLUMBUS,,djhab.a,M,N,,,a.a,bcaaa.a,a.a
Yuuji,Klosgen,M,jhi.a,die-hbbc,BRIMFIELD,MA,baba.a,M,Y,,,a.a,hbfa.a,
,Canas,M,gad.a,hcg-deif,NASHUA,NH,dagc.a,,Y,eaaaa.a,,a.a,a.a,
Marlis,Isaac,M,hih.a,gfb-iccg,,PR,hcj.a,M,,,,a.a,a.a,
Serban,Carre,,gbc.a,cdd-gdcd,SAINT VINCENT,MN,fghff.a,,Y,gaaaa.a,h.efhcfhd,,a.a,ddaa.a
Elspeth,Vutukuru,M,fab.a,bbb-dcah,NASHVILLE,AR,hbifc.a,,N,ffaaa.a,h.a,,a.a,a.a
Tsunehiko,Giraffa,,cbi.a,fch-deda,TWIN LAKES,MN,fgaij.a,M,Y,ffaaa.a,,a.a,ggaa.a,ddaa.a
Lourdes,Everling,,hha.a,fec-each,SURRENCY,,dbfgd.a,S,Y,gfaaa.a,g.a,,a.a,daaa.a
Aron,Plumer,M,hdc.a,ecj-bche,NEPTUNE,NJ,hhfe.a,,N,bfaaa.a,b.e,,a.a,
Rajendra,Bourbakis,F,eab.a,eci-ddfh,,RI,ciia.a,S,,hfaaa.a,,,a.a,
Pierto,Grandbois,M,dad.a,,DINOSAUR,CO,ibgba.a,M,N,faaaa.a,,a.a,a.a,a.a
,Partee,F,jdj.a,hfe-cjhi,,PR,hbf.a,M,,ffaaa.a,,a.a,a.a,a.a
Piyawadee,Cakic,M,fif.a,eda-hgae,,NY,bdded.a,S,,hfaaa.a,,,a.a,
Tadaaki,Oelmann,F,hac.a,,,NV,ijecb.a,S,,bfaaa.a,,,a.a,a.a
Jussara,Rande,F,faj.a,,,WA,jibah.a,S,Y,ffaaa.a,,,a.a,a.a
,Pavlova,,ieh.a,ihb-ihgb,LELAND,IL,gafdb.a,,N,efaaa.a,,a.a,eaaa.a,a.a
Huapeng,Kinter,M,hga.a,,LOMA LINDA,CA,jcdfh.a,,Y,,,a.a,bhe.a,chc.a
Akiko,Lessing,,daj.a,dhf-ijgj,DANVILLE,IL,gbide.a,M,Y,,,a.a,eaaa.a,caaa.a
,Loganantharaj,M,iai.a,,J B P H H,HI,jgiga.a,,Y,,,a.a,caia.a,baea.a
,Wothke,F,faf.a,,,NM,ihhed.a,M,Y,bfaaa.a,,a.a,ggaa.a,ddaa.a
,Houtsma,,gai.a,jba-jfch,,WI,feicg.a,M,Y,,,a.a,beaa.a,eaa.a
Line,Ritondale,,cei.a,edd-cfib,SOUTHFIELD,MI,eiade.a,,N,gaaaa.a,d.j,,a.a,a.a
Eldad,Moshman,,cci.a,fhi-bidb,PEARL,,djcii.a,,N,,f.a,,a.a,a.a
,Larcher,F,hac.a,,,NV,ijacc.a,M,,,,a.a,a.a,a.a
Juliano,Thenmozhi,M,hih.a,cfe-jegi,,PR,,S,,jaaaa.a,,,a.a,
Surya,Bruha,,dae.a,fde-iajg,FALLING WATERS,,cfebj.a,S,Y,daaaa.a,e.e,,a.a,
,Ryslinkova,F,jbc.a,ieh-hadb,AUGUSTA,,,S,N,baaaaa.a,g.a,,a.a,a.a
Sergej,Zukowski,,fgh.a,ehb-ehcg,SARDINIA,,efbhb.a,,,iaaaa.a,d.cabgbfd,,a.a,a.a
Moto,Leemis,,eag.a,gef-djej,SANDERS,MT,fjahg.a,,Y,,g.j,,a.a,bjaa.a
Sylvanus,Forman,F,hca.a,,HOT SULPHUR SPRINGS,CO,iaefb.a,M,N,eaaaa.a,,a.a,a.a,a.a
Alicja,Radhakrishnan,,ede.a,dfd-ciaa,TOWNSEND,,cdeed.a,S,,caaaa.a,f.hf,,a.a,
Sanjai,Dovidio,M,eac.a,ehb-gefh,LEWELLEN,NE,,,Y,jaaaa.a,g.ie,,a.a,bad.a
Cor,Zlatin,F,hih.a,cjb-fjgj,,PR,,M,,jaaaa.a,,a.a,a.a,a.a
Kenta,Schwaller,M,gad.a,ehi-fdfj,SANBORNTON,NH,,,N,baaaaa.a,,,a.a,
Armando,Manukyan,,cdj.a,gbb-cjdi,DAYTONA BEACH,,dcbcg.a,M,N,,,a.a,a.a,a.a
Daeweon,Wolniewicz,M,iai.a,,HONOLULU,HI,jgibi.a,S,N,bfaaa.a,d.hedecb,,a.a,a.a
,Cheriton,,fbh.a,ijf-eadi,BATTLE CREEK,MI,ejabh.a,S,Y,eaaaa.a,d.j,,a.a,dbaa.a
,Knauff,,gaf.a,igf-bbcd,,SD,fhbaf.a,S,,,,,a.a,a.a
,Larus,,ehi.a,jai-fgia,SYLVESTER,,dbhjb.a,S,N,,g.a,,a.a,a.a
Derrick,Krzyzanowski,M,cac.a,bfa-feig,WASHINGTON,,cafee.a,M,N,,,a.a,chea.a,
Dipti,Lidstone,,ieh.a,ffh-hgcf,MILAN,IL,gbcge.a,,N,,,a.a,eaaa.a,a.a
Qijia,Miner,,ifj.a,cid-gdfb,PIKEVILLE,,ebfac.a,,Y,,c.bbbbbbc,,a.a,ca.a
Renwei,Muhlen,F,cai.a,,LEWISTON,ID,idfab.a,,N,,h.i,,a.a,a.a
Shinkyu,Ivanova,F,iab.a,,,UT,iebie.a,S,,,h.a,,a.a,a.a
Barun,Viehstaedt,M,jbi.a,bda-jbdh,,OK,hdbja.a,M,,eaaaa.a,,a.a,caaa.a,a.a
Kazuhiro,Duncan,F,cga.a,ccf-eicb,ORA,,,,Y,jaaaa.a,,a.a,caaa.a,baaa.a
Adnan,Weedman,F,ddj.a,jii-dfhh,GRAFTON,MA,,M,Y,iaaaa.a,,a.a,hbfa.a,
,Alfaro,,dbh.a,jdd-cdjh,LINCOLN CITY,IN,ehffc.a,,N,bfaaa.a,,a.a,caaa.a,a.a
Jamel,Sinofsky,,eag.a,fib-ebhh,SUN RIVER,MT,fjeid.a,S,Y,bfaaa.a,g.j,,a.a,bjaa.a
Reinhold,Postley,F,cfb.a,ejh-jhib,BYNUM,,,S,Y,baaaaa.a,f.a,,a.a,daa.a
Yeogirl,Shallof,M,cfb.a,efe-hjdd,ARAB,,,S,Y,jfaaa.a,f.a,,a.a,daa.a
Sayed,Menhardt,M,iai.a,,HANA,HI,jghbd.a,M,N,,,a.a,caia.a,a.a
Sethu,Commoner,M,ibc.a,cab-dahb,INDIANAPOLIS,,,M,Y,jaaaa.a,,a.a,caaa.a,baaa.a
Fumitake,Egerstedt,M,cah.a,gac-bidg,FREEDOM,ME,ejeb.a,S,Y,eaaaa.a,i.f,,a.a,
Bilhanan,Perkins,M,eag.a,dii-bgae,WINSTON,MT,,S,N,jaaaa.a,g.j,,a.a,a.a
Mouloud,Goodwyn,F,dbi.a,jhh-ijfg,SHREVEPORT,LA,hbbaf.a,,Y,faaa.a,,a.a,jaaa.a,baaa.a
,Inaba,F,iac.a,iij-idib,,VT,feeb.a,M,,,,a.a,ggaa.a,
,Dunbar,M,dbf.a,hgj-bjig,LIMESTONE,,behfd.a,,,dfaaa.a,,,a.a,
Aqeel,Kratochvil,M,edf.a,,,UT,ieeae.a,M,,,,a.a,ejfa.a,cehf.a
Sofya,Stornetta,M,gbh.a,eah-fgda,READING,MA,bigh.a,,Y,caaaa.a,,a.a,hbfa.a,
Maryline,Grue,M,cah.a,cea-icdh,DIXFIELD,ME,ecce.a,S,Y,faaa.a,c.cbdfadg,,a.a,
,Thielscher,F,fad.a,,,OR,jhebb.a,M,,haaaa.a,,a.a,dbi.a,a.a
Alvis,Liesche,F,gcd.a,,TUCSON,AZ,ifhdb.a,M,Y,,,a.a,ecaa.a,cdaa.a
,Randt,F,iai.a,ifa-bfaa,FORT SHAFTER,HI,,S,Y,ifaaa.a,i.cf,,a.a,baea.a
,Milgram,,ied.a,hgf-jhhi,PLUM BRANCH,,cjief.a,,,,h.a,,a.a,ddaa.a
,Fanty,,hab.a,iia-igha,HUNTER,ND,fiaei.a,S,Y,daaaa.a,c.badehhf,,a.a,ddaa.a
Thore,Balaji,M,feb.a,,,OR,jhaec.a,M,,eaaaa.a,,a.a,dbi.a,a.a
Rogers,Swiss,F,fad.a,,,OR,jhacg.a,S,,efaaa.a,j.a,,a.a,a.a
,Dingus,M,iai.a,,HILO,HI,jghcb.a,M,Y,gfaaa.a,,a.a,caia.a,baea.a
,Veretennikov,M,jah.a,,BUCKLAND,AK,jjhch.a,S,Y,hfaaa.a,,,a.a,a.a
Petr,Mukouchi,F,faf.a,,,NM,ihebj.a,S,N,,f.d,,a.a,a.a
Imran,Double,,dae.a,daf-cagc,LESAGE,,cffdh.a,,Y,caaaa.a,d.h,,a.a,
Sreerupa,Straubing,M,iai.a,,KAHULUI,HI,jghdc.a,,Y,dfaaa.a,h.deigied,,a.a,baea.a
,Tsunoo,,ige.a,haf-efhb,LANCASTER,,cjhcc.a,,,daaaa.a,h.a,,a.a,a.a
Uzi,Ianni,F,eab.a,fed-cgeg,,RI,cicf.a,S,,,,,a.a,
Yanggon,Allison,M,dad.a,,CONEJOS,CO,ibbcj.a,S,N,iaaaa.a,,,a.a,a.a
,Edupuganty,,hab.a,ibj-ibja,STREETER,ND,fieid.a,,Y,ffaaa.a,,a.a,ggaa.a,ddaa.a
Ezhan,Reese,,hab.a,ech-chbb,TOWNER,ND,fihii.a,M,Y,hfaaa.a,,a.a,ggaa.a,ddaa.a
,Montalbano,F,cad.a,gib-hdeh,NEW PRESTON MARBLE DALE,CT,ghhh.a,,Y,,d.a,,a.a,
Duong,Ogurol,F,hhf.a,,,NV,ijdbf.a,M,,gaaaa.a,,a.a,a.a,a.a
,Rezende,F,iai.a,hii-gaei,MAKAWELI,HI,,,N,ifaaa.a,,a.a,caia.a,a.a
Hairuo,Broggi,M,dah.a,,,WY,icdce.a,M,Y,iaaaa.a,,a.a,a.a,a.a
Ludwig,Stille,M,ddh.a,fcc-hiaa,BARATARIA,LA,haadg.a,S,Y,gfaaa.a,g.a,,a.a,baaa.a
Zakarriae,Tibblin,,cfg.a,bdc-dijd,HUNTSVILLE,,dfiba.a,S,Y,caaaa.a,f.a,,a.a,daa.a
Rollins,Raufmann,,hgd.a,gfj-fcdg,DULUTH,MN,ffiae.a,M,Y,iaaaa.a,,a.a,ggaa.a,ddaa.a
Srilekha,Olveszky,F,ehj.a,ehh-chih,BLYTHEVILLE,AR,hcdbg.a,M,Y,efaaa.a,,a.a,ea.a,ca.a
,Dang,M,hac.a,,,NV,ijaeh.a,S,,faaa.a,,,a.a,a.a
Ryohei,Ramaiah,M,ifa.a,geg-ejfa,SAINT JAMES CITY,,,,Y,jfaaa.a,,a.a,a.a,a.a
Rolland,Caulk,,cci.a,jga-bbad,RAYMOND,,djbfe.a,,N,caaaa.a,,a.a,bcaaa.a,a.a
Keikichi,Huhdanpaa,,hab.a,jgg-egea,PETTIBONE,ND,fiehf.a,,Y,,c.gidaj,,a.a,ddaa.a
Sajjad,Maguire,F,cah.a,ecb-jgdg,PASSADUMKEAG,ME,eehf.a,,N,,i.f,,a.a,
Geraud,Rosenquist,M,gad.a,gec-jabc,MOULTONBOROUGH,NH,dcfe.a,,N,daaaa.a,,a.a,a.a,
,Walstra,F,dga.a,iah-bfjb,,WA,,S,Y,jaaaa.a,,,a.a,a.a
Nabil,Fontan,,fac.a,bjg-iegh,FALMOUTH,,ebaea.a,S,Y,dfaaa.a,d.hhhhhhh,,a.a,ca.a
Brailey,Rackoff,,gai.a,ccd-ibie,,WI,fegda.a,M,Y,eaaaa.a,,a.a,beaa.a,eaa.a
Sangeeta,Isshiki,,fgb.a,fcd-fdid,COCOA,,dcjch.a,S,N,,,,a.a,a.a
Jacobijn,Tatsuta,F,fah.a,gae-jijh,MILAN,MN,,,Y,ifaaa.a,h.if,,a.a,ddaa.a
,Clonts,,dae.a,hab-jcei,CHLOE,,cfcdf.a,S,Y,ffaaa.a,g.bejjjjg,,a.a,
Eenjun,Kartha,,hab.a,die-hehg,SAINT THOMAS,ND,fichg.a,,N,,c.fghbghf,,a.a,a.a
Mingshang,Antognini,,jca.a,edj-ibii,,WI,feife.a,M,Y,cfaaa.a,,a.a,beaa.a,eaa.a
Donyaprueth,Mattison,F,eab.a,ebc-fjaa,,RI,ciai.a,S,,,,,a.a,
Brijesh,Gurzi,,gbe.a,ega-fhdh,HUDSON,,eecdh.a,S,,faaaa.a,c.cafhgjd,,a.a,a.a
Maguelonne,Hoffner,M,dah.a,,,WY,ichba.a,M,Y,,,a.a,a.a,a.a
,Bach,F,dah.a,,,WY,iceea.a,S,Y,eaaaa.a,,,a.a,a.a
Shaul,Schwertel,F,eia.a,,PHOENIX,AZ,ifaag.a,,N,caaaa.a,,a.a,ecaa.a,a.a
Venkat,Charretton,F,eag.a,bei-jbbe,BYNUM,MT,,S,Y,ifaaa.a,g.j,,a.a,bjaa.a
Gurdip,Frisch,,had.a,efb-icbf,MARYUS,,cdbah.a,,,hfaaa.a,,a.a,biaa.a,
Tirtza,Thamm,F,dbi.a,dcb-fijg,GILLIAM,LA,hbacj.a,S,N,hfaaa.a,g.a,,a.a,a.a
Maguelonne,Huthnance,,ede.a,fge-jgfd,HILLSVILLE,,ceded.a,S,,,f.hf,,a.a,
,Faron,F,dac.a,gji-jjjf,WILMINGTON,,bjiie.a,M,N,gfaaa.a,,a.a,cca.a,
,Niamir,M,gad.a,ifb-gbfa,MANCHESTER,NH,dbab.a,,Y,,,a.a,a.a,
Zhuojun,Guan,F,hab.a,cbd-cged,CRARY,ND,,S,N,ifaaa.a,c.hebafbc,,a.a,a.a
,Haudot,M,gac.a,,YUMA,AZ,ifdge.a,S,Y,,d.acejjjj,,a.a,cdaa.a
Elspeth,Eskesen,,eac.a,ffb-gbcf,CALLAWAY,NE,giicf.a,S,N,gaaaa.a,g.ie,,a.a,a.a
Shibu,Goes,F,eai.a,,SANTA CLARITA,CA,jbdfa.a,,N,faaa.a,b.a,,a.a,a.a
Kanchana,Gerteisen,,jbc.a,bjb-cfea,ATLANTA,,dadge.a,M,N,eaaaa.a,,a.a,feaa.a,a.a
Talal,Bruhl,,gaf.a,bbh-cghe,,SD,fhhfa.a,M,,bfaaa.a,,a.a,a.a,a.a
Ingar,Suwa,F,fab.a,bdi-hfba,RISON,AR,hbggf.a,,Y,dfaaa.a,,a.a,ea.a,ca.a
Hikyu,Bannelier,,gaf.a,cjh-hcac,,SD,fhbag.a,S,,eaaaa.a,,,a.a,a.a
Xiaolei,Babai,,dbh.a,dfj-gfbd,TEFFT,,egdia.a,S,N,baaaa.a,d.e,,a.a,a.a
,Vignes,M,eaf.a,ide-chca,,OK,heaed.a,M,,faaa.a,,a.a,caaa.a,baaa.a
Radhika,Vaisey,M,iac.a,dii-gchh,,VT,fagi.a,M,,haaaa.a,,a.a,ggaa.a,
Svatopluk,Purkayastha,F,fae.a,cfa-ddid,THIBODAUX,LA,hadba.a,S,Y,eaaaa.a,g.a,,a.a,baaa.a
Darwin,Rahier,,dai.a,gda-ijae,LEXINGTON,NE,giifa.a,,N,baaaa.a,,a.a,cag.a,a.a
Risto,Cronan,F,chg.a,cbb-djce,GLEN WILTON,,,S,,ifaaa.a,f.hf,,a.a,
Wifried,Keay,F,fae.a,cia-ecgg,PORT BARRE,LA,hafhh.a,,Y,,g.a,,a.a,baaa.a
Nami,Covvey,F,faf.a,,,NM,ihfga.a,M,,efaaa.a,,a.a,ggaa.a,ddaa.a
,Beukering,F,dac.a,jai-ggea,WILMINGTON,,bjijg.a,S,N,daaaa.a,d.jaefefd,,a.a,
,Anido,M,cah.a,igb-feaf,SHIRLEY MILLS,ME,eeif.a,,Y,faaa.a,c.cbdfadg,,a.a,
Anastasios,Hertweck,,cci.a,efg-giba,MANTEE,,djhfb.a,,Y,,,a.a,bcaaa.a,bfaa.a
,Mertsiotakis,F,cba.a,,,TX,hicfb.a,M,,,,a.a,a.a,a.a
,Butner,,caf.a,igf-hejb,MOBILE,,dggcf.a,,Y,haaaa.a,f.a,,a.a,daa.a
,Dinkhoff,F,iab.a,,,UT,iehea.a,M,,faaaa.a,,a.a,ejfa.a,cehf.a
,Kadyamatimba,,ige.a,hjd-dagh,COLUMBIA,,cjcab.a,M,,,,a.a,ggaa.a,a.a
Goker,Kunchithapadam,F,had.a,bcd-fhff,OLDHAMS,,ccfcj.a,,,,,a.a,biaa.a,
Evanthia,Furner,M,hfh.a,eab-ejcd,CHARLOTTESVILLE,,ccjaj.a,M,,bfaaa.a,,a.a,biaa.a,
Concettina,Wendel,,ebe.a,dca-ghie,,WI,feffg.a,S,Y,dfaaa.a,f.afefddf,,a.a,eaa.a
Virginia,Moshman,,jia.a,dcj-cgfh,LENOIR,,cigef.a,,N,,,a.a,ggaa.a,
Subhasish,Gagvani,M,iha.a,bib-fbgb,STRAWBERRY,AR,hcegj.a,,N,iaaaa.a,h.a,,a.a,a.a
Igor,Shimamura,,ifj.a,efb-bdji,DUNDEE,,ecddi.a,M,N,ffaaa.a,,a.a,ea.a,a.a
Hujun,Lucco,F,dac.a,dae-idea,DOVER,,bjjab.a,M,Y,,,a.a,cca.a,
,McDermid,M,iai.a,,HONOLULU,HI,jgibe.a,M,N,,,a.a,caia.a,a.a
,Lesser,,ifa.a,hgj-babj,EVERGLADES CITY,,debdj.a,M,Y,,,a.a,a.a,a.a
Chester,Thees,,ici.a,bba-eggd,ASHEVILLE,,ciiaf.a,S,Y,haaaa.a,h.cabaej,,a.a,ddaa.a
Shyjan,Hedges,F,fad.a,,,OR,jhibe.a,M,,,,a.a,dbi.a,a.a
Arantza,Stampfel,M,ggb.a,,CAMINO,CA,jfhaj.a,S,N,daaaa.a,g.fjafed,,a.a,a.a
Kepa,Foret,M,dab.a,fhj-jchc,DUNDALK,,cbccc.a,M,N,gaaaa.a,,a.a,eiaa.a,
Fran,Belcastro,,hab.a,eea-dcig,PEMBINA,ND,fichb.a,,N,ffaaa.a,,a.a,ggaa.a,a.a
,Lejter,F,fif.a,hhh-dcbe,,NY,bbhff.a,M,,,,a.a,a.a,
,Priami,M,cea.a,ghe-ghhj,BALTIMORE,,cbcce.a,S,Y,cfaaa.a,e.hf,,a.a,
,Rahmstorf,,cdj.a,ihi-dggg,BRADENTON,,decab.a,M,N,gfaaa.a,,a.a,a.a,a.a
Thoshiaki,Heemskerk,F,eab.a,edh-fjbb,,RI,cidg.a,S,,,,,a.a,
Atef,Dang,M,iga.a,fgj-ebhf,NEW HAVEN,CT,gfbd.a,,Y,faaaa.a,,a.a,cefaa.a,
,Morioka,F,ccf.a,had-hghf,SHREVEPORT,LA,hbbdf.a,,N,,g.a,,a.a,a.a
Jaihie,Kochetov,M,gad.a,djh-jece,HANOVER,NH,dhff.a,M,Y,,,a.a,a.a,
Yohsuke,Grunupp,M,iac.a,dhb-iibj,,VT,fefh.a,S,,caaaa.a,d.g,,a.a,
Sumitaka,Clemm,F,jhb.a,,,OR,jhcig.a,M,,gfaaa.a,,a.a,dbi.a,a.a
Uday,Minot,,fgh.a,bjb-iaee,AKRON,,eeddd.a,S,,,b.dhfijhe,,a.a,bdaa.a
Yuchen,Wahls,,gai.a,caa-dbcc,,WI,fegbd.a,M,N,iaaaa.a,,a.a,beaa.a,a.a
Kamaljit,Tryba,,hif.a,dci-bdhe,SILVER LAKE,KS,ggfdj.a,,Y,gfaaa.a,,a.a,efaa.a,ccfa.a
Dinos,Lasala,,ggc.a,jij-jadh,MOUND BAYOU,,dihgc.a,,N,,,a.a,bcaaa.a,a.a
Viljem,Blodel,F,iae.a,fag-iibc,MANAKIN SABOT,,,,,jfaaa.a,,a.a,biaa.a,
Rong,Kawakami,M,jah.a,,MEYERS CHUCK,AK,jjjad.a,,Y,,,,a.a,a.a
Yiwen,Kamo,,ige.a,dfh-fedj,PINEVILLE,,cjegi.a,,,,,a.a,ggaa.a,a.a
,Derthick,F,dga.a,,,WA,jifeg.a,S,Y,faaaa.a,,,a.a,a.a
Sigmund,Stauduhar,M,hdb.a,bcb-dcbh,BROWNSVILLE,,,M,,baaaaa.a,,a.a,a.a,a.a
Sreenivas,Poulin,,dbg.a,cei-iiij,HAVILAND,KS,ghafj.a,M,N,faaaa.a,,a.a,efaa.a,a.a
Hui,Rudmik,F,faj.a,big-gfgi,,WA,,M,Y,jfaaa.a,,a.a,a.a,a.a
Bradley,Holldobler,,ibg.a,jib-iccf,CHESTERFIELD,MO,gdaag.a,S,N,,g.a,,a.a,a.a
Ivan,Abeln,M,iac.a,cbf-hijd,,VT,fcfc.a,M,,cfaaa.a,,a.a,ggaa.a,
,Knowles,,jbd.a,hib-jjba,WAKEENEY,KS,ghghc.a,M,N,,,a.a,efaa.a,a.a
Aria,Sutter,,gaf.a,bah-cfhi,,SD,fhhjd.a,M,,dfaaa.a,,a.a,a.a,a.a
,Chubb,M,iga.a,igc-ejjb,FARMINGTON,CT,gada.a,S,N,caaaa.a,f.a,,a.a,
Dwifiandika,Cornell,M,iac.a,bcb-cebh,,VT,faga.a,M,,iaaaa.a,,a.a,ggaa.a,
Huu,Artiges,F,gbh.a,fdb-eigc,BOSTON,MA,ccah.a,S,Y,ffaaa.a,f.d,,a.a,
Reuven,Janocha,F,fab.a,dec-cdge,VENDOR,AR,hcgid.a,M,Y,,,a.a,ea.a,ca.a
Padima,McCue,F,fad.a,,,OR,jhdbd.a,M,,,,a.a,dbi.a,a.a
Wally,Pioli,F,cai.a,,BLACKFOOT,ID,idccb.a,M,Y,haaaa.a,,a.a,ggaa.a,ddaa.a
Farid,Baucke,,gaf.a,bda-hcej,,SD,fhfhb.a,S,,cfaaa.a,,,a.a,a.a
,Erez,,cci.a,igd-jbad,JACKSON,,djcgj.a,,N,haaaa.a,,a.a,bcaaa.a,a.a
Asa,Ebeling,F,jbi.a,eab-geca,,OK,hdbbd.a,S,,cfaaa.a,g.cf,,a.a,a.a
,Roodyn,F,iga.a,hjg-jadg,HARTFORD,CT,gbia.a,M,Y,dfaaa.a,,a.a,cefaa.a,
Qian,Grinter,M,eab.a,fga-jfbe,,RI,cigb.a,S,,ffaaa.a,,,a.a,
,Anjur,F,ehj.a,hih-bjja,MOSCOW,AR,hbgfj.a,,N,gaaaa.a,,a.a,ea.a,a.a
,Gurzi,F,gad.a,gjb-jccg,EPSOM,NH,dcde.a,S,N,haaaa.a,,,a.a,
,Ochoa,,jbd.a,ief-gcch,LIBERAL,KS,ghjab.a,,Y,faaaa.a,,a.a,efaa.a,ccfa.a
Jyhyeung,Pino,,cga.a,gae-eadj,EVANSVILLE,IN,ehhbb.a,S,Y,cfaaa.a,d.e,,a.a,baaa.a
Pratheep,Leahy,M,eaf.a,djd-cffj,,OK,hehdd.a,S,,,g.cf,,a.a,baaa.a
Siva,Gitler,,cha.a,ecf-geic,DANA,,ebgbf.a,S,Y,cfaaa.a,d.ccccccd,,a.a,ca.a
Yanyan,Orwant,,dae.a,fhh-ched,CLARKSBURG,,cgdac.a,S,Y,gaaaa.a,g.f,,a.a,
Neri,Yanagida,,gbc.a,bid-gaba,HOLMES CITY,MN,fgdeb.a,M,N,hfaaa.a,,a.a,ggaa.a,a.a
Maddalena,Bolbourn,,gai.a,bai-fgih,,WI,fdagj.a,S,Y,ffaaa.a,f.eacadgh,,a.a,eaa.a
Hellis,Fanti,F,cgh.a,dje-jcjf,ALLENTOWN,,bibaf.a,S,,eaaaa.a,,,a.a,
Chiara,Kearns,M,eaf.a,ced-ecag,,OK,heaaf.a,M,,,,a.a,caaa.a,a.a
Xuemin,Elorriaga,F,hbf.a,gfg-jggj,,WI,,M,Y,jaaaa.a,,a.a,beaa.a,eaa.a
Alper,Hjaresen,M,hdc.a,beb-diih,HIGHTSTOWN,NJ,ifca.a,S,Y,,c.ggbgggj,,a.a,
,Carra,F,gab.a,haf-cdhh,STARKVILLE,,,,N,baaaaa.a,f.a,,a.a,a.a
,Ramaswami,F,cah.a,hfe-bdjj,CUSHING,ME,efgd.a,S,Y,dfaaa.a,i.f,,a.a,
,Matzat,,eag.a,hcb-hdch,WINSTON,MT,fjgeh.a,S,N,,g.j,,a.a,a.a
Godfried,Schena,,dai.a,bej-efhi,MC COOK,NE,gjaab.a,,Y,cfaaa.a,,a.a,cag.a,bad.a
Zeng,Lavalette,F,dai.a,ccd-jjfj,MCGREW,NE,gjdfd.a,,Y,,g.ie,,a.a,bad.a
,Promhouse,,eag.a,hgf-fifc,ZURICH,MT,fjfeh.a,S,Y,bfaaa.a,g.j,,a.a,bjaa.a
Adit,Narahara,M,ffb.a,ebf-cfaa,OCEANPORT,NJ,hhfh.a,,N,,b.jfbjhjc,,a.a,
Deven,Schachter,M,jah.a,,ANCHORAGE,AK,jjfah.a,M,Y,cfaaa.a,,a.a,a.a,a.a
Elarbi,Wirl,,ibf.a,fha-fgbb,KEENSBURG,IL,gcifc.a,,Y,bfaaa.a,d.a,,a.a,caaa.a
Shamim,Ikeo,M,cai.a,,COOLIN,ID,idicb.a,S,Y,,h.i,,a.a,ddaa.a
Yiorgos,Biryukow,F,gba.a,jjd-eefi,VANDERBILT,,bfeig.a,S,,dfaaa.a,,,a.a,
Renuka,Groenemans,,jij.a,eha-gdci,MARQUETTE,MI,ejiff.a,,N,baaaa.a,d.j,,a.a,a.a
Itzhak,Vieille,M,gaf.a,bag-cbcf,,SD,,S,,jaaaa.a,,,a.a,a.a
Jamshid,Traunmuller,,dae.a,cdg-bjbg,GRAFTON,,cgdfe.a,S,Y,bfaaa.a,d.df,,a.a,
,Hamburg,M,gad.a,hde-fiid,NORTH SUTTON,NH,dcga.a,,N,,,,a.a,
,Arbab,,gbf.a,jde-ccac,NASHVILLE,,dhcae.a,,,caaaa.a,,a.a,a.a,a.a
Arundhati,Tomassini,F,geg.a,gef-hged,SILVER SPRINGS,,beffa.a,,,hfaaa.a,,a.a,a.a,
Vladislav,Khedro,,fig.a,fba-jdai,DEARBORN HEIGHTS,MI,eibcf.a,S,Y,,d.j,,a.a,dbaa.a
,Constantineau,M,fgh.a,hgc-jiii,PICKERINGTON,,,,,baaaaa.a,d.igffbci,,a.a,a.a
Moon,Tawa,F,dad.a,,EADS,CO,ibadg.a,M,Y,efaaa.a,,a.a,a.a,a.a
,Whittlesey,,ehi.a,hfa-bbic,RAY CITY,,dbgef.a,,N,eaaaa.a,,a.a,feaa.a,a.a
Ivy,Lassagne,M,dah.a,,,WY,iccec.a,M,N,,,a.a,a.a,a.a
Vitaly,Gerlhof,F,gaf.a,gce-gffj,,SD,,S,,jfaaa.a,,,a.a,a.a
Ratko,Lunn,M,edf.a,,,UT,iehfg.a,M,,,,a.a,ejfa.a,a.a
Magatho,Cassel,F,hch.a,gec-hcgj,SAINT CLOUD,,,,N,baaaaa.a,,a.a,a.a,a.a
Wibke,Pasztor,M,fab.a,fjj-ifgi,REDFIELD,AR,hcbdc.a,,Y,bfaaa.a,d.hhdadh,,a.a,ca.a
Xioalin,Schwandt,M,eab.a,dfd-eadb,,RI,cihg.a,S,,haaaa.a,,,a.a,
Pierdaniele,Kane,,gaf.a,bde-efbc,,SD,fhdgg.a,M,,,,a.a,a.a,a.a
Douadi,Subbalakshmi,M,cah.a,efg-fggj,PEAKS ISLAND,ME,ebai.a,,Y,bfaaa.a,,a.a,fhaa.a,
Ganrav,Linnell,F,gba.a,efa-dgaf,HOWARD,,bgieb.a,S,,,,,a.a,
Aenne,DeFouw,,ehi.a,jhi-gfdh,WAVERLY HALL,,dbidb.a,S,N,baaaa.a,g.a,,a.a,a.a
,Faria,F,eaf.a,iii-hcac,,OK,heafg.a,S,,hfaaa.a,g.cf,,a.a,a.a
Mechthild,Brykczynski,F,eba.a,eie-gaca,WINDSOR MILL,,cbcee.a,M,N,faaa.a,,a.a,eiaa.a,
Adas,Nassef,M,faf.a,,,NM,ihbbb.a,S,Y,,f.d,,a.a,ddaa.a
Yoshiyuki,Wabbi,F,dah.a,,,WY,icdcf.a,S,Y,ffaaa.a,,,a.a,a.a
Nico,Blackard,M,igc.a,gga-ccfj,PLUCKEMIN,NJ,hjhi.a,,N,faaa.a,,a.a,caaa.a,
Chaoyi,Mingo,,gda.a,gbe-jiej,SOUTH WILMINGTON,IL,gaehe.a,,Y,,d.a,,a.a,caaa.a
Chaosheng,Marceau,,gda.a,cgf-jbfa,EQUALITY,IL,gcjde.a,M,Y,,,a.a,eaaa.a,caaa.a
Sarmad,Coolsaet,M,jhi.a,cfj-jbjf,LITTLETON,MA,bega.a,,Y,faaa.a,f.d,,a.a,
Neophytos,Siefkes,,ige.a,faa-hibi,CLARKS HILL,,cjicb.a,S,,gfaaa.a,h.a,,a.a,ddaa.a
,Bongartz,F,dac.a,hhd-diei,WILMINGTON,,bjiia.a,S,Y,efaaa.a,e.jchchd,,a.a,
Fiaz,Karp,F,eie.a,ccc-cbig,POTTSVILLE,,bhjab.a,,,,,a.a,a.a,
Thorsten,Scherz,M,ehj.a,cdi-daid,CAMDEN,AR,hbhab.a,M,N,faaa.a,,a.a,ea.a,a.a
Dunja,Raschke,,hab.a,cdj-dfcf,GARRISON,ND,fifea.a,M,Y,faaa.a,,a.a,ggaa.a,ddaa.a
,Boddy,F,fia.a,hdc-ijib,,OK,hdbcc.a,M,,haaaa.a,,a.a,caaa.a,a.a
,Tohma,,cce.a,ghi-bdcb,LANCASTER,IL,gciff.a,,Y,dfaaa.a,,a.a,eaaa.a,caaa.a
Zhixi,Buitenhuis,F,cdj.a,fad-eidd,TAMPA,,,S,N,baaaaa.a,,,a.a,a.a
,Schrock,,jbc.a,jch-eaeg,CLARKSTON,,daacb.a,S,N,haaaa.a,g.a,,a.a,a.a
Carolina,Yonezaki,F,cac.a,jeg-bgdc,WASHINGTON,,cafee.a,M,Y,dfaaa.a,,a.a,chea.a,
Zineb,Marchegay,M,ffb.a,dbf-gihj,,NJ,iigb.a,M,N,,,a.a,caaa.a,
Rosana,Kliger,F,fia.a,bdi-cbai,,OK,hdhdi.a,S,,,g.cf,,a.a,a.a
,Quinke,F,dad.a,,BOULDER,CO,iadah.a,M,N,dfaaa.a,,a.a,a.a,a.a
Masaharu,Rassart,M,ffb.a,gea-bhdj,,NJ,igci.a,S,Y,ffaaa.a,b.jfbjhjc,,a.a,
,Tockey,M,iag.a,,,TX,hfccf.a,M,,hfaaa.a,,a.a,a.a,a.a
Libero,Zincke,F,hhf.a,djg-cjia,,NV,,M,,ifaaa.a,,a.a,a.a,a.a
,Ramaswamy,M,faf.a,ibd-dfed,,NM,,M,,baaaaa.a,,a.a,ggaa.a,ddaa.a
Hansruedi,Kluners,,cbj.a,jgc-gggi,MARTINSVILLE,,egbfb.a,,N,,d.e,,a.a,a.a
,Tenopir,,gag.a,hcf-gcdc,LOUISVILLE,,eacbc.a,,Y,faaaa.a,,a.a,ea.a,ca.a
,Vaisey,M,cac.a,gja-heha,WASHINGTON,,,M,Y,jfaaa.a,,a.a,chea.a,
Huaxiong,Trucco,M,iae.a,gfe-egdb,FORT VALLEY,,ccgfc.a,S,,daaaa.a,f.hf,,a.a,
Chuen,Tomba,,cbi.a,fbe-gfih,FOSSTON,MN,fgfec.a,M,N,efaaa.a,,a.a,ggaa.a,a.a
,Forre,M,eac.a,jac-faea,BLOOMINGTON,NE,,M,N,jaaaa.a,,a.a,cag.a,a.a
,Rivierre,M,hih.a,hjf-hffa,,PR,gce.a,M,,haaaa.a,,a.a,a.a,a.a
Jacque,Derstine,M,dah.a,,,WY,icdcd.a,S,Y,ffaaa.a,,,a.a,a.a
Wensheng,Kroenke,,hab.a,bjd-echb,SAINT MICHAEL,ND,fidha.a,,Y,,c.b,,a.a,ddaa.a
Ramachander,Hatkanagalekar,,jbj.a,dig-iadd,RODUCO,,chjgj.a,,N,,,a.a,ggaa.a,
Boris,Shinjo,,ggc.a,cfe-hfbf,TOCCOPOLA,,diihe.a,M,Y,efaaa.a,,a.a,bcaaa.a,bfaa.a
Erven,Dileva,F,eag.a,bdd-dgjb,WHITE SULPHUR SPRINGS,MT,,M,N,ifaaa.a,,a.a,diaa.a,a.a
Chandramohan,Greca,M,iga.a,bhh-bhgc,NEW HAVEN,CT,gfaf.a,,Y,faaaa.a,f.a,,a.a,
Nicholas,Mendelsohn,M,fai.a,bad-iibi,ACCORD,MA,cabi.a,M,Y,,,a.a,hbfa.a,
Chieko,Singh,F,dac.a,dfi-ibdf,MAGNOLIA,,bjjgc.a,,N,caaaa.a,,a.a,cca.a,
Khun,Hambury,F,cah.a,cca-bhha,MONTICELLO,ME,ehga.a,,N,,i.f,,a.a,
Stabislas,Schroff,F,cba.a,,,TX,hhaaj.a,M,,baaaa.a,,a.a,a.a,a.a
,Dresler,,cde.a,ibg-hicc,CUYAHOGA FALLS,,eeccd.a,S,,baaaa.a,a.ihhjhee,,a.a,a.a
Mituhiro,Nguifo,M,fia.a,gba-efab,,OK,hebjc.a,S,,,g.cf,,a.a,a.a
Shiyun,Boughanem,M,cba.a,fhe-gifh,,TX,,S,,baaaaa.a,,,a.a,a.a
Michiko,Felcyn,F,iai.a,,TRIPLER ARMY MEDICAL CENTER,HI,jgifj.a,S,Y,faaa.a,b.jeahijf,,a.a,baea.a
Junho,Ciorba,F,cah.a,bej-jdgd,ROCKPORT,ME,eifg.a,,Y,baaaa.a,,a.a,fhaa.a,
Xiaoqiang,Meriste,,fgd.a,bgg-egfc,DUMONT,IA,fagcf.a,S,N,,e.hjfedc,,a.a,a.a
Heichun,Grushcow,M,gcd.a,,GLENDALE,AZ,ifdai.a,S,Y,gfaaa.a,d.hccejji,,a.a,cdaa.a
,Bien,,hab.a,icc-bgjd,LANSFORD,ND,fihfa.a,,Y,hfaaa.a,,a.a,ggaa.a,ddaa.a
Lionello,Oppliger,F,hif.a,dhb-ghjg,ELK FALLS,KS,,S,N,jaaaa.a,g.ef,,a.a,a.a
Abraham,Kowarski,M,fda.a,,SCOTTS VALLEY,CA,jfagh.a,,N,,j.d,,a.a,a.a
,Vivekananda,F,faf.a,,,NM,ihich.a,S,,efaaa.a,f.d,,a.a,a.a
Zhongwei,Mudambi,,dae.a,dba-fcia,CHARLESTON,,cfdad.a,M,N,,,a.a,eaaa.a,
Jorgen,Goda,M,ccf.a,deg-heij,OTIS,LA,hbegg.a,,N,efaaa.a,,a.a,jaaa.a,a.a
Junas,Hanafy,M,iai.a,,HONOLULU,HI,jgibf.a,M,Y,,,a.a,caia.a,baea.a
,Georgatos,,ebj.a,gig-dgie,MC CLURE,,edfde.a,,,efaaa.a,,a.a,cgaa.a,bdaa.a
Takeaki,Forchert,,hgj.a,cjf-faad,NEW SITE,,diifj.a,,Y,gfaaa.a,,a.a,bcaaa.a,bfaa.a
Hanja,Piera,F,iai.a,,HONOLULU,HI,jgibj.a,M,Y,eaaaa.a,,a.a,caia.a,baea.a
Shobana,Eiron,,jia.a,efi-biec,GREENSBORO,,chedf.a,S,N,ffaaa.a,g.iigdgdf,,a.a,
,Backelin,F,iga.a,iic-bihj,NEW HAVEN,CT,gfaj.a,,Y,ffaaa.a,f.a,,a.a,
Derwent,Seliger,,cce.a,cdc-fhcg,SAINT CHARLES,IL,gabhe.a,,N,daaaa.a,d.a,,a.a,a.a
Esti,Tanishita,F,ief.a,gbi-hjad,,NY,bbjfd.a,M,,faaa.a,,a.a,a.a,
Uresh,Wolin,M,cah.a,ddd-fhhf,EAST WATERBORO,ME,,S,N,jfaaa.a,i.f,,a.a,
Amarnath,Yamagami,,dae.a,efi-bfdc,DAILEY,,cgcfj.a,S,Y,gaaaa.a,g.f,,a.a,
,Dunfee,F,dfb.a,hgd-igdc,ANDOVER,MA,bijj.a,M,N,haaaa.a,,a.a,hbfa.a,
,Dreux,M,cai.a,,LEWISTON,ID,idfab.a,,N,faaaa.a,h.i,,a.a,a.a
Somenath,Bade,,dae.a,baf-chei,BIG BEND,,cgbdg.a,M,N,cfaaa.a,,a.a,eaaa.a,
Phong,Autexier,F,eia.a,,SHOW LOW,AZ,ifjab.a,,N,daaaa.a,d.bhjjjji,,a.a,a.a
,Alhajj,,cgj.a,ija-bdcd,PETOSKEY,MI,ejhha.a,,N,faaa.a,,a.a,gcaa.a,a.a
Sangeeta,Wenocur,M,cag.a,,,WA,jjcbh.a,S,N,dfaaa.a,,,a.a,a.a
Amitabh,Shackell,F,cgh.a,dha-hfhh,MILLVILLE,,bhieg.a,,,baaaa.a,,a.a,a.a,
Dadong,Parish,,gga.a,ecf-jhai,INDEPENDENCE,MO,geafb.a,M,N,daaaa.a,,a.a,ecaa.a,a.a
Irith,Terzopoulos,,daj.a,dje-fija,KARNAK,IL,gcjfg.a,,Y,haaaa.a,,a.a,eaaa.a,caaa.a
Souri,Dulong,,fhd.a,ffj-gaje,IMPERIAL,MO,gdafc.a,M,N,caaaa.a,,a.a,ecaa.a,a.a
Shivi,Simaioforidis,M,cag.a,,,WA,jighf.a,S,Y,cfaaa.a,,,a.a,a.a
Emmanuelle,Daigle,F,jah.a,ced-ibae,KIANA,AK,,,Y,jaaaa.a,,a.a,a.a,a.a
,Lidinsky,,ede.a,ijb-geci,CHECK,,ceahc.a,S,,,f.hf,,a.a,
Siddhartha,Moeller,,fea.a,ehb-eidf,ANDOVER,,cecbf.a,M,,,,a.a,biaa.a,
Iko,Faltenbacher,,eag.a,feh-cfja,HELENA,MT,fjgae.a,S,N,gaaaa.a,g.j,,a.a,a.a
,Khetawat,,dai.a,ifc-hcag,TEKAMAH,NE,giagb.a,S,Y,,g.ie,,a.a,bad.a
,Miner,F,fai.a,ifc-fhjf,HUDSON,MA,bhej.a,S,N,,f.d,,a.a,
,Malaika,F,hbg.a,idi-hddi,,NY,bchcj.a,S,,,,,a.a,
Boijdar,Ausiello,,gca.a,dfg-cfec,TOPEKA,KS,gggid.a,S,Y,hfaaa.a,g.ef,,a.a,ccfa.a
,Vesna,,hab.a,gic-fiai,FULLERTON,ND,fieeb.a,M,Y,efaaa.a,,a.a,ggaa.a,ddaa.a
Takayuli,Hausser,F,hih.a,bbi-cdja,,PR,hhh.a,M,,,,a.a,a.a,
Michele,Kober,F,hhf.a,,,NV,ijbaj.a,M,,,,a.a,a.a,a.a
Bernad,Rutman,F,dah.a,,,WY,iceab.a,S,Y,daaaa.a,,,a.a,a.a
Chungmin,Lucco,,igf.a,fff-ihgf,RUTHERFORD,,didgj.a,,,,,a.a,a.a,a.a
,Drenick,M,faj.a,ice-cice,,WA,,S,N,baaaaa.a,,,a.a,a.a
Asish,Yamagami,M,fae.a,fec-heah,MARRERO,LA,haahd.a,,Y,caaaa.a,,a.a,jaaa.a,baaa.a
,Steckler,,jbd.a,jaa-chic,STAFFORD,KS,ghfhi.a,,N,eaaaa.a,,a.a,efaa.a,a.a
Qingming,Kara,F,gba.a,ejg-fgfi,DALMATIA,,bhabh.a,S,,,,,a.a,
,Yapp,M,cac.a,hgc-djaf,WASHINGTON,,caaef.a,S,Y,iaaaa.a,j.a,,a.a,
Zhijun,Gabrielli,,jdh.a,ehj-dcgd,GNADENHUTTEN,,eegcj.a,M,,eaaaa.a,,a.a,cgaa.a,a.a
Jianjian,Nierstrasz,,hhd.a,dii-dicj,SHERIDAN,IL,gaffb.a,,Y,,d.a,,a.a,caaa.a
Nariankadu,Chretien,,cac.a,ddd-ceja,PARCEL RETURN SERVICE,DC,fgjee.a,,Y,daaaa.a,,a.a,chea.a,bdha.a
Kellie,Romein,,hgf.a,cag-hjhf,SWAYZEE,,egjig.a,M,N,daaaa.a,,a.a,caaa.a,a.a
Kamyar,Kotulla,,hif.a,edg-bgjd,WICHITA,KS,ghcbh.a,M,N,,,a.a,efaa.a,a.a
Petr,Favero,F,dac.a,fbf-fegf,WILMINGTON,,bjija.a,M,Y,cfaaa.a,,a.a,cca.a,
Wallace,Quittner,F,fae.a,ebi-ihdb,PLEASANT HILL,LA,hbagf.a,,Y,haaaa.a,,a.a,jaaa.a,baaa.a
Anke,Huthnance,,gca.a,jgi-jgje,EUREKA,KS,ghaef.a,M,Y,,,a.a,efaa.a,ccfa.a
Bong,Mechling,,gag.a,eaf-idgh,BURKESVILLE,,echbh.a,S,N,,c.ggggggh,,a.a,a.a
Yuehong,Vikas,F,dac.a,fgb-ijbf,WILMINGTON,,,S,Y,ifaaa.a,f.jf,,a.a,
Mirjam,Raoux,M,cgc.a,jfc-cjhj,,WI,,M,N,baaaaa.a,,a.a,beaa.a,a.a
Susan,Huuskonen,M,iei.a,fid-icbj,,NJ,iicb.a,S,N,,b.ihdbcf,,a.a,
,Cichon,F,fab.a,ieg-ejbc,PINE BLUFF,AR,hbgad.a,,N,hfaaa.a,,a.a,ea.a,a.a
Johnathon,Zaccone,F,dah.a,,,WY,icgdi.a,M,N,faaa.a,,a.a,a.a,a.a
Grazyna,Pendleton,M,eab.a,eig-igga,,RI,ciaj.a,M,,ffaaa.a,,a.a,a.a,
Imara,Bard,,ied.a,bha-gaib,HILTON HEAD ISLAND,,cjjcf.a,M,,eaaaa.a,,a.a,ggaa.a,a.a
,Schallart,M,gad.a,hie-jeif,ROCHESTER,NH,,,N,jfaaa.a,,a.a,a.a,
,Hollenberg,M,dah.a,,,WY,icief.a,M,Y,,,a.a,a.a,a.a
Misha,Staff,,dae.a,ged-dhbe,BERKELEY SPRINGS,,cfebb.a,S,Y,baaaa.a,d.a,,a.a,
Jaerheen,Picci,F,eab.a,dih-bach,,RI,cjbh.a,S,,gfaaa.a,,,a.a,
Seungmi,Frison,F,gad.a,gae-ieea,AMHERST,NH,dadb.a,M,Y,cfaaa.a,,a.a,a.a,
Efthymios,Noltemeier,M,ddj.a,cag-eieg,RANDOLPH,MA,cdgi.a,,N,,,a.a,hbfa.a,
Gustav,Christianini,F,jbi.a,gba-jadi,,OK,hdbed.a,S,,faaaa.a,g.cf,,a.a,baaa.a
,Chitnis,,hgj.a,ida-cdbe,PETAL,,djegf.a,,Y,faaa.a,,a.a,bcaaa.a,bfaa.a
,Broos,,jag.a,gha-ibeh,ELWELL,MI,eiidc.a,S,N,faaaa.a,d.j,,a.a,a.a
,Steffens,M,cai.a,,CARMEN,ID,idegc.a,S,Y,cfaaa.a,h.i,,a.a,ddaa.a
Etsuya,Harbane,,jbc.a,jef-gcjb,WRIGHTSVILLE,,dbajg.a,M,Y,,,a.a,feaa.a,daaa.a
LouAnn,Steckler,F,igc.a,ccf-bfcc,LAWNSIDE,NJ,iaef.a,,Y,efaaa.a,,a.a,caaa.a,
Jerry,Craske,M,iac.a,fbd-jcib,,VT,fcfd.a,M,,gfaaa.a,,a.a,ggaa.a,
,Romoli,F,gad.a,iha-jhac,BATH,NH,dhea.a,M,N,ffaaa.a,,a.a,a.a,
,Kinsley,M,edf.a,,,UT,iedbe.a,S,,,h.a,,a.a,cehf.a
Yufei,Calkin,,cga.a,cfj-idca,INDIANAPOLIS,,egcea.a,M,N,faaaa.a,,a.a,caaa.a,a.a
,Guan,M,igc.a,ihc-bbjf,BOONTON,NJ,haaf.a,M,N,baaaa.a,,a.a,caaa.a,
Myron,Arbib,,iae.a,dde-fdfh,STANARDSVILLE,,ccjhd.a,,,gaaaa.a,f.hf,,a.a,
Tengku,Gerlach,M,ibe.a,bhf-bdcf,ERIE,,bgfag.a,M,,gaaaa.a,,a.a,a.a,
Thiel,Dulay,F,jah.a,,ANCHORAGE,AK,jjfcd.a,S,N,haaaa.a,,,a.a,a.a
Pitro,Slutz,F,iac.a,eff-echb,,VT,,S,,jaaaa.a,e.hjfhbhc,,a.a,
Nicolaas,Fouquere,F,cbf.a,bae-hfcg,CANTON,,bhhce.a,S,,efaaa.a,,,a.a,
Rainer,Grotschel,M,dac.a,bde-bfeg,BETHANY BEACH,,bjjda.a,S,Y,faaa.a,c.c,,a.a,
Ahlem,Guth,,hhc.a,ebb-gjhd,SEVILLE,,dcbja.a,,Y,,,a.a,a.a,a.a
Predrag,Diz,M,fai.a,ehh-igfi,NORTH CHELMSFORD,MA,bigd.a,,N,baaaa.a,,a.a,hbfa.a,
Ruairi,Tretkoff,F,caj.a,faj-bfdh,WEST SACRAMENTO,CA,,S,N,jfaaa.a,j.d,,a.a,a.a
,Goli,F,jfg.a,,,TX,hifei.a,S,,faaaa.a,,,a.a,a.a
,Reus,M,cdj.a,jda-cbga,PINELLAS PARK,,,,Y,ifaaa.a,,,a.a,a.a
Fuminori,Litecky,F,iac.a,beb-jeff,,VT,fehd.a,M,,,,a.a,ggaa.a,
,Norsworthy,M,gac.a,,KINGMAN,AZ,igeac.a,,Y,,e.cgf,,a.a,cdaa.a
Yinfeng,America,F,jea.a,,,TX,hhcga.a,M,,hfaaa.a,,a.a,a.a,a.a
Jixin,Sander,F,hfh.a,cbe-gjif,FARMVILLE,,,M,,jaaaa.a,,a.a,biaa.a,
,Pierce,M,gbi.a,jaf-hgde,RARITAN,IL,,,N,jfaaa.a,d.a,,a.a,a.a
Marianne,Gerbes,M,faf.a,cii-cfaa,,NM,,M,Y,baaaaa.a,,a.a,ggaa.a,ddaa.a
Klichiro,Sanghavi,F,dah.a,,,WY,ichdb.a,M,Y,efaaa.a,,a.a,a.a,a.a
Gila,Rauglaudre,,gbf.a,dba-heeg,MEMPHIS,,dhfab.a,,,iaaaa.a,,,a.a,a.a
,Drach,,gaf.a,jdd-ffbg,,SD,fhgdg.a,M,,caaaa.a,,a.a,a.a,a.a
Ilaria,Weinreich,F,ddh.a,bjj-eeea,ROSELAND,LA,haefg.a,,N,eaaaa.a,,a.a,jaaa.a,a.a
Kazuyo,Klingspor,M,fbg.a,eij-egih,ADAMS BASIN,,beeba.a,S,,,,,a.a,
Fredrik,Linusson,M,jdj.a,jgj-dcbe,,PR,jbb.a,M,,,,a.a,a.a,
Timucin,Malhotra,,dbj.a,dji-jgfh,FLOYD,IA,faedf.a,M,N,,,a.a,ia.a,a.a
Yali,Ponamgi,F,jbi.a,ffj-gghf,,OK,hedeh.a,S,,hfaaa.a,g.cf,,a.a,a.a
Naoshi,Amlani,M,faf.a,gci-cfbb,,NM,,M,N,jfaaa.a,,a.a,ggaa.a,a.a
,Ramalho,M,eia.a,ghj-hddf,VERNON,AZ,,S,Y,jfaaa.a,e.bihf,,a.a,cdaa.a
Natalio,Bruchert,M,gba.a,eda-jbfe,BOLIVAR,,bfjcd.a,M,,baaaa.a,,a.a,a.a,
,Urponen,,dbh.a,igf-hagb,SPICELAND,IN,ehdif.a,,Y,gfaaa.a,d.e,,a.a,baaa.a
,Keskin,M,cai.a,,DOVER,ID,idicf.a,S,Y,,c.gjadedj,,a.a,ddaa.a
Seshu,Clair,,ied.a,bbi-eegc,NORTH MYRTLE BEACH,,cjfic.a,,,cfaaa.a,h.a,,a.a,a.a
Sevki,Beliaeva,M,dai.a,jjg-daeg,ROSELAND,NE,,,Y,jfaaa.a,,a.a,cag.a,bad.a
Jonna,Raebel,M,iai.a,,HAIKU,HI,jghai.a,S,Y,iaaaa.a,i.cf,,a.a,baea.a
Eila,Giunchiglia,,caf.a,bhf-jfjg,JACKSONS GAP,,dgigb.a,,Y,bfaaa.a,,a.a,daaa.a,daa.a
Sudhakar,Guardabassi,M,dbi.a,dba-gjch,CONVERSE,LA,hbebj.a,M,N,gaaaa.a,,a.a,jaaa.a,a.a
,Brunk,,cfg.a,ibj-hgfd,BIRMINGHAM,,dfcej.a,M,Y,ffaaa.a,,a.a,daaa.a,daa.a
Ipke,Landram,M,cac.a,eaa-jaed,WASHINGTON,,cafje.a,M,Y,,,a.a,chea.a,
,Klette,,igf.a,gja-gcjc,JELLICO,,dhhgc.a,,,,,,a.a,a.a
Walther,Besl,,gaf.a,dgg-baig,,SD,fhffc.a,S,,dfaaa.a,,,a.a,a.a
Artyom,Openshaw,F,had.a,bhb-diai,MOLLUSK,,ccfbh.a,,,daaaa.a,,a.a,biaa.a,
,Beckhoff,F,feb.a,,,OR,jhafh.a,S,,dfaaa.a,j.a,,a.a,bfj.a
Shimei,Milicia,,jab.a,ecf-dcgh,MEMPHIS,,dibef.a,,,,,,a.a,a.a
,Gartshore,F,gbf.a,haa-cibf,JASPER,,,,,jaaaa.a,,,a.a,a.a
Fumino,Goradia,F,jha.a,,GREELEY,CO,iagdj.a,S,N,efaaa.a,,,a.a,a.a
Baile,Poncelet,,cci.a,ffc-jijh,GUNTOWN,,diiej.a,M,N,efaaa.a,,a.a,bcaaa.a,a.a
Asiri,Clarke,,gag.a,cdc-dgei,MACEO,,ecdff.a,,Y,gfaaa.a,f.eeeeeeh,,a.a,ca.a
Bartek,Hohler,M,ddh.a,dbh-fjdb,BOSSIER CITY,LA,hbbhc.a,M,N,,,a.a,jaaa.a,a.a
,Charissis,M,gad.a,hfh-chdg,HINSDALE,NH,,M,N,ifaaa.a,,a.a,a.a,
Abhijit,Zurfluh,,hag.a,dhj-fdhh,LOOKOUT MOUNTAIN,,dahfa.a,,Y,daaaa.a,,a.a,feaa.a,daaa.a
Hideaki,Daws,F,dfb.a,dif-iidj,ASHFIELD,MA,bdda.a,M,N,haaaa.a,,a.a,hbfa.a,
,Duntsch,F,hbh.a,hjb-eagb,MCKEESPORT,,bfbdf.a,,,ffaaa.a,,,a.a,
,Rovan,M,ddj.a,icg-hgag,ANDOVER,MA,ffee.a,M,N,faaa.a,,a.a,hbfa.a,
Russ,Shanblatt,M,iai.a,,OOKALA,HI,jghhe.a,,Y,eaaaa.a,i.cf,,a.a,baea.a
Prentiss,Sawamiphakdi,,hae.a,jgb-jgae,FUQUAY VARINA,,chfcg.a,S,N,caaaa.a,g.bfcajhh,,a.a,
,Dittert,F,fia.a,jdf-jdag,,OK,heegj.a,M,,gaaaa.a,,a.a,caaa.a,baaa.a
Suhas,Pescio,F,ifi.a,,ONTARIO,CA,jbhgc.a,,Y,gfaaa.a,j.d,,a.a,chc.a
,Galati,,gab.a,hhj-ccfd,BRAXTON,,djaee.a,M,Y,faaa.a,,a.a,bcaaa.a,bfaa.a
,Zampieri,M,fad.a,heh-hgdd,,OR,,S,,baaaaa.a,j.a,,a.a,bfj.a
Jiawen,Tripathy,F,gad.a,chj-jbgd,ATKINSON,NH,dibb.a,S,Y,faaa.a,,,a.a,
Johnette,Hiroike,,jbd.a,ecg-bgjh,WILSON,KS,gheja.a,S,Y,,g.ef,,a.a,ccfa.a
Kazumiti,Jette,,dai.a,ehh-ejjf,GILEAD,NE,gidgc.a,M,Y,,,,cag.a,bad.a
Sarangan,Ishizuka,,hgf.a,cbj-heid,OSSIAN,,eghhh.a,,N,,,,caaa.a,a.a
Pau,Besselaar,,gbc.a,eif-eijc,HENNING,MN,fgffb.a,M,Y,daaaa.a,,,ggaa.a,ddaa.a
,Scheepers,F,,iag-jfcj,LEVITTOWN,,bjafe.a,,,baaaa.a,,,a.a,
Reinder,Roura,M,,cih-jifj,,NY,bchhi.a,S,,ffaaa.a,,,a.a,
,Kate,F,dbi.a,ghj-eaih,DOWNSVILLE,LA,hbcde.a,M,Y,,,,jaaa.a,baaa.a
,Pokorny,M,,hgd-dicc,,PR,gad.a,M,,bfaaa.a,,,a.a,a.a
,Hanatani,,,ieb-icid,NEW GERMANY,MN,ffdgh.a,,Y,,f.df,,a.a,ddaa.a
Derwent,Brazakovic,,,ehe-hdgh,SOUTH LYON,MI,eibhi.a,,N,eaaaa.a,d.j,,a.a,a.a
Jogesh,Bitan,,,dhd-bhec,SCRANTON,,chihf.a,,N,ffaaa.a,g.iigdgdf,,a.a,
,Sikka,,ibg.a,ifa-fbcd,MINERAL POINT,MO,gdgga.a,,Y,daaaa.a,,,ecaa.a,bcaa.a
Suraj,Gerbe,M,cac.a,jha-fhdd,WASHINGTON,,cacbf.a,M,Y,dfaaa.a,,,chea.a,
Ventura,Bazgan,F,,fdg-eddh,THATCHER,AZ,,S,Y,iaaaa.a,d.jff,,a.a,cdaa.a
Lissa,Cronau,F,iai.a,,LANAI CITY,HI,jghgd.a,,Y,hfaaa.a,,,caia.a,baea.a
Gadi,Kuzuoka,F,,dje-fhdd,SHUTESBURY,MA,bahc.a,,N,,f.d,,a.a,
Ido,Nagata,F,,,,WY,icdab.a,S,N,,,,a.a,a.a
Taenam,Quinqueton,F,,deb-bihj,PITTSBURG,NH,dfjc.a,,Y,daaaa.a,,,a.a,
Dinkar,Begg,M,,,GREELEY,CO,iagdd.a,M,N,ffaaa.a,,,a.a,a.a
Annya,Thackray,,fhb.a,dib-cdbd,ROANOKE,,cebff.a,,,bfaaa.a,,,biaa.a,
Rajib,Soleimanipour,F,,eec-dcbb,,PR,gfj.a,M,,faaa.a,,,a.a,a.a
Keiko,Zastre,,dae.a,cfg-jiaf,CHARLESTON,,cfdab.a,M,N,eaaaa.a,,,eaaa.a,
Jayadev,Leiwo,,,fij-ifha,PINETOWN,,chigf.a,,N,,g.a,,a.a,
Unal,Chuah,,,egg-bihc,TAMPA,,ddgbh.a,S,N,daaaa.a,,,a.a,a.a
Fumihiko,Schollmeyer,F,,bef-giij,,RI,cidh.a,M,,faaaa.a,,,a.a,
Stven,Krogh,,,ejb-jcgf,BRADFORDSVILLE,,eaaaj.a,S,N,,e.gbbbbb,,a.a,a.a
Jochen,Rivero,M,,,SILT,CO,ibgfc.a,,N,eaaaa.a,,,a.a,a.a
Dima,Abbod,F,,fjg-jcdf,MERIDIAN,,,,Y,baaaaa.a,f.a,,a.a,bfaa.a
Xianlong,Baumann,F,cai.a,,COOLIN,ID,idicb.a,M,Y,haaaa.a,,,ggaa.a,ddaa.a
Concepcion,Majewski,,,bcj-ehdh,MC LAIN,,djefg.a,,Y,,f.a,,a.a,bfaa.a
Abimbola,Braams,M,,fhc-gagg,SPRINGFIELD,MA,,,Y,iaaaa.a,f.d,,a.a,
,Townsend,M,eed.a,hee-eaah,GLENWOOD,,cbhdi.a,M,Y,iaaaa.a,,,eiaa.a,
Neli,Baer,M,iai.a,,HONOLULU,HI,jgibe.a,M,Y,cfaaa.a,,,caia.a,baea.a
Tamara,Tagansky,,,bjh-ijic,LINCOLNTON,,ciajd.a,,N,haaaa.a,h.cabaej,,a.a,
Kais,Riad,M,faf.a,,,NM,ihbcd.a,M,N,eaaaa.a,,,ggaa.a,a.a
Joacheim,Wolpe,,,cic-bcdc,MOHALL,ND,fihgb.a,,Y,haaaa.a,c.fghbghf,,a.a,ddaa.a
Eugeniusz,Linebarger,,,gfe-djde,PRUDENVILLE,MI,eigfb.a,,N,,d.j,,a.a,a.a
Jarir,Baudet,M,,ded-icfe,WASHINGTON,,cafej.a,S,N,iaaaa.a,j.a,,a.a,
Liem,Wolfram,M,,dje-bjba,NEW CASTLE,,,,N,baaaaa.a,f.jf,,a.a,
,Goan,F,gab.a,igf-chgd,BOGUE CHITTO,,,M,N,jaaaa.a,,,bcaaa.a,a.a
Sreenivas,Razavi,M,iei.a,cca-iccb,MIDLAND PARK,NJ,hedc.a,,Y,haaaa.a,,,caaa.a,
,Malkhi,,,hii-iaej,HARRIMAN,,dhhei.a,M,,,,,a.a,a.a
Min,Alberga,,,feb-bgcf,,WI,fegba.a,S,N,gfaaa.a,f.fhfhii,,a.a,a.a
Alesiano,Chleq,F,,chj-iige,,OK,hejgf.a,S,,cfaaa.a,g.cf,,a.a,a.a
Subhachandra,Bax,F,gcg.a,,IRVINE,CA,jcgca.a,M,N,iaaaa.a,,,bhe.a,a.a
Usha,Piette,F,,cdc-jhcc,,RI,cihc.a,M,,efaaa.a,,,a.a,
,Spell,M,,jaj-dehh,PITKIN,CO,,,Y,baaaaa.a,,,a.a,a.a
,Christianson,M,,iii-dgga,,RI,cidb.a,S,,gfaaa.a,,,a.a,
,Moharir,M,,iic-bcfa,HARTLY,,bjjfd.a,S,Y,,f.jf,,a.a,
Sverker,Wichert,F,,egc-cjjj,PLAINFIELD,NH,dhib.a,,N,gaaaa.a,,,a.a,
,Talburt,F,jbd.a,ibi-dcjj,BENTLEY,KS,,M,N,baaaaa.a,,,efaa.a,a.a
,Gershon,,,ied-hacb,JASPER,,dhdeh.a,,,iaaaa.a,,,a.a,a.a
,Bahsoun,,,ici-cied,CONYERS,,daabc.a,S,N,faaaa.a,g.a,,a.a,a.a
Erry,Dewar,F,,dgf-iidd,LOWNDESBORO,,,,N,jfaaa.a,f.a,,a.a,a.a
Voratas,Highnam,,dde.a,bac-faee,STANTON,,dghja.a,,Y,,,,daaa.a,daa.a
,Greenaway,M,,gjg-degd,STOW,MA,bhhf.a,,Y,daaaa.a,f.d,,a.a,
Gera,Windisch,F,,bgh-bjbg,,PR,gia.a,S,,dfaaa.a,,,a.a,a.a
Toniann,Varvel,M,,bga-ecbd,HAMPTON,NH,died.a,S,Y,gfaaa.a,,,a.a,
,Abella,M,,,HASWELL,CO,ibaef.a,S,Y,faaaa.a,,,a.a,a.a
Shunichiro,Mandviwalla,,,dig-biij,ISLE SAINT GEORGE,,ededg.a,,,,b.ihdicaf,,a.a,a.a
,Hoeij,M,cac.a,iea-gfad,WASHINGTON,,cacha.a,M,Y,,,,chea.a,
Heino,Schultis,F,iab.a,,,UT,iehia.a,M,,hfaaa.a,,,ejfa.a,cehf.a
,Gunal,F,,,,WA,jiejc.a,M,Y,caaaa.a,,,a.a,a.a
Tucker,Kieras,M,,,,OR,jheea.a,S,,,j.a,,a.a,bfj.a
,Auletta,F,,jcg-hccc,DRACUT,MA,,S,N,baaaaa.a,f.d,,a.a,
Anni,Eyre,,jeh.a,fjg-ejei,WHITE PIGEON,MI,ejajj.a,M,Y,eaaaa.a,,,gcaa.a,dbaa.a
Lim,Klosgen,M,,,,WA,jjbad.a,M,N,,,,a.a,a.a
,Yaoi,F,ebd.a,hdc-cgbc,TYRINGHAM,MA,bcge.a,M,N,gaaaa.a,,,hbfa.a,
Heiko,Bengtsson,,eag.a,dcd-ejbb,HELENA,MT,fjgcd.a,M,N,daaaa.a,,,diaa.a,a.a
Belynda,LeThanh,M,cac.a,dha-gahc,WASHINGTON,,cacbc.a,M,N,,,,chea.a,
Nat,Poch,,ibc.a,edd-ebdg,JEFFERSONVILLE,,ehbdd.a,,Y,caaaa.a,,,caaa.a,baaa.a
Quing,Kobylarz,,,ffb-eaef,RUSO,ND,fihhi.a,,Y,,c.b,,a.a,ddaa.a
Xiao,Wendel,M,,deh-fgeg,WILLIAMSPORT,,bhhad.a,M,,eaaaa.a,,,a.a,
Cass,Caluwe,F,cah.a,ccd-dahb,EAST WILTON,ME,ecde.a,M,N,faaa.a,,,fhaa.a,
,Seppanen,M,,,MONTE VISTA,CO,ibbee.a,,N,gfaaa.a,,,a.a,a.a
Rayadurgam,Hirschowitz,,,bih-fjfe,LAWRENCEVILLE,,daaed.a,,N,,g.a,,a.a,a.a
,Borrmann,F,,iff-cibj,CROTON,,,S,,jfaaa.a,d.gjjfdih,,a.a,a.a
Margaretha,Konomi,,cbj.a,ehh-cdeh,LANESVILLE,,ehbdg.a,,N,,,,caaa.a,a.a
Joseba,Gerasch,M,,,RAMPART,AK,jjhgh.a,,Y,dfaaa.a,,,a.a,a.a
Atila,Angot,M,,jig-ihda,ORLEAN,,cabci.a,,,faaaa.a,f.hf,,a.a,
,Yaku,F,,hje-hehj,WILMINGTON,,,S,Y,jaaaa.a,f.jf,,a.a,
,Vevea,M,,,CAMPO SECO,CA,jfccg.a,S,Y,baaaa.a,b.igj,,a.a,chc.a
Kehsiung,Renner,M,,fcd-bedd,GILTNER,NE,,S,N,baaaaa.a,g.ie,,a.a,a.a
,Cooley,F,,,,NV,ijbcg.a,M,,baaaa.a,,,a.a,a.a
,Jarwala,M,jhd.a,hfa-iafh,SOUTH HACKENSACK,NJ,hgag.a,,N,,,,caaa.a,
Xiaoheng,Brustmann,,,gdd-gegg,BURLINGTON,MI,ejacj.a,S,N,dfaaa.a,d.j,,a.a,a.a
,Schulmeyer,,caf.a,idc-eaaj,EUTAW,,dfegc.a,M,Y,cfaaa.a,,,daaa.a,daa.a
Carmem,Chubarov,M,hfh.a,dca-faae,BRUCETOWN,,ccgcc.a,M,,ffaaa.a,,,biaa.a,
Aiqun,Larus,,,ejf-gahj,KNOX CITY,MO,gdeeg.a,,N,,g.a,,a.a,a.a
Taizan,Canos,F,eac.a,gcb-bhdb,TABLE ROCK,NE,,M,N,baaaaa.a,,,cag.a,a.a
Alston,Ehrhard,,,ffd-bcci,FILER CITY,MI,ejgde.a,S,Y,cfaaa.a,d.j,,a.a,dbaa.a
Shelton,Grapa,F,,bac-jceh,,RI,cidi.a,S,,dfaaa.a,,,a.a,
Sungkil,Urpani,M,eaf.a,geh-hgcf,,OK,hdgfe.a,M,,efaaa.a,,,caaa.a,baaa.a
,Perri,M,,,FALSE PASS,AK,jjfid.a,M,Y,efaaa.a,,,a.a,a.a
Xianging,Cremonini,,,cgi-diff,JAMAICA,,cdahj.a,,,cfaaa.a,f.hf,,a.a,
Gerold,Bestgen,M,,dec-eefb,,VT,fgge.a,S,,cfaaa.a,d.g,,a.a,
,Chute,M,,,FORT COLLINS,CO,iafcg.a,S,N,hfaaa.a,,,a.a,a.a
,Luttringhaus,M,,gjd-ibba,SILVER LAKE,NH,dihf.a,,Y,,,,a.a,
Vladdimir,Mechling,,jij.a,fhc-cage,MORENCI,MI,ejcfg.a,,Y,,,,gcaa.a,dbaa.a
Biswa,Constantineau,M,,fed-fjjb,PERKASIE,,bijee.a,,,dfaaa.a,,,a.a,
Vijayan,Kuchenhoff,M,,ejf-dacb,CHANTILLY,,cabfc.a,S,,,f.hf,,a.a,
Carine,Thorelli,M,,eee-cifa,,RI,ciii.a,M,,faaa.a,,,a.a,
Papa,Poix,F,,,ATQASUK,AK,jjhjb.a,S,Y,iaaaa.a,,,a.a,a.a
,Schaub,,,hag-jaec,MINNEAPOLIS,MN,ffeia.a,,N,gfaaa.a,h.hceagg,,a.a,a.a
,Wygladala,M,eba.a,hdg-bgja,HUNT VALLEY,,cbadb.a,M,N,haaaa.a,,,eiaa.a,
Bette,Hackl,F,,bdg-egbd,,VT,fbei.a,S,,,d.g,,a.a,
Stamos,Boersma,M,,eei-ffif,OZARK,,,,N,baaaaa.a,f.a,,a.a,a.a
,Sawada,,,ijh-jaci,LATHAM,IL,gcfed.a,,N,faaa.a,d.a,,a.a,a.a
Kayoko,Middeldorp,M,,,KIMBERLY,ID,iddeb.a,,Y,,h.i,,a.a,ddaa.a
Giorgios,Clemmensen,F,,gej-cgac,,PR,gab.a,M,,faaa.a,,,a.a,a.a
Alice,Feast,M,jhb.a,,,OR,jhief.a,M,,daaaa.a,,,dbi.a,bfj.a
Rony,Brancadori,F,,cjf-hgdc,,PR,,S,,ifaaa.a,,,a.a,a.a
Rondall,Grigoryev,M,jcf.a,,BAKERSFIELD,CA,jddae.a,M,Y,bfaaa.a,,,bhe.a,chc.a
,Spiegler,,,ige-fjch,HARVEYSBURG,,efadc.a,S,,dfaaa.a,b.hahiegc,,a.a,a.a
Subhrajit,Mokkedem,M,eed.a,bfe-jedg,FORT GEORGE G MEADE,,cahff.a,M,N,,,,eiaa.a,
Lokesh,Carey,M,dac.a,chd-gejd,DOVER,,bjjaf.a,M,N,cfaaa.a,,,cca.a,
Sadeph,Morris,,,ejg-ccab,FORT WAYNE,,egijj.a,S,N,,d.e,,a.a,a.a
Djimitri,Kayser,M,,,,WY,icdce.a,S,N,,,,a.a,a.a
,Lavecchia,M,,ihc-ecdj,WASHINGTON,,cafba.a,S,N,,j.a,,a.a,
Hanqin,Malitz,,,cbg-bibb,,SD,fhhjj.a,S,,,,,a.a,a.a
Irving,Randi,,ddg.a,gca-giac,OCEAN ISLE BEACH,,ciegj.a,,N,faaaa.a,,,ggaa.a,
Didier,Beuter,,,fic-cjib,CANYON CREEK,MT,fjgdd.a,S,Y,efaaa.a,g.j,,a.a,bjaa.a
,Aschim,F,hib.a,ihd-fjgj,HUNTINGTON,MA,,M,Y,jaaaa.a,,,hbfa.a,
Haresh,Haraldsson,F,iac.a,jed-fffj,,VT,fehi.a,M,,,,,ggaa.a,
Troels,Greibach,F,iga.a,cif-gbjf,UNIONVILLE,CT,gaif.a,M,Y,caaaa.a,,,cefaa.a,
Natraj,Fargeaud,F,,dhf-edjf,HUNTINGTON,,,S,N,ifaaa.a,g.f,,a.a,
Konrad,Daelemans,M,,bjc-bgbj,OELWEIN,IA,,,N,jfaaa.a,i.ji,,a.a,a.a
Misa,Wielonsky,,dbj.a,jjd-cbih,DES MOINES,IA,fadjb.a,M,N,gaaaa.a,,,ia.a,a.a
Abraham,Schlegel,M,,,,WA,jidib.a,S,Y,baaaa.a,,,a.a,a.a
Arindam,Kelb,,dai.a,geh-hbhd,BELVIDERE,NE,gidbf.a,M,Y,,,,cag.a,bad.a
Mirsad,Losco,M,cai.a,,FISH HAVEN,ID,idcih.a,M,Y,,,,ggaa.a,ddaa.a
Ra'ed,Keum,M,,,,TX,hhagi.a,S,,,,,a.a,a.a
LiWu,Lundstrom,,gfb.a,dfj-fidg,SAINT MICHAEL,MN,ffdhg.a,,N,,,,ggaa.a,a.a
Dahlia,Missinai,,,cee-gedf,NOTRE DAME,,egffg.a,,N,,d.e,,a.a,a.a
Fazel,Cucka,M,,cee-deej,BELGRADE LAKES,ME,,S,N,baaaaa.a,i.f,,a.a,
,Kilgour,,ggc.a,iha-bgjb,HARPERVILLE,,djaia.a,M,Y,,,,bcaaa.a,bfaa.a
,Schappert,F,,,,WA,jjbde.a,S,Y,daaaa.a,,,a.a,a.a
Gunar,Kaizoji,M,,,STRATTON,CO,iaidg.a,,Y,,,,a.a,a.a
Lane,Pragasky,M,,,,TX,hjdcf.a,M,,gaaaa.a,,,a.a,a.a
Nobuyasu,Moghrabi,M,,,DENVER,CO,iacab.a,S,Y,,,,a.a,a.a
Eralp,Papakostas,M,,,SHISHMAREF,AK,jjhhc.a,,Y,gaaaa.a,,,a.a,a.a
Balkrishna,Brustmann,F,,,,NM,ihfca.a,S,,eaaaa.a,f.d,,a.a,a.a
Eldad,Jayawardene,M,,eai-bacj,,PR,jce.a,S,,,,,a.a,
,Brockmeyer,F,,hdf-fjcc,DECATUR,,,S,,ifaaa.a,d.dghfj,,a.a,bdaa.a
Yefim,Forgie,M,,,,UT,iegfd.a,S,,gaaaa.a,h.a,,a.a,cehf.a
,Silberberg,,,hdc-feda,STANTON,ND,fifhb.a,,Y,daaaa.a,c.badehhf,,a.a,ddaa.a
Amy,Gide,F,,ejg-fcji,MILFORD,ME,eegb.a,,N,caaaa.a,i.f,,a.a,
Roa,Beukering,,jij.a,gdi-djgi,DETROIT,MI,eiccd.a,M,N,ffaaa.a,,,gcaa.a,a.a
,Klugerman,F,,iei-geci,ROCHESTER,,begej.a,,,,,,a.a,
Chase,Sutre,F,,jhb-jdcj,ELIZABETH,NJ,hcac.a,S,Y,eaaaa.a,b.hbfebgh,,a.a,
,Pistor,M,chg.a,hda-ejjd,ORKNEY SPRINGS,,ccief.a,,,baaaa.a,,,biaa.a,
Bryony,Dale,F,,eab-ejic,,WI,,S,Y,jfaaa.a,g.ajhaec,,a.a,eaa.a
Yardena,Zazanis,,,eee-iddh,BRANSON,MO,gfgbg.a,S,Y,baaaa.a,g.a,,a.a,bcaa.a
Elisha,Hettesheimer,M,,,,TX,higfi.a,M,,,,,a.a,a.a
,Heyman,M,ehj.a,ifj-diec,SPRINGDALE,AR,hchge.a,,N,,,,ea.a,a.a
,Tedijanto,F,,ggj-cage,,WA,,S,N,iaaaa.a,,,a.a,a.a
Ohad,Bhoedjang,,ige.a,fhi-bdae,ANDREWS,,cjfba.a,M,,caaaa.a,,,ggaa.a,ddaa.a
,Pavlotskaya,F,,igh-fjcb,BRYAN,,,S,,iaaaa.a,d.cabgbfd,,a.a,a.a
,Colliat,,,ida-gihc,LINCOLN,NE,gifcd.a,,N,dfaaa.a,g.ie,,a.a,a.a
Alyman,Morrell,M,,,UNALAKLEET,AK,jjgie.a,S,Y,,,,a.a,a.a
Arjen,Honkela,M,chg.a,djj-gbbb,SOMERVILLE,,cchdj.a,,,,,,biaa.a,
Yasufumi,Savasere,F,,,,TX,hgdge.a,M,,eaaaa.a,,,a.a,a.a
,Genssler,M,,ibg-hdfa,ATHOL,,,S,N,jfaaa.a,g.a,,a.a,a.a
Cesar,Kodialam,M,,,,TX,hfebc.a,M,,,,,a.a,a.a
Dafna,Trzewik,,,dcj-fafh,,SD,fhegb.a,M,,caaaa.a,,,a.a,a.a
Yingjia,BaronLaurie,F,,,JACUMBA,CA,jbjde.a,,N,eaaaa.a,i.jfbdbe,,a.a,a.a
,Bebjak,,jbj.a,igb-bfed,GERMANTON,,chabj.a,M,N,dfaaa.a,,,ggaa.a,
Gwang,Gotzinger,,cci.a,dij-gaff,COLUMBUS,,djhac.a,M,Y,cfaaa.a,,,bcaaa.a,bfaa.a
,Ramamoorthy,F,gaj.a,jbj-dfdh,NEWARK,NJ,hbad.a,,Y,efaaa.a,,,caaa.a,
Mien,Liedekerke,M,,,FORT LYON,CO,ibadi.a,M,N,,,,a.a,a.a
Suraj,Bub,M,,,SEWARD,AK,jjgge.a,,N,efaaa.a,,,a.a,a.a
,Mojana,F,ddh.a,ggi-fegi,URANIA,LA,hbeia.a,M,Y,,,,jaaa.a,baaa.a
Kihyun,D'Auria,M,eaf.a,bji-edfd,,OK,,M,,jfaaa.a,,,caaa.a,baaa.a
Yida,Handschuh,F,cad.a,eeg-gacf,WEST SUFFIELD,CT,gajd.a,M,N,,,,cefaa.a,
Preeti,Gist,,,dhj-dhhf,NAGS HEAD,,chjfj.a,,Y,hfaaa.a,h.dafjee,,a.a,
Jawad,Poesio,F,iac.a,chg-ffhc,,VT,feid.a,M,,faaaa.a,,,ggaa.a,
Mikhail,Borucki,F,,dif-fcgc,LAUREL,,cahcf.a,,N,ffaaa.a,e.hf,,a.a,
Aad,Budinsky,M,,bbb-baac,MOUNT GAY,,,,Y,iaaaa.a,g.f,,a.a,
Tzachi,Palaniappan,F,,cbj-gagb,PLEASANT GROVE,AR,hcfgh.a,,N,baaaa.a,c.fhhigfe,,a.a,a.a
,Mattern,,gfb.a,gig-ibgb,DUNDAS,MN,ffabj.a,M,N,,,,ggaa.a,a.a
Shun'ichi,Wnek,,eag.a,dde-fahe,RAYMOND,MT,fjcfg.a,,Y,dfaaa.a,,,diaa.a,bjaa.a
,Liggesmeyer,,hae.a,hia-efie,FAIRVIEW,,cihda.a,M,N,,,,ggaa.a,
Susann,Rettelbach,,,gcj-edjd,FEESBURG,,efbbj.a,S,,faaaa.a,c.cafhgjd,,a.a,a.a
Rubens,Vivekananda,M,eia.a,,RED ROCK,AZ,ifbef.a,,Y,haaaa.a,,,ecaa.a,cdaa.a
Filioppo,Gurbaxani,F,,,,WY,icgdg.a,S,N,faaaa.a,,,a.a,a.a
Khurshid,Remp,M,fia.a,gde-iiff,,OK,heaaf.a,M,,faaaa.a,,,caaa.a,baaa.a
Bina,Collins,,hab.a,die-bbdh,TRENTON,ND,fiifd.a,M,Y,cfaaa.a,,,ggaa.a,ddaa.a
Periklis,Theodoratos,F,cad.a,bge-ijhg,ESSEX,CT,gecg.a,M,Y,ffaaa.a,,,cefaa.a,
Pini,Sarangdhar,,hbc.a,efc-ejfg,DAVENPORT,IA,fciaj.a,M,N,eaaaa.a,,,ia.a,a.a
Vinoo,Jayaprakash,M,,dbe-ebdf,,PR,jea.a,S,,,,,a.a,
Soren,Heidecker,M,,dha-feeb,RIDGEFIELD,CT,gihj.a,,N,,f.a,,a.a,
Elspeth,Kuikka,M,iga.a,eag-fgah,IVORYTON,CT,geec.a,,Y,,,,cefaa.a,
,Waligora,F,,gja-bgff,WATERTOWN,MA,cehh.a,S,N,ffaaa.a,f.d,,a.a,
,Czap,F,,hag-jfdi,LAMBERTVILLE,NJ,ifda.a,,Y,haaaa.a,c.biifebh,,a.a,
,Colnari,,,ihh-fdaa,BAYBORO,,cifbf.a,S,Y,faaaa.a,g.hibegie,,a.a,
Rosli,Sutherland,,,bcf-fdjg,,SD,fhhga.a,S,,bfaaa.a,,,a.a,a.a
Jarrett,Gladwell,M,iac.a,dda-hcdd,,VT,fcfh.a,M,,dfaaa.a,,,ggaa.a,
Ryosuke,Monarch,F,,eee-ijcf,PENNS GROVE,NJ,iagj.a,,Y,,c.biifebh,,a.a,
Kahoru,Spitbart,F,,,WAIKOLOA,HI,jghdi.a,S,Y,daaaa.a,g.eehdgi,,a.a,baea.a
Ognian,Arbib,F,,dff-egah,,NY,,S,,baaaaa.a,,,a.a,
,Talbott,M,,hdj-ceba,BUFFALO,,becgj.a,M,,gfaaa.a,,,a.a,
Kunio,Vigna,M,,,SAINT HELENA,CA,jefhe.a,,N,efaaa.a,j.d,,a.a,a.a
Chandraleka,Pinho,,,cfd-eijb,WORTHINGTON,,cgfjb.a,S,Y,gfaaa.a,g.f,,a.a,
,Pavlovsky,F,,hjd-gfag,,WY,,S,N,ifaaa.a,,,a.a,a.a
,Wing,M,,,TUCSON,AZ,ifhfa.a,S,N,efaaa.a,d.ebcf,,a.a,a.a
,Nanadikar,F,,hcb-dfbb,STROUDSBURG,,bidga.a,,,,,,a.a,
Diethelm,Schlieder,M,,jih-ibbh,CROPSEY,IL,,S,Y,jfaaa.a,d.a,,a.a,caaa.a
,Usmani,,,hci-baji,MARIETTA,,daagg.a,,N,faaa.a,e.e,,a.a,a.a
Mitsuhiro,Louka,F,,,PALMER LAKE,CO,iabdd.a,,Y,,,,a.a,a.a
Sarosh,Khedri,F,faf.a,,,NM,iibce.a,M,N,,,,ggaa.a,a.a
Vilas,Bergler,F,,,,NM,ihjdf.a,S,Y,haaaa.a,f.d,,a.a,ddaa.a
Danilo,Ehrenberger,,,ffi-ebdc,CRESCENT CITY,,dcbbc.a,S,N,efaaa.a,,,a.a,a.a
Marianna,Diehr,F,iha.a,dbi-ijfc,PETTIGREW,AR,hchfc.a,,N,faaa.a,,,ea.a,a.a
Narasimha,Okasaki,F,,,,WA,jjddd.a,S,Y,dfaaa.a,,,a.a,a.a
Zhuoan,Protsko,M,faf.a,,,NM,ihebj.a,M,Y,faaaa.a,,,ggaa.a,ddaa.a
Brennan,Ranft,,,feb-eifc,MIAMI,,ddbie.a,,Y,hfaaa.a,,,a.a,a.a
Jayne,Winkels,,,dbg-cchh,JENKINS BRIDGE,,cddjj.a,,,faaa.a,c.fdfhbee,,a.a,
Eduard,Bolzoni,M,,,,OR,jhbde.a,S,,hfaaa.a,j.a,,a.a,a.a
Hiroakira,Marquardt,F,,cgg-jfia,,RI,ciia.a,S,,,,,a.a,
Yim,Schade,F,jfc.a,bie-iegj,LEWISTON,MN,,,N,jfaaa.a,,,ggaa.a,a.a
Hidetoshi,Prieve,M,,,WILLCOX,AZ,ifgee.a,S,N,faaa.a,c.ih,,a.a,a.a
Chian,Barreiro,M,eia.a,,COOLIDGE,AZ,ifbci.a,M,N,iaaaa.a,,,ecaa.a,a.a
,Isard,M,,,,WY,icjdh.a,M,Y,,,,a.a,a.a
Luan,Colorni,M,dde.a,eah-bief,PEROTE,,,,Y,jaaaa.a,,,daaa.a,daa.a
,Prini,F,,,BRANSON,CO,ibach.a,M,Y,efaaa.a,,,a.a,a.a
,Regli,M,,igg-dbbj,CATALDO,ID,,S,Y,baaaaa.a,h.i,,a.a,ddaa.a
Puri,Harnett,M,,dej-cdgg,,PR,gjc.a,M,,,,,a.a,a.a
,Rehm,,cce.a,ijc-jbcg,HINCKLEY,IL,gafca.a,M,Y,iaaaa.a,,,eaaa.a,caaa.a
,Lovell,,,hhb-haac,LUTTS,,diehb.a,,,,,,a.a,a.a
Wibke,Hannebauer,M,,gcg-degh,,VT,fgeh.a,S,,,d.iaajee,,a.a,
Ramarao,Smaga,M,,gfg-gjjg,,NY,,M,,jfaaa.a,,,a.a,
Kamal,Okuhata,M,faf.a,,,NM,iibcf.a,M,Y,dfaaa.a,,,ggaa.a,ddaa.a
Annemarie,Katalagarianos,,,geh-gijc,COLLETTSVILLE,,cigbb.a,S,N,,g.cfgjjd,,a.a,
Hans,Ireland,,ggc.a,faa-hige,GULFPORT,,djfah.a,M,N,,,,bcaaa.a,a.a
,Andreassen,M,cah.a,gjj-cifd,PORTER,ME,,,N,jaaaa.a,,,fhaa.a,
Vinnakota,Razum,M,gac.a,,CAVE CREEK,AZ,ifdch.a,M,N,gfaaa.a,,,ecaa.a,a.a
,Giaccio,M,fia.a,gha-ggfe,,OK,,M,,baaaaa.a,,,caaa.a,baaa.a
Tong,Shepherd,,dbh.a,eee-bchf,BROOKVILLE,,ehabc.a,M,N,haaaa.a,,,caaa.a,a.a
,Schaeffer,,,gjd-egif,MACON,,diaei.a,,,haaaa.a,,,a.a,a.a
Nadav,Abdennadher,,,daa-gafh,REEDY,,cfcha.a,,N,daaaa.a,e.e,,a.a,
,Lenders,,,ihc-cgag,DALLAS,,ciade.a,S,N,,g.jjbcfig,,a.a,
Ryuzo,Baumert,F,,cfa-jfdb,VENICE,LA,haajb.a,S,Y,gfaaa.a,g.a,,a.a,baaa.a
Nori,Adusumilli,F,,dha-ebbc,WASHINGTON,,,S,Y,jfaaa.a,j.a,,a.a,
,Estlin,F,,ijh-dfdc,SELBYVILLE,,bjjhf.a,,N,eaaaa.a,e.figdge,,a.a,
Shoujie,Anderaa,M,,baj-bfaa,,RI,,M,,jaaaa.a,,,a.a,
Baiju,Cowie,,dbj.a,bdf-hcdg,PEOSTA,IA,fcagi.a,,N,faaa.a,,,ia.a,a.a
,Charatonik,F,,ibj-bgbi,,RI,cicc.a,S,,haaaa.a,,,a.a,
Ildar,Lucco,F,iga.a,ejd-gabh,FARMINGTON,CT,gada.a,M,N,,,,cefaa.a,
Mario,Kanodia,F,,,KWETHLUK,AK,jjgcb.a,,N,,,,a.a,a.a
Eman,Muharemagic,,eag.a,dje-cfid,EDGAR,MT,fjacg.a,M,Y,,,,diaa.a,bjaa.a
,Hanani,,had.a,hge-hhfi,OAKWOOD,,cegdb.a,,,,,,biaa.a,
Lorna,Karlin,,fgd.a,jig-fjej,SAC CITY,IA,fafid.a,,Y,,,,ia.a,ea.a
Neel,Masini,,,jef-eibh,,SD,fhacg.a,M,,,,,a.a,a.a
Kayhan,Kogut,F,,gfi-gbcf,LYNN,MA,bjab.a,,Y,,f.d,,a.a,
Bilel,Wunderlin,,cci.a,fhb-egfi,JACKSON,,djcig.a,,Y,haaaa.a,,,bcaaa.a,bfaa.a
Marios,Hobbs,,,dfj-ffaa,LUTHERSVILLE,,dacfb.a,,N,,g.a,,a.a,a.a
Lorene,Bugrara,,,cbh-bjga,SUMNER,NE,giihi.a,S,N,hfaaa.a,g.ie,,a.a,a.a
Banchong,Diaconis,,cga.a,gfi-bejh,GREENSBORO,IN,ehdee.a,M,Y,iaaaa.a,,,caaa.a,baaa.a
,Worland,F,fab.a,ije-cijg,HARTFORD,AR,hcjdi.a,M,N,faaa.a,,,ea.a,a.a
Ifor,Liscouet,,gai.a,fjg-dfah,,WI,feebc.a,M,Y,,,,beaa.a,eaa.a
,Wika,M,,ifh-dabb,JACKSONVILLE,,,,N,ifaaa.a,,,a.a,a.a
,Plump,,,hjd-ehbj,WANA,,cgfja.a,S,Y,caaaa.a,d.h,,a.a,
Uldis,Callen,F,edf.a,,,UT,iegee.a,M,,faaa.a,,,ejfa.a,cehf.a
Debashis,Beh,,eag.a,bga-hefi,MONARCH,MT,fjegd.a,,Y,bfaaa.a,,,diaa.a,bjaa.a
Mostefa,Malabarba,F,,,,WA,jiiga.a,S,Y,,,,a.a,a.a
Wop,Goti,F,,,,TX,hiabb.a,S,,cfaaa.a,,,a.a,a.a
Rafal,Punter,F,hfh.a,ehf-ddcg,LEESBURG,,cabhh.a,,,ffaaa.a,,,biaa.a,
,Whitt,F,,hji-jahc,,RI,cjab.a,M,,caaaa.a,,,a.a,
Uresh,Minemura,,dai.a,ddf-fdhg,BURWELL,NE,giicd.a,M,N,,,,cag.a,a.a
,Karsai,M,,,HACKBERRY,AZ,igebb.a,S,N,,e.adcf,,a.a,a.a
Hyeongil,Mikitiuk,M,,,,WY,icafj.a,M,Y,,,,a.a,a.a
,Colotti,,,iie-igge,HUEYSVILLE,,ebgea.a,S,Y,cfaaa.a,d.ccccccd,,a.a,ca.a
,Parascandalo,,cfb.a,ief-fjje,SPRINGVILLE,,dfbeg.a,,N,efaaa.a,,,daaa.a,a.a
Ion,Braunschweig,M,iac.a,jie-jdid,,VT,fhfj.a,M,,ffaaa.a,,,ggaa.a,
Jess,Ullian,F,,bdi-jibg,CEDAR RAPIDS,IA,,S,N,baaaaa.a,i.ji,,a.a,a.a
Audrey,Phan,F,,,,WA,jjbac.a,M,N,bfaaa.a,,,a.a,a.a
Wijesuriya,Schonegge,,,cbe-ebjc,MEMPHIS,,dibgh.a,,,gaaaa.a,,,a.a,a.a
Jiansan,Yeun,F,iga.a,gfg-jejc,ASHFORD,CT,,M,Y,jfaaa.a,,,cefaa.a,
Vincent,Baaleh,F,,,,NV,ijbef.a,S,,bfaaa.a,,,a.a,a.a
Charmane,Lamond,,,dfe-ddjb,BLOOMINGTON,IN,ehead.a,S,Y,,d.e,,a.a,baaa.a
Cal,Bruckman,F,,fae-bifh,,VT,fidc.a,S,,dfaaa.a,d.habeggi,,a.a,
Heimo,Rozen,M,cac.a,jea-fcei,WASHINGTON,,,M,Y,jfaaa.a,,,chea.a,
,Kinsley,F,iai.a,,HONOLULU,HI,jgiee.a,M,Y,,,,,baea.a
Fay,Pfleeger,,,geb-hcbd,ANTIOCH,,dhabd.a,M,,iaaaa.a,,,,a.a
Palle,Rimmek,M,dai.a,gbb-efdi,PLEASANTON,NE,,,N,ifaaa.a,,,,a.a
,Giles,F,ccf.a,jce-hefh,BATON ROUGE,LA,haihd.a,M,N,daaaa.a,,,,a.a
Sadakazu,Lohberger,F,,,KANEOHE,HI,jghee.a,,N,,i.cf,,a.a,a.a
Suranjan,Priess,,ggc.a,dch-gfdc,HOLLANDALE,,dihei.a,M,N,daaaa.a,,,,a.a
Brom,Whiting,F,jai.a,fhe-jbfd,DEAL,NJ,hhcd.a,M,N,bfaaa.a,,,,
,Schellhorn,M,,,,WA,jjbfb.a,M,N,eaaaa.a,,,,a.a
Kannan,Ullmer,,,eha-deih,BAILEY,,chiah.a,S,N,gfaaa.a,h.ajgbfdh,,a.a,
Asham,Poston,M,,,FORT SHAFTER,HI,jgifi.a,S,Y,caaaa.a,e.geehdh,,a.a,baea.a
Liang,Czajkowski,,hgj.a,def-jfab,PHILADELPHIA,,djdfa.a,,Y,eaaaa.a,,,,bfaa.a
,Toyoshima,,gag.a,ihd-gbib,ALPHA,,ecgad.a,M,Y,daaaa.a,,,,ca.a
Vaduvur,Genin,F,,,,NV,ijbfg.a,M,,gaaaa.a,,,,a.a
Rolf,Graef,M,,dih-ehje,HAZELTON,ID,,S,Y,jfaaa.a,h.i,,a.a,ddaa.a
Regino,Stephenson,F,,,HARTSEL,CO,iaeej.a,S,N,bfaaa.a,,,,a.a
Yvo,Hjelsvold,,jeh.a,fdh-bcjb,ATLANTIC MINE,MI,ejjaf.a,M,N,,,,,a.a
,Arimoto,F,,,PINE,AZ,iffee.a,,N,baaaa.a,c.ih,,a.a,a.a
Hermann,Botman,M,,,,WY,icccj.a,M,N,baaaa.a,,,,a.a
Maire,Pagnutti,,jca.a,fci-cgah,,WI,fecbf.a,M,Y,dfaaa.a,,,,eaa.a
Willm,Kaminka,M,,fhd-ieaf,BELMAR,NJ,hhbf.a,S,Y,,c.biifebh,,a.a,
Rex,Durre,,ige.a,bdd-bdfh,BEECH ISLAND,,cjiec.a,M,,ffaaa.a,,,,a.a
Lem,Redmiles,M,,cig-cfcb,JASONVILLE,IN,,,Y,jaaaa.a,d.e,,a.a,baaa.a
Thao,Asmussen,F,,bdj-edic,POLACCA,AZ,,,Y,baaaaa.a,e.cgf,,a.a,cdaa.a
Salvador,Boursier,F,iei.a,efa-gdae,ROSELLE,NJ,hcad.a,,N,iaaaa.a,,,,
Didir,Calvin,,cdb.a,cdg-bgej,BLOOMFIELD HILLS,MI,eidac.a,M,N,gaaaa.a,,,,a.a
Nadya,Yanagida,M,,bgd-ejac,RICHARDSVILLE,,cchdg.a,,,baaaa.a,d.ihf,,a.a,
,Slonim,,dae.a,hce-fffh,GLADY,,cgcgi.a,M,N,ffaaa.a,,,,
Naomichi,Elgaard,,cbh.a,bih-chha,OAKLAND,IL,gbjed.a,,N,hfaaa.a,,,,a.a
Yah,Noordermeer,M,fae.a,egg-fejb,SULPHUR,LA,hagge.a,M,Y,,,,,baaa.a
Hodong,Christiansen,M,,gag-fedi,MONROE BRIDGE,MA,bdfa.a,,N,faaa.a,f.d,,a.a,
Hisayuki,Motoda,F,,beh-hdjd,WASHINGTON,,cadjc.a,S,Y,,j.a,,a.a,
Jacqueline,Reece,,,daa-gbbd,YORKTOWN,,cdgjd.a,S,,ffaaa.a,f.hf,,a.a,
,Zultner,,hab.a,hif-haji,MANVEL,ND,ficfg.a,,Y,gfaaa.a,,,,ddaa.a
Paola,Eltgroth,F,,,SAHUARITA,AZ,ifgcj.a,,Y,ffaaa.a,d.fghejjj,,a.a,cdaa.a
Viviane,Serpell,M,,fbj-ffij,MANLEY,NE,,,Y,ifaaa.a,g.ie,,a.a,bad.a
,Demsar,,,hfe-gfie,CHRISTIANA,,dhadh.a,M,,cfaaa.a,,,,a.a
Yogendra,Gull,F,,baj-fjhc,MORA,LA,hbeff.a,,Y,cfaaa.a,g.a,,a.a,baaa.a
Tatsuji,Furudate,M,,bje-jcjh,LANARK VILLAGE,,,,Y,jaaaa.a,,,,a.a
,Erni,F,,gjb-dgba,DRYDEN,ME,eccf.a,S,Y,faaaa.a,i.f,,a.a,
,Noordermeer,M,,,RICO,CO,ibddc.a,,N,,,,,a.a
,Freuder,M,,,,WY,ichbb.a,S,N,faaa.a,,,,a.a
,Dosser,M,,idc-debi,WASHINGTON,,caegj.a,S,Y,cfaaa.a,h.ihf,,a.a,
Wanda,Tumuluri,,ibg.a,gfe-ciag,SAINT JOSEPH,MO,gefaf.a,,Y,cfaaa.a,,,,bcaa.a
,Gautschi,M,,hcd-dfbf,WASHINGTON,,caedh.a,S,Y,dfaaa.a,j.a,,a.a,
Gert,Eskesen,,hea.a,caa-hhdf,BUFORD,,efbba.a,M,,ffaaa.a,,,,bdaa.a
Luia,Graft,,dae.a,jif-bjbd,GLEN WHITE,,cfiej.a,M,N,caaaa.a,,,,
Duraisamy,Ulich,F,hhe.a,jia-dgbb,LYNN,MA,,,N,jfaaa.a,,,,
Fahiem,Tulley,,,cgb-jjag,,SD,fhfgc.a,M,,faaa.a,,,,a.a
Zicheng,Collaud,F,,dfi-hbjj,,OK,hdbfh.a,S,,ffaaa.a,g.cf,,a.a,a.a
Suhayya,Lapkowski,M,,cdf-gjgi,,RI,cidj.a,M,,,,,,
Kensei,Jockley,F,cai.a,,POCATELLO,ID,idcab.a,,Y,,,,,ddaa.a
Chihong,Flich,,,cbd-ejhb,WESTON,MI,ejcij.a,S,Y,faaa.a,d.j,,a.a,dbaa.a
Shigeyuki,Mouchtaris,,,chi-eacf,ROANOKE,,ceadd.a,,,,f.hf,,a.a,
DooHyun,Nagata,,dae.a,fgh-hhii,CHARLESTON,,cfddg.a,M,Y,,,,,
,Bateman,M,,hbe-jbeg,WINNISQUAM,NH,dcij.a,M,Y,efaaa.a,,,,
,Iisaku,,,gjf-djee,,SD,fhbij.a,S,,,,,,a.a
,Freuder,M,,,GREELEY,CO,iagdi.a,M,N,gaaaa.a,,,,a.a
,Begg,M,faf.a,,,NM,ihfhi.a,M,N,dfaaa.a,,,,a.a
Simmi,Sensen,F,,daj-ifjd,,TX,hfacc.a,S,,daaaa.a,,,,a.a
Jeremy,Thien,,eag.a,ffd-gjbg,VALIER,MT,fjeig.a,M,N,faaa.a,,,,a.a
Themis,Whitman,,,edg-dghe,OAK VALE,,djgfg.a,,Y,faaaa.a,f.a,,a.a,bfaa.a
,Beun,,dae.a,hgh-ehci,WHITMAN,,cfgfc.a,M,N,bfaaa.a,,,,
,Montelius,M,fia.a,iij-deid,,OK,hehca.a,M,,,,,,a.a
Kresten,Abella,M,,,,NV,ijebj.a,M,,hfaaa.a,,,,a.a
LouAnn,Picht,F,,gdh-ghej,LEXINGTON,,,,Y,ifaaa.a,g.a,,a.a,ca.a
,Spoto,,hbc.a,hgh-egcb,GUERNSEY,IA,fcccb.a,M,Y,gfaaa.a,,,,ea.a
,Gellerich,,had.a,hee-iced,HAMPTON,,cdgge.a,M,,haaaa.a,,,,
Subhrajit,Lamba,M,faf.a,,,NM,iibdf.a,M,N,,,,,a.a
Peiya,Ursu,F,,jfi-cede,CHESTNUT HILL,MA,,S,Y,jaaaa.a,f.d,,a.a,
Lek,Schwertel,F,,cie-ijhf,SEBEWAING,MI,,,N,jfaaa.a,d.j,,a.a,a.a
Karine,Lamping,,dae.a,cdj-jeeh,BRENTON,,ceibi.a,M,N,,,,,
,Niggemeyer,,,ifb-ejhh,LOWRY CITY,MO,gehgd.a,,N,,g.a,,a.a,a.a
Byung,Ennals,M,,jjj-eiih,,OK,hedab.a,S,,caaaa.a,g.cf,,a.a,baaa.a
Ahmad,Diday,,fhb.a,fag-jdch,VIRGINIA BEACH,,cdefc.a,M,,efaaa.a,,,,
Halsur,Trung,,ibg.a,jji-jbad,KANSAS CITY,MO,gebgi.a,,N,caaaa.a,,,,a.a
Nourredine,Couvreur,F,cah.a,cii-jjia,CHEBEAGUE ISLAND,ME,eabh.a,M,N,baaaa.a,,,,
Gaurav,Aoe,F,,,,WY,ichba.a,S,N,bfaaa.a,,,,a.a
Ekow,ORiain,,,gfi-fjdd,CHARLOTTE,,cicag.a,S,N,bfaaa.a,g.aehcacg,,a.a,
Jungho,Ezeiza,,,cib-iccd,MURFREESBORO,,dhbci.a,,,daaaa.a,,,,a.a
,Schmezko,M,,,,WA,jiaaj.a,M,N,haaaa.a,,,,a.a
Joanthan,Ravid,,,bfd-ddbb,PEAK,,cjbcc.a,,,iaaaa.a,h.a,,a.a,a.a
,Guan,F,fab.a,ibi-fhgh,FORT SMITH,AR,hcjad.a,M,Y,daaaa.a,,,,ca.a
,Guizani,,gga.a,hbb-dgbe,SAINT LOUIS,MO,gdbii.a,,N,faaaa.a,,,,a.a
Tiziana,Roantree,F,gfb.a,cfi-gibb,JORDAN,MN,,,N,jfaaa.a,,,,a.a
Weifeng,Fleischanderl,F,faf.a,,,NM,ihhbb.a,M,Y,efaaa.a,,,,ddaa.a
Ingar,Kukimoto,,jbd.a,dfc-fdbe,NORTONVILLE,KS,ggaga.a,,Y,,,,,ccfa.a
Yahia,Wheeler,M,iha.a,ede-fceh,SPRINGFIELD,AR,hcbfh.a,,Y,faaa.a,,,,ca.a
Gal,Schwagereit,M,ehj.a,cdd-fdbi,VENDOR,AR,,M,Y,ifaaa.a,,,,ca.a
Vanu,Noel,,ebe.a,jig-giei,,WI,fdibd.a,M,Y,,,,,eaa.a
Panagiota,Vellino,,dbh.a,ech-fadi,KIMMELL,,eghga.a,,Y,ffaaa.a,,,,baaa.a
Reimer,Muhling,,jbd.a,dcb-ccia,GOODLAND,KS,ghhdf.a,M,N,,,,,a.a
,Radwan,,gbe.a,jac-gagj,SOUTH WEBSTER,,efgic.a,,,caaaa.a,,,,a.a
,Lessing,,hbf.a,jdd-iiif,,WI,fefcg.a,M,N,,,,,a.a
,Mookken,,,hcc-fhie,MEMPHIS,,dibhe.a,,,,,,,a.a
Yijun,Oxman,F,had.a,bjh-ifia,MANASSAS,,cabbd.a,,,gaaaa.a,,,,
Kjartan,Lust,F,ccf.a,bfd-igic,NEW ROADS,LA,hahga.a,,Y,,,,,baaa.a
,Merel,M,,igi-fjij,HENDERSONVILLE,,bfddj.a,M,,,,,,
,Kochs,F,iai.a,,KURTISTOWN,HI,jghga.a,,N,,,,,a.a
Emilie,Strubbe,M,,dfh-haie,,RI,cjad.a,S,,dfaaa.a,,,,
Patrizio,Desbois,M,,jie-cdhg,PORT SULPHUR,LA,haaid.a,,N,eaaaa.a,g.a,,a.a,a.a
Georghios,Frisberg,M,,chh-ciba,SANDHILL,,,,N,ifaaa.a,f.a,,a.a,a.a
Rosemary,Beun,M,cac.a,bea-hbdg,WASHINGTON,,caacj.a,M,Y,iaaaa.a,,,,
Pierangelo,Dicks,,hab.a,cbe-edfg,HILLSBORO,ND,fiaef.a,M,Y,haaaa.a,,,,ddaa.a
Yongun,Meysembourg,,dae.a,gfe-bibi,MOUNT ALTO,,cfcge.a,,Y,,,,,
Morton,Beigel,,,bja-dfbg,NEWBERN,,dghgf.a,,Y,baaaa.a,f.a,,a.a,daa.a
,Papsdorf,,eag.a,iig-djeg,HELENA,MT,fjgac.a,M,Y,caaaa.a,,,,bjaa.a
Hichem,Smiraglia,M,cac.a,jjc-hhij,WASHINGTON,,cafaj.a,M,Y,dfaaa.a,,,,
Keith,Seiferas,,cbj.a,fjb-bgch,BLOOMINGTON,IN,eheab.a,M,Y,faaaa.a,,,,baaa.a
Boyd,Kakuda,F,,eie-igag,,NY,bcbdc.a,M,,,,,,
,Enselme,,cgc.a,hec-jiba,,WI,fdjca.a,M,Y,baaaa.a,,,,eaa.a
,Rosay,,gbg.a,jde-chfa,TRUFANT,MI,ejdeh.a,M,N,eaaaa.a,,,,a.a
Merce,Gribble,M,,fed-heii,HAMLIN,,biech.a,S,,haaaa.a,,,,
Saumya,Pose,M,iac.a,eid-cije,,VT,fdfe.a,M,,gaaaa.a,,,,
,Troyer,M,,jaf-ijda,CHEYENNE WELLS,CO,,S,Y,iaaaa.a,,,,a.a
Shmuel,Gras,M,,dae-dhjg,,NV,,M,,ifaaa.a,,,,a.a
Kijoo,Wyrostek,M,dbe.a,chc-iaff,DORA,MO,,M,N,iaaaa.a,,,,a.a
,Noble,F,,,,WY,icjda.a,M,N,,,,,a.a
,Unalyr,F,gac.a,hih-hdhb,HOLBROOK,AZ,,M,N,jaaaa.a,,,,a.a
Heekuck,Parson,,,gea-idfj,,SD,fheci.a,S,,eaaaa.a,,,,a.a
Bosheng,Milgram,,hag.a,eea-jeae,ELLABELL,,dbdai.a,M,N,,,,,a.a
,Mancho,,,jce-bfjc,LOLO,MT,fjieh.a,,Y,,e.jbgdhj,,a.a,bjaa.a
Nhon,Bateman,M,,ccg-ffdb,HAGERSTOWN,,,S,N,ifaaa.a,e.hf,,a.a,
Leiming,Neukirchner,F,,,SMELTERVILLE,ID,idigi.a,,N,,h.i,,a.a,a.a
Qunsheng,O'Riordan,M,,bcj-eecf,MONROE,ME,,,N,iaaaa.a,i.f,,a.a,
,Foulk,M,,ggg-ighd,,VT,fdga.a,S,,gaaaa.a,e.bjiifdf,,a.a,
,Austing,M,,hbg-igee,,OK,hdfhb.a,S,,faaa.a,d.afffffg,,a.a,baaa.a
Ghulum,Nemani,M,,jjd-hhjb,AVON,,beebe.a,S,,,,,,
Nadjib,Granlund,,,fcc-hefa,PITTS,,dbahc.a,,Y,faaa.a,e.e,,a.a,daaa.a
Wendie,Maleki,,jia.a,chh-fgba,HIDDENITE,,cigdg.a,M,Y,,,,,
Pang,Jording,F,,dcj-gjii,DISTRICT HEIGHTS,,caheh.a,S,N,,e.hf,,a.a,
Shaul,Weatherhead,,ebe.a,fhj-jbaj,,WI,feiba.a,M,Y,gfaaa.a,,,,eaa.a
,Kowarski,,,hcc-bded,BEAVER CROSSING,NE,gidbd.a,S,N,,g.ie,,a.a,a.a
,Hadfield,F,,,,UT,iebfb.a,S,,,h.a,,a.a,cehf.a
Eitesu,Grana,,geb.a,efc-hdeh,WESLEY,IA,faeid.a,M,N,baaaa.a,,,,a.a
,Burneau,M,iga.a,hgb-ghde,ONECO,CT,gdhd.a,,Y,gaaaa.a,,,,
Sungwon,Holsheimer,F,,,COLEVILLE,CA,jgbah.a,S,N,,b.igj,,a.a,a.a
Krzyszfof,Kodama,F,dac.a,cbe-bebg,LINCOLN,,bjjga.a,,N,,,,,
Buenaventura,Hammainen,,,bgh-cejj,MELCHER-DALLAS,IA,fabgd.a,,N,,i.gfeii,,a.a,a.a
,Riefers,,dde.a,ijf-fibg,CHOCCOLOCCO,,dgcfe.a,M,N,baaaa.a,,,,a.a
,Toman,,,gji-hfgi,,WI,feieh.a,S,Y,efaaa.a,f.ccicif,,a.a,eaa.a
Jine,Giacobazzi,F,,cde-iajb,NEW CASTLE,,bjhcb.a,,Y,ffaaa.a,f.gajajb,,a.a,
Fumiaki,Clasen,M,,gaa-ihjj,STAFFORD,CT,gahf.a,,N,caaaa.a,f.a,,a.a,
,Schoelles,,,igj-jgif,COFFEYVILLE,KS,ghddh.a,S,N,bfaaa.a,d.f,,a.a,a.a
Teresa,Onaga,,jia.a,jfc-edge,DUBLIN,,ciddc.a,M,N,efaaa.a,,,,
,Lucco,F,,ihi-jbji,ANDREWS AIR FORCE BASE,,cahgc.a,S,N,,e.hf,,a.a,
,Terplan,M,,,KINGSBURG,CA,jdgdb.a,,Y,gfaaa.a,j.d,,a.a,chc.a
,Annot,,,jdd-iaea,COVINGTON,,ebabg.a,S,N,gfaaa.a,f.eeeeeeh,,a.a,a.a
Noriyuki,Rivieres,M,,feg-deij,SELAWIK,AK,,,N,jfaaa.a,,,,a.a
,Gilmore,,,icc-jeeb,GALVA,IL,gbede.a,S,Y,bfaaa.a,d.a,,a.a,caaa.a
Jos,Nose,,,bba-fbif,BOLIGEE,,dfeed.a,S,Y,,f.a,,a.a,daa.a
Bryant,Vadhan,F,,cej-ibgg,ASHUELOT,NH,,M,N,baaaaa.a,,,,
Haiming,Alborghetti,M,,fgh-ighe,KAUNAKAKAI,HI,,,N,ifaaa.a,i.cf,,a.a,a.a
Fikret,Szepesvari,M,,,,UT,iedbe.a,S,,gfaaa.a,h.a,,a.a,a.a
Kamal,Acketa,M,,fgh-iaaf,DENVER,CO,,S,N,jfaaa.a,,,,a.a
Hubert,Smetana,F,,cic-dibg,AUBURN,KS,,S,N,ifaaa.a,g.ef,,a.a,a.a
Leucio,Hiroyama,M,,,,TX,hfeed.a,S,,,,,,a.a
,Erva,,,ggf-fiic,LONE MOUNTAIN,,dhhhd.a,,,baaaa.a,,,,a.a
Gaby,Beoumes,,,fai-fdfg,JACKSON,,djccf.a,,N,gfaaa.a,f.a,,a.a,a.a
Zuliang,Yagi,F,,djg-fjbg,WEST FARGO,ND,,S,N,jfaaa.a,c.ifgjhdg,,a.a,a.a
Thiel,Wongsaroje,F,,bgj-fgbc,PORTSMOUTH,NH,,,Y,baaaaa.a,,,,
Cris,Wray,F,,fda-dfaf,VINTONDALE,,bfjgb.a,M,,efaaa.a,,,,
Emmanuel,Braoudakis,F,,fhc-jacc,GRANTHAM,NH,dhfd.a,S,Y,daaaa.a,,,,
,Pinches,,eac.a,hje-dhbd,LINCOLN,NE,gifae.a,,Y,cfaaa.a,,,,bad.a
,Morris,,ehi.a,ida-heef,ATLANTA,,dadia.a,M,Y,,,,,daaa.a
Changsik,Abe,F,,bfc-jdab,,NY,bdebd.a,M,,haaaa.a,,,,
Armond,Neuburg,,,bcc-cchi,,SD,fhcdh.a,S,,,,,,a.a
,Benois,,iad.a,ibe-cbig,COLUMBIA,,cjccb.a,M,,efaaa.a,,,,a.a
Deniz,Cotta,M,,,,NV,ijaaj.a,S,,ffaaa.a,,,,a.a
Max,Figueiredo,,,ddh-bhbc,,SD,fhbjh.a,M,,dfaaa.a,,,,a.a
Karan,Staylopatis,F,fad.a,,,OR,jhdgg.a,M,,efaaa.a,,,,a.a
Dannie,Pichetti,M,,cad-jejj,,VT,fegc.a,S,,caaaa.a,d.g,,a.a,
Kaichang,Woit,F,fea.a,jid-chjh,FAIRFAX,,ccade.a,M,,hfaaa.a,,,,
Sarangan,Boville,,ied.a,dfh-bcfi,COLUMBIA,,cjcbf.a,M,,dfaaa.a,,,,ddaa.a
Yoshioki,Garnham,,,jha-jiic,MOUNTAIN IRON,MN,ffhgi.a,,N,ffaaa.a,h.bjaeeid,,a.a,a.a
Eckhard,Weatherhead,F,,fdd-dafj,DEVON,,bjddd.a,M,,gaaaa.a,,,,
Theodore,Gomide,,,ebe-eead,NIOTA,,dhicg.a,,,cfaaa.a,,,,a.a
,Buchholz,,,ijd-dija,PORTAGE DES SIOUX,MO,gddhd.a,,Y,gfaaa.a,g.a,,a.a,bcaa.a
Terrance,Galati,,,fch-ghcc,LAMONT,,dcddg.a,,N,faaa.a,,,,a.a
,Keaton,F,fad.a,,,OR,jhccb.a,M,,,,,,a.a
,Blanning,M,,ibh-ejii,,NY,bafeh.a,M,,hfaaa.a,,,,
Atte,Schnelling,M,dae.a,dhc-chig,SOD,,,,Y,jaaaa.a,,,,
Meenakshi,Seguin,,cde.a,baa-ehgh,METAMORA,,edfea.a,,,faaa.a,,,,a.a
Ken,Noonan,,hae.a,gcg-bdhd,RURAL HALL,,chaef.a,,N,,,,,
Kriton,Waldschmidt,,gab.a,cji-cfed,ACKERMAN,,djhdf.a,M,N,efaaa.a,,,,a.a
Hyuk,Zyryanov,F,,,,NV,ijdba.a,S,,faaa.a,,,,a.a
,Vierke,,ebj.a,hhg-jcjb,LAURELVILLE,,edbdf.a,,,baaaa.a,,,,bdaa.a
,Parameswaran,F,,gjj-icca,,RI,,M,,jfaaa.a,,,,
Amarnath,Layne,M,faf.a,,,NM,iibdf.a,M,,,,,,a.a
Jianyang,Isbitz,,,bee-ibge,,SD,fhbbi.a,S,,,,,,a.a
Winnie,Strijk,,hbc.a,ffj-dfej,MYSTIC,IA,fcfhe.a,,N,dfaaa.a,,,,a.a
Joze,Bard,,fig.a,cbb-bjce,CHARLEVOIX,MI,ejhca.a,M,Y,faaa.a,,,,dbaa.a
Sonny,Tahe,F,gab.a,cib-igeb,BOYLE,,,M,N,ifaaa.a,,,,a.a
Kaylan,Shemesh,M,cah.a,cbg-feei,PARSONSFIELD,ME,eaeh.a,,N,caaaa.a,,,,
,Slaman,M,,jce-gjib,KEATCHIE,LA,hbaeg.a,,Y,gaaaa.a,g.a,,a.a,baaa.a
Wuxu,Luzi,M,fab.a,jhb-ddaf,PARAGOULD,AR,hcefa.a,,Y,,,,,ca.a
Tyko,Bolbourn,,gag.a,jif-gcfi,FORT KNOX,,eabcb.a,M,Y,daaaa.a,,,,ca.a
Sueli,Kobuchi,,,bci-hhch,MANAKIN SABOT,,cdbad.a,,,,f.hf,,a.a,
,Terlouw,F,cai.a,,FIRTH,ID,idcdg.a,M,Y,dfaaa.a,,,,ddaa.a
Ric,Itzigehl,F,,bce-gdid,CENTER BARNSTEAD,NH,dccf.a,M,N,,,,,
,Schlegel,,,iba-fgji,ARGYLE,,dbgcd.a,S,N,cfaaa.a,g.a,,a.a,a.a
,Kamphusmann,,,hbi-gjfi,EATON,IN,ehddi.a,S,N,,d.e,,a.a,a.a
,Simos,,,jag-fjef,,SD,fhhdh.a,M,,haaaa.a,,,,a.a
,Berqvist,,,jca-fehd,NEW ELLENTON,,cjiaj.a,,,bfaaa.a,h.a,,a.a,a.a
,Mittal,,,jce-eagh,KIMMELL,,eghga.a,,N,,d.e,,a.a,a.a
Unal,Delgrossi,M,,djf-jedg,DUNBARTON,NH,daeg.a,M,N,daaaa.a,,,,
Deepak,Monderer,,jbc.a,dgh-cdef,ATLANTA,,daddd.a,M,N,,,,,a.a
Yuval,Jurtensen,,,gbd-bgdb,,WI,fdjff.a,S,N,,e.hahadb,,a.a,a.a
Alfons,Forcheri,,,fhf-hfhg,ROCKFORD,,dhifd.a,,,faaaa.a,,,,a.a
,Aalborg,,,iga-ffhe,,SD,fhdhb.a,S,,hfaaa.a,,,,a.a
,Rogozhnikova,,gga.a,gja-hbci,KANSAS CITY,MO,gebgf.a,,Y,gaaaa.a,,,,bcaa.a
Salah,Rasse,F,,,,NV,ijecc.a,M,,haaaa.a,,,,a.a
,Stasinski,M,,hfb-ggdi,WILMINGTON,,,S,Y,jfaaa.a,f.jf,,a.a,
Tokinori,Paijmans,,cha.a,fge-heed,CATLETTSBURG,,ebbcj.a,M,N,daaaa.a,,,,a.a
Gabi,Figueiredo,F,ehj.a,jij-cefe,BELLA VISTA,AR,hchbe.a,M,N,haaaa.a,,,,a.a
Miguel,Myers,F,,jha-bccg,,PR,gja.a,S,,,,,,a.a
,Barbanera,M,,,,NM,iiacj.a,S,,hfaaa.a,f.d,,a.a,a.a
Kevin,Bellmore,,,cac-bgde,CHARLESTON,,cfdbe.a,S,Y,baaaa.a,d.a,,a.a,
Vassili,Preusig,,,ehh-fahh,ORANGEBURG,,cjbbg.a,,,faaaa.a,h.a,,a.a,ddaa.a
,Kruiskamp,M,feb.a,,,OR,jhief.a,M,,,,,,bfj.a
Aki,Vijayan,F,,dhh-bdce,NEAL,KS,,,Y,iaaaa.a,g.ef,,a.a,ccfa.a
Uwe,Halevi,M,,cdf-igce,HARTFORD,CT,gbcd.a,S,Y,,f.a,,a.a,
Emilia,Dewal,M,,,,WY,icedb.a,M,Y,bfaaa.a,,,,a.a
Justin,Taniar,M,,fgi-hbdh,SELBYVILLE,,bjjhf.a,,Y,eaaaa.a,e.figdge,,a.a,
Yike,Sigstam,,cci.a,egi-igej,NESBIT,,digfb.a,,Y,haaaa.a,,,,bfaa.a
Edson,Utku,M,ifg.a,eii-ejef,STOCKHOLM,NJ,hega.a,,Y,ffaaa.a,,,,
Claas,Greenwald,,hab.a,ged-caii,CARSON,ND,fifcj.a,M,Y,faaa.a,,,,ddaa.a
Nariyasu,Nyce,M,fae.a,efh-jdch,NOBLE,LA,hbegc.a,,N,,,,,a.a
Jaques,Gerbig,M,,cjb-igca,,RI,cigb.a,M,,eaaaa.a,,,,
Tarik,Ratan,F,,eaa-ebfe,,SD,,S,,iaaaa.a,,,,a.a
Bryant,Oberhuber,F,,,,UT,iehee.a,S,,hfaaa.a,h.a,,a.a,a.a
,Khamsi,M,,,,TX,hhcbd.a,S,,,,,,a.a
Allessandro,Wiseman,M,,,,UT,ieafe.a,S,,baaaa.a,h.a,,a.a,a.a
Reginald,Koblitz,F,cad.a,fca-igji,MERIDEN,CT,gefe.a,,N,,,,,
Jinya,Bala,,,ejh-jgaj,ALEXANDER CITY,,dfaba.a,S,Y,cfaaa.a,f.a,,a.a,daa.a
,Galdes,F,iai.a,,PAIA,HI,jghhj.a,,N,faaaa.a,,,,a.a
,Arden,F,,iaj-jhgb,WASHINGTON BORO,,,S,,ifaaa.a,,,,
Darko,Urbach,,,bde-hgdj,EGELAND,ND,fiddb.a,S,Y,gaaaa.a,c.efbcef,,a.a,ddaa.a
,Kehtarnavaz,F,,hfg-dddd,,RI,ciji.a,S,,,,,,
,Oehlmann,F,cac.a,jbb-ggdb,WASHINGTON,,cafcb.a,M,N,faaaa.a,,,,
Eero,Quiniou,M,,gca-ccbi,HILLER,,bfeee.a,S,,hfaaa.a,,,,
Dionysis,Ogielski,,,bbb-ijad,HUNTER,ND,fiaei.a,S,Y,faaa.a,c.b,,a.a,ddaa.a
HweeHwa,Dyckhoff,F,,dfb-bcdd,REYNOLDS,ND,,,N,jfaaa.a,c.ifgjhdg,,a.a,a.a
Ubbo,MacNair,,jba.a,cje-geci,ASHEVILLE,,ciiba.a,M,N,,,,,a.a
,Iwadera,M,eba.a,jch-ejdj,ELLICOTT CITY,,cbaeb.a,M,N,,,,,
Guogen,Fermuller,,,fjb-ccfa,,SD,fhdbe.a,S,,daaaa.a,,,,a.a
,Davarian,F,gcd.a,hid-deja,DUNCAN,AZ,,M,Y,iaaaa.a,,,,cdaa.a
,Schirra,F,,jbh-jhbi,,RI,cihg.a,S,,gaaaa.a,,,,
Alfredo,Speranza,M,,ece-cfgc,,NY,bdhdg.a,M,,dfaaa.a,,,,
,Herberle,M,,,,WA,jjdcb.a,M,Y,,,,,a.a
Lou,Diekert,F,,gde-gjfh,SUMMERVILLE,,,S,,ifaaa.a,h.a,,a.a,a.a
Manrique,Chappell,M,,ehb-ichc,,VT,fghe.a,S,,dfaaa.a,d.habeggi,,a.a,
Takehiko,Felgentreu,M,iac.a,bde-iafc,,VT,fgic.a,M,,faaaa.a,,,,
Mingshang,Prenel,M,jhd.a,cbc-ggdi,ALLAMUCHY,NJ,hica.a,M,N,bfaaa.a,,,,
Hermano,Chenoweth,,,bif-ceda,BROOKFIELD,,eeead.a,S,,caaaa.a,b.cajjcdb,,a.a,bdaa.a
,Poesio,,,ijd-jfhi,INDIANAPOLIS,,egcbb.a,S,N,bfaaa.a,d.e,,a.a,a.a
Tsuneyo,Wavrik,M,,,PILOT POINT,AK,jjgej.a,,N,bfaaa.a,,,,a.a
Wael,Yeom,F,,,ANCHORAGE,AK,jjfah.a,M,Y,caaaa.a,,,,a.a
Ahish,Button,,,baa-cage,ENFIELD,IL,gcidf.a,S,Y,gfaaa.a,d.a,,a.a,caaa.a
,Bien,F,,,,WY,icebb.a,S,Y,cfaaa.a,,,,a.a
,Luck,M,,ghb-hdee,ELLENDALE,,bjjeb.a,S,Y,,f.jf,,a.a,
Jinxi,Rosenblum,F,,,,OR,jheha.a,S,,daaaa.a,j.a,,a.a,bfj.a
Joaquim,Salman,F,,cfi-idfg,ARCADIA,LA,hbaab.a,S,Y,daaaa.a,g.a,,a.a,baaa.a
,Aberg,F,,,,WA,jjbdj.a,M,Y,bfaaa.a,,,,a.a
,Sohoni,F,,hhf-bfjd,WASHINGTON,,cacbe.a,S,N,bfaaa.a,f.gcf,,a.a,
,Cavendish,,ddg.a,had-cdje,SPENCER,,cibfj.a,,Y,gfaaa.a,,,,
Vaishnavi,Pocchiola,M,,cgg-ggcg,HARTFORD,CT,gbfd.a,S,Y,cfaaa.a,f.a,,a.a,
Lou,Kleinschmidt,F,gcd.a,,SCOTTSDALE,AZ,ifcff.a,,Y,,,,,cdaa.a
,VanderMeer,F,,jce-bibe,,WA,,S,N,jfaaa.a,,,,a.a
,Abbasi,F,faf.a,,,NM,ihbih.a,M,Y,cfaaa.a,,,,ddaa.a
Hovav,Matteis,F,,,CANTWELL,AK,jjhcj.a,M,Y,,,,,a.a
,Micheaux,F,,hdb-eeie,NEWTON JUNCTION,NH,difj.a,,N,,,,,
Katerina,Dou,M,,bcd-eeca,MORTON,,bjaha.a,,,iaaaa.a,,,,
Shailendra,Marakakis,,ebe.a,ehd-fgcf,,WI,fdfhg.a,M,N,,,a.a,,a.a
Dhananjai,Magnusson,,,cgf-fcde,OGEMA,MN,fgfgj.a,,N,,f.df,,a.a,a.a
Akihiko,Date,F,,,MANASSA,CO,ibbeb.a,,Y,dfaaa.a,,,,a.a
Viswanath,Pilote,F,,,,NV,ijdbi.a,S,,ffaaa.a,,,,a.a
Mads,Kubicka,M,,,TUNUNAK,AK,jjgib.a,S,N,,,,,a.a
Dianxiang,Kane,M,fda.a,,REDDING,CA,jgajj.a,,N,,,a.a,,a.a
Gavan,Gwertzman,,,jja-dagd,ARLINGTON,IA,fagag.a,S,Y,,c.ehjhgd,,a.a,ea.a
Natacha,Kaiser,,,feb-cehe,,SD,fhcef.a,M,,,,a.a,,a.a
Adrienne,Purna,,,dag-caji,,SD,fhfdi.a,S,,gfaaa.a,,,,a.a
Tomohiko,Babinski,,jbj.a,edh-icfa,KITTY HAWK,,chjej.a,,N,hfaaa.a,,a.a,,
Dominic,Kupiec,,,fba-ciaj,MALTA,,edhfi.a,,,,d.cabgbfd,,a.a,bdaa.a
Luciano,Collier,,ddg.a,feh-hfdj,DAVIDSON,,ciadf.a,M,N,eaaaa.a,,a.a,,
,Flatley,,,ggf-baah,BRUNSWICK,,eecbc.a,S,,bfaaa.a,b.aedjeii,,a.a,a.a
,Reed,,hai.a,jde-ebcj,CHICAGO,IL,gagee.a,M,Y,ffaaa.a,,a.a,,caaa.a
Yechezkel,Globig,M,dab.a,bgj-ecbj,LA PLATA,,,,N,baaaaa.a,,a.a,,
Tatsurou,Tsotras,,gbi.a,jjb-iahd,LA GRANGE PARK,IL,gafcg.a,,N,bfaaa.a,,a.a,,a.a
Chinmoy,Spier,,,fhh-gdfb,DES MOINES,IA,faddd.a,S,N,bfaaa.a,c.ehjhgd,,a.a,a.a
,Butter,F,,hef-daec,ELKTON,,,M,,baaaaa.a,,a.a,,a.a
Yosee,Sartore,,,fjc-ibfj,SAINT LOUIS,MO,gdbef.a,,N,baaaa.a,g.a,,a.a,a.a
Berni,Wendorf,F,hhe.a,dee-dfdb,EVERETT,MA,cbej.a,M,N,iaaaa.a,,a.a,,
Yungho,Zapatrin,M,,gdf-cjie,PENN RUN,,bfhgf.a,,,faaa.a,,,,
,Benoit,M,,,,NV,ijaeh.a,M,,daaaa.a,,a.a,,a.a
Marney,Benaloh,,,efj-ecae,MARYSVILLE,IN,ehbeb.a,,N,dfaaa.a,d.e,,a.a,a.a
Kyungwol,Voiskunskii,,,cej-jdac,AIKEN,,cjiab.a,S,,faaa.a,d.fgdhbg,,a.a,a.a
,Schonhut,,,ici-heda,POTTS CAMP,,digfj.a,,Y,caaaa.a,f.a,,a.a,bfaa.a
Tasuro,Czech,,hha.a,ecf-jbdf,PITTS,,dbahc.a,,N,ffaaa.a,,a.a,,a.a
,Raeithel,M,,ggf-igdc,HONOLULU,HI,,S,N,jfaaa.a,i.cf,,a.a,a.a
Rade,Sagonas,M,faf.a,,,NM,ihjda.a,M,Y,baaaa.a,,a.a,,ddaa.a
Renate,English,M,,,HONOLULU,HI,jgifa.a,S,Y,gfaaa.a,i.cf,,a.a,baea.a
Ady,Zohar,,,bif-dhef,DALTON,,eegbi.a,S,,hfaaa.a,d.adfgebc,,a.a,a.a
Yulan,Bleistein,,,fgh-fhdh,,SD,fhadj.a,S,,hfaaa.a,,,,a.a
Meera,Scofield,M,jbi.a,cag-jddf,,OK,,M,,jaaaa.a,,a.a,,a.a
Shahab,Bast,M,cai.a,,NAMPA,ID,idgfd.a,,Y,eaaaa.a,,a.a,,ddaa.a
Annette,Conheeney,M,,feb-dfia,GAITHERSBURG,,,S,N,jfaaa.a,e.hf,,a.a,
Hussam,Woll,F,,,,NV,ijead.a,M,,gfaaa.a,,a.a,,a.a
Nobuhisa,Holenderski,,had.a,cdf-jgdi,LYNCHBURG,,cefac.a,,,,,a.a,,
Brice,Bruso,,,fgd-jihj,TALLAHASSEE,,dcdjj.a,S,Y,baaaa.a,,,,a.a
,Pitteway,F,,hec-beaf,CHARLESTON,,,S,N,baaaaa.a,g.f,,a.a,
Hyongmuk,Ruger,F,dae.a,jgi-djag,GLEN,,,M,Y,ifaaa.a,,a.a,,
Thies,Hodes,,fac.a,ecj-bafg,FREEBURN,,ebfci.a,M,N,,,a.a,,a.a
,Lawry,M,iac.a,iji-jgca,,VT,fhdc.a,M,,,,a.a,,
Gurushankar,Ireland,M,,chf-beda,ATHENS,ME,ejbc.a,S,Y,,i.f,,a.a,
Sachiko,Abdelmoty,,,gga-chfj,BARHAMSVILLE,,cdabb.a,S,,gfaaa.a,f.hf,,a.a,
,Palaniappan,,,igb-eicc,DEDHAM,IA,fbeea.a,S,N,ffaaa.a,i.gfeii,,a.a,a.a
Genta,Bedard,M,,ejh-cfad,NEWINGTON,CT,gbbb.a,,N,hfaaa.a,f.a,,a.a,
Xuejia,Can,M,,bia-jedd,BROAD TOP,,bggcb.a,S,,faaaa.a,,,,
Junho,Sylor,F,,bgc-jdia,,SD,,M,,ifaaa.a,,a.a,,a.a
Sanjaya,Mongenet,F,,,,NM,iiaej.a,S,N,,f.d,,a.a,a.a
Amane,Sankaranarayanan,F,,bdb-ejih,MILTON MILLS,NH,difc.a,,N,bfaaa.a,,a.a,,
Kriton,Gamerman,,hgf.a,jdj-ghef,ELNORA,IN,ehfcj.a,M,N,efaaa.a,,a.a,,a.a
Yulun,Bratvold,F,,jfh-eiii,GLENWOOD,AR,hbjed.a,S,N,eaaaa.a,h.a,,a.a,a.a
Kejun,Pinto,M,,,DENVER,CO,iaccd.a,M,N,eaaaa.a,,a.a,,a.a
Shigeyoshi,Junkin,,,dgh-egde,LYNCHBURG,,dhdfc.a,,,,,,,a.a
Reinout,Doroslovacki,F,,cfi-hbjc,KENT,CT,,,N,jaaaa.a,f.a,,a.a,
,Chi,M,,,,WA,jjadb.a,S,Y,dfaaa.a,,,,a.a
,Banare,M,,gjh-jcai,DOVER,MA,cada.a,S,N,dfaaa.a,f.d,,a.a,
,Kohen,,hab.a,ihe-degb,MYLO,ND,fidfd.a,,Y,,,a.a,,ddaa.a
Koichi,Chandhok,F,,,,NM,ihaej.a,S,Y,faaaa.a,f.d,,a.a,ddaa.a
Rajnish,Pasztor,F,,djg-ijci,,SD,,S,,jfaaa.a,,,,a.a
,Alpay,F,cad.a,gij-cjif,BRIDGEPORT,CT,ggfa.a,M,N,gfaaa.a,,a.a,,
Eishiro,Give'on,F,fad.a,,,OR,jhebb.a,M,,eaaaa.a,,a.a,,bfj.a
Quinzheng,Quiroz,M,,,,OR,jhich.a,S,,haaaa.a,j.a,,a.a,bfj.a
Lisa,Justus,,dca.a,cbg-gegc,CLONTARF,MN,fgccg.a,M,Y,,,a.a,,ddaa.a
Esin,Fleckenstein,,hab.a,ddc-hjde,CRARY,ND,fidch.a,M,Y,faaa.a,,a.a,,ddaa.a
,Pangrle,F,cad.a,hbb-ghgi,NORWALK,CT,gifi.a,,N,iaaaa.a,,a.a,,
Katashi,Gouy,,,bfc-gfdb,GREEN SPRING,,cghcc.a,S,Y,daaaa.a,e.e,,a.a,
Britta,Wenocur,M,,faj-feag,TELFORD,,bijgj.a,M,,bfaaa.a,,a.a,,
,Schervish,M,iab.a,,,UT,iehfh.a,M,,hfaaa.a,,a.a,,cehf.a
,Carta,,,jce-bjfg,HIALEAH,,ddabd.a,M,N,hfaaa.a,,a.a,,a.a
Appie,Babin,M,,,,NM,ihfia.a,S,Y,iaaaa.a,f.d,,a.a,ddaa.a
,Straubing,,cfg.a,ijb-bgee,COALING,,dfeej.a,M,Y,gfaaa.a,,a.a,,daa.a
Moustafa,Veretennikov,,hbc.a,gdc-cjhj,AYRSHIRE,IA,fafbf.a,M,Y,eaaaa.a,,a.a,,ea.a
Hilmar,Reusch,M,,chg-idfh,,PR,jhh.a,S,,caaaa.a,,,,
Annig,Joswig,F,,eji-ehaj,WEST PETERBOROUGH,NH,degi.a,M,Y,,,a.a,,
Octavio,Jindal,F,,,TUCSON,AZ,ifhbd.a,S,Y,,d.bacf,,a.a,cdaa.a
Michela,Sidje,M,,dbf-eefc,BROCKPORT,,beeca.a,M,,ffaaa.a,,a.a,,
Avishai,Padiou,F,hbc.a,dbi-eihc,DES MOINES,IA,,M,N,jfaaa.a,,a.a,,a.a
Jesse,Trivett,F,,,,NV,ijeeb.a,S,,cfaaa.a,,,,a.a
,Elwell,F,iac.a,ihi-cdbf,,VT,fgaj.a,M,,eaaaa.a,,a.a,,
Vlado,Baudin,F,,,MESA,AZ,ifcbd.a,,N,efaaa.a,d.ebcf,,a.a,a.a
,Pole,F,faf.a,,,NM,ihaid.a,M,N,daaaa.a,,a.a,,a.a
Baocai,Ballin,F,cac.a,gdb-ijaa,WASHINGTON,,cafej.a,M,Y,hfaaa.a,,a.a,,
Yosef,Boughanem,M,jhb.a,,,OR,jhjbh.a,M,,cfaaa.a,,a.a,,a.a
,Ludolph,M,,iih-eiag,HANCOCKS BRIDGE,NJ,iadi.a,S,Y,,c.fadjfic,,a.a,
Zalman,Irshid,F,gac.a,,MESA,AZ,ifchh.a,,N,,,a.a,,a.a
Frederich,Isles,,cfg.a,caf-dijd,SECTION,,dfhhb.a,,N,,,a.a,,a.a
Kazuyasu,Chvalosky,M,,cfi-ecge,LOCHMERE,NH,dcfc.a,,N,eaaaa.a,,a.a,,
,Kakuma,M,,ijf-jifc,DUXBURY,MA,cddc.a,S,N,,f.d,,a.a,
Rarrell,Azevedo,,daj.a,gdc-cefc,CHAMPAIGN,IL,gbica.a,M,Y,cfaaa.a,,a.a,,caaa.a
Kimaya,Fanty,,,cjj-icch,HALLS,,diaea.a,M,,haaaa.a,,a.a,,a.a
,Servieres,F,,gig-hfia,,VT,figg.a,S,,bfaaa.a,d.g,,a.a,
Jonah,Bachem,M,,,,WY,iccab.a,S,Y,faaaa.a,,,,a.a
Megan,Cosoroaba,M,,,,OR,jhcba.a,S,,hfaaa.a,j.a,,a.a,bfj.a
Kassem,Scharstein,F,,chd-ihic,COOKSTOWN,NJ,ifbb.a,S,Y,ffaaa.a,b.jfbjhjc,,a.a,
Madhavan,Tsiolis,,gda.a,ehg-eafe,GREENVILLE,IL,gcceg.a,M,Y,gfaaa.a,,a.a,,caaa.a
Jide,Bayoumi,F,faf.a,,,NM,iidbh.a,M,N,hfaaa.a,,a.a,,a.a
Carme,Cantu,F,hbe.a,,SUNOL,CA,jefig.a,M,N,hfaaa.a,,a.a,,a.a
Karina,Milojicic,,,feh-fbje,DANA,IA,faage.a,S,N,,i.ji,,a.a,a.a
Souichi,Martschew,M,,jhc-iafb,,PR,geg.a,S,,,,,,a.a
Saewoong,Cannon,,,bgh-gcef,CHURCHVILLE,,ceecb.a,S,,efaaa.a,f.hf,,a.a,
Ken'ichi,Laakso,,hai.a,cbh-cccj,WAPELLA,IL,gbhhh.a,M,Y,,,a.a,,caaa.a
Shozo,d'Alcantara,,,djb-jjce,HARRIS,MO,gegef.a,S,Y,dfaaa.a,g.a,,a.a,bcaa.a
,Minoura,F,,,,NV,ijbce.a,S,,,,,,a.a
,Palmore,F,,ihi-cgie,CONIFER,CO,,S,N,jfaaa.a,,,,a.a
Zarko,Utku,,,gfd-fdgg,LOCUST HILL,,cdajc.a,,,ffaaa.a,f.hf,,a.a,
Cecile,Roncato,F,dab.a,cfh-bfdb,SUNDERLAND,,,M,Y,jaaaa.a,,a.a,,
Tassadit,Duquenne,,jag.a,fai-efjj,KALAMAZOO,MI,ejaae.a,,Y,faaaa.a,,a.a,,dbaa.a
,Hikichi,,,jdh-cjbd,DELRAY BEACH,,ddeee.a,M,Y,,,a.a,,a.a
Kanchana,Dharanipragada,M,eed.a,cab-jgae,WASHINGTON GROVE,,caiia.a,M,N,hfaaa.a,,a.a,,
Renate,Thomasset,,,gab-ieac,URBANNA,,cdbhf.a,S,,gfaaa.a,f.hf,,a.a,
Bikash,Papachristidis,M,ddh.a,fjc-eihj,BLANCHARD,LA,hbaaj.a,M,N,gfaaa.a,,a.a,,a.a
,Azulay,,,gib-hdef,ATLANTIC,,cddad.a,S,,baaaa.a,d.ihf,,a.a,
,Lipinski,M,,hdc-fjdj,,NY,bciif.a,M,,,,a.a,,
Clares,Koprowski,,,fed-deci,MISSOULA,MT,fjiad.a,,Y,,g.j,,a.a,bjaa.a
HongJiang,Boi,F,,gaj-jchi,,RI,cjab.a,S,,bfaaa.a,,,,
Tmima,Maksimenko,F,,,LOWER KALSKAG,AK,jjgcg.a,,N,,,,,a.a
LiWu,Dyckhoff,M,,,CIRCLE,AK,jjhdd.a,M,N,ffaaa.a,,a.a,,a.a
Bogdan,Bird,,,bha-dbee,,SD,fhagf.a,M,,baaaa.a,,a.a,,a.a
Raph,Tompa,M,,fhb-dgbe,MONT VERNON,NH,dafh.a,,N,dfaaa.a,,a.a,,
Barbee,Scardovelli,F,,efc-djii,GLEN,NH,didi.a,M,N,caaaa.a,,a.a,,
,Messina,M,eaf.a,jac-hiid,,OK,hedgh.a,M,,,,a.a,,baaa.a
Dharma,Haskins,,,eie-iibf,ARROWSMITH,IL,gbhcc.a,S,Y,,d.a,,a.a,caaa.a
Beat,Pokrovskii,,,eii-gijg,ROANOKE RAPIDS,,chiha.a,,N,baaaa.a,g.a,,a.a,
Subhankar,Strausfeld,M,,,PELICAN,AK,jjidc.a,,Y,eaaaa.a,,a.a,,a.a
,Appelfeller,M,,idd-ffia,,NY,bddbj.a,S,,gaaaa.a,,,,
Miodrag,Bellotti,F,,fjj-hagb,TANACROSS,AK,,S,Y,jaaaa.a,,,,a.a
,Deverell,F,,ifj-ffbb,PLYMOUTH,CT,ghic.a,,N,hfaaa.a,f.a,,a.a,
Hitofumi,Utku,,gdg.a,jec-hhbf,SAINT LOUIS,MO,gdbjg.a,,N,haaaa.a,,a.a,,a.a
,Forre,M,edf.a,,,UT,ieadc.a,M,,ffaaa.a,,a.a,,cehf.a
,Potorti,,ici.a,jde-jjej,HALLSBORO,,cieec.a,M,N,gfaaa.a,,a.a,,
Prabhakar,Brundage,F,iac.a,dfh-hbaa,,VT,fefa.a,M,,iaaaa.a,,a.a,,
,Clenshaw,F,iai.a,,KEKAHA,HI,jghfc.a,,Y,caaaa.a,,a.a,,baea.a
Jalel,Mokryn,,,cbh-jecb,TROUT CREEK,MT,fjihe.a,S,Y,,g.j,,a.a,bjaa.a
Manvinder,Edupuganty,,,djc-fidg,WICHITA,KS,ghccg.a,S,Y,eaaaa.a,g.ef,,a.a,ccfa.a
Ericka,Demian,F,,bdd-fcjg,HUSTONTOWN,,,M,,jfaaa.a,,a.a,,
Doohun,Yokomizo,,ifj.a,ebi-ijei,CANE VALLEY,,echca.a,M,N,gfaaa.a,,a.a,,a.a
Atsushi,Groenboom,M,,gfi-defd,NEWARK,,bjhbb.a,,N,caaaa.a,d.ccchchd,,a.a,
,Stefani,F,,hfg-gfej,LIBUSE,LA,hbdei.a,,N,caaaa.a,e.e,,a.a,a.a
Nikil,Goodenday,M,,fcf-jhch,STRATFORD,,ccffi.a,,,dfaaa.a,f.hf,,a.a,
,Dolins,F,,hfg-fdhd,,PR,,M,,jaaaa.a,,a.a,,
,Scheibelhut,M,hib.a,iib-bigc,AMHERST,MA,,M,Y,baaaaa.a,,a.a,,
,Haraldsson,,hab.a,hcg-bedh,LIGNITE,ND,fihfc.a,,Y,,,a.a,,ddaa.a
Redha,Smolensky,F,ddh.a,gdf-ddeh,NEW ORLEANS,LA,,,Y,jaaaa.a,,a.a,,baaa.a
,Boari,F,,haa-cied,LANCASTER,,bhgaf.a,,,caaaa.a,,,,
Ahmad,Hanakawa,F,,,,OR,jhagh.a,S,,,j.a,,a.a,bfj.a
Yakkov,Lutterkort,F,cah.a,cdc-bdde,LEE,ME,eeff.a,,Y,,,a.a,,
,Rathonyi,F,gcd.a,,PEORIA,AZ,ifdia.a,,Y,daaaa.a,,a.a,,cdaa.a
Khaled,Vidya,M,,fjb-gddh,COLUMBIA,,,S,,baaaaa.a,h.a,,a.a,ddaa.a
Patsy,Jarecki,M,hhe.a,jhf-habj,ORANGE,MA,bdge.a,,Y,,,a.a,,
Akis,Hollenbeck,,chg.a,fja-iabj,HILLSVILLE,,ceded.a,M,,,,a.a,,
,Garnier,,hha.a,heb-hehd,HOSCHTON,,dafei.a,M,Y,eaaaa.a,,a.a,,daaa.a
Shuky,Torquati,M,,egb-gfbc,,NY,bcaeb.a,S,,gfaaa.a,,,,
Junzo,Anlauff,M,,fah-eefb,MARLTON,NJ,iafd.a,,N,gaaaa.a,c.adaiddc,,a.a,
Maitreya,Honiden,,,djd-gjbf,MIDWAY PARK,,cifee.a,,N,,h.ajgbfdh,,a.a,
,Metze,F,,idg-hedj,,PR,ghi.a,M,,,,a.a,,a.a
Hariolf,Royce,F,,bcd-bdce,,PR,jbd.a,S,,ffaaa.a,,,,
Rockford,Backelin,,dbh.a,bed-cehc,TERRE HAUTE,IN,ehiae.a,M,N,caaaa.a,,a.a,,a.a
Panayiotis,Conti,,,fic-ecjj,MEMPHIS,,dibdg.a,,,gfaaa.a,,a.a,,a.a
Charly,Hitson,M,,,HOUCK,AZ,igfag.a,S,Y,,e.bb,,a.a,cdaa.a
Amilcar,Syang,M,,,PHOENIX,AZ,ifagh.a,,N,gfaaa.a,d.hccejji,,a.a,a.a
Harriet,Berleant,,,dag-fbbi,DYERSBURG,,diace.a,M,,ffaaa.a,,a.a,,a.a
Kinson,Metallidou,F,,edc-cfgd,,NY,bajci.a,S,,,,,,
,Lofaso,M,,iha-iega,NEW CASTLE,,bjhca.a,,N,,d.ccchchd,,a.a,
,Challenger,F,,jaf-ebih,,OK,,S,,iaaaa.a,g.cf,,a.a,baaa.a
,Campr,,,jba-gdcj,BEECH GROVE,,ecdcc.a,S,N,cfaaa.a,d.ccccccd,,a.a,a.a
,Tokunaga,,cha.a,hie-jijg,WEST POINT,,eabhh.a,M,Y,gfaaa.a,,a.a,,ca.a
Frederique,Colgate,M,,,FRISCO,CO,iaeed.a,S,Y,hfaaa.a,,,,a.a
Costas,Spelke,F,,bde-iaah,NEWHOPE,AR,hbjfj.a,,N,daaaa.a,h.a,,a.a,a.a
Dharma,Kupper,M,iai.a,,WHEELER ARMY AIRFIELD,HI,jgife.a,M,N,,,a.a,,a.a
Kincho,Rish,,,cib-dgij,KENSINGTON,MN,fgded.a,,Y,hfaaa.a,h.if,,a.a,ddaa.a
Asham,Radi,M,,,OCEAN VIEW,HI,jghdh.a,,N,faaa.a,b.jeahijf,,a.a,a.a
Antonella,Lofaso,F,fae.a,ebg-jjjb,WEST MONROE,LA,hbcje.a,M,N,,,a.a,,a.a
Dace,Spell,M,,,TOK,AK,jjhhj.a,M,Y,haaaa.a,,a.a,,a.a
,Heiser,,,jdg-ebgj,BLACKSBURG,,ceagb.a,S,,,f.hf,,a.a,
,Petri,F,,iac-icif,,WY,,M,N,ifaaa.a,,a.a,,a.a
Hinrich,Zallocco,F,,gce-fiea,GREENVILLE,,,S,Y,baaaaa.a,f.a,,a.a,bfaa.a
,Kruys,F,,hdf-bida,HARRISONBURG,,cciad.a,S,,,f.hf,,a.a,
Tomonobu,Raeithel,M,cai.a,bca-ihde,KUNA,ID,,,Y,baaaaa.a,,a.a,,ddaa.a
,Gronski,,hab.a,jaj-jiaf,ANETA,ND,ficbc.a,M,N,baaaa.a,,a.a,,a.a
,Salveter,,,ifg-gdcj,CANNON BALL,ND,fifci.a,S,N,efaaa.a,c.chhdgbe,,a.a,a.a
Sakir,Pileggi,,,cah-hedf,MOOREVILLE,,diifh.a,,N,caaaa.a,f.a,,a.a,a.a
Jaime,Sluizer,M,,dcb-gjei,,NY,bbafb.a,S,,cfaaa.a,,,,
,Ramamoorthy,M,,jcb-iiag,CLARKRIDGE,AR,hcgcd.a,S,N,daaaa.a,h.a,,a.a,a.a
Carme,Neukirchner,,,egj-ciij,CINCINNATI,,efcca.a,S,,,d.fddfge,,a.a,a.a
,Lovasz,,,jah-hacd,JEFFERSONVILLE,IN,ehbjj.a,,Y,,d.e,,a.a,baaa.a
Clarence,Gyimothy,,,dia-bgig,SAINT PETERSBURG,,ddhda.a,,N,,,a.a,,a.a
Edyta,Collberg,,,dea-jjhd,INVERNESS,,deefb.a,S,Y,cfaaa.a,,,,a.a
Shigetaka,Dileva,,jbc.a,bhi-ffhc,PITTS,,dbahc.a,,N,gaaaa.a,,a.a,,a.a
,Ramnath,,gca.a,ibg-jgje,GAYLORD,KS,ghgdi.a,M,N,eaaaa.a,,a.a,,a.a
,Hemaspaandra,,,iad-caja,SOUTH MILFORD,,eghig.a,,N,,d.e,,a.a,a.a
Zhengyan,Doukas,F,,fdf-gigd,SHERIDAN,ME,ehhf.a,,Y,haaaa.a,i.f,,a.a,
Elyse,Westby,M,iab.a,,,UT,iefea.a,M,,eaaaa.a,,a.a,,cehf.a
,Puryear,M,hfh.a,igf-jbbh,FORT VALLEY,,ccgfc.a,M,,dfaaa.a,,a.a,,
,Pollermann,,,jac-bcie,MEMPHIS,,dibdf.a,,,efaaa.a,,a.a,,a.a
Nilanjan,Joichi,F,,,,WY,iceec.a,M,N,,,a.a,,a.a
,Cusack,M,,gid-hghc,CHARLOTTE,,,S,,ifaaa.a,,,,a.a
Nathalie,Cichon,,,ebb-jhif,SPEEDWELL,,cedhe.a,,,baaaa.a,d.ihf,,a.a,
Bon,Arent,F,jbc.a,fcb-ddjj,JACKSONVILLE,,,,Y,jfaaa.a,,a.a,,daaa.a
Jolanta,Czajkowski,,dai.a,eij-igcb,LINCOLN,NE,gifbc.a,,Y,bfaaa.a,,a.a,,bad.a
Selwyn,Servatius,,,bdd-iedf,SAINT CHARLES,IL,gabhf.a,,Y,haaaa.a,d.a,,a.a,caaa.a
Mieko,Bachus,F,,ddg-ghch,MONROE,LA,hbcbb.a,,Y,haaaa.a,g.a,,a.a,baaa.a
Jaejoo,Hambury,,hab.a,big-ghbg,REGAN,ND,fiehh.a,,Y,,,a.a,,ddaa.a
Dingchao,Rosenberg,M,ebe.a,ffe-jbfa,,WI,,M,N,baaaaa.a,,a.a,,a.a
Lilin,Ashish,M,,bhi-dicd,,NY,bceff.a,M,,dfaaa.a,,a.a,,
,Whitcroft,F,,hcc-dcfi,HAYDEN,ID,,S,N,ifaaa.a,h.i,,a.a,a.a
,Yannakoudakis,,,jch-ejad,PLANTERSVILLE,,diigc.a,,Y,efaaa.a,f.a,,a.a,bfaa.a
Yngve,Holmback,,dbh.a,ffg-hiii,MODOC,IN,ehdfi.a,,Y,,,a.a,,baaa.a
Thiagarajan,Blodorn,M,,gcj-cdba,BEAVER MEADOWS,,,M,,jfaaa.a,,a.a,,
Roland,Cornu,M,,jeg-ehgb,WASHINGTON,,caadc.a,S,Y,haaaa.a,j.a,,a.a,
,Pilouk,,,hjh-baaa,HAINES CITY,,ddiee.a,M,N,eaaaa.a,,a.a,,a.a
Ryuji,Graw,,,fhj-iegh,CHARLESTON AFB,,cjeae.a,S,,gaaaa.a,h.a,,a.a,ddaa.a
Mabry,Wadel,F,feb.a,,,OR,jhcbf.a,M,,efaaa.a,,a.a,,bfj.a
Yannich,Matuschka,M,,,,OR,jhfcc.a,S,,,j.a,,a.a,a.a
Tyseer,Peek,F,,,QUEEN CREEK,AZ,ifcec.a,,Y,iaaaa.a,d.jff,,a.a,cdaa.a
Malik,Osmon,M,,jhe-ejab,DRASCO,AR,hcfda.a,S,N,daaaa.a,h.a,,a.a,a.a
Moheb,Hesselink,,,eae-bdgj,GOODWAY,,dgeej.a,S,Y,,f.a,,a.a,daa.a
Lundy,Dewey,,gca.a,dbi-jecb,KENSINGTON,KS,ggjfb.a,,N,faaaa.a,,a.a,,a.a
Yin,Hacid,,,beg-jgba,HOMESTEAD,,ddadb.a,M,N,,,a.a,,a.a
,Lichtenecker,,fah.a,jba-iaha,HOPE,MN,fgaeg.a,M,Y,,,a.a,,ddaa.a
Vicenzo,Leibs,F,,jic-edhj,ORELAND,,bjahf.a,,,,,a.a,,
,Holbrook,,,jae-dbeh,MIAMI,,ddbif.a,,N,,,,,a.a
Bonggi,Ruder,,cfg.a,cij-ijdg,DANVILLE,,dfgbj.a,M,Y,ffaaa.a,,a.a,,daa.a
Xiaofa,Cha,,,ebb-bdbg,VICKSBURG,,djbib.a,S,N,dfaaa.a,f.a,,a.a,a.a
Shuetsu,Hemaspaandra,M,,,EIELSON AFB,AK,jjhac.a,S,Y,,,,,a.a
Pushan,Bruno,M,faf.a,,,NM,iicfd.a,M,N,bfaaa.a,,a.a,,a.a
,Stamenas,M,cfb.a,idj-fcaa,ARLINGTON,,,M,Y,baaaaa.a,,a.a,,daa.a
Elias,Vries,F,,,AVENAL,CA,jdcae.a,S,Y,daaaa.a,g.fjafed,,a.a,chc.a
Sigfus,Billington,M,jhb.a,gfb-ehjj,,OR,,M,,jfaaa.a,,a.a,,a.a
Yingxian,Theodoratos,M,,,LONG BEACH,CA,jaiaf.a,,N,baaaa.a,b.igj,,a.a,a.a
Kotesh,Padegs,,hif.a,baf-iffa,NATOMA,KS,ghgfb.a,,N,gaaaa.a,,a.a,,a.a
Sujal,Backstrom,F,,ehf-gbfh,WORTHINGTON,IA,,S,Y,jaaaa.a,i.ji,,a.a,ea.a
Emanuela,Bestgen,,,fhh-gfhj,VICKSBURG,,djbia.a,S,N,baaaa.a,f.a,,a.a,a.a
Ahmet,Loveland,F,iai.a,,PAHALA,HI,jghhh.a,,Y,,,a.a,,baea.a
Reem,Erman,,hab.a,geb-idfj,BOWMAN,ND,figcd.a,M,Y,daaaa.a,,a.a,,ddaa.a
,Sudkamp,,,hii-gjae,BUTTE,NE,gihcc.a,S,Y,ffaaa.a,g.ie,,a.a,bad.a
,Redon,,,iif-caji,BELVIEW,MN,fgcbe.a,S,Y,cfaaa.a,f.fijfjee,,a.a,ddaa.a
Feiyu,Bars,F,faf.a,fdi-hdgh,,NM,,M,N,iaaaa.a,,a.a,,a.a
Philipe,Seiferas,,ifj.a,bhc-ddjc,JEREMIAH,,ebicg.a,,Y,gfaaa.a,,a.a,,ca.a
Hideya,Betourne,M,cac.a,eff-haei,PARCEL RETURN SERVICE,DC,,,N,baaaaa.a,,a.a,,a.a
Reinout,Wolfe,F,,,,NV,ijbeh.a,M,,daaaa.a,,a.a,,a.a
Xiang,Pedrotti,M,,,WESTCLIFFE,CO,ibcfc.a,S,Y,haaaa.a,,,,a.a
,Sitaraman,F,,,,WA,jjcac.a,M,,faaaa.a,,a.a,,a.a
Hareton,Rahmel,F,cbd.a,,BERKELEY,CA,jehba.a,M,Y,gfaaa.a,,a.a,,chc.a
,Banach,F,iai.a,hii-iheb,HONOLULU,HI,,M,N,iaaaa.a,,a.a,,a.a
Guntram,Hepplewhite,,ebe.a,jia-jiab,,WI,fdaif.a,M,N,,,a.a,,a.a
Naphtali,Rosti,F,,bdh-feee,BUNKIE,LA,hbdcc.a,S,N,efaaa.a,g.a,,a.a,a.a
Shalitha,Feldhoffer,M,,fda-befb,SITKA,AK,,,Y,iaaaa.a,,,,a.a
Shuzo,Rosch,,gca.a,dbb-hdig,SHARON,KS,ghbdi.a,,N,gaaaa.a,,a.a,,a.a
Jaehyung,Protsko,M,,ccj-icgb,LEWISBURG,,,,N,jfaaa.a,g.f,,a.a,
Roelof,Lenkov,F,,bbj-jfee,ALLENPORT,,bfebc.a,S,,,,,,
,Rothenberg,F,ede.a,ghh-gdbd,JEWELL RIDGE,,,,,jfaaa.a,,a.a,,
,Gillo,F,gbh.a,gja-idga,BABSON PARK,MA,cefh.a,M,N,eaaaa.a,,a.a,,
,Mazzocca,F,,ijc-jhad,,OK,hdbej.a,S,,,g.cf,,a.a,baaa.a
Kara,Pontow,,,daa-ddea,FAIRMOUNT,ND,fiada.a,S,Y,gaaaa.a,c.efbcef,,a.a,ddaa.a
ChengFu,Katiyar,,dai.a,gcb-ighb,BUTTE,NE,gihcc.a,M,Y,,,a.a,,bad.a
,Thisen,F,,gha-hgeb,,VT,fehi.a,S,,faaaa.a,d.jjjijih,,a.a,
,Wilfing,F,,ieg-gigf,,OK,hedgi.a,S,,haaaa.a,g.cf,,a.a,a.a
Chulwoo,Beck,M,ffb.a,fjg-cbhh,,NJ,,M,N,baaaaa.a,,a.a,,
,Geser,,cbi.a,hjf-eifh,SAINT PAUL,MN,ffbac.a,,N,cfaaa.a,,a.a,,a.a
,Glymidakis,,,hha-ehgb,HARBINGER,,chjeb.a,S,N,daaaa.a,g.dgbiii,,a.a,
Jeffery,Stomenovic,M,cah.a,djc-beed,CHEBEAGUE ISLAND,ME,eabh.a,M,Y,dfaaa.a,,a.a,,
,Laevens,,dbg.a,hga-fbdd,MANKATO,KS,ggjfg.a,,Y,,,a.a,,ccfa.a
Pak,Birchard,,gfb.a,fcg-bijb,SAINT JAMES,MN,fgaib.a,,N,cfaaa.a,,a.a,,a.a
Athanassios,Chaudhuri,F,,fcc-hcia,GLENWOOD,AR,,S,N,jaaaa.a,h.a,,a.a,a.a
Zhengping,Bellotti,M,,cbb-fcfj,FREEDOM,,bfaec.a,M,,cfaaa.a,,a.a,,
,Gerlach,,,ibi-hhbb,,SD,fhgeb.a,S,,eaaaa.a,,,,a.a
Roslyn,Holvoet,,,cec-hfag,PALMYRA,,ccjgd.a,,,,f.hf,,a.a,
,Bitar,F,,,RANCHO CUCAMONGA,CA,jbhab.a,,Y,iaaaa.a,j.d,,a.a,chc.a
Tokuzo,Gentina,F,,gba-caih,,RI,,M,,jfaaa.a,,a.a,,
Shozo,Vanwelkenhuysen,M,,,QUEEN CREEK,AZ,ifbec.a,,Y,gaaaa.a,d.gef,,a.a,cdaa.a
Bernad,Zohar,F,,jig-cijj,PLAINVILLE,MA,chgc.a,,N,cfaaa.a,f.d,,a.a,
,Geeter,M,jhb.a,,,OR,jhddf.a,M,,daaaa.a,,a.a,,bfj.a
Yoshifumi,Welcome,F,,,GOLD CANYON,AZ,ifbbi.a,S,N,gaaaa.a,d.gef,,a.a,a.a
Venkatar,Mokryn,F,eia.a,,PHOENIX,AZ,ifadf.a,,N,,,a.a,,a.a
Sudarshan,Dale,F,,eia-djgi,MANGHAM,LA,hbcfj.a,,N,faaaa.a,g.a,,a.a,a.a
Xingwei,Peterka,F,,dja-bhcj,,RI,cihi.a,S,,efaaa.a,,,,
Changwoo,Matteucci,,,cea-degg,DODGE,ND,figcf.a,S,N,,c.ddfdccg,,a.a,a.a
Serban,Reiz,F,,bch-bgfd,NEWFIELD,ME,eafg.a,,N,efaaa.a,i.f,,a.a,
Hagen,Reith,M,,chb-hjgb,,RI,cjbj.a,M,,faaaa.a,,a.a,,
Konstantinos,Linsker,,,jfa-jdae,HIGH POINT,MO,gfaec.a,S,Y,,g.a,,a.a,bcaa.a
Nora,Janusz,M,,jhi-baic,WASHINGTON,,cadbi.a,S,N,,j.a,,a.a,
Ramjee,Krasemann,,gbg.a,jeg-bcje,CAPAC,MI,eiabe.a,M,Y,,,a.a,,dbaa.a
Rowland,Boy,M,cea.a,ffa-fdfd,OWINGS MILLS,,cbbbh.a,,N,efaaa.a,,a.a,,
,Sykes,,eag.a,iid-hgji,CORVALLIS,MT,fjici.a,M,Y,ffaaa.a,,a.a,,bjaa.a
Tomyyuki,Toinard,,,eca-fidj,HEMPHILL,,ceiec.a,S,N,faaa.a,d.a,,a.a,
,Crepeau,M,,,,WA,jjacg.a,S,N,faaaa.a,,,,a.a
Karl,Wachs,,gga.a,fbi-eiaf,CLIMAX SPRINGS,MO,gfdce.a,M,Y,ffaaa.a,,a.a,,bcaa.a
,Zlatea,F,,,BOISE,ID,idhcc.a,S,Y,cfaaa.a,h.i,,a.a,ddaa.a
,Wielonsky,M,,,,WY,icebc.a,M,Y,bfaaa.a,,a.a,,a.a
,Champagne,F,iga.a,ieb-bgfi,WASHINGTON,CT,ghjd.a,M,Y,gaaaa.a,,a.a,,
Zakarriae,Manolakos,F,,cdd-hfbi,,PR,jfa.a,S,,,,,,
,Esik,M,ddh.a,jbb-jafg,BATON ROUGE,LA,haica.a,M,Y,hfaaa.a,,a.a,,baaa.a
Roselyn,Kroeker,,,egi-fbca,SIMPSON,,cgedf.a,,Y,,g.f,,a.a,
Dallan,Siprelle,,,jfd-feeb,WINTHROP,MN,ffdjg.a,S,Y,bfaaa.a,f.df,,a.a,ddaa.a
Pushpa,Voorhoeve,M,,bdf-djeg,NORTH LITTLE ROCK,AR,hcbbj.a,,N,bfaaa.a,d.hhdadh,,a.a,a.a
Uriel,Almasi,F,,gee-cdie,SAINT ELMO,,,,Y,jaaaa.a,f.a,,a.a,daa.a
,Magenheimer,,cfb.a,iac-dajh,RUSSELLVILLE,,dfgfe.a,,N,,,a.a,,a.a
Asham,Amagasa,M,cac.a,gag-bhed,WASHINGTON,,caeah.a,M,Y,iaaaa.a,,a.a,,
,Varhegyi,,jbd.a,hhj-bajh,LIBERAL,KS,ghjab.a,,N,faaa.a,,a.a,,a.a
Stanislav,Boxall,M,fia.a,fhj-ecfg,,OK,hehff.a,M,,faaa.a,,a.a,,baaa.a
,Yochum,F,iab.a,,,UT,ieaab.a,S,,dfaaa.a,h.a,,a.a,cehf.a
Sarvesh,Fudos,,gag.a,eef-bgcj,GRETHEL,,ebgdb.a,M,Y,faaa.a,,a.a,,ca.a
,Inari,M,edf.a,,,UT,ieaje.a,M,,,,a.a,,a.a
,Kirtane,M,gcd.a,,MARICOPA,AZ,ifcdi.a,,N,,e.bihf,,a.a,a.a
Byunggyu,Wodd,F,hbh.a,bcf-iafc,WEST LEISENRING,,bfeij.a,S,,haaaa.a,,,,
Sozo,Roeseler,F,hhf.a,,,NV,ijfbb.a,S,,hfaaa.a,a.a,,,a.a
Jialin,Weiland,,cde.a,gce-ddga,CASTALIA,,eeice.a,M,,daaaa.a,b.febihbi,a.a,,bdaa.a
,Nakakoji,M,iai.a,,KUNIA,HI,jghfj.a,,Y,,i.cf,a.a,,baea.a
Shohji,Auinger,,dai.a,ejj-jhbe,MARQUETTE,NE,giife.a,,Y,cfaaa.a,g.fhdgbad,,a.a,bad.a
Yildiray,Prati,F,jdj.a,bgb-gjbe,,PR,gfd.a,S,,eaaaa.a,a.a,,,a.a
,Preteux,F,iac.a,jda-gjij,,VT,feab.a,S,,dfaaa.a,d.habeggi,,a.a,
,Kochskamper,M,cac.a,hib-diff,WASHINGTON,,caefg.a,M,Y,,j.a,a.a,,
Gees,Marletta,,hab.a,fai-ebge,FINGAL,ND,fiadb.a,M,Y,,c.gcfbcih,a.a,,ddaa.a
Hideko,Ionescu,,jfc.a,jgf-ijjg,CLEAR LAKE,MN,ffdbj.a,S,Y,,f.ifgeade,,a.a,ddaa.a
Kohei,Challis,M,gaj.a,chb-iffc,,NJ,hjid.a,S,N,cfaaa.a,b.ehiifec,,a.a,
,Bannelier,F,eie.a,ghi-bihg,SOUTH FORK,,bfjfg.a,,,iaaaa.a,d.ah,a.a,,
Florence,Leitjen,,fah.a,ehi-ehhf,WINTON,MN,ffhjg.a,S,Y,,g.gfgidad,,a.a,ddaa.a
,Bach,M,hih.a,gjg-gejc,,PR,jid.a,S,,hfaaa.a,a.a,,,
Antonia,Arz,M,gaf.a,dec-jhfd,,SD,,M,,ifaaa.a,a.a,a.a,,a.a
Masaya,Heinisuo,,ede.a,cgc-ecfj,BARREN SPRINGS,,cedbd.a,S,,,f.hf,,a.a,
Xiaocheng,Steinauer,,ecd.a,jjd-jeff,SANTA FE,,dieic.a,,,baaaa.a,a.a,a.a,,a.a
Vahid,Cypher,F,fad.a,,,OR,jhidd.a,M,,bfaaa.a,j.a,a.a,,a.a
,Laube,M,faf.a,,,NM,iidfd.a,M,,,f.d,a.a,,ddaa.a
Nagui,Ibel,,gab.a,jgc-gbcc,RAYMOND,,djbfe.a,,N,,f.a,a.a,,a.a
Shreeram,Uhrig,F,cad.a,bfb-haee,NORTH GRANBY,CT,gaga.a,,N,faaaa.a,f.a,a.a,,
Billur,Blaschka,F,fbf.a,cda-ehia,MOUNT UNION,IA,,,N,baaaaa.a,i.ji,a.a,,a.a
,Kirkwood,M,iac.a,jbd-feeg,,VT,fhgj.a,M,,,d.g,a.a,,
Catherina,Romijn,M,iei.a,cfb-giia,,NJ,iifi.a,S,N,eaaaa.a,b.hbfebgh,,a.a,
Anita,Noll,,dde.a,fga-edjh,BIRMINGHAM,,dfcji.a,M,Y,,f.a,a.a,,daa.a
Wynn,Tretiakoff,M,deh.a,ehg-badg,,NY,bceae.a,M,,faaaa.a,e.cedcjd,a.a,,
,Lucco,F,faf.a,,,NM,ihfee.a,M,Y,,f.d,a.a,,ddaa.a
Hessam,Orlowska,,cbj.a,dcb-jiga,SAINT ANTHONY,IN,ehfhf.a,,Y,hfaaa.a,d.e,,a.a,baaa.a
Danielle,Boreddy,F,fae.a,cij-diih,RACELAND,LA,hadje.a,,N,faaa.a,c.a,a.a,,a.a
Chane,Wabbi,F,hae.a,jif-jehd,NAGS HEAD,,,,N,jfaaa.a,h.hcffcee,,a.a,
Anita,Jouvelot,F,jha.a,,FOWLER,CO,ibadj.a,M,N,,e.gd,a.a,,a.a
Oksana,Giesl,F,iha.a,cgg-jdbi,JACKSONPORT,AR,hcahf.a,,Y,daaaa.a,h.a,a.a,,ca.a
Gadi,Bergamini,,dbh.a,cdj-dfac,LEOPOLD,IN,ehffb.a,,N,daaaa.a,d.e,a.a,,a.a
Haruna,Alter,M,ihi.a,gdi-jibc,MARYSVILLE,,,,,iaaaa.a,d.ah,,,
,Covvey,M,eab.a,jca-ibcf,,RI,cicj.a,M,,faaa.a,a.a,a.a,,
Silvie,Zuberek,F,cha.a,cfi-cgde,CUMBERLAND,,,S,Y,baaaaa.a,g.a,,a.a,ca.a
,Handel,F,jah.a,,BREVIG MISSION,AK,jjhif.a,S,Y,,a.a,,,a.a
Aggis,Razavi,,hbc.a,caj-djij,SHELDON,IA,fbcab.a,,Y,faaa.a,a.jdfjie,a.a,,ea.a
,Protasov,M,gbg.a,jce-bgbi,BUCHANAN,MI,,M,N,ifaaa.a,d.j,a.a,,a.a
Yonghong,Wegenkittl,M,dac.a,cgc-diij,NEW CASTLE,,,,N,baaaaa.a,f.jf,a.a,,
Thilo,Spinney,M,cah.a,cdf-jhei,ROCKPORT,ME,eifg.a,,Y,faaaa.a,i.f,a.a,,
,Welham,M,cfd.a,,,WA,jijec.a,M,Y,daaaa.a,a.a,a.a,,a.a
Sayeed,D'Ambra,,iad.a,fec-cjga,COLUMBIA,,cjcda.a,S,,baaaa.a,f.hfcedc,,a.a,ddaa.a
,Cakir,M,dac.a,icf-idae,WILMINGTON,,bjiad.a,M,N,cfaaa.a,d.fgdgdgd,a.a,,
Wided,Zonta,,jfe.a,jec-ehih,MIAMI,,ddbfb.a,,Y,cfaaa.a,a.a,a.a,,a.a
Taegyun,Schaft,F,ifh.a,caf-gefh,MELROSE,MA,,,Y,jfaaa.a,f.d,,a.a,
Thao,Sahidar,,dbe.a,gdf-hefd,LAKE SPRING,MO,gffdc.a,,Y,cfaaa.a,g.a,a.a,,bcaa.a
,Thistlewaite,F,eaf.a,iie-hjcj,,OK,,M,,ifaaa.a,g.cf,a.a,,baaa.a
Shaye,Lenowitz,,hbf.a,cff-ihca,,WI,feicg.a,S,Y,,e.gcabff,,a.a,eaa.a
Mirko,Casas,F,cde.a,dbe-gadi,SYCAMORE VALLEY,,,M,,baaaaa.a,d.igffbci,a.a,,a.a
,Berrebi,F,dah.a,,,WY,idbbb.a,M,Y,efaaa.a,a.a,a.a,,a.a
Pieluigi,Deemter,,jbd.a,gfe-gbag,MANHATTAN,KS,ggfac.a,,Y,iaaaa.a,g.ef,,a.a,ccfa.a
,Terzopoulos,M,iai.a,,KAILUA,HI,jghde.a,,Y,hfaaa.a,i.cf,a.a,,baea.a
Mountaz,Vinze,F,iac.a,jff-dhab,,VT,fahj.a,S,,gaaaa.a,e.bjiifdf,,a.a,
Haibin,Luby,M,edf.a,,,UT,ieadg.a,S,,,h.a,,a.a,cehf.a
Baio,Uemori,F,gad.a,gfg-dgej,GILMANTON IRON WORKS,NH,didh.a,S,N,cfaaa.a,a.a,,,
Sowmitri,Zinovjev,F,jhb.a,cdh-gchb,,OR,,M,,jfaaa.a,j.a,a.a,,bfj.a
Shyamal,Khadilkar,F,dab.a,jig-jgib,SPARKS GLENCOE,,cbbfc.a,,Y,,e.hf,a.a,,
Frederich,Cosoroaba,F,cgh.a,ded-bjjg,BENDERSVILLE,,bhdag.a,S,,efaaa.a,d.ah,,,
Carel,Ruocco,F,had.a,dce-jeif,COVINGTON,,,S,,baaaaa.a,f.hf,,a.a,
Eddie,Anstee,M,fgc.a,,SOUTH LAKE TAHOE,CA,jgbfg.a,,Y,daaaa.a,g.fjafed,,a.a,chc.a
Wonchan,Favero,M,jif.a,cdg-hjih,SHREVEPORT,LA,,,N,jaaaa.a,g.a,,a.a,a.a
Xinan,Shmuely,F,hhf.a,cbe-cjbd,,NV,,S,,baaaaa.a,a.a,,,a.a
Prasadram,Pflugl,F,deh.a,fjj-heij,PAVILION,,befcf.a,,,gfaaa.a,e.ddabid,,,
Larisa,Cherian,F,gdg.a,eac-ghbd,SYRACUSE,MO,,M,N,baaaaa.a,g.a,a.a,,a.a
Shunichiro,Shteto,M,jif.a,bbi-idjb,JONES,LA,hbcfa.a,,N,faaaa.a,g.a,a.a,,a.a
Lionello,Monkeberg,,cfb.a,djg-ieaj,GANTT,,dgadi.a,S,Y,,f.a,,a.a,daa.a
Sugath,Darrell,M,cad.a,jeh-fjdg,PAWCATUCK,CT,,,Y,baaaaa.a,f.a,a.a,,
Nataraj,Touati,,gaf.a,jeg-jgei,,SD,fheej.a,M,,caaaa.a,a.a,a.a,,a.a
France,Derry,M,jci.a,,JEROME,AZ,igddb.a,,N,efaaa.a,d.ebcf,,a.a,a.a
Nofumi,Musil,M,iai.a,,CAPTAIN COOK,HI,jghae.a,M,N,,i.cf,a.a,,a.a
Tulika,Marinescu,F,faf.a,,,NM,iiaec.a,S,Y,,f.d,,a.a,ddaa.a
Duanning,Coe,F,hai.a,cda-iacg,YATES CITY,IL,,M,Y,baaaaa.a,d.a,a.a,,caaa.a
Nat,Delaune,,cfg.a,bag-hjga,HAYNEVILLE,,dgaea.a,S,N,hfaaa.a,f.a,,a.a,a.a
,Radzyminski,M,jah.a,ghe-hegh,COPPER CENTER,AK,,M,Y,jaaaa.a,a.a,a.a,,a.a
Kritchalach,Malhis,,fbd.a,bbi-gdbd,WASHINGTONVILLE,,eeeja.a,S,,,b.cajjcdb,,a.a,a.a
Ingar,Shimura,F,cbf.a,dgc-jeih,BROCKWAY,,bfice.a,S,,faaa.a,d.ah,,,
Boonserm,Sussmann,M,dac.a,fdb-befb,WILMINGTON,,,M,N,baaaaa.a,f.jf,a.a,,
Niek,Agarawala,M,eed.a,cdg-jcjf,POTOMAC,,caife.a,,N,efaaa.a,e.hf,a.a,,
Carla,Beeferman,M,iac.a,gae-baib,,VT,,M,,jaaaa.a,e.hjfhbhc,a.a,,
Daivd,Mikitiuk,,fgh.a,dac-iefh,CURTICE,,edebc.a,S,,,c.hadgjce,,a.a,a.a
Dana,Marsden,,dae.a,cfc-gahg,SINKS GROVE,,cejhg.a,,Y,,e.hf,,a.a,
Cal,Pitoura,,ifj.a,ejc-jbgj,BAGDAD,,eaaad.a,S,Y,caaaa.a,c.jeeeeee,,a.a,ca.a
Joep,Winters,F,dah.a,jhd-fbha,,WY,,S,N,jfaaa.a,a.a,,,a.a
,Ashworth,,ige.a,hei-dfbf,MAYESVILLE,,cjbae.a,,,baaaa.a,f.hfcedc,,a.a,ddaa.a
,Artiges,,ehi.a,hjh-eidh,DAISY,,daecd.a,S,Y,ffaaa.a,g.a,,a.a,daaa.a
,Wenger,F,eab.a,hdj-ifga,,RI,ciic.a,M,,efaaa.a,a.a,a.a,,
,Khair,M,fad.a,,,OR,jhdhf.a,M,,,j.a,a.a,,bfj.a
Bharadwaj,DeMori,,gaf.a,fcd-jafj,,SD,fheff.a,M,,baaaa.a,a.a,a.a,,a.a
Juanito,Boffa,M,ccf.a,efa-jeaa,GRAND CANE,LA,hbadc.a,S,N,faaaa.a,g.a,,a.a,a.a
Sanjive,Veretennikov,M,gad.a,cca-dbbc,NORTH HAVERHILL,NH,dhhe.a,,Y,gfaaa.a,a.a,,,
Bostwick,Dostal,F,iga.a,cac-ffja,BROOKFIELD,CT,giae.a,M,Y,faaaa.a,f.a,a.a,,
Lowell,Cooke,M,dah.a,,,WY,icebe.a,S,Y,eaaaa.a,a.a,,,a.a
Hjalmtyr,Wrzyszcz,M,gad.a,chg-cjfj,WEST CHESTERFIELD,NH,,S,N,iaaaa.a,a.a,,,
,Mashey,M,hih.a,ihc-fgii,,PR,hdf.a,S,,,a.a,,,
Wynne,Supornpaibul,F,dab.a,cbd-ceji,FRIENDSHIP,,cahfi.a,S,Y,ffaaa.a,e.hf,,a.a,
,Schonegge,M,cac.a,ghj-igid,WASHINGTON,,caebi.a,S,Y,bfaaa.a,f.gcf,,a.a,
Bagirath,Grabow,F,dac.a,cbi-jbfc,WILMINGTON,,,S,N,ifaaa.a,f.jf,,a.a,
,Kuchenhoff,,jbc.a,hbj-jada,DAHLONEGA,,dafdd.a,M,Y,,g.a,a.a,,daaa.a
Gookhai,Haskins,,gga.a,jfc-hcfb,FREDERICKTOWN,MO,gdgef.a,S,N,,g.a,,a.a,a.a
,Ventura,,dai.a,hgb-jcga,LINCOLN,NE,gifbe.a,,Y,caaaa.a,f.gifged,,a.a,bad.a
Odette,Ruffin,F,dad.a,,WESTMINSTER,CO,iaada.a,S,N,cfaaa.a,e.gd,,,a.a
Edwige,Agosti,M,caj.a,,TEMECULA,CA,jcfij.a,S,Y,efaaa.a,j.d,,a.a,chc.a
Gabriele,Eustace,M,fai.a,fgf-eebi,WARREN,MA,baid.a,M,Y,haaaa.a,f.d,a.a,,
Aduri,Romboli,F,dab.a,cdb-hacc,ROCKVILLE,,caieh.a,,Y,dfaaa.a,e.hf,a.a,,
Filipe,Klingspor,,eag.a,fde-cjhi,GREAT FALLS,MT,fjead.a,S,Y,,g.j,,a.a,bjaa.a
Ciyou,Pinnu,M,eai.a,,SACRAMENTO,CA,jfibf.a,,N,iaaaa.a,j.d,,a.a,a.a
,Pfening,M,iab.a,,,UT,ieajd.a,S,,efaaa.a,h.a,,a.a,a.a
Teemu,Andradas,,igf.a,cae-cjfb,KNOXVILLE,,dhjdd.a,,,baaaa.a,a.a,a.a,,a.a
Tatsuhiro,Detro,,fea.a,fei-cedh,PARKSLEY,,cdecb.a,,,gfaaa.a,f.hf,a.a,,
Marija,Gauyacq,M,jah.a,,POINT HOPE,AK,jjhgg.a,,N,gaaaa.a,a.a,a.a,,a.a
Xuemin,Kunkdelmann,,jbd.a,fcj-eiig,BARNARD,KS,ghebi.a,M,N,,g.ef,a.a,,a.a
,Keefer,,fig.a,hjd-hedf,JASPER,MI,ejcei.a,,Y,,d.j,a.a,,dbaa.a
,Hedlund,,ibf.a,iej-cbbf,STOCKTON,IL,gbaif.a,,N,,d.a,a.a,,a.a
,Bravoco,M,cac.a,gjc-heii,WASHINGTON,,cafib.a,S,N,gfaaa.a,j.a,,a.a,
,Cromwell,F,eaf.a,hhb-fjhd,,OK,,M,,jaaaa.a,g.cf,a.a,,baaa.a
,Palacios,M,hab.a,jde-fgfe,FARGO,ND,,M,Y,jaaaa.a,c.hjjabch,a.a,,ddaa.a
,Rain,F,iae.a,hig-eddg,JEFFERSONTON,,cchce.a,,,faaa.a,c.fdfhbee,a.a,,
Neville,Backelin,F,daj.a,dca-dbad,AUBURN,IL,,S,N,jaaaa.a,d.a,,a.a,a.a
,Samaras,,eac.a,iha-cbgg,SHELBY,NE,giggc.a,,Y,eaaaa.a,g.ie,,a.a,bad.a
Kunyung,Tourancheau,F,hih.a,dah-bfai,,PR,,S,,ifaaa.a,a.a,,,a.a
Avra,Scharstein,,cfb.a,fhd-jeaj,BIRMINGHAM,,dfcid.a,M,N,faaaa.a,f.a,a.a,,a.a
Fan,Bateman,M,cah.a,bec-jffd,DRYDEN,ME,eccf.a,M,N,haaaa.a,i.f,a.a,,
Yasubumi,Azevdeo,M,dah.a,,,WY,icafc.a,M,N,caaaa.a,a.a,a.a,,a.a
,Kroha,M,jhd.a,hgj-bfgb,,NJ,icbi.a,M,Y,,c.ggbgggj,a.a,,
Hosahalli,Tumuluri,M,iai.a,,HONOLULU,HI,jgiai.a,S,N,cfaaa.a,f.fegafd,,a.a,a.a
Anup,Syrotiuk,F,jah.a,,EGEGIK,AK,jjfhj.a,M,Y,faaa.a,a.a,a.a,,a.a
Kemji,McNichols,F,cgh.a,ehc-dbhi,TITUSVILLE,,bgdfe.a,M,,,d.ah,a.a,,
Heinrich,Roeseler,M,eac.a,cga-edee,SCHUYLER,NE,,,Y,jfaaa.a,g.ie,,a.a,bad.a
Ashley,Baranowski,F,iab.a,,,UT,ieade.a,S,,cfaaa.a,h.a,,a.a,a.a
,Paleczny,F,cac.a,ibc-ibeg,WASHINGTON NAVY YARD,,cadhg.a,M,N,faaaa.a,j.a,a.a,,
Akinari,Rubio,M,dbi.a,fdj-eifa,LISBON,LA,hbaei.a,,Y,daaaa.a,g.a,,a.a,baaa.a
,Schapire,F,cbc.a,gjg-ebib,,NY,bcjhf.a,M,,ffaaa.a,e.chccfg,,,
Kingsley,Hotzel,,gaf.a,fie-hbac,,SD,fhaca.a,M,,,a.a,,,a.a
,Kakuma,,cdb.a,jag-gjdi,BARODA,MI,ejbab.a,M,N,,d.j,,,a.a
Borka,Winkels,F,iha.a,fbe-cjhh,IVAN,AR,hbhei.a,,N,hfaaa.a,h.a,,,a.a
Fakher,Kabir,F,dac.a,eai-bigd,DAGSBORO,,bjjdj.a,S,Y,,f.jf,,a.a,
Grazia,Langlais,F,ida.a,,,TX,hhgcf.a,S,,,a.a,,,a.a
,Kagiwada,,igf.a,hab-faia,TEN MILE,,dhiia.a,M,,,a.a,,,a.a
,Neuwirth,,ccj.a,jaa-jgic,LAWRENCEVILLE,,daaed.a,,Y,,g.a,,a.a,daaa.a
,Dubinsky,M,caf.a,ihe-djhf,HUNTSVILLE,,,M,N,baaaaa.a,f.a,,,a.a
Yuanhui,Bratten,F,ibe.a,gai-ibji,MELCROFT,,bfegc.a,,,eaaaa.a,d.ah,,,
,Mitoma,M,cai.a,,STITES,ID,idffc.a,,N,,h.i,,a.a,a.a
Fujie,Poutre,F,jah.a,,LOWER KALSKAG,AK,jjgcg.a,,Y,caaaa.a,a.a,,,a.a
Uno,Calingaert,,dbg.a,che-hfij,OVERLAND PARK,KS,ggccd.a,,N,cfaaa.a,f.egggggh,,a.a,a.a
Mick,Beguin,M,hce.a,fbi-gcff,FEASTERVILLE TREVOSE,,bjafd.a,S,,hfaaa.a,d.ah,,,
Madeleine,Heckroth,F,jea.a,,,TX,hgiae.a,S,,,a.a,,,a.a
Christoforos,Lauterbach,,ifj.a,cbg-icgc,HICKORY,,ecafb.a,M,N,,f.eeeeeeh,,,a.a
Amnon,Dannevik,M,jdj.a,dbe-dacf,,PR,,S,,jaaaa.a,a.a,,,
,Servieres,F,ddh.a,ige-ifgf,LAFAYETTE,LA,hafag.a,,Y,haaaa.a,g.a,,a.a,baaa.a
Brigitte,DuMouchel,F,gad.a,fha-ecid,SULLIVAN,NH,deef.a,,Y,dfaaa.a,a.a,,,
Kev,Kalb,,hgj.a,dga-dicd,INDEPENDENCE,,digdi.a,M,Y,,f.a,,,bfaa.a
Pauline,Blinzer,F,hih.a,gee-hgfb,,PR,,M,,baaaaa.a,a.a,,,
Jingsen,Kusalik,M,cah.a,efi-fjia,BROWNVILLE JUNCTION,ME,eebf.a,M,Y,,g.jfiacjd,,,
Vic,Iacovou,F,iac.a,eig-gfjf,,VT,fejf.a,S,,,e.gjgce,,a.a,
,Friesem,F,dah.a,,,WY,idbcb.a,S,N,cfaaa.a,a.a,,,a.a
,Lamond,F,fia.a,iea-jiic,,OK,hebff.a,S,,,g.cf,,a.a,baaa.a
Ramkrishnan,Gorg,M,eab.a,bhj-jcbe,,RI,cjab.a,M,,faaa.a,a.a,,,
Anestis,Zadeh,F,jdj.a,jhh-jiig,,PR,gch.a,M,,faaa.a,a.a,,,a.a
Mihalis,Veijalainen,,fbf.a,jii-bfjf,BOONE,IA,faajj.a,S,Y,cfaaa.a,e.acdfece,,a.a,ea.a
Edyta,Khachiyan,M,dah.a,,,WY,icgeg.a,S,N,,a.a,,,a.a
Avadis,Ginzberg,F,hac.a,,,NV,ijfbj.a,S,,gaaaa.a,a.a,,,a.a
Hikaru,Lisonek,M,dga.a,,,WA,jigcj.a,M,Y,,a.a,,,a.a
Insung,Naggar,F,iai.a,,HANA,HI,jghbd.a,M,N,,g.eehdgi,,,a.a
,Baptiste,,jdb.a,ggc-edcj,SALTILLO,,didha.a,,,dfaaa.a,a.a,,,a.a
Jinglie,Loganantharaj,,iad.a,dcj-fiie,TAMASSEE,,cjgig.a,M,,,h.a,,,a.a
Eduardus,Lange,M,gdb.a,cjj-hjdb,,NY,bbdgd.a,S,,,e.eegadgd,,,
Pravil,Aldous,F,cai.a,gfe-ciij,DESMET,ID,,S,Y,jfaaa.a,h.i,,a.a,ddaa.a
,Bogomolov,,dbg.a,igj-cjad,PARADISE,KS,ghgfi.a,,Y,hfaaa.a,g.ef,,,ccfa.a
Dinkar,Alfonsin,,dae.a,cej-bhac,PREMIER,,ceihi.a,,N,ffaaa.a,g.bejjjjg,,,
,Oberhuber,M,iac.a,gjf-jfae,,VT,fgad.a,S,,faaa.a,d.g,,a.a,
France,Alpuente,M,jha.a,,COLORADO SPRINGS,CO,iajci.a,M,N,dfaaa.a,e.gd,,,a.a
Asham,Goke,M,iha.a,jjb-jbhg,MONTICELLO,AR,hbgfg.a,,N,caaaa.a,e.jgicaid,,,a.a
Lorrin,Villarreal,F,faf.a,,,NM,ihicj.a,M,Y,ffaaa.a,f.d,,,ddaa.a
Xiaoming,Srimani,,hbf.a,eea-died,,WI,feeeg.a,S,Y,daaaa.a,e.jghgfi,,a.a,eaa.a
Asuman,Lando,M,hca.a,,NEDERLAND,CO,iaegg.a,,N,,e.gd,,,a.a
Simona,Kobuchi,M,cah.a,gga-baia,WEST BALDWIN,ME,eajb.a,M,N,,i.f,,,
Yacine,Stepanek,F,cah.a,cee-jhai,WINTHROP,ME,,M,Y,jfaaa.a,i.f,,,
,Verbauwhede,M,eab.a,hic-ifaf,,RI,cici.a,S,,daaaa.a,a.a,,,
Chetan,Leinemann,M,edf.a,,,UT,ieagh.a,M,,,h.a,,,a.a
,Gaschnig,M,iai.a,,J B P H H,HI,jgiga.a,,Y,cfaaa.a,f.fegafd,,,baea.a
,Gupte,M,jhd.a,hge-geea,,NJ,hhce.a,S,Y,efaaa.a,b.hjechai,,a.a,
Suzette,Aisbett,,jca.a,cde-bcee,,WI,fdbhc.a,S,Y,dfaaa.a,f.afefddf,,a.a,eaa.a
,Muzio,F,fae.a,igi-jibb,MOUNT AIRY,LA,haahg.a,,N,,g.a,,a.a,a.a
Rebecca,Rozas,,cci.a,fbe-cdia,FULTON,,diied.a,S,N,caaaa.a,f.a,,a.a,a.a
Candy,Thibadeau,F,dad.a,,LITTLETON,CO,iabcb.a,,Y,faaa.a,e.gd,,,a.a
,Merabti,F,fab.a,iih-iiib,ELIZABETH,AR,hcfdb.a,S,Y,,h.a,,a.a,ca.a
,Seggelke,F,hha.a,ifg-gcjj,ESOM HILL,,,M,Y,ifaaa.a,g.a,,,daaa.a
Redha,Blumrich,,gaf.a,jha-chba,,SD,fhdgb.a,S,,efaaa.a,a.a,,,a.a
,Cherinka,M,faf.a,,,NM,ihbfe.a,S,N,efaaa.a,f.d,,a.a,a.a
Jixin,Roantree,F,dda.a,jgi-jhdb,BLAINE,,,S,,jaaaa.a,d.fddfge,,a.a,a.a
Euthimios,Kracsony,,gbi.a,gca-jhbf,MC LEAN,IL,gbhfe.a,,N,,d.a,,a.a,a.a
Mohd,Beim,,ibg.a,jeg-cjjb,SEDALIA,MO,gfdac.a,,N,cfaaa.a,g.a,,,a.a
Arlaana,Seung,,dbj.a,ebe-gjha,WEST BURLINGTON,IA,fcgff.a,M,N,gaaaa.a,i.ji,,,a.a
,Blomberg,,hfh.a,hji-dajb,RADFORD,,cebed.a,,,iaaaa.a,f.hf,,,
,Bolloju,M,gda.a,jaa-bhhg,CISNE,IL,,M,N,jfaaa.a,d.a,,,a.a
Dayanand,Gerbe,M,hac.a,,,NV,ijfca.a,S,,bfaaa.a,a.a,,,a.a
,Lalanda,M,ecf.a,,,WA,jjbgf.a,S,Y,,a.a,,,a.a
Saturnino,Gierl,M,edf.a,,,UT,iefba.a,S,,gaaaa.a,h.a,,a.a,cehf.a
Teofilo,Sirmakessis,,iad.a,fda-hicf,ISLE OF PALMS,,cjefb.a,,,faaaa.a,h.a,,a.a,a.a
,Crescenzi,F,fab.a,hcf-faji,PARON,AR,hcbcc.a,,N,baaaa.a,c.fhhigfe,,a.a,a.a
Pierluigi,Astor,F,dac.a,ddg-bjdg,DOVER,,bjjae.a,S,Y,faaa.a,c.c,,a.a,
,Roure,M,hca.a,ghc-ccec,YAMPA,CO,,M,Y,baaaaa.a,e.gd,,,a.a
M'hamed,Tedijanto,,hbc.a,gfi-bcjc,VINING,IA,fcdei.a,M,N,faaaa.a,h.iicjjae,,,a.a
Laxmikant,Helscher,M,jah.a,,KIVALINA,AK,jjhfa.a,,Y,,a.a,,,a.a
Kek,Lazensky,,gbf.a,gej-fbhd,MEMPHIS,,dibib.a,,,,a.a,,,a.a
Yongkyun,Lebel,,hha.a,fdf-ghbg,MARIETTA,,daaai.a,,Y,,g.a,,,daaa.a
Serena,Koblick,F,ccf.a,cee-baif,MANDEVILLE,LA,haehb.a,,Y,,g.a,,a.a,baaa.a
Sava,Wallenborn,M,dbg.a,cbb-fdja,MEADE,KS,,,Y,baaaaa.a,g.ef,a.a,,ccfa.a
Kieran,Bena,,hig.a,cch-fafc,DEERFIELD BEACH,,ddeed.a,S,Y,faaaa.a,a.a,,,a.a
Raminder,Spirk,F,dac.a,bge-cbid,BETHANY BEACH,,bjjda.a,S,Y,cfaaa.a,d.fgdgdgd,,a.a,
Noriko,Kryukova,F,jbi.a,ddj-jcef,,OK,headh.a,S,,,g.cf,,a.a,a.a
Sangho,Bashandy,,cgc.a,deh-ffaj,,WI,fdiah.a,S,N,baaaa.a,e.gcabff,,a.a,a.a
Athena,Waeselynck,,dbj.a,daf-iaii,WIOTA,IA,fache.a,M,Y,dfaaa.a,f.fghdcc,a.a,,ea.a
,Patkar,M,ehj.a,hbe-ehda,MORROW,AR,,,Y,ifaaa.a,h.a,a.a,,ca.a
Kazuaki,Kriegman,,iad.a,jgj-dcfe,BLACKSTOCK,,cjabe.a,M,,,h.a,a.a,,ddaa.a
Tevfik,Musha,,jca.a,bhi-ddcb,,WI,fdbfg.a,S,Y,,e.hahadb,,a.a,eaa.a
,Braams,,gbf.a,hdi-cjig,ELBRIDGE,,dicch.a,S,,eaaaa.a,a.a,,,a.a
Gulbin,Taubner,M,edf.a,,,UT,iehgg.a,S,,faaaa.a,h.a,,a.a,cehf.a
,Udding,,gab.a,hgi-cgei,OCEAN SPRINGS,,djfge.a,,Y,dfaaa.a,f.a,,a.a,bfaa.a
Jianjun,Noik,M,eba.a,bgc-badd,GREENSBORO,,cbgdj.a,S,N,,e.hf,,a.a,
Orazio,D'Agostino,F,cfd.a,,,WA,jiehh.a,M,N,haaaa.a,a.a,,,a.a
,Faulstich,F,gag.a,ifa-icae,NEBO,,,,N,ifaaa.a,g.a,,a.a,a.a
Augusto,Ghezal,F,fbd.a,bfh-ibec,WOOSTER,,,M,,ifaaa.a,d.dghfj,,,a.a
Zorana,Georg,,ebh.a,eah-bhij,NOVELTY,MO,gdega.a,,N,hfaaa.a,g.a,,a.a,a.a
Yoshiharu,Samarati,,hgf.a,fac-bfed,MERRILLVILLE,,egeba.a,,Y,haaaa.a,d.e,,a.a,baaa.a
Philippe,Beerel,,jeh.a,fic-daba,DE TOUR VILLAGE,MI,ejhcf.a,M,N,faaaa.a,d.j,,,a.a
Subhasish,Gafter,,fbf.a,dba-dggb,HARRIS,IA,fbdef.a,M,Y,daaaa.a,e.hjfedc,,,ea.a
Luia,Hyvonen,,dde.a,ehj-gffi,MAPLESVILLE,,dghfa.a,,Y,,f.a,,a.a,daa.a
Kabekode,Faour,M,gad.a,dab-hhhd,ROCHESTER,NH,,,Y,jfaaa.a,a.a,,,
Chunho,Trammell,F,eia.a,,PALO VERDE,AZ,ifded.a,,N,eaaaa.a,d.ddf,,,a.a
,Braham,F,dca.a,hbh-fjjf,CLONTARF,MN,,M,N,ifaaa.a,h.if,,,a.a
Grit,Abdulazizoglu,F,hea.a,fha-ejij,BEAVER,,,M,,baaaaa.a,d.igffbci,,,a.a
Magnus,Reim,,ied.a,baf-dida,ORANGEBURG,,cjbbi.a,,,faaaa.a,h.a,,a.a,a.a
,Sentance,,chg.a,igg-gdah,ROANOKE,,ceaei.a,,,iaaaa.a,f.hf,,a.a,
Meera,Brookner,,gaf.a,dde-jcie,,SD,fhagi.a,S,,gaaaa.a,a.a,,,a.a
Shaker,Linusson,M,hca.a,,SLATER,CO,ibgfd.a,,Y,,e.gd,,,a.a
Florentino,Dostal,,cfg.a,dfe-jgie,ALABASTER,,dfaah.a,M,Y,ffaaa.a,f.a,,,daa.a
Ivan,Fornaciari,M,iai.a,,HONOLULU,HI,jgiah.a,M,Y,bfaaa.a,d.hedecb,,,baea.a
Sanzheng,Baak,M,ccf.a,bdf-ehjf,COLLINSTON,LA,hbccj.a,S,Y,gfaaa.a,g.a,,a.a,baaa.a
,Biermann,,had.a,ghg-jbbg,SANDY HOOK,,cdbfd.a,,,hfaaa.a,f.hf,,,
Wouter,Ventura,M,iai.a,,WAIKOLOA,HI,jghdi.a,M,N,dfaaa.a,h.deigied,,,a.a
Keshab,Meyden,M,cfe.a,,,TX,hhfbj.a,S,,,a.a,,,a.a
Koh,Kryukova,,gdg.a,fhh-fcdj,SAINT LOUIS,MO,gdbcc.a,,Y,,g.a,,,bcaa.a
Brian,Giradot,,ied.a,bfa-cdde,JONESVILLE,,cjdjf.a,,,gfaaa.a,h.a,,a.a,a.a
Sumali,Galand,F,ebf.a,,SCOTTS VALLEY,CA,jfagh.a,,Y,cfaaa.a,f.ebabfh,,,chc.a
Beshir,Lelouche,M,gic.a,,,TX,hheij.a,S,,,a.a,,,a.a
,Vajtersic,M,geb.a,ggb-feef,DIKE,IA,,S,N,jaaaa.a,i.ji,,a.a,a.a
Guido,Billington,M,iac.a,fei-hech,,VT,fhhf.a,S,,ffaaa.a,e.ajjdhg,,a.a,
Jak,Vasconcelos,M,gad.a,bha-cifc,SOMERSWORTH,NH,dihi.a,,N,dfaaa.a,a.a,,,
Penelope,Terekhov,F,ghi.a,cbe-deja,HAMPTON,,,S,Y,ifaaa.a,g.a,,a.a,daaa.a
Naser,Haarhoff,,eac.a,dff-cdad,OMAHA,NE,gibdh.a,,N,,g.ie,,,a.a
,Maksimenko,,dae.a,ibf-jabi,JOSEPHINE,,cfifh.a,,Y,,e.e,,,
Annedore,VanScheik,M,hdc.a,cjh-ffce,,NJ,hjcb.a,M,Y,eaaaa.a,b.hbfebgh,,,
Sadali,Putfarken,,hab.a,bbg-bief,HATTON,ND,ficea.a,S,N,cfaaa.a,c.b,,a.a,a.a
,Clarke,M,cai.a,,MONTPELIER,ID,idcfe.a,,Y,gaaaa.a,h.i,,a.a,ddaa.a
Annette,Oomachi,M,iab.a,,,UT,iebbb.a,S,,haaaa.a,h.a,,a.a,cehf.a
Algimantas,Fanty,F,cac.a,dic-hcfc,WASHINGTON,,,S,Y,jfaaa.a,j.a,,a.a,
Chuanti,Gerber,,gbi.a,jgb-eadj,CORNLAND,IL,gcfbj.a,S,N,iaaaa.a,d.a,,a.a,a.a
,Dingus,M,jbi.a,hci-fbid,,OK,hehea.a,S,,efaaa.a,g.cf,,a.a,baaa.a
Watani,Pidd,F,hca.a,faa-ibfa,BUENA VISTA,CO,,M,Y,baaaaa.a,e.gd,,,a.a
Ziqiang,Priol,F,eaf.a,ebf-cgci,,OK,heibi.a,M,,bfaaa.a,g.cf,,,a.a
,Cavin,F,faf.a,,,NM,ihdbc.a,M,Y,faaa.a,b.h,,,ddaa.a
Arden,Banerji,M,eda.a,cba-cfdj,,TX,hfafa.a,M,,faaaa.a,a.a,,,a.a
Thien,Padhye,,hde.a,jhf-hcdc,JAMESTOWN,MI,ejech.a,,N,gaaaa.a,d.j,,a.a,a.a
,Llewellyn,F,ddj.a,jbf-baec,SANDISFIELD,MA,bcff.a,,N,,f.d,,,
Abdelghani,Lyle,F,dah.a,,,WY,icedd.a,M,Y,,a.a,,,a.a
Prodip,Ehrenberger,F,iai.a,,HONOLULU,HI,jgiae.a,M,N,gaaaa.a,i.cf,,,a.a
Gonzalo,Rettinger,M,iac.a,fgi-eidi,,VT,fghh.a,S,,gaaaa.a,e.bjiifdf,,a.a,
,Maramtz,F,jah.a,,ARCTIC VILLAGE,AK,jjhcc.a,M,N,,a.a,,,a.a
Atsuyoshi,Lasala,M,faf.a,,,NM,ihaea.a,S,,,f.d,,a.a,a.a
Vassos,Aly,F,hih.a,fbb-djeb,,PR,jce.a,S,,faaa.a,a.a,,,
Kazufumi,Schiel,M,hhf.a,,,NV,ijaga.a,M,,gfaaa.a,a.a,,,a.a
Kyogji,Schlegel,,ehi.a,fjb-fdff,CEDAR SPRINGS,,djidc.a,M,Y,hfaaa.a,g.a,,,daaa.a
Robbert,Nyrup,,gca.a,fcj-fabb,HIGHLAND,KS,ggadf.a,S,Y,efaaa.a,g.ef,,a.a,ccfa.a
Plamenka,Baar,F,gbe.a,efd-gcjb,COLUMBUS,,,M,,jfaaa.a,d.gjjfdih,,,bdaa.a
Jiri,Worfolk,M,cah.a,fhb-bjhh,BAR MILLS,ME,eaae.a,S,N,ffaaa.a,i.f,,a.a,
Cesur,Sluizer,M,cfd.a,,,WA,jicai.a,M,Y,baaaa.a,a.a,,,a.a
Hidetoshi,Tamm,,gda.a,gef-dgbb,COOKSVILLE,IL,gbhda.a,S,N,caaaa.a,d.a,,a.a,a.a
,Felciano,M,iae.a,hci-gded,LORETTO,,ccfaj.a,,,cfaaa.a,f.hf,,a.a,
Rejane,Korupolu,,dae.a,dbe-cjia,GREEN BANK,,cejee.a,S,N,,g.f,,a.a,
Didier,Joswig,,gbi.a,fgd-dige,BUDA,IL,gbdbe.a,M,Y,,d.a,,,caaa.a
Tesuro,Bruni,,dbj.a,fga-ided,PLOVER,IA,fafhd.a,,Y,faaa.a,a.jdfjie,,,ea.a
Gnanamalar,Bodendorf,F,gaj.a,bjd-dcig,,NJ,hjab.a,M,N,eaaaa.a,b.hbfebgh,,,
Padmavathi,Mournier,,dca.a,gbi-bhch,PERLEY,MN,fgfhe.a,,Y,,g.bcdcbcd,,a.a,ddaa.a
Yatsuka,Baru,M,gac.a,,SECOND MESA,AZ,igaed.a,,Y,efaaa.a,d.ebcf,,a.a,cdaa.a
Bianka,Peot,,gca.a,bbh-ihdb,WESKAN,KS,ghhgc.a,M,N,gaaaa.a,g.ef,,,a.a
Yaakov,Jacobsson,,igf.a,bha-jhha,BETHPAGE,,dhacc.a,S,,,a.a,,,a.a
Nizam,Newson,,jca.a,bbg-ddbh,,WI,febcg.a,S,N,,f.bebeaje,,a.a,a.a
,Mandviwalla,F,cac.a,gij-higg,WASHINGTON,,caagj.a,S,Y,,j.a,,a.a,
Florentino,Yetto,,eac.a,ejj-dejg,SARGENT,NE,giihe.a,,N,efaaa.a,g.ie,,a.a,a.a
Jeremy,Certaine,,jfc.a,jef-bbja,NERSTRAND,MN,ffafd.a,,N,efaaa.a,g.gfgidad,,,a.a
Yurii,Rosneblatt,F,faf.a,,,NM,ihbae.a,M,Y,eaaaa.a,f.d,,,ddaa.a
Lucia,Ghiselli,F,dah.a,,,WY,icaib.a,M,N,dfaaa.a,a.a,,,a.a
Make,Legget,,cga.a,dhi-gjia,SOUTH BEND,,eggjj.a,,Y,,d.e,,a.a,baaa.a
,Gadbois,F,ehj.a,jai-jhgh,CLARKSVILLE,AR,hcida.a,S,Y,ffaaa.a,h.a,,a.a,ca.a
Mikko,Vinze,M,ebf.a,,HAYWARD,CA,jeffh.a,S,Y,eaaaa.a,i.jfbdbe,,a.a,chc.a
Pavani,Reenskaug,M,eab.a,gfh-hhbj,,RI,cijb.a,S,,faaa.a,a.a,,,
Ernestine,Nuzman,M,jah.a,,KALSKAG,AK,jjgah.a,,N,,a.a,,,a.a
,Kontogiorgos,F,dac.a,hbe-jbcf,BETHEL,,bjjdb.a,M,Y,,f.jf,,,
Kayhan,Griffioen,,dai.a,dea-gcgj,LINCOLN,NE,gifai.a,,N,baaaa.a,d.jajhajf,,,a.a
Devindra,Mozeico,,gaf.a,dib-fihc,,SD,fhhbe.a,S,,,a.a,,,a.a
,Berstel,,hab.a,igf-jbdf,BISMARCK,ND,fifac.a,M,Y,gfaaa.a,c.fajcagd,,,ddaa.a
Nimmagadda,Genin,,eag.a,ecc-cjja,ALZADA,MT,fjdbb.a,M,Y,hfaaa.a,g.j,,,bjaa.a
Fortney,Justin,F,jah.a,,PORT ALEXANDER,AK,jjidg.a,,Y,,a.a,,,a.a
Goncalo,Philippow,M,edf.a,ffh-jedb,,UT,,M,,iaaaa.a,h.a,,,cehf.a
Shaler,Ciarlo,M,jah.a,,THORNE BAY,AK,jjjbj.a,S,Y,caaaa.a,a.a,,,a.a
Annalina,Alter,F,iha.a,djb-fijd,BEARDEN,AR,hbhca.a,M,Y,caaaa.a,e.jgicaid,,,ca.a
Adolfo,Morrill,M,dah.a,,,WY,icief.a,M,N,,a.a,,,a.a
,Ezeife,,hbc.a,igj-bcad,FAIRFIELD,IA,fcffg.a,S,Y,bfaaa.a,c.ehjhgd,,a.a,ea.a
Svietlana,Cotta,F,feb.a,,,OR,jhdib.a,S,,ffaaa.a,j.a,,a.a,bfj.a
Levis,Vitthal,M,cah.a,bce-cdja,EAST WILTON,ME,ecde.a,S,Y,caaaa.a,i.f,,a.a,
Andras,Regev,F,cah.a,gec-gagf,BURLINGTON,ME,eebh.a,S,Y,eaaaa.a,i.f,,a.a,
,Shimasaki,F,eab.a,idj-hafj,,RI,cjah.a,S,,cfaaa.a,a.a,,,
Branka,Messabih,,hgd.a,cgi-bgce,LEWISVILLE,MN,fgaga.a,,Y,,h.if,,a.a,ddaa.a
Loren,Wingstedt,F,jfg.a,,,TX,hjhbd.a,S,,efaaa.a,a.a,,,a.a
Jea,Baroglio,F,cac.a,cge-jbcc,WASHINGTON,,caaha.a,M,N,gfaaa.a,j.a,,,
,Hassan,M,iab.a,,,UT,ieadj.a,S,,,h.a,,a.a,cehf.a
Chaouki,Flandrena,,daf.a,jdi-gebg,TAMPA,,ddgcj.a,M,N,bfaaa.a,a.a,,,a.a
Imari,Stornetta,F,jci.a,,ELGIN,AZ,ifgbb.a,S,N,haaaa.a,d.i,,a.a,a.a
Tirtza,Doszkocs,F,caj.a,,PALM DESERT,CA,jccga.a,,N,dfaaa.a,h.hhajcie,,,a.a
,Merico,,ebe.a,iaf-ehca,,WI,febad.a,S,Y,,f.ggcggdf,,a.a,eaa.a
Edison,Alexanyan,,ggc.a,dfd-ihag,LOUIN,,djddi.a,,Y,caaaa.a,f.a,,a.a,bfaa.a
Laurence,Hagimont,F,cai.a,,SHELLEY,ID,idche.a,,Y,,c.gjadedj,,,ddaa.a
Botond,Klimov,,dae.a,ccb-igea,THORNTON,,cgeea.a,S,Y,,d.a,,a.a,
Sibsankar,Feuerman,M,cac.a,cec-gbhe,WASHINGTON,,caaea.a,S,Y,ffaaa.a,j.a,,a.a,
Lluis,Thulasiraman,M,feb.a,,,OR,jhaac.a,M,,faaaa.a,j.a,,,bfj.a
,Cheriyan,F,fha.a,iac-jija,WILKES BARRE,,bihgg.a,S,,efaaa.a,d.ah,,,
Swen,Schulman,M,jha.a,,CANON CITY,CO,ibcbc.a,S,N,ffaaa.a,e.gd,,,a.a
Jeretta,Maleki,,ige.a,cbi-eebg,DAUFUSKIE ISLAND,,cjjbf.a,M,,,h.a,,,a.a
Jinglie,Klingemann,,fbd.a,cce-igfi,BARTLETT,,efhbd.a,M,,,c.cafhgjd,,,bdaa.a
Redha,Flaus,,eea.a,cic-ihec,GROVEPORT,,edbcf.a,S,,gfaaa.a,c.hadgjce,,a.a,a.a
Yukuo,Deppe,,hig.a,dfe-ibii,WINTER HAVEN,,ddiia.a,M,Y,cfaaa.a,a.a,,,a.a
,Michailidis,F,dad.a,,BURLINGTON,CO,iaiah.a,M,N,,e.gd,,,a.a
Pirjo,Worland,,ibf.a,efc-fada,HICKORY HILLS,IL,gaefh.a,M,N,cfaaa.a,d.a,,,a.a
,Whitcomb,M,jhb.a,,,OR,jhiid.a,S,,bfaaa.a,j.a,,a.a,bfj.a
Jess,Messmer,F,gad.a,jee-bfgd,EAST HAMPSTEAD,NH,dicg.a,S,Y,,a.a,,,
,Gusella,,hgf.a,ibg-bahj,EVANSVILLE,IN,ehhea.a,S,Y,hfaaa.a,d.e,,a.a,baaa.a
Athomas,Nisiyama,M,eaf.a,cac-cggj,,OK,hdeec.a,M,,,g.cf,,,a.a
Hagbal,Forcade,F,hac.a,,,NV,ijeac.a,M,,daaaa.a,a.a,,,a.a
Jaeho,Mikkilineni,,dbc.a,efi-bbjg,STANFORD,IL,gbhhe.a,,Y,,d.a,,,caaa.a
,Toinard,F,cad.a,gjf-dcgc,MANCHESTER,CT,gaec.a,,Y,bfaaa.a,f.a,,,
,Gerli,,hha.a,ifh-chja,ATLANTA,,dadgg.a,M,Y,ffaaa.a,g.a,,,daaa.a
,Burroughs,M,iha.a,jae-hhfe,IMBODEN,AR,,S,Y,jfaaa.a,h.a,,a.a,ca.a
Anke,Catot,M,dah.a,,,WY,icddg.a,M,Y,faaa.a,a.a,,,a.a
,Adolphson,F,jdj.a,iac-hefi,,PR,jci.a,S,,gaaaa.a,a.a,,,
Dharma,Bronstein,,gaf.a,jhf-dhgh,,SD,fhcgf.a,S,,iaaaa.a,a.a,,,a.a
Cis,Olsztyn,,dae.a,geg-fjii,LE ROY,,cfcfc.a,,N,gaaaa.a,g.f,,,
Madan,Lichnewsky,,jfc.a,ccc-ggai,CASS LAKE,MN,fggdd.a,S,Y,,g.bcdcbcd,,a.a,ddaa.a
Kui,Ciampi,M,jbc.a,daf-bief,ATLANTA,,,M,Y,jaaaa.a,g.a,,,daaa.a
,Ramseyer,,gbf.a,hga-dbjd,MURFREESBORO,,dhbch.a,,,gaaaa.a,a.a,,,a.a
Yeogirl,Goodenday,,hif.a,fcg-dfjb,VALLEY CENTER,KS,ghbeh.a,M,N,gaaaa.a,g.ef,,,a.a
Ortrun,Pine,F,jah.a,,NULATO,AK,jjhgf.a,,N,bfaaa.a,a.a,,,a.a
Rosita,Futagami,,eag.a,fdh-dbac,BOZEMAN,MT,fjhbj.a,S,Y,gfaaa.a,g.j,,a.a,bjaa.a
,Dongen,,cdb.a,ihi-jbja,TAYLOR,MI,eibia.a,M,N,cfaaa.a,d.j,,,a.a
,Lelouche,,igf.a,ief-jibi,INDIAN MOUND,,dhahj.a,M,,,a.a,,,a.a
Cesur,Goff,M,edc.a,,,TX,hjafd.a,S,,daaaa.a,a.a,,,a.a
Masamitsu,Weisler,,eac.a,cca-gihb,HICKMAN,NE,gidhc.a,M,Y,daaaa.a,g.ie,,,bad.a
Paramsothy,Chelyah,M,hac.a,,,NV,ijbad.a,S,,ffaaa.a,a.a,,,a.a
,Gertz,,ghi.a,hbj-bfie,ATLANTA,,dadge.a,M,N,faaa.a,e.e,a.a,,a.a
Jadwiga,Willhoft,,fbf.a,jij-jajg,NORTHBORO,IA,fbgeh.a,,Y,gfaaa.a,i.ji,,a.a,ea.a
,Anson,M,eab.a,hia-gbhf,,RI,cibh.a,M,,cfaaa.a,a.a,a.a,,
Jooseok,Srimani,,ibg.a,fhf-cbic,LICKING,MO,gffec.a,,N,gaaaa.a,g.a,,a.a,a.a
,Liskiewicz,F,gad.a,gjb-ccja,HOOKSETT,NH,dbag.a,S,Y,,a.a,,,
,Ogurol,M,jab.a,jba-ghgb,GAINESBORO,,,S,,ifaaa.a,a.a,,,a.a
Saharon,Giloi,F,cci.a,bha-fdcg,POPLARVILLE,,,,Y,jaaaa.a,f.a,a.a,,bfaa.a
Marinos,Kavaky,,jbd.a,jff-hefh,DERBY,KS,ghadh.a,S,Y,,g.ef,,a.a,ccfa.a
,Nekvinda,M,igc.a,idh-dhhj,,NJ,hacj.a,M,Y,,b.hbfebgh,a.a,,
,Covnot,M,iac.a,hjg-ghhc,,VT,fgea.a,M,,ffaaa.a,e.ajjdhg,a.a,,
Reginald,Oksanen,F,jbi.a,cdd-jiic,,OK,hdhca.a,M,,caaaa.a,g.cf,a.a,,a.a
Fredric,Bedard,,ecd.a,jgd-ghbe,THORN HILL,,dhiib.a,S,,faaa.a,a.a,,,a.a
,Parish,F,iga.a,ijd-dbbe,WATERBURY,CT,ghad.a,S,Y,haaaa.a,f.a,,a.a,
Nicklas,Cavalieri,M,ehi.a,fef-dibh,FORT OGLETHORPE,,,S,N,jfaaa.a,g.a,,a.a,a.a
,Halverson,M,gad.a,jag-ieij,ROCHESTER,NH,digg.a,,N,,a.a,,,
Florimond,Gamerman,,gca.a,ehi-ghbg,MARYSVILLE,KS,ggfai.a,,N,baaaa.a,d.f,a.a,,a.a
Takeshige,Pocchiola,F,dai.a,jja-cdfg,WALLACE,NE,gjbgj.a,M,Y,gfaaa.a,g.ie,a.a,,bad.a
,Wixon,M,gad.a,hhd-jiaj,MOULTONBOROUGH,NH,,,Y,ifaaa.a,a.a,a.a,,
Yadran,Brabec,F,eed.a,ecb-icdg,WOODBINE,,cbhjh.a,M,N,faaa.a,e.hf,a.a,,
Sulaiman,Minot,M,dad.a,,MINTURN,CO,ibgef.a,,N,,e.gd,a.a,,a.a
Timothy,Juneja,,jfc.a,ejj-fchb,BUHL,MN,ffhbd.a,M,N,,h.if,a.a,,a.a
Shaygan,Godliman,,ige.a,eac-fefd,PINELAND,,cjjde.a,,,faaa.a,d.fgdhbg,a.a,,a.a
Eiichiro,Altis,F,ffb.a,gfi-fecf,,NJ,iaaf.a,M,N,gfaaa.a,c.bajgihg,a.a,,
Xiufeng,Ledru,,dbh.a,bgi-idhc,HARMONY,IN,ehifd.a,M,N,,d.e,a.a,,a.a
Leone,Dussa,M,gbc.a,bhe-cicb,YOUNG AMERICA,MN,,S,Y,baaaaa.a,h.if,,a.a,ddaa.a
,Brule,M,gad.a,jag-jbgi,TILTON,NH,dchg.a,M,Y,eaaaa.a,a.a,a.a,,
,Altenkirch,F,cfb.a,iii-hiia,CAMP HILL,,,S,N,ifaaa.a,f.a,,a.a,a.a
Jan,Nori,,gca.a,beh-cigj,LARNED,KS,ghffa.a,,N,,d.f,,a.a,a.a
,Cai,M,iai.a,,SCHOFIELD BARRACKS,HI,jgifh.a,,N,faaaa.a,i.cf,,a.a,a.a
Salwa,Esposito,,hde.a,dfh-cfhh,DECKERVILLE,MI,eiech.a,S,N,gfaaa.a,d.j,,a.a,a.a
,Rheingans,,jbc.a,hag-heji,PEACHTREE CITY,,dacgj.a,,N,eaaaa.a,g.a,a.a,,a.a
Saeeiab,Braunschweig,,dai.a,egb-dcfh,WILBER,NE,giegf.a,S,Y,caaaa.a,f.gifged,,a.a,bad.a
,Alberti,M,cah.a,ggc-dhbd,WATERFORD,ME,eaii.a,S,N,eaaaa.a,i.f,,a.a,
Kang,Zettel,M,cfg.a,ffc-hdjc,TUSCALOOSA,,,M,Y,jaaaa.a,f.a,a.a,,daa.a
,Versino,,fhd.a,jah-cgee,FLORISSANT,MO,gdadc.a,S,N,eaaaa.a,g.a,,a.a,a.a
,Kumaresan,M,fab.a,hdb-hicf,RECTOR,AR,hcegb.a,,Y,,c.fhhigfe,a.a,,ca.a
,Luef,M,hhf.a,,,NV,ijbee.a,S,,,a.a,,,a.a
Yoshinari,Baum,M,cai.a,,MALTA,ID,iddec.a,,N,bfaaa.a,f.fcjaec,,a.a,a.a
Shaul,Ouchi,F,hih.a,cai-fdhg,,PR,,M,,baaaaa.a,a.a,a.a,,a.a
Zhongde,Mallach,F,cai.a,,BOISE,ID,idhca.a,S,N,,h.i,,a.a,a.a
Dmitry,Mokkedem,F,dac.a,eig-bach,WILMINGTON,,bjiae.a,S,N,,f.jf,,a.a,
Windsor,Remp,F,iai.a,,KIHEI,HI,jghfd.a,,N,gfaaa.a,i.cf,,a.a,a.a
,Bogle,,dbe.a,jbc-cgdg,SALISBURY,MO,gfcib.a,,N,daaaa.a,g.a,a.a,,a.a
,Virbel,M,gcd.a,,CHINO VALLEY,AZ,igdcd.a,S,N,haaaa.a,d.i,,a.a,a.a
Amabile,Bressoud,,gdg.a,bgf-gaif,OAK GROVE,MO,geahf.a,,Y,efaaa.a,g.a,a.a,,bcaa.a
Debatosh,Bari,F,jbi.a,fgc-gibc,,OK,hdbec.a,M,,efaaa.a,g.cf,a.a,,a.a
Arden,Daneels,,ibf.a,chi-jjie,RIVERTON,IL,gcfgb.a,,Y,gaaaa.a,d.a,,a.a,caaa.a
,Futtersack,,jia.a,hdj-bfad,PINETOWN,,chigf.a,,Y,dfaaa.a,g.egghid,a.a,,
,Flinn,M,gad.a,hah-bbfj,CHESTERFIELD,NH,deed.a,M,Y,cfaaa.a,a.a,a.a,,
,Vasanthakumar,F,iai.a,,HONOLULU,HI,jgibd.a,S,Y,efaaa.a,i.cf,,a.a,baea.a
Takehito,Gursel,,jia.a,ffe-dbea,WINSTON SALEM,,chbbf.a,S,N,hfaaa.a,h.dafjee,,a.a,
,Abdulazizoglu,,eag.a,iae-djfg,RAYNESFORD,MT,fjegj.a,,Y,haaaa.a,g.j,,a.a,bjaa.a
,Saffell,F,ihi.a,ihg-dfhc,NORWOOD,,bjahe.a,,,caaaa.a,d.ah,a.a,,
,Tiberghien,,gai.a,hge-jcbi,,WI,feggj.a,M,Y,haaaa.a,f.ggcggdf,a.a,,eaa.a
Fumitake,Namjoshi,M,hbj.a,,FORT MORGAN,CO,iahab.a,S,Y,,e.gd,,,a.a
,Bruchert,F,dbf.a,iid-dcha,,NY,bccdc.a,M,,cfaaa.a,e.ajiehff,a.a,,
Solomon,Punnekkat,F,fac.a,cfh-gdhf,PIKEVILLE,,,,Y,jaaaa.a,g.a,,a.a,ca.a
Srilata,Papastamatiou,F,dah.a,,,WY,icjcj.a,S,Y,eaaaa.a,a.a,,,a.a
Jutta,Zajac,,eag.a,ede-gecg,MISSOULA,MT,fjiad.a,,N,faaa.a,c.dhdchfi,a.a,,a.a
Ryuichi,Arbia,M,jah.a,,ATKA,AK,jjfeh.a,S,Y,baaaa.a,a.a,,,a.a
Rein,Bocca,,eag.a,jff-iaba,BELFRY,MT,fjaai.a,M,N,efaaa.a,g.j,a.a,,a.a
Kalervo,Fayolle,M,eaf.a,fac-eedb,,OK,hehab.a,M,,eaaaa.a,g.cf,a.a,,baaa.a
,Haarhoff,F,cfd.a,,,WA,jiaec.a,M,Y,,a.a,a.a,,a.a
Coco,Uhrik,F,iai.a,dea-icha,HOLUALOA,HI,,S,N,ifaaa.a,i.cf,,a.a,a.a
Itsuko,Roussinov,F,hhe.a,jfc-fidi,SAGAMORE BEACH,MA,,,N,jaaaa.a,f.d,,a.a,
Aimin,McWilliams,M,ffb.a,jeh-ggib,,NJ,hgch.a,M,Y,,b.ffhhaid,a.a,,
Federico,Sollins,,hgj.a,fae-bcbc,WINSTONVILLE,,dihib.a,S,N,faaaa.a,f.a,,a.a,a.a
,Khedr,M,fad.a,,,OR,jhgdc.a,S,,,j.a,,a.a,a.a
,Hiroike,F,hhf.a,,,NV,ijica.a,M,,,a.a,a.a,,a.a
Minjae,Pinho,,dda.a,ded-hjbf,COLUMBUS,,edaif.a,S,,efaaa.a,c.adjhjf,,a.a,bdaa.a
,Ruhleder,F,hhf.a,,,NV,ijecc.a,S,,gaaaa.a,a.a,,,a.a
Servet,Masiero,,fhd.a,caa-hdge,TALLAPOOSA,MO,gdihi.a,M,N,,g.a,a.a,,a.a
,Purna,F,gah.a,iah-fhah,,NY,bcebj.a,S,,caaaa.a,e.agjfbce,,,
Sebastien,Yemenis,F,gba.a,dfc-dhcf,MARION,,bhcdf.a,,,daaaa.a,d.ah,,,
Christiaan,Boi,,gaf.a,bhg-iaga,,SD,fhfde.a,S,,hfaaa.a,a.a,,,a.a
,Novacek,,hab.a,hej-jhcj,ROSEGLEN,ND,fihhf.a,,Y,,c.fajcagd,,a.a,ddaa.a
Hoewon,Jimbo,,fgb.a,baa-haja,APOPKA,,dchae.a,S,Y,,a.a,,,a.a
Wieb,Hitomi,F,iai.a,,KANEOHE,HI,jghee.a,,Y,,h.deigied,a.a,,baea.a
Aurelie,Subramaniyam,,ddg.a,djf-bbie,HENRICO,,chiec.a,M,Y,baaaa.a,g.a,a.a,,
Panayiotis,Wijshoff,M,eed.a,dic-iddf,CAPITOL HEIGHTS,,cahjb.a,M,Y,gfaaa.a,e.hf,a.a,,
,Vaidyanathan,M,eba.a,hhj-deed,PORT REPUBLIC,,,,Y,iaaaa.a,e.hf,,a.a,
Hollie,Hemenway,,cdj.a,dia-iceh,JACKSONVILLE,,dcceg.a,,N,,a.a,a.a,,a.a
Wentai,Nisnevich,F,iab.a,,,UT,iefci.a,S,,,h.a,,a.a,a.a
Graziano,Khakhar,F,cah.a,fgg-efbe,WEST MINOT,ME,ecii.a,S,Y,,i.f,,a.a,
Shreeram,Koers,,jbj.a,edf-gbae,SMYRNA,,cifhj.a,,Y,,h.idaebjf,a.a,,
Noe,Strayer,M,edf.a,,,UT,iebfh.a,S,,faaaa.a,h.a,,a.a,cehf.a
Khurshid,Zompi,M,cbj.a,cgd-ifdc,HEBRON,,,M,N,jaaaa.a,d.e,a.a,,a.a
Fumitake,Bensaou,M,hhf.a,dbj-hedg,,NV,,M,,jfaaa.a,a.a,a.a,,a.a
,Astor,F,deh.a,jcc-cgci,,NY,bdejb.a,M,,dfaaa.a,e.bfgeacg,a.a,,
,Schler,F,hih.a,gjh-echf,,PR,gib.a,S,,ffaaa.a,a.a,,,a.a
Kangwoo,Palmore,,dde.a,ded-hjfj,LUVERNE,,dgaej.a,,Y,efaaa.a,f.a,,a.a,daa.a
,Korcuska,,cci.a,hag-idad,BLUE SPRINGS,,diici.a,S,Y,,f.a,,a.a,bfaa.a
,Arafa,M,jah.a,gha-hchh,NUNAPITCHUK,AK,,,N,ifaaa.a,a.a,a.a,,a.a
Nevin,Tamm,M,ehj.a,dgf-faij,DESHA,AR,hcfch.a,S,N,daaaa.a,h.a,,a.a,a.a
,Kask,M,eab.a,hge-haje,,RI,cifh.a,M,,,a.a,a.a,,
,Telichevesky,,iba.a,ggi-gada,KALAMAZOO,MI,ejaei.a,,Y,caaaa.a,d.j,,a.a,dbaa.a
Rishiyur,Niederjohn,F,faj.a,,,WA,jigcj.a,S,Y,,a.a,,,a.a
Aju,Giggi,,cdb.a,bdf-djfb,OTISVILLE,MI,eiegd.a,,Y,faaa.a,d.j,,a.a,dbaa.a
,Nitto,M,faf.a,,,NM,ihaef.a,M,Y,,f.d,a.a,,ddaa.a
,Missinai,,eag.a,iea-becc,BILLINGS,MT,fjbab.a,S,N,,g.j,,a.a,a.a
,Greitane,F,cah.a,iaa-fbae,JONESPORT,ME,egej.a,,Y,iaaaa.a,i.f,a.a,,
Karen,Bemmerl,M,cah.a,jjf-idgd,SEBAGO LAKE,ME,eahf.a,,Y,baaaa.a,e.fifhggd,,a.a,
,Klosgen,F,dah.a,,,WY,icdcc.a,S,N,,a.a,,,a.a
,Scofield,,cfg.a,ibb-ghij,LAPINE,,dgaeg.a,,N,haaaa.a,f.a,a.a,,a.a
Jarle,Sichman,F,ccf.a,ehg-chih,MOUNT HERMON,LA,,,Y,jaaaa.a,g.a,a.a,,baaa.a
Markos,Broodsky,M,gdb.a,edj-ddfd,,NY,bafei.a,S,,ffaaa.a,e.chccfg,,,
Zekeriya,Skinner,,jbd.a,gad-ecbe,ARMA,KS,gghbc.a,M,N,faaaa.a,g.ef,a.a,,a.a
Colleen,Mittermeir,,fea.a,cei-dgji,BLACKWATER,,ceccb.a,S,,,f.hf,,a.a,
Mikkel,Note,F,igc.a,cej-eccb,,NJ,ieac.a,M,Y,,b.e,a.a,,
,Siems,F,iai.a,,HONOLULU,HI,jgiac.a,M,N,caaaa.a,e.geehdh,a.a,,a.a
,Turcotte,F,dai.a,ief-diji,SUMNER,NE,,M,Y,jaaaa.a,g.ie,a.a,,bad.a
Joemon,Neuburg,M,ehj.a,gfi-bbha,BLYTHEVILLE,AR,hcdbf.a,M,Y,,h.a,a.a,,ca.a
Odette,Cramer,F,hib.a,geh-gjdf,YARMOUTH PORT,MA,cghf.a,S,N,faaa.a,f.d,,a.a,
,Vouillon,M,hif.a,jdf-hiig,PALMER,KS,,,N,jfaaa.a,g.ef,a.a,,a.a
Allyson,Paradis,,hgf.a,edh-gdge,JASPER,IN,ehfej.a,,Y,faaaa.a,d.e,a.a,,baaa.a
,Perko,F,dac.a,gje-dbii,TOWNSEND,,bjhde.a,M,Y,eaaaa.a,e.figdge,a.a,,
,Hackos,,hfh.a,gjd-ibcd,MONTPELIER,,cdbjc.a,,,,f.hf,,a.a,
Gur,Schiller,M,iac.a,bbi-hicb,,VT,feij.a,M,,eaaaa.a,d.iaajee,a.a,,
Dwayne,Ducloy,,chg.a,dhd-beed,FISHERSVILLE,,ccjdj.a,S,,bfaaa.a,f.cbecig,,a.a,
,Clo,M,gaf.a,hbd-bhih,,SD,,S,,jaaaa.a,a.a,,,a.a
,Giacobazzi,,dae.a,hfa-jach,WHITMER,,cgcjg.a,M,N,hfaaa.a,g.f,a.a,,
,Ierardi,M,cea.a,hib-fjdb,SAINT MICHAELS,,cbggd.a,,Y,,e.hf,a.a,,
Algimantas,Knightly,F,eaf.a,egd-iidi,,OK,hdgfi.a,M,,,g.cf,a.a,,baaa.a
,Baalbergen,,jab.a,haa-hcai,OAK RIDGE,,dhidb.a,,,iaaaa.a,a.a,,,a.a
Byungki,Tang,,jfc.a,efi-djec,MONTICELLO,MN,fffij.a,,N,caaaa.a,f.df,,a.a,a.a
Yishay,Lieshout,M,cea.a,ecc-gdbc,RIVA,,cbbea.a,,N,,e.hf,a.a,,
Yukinobu,Saoudi,F,hce.a,dbh-dghf,NEW SALEM,,bfegi.a,,,faaaa.a,d.ah,,,
Aggis,Prins,F,ige.a,gec-ihdb,GOOSE CREEK,,,M,,jfaaa.a,h.a,a.a,,ddaa.a
Panayotis,Shimohata,,hab.a,feb-jdjg,BELCOURT,ND,fidbg.a,M,Y,efaaa.a,c.chhdgbe,a.a,,ddaa.a
Rana,Kulisch,M,jah.a,,JBER,AK,jjfag.a,,Y,,a.a,a.a,,a.a
,Bandoh,,cga.a,igh-cjff,FORT WAYNE,,egiif.a,S,N,cfaaa.a,d.e,,a.a,a.a
Biswanath,Agnew,,geb.a,ejj-cfbg,MOORHEAD,IA,fbffi.a,,N,gfaaa.a,i.ji,a.a,,a.a
,Gorenstein,,ibg.a,jah-hcih,KANSAS CITY,MO,gebjh.a,,Y,daaaa.a,g.a,a.a,,bcaa.a
Joji,Ronchette,F,cad.a,dig-hdbf,NORWALK,CT,giga.a,,Y,daaaa.a,f.a,,a.a,
Nian,Foutz,M,cai.a,,IDAHO FALLS,ID,ideab.a,M,N,gaaaa.a,h.i,a.a,,a.a
Jinjuan,Pinho,F,jhb.a,,,OR,jhiec.a,S,,bfaaa.a,j.a,,a.a,bfj.a
,Stevens,M,gad.a,hjc-baee,HAMPTON,NH,,M,Y,jfaaa.a,a.a,a.a,,
Hakki,Haban,,dae.a,bid-fjed,INDEPENDENCE,,cgdhe.a,M,N,,g.f,a.a,,
Toyoaki,Lundquist,M,cai.a,,NAMPA,ID,idgih.a,,N,,g.jeidjb,a.a,,a.a
,Iacobovici,,eag.a,iff-digc,MONARCH,MT,fjegd.a,,N,,g.j,,a.a,a.a
Xiaoyong,Khamiss,,gaf.a,daa-biid,,SD,fhdhf.a,S,,,a.a,,,a.a
,Myers,M,jif.a,gid-ddhb,COVINGTON,LA,haedd.a,M,Y,,g.a,a.a,,baaa.a
Ramachenga,Jervis,M,ibe.a,bef-ibdf,PEACH BOTTOM,,bhfgd.a,,,,d.ah,a.a,,
Gomer,Monneau,F,cai.a,,ELLIS,ID,idcdf.a,M,N,,h.i,a.a,,a.a
Carrel,Ricarte,,cde.a,gfh-ddab,CINCINNATI,,efcdg.a,S,,gfaaa.a,c.hadgjce,,a.a,bdaa.a
Topher,Stachour,,hif.a,ccd-beci,SCOTT CITY,KS,ghihb.a,,Y,baaaa.a,d.f,a.a,,ccfa.a
,Meketon,F,edf.a,,,UT,ieagj.a,M,,,h.a,a.a,,cehf.a
Uma,Winn,,ici.a,cab-dbfd,DURHAM,,chhbc.a,S,Y,ffaaa.a,g.iigdgdf,,a.a,
Mysore,Lauchli,F,dah.a,,,WY,iceea.a,S,N,,a.a,,,a.a
Tinko,Jantke,F,ccf.a,bjd-hbgh,ALBANY,LA,hahbb.a,S,Y,,g.a,,a.a,baaa.a
,Coates,F,fca.a,hbg-jfja,PHOENIX,AZ,,,Y,baaaaa.a,e.cgf,,a.a,cdaa.a
,Stessman,M,geg.a,igj-bage,CHERRY CREEK,,behcd.a,S,,eaaaa.a,e.bifdgfh,,,
Mosur,Mutlu,M,cai.a,,BOISE,ID,idhcf.a,M,Y,,h.i,a.a,,ddaa.a
Jayaramaiah,Arrabito,,gai.a,ehb-hiag,,WI,fdabd.a,S,N,iaaaa.a,f.idgebf,,a.a,a.a
Jinpo,Zincke,,eag.a,bhd-dgda,DAGMAR,MT,fjcbj.a,S,Y,gaaaa.a,g.j,,a.a,bjaa.a
Sadayuki,Forne,,gbg.a,gaa-ejjf,BLOOMFIELD HILLS,MI,eidad.a,S,N,faaaa.a,d.j,,a.a,a.a
,Reeds,M,dah.a,,,WY,idbbd.a,M,Y,gfaaa.a,a.a,a.a,,a.a
Guohong,Metallidou,M,jif.a,bcf-cggh,OAKDALE,LA,hbegd.a,,Y,,g.a,a.a,,baaa.a
Kristin,Pettersen,,fhd.a,eab-fiaf,KANSAS CITY,MO,gebeg.a,,N,hfaaa.a,g.a,,a.a,a.a
Wenbo,Pitoura,,hch.a,cga-jaja,LAKE WORTH,,ddega.a,,N,faaaa.a,a.a,,,a.a
Tomomasa,Scarborough,F,eab.a,dfb-iajg,,RI,ciaj.a,S,,gaaaa.a,a.a,,,
Yngve,Matzov,F,faf.a,,,NM,iidee.a,S,Y,,f.d,,a.a,ddaa.a
,Karasik,M,iai.a,,KUNIA,HI,jghfj.a,,Y,,f.fegafd,a.a,,baea.a
,Zajac,,dca.a,igc-haeg,ORR,MN,ffhhb.a,,Y,haaaa.a,h.if,a.a,,ddaa.a
Jacobijn,Palomar,F,cai.a,dhd-ceij,HOLBROOK,ID,,S,Y,iaaaa.a,h.i,,a.a,ddaa.a
Goker,Fritts,F,faf.a,,,NM,iidfb.a,S,Y,hfaaa.a,f.d,,a.a,ddaa.a
Kouichi,Urbani,M,gfa.a,,ANAHEIM,CA,jcibh.a,S,Y,iaaaa.a,j.d,,a.a,chc.a
,Feldmesser,,gbc.a,hib-jjee,DUNDAS,MN,ffabj.a,M,N,faaa.a,f.df,a.a,,a.a
Jacinto,Shiran,,dca.a,jfa-ebea,SPRING VALLEY,MN,ffjhf.a,,Y,hfaaa.a,h.if,a.a,,ddaa.a
Dalibor,Arthur,F,dbi.a,dga-fgfd,WELSH,LA,hafjb.a,M,N,bfaaa.a,c.i,a.a,,a.a
Donato,Hirschler,,iad.a,fdf-idig,GREENVILLE,,cjgbc.a,S,,,h.a,,a.a,ddaa.a
Sumeer,Velazco,F,cbi.a,dji-gfcg,HENRIETTE,MN,,S,N,iaaaa.a,h.if,,a.a,a.a
Juichi,Ponamgi,,eag.a,gaf-daid,HALL,MT,fjidh.a,M,Y,hfaaa.a,g.j,a.a,,bjaa.a
Jiang,Skansholm,M,hca.a,cde-bgbf,SLATER,CO,,,Y,ifaaa.a,e.gd,,,a.a
,Raza,,geb.a,hje-ebia,OKOBOJI,IA,fbdff.a,,N,dfaaa.a,f.fghdcc,a.a,,a.a
Hoang,Rudolf,,dae.a,gca-egjb,MEADOW CREEK,,cfjhh.a,,N,daaaa.a,e.e,a.a,,
Shigehito,Kroll,,hif.a,dfc-dfij,WILMORE,KS,ghbff.a,M,N,,d.f,a.a,,a.a
,Terzopoulos,,iad.a,hbg-egjf,WHITE ROCK,,cjbhh.a,S,,gfaaa.a,h.a,,a.a,ddaa.a
Xiaofei,Manabe,F,cbf.a,fgc-gibi,CUMBOLA,,bhjda.a,S,,,d.ah,,,
Tomasz,Pfitzmann,M,dah.a,caf-fdgd,,WY,,M,Y,jfaaa.a,a.a,a.a,,a.a
Masoud,Potorti,F,hac.a,,,NV,ijhab.a,S,,daaaa.a,a.a,,,a.a
Gloria,Greitane,,jag.a,bfg-cedc,WATERFORD,MI,eidci.a,M,Y,gfaaa.a,d.j,a.a,,dbaa.a
Flaminio,Tanemo,F,dah.a,,,WY,icgaj.a,M,N,iaaaa.a,a.a,a.a,,a.a
Bowden,Schill,M,hgj.a,fea-difc,SWIFTOWN,,,S,Y,jaaaa.a,f.a,,a.a,bfaa.a
,Tumuluri,F,eab.a,hef-hiia,,RI,,M,,baaaaa.a,a.a,a.a,,
,Rudmik,F,hif.a,hdg-bcaa,CLAFLIN,KS,,S,N,jaaaa.a,g.ef,,a.a,a.a
Rishi,Remp,,hdb.a,dhh-cchd,PALMYRA,,dhbec.a,,,dfaaa.a,a.a,,,a.a
Yki,Guizani,F,gbf.a,eag-ifij,SEVIERVILLE,,,,,jfaaa.a,a.a,,,a.a
Jungho,Simovich,F,cac.a,bce-cahc,WASHINGTON,,caebh.a,S,Y,caaaa.a,g.hf,,a.a,
Shyamsundar,Demoen,M,dab.a,fga-hhhc,FRIENDSVILLE,,cbfdb.a,S,N,haaaa.a,e.hf,,a.a,
,Yuzhang,,cga.a,gij-faei,ROSEDALE,IN,ehihe.a,,N,faaa.a,d.e,a.a,,a.a
Qinsi,Standing,M,jdj.a,bhd-hidj,,PR,,S,,jfaaa.a,a.a,,,
Marwan,Sloope,,gfb.a,gfg-iiee,RACINE,MN,ffjgh.a,,N,cfaaa.a,f.fijfjee,a.a,,a.a
,Chnag,F,,hhd-ceai,,PR,,S,,ifaaa.a,a.a,,,
,Bottner,,,hhe-gdag,ARCOLA,,dihcc.a,S,Y,gaaaa.a,f.a,,a.a,bfaa.a
Lushen,Horvitz,M,,jjf-ggcd,MOUNT HOLLY,,ccfce.a,,,,f.hf,,a.a,
Corneliu,Vazquez,M,jai.a,eji-ecce,,NJ,hihi.a,M,N,faaaa.a,,a.a,caaa.a,
Qiu,Asmussen,F,,ged-idgi,PORTSMOUTH,NH,diac.a,,N,caaaa.a,a.a,a.a,a.a,
,Dedood,,jdh.a,iia-dejg,MANSFIELD,,eejah.a,,,dfaaa.a,b.hahiegc,a.a,cgaa.a,a.a
Polen,Flewelling,M,cah.a,fbc-fhbj,MONSON,ME,,,N,jfaaa.a,i.f,,a.a,
Kepa,Leake,M,jah.a,,THORNE BAY,AK,jjjbj.a,S,Y,,a.a,,a.a,a.a
,Suorsa,,gca.a,haa-fgfc,CANEY,KS,ghddd.a,M,N,eaaaa.a,g.ef,a.a,efaa.a,a.a
,Comyn,,dbg.a,hji-jigh,MANHATTAN,KS,ggfag.a,,N,faaaa.a,g.ef,a.a,efaa.a,a.a
,Deugo,M,hbe.a,,CEDARPINES PARK,CA,jcdcc.a,S,Y,bfaaa.a,d.aejdiff,,a.a,chc.a
Juri,Ravishankar,,cci.a,caa-baab,GUNNISON,,diheg.a,M,Y,faaa.a,d.a,a.a,bcaaa.a,bfaa.a
Asbjorn,Ilarraza,,iad.a,ehj-dgaf,MOUNT PLEASANT,,cjegf.a,,,,h.a,a.a,ggaa.a,ddaa.a
Koichi,Nacht,F,eai.a,,KNIGHTSEN,CA,jefei.a,,N,,i.jfbdbe,,a.a,a.a
Kemji,Ausserhofer,F,gad.a,cgb-eaef,HAMPSTEAD,NH,,S,N,iaaaa.a,a.a,,a.a,
Kapil,Wingstedt,,gbg.a,eai-dhcc,UBLY,MI,eiehf.a,S,N,gfaaa.a,d.j,,a.a,a.a
Dong,Hansgen,,hab.a,ejb-dfdh,BINFORD,ND,fiebg.a,M,N,,c.jbejdf,a.a,ggaa.a,a.a
Hideko,Urpani,M,jci.a,,PHOENIX,AZ,ifaai.a,,Y,gfaaa.a,d.hccejji,a.a,ecaa.a,cdaa.a
Soha,Kaka,F,iab.a,,,UT,iehef.a,M,,,h.a,a.a,,a.a
Pranava,Wavrik,,gag.a,eda-hgib,LEXINGTON,,eafhj.a,,Y,baaaa.a,c.diiiiii,a.a,,ca.a
,Drake,F,jae.a,jbc-dija,CHRISTMAS,,,S,N,iaaaa.a,a.a,,a.a,a.a
Joxan,Yach,F,fab.a,dif-hdgg,BISCOE,AR,,M,Y,baaaaa.a,h.a,a.a,ea.a,ca.a
Sanket,Reicke,M,eab.a,fdd-hdif,,RI,cihf.a,M,,efaaa.a,a.a,a.a,,
,Ramseyer,,dbh.a,iaa-eicb,INDIANAPOLIS,,egcdj.a,M,Y,daaaa.a,d.e,a.a,caaa.a,baaa.a
Zaher,Beretta,F,ccf.a,gdh-dgag,PALMETTO,LA,hbdfi.a,,Y,bfaaa.a,c.i,a.a,,baaa.a
Dinos,Cowen,,ebe.a,jej-ieeg,,WI,fdacj.a,S,Y,faaaa.a,f.dbfbgai,,a.a,eaa.a
,Rovida,,gca.a,ifi-gecd,PFEIFER,KS,ghgga.a,,Y,faaa.a,d.f,a.a,,ccfa.a
Smaragda,Corazza,M,hib.a,fei-jjbf,BUZZARDS BAY,MA,cfec.a,S,N,bfaaa.a,f.d,,a.a,
Anurag,Hegron,,cfg.a,bhi-efde,RED BAY,,dffic.a,,Y,,f.a,a.a,,daa.a
Yee,Ranai,F,,fij-bejj,,RI,cigd.a,M,,efaaa.a,a.a,a.a,,
Richmond,Iglesia,M,jhb.a,,,OR,jhefi.a,M,,,j.a,a.a,,a.a
,Bergler,F,iga.a,gif-ebih,THOMASTON,CT,ghih.a,M,N,cfaaa.a,f.a,a.a,,
,Dongen,F,dga.a,jdf-gefh,,WA,,M,N,baaaaa.a,a.a,a.a,,a.a
Hidetaka,Coullard,M,fai.a,ecb-befj,ACUSHNET,MA,,S,N,ifaaa.a,f.d,dfhf.a,a.a,
