col1 int,col7 str,col2 int,col8 str,col3 int,col9 str,col10 str,col11 str,col12 str,col13 str,col4 int,col5 int,col6 int,col14 str
,State-gov,77516.0,Bachelors,13.0,Never-married,Adm-clerical,Not-in-family,White,Male,,0.0,40.0,United-States
50.0,Self-emp-not-inc,83311.0,Bachelors,13.0,Married-civ-spouse,,Husband,White,Male,0.0,0.0,13.0,United-States
,Private,215646.0,HS-grad,,,Handlers-cleaners,Not-in-family,White,Male,0.0,0.0,,United-States
,Private,234721.0,,7.0,,Handlers-cleaners,,Black,Male,,0.0,40.0,United-States
28.0,Private,338409.0,,,Married-civ-spouse,,Wife,Black,Female,,0.0,,
37.0,,284582.0,Masters,14.0,Married-civ-spouse,Exec-managerial,,,Female,0.0,0.0,40.0,United-States
49.0,Private,160187.0,9th,,,Other-service,Not-in-family,Black,Female,,,16.0,Jamaica
52.0,Self-emp-not-inc,209642.0,HS-grad,9.0,Married-civ-spouse,,,,Male,0.0,0.0,,United-States
31.0,Private,,Masters,,Never-married,,Not-in-family,White,Female,14084.0,0.0,50.0,United-States
,,,,13.0,Married-civ-spouse,,Husband,White,Male,5178.0,0.0,40.0,
37.0,Private,280464.0,,,Married-civ-spouse,Exec-managerial,Husband,Black,,0.0,,80.0,
,,141297.0,Bachelors,13.0,,Prof-specialty,Husband,Asian-Pac-Islander,Male,0.0,,40.0,India
23.0,,,Bachelors,13.0,,,Own-child,,,0.0,0.0,,United-States
,,,,,Never-married,Sales,,Black,Male,0.0,,50.0,
,Private,,Assoc-voc,11.0,Married-civ-spouse,,Husband,,Male,0.0,,40.0,noValueSetHere123156456
34.0,,245487.0,7th-8th,,Married-civ-spouse,Transport-moving,Husband,,,0.0,,,Mexico
25.0,Self-emp-not-inc,176756.0,HS-grad,,,Farming-fishing,Own-child,White,,0.0,,35.0,United-States
32.0,Private,,,,Never-married,Machine-op-inspct,Unmarried,White,Male,0.0,0.0,,United-States
38.0,Private,,11th,7.0,Married-civ-spouse,Sales,Husband,,Male,0.0,0.0,50.0,United-States
43.0,Self-emp-not-inc,292175.0,Masters,14.0,Divorced,Exec-managerial,Unmarried,White,Female,0.0,,45.0,
40.0,Private,193524.0,Doctorate,16.0,,Prof-specialty,,White,Male,0.0,,,United-States
54.0,Private,302146.0,HS-grad,9.0,,Other-service,Unmarried,Black,Female,,0.0,20.0,United-States
,Federal-gov,,9th,,Married-civ-spouse,Farming-fishing,Husband,Black,Male,,0.0,,
43.0,,117037.0,11th,7.0,Married-civ-spouse,Transport-moving,Husband,White,Male,0.0,,40.0,United-States
59.0,,109015.0,HS-grad,9.0,Divorced,Tech-support,,White,Female,,0.0,40.0,United-States
56.0,Local-gov,216851.0,Bachelors,13.0,Married-civ-spouse,,,White,Male,0.0,,40.0,
,Private,168294.0,HS-grad,,Never-married,Craft-repair,Own-child,,Male,0.0,,,United-States
,noValueSetHere123156456,180211.0,Some-college,,,noValueSetHere123156456,Husband,Asian-Pac-Islander,,,0.0,60.0,
,Private,,HS-grad,9.0,Divorced,Exec-managerial,Not-in-family,White,Male,,0.0,,
49.0,Private,193366.0,HS-grad,9.0,Married-civ-spouse,Craft-repair,Husband,,Male,,0.0,40.0,United-States
23.0,Local-gov,190709.0,Assoc-acdm,,Never-married,Protective-serv,Not-in-family,White,Male,,0.0,52.0,United-States
20.0,Private,,,,,,Own-child,Black,Male,0.0,0.0,44.0,United-States
45.0,,,Bachelors,13.0,,Exec-managerial,,White,Male,0.0,,40.0,United-States
30.0,Federal-gov,59951.0,,,Married-civ-spouse,Adm-clerical,Own-child,,Male,0.0,0.0,,
22.0,State-gov,311512.0,Some-college,10.0,,Other-service,Husband,Black,Male,0.0,,15.0,
48.0,,242406.0,11th,7.0,Never-married,Machine-op-inspct,Unmarried,White,Male,0.0,,40.0,
21.0,Private,197200.0,Some-college,,Never-married,Machine-op-inspct,Own-child,White,,0.0,0.0,40.0,United-States
19.0,Private,544091.0,HS-grad,9.0,Married-AF-spouse,,,White,Female,0.0,,,United-States
31.0,Private,84154.0,Some-college,10.0,Married-civ-spouse,,Husband,White,Male,0.0,0.0,38.0,noValueSetHere123156456
48.0,,265477.0,Assoc-acdm,,,,Husband,White,Male,0.0,0.0,,United-States
31.0,,507875.0,9th,,Married-civ-spouse,Machine-op-inspct,Husband,,Male,0.0,,43.0,United-States
53.0,,,Bachelors,13.0,Married-civ-spouse,Prof-specialty,,White,Male,0.0,0.0,,United-States
24.0,Private,172987.0,Bachelors,13.0,Married-civ-spouse,Tech-support,,,Male,0.0,0.0,50.0,
,Private,,HS-grad,,Separated,Adm-clerical,,,Female,,0.0,40.0,United-States
25.0,Private,,HS-grad,9.0,Never-married,Handlers-cleaners,Not-in-family,,Male,0.0,,,
57.0,,,Bachelors,13.0,Married-civ-spouse,Prof-specialty,Husband,Black,Male,,0.0,40.0,United-States
53.0,Private,144361.0,HS-grad,9.0,Married-civ-spouse,Machine-op-inspct,Husband,White,Male,,0.0,,United-States
44.0,Private,128354.0,Masters,14.0,,Exec-managerial,Unmarried,White,Female,0.0,0.0,40.0,United-States
41.0,State-gov,101603.0,,11.0,Married-civ-spouse,Craft-repair,,White,Male,,0.0,,United-States
,Private,271466.0,,11.0,Never-married,Prof-specialty,Not-in-family,,Male,0.0,,43.0,United-States
25.0,,32275.0,Some-college,,Married-civ-spouse,Exec-managerial,Wife,Other,Female,0.0,,40.0,
18.0,Private,226956.0,HS-grad,9.0,Never-married,Other-service,Own-child,White,Female,0.0,0.0,30.0,noValueSetHere123156456
47.0,Private,51835.0,Prof-school,15.0,Married-civ-spouse,Prof-specialty,Wife,White,Female,0.0,,60.0,Honduras
50.0,Federal-gov,251585.0,Bachelors,13.0,Divorced,Exec-managerial,Not-in-family,White,Male,0.0,0.0,55.0,
47.0,Self-emp-inc,109832.0,HS-grad,9.0,Divorced,Exec-managerial,Not-in-family,White,Male,0.0,0.0,60.0,United-States
43.0,Private,237993.0,Some-college,,Married-civ-spouse,Tech-support,,White,Male,0.0,0.0,40.0,United-States
,Private,,,,Married-civ-spouse,Machine-op-inspct,Husband,White,Male,0.0,0.0,40.0,
35.0,Private,56352.0,Assoc-voc,,Married-civ-spouse,Other-service,,White,Male,0.0,,,Puerto-Rico
,Private,147372.0,HS-grad,9.0,,Adm-clerical,Husband,White,Male,0.0,,,United-States
30.0,,188146.0,HS-grad,9.0,Married-civ-spouse,Machine-op-inspct,Husband,,Male,5013.0,0.0,40.0,
,,59496.0,Bachelors,,Married-civ-spouse,Sales,,White,Male,2407.0,0.0,40.0,United-States
,noValueSetHere123156456,293936.0,,4.0,Married-spouse-absent,noValueSetHere123156456,Not-in-family,White,Male,0.0,,40.0,noValueSetHere123156456
48.0,Private,149640.0,HS-grad,9.0,Married-civ-spouse,Transport-moving,Husband,,Male,0.0,0.0,40.0,United-States
42.0,,116632.0,Doctorate,,Married-civ-spouse,Prof-specialty,Husband,,Male,,,45.0,United-States
29.0,,105598.0,Some-college,10.0,,Tech-support,Not-in-family,,Male,0.0,0.0,,United-States
36.0,Private,155537.0,,,Married-civ-spouse,Craft-repair,Husband,,Male,0.0,,,United-States
,Private,183175.0,Some-college,10.0,Divorced,,,White,Female,0.0,0.0,40.0,United-States
53.0,,169846.0,HS-grad,9.0,Married-civ-spouse,Adm-clerical,,White,,0.0,0.0,40.0,United-States
49.0,Self-emp-inc,191681.0,Some-college,,Married-civ-spouse,Exec-managerial,Husband,White,Male,0.0,0.0,50.0,United-States
25.0,,200681.0,Some-college,10.0,,,,White,Male,,0.0,,United-States
19.0,Private,101509.0,Some-college,,Never-married,Prof-specialty,Own-child,White,Male,0.0,0.0,32.0,
31.0,Private,309974.0,Bachelors,,Separated,Sales,Own-child,Black,Female,0.0,0.0,,United-States
,Self-emp-not-inc,162298.0,Bachelors,,Married-civ-spouse,Sales,Husband,,Male,0.0,0.0,70.0,United-States
,Private,211678.0,Some-college,10.0,Never-married,Machine-op-inspct,Not-in-family,White,Male,0.0,0.0,,United-States
79.0,Private,,Some-college,10.0,Married-civ-spouse,Prof-specialty,Other-relative,White,Male,0.0,0.0,20.0,United-States
27.0,Private,213921.0,HS-grad,,Never-married,Other-service,,White,Male,,0.0,40.0,Mexico
,Private,32214.0,Assoc-acdm,12.0,,Adm-clerical,Husband,,,0.0,0.0,40.0,United-States
67.0,noValueSetHere123156456,212759.0,,,Married-civ-spouse,,Husband,White,Male,0.0,0.0,2.0,United-States
18.0,Private,309634.0,11th,7.0,Never-married,Other-service,Own-child,White,,0.0,0.0,22.0,United-States
31.0,,125927.0,,4.0,Married-civ-spouse,Farming-fishing,Husband,White,Male,0.0,0.0,40.0,United-States
18.0,Private,446839.0,HS-grad,9.0,,,,White,,0.0,0.0,30.0,United-States
,Private,,,13.0,Married-civ-spouse,Other-service,Husband,White,Male,0.0,0.0,,Cuba
46.0,,51618.0,,9.0,Married-civ-spouse,Other-service,,White,Female,0.0,0.0,40.0,
59.0,,159937.0,,,Married-civ-spouse,Sales,Husband,White,Male,0.0,,48.0,United-States
44.0,Private,343591.0,HS-grad,,Divorced,Craft-repair,Not-in-family,,Female,14344.0,,40.0,United-States
53.0,Private,346253.0,HS-grad,9.0,Divorced,Sales,,,Female,0.0,,,United-States
49.0,Local-gov,268234.0,HS-grad,9.0,Married-civ-spouse,,Husband,White,Male,0.0,0.0,40.0,
33.0,Private,202051.0,Masters,14.0,,Prof-specialty,Husband,,Male,0.0,0.0,50.0,United-States
30.0,Private,54334.0,,,Never-married,Sales,Not-in-family,White,,,0.0,40.0,United-States
,Federal-gov,,,16.0,Never-married,,Not-in-family,White,Female,0.0,0.0,,United-States
57.0,Private,249977.0,Assoc-voc,11.0,,Prof-specialty,,White,Male,,0.0,40.0,
37.0,Private,,Some-college,10.0,Divorced,Craft-repair,Unmarried,White,,,0.0,40.0,United-States
28.0,,212563.0,,10.0,,Machine-op-inspct,Unmarried,Black,Female,0.0,0.0,25.0,
30.0,Private,117747.0,HS-grad,9.0,,Sales,Wife,Asian-Pac-Islander,Female,,1573.0,,noValueSetHere123156456
34.0,,226296.0,Bachelors,13.0,Married-civ-spouse,,Husband,,Male,0.0,0.0,,United-States
29.0,Local-gov,115585.0,,10.0,,Handlers-cleaners,,White,Male,0.0,0.0,50.0,United-States
48.0,,191277.0,Doctorate,16.0,,Prof-specialty,Husband,White,Male,0.0,1902.0,,United-States
,,,,10.0,Married-civ-spouse,Sales,,,Male,0.0,0.0,48.0,United-States
48.0,Private,171095.0,,12.0,,Exec-managerial,Unmarried,,Female,0.0,0.0,40.0,England
32.0,Federal-gov,249409.0,HS-grad,9.0,,Other-service,,Black,Male,0.0,0.0,40.0,United-States
,Private,124191.0,Masters,,Married-civ-spouse,Exec-managerial,Husband,White,Male,0.0,0.0,40.0,United-States
44.0,Private,198282.0,,13.0,Married-civ-spouse,,Husband,White,Male,,0.0,60.0,United-States
47.0,Self-emp-not-inc,149116.0,,,Never-married,Prof-specialty,Not-in-family,,,0.0,0.0,50.0,
20.0,,,Some-college,10.0,Never-married,Tech-support,Own-child,White,Female,0.0,0.0,40.0,United-States
29.0,Private,103432.0,HS-grad,9.0,Never-married,Craft-repair,Not-in-family,,Male,0.0,0.0,40.0,United-States
32.0,Self-emp-inc,,HS-grad,9.0,Married-civ-spouse,Craft-repair,,,Male,7688.0,0.0,40.0,United-States
17.0,noValueSetHere123156456,304873.0,,6.0,,noValueSetHere123156456,Own-child,,,34095.0,0.0,32.0,United-States
30.0,Private,,11th,7.0,Never-married,Handlers-cleaners,,,Male,0.0,0.0,40.0,
,Local-gov,189265.0,HS-grad,9.0,Never-married,Adm-clerical,,White,,0.0,0.0,40.0,United-States
42.0,,124692.0,HS-grad,9.0,Married-civ-spouse,Handlers-cleaners,Husband,White,Male,0.0,0.0,,United-States
24.0,,432376.0,Bachelors,,Never-married,,Other-relative,,Male,,0.0,40.0,United-States
38.0,Private,,Prof-school,15.0,Married-civ-spouse,Prof-specialty,Husband,,,,,40.0,United-States
56.0,Self-emp-not-inc,335605.0,,9.0,Married-civ-spouse,Other-service,,White,Male,,,50.0,Canada
28.0,,377869.0,Some-college,,Married-civ-spouse,Sales,Wife,White,Female,4064.0,0.0,25.0,United-States
36.0,Private,102864.0,HS-grad,9.0,Never-married,Machine-op-inspct,,,Female,0.0,0.0,40.0,
53.0,Private,95647.0,9th,,,Handlers-cleaners,,White,Male,0.0,0.0,50.0,
56.0,,,Some-college,10.0,Married-civ-spouse,Sales,Husband,White,Male,0.0,,50.0,
,Local-gov,197371.0,,,,Craft-repair,Husband,Black,Male,0.0,0.0,40.0,United-States
55.0,Private,,Some-college,10.0,Married-civ-spouse,Sales,Husband,White,Male,0.0,0.0,56.0,
22.0,Private,102632.0,HS-grad,9.0,Never-married,Craft-repair,Not-in-family,,,0.0,0.0,41.0,
,Private,,Some-college,10.0,Never-married,Other-service,Own-child,White,Female,0.0,,40.0,
40.0,Private,,Bachelors,,Married-civ-spouse,Exec-managerial,Husband,White,Male,0.0,0.0,60.0,
30.0,,77143.0,Bachelors,13.0,Never-married,,Own-child,Black,Male,,,40.0,
29.0,State-gov,267989.0,Bachelors,,,Prof-specialty,Husband,White,Male,,,,United-States
,Private,301606.0,,10.0,Never-married,Other-service,,,Male,,0.0,35.0,
47.0,,287828.0,,13.0,Married-civ-spouse,Exec-managerial,Wife,White,Female,0.0,0.0,40.0,United-States
20.0,Private,111697.0,Some-college,,,,Own-child,White,Female,0.0,1719.0,28.0,United-States
31.0,Private,114937.0,Assoc-acdm,,Married-civ-spouse,,Husband,White,Male,,,40.0,United-States
35.0,,129305.0,HS-grad,,Married-civ-spouse,,Husband,White,,0.0,,40.0,United-States
39.0,Private,365739.0,,10.0,Divorced,Craft-repair,Not-in-family,White,,,0.0,,United-States
,Private,69621.0,,12.0,Never-married,Sales,Not-in-family,White,Female,0.0,0.0,,United-States
24.0,,43323.0,HS-grad,,Never-married,,Not-in-family,,,0.0,,40.0,
,Self-emp-not-inc,,HS-grad,9.0,Married-civ-spouse,Craft-repair,Husband,,Male,4386.0,0.0,35.0,United-States
37.0,Private,,Bachelors,13.0,,Sales,,,,0.0,0.0,50.0,United-States
46.0,Private,146195.0,Assoc-acdm,12.0,Divorced,,Not-in-family,Black,,,,36.0,
,Federal-gov,125933.0,,14.0,Married-civ-spouse,Prof-specialty,Husband,White,Male,0.0,0.0,40.0,
43.0,Self-emp-not-inc,,HS-grad,9.0,,Craft-repair,,,,0.0,,60.0,United-States
27.0,Private,,Assoc-voc,11.0,Married-civ-spouse,,Wife,White,Female,0.0,,35.0,United-States
20.0,Private,,Some-college,,,Sales,Own-child,White,Male,0.0,0.0,20.0,United-States
49.0,Private,,,10.0,,Craft-repair,Husband,Asian-Pac-Islander,,0.0,0.0,,United-States
61.0,Self-emp-inc,66614.0,HS-grad,9.0,Married-civ-spouse,Craft-repair,Husband,,,0.0,0.0,40.0,United-States
27.0,Private,232782.0,Some-college,10.0,,Sales,Own-child,White,Female,0.0,0.0,40.0,United-States
19.0,Private,,Some-college,10.0,Never-married,,,White,,0.0,0.0,30.0,Mexico
,Private,196584.0,Assoc-voc,,,Prof-specialty,Not-in-family,White,Female,0.0,,,United-States
70.0,,105376.0,Some-college,,Never-married,Tech-support,Other-relative,White,,0.0,0.0,40.0,United-States
,Private,185814.0,HS-grad,,Never-married,Transport-moving,Unmarried,Black,,,0.0,30.0,United-States
22.0,Private,175374.0,Some-college,10.0,Married-civ-spouse,Other-service,,White,Male,,,24.0,United-States
36.0,Private,108293.0,,9.0,,Other-service,Unmarried,White,Female,0.0,0.0,24.0,United-States
64.0,Private,,11th,,,Craft-repair,,,Male,0.0,2179.0,40.0,
43.0,noValueSetHere123156456,174662.0,Some-college,10.0,Divorced,noValueSetHere123156456,Not-in-family,White,Female,,0.0,,
47.0,,186009.0,Some-college,,Divorced,Adm-clerical,Unmarried,,Female,,0.0,38.0,Mexico
,,198183.0,HS-grad,9.0,Never-married,Adm-clerical,Not-in-family,White,Female,,0.0,,
,,,Bachelors,,Never-married,Exec-managerial,Other-relative,Asian-Pac-Islander,Female,0.0,0.0,40.0,Philippines
21.0,,296158.0,,9.0,Never-married,Craft-repair,Own-child,White,Male,,,35.0,United-States
52.0,,252903.0,,9.0,,noValueSetHere123156456,,White,Male,0.0,0.0,,United-States
48.0,,,HS-grad,,Married-civ-spouse,Craft-repair,Husband,White,,,0.0,46.0,United-States
23.0,Private,214542.0,Bachelors,13.0,,Handlers-cleaners,,White,Male,0.0,0.0,40.0,United-States
71.0,Self-emp-not-inc,494223.0,Some-college,10.0,Separated,,,Black,Male,,1816.0,2.0,United-States
29.0,Private,191535.0,,9.0,Divorced,Craft-repair,Not-in-family,White,Male,0.0,0.0,60.0,United-States
42.0,Private,228456.0,Bachelors,,Separated,Other-service,Other-relative,,Male,0.0,0.0,50.0,United-States
68.0,noValueSetHere123156456,38317.0,1st-4th,2.0,Divorced,noValueSetHere123156456,,White,Female,0.0,,,United-States
,Private,252752.0,,9.0,Never-married,Other-service,Unmarried,White,,0.0,0.0,40.0,United-States
44.0,,78374.0,Masters,14.0,Divorced,Exec-managerial,Unmarried,Asian-Pac-Islander,,,0.0,,United-States
,Private,,HS-grad,,Never-married,Exec-managerial,Not-in-family,Asian-Pac-Islander,,0.0,0.0,40.0,
45.0,Self-emp-not-inc,201080.0,Masters,,Married-civ-spouse,Sales,,White,Male,0.0,,40.0,United-States
,Private,,Some-college,10.0,Divorced,Other-service,Unmarried,White,,0.0,0.0,,Mexico
39.0,Federal-gov,235485.0,Assoc-acdm,12.0,Never-married,,,,,0.0,,,United-States
46.0,State-gov,,Masters,,Widowed,Protective-serv,Unmarried,White,Male,,0.0,40.0,United-States
18.0,,25828.0,,7.0,Never-married,,,,Male,,0.0,,United-States
66.0,,54826.0,Assoc-voc,11.0,Widowed,Prof-specialty,Not-in-family,White,Female,0.0,,,United-States
,Private,124953.0,HS-grad,9.0,,Other-service,Not-in-family,,,0.0,1980.0,,United-States
,State-gov,175325.0,HS-grad,9.0,Married-civ-spouse,Protective-serv,Husband,,Male,0.0,0.0,40.0,United-States
51.0,Private,96062.0,Some-college,10.0,,Sales,Husband,White,Male,,1977.0,40.0,United-States
,Private,428030.0,Bachelors,,,Craft-repair,Not-in-family,,,0.0,0.0,50.0,United-States
28.0,State-gov,149624.0,Bachelors,13.0,Married-civ-spouse,Prof-specialty,Husband,White,Male,0.0,0.0,40.0,United-States
27.0,Private,253814.0,,9.0,Married-spouse-absent,Sales,Unmarried,White,Female,0.0,0.0,25.0,United-States
,,312956.0,HS-grad,,Never-married,,Own-child,,Male,0.0,,40.0,
34.0,Private,483777.0,HS-grad,9.0,,Handlers-cleaners,Not-in-family,Black,Male,0.0,,40.0,United-States
,Private,183930.0,HS-grad,9.0,Never-married,Other-service,Own-child,White,,,,,United-States
33.0,Private,37274.0,Bachelors,13.0,Married-civ-spouse,,Husband,,Male,0.0,0.0,,United-States
44.0,Local-gov,181344.0,Some-college,,Married-civ-spouse,Exec-managerial,Husband,Black,,0.0,0.0,38.0,United-States
43.0,,114580.0,,10.0,,Adm-clerical,,White,Female,0.0,0.0,40.0,United-States
,,633742.0,Some-college,,Never-married,Craft-repair,Not-in-family,,Male,,,45.0,United-States
40.0,Private,286370.0,,,Married-civ-spouse,Machine-op-inspct,,White,Male,0.0,,40.0,Mexico
,Federal-gov,,Some-college,10.0,Married-civ-spouse,Adm-clerical,Husband,White,Male,0.0,0.0,,
34.0,,,,9.0,Married-civ-spouse,,Husband,Black,Male,,0.0,40.0,United-States
41.0,Self-emp-not-inc,143129.0,,13.0,Divorced,Exec-managerial,Not-in-family,White,Female,0.0,0.0,40.0,
53.0,noValueSetHere123156456,,Bachelors,13.0,,noValueSetHere123156456,,,Female,,0.0,,United-States
31.0,,99928.0,Masters,14.0,Married-civ-spouse,Prof-specialty,Wife,White,Female,0.0,,50.0,United-States
,State-gov,,Doctorate,,Married-civ-spouse,Prof-specialty,Husband,White,,0.0,0.0,1.0,United-States
,,155222.0,Some-college,10.0,Divorced,Machine-op-inspct,,Black,Female,,,28.0,
24.0,Private,159567.0,,,,Machine-op-inspct,Husband,White,Male,0.0,0.0,40.0,United-States
41.0,Local-gov,523910.0,Bachelors,13.0,Married-civ-spouse,,Husband,,,0.0,0.0,,United-States
47.0,Private,120939.0,Some-college,10.0,Married-civ-spouse,Tech-support,,White,,0.0,0.0,,
41.0,Federal-gov,130760.0,,13.0,Married-civ-spouse,Tech-support,Husband,White,Male,0.0,0.0,,United-States
23.0,Private,197387.0,5th-6th,3.0,Married-civ-spouse,Transport-moving,Other-relative,,Male,0.0,0.0,40.0,Mexico
,Private,,Some-college,,Divorced,Craft-repair,Not-in-family,White,,0.0,0.0,40.0,United-States
40.0,,56795.0,Masters,,Never-married,Exec-managerial,,,Female,14084.0,0.0,55.0,United-States
35.0,Private,,Masters,14.0,,Prof-specialty,Other-relative,,,7298.0,0.0,40.0,United-States
,Self-emp-not-inc,32921.0,HS-grad,9.0,Never-married,Sales,Not-in-family,White,,0.0,0.0,40.0,United-States
26.0,Private,397317.0,Masters,14.0,Never-married,Prof-specialty,Not-in-family,White,Female,,1876.0,,
19.0,noValueSetHere123156456,170653.0,,9.0,,noValueSetHere123156456,Own-child,White,Male,0.0,0.0,40.0,Italy
51.0,Private,,,13.0,,Exec-managerial,Husband,White,Male,0.0,0.0,,
42.0,,,Some-college,10.0,Never-married,Prof-specialty,,White,,0.0,1340.0,40.0,United-States
37.0,State-gov,48211.0,HS-grad,,Divorced,Adm-clerical,Unmarried,,,0.0,,35.0,United-States
18.0,Private,140164.0,11th,7.0,,,Own-child,White,Female,0.0,0.0,40.0,United-States
36.0,Private,,Bachelors,13.0,,Other-service,,Black,Male,7298.0,0.0,36.0,United-States
35.0,Private,36270.0,HS-grad,9.0,Divorced,,Not-in-family,White,Male,0.0,0.0,60.0,
,Self-emp-inc,210563.0,HS-grad,9.0,Married-civ-spouse,,,,Female,15024.0,,35.0,United-States
17.0,Private,,11th,7.0,,Sales,,White,Female,0.0,0.0,12.0,United-States
44.0,Local-gov,160943.0,HS-grad,9.0,Married-civ-spouse,Transport-moving,Husband,Black,Male,,,40.0,United-States
37.0,,,HS-grad,9.0,,,,White,,,0.0,40.0,United-States
35.0,,153790.0,Some-college,10.0,Never-married,Sales,Not-in-family,,Female,,0.0,40.0,United-States
,Private,85815.0,HS-grad,9.0,,Craft-repair,Husband,Asian-Pac-Islander,Male,0.0,0.0,40.0,United-States
,Self-emp-inc,125417.0,7th-8th,4.0,Married-civ-spouse,Machine-op-inspct,Husband,White,Male,0.0,0.0,40.0,United-States
37.0,Private,,,13.0,,,Not-in-family,Black,,,0.0,60.0,United-States
50.0,Private,313321.0,Assoc-acdm,12.0,Divorced,Sales,Not-in-family,White,Female,0.0,,,United-States
38.0,Private,182609.0,Bachelors,13.0,Married-civ-spouse,Sales,,,Male,0.0,0.0,50.0,Poland
45.0,Private,,Bachelors,13.0,,Prof-specialty,Husband,,,0.0,0.0,55.0,United-States
25.0,Private,,10th,6.0,Never-married,Craft-repair,Not-in-family,,Male,0.0,,40.0,
31.0,Private,197860.0,Some-college,10.0,Married-civ-spouse,Handlers-cleaners,Husband,White,Male,,0.0,40.0,United-States
64.0,noValueSetHere123156456,187656.0,1st-4th,2.0,Divorced,noValueSetHere123156456,Not-in-family,White,Male,,0.0,40.0,United-States
90.0,Private,51744.0,,9.0,Never-married,Other-service,Not-in-family,,Male,0.0,2206.0,40.0,
54.0,Private,176681.0,HS-grad,9.0,Married-civ-spouse,Adm-clerical,,,Male,0.0,,,United-States
53.0,,140359.0,Preschool,1.0,Never-married,Machine-op-inspct,Not-in-family,White,,0.0,,35.0,
18.0,Private,243313.0,,9.0,Never-married,Sales,Own-child,White,Female,0.0,0.0,40.0,United-States
60.0,noValueSetHere123156456,24215.0,,,Divorced,noValueSetHere123156456,Not-in-family,,Female,0.0,0.0,10.0,
66.0,Self-emp-not-inc,,HS-grad,,Married-civ-spouse,Farming-fishing,Husband,,Male,1409.0,0.0,50.0,
,,314209.0,Assoc-voc,11.0,,Adm-clerical,,White,Female,0.0,0.0,20.0,Columbia
,Private,176796.0,HS-grad,9.0,Divorced,Adm-clerical,Not-in-family,,Female,0.0,0.0,,United-States
35.0,Private,,11th,7.0,Separated,,Not-in-family,Black,Male,3674.0,,,United-States
41.0,Private,130408.0,HS-grad,9.0,Divorced,Sales,Unmarried,,Female,,0.0,38.0,United-States
25.0,Private,159732.0,Some-college,10.0,,Adm-clerical,Not-in-family,,Male,0.0,0.0,42.0,
33.0,Private,,Some-college,10.0,Divorced,Craft-repair,,Other,Female,0.0,0.0,,United-States
28.0,,76714.0,Prof-school,,Never-married,,Not-in-family,White,Male,,,55.0,United-States
,,,HS-grad,,Married-civ-spouse,,,White,,0.0,0.0,40.0,United-States
40.0,State-gov,,Some-college,,,Adm-clerical,Not-in-family,White,,0.0,,38.0,United-States
41.0,Private,180138.0,Bachelors,13.0,Married-civ-spouse,,Husband,White,Male,0.0,,,
38.0,,115076.0,Masters,14.0,Married-civ-spouse,,Husband,White,Male,0.0,0.0,70.0,United-States
23.0,Private,,HS-grad,9.0,Never-married,Transport-moving,,White,,,,,United-States
40.0,Private,,,,Married-civ-spouse,Prof-specialty,Husband,,Male,0.0,0.0,40.0,United-States
41.0,Self-emp-not-inc,,,,Married-civ-spouse,Other-service,Wife,White,Female,0.0,,20.0,United-States
,State-gov,,Assoc-acdm,12.0,Married-civ-spouse,Protective-serv,,White,Male,,0.0,50.0,United-States
20.0,,119156.0,Some-college,10.0,Never-married,noValueSetHere123156456,Own-child,White,Male,0.0,0.0,20.0,United-States
38.0,Private,179488.0,Some-college,10.0,,Craft-repair,Not-in-family,White,,0.0,1741.0,40.0,United-States
,Private,,HS-grad,9.0,,Adm-clerical,,White,Male,0.0,,35.0,noValueSetHere123156456
58.0,Private,236596.0,HS-grad,9.0,Married-civ-spouse,Adm-clerical,Husband,White,Male,0.0,0.0,45.0,United-States
32.0,Private,183916.0,HS-grad,,,,Not-in-family,White,Female,0.0,0.0,34.0,
40.0,Private,207578.0,Assoc-acdm,,,Tech-support,Husband,,Male,0.0,,60.0,United-States
45.0,Private,,,9.0,Married-civ-spouse,Adm-clerical,Husband,,Male,,0.0,,
41.0,Private,112763.0,Prof-school,,Married-civ-spouse,Prof-specialty,Wife,White,Female,,,40.0,United-States
42.0,,390781.0,Bachelors,,Married-civ-spouse,Adm-clerical,,Black,Female,0.0,,40.0,
59.0,Local-gov,171328.0,10th,6.0,,Other-service,Unmarried,Black,Female,0.0,,,United-States
,Local-gov,,Some-college,10.0,Never-married,Adm-clerical,Own-child,,,,,40.0,United-States
58.0,Private,259014.0,Some-college,,,Transport-moving,Not-in-family,White,,0.0,0.0,20.0,
42.0,Self-emp-not-inc,303044.0,HS-grad,9.0,Married-civ-spouse,,Husband,Asian-Pac-Islander,Male,0.0,0.0,40.0,Cambodia
,,117789.0,HS-grad,,Never-married,Other-service,,White,,,,40.0,United-States
,Private,,HS-grad,9.0,Separated,Other-service,Not-in-family,White,Female,0.0,0.0,,United-States
45.0,,187666.0,Assoc-voc,11.0,Widowed,Exec-managerial,Not-in-family,White,Female,,0.0,45.0,United-States
50.0,Private,,,4.0,Divorced,Craft-repair,Not-in-family,White,Male,0.0,,40.0,United-States
36.0,Private,,,13.0,,Prof-specialty,Own-child,White,Female,,0.0,,United-States
45.0,,98092.0,,9.0,,,Husband,White,Male,0.0,,60.0,United-States
17.0,Private,245918.0,11th,7.0,Never-married,Other-service,Own-child,White,,0.0,0.0,12.0,United-States
59.0,Private,146013.0,,10.0,,,Husband,White,Male,4064.0,0.0,40.0,United-States
26.0,Private,378322.0,11th,7.0,Married-civ-spouse,Craft-repair,Husband,,Male,,0.0,,
37.0,Self-emp-inc,,Some-college,10.0,Married-civ-spouse,Exec-managerial,Husband,Asian-Pac-Islander,Male,0.0,0.0,75.0,Thailand
,noValueSetHere123156456,218956.0,Some-college,10.0,Never-married,noValueSetHere123156456,,,Male,0.0,0.0,,Canada
,Private,21174.0,HS-grad,9.0,Married-civ-spouse,Exec-managerial,,,Male,,0.0,40.0,
,Private,185480.0,Bachelors,13.0,,Prof-specialty,Not-in-family,White,,,0.0,45.0,United-States
33.0,Private,222205.0,HS-grad,,,Craft-repair,Wife,,Female,,0.0,40.0,
61.0,Private,69867.0,HS-grad,9.0,Married-civ-spouse,Exec-managerial,,White,Male,0.0,0.0,40.0,
17.0,Private,191260.0,9th,5.0,Never-married,Other-service,Own-child,White,,1055.0,0.0,24.0,United-States
50.0,Self-emp-not-inc,30653.0,Masters,14.0,,Farming-fishing,Husband,,Male,2407.0,,98.0,United-States
27.0,Local-gov,209109.0,Masters,14.0,Never-married,,Own-child,White,Male,0.0,0.0,35.0,United-States
,Private,,,,Divorced,,Own-child,White,Female,0.0,,40.0,United-States
43.0,Private,477983.0,HS-grad,,Married-civ-spouse,Handlers-cleaners,Husband,Black,Male,0.0,,40.0,United-States
44.0,,,Some-college,,Married-civ-spouse,Craft-repair,Husband,White,Male,7298.0,,40.0,United-States
35.0,Private,190174.0,Some-college,10.0,Never-married,,Not-in-family,White,Female,0.0,0.0,40.0,United-States
25.0,Private,,Some-college,10.0,Never-married,,Own-child,White,Female,0.0,0.0,40.0,United-States
24.0,Private,279472.0,Some-college,,Married-civ-spouse,Machine-op-inspct,Wife,White,Female,,0.0,48.0,United-States
22.0,Private,34918.0,Bachelors,13.0,Never-married,Prof-specialty,,,Female,,0.0,,Germany
42.0,Local-gov,,Some-college,10.0,Married-civ-spouse,Craft-repair,Husband,White,Male,,0.0,,United-States
34.0,,175413.0,,12.0,,,,Black,,0.0,,45.0,United-States
60.0,,173960.0,,13.0,Divorced,Prof-specialty,Not-in-family,White,,0.0,0.0,42.0,United-States
,,,HS-grad,9.0,,Handlers-cleaners,Own-child,White,Male,0.0,,40.0,United-States
57.0,Federal-gov,,Masters,,Married-civ-spouse,Sales,Husband,,,15024.0,,,United-States
41.0,Private,220531.0,Prof-school,,,Prof-specialty,,,Male,0.0,,60.0,United-States
50.0,Private,176609.0,Some-college,,Divorced,Other-service,,White,Male,0.0,,45.0,
25.0,,371987.0,Bachelors,13.0,Never-married,Exec-managerial,Not-in-family,White,Female,0.0,,40.0,United-States
50.0,Private,,7th-8th,,Married-civ-spouse,Craft-repair,Husband,White,Male,0.0,,40.0,Ecuador
36.0,Private,,Bachelors,,,Prof-specialty,,White,Male,0.0,0.0,,United-States
,Private,127595.0,,,Divorced,Prof-specialty,Not-in-family,White,Female,0.0,0.0,40.0,United-States
29.0,Local-gov,220419.0,Bachelors,13.0,Never-married,Protective-serv,Not-in-family,White,Male,,0.0,,United-States
21.0,Private,231931.0,,,,Sales,Own-child,White,Male,0.0,,45.0,
27.0,Private,248402.0,Bachelors,13.0,Never-married,Tech-support,Unmarried,Black,Female,0.0,0.0,40.0,United-States
,Private,,,9.0,Married-civ-spouse,,,,Male,0.0,0.0,,United-States
37.0,,,Bachelors,13.0,Divorced,,Not-in-family,White,,0.0,0.0,60.0,United-States
,noValueSetHere123156456,157443.0,,14.0,Married-civ-spouse,noValueSetHere123156456,Wife,,,,0.0,40.0,noValueSetHere123156456
24.0,Private,278130.0,HS-grad,,Never-married,Craft-repair,Own-child,White,,,,40.0,United-States
,Private,169469.0,,,,Sales,Not-in-family,White,,,0.0,80.0,United-States
48.0,Private,146268.0,Bachelors,,Married-civ-spouse,,Husband,White,Male,7688.0,0.0,40.0,United-States
,Private,153718.0,,10.0,Never-married,Other-service,Not-in-family,Asian-Pac-Islander,Female,0.0,0.0,25.0,United-States
,,217460.0,HS-grad,9.0,Married-civ-spouse,Transport-moving,,,Male,0.0,0.0,45.0,United-States
55.0,Private,238638.0,,9.0,Married-civ-spouse,,,,Male,,,,
24.0,,303296.0,Some-college,10.0,,,,Asian-Pac-Islander,Female,0.0,,40.0,Laos
43.0,Private,173321.0,HS-grad,9.0,,,Not-in-family,White,Female,0.0,0.0,40.0,United-States
,Private,193945.0,Assoc-acdm,12.0,Never-married,,Not-in-family,White,Male,0.0,0.0,45.0,United-States
46.0,Private,83082.0,Assoc-acdm,12.0,Never-married,Prof-specialty,Not-in-family,,Female,0.0,0.0,33.0,United-States
35.0,Private,193815.0,Assoc-acdm,12.0,Married-civ-spouse,,,White,Male,0.0,0.0,40.0,United-States
41.0,,34987.0,Some-college,10.0,Married-civ-spouse,Farming-fishing,Husband,White,,0.0,0.0,,United-States
26.0,Private,59306.0,,13.0,Never-married,Sales,Not-in-family,White,Male,,0.0,,United-States
34.0,Private,142897.0,Masters,14.0,Married-civ-spouse,Exec-managerial,,Asian-Pac-Islander,Male,7298.0,0.0,35.0,
,noValueSetHere123156456,,Some-college,10.0,Never-married,noValueSetHere123156456,Own-child,Black,,,,25.0,
,Self-emp-not-inc,205607.0,Bachelors,13.0,,,Not-in-family,,Female,,0.0,,United-States
,Private,199698.0,Some-college,10.0,Never-married,Sales,,White,Male,0.0,0.0,15.0,United-States
24.0,Private,,,,Never-married,Machine-op-inspct,Not-in-family,White,Male,0.0,,40.0,United-States
77.0,Self-emp-not-inc,,Some-college,10.0,Married-civ-spouse,Sales,Husband,White,Male,0.0,0.0,40.0,United-States
22.0,Private,399087.0,,3.0,Married-civ-spouse,,,White,,0.0,0.0,40.0,
29.0,Private,423158.0,Some-college,,Never-married,Tech-support,Not-in-family,White,Female,0.0,0.0,40.0,United-States
62.0,Private,159841.0,HS-grad,,,Other-service,Not-in-family,,,,0.0,,United-States
39.0,Self-emp-not-inc,174308.0,,,Married-civ-spouse,Exec-managerial,,White,Male,0.0,0.0,40.0,United-States
,,50356.0,,,Married-civ-spouse,,,White,Male,,1485.0,50.0,United-States
35.0,Private,186110.0,HS-grad,9.0,Divorced,Transport-moving,,White,,0.0,,,United-States
,,200381.0,11th,7.0,Never-married,,Not-in-family,White,Female,,0.0,40.0,United-States
76.0,,,Masters,,,Craft-repair,Husband,White,Male,0.0,0.0,10.0,United-States
63.0,Self-emp-not-inc,78383.0,HS-grad,9.0,Married-civ-spouse,Farming-fishing,Husband,White,,0.0,0.0,45.0,
,noValueSetHere123156456,211601.0,Assoc-voc,,,noValueSetHere123156456,Own-child,Black,Female,0.0,0.0,15.0,United-States
43.0,Private,187728.0,Some-college,,Married-civ-spouse,Prof-specialty,,White,Female,,1887.0,50.0,United-States
58.0,Self-emp-not-inc,321171.0,HS-grad,9.0,Married-civ-spouse,Handlers-cleaners,Husband,White,Male,0.0,,40.0,United-States
,Private,127921.0,HS-grad,9.0,Never-married,Transport-moving,Not-in-family,White,,,0.0,,United-States
41.0,Private,,,10.0,Never-married,,Not-in-family,Black,Male,0.0,0.0,45.0,United-States
,Private,224563.0,Bachelors,13.0,,Adm-clerical,Not-in-family,,Male,,,,United-States
47.0,Private,178686.0,,11.0,,Other-service,,,Male,,0.0,40.0,United-States
55.0,Local-gov,,,6.0,,,Husband,White,,0.0,,,United-States
,Private,242606.0,HS-grad,,Married-civ-spouse,Transport-moving,Husband,,,0.0,0.0,40.0,United-States
17.0,Private,270942.0,,3.0,,Other-service,Other-relative,White,Male,0.0,,48.0,Mexico
,Private,94235.0,HS-grad,9.0,Never-married,Craft-repair,,White,Male,0.0,0.0,40.0,United-States
49.0,Private,71195.0,,14.0,Never-married,Prof-specialty,Not-in-family,White,,,,60.0,United-States
19.0,Private,104112.0,,,Never-married,,,Black,Male,,0.0,30.0,Haiti
,,261192.0,,9.0,,,Husband,,Male,0.0,,40.0,United-States
,,94936.0,,,Never-married,Sales,Not-in-family,White,,0.0,0.0,,United-States
38.0,,296478.0,,11.0,Married-civ-spouse,,,White,Male,,0.0,,United-States
36.0,State-gov,119272.0,HS-grad,9.0,Married-civ-spouse,Protective-serv,Husband,White,Male,7298.0,0.0,40.0,United-States
33.0,Private,85043.0,HS-grad,9.0,Never-married,,,,,0.0,0.0,20.0,United-States
22.0,State-gov,293364.0,,10.0,,,Own-child,Black,Female,0.0,0.0,40.0,
43.0,Self-emp-not-inc,241895.0,,13.0,Never-married,Sales,,White,Male,0.0,0.0,42.0,
67.0,noValueSetHere123156456,36135.0,,7.0,Married-civ-spouse,,Husband,,Male,0.0,0.0,8.0,United-States
30.0,noValueSetHere123156456,,,11.0,Divorced,,Unmarried,White,Female,0.0,,,United-States
56.0,Private,101128.0,,12.0,Married-spouse-absent,Other-service,Not-in-family,White,,0.0,0.0,,Iran
,Private,156464.0,Bachelors,13.0,,,Own-child,White,,0.0,0.0,25.0,United-States
,Private,,,13.0,,,Husband,White,Male,0.0,0.0,40.0,United-States
26.0,Private,192262.0,HS-grad,9.0,,Other-service,Husband,White,,0.0,0.0,40.0,United-States
,,,,13.0,Married-civ-spouse,Exec-managerial,Husband,,Male,0.0,,40.0,United-States
46.0,,329752.0,11th,7.0,Married-civ-spouse,,Husband,White,Male,0.0,0.0,30.0,United-States
,noValueSetHere123156456,372020.0,Bachelors,13.0,Married-civ-spouse,noValueSetHere123156456,Husband,White,Male,0.0,,40.0,
38.0,Federal-gov,95432.0,HS-grad,9.0,Married-civ-spouse,Adm-clerical,Husband,White,Male,0.0,,,United-States
65.0,Private,,11th,7.0,Widowed,Other-service,Unmarried,Other,Male,,,40.0,United-States
40.0,,96129.0,Assoc-voc,11.0,Married-civ-spouse,Tech-support,Husband,White,,0.0,0.0,40.0,United-States
42.0,Private,,HS-grad,9.0,,Adm-clerical,Wife,,Female,0.0,0.0,35.0,
26.0,Self-emp-not-inc,117125.0,9th,5.0,,,Husband,White,Male,,,40.0,Portugal
36.0,Private,348022.0,10th,6.0,Married-civ-spouse,Other-service,Wife,White,Female,0.0,0.0,24.0,
62.0,Private,270092.0,Masters,,Married-civ-spouse,Prof-specialty,Husband,White,,,0.0,,
43.0,Private,180609.0,,,Married-civ-spouse,Transport-moving,Husband,White,Male,0.0,0.0,45.0,
43.0,Private,,,13.0,Divorced,,,,,,1564.0,45.0,United-States
22.0,Private,,,9.0,Married-spouse-absent,,Not-in-family,,Male,0.0,0.0,55.0,
28.0,Private,92262.0,HS-grad,9.0,Married-civ-spouse,Craft-repair,Husband,White,Male,0.0,0.0,40.0,United-States
56.0,Self-emp-not-inc,183081.0,Some-college,,Married-civ-spouse,Sales,,,Male,,0.0,45.0,United-States
22.0,Private,362589.0,Assoc-acdm,12.0,Never-married,Sales,Not-in-family,White,Female,0.0,,15.0,
57.0,Private,212448.0,Bachelors,13.0,Divorced,Exec-managerial,,,Female,0.0,0.0,45.0,United-States
39.0,Private,481060.0,HS-grad,9.0,Divorced,,,White,Female,,0.0,,
26.0,,185885.0,,10.0,,,Unmarried,White,Female,,0.0,,United-States
17.0,Private,,,7.0,Never-married,Other-service,,,Male,,0.0,10.0,United-States
40.0,State-gov,184018.0,Assoc-voc,11.0,Married-civ-spouse,Machine-op-inspct,,White,Male,0.0,0.0,38.0,United-States
45.0,Private,256649.0,HS-grad,9.0,Married-civ-spouse,,,Black,Male,0.0,0.0,40.0,United-States
,Private,160323.0,HS-grad,9.0,,Craft-repair,Not-in-family,Black,Male,0.0,0.0,40.0,United-States
20.0,Local-gov,350845.0,Some-college,,,Adm-clerical,Own-child,White,Female,,0.0,10.0,United-States
33.0,Private,267404.0,HS-grad,9.0,Married-civ-spouse,Craft-repair,Wife,White,Female,0.0,0.0,40.0,
,Private,,Some-college,10.0,,Sales,Not-in-family,White,Male,0.0,0.0,40.0,United-States
,Self-emp-not-inc,80914.0,Masters,14.0,Divorced,Exec-managerial,Not-in-family,,Male,0.0,0.0,,United-States
38.0,Private,172927.0,HS-grad,9.0,Married-civ-spouse,Sales,Husband,White,Male,,0.0,50.0,United-States
54.0,Private,174319.0,HS-grad,9.0,Divorced,,Not-in-family,White,Male,,0.0,,United-States
46.0,Private,,5th-6th,,Divorced,Craft-repair,Not-in-family,White,Female,,,,United-States
25.0,Private,,Some-college,10.0,Married-civ-spouse,Craft-repair,Husband,,Male,0.0,0.0,40.0,United-States
,Private,108699.0,,10.0,,,Not-in-family,White,,,0.0,,United-States
36.0,Local-gov,117312.0,,10.0,Married-civ-spouse,Transport-moving,Wife,White,Female,,0.0,40.0,
23.0,Private,,HS-grad,9.0,Never-married,Other-service,Not-in-family,,Female,0.0,0.0,25.0,United-States
,Private,134152.0,HS-grad,9.0,Separated,Machine-op-inspct,,White,Male,,0.0,40.0,United-States
,Private,162028.0,Some-college,10.0,,Adm-clerical,,White,Female,0.0,2415.0,6.0,
19.0,Private,25429.0,Some-college,,Never-married,Adm-clerical,Own-child,,Female,0.0,0.0,,United-States
19.0,Private,232392.0,HS-grad,9.0,Never-married,Other-service,Other-relative,White,Female,,0.0,,United-States
,Private,,HS-grad,9.0,Married-civ-spouse,Other-service,Wife,White,,,0.0,40.0,
27.0,Private,301302.0,,13.0,Never-married,Craft-repair,Not-in-family,White,Male,0.0,0.0,50.0,
,Self-emp-not-inc,277946.0,Assoc-acdm,,Separated,Craft-repair,Not-in-family,White,Male,0.0,,40.0,United-States
34.0,State-gov,98101.0,Bachelors,,Married-civ-spouse,Exec-managerial,Husband,White,Male,7688.0,0.0,45.0,noValueSetHere123156456
,,196164.0,,9.0,Never-married,Other-service,Not-in-family,,Female,0.0,0.0,,United-States
44.0,Private,115562.0,,10.0,Married-civ-spouse,Tech-support,Husband,,,0.0,0.0,40.0,United-States
,Private,96975.0,,,Divorced,Handlers-cleaners,,,Female,0.0,,40.0,United-States
20.0,,,HS-grad,9.0,,,Other-relative,White,Female,0.0,0.0,,
,Private,86872.0,Bachelors,,Married-civ-spouse,Exec-managerial,Husband,White,Male,0.0,0.0,55.0,United-States
52.0,Self-emp-inc,,Bachelors,13.0,Married-civ-spouse,,Husband,,Male,,0.0,50.0,United-States
20.0,Private,,Some-college,10.0,,Handlers-cleaners,Own-child,White,Male,0.0,0.0,40.0,
28.0,,108574.0,Some-college,,Never-married,Other-service,,White,Female,0.0,,40.0,United-States
50.0,State-gov,,,,Married-civ-spouse,Protective-serv,Husband,,,0.0,0.0,40.0,United-States
,Private,227689.0,Assoc-voc,,Divorced,Tech-support,Not-in-family,White,Female,0.0,0.0,64.0,
28.0,Private,166481.0,7th-8th,4.0,Married-civ-spouse,Handlers-cleaners,Husband,Other,Male,0.0,2179.0,40.0,Puerto-Rico
,Private,445382.0,Masters,14.0,Married-civ-spouse,,Husband,White,Male,0.0,1977.0,65.0,United-States
28.0,,110145.0,HS-grad,9.0,Married-civ-spouse,Adm-clerical,Husband,White,Male,,,40.0,United-States
46.0,Self-emp-not-inc,,HS-grad,9.0,,Craft-repair,Husband,White,Male,,0.0,25.0,United-States
28.0,noValueSetHere123156456,123147.0,Some-college,10.0,Married-civ-spouse,noValueSetHere123156456,Wife,White,Female,,,40.0,
32.0,Private,,Some-college,10.0,,,Husband,White,Male,0.0,,,United-States
41.0,,42346.0,Some-college,10.0,Divorced,,Not-in-family,,Female,0.0,,24.0,United-States
,Private,241951.0,,9.0,Never-married,Handlers-cleaners,Unmarried,,,0.0,0.0,40.0,
33.0,Private,,Some-college,10.0,Divorced,Exec-managerial,,White,Female,0.0,0.0,,United-States
46.0,Private,,Doctorate,16.0,Married-civ-spouse,,Husband,White,Male,15024.0,0.0,60.0,United-States
,State-gov,1033222.0,,10.0,Married-civ-spouse,Machine-op-inspct,,White,Male,0.0,,40.0,United-States
,Private,92440.0,,8.0,Divorced,Craft-repair,Not-in-family,,Male,0.0,0.0,50.0,
52.0,Private,190762.0,1st-4th,2.0,Married-civ-spouse,Machine-op-inspct,Husband,,Male,0.0,,40.0,Mexico
30.0,,426017.0,,7.0,Never-married,Other-service,Own-child,White,Female,,,,United-States
34.0,,243867.0,11th,,,Machine-op-inspct,Not-in-family,Black,Male,,0.0,40.0,United-States
34.0,State-gov,240283.0,HS-grad,,Divorced,Transport-moving,,White,Female,0.0,0.0,40.0,United-States
20.0,Private,61777.0,Some-college,10.0,Married-civ-spouse,Sales,Husband,White,Male,0.0,,,United-States
17.0,,175024.0,,,Never-married,Handlers-cleaners,Own-child,White,Male,,,18.0,United-States
32.0,,,,13.0,Married-civ-spouse,Exec-managerial,Wife,,Female,0.0,,40.0,
29.0,Private,188401.0,HS-grad,9.0,Divorced,Farming-fishing,Not-in-family,,Male,0.0,0.0,40.0,United-States
,,228528.0,10th,,Never-married,,Unmarried,White,Female,0.0,,35.0,
25.0,Private,133373.0,HS-grad,9.0,Married-civ-spouse,Transport-moving,Husband,,Male,0.0,,60.0,
,,255191.0,Masters,,Never-married,Prof-specialty,Not-in-family,White,Male,0.0,,40.0,United-States
23.0,Private,,HS-grad,9.0,Never-married,,Not-in-family,White,Male,,0.0,72.0,Dominican-Republic
63.0,Self-emp-inc,222289.0,HS-grad,9.0,Married-civ-spouse,Exec-managerial,,White,Male,,0.0,40.0,United-States
47.0,,287480.0,,14.0,Married-civ-spouse,Prof-specialty,Husband,White,Male,0.0,0.0,40.0,United-States
80.0,,107762.0,HS-grad,9.0,Widowed,,Not-in-family,White,Male,0.0,0.0,,United-States
17.0,,202521.0,11th,,Never-married,,Own-child,,Male,0.0,0.0,40.0,United-States
,Self-emp-not-inc,204116.0,,13.0,Married-spouse-absent,Prof-specialty,Not-in-family,White,Female,,,40.0,United-States
,Private,29662.0,Assoc-acdm,,,Other-service,,White,Female,0.0,0.0,25.0,United-States
27.0,Private,116358.0,Some-college,10.0,Never-married,Craft-repair,Own-child,Asian-Pac-Islander,Male,0.0,1980.0,,Philippines
33.0,Private,208405.0,Masters,,Married-civ-spouse,Prof-specialty,Husband,,,0.0,,,United-States
,Local-gov,284843.0,HS-grad,,Never-married,Farming-fishing,,Black,,594.0,0.0,,United-States
34.0,,,Some-college,10.0,Never-married,Protective-serv,,,Female,0.0,,40.0,United-States
23.0,,,,10.0,,Adm-clerical,Husband,White,Male,,,40.0,
,,340148.0,Some-college,10.0,Married-civ-spouse,Adm-clerical,Wife,White,Female,0.0,0.0,40.0,United-States
29.0,Private,363425.0,Bachelors,13.0,Never-married,,Not-in-family,White,Male,0.0,0.0,40.0,United-States
45.0,Private,45857.0,HS-grad,9.0,,Adm-clerical,Not-in-family,White,,,0.0,28.0,United-States
24.0,Federal-gov,191073.0,HS-grad,9.0,Never-married,Armed-Forces,Own-child,,Male,,0.0,40.0,
44.0,,,Some-college,10.0,Married-civ-spouse,Prof-specialty,Husband,,Male,0.0,0.0,40.0,United-States
,Private,,9th,5.0,Never-married,Craft-repair,Other-relative,White,Male,,0.0,,Mexico
20.0,Private,298227.0,,10.0,Never-married,Sales,,White,Male,0.0,0.0,35.0,United-States
44.0,Private,290521.0,HS-grad,9.0,Widowed,,,Black,,0.0,0.0,40.0,United-States
51.0,Private,,,9.0,Married-civ-spouse,,Husband,Amer-Indian-Eskimo,Male,0.0,0.0,40.0,United-States
20.0,Private,146538.0,HS-grad,9.0,Married-civ-spouse,,Husband,White,Male,,0.0,40.0,United-States
17.0,noValueSetHere123156456,258872.0,11th,,Never-married,noValueSetHere123156456,,White,Female,0.0,0.0,,United-States
19.0,,206399.0,HS-grad,9.0,Never-married,,Own-child,Black,Female,,0.0,40.0,United-States
45.0,Self-emp-inc,197332.0,Some-college,10.0,Married-civ-spouse,Craft-repair,Husband,White,,,0.0,55.0,
60.0,,245062.0,HS-grad,,,Craft-repair,Husband,,,0.0,0.0,40.0,United-States
,Private,197583.0,Assoc-acdm,,,Exec-managerial,Husband,Black,Male,0.0,0.0,,
44.0,,234885.0,HS-grad,,Married-civ-spouse,Sales,Wife,White,,0.0,,40.0,
40.0,Private,72887.0,Assoc-voc,,,,Husband,Asian-Pac-Islander,Male,,0.0,,United-States
30.0,Private,180374.0,,,Married-civ-spouse,,Wife,,Female,0.0,0.0,40.0,United-States
,Private,351299.0,,,Married-civ-spouse,Transport-moving,Husband,,Male,,0.0,50.0,United-States
,Private,54012.0,HS-grad,9.0,Married-civ-spouse,Transport-moving,Husband,White,Male,0.0,0.0,60.0,
32.0,,115745.0,,10.0,,,,,,0.0,0.0,40.0,
,Private,,Assoc-acdm,12.0,Never-married,Farming-fishing,Own-child,White,Male,0.0,0.0,40.0,United-States
54.0,Local-gov,288825.0,HS-grad,9.0,,,Husband,,Male,0.0,0.0,40.0,United-States
32.0,Private,132601.0,,13.0,Married-civ-spouse,,Husband,,Male,,,,
50.0,Private,193374.0,1st-4th,2.0,,,,White,Male,0.0,0.0,40.0,
24.0,Private,170070.0,Bachelors,13.0,Never-married,Tech-support,Not-in-family,,,,0.0,20.0,United-States
37.0,Private,126708.0,HS-grad,9.0,Married-civ-spouse,,Wife,White,Female,0.0,,60.0,
52.0,Private,35598.0,HS-grad,9.0,Divorced,Transport-moving,Unmarried,White,Male,0.0,0.0,,United-States
,Private,,Some-college,10.0,Married-civ-spouse,Transport-moving,Husband,,,0.0,0.0,40.0,United-States
,Private,,,14.0,Married-civ-spouse,Exec-managerial,Husband,White,Male,0.0,1977.0,,United-States
,Private,118551.0,Bachelors,13.0,Married-civ-spouse,Tech-support,Wife,White,Female,0.0,0.0,16.0,
,,201965.0,Some-college,,Never-married,Prof-specialty,Unmarried,White,Male,,0.0,40.0,United-States
,noValueSetHere123156456,,Some-college,,Never-married,noValueSetHere123156456,Own-child,White,Male,0.0,,40.0,United-States
,,285020.0,HS-grad,9.0,,,Not-in-family,White,,0.0,0.0,40.0,United-States
30.0,Private,,HS-grad,,Never-married,Transport-moving,Not-in-family,,Male,0.0,0.0,60.0,United-States
67.0,Private,,,11.0,Divorced,Other-service,Not-in-family,White,Female,0.0,0.0,24.0,
46.0,Private,279196.0,Bachelors,13.0,,,Not-in-family,White,Female,0.0,0.0,40.0,United-States
,Private,211870.0,,5.0,Never-married,Other-service,Not-in-family,White,Male,0.0,0.0,,United-States
22.0,Private,281432.0,Some-college,,Never-married,,Own-child,White,Male,0.0,0.0,30.0,
27.0,Private,161155.0,10th,,,,Not-in-family,,,0.0,0.0,40.0,
23.0,Private,,,,Never-married,Other-service,,White,Female,0.0,0.0,35.0,United-States
33.0,Private,111746.0,Assoc-acdm,12.0,Married-civ-spouse,Craft-repair,Husband,White,Male,0.0,0.0,45.0,Portugal
43.0,Self-emp-not-inc,170721.0,Some-college,10.0,Married-civ-spouse,,Husband,White,Male,0.0,0.0,,United-States
28.0,State-gov,70100.0,Bachelors,13.0,Never-married,Prof-specialty,Not-in-family,,Male,0.0,0.0,,
41.0,Private,193626.0,HS-grad,,,,Unmarried,,Female,,0.0,40.0,
52.0,noValueSetHere123156456,271749.0,12th,8.0,Never-married,noValueSetHere123156456,Other-relative,Black,Male,,0.0,40.0,United-States
,,189775.0,Some-college,10.0,Married-spouse-absent,Adm-clerical,,Black,Female,0.0,,20.0,United-States
63.0,noValueSetHere123156456,401531.0,,2.0,Married-civ-spouse,,Husband,White,Male,,,35.0,United-States
59.0,Local-gov,286967.0,,9.0,,Transport-moving,,White,,,0.0,45.0,
,Local-gov,164427.0,Bachelors,13.0,Divorced,Prof-specialty,,White,Female,0.0,,40.0,
,Private,91039.0,Bachelors,13.0,,Sales,,White,Male,,0.0,60.0,United-States
,Private,347934.0,HS-grad,9.0,Never-married,Other-service,Not-in-family,White,Female,0.0,0.0,35.0,United-States
46.0,Federal-gov,371373.0,HS-grad,9.0,Divorced,,,White,Male,0.0,0.0,40.0,United-States
,Private,32220.0,,,,,Not-in-family,White,Female,0.0,0.0,,United-States
34.0,Private,187251.0,HS-grad,9.0,Divorced,Prof-specialty,Unmarried,White,Female,0.0,,25.0,United-States
,Private,178107.0,Bachelors,13.0,Never-married,Craft-repair,Own-child,White,Male,,,20.0,
41.0,Private,343121.0,HS-grad,9.0,Divorced,Adm-clerical,Unmarried,,,0.0,0.0,36.0,
20.0,Private,262749.0,Some-college,10.0,,Machine-op-inspct,Own-child,,Male,0.0,,40.0,United-States
23.0,,403107.0,5th-6th,3.0,Never-married,Other-service,Own-child,White,Male,0.0,0.0,,El-Salvador
,,,Some-college,10.0,Never-married,,Not-in-family,White,Female,0.0,0.0,,United-States
72.0,noValueSetHere123156456,303588.0,HS-grad,,,,Husband,White,Male,,0.0,,United-States
23.0,Local-gov,324960.0,,9.0,Never-married,,Not-in-family,White,Male,0.0,0.0,40.0,Poland
,Local-gov,114060.0,HS-grad,9.0,Married-civ-spouse,Transport-moving,Husband,,Male,0.0,0.0,40.0,United-States
52.0,Private,,Some-college,10.0,Married-civ-spouse,,Husband,White,Male,0.0,0.0,,
58.0,Private,,Some-college,,,,Unmarried,White,Female,0.0,,42.0,France
25.0,,181054.0,Bachelors,13.0,Never-married,,Not-in-family,White,Female,0.0,0.0,,United-States
24.0,Private,388093.0,Bachelors,13.0,Never-married,Exec-managerial,Not-in-family,Black,,0.0,0.0,40.0,United-States
19.0,Private,,Some-college,10.0,,Protective-serv,Own-child,White,Male,0.0,,,United-States
,Private,,Some-college,10.0,,,Husband,White,Male,,,40.0,United-States
47.0,Local-gov,543162.0,,9.0,Separated,Adm-clerical,Unmarried,Black,Female,0.0,,40.0,United-States
39.0,Private,,HS-grad,9.0,,Other-service,Unmarried,White,Female,0.0,0.0,40.0,United-States
49.0,,,Assoc-voc,11.0,Married-spouse-absent,Handlers-cleaners,Unmarried,White,,,1380.0,42.0,United-States
53.0,,251804.0,5th-6th,3.0,Widowed,noValueSetHere123156456,Unmarried,Black,Female,0.0,0.0,30.0,United-States
32.0,Private,,Assoc-voc,11.0,Never-married,,Not-in-family,White,Male,0.0,0.0,45.0,
,Private,,Some-college,10.0,,Prof-specialty,,White,Male,0.0,0.0,,United-States
28.0,,189346.0,HS-grad,,Divorced,,,,,0.0,0.0,,
,noValueSetHere123156456,222216.0,,11.0,Widowed,noValueSetHere123156456,,White,Female,0.0,0.0,38.0,United-States
,Private,267044.0,Some-college,,Never-married,Adm-clerical,Not-in-family,Amer-Indian-Eskimo,Female,0.0,0.0,20.0,
,noValueSetHere123156456,214635.0,,10.0,Never-married,,Own-child,White,,0.0,0.0,24.0,United-States
21.0,noValueSetHere123156456,204226.0,Some-college,10.0,,noValueSetHere123156456,,,Female,,0.0,35.0,
34.0,Private,108116.0,Bachelors,13.0,,,Husband,,Male,0.0,0.0,,United-States
,Self-emp-inc,,,13.0,Married-civ-spouse,Exec-managerial,,,Male,15024.0,0.0,80.0,United-States
50.0,Private,,HS-grad,,Married-civ-spouse,Exec-managerial,Husband,White,,7688.0,0.0,50.0,
24.0,Local-gov,248344.0,Some-college,10.0,Divorced,Handlers-cleaners,,Black,Male,0.0,,,United-States
37.0,Local-gov,186035.0,,10.0,Married-civ-spouse,,Husband,White,Male,,0.0,45.0,United-States
44.0,Private,177905.0,,10.0,Divorced,Machine-op-inspct,Unmarried,White,Male,,0.0,58.0,United-States
,Private,85812.0,Some-college,10.0,Married-civ-spouse,Sales,Wife,,Female,0.0,0.0,,United-States
42.0,,221172.0,,13.0,Married-civ-spouse,Exec-managerial,Husband,White,Male,0.0,0.0,40.0,United-States
74.0,Private,99183.0,Some-college,10.0,Divorced,Adm-clerical,Not-in-family,White,,,0.0,9.0,United-States
38.0,Self-emp-not-inc,190387.0,HS-grad,,Married-civ-spouse,Craft-repair,Husband,White,Male,0.0,0.0,50.0,United-States
44.0,Self-emp-not-inc,202692.0,Masters,14.0,Married-civ-spouse,Prof-specialty,Husband,White,Male,0.0,0.0,40.0,United-States
44.0,Private,109339.0,,7.0,Divorced,,,Other,Female,,,46.0,
26.0,Private,108658.0,HS-grad,9.0,Never-married,Machine-op-inspct,Not-in-family,White,,0.0,0.0,40.0,United-States
36.0,Private,,HS-grad,9.0,,,,,,0.0,0.0,40.0,United-States
41.0,,101739.0,Assoc-acdm,12.0,Married-civ-spouse,Exec-managerial,,White,Female,0.0,0.0,50.0,
67.0,Private,,Prof-school,15.0,Married-civ-spouse,Prof-specialty,,White,Male,20051.0,,48.0,
39.0,Local-gov,207853.0,12th,,Married-civ-spouse,Tech-support,Husband,White,Male,,0.0,50.0,United-States
57.0,Private,190942.0,1st-4th,2.0,Widowed,Priv-house-serv,,Black,Female,0.0,0.0,30.0,United-States
29.0,,102345.0,Assoc-voc,11.0,Separated,Craft-repair,Not-in-family,White,Male,0.0,0.0,,United-States
31.0,,,Bachelors,,Never-married,Farming-fishing,,White,Female,0.0,0.0,,
34.0,noValueSetHere123156456,190027.0,,9.0,,,Unmarried,,,,0.0,,United-States
44.0,Private,210525.0,,10.0,Married-civ-spouse,Transport-moving,Husband,White,Male,0.0,,40.0,United-States
29.0,Private,133937.0,Doctorate,16.0,Never-married,Prof-specialty,Own-child,,Male,0.0,0.0,,United-States
30.0,Private,237903.0,Some-college,10.0,Never-married,Handlers-cleaners,,,Female,0.0,0.0,40.0,
27.0,Private,163862.0,HS-grad,9.0,Never-married,Transport-moving,Not-in-family,White,,0.0,0.0,,United-States
27.0,Private,201872.0,,10.0,Married-civ-spouse,Sales,Husband,White,Male,0.0,0.0,50.0,
,Private,84179.0,HS-grad,9.0,Never-married,,,White,Female,0.0,0.0,45.0,United-States
58.0,Private,,10th,6.0,Married-civ-spouse,,,White,Female,,0.0,8.0,United-States
,Local-gov,233327.0,,10.0,Married-civ-spouse,Protective-serv,Husband,White,Male,,,,
21.0,Private,,,,Never-married,Handlers-cleaners,Own-child,White,Male,0.0,0.0,36.0,United-States
28.0,Private,,,,Never-married,Craft-repair,Unmarried,,Male,0.0,0.0,40.0,
,Self-emp-not-inc,245724.0,,,,Exec-managerial,Not-in-family,White,Male,0.0,0.0,50.0,United-States
,Self-emp-not-inc,,HS-grad,9.0,Separated,Other-service,Unmarried,White,Female,0.0,0.0,40.0,United-States
72.0,,205343.0,11th,7.0,Widowed,,Unmarried,White,Female,0.0,,40.0,United-States
35.0,,229328.0,HS-grad,9.0,,Machine-op-inspct,Wife,Black,Female,0.0,0.0,40.0,United-States
,Federal-gov,319560.0,Assoc-voc,11.0,Divorced,Craft-repair,Unmarried,Black,Female,,0.0,40.0,United-States
69.0,Private,136218.0,11th,,Never-married,,,,,0.0,0.0,40.0,
35.0,Private,,HS-grad,9.0,Married-civ-spouse,Machine-op-inspct,,White,Male,0.0,0.0,40.0,
31.0,Private,323069.0,,9.0,Separated,Adm-clerical,,White,Female,0.0,0.0,20.0,noValueSetHere123156456
34.0,,148291.0,,9.0,Married-civ-spouse,Tech-support,Wife,White,Female,0.0,0.0,32.0,United-States
,Private,152453.0,11th,7.0,,,Husband,White,Male,0.0,0.0,40.0,Mexico
28.0,Private,114053.0,Bachelors,13.0,Never-married,Transport-moving,Not-in-family,White,Male,0.0,0.0,55.0,United-States
,Private,212960.0,Bachelors,13.0,Married-civ-spouse,Sales,Husband,White,,0.0,0.0,35.0,United-States
47.0,,264052.0,Some-college,10.0,Married-civ-spouse,,Husband,White,,,,50.0,United-States
24.0,,82804.0,HS-grad,9.0,Never-married,Handlers-cleaners,,Black,,0.0,0.0,40.0,United-States
52.0,Self-emp-not-inc,,,13.0,Married-civ-spouse,Prof-specialty,Husband,White,,0.0,0.0,,United-States
,Private,,HS-grad,9.0,,Handlers-cleaners,Own-child,Amer-Indian-Eskimo,Male,,,48.0,United-States
43.0,,188436.0,Masters,14.0,,Exec-managerial,Husband,,Male,,0.0,45.0,
45.0,Private,433665.0,7th-8th,4.0,Separated,Other-service,Unmarried,,Female,0.0,,40.0,Mexico
29.0,,110663.0,HS-grad,9.0,Separated,Craft-repair,Not-in-family,,,0.0,0.0,35.0,United-States
47.0,Private,,Masters,,Divorced,Exec-managerial,Unmarried,White,Male,0.0,0.0,42.0,
,Private,354351.0,HS-grad,9.0,Never-married,Craft-repair,,White,,0.0,,,United-States
51.0,Private,95469.0,HS-grad,9.0,,Prof-specialty,,White,,,,,United-States
17.0,,242718.0,,7.0,,Sales,Own-child,White,Male,0.0,0.0,12.0,United-States
37.0,Private,22463.0,Assoc-voc,11.0,Married-civ-spouse,,Husband,,Male,0.0,1977.0,40.0,United-States
27.0,Private,158156.0,,16.0,Never-married,Prof-specialty,Not-in-family,White,Female,0.0,0.0,70.0,
29.0,Private,,Bachelors,13.0,Married-civ-spouse,Exec-managerial,Wife,White,Male,0.0,0.0,40.0,United-States
18.0,noValueSetHere123156456,165532.0,12th,8.0,Never-married,noValueSetHere123156456,Own-child,,Male,,0.0,25.0,United-States
,Self-emp-not-inc,,Assoc-acdm,,Divorced,,Unmarried,White,Female,0.0,0.0,35.0,United-States
58.0,Local-gov,,Bachelors,,Never-married,,Not-in-family,White,,0.0,0.0,40.0,
,,86646.0,Some-college,10.0,Married-civ-spouse,Craft-repair,,White,Male,0.0,0.0,,United-States
65.0,noValueSetHere123156456,195733.0,,10.0,Married-civ-spouse,noValueSetHere123156456,Husband,White,,0.0,0.0,30.0,United-States
57.0,Private,69884.0,,9.0,Married-civ-spouse,Sales,,,Male,,0.0,40.0,United-States
59.0,Private,199713.0,HS-grad,,Married-civ-spouse,Craft-repair,,White,,0.0,,40.0,United-States
27.0,,181659.0,HS-grad,9.0,Married-civ-spouse,Machine-op-inspct,Husband,White,Male,,0.0,,
31.0,Self-emp-not-inc,340939.0,Bachelors,,,Tech-support,,White,,,0.0,40.0,
21.0,,197747.0,Some-college,10.0,Never-married,,Own-child,White,,0.0,0.0,,United-States
29.0,Private,34292.0,Some-college,10.0,Never-married,Adm-clerical,Not-in-family,,Male,,0.0,60.0,United-States
18.0,,156764.0,,7.0,,Other-service,Own-child,,Male,0.0,0.0,40.0,United-States
,Private,25826.0,10th,6.0,Married-civ-spouse,Craft-repair,,,Male,0.0,1887.0,47.0,United-States
57.0,Self-emp-inc,103948.0,,13.0,Divorced,Prof-specialty,,,,0.0,0.0,80.0,
42.0,noValueSetHere123156456,137390.0,HS-grad,9.0,Married-civ-spouse,,,White,Male,0.0,,,United-States
55.0,noValueSetHere123156456,105138.0,HS-grad,9.0,,noValueSetHere123156456,Wife,Asian-Pac-Islander,Female,,0.0,40.0,
,,,7th-8th,4.0,,Transport-moving,Not-in-family,White,Male,0.0,0.0,48.0,United-States
31.0,Private,168387.0,Bachelors,13.0,Married-civ-spouse,Prof-specialty,,,Male,7688.0,0.0,40.0,
23.0,Private,117789.0,Bachelors,,Never-married,Adm-clerical,Own-child,White,Female,0.0,0.0,40.0,
27.0,Private,,HS-grad,,,Sales,Own-child,White,Male,0.0,,40.0,United-States
23.0,,99399.0,Some-college,,,noValueSetHere123156456,Unmarried,Amer-Indian-Eskimo,Female,0.0,,25.0,
,Self-emp-not-inc,214242.0,,15.0,,Prof-specialty,,White,Male,0.0,1902.0,50.0,
25.0,,200408.0,Some-college,10.0,Never-married,Tech-support,Not-in-family,White,Male,2174.0,0.0,40.0,United-States
49.0,Private,136455.0,Bachelors,,Never-married,Prof-specialty,Not-in-family,,Female,0.0,0.0,45.0,United-States
32.0,Private,239824.0,Bachelors,13.0,Never-married,Tech-support,Not-in-family,White,Male,0.0,,40.0,United-States
,Private,217039.0,Some-college,10.0,,Adm-clerical,,White,,,0.0,28.0,United-States
60.0,,51290.0,7th-8th,4.0,,Other-service,Not-in-family,White,Female,0.0,0.0,40.0,United-States
42.0,,,,5.0,,Other-service,Husband,White,,,,40.0,
35.0,Self-emp-not-inc,194404.0,Assoc-acdm,12.0,Never-married,Farming-fishing,Not-in-family,White,,0.0,0.0,40.0,United-States
,Private,45612.0,HS-grad,9.0,Never-married,Adm-clerical,Unmarried,Black,Female,,0.0,37.0,
,Private,410114.0,Masters,14.0,Married-civ-spouse,,Husband,White,Male,,0.0,40.0,
29.0,Private,182521.0,HS-grad,9.0,,Craft-repair,Not-in-family,,Male,,0.0,,United-States
36.0,,339772.0,,9.0,Separated,Exec-managerial,Not-in-family,Black,Male,0.0,0.0,40.0,
17.0,,169658.0,10th,6.0,Never-married,Other-service,,White,Female,0.0,,21.0,United-States
52.0,Private,,Masters,14.0,,Prof-specialty,Not-in-family,White,,,0.0,60.0,
,,247564.0,HS-grad,9.0,Never-married,Craft-repair,Not-in-family,White,Male,0.0,0.0,40.0,
,,,HS-grad,9.0,Married-civ-spouse,Handlers-cleaners,,White,,0.0,0.0,50.0,United-States
26.0,Local-gov,208122.0,Bachelors,13.0,Never-married,Prof-specialty,,White,Male,1055.0,0.0,40.0,
27.0,,109881.0,Bachelors,13.0,Never-married,,Own-child,,Female,0.0,0.0,20.0,
39.0,Private,207824.0,HS-grad,,Never-married,Handlers-cleaners,Own-child,White,Male,0.0,0.0,60.0,United-States
,Private,369027.0,,9.0,Married-civ-spouse,Transport-moving,Husband,,Male,0.0,,,United-States
50.0,Self-emp-not-inc,114117.0,HS-grad,,Married-civ-spouse,Exec-managerial,Husband,,Male,,,32.0,United-States
52.0,,51048.0,,13.0,Married-civ-spouse,Sales,Husband,White,,0.0,,55.0,
46.0,Private,102388.0,Prof-school,15.0,Married-civ-spouse,Prof-specialty,Husband,White,Male,15024.0,0.0,,United-States
23.0,,,Bachelors,,,Sales,Own-child,White,Female,0.0,,20.0,United-States
,,462440.0,11th,7.0,Widowed,Other-service,Not-in-family,,Female,,0.0,20.0,United-States
,Private,109351.0,9th,5.0,Widowed,,Unmarried,Black,Female,0.0,0.0,24.0,United-States
,,34383.0,Assoc-voc,,Married-civ-spouse,Transport-moving,,White,,0.0,0.0,55.0,United-States
47.0,Private,241832.0,9th,5.0,Married-spouse-absent,,Unmarried,White,Male,0.0,0.0,40.0,El-Salvador
30.0,Private,124187.0,HS-grad,9.0,Never-married,Farming-fishing,Own-child,Black,Male,0.0,0.0,60.0,United-States
34.0,Private,,HS-grad,,Married-civ-spouse,Sales,Husband,,Male,,,45.0,
38.0,,267556.0,HS-grad,,Married-civ-spouse,Sales,Husband,White,Male,,,64.0,
,,205469.0,Some-college,10.0,Married-civ-spouse,Exec-managerial,Husband,White,Male,0.0,,40.0,United-States
49.0,Private,,,13.0,,Sales,Husband,White,Male,0.0,0.0,26.0,
,Self-emp-not-inc,165039.0,Some-college,10.0,,Other-service,Unmarried,Black,Female,0.0,,40.0,United-States
49.0,,120451.0,,6.0,Separated,Other-service,Unmarried,,Female,,0.0,,United-States
,Private,154374.0,Some-college,10.0,Married-civ-spouse,Craft-repair,,White,Male,,0.0,60.0,United-States
30.0,Private,103649.0,Bachelors,13.0,,Adm-clerical,Wife,Black,,0.0,0.0,40.0,
58.0,Self-emp-not-inc,35723.0,HS-grad,9.0,Married-civ-spouse,Craft-repair,Husband,White,Male,0.0,0.0,60.0,United-States
,,262601.0,,9.0,Never-married,Other-service,Own-child,,Female,0.0,0.0,,United-States
21.0,Private,226181.0,Bachelors,13.0,,Handlers-cleaners,Not-in-family,White,Male,,0.0,,
33.0,,,Bachelors,,Married-civ-spouse,Exec-managerial,Husband,,Male,15024.0,,,United-States
47.0,Self-emp-inc,,,,Married-civ-spouse,Transport-moving,,,Male,,0.0,50.0,Cuba
52.0,,289436.0,Doctorate,16.0,Married-civ-spouse,,,White,Male,0.0,0.0,60.0,United-States
26.0,,,HS-grad,9.0,Divorced,Craft-repair,Not-in-family,White,Male,0.0,,55.0,
60.0,Private,199378.0,HS-grad,9.0,Married-civ-spouse,Craft-repair,Husband,White,,,0.0,40.0,United-States
21.0,,160968.0,Some-college,10.0,Never-married,Handlers-cleaners,,White,Male,,0.0,40.0,
36.0,Private,188563.0,Some-college,10.0,,Sales,Husband,White,Male,5178.0,,50.0,United-States
31.0,Private,55849.0,Some-college,10.0,Married-civ-spouse,,Husband,White,Male,0.0,0.0,45.0,
,Self-emp-inc,195322.0,Doctorate,,,Prof-specialty,,White,,0.0,,,United-States
31.0,Local-gov,402089.0,HS-grad,9.0,Divorced,,Unmarried,White,Female,0.0,0.0,40.0,
71.0,Private,,HS-grad,9.0,Married-civ-spouse,,Husband,White,,,,15.0,United-States
58.0,noValueSetHere123156456,158611.0,HS-grad,,,,Husband,White,Male,0.0,0.0,50.0,United-States
30.0,State-gov,169496.0,Bachelors,13.0,,Tech-support,Husband,,Male,,0.0,40.0,United-States
,,130959.0,Some-college,10.0,Never-married,Other-service,Own-child,White,,0.0,0.0,20.0,
24.0,Private,556660.0,HS-grad,9.0,,Exec-managerial,Other-relative,White,Male,4101.0,0.0,,
35.0,Private,,,,Married-civ-spouse,,Husband,Asian-Pac-Islander,,0.0,0.0,40.0,Taiwan
,State-gov,143774.0,Some-college,10.0,,Exec-managerial,Not-in-family,White,Female,0.0,0.0,45.0,
,Private,288341.0,HS-grad,,Never-married,,Own-child,White,Female,0.0,0.0,32.0,United-States
29.0,State-gov,,Some-college,10.0,Never-married,Adm-clerical,Unmarried,Asian-Pac-Islander,Female,0.0,0.0,40.0,
70.0,noValueSetHere123156456,167358.0,9th,5.0,,noValueSetHere123156456,Unmarried,White,Female,,0.0,15.0,United-States
,Private,106742.0,HS-grad,9.0,Married-civ-spouse,,,,,0.0,,45.0,United-States
44.0,Private,219288.0,7th-8th,4.0,Married-civ-spouse,Craft-repair,Husband,White,,0.0,0.0,35.0,United-States
43.0,,174524.0,HS-grad,9.0,Married-civ-spouse,,Husband,White,Male,0.0,0.0,40.0,United-States
,Self-emp-not-inc,335183.0,12th,,Married-civ-spouse,Handlers-cleaners,Husband,Black,,0.0,0.0,40.0,United-States
35.0,Private,,Masters,,,Sales,Not-in-family,,Male,0.0,,60.0,United-States
27.0,,111900.0,,10.0,Never-married,Prof-specialty,Not-in-family,White,Male,0.0,0.0,40.0,
,Local-gov,,,14.0,Never-married,Prof-specialty,Not-in-family,White,Male,0.0,0.0,38.0,United-States
,Private,,Some-college,10.0,Never-married,Sales,Not-in-family,White,Female,,0.0,25.0,
42.0,Private,341204.0,,12.0,,,Unmarried,,Female,8614.0,0.0,40.0,
27.0,State-gov,,,10.0,Married-civ-spouse,Transport-moving,,White,Male,3411.0,0.0,40.0,
42.0,,247019.0,HS-grad,9.0,,Craft-repair,Husband,Black,Male,0.0,,,United-States
20.0,noValueSetHere123156456,114746.0,11th,7.0,Married-spouse-absent,noValueSetHere123156456,Own-child,Asian-Pac-Islander,Female,0.0,1762.0,40.0,South
24.0,,172146.0,,5.0,Never-married,Machine-op-inspct,,,Male,,1721.0,,United-States
48.0,Federal-gov,110457.0,Some-college,10.0,Divorced,,,White,Male,0.0,0.0,,United-States
17.0,noValueSetHere123156456,80077.0,11th,7.0,Never-married,noValueSetHere123156456,Own-child,White,Female,0.0,0.0,20.0,United-States
17.0,,368700.0,11th,7.0,Never-married,,,White,Male,0.0,0.0,,United-States
33.0,Private,182556.0,Bachelors,13.0,,,Husband,White,Male,0.0,0.0,40.0,United-States
50.0,,219420.0,HS-grad,9.0,Married-civ-spouse,Sales,Husband,White,,,0.0,50.0,United-States
22.0,Private,240817.0,HS-grad,9.0,Never-married,Sales,Own-child,White,Female,,0.0,40.0,
17.0,Private,102726.0,12th,8.0,,Other-service,Own-child,White,Male,0.0,0.0,16.0,
32.0,Private,226267.0,Some-college,10.0,Married-civ-spouse,Adm-clerical,Husband,,Male,0.0,,40.0,Mexico
31.0,Private,,HS-grad,,Never-married,,Not-in-family,White,Male,,0.0,45.0,United-States
58.0,Self-emp-not-inc,204021.0,HS-grad,9.0,Widowed,,Not-in-family,White,Male,0.0,0.0,50.0,United-States
29.0,Local-gov,,HS-grad,,Never-married,Protective-serv,,White,Male,,0.0,,United-States
,,161141.0,,,Married-civ-spouse,Craft-repair,Husband,,Male,0.0,0.0,40.0,
34.0,,190290.0,HS-grad,9.0,Married-civ-spouse,Craft-repair,Husband,,,0.0,0.0,,
23.0,Local-gov,430828.0,,,,Exec-managerial,Unmarried,,Male,,0.0,40.0,United-States
,State-gov,59342.0,,7.0,Never-married,Adm-clerical,Own-child,White,,0.0,,5.0,
34.0,Private,,HS-grad,9.0,,,Not-in-family,White,,0.0,0.0,40.0,United-States
66.0,noValueSetHere123156456,149422.0,7th-8th,4.0,Never-married,noValueSetHere123156456,Not-in-family,White,Male,0.0,,4.0,United-States
45.0,Local-gov,86644.0,Bachelors,13.0,Married-civ-spouse,Prof-specialty,,White,Female,0.0,0.0,55.0,United-States
,,195124.0,Masters,14.0,Never-married,,Not-in-family,White,Male,0.0,0.0,,Dominican-Republic
26.0,Private,167350.0,,9.0,Never-married,Other-service,,White,,0.0,,30.0,
,Local-gov,113000.0,Some-college,10.0,Married-civ-spouse,,,White,Male,0.0,0.0,,United-States
24.0,Private,140027.0,Some-college,10.0,Never-married,Machine-op-inspct,Own-child,Black,Female,,0.0,45.0,United-States
42.0,Private,262425.0,Some-college,10.0,Married-civ-spouse,,Husband,White,Male,,,50.0,United-States
20.0,Private,316702.0,Some-college,10.0,Never-married,Prof-specialty,Own-child,White,Male,,0.0,,United-States
,State-gov,335453.0,Bachelors,13.0,Never-married,Tech-support,Not-in-family,White,Female,,0.0,20.0,
,noValueSetHere123156456,202480.0,Assoc-acdm,12.0,Never-married,noValueSetHere123156456,Other-relative,White,Male,,0.0,,United-States
35.0,Private,,Masters,14.0,Never-married,Prof-specialty,Not-in-family,,,,,60.0,United-States
31.0,Private,118710.0,Masters,14.0,Married-civ-spouse,Tech-support,Husband,White,Male,0.0,1902.0,40.0,
30.0,Private,189620.0,Bachelors,13.0,Never-married,Prof-specialty,Own-child,White,,0.0,0.0,40.0,Poland
19.0,Private,475028.0,HS-grad,9.0,,,,White,Female,0.0,0.0,20.0,United-States
36.0,Local-gov,110866.0,,,Never-married,Prof-specialty,Not-in-family,White,,0.0,0.0,50.0,United-States
,Private,,Bachelors,,,Sales,Unmarried,,,0.0,1380.0,40.0,Cuba
21.0,Private,,,,Never-married,,,White,Male,0.0,0.0,30.0,
31.0,Self-emp-not-inc,80145.0,Some-college,,,Craft-repair,Husband,White,Male,0.0,0.0,40.0,United-States
46.0,Private,,Doctorate,,Divorced,Prof-specialty,Unmarried,White,,25236.0,0.0,65.0,
44.0,Private,63042.0,,13.0,Divorced,Exec-managerial,Own-child,White,Female,0.0,,50.0,
40.0,,229148.0,12th,,,,Husband,Black,,0.0,0.0,,Jamaica
,Private,242552.0,Some-college,,Never-married,Sales,Not-in-family,,Male,,0.0,40.0,United-States
,,177665.0,HS-grad,,Married-civ-spouse,Craft-repair,Husband,White,,0.0,0.0,35.0,
,Private,208103.0,11th,7.0,Never-married,Other-service,,White,Male,0.0,0.0,,United-States
28.0,Private,296450.0,,,,Prof-specialty,Husband,White,Male,0.0,0.0,40.0,United-States
,Private,70282.0,Some-college,10.0,Divorced,Adm-clerical,Unmarried,,,0.0,0.0,,
36.0,Private,271767.0,Bachelors,13.0,,Prof-specialty,Not-in-family,,,0.0,0.0,,noValueSetHere123156456
40.0,Private,144995.0,Assoc-voc,11.0,Married-civ-spouse,Tech-support,Husband,,,4386.0,,40.0,United-States
,Local-gov,,,13.0,Divorced,Adm-clerical,Unmarried,White,Female,0.0,0.0,35.0,
,Private,,HS-grad,,,Other-service,Unmarried,Black,Female,0.0,0.0,40.0,United-States
,,194141.0,,9.0,Married-civ-spouse,Machine-op-inspct,Husband,White,Male,0.0,,,
19.0,,378418.0,HS-grad,9.0,Never-married,Tech-support,Own-child,,Female,0.0,0.0,40.0,
22.0,Private,,Some-college,10.0,Never-married,,Own-child,,,,,15.0,
34.0,Private,217460.0,Bachelors,,Married-civ-spouse,Exec-managerial,Husband,White,,0.0,0.0,45.0,United-States
33.0,Private,182556.0,HS-grad,9.0,Never-married,,Not-in-family,,,,,,
41.0,Private,125831.0,HS-grad,9.0,Married-civ-spouse,,Husband,White,Male,0.0,2051.0,60.0,United-States
29.0,Private,271328.0,Bachelors,,,,Not-in-family,White,Male,4650.0,,40.0,United-States
,,50459.0,HS-grad,,Married-civ-spouse,Exec-managerial,Husband,White,Male,0.0,0.0,,
42.0,,162140.0,,13.0,Married-civ-spouse,Exec-managerial,,White,Male,7298.0,0.0,,United-States
,Private,,,,Never-married,Prof-specialty,Not-in-family,White,Male,,0.0,,noValueSetHere123156456
44.0,,,HS-grad,,Married-civ-spouse,Sales,Wife,White,Female,0.0,0.0,40.0,United-States
20.0,Private,299047.0,,,,Other-service,Not-in-family,,,0.0,0.0,20.0,United-States
31.0,Private,223212.0,,9.0,Married-civ-spouse,,Husband,White,Male,0.0,0.0,40.0,Mexico
65.0,Self-emp-not-inc,,,7.0,Married-civ-spouse,Exec-managerial,,,Male,9386.0,0.0,59.0,noValueSetHere123156456
,Private,,Some-college,10.0,,Other-service,Not-in-family,White,Female,0.0,0.0,24.0,United-States
55.0,Private,173093.0,Some-college,10.0,Divorced,Adm-clerical,Not-in-family,Asian-Pac-Islander,,,,40.0,United-States
26.0,Private,,Assoc-voc,11.0,Married-civ-spouse,Adm-clerical,Husband,White,Male,0.0,2377.0,,United-States
25.0,Private,332702.0,Assoc-voc,11.0,Never-married,Other-service,Own-child,White,Female,,,15.0,United-States
45.0,noValueSetHere123156456,51164.0,Some-college,10.0,Married-civ-spouse,,Wife,Black,Female,0.0,0.0,40.0,United-States
35.0,Private,234901.0,Some-college,10.0,Married-civ-spouse,,,White,,2407.0,,,United-States
36.0,Private,131414.0,Some-college,10.0,Never-married,,Not-in-family,,Female,0.0,0.0,36.0,United-States
,,260960.0,Bachelors,,Married-civ-spouse,Prof-specialty,Husband,White,,0.0,0.0,50.0,United-States
56.0,Private,,HS-grad,,,Other-service,Unmarried,Black,Female,594.0,,20.0,United-States
42.0,Private,279914.0,,13.0,,Tech-support,Husband,White,Male,0.0,,,United-States
19.0,Private,192453.0,Some-college,10.0,Never-married,Other-service,,White,Female,0.0,0.0,25.0,United-States
,,200939.0,HS-grad,9.0,Married-civ-spouse,Transport-moving,Husband,White,Male,,0.0,72.0,United-States
,,151408.0,Masters,14.0,,,Not-in-family,,,14084.0,0.0,50.0,United-States
26.0,Private,112847.0,Assoc-voc,11.0,Never-married,,Own-child,White,,,,40.0,United-States
,Private,316929.0,12th,8.0,,Handlers-cleaners,Own-child,White,Male,0.0,0.0,20.0,United-States
,,126319.0,,13.0,,Prof-specialty,,White,,0.0,,,United-States
55.0,Private,197422.0,HS-grad,9.0,Married-civ-spouse,Transport-moving,Husband,,,,0.0,,United-States
32.0,Private,,Some-college,,Never-married,Adm-clerical,,Black,Female,0.0,0.0,,United-States
29.0,,267034.0,11th,,,Craft-repair,Own-child,Black,Male,0.0,0.0,40.0,Haiti
,,193047.0,Bachelors,,Married-civ-spouse,Prof-specialty,Husband,White,,0.0,0.0,,United-States
29.0,State-gov,,Bachelors,,Married-civ-spouse,Exec-managerial,Husband,White,,,,,
22.0,Private,223515.0,Bachelors,,,,Unmarried,White,,0.0,0.0,20.0,United-States
58.0,Self-emp-not-inc,87510.0,10th,6.0,Married-civ-spouse,Craft-repair,Husband,White,Male,0.0,0.0,40.0,United-States
,Private,145111.0,HS-grad,,Never-married,Transport-moving,Unmarried,,Male,,,50.0,United-States
,Private,48093.0,,9.0,Never-married,,Not-in-family,White,Male,0.0,0.0,40.0,
27.0,,31757.0,Assoc-voc,11.0,Never-married,Craft-repair,Own-child,,Male,0.0,,,United-States
54.0,Private,285854.0,HS-grad,,Married-civ-spouse,,,,,0.0,0.0,40.0,United-States
33.0,Local-gov,120064.0,Bachelors,13.0,Never-married,Prof-specialty,,White,Female,0.0,0.0,45.0,United-States
46.0,Federal-gov,167381.0,,9.0,Married-civ-spouse,,Wife,White,Female,0.0,0.0,40.0,United-States
37.0,Private,103408.0,HS-grad,9.0,Never-married,Farming-fishing,Not-in-family,,,0.0,0.0,40.0,United-States
36.0,Private,101460.0,HS-grad,9.0,Never-married,Other-service,Not-in-family,,Female,,0.0,18.0,
59.0,Local-gov,,HS-grad,9.0,Married-civ-spouse,Adm-clerical,Wife,White,,0.0,,38.0,United-States
34.0,Local-gov,,HS-grad,,,,Unmarried,White,Male,0.0,0.0,,Portugal
53.0,,128272.0,,16.0,,Exec-managerial,Husband,White,,0.0,0.0,,United-States
,Private,386773.0,Bachelors,13.0,Never-married,Sales,Not-in-family,White,Male,0.0,0.0,55.0,
32.0,Private,283268.0,10th,,Separated,Other-service,Unmarried,White,,0.0,0.0,42.0,United-States
31.0,,301526.0,Some-college,,Married-spouse-absent,Other-service,Other-relative,White,Male,,0.0,40.0,
22.0,Private,151790.0,Some-college,10.0,Married-civ-spouse,Sales,,White,Female,0.0,0.0,,Germany
,Self-emp-not-inc,,Bachelors,13.0,Divorced,Sales,Not-in-family,,,0.0,0.0,50.0,
,,188557.0,HS-grad,9.0,Never-married,,,White,Male,0.0,0.0,40.0,United-States
26.0,,171114.0,Some-college,10.0,Never-married,Farming-fishing,Not-in-family,,Female,0.0,0.0,38.0,
37.0,,,,,Separated,,Not-in-family,,Male,,0.0,,Guatemala
31.0,Private,,HS-grad,9.0,Divorced,Craft-repair,Unmarried,,Male,,0.0,55.0,United-States
37.0,Private,280282.0,Assoc-voc,11.0,,Tech-support,Wife,White,Female,0.0,0.0,24.0,
55.0,Private,116442.0,HS-grad,,Never-married,Sales,Not-in-family,White,Male,0.0,0.0,38.0,United-States
,Local-gov,282579.0,Assoc-voc,,Divorced,Tech-support,,White,,0.0,0.0,56.0,United-States
36.0,Private,51838.0,Some-college,,Divorced,Adm-clerical,Unmarried,White,Female,0.0,0.0,,United-States
34.0,Private,73585.0,Masters,14.0,Married-civ-spouse,Prof-specialty,Husband,,,0.0,,40.0,noValueSetHere123156456
,Private,226902.0,,13.0,Married-civ-spouse,Sales,Husband,White,Male,0.0,0.0,50.0,United-States
54.0,Private,,Some-college,10.0,Never-married,Tech-support,,White,,,0.0,40.0,United-States
43.0,State-gov,146908.0,Some-college,10.0,Married-civ-spouse,Craft-repair,,White,Male,0.0,0.0,,noValueSetHere123156456
,Private,196690.0,Assoc-voc,11.0,Never-married,Machine-op-inspct,Not-in-family,White,,0.0,1669.0,42.0,United-States
40.0,Private,130760.0,Assoc-voc,11.0,Married-civ-spouse,,,White,Male,0.0,0.0,50.0,United-States
,Self-emp-not-inc,49572.0,,10.0,Married-civ-spouse,Exec-managerial,Husband,,Male,0.0,0.0,,United-States
,Private,237601.0,Bachelors,13.0,Never-married,Sales,,,,0.0,0.0,55.0,United-States
42.0,Private,169628.0,Some-college,10.0,Divorced,Adm-clerical,,Black,,0.0,0.0,,United-States
61.0,Self-emp-not-inc,36671.0,HS-grad,,Married-civ-spouse,,Husband,White,Male,0.0,2352.0,50.0,United-States
18.0,Private,231193.0,12th,8.0,Never-married,Machine-op-inspct,Own-child,White,Male,0.0,0.0,30.0,United-States
,noValueSetHere123156456,,HS-grad,9.0,Married-civ-spouse,noValueSetHere123156456,Husband,White,Male,,0.0,16.0,
21.0,,149704.0,HS-grad,,Never-married,noValueSetHere123156456,Not-in-family,White,Female,,0.0,40.0,United-States
48.0,Private,102102.0,,11.0,Married-civ-spouse,Tech-support,Husband,,Male,0.0,0.0,50.0,United-States
,Self-emp-inc,,Bachelors,13.0,,Tech-support,,White,Male,0.0,0.0,40.0,United-States
18.0,,,,10.0,Never-married,noValueSetHere123156456,Own-child,White,Male,0.0,0.0,,
23.0,Private,211046.0,HS-grad,9.0,Never-married,Sales,Not-in-family,White,Female,2463.0,0.0,,
60.0,Private,31577.0,HS-grad,9.0,Married-civ-spouse,Transport-moving,,White,Male,0.0,0.0,60.0,United-States
22.0,Private,,,,Never-married,Other-service,Other-relative,Black,Male,,0.0,20.0,United-States
61.0,,128831.0,HS-grad,9.0,,Machine-op-inspct,Husband,White,Male,0.0,,40.0,United-States
25.0,Private,316688.0,HS-grad,9.0,Never-married,Machine-op-inspct,Not-in-family,Black,Male,,0.0,40.0,
46.0,,90758.0,Masters,14.0,,Tech-support,Not-in-family,,Male,0.0,0.0,35.0,United-States
43.0,Private,274363.0,Bachelors,13.0,Married-civ-spouse,Exec-managerial,Husband,White,Male,0.0,1902.0,40.0,England
,Private,154538.0,Assoc-acdm,12.0,,,Not-in-family,White,,0.0,0.0,,
24.0,,106085.0,HS-grad,9.0,,Other-service,Own-child,Black,Male,,1721.0,,United-States
68.0,Self-emp-not-inc,315859.0,11th,7.0,Never-married,Farming-fishing,,White,Male,0.0,,20.0,United-States
,,,HS-grad,9.0,Divorced,Adm-clerical,Unmarried,White,Female,0.0,,38.0,United-States
17.0,,193830.0,,7.0,Never-married,Sales,,White,Female,0.0,0.0,20.0,United-States
32.0,Private,,HS-grad,9.0,Married-civ-spouse,Craft-repair,Husband,White,Male,5178.0,0.0,,United-States
50.0,noValueSetHere123156456,23780.0,Masters,14.0,Married-spouse-absent,noValueSetHere123156456,,,Male,0.0,0.0,40.0,United-States
33.0,Private,169879.0,,13.0,,Prof-specialty,Husband,White,,3103.0,0.0,,United-States
64.0,Private,270333.0,Bachelors,,,Prof-specialty,Husband,White,,0.0,0.0,,
20.0,Private,,HS-grad,9.0,Never-married,Transport-moving,Own-child,White,Male,0.0,0.0,30.0,United-States
30.0,Private,191571.0,,,Separated,,Own-child,White,Female,0.0,0.0,36.0,United-States
22.0,noValueSetHere123156456,,Some-college,,,noValueSetHere123156456,Own-child,Black,Male,0.0,,40.0,United-States
,Private,94113.0,,,Divorced,Exec-managerial,Not-in-family,White,Male,0.0,0.0,45.0,
22.0,Private,,Some-college,10.0,,Adm-clerical,Own-child,White,Male,,0.0,40.0,United-States
17.0,Private,,,6.0,,,Own-child,White,Male,,0.0,20.0,United-States
47.0,Self-emp-not-inc,,HS-grad,9.0,Married-civ-spouse,,Wife,White,,0.0,0.0,,Italy
,Private,254440.0,,,Never-married,,,White,Female,0.0,0.0,60.0,United-States
56.0,Private,186556.0,Some-college,10.0,Married-civ-spouse,Craft-repair,,White,Male,0.0,0.0,50.0,
64.0,Private,169871.0,,9.0,,Transport-moving,Husband,White,Male,0.0,0.0,45.0,United-States
,Private,191277.0,HS-grad,,Married-civ-spouse,Transport-moving,Husband,,Male,0.0,0.0,50.0,
,Private,167159.0,Assoc-voc,11.0,,,Unmarried,,,0.0,0.0,,United-States
31.0,,171871.0,Masters,14.0,,Prof-specialty,Not-in-family,White,Female,0.0,,46.0,United-States
29.0,Private,154411.0,Assoc-voc,11.0,Never-married,Tech-support,Own-child,White,Male,0.0,,40.0,
,Private,129227.0,HS-grad,9.0,,Adm-clerical,Not-in-family,White,Female,0.0,0.0,40.0,United-States
32.0,Private,110331.0,HS-grad,9.0,,,Husband,White,Male,0.0,1672.0,60.0,United-States
57.0,Private,34269.0,HS-grad,9.0,,,Unmarried,White,Male,0.0,653.0,42.0,United-States
,,174355.0,HS-grad,,Widowed,Other-service,Not-in-family,White,Female,0.0,0.0,40.0,
39.0,Private,680390.0,HS-grad,9.0,Separated,Machine-op-inspct,Unmarried,White,Female,,,24.0,United-States
43.0,Private,233130.0,,10.0,,Adm-clerical,Not-in-family,White,Male,0.0,0.0,25.0,United-States
24.0,,165474.0,,,Never-married,,Own-child,White,,0.0,0.0,40.0,United-States
,noValueSetHere123156456,257780.0,11th,7.0,Married-civ-spouse,noValueSetHere123156456,Husband,,Male,,0.0,,
,Private,194259.0,Some-college,10.0,Married-civ-spouse,Adm-clerical,Wife,White,,4386.0,0.0,40.0,
26.0,Private,280093.0,,10.0,Never-married,,,White,,,,,United-States
73.0,Self-emp-not-inc,177387.0,HS-grad,9.0,,,Husband,,,0.0,0.0,,
72.0,noValueSetHere123156456,28929.0,11th,7.0,Widowed,,Not-in-family,,Female,0.0,,24.0,
,Private,105304.0,HS-grad,9.0,,Machine-op-inspct,Husband,White,Male,,0.0,40.0,United-States
25.0,Private,,HS-grad,9.0,Divorced,Adm-clerical,Not-in-family,,Male,0.0,0.0,40.0,United-States
,Private,180572.0,Bachelors,13.0,,Prof-specialty,Not-in-family,,Female,0.0,0.0,50.0,United-States
24.0,Private,321435.0,,13.0,,Exec-managerial,,,Male,0.0,0.0,50.0,United-States
63.0,Private,,HS-grad,,Widowed,Farming-fishing,Not-in-family,White,Male,,,,United-States
17.0,Private,198124.0,,7.0,Never-married,,Own-child,White,Male,0.0,,,United-States
,Private,135162.0,Some-college,10.0,,Craft-repair,,,Male,,0.0,50.0,United-States
51.0,Private,,Some-college,10.0,,Prof-specialty,Husband,White,,0.0,,40.0,United-States
62.0,Local-gov,,Bachelors,13.0,Widowed,Prof-specialty,Not-in-family,White,Female,0.0,0.0,,United-States
,Private,,HS-grad,9.0,Married-civ-spouse,Craft-repair,Husband,,Male,4386.0,0.0,40.0,United-States
,Private,102895.0,,10.0,Divorced,Prof-specialty,Not-in-family,White,Male,0.0,,,United-States
,,33274.0,HS-grad,9.0,,Other-service,,White,Female,0.0,0.0,50.0,United-States
37.0,Private,86551.0,Bachelors,13.0,Married-civ-spouse,Exec-managerial,Husband,White,,0.0,0.0,45.0,United-States
39.0,,138192.0,Bachelors,13.0,Married-civ-spouse,,Husband,White,Male,0.0,0.0,40.0,United-States
,,118966.0,,9.0,Never-married,,,White,Male,,0.0,18.0,
61.0,,99784.0,,14.0,,Prof-specialty,Not-in-family,White,Female,0.0,0.0,40.0,United-States
26.0,,90980.0,Assoc-voc,,Divorced,Adm-clerical,Not-in-family,White,,,0.0,55.0,
46.0,,177407.0,HS-grad,9.0,Married-civ-spouse,Sales,,White,Male,0.0,0.0,50.0,United-States
26.0,Private,96467.0,Bachelors,13.0,Never-married,,,White,Female,0.0,0.0,40.0,United-States
48.0,State-gov,327886.0,Doctorate,16.0,,Prof-specialty,Own-child,,Male,0.0,0.0,50.0,United-States
34.0,Private,111567.0,HS-grad,9.0,Never-married,Transport-moving,Own-child,White,,0.0,0.0,40.0,
,Local-gov,166545.0,HS-grad,9.0,Never-married,Adm-clerical,Own-child,White,,0.0,,40.0,United-States
,Private,142182.0,HS-grad,9.0,Married-civ-spouse,,,,Male,0.0,0.0,40.0,United-States
34.0,,,Bachelors,13.0,Never-married,,Own-child,White,Female,0.0,,40.0,United-States
49.0,Private,38563.0,,,Never-married,Exec-managerial,Not-in-family,White,,,,56.0,
,Private,216284.0,11th,,Never-married,,,White,,0.0,0.0,20.0,United-States
43.0,Private,,HS-grad,9.0,Married-civ-spouse,Farming-fishing,,White,Male,0.0,0.0,,Mexico
,,,,7.0,,Exec-managerial,,White,Male,0.0,,50.0,United-States
28.0,Self-emp-inc,142712.0,Some-college,10.0,Married-civ-spouse,Exec-managerial,Husband,White,Male,0.0,0.0,70.0,
,Private,80945.0,HS-grad,9.0,,,Husband,White,Male,0.0,0.0,40.0,United-States
,Private,309055.0,Some-college,10.0,Never-married,Sales,Not-in-family,White,Female,0.0,,15.0,United-States
21.0,Private,62339.0,,6.0,Never-married,,,White,Male,0.0,,,United-States
,Private,,11th,7.0,Never-married,,Own-child,White,Male,0.0,0.0,,United-States
39.0,Private,176186.0,Some-college,10.0,Married-civ-spouse,Farming-fishing,,White,Male,0.0,0.0,50.0,United-States
29.0,,266855.0,Bachelors,13.0,,Prof-specialty,Own-child,,Male,,,40.0,United-States
,Private,,Bachelors,13.0,Married-civ-spouse,Exec-managerial,,White,Male,0.0,0.0,40.0,United-States
24.0,,,Some-college,,,,Own-child,White,Male,0.0,0.0,50.0,United-States
,Self-emp-not-inc,143437.0,Masters,14.0,Married-civ-spouse,Sales,Husband,White,Male,10605.0,0.0,40.0,
51.0,Self-emp-not-inc,160724.0,,13.0,Married-civ-spouse,Sales,Husband,,,0.0,2415.0,40.0,China
55.0,Private,282753.0,5th-6th,3.0,Divorced,Other-service,Unmarried,,Male,,0.0,25.0,United-States
41.0,Private,,,13.0,Married-civ-spouse,Exec-managerial,Husband,White,,0.0,0.0,,United-States
23.0,Private,153044.0,HS-grad,,Never-married,Handlers-cleaners,Unmarried,Black,Female,0.0,,7.0,United-States
,Private,411797.0,,,Divorced,Adm-clerical,,White,,0.0,0.0,40.0,United-States
39.0,Private,117683.0,,,,Transport-moving,,,,0.0,0.0,40.0,United-States
19.0,Private,376540.0,HS-grad,9.0,Never-married,Adm-clerical,,White,Female,0.0,0.0,,United-States
49.0,Private,72393.0,9th,5.0,Divorced,Machine-op-inspct,Not-in-family,,Female,0.0,0.0,,United-States
32.0,,270335.0,Bachelors,13.0,,Adm-clerical,Other-relative,,Male,,0.0,,Philippines
27.0,Private,,HS-grad,9.0,,Craft-repair,Husband,,,,,70.0,United-States
38.0,Private,95336.0,Bachelors,13.0,,Sales,Husband,,Male,0.0,0.0,,United-States
33.0,Private,258498.0,,10.0,,Craft-repair,Wife,,Female,0.0,,60.0,United-States
,noValueSetHere123156456,149698.0,,10.0,,noValueSetHere123156456,Husband,,Male,0.0,0.0,15.0,United-States
,,205865.0,Bachelors,13.0,Never-married,Exec-managerial,,,Male,0.0,0.0,28.0,United-States
33.0,Self-emp-inc,155781.0,Some-college,,Married-civ-spouse,Craft-repair,,White,Male,0.0,0.0,60.0,noValueSetHere123156456
54.0,,406468.0,HS-grad,9.0,Married-civ-spouse,Sales,Husband,Black,,,0.0,40.0,United-States
,Private,,Assoc-voc,11.0,Divorced,Tech-support,,,Female,2174.0,0.0,45.0,United-States
,noValueSetHere123156456,144397.0,Some-college,,Divorced,,Unmarried,Black,Female,,0.0,30.0,
35.0,Self-emp-not-inc,,Bachelors,13.0,Never-married,Exec-managerial,,White,,0.0,,40.0,
28.0,Private,164170.0,,11.0,,Adm-clerical,Wife,Asian-Pac-Islander,Female,,0.0,40.0,India
37.0,,183800.0,Bachelors,13.0,,Prof-specialty,Husband,White,Male,7688.0,0.0,,United-States
42.0,Self-emp-not-inc,177307.0,Prof-school,15.0,Married-civ-spouse,Farming-fishing,Husband,White,Male,0.0,0.0,65.0,United-States
40.0,Private,170108.0,Masters,14.0,Married-civ-spouse,Prof-specialty,Husband,White,Male,0.0,0.0,40.0,United-States
47.0,Private,341995.0,,,Divorced,Sales,Own-child,White,Male,0.0,0.0,55.0,
22.0,Private,226508.0,Bachelors,13.0,,Exec-managerial,Own-child,White,Female,0.0,,50.0,United-States
,Private,87418.0,,13.0,Married-civ-spouse,Exec-managerial,Husband,White,Male,0.0,0.0,45.0,
28.0,Private,109165.0,HS-grad,9.0,,,Husband,,Male,0.0,,40.0,United-States
63.0,Local-gov,28856.0,7th-8th,4.0,Married-civ-spouse,Other-service,Husband,,,0.0,0.0,55.0,United-States
51.0,,175897.0,,5.0,Married-civ-spouse,Craft-repair,Husband,,Male,0.0,0.0,20.0,
22.0,Private,,HS-grad,9.0,Never-married,Handlers-cleaners,Own-child,,Female,0.0,0.0,40.0,United-States
27.0,noValueSetHere123156456,90270.0,Assoc-acdm,,Married-civ-spouse,noValueSetHere123156456,,,,0.0,0.0,40.0,
35.0,Private,152375.0,HS-grad,9.0,Never-married,,Not-in-family,White,Male,,,45.0,United-States
46.0,Private,171550.0,HS-grad,9.0,Divorced,Machine-op-inspct,Not-in-family,White,Female,0.0,0.0,38.0,United-States
37.0,,211154.0,Some-college,,Divorced,,Not-in-family,White,,0.0,0.0,52.0,United-States
24.0,Private,202570.0,Bachelors,13.0,Never-married,Prof-specialty,Own-child,Black,,,,15.0,United-States
,,,,9.0,Divorced,Handlers-cleaners,Own-child,White,Male,,0.0,10.0,
53.0,Private,68898.0,Some-college,,Married-civ-spouse,Tech-support,,White,,0.0,0.0,,United-States
27.0,Private,93235.0,HS-grad,,Never-married,Sales,Not-in-family,White,,0.0,0.0,30.0,United-States
38.0,Private,278924.0,Some-college,10.0,Divorced,Craft-repair,,White,Male,0.0,,44.0,United-States
,Self-emp-not-inc,,,6.0,,Farming-fishing,Husband,White,Male,0.0,0.0,60.0,United-States
34.0,Private,175878.0,Some-college,,Never-married,Craft-repair,Not-in-family,,Male,0.0,0.0,40.0,United-States
23.0,,543028.0,HS-grad,9.0,,,Own-child,Black,Male,,0.0,40.0,United-States
39.0,Private,202027.0,,,Married-civ-spouse,,Husband,,Male,,0.0,,United-States
43.0,Private,158926.0,Masters,,Married-civ-spouse,Prof-specialty,Wife,Asian-Pac-Islander,Female,0.0,0.0,,South
,Self-emp-inc,76860.0,,9.0,Married-civ-spouse,Exec-managerial,Husband,,Male,0.0,0.0,40.0,
81.0,Self-emp-not-inc,,HS-grad,,Married-civ-spouse,,Husband,White,Male,0.0,0.0,,United-States
,Private,186648.0,Some-college,10.0,Never-married,,,White,Male,0.0,,20.0,United-States
23.0,,257509.0,Some-college,10.0,Never-married,Sales,Not-in-family,White,Male,0.0,0.0,,United-States
25.0,Private,98155.0,Some-college,10.0,,Transport-moving,Unmarried,,,0.0,0.0,40.0,United-States
42.0,,274198.0,5th-6th,3.0,Married-civ-spouse,,Wife,White,Female,0.0,0.0,,Mexico
38.0,,97083.0,Some-college,,Married-civ-spouse,Adm-clerical,Wife,,Female,,,40.0,United-States
64.0,noValueSetHere123156456,,HS-grad,9.0,Married-civ-spouse,,Husband,White,Male,,0.0,5.0,United-States
32.0,Private,,HS-grad,9.0,,Machine-op-inspct,Husband,White,Male,,0.0,40.0,United-States
37.0,,214738.0,HS-grad,9.0,,Machine-op-inspct,Husband,,Male,0.0,0.0,,United-States
51.0,,138022.0,Masters,14.0,Married-civ-spouse,Exec-managerial,Husband,White,Male,,0.0,,United-States
22.0,,91842.0,,10.0,,Sales,Not-in-family,White,,0.0,,42.0,United-States
,,373662.0,1st-4th,2.0,Married-spouse-absent,Priv-house-serv,Not-in-family,White,Female,0.0,0.0,40.0,
,Private,162003.0,HS-grad,9.0,Divorced,Machine-op-inspct,Not-in-family,White,Male,,,,United-States
19.0,noValueSetHere123156456,52114.0,Some-college,,Never-married,,,,Female,,0.0,10.0,United-States
,Local-gov,,Preschool,1.0,Married-civ-spouse,Other-service,Husband,,Male,0.0,0.0,40.0,
23.0,Private,375871.0,HS-grad,,Married-civ-spouse,Adm-clerical,Wife,,Female,,0.0,,
37.0,Private,186934.0,11th,7.0,Married-civ-spouse,Machine-op-inspct,Husband,White,Male,3103.0,,,United-States
37.0,Private,176900.0,HS-grad,9.0,Married-civ-spouse,Craft-repair,Husband,,Male,,0.0,,
47.0,,21906.0,Masters,14.0,Never-married,Prof-specialty,Not-in-family,,,0.0,0.0,25.0,United-States
41.0,Private,132222.0,,,Married-civ-spouse,Prof-specialty,,White,Male,0.0,2415.0,,United-States
33.0,Private,143653.0,,9.0,Married-civ-spouse,Craft-repair,Husband,,Male,0.0,0.0,30.0,
31.0,Private,111567.0,Bachelors,13.0,Never-married,,Not-in-family,White,,,,40.0,United-States
31.0,Private,78602.0,Assoc-acdm,,Divorced,Other-service,,Amer-Indian-Eskimo,Female,0.0,0.0,40.0,United-States
35.0,Private,465507.0,HS-grad,,Married-civ-spouse,Machine-op-inspct,Husband,,Male,0.0,0.0,40.0,
38.0,Self-emp-inc,196373.0,HS-grad,9.0,Married-civ-spouse,Exec-managerial,Husband,White,,0.0,0.0,40.0,United-States
18.0,Private,293227.0,HS-grad,9.0,Never-married,Other-service,,White,Female,,0.0,45.0,
20.0,Private,241752.0,HS-grad,,Married-civ-spouse,Machine-op-inspct,,White,Male,,0.0,40.0,United-States
54.0,Local-gov,166398.0,Some-college,10.0,Divorced,Exec-managerial,Unmarried,Black,,,0.0,35.0,United-States
,Private,184682.0,Some-college,10.0,,,Unmarried,White,,0.0,0.0,40.0,United-States
36.0,Self-emp-inc,108293.0,Bachelors,13.0,Married-civ-spouse,Exec-managerial,Wife,White,Female,0.0,,45.0,United-States
43.0,,250802.0,,10.0,,Craft-repair,Unmarried,,Male,0.0,0.0,35.0,
44.0,Self-emp-not-inc,325159.0,Some-college,10.0,Divorced,,Unmarried,White,,0.0,0.0,40.0,United-States
44.0,State-gov,174675.0,HS-grad,9.0,Married-civ-spouse,Prof-specialty,Wife,,Female,,0.0,40.0,
43.0,,227065.0,Masters,14.0,Married-civ-spouse,Exec-managerial,,,Male,0.0,0.0,43.0,United-States
51.0,Private,269080.0,7th-8th,,Widowed,,Unmarried,Black,Female,0.0,,40.0,United-States
18.0,Private,177722.0,,9.0,Never-married,Other-service,Own-child,White,Female,,0.0,20.0,United-States
,Private,,Some-college,10.0,Married-civ-spouse,Exec-managerial,Husband,,Male,0.0,0.0,,United-States
41.0,Private,239683.0,10th,6.0,Married-civ-spouse,Craft-repair,Husband,White,Male,0.0,0.0,30.0,noValueSetHere123156456
44.0,Self-emp-inc,398473.0,Some-college,,Married-civ-spouse,Sales,Husband,White,Male,,0.0,70.0,United-States
33.0,Local-gov,298785.0,,6.0,Divorced,Transport-moving,Not-in-family,White,,0.0,0.0,40.0,United-States
33.0,,123424.0,Bachelors,13.0,Married-civ-spouse,Exec-managerial,Husband,,Male,0.0,0.0,40.0,United-States
42.0,Private,176286.0,,12.0,,Exec-managerial,Husband,White,Male,0.0,,40.0,United-States
25.0,Private,150062.0,,,Married-civ-spouse,Prof-specialty,Husband,White,Male,,0.0,,United-States
,Private,,,9.0,Divorced,Machine-op-inspct,Not-in-family,White,Female,0.0,0.0,,United-States
32.0,Private,288273.0,,13.0,,Craft-repair,Husband,White,,0.0,0.0,70.0,Mexico
,,,10th,6.0,Divorced,Exec-managerial,Unmarried,White,,,0.0,40.0,United-States
28.0,Private,57066.0,HS-grad,9.0,,Transport-moving,Husband,White,,,0.0,40.0,United-States
20.0,Private,323573.0,HS-grad,,Never-married,Other-service,,White,Female,0.0,,20.0,United-States
35.0,,368825.0,Some-college,10.0,Married-civ-spouse,Sales,Husband,White,Male,0.0,0.0,60.0,
55.0,Self-emp-not-inc,189721.0,HS-grad,9.0,Married-civ-spouse,Craft-repair,Husband,White,,0.0,,20.0,United-States
48.0,Private,164966.0,Bachelors,13.0,Married-civ-spouse,Exec-managerial,Husband,Asian-Pac-Islander,Male,0.0,0.0,40.0,India
36.0,noValueSetHere123156456,94954.0,Assoc-voc,11.0,Widowed,noValueSetHere123156456,,White,,0.0,0.0,20.0,United-States
,Private,202046.0,HS-grad,9.0,Married-civ-spouse,Craft-repair,Husband,White,Male,,,,
28.0,Private,161538.0,Bachelors,,,Tech-support,Not-in-family,White,Female,0.0,0.0,35.0,United-States
,Private,105252.0,,13.0,Widowed,Exec-managerial,,White,Male,,2392.0,,United-States
37.0,Private,200153.0,HS-grad,9.0,,Craft-repair,,White,,0.0,,40.0,United-States
44.0,Private,32185.0,,9.0,,Transport-moving,,White,Male,0.0,0.0,,United-States
,Private,178326.0,Some-college,10.0,Never-married,Sales,Not-in-family,White,Female,0.0,,,United-States
21.0,,,Some-college,10.0,Never-married,Exec-managerial,Not-in-family,White,Female,4101.0,0.0,,
40.0,,188693.0,Masters,14.0,,Prof-specialty,Husband,White,Male,0.0,0.0,35.0,
78.0,,,HS-grad,9.0,Widowed,Other-service,Not-in-family,Black,,2964.0,0.0,40.0,United-States
34.0,Private,159929.0,HS-grad,9.0,Divorced,,,White,,,0.0,40.0,United-States
,Private,123207.0,HS-grad,9.0,Never-married,,,White,Female,0.0,0.0,44.0,United-States
22.0,,284317.0,Assoc-acdm,,Never-married,Adm-clerical,,White,Female,0.0,0.0,40.0,
23.0,,184699.0,HS-grad,9.0,Never-married,noValueSetHere123156456,Unmarried,Black,Female,,0.0,40.0,United-States
60.0,,154474.0,,9.0,Never-married,,Unmarried,White,Male,0.0,0.0,,United-States
45.0,Local-gov,318280.0,HS-grad,9.0,,Protective-serv,Not-in-family,White,Male,0.0,0.0,40.0,United-States
63.0,Private,254907.0,,11.0,Divorced,Other-service,Not-in-family,White,Female,0.0,0.0,20.0,United-States
41.0,Private,349221.0,HS-grad,9.0,Never-married,Craft-repair,Own-child,Black,,,0.0,,United-States
47.0,Private,335973.0,HS-grad,9.0,Divorced,Adm-clerical,Unmarried,White,,0.0,0.0,40.0,
,Private,126701.0,HS-grad,9.0,Divorced,Craft-repair,Unmarried,White,Male,0.0,0.0,40.0,United-States
51.0,Private,,Some-college,10.0,,,,White,Female,3325.0,0.0,40.0,United-States
46.0,Private,187370.0,,,Never-married,Sales,Not-in-family,White,,0.0,1504.0,40.0,United-States
,,194636.0,Assoc-voc,11.0,Married-civ-spouse,Machine-op-inspct,Husband,,Male,0.0,0.0,40.0,United-States
50.0,,124793.0,,,Married-civ-spouse,Craft-repair,Husband,White,Male,0.0,0.0,,United-States
47.0,Private,,HS-grad,9.0,Married-civ-spouse,Adm-clerical,Husband,White,Male,0.0,0.0,50.0,United-States
35.0,,290226.0,,9.0,,Exec-managerial,Not-in-family,,Male,0.0,0.0,45.0,United-States
56.0,Private,112840.0,HS-grad,9.0,Married-civ-spouse,Exec-managerial,Husband,,,,0.0,55.0,United-States
45.0,Private,,Masters,14.0,Divorced,,Not-in-family,White,,0.0,0.0,45.0,United-States
,Federal-gov,33109.0,Bachelors,13.0,Divorced,Exec-managerial,Unmarried,White,Male,0.0,,58.0,United-States
,Private,82465.0,,10.0,,,Husband,White,Male,2580.0,0.0,,United-States
39.0,Self-emp-inc,329980.0,,13.0,Married-civ-spouse,Exec-managerial,Husband,White,Male,,0.0,50.0,
20.0,Private,,Some-college,10.0,,Other-service,Own-child,White,Male,,,40.0,United-States
,Private,168212.0,,16.0,Married-civ-spouse,,,White,Male,0.0,1902.0,65.0,United-States
38.0,State-gov,343642.0,HS-grad,9.0,,Prof-specialty,Wife,White,,0.0,0.0,40.0,United-States
23.0,Local-gov,115244.0,,13.0,,Prof-specialty,,White,Female,0.0,0.0,60.0,United-States
31.0,Private,162572.0,,9.0,Never-married,Other-service,Own-child,White,,0.0,0.0,,
58.0,Private,356067.0,Bachelors,13.0,Married-civ-spouse,,Husband,White,Male,,0.0,40.0,United-States
66.0,Private,,HS-grad,9.0,,Machine-op-inspct,,Black,Male,,0.0,40.0,
39.0,,180804.0,HS-grad,9.0,Married-civ-spouse,Exec-managerial,Husband,White,,0.0,0.0,,
,Self-emp-not-inc,123011.0,HS-grad,9.0,Married-civ-spouse,,Husband,White,Male,15024.0,,,United-States
26.0,Private,109186.0,Some-college,10.0,Married-civ-spouse,Sales,Husband,White,Male,,0.0,50.0,Germany
51.0,,,,9.0,Divorced,Machine-op-inspct,Not-in-family,,Female,0.0,0.0,40.0,
34.0,Private,124827.0,Assoc-voc,,Never-married,Transport-moving,Own-child,White,Male,,,40.0,
50.0,Private,767403.0,,9.0,,Machine-op-inspct,Husband,White,Male,,0.0,40.0,United-States
,Private,118494.0,Some-college,10.0,,,Husband,White,Male,0.0,0.0,44.0,
38.0,Private,173208.0,,14.0,Married-civ-spouse,Prof-specialty,,,,0.0,0.0,25.0,United-States
48.0,Private,107373.0,7th-8th,4.0,Married-civ-spouse,Handlers-cleaners,Husband,White,Male,0.0,0.0,40.0,United-States
33.0,Private,26973.0,,11.0,,Tech-support,Wife,,Female,0.0,0.0,40.0,United-States
,Private,,,9.0,Widowed,Other-service,Unmarried,White,Female,,,32.0,United-States
22.0,Private,,HS-grad,9.0,Divorced,Craft-repair,Not-in-family,White,Male,0.0,0.0,40.0,United-States
19.0,,117201.0,HS-grad,9.0,Never-married,noValueSetHere123156456,Own-child,White,Male,0.0,0.0,30.0,
41.0,Private,,Some-college,10.0,Never-married,,Not-in-family,,,0.0,0.0,50.0,Japan
48.0,Local-gov,,,14.0,Married-civ-spouse,Prof-specialty,Husband,White,Male,0.0,0.0,35.0,United-States
42.0,Private,,,9.0,Separated,,Not-in-family,,,,,30.0,United-States
34.0,,33117.0,Some-college,10.0,,Other-service,Husband,White,Male,0.0,0.0,40.0,United-States
23.0,Private,129042.0,,9.0,Never-married,,Unmarried,Black,,0.0,0.0,40.0,United-States
56.0,Private,169133.0,HS-grad,,Married-civ-spouse,,,White,Male,0.0,0.0,50.0,
30.0,Private,201624.0,Bachelors,,Never-married,Prof-specialty,,Black,,,,45.0,noValueSetHere123156456
,,,HS-grad,9.0,Married-civ-spouse,,,,,0.0,0.0,55.0,United-States
,,,10th,6.0,Married-civ-spouse,Adm-clerical,Wife,,Female,0.0,0.0,40.0,United-States
48.0,Self-emp-inc,138370.0,,,,Sales,,,Male,0.0,0.0,50.0,India
31.0,Private,93106.0,Assoc-voc,11.0,Never-married,Adm-clerical,Not-in-family,White,Female,,0.0,40.0,United-States
,State-gov,223515.0,Assoc-acdm,12.0,Never-married,Other-service,Own-child,White,Male,0.0,1719.0,20.0,United-States
27.0,Private,389713.0,Some-college,10.0,Never-married,Sales,,,,0.0,,40.0,United-States
32.0,,206365.0,HS-grad,9.0,Never-married,Other-service,Not-in-family,Black,Female,0.0,,,United-States
76.0,noValueSetHere123156456,,7th-8th,,Widowed,noValueSetHere123156456,,White,,0.0,0.0,2.0,United-States
19.0,,241616.0,,9.0,Never-married,noValueSetHere123156456,Unmarried,White,Male,0.0,,,
,,150726.0,9th,5.0,Married-civ-spouse,Exec-managerial,Husband,White,Male,,,1.0,noValueSetHere123156456
37.0,,,HS-grad,,Never-married,,Not-in-family,White,Male,0.0,0.0,75.0,United-States
34.0,Private,289984.0,HS-grad,9.0,Divorced,Priv-house-serv,Unmarried,,Female,,0.0,30.0,United-States
34.0,noValueSetHere123156456,,11th,7.0,Married-civ-spouse,,Wife,White,Female,0.0,0.0,8.0,
90.0,,137018.0,HS-grad,,Never-married,Other-service,Not-in-family,White,Female,0.0,0.0,,United-States
23.0,Private,137994.0,Some-college,10.0,,Machine-op-inspct,Own-child,Black,Female,0.0,0.0,40.0,United-States
43.0,Private,341204.0,Some-college,10.0,Divorced,Adm-clerical,,,,0.0,,40.0,United-States
,Private,167005.0,Bachelors,13.0,,Exec-managerial,Husband,,,7688.0,,60.0,United-States
,Private,,,10.0,Never-married,Tech-support,Not-in-family,White,Female,0.0,0.0,37.0,United-States
28.0,Private,187160.0,Prof-school,,Divorced,,Unmarried,White,Male,,0.0,,United-States
64.0,,196288.0,,,Never-married,noValueSetHere123156456,Not-in-family,White,Female,0.0,0.0,20.0,
23.0,Private,217961.0,Some-college,,Married-civ-spouse,,Husband,White,,0.0,0.0,,United-States
20.0,Private,74631.0,,,Never-married,,,White,Female,,0.0,,
36.0,Private,156667.0,Bachelors,13.0,Married-civ-spouse,Prof-specialty,Husband,White,Male,0.0,1902.0,50.0,United-States
61.0,Private,125155.0,,9.0,Married-civ-spouse,Machine-op-inspct,,,Male,,0.0,40.0,United-States
53.0,Self-emp-not-inc,263925.0,Bachelors,13.0,Married-civ-spouse,Sales,Husband,,Male,,0.0,,Canada
30.0,Private,,Bachelors,13.0,Married-civ-spouse,Adm-clerical,Husband,White,Male,,0.0,40.0,
52.0,,44728.0,Some-college,,Married-civ-spouse,Sales,Husband,White,Male,0.0,0.0,55.0,United-States
38.0,Private,193026.0,Some-college,,,Craft-repair,,White,Male,0.0,,,Iran
32.0,,87643.0,Bachelors,,,Sales,Husband,White,Male,0.0,,40.0,
30.0,Self-emp-not-inc,106742.0,,8.0,Married-civ-spouse,,Husband,White,Male,0.0,0.0,,United-States
41.0,Private,302122.0,Assoc-voc,11.0,Divorced,Craft-repair,,White,,0.0,0.0,40.0,United-States
49.0,Local-gov,193960.0,Masters,14.0,Married-civ-spouse,Prof-specialty,Husband,,Male,0.0,1902.0,40.0,United-States
45.0,Private,,HS-grad,,Married-civ-spouse,,Husband,White,,0.0,0.0,,United-States
,,277647.0,,,,,Husband,White,,0.0,0.0,35.0,United-States
61.0,Private,128848.0,HS-grad,,,Machine-op-inspct,,White,Male,3471.0,,,
54.0,,377701.0,HS-grad,9.0,Married-civ-spouse,,Husband,White,Male,0.0,0.0,32.0,
34.0,Private,157886.0,Assoc-acdm,12.0,Separated,Other-service,Unmarried,White,Female,0.0,0.0,40.0,United-States
,Private,175958.0,,,Married-civ-spouse,Sales,Husband,White,,0.0,,80.0,United-States
38.0,Private,223004.0,Some-college,10.0,Never-married,Other-service,Own-child,,Male,0.0,0.0,,United-States
35.0,Private,,,15.0,Married-civ-spouse,Prof-specialty,,White,Male,,1977.0,,United-States
36.0,,29984.0,12th,8.0,Married-civ-spouse,,Husband,,Male,0.0,0.0,40.0,
,Private,181651.0,,13.0,Married-civ-spouse,Exec-managerial,Husband,,Male,0.0,,50.0,
36.0,Private,117312.0,Assoc-acdm,12.0,Divorced,Tech-support,Not-in-family,White,,0.0,0.0,,
22.0,Local-gov,34029.0,Bachelors,13.0,,Prof-specialty,Own-child,White,,0.0,,20.0,
38.0,Private,132879.0,,9.0,Married-civ-spouse,Craft-repair,Husband,White,,,1902.0,40.0,United-States
37.0,Private,,HS-grad,9.0,Married-civ-spouse,,Husband,White,Male,,0.0,50.0,United-States
48.0,State-gov,55863.0,Doctorate,16.0,Married-civ-spouse,Prof-specialty,,White,Female,,,46.0,United-States
17.0,Private,220384.0,11th,7.0,Never-married,Adm-clerical,Own-child,White,Male,0.0,0.0,15.0,United-States
19.0,Self-emp-not-inc,36012.0,Some-college,10.0,,,Own-child,White,Male,0.0,,,
27.0,,137645.0,Bachelors,13.0,,,,Black,Female,,1590.0,,United-States
22.0,Private,191342.0,Bachelors,13.0,,Sales,Own-child,Asian-Pac-Islander,Male,0.0,0.0,50.0,
,Private,31339.0,,9.0,Married-civ-spouse,Craft-repair,Husband,White,,,0.0,40.0,
43.0,State-gov,227910.0,Assoc-voc,11.0,Married-civ-spouse,,,White,Female,0.0,0.0,40.0,United-States
43.0,Private,,Bachelors,13.0,Separated,,,White,Female,0.0,0.0,40.0,United-States
19.0,,,,,Divorced,Exec-managerial,,White,Female,0.0,,35.0,
58.0,Self-emp-not-inc,,HS-grad,,Married-civ-spouse,Farming-fishing,,White,Male,,0.0,60.0,
,Local-gov,195258.0,Some-college,10.0,Married-civ-spouse,Protective-serv,,White,Male,,0.0,40.0,United-States
31.0,Private,232475.0,,10.0,Married-civ-spouse,Adm-clerical,Husband,White,Male,0.0,0.0,,United-States
30.0,Private,241259.0,Assoc-voc,11.0,Married-civ-spouse,Transport-moving,,White,Male,,0.0,40.0,United-States
32.0,,,HS-grad,9.0,Married-civ-spouse,Protective-serv,Husband,White,Male,0.0,0.0,40.0,
29.0,Private,201954.0,Bachelors,13.0,Never-married,Exec-managerial,Not-in-family,White,Male,0.0,,35.0,United-States
42.0,Private,,,10.0,,,Husband,,Male,7298.0,0.0,,
38.0,Private,412296.0,HS-grad,9.0,Divorced,Craft-repair,Own-child,White,Male,,0.0,28.0,United-States
41.0,Federal-gov,133060.0,Assoc-acdm,12.0,Married-civ-spouse,Prof-specialty,Husband,,Male,,0.0,40.0,United-States
44.0,Self-emp-not-inc,120539.0,Bachelors,,Never-married,Sales,Not-in-family,White,,,0.0,,
31.0,Private,196025.0,,16.0,Married-spouse-absent,Prof-specialty,Not-in-family,Asian-Pac-Islander,,0.0,,,China
,Private,,HS-grad,9.0,Divorced,,Not-in-family,White,,0.0,,,United-States
21.0,Private,163870.0,Some-college,,Never-married,Adm-clerical,,White,,0.0,0.0,,
,Self-emp-not-inc,361280.0,Bachelors,13.0,Never-married,Prof-specialty,Own-child,Asian-Pac-Islander,,0.0,0.0,,India
62.0,Private,92178.0,,6.0,Married-civ-spouse,Machine-op-inspct,,White,Male,,0.0,,United-States
19.0,noValueSetHere123156456,80710.0,,9.0,Never-married,noValueSetHere123156456,Own-child,White,Female,,0.0,,
29.0,Self-emp-inc,260729.0,HS-grad,9.0,Married-civ-spouse,Sales,Wife,,Female,0.0,1977.0,25.0,United-States
43.0,Private,182254.0,Some-college,10.0,Divorced,Prof-specialty,Unmarried,,Female,0.0,0.0,40.0,United-States
68.0,,,7th-8th,4.0,Married-civ-spouse,noValueSetHere123156456,Husband,,,,0.0,,United-States
45.0,Self-emp-inc,149865.0,Bachelors,13.0,Married-civ-spouse,Machine-op-inspct,Husband,,Male,0.0,0.0,60.0,
39.0,Self-emp-inc,218184.0,9th,5.0,Married-civ-spouse,,Husband,White,Male,,1651.0,40.0,Mexico
41.0,Private,,Bachelors,13.0,Married-civ-spouse,Exec-managerial,,Black,Male,0.0,0.0,50.0,United-States
,Self-emp-not-inc,,,12.0,Married-civ-spouse,Prof-specialty,Wife,White,,0.0,0.0,25.0,United-States
34.0,,167999.0,HS-grad,,Divorced,,Unmarried,White,Female,0.0,0.0,,United-States
,,51259.0,Bachelors,,,Prof-specialty,,White,,0.0,0.0,47.0,United-States
29.0,Private,131088.0,HS-grad,,,Handlers-cleaners,,White,Male,0.0,0.0,,United-States
41.0,Private,118212.0,Bachelors,13.0,Married-civ-spouse,Craft-repair,Husband,White,Male,3103.0,0.0,40.0,United-States
41.0,Private,293791.0,Assoc-voc,11.0,,Transport-moving,Husband,White,Male,0.0,0.0,55.0,United-States
35.0,Self-emp-inc,289430.0,Masters,,Married-civ-spouse,,Husband,White,Male,0.0,,,Mexico
,,35378.0,,13.0,Married-civ-spouse,,Wife,,Female,0.0,0.0,45.0,
37.0,State-gov,60227.0,,,Never-married,Adm-clerical,Not-in-family,White,Male,0.0,0.0,38.0,United-States
69.0,Private,168139.0,,9.0,Married-civ-spouse,Sales,Wife,,,0.0,0.0,40.0,
34.0,,290763.0,HS-grad,,Divorced,Handlers-cleaners,Own-child,White,,,,40.0,United-States
60.0,,,Assoc-voc,11.0,Married-civ-spouse,Machine-op-inspct,Husband,White,Male,0.0,2415.0,70.0,noValueSetHere123156456
36.0,Private,51100.0,,10.0,,Craft-repair,Husband,White,Male,0.0,,40.0,United-States
41.0,Private,227644.0,HS-grad,9.0,,Transport-moving,Husband,White,Male,0.0,,50.0,United-States
58.0,Local-gov,205267.0,Bachelors,13.0,Married-civ-spouse,Prof-specialty,Wife,White,Female,0.0,0.0,40.0,United-States
53.0,Private,288020.0,Bachelors,13.0,Married-civ-spouse,Prof-specialty,,Asian-Pac-Islander,Male,,0.0,,Japan
29.0,Private,140863.0,Some-college,,,Tech-support,Husband,White,Male,0.0,,40.0,United-States
45.0,Federal-gov,170915.0,HS-grad,9.0,Divorced,Tech-support,Not-in-family,,,4865.0,0.0,40.0,United-States
34.0,,50178.0,Some-college,10.0,Married-civ-spouse,Exec-managerial,,White,Male,,0.0,,
36.0,Private,112497.0,Bachelors,13.0,Married-civ-spouse,Tech-support,Husband,White,Male,0.0,0.0,40.0,United-States
48.0,,95244.0,Some-college,10.0,Divorced,Other-service,Unmarried,,Female,0.0,0.0,,
,,,,11.0,,Adm-clerical,Own-child,White,,0.0,,40.0,United-States
,,89508.0,HS-grad,9.0,,Transport-moving,Husband,,Male,0.0,0.0,50.0,United-States
63.0,Federal-gov,124244.0,HS-grad,9.0,,Handlers-cleaners,Not-in-family,Black,,,0.0,40.0,United-States
,Self-emp-not-inc,,,10.0,,Other-service,Unmarried,,Male,0.0,0.0,45.0,
,Private,294936.0,Bachelors,,Married-civ-spouse,,,White,,,0.0,45.0,United-States
,Private,347132.0,Some-college,,Never-married,Machine-op-inspct,Not-in-family,Black,Female,0.0,0.0,40.0,
34.0,noValueSetHere123156456,181934.0,HS-grad,,Divorced,noValueSetHere123156456,Not-in-family,White,,,0.0,40.0,United-States
,Private,316672.0,,9.0,Never-married,,Unmarried,White,Female,0.0,0.0,40.0,Mexico
37.0,Private,,Assoc-voc,11.0,,,Own-child,,Female,0.0,0.0,38.0,
42.0,noValueSetHere123156456,184018.0,Some-college,,Divorced,noValueSetHere123156456,,White,Male,,,40.0,United-States
31.0,Private,184307.0,Some-college,10.0,Married-civ-spouse,Exec-managerial,Husband,White,,0.0,,50.0,Jamaica
46.0,Self-emp-not-inc,246212.0,Masters,14.0,Married-civ-spouse,Exec-managerial,Husband,,Male,0.0,,45.0,United-States
35.0,Federal-gov,,,9.0,Married-civ-spouse,Adm-clerical,Husband,Black,Male,0.0,0.0,,United-States
27.0,Private,,HS-grad,9.0,,Craft-repair,,White,Male,0.0,0.0,53.0,
,,,,,Married-civ-spouse,Craft-repair,Husband,White,Male,0.0,0.0,,Mexico
19.0,,194608.0,,10.0,Never-married,Other-service,Own-child,,,0.0,0.0,20.0,
20.0,Private,,Some-college,,Never-married,,Not-in-family,,Male,0.0,0.0,,United-States
59.0,Federal-gov,212448.0,HS-grad,9.0,,,,White,Female,0.0,,40.0,Germany
,Private,214010.0,Bachelors,13.0,Never-married,Other-service,Not-in-family,White,Male,,,37.0,United-States
56.0,Self-emp-not-inc,200235.0,,10.0,Married-civ-spouse,Sales,Husband,,Male,0.0,0.0,60.0,United-States
33.0,Private,354573.0,Masters,14.0,Married-civ-spouse,Prof-specialty,Husband,White,,15024.0,0.0,44.0,United-States
30.0,Self-emp-inc,205733.0,,,,Exec-managerial,Not-in-family,White,Female,0.0,0.0,60.0,United-States
46.0,Private,185041.0,,,Married-civ-spouse,,Husband,White,Male,0.0,0.0,,United-States
61.0,,,HS-grad,,,Exec-managerial,Husband,,Male,0.0,0.0,35.0,
50.0,Self-emp-inc,293196.0,HS-grad,,Married-civ-spouse,Exec-managerial,,,,7298.0,0.0,40.0,
,Private,,HS-grad,9.0,Never-married,,Own-child,White,,,0.0,,United-States
40.0,,520586.0,Some-college,10.0,Divorced,Adm-clerical,Unmarried,White,Female,0.0,0.0,,United-States
24.0,noValueSetHere123156456,35633.0,Some-college,10.0,Never-married,noValueSetHere123156456,Not-in-family,,Male,0.0,0.0,40.0,noValueSetHere123156456
51.0,Private,302847.0,HS-grad,,Married-civ-spouse,Craft-repair,Husband,,Male,,0.0,54.0,United-States
43.0,State-gov,,HS-grad,9.0,Married-civ-spouse,Protective-serv,Husband,White,,0.0,0.0,40.0,United-States
34.0,Private,,Some-college,,Married-civ-spouse,Farming-fishing,Husband,White,Male,0.0,,54.0,
,Private,,,,Married-civ-spouse,Exec-managerial,Husband,White,Male,,0.0,45.0,United-States
28.0,State-gov,445824.0,Masters,14.0,Married-civ-spouse,,,,Female,0.0,0.0,,United-States
26.0,Private,227332.0,,13.0,Never-married,Transport-moving,Unmarried,Asian-Pac-Islander,Male,,0.0,,
,,275691.0,,9.0,,Handlers-cleaners,Own-child,White,Male,0.0,0.0,28.0,United-States
,Private,,,11.0,,Craft-repair,,White,Male,3411.0,0.0,40.0,United-States
51.0,Private,284329.0,,,Widowed,Transport-moving,Unmarried,White,Male,,0.0,,United-States
33.0,Private,114691.0,Bachelors,13.0,Married-civ-spouse,Sales,Husband,White,,0.0,,60.0,United-States
54.0,Private,96062.0,Assoc-acdm,,Married-civ-spouse,Tech-support,,,Male,0.0,0.0,40.0,United-States
50.0,,133963.0,Bachelors,13.0,Married-civ-spouse,Prof-specialty,Wife,White,Female,0.0,1977.0,40.0,
,Private,178506.0,,9.0,,Adm-clerical,Not-in-family,Black,Female,0.0,0.0,40.0,United-States
65.0,Private,350498.0,Bachelors,,Married-civ-spouse,Adm-clerical,Husband,White,,10605.0,0.0,,United-States
,,131573.0,,10.0,Never-married,noValueSetHere123156456,Own-child,White,Female,0.0,0.0,,United-States
,,206291.0,,15.0,Married-civ-spouse,,,White,Male,0.0,,,
40.0,Private,182302.0,HS-grad,,Divorced,Transport-moving,,White,Male,0.0,0.0,,United-States
51.0,Private,241346.0,,,,Adm-clerical,,,,0.0,,43.0,United-States
50.0,Private,157043.0,11th,7.0,Divorced,Other-service,Not-in-family,Black,,0.0,0.0,,United-States
25.0,Private,404616.0,Masters,14.0,,Farming-fishing,Not-in-family,White,Male,0.0,0.0,99.0,United-States
20.0,Private,411862.0,,11.0,Never-married,Other-service,Not-in-family,,,0.0,,30.0,United-States
47.0,Private,183013.0,HS-grad,,Married-civ-spouse,Other-service,,White,Male,,,,United-States
58.0,noValueSetHere123156456,169982.0,,10.0,Married-civ-spouse,noValueSetHere123156456,,White,Male,0.0,0.0,,United-States
,Private,188544.0,Assoc-voc,11.0,Never-married,Adm-clerical,Own-child,White,,0.0,0.0,30.0,United-States
50.0,State-gov,356619.0,,9.0,Married-civ-spouse,Prof-specialty,Husband,White,Male,0.0,0.0,48.0,United-States
47.0,,45857.0,,9.0,,Adm-clerical,Unmarried,White,,0.0,,40.0,United-States
24.0,,,,7.0,Never-married,Other-service,Not-in-family,Asian-Pac-Islander,,0.0,,45.0,United-States
50.0,,146015.0,HS-grad,9.0,Married-civ-spouse,noValueSetHere123156456,,White,Male,0.0,,40.0,United-States
,,,,13.0,Divorced,Exec-managerial,Not-in-family,White,,0.0,0.0,,United-States
,Private,416745.0,,,,,,,Male,,,40.0,
,Private,,HS-grad,9.0,Married-civ-spouse,Adm-clerical,Husband,White,Male,0.0,0.0,,United-States
44.0,Private,167725.0,HS-grad,,,,,White,,0.0,0.0,,United-States
,noValueSetHere123156456,,Masters,14.0,Married-civ-spouse,noValueSetHere123156456,Husband,White,Male,0.0,0.0,40.0,
,Federal-gov,43280.0,Some-college,10.0,,Exec-managerial,Own-child,Black,Female,0.0,0.0,40.0,United-States
,Private,118779.0,HS-grad,9.0,,Craft-repair,Husband,White,,0.0,0.0,,United-States
24.0,State-gov,,Bachelors,13.0,Never-married,Adm-clerical,Not-in-family,White,Female,,0.0,65.0,United-States
,Local-gov,247507.0,Bachelors,13.0,Never-married,Prof-specialty,Own-child,White,Male,0.0,0.0,,
,Private,,Assoc-voc,11.0,Divorced,Other-service,Not-in-family,White,Male,0.0,0.0,,United-States
48.0,Private,182862.0,Some-college,10.0,,Craft-repair,,White,Male,0.0,0.0,40.0,United-States
39.0,Private,33886.0,HS-grad,9.0,Married-civ-spouse,Transport-moving,Husband,White,Male,,,60.0,
28.0,Private,,Bachelors,13.0,Married-civ-spouse,,Husband,White,Male,,,40.0,United-States
19.0,Private,187161.0,,10.0,,,Own-child,White,Female,0.0,0.0,25.0,United-States
,Local-gov,116892.0,Bachelors,13.0,Divorced,Prof-specialty,,Black,Female,,0.0,40.0,
51.0,Local-gov,176813.0,Assoc-acdm,,Married-civ-spouse,,Husband,White,Male,0.0,,60.0,
,Private,151616.0,Masters,14.0,Married-civ-spouse,Prof-specialty,Husband,,Male,,0.0,55.0,United-States
,Private,240747.0,,9.0,Never-married,Machine-op-inspct,Own-child,,Female,0.0,0.0,40.0,
50.0,Private,75472.0,HS-grad,,Married-civ-spouse,,,White,Male,4386.0,0.0,40.0,
45.0,,,,9.0,Married-civ-spouse,Adm-clerical,Husband,Black,,0.0,0.0,,United-States
30.0,Local-gov,235271.0,,13.0,,Prof-specialty,Husband,White,Male,0.0,0.0,50.0,United-States
,Private,166497.0,Bachelors,13.0,,Craft-repair,Not-in-family,White,,0.0,,,
44.0,,,,,Never-married,Other-service,Not-in-family,White,Male,0.0,0.0,,United-States
33.0,Private,221196.0,Some-college,10.0,Married-civ-spouse,,,Black,,,0.0,40.0,United-States
61.0,Self-emp-inc,,,14.0,,Sales,Husband,White,,0.0,0.0,40.0,United-States
61.0,,321117.0,,9.0,Married-civ-spouse,Protective-serv,Husband,White,Male,0.0,0.0,40.0,United-States
,Private,79619.0,,,,,Husband,White,Male,0.0,0.0,,
22.0,noValueSetHere123156456,42004.0,Some-college,,Never-married,noValueSetHere123156456,,White,Male,0.0,,30.0,
36.0,Private,,HS-grad,9.0,,Machine-op-inspct,Husband,,,0.0,0.0,45.0,United-States
44.0,Self-emp-inc,320984.0,,10.0,Married-civ-spouse,Sales,Husband,,,,0.0,60.0,United-States
37.0,Private,,Some-college,10.0,Separated,,,White,Male,0.0,,62.0,United-States
31.0,Private,32406.0,Some-college,10.0,Divorced,,Unmarried,,Female,0.0,0.0,20.0,United-States
54.0,Private,99185.0,Doctorate,16.0,Married-civ-spouse,Prof-specialty,Husband,White,Male,15024.0,0.0,45.0,United-States
20.0,Private,,Some-college,10.0,Never-married,Other-service,Own-child,White,Male,0.0,0.0,,
63.0,,150389.0,Bachelors,,Widowed,noValueSetHere123156456,,White,Female,,0.0,40.0,United-States
48.0,Self-emp-not-inc,243631.0,Some-college,10.0,Married-civ-spouse,Craft-repair,Husband,,Male,7688.0,,40.0,United-States
33.0,noValueSetHere123156456,163003.0,HS-grad,9.0,Divorced,noValueSetHere123156456,Not-in-family,Asian-Pac-Islander,Female,0.0,0.0,41.0,China
31.0,,231263.0,,,,,,,Male,4650.0,0.0,45.0,
38.0,,200818.0,,15.0,Married-civ-spouse,Prof-specialty,,White,Male,0.0,0.0,40.0,United-States
,Self-emp-not-inc,247379.0,HS-grad,,,,,White,Male,,0.0,,United-States
,Private,,,9.0,Married-civ-spouse,Craft-repair,,,,0.0,0.0,40.0,United-States
,Private,22154.0,Some-college,10.0,Married-civ-spouse,Craft-repair,Husband,,,0.0,0.0,40.0,United-States
55.0,Private,,,9.0,Widowed,Adm-clerical,Own-child,White,Female,,0.0,40.0,United-States
38.0,Private,22245.0,Masters,14.0,Married-civ-spouse,,Husband,White,,0.0,0.0,72.0,
,Private,,HS-grad,9.0,,Adm-clerical,Not-in-family,White,Female,0.0,,40.0,United-States
36.0,,354078.0,,13.0,Married-civ-spouse,Prof-specialty,Husband,White,Male,,0.0,60.0,
42.0,Self-emp-not-inc,166813.0,Some-college,,Married-civ-spouse,Farming-fishing,Husband,,,,,60.0,United-States
50.0,,,HS-grad,9.0,,,Unmarried,White,Female,,0.0,,England
,Self-emp-not-inc,,Prof-school,15.0,,,Husband,,Male,0.0,0.0,35.0,United-States
46.0,Private,265266.0,Bachelors,13.0,Married-civ-spouse,Prof-specialty,,White,Male,0.0,1902.0,40.0,United-States
,Federal-gov,,HS-grad,9.0,Divorced,Adm-clerical,Unmarried,White,,0.0,0.0,40.0,
27.0,Private,175034.0,,13.0,Never-married,Adm-clerical,Not-in-family,White,,0.0,0.0,40.0,United-States
43.0,Private,413297.0,HS-grad,9.0,Married-civ-spouse,Craft-repair,Husband,White,Male,,,45.0,United-States
31.0,,106347.0,11th,7.0,,Other-service,Not-in-family,,,,0.0,42.0,United-States
23.0,Private,174754.0,,,Never-married,,Not-in-family,White,,0.0,0.0,30.0,United-States
34.0,Private,441454.0,HS-grad,9.0,,Sales,,,,0.0,,,United-States
41.0,Self-emp-not-inc,209344.0,HS-grad,9.0,Married-civ-spouse,Sales,Other-relative,White,Female,0.0,0.0,40.0,Cuba
31.0,Private,185732.0,HS-grad,9.0,Never-married,Other-service,,White,Female,0.0,,,United-States
42.0,Private,65372.0,Some-college,10.0,Never-married,Adm-clerical,Own-child,White,,0.0,,,United-States
,Private,33975.0,Masters,,Never-married,Prof-specialty,Not-in-family,White,Male,0.0,0.0,45.0,
55.0,Private,326297.0,HS-grad,,,,Not-in-family,White,Female,0.0,,25.0,United-States
36.0,,194630.0,,9.0,,Exec-managerial,,White,Female,0.0,0.0,40.0,United-States
65.0,Self-emp-not-inc,167414.0,HS-grad,9.0,,Exec-managerial,Husband,White,Male,,0.0,59.0,United-States
38.0,Local-gov,165799.0,Some-college,10.0,Never-married,Other-service,,White,Male,0.0,0.0,12.0,United-States
62.0,Private,192866.0,,,Widowed,Other-service,Not-in-family,,Female,,0.0,20.0,United-States
,Self-emp-inc,166459.0,Prof-school,15.0,Married-civ-spouse,Prof-specialty,Husband,White,,99999.0,0.0,,United-States
,,,,9.0,,Adm-clerical,Not-in-family,White,,0.0,0.0,40.0,
34.0,Private,190040.0,HS-grad,9.0,,Adm-clerical,,,Female,0.0,0.0,40.0,United-States
,,209432.0,HS-grad,9.0,,Handlers-cleaners,Own-child,,,,0.0,40.0,
,,229465.0,Masters,14.0,Married-civ-spouse,Exec-managerial,,White,Male,15024.0,0.0,50.0,United-States
,Self-emp-not-inc,,,10.0,Married-civ-spouse,Exec-managerial,Husband,,Male,0.0,0.0,60.0,United-States
30.0,,,HS-grad,,Married-civ-spouse,Adm-clerical,Husband,White,Male,0.0,0.0,40.0,
52.0,,202452.0,HS-grad,9.0,Divorced,,,White,Female,0.0,,43.0,United-States
28.0,Self-emp-not-inc,218555.0,Some-college,10.0,Never-married,,Not-in-family,White,Male,0.0,,,United-States
29.0,,128604.0,,9.0,Married-civ-spouse,Craft-repair,Husband,Asian-Pac-Islander,,0.0,0.0,40.0,United-States
38.0,,65466.0,Bachelors,,Never-married,Adm-clerical,,White,Female,,0.0,50.0,United-States
57.0,Private,,HS-grad,9.0,Married-civ-spouse,Sales,Husband,White,,0.0,0.0,50.0,
43.0,Federal-gov,369468.0,Bachelors,13.0,Married-civ-spouse,Prof-specialty,Husband,White,Male,,,40.0,United-States
37.0,State-gov,136137.0,Some-college,10.0,,Adm-clerical,Not-in-family,White,Male,0.0,0.0,40.0,United-States
30.0,Private,236770.0,HS-grad,9.0,,Craft-repair,,White,Male,0.0,0.0,40.0,United-States
53.0,,89534.0,HS-grad,9.0,Married-civ-spouse,Transport-moving,,White,Male,0.0,0.0,48.0,United-States
69.0,,,Assoc-voc,11.0,Widowed,noValueSetHere123156456,Not-in-family,,Female,0.0,0.0,1.0,United-States
73.0,Private,29778.0,,9.0,Widowed,Other-service,Not-in-family,White,,,0.0,37.0,United-States
22.0,Self-emp-inc,153516.0,Some-college,,Never-married,Craft-repair,Own-child,White,,0.0,0.0,35.0,United-States
31.0,Private,,HS-grad,9.0,Never-married,Sales,Not-in-family,White,Female,0.0,,45.0,
38.0,Private,189623.0,Bachelors,13.0,,Prof-specialty,,White,,,1887.0,40.0,United-States
50.0,,343748.0,,10.0,Married-civ-spouse,Craft-repair,Husband,White,Male,0.0,0.0,35.0,United-States
37.0,Private,387430.0,,10.0,Married-civ-spouse,Adm-clerical,,,Male,0.0,0.0,37.0,United-States
44.0,Local-gov,409505.0,Bachelors,13.0,,Protective-serv,,,,0.0,0.0,40.0,United-States
,Private,200734.0,Bachelors,,Never-married,Exec-managerial,Unmarried,,,,,45.0,United-States
,,,Some-college,,Married-civ-spouse,Other-service,Husband,,Male,0.0,0.0,40.0,United-States
28.0,Private,,Assoc-acdm,,Never-married,,Not-in-family,White,Female,0.0,0.0,80.0,United-States
25.0,Private,323545.0,,9.0,Never-married,Tech-support,Not-in-family,,Female,0.0,0.0,,United-States
,Private,232577.0,Some-college,10.0,,Other-service,Unmarried,White,Female,0.0,0.0,40.0,
,,,Bachelors,13.0,Married-civ-spouse,Adm-clerical,Husband,White,Male,0.0,,,United-States
46.0,,129007.0,Bachelors,13.0,,Sales,Husband,,Male,0.0,,,
67.0,Private,171584.0,Bachelors,13.0,Married-civ-spouse,Protective-serv,Husband,White,Male,6514.0,0.0,7.0,
47.0,Private,,,9.0,,,,White,,0.0,0.0,35.0,United-States
42.0,Private,342865.0,HS-grad,,Married-civ-spouse,Sales,Husband,White,Male,0.0,0.0,40.0,United-States
52.0,Private,186785.0,HS-grad,,,Sales,,,Male,0.0,,50.0,United-States
42.0,Federal-gov,158926.0,Assoc-acdm,12.0,,,Unmarried,,Female,0.0,0.0,,Philippines
65.0,noValueSetHere123156456,36039.0,HS-grad,,Married-civ-spouse,,,,Male,0.0,0.0,40.0,
21.0,Private,164019.0,Some-college,,Never-married,Farming-fishing,,Black,,0.0,0.0,10.0,United-States
50.0,,88926.0,,,Married-civ-spouse,Adm-clerical,,,Female,5178.0,,40.0,United-States
46.0,Private,188861.0,Some-college,10.0,Married-civ-spouse,Transport-moving,,White,Male,,0.0,40.0,
47.0,Self-emp-not-inc,370119.0,Bachelors,13.0,Married-civ-spouse,Sales,Husband,White,Male,15024.0,0.0,50.0,United-States
57.0,Private,182062.0,10th,6.0,Married-civ-spouse,Other-service,Husband,White,Male,0.0,0.0,40.0,United-States
37.0,,37238.0,,13.0,Never-married,,Not-in-family,White,Male,0.0,0.0,45.0,United-States
,Private,421132.0,,9.0,Married-civ-spouse,Craft-repair,Husband,White,,0.0,,40.0,United-States
58.0,noValueSetHere123156456,178660.0,12th,8.0,Married-civ-spouse,,,White,Male,,0.0,40.0,United-States
63.0,Self-emp-not-inc,,1st-4th,,Widowed,Other-service,Unmarried,,Female,0.0,0.0,30.0,El-Salvador
,Private,278403.0,HS-grad,9.0,Married-civ-spouse,Transport-moving,Husband,,Male,0.0,,65.0,United-States
46.0,Private,279661.0,Masters,14.0,Married-civ-spouse,Prof-specialty,,,Male,,0.0,35.0,United-States
36.0,,113397.0,HS-grad,,Married-civ-spouse,,,,Male,0.0,0.0,40.0,United-States
26.0,Private,280093.0,5th-6th,,,Craft-repair,Husband,White,Male,,1628.0,50.0,United-States
21.0,Private,,Some-college,10.0,Never-married,Other-service,Not-in-family,,Male,0.0,,57.0,United-States
41.0,Private,,Assoc-acdm,12.0,,Tech-support,Husband,White,,0.0,0.0,40.0,
,Local-gov,,,10.0,Never-married,,Own-child,Black,,0.0,0.0,,
,Private,58222.0,HS-grad,9.0,Married-civ-spouse,Craft-repair,Husband,White,Male,0.0,0.0,40.0,United-States
,Federal-gov,,,,,Armed-Forces,Not-in-family,Black,Male,0.0,0.0,60.0,United-States
29.0,Private,419721.0,HS-grad,9.0,Never-married,Other-service,Unmarried,Black,,,0.0,40.0,Japan
58.0,Self-emp-inc,,Some-college,10.0,Married-civ-spouse,Transport-moving,,White,,0.0,,40.0,United-States
36.0,Self-emp-not-inc,,Prof-school,15.0,Married-civ-spouse,Prof-specialty,Husband,,Male,,0.0,50.0,United-States
30.0,Private,209103.0,Assoc-voc,,,Exec-managerial,Husband,,,0.0,,,United-States
37.0,Private,32668.0,,13.0,,Machine-op-inspct,,White,,0.0,0.0,43.0,
,,256956.0,,11.0,,Machine-op-inspct,Not-in-family,White,,,0.0,40.0,United-States
26.0,Private,202203.0,5th-6th,3.0,Never-married,Adm-clerical,Own-child,White,Female,0.0,0.0,40.0,
,,85995.0,,9.0,Married-civ-spouse,,Husband,White,,0.0,,45.0,United-States
49.0,Private,125421.0,HS-grad,9.0,Married-civ-spouse,Craft-repair,,White,Female,,0.0,40.0,
45.0,,,Bachelors,13.0,Married-civ-spouse,Exec-managerial,,,,0.0,0.0,40.0,
,Private,192932.0,Bachelors,13.0,Never-married,Prof-specialty,Not-in-family,White,Female,0.0,0.0,40.0,
20.0,noValueSetHere123156456,244689.0,,10.0,Never-married,noValueSetHere123156456,Not-in-family,White,Female,0.0,,25.0,United-States
51.0,Private,,HS-grad,,,Adm-clerical,Unmarried,White,Female,0.0,0.0,40.0,United-States
32.0,Private,509350.0,,10.0,Married-civ-spouse,,Husband,,Male,,,50.0,Canada
24.0,,96279.0,HS-grad,9.0,Never-married,,Own-child,White,Female,0.0,0.0,,United-States
35.0,Private,119098.0,,16.0,Married-civ-spouse,,Husband,White,Male,,,,United-States
35.0,noValueSetHere123156456,327120.0,Assoc-acdm,12.0,Never-married,,Not-in-family,White,Male,0.0,0.0,55.0,
41.0,State-gov,144928.0,,13.0,Married-civ-spouse,Prof-specialty,Husband,White,Male,0.0,,40.0,
,Private,55237.0,Bachelors,,Married-civ-spouse,Craft-repair,,White,Male,,0.0,,United-States
,Local-gov,,HS-grad,,Widowed,Adm-clerical,Unmarried,,Female,1471.0,0.0,,United-States
,Private,,Some-college,10.0,Never-married,,Own-child,White,Male,0.0,,30.0,
27.0,Private,190525.0,HS-grad,9.0,,,Not-in-family,White,Male,0.0,0.0,50.0,United-States
,Private,121912.0,Some-college,10.0,Married-civ-spouse,Transport-moving,Husband,White,Male,0.0,0.0,24.0,United-States
39.0,Private,83893.0,,9.0,,Adm-clerical,Husband,,,0.0,,40.0,
,,,10th,,Never-married,noValueSetHere123156456,Own-child,,Male,,0.0,20.0,United-States
47.0,Private,256522.0,HS-grad,9.0,Married-civ-spouse,,Husband,White,Male,0.0,,40.0,noValueSetHere123156456
52.0,Private,168381.0,,9.0,Widowed,Other-service,,Asian-Pac-Islander,Female,0.0,0.0,40.0,India
,,,HS-grad,,Never-married,Sales,Own-child,Black,Female,,0.0,,
29.0,Private,285290.0,,,Never-married,Other-service,Unmarried,,,,0.0,40.0,United-States
,,,HS-grad,9.0,Never-married,Machine-op-inspct,Other-relative,White,Male,,0.0,40.0,United-States
20.0,Private,324469.0,Some-college,,Never-married,Machine-op-inspct,Not-in-family,White,Female,0.0,0.0,40.0,United-States
,Private,,HS-grad,9.0,,,,Black,Male,0.0,0.0,,United-States
57.0,Private,,,15.0,,Prof-specialty,,White,,0.0,,60.0,United-States
51.0,,146767.0,Assoc-voc,,Married-civ-spouse,Prof-specialty,Husband,White,Male,,0.0,40.0,United-States
,Private,40681.0,Some-college,10.0,Never-married,,Not-in-family,,Female,3674.0,0.0,16.0,United-States
,Private,,Bachelors,13.0,Never-married,Prof-specialty,Not-in-family,,Male,,,40.0,United-States
40.0,Private,240124.0,HS-grad,9.0,Married-civ-spouse,Exec-managerial,Husband,,Male,0.0,0.0,,United-States
71.0,Private,269708.0,,13.0,Divorced,Tech-support,,White,,2329.0,,16.0,United-States
38.0,,34180.0,Some-college,,Married-civ-spouse,Exec-managerial,Husband,White,Male,0.0,0.0,40.0,
28.0,,225904.0,,15.0,Never-married,,Unmarried,White,Male,0.0,0.0,,United-States
57.0,Private,89392.0,Masters,14.0,Married-spouse-absent,Prof-specialty,Not-in-family,,Female,0.0,0.0,40.0,
47.0,,46857.0,,,Divorced,Adm-clerical,Not-in-family,White,Male,,0.0,40.0,United-States
,State-gov,,,9.0,Never-married,,Own-child,White,Male,0.0,,40.0,United-States
26.0,Private,195105.0,HS-grad,9.0,Never-married,Sales,Not-in-family,Other,Male,,,,United-States
35.0,,184117.0,Bachelors,13.0,Never-married,Adm-clerical,Own-child,,Female,0.0,,,United-States
61.0,Self-emp-inc,134768.0,,13.0,,Exec-managerial,Husband,White,Male,0.0,0.0,,Germany
17.0,noValueSetHere123156456,,11th,7.0,Never-married,noValueSetHere123156456,Own-child,White,Female,0.0,,30.0,
36.0,,153078.0,Bachelors,13.0,Married-civ-spouse,Exec-managerial,Husband,Asian-Pac-Islander,Male,,0.0,60.0,noValueSetHere123156456
62.0,noValueSetHere123156456,225652.0,7th-8th,4.0,Married-civ-spouse,noValueSetHere123156456,Husband,White,Male,3411.0,0.0,50.0,United-States
34.0,Private,467108.0,Some-college,10.0,,Prof-specialty,,White,Male,,0.0,50.0,
32.0,Self-emp-inc,199765.0,,13.0,Married-civ-spouse,Craft-repair,,White,Male,7688.0,0.0,50.0,
42.0,,173938.0,,9.0,,Sales,Own-child,White,Female,0.0,0.0,40.0,
,,191161.0,Some-college,10.0,Married-civ-spouse,,Husband,White,,0.0,,,United-States
58.0,Private,132606.0,,,,Machine-op-inspct,Not-in-family,Black,Male,,,40.0,United-States
61.0,,30073.0,HS-grad,9.0,Married-civ-spouse,Farming-fishing,Husband,White,Male,0.0,1848.0,,United-States
40.0,Private,,,6.0,Never-married,,Other-relative,,Male,0.0,0.0,,United-States
31.0,Private,42900.0,Bachelors,,,Tech-support,Not-in-family,White,,0.0,0.0,37.0,United-States
,,191161.0,HS-grad,9.0,Never-married,Sales,Not-in-family,White,Male,0.0,0.0,50.0,United-States
23.0,Private,181820.0,Some-college,10.0,Never-married,Machine-op-inspct,Own-child,White,Male,,,40.0,
33.0,Private,105974.0,,,Never-married,Craft-repair,Not-in-family,,,0.0,0.0,41.0,United-States
,Private,146378.0,HS-grad,9.0,Married-civ-spouse,Craft-repair,,White,Male,,0.0,,United-States
22.0,Private,103440.0,HS-grad,,Never-married,Other-service,Not-in-family,White,Female,0.0,,24.0,United-States
51.0,Private,203435.0,Some-college,10.0,Divorced,Sales,Unmarried,,Female,0.0,,40.0,Italy
31.0,Federal-gov,168312.0,Assoc-voc,11.0,Never-married,Exec-managerial,Not-in-family,White,Female,0.0,0.0,,United-States
49.0,Self-emp-inc,257764.0,HS-grad,9.0,Divorced,Exec-managerial,Unmarried,White,Female,0.0,0.0,,United-States
,,171301.0,HS-grad,9.0,Married-civ-spouse,Machine-op-inspct,,,Female,0.0,,,United-States
53.0,,225339.0,,10.0,Widowed,,Not-in-family,Black,Female,,,,United-States
52.0,Private,152234.0,,9.0,Married-civ-spouse,,Husband,,Male,,0.0,,Japan
20.0,Private,444554.0,,6.0,Never-married,Handlers-cleaners,Own-child,White,Male,0.0,0.0,40.0,United-States
,Private,403788.0,Assoc-acdm,12.0,Never-married,Other-service,,Black,,0.0,0.0,,United-States
,noValueSetHere123156456,190997.0,HS-grad,9.0,Married-civ-spouse,,,White,Male,0.0,,6.0,United-States
43.0,Private,221550.0,Masters,14.0,Never-married,,,,Female,0.0,0.0,30.0,
46.0,Self-emp-inc,98929.0,Bachelors,13.0,Married-civ-spouse,Sales,,White,Male,,0.0,52.0,United-States
43.0,Local-gov,,Assoc-voc,11.0,Never-married,,Not-in-family,White,Female,0.0,0.0,35.0,
,Private,102332.0,,9.0,Divorced,Sales,Unmarried,Black,Female,0.0,0.0,40.0,United-States
,Self-emp-not-inc,,HS-grad,9.0,Married-civ-spouse,Transport-moving,Husband,White,,0.0,,55.0,United-States
54.0,,449257.0,,9.0,Married-civ-spouse,Farming-fishing,Husband,,Male,0.0,0.0,40.0,United-States
,Private,198766.0,Masters,14.0,Married-civ-spouse,,Husband,White,Male,20051.0,,40.0,United-States
,Private,97429.0,Bachelors,13.0,Divorced,Exec-managerial,Unmarried,White,Female,,0.0,40.0,
25.0,,208999.0,Some-college,10.0,Separated,Adm-clerical,Own-child,White,,,,40.0,United-States
23.0,Private,,Bachelors,13.0,Never-married,Sales,Not-in-family,White,Male,,,,United-States
25.0,,163101.0,,,Never-married,Prof-specialty,,,Male,0.0,0.0,45.0,United-States
,,119075.0,Some-college,10.0,Never-married,Handlers-cleaners,,,,,0.0,,United-States
37.0,Self-emp-not-inc,,HS-grad,9.0,Married-civ-spouse,Exec-managerial,Husband,,Male,0.0,,,United-States
45.0,Private,127303.0,,,Never-married,Machine-op-inspct,Own-child,White,Male,0.0,,,United-States
,,,,9.0,,Sales,,Black,Male,0.0,,44.0,United-States
,Self-emp-not-inc,266324.0,,10.0,Divorced,,Other-relative,,Male,0.0,,,Iran
19.0,noValueSetHere123156456,194095.0,Some-college,10.0,,noValueSetHere123156456,Own-child,White,Male,0.0,0.0,,United-States
17.0,,46496.0,11th,,Never-married,Other-service,Own-child,White,Male,,,5.0,United-States
27.0,,29904.0,Bachelors,13.0,Never-married,Tech-support,Not-in-family,White,Female,0.0,0.0,40.0,United-States
40.0,Local-gov,,7th-8th,4.0,Married-civ-spouse,,Husband,Black,Male,0.0,,,noValueSetHere123156456
59.0,Private,,HS-grad,9.0,Divorced,,Unmarried,White,Female,,1762.0,30.0,United-States
19.0,,234151.0,HS-grad,9.0,,Adm-clerical,Unmarried,,,,,40.0,United-States
,Private,238287.0,10th,,Never-married,Machine-op-inspct,Not-in-family,Black,Male,0.0,0.0,40.0,United-States
42.0,,230624.0,,6.0,Never-married,Transport-moving,Unmarried,White,Male,0.0,0.0,40.0,United-States
54.0,Private,398212.0,HS-grad,,Married-civ-spouse,Transport-moving,,Black,,5013.0,0.0,40.0,United-States
54.0,Self-emp-not-inc,114758.0,Masters,,,,Husband,,Male,0.0,0.0,50.0,United-States
,Private,246519.0,10th,,Married-civ-spouse,,Husband,,Male,2105.0,0.0,45.0,United-States
,Private,137815.0,HS-grad,9.0,,Transport-moving,,White,Male,,0.0,60.0,United-States
,Private,260696.0,HS-grad,9.0,Never-married,Adm-clerical,Not-in-family,White,Female,0.0,,40.0,United-States
55.0,Private,,Assoc-acdm,12.0,Married-civ-spouse,Tech-support,Husband,White,Male,0.0,0.0,25.0,United-States
,Private,113176.0,,9.0,Divorced,Adm-clerical,Not-in-family,White,Female,0.0,0.0,40.0,United-States
31.0,Private,66815.0,HS-grad,9.0,Married-civ-spouse,,,,Male,0.0,0.0,50.0,
42.0,noValueSetHere123156456,,HS-grad,,Divorced,noValueSetHere123156456,Unmarried,Black,,0.0,0.0,32.0,
24.0,,,,9.0,Married-civ-spouse,Other-service,Husband,,,0.0,,45.0,
30.0,Private,30226.0,11th,,Divorced,,Own-child,,,0.0,0.0,40.0,United-States
39.0,Local-gov,352628.0,Assoc-acdm,,Married-civ-spouse,,Wife,White,,0.0,0.0,50.0,United-States
37.0,Private,143912.0,HS-grad,,Divorced,,Not-in-family,White,Male,0.0,0.0,,
,Private,,,9.0,Married-civ-spouse,Transport-moving,,White,,,,40.0,United-States
,Private,,HS-grad,9.0,Widowed,Other-service,,White,Female,0.0,,40.0,United-States
43.0,Self-emp-inc,196945.0,,,,Other-service,,,Male,,0.0,78.0,Thailand
39.0,Private,24342.0,Bachelors,13.0,,,Husband,White,Male,,,40.0,United-States
53.0,Private,,Some-college,10.0,,,,White,Male,,0.0,45.0,United-States
52.0,Self-emp-not-inc,173839.0,10th,6.0,Married-civ-spouse,Exec-managerial,,,,0.0,0.0,60.0,United-States
28.0,State-gov,73211.0,Some-college,,Married-civ-spouse,Adm-clerical,Husband,Asian-Pac-Islander,Male,0.0,0.0,,United-States
32.0,,86723.0,,9.0,Never-married,Other-service,Not-in-family,White,Male,0.0,0.0,52.0,
31.0,Private,179186.0,Bachelors,13.0,Married-civ-spouse,Sales,,,Male,,0.0,90.0,United-States
31.0,Private,127610.0,Bachelors,,Married-civ-spouse,Prof-specialty,Wife,White,Female,0.0,0.0,40.0,United-States
47.0,Private,115070.0,Some-college,10.0,Never-married,,Not-in-family,,Female,0.0,,40.0,United-States
19.0,noValueSetHere123156456,172582.0,,,Never-married,noValueSetHere123156456,Own-child,White,Male,,,50.0,United-States
40.0,Private,256202.0,Assoc-voc,11.0,,Handlers-cleaners,Husband,,Male,0.0,,40.0,
40.0,Private,202872.0,Assoc-acdm,12.0,Never-married,Adm-clerical,Own-child,White,Female,0.0,0.0,45.0,United-States
,Private,184102.0,11th,7.0,Divorced,,Not-in-family,,Male,,,40.0,United-States
,Federal-gov,130703.0,,9.0,,Adm-clerical,Husband,Black,Male,0.0,0.0,40.0,United-States
,Private,134727.0,11th,,,Machine-op-inspct,,Amer-Indian-Eskimo,Male,0.0,0.0,43.0,Germany
45.0,Self-emp-inc,36228.0,Bachelors,,,Farming-fishing,Husband,White,Male,,0.0,,United-States
,Private,,9th,,Married-civ-spouse,,Wife,,,3411.0,0.0,34.0,United-States
19.0,Private,213644.0,HS-grad,9.0,Never-married,,Not-in-family,,Male,0.0,,,United-States
,Private,173796.0,HS-grad,9.0,Married-civ-spouse,Transport-moving,,White,Male,0.0,1887.0,40.0,United-States
49.0,,147322.0,,,,Machine-op-inspct,Wife,White,Female,0.0,0.0,40.0,
,,296253.0,,9.0,Divorced,Exec-managerial,Not-in-family,White,,0.0,0.0,,United-States
,,,Assoc-voc,,Divorced,Sales,Not-in-family,,Male,,0.0,50.0,United-States
18.0,noValueSetHere123156456,169882.0,Some-college,10.0,Never-married,noValueSetHere123156456,,White,,594.0,0.0,,United-States
35.0,State-gov,211115.0,Some-college,10.0,Never-married,Protective-serv,Not-in-family,,Male,0.0,,40.0,
58.0,Self-emp-inc,183870.0,10th,6.0,Married-civ-spouse,Transport-moving,Wife,,Female,,0.0,40.0,United-States
28.0,Private,441620.0,Bachelors,13.0,,Other-service,Not-in-family,White,Male,0.0,0.0,43.0,
36.0,,218542.0,Assoc-acdm,12.0,Married-civ-spouse,Adm-clerical,,White,,0.0,0.0,40.0,United-States
41.0,Self-emp-not-inc,,Masters,14.0,Divorced,Prof-specialty,Unmarried,White,Female,0.0,0.0,,United-States
,Private,67716.0,,9.0,,Sales,,White,Male,0.0,0.0,,United-States
,Self-emp-inc,,,9.0,Married-civ-spouse,,Husband,White,Male,,1672.0,60.0,United-States
61.0,noValueSetHere123156456,347089.0,,9.0,Married-civ-spouse,noValueSetHere123156456,,White,Male,,0.0,16.0,United-States
36.0,Private,336595.0,HS-grad,9.0,Married-civ-spouse,Exec-managerial,Husband,White,,0.0,0.0,,United-States
,Private,,Assoc-voc,,Divorced,,,White,,0.0,0.0,,United-States
,Self-emp-not-inc,,HS-grad,9.0,Married-civ-spouse,Other-service,Husband,White,Male,0.0,1902.0,60.0,United-States
,Private,30447.0,Assoc-voc,11.0,Married-civ-spouse,,Husband,,Male,0.0,0.0,45.0,
,Self-emp-not-inc,256866.0,Some-college,10.0,Married-civ-spouse,Sales,Husband,White,Male,5013.0,0.0,,United-States
44.0,Self-emp-not-inc,,HS-grad,9.0,Married-civ-spouse,Exec-managerial,Husband,,Male,0.0,0.0,66.0,United-States
,Private,185283.0,,10.0,Married-civ-spouse,,Husband,,Male,0.0,0.0,45.0,United-States
44.0,Self-emp-inc,,Some-college,10.0,Married-civ-spouse,Exec-managerial,Husband,White,Male,,0.0,,United-States
,Private,298225.0,HS-grad,,Divorced,Craft-repair,Not-in-family,White,,0.0,0.0,,United-States
60.0,Private,185749.0,11th,7.0,Widowed,,Unmarried,Black,Male,0.0,0.0,40.0,United-States
17.0,noValueSetHere123156456,,10th,6.0,Never-married,,Own-child,White,Male,1055.0,0.0,30.0,United-States
49.0,Self-emp-inc,125892.0,Masters,,,Exec-managerial,,,Male,,0.0,,
,Private,563883.0,HS-grad,9.0,Married-civ-spouse,,Husband,,Male,0.0,0.0,60.0,United-States
56.0,Private,311249.0,HS-grad,,Widowed,,Unmarried,,Female,,0.0,38.0,United-States
25.0,Private,221757.0,,9.0,Divorced,Craft-repair,,,,3325.0,0.0,,
22.0,Private,310152.0,,,Never-married,Transport-moving,,White,Male,0.0,0.0,40.0,United-States
76.0,,211453.0,HS-grad,9.0,Widowed,noValueSetHere123156456,Not-in-family,,Female,0.0,,,United-States
41.0,Self-emp-inc,94113.0,,15.0,Married-civ-spouse,Prof-specialty,Husband,,Male,0.0,0.0,60.0,United-States
48.0,,192945.0,HS-grad,9.0,Married-civ-spouse,Exec-managerial,Husband,White,,7688.0,0.0,40.0,United-States
46.0,Private,161508.0,10th,6.0,Never-married,,Not-in-family,Black,Male,0.0,0.0,40.0,United-States
30.0,Private,,Some-college,10.0,,Craft-repair,,White,,,0.0,40.0,
39.0,Private,51100.0,HS-grad,9.0,Married-civ-spouse,Transport-moving,Husband,,Male,0.0,0.0,,United-States
40.0,Private,,10th,6.0,Divorced,,Not-in-family,Amer-Indian-Eskimo,,0.0,,,United-States
70.0,Federal-gov,163003.0,HS-grad,9.0,Married-civ-spouse,Adm-clerical,Husband,Black,Male,0.0,0.0,40.0,United-States
,Private,,Some-college,10.0,,Craft-repair,Husband,White,Male,,2051.0,45.0,
,,101320.0,,,Divorced,Exec-managerial,Not-in-family,White,Female,,,75.0,United-States
24.0,,42706.0,Assoc-voc,,Never-married,Protective-serv,,White,Male,,0.0,60.0,
,,228535.0,Assoc-acdm,12.0,Married-civ-spouse,Prof-specialty,,,,7298.0,0.0,36.0,
61.0,,120939.0,,15.0,Married-civ-spouse,Transport-moving,Husband,,Male,0.0,,5.0,United-States
25.0,,98283.0,Bachelors,,Never-married,Prof-specialty,Own-child,,,0.0,0.0,40.0,United-States
28.0,,,Bachelors,13.0,Never-married,Prof-specialty,Not-in-family,White,Female,0.0,,40.0,United-States
,State-gov,208869.0,Masters,14.0,Married-civ-spouse,,Husband,White,Male,0.0,,11.0,
,,,Some-college,10.0,Never-married,Handlers-cleaners,Own-child,,,0.0,0.0,,United-States
47.0,Private,34248.0,HS-grad,,Married-civ-spouse,,Husband,White,,0.0,,,United-States
38.0,,83727.0,HS-grad,9.0,Divorced,Other-service,,White,Female,,,,
,Private,183077.0,Assoc-voc,11.0,Never-married,Adm-clerical,Own-child,White,Female,0.0,0.0,40.0,United-States
17.0,,197850.0,11th,7.0,Never-married,,Own-child,Asian-Pac-Islander,Female,0.0,0.0,24.0,United-States
33.0,,235271.0,Some-college,10.0,Never-married,Other-service,,White,Male,0.0,0.0,,United-States
43.0,,35236.0,,9.0,Married-spouse-absent,Craft-repair,Not-in-family,White,Male,0.0,0.0,40.0,United-States
58.0,Private,,Assoc-voc,11.0,Married-civ-spouse,Craft-repair,Husband,,Male,,0.0,40.0,United-States
,Self-emp-inc,,,9.0,Married-civ-spouse,Sales,Husband,White,Male,,0.0,,United-States
26.0,,256263.0,HS-grad,9.0,Never-married,Craft-repair,Not-in-family,,Male,,0.0,25.0,United-States
,Local-gov,293535.0,,,Married-civ-spouse,Prof-specialty,Husband,,Male,0.0,0.0,,United-States
31.0,Private,,10th,6.0,Married-civ-spouse,Farming-fishing,Husband,White,Male,2105.0,0.0,40.0,Mexico
30.0,Private,57651.0,,9.0,Never-married,Adm-clerical,,White,Male,0.0,,,United-States
25.0,Private,174592.0,HS-grad,9.0,Never-married,Other-service,,White,,0.0,0.0,25.0,
57.0,Federal-gov,278763.0,HS-grad,9.0,Divorced,Adm-clerical,Unmarried,White,,0.0,0.0,40.0,
37.0,,,Masters,14.0,,,Unmarried,White,Male,0.0,0.0,60.0,United-States
32.0,,402812.0,Some-college,10.0,Married-civ-spouse,Sales,Husband,White,Male,0.0,0.0,48.0,United-States
26.0,Private,101150.0,HS-grad,,Divorced,Exec-managerial,Not-in-family,,Female,0.0,,,United-States
45.0,Private,103538.0,,9.0,Married-civ-spouse,Adm-clerical,,White,Male,0.0,0.0,40.0,
53.0,State-gov,156877.0,HS-grad,9.0,Married-civ-spouse,,Husband,White,Male,15024.0,0.0,35.0,United-States
27.0,Private,,HS-grad,9.0,,Handlers-cleaners,,Amer-Indian-Eskimo,Male,,0.0,,United-States
28.0,Self-emp-inc,210295.0,11th,7.0,,Craft-repair,Husband,White,,0.0,0.0,,United-States
32.0,Private,80058.0,11th,7.0,,,Not-in-family,,Male,,,,
,Private,187119.0,Bachelors,13.0,Divorced,Sales,Not-in-family,White,Female,0.0,1980.0,,United-States
36.0,,105021.0,,10.0,Married-civ-spouse,Exec-managerial,Husband,White,Male,0.0,0.0,55.0,United-States
19.0,,,Some-college,10.0,,Adm-clerical,Not-in-family,White,Male,0.0,,,United-States
37.0,,395831.0,Bachelors,13.0,Married-civ-spouse,Exec-managerial,Husband,,Male,0.0,0.0,80.0,United-States
49.0,Private,50282.0,Some-college,,Divorced,,,White,Male,,0.0,45.0,United-States
20.0,Private,32732.0,Some-college,10.0,,Other-service,Not-in-family,White,Male,0.0,0.0,,United-States
,Self-emp-inc,179436.0,Bachelors,13.0,Married-civ-spouse,,Husband,,Male,15024.0,0.0,55.0,United-States
,noValueSetHere123156456,,,14.0,,noValueSetHere123156456,,,,0.0,0.0,40.0,United-States
,Private,,Assoc-acdm,12.0,Married-civ-spouse,Craft-repair,Husband,White,Male,,0.0,,United-States
58.0,State-gov,48433.0,HS-grad,9.0,Married-civ-spouse,Exec-managerial,Husband,White,Male,0.0,0.0,,United-States
42.0,,245317.0,HS-grad,,,Sales,Husband,White,Male,,0.0,50.0,United-States
20.0,Private,431745.0,Some-college,10.0,Never-married,Adm-clerical,,Black,Female,0.0,,14.0,United-States
42.0,State-gov,436006.0,Some-college,10.0,Married-civ-spouse,Adm-clerical,Husband,,,0.0,,,
25.0,Private,,Some-college,10.0,Married-spouse-absent,Prof-specialty,Unmarried,Black,Male,0.0,,40.0,United-States
,Self-emp-not-inc,167990.0,,11.0,Married-civ-spouse,,Husband,,Male,15024.0,0.0,65.0,United-States
37.0,,217054.0,,,Married-civ-spouse,,Husband,,Male,0.0,0.0,35.0,
66.0,,298834.0,,11.0,,,,,Male,0.0,,50.0,United-States
59.0,Self-emp-inc,125000.0,Bachelors,,Married-civ-spouse,,Husband,White,Male,0.0,0.0,40.0,England
44.0,Private,123983.0,Bachelors,13.0,Divorced,Other-service,Not-in-family,,Male,,0.0,40.0,China
46.0,Private,155489.0,HS-grad,9.0,,Adm-clerical,Husband,,,0.0,,,United-States
59.0,Private,284834.0,,13.0,Married-civ-spouse,,Wife,White,Female,,0.0,30.0,United-States
25.0,Private,212495.0,Bachelors,,,Exec-managerial,Own-child,White,,0.0,1340.0,40.0,United-States
17.0,Local-gov,,,5.0,Never-married,Other-service,Own-child,Black,Male,0.0,0.0,9.0,
47.0,Local-gov,,,,Married-civ-spouse,,Husband,White,Male,0.0,0.0,40.0,United-States
47.0,,141483.0,,,Divorced,Other-service,Not-in-family,White,,,0.0,40.0,United-States
,Private,31985.0,Some-college,10.0,Divorced,Exec-managerial,Unmarried,White,,,0.0,40.0,United-States
20.0,Private,170800.0,Some-college,,Never-married,Farming-fishing,,White,Female,,0.0,40.0,United-States
26.0,Local-gov,166295.0,Bachelors,,Never-married,Prof-specialty,Not-in-family,White,,0.0,2339.0,55.0,United-States
20.0,Private,231286.0,Some-college,,Never-married,Handlers-cleaners,Not-in-family,Black,Male,0.0,0.0,15.0,United-States
33.0,Private,159322.0,HS-grad,9.0,Divorced,Other-service,Unmarried,White,Male,0.0,0.0,,United-States
48.0,Private,176026.0,HS-grad,9.0,Married-civ-spouse,Machine-op-inspct,Husband,,Male,,,40.0,
52.0,Private,118025.0,Bachelors,13.0,,Exec-managerial,Husband,White,,,0.0,50.0,United-States
37.0,Private,26898.0,HS-grad,9.0,Divorced,,,White,Female,0.0,0.0,12.0,
,Private,232628.0,HS-grad,,,Craft-repair,Husband,Black,,,0.0,40.0,United-States
40.0,Private,,10th,6.0,,Machine-op-inspct,Husband,White,Male,,,40.0,United-States
,Private,,,14.0,,,Unmarried,White,Female,0.0,0.0,40.0,
49.0,Private,,10th,6.0,,,Husband,,Male,0.0,0.0,42.0,United-States
,Private,,Some-college,,,,Not-in-family,White,Female,0.0,0.0,40.0,United-States
,Private,197058.0,Assoc-acdm,,,Prof-specialty,,White,Female,,,,United-States
34.0,,,Some-college,,,Exec-managerial,,,Male,,0.0,,United-States
43.0,,75742.0,,9.0,,Machine-op-inspct,,,Male,0.0,0.0,40.0,United-States
22.0,Private,214731.0,10th,6.0,Married-civ-spouse,Machine-op-inspct,Wife,,Female,0.0,0.0,,United-States
35.0,Private,,HS-grad,9.0,Separated,Other-service,Not-in-family,Black,,0.0,0.0,40.0,United-States
26.0,State-gov,,HS-grad,,,Adm-clerical,Own-child,White,Female,0.0,,30.0,United-States
62.0,Private,,Prof-school,,Married-civ-spouse,Prof-specialty,Husband,White,,,1628.0,70.0,
39.0,,203070.0,HS-grad,9.0,Separated,Protective-serv,Not-in-family,White,Male,0.0,0.0,40.0,United-States
59.0,Local-gov,,Some-college,10.0,Married-civ-spouse,Craft-repair,Husband,,Male,0.0,0.0,40.0,United-States
69.0,,473040.0,,3.0,Divorced,noValueSetHere123156456,Not-in-family,White,Male,0.0,,40.0,
,Private,,Bachelors,13.0,Married-civ-spouse,Craft-repair,,White,Male,0.0,0.0,40.0,United-States
17.0,Private,163494.0,10th,6.0,,Sales,Own-child,White,Male,0.0,0.0,30.0,
38.0,Private,180342.0,Bachelors,,Married-civ-spouse,Adm-clerical,,White,Male,,0.0,40.0,
,Private,,Some-college,10.0,Married-civ-spouse,,Husband,,,0.0,1887.0,,United-States
,Private,148069.0,10th,6.0,Never-married,,,White,,,,40.0,United-States
,Private,200973.0,HS-grad,,Never-married,Adm-clerical,Own-child,White,Female,0.0,,,
17.0,Private,130806.0,,6.0,,Handlers-cleaners,,White,Male,0.0,0.0,24.0,
56.0,,,7th-8th,4.0,Divorced,,Not-in-family,White,,0.0,0.0,,United-States
24.0,Private,213977.0,Some-college,,Never-married,,,White,Female,,,,United-States
62.0,Private,134768.0,Doctorate,,Married-civ-spouse,,Husband,White,,,,40.0,noValueSetHere123156456
44.0,Private,139338.0,,8.0,Divorced,Transport-moving,,,Male,0.0,0.0,40.0,United-States
23.0,Private,315877.0,Bachelors,13.0,Never-married,Adm-clerical,Not-in-family,,Male,0.0,0.0,30.0,United-States
,Self-emp-not-inc,,HS-grad,9.0,Never-married,Sales,,,Male,0.0,0.0,50.0,noValueSetHere123156456
25.0,Private,,,9.0,Never-married,Transport-moving,Not-in-family,White,Male,0.0,,65.0,United-States
,,236684.0,Some-college,10.0,Never-married,Other-service,Other-relative,,Female,,,,
18.0,Private,208447.0,12th,,Never-married,Handlers-cleaners,,,Male,0.0,0.0,6.0,United-States
45.0,Private,149640.0,,10.0,,Craft-repair,Husband,,Male,,0.0,,United-States
75.0,,111177.0,Bachelors,,Widowed,noValueSetHere123156456,Not-in-family,,,,0.0,16.0,United-States
,Private,154342.0,7th-8th,4.0,,,Husband,White,,0.0,0.0,,United-States
42.0,Federal-gov,141459.0,HS-grad,,Separated,Other-service,,Black,,0.0,0.0,40.0,
,,,Some-college,,,Other-service,Not-in-family,Black,Female,0.0,0.0,35.0,
29.0,Private,111900.0,Some-college,10.0,Married-civ-spouse,Farming-fishing,Husband,White,Male,,0.0,40.0,United-States
,Private,78707.0,11th,,Never-married,Other-service,,Black,Male,,0.0,,United-States
43.0,Local-gov,,Bachelors,13.0,Married-civ-spouse,Craft-repair,Husband,White,Male,0.0,0.0,40.0,United-States
,noValueSetHere123156456,,,10.0,Never-married,noValueSetHere123156456,Own-child,White,Male,0.0,0.0,16.0,United-States
,noValueSetHere123156456,,,13.0,Never-married,noValueSetHere123156456,Own-child,Black,Female,,0.0,40.0,Jamaica
,Private,216907.0,,12.0,Married-civ-spouse,,Husband,,Male,,1848.0,40.0,
24.0,Private,198148.0,Some-college,10.0,Never-married,Other-service,Own-child,White,Male,0.0,,,
19.0,Private,124265.0,Some-college,10.0,Never-married,Handlers-cleaners,Own-child,White,,,0.0,40.0,United-States
49.0,,261059.0,,,Separated,noValueSetHere123156456,,White,Male,2176.0,0.0,40.0,United-States
52.0,Private,,Assoc-voc,,,Adm-clerical,Husband,,Male,0.0,0.0,40.0,United-States
38.0,,257250.0,HS-grad,9.0,Never-married,,Not-in-family,White,Male,0.0,0.0,52.0,
24.0,State-gov,147253.0,Some-college,10.0,,Tech-support,,,Male,,,,United-States
,,244268.0,Bachelors,13.0,Never-married,Prof-specialty,,White,Male,0.0,0.0,,
72.0,noValueSetHere123156456,213255.0,HS-grad,9.0,Widowed,noValueSetHere123156456,Not-in-family,White,Female,0.0,0.0,,
,Private,266912.0,HS-grad,9.0,Married-civ-spouse,Sales,,White,Male,0.0,0.0,50.0,United-States
,,,Bachelors,,Never-married,Sales,Own-child,,Male,0.0,0.0,40.0,noValueSetHere123156456
29.0,,200511.0,Bachelors,13.0,Married-civ-spouse,Sales,Husband,White,Male,0.0,,50.0,United-States
39.0,Private,128715.0,,9.0,Divorced,Adm-clerical,Not-in-family,White,,10520.0,,,United-States
48.0,Self-emp-not-inc,,HS-grad,9.0,,Farming-fishing,Husband,White,Male,0.0,0.0,50.0,United-States
40.0,,,Some-college,,Married-civ-spouse,Craft-repair,,White,Male,,0.0,45.0,United-States
,,,Some-college,,Divorced,Exec-managerial,Unmarried,White,Male,0.0,0.0,45.0,Scotland
28.0,Self-emp-not-inc,125442.0,HS-grad,,Divorced,Craft-repair,,White,Male,,0.0,40.0,United-States
22.0,,,HS-grad,,,Exec-managerial,Own-child,,Female,0.0,0.0,20.0,United-States
,Private,121471.0,Bachelors,13.0,Never-married,Adm-clerical,Not-in-family,,,0.0,,40.0,United-States
65.0,Private,,Some-college,,,Protective-serv,,White,Male,0.0,0.0,,
,Local-gov,,Bachelors,,,Prof-specialty,Husband,White,,,0.0,40.0,United-States
20.0,noValueSetHere123156456,,Some-college,10.0,Never-married,noValueSetHere123156456,Own-child,White,Male,1055.0,0.0,50.0,
55.0,,98361.0,,14.0,Married-civ-spouse,Prof-specialty,,White,,15024.0,,,noValueSetHere123156456
38.0,Self-emp-not-inc,322143.0,Bachelors,13.0,Married-civ-spouse,Other-service,Husband,White,Male,0.0,0.0,10.0,United-States
33.0,Private,149184.0,HS-grad,,,Prof-specialty,,White,Male,,0.0,60.0,United-States
33.0,Local-gov,119829.0,,9.0,Married-civ-spouse,Adm-clerical,,,,0.0,0.0,60.0,United-States
37.0,Private,,Bachelors,13.0,Never-married,Sales,Not-in-family,Black,,0.0,0.0,40.0,
19.0,Private,176570.0,11th,7.0,Never-married,Machine-op-inspct,,White,Male,0.0,0.0,60.0,United-States
24.0,Private,216129.0,,13.0,,Sales,,White,Male,,,50.0,
,Private,,11th,7.0,Married-civ-spouse,Craft-repair,,,,0.0,0.0,45.0,
,State-gov,68830.0,HS-grad,,Divorced,Exec-managerial,Not-in-family,White,Female,0.0,0.0,50.0,United-States
22.0,State-gov,178818.0,Some-college,10.0,Never-married,Prof-specialty,Own-child,White,Female,0.0,,,
57.0,Private,236944.0,HS-grad,9.0,Married-civ-spouse,,Husband,Black,Male,0.0,,40.0,United-States
46.0,,273771.0,HS-grad,9.0,Married-civ-spouse,Tech-support,Husband,White,Male,0.0,0.0,40.0,United-States
67.0,Private,318533.0,HS-grad,9.0,Married-civ-spouse,Adm-clerical,,,,0.0,0.0,35.0,United-States
35.0,noValueSetHere123156456,451940.0,HS-grad,9.0,Never-married,,,Black,Female,0.0,,,
47.0,Private,102318.0,HS-grad,9.0,Separated,Craft-repair,Own-child,White,Male,0.0,0.0,40.0,
,Private,,10th,,Married-civ-spouse,,Husband,White,,0.0,0.0,40.0,United-States
50.0,Private,,Some-college,10.0,Divorced,Other-service,Unmarried,Asian-Pac-Islander,Male,,0.0,40.0,Philippines
,,211547.0,,8.0,,Sales,Not-in-family,White,Female,0.0,0.0,52.0,
36.0,Private,85272.0,Assoc-acdm,,Married-civ-spouse,,Wife,White,Female,0.0,0.0,30.0,United-States
45.0,Private,46406.0,,14.0,Married-civ-spouse,Prof-specialty,,White,Male,0.0,0.0,36.0,England
54.0,Private,,HS-grad,9.0,,Machine-op-inspct,Husband,White,Male,0.0,0.0,40.0,United-States
26.0,,,,13.0,Never-married,Adm-clerical,,,Male,0.0,0.0,30.0,United-States
60.0,Private,,HS-grad,9.0,Married-civ-spouse,Prof-specialty,,White,Male,0.0,0.0,40.0,United-States
,Private,370119.0,Prof-school,15.0,Married-civ-spouse,Prof-specialty,,,Male,99999.0,0.0,,United-States
26.0,Private,310907.0,Some-college,10.0,Married-civ-spouse,Exec-managerial,Wife,White,,0.0,0.0,35.0,United-States
32.0,Private,375833.0,11th,7.0,Never-married,,Other-relative,,Male,0.0,0.0,40.0,United-States
38.0,Local-gov,107513.0,HS-grad,,Married-civ-spouse,Transport-moving,Husband,White,Male,0.0,0.0,40.0,United-States
48.0,Self-emp-not-inc,,,10.0,Married-civ-spouse,,Husband,White,Male,,0.0,,United-States
44.0,Self-emp-not-inc,,HS-grad,,,Exec-managerial,,White,Male,,1977.0,45.0,United-States
37.0,Private,70240.0,HS-grad,9.0,Never-married,,,Asian-Pac-Islander,Female,0.0,0.0,40.0,Philippines
44.0,Private,147206.0,Some-college,,Married-civ-spouse,Exec-managerial,Husband,White,,0.0,0.0,,United-States
31.0,,175548.0,HS-grad,9.0,Never-married,,Not-in-family,Other,Female,0.0,0.0,35.0,United-States
61.0,Self-emp-not-inc,,,15.0,Married-civ-spouse,Prof-specialty,,White,Male,0.0,,,
,Private,126010.0,HS-grad,9.0,Married-civ-spouse,Craft-repair,,White,Male,0.0,0.0,40.0,United-States
,,,Bachelors,,Married-civ-spouse,Sales,Wife,,Female,15024.0,0.0,60.0,United-States
45.0,Private,428350.0,HS-grad,9.0,Married-civ-spouse,Machine-op-inspct,Wife,White,Female,0.0,,40.0,United-States
36.0,noValueSetHere123156456,200904.0,Assoc-acdm,12.0,Married-civ-spouse,,Wife,,Female,,0.0,21.0,
,Private,328466.0,11th,7.0,Married-civ-spouse,Other-service,,White,,2407.0,0.0,70.0,
,Local-gov,258973.0,HS-grad,,,,Not-in-family,,Female,0.0,,24.0,United-States
40.0,State-gov,345969.0,,,Married-civ-spouse,Adm-clerical,,,Male,0.0,0.0,40.0,United-States
27.0,Private,127796.0,5th-6th,3.0,Never-married,,Not-in-family,White,Male,,0.0,,Mexico
37.0,Private,405723.0,1st-4th,2.0,Married-civ-spouse,Machine-op-inspct,Husband,White,,0.0,,40.0,Mexico
57.0,Private,,,10.0,Married-civ-spouse,Exec-managerial,Husband,,Male,0.0,0.0,50.0,United-States
27.0,Private,284196.0,,6.0,,,Not-in-family,White,,,0.0,40.0,United-States
28.0,Private,89718.0,HS-grad,,,Sales,Not-in-family,,Female,,0.0,,
,Self-emp-inc,175761.0,Bachelors,13.0,,Prof-specialty,Husband,White,Male,,,60.0,
,Private,206369.0,,9.0,Married-civ-spouse,Machine-op-inspct,,White,Male,5178.0,0.0,,United-States
52.0,Private,,HS-grad,9.0,Divorced,Other-service,Other-relative,Black,Female,0.0,0.0,38.0,United-States
42.0,Private,,,13.0,Married-civ-spouse,Prof-specialty,Husband,White,Male,,0.0,45.0,
,Private,126754.0,,,,Prof-specialty,,White,Male,15024.0,,40.0,United-States
65.0,State-gov,209280.0,Masters,14.0,Married-civ-spouse,Prof-specialty,Husband,White,,6514.0,,,United-States
55.0,,52888.0,Prof-school,,Married-civ-spouse,,Wife,,Female,,0.0,,
71.0,Self-emp-inc,133821.0,HS-grad,9.0,,Adm-clerical,,White,Female,,0.0,20.0,
33.0,,240763.0,,,,Machine-op-inspct,Husband,Black,Male,0.0,0.0,,United-States
30.0,Private,39054.0,HS-grad,,Married-civ-spouse,Sales,Husband,,Male,0.0,0.0,40.0,United-States
35.0,Private,,Bachelors,,,Exec-managerial,Husband,White,Male,0.0,0.0,55.0,
59.0,,143372.0,,,Divorced,,Not-in-family,,Female,0.0,0.0,40.0,United-States
19.0,Private,,,10.0,Never-married,Handlers-cleaners,Own-child,,Male,0.0,0.0,20.0,United-States
36.0,Self-emp-not-inc,136028.0,9th,5.0,Married-civ-spouse,Craft-repair,Husband,White,Male,,0.0,30.0,United-States
,Self-emp-not-inc,163189.0,HS-grad,9.0,,Sales,Own-child,White,Male,0.0,0.0,40.0,
34.0,Local-gov,202729.0,HS-grad,,Married-civ-spouse,Protective-serv,Husband,White,,0.0,,,United-States
,,421871.0,,9.0,,Craft-repair,Husband,Black,Male,0.0,0.0,40.0,
,,120277.0,,13.0,Married-civ-spouse,Prof-specialty,Husband,,Male,15024.0,0.0,50.0,
,noValueSetHere123156456,211798.0,HS-grad,9.0,Separated,noValueSetHere123156456,Unmarried,,Female,0.0,0.0,40.0,United-States
47.0,Private,198901.0,,9.0,Married-civ-spouse,Craft-repair,Husband,White,Male,0.0,0.0,48.0,
18.0,Private,214617.0,Some-college,,Never-married,Sales,Own-child,White,Male,0.0,0.0,16.0,United-States
55.0,,179715.0,10th,6.0,Married-civ-spouse,Craft-repair,Husband,White,Male,0.0,0.0,,United-States
,,107231.0,HS-grad,9.0,,Craft-repair,Husband,White,Male,0.0,2002.0,40.0,United-States
,,110355.0,,,,Exec-managerial,Husband,White,Male,0.0,0.0,40.0,United-States
43.0,Private,,Bachelors,13.0,Never-married,,Not-in-family,,Male,,0.0,40.0,
,Private,273454.0,7th-8th,4.0,Married-civ-spouse,Protective-serv,,White,Male,0.0,0.0,40.0,
44.0,,,HS-grad,9.0,Married-civ-spouse,,Husband,Black,Male,0.0,,,United-States
39.0,,71701.0,,,Divorced,noValueSetHere123156456,Unmarried,White,Female,0.0,,40.0,United-States
,Self-emp-inc,160151.0,Some-college,10.0,Married-civ-spouse,Sales,Husband,,Male,0.0,0.0,60.0,United-States
35.0,Private,107991.0,11th,7.0,,Sales,Not-in-family,White,Male,0.0,0.0,45.0,United-States
52.0,,,,9.0,Married-civ-spouse,Adm-clerical,Husband,White,Male,0.0,,40.0,United-States
46.0,Private,99835.0,,15.0,Married-civ-spouse,Prof-specialty,Husband,White,Male,0.0,0.0,60.0,United-States
44.0,Private,,Assoc-acdm,12.0,,Sales,,White,Male,7688.0,0.0,40.0,United-States
,,83756.0,Some-college,10.0,Never-married,Exec-managerial,Unmarried,White,,,0.0,50.0,United-States
51.0,Private,120914.0,7th-8th,4.0,Married-civ-spouse,Craft-repair,Husband,,Male,2961.0,0.0,40.0,United-States
20.0,Private,180052.0,Some-college,10.0,Never-married,,,White,,0.0,0.0,20.0,United-States
47.0,,,Assoc-acdm,12.0,Married-civ-spouse,Adm-clerical,Wife,White,Female,0.0,0.0,40.0,Italy
43.0,Private,37937.0,Masters,,Divorced,Exec-managerial,,White,Male,,,50.0,United-States
64.0,noValueSetHere123156456,168340.0,HS-grad,9.0,Married-civ-spouse,noValueSetHere123156456,,,Male,0.0,,,
24.0,,,Some-college,10.0,Never-married,Craft-repair,,White,,0.0,0.0,40.0,United-States
27.0,,128059.0,Some-college,10.0,Married-civ-spouse,,Husband,,,,0.0,,
32.0,Private,420895.0,HS-grad,9.0,,Transport-moving,Husband,,Male,0.0,0.0,,United-States
37.0,Private,166744.0,HS-grad,9.0,Divorced,,,White,Female,,0.0,,
,,238768.0,,9.0,Married-civ-spouse,,Husband,White,,0.0,0.0,60.0,United-States
43.0,Private,176270.0,Bachelors,13.0,,Exec-managerial,Husband,White,Male,99999.0,0.0,60.0,United-States
50.0,Private,140592.0,,9.0,,Machine-op-inspct,Wife,,Female,0.0,0.0,,United-States
20.0,Self-emp-not-inc,211466.0,HS-grad,9.0,Never-married,Transport-moving,,,Male,0.0,0.0,80.0,United-States
37.0,Private,188540.0,,9.0,,,Husband,White,Male,0.0,1902.0,45.0,United-States
43.0,Private,39581.0,HS-grad,9.0,,Other-service,Not-in-family,Black,Female,0.0,0.0,,United-States
37.0,Private,171150.0,HS-grad,9.0,Married-civ-spouse,,Husband,,Male,0.0,1887.0,,United-States
53.0,,117496.0,,5.0,,Other-service,Not-in-family,White,Female,0.0,0.0,36.0,
44.0,Private,145160.0,Doctorate,,Married-civ-spouse,Prof-specialty,Husband,,Male,0.0,,40.0,
25.0,Private,28520.0,HS-grad,9.0,Never-married,Other-service,Not-in-family,White,Female,0.0,,,
17.0,,103851.0,,7.0,,Adm-clerical,,White,Female,1055.0,0.0,20.0,United-States
,Private,375077.0,HS-grad,9.0,Never-married,Sales,Own-child,White,Male,,0.0,50.0,United-States
53.0,,281590.0,HS-grad,9.0,Married-civ-spouse,Exec-managerial,Wife,White,Female,15024.0,0.0,40.0,
44.0,Private,,Some-college,10.0,Married-civ-spouse,Sales,,,Male,0.0,0.0,50.0,United-States
51.0,,415287.0,HS-grad,9.0,Married-civ-spouse,Machine-op-inspct,,Black,,0.0,,,
49.0,Private,32212.0,HS-grad,9.0,,Exec-managerial,,,Female,0.0,0.0,43.0,United-States
35.0,,123606.0,Some-college,,,Handlers-cleaners,Husband,,Male,0.0,0.0,40.0,United-States
44.0,Private,202565.0,HS-grad,9.0,Divorced,,,White,Male,0.0,0.0,45.0,United-States
54.0,Private,177927.0,Masters,14.0,Married-civ-spouse,Prof-specialty,,White,Male,0.0,0.0,,United-States
37.0,Private,256723.0,Some-college,10.0,,Adm-clerical,Unmarried,Black,Female,0.0,0.0,35.0,United-States
18.0,Private,,Some-college,10.0,Never-married,Other-service,Own-child,,Female,0.0,0.0,,United-States
24.0,,266926.0,Some-college,,Married-civ-spouse,Handlers-cleaners,,White,Male,0.0,0.0,40.0,United-States
29.0,Private,112031.0,HS-grad,9.0,,,,White,Female,,0.0,50.0,
22.0,noValueSetHere123156456,,Some-college,,Divorced,noValueSetHere123156456,,White,Female,0.0,0.0,35.0,United-States
35.0,Private,168817.0,HS-grad,9.0,Never-married,Machine-op-inspct,Not-in-family,White,Male,,0.0,40.0,
56.0,Private,187487.0,HS-grad,9.0,Married-civ-spouse,Craft-repair,,White,Male,0.0,0.0,48.0,United-States
32.0,noValueSetHere123156456,158784.0,7th-8th,,,noValueSetHere123156456,,White,Female,,,40.0,United-States
24.0,Private,,Bachelors,13.0,Never-married,Machine-op-inspct,Not-in-family,,,0.0,0.0,45.0,China
43.0,,,Masters,14.0,Married-civ-spouse,Exec-managerial,Husband,,Male,,1902.0,,United-States
73.0,Private,,,9.0,,Sales,Other-relative,White,Female,0.0,0.0,15.0,United-States
47.0,Federal-gov,,Some-college,10.0,Married-civ-spouse,Craft-repair,Husband,White,Male,0.0,,40.0,
49.0,Private,,,8.0,Married-civ-spouse,Machine-op-inspct,,White,Male,0.0,0.0,39.0,United-States
38.0,,156728.0,Bachelors,13.0,Married-civ-spouse,,Husband,,,0.0,,,United-States
31.0,Private,148600.0,HS-grad,,Married-civ-spouse,,Husband,Black,Male,0.0,0.0,40.0,United-States
39.0,Private,19914.0,Some-college,10.0,,,Unmarried,Amer-Indian-Eskimo,Female,,0.0,40.0,United-States
42.0,Private,190767.0,,13.0,Divorced,Adm-clerical,Not-in-family,White,,,,,United-States
41.0,Private,233955.0,Masters,,Married-civ-spouse,Prof-specialty,Husband,Asian-Pac-Islander,Male,,0.0,45.0,China
35.0,Private,30381.0,Bachelors,,,Sales,Husband,White,Male,0.0,,,United-States
,Private,187069.0,HS-grad,9.0,Married-civ-spouse,Transport-moving,Husband,White,Male,,,45.0,
31.0,,367314.0,HS-grad,9.0,,Adm-clerical,,White,Female,,0.0,40.0,United-States
,Local-gov,101119.0,HS-grad,9.0,Married-civ-spouse,Protective-serv,Husband,White,Male,0.0,,70.0,United-States
38.0,Private,86551.0,Bachelors,,Divorced,Sales,Not-in-family,White,Male,,,48.0,United-States
40.0,,218995.0,Some-college,10.0,Married-civ-spouse,Exec-managerial,Husband,White,Male,0.0,0.0,,United-States
21.0,,,,9.0,Never-married,Other-service,Not-in-family,White,Female,,,30.0,United-States
44.0,Private,303521.0,Some-college,10.0,,,Not-in-family,White,,0.0,0.0,40.0,
,Private,199067.0,,9.0,Married-civ-spouse,Craft-repair,Husband,White,Male,0.0,,40.0,United-States
,Private,247445.0,HS-grad,,,,Not-in-family,,Male,,0.0,,
49.0,Private,,Masters,14.0,Married-civ-spouse,Prof-specialty,Wife,,Female,0.0,,50.0,United-States
31.0,Private,,Assoc-voc,11.0,Married-civ-spouse,Other-service,Husband,,,0.0,0.0,42.0,United-States
,Private,180060.0,Masters,14.0,Never-married,Exec-managerial,Own-child,,Male,6849.0,0.0,90.0,
46.0,,,,10.0,Never-married,Exec-managerial,Not-in-family,,Male,0.0,,40.0,
26.0,Private,,HS-grad,9.0,,Sales,Not-in-family,Black,,0.0,0.0,40.0,United-States
35.0,Private,239755.0,Bachelors,13.0,Never-married,Other-service,Not-in-family,,Male,0.0,0.0,38.0,
,Private,377680.0,,11.0,Never-married,,,White,,0.0,0.0,,United-States
64.0,Self-emp-not-inc,134960.0,Bachelors,13.0,Married-civ-spouse,Exec-managerial,,White,Male,,,,United-States
26.0,Private,,Bachelors,,Never-married,Craft-repair,,White,,0.0,0.0,40.0,
21.0,Private,32616.0,HS-grad,9.0,Never-married,Other-service,Not-in-family,White,Female,0.0,1719.0,16.0,United-States
45.0,,182655.0,,13.0,Divorced,,Not-in-family,White,Male,,,45.0,noValueSetHere123156456
57.0,Local-gov,,,9.0,Married-civ-spouse,,Husband,White,,0.0,0.0,72.0,
30.0,Private,117963.0,Bachelors,13.0,,,,White,Male,0.0,0.0,40.0,United-States
45.0,Private,98881.0,11th,7.0,Married-civ-spouse,Other-service,Wife,,Female,,0.0,32.0,United-States
50.0,Private,196963.0,7th-8th,4.0,Divorced,Craft-repair,Not-in-family,White,,,0.0,30.0,United-States
38.0,,166988.0,Bachelors,13.0,Never-married,,Own-child,,Female,0.0,0.0,,United-States
43.0,Self-emp-not-inc,193459.0,Some-college,10.0,Married-civ-spouse,,Husband,White,,0.0,,60.0,United-States
42.0,Private,182342.0,Some-college,10.0,Widowed,Exec-managerial,Not-in-family,White,Female,0.0,0.0,55.0,
32.0,Private,496743.0,Bachelors,13.0,,Prof-specialty,Own-child,White,Male,0.0,0.0,40.0,United-States
20.0,Private,154781.0,HS-grad,9.0,Never-married,Adm-clerical,Not-in-family,White,Female,0.0,,40.0,
27.0,Private,219371.0,HS-grad,,Never-married,Other-service,Not-in-family,,Female,,0.0,35.0,United-States
45.0,,99179.0,11th,7.0,Widowed,Adm-clerical,Unmarried,White,Female,,0.0,40.0,United-States
40.0,Private,,HS-grad,,Never-married,,Not-in-family,,,0.0,0.0,40.0,
,Private,304651.0,HS-grad,9.0,Divorced,,Not-in-family,,Male,0.0,0.0,60.0,United-States
37.0,Private,349689.0,,9.0,Divorced,Adm-clerical,Unmarried,White,,,0.0,40.0,United-States
60.0,Private,106850.0,10th,6.0,Divorced,,Not-in-family,,Female,0.0,0.0,,
,Self-emp-not-inc,196328.0,HS-grad,,,Exec-managerial,Husband,,Male,0.0,0.0,45.0,United-States
,Private,169323.0,Bachelors,,Married-civ-spouse,Exec-managerial,Own-child,,,0.0,0.0,,United-States
47.0,Self-emp-not-inc,162924.0,,13.0,Divorced,Exec-managerial,Not-in-family,Asian-Pac-Islander,Male,0.0,0.0,,Japan
,Self-emp-not-inc,34037.0,,9.0,Never-married,Farming-fishing,Not-in-family,,Male,0.0,0.0,70.0,United-States
51.0,noValueSetHere123156456,,HS-grad,,Married-civ-spouse,,,White,Male,0.0,0.0,40.0,
,,,Some-college,10.0,,,Own-child,White,Female,,0.0,,
42.0,Private,,,10.0,,Prof-specialty,Wife,White,,0.0,0.0,50.0,United-States
,,266081.0,,9.0,Married-civ-spouse,noValueSetHere123156456,Husband,,Male,,0.0,,United-States
41.0,Private,165309.0,Bachelors,,Divorced,Adm-clerical,Unmarried,White,Female,,0.0,40.0,United-States
28.0,Private,215873.0,10th,6.0,,Machine-op-inspct,,,Male,0.0,0.0,45.0,United-States
,,133938.0,Masters,,Divorced,,Not-in-family,,Female,27828.0,0.0,,United-States
49.0,,159816.0,Bachelors,13.0,Married-civ-spouse,Prof-specialty,Wife,White,Female,99999.0,0.0,20.0,United-States
24.0,Private,,HS-grad,9.0,Never-married,,Other-relative,Black,,,0.0,40.0,United-States
,Private,195576.0,11th,7.0,Married-civ-spouse,Machine-op-inspct,Husband,,Male,0.0,0.0,,United-States
,Private,105200.0,,9.0,Married-civ-spouse,Protective-serv,Husband,White,,6767.0,0.0,20.0,
26.0,Private,167350.0,Some-college,,Married-civ-spouse,Tech-support,Husband,,Male,3103.0,0.0,40.0,United-States
29.0,Private,52199.0,HS-grad,9.0,Married-spouse-absent,Protective-serv,,White,Male,,0.0,40.0,
,Private,171338.0,Some-college,,Married-civ-spouse,Exec-managerial,,White,Male,,0.0,,
51.0,,120173.0,Assoc-voc,11.0,,Craft-repair,,White,,3103.0,,50.0,
17.0,noValueSetHere123156456,158762.0,,6.0,,noValueSetHere123156456,Own-child,,Female,0.0,,20.0,United-States
,Private,169818.0,HS-grad,9.0,Married-civ-spouse,Other-service,Wife,Black,Female,0.0,0.0,,United-States
31.0,Private,288419.0,10th,6.0,Married-civ-spouse,Machine-op-inspct,Husband,White,Male,0.0,0.0,40.0,United-States
23.0,Private,207546.0,11th,7.0,Married-civ-spouse,Machine-op-inspct,Husband,White,Male,,0.0,40.0,
59.0,,147707.0,HS-grad,9.0,Widowed,,Unmarried,White,Male,,2339.0,,
17.0,noValueSetHere123156456,228373.0,10th,6.0,Never-married,noValueSetHere123156456,,,Male,,0.0,,United-States
43.0,Private,193882.0,Some-college,10.0,Married-civ-spouse,Sales,,White,Male,7688.0,,40.0,United-States
38.0,Private,31033.0,Bachelors,13.0,,Sales,,White,,7298.0,,40.0,United-States
37.0,Private,,HS-grad,9.0,Married-civ-spouse,Exec-managerial,Husband,White,Male,0.0,0.0,40.0,United-States
29.0,Private,183523.0,10th,6.0,Never-married,Other-service,,White,Male,0.0,,40.0,United-States
39.0,Private,238415.0,Bachelors,13.0,,Exec-managerial,,White,Male,,0.0,50.0,United-States
31.0,Private,19302.0,Assoc-acdm,12.0,Never-married,,,White,Male,2202.0,0.0,38.0,United-States
,Local-gov,,Bachelors,13.0,Married-spouse-absent,Prof-specialty,,White,Female,,0.0,45.0,United-States
35.0,Local-gov,,,14.0,Married-civ-spouse,Prof-specialty,Wife,White,Female,0.0,,35.0,United-States
39.0,,79331.0,Masters,14.0,Married-civ-spouse,Exec-managerial,Husband,Asian-Pac-Islander,Male,15024.0,0.0,40.0,United-States
40.0,Private,135056.0,Assoc-acdm,,Divorced,Adm-clerical,,,Female,,,,United-States
66.0,,142723.0,5th-6th,3.0,Married-spouse-absent,,Unmarried,,Female,0.0,0.0,,Puerto-Rico
30.0,,188569.0,,,,Tech-support,,,Male,0.0,,,
43.0,Private,,,12.0,Divorced,,,,Male,0.0,,40.0,
,,178309.0,9th,5.0,Never-married,Other-service,Unmarried,,Female,0.0,0.0,50.0,
45.0,,,Masters,14.0,,Adm-clerical,,,Female,0.0,,40.0,Philippines
31.0,,53042.0,Some-college,10.0,,Machine-op-inspct,Husband,,,,0.0,40.0,
,Private,155343.0,HS-grad,9.0,Married-civ-spouse,,Husband,White,Male,3103.0,0.0,40.0,
32.0,Private,35595.0,Bachelors,13.0,Never-married,Adm-clerical,Not-in-family,White,Male,,,40.0,
,Private,429507.0,Assoc-acdm,,Married-civ-spouse,Handlers-cleaners,,,Male,0.0,0.0,40.0,
50.0,,,HS-grad,,Married-civ-spouse,Adm-clerical,Husband,White,Male,0.0,0.0,40.0,United-States
,Private,151210.0,7th-8th,4.0,,Sales,Not-in-family,,,0.0,0.0,,United-States
,,186792.0,Bachelors,13.0,Married-civ-spouse,,Husband,White,,0.0,0.0,40.0,United-States
,Private,,,10.0,Widowed,,Unmarried,Black,Female,,,,United-States
,,87205.0,HS-grad,9.0,,,Not-in-family,White,Female,0.0,0.0,,United-States
,Self-emp-inc,112847.0,Prof-school,15.0,Married-civ-spouse,Prof-specialty,Husband,Asian-Pac-Islander,Male,0.0,0.0,40.0,United-States
41.0,Private,107306.0,,,Never-married,Exec-managerial,Not-in-family,White,,2174.0,0.0,40.0,United-States
50.0,State-gov,211319.0,Masters,,Never-married,Prof-specialty,Not-in-family,,Male,,0.0,38.0,
,Private,,11th,7.0,Married-civ-spouse,Machine-op-inspct,Husband,White,Male,,0.0,,United-States
32.0,Private,,HS-grad,9.0,Married-civ-spouse,,Husband,White,Male,0.0,0.0,49.0,United-States
73.0,Local-gov,232871.0,7th-8th,4.0,,Protective-serv,,,,,,10.0,
52.0,Self-emp-inc,101017.0,,9.0,Divorced,Exec-managerial,Unmarried,White,Male,0.0,,38.0,United-States
57.0,Private,114495.0,,9.0,,,Husband,White,Male,0.0,0.0,60.0,United-States
35.0,Private,183898.0,Assoc-voc,11.0,Married-civ-spouse,Exec-managerial,Husband,White,Male,7298.0,0.0,50.0,United-States
51.0,,163921.0,Bachelors,13.0,Married-civ-spouse,Transport-moving,,,Male,0.0,0.0,56.0,United-States
22.0,Private,311764.0,11th,7.0,Widowed,Sales,Own-child,Black,Female,0.0,0.0,,United-States
49.0,,,HS-grad,,,,Husband,White,Male,0.0,0.0,,
22.0,Private,,HS-grad,9.0,Never-married,,,Black,Male,0.0,0.0,40.0,
46.0,Local-gov,36228.0,HS-grad,9.0,,Craft-repair,Husband,White,,0.0,1902.0,40.0,United-States
48.0,,199739.0,,9.0,Divorced,Craft-repair,,White,Female,,,40.0,United-States
52.0,Private,185407.0,,9.0,Married-civ-spouse,Craft-repair,Husband,White,,,,40.0,
43.0,State-gov,206139.0,Bachelors,13.0,,Adm-clerical,,White,,0.0,0.0,50.0,United-States
25.0,Private,282063.0,,4.0,Married-civ-spouse,Handlers-cleaners,Husband,White,Male,0.0,,40.0,
31.0,,332379.0,7th-8th,4.0,Never-married,Craft-repair,Not-in-family,White,Male,0.0,0.0,40.0,United-States
19.0,Private,418324.0,Some-college,,Never-married,Sales,Own-child,White,Male,0.0,0.0,36.0,
19.0,noValueSetHere123156456,263338.0,Some-college,,Never-married,,Own-child,White,Male,0.0,0.0,45.0,
51.0,,158948.0,HS-grad,9.0,Married-civ-spouse,Transport-moving,,White,Male,0.0,,84.0,United-States
51.0,Private,,,,Divorced,Exec-managerial,Unmarried,,Male,,0.0,,United-States
22.0,,202920.0,HS-grad,9.0,Never-married,Prof-specialty,Unmarried,White,Female,99999.0,0.0,40.0,
,,,HS-grad,,,Adm-clerical,Unmarried,Black,Female,0.0,,35.0,United-States
19.0,,286469.0,Some-college,,Never-married,Sales,Own-child,White,Female,0.0,0.0,30.0,United-States
45.0,Private,191914.0,HS-grad,9.0,Divorced,Transport-moving,Unmarried,White,,,,55.0,
21.0,,142766.0,Some-college,10.0,,Other-service,Own-child,White,Male,0.0,0.0,,United-States
52.0,Private,,HS-grad,9.0,,Sales,Not-in-family,,,0.0,0.0,,United-States
46.0,Local-gov,272780.0,Some-college,,,Prof-specialty,Husband,White,Male,0.0,0.0,,United-States
42.0,,,Masters,,Divorced,Prof-specialty,Not-in-family,White,,0.0,,38.0,United-States
56.0,Private,261232.0,HS-grad,9.0,,Craft-repair,Not-in-family,,Male,0.0,,40.0,United-States
23.0,Private,64292.0,HS-grad,,Never-married,Adm-clerical,,White,Female,0.0,0.0,40.0,United-States
58.0,Private,,,14.0,Married-civ-spouse,Sales,Husband,,Male,0.0,0.0,40.0,United-States
70.0,Private,30713.0,HS-grad,9.0,,,Husband,White,Male,0.0,0.0,30.0,United-States
30.0,,246439.0,Some-college,10.0,,,,White,Male,0.0,,,United-States
,Private,,,13.0,Married-civ-spouse,,Husband,Asian-Pac-Islander,,,,40.0,Philippines
23.0,Private,,,10.0,Never-married,Craft-repair,Not-in-family,White,Male,0.0,0.0,,United-States
,,62463.0,Some-college,10.0,,Transport-moving,Husband,White,,0.0,1579.0,,
,Private,31603.0,Bachelors,13.0,Married-civ-spouse,Craft-repair,Wife,White,Female,0.0,0.0,40.0,United-States
24.0,Private,165054.0,Assoc-voc,11.0,Married-civ-spouse,,,White,,0.0,0.0,40.0,United-States
,Private,121618.0,7th-8th,4.0,Never-married,,Not-in-family,Amer-Indian-Eskimo,Male,0.0,,40.0,United-States
45.0,,273194.0,HS-grad,9.0,Never-married,Transport-moving,Not-in-family,Black,Male,3325.0,0.0,40.0,United-States
,noValueSetHere123156456,,Some-college,10.0,Never-married,noValueSetHere123156456,Own-child,White,Female,0.0,0.0,40.0,United-States
,Private,538319.0,Some-college,10.0,Never-married,Other-service,Own-child,White,,0.0,0.0,,Puerto-Rico
,Private,238246.0,Bachelors,13.0,Never-married,Prof-specialty,Not-in-family,,,0.0,,40.0,United-States
32.0,,244665.0,,9.0,Married-civ-spouse,Craft-repair,Husband,White,,5178.0,0.0,45.0,United-States
21.0,Private,131811.0,HS-grad,9.0,Married-civ-spouse,,Husband,,Male,,0.0,40.0,United-States
63.0,noValueSetHere123156456,231777.0,Masters,,Married-civ-spouse,noValueSetHere123156456,Husband,,,0.0,0.0,30.0,United-States
,Private,156807.0,9th,5.0,Never-married,,Own-child,Black,Male,0.0,0.0,36.0,United-States
28.0,Private,236861.0,,13.0,Divorced,Craft-repair,Unmarried,White,,,0.0,50.0,
29.0,,229842.0,HS-grad,9.0,Never-married,Transport-moving,,,Male,0.0,0.0,45.0,United-States
25.0,,190057.0,Bachelors,,Never-married,Prof-specialty,Own-child,White,Female,,0.0,40.0,United-States
44.0,State-gov,55076.0,Masters,,Never-married,Prof-specialty,,White,Female,0.0,0.0,60.0,United-States
18.0,Private,152545.0,,9.0,Never-married,Other-service,,White,Female,,0.0,8.0,
26.0,,153434.0,HS-grad,9.0,Never-married,Other-service,Own-child,White,Male,0.0,0.0,24.0,United-States
47.0,,,Assoc-acdm,,,Adm-clerical,Wife,White,Female,0.0,,35.0,United-States
23.0,,,HS-grad,9.0,Divorced,,Not-in-family,,Male,,0.0,40.0,United-States
46.0,Private,,Some-college,10.0,Married-civ-spouse,Machine-op-inspct,Husband,White,Male,0.0,,,United-States
,Local-gov,95450.0,Bachelors,13.0,Married-civ-spouse,Exec-managerial,Husband,White,,5178.0,0.0,,United-States
,Private,176520.0,HS-grad,9.0,,Craft-repair,Other-relative,,Male,,0.0,40.0,
,,72338.0,HS-grad,9.0,Married-civ-spouse,Protective-serv,Husband,Asian-Pac-Islander,Male,0.0,,54.0,United-States
60.0,noValueSetHere123156456,386261.0,Bachelors,13.0,Married-spouse-absent,noValueSetHere123156456,Unmarried,Black,Female,0.0,0.0,15.0,
23.0,Private,,,,Never-married,Other-service,Not-in-family,White,Male,0.0,,20.0,United-States
36.0,Federal-gov,128884.0,HS-grad,9.0,Divorced,Adm-clerical,Not-in-family,White,Female,0.0,0.0,48.0,United-States
,,187226.0,9th,5.0,Divorced,Other-service,Not-in-family,White,Male,0.0,0.0,25.0,
32.0,Self-emp-not-inc,,Bachelors,13.0,Married-civ-spouse,Prof-specialty,Husband,White,Male,0.0,0.0,45.0,United-States
40.0,Private,173607.0,10th,6.0,Married-civ-spouse,Transport-moving,,White,Male,0.0,0.0,,
,Private,226756.0,HS-grad,9.0,,Adm-clerical,,Black,,0.0,0.0,40.0,United-States
31.0,Private,157887.0,Some-college,10.0,Married-civ-spouse,Exec-managerial,Husband,White,Male,0.0,0.0,,United-States
32.0,State-gov,171111.0,Bachelors,13.0,Never-married,Adm-clerical,Not-in-family,White,Male,0.0,0.0,37.0,
21.0,Private,126314.0,Some-college,10.0,,Other-service,,White,,,0.0,10.0,United-States
63.0,,174018.0,Some-college,10.0,Married-civ-spouse,Sales,Husband,,Male,0.0,0.0,40.0,United-States
,,144778.0,Some-college,10.0,,,,White,,0.0,0.0,45.0,
42.0,Self-emp-not-inc,201522.0,Bachelors,13.0,Married-civ-spouse,Sales,Husband,White,Male,0.0,0.0,60.0,United-States
23.0,noValueSetHere123156456,,Bachelors,13.0,Never-married,noValueSetHere123156456,Own-child,White,Male,0.0,0.0,35.0,United-States
,Private,399088.0,Some-college,,Divorced,Adm-clerical,Not-in-family,White,Female,,0.0,45.0,United-States
,Private,,HS-grad,9.0,Never-married,Other-service,,White,Male,0.0,0.0,40.0,El-Salvador
42.0,,102606.0,Bachelors,13.0,,Tech-support,,White,,0.0,0.0,40.0,United-States
44.0,Self-emp-not-inc,246862.0,HS-grad,9.0,Married-civ-spouse,,Wife,,Female,0.0,,40.0,Italy
27.0,Federal-gov,508336.0,Bachelors,13.0,Never-married,Exec-managerial,,Black,Male,0.0,0.0,48.0,United-States
27.0,,263431.0,,,Never-married,Exec-managerial,Unmarried,White,,0.0,,40.0,United-States
22.0,Private,,HS-grad,,Never-married,Other-service,Not-in-family,White,Female,0.0,0.0,45.0,
68.0,Private,107910.0,,9.0,Never-married,Sales,Not-in-family,White,,0.0,0.0,40.0,United-States
55.0,,,Some-college,10.0,Married-civ-spouse,Farming-fishing,,White,,0.0,0.0,99.0,United-States
22.0,Self-emp-not-inc,,HS-grad,9.0,Never-married,,Own-child,White,,0.0,0.0,,
25.0,Private,199545.0,Some-college,10.0,Married-civ-spouse,,,White,,0.0,0.0,,United-States
68.0,Self-emp-not-inc,197015.0,HS-grad,,Married-civ-spouse,Farming-fishing,Husband,White,Male,0.0,0.0,45.0,United-States
62.0,Private,,Some-college,,Widowed,Exec-managerial,Not-in-family,White,Female,0.0,0.0,16.0,United-States
26.0,Private,33610.0,HS-grad,9.0,Divorced,Other-service,Other-relative,White,,0.0,,40.0,United-States
,Private,192002.0,Masters,14.0,,Prof-specialty,Husband,White,Male,0.0,,55.0,United-States
68.0,,67791.0,Some-college,10.0,Widowed,,Not-in-family,White,,0.0,,40.0,United-States
42.0,Local-gov,445382.0,Bachelors,,Separated,Exec-managerial,,White,Male,,0.0,45.0,
45.0,,112283.0,,13.0,,Sales,Husband,White,Male,,,55.0,
26.0,Private,157249.0,11th,7.0,Never-married,Transport-moving,,,,,0.0,40.0,United-States
,Private,109872.0,HS-grad,,Married-civ-spouse,,Husband,White,Male,0.0,,45.0,
23.0,,119838.0,Bachelors,13.0,Never-married,,Own-child,White,Male,0.0,0.0,50.0,United-States
29.0,Private,,Some-college,10.0,Never-married,Other-service,Not-in-family,Other,,,1590.0,40.0,noValueSetHere123156456
,Without-pay,27012.0,7th-8th,4.0,,Farming-fishing,Unmarried,White,,0.0,,50.0,United-States
31.0,Private,,HS-grad,,Never-married,Transport-moving,Not-in-family,White,Male,0.0,0.0,,United-States
,Private,270276.0,HS-grad,9.0,Never-married,Adm-clerical,,White,Female,0.0,0.0,40.0,United-States
39.0,Private,179271.0,Some-college,10.0,Married-civ-spouse,Craft-repair,,,Male,0.0,0.0,50.0,United-States
44.0,Private,161819.0,HS-grad,9.0,Married-civ-spouse,Machine-op-inspct,Husband,White,Male,0.0,,,
45.0,Local-gov,339681.0,,,Divorced,Prof-specialty,Unmarried,White,Female,,,45.0,United-States
26.0,Self-emp-not-inc,219897.0,,14.0,Never-married,Prof-specialty,Not-in-family,,Female,0.0,,50.0,United-States
26.0,,91683.0,10th,6.0,Married-civ-spouse,Transport-moving,Husband,White,Male,0.0,0.0,35.0,
36.0,Private,,9th,,Married-civ-spouse,Transport-moving,Husband,White,,0.0,0.0,,United-States
38.0,Private,187046.0,11th,7.0,,,Husband,White,Male,,,45.0,United-States
39.0,Private,191807.0,HS-grad,9.0,Never-married,Machine-op-inspct,,White,Male,0.0,0.0,48.0,
,Self-emp-inc,179951.0,,15.0,,Exec-managerial,Husband,White,Male,0.0,0.0,,
39.0,Private,324420.0,,2.0,Married-civ-spouse,,Husband,White,,0.0,,45.0,Mexico
41.0,,66632.0,Some-college,10.0,,Craft-repair,Not-in-family,White,,,,40.0,
42.0,,,Masters,14.0,Married-civ-spouse,Exec-managerial,Husband,,Male,,1902.0,60.0,
47.0,,162034.0,Bachelors,13.0,Married-civ-spouse,Sales,,White,Male,0.0,0.0,,
,Local-gov,218990.0,Assoc-voc,11.0,Married-civ-spouse,Protective-serv,,Black,Male,0.0,,,United-States
25.0,Local-gov,,Bachelors,13.0,Never-married,Prof-specialty,,,Male,0.0,0.0,35.0,United-States
35.0,Private,225330.0,Bachelors,13.0,Never-married,Adm-clerical,Not-in-family,,,0.0,0.0,40.0,United-States
32.0,Private,,HS-grad,9.0,Separated,,Unmarried,White,Female,,,40.0,United-States
38.0,,119741.0,,14.0,Married-civ-spouse,Craft-repair,Husband,Black,Male,0.0,0.0,40.0,United-States
,Private,32000.0,,10.0,Married-civ-spouse,,Husband,White,Male,,0.0,,United-States
21.0,noValueSetHere123156456,124242.0,,10.0,Never-married,,Own-child,White,,0.0,0.0,,United-States
27.0,Private,278581.0,Bachelors,,Never-married,Sales,,White,Female,0.0,0.0,,United-States
,,230224.0,Bachelors,13.0,Never-married,Exec-managerial,Not-in-family,White,,0.0,,55.0,United-States
,Private,,Bachelors,13.0,Never-married,Sales,,White,,0.0,,48.0,United-States
45.0,Private,,HS-grad,9.0,Married-civ-spouse,Handlers-cleaners,Husband,White,Male,0.0,1628.0,45.0,United-States
20.0,Private,164922.0,HS-grad,,,Craft-repair,Own-child,White,Male,,,40.0,United-States
57.0,Private,195176.0,,14.0,,Prof-specialty,,White,Male,0.0,0.0,80.0,United-States
,Private,,,10.0,Divorced,Adm-clerical,Not-in-family,White,Male,0.0,0.0,48.0,United-States
50.0,,156008.0,11th,7.0,,noValueSetHere123156456,Own-child,Black,Female,0.0,,40.0,United-States
28.0,,162551.0,7th-8th,4.0,Married-civ-spouse,Machine-op-inspct,Other-relative,Asian-Pac-Islander,Female,0.0,0.0,48.0,
25.0,Private,211231.0,HS-grad,9.0,,Tech-support,Other-relative,White,Female,0.0,0.0,,United-States
,,169990.0,,,Married-civ-spouse,Sales,Husband,,Male,,,40.0,United-States
90.0,Private,221832.0,,,Married-civ-spouse,Exec-managerial,Husband,White,Male,0.0,0.0,45.0,United-States
,Local-gov,255454.0,Bachelors,13.0,Separated,Prof-specialty,,Black,Male,0.0,0.0,40.0,
,,,Bachelors,13.0,Married-spouse-absent,Exec-managerial,,White,Female,0.0,0.0,,United-States
50.0,State-gov,,,13.0,,Exec-managerial,Husband,White,Male,0.0,0.0,40.0,Canada
26.0,Local-gov,,,9.0,Never-married,Adm-clerical,,White,Female,0.0,,40.0,
39.0,,165186.0,Some-college,,,Farming-fishing,Husband,,Male,0.0,0.0,45.0,United-States
56.0,Private,31782.0,10th,6.0,Married-civ-spouse,Sales,,White,Male,0.0,0.0,40.0,
24.0,,,HS-grad,9.0,,Protective-serv,Unmarried,,Female,0.0,0.0,40.0,United-States
,Private,,HS-grad,9.0,Married-civ-spouse,Adm-clerical,Wife,White,Female,7688.0,0.0,,United-States
18.0,Local-gov,153405.0,11th,7.0,Never-married,Adm-clerical,,White,Female,0.0,0.0,25.0,United-States
,Private,329980.0,Masters,14.0,Married-civ-spouse,Exec-managerial,Husband,White,Male,0.0,,60.0,United-States
57.0,Private,,Masters,14.0,,Prof-specialty,Not-in-family,,Female,0.0,0.0,,
43.0,State-gov,218542.0,HS-grad,9.0,,Adm-clerical,Unmarried,Black,,,0.0,40.0,United-States
29.0,,303446.0,Bachelors,,Married-civ-spouse,Prof-specialty,Husband,White,Male,0.0,0.0,25.0,Nicaragua
40.0,Private,102606.0,,14.0,Married-civ-spouse,,,,Male,0.0,0.0,,United-States
44.0,Self-emp-not-inc,483201.0,Bachelors,13.0,Married-civ-spouse,,Husband,White,Male,,0.0,,United-States
77.0,,,,9.0,Married-civ-spouse,Exec-managerial,Husband,White,Male,0.0,0.0,,United-States
30.0,Private,226013.0,,13.0,Never-married,Prof-specialty,Not-in-family,Black,,0.0,0.0,40.0,
,Private,165475.0,,9.0,Married-civ-spouse,Machine-op-inspct,Husband,White,Male,0.0,,,United-States
66.0,,263637.0,,6.0,Married-civ-spouse,Protective-serv,,White,,0.0,0.0,40.0,United-States
,Private,201495.0,11th,7.0,Never-married,,Own-child,White,Male,,0.0,,United-States
68.0,Private,213720.0,,9.0,Married-civ-spouse,Sales,Husband,,Male,,0.0,40.0,United-States
,,,HS-grad,9.0,Widowed,Other-service,,White,,0.0,,38.0,United-States
26.0,Private,,,13.0,Never-married,,,,Female,0.0,0.0,,United-States
32.0,Private,190511.0,Some-college,10.0,Married-civ-spouse,Exec-managerial,,,,0.0,0.0,40.0,United-States
32.0,Private,242150.0,,9.0,Never-married,,Own-child,White,,0.0,0.0,38.0,United-States
51.0,Local-gov,159755.0,Masters,14.0,Married-civ-spouse,Prof-specialty,Husband,,,0.0,,,United-States
,Private,147629.0,Masters,,Married-civ-spouse,Prof-specialty,,White,Male,,0.0,45.0,
49.0,,,Bachelors,13.0,Married-civ-spouse,Sales,Husband,White,Male,0.0,0.0,50.0,United-States
28.0,Private,188711.0,Bachelors,,,Transport-moving,Unmarried,White,Male,0.0,0.0,20.0,United-States
29.0,Private,,HS-grad,9.0,Divorced,Other-service,Unmarried,White,Female,0.0,0.0,,
,Private,260847.0,Some-college,,Never-married,Sales,Own-child,White,Male,0.0,0.0,30.0,United-States
28.0,,291374.0,HS-grad,9.0,Never-married,Adm-clerical,,Black,Female,,0.0,40.0,
55.0,,,10th,6.0,Married-civ-spouse,Craft-repair,Husband,White,Male,0.0,,40.0,United-States
,Self-emp-not-inc,133969.0,HS-grad,9.0,Married-civ-spouse,Sales,Husband,Asian-Pac-Islander,Male,0.0,,50.0,South
35.0,Private,330664.0,,10.0,Never-married,Sales,,White,,,,,United-States
31.0,noValueSetHere123156456,672412.0,11th,7.0,Separated,noValueSetHere123156456,Not-in-family,Black,,0.0,0.0,40.0,United-States
26.0,Private,,Masters,14.0,Never-married,,,White,,,0.0,40.0,United-States
30.0,Private,111415.0,HS-grad,9.0,Married-civ-spouse,Other-service,Husband,White,Male,0.0,,55.0,
33.0,Private,217235.0,HS-grad,,Married-civ-spouse,,Husband,,Male,,0.0,,
40.0,Private,121956.0,,,Married-spouse-absent,Prof-specialty,Not-in-family,Asian-Pac-Islander,,13550.0,0.0,40.0,Cambodia
23.0,,120172.0,Bachelors,13.0,,Exec-managerial,Not-in-family,White,Male,0.0,0.0,40.0,
35.0,Private,,,,Never-married,Sales,Not-in-family,,Female,0.0,0.0,,
48.0,Self-emp-not-inc,104790.0,,,Married-civ-spouse,,Husband,White,Male,0.0,,50.0,United-States
39.0,Local-gov,473547.0,,6.0,,,Own-child,Black,,0.0,0.0,40.0,United-States
53.0,Local-gov,260106.0,Prof-school,15.0,Divorced,Prof-specialty,,White,,0.0,0.0,50.0,United-States
49.0,Federal-gov,168232.0,,9.0,,Adm-clerical,Husband,White,Male,0.0,0.0,40.0,United-States
31.0,,348491.0,,13.0,,Exec-managerial,Not-in-family,Black,Female,0.0,0.0,40.0,
36.0,Private,,HS-grad,9.0,Married-civ-spouse,,Husband,,Male,3103.0,0.0,40.0,
60.0,Self-emp-inc,197553.0,Some-college,,Married-civ-spouse,Exec-managerial,Husband,White,Male,7688.0,0.0,50.0,United-States
29.0,Private,421065.0,,9.0,Never-married,Machine-op-inspct,,,Male,,0.0,48.0,United-States
,Self-emp-inc,138852.0,,10.0,Married-civ-spouse,Sales,,White,Male,0.0,0.0,45.0,
28.0,,169631.0,Assoc-acdm,,,noValueSetHere123156456,Wife,White,Female,0.0,,3.0,United-States
34.0,Private,,HS-grad,9.0,Married-civ-spouse,Craft-repair,,White,Male,,,50.0,United-States
30.0,Private,181992.0,Some-college,10.0,,Sales,,Black,Female,0.0,0.0,35.0,
19.0,Private,365640.0,HS-grad,9.0,Never-married,Priv-house-serv,Not-in-family,White,Female,,0.0,45.0,noValueSetHere123156456
,,236564.0,HS-grad,9.0,,Handlers-cleaners,,White,,0.0,,40.0,United-States
,Private,363418.0,,10.0,Never-married,Sales,Not-in-family,,,0.0,0.0,,United-States
,,112351.0,HS-grad,,,Exec-managerial,Unmarried,,,0.0,0.0,,United-States
30.0,,204704.0,Bachelors,13.0,Never-married,,Unmarried,White,Female,0.0,,,United-States
44.0,,54611.0,,,Divorced,,,,Male,0.0,,50.0,
,Private,128132.0,HS-grad,,,Sales,,White,Male,0.0,0.0,60.0,
75.0,Self-emp-not-inc,30599.0,Masters,14.0,,Prof-specialty,,White,Female,0.0,0.0,50.0,United-States
37.0,,,Bachelors,13.0,Married-civ-spouse,Sales,Husband,,Male,0.0,0.0,55.0,United-States
51.0,State-gov,,,9.0,Divorced,,Unmarried,White,,0.0,,38.0,United-States
35.0,Private,,,9.0,Never-married,Craft-repair,Unmarried,White,,0.0,,35.0,United-States
,Private,104024.0,Some-college,,Never-married,Sales,,White,,0.0,0.0,40.0,
66.0,Self-emp-not-inc,,HS-grad,9.0,Married-civ-spouse,,,White,Male,,,40.0,United-States
72.0,Private,74141.0,9th,5.0,Married-civ-spouse,Exec-managerial,,Asian-Pac-Islander,Female,0.0,0.0,48.0,United-States
39.0,Private,,Bachelors,,Separated,Sales,,,,,0.0,50.0,United-States
27.0,,262478.0,HS-grad,9.0,Never-married,Farming-fishing,Own-child,Black,Male,0.0,,30.0,United-States
57.0,,185072.0,Some-college,10.0,,,Other-relative,Black,,0.0,0.0,40.0,Jamaica
24.0,,296045.0,7th-8th,4.0,Married-civ-spouse,,Husband,White,,2635.0,,38.0,United-States
28.0,Private,246595.0,HS-grad,9.0,Never-married,Craft-repair,Own-child,White,Male,,0.0,70.0,United-States
,Private,54472.0,Some-college,,Married-spouse-absent,Other-service,Not-in-family,White,Female,0.0,0.0,,United-States
31.0,Private,,Bachelors,13.0,Never-married,Exec-managerial,Not-in-family,White,Female,0.0,1408.0,,United-States
,Private,161708.0,Some-college,,,Other-service,Own-child,White,Female,,0.0,20.0,United-States
31.0,,264936.0,Some-college,,Never-married,Other-service,Not-in-family,White,Female,0.0,0.0,40.0,United-States
27.0,Local-gov,113545.0,,13.0,Never-married,Prof-specialty,Not-in-family,White,Female,0.0,0.0,40.0,United-States
,Private,212237.0,Bachelors,13.0,Married-civ-spouse,Prof-specialty,Husband,White,,,1740.0,45.0,United-States
,,170430.0,,15.0,Never-married,Prof-specialty,Not-in-family,White,,,0.0,80.0,
,Private,,,14.0,Never-married,Prof-specialty,Not-in-family,White,Male,4865.0,0.0,,United-States
57.0,Federal-gov,370890.0,,,Never-married,Adm-clerical,Not-in-family,White,Male,0.0,2258.0,40.0,United-States
39.0,Private,505119.0,Masters,14.0,Married-civ-spouse,Exec-managerial,,White,,,0.0,,
23.0,,193089.0,11th,7.0,Never-married,Craft-repair,,White,Male,0.0,0.0,40.0,United-States
24.0,Local-gov,33432.0,Assoc-acdm,12.0,Married-civ-spouse,Other-service,Wife,,Female,0.0,0.0,40.0,United-States
36.0,Private,,Doctorate,16.0,Never-married,Prof-specialty,,White,Male,0.0,0.0,40.0,England
,Private,160362.0,Some-college,10.0,,Other-service,Other-relative,,Male,0.0,0.0,40.0,Nicaragua
35.0,Private,,Assoc-acdm,12.0,Divorced,Other-service,Own-child,White,,,,40.0,United-States
36.0,,,Bachelors,13.0,,Exec-managerial,Husband,,Male,,0.0,40.0,United-States
23.0,noValueSetHere123156456,154373.0,,13.0,,noValueSetHere123156456,Not-in-family,White,,0.0,0.0,50.0,United-States
47.0,Private,,Assoc-voc,11.0,Married-civ-spouse,Machine-op-inspct,,White,Male,0.0,,40.0,United-States
35.0,Private,154410.0,,9.0,,Handlers-cleaners,,,,0.0,0.0,40.0,United-States
44.0,,220563.0,Some-college,10.0,Married-civ-spouse,,Husband,,Male,,0.0,40.0,United-States
32.0,State-gov,,Masters,14.0,,Prof-specialty,,White,Male,0.0,,,United-States
32.0,,211699.0,Assoc-acdm,12.0,Married-civ-spouse,,,White,Female,0.0,,40.0,United-States
63.0,Self-emp-not-inc,167501.0,,10.0,Married-civ-spouse,Prof-specialty,Wife,White,Female,,,10.0,
34.0,,229732.0,Assoc-voc,11.0,Married-civ-spouse,Craft-repair,Husband,White,Male,0.0,0.0,,United-States
,Private,185465.0,HS-grad,9.0,Married-civ-spouse,Craft-repair,Husband,,Male,0.0,0.0,,United-States
27.0,,335764.0,11th,7.0,Married-civ-spouse,,Own-child,,,0.0,0.0,35.0,United-States
23.0,Private,460046.0,HS-grad,9.0,Separated,Exec-managerial,Unmarried,,Female,0.0,,,
19.0,noValueSetHere123156456,33487.0,,10.0,Never-married,noValueSetHere123156456,Other-relative,,Female,0.0,0.0,40.0,United-States
50.0,Private,176924.0,10th,6.0,Married-civ-spouse,Craft-repair,,White,,,,38.0,United-States
,State-gov,213307.0,Some-college,10.0,Married-civ-spouse,Prof-specialty,Husband,White,,0.0,0.0,40.0,
36.0,Private,83893.0,Some-college,,Married-civ-spouse,,Husband,White,Male,0.0,,40.0,United-States
23.0,Private,194102.0,Bachelors,13.0,Never-married,,Unmarried,,Male,0.0,0.0,40.0,United-States
61.0,Private,238611.0,7th-8th,4.0,Widowed,,,Black,,0.0,0.0,,United-States
41.0,Private,,Some-college,,Married-civ-spouse,,Husband,White,Male,0.0,0.0,,United-States
27.0,Self-emp-not-inc,,Bachelors,13.0,Married-civ-spouse,,Husband,White,Male,0.0,0.0,60.0,United-States
53.0,Private,274528.0,Bachelors,,Divorced,Exec-managerial,Not-in-family,,,0.0,0.0,70.0,
,Self-emp-not-inc,60116.0,,6.0,Never-married,,Own-child,White,Male,,,10.0,United-States
23.0,,196816.0,HS-grad,9.0,Never-married,noValueSetHere123156456,,White,Male,,,30.0,United-States
53.0,Private,166368.0,Some-college,10.0,Never-married,Craft-repair,Not-in-family,White,Male,0.0,0.0,,
28.0,,,,,,Craft-repair,,White,Male,0.0,1848.0,42.0,United-States
24.0,Private,,,13.0,Married-spouse-absent,Prof-specialty,,White,Female,0.0,0.0,40.0,United-States
22.0,,188569.0,,,Never-married,,,White,Female,0.0,,20.0,United-States
53.0,,,Bachelors,,,Sales,,White,Male,,0.0,,
18.0,,283342.0,11th,7.0,Never-married,Other-service,Other-relative,,,0.0,0.0,20.0,United-States
24.0,,,Some-college,,,,Unmarried,,Male,0.0,0.0,50.0,
20.0,,170038.0,HS-grad,9.0,,Sales,Not-in-family,White,Female,,,40.0,
,,261319.0,7th-8th,4.0,,Transport-moving,Husband,White,Male,0.0,0.0,,United-States
,State-gov,,Assoc-voc,11.0,Never-married,Prof-specialty,Not-in-family,White,Male,8614.0,0.0,40.0,United-States
34.0,Private,126838.0,,9.0,Married-civ-spouse,,Husband,White,,0.0,0.0,,United-States
19.0,Private,,HS-grad,9.0,Never-married,Handlers-cleaners,,White,Male,0.0,0.0,30.0,United-States
,Private,176321.0,12th,,,,Own-child,White,Female,0.0,,40.0,Mexico
47.0,Private,85129.0,HS-grad,9.0,Divorced,Other-service,Not-in-family,Asian-Pac-Islander,,,0.0,40.0,
20.0,noValueSetHere123156456,,Some-college,10.0,,noValueSetHere123156456,Own-child,,,,0.0,32.0,United-States
,Private,62507.0,Bachelors,13.0,Never-married,Prof-specialty,,White,Female,,,40.0,United-States
42.0,Local-gov,111252.0,Masters,,,Exec-managerial,,White,Male,0.0,1977.0,40.0,United-States
60.0,Private,156889.0,Some-college,10.0,Divorced,Adm-clerical,Not-in-family,White,Female,0.0,0.0,40.0,United-States
32.0,Private,549430.0,HS-grad,9.0,Never-married,Priv-house-serv,Unmarried,White,Female,0.0,0.0,40.0,Mexico
46.0,,29696.0,,9.0,,Exec-managerial,Husband,White,Male,0.0,,40.0,
,,98837.0,HS-grad,,Widowed,Adm-clerical,,White,Female,0.0,0.0,40.0,
37.0,Private,86150.0,Bachelors,13.0,Married-civ-spouse,Other-service,Wife,Asian-Pac-Islander,Female,0.0,0.0,30.0,United-States
34.0,Private,204991.0,Some-college,,Divorced,Exec-managerial,Own-child,White,Male,0.0,0.0,44.0,United-States
,,,Bachelors,13.0,Never-married,Prof-specialty,Not-in-family,White,Male,,,46.0,United-States
35.0,Private,,11th,7.0,,,Husband,White,,0.0,0.0,,United-States
63.0,noValueSetHere123156456,54851.0,HS-grad,9.0,,,,,,,0.0,40.0,
51.0,Local-gov,133050.0,Some-college,10.0,Married-civ-spouse,Exec-managerial,,,Male,,0.0,40.0,United-States
36.0,Local-gov,126569.0,Some-college,10.0,,,Husband,White,Male,0.0,0.0,40.0,United-States
,Federal-gov,144259.0,HS-grad,9.0,Never-married,,Own-child,,Male,,0.0,40.0,United-States
,Private,161482.0,HS-grad,,Divorced,Other-service,Unmarried,White,Female,,0.0,38.0,United-States
25.0,,305449.0,Some-college,10.0,Never-married,Machine-op-inspct,Own-child,White,Male,0.0,,40.0,United-States
,Private,125010.0,,,Never-married,Farming-fishing,Own-child,White,Male,0.0,0.0,45.0,
47.0,Private,304133.0,Some-college,10.0,,Exec-managerial,Husband,White,Male,0.0,0.0,45.0,United-States
59.0,Local-gov,,HS-grad,9.0,Separated,,Unmarried,Black,Female,0.0,0.0,,United-States
,Private,157747.0,Bachelors,13.0,Married-civ-spouse,Exec-managerial,Husband,White,Male,0.0,0.0,40.0,United-States
40.0,Private,297396.0,Some-college,10.0,Separated,Exec-managerial,Unmarried,White,,,0.0,60.0,
42.0,,121287.0,HS-grad,,Divorced,Machine-op-inspct,Not-in-family,,Male,0.0,0.0,45.0,United-States
28.0,noValueSetHere123156456,,,,,,Wife,White,Female,,0.0,,
,Private,49115.0,Masters,14.0,Married-civ-spouse,Exec-managerial,Husband,White,Male,0.0,,60.0,
51.0,Self-emp-inc,208302.0,Assoc-acdm,12.0,Married-civ-spouse,Sales,Husband,White,Male,,0.0,38.0,United-States
25.0,,304032.0,,9.0,Never-married,Adm-clerical,Own-child,White,Male,0.0,0.0,36.0,United-States
31.0,Federal-gov,207301.0,HS-grad,9.0,Married-civ-spouse,Adm-clerical,Wife,White,Female,0.0,0.0,,United-States
37.0,Private,,,9.0,Married-civ-spouse,Other-service,Husband,White,,0.0,0.0,44.0,United-States
,Private,33521.0,,,Married-civ-spouse,Sales,Husband,,,,0.0,45.0,United-States
,noValueSetHere123156456,410351.0,Bachelors,13.0,Never-married,,Not-in-family,White,Male,0.0,0.0,40.0,United-States
35.0,,410034.0,Some-college,10.0,Divorced,Sales,Not-in-family,,Male,0.0,0.0,50.0,United-States
51.0,Private,175339.0,Bachelors,13.0,Married-civ-spouse,,Husband,White,Male,0.0,0.0,,United-States
,noValueSetHere123156456,,Some-college,10.0,Never-married,noValueSetHere123156456,Own-child,White,Male,0.0,0.0,36.0,
49.0,Private,168211.0,Some-college,10.0,,Craft-repair,Husband,White,Male,0.0,1485.0,40.0,
,Private,,Bachelors,13.0,,Prof-specialty,Not-in-family,,Male,,0.0,16.0,
56.0,Local-gov,,HS-grad,9.0,Divorced,,Not-in-family,White,Female,0.0,0.0,46.0,United-States
52.0,,266529.0,Some-college,10.0,,Prof-specialty,Husband,White,Male,0.0,0.0,45.0,
61.0,Self-emp-not-inc,,Masters,14.0,Married-civ-spouse,Craft-repair,Husband,White,,0.0,0.0,4.0,noValueSetHere123156456
47.0,State-gov,224149.0,,,,Exec-managerial,Not-in-family,White,Female,,,40.0,United-States
52.0,Private,,Assoc-voc,,Married-civ-spouse,Craft-repair,Husband,White,Male,,,40.0,United-States
30.0,Private,,HS-grad,9.0,Divorced,Craft-repair,Unmarried,,Female,0.0,0.0,40.0,
43.0,Self-emp-inc,172826.0,Some-college,10.0,,,Husband,White,Male,99999.0,,55.0,United-States
35.0,Private,,,10.0,Married-civ-spouse,Transport-moving,,Asian-Pac-Islander,Male,0.0,0.0,,
17.0,,103810.0,12th,8.0,Never-married,,Own-child,,Male,0.0,0.0,40.0,United-States
42.0,Private,213821.0,HS-grad,,,,Husband,White,Male,0.0,1887.0,40.0,United-States
26.0,Private,,Some-college,10.0,Married-spouse-absent,Craft-repair,Other-relative,Black,,0.0,0.0,35.0,Dominican-Republic
,Local-gov,160586.0,HS-grad,,Married-civ-spouse,,,,Male,0.0,0.0,40.0,
,Private,146454.0,,,Married-civ-spouse,Sales,Husband,White,Male,5556.0,,40.0,
30.0,Private,203277.0,,9.0,,Protective-serv,,White,Male,0.0,,60.0,United-States
,Private,309895.0,,10.0,,Adm-clerical,Unmarried,White,Female,0.0,0.0,40.0,
45.0,Private,26522.0,Some-college,10.0,Married-civ-spouse,,Wife,White,Female,0.0,,35.0,United-States
57.0,,103809.0,HS-grad,9.0,,Sales,Unmarried,White,,0.0,,40.0,United-States
25.0,Private,90291.0,Bachelors,,Never-married,Exec-managerial,,,Male,0.0,0.0,,United-States
,State-gov,,Some-college,,,Tech-support,Own-child,White,Female,0.0,0.0,10.0,
37.0,,35330.0,HS-grad,,,,Not-in-family,,Male,0.0,,55.0,
,Local-gov,135776.0,Masters,14.0,Divorced,Prof-specialty,Not-in-family,White,Female,,0.0,,
61.0,noValueSetHere123156456,,Doctorate,16.0,Widowed,noValueSetHere123156456,Not-in-family,White,Female,0.0,0.0,5.0,United-States
39.0,Private,179579.0,HS-grad,9.0,Never-married,,Own-child,,Male,0.0,0.0,40.0,
42.0,,193626.0,,9.0,Married-civ-spouse,Adm-clerical,,White,,0.0,0.0,53.0,United-States
,Private,,HS-grad,9.0,Never-married,Machine-op-inspct,Own-child,White,Female,,0.0,40.0,
,Private,199070.0,HS-grad,9.0,Never-married,Protective-serv,,Black,,0.0,,16.0,United-States
,Private,,Bachelors,,,Tech-support,Own-child,White,,0.0,0.0,,United-States
,Private,185254.0,,3.0,Never-married,,,White,Female,,0.0,40.0,El-Salvador
,Private,109307.0,HS-grad,9.0,Never-married,Sales,Own-child,,Male,0.0,,,United-States
20.0,noValueSetHere123156456,81853.0,Some-college,,Never-married,noValueSetHere123156456,Own-child,Asian-Pac-Islander,,0.0,,15.0,United-States
35.0,Private,23621.0,HS-grad,9.0,Never-married,Craft-repair,Not-in-family,White,Male,0.0,,70.0,United-States
,Local-gov,145178.0,,9.0,,Other-service,Wife,Black,,,0.0,38.0,Jamaica
47.0,State-gov,30575.0,,,,,Husband,White,Male,0.0,0.0,50.0,United-States
28.0,State-gov,,11th,,,Adm-clerical,Unmarried,Asian-Pac-Islander,,0.0,,40.0,India
,Local-gov,22155.0,Masters,14.0,Divorced,Prof-specialty,Unmarried,White,Female,0.0,,60.0,
31.0,Private,106437.0,,,Never-married,,Not-in-family,,,0.0,,40.0,United-States
27.0,Private,,Masters,14.0,Never-married,Exec-managerial,Not-in-family,White,,0.0,0.0,25.0,United-States
47.0,,326857.0,,11.0,Married-civ-spouse,Craft-repair,Husband,White,Male,5013.0,0.0,40.0,United-States
,Private,81853.0,HS-grad,9.0,Never-married,,,Asian-Pac-Islander,Female,,0.0,,
61.0,Private,120933.0,Some-college,10.0,Never-married,,Not-in-family,White,,0.0,0.0,40.0,United-States
,,153143.0,Some-college,10.0,,,Other-relative,White,Female,0.0,0.0,40.0,
46.0,Private,27669.0,HS-grad,,Never-married,Other-service,Not-in-family,White,Female,0.0,0.0,28.0,United-States
46.0,Private,,Bachelors,13.0,Married-civ-spouse,Exec-managerial,Husband,White,Male,0.0,0.0,50.0,United-States
,Local-gov,169785.0,Masters,,Widowed,Prof-specialty,,White,Female,,0.0,38.0,
,Private,122493.0,HS-grad,9.0,,Tech-support,Unmarried,,Male,0.0,0.0,,United-States
56.0,Local-gov,,Some-college,,Widowed,Adm-clerical,Unmarried,White,Female,,0.0,40.0,United-States
,,54933.0,Masters,14.0,Divorced,Prof-specialty,,White,Female,0.0,0.0,40.0,United-States
,Private,,HS-grad,9.0,Married-civ-spouse,Transport-moving,Husband,White,Male,0.0,0.0,,Puerto-Rico
25.0,,282631.0,HS-grad,9.0,Married-civ-spouse,Craft-repair,Husband,White,,0.0,0.0,40.0,United-States
18.0,Private,98044.0,,,Never-married,Prof-specialty,,White,Female,0.0,,40.0,United-States
58.0,Private,,,9.0,,Machine-op-inspct,Husband,White,Male,0.0,0.0,40.0,United-States
31.0,State-gov,60186.0,,13.0,,Prof-specialty,Not-in-family,,,,,,
29.0,Private,75648.0,Some-college,,Married-civ-spouse,Craft-repair,Husband,White,Male,,0.0,,United-States
28.0,Private,201175.0,11th,7.0,Never-married,Machine-op-inspct,Not-in-family,Black,Male,0.0,0.0,40.0,United-States
30.0,Private,19302.0,,10.0,Never-married,Adm-clerical,Not-in-family,White,Male,0.0,0.0,48.0,
21.0,,,,10.0,Never-married,noValueSetHere123156456,Own-child,White,Male,0.0,0.0,30.0,
,,146659.0,Masters,,,,Husband,,Male,,1887.0,35.0,United-States
75.0,Private,101887.0,10th,6.0,Widowed,Priv-house-serv,Not-in-family,White,Female,0.0,0.0,70.0,United-States
66.0,noValueSetHere123156456,117778.0,,7.0,,,Husband,White,Male,0.0,0.0,40.0,United-States
26.0,Private,60726.0,Some-college,10.0,Married-civ-spouse,Craft-repair,Husband,Black,,,0.0,40.0,
,Self-emp-inc,201763.0,Bachelors,,,,Husband,,Male,,0.0,50.0,United-States
57.0,Self-emp-inc,119253.0,Masters,14.0,Married-civ-spouse,Sales,Husband,White,Male,15024.0,0.0,65.0,
47.0,Self-emp-not-inc,,5th-6th,,,Sales,Husband,White,Male,0.0,,55.0,Italy
41.0,Private,220132.0,HS-grad,9.0,,,,White,Male,7298.0,0.0,40.0,
,,60639.0,Some-college,10.0,Never-married,Other-service,,White,Female,0.0,0.0,,United-States
,,195262.0,11th,7.0,,Craft-repair,Own-child,,Male,0.0,0.0,,United-States
,noValueSetHere123156456,,Bachelors,13.0,Married-civ-spouse,noValueSetHere123156456,,White,Male,,0.0,55.0,United-States
47.0,,,HS-grad,9.0,,noValueSetHere123156456,,,,0.0,0.0,8.0,
22.0,Private,100587.0,Some-college,10.0,Never-married,Other-service,Own-child,Black,,0.0,,15.0,United-States
47.0,,298130.0,HS-grad,9.0,,Sales,Husband,White,Male,,0.0,40.0,
45.0,,242391.0,Bachelors,13.0,Married-civ-spouse,,,White,Male,0.0,0.0,40.0,United-States
,Self-emp-not-inc,197867.0,,11.0,Divorced,Sales,,White,Male,0.0,0.0,,United-States
59.0,Private,151977.0,10th,6.0,,,,,Female,0.0,0.0,30.0,United-States
38.0,,,HS-grad,,,,Husband,White,Male,0.0,0.0,50.0,United-States
33.0,,,HS-grad,,Separated,Protective-serv,,White,Female,0.0,,40.0,United-States
41.0,,222142.0,HS-grad,9.0,Married-civ-spouse,,Husband,White,,,0.0,40.0,
51.0,,,9th,,,Transport-moving,Husband,White,Male,0.0,0.0,40.0,
42.0,Private,169995.0,HS-grad,9.0,Married-civ-spouse,,Husband,White,Male,0.0,0.0,,
,,,,,Married-civ-spouse,,Wife,White,,0.0,0.0,40.0,
60.0,Private,123992.0,Some-college,10.0,Married-civ-spouse,Craft-repair,Husband,White,,0.0,,45.0,United-States
64.0,Local-gov,,HS-grad,9.0,Divorced,Adm-clerical,,White,Female,0.0,0.0,35.0,
37.0,Private,201531.0,Assoc-acdm,12.0,Married-civ-spouse,,Husband,White,Male,0.0,0.0,,United-States
54.0,Self-emp-not-inc,179704.0,Bachelors,13.0,Married-civ-spouse,Exec-managerial,Husband,White,Male,0.0,,45.0,United-States
36.0,,,,12.0,Married-civ-spouse,,Wife,White,Female,,0.0,50.0,United-States
,,244147.0,Bachelors,13.0,Married-civ-spouse,Prof-specialty,Husband,White,Male,,0.0,40.0,noValueSetHere123156456
,Self-emp-not-inc,438696.0,Masters,14.0,Divorced,Sales,Unmarried,White,,0.0,0.0,,United-States
,Self-emp-not-inc,207568.0,7th-8th,4.0,,,Husband,,Male,0.0,0.0,75.0,United-States
63.0,Self-emp-inc,54052.0,Masters,14.0,,Sales,Husband,White,,0.0,0.0,68.0,United-States
46.0,Private,187581.0,HS-grad,,Divorced,Craft-repair,,White,Male,0.0,0.0,40.0,United-States
47.0,Self-emp-not-inc,77102.0,Masters,14.0,Divorced,Prof-specialty,,,Male,0.0,0.0,,United-States
24.0,Private,,Bachelors,13.0,Never-married,,,White,Male,0.0,0.0,65.0,
29.0,Private,54131.0,,,Never-married,,Not-in-family,White,,,0.0,30.0,United-States
,,39890.0,Some-college,,,Transport-moving,,White,Female,0.0,0.0,18.0,
,,156877.0,11th,,,,Husband,White,Male,,,70.0,United-States
22.0,Private,355686.0,Some-college,10.0,Never-married,Adm-clerical,,White,Female,0.0,0.0,40.0,United-States
48.0,,,12th,,Separated,Adm-clerical,,,Female,0.0,0.0,,United-States
30.0,Private,488720.0,9th,,Married-civ-spouse,Handlers-cleaners,Other-relative,White,Male,0.0,0.0,40.0,
,,,Bachelors,,Married-civ-spouse,Sales,Husband,White,Male,0.0,0.0,40.0,United-States
,Private,184659.0,HS-grad,,Married-civ-spouse,Machine-op-inspct,Husband,,Male,0.0,0.0,40.0,United-States
49.0,,214169.0,,10.0,,,Husband,White,Male,0.0,0.0,,United-States
,,,Bachelors,13.0,Never-married,Adm-clerical,Own-child,White,,,0.0,40.0,United-States
,,137253.0,Bachelors,13.0,Married-civ-spouse,,Wife,White,Female,0.0,0.0,40.0,
44.0,Private,,,9.0,Married-civ-spouse,Transport-moving,Husband,White,Male,0.0,0.0,40.0,United-States
,Private,90377.0,Assoc-voc,,Married-civ-spouse,Farming-fishing,Husband,,Male,6767.0,0.0,60.0,
28.0,Federal-gov,183151.0,,,Married-civ-spouse,Adm-clerical,Husband,,Male,0.0,0.0,,United-States
55.0,Private,,Bachelors,13.0,Widowed,Adm-clerical,Unmarried,White,Female,0.0,0.0,40.0,United-States
49.0,,34021.0,Bachelors,13.0,Never-married,Prof-specialty,Own-child,White,,0.0,0.0,50.0,United-States
31.0,Private,,,9.0,Separated,,Unmarried,White,Female,0.0,0.0,12.0,United-States
47.0,Private,211668.0,HS-grad,,Married-civ-spouse,Machine-op-inspct,Wife,Black,Female,0.0,0.0,40.0,United-States
,,358886.0,HS-grad,9.0,Married-civ-spouse,Transport-moving,Husband,,,0.0,0.0,40.0,United-States
,Private,47707.0,HS-grad,9.0,,Other-service,Not-in-family,Black,Female,0.0,0.0,40.0,
34.0,Self-emp-not-inc,306982.0,,13.0,Married-civ-spouse,Sales,Husband,Asian-Pac-Islander,Male,0.0,0.0,60.0,South
49.0,Local-gov,52590.0,HS-grad,,Widowed,Protective-serv,,,,0.0,,40.0,United-States
39.0,noValueSetHere123156456,179352.0,Some-college,10.0,Divorced,noValueSetHere123156456,Not-in-family,White,Female,0.0,,35.0,United-States
27.0,Private,,,9.0,Never-married,Other-service,,White,Female,0.0,0.0,,United-States
,,,HS-grad,9.0,Married-civ-spouse,Handlers-cleaners,Husband,White,,,0.0,,
60.0,noValueSetHere123156456,131852.0,5th-6th,3.0,Married-civ-spouse,noValueSetHere123156456,Husband,White,,0.0,,,United-States
,,177825.0,HS-grad,9.0,Never-married,Other-service,Not-in-family,White,Male,1055.0,0.0,40.0,United-States
33.0,Private,,Some-college,10.0,Married-civ-spouse,,Husband,White,Male,0.0,0.0,,
23.0,Private,175183.0,Some-college,,Never-married,,Not-in-family,White,,,,40.0,United-States
45.0,Private,142287.0,,,Married-civ-spouse,Exec-managerial,Husband,White,,0.0,0.0,50.0,United-States
34.0,Private,221324.0,HS-grad,9.0,Never-married,Machine-op-inspct,Unmarried,Black,Female,0.0,0.0,,United-States
53.0,Private,227602.0,HS-grad,,Divorced,Sales,,White,Female,0.0,0.0,37.0,Mexico
,Private,228452.0,,6.0,Never-married,Craft-repair,Not-in-family,White,Male,,0.0,30.0,United-States
57.0,State-gov,39380.0,,9.0,Separated,Other-service,Not-in-family,,Female,,0.0,35.0,United-States
20.0,noValueSetHere123156456,96862.0,,10.0,Never-married,noValueSetHere123156456,Own-child,White,Female,0.0,0.0,8.0,United-States
23.0,,336360.0,7th-8th,,Never-married,Craft-repair,,Black,Male,0.0,0.0,40.0,United-States
31.0,,257644.0,11th,7.0,,Transport-moving,Unmarried,,Male,0.0,,40.0,United-States
,,235853.0,Bachelors,13.0,Never-married,Tech-support,Not-in-family,White,Male,,0.0,,United-States
30.0,Private,270577.0,HS-grad,9.0,Separated,Adm-clerical,Unmarried,White,Female,0.0,0.0,40.0,United-States
,Local-gov,222900.0,Bachelors,13.0,Separated,Prof-specialty,Not-in-family,White,,0.0,0.0,50.0,United-States
42.0,Private,99254.0,Assoc-acdm,12.0,Married-civ-spouse,Adm-clerical,Wife,Black,Female,,0.0,40.0,
51.0,Private,224763.0,7th-8th,4.0,Married-civ-spouse,,Husband,White,Male,0.0,0.0,40.0,Cuba
59.0,Self-emp-not-inc,174056.0,Bachelors,13.0,Married-civ-spouse,Sales,,White,Male,15024.0,0.0,40.0,United-States
36.0,Private,127306.0,Bachelors,13.0,,Exec-managerial,Own-child,,Female,0.0,,40.0,United-States
45.0,,339506.0,HS-grad,9.0,Never-married,Sales,Not-in-family,,,0.0,,40.0,
35.0,Private,178322.0,Assoc-voc,11.0,Married-civ-spouse,Sales,Husband,White,,,,50.0,
,Private,189843.0,7th-8th,,,Machine-op-inspct,Husband,White,Male,0.0,0.0,,United-States
43.0,Private,160815.0,Assoc-voc,11.0,Divorced,Prof-specialty,,White,Female,0.0,0.0,,United-States
60.0,Private,207665.0,HS-grad,9.0,,Tech-support,,White,Female,0.0,0.0,,United-States
37.0,State-gov,,Bachelors,13.0,Married-civ-spouse,Prof-specialty,Husband,White,,0.0,0.0,,United-States
35.0,Private,,Some-college,10.0,Never-married,,,White,,0.0,0.0,,
36.0,,,,10.0,Married-civ-spouse,Adm-clerical,Husband,White,,0.0,,,
,Federal-gov,338320.0,Prof-school,15.0,Married-civ-spouse,,Husband,White,,0.0,1977.0,50.0,United-States
54.0,,101017.0,7th-8th,4.0,Married-civ-spouse,Craft-repair,Husband,,Male,0.0,,40.0,United-States
51.0,Private,204322.0,Assoc-voc,11.0,Married-civ-spouse,,Husband,,Male,0.0,0.0,,United-States
45.0,Private,241350.0,,12.0,Married-civ-spouse,,Husband,White,,0.0,0.0,45.0,United-States
,Federal-gov,,Some-college,,Divorced,,Unmarried,White,Female,,0.0,,
51.0,Private,128143.0,,10.0,Married-civ-spouse,,Husband,White,Male,,,40.0,United-States
58.0,Self-emp-not-inc,164065.0,,,Divorced,Sales,Not-in-family,,,0.0,0.0,,United-States
64.0,Local-gov,78866.0,HS-grad,9.0,Divorced,Adm-clerical,Not-in-family,White,Female,0.0,,40.0,
20.0,Private,236769.0,Some-college,,Never-married,Handlers-cleaners,Own-child,,Male,0.0,0.0,,United-States
,Federal-gov,239539.0,Bachelors,13.0,,Adm-clerical,Husband,Asian-Pac-Islander,Male,,0.0,40.0,Philippines
39.0,Private,34028.0,Bachelors,13.0,Divorced,Exec-managerial,Unmarried,White,,0.0,0.0,,United-States
,State-gov,207847.0,,10.0,,,Unmarried,White,,,0.0,40.0,United-States
44.0,Private,175935.0,Doctorate,16.0,Married-civ-spouse,,,White,Male,0.0,0.0,,United-States
,,,,10.0,Never-married,Exec-managerial,Not-in-family,White,Female,0.0,0.0,40.0,United-States
,,215833.0,HS-grad,9.0,,Exec-managerial,,White,Male,0.0,,40.0,
26.0,,,Assoc-voc,11.0,Separated,Other-service,,Black,Male,0.0,0.0,40.0,
,Self-emp-not-inc,,,,,Farming-fishing,Husband,White,Male,0.0,0.0,45.0,United-States
,Private,218343.0,HS-grad,9.0,,Other-service,Own-child,White,Female,0.0,0.0,25.0,United-States
29.0,,241431.0,,14.0,Married-civ-spouse,Sales,Husband,,Male,,0.0,40.0,United-States
38.0,Local-gov,123983.0,Bachelors,13.0,Never-married,,,Asian-Pac-Islander,,0.0,1741.0,,
25.0,,73289.0,HS-grad,9.0,Never-married,,,,,0.0,,40.0,United-States
27.0,Private,408623.0,Bachelors,13.0,Married-civ-spouse,Craft-repair,Other-relative,White,,,0.0,50.0,United-States
46.0,Private,169180.0,Assoc-voc,11.0,Divorced,Adm-clerical,Not-in-family,White,Female,,,40.0,United-States
,Private,54929.0,Some-college,10.0,Divorced,,,White,,0.0,,60.0,
24.0,Private,306779.0,Assoc-voc,,Never-married,Exec-managerial,,White,Male,0.0,0.0,35.0,United-States
43.0,Private,159549.0,Some-college,10.0,Married-civ-spouse,,Husband,,Male,,0.0,50.0,United-States
23.0,Private,482082.0,12th,,Never-married,Machine-op-inspct,Own-child,White,,0.0,,21.0,Mexico
32.0,,286101.0,HS-grad,9.0,Never-married,Transport-moving,Unmarried,Black,Female,0.0,0.0,,United-States
44.0,Private,,HS-grad,9.0,Married-civ-spouse,,Husband,White,Male,0.0,0.0,40.0,Poland
40.0,Self-emp-not-inc,209040.0,Bachelors,13.0,Married-civ-spouse,Sales,Husband,,Male,0.0,0.0,40.0,United-States
,,,HS-grad,9.0,Divorced,Craft-repair,Unmarried,,,0.0,,40.0,United-States
,Private,,,11.0,,Machine-op-inspct,,White,Male,0.0,,,
,Private,242941.0,,10.0,Never-married,Sales,Own-child,,,0.0,,,
,Private,118853.0,Some-college,10.0,Married-civ-spouse,Sales,,,,0.0,0.0,40.0,
48.0,Private,119565.0,HS-grad,9.0,Married-civ-spouse,Craft-repair,Husband,White,Male,0.0,0.0,,United-States
,Private,196827.0,Some-college,,Married-civ-spouse,,,White,Male,0.0,1902.0,,United-States
47.0,Private,275361.0,,12.0,Widowed,Other-service,Own-child,White,Female,0.0,0.0,35.0,United-States
42.0,,225193.0,HS-grad,9.0,Married-civ-spouse,,,White,,,,40.0,United-States
17.0,,329783.0,,6.0,Never-married,Sales,Other-relative,White,,,0.0,10.0,United-States
29.0,,,,15.0,Never-married,Prof-specialty,,White,Female,0.0,0.0,,
21.0,,258490.0,Some-college,10.0,Never-married,,,White,Female,0.0,0.0,20.0,United-States
18.0,noValueSetHere123156456,120243.0,11th,,Never-married,,,White,Male,0.0,0.0,,United-States
31.0,Private,219509.0,HS-grad,9.0,Married-civ-spouse,Other-service,Husband,White,Male,,0.0,40.0,
27.0,Local-gov,29174.0,Bachelors,13.0,Never-married,,Unmarried,,Female,0.0,0.0,40.0,United-States
,Private,40083.0,Doctorate,16.0,Never-married,,Not-in-family,,Male,0.0,0.0,40.0,Canada
23.0,Private,87528.0,Bachelors,13.0,Never-married,Sales,Not-in-family,White,,0.0,,,
41.0,Private,116379.0,,,Married-civ-spouse,,Husband,Asian-Pac-Islander,Male,0.0,0.0,55.0,Taiwan
46.0,Local-gov,216214.0,Bachelors,,Married-civ-spouse,Prof-specialty,Husband,White,Male,0.0,0.0,35.0,United-States
34.0,Private,268051.0,Some-college,10.0,Married-civ-spouse,,Other-relative,,,0.0,,,Haiti
42.0,,121718.0,HS-grad,,Married-civ-spouse,Craft-repair,Husband,White,Male,0.0,0.0,24.0,United-States
,,201901.0,,9.0,Never-married,,Own-child,White,,,,,United-States
46.0,Private,109089.0,HS-grad,,Divorced,Craft-repair,Not-in-family,,Male,,0.0,37.0,
18.0,,346382.0,,7.0,Never-married,,Own-child,White,Male,,0.0,15.0,
52.0,Private,284129.0,Some-college,10.0,Married-civ-spouse,Craft-repair,,,,0.0,,40.0,
56.0,Private,143030.0,HS-grad,9.0,Divorced,,Unmarried,White,,,0.0,40.0,United-States
21.0,,212619.0,Assoc-voc,11.0,Never-married,Machine-op-inspct,,White,Male,0.0,0.0,40.0,United-States
22.0,,199011.0,HS-grad,9.0,Never-married,Craft-repair,Other-relative,White,,0.0,,20.0,United-States
31.0,,118901.0,Bachelors,13.0,Divorced,,Unmarried,White,Female,,0.0,45.0,United-States
41.0,Self-emp-not-inc,129865.0,,9.0,Married-civ-spouse,Other-service,Husband,White,Male,0.0,0.0,60.0,United-States
25.0,Private,,Some-college,10.0,Separated,Adm-clerical,Unmarried,White,Female,,0.0,,United-States
43.0,Self-emp-not-inc,,Bachelors,13.0,Divorced,Exec-managerial,Not-in-family,White,,0.0,0.0,60.0,United-States
45.0,Private,,,,Separated,Sales,Not-in-family,,,0.0,0.0,40.0,United-States
,Private,,Some-college,10.0,,,Not-in-family,White,,0.0,0.0,,United-States
90.0,,52386.0,Some-college,10.0,,Other-service,,Asian-Pac-Islander,Male,0.0,,35.0,United-States
45.0,,246891.0,Bachelors,,Married-civ-spouse,Sales,Husband,White,,,,40.0,United-States
30.0,Private,190385.0,,13.0,Married-civ-spouse,Other-service,Wife,White,Female,0.0,,40.0,United-States
42.0,Private,37869.0,Some-college,10.0,Married-civ-spouse,,Husband,White,,0.0,0.0,40.0,United-States
,Private,217807.0,,10.0,Never-married,Handlers-cleaners,Own-child,,Male,,0.0,35.0,United-States
53.0,Private,149784.0,,13.0,Married-civ-spouse,Prof-specialty,Husband,White,Male,7688.0,0.0,40.0,
64.0,State-gov,201293.0,HS-grad,,Widowed,Adm-clerical,,White,Female,0.0,0.0,,
56.0,Private,128764.0,7th-8th,4.0,Widowed,,Not-in-family,White,,,,20.0,United-States
42.0,,27444.0,Some-college,,Married-spouse-absent,Prof-specialty,,White,Male,0.0,0.0,40.0,United-States
26.0,Private,62438.0,Bachelors,13.0,,Sales,Wife,,Female,0.0,,40.0,
31.0,Local-gov,,Assoc-acdm,12.0,Never-married,Adm-clerical,Own-child,Amer-Indian-Eskimo,Female,,0.0,40.0,United-States
,Private,29841.0,Bachelors,13.0,,Adm-clerical,,White,Female,0.0,0.0,,
58.0,Private,131608.0,,10.0,Widowed,Craft-repair,Not-in-family,,Male,0.0,0.0,40.0,
,Private,110562.0,Bachelors,13.0,Married-civ-spouse,Exec-managerial,,White,,0.0,0.0,,United-States
,Self-emp-inc,190541.0,HS-grad,,Never-married,Sales,Not-in-family,White,Male,0.0,0.0,47.0,United-States
62.0,State-gov,33142.0,Masters,14.0,Married-civ-spouse,Prof-specialty,Husband,White,,0.0,0.0,60.0,United-States
,Self-emp-inc,,,13.0,Married-civ-spouse,Sales,Husband,White,Male,99999.0,0.0,60.0,United-States
40.0,Private,,Some-college,10.0,Never-married,,Not-in-family,,,,0.0,40.0,United-States
45.0,Local-gov,,Some-college,10.0,,,Husband,White,Male,0.0,,,United-States
22.0,Private,460835.0,HS-grad,9.0,,,Own-child,,Male,,0.0,55.0,
23.0,,243190.0,Some-college,10.0,Never-married,noValueSetHere123156456,Own-child,Asian-Pac-Islander,Male,0.0,0.0,20.0,
63.0,Federal-gov,97855.0,,14.0,Married-civ-spouse,Exec-managerial,Husband,,,,,,
39.0,,,,13.0,Married-civ-spouse,,,,Male,0.0,1887.0,50.0,United-States
37.0,,,Some-college,10.0,Widowed,Craft-repair,,,Male,0.0,,,United-States
,noValueSetHere123156456,41107.0,Bachelors,13.0,,noValueSetHere123156456,,,Male,,,,Canada
56.0,Private,77415.0,,7.0,Married-civ-spouse,,,White,,0.0,0.0,50.0,
32.0,Private,,Some-college,10.0,Divorced,,Not-in-family,White,Male,0.0,0.0,50.0,United-States
53.0,Federal-gov,173093.0,,10.0,Married-civ-spouse,Exec-managerial,Wife,Asian-Pac-Islander,Female,0.0,1887.0,40.0,Philippines
32.0,Private,235124.0,Assoc-voc,11.0,,Prof-specialty,Not-in-family,,Male,0.0,0.0,40.0,United-States
23.0,Self-emp-not-inc,282604.0,11th,,Married-civ-spouse,,Husband,White,Male,7688.0,0.0,60.0,United-States
,Private,,,7.0,Separated,Transport-moving,Not-in-family,,,0.0,,90.0,United-States
51.0,Private,191659.0,Some-college,10.0,Married-civ-spouse,Exec-managerial,Husband,White,Male,0.0,1887.0,,
19.0,Private,43285.0,Some-college,10.0,,Adm-clerical,Own-child,White,Female,0.0,0.0,,United-States
,Private,160837.0,11th,,Married-spouse-absent,,Not-in-family,White,Male,,0.0,,Guatemala
22.0,,230574.0,10th,6.0,,Transport-moving,Own-child,White,Male,0.0,0.0,25.0,United-States
,Private,176178.0,HS-grad,9.0,Never-married,Tech-support,Own-child,White,Female,0.0,0.0,,United-States
36.0,Private,116358.0,Masters,14.0,Married-civ-spouse,,Husband,Asian-Pac-Islander,,,0.0,,
27.0,noValueSetHere123156456,253873.0,,,Divorced,,Not-in-family,White,,,0.0,25.0,
,Private,107787.0,,,Married-civ-spouse,Craft-repair,Husband,White,Male,,0.0,40.0,Canada
,Self-emp-not-inc,,HS-grad,9.0,Never-married,Farming-fishing,Not-in-family,White,,0.0,0.0,25.0,Mexico
21.0,Private,191460.0,11th,7.0,,Other-service,Unmarried,,,0.0,0.0,40.0,United-States
44.0,Private,198282.0,,14.0,Married-civ-spouse,Exec-managerial,,,Male,15024.0,0.0,40.0,
29.0,Private,,Bachelors,13.0,Married-civ-spouse,,,White,,0.0,0.0,,United-States
36.0,Self-emp-not-inc,64875.0,Assoc-voc,11.0,Married-civ-spouse,Tech-support,Husband,White,Male,0.0,0.0,60.0,
,,675421.0,,,Never-married,,Own-child,White,,594.0,0.0,,United-States
62.0,Self-emp-not-inc,134768.0,,,Married-civ-spouse,,Husband,White,Male,,0.0,40.0,United-States
25.0,,207342.0,,10.0,,Exec-managerial,,,Male,0.0,0.0,40.0,United-States
34.0,,,Assoc-acdm,12.0,Divorced,Exec-managerial,,White,Female,,0.0,45.0,United-States
,,220066.0,Bachelors,,Never-married,Exec-managerial,Not-in-family,White,,14344.0,0.0,,United-States
37.0,Private,82521.0,Bachelors,13.0,Married-civ-spouse,Exec-managerial,Husband,,Male,15024.0,0.0,40.0,United-States
,Private,,Bachelors,,,Farming-fishing,,White,Male,0.0,,,England
22.0,noValueSetHere123156456,217421.0,Some-college,10.0,Never-married,noValueSetHere123156456,Own-child,White,Female,0.0,0.0,30.0,United-States
28.0,Private,111900.0,Assoc-acdm,12.0,Married-civ-spouse,Sales,Husband,White,Male,0.0,0.0,30.0,
22.0,noValueSetHere123156456,196943.0,Some-college,,,noValueSetHere123156456,Own-child,,,0.0,,25.0,United-States
47.0,Private,,,9.0,Married-civ-spouse,Other-service,Husband,White,Male,0.0,0.0,40.0,United-States
67.0,,184506.0,,7.0,Married-civ-spouse,,,White,Male,0.0,419.0,,United-States
20.0,noValueSetHere123156456,121313.0,,,,noValueSetHere123156456,Own-child,White,Male,0.0,0.0,40.0,United-States
34.0,,158420.0,Bachelors,,,Exec-managerial,Husband,White,Male,0.0,0.0,70.0,United-States
,Private,256000.0,Prof-school,15.0,,Prof-specialty,Husband,White,Male,99999.0,0.0,,United-States
36.0,Private,183892.0,Some-college,10.0,,Craft-repair,Husband,,Male,7298.0,0.0,44.0,United-States
28.0,,42734.0,HS-grad,9.0,Never-married,Handlers-cleaners,Own-child,White,Male,0.0,,40.0,
22.0,,,HS-grad,9.0,Never-married,,Own-child,,Male,0.0,,40.0,United-States
47.0,Private,184945.0,Some-college,10.0,Separated,Other-service,Not-in-family,Black,Female,0.0,0.0,35.0,
33.0,Private,,Assoc-voc,11.0,Never-married,Adm-clerical,Not-in-family,White,,0.0,0.0,45.0,
,Self-emp-inc,215382.0,Masters,14.0,Separated,Prof-specialty,,,Female,,0.0,40.0,United-States
25.0,Private,,HS-grad,9.0,Never-married,Craft-repair,Own-child,,Male,0.0,0.0,,United-States
,Private,,9th,,,Handlers-cleaners,Husband,White,Male,3781.0,0.0,,Mexico
36.0,,166606.0,,9.0,Married-civ-spouse,Protective-serv,,White,,0.0,0.0,,United-States
,Local-gov,192060.0,,13.0,Separated,Prof-specialty,Not-in-family,White,Male,,0.0,30.0,noValueSetHere123156456
74.0,noValueSetHere123156456,340939.0,9th,5.0,,noValueSetHere123156456,Husband,White,,,0.0,40.0,United-States
,Private,205708.0,Some-college,,Married-civ-spouse,,Husband,,Male,0.0,0.0,40.0,Poland
,,,Doctorate,16.0,Never-married,Prof-specialty,Not-in-family,White,Male,0.0,0.0,40.0,England
,,242077.0,HS-grad,,Divorced,,Not-in-family,Black,,0.0,0.0,40.0,United-States
43.0,,129573.0,HS-grad,9.0,Never-married,Sales,Not-in-family,Black,Female,0.0,,,United-States
54.0,Private,181132.0,HS-grad,9.0,,Machine-op-inspct,Husband,White,Male,0.0,,,England
25.0,Private,212302.0,Some-college,10.0,Separated,,Unmarried,White,Female,0.0,0.0,40.0,United-States
42.0,Private,83411.0,Some-college,10.0,Divorced,Exec-managerial,Not-in-family,White,,0.0,,40.0,
23.0,noValueSetHere123156456,148751.0,Some-college,,Never-married,noValueSetHere123156456,Not-in-family,,Female,0.0,0.0,35.0,
,Private,317681.0,,7.0,Never-married,,Own-child,,Male,,,10.0,United-States
39.0,noValueSetHere123156456,103986.0,HS-grad,9.0,,noValueSetHere123156456,Not-in-family,White,,0.0,1590.0,,United-States
63.0,Private,,7th-8th,4.0,Married-spouse-absent,,,Amer-Indian-Eskimo,Female,0.0,0.0,,United-States
,Private,,Some-college,,Never-married,,Own-child,,Female,0.0,,30.0,United-States
56.0,Self-emp-inc,211804.0,Bachelors,13.0,Married-civ-spouse,Sales,Husband,,,15024.0,,50.0,
33.0,Self-emp-not-inc,312055.0,Bachelors,13.0,,Sales,Husband,White,Male,0.0,0.0,45.0,United-States
37.0,,65390.0,,13.0,Married-civ-spouse,,,White,Male,0.0,,50.0,United-States
,,200500.0,7th-8th,4.0,Married-civ-spouse,Transport-moving,Husband,,Male,0.0,0.0,45.0,United-States
36.0,,,,,,Adm-clerical,Husband,White,,0.0,,40.0,
30.0,Self-emp-inc,78530.0,HS-grad,9.0,Married-civ-spouse,Exec-managerial,Husband,White,,0.0,0.0,65.0,Canada
,Private,,Bachelors,,Never-married,,Not-in-family,,Male,0.0,0.0,,
,Private,111387.0,Some-college,10.0,Married-civ-spouse,,Husband,White,Male,,1579.0,40.0,United-States
,Private,241951.0,HS-grad,9.0,Never-married,Handlers-cleaners,,White,,0.0,0.0,,United-States
18.0,Private,343059.0,Some-college,10.0,Never-married,,,White,,,0.0,,
25.0,Private,,12th,8.0,,Machine-op-inspct,Not-in-family,White,Male,,1741.0,40.0,
53.0,Private,156843.0,Masters,14.0,,Prof-specialty,Not-in-family,White,,,1564.0,54.0,United-States
21.0,noValueSetHere123156456,79728.0,Some-college,10.0,Never-married,noValueSetHere123156456,Own-child,,Female,,,,United-States
19.0,Private,55284.0,HS-grad,9.0,,,,White,Female,0.0,0.0,35.0,
34.0,Private,509364.0,,,,Machine-op-inspct,,White,Male,,0.0,30.0,United-States
32.0,State-gov,117927.0,,,Never-married,Adm-clerical,Not-in-family,Black,Female,0.0,0.0,40.0,
,Private,137651.0,Some-college,10.0,,,Own-child,,Male,0.0,0.0,40.0,
70.0,,,7th-8th,4.0,Married-civ-spouse,Other-service,Husband,White,Male,0.0,0.0,25.0,United-States
57.0,Private,346963.0,Bachelors,13.0,,Exec-managerial,Husband,White,Male,,0.0,40.0,United-States
54.0,,183611.0,Some-college,,Married-civ-spouse,Sales,Husband,White,Male,3137.0,0.0,50.0,
34.0,Private,134737.0,Assoc-voc,,,Machine-op-inspct,Husband,White,Male,,0.0,,United-States
48.0,Private,36503.0,,10.0,Married-civ-spouse,,Husband,,Male,0.0,0.0,40.0,United-States
42.0,Private,250121.0,11th,7.0,Married-civ-spouse,Other-service,,White,Female,0.0,0.0,,
45.0,,330535.0,HS-grad,9.0,,Adm-clerical,Not-in-family,White,Male,3325.0,0.0,40.0,United-States
27.0,,387776.0,Some-college,10.0,Never-married,Other-service,Own-child,White,,0.0,0.0,40.0,United-States
51.0,,,10th,6.0,Married-civ-spouse,Other-service,Husband,White,,0.0,0.0,,Mexico
,Local-gov,,Some-college,10.0,Divorced,Adm-clerical,Unmarried,White,,0.0,0.0,,
33.0,Private,,Some-college,10.0,Never-married,Exec-managerial,Own-child,Asian-Pac-Islander,,0.0,0.0,40.0,Philippines
,Private,181139.0,,10.0,,Farming-fishing,Not-in-family,White,Male,0.0,,40.0,
,Private,,Bachelors,,Divorced,Exec-managerial,Unmarried,White,,0.0,2547.0,50.0,United-States
39.0,Local-gov,153976.0,Masters,14.0,Married-civ-spouse,Prof-specialty,Husband,White,Male,0.0,0.0,40.0,United-States
55.0,Self-emp-not-inc,59469.0,9th,,Married-civ-spouse,Farming-fishing,Husband,White,,,,25.0,
24.0,Private,127139.0,Some-college,10.0,,Adm-clerical,Own-child,White,Female,0.0,0.0,40.0,United-States
,Private,136343.0,HS-grad,,Never-married,Sales,Not-in-family,,Male,0.0,0.0,,United-States
32.0,,,12th,8.0,Married-civ-spouse,Craft-repair,,,,0.0,,40.0,United-States
66.0,noValueSetHere123156456,177351.0,Bachelors,13.0,Married-civ-spouse,,Husband,White,,0.0,2174.0,40.0,United-States
,Private,166149.0,HS-grad,,,Adm-clerical,Not-in-family,White,Female,0.0,,30.0,
29.0,Private,121523.0,,7.0,Married-civ-spouse,Transport-moving,Husband,White,Male,,0.0,,United-States
24.0,,267396.0,Bachelors,,,Sales,,White,Male,0.0,0.0,40.0,United-States
61.0,Private,83045.0,9th,5.0,Married-civ-spouse,Machine-op-inspct,,White,,,0.0,,United-States
,Private,,HS-grad,9.0,Married-civ-spouse,Machine-op-inspct,Husband,White,Male,0.0,0.0,44.0,United-States
55.0,,124137.0,Prof-school,,Married-civ-spouse,,Husband,White,,0.0,2415.0,35.0,Greece
20.0,noValueSetHere123156456,287681.0,,10.0,Never-married,noValueSetHere123156456,Own-child,,Male,0.0,0.0,36.0,
41.0,Private,154194.0,,,Never-married,Sales,Own-child,White,Female,0.0,0.0,40.0,United-States
36.0,Self-emp-not-inc,295127.0,HS-grad,9.0,,Farming-fishing,Husband,,Male,0.0,0.0,84.0,United-States
,Private,240521.0,HS-grad,9.0,Married-civ-spouse,Craft-repair,Husband,White,Male,7298.0,0.0,,
61.0,Self-emp-not-inc,244087.0,HS-grad,9.0,Married-civ-spouse,Craft-repair,Husband,White,Male,0.0,0.0,52.0,
35.0,,356250.0,,15.0,,Sales,,Asian-Pac-Islander,Male,0.0,0.0,35.0,China
42.0,State-gov,,Bachelors,13.0,Married-civ-spouse,Exec-managerial,Husband,,Male,0.0,,,
,Private,44308.0,Bachelors,,Never-married,Tech-support,,White,Male,,0.0,40.0,
44.0,Local-gov,,Some-college,10.0,,Other-service,Unmarried,Black,Female,0.0,0.0,40.0,United-States
31.0,State-gov,,,14.0,Never-married,,Not-in-family,White,,0.0,0.0,25.0,United-States
39.0,,267581.0,HS-grad,9.0,,,,,Male,,,40.0,United-States
,Private,100188.0,,10.0,Never-married,,,White,Female,0.0,0.0,24.0,United-States
32.0,Self-emp-inc,111746.0,Some-college,,Married-civ-spouse,,Husband,White,,,0.0,40.0,
,Self-emp-not-inc,171091.0,HS-grad,9.0,Married-civ-spouse,Sales,Husband,White,Male,0.0,0.0,40.0,
,Private,355645.0,,5.0,,,Husband,Black,Male,0.0,0.0,20.0,Trinadad&Tobago
54.0,Local-gov,,Some-college,10.0,Divorced,Adm-clerical,Unmarried,White,Female,0.0,0.0,40.0,United-States
23.0,Private,70894.0,,12.0,Never-married,,,White,Male,,0.0,40.0,
19.0,Private,,HS-grad,9.0,,Sales,Own-child,White,,0.0,0.0,,United-States
31.0,,,,,Married-civ-spouse,Prof-specialty,Husband,Amer-Indian-Eskimo,Male,0.0,0.0,40.0,United-States
35.0,Private,63921.0,,3.0,,Handlers-cleaners,,,Male,,0.0,,Mexico
29.0,Private,,HS-grad,9.0,,Other-service,,,Female,0.0,0.0,,
29.0,Local-gov,,HS-grad,9.0,,Protective-serv,Not-in-family,Black,Female,,,40.0,
25.0,Private,345121.0,,6.0,Separated,Other-service,Own-child,White,Female,0.0,0.0,25.0,United-States
46.0,Private,86220.0,Bachelors,13.0,,Sales,,,Female,0.0,0.0,40.0,
35.0,Private,172845.0,Assoc-voc,11.0,Never-married,Other-service,Unmarried,White,Female,,,30.0,United-States
20.0,Private,171398.0,10th,,Never-married,,,,Male,0.0,0.0,,United-States
24.0,Self-emp-not-inc,174391.0,,,,Adm-clerical,Wife,White,Female,0.0,0.0,40.0,United-States
48.0,,207058.0,HS-grad,,,,,White,,,0.0,37.0,United-States
37.0,Private,291251.0,HS-grad,,Divorced,,Not-in-family,,Female,0.0,0.0,40.0,
60.0,Self-emp-not-inc,224377.0,HS-grad,9.0,Married-civ-spouse,Sales,,,Male,0.0,0.0,40.0,United-States
39.0,Private,105813.0,HS-grad,9.0,Married-civ-spouse,Craft-repair,Husband,,Male,0.0,0.0,40.0,United-States
29.0,,,Some-college,10.0,,Adm-clerical,Unmarried,White,,0.0,0.0,38.0,United-States
31.0,Self-emp-not-inc,122749.0,Assoc-voc,11.0,Divorced,Craft-repair,,White,Male,0.0,0.0,,United-States
,Private,,Assoc-voc,11.0,Married-civ-spouse,Craft-repair,,,Male,4386.0,0.0,40.0,United-States
26.0,Self-emp-not-inc,,Assoc-acdm,,Never-married,Craft-repair,Not-in-family,White,Male,0.0,0.0,40.0,United-States
64.0,Private,319371.0,Bachelors,13.0,Married-civ-spouse,Exec-managerial,Husband,White,Male,15024.0,0.0,40.0,
46.0,Private,,Assoc-voc,11.0,Divorced,Protective-serv,Not-in-family,Black,,0.0,0.0,40.0,United-States
69.0,noValueSetHere123156456,,,9.0,Married-civ-spouse,noValueSetHere123156456,Husband,White,Male,0.0,0.0,8.0,United-States
39.0,Private,127772.0,HS-grad,9.0,Married-civ-spouse,Sales,Husband,White,,,0.0,44.0,
48.0,Private,80651.0,,9.0,Divorced,,Not-in-family,White,Female,0.0,0.0,,United-States
46.0,Private,,HS-grad,,,Sales,,,Female,0.0,,40.0,United-States
42.0,Private,191712.0,Bachelors,13.0,Divorced,Sales,Not-in-family,,,0.0,1590.0,40.0,United-States
,Self-emp-not-inc,237532.0,,9.0,Married-civ-spouse,Sales,Wife,,Female,0.0,0.0,,Dominican-Republic
50.0,Federal-gov,20179.0,,,Married-civ-spouse,Tech-support,Husband,,Male,,,,
24.0,Private,311376.0,,13.0,Never-married,Prof-specialty,Not-in-family,White,Female,,0.0,,United-States
,,432565.0,Assoc-voc,11.0,,Tech-support,Other-relative,White,Female,,0.0,,Canada
39.0,Self-emp-inc,329980.0,Bachelors,13.0,Married-civ-spouse,Sales,Husband,White,Male,,2415.0,60.0,
,,125190.0,HS-grad,9.0,Married-civ-spouse,Craft-repair,,White,Male,,0.0,,United-States
23.0,,342946.0,,7.0,,Transport-moving,,White,,,,38.0,United-States
21.0,,,,,,,Not-in-family,White,,0.0,0.0,40.0,United-States
32.0,Private,123429.0,10th,6.0,Separated,,Not-in-family,,Male,,0.0,40.0,
69.0,Self-emp-inc,69209.0,Bachelors,,Married-civ-spouse,Machine-op-inspct,Husband,White,,3818.0,,30.0,United-States
,Private,,HS-grad,9.0,Separated,Handlers-cleaners,,,Male,0.0,0.0,40.0,United-States
,,,Some-college,10.0,Married-civ-spouse,,,White,,,0.0,50.0,
,Self-emp-inc,153132.0,Bachelors,,Married-civ-spouse,Exec-managerial,Husband,White,Male,,0.0,52.0,
18.0,Private,230875.0,11th,7.0,Never-married,Adm-clerical,Not-in-family,White,,,0.0,40.0,
74.0,Self-emp-not-inc,92298.0,Bachelors,13.0,Married-civ-spouse,Exec-managerial,Husband,White,Male,0.0,0.0,10.0,
,Private,185145.0,Doctorate,16.0,,Prof-specialty,Husband,,,,0.0,40.0,United-States
27.0,Private,297296.0,HS-grad,9.0,Married-civ-spouse,Craft-repair,,White,,,,40.0,
75.0,noValueSetHere123156456,164849.0,9th,5.0,Married-civ-spouse,,Husband,Black,Male,,0.0,,
55.0,Private,145214.0,,9.0,Divorced,,Not-in-family,White,,,0.0,40.0,United-States
52.0,,242341.0,7th-8th,4.0,Married-civ-spouse,,Husband,,Male,,0.0,40.0,United-States
54.0,Private,240542.0,,10.0,Divorced,Sales,Unmarried,,Female,0.0,,48.0,
36.0,Private,,HS-grad,9.0,Divorced,,Unmarried,White,Male,,,,United-States
76.0,noValueSetHere123156456,152802.0,Some-college,10.0,Married-civ-spouse,noValueSetHere123156456,Husband,,Male,0.0,0.0,8.0,
,Private,181666.0,,9.0,Never-married,Handlers-cleaners,Own-child,White,Female,0.0,0.0,,
,Private,415520.0,11th,7.0,,Craft-repair,,White,Male,,0.0,20.0,
38.0,Private,,HS-grad,9.0,Divorced,,Not-in-family,,Male,0.0,0.0,50.0,United-States
,Private,88842.0,,,Married-civ-spouse,Transport-moving,Husband,White,Male,7298.0,0.0,40.0,
19.0,noValueSetHere123156456,,Some-college,,Never-married,,Own-child,White,Female,0.0,0.0,,United-States
,Private,158438.0,Some-college,10.0,Married-civ-spouse,Exec-managerial,,White,Male,0.0,0.0,,
57.0,Private,,Bachelors,13.0,,Sales,Husband,White,Male,,0.0,40.0,United-States
20.0,Private,,HS-grad,9.0,Never-married,Protective-serv,,,,,0.0,40.0,United-States
,Private,253814.0,Some-college,,,Adm-clerical,,White,Female,0.0,0.0,,United-States
31.0,,161745.0,Bachelors,,,Exec-managerial,,White,,0.0,1980.0,,United-States
60.0,Private,162947.0,,,Divorced,Machine-op-inspct,,White,,0.0,0.0,40.0,
52.0,Private,,HS-grad,9.0,Divorced,Craft-repair,,White,Female,,,50.0,United-States
61.0,,146788.0,,,Married-civ-spouse,Transport-moving,Husband,,,0.0,0.0,,United-States
,Self-emp-not-inc,73309.0,HS-grad,9.0,Widowed,Craft-repair,,White,Male,0.0,,,United-States
19.0,noValueSetHere123156456,143867.0,Some-college,10.0,Never-married,,Own-child,White,Male,0.0,,40.0,United-States
59.0,Self-emp-not-inc,104216.0,Prof-school,15.0,Married-civ-spouse,Sales,,,Male,0.0,0.0,25.0,United-States
34.0,,,HS-grad,9.0,Never-married,Craft-repair,Not-in-family,,Male,0.0,0.0,45.0,United-States
31.0,Private,133770.0,,12.0,Married-civ-spouse,Craft-repair,Not-in-family,Asian-Pac-Islander,,0.0,0.0,50.0,
42.0,Private,209392.0,HS-grad,,,,Not-in-family,Black,Male,,,35.0,United-States
70.0,,,Some-college,10.0,Never-married,Adm-clerical,,White,Female,0.0,0.0,6.0,
47.0,Private,277545.0,Bachelors,13.0,,Adm-clerical,Husband,,,0.0,,40.0,
,,,HS-grad,,,noValueSetHere123156456,Husband,,Male,3942.0,0.0,40.0,
29.0,Private,490332.0,Some-college,10.0,Married-civ-spouse,Transport-moving,Husband,White,,0.0,0.0,45.0,United-States
,Private,,,7.0,Never-married,Handlers-cleaners,,Black,,0.0,0.0,,United-States
25.0,Private,374918.0,12th,8.0,Married-civ-spouse,Other-service,Wife,White,Female,,0.0,40.0,United-States
51.0,,106728.0,,,,Exec-managerial,Husband,White,Male,,0.0,60.0,
,Private,173649.0,HS-grad,,Never-married,,Own-child,Black,Female,0.0,0.0,40.0,noValueSetHere123156456
35.0,Private,174597.0,,13.0,Married-civ-spouse,Craft-repair,,,Male,0.0,0.0,40.0,United-States
36.0,Self-emp-not-inc,,Some-college,10.0,,Craft-repair,Husband,White,Male,0.0,0.0,,United-States
54.0,noValueSetHere123156456,169785.0,Masters,,Never-married,noValueSetHere123156456,Not-in-family,White,Female,0.0,0.0,40.0,United-States
46.0,Private,133169.0,Assoc-voc,,Married-civ-spouse,Craft-repair,Husband,White,Male,0.0,0.0,40.0,United-States
52.0,Private,,Assoc-voc,,Separated,Other-service,Unmarried,White,,0.0,0.0,35.0,United-States
65.0,Private,,,4.0,,Machine-op-inspct,,White,Male,,0.0,40.0,United-States
43.0,,188696.0,Assoc-voc,11.0,Divorced,Machine-op-inspct,Not-in-family,White,Male,0.0,0.0,40.0,United-States
,Local-gov,90692.0,HS-grad,9.0,Divorced,,Unmarried,Asian-Pac-Islander,,0.0,,40.0,United-States
34.0,Private,271933.0,Bachelors,13.0,,Exec-managerial,Other-relative,White,,0.0,1741.0,45.0,United-States
47.0,Self-emp-not-inc,102359.0,,,Married-civ-spouse,Exec-managerial,Husband,White,Male,,0.0,,United-States
49.0,Federal-gov,,,,Never-married,Exec-managerial,Not-in-family,White,,0.0,0.0,56.0,United-States
21.0,Private,294789.0,Some-college,,Never-married,Other-service,Not-in-family,White,Female,0.0,0.0,25.0,United-States
20.0,Private,157599.0,,10.0,Never-married,Other-service,Not-in-family,White,Female,0.0,,25.0,United-States
18.0,Local-gov,134935.0,,,Never-married,Protective-serv,Own-child,,Male,,,,United-States
27.0,,466224.0,Some-college,10.0,Never-married,Sales,Not-in-family,Black,Male,0.0,,,
34.0,Self-emp-not-inc,111985.0,HS-grad,9.0,Married-civ-spouse,Craft-repair,Husband,,Male,0.0,,50.0,
38.0,Private,264627.0,Some-college,10.0,Divorced,Adm-clerical,Unmarried,White,Female,0.0,0.0,40.0,United-States
,Private,213427.0,HS-grad,9.0,Never-married,Adm-clerical,Not-in-family,White,,0.0,,40.0,
34.0,Private,279015.0,,10.0,,Sales,Not-in-family,White,Male,0.0,0.0,65.0,
47.0,Private,,HS-grad,9.0,Married-civ-spouse,Machine-op-inspct,Husband,White,Male,0.0,0.0,,United-States
27.0,,188343.0,HS-grad,9.0,Separated,Exec-managerial,Unmarried,Black,Female,0.0,0.0,40.0,
63.0,Private,158609.0,,,Widowed,,Unmarried,White,,,0.0,8.0,United-States
34.0,,193036.0,,10.0,,Adm-clerical,Husband,,Male,,,40.0,
25.0,Private,198632.0,Some-college,10.0,Married-spouse-absent,Sales,Not-in-family,White,Male,0.0,0.0,50.0,
54.0,Private,175912.0,,9.0,Widowed,Machine-op-inspct,,,Male,914.0,,40.0,
19.0,noValueSetHere123156456,192773.0,Some-college,10.0,,noValueSetHere123156456,Own-child,,Female,0.0,,35.0,United-States
,Private,101387.0,HS-grad,9.0,Divorced,Sales,,White,Female,0.0,0.0,,United-States
24.0,Private,60783.0,Some-college,10.0,Married-civ-spouse,Transport-moving,Husband,White,,0.0,0.0,70.0,United-States
,Private,183224.0,Some-college,,Never-married,Adm-clerical,Own-child,,Female,0.0,0.0,35.0,United-States
,Local-gov,,,,Divorced,Adm-clerical,Not-in-family,,,,0.0,40.0,United-States
,Private,57600.0,,16.0,Married-spouse-absent,Prof-specialty,,,Female,0.0,0.0,40.0,noValueSetHere123156456
20.0,Private,174063.0,,10.0,Never-married,Other-service,Own-child,White,Female,0.0,,40.0,
,Private,306495.0,HS-grad,9.0,,Farming-fishing,,White,Male,0.0,,40.0,
51.0,Private,249741.0,Some-college,10.0,Married-civ-spouse,,Husband,White,Male,0.0,0.0,40.0,
27.0,,93021.0,,,Never-married,Adm-clerical,Unmarried,Other,Female,,0.0,40.0,United-States
36.0,Private,49626.0,HS-grad,9.0,,Exec-managerial,Husband,,,,0.0,40.0,United-States
25.0,,63062.0,,10.0,Never-married,Farming-fishing,Own-child,White,Male,0.0,0.0,,United-States
55.0,,,Bachelors,,Married-civ-spouse,Sales,Husband,,Male,0.0,0.0,,United-States
,Local-gov,123727.0,Some-college,,Never-married,Prof-specialty,Not-in-family,,Female,,0.0,21.0,United-States
58.0,State-gov,,,16.0,Married-civ-spouse,Prof-specialty,Husband,,Male,,0.0,40.0,India
,,149670.0,Some-college,10.0,,,Wife,White,Female,4064.0,,15.0,United-States
39.0,Private,172425.0,Assoc-voc,11.0,Married-civ-spouse,Adm-clerical,Wife,White,,0.0,,,
40.0,Private,216116.0,9th,5.0,Never-married,Machine-op-inspct,,Black,Female,,0.0,,
46.0,Private,,HS-grad,9.0,,Exec-managerial,Not-in-family,White,Male,0.0,0.0,45.0,United-States
54.0,Federal-gov,175083.0,,9.0,Never-married,,Unmarried,,Female,,0.0,20.0,
19.0,Private,129059.0,,10.0,,Sales,Own-child,,Male,0.0,0.0,30.0,United-States
24.0,Private,121313.0,HS-grad,,,Adm-clerical,,,Male,0.0,,,United-States
53.0,noValueSetHere123156456,181317.0,HS-grad,9.0,,,,White,Male,0.0,,,United-States
24.0,State-gov,166851.0,Masters,14.0,Never-married,Prof-specialty,Not-in-family,White,Male,0.0,,13.0,United-States
29.0,Self-emp-not-inc,29616.0,HS-grad,,,Farming-fishing,,White,,0.0,0.0,,United-States
56.0,Self-emp-inc,,Some-college,10.0,Married-civ-spouse,,,White,Male,7688.0,0.0,50.0,United-States
,,124993.0,HS-grad,9.0,Married-civ-spouse,noValueSetHere123156456,Husband,White,Male,0.0,0.0,40.0,United-States
21.0,noValueSetHere123156456,148509.0,Some-college,10.0,Never-married,noValueSetHere123156456,,,Female,0.0,,30.0,
34.0,Private,,9th,5.0,Separated,Craft-repair,Not-in-family,,Male,0.0,,40.0,noValueSetHere123156456
,,117881.0,,,Divorced,Machine-op-inspct,Not-in-family,White,Female,0.0,0.0,40.0,United-States
34.0,Private,203408.0,Bachelors,13.0,Married-civ-spouse,Prof-specialty,Husband,White,Male,7688.0,0.0,,United-States
19.0,,446219.0,,6.0,,Sales,Unmarried,Black,Female,0.0,,,United-States
32.0,Self-emp-inc,,HS-grad,9.0,Married-civ-spouse,,Husband,White,Male,0.0,,65.0,United-States
48.0,,207946.0,HS-grad,9.0,Divorced,Adm-clerical,Unmarried,,,0.0,,,United-States
,,45537.0,Masters,14.0,Married-civ-spouse,noValueSetHere123156456,Husband,Black,Male,0.0,,40.0,United-States
47.0,Private,188330.0,,,,Transport-moving,Husband,White,Male,0.0,0.0,25.0,
52.0,Private,147629.0,HS-grad,9.0,,Transport-moving,Husband,White,Male,,0.0,,United-States
,,153799.0,1st-4th,2.0,Married-spouse-absent,,,White,Female,,0.0,40.0,Dominican-Republic
28.0,Private,203776.0,10th,6.0,,Craft-repair,Husband,White,,0.0,0.0,50.0,United-States
41.0,,168071.0,,13.0,Married-civ-spouse,Exec-managerial,Husband,,Male,7298.0,,50.0,
57.0,Private,348430.0,,2.0,,Craft-repair,Unmarried,White,Male,0.0,0.0,,
,Private,,HS-grad,,Divorced,,Not-in-family,,Female,0.0,,40.0,
,noValueSetHere123156456,152046.0,11th,7.0,Never-married,,,White,Female,,0.0,35.0,Germany
36.0,,153205.0,,13.0,Married-civ-spouse,,Husband,Asian-Pac-Islander,Male,0.0,0.0,45.0,noValueSetHere123156456
33.0,Private,326104.0,Some-college,,Married-civ-spouse,Exec-managerial,,White,Male,0.0,0.0,50.0,United-States
46.0,,,Bachelors,,Married-civ-spouse,,Husband,White,Male,0.0,0.0,45.0,United-States
,,221336.0,,9.0,,Adm-clerical,Other-relative,,Female,0.0,0.0,40.0,Philippines
33.0,Private,180656.0,Some-college,10.0,Married-spouse-absent,,Not-in-family,White,Male,0.0,0.0,40.0,noValueSetHere123156456
77.0,Self-emp-not-inc,145329.0,HS-grad,9.0,Never-married,Machine-op-inspct,Not-in-family,White,Male,401.0,0.0,20.0,
,Private,315776.0,Masters,,Never-married,Exec-managerial,Not-in-family,,Male,8614.0,0.0,52.0,
67.0,,150516.0,HS-grad,9.0,,noValueSetHere123156456,Unmarried,White,Male,0.0,0.0,3.0,
35.0,Private,325802.0,,12.0,Divorced,Handlers-cleaners,,White,Female,0.0,0.0,24.0,United-States
23.0,,133985.0,10th,,Never-married,Craft-repair,Own-child,Black,Female,0.0,,40.0,United-States
,Private,269329.0,Assoc-voc,11.0,Divorced,,Not-in-family,,Female,8614.0,0.0,45.0,United-States
,,,HS-grad,9.0,Married-civ-spouse,Transport-moving,Husband,White,Male,0.0,,50.0,United-States
60.0,Private,76127.0,Assoc-acdm,12.0,Married-civ-spouse,,,White,Male,0.0,0.0,35.0,United-States
32.0,,195891.0,,13.0,Never-married,Adm-clerical,Not-in-family,,Male,0.0,0.0,55.0,
56.0,Federal-gov,162137.0,HS-grad,,,,Husband,Amer-Indian-Eskimo,,0.0,0.0,40.0,
45.0,State-gov,,Assoc-voc,,Divorced,Tech-support,Unmarried,,Female,0.0,,40.0,United-States
24.0,Private,161708.0,HS-grad,9.0,Divorced,Exec-managerial,Not-in-family,White,Female,0.0,0.0,,
,Private,80616.0,10th,6.0,Never-married,Handlers-cleaners,Own-child,White,Male,,0.0,27.0,United-States
31.0,Private,209276.0,HS-grad,9.0,,Other-service,Husband,Other,Male,,0.0,,United-States
,noValueSetHere123156456,34443.0,Some-college,10.0,Never-married,noValueSetHere123156456,Own-child,White,Male,,0.0,50.0,United-States
,Private,192835.0,Bachelors,13.0,,Exec-managerial,Husband,White,Male,0.0,1977.0,,United-States
23.0,Private,203240.0,Some-college,10.0,Never-married,Other-service,Not-in-family,White,Female,0.0,,40.0,
45.0,State-gov,102308.0,Some-college,,,Exec-managerial,Husband,White,Male,,0.0,40.0,United-States
18.0,Private,40829.0,,7.0,Never-married,Sales,Other-relative,Amer-Indian-Eskimo,Female,0.0,0.0,25.0,
25.0,Private,60726.0,HS-grad,9.0,Married-civ-spouse,Transport-moving,Husband,Black,,,0.0,30.0,United-States
,State-gov,116677.0,HS-grad,9.0,Married-civ-spouse,Sales,Husband,White,Male,,,40.0,United-States
19.0,,57067.0,HS-grad,9.0,Never-married,,,White,Male,0.0,0.0,45.0,United-States
41.0,Private,304906.0,Bachelors,,,,Husband,White,Male,0.0,,40.0,United-States
74.0,Private,101590.0,Prof-school,15.0,Widowed,Adm-clerical,Not-in-family,,Female,0.0,0.0,20.0,United-States
27.0,Private,258102.0,5th-6th,3.0,Never-married,,Not-in-family,,Male,0.0,0.0,40.0,Mexico
,Private,,HS-grad,9.0,Never-married,Adm-clerical,Not-in-family,White,Female,,0.0,40.0,United-States
31.0,,124827.0,Assoc-voc,11.0,Married-civ-spouse,Sales,Husband,White,Male,,0.0,40.0,United-States
40.0,Self-emp-inc,,HS-grad,9.0,,Handlers-cleaners,Husband,White,Male,0.0,0.0,40.0,United-States
41.0,Federal-gov,263339.0,HS-grad,9.0,Married-civ-spouse,Transport-moving,Husband,White,Male,,0.0,,
25.0,Private,135645.0,Masters,,Never-married,Sales,Not-in-family,White,Male,0.0,0.0,20.0,United-States
42.0,Private,245626.0,HS-grad,,Married-civ-spouse,Craft-repair,,Amer-Indian-Eskimo,Male,,0.0,,United-States
24.0,Private,,Bachelors,,Never-married,Craft-repair,,White,Female,,0.0,40.0,
42.0,Private,,Assoc-acdm,,Married-civ-spouse,Craft-repair,Husband,White,Male,0.0,0.0,50.0,
,Self-emp-not-inc,160167.0,10th,6.0,Married-civ-spouse,Craft-repair,Husband,White,Male,0.0,0.0,70.0,
52.0,Federal-gov,30731.0,,9.0,,Exec-managerial,,White,Male,,0.0,40.0,
,Private,314375.0,Assoc-voc,,Divorced,Craft-repair,Not-in-family,White,Male,0.0,0.0,40.0,United-States
32.0,Private,81528.0,,9.0,Never-married,Handlers-cleaners,,,Male,0.0,0.0,60.0,United-States
,Private,182854.0,HS-grad,,,Craft-repair,Husband,White,,0.0,,,United-States
42.0,,,,7.0,Never-married,Tech-support,Not-in-family,White,,0.0,1340.0,40.0,United-States
32.0,Private,,Bachelors,13.0,Married-civ-spouse,,Husband,White,,15024.0,0.0,40.0,United-States
40.0,noValueSetHere123156456,,Some-college,10.0,Married-civ-spouse,noValueSetHere123156456,Wife,,Female,0.0,,20.0,United-States
55.0,Self-emp-inc,141807.0,Bachelors,13.0,Married-civ-spouse,Sales,,,Male,0.0,,60.0,United-States
,,112871.0,11th,7.0,Never-married,noValueSetHere123156456,Not-in-family,White,Male,0.0,0.0,30.0,United-States
52.0,State-gov,71344.0,Masters,14.0,Married-civ-spouse,Prof-specialty,Husband,White,Male,0.0,,,United-States
21.0,,341410.0,Some-college,,Never-married,,Not-in-family,,Female,0.0,0.0,15.0,United-States
33.0,Private,118941.0,,13.0,Married-civ-spouse,Exec-managerial,Wife,White,Female,0.0,0.0,40.0,
52.0,noValueSetHere123156456,159755.0,Assoc-voc,11.0,Married-civ-spouse,noValueSetHere123156456,,White,Male,,0.0,50.0,
,Private,,5th-6th,3.0,Never-married,Machine-op-inspct,Not-in-family,White,Female,0.0,0.0,40.0,
,Self-emp-not-inc,,11th,,Married-civ-spouse,Craft-repair,Husband,White,,,,,
42.0,Local-gov,142756.0,Bachelors,13.0,Divorced,,Not-in-family,,Female,,0.0,,United-States
27.0,Self-emp-inc,243871.0,Some-college,10.0,Never-married,Adm-clerical,Own-child,White,Female,0.0,0.0,45.0,
,Private,213140.0,,11.0,,Craft-repair,,White,Male,,,,United-States
19.0,Private,196857.0,HS-grad,9.0,Never-married,Other-service,Not-in-family,White,,0.0,0.0,40.0,United-States
46.0,Private,138626.0,,10.0,Married-civ-spouse,Craft-repair,Husband,,Male,,0.0,40.0,
55.0,Self-emp-not-inc,161334.0,HS-grad,9.0,Widowed,Other-service,Not-in-family,White,Female,0.0,0.0,25.0,Nicaragua
50.0,Private,,7th-8th,4.0,Married-civ-spouse,Sales,,Other,Male,0.0,0.0,49.0,
,,115631.0,,10.0,,Adm-clerical,Not-in-family,White,Female,4101.0,0.0,50.0,
28.0,,185957.0,HS-grad,,Married-civ-spouse,,Wife,,,0.0,0.0,40.0,United-States
23.0,Private,,HS-grad,9.0,,Adm-clerical,Own-child,Black,,,0.0,,United-States
43.0,Private,96102.0,Masters,14.0,,Exec-managerial,Not-in-family,,,,0.0,50.0,United-States
,,213226.0,Bachelors,13.0,Married-civ-spouse,,,White,Male,0.0,0.0,40.0,
19.0,,115248.0,,10.0,Never-married,,,Asian-Pac-Islander,,0.0,0.0,,
,Private,185061.0,Some-college,10.0,,,,Asian-Pac-Islander,,0.0,0.0,55.0,United-States
,,147638.0,Bachelors,13.0,Never-married,Adm-clerical,Other-relative,Asian-Pac-Islander,Female,0.0,0.0,,Hong
18.0,Private,280298.0,HS-grad,9.0,Never-married,,Own-child,White,Female,0.0,0.0,,
31.0,Private,163516.0,,10.0,Widowed,Adm-clerical,,,,0.0,0.0,,United-States
,Private,277434.0,HS-grad,9.0,,,Husband,,Male,0.0,,50.0,United-States
26.0,Federal-gov,206983.0,Prof-school,15.0,Married-civ-spouse,Prof-specialty,,White,,0.0,0.0,60.0,
48.0,Private,108993.0,HS-grad,9.0,,,Husband,,Male,0.0,,45.0,United-States
39.0,,,HS-grad,9.0,Married-civ-spouse,Craft-repair,Husband,Black,Male,,0.0,40.0,United-States
,Private,176069.0,HS-grad,,Separated,,Unmarried,White,Female,0.0,0.0,,
48.0,,183486.0,,11.0,Divorced,Prof-specialty,Unmarried,White,,0.0,,56.0,
40.0,Private,163215.0,Bachelors,,Divorced,Exec-managerial,,White,Female,10520.0,0.0,40.0,United-States
70.0,Private,94692.0,Bachelors,13.0,Married-civ-spouse,Sales,,White,Male,0.0,0.0,70.0,United-States
20.0,,118462.0,HS-grad,9.0,Never-married,Handlers-cleaners,,White,,0.0,0.0,43.0,United-States
38.0,,,5th-6th,3.0,,Other-service,Husband,,Male,0.0,0.0,75.0,Mexico
37.0,Self-emp-not-inc,243587.0,Some-college,10.0,Separated,,Own-child,White,Female,0.0,0.0,,
,Private,23074.0,Some-college,10.0,Widowed,Exec-managerial,,White,Female,,0.0,40.0,United-States
,Private,237735.0,HS-grad,9.0,,Handlers-cleaners,Husband,White,Male,,0.0,40.0,United-States
43.0,,188291.0,1st-4th,2.0,Never-married,Sales,Own-child,White,Male,0.0,0.0,40.0,United-States
38.0,,,Prof-school,15.0,Never-married,Prof-specialty,Not-in-family,White,,0.0,,50.0,United-States
18.0,noValueSetHere123156456,423460.0,11th,7.0,Never-married,noValueSetHere123156456,,White,,0.0,0.0,36.0,United-States
23.0,,287681.0,7th-8th,4.0,Never-married,Other-service,Not-in-family,White,Male,0.0,0.0,25.0,
,,,,9.0,Married-civ-spouse,,Husband,White,,0.0,0.0,40.0,United-States
62.0,noValueSetHere123156456,139391.0,Some-college,10.0,Married-civ-spouse,noValueSetHere123156456,Husband,White,,0.0,0.0,24.0,United-States
33.0,Private,91964.0,Some-college,10.0,Never-married,Adm-clerical,Unmarried,White,,0.0,0.0,40.0,United-States
,,117526.0,Some-college,10.0,Never-married,,Not-in-family,White,Female,0.0,0.0,45.0,United-States
64.0,Private,91343.0,Some-college,10.0,Widowed,Tech-support,,White,Female,0.0,0.0,,United-States
26.0,Local-gov,,Bachelors,13.0,,Prof-specialty,Husband,White,Male,0.0,0.0,28.0,El-Salvador
,Private,255364.0,Some-college,,Married-civ-spouse,Prof-specialty,,White,Male,0.0,0.0,40.0,United-States
61.0,Local-gov,167670.0,Bachelors,,Married-spouse-absent,Prof-specialty,Not-in-family,White,Male,0.0,0.0,40.0,United-States
37.0,Private,211494.0,,,Married-civ-spouse,,Husband,,Male,0.0,,40.0,United-States
78.0,Local-gov,136198.0,Bachelors,13.0,,,Husband,,Male,0.0,,15.0,United-States
27.0,Federal-gov,409815.0,Some-college,,Never-married,,,Black,Female,0.0,0.0,40.0,United-States
49.0,,188823.0,HS-grad,9.0,Divorced,Prof-specialty,Not-in-family,White,Male,0.0,0.0,42.0,United-States
55.0,,146326.0,Masters,14.0,,Prof-specialty,,White,,7688.0,0.0,45.0,United-States
42.0,Private,154374.0,Bachelors,13.0,Married-civ-spouse,Transport-moving,Husband,,,0.0,0.0,58.0,United-States
22.0,noValueSetHere123156456,216563.0,HS-grad,,Never-married,noValueSetHere123156456,Other-relative,White,,0.0,0.0,40.0,United-States
,Private,,9th,5.0,Married-civ-spouse,,Husband,White,Male,0.0,,40.0,United-States
64.0,Self-emp-not-inc,100722.0,Bachelors,,Married-civ-spouse,Adm-clerical,Husband,White,Male,0.0,,5.0,
46.0,,,,,,Other-service,Husband,White,Male,0.0,0.0,40.0,
24.0,Private,,Bachelors,13.0,Never-married,,Not-in-family,White,Male,0.0,0.0,40.0,United-States
27.0,Private,358636.0,,10.0,Married-civ-spouse,Craft-repair,Husband,,,2829.0,0.0,70.0,
47.0,Private,155489.0,,,Married-civ-spouse,,,White,Male,,0.0,,United-States
18.0,Private,57413.0,,10.0,,Other-service,Own-child,,Male,,0.0,15.0,
48.0,Private,,HS-grad,9.0,,Sales,Husband,White,Male,0.0,0.0,50.0,United-States
50.0,Self-emp-not-inc,,HS-grad,9.0,Divorced,Farming-fishing,Not-in-family,White,,0.0,,40.0,United-States
40.0,State-gov,229364.0,,14.0,Divorced,,Not-in-family,,Female,0.0,0.0,45.0,United-States
56.0,Self-emp-not-inc,157486.0,,6.0,,,Own-child,,Male,,0.0,,United-States
34.0,Private,,HS-grad,,Never-married,,,White,,4865.0,0.0,40.0,United-States
56.0,Federal-gov,101338.0,Bachelors,,Married-civ-spouse,Sales,Husband,,Male,0.0,0.0,,United-States
18.0,Private,,,7.0,,Other-service,Own-child,White,Male,0.0,,20.0,United-States
21.0,,34616.0,,10.0,Never-married,Other-service,Own-child,White,Female,0.0,,25.0,United-States
40.0,,218903.0,,,Divorced,Tech-support,Unmarried,,Female,0.0,0.0,40.0,United-States
,Local-gov,204098.0,HS-grad,9.0,Married-civ-spouse,Handlers-cleaners,Other-relative,,Male,0.0,0.0,50.0,United-States
52.0,,,Prof-school,15.0,Married-civ-spouse,Prof-specialty,Husband,White,Male,99999.0,0.0,45.0,United-States
46.0,,189763.0,HS-grad,,Divorced,,Not-in-family,White,Female,0.0,,,United-States
23.0,Private,26248.0,,9.0,,Adm-clerical,Own-child,White,Female,0.0,,,
50.0,Private,,Some-college,,Married-civ-spouse,,Husband,White,Male,,,45.0,United-States
19.0,,280071.0,,,Never-married,,Other-relative,White,,0.0,0.0,50.0,United-States
20.0,,224059.0,HS-grad,,,Other-service,Not-in-family,White,Male,0.0,,40.0,
39.0,Private,185520.0,Some-college,10.0,,Exec-managerial,,White,Female,8614.0,0.0,40.0,
24.0,,265567.0,11th,7.0,Never-married,Craft-repair,,White,Male,0.0,0.0,,United-States
72.0,Private,106890.0,Assoc-voc,,Widowed,Adm-clerical,Not-in-family,White,,0.0,0.0,40.0,United-States
42.0,State-gov,39586.0,Masters,,Married-civ-spouse,,,White,Female,0.0,0.0,,United-States
42.0,,,Bachelors,,Divorced,Sales,Unmarried,White,Male,0.0,,45.0,noValueSetHere123156456
51.0,Private,209912.0,Bachelors,13.0,Divorced,Exec-managerial,Not-in-family,,,0.0,0.0,50.0,
39.0,,,HS-grad,,Married-civ-spouse,,Husband,,Male,0.0,0.0,50.0,United-States
40.0,,50442.0,,10.0,,Adm-clerical,Unmarried,Amer-Indian-Eskimo,Female,2977.0,0.0,35.0,United-States
34.0,,89644.0,Some-college,10.0,Married-civ-spouse,,,White,Male,0.0,,,United-States
,Private,275889.0,11th,7.0,Never-married,Handlers-cleaners,,White,Male,,0.0,40.0,Mexico
26.0,,,HS-grad,9.0,Never-married,Exec-managerial,,White,Female,0.0,,40.0,United-States
45.0,Local-gov,224474.0,,,Divorced,Prof-specialty,Unmarried,,Female,4934.0,0.0,50.0,United-States
28.0,Private,355259.0,,14.0,,Prof-specialty,Not-in-family,White,Female,,0.0,40.0,United-States
,Federal-gov,68330.0,,13.0,Never-married,Prof-specialty,Not-in-family,White,,,,40.0,United-States
32.0,Private,185410.0,HS-grad,9.0,Never-married,,Not-in-family,White,,0.0,0.0,40.0,United-States
,Private,87653.0,Some-college,10.0,,,,White,Female,0.0,,25.0,United-States
21.0,Private,286853.0,,9.0,Never-married,,,,Male,0.0,0.0,35.0,
,,96710.0,HS-grad,9.0,Married-civ-spouse,Priv-house-serv,,Black,Female,0.0,0.0,20.0,
62.0,,,Prof-school,15.0,Married-civ-spouse,Prof-specialty,Husband,White,Male,0.0,0.0,,
25.0,,186925.0,Some-college,10.0,Never-married,Other-service,Not-in-family,White,Male,2597.0,,,
49.0,,109705.0,Some-college,10.0,Divorced,Exec-managerial,Unmarried,White,Female,0.0,0.0,32.0,United-States
32.0,Private,94235.0,HS-grad,9.0,,,Husband,White,Male,0.0,0.0,40.0,United-States
26.0,Private,225279.0,Some-college,10.0,Never-married,Prof-specialty,,White,,0.0,1602.0,,noValueSetHere123156456
37.0,,,HS-grad,9.0,,Protective-serv,,White,Male,0.0,0.0,40.0,United-States
58.0,Private,205896.0,HS-grad,9.0,Divorced,,Other-relative,White,Female,0.0,0.0,40.0,United-States
37.0,Private,93717.0,Some-college,10.0,Married-civ-spouse,Adm-clerical,Wife,White,Female,,0.0,45.0,
,Private,194710.0,,9.0,Never-married,Exec-managerial,Not-in-family,White,,0.0,0.0,,
,Private,236391.0,Bachelors,,Married-civ-spouse,,Husband,White,,,,,
47.0,State-gov,189123.0,HS-grad,9.0,Married-civ-spouse,,Husband,White,Male,0.0,0.0,40.0,United-States
42.0,,358677.0,HS-grad,9.0,,Other-service,Unmarried,Black,Male,0.0,0.0,,United-States
30.0,State-gov,,HS-grad,,Married-civ-spouse,Adm-clerical,Husband,White,,0.0,1902.0,40.0,United-States
43.0,Private,,Some-college,10.0,Married-civ-spouse,Sales,,White,,,,,
34.0,,231238.0,,9.0,Married-civ-spouse,Machine-op-inspct,Husband,,Male,0.0,0.0,40.0,United-States
57.0,Private,296152.0,Some-college,10.0,Divorced,Exec-managerial,Other-relative,White,Female,,0.0,10.0,United-States
46.0,Private,,,7.0,Married-civ-spouse,Machine-op-inspct,Husband,White,Male,0.0,,40.0,
,Private,281437.0,Some-college,,Married-civ-spouse,,Husband,,Male,,,,United-States
20.0,Private,190231.0,9th,5.0,Never-married,,Own-child,,Female,0.0,0.0,,
47.0,Private,122026.0,,11.0,Divorced,,Not-in-family,White,Male,0.0,0.0,50.0,United-States
55.0,noValueSetHere123156456,,HS-grad,,,noValueSetHere123156456,Not-in-family,White,Male,0.0,0.0,20.0,United-States
53.0,,174102.0,7th-8th,4.0,,Exec-managerial,,White,,4386.0,0.0,,
43.0,Private,125461.0,Bachelors,,,Sales,,,Male,0.0,0.0,,United-States
,,,7th-8th,4.0,Married-civ-spouse,Farming-fishing,Husband,White,,0.0,0.0,30.0,United-States
,,211345.0,,10.0,Never-married,Other-service,Own-child,White,,0.0,,40.0,Mexico
43.0,Local-gov,,Masters,,Married-civ-spouse,Exec-managerial,Husband,White,,0.0,1977.0,60.0,
22.0,Private,222993.0,HS-grad,9.0,Never-married,,Own-child,White,Male,0.0,0.0,,United-States
40.0,Private,225978.0,Some-college,10.0,Separated,Exec-managerial,Not-in-family,,Male,0.0,0.0,,
,,121124.0,HS-grad,9.0,,Exec-managerial,,White,Male,0.0,0.0,50.0,United-States
,noValueSetHere123156456,656036.0,HS-grad,9.0,,noValueSetHere123156456,,White,Male,,0.0,25.0,United-States
34.0,,346762.0,11th,,Divorced,noValueSetHere123156456,Own-child,White,Male,,0.0,84.0,
51.0,Private,234057.0,HS-grad,,,,Husband,White,Male,0.0,,,
24.0,Federal-gov,,HS-grad,9.0,Never-married,Adm-clerical,Not-in-family,,Female,0.0,,40.0,United-States
19.0,,116562.0,,9.0,Never-married,Other-service,,White,,0.0,0.0,40.0,
34.0,,171159.0,Some-college,10.0,,Adm-clerical,Unmarried,,Female,0.0,0.0,,United-States
24.0,Private,199011.0,HS-grad,9.0,Never-married,,Own-child,White,Male,0.0,0.0,40.0,United-States
41.0,Private,443508.0,,13.0,Married-civ-spouse,Transport-moving,Husband,White,,,,,Canada
,,29810.0,HS-grad,,Divorced,Sales,,White,Female,0.0,0.0,38.0,United-States
22.0,Local-gov,238831.0,Some-college,,,Protective-serv,Own-child,White,Male,0.0,,40.0,
32.0,,566117.0,,10.0,,Adm-clerical,,,Female,0.0,0.0,40.0,United-States
41.0,Private,255044.0,Bachelors,13.0,Divorced,Exec-managerial,,White,,0.0,,55.0,United-States
,,436253.0,Some-college,,Never-married,Other-service,,,,0.0,0.0,35.0,United-States
31.0,Private,300687.0,HS-grad,,Never-married,Other-service,Not-in-family,Black,Male,0.0,0.0,,United-States
55.0,Private,,Bachelors,13.0,Married-civ-spouse,,Husband,White,,0.0,0.0,,United-States
49.0,State-gov,133917.0,Doctorate,,Married-civ-spouse,Prof-specialty,,Black,Male,0.0,1902.0,,
26.0,,188767.0,Bachelors,13.0,Never-married,Sales,,White,Male,0.0,0.0,40.0,
,Self-emp-not-inc,300777.0,HS-grad,9.0,Divorced,Transport-moving,Not-in-family,White,Male,,0.0,70.0,United-States
35.0,Private,26987.0,HS-grad,9.0,,Adm-clerical,Not-in-family,White,Female,0.0,0.0,40.0,United-States
40.0,,174395.0,HS-grad,9.0,,Other-service,Not-in-family,White,Male,0.0,0.0,60.0,Greece
,,90290.0,Some-college,,,Prof-specialty,,White,Male,,0.0,34.0,United-States
61.0,Private,,,10.0,Married-civ-spouse,Sales,Husband,White,Male,,0.0,45.0,United-States
31.0,Private,123273.0,HS-grad,9.0,Never-married,Sales,Own-child,,Female,,0.0,40.0,
43.0,,186916.0,,14.0,Divorced,Protective-serv,Not-in-family,White,Male,,0.0,60.0,
61.0,,43554.0,5th-6th,3.0,Never-married,Handlers-cleaners,Not-in-family,Black,Male,0.0,2339.0,,United-States
54.0,Private,178251.0,Assoc-acdm,12.0,,Adm-clerical,Unmarried,White,,0.0,0.0,30.0,United-States
,Private,255885.0,Some-college,,Married-civ-spouse,Sales,,White,Male,0.0,0.0,50.0,United-States
20.0,Private,64292.0,Some-college,10.0,,Sales,Not-in-family,White,Female,,0.0,,United-States
27.0,State-gov,194773.0,Masters,14.0,Never-married,Prof-specialty,Not-in-family,White,Female,,0.0,,Germany
44.0,Self-emp-inc,133060.0,Some-college,,Divorced,Machine-op-inspct,,White,Male,0.0,0.0,,United-States
64.0,,258006.0,Some-college,10.0,Widowed,,Not-in-family,White,Female,0.0,0.0,40.0,
55.0,Private,92215.0,HS-grad,9.0,,Adm-clerical,Not-in-family,White,Female,,0.0,40.0,United-States
,Private,33945.0,HS-grad,,Divorced,,Not-in-family,,Male,6849.0,0.0,55.0,United-States
61.0,Private,,HS-grad,,Widowed,,Not-in-family,White,Female,0.0,0.0,35.0,United-States
28.0,,192200.0,Bachelors,,Married-civ-spouse,Prof-specialty,,White,Male,0.0,,40.0,noValueSetHere123156456
34.0,Private,355571.0,HS-grad,9.0,Divorced,,Unmarried,Black,Female,,,40.0,United-States
47.0,Self-emp-inc,139268.0,Prof-school,15.0,Married-civ-spouse,Prof-specialty,Husband,,Male,0.0,,,United-States
26.0,Private,,,13.0,Never-married,Adm-clerical,Not-in-family,White,Male,0.0,0.0,45.0,United-States
35.0,Private,25955.0,11th,7.0,Never-married,Other-service,,Amer-Indian-Eskimo,Male,0.0,0.0,40.0,United-States
36.0,,209609.0,Bachelors,13.0,,,Husband,,Male,0.0,0.0,,United-States
47.0,Private,168283.0,,13.0,Married-civ-spouse,Prof-specialty,Husband,White,Male,0.0,0.0,,United-States
17.0,,,11th,,Never-married,Other-service,Own-child,Black,Female,0.0,0.0,25.0,United-States
,Private,,,10.0,Married-civ-spouse,Prof-specialty,Husband,White,Male,0.0,0.0,,United-States
33.0,Private,164190.0,Masters,,Never-married,Prof-specialty,Own-child,White,Male,0.0,0.0,20.0,
,Private,216010.0,,12.0,,,Wife,,,0.0,0.0,40.0,United-States
18.0,Private,387568.0,,6.0,Never-married,Sales,,,Male,0.0,0.0,,United-States
,State-gov,188386.0,Masters,,Separated,Prof-specialty,Not-in-family,White,,,,38.0,United-States
44.0,Private,174491.0,HS-grad,9.0,Widowed,Other-service,Unmarried,Black,,,0.0,30.0,United-States
,,31221.0,HS-grad,9.0,,Other-service,Unmarried,White,,0.0,0.0,30.0,United-States
,Private,,Bachelors,,,Adm-clerical,Not-in-family,White,,,0.0,,United-States
53.0,Self-emp-not-inc,,Some-college,10.0,Married-civ-spouse,Farming-fishing,Husband,White,Male,,0.0,50.0,United-States
53.0,,104413.0,HS-grad,9.0,Widowed,Other-service,Unmarried,,Female,0.0,0.0,,United-States
40.0,Private,105936.0,HS-grad,9.0,Married-civ-spouse,,Wife,White,,5013.0,0.0,,United-States
24.0,Private,379066.0,,10.0,Never-married,Adm-clerical,,White,Male,0.0,2205.0,,
27.0,Private,,Bachelors,13.0,,,Own-child,White,Male,0.0,0.0,40.0,United-States
,Private,237735.0,5th-6th,3.0,Married-civ-spouse,,Husband,White,Male,,0.0,,Mexico
36.0,,158592.0,,,Married-civ-spouse,,Husband,White,,0.0,0.0,50.0,United-States
,Private,237321.0,1st-4th,2.0,,Machine-op-inspct,Husband,White,Male,0.0,0.0,40.0,Mexico
41.0,Private,23646.0,Masters,,Never-married,Prof-specialty,Not-in-family,,,0.0,0.0,40.0,United-States
31.0,,169240.0,HS-grad,,,Other-service,Not-in-family,White,Female,0.0,,40.0,United-States
32.0,Federal-gov,454508.0,Bachelors,13.0,Married-civ-spouse,Exec-managerial,Husband,White,,,,40.0,United-States
22.0,,130356.0,Some-college,10.0,Never-married,Machine-op-inspct,Own-child,White,Male,0.0,0.0,48.0,
,,427686.0,10th,,Divorced,,Own-child,,,,0.0,40.0,
18.0,Local-gov,36411.0,12th,8.0,Never-married,Prof-specialty,Own-child,White,Male,,,,United-States
,Private,548510.0,Bachelors,,,Prof-specialty,Husband,Black,Male,0.0,0.0,30.0,
,Private,,,,Married-civ-spouse,,Wife,White,Female,0.0,0.0,55.0,United-States
35.0,State-gov,140752.0,HS-grad,,Married-civ-spouse,Craft-repair,Husband,White,Male,,,40.0,United-States
23.0,Private,,,10.0,Never-married,Machine-op-inspct,Not-in-family,White,Male,0.0,,40.0,United-States
,Self-emp-not-inc,,Bachelors,13.0,Married-civ-spouse,Exec-managerial,Husband,White,Male,0.0,,40.0,United-States
36.0,Private,107302.0,Masters,14.0,Married-civ-spouse,Prof-specialty,Husband,White,Male,0.0,,60.0,United-States
63.0,Local-gov,,HS-grad,,Married-civ-spouse,Exec-managerial,Husband,,Male,,0.0,55.0,United-States
,,401832.0,,10.0,,Exec-managerial,Husband,White,Male,,0.0,,
57.0,Self-emp-not-inc,353808.0,Some-college,10.0,Married-civ-spouse,Sales,Husband,White,Male,,0.0,,
,Self-emp-inc,349910.0,Prof-school,15.0,,,Husband,White,Male,,1977.0,50.0,
29.0,Private,161478.0,Bachelors,13.0,Never-married,Adm-clerical,,Asian-Pac-Islander,Female,0.0,0.0,40.0,Japan
17.0,,400225.0,11th,7.0,Never-married,Sales,Own-child,White,Female,0.0,0.0,20.0,United-States
40.0,Private,,HS-grad,9.0,Divorced,Craft-repair,,White,Male,0.0,,40.0,United-States
69.0,Self-emp-not-inc,69306.0,Some-college,,,Other-service,Wife,,Female,0.0,0.0,15.0,United-States
28.0,Private,270366.0,10th,6.0,,,Not-in-family,White,Female,,,40.0,United-States
38.0,Private,103751.0,9th,5.0,Married-civ-spouse,Craft-repair,Husband,White,Male,0.0,0.0,40.0,United-States
44.0,,75227.0,Prof-school,15.0,Never-married,Prof-specialty,Not-in-family,White,Male,14084.0,0.0,,United-States
45.0,,132563.0,,,Divorced,Prof-specialty,,Black,Female,0.0,1726.0,40.0,United-States
33.0,State-gov,79580.0,,13.0,Married-civ-spouse,,Husband,Black,,0.0,,40.0,United-States
41.0,Local-gov,,,10.0,Married-civ-spouse,Other-service,Husband,White,Male,0.0,1485.0,40.0,United-States
37.0,Self-emp-inc,186359.0,HS-grad,9.0,Married-civ-spouse,,Husband,,Male,,0.0,60.0,
50.0,Private,121685.0,Some-college,,Married-civ-spouse,Sales,,White,Male,0.0,0.0,,
48.0,,,Bachelors,,Married-civ-spouse,Prof-specialty,Husband,White,Male,0.0,0.0,50.0,
26.0,,188343.0,HS-grad,,Never-married,noValueSetHere123156456,Unmarried,Black,,0.0,0.0,40.0,United-States
,Private,246449.0,,10.0,Married-civ-spouse,Exec-managerial,Husband,,Male,0.0,0.0,,United-States
21.0,,85088.0,Some-college,10.0,Never-married,,Own-child,White,Female,0.0,0.0,37.0,United-States
37.0,,545483.0,,,Married-civ-spouse,,,White,Male,0.0,0.0,40.0,United-States
20.0,State-gov,243986.0,,,Never-married,Prof-specialty,Own-child,White,Female,,0.0,20.0,United-States
,,,HS-grad,9.0,Married-civ-spouse,Sales,,White,Female,0.0,0.0,,United-States
28.0,Private,369114.0,,,Separated,,Other-relative,White,,,0.0,40.0,United-States
27.0,Private,,,10.0,Never-married,Prof-specialty,,,Male,0.0,,40.0,United-States
33.0,Private,149220.0,Assoc-voc,11.0,Never-married,,Unmarried,Black,Female,,0.0,,United-States
46.0,noValueSetHere123156456,162034.0,HS-grad,,Married-civ-spouse,noValueSetHere123156456,Husband,White,Male,,,40.0,United-States
28.0,noValueSetHere123156456,,,7.0,Divorced,noValueSetHere123156456,Unmarried,White,Female,0.0,0.0,58.0,Canada
,noValueSetHere123156456,179715.0,,6.0,Never-married,,,White,Male,0.0,0.0,,
,,335549.0,Prof-school,,Never-married,Prof-specialty,Not-in-family,White,Male,,2444.0,,United-States
47.0,Private,102308.0,Masters,14.0,Married-civ-spouse,Sales,Husband,White,Male,,0.0,,United-States
44.0,Private,367749.0,,2.0,Never-married,,Not-in-family,,Female,,0.0,40.0,
25.0,Private,98281.0,,8.0,Never-married,Handlers-cleaners,Unmarried,,Male,0.0,,43.0,United-States
,Private,,,13.0,Married-civ-spouse,Prof-specialty,Husband,White,Male,0.0,,,United-States
29.0,Private,277788.0,Some-college,10.0,Married-civ-spouse,,Wife,White,,0.0,0.0,,United-States
30.0,Private,103435.0,HS-grad,9.0,Divorced,Machine-op-inspct,Unmarried,White,,0.0,,,United-States
,,,,10.0,Married-civ-spouse,Handlers-cleaners,Husband,White,Male,0.0,0.0,40.0,United-States
56.0,Self-emp-not-inc,385632.0,7th-8th,4.0,Divorced,Other-service,,,,0.0,0.0,40.0,United-States
25.0,,,Bachelors,13.0,Never-married,Prof-specialty,,White,,0.0,0.0,30.0,United-States
,Private,335357.0,HS-grad,,,,Own-child,,Male,0.0,0.0,40.0,United-States
,Self-emp-not-inc,272165.0,9th,5.0,Married-civ-spouse,Craft-repair,Husband,White,Male,,0.0,40.0,United-States
47.0,Local-gov,,HS-grad,9.0,Married-civ-spouse,,Husband,White,Male,0.0,0.0,60.0,
46.0,Self-emp-not-inc,,Bachelors,13.0,Married-civ-spouse,Craft-repair,Husband,,Male,0.0,0.0,40.0,United-States
41.0,,,Masters,14.0,Divorced,Prof-specialty,Unmarried,White,,,,35.0,
38.0,Federal-gov,115433.0,,12.0,Married-civ-spouse,,Wife,White,Female,7688.0,0.0,33.0,United-States
29.0,Private,227890.0,HS-grad,9.0,,Protective-serv,Other-relative,,Male,0.0,,40.0,United-States
25.0,Private,503012.0,5th-6th,3.0,Never-married,Craft-repair,Not-in-family,White,,,,40.0,
,Private,250873.0,11th,,Married-civ-spouse,Craft-repair,Husband,White,Male,0.0,0.0,45.0,
31.0,,,7th-8th,4.0,Married-civ-spouse,Handlers-cleaners,Husband,White,Male,0.0,0.0,,United-States
22.0,Private,148187.0,11th,7.0,Never-married,Other-service,Other-relative,White,Male,0.0,0.0,,United-States
31.0,Private,159322.0,,9.0,Never-married,,Other-relative,,,0.0,0.0,40.0,
28.0,Private,334368.0,Some-college,10.0,,,,White,Female,0.0,0.0,,United-States
,Private,,,13.0,,Exec-managerial,,,Male,0.0,,40.0,United-States
45.0,,270842.0,Masters,14.0,,Exec-managerial,Not-in-family,White,Female,0.0,0.0,50.0,United-States
71.0,Private,235079.0,Preschool,1.0,Widowed,,Unmarried,Black,Male,0.0,,10.0,
65.0,noValueSetHere123156456,327154.0,HS-grad,9.0,Widowed,noValueSetHere123156456,Unmarried,White,Female,0.0,0.0,40.0,
39.0,Private,188391.0,HS-grad,9.0,,,Husband,White,Male,7298.0,0.0,,United-States
19.0,Federal-gov,30559.0,,9.0,Married-AF-spouse,Sales,Wife,White,Female,0.0,0.0,40.0,United-States
34.0,Local-gov,255098.0,,,Divorced,Prof-specialty,Unmarried,White,Female,0.0,0.0,40.0,United-States
,,248010.0,,9.0,,Adm-clerical,Husband,,Male,0.0,0.0,45.0,
40.0,,,,,Married-spouse-absent,,Own-child,White,Female,,,40.0,United-States
90.0,Private,,Some-college,,Separated,Adm-clerical,,White,Female,0.0,,40.0,Puerto-Rico
,Private,193130.0,Prof-school,15.0,,Exec-managerial,Husband,White,Male,0.0,0.0,16.0,United-States
21.0,Private,,HS-grad,9.0,Never-married,Prof-specialty,Not-in-family,White,Female,0.0,0.0,40.0,
48.0,,186172.0,Bachelors,13.0,Married-civ-spouse,Exec-managerial,Husband,White,Male,0.0,0.0,,United-States
,Private,348854.0,Some-college,10.0,Separated,Adm-clerical,,White,,0.0,0.0,,United-States
46.0,Private,271828.0,HS-grad,9.0,,Machine-op-inspct,Husband,White,Male,0.0,,40.0,United-States
64.0,,148606.0,10th,6.0,Separated,Other-service,,,Female,0.0,0.0,35.0,United-States
29.0,Local-gov,123983.0,,,Never-married,,Own-child,Asian-Pac-Islander,Male,0.0,0.0,40.0,
22.0,,24896.0,HS-grad,,Divorced,Tech-support,Unmarried,,Female,,0.0,,Germany
,,573583.0,HS-grad,9.0,Married-civ-spouse,Transport-moving,,White,,0.0,0.0,48.0,Italy
67.0,Self-emp-inc,106175.0,,13.0,Married-civ-spouse,Exec-managerial,Husband,White,Male,,,75.0,
,Private,307767.0,HS-grad,9.0,Married-civ-spouse,Handlers-cleaners,,,Male,0.0,0.0,40.0,United-States
42.0,Private,200574.0,,,Married-civ-spouse,Sales,Husband,White,,0.0,0.0,40.0,United-States
31.0,Private,59083.0,,,Married-civ-spouse,Other-service,Husband,White,,0.0,1672.0,50.0,United-States
,Private,358056.0,11th,7.0,Divorced,,Unmarried,,Female,,,40.0,
,Private,114670.0,9th,,Widowed,Priv-house-serv,Not-in-family,Black,Female,2062.0,0.0,,United-States
33.0,Local-gov,262042.0,HS-grad,9.0,Divorced,Adm-clerical,Own-child,White,,0.0,1138.0,40.0,United-States
,Private,,12th,8.0,,Other-service,Own-child,White,Female,0.0,0.0,8.0,United-States
55.0,Self-emp-inc,,,15.0,,Exec-managerial,Husband,,Male,0.0,0.0,50.0,noValueSetHere123156456
28.0,Private,159001.0,HS-grad,9.0,Never-married,Handlers-cleaners,Own-child,White,Male,,0.0,30.0,United-States
24.0,,155818.0,Some-college,10.0,Never-married,,Own-child,White,Female,0.0,,,
,Private,96055.0,HS-grad,9.0,Separated,Adm-clerical,Unmarried,White,Female,,,45.0,United-States
30.0,Local-gov,131776.0,Masters,14.0,Never-married,Adm-clerical,,White,,0.0,0.0,,United-States
24.0,Private,228613.0,,7.0,Never-married,Machine-op-inspct,Unmarried,White,Female,0.0,0.0,40.0,United-States
26.0,Private,198163.0,Masters,14.0,Married-civ-spouse,Sales,,White,Female,0.0,0.0,40.0,United-States
38.0,Private,,Some-college,,,Sales,Unmarried,,Female,0.0,,38.0,
30.0,Private,177304.0,HS-grad,9.0,Married-civ-spouse,Tech-support,Husband,White,Male,0.0,,,United-States
33.0,Private,144064.0,Bachelors,13.0,Married-civ-spouse,Exec-managerial,Husband,White,Male,,0.0,50.0,United-States
40.0,Private,146659.0,HS-grad,,Married-civ-spouse,,Husband,,Male,0.0,,60.0,United-States
63.0,,26904.0,HS-grad,9.0,Married-civ-spouse,,Husband,White,Male,0.0,0.0,,United-States
23.0,,238917.0,7th-8th,4.0,Never-married,,,White,Male,0.0,,36.0,United-States
56.0,Private,,HS-grad,9.0,Divorced,,Unmarried,Black,Male,0.0,,,
42.0,Self-emp-not-inc,27821.0,Assoc-voc,,,Exec-managerial,Husband,White,,0.0,0.0,60.0,United-States
40.0,Private,,HS-grad,9.0,Never-married,Craft-repair,Not-in-family,White,Male,0.0,,40.0,Canada
49.0,Private,101320.0,,12.0,,Sales,Wife,,,0.0,1902.0,40.0,United-States
35.0,Private,173858.0,HS-grad,9.0,Married-spouse-absent,Craft-repair,Not-in-family,Asian-Pac-Islander,Male,0.0,0.0,40.0,
52.0,Private,91048.0,,,Divorced,Machine-op-inspct,Own-child,Black,Female,0.0,0.0,,United-States
28.0,Private,298696.0,Bachelors,,,Adm-clerical,,White,Female,0.0,,40.0,United-States
35.0,Private,207202.0,10th,6.0,,Transport-moving,Husband,White,Male,0.0,0.0,,United-States
,noValueSetHere123156456,,Some-college,10.0,,,Own-child,White,,0.0,,5.0,
43.0,,180599.0,HS-grad,9.0,Never-married,Craft-repair,Not-in-family,White,,,0.0,,
32.0,noValueSetHere123156456,199046.0,,11.0,Never-married,,Unmarried,White,,,0.0,2.0,United-States
29.0,,132686.0,Prof-school,,Never-married,Prof-specialty,,White,Male,0.0,0.0,,Italy
,,240063.0,Bachelors,,Never-married,Machine-op-inspct,Own-child,,Male,0.0,,25.0,
50.0,Local-gov,177705.0,Some-college,,Married-civ-spouse,Adm-clerical,Husband,,Male,0.0,,48.0,United-States
34.0,Private,511361.0,,10.0,,Other-service,,Black,Male,0.0,0.0,40.0,United-States
19.0,Private,89397.0,HS-grad,9.0,,,Own-child,White,Male,0.0,0.0,40.0,United-States
47.0,Private,239439.0,,7.0,Married-civ-spouse,,Wife,,Female,0.0,0.0,40.0,
37.0,Self-emp-not-inc,36989.0,Some-college,10.0,Married-civ-spouse,Farming-fishing,Husband,White,Male,0.0,0.0,40.0,United-States
25.0,,76978.0,HS-grad,9.0,Never-married,Sales,,Black,Female,,0.0,35.0,United-States
75.0,Private,200068.0,,10.0,,,Husband,,Male,0.0,0.0,35.0,
24.0,Private,454941.0,HS-grad,9.0,Married-civ-spouse,Craft-repair,,White,Male,0.0,0.0,40.0,United-States
28.0,State-gov,107218.0,,13.0,,,Own-child,Asian-Pac-Islander,Male,0.0,,20.0,United-States
17.0,,182070.0,11th,7.0,,Other-service,Own-child,White,,0.0,,,United-States
31.0,Private,,,9.0,Never-married,Craft-repair,Own-child,,Male,,0.0,,United-States
31.0,Private,452405.0,,1.0,,,Other-relative,White,Female,0.0,0.0,,Mexico
18.0,,,HS-grad,9.0,Never-married,noValueSetHere123156456,Own-child,White,Male,0.0,,10.0,
45.0,,84790.0,Bachelors,,Married-civ-spouse,Prof-specialty,Husband,,Male,0.0,0.0,55.0,United-States
31.0,,,HS-grad,9.0,Never-married,Craft-repair,Own-child,White,Male,0.0,,,
27.0,Private,169662.0,Bachelors,13.0,Married-civ-spouse,,Husband,White,,0.0,0.0,,
48.0,Private,125933.0,Some-college,,Widowed,,Unmarried,Black,Female,0.0,,38.0,United-States
,,35448.0,HS-grad,9.0,Married-civ-spouse,noValueSetHere123156456,Wife,White,Female,,0.0,22.0,United-States
34.0,,,Bachelors,13.0,Married-civ-spouse,Protective-serv,,Black,Male,0.0,,30.0,United-States
26.0,Private,240842.0,,9.0,,,Unmarried,Black,Female,0.0,,,
,Private,,Some-college,10.0,,Prof-specialty,Husband,White,Male,0.0,,,United-States
60.0,Private,232618.0,Bachelors,13.0,Married-civ-spouse,Exec-managerial,,White,Male,0.0,0.0,35.0,United-States
49.0,Local-gov,288548.0,Masters,14.0,Separated,Prof-specialty,Unmarried,,,0.0,0.0,50.0,United-States
,Private,220609.0,Some-college,10.0,,Exec-managerial,Not-in-family,White,,,0.0,40.0,United-States
,Self-emp-inc,26145.0,10th,6.0,Married-civ-spouse,Farming-fishing,Husband,,Male,0.0,0.0,,
23.0,,268525.0,,13.0,Never-married,Prof-specialty,,White,Male,0.0,,50.0,United-States
,noValueSetHere123156456,133758.0,7th-8th,,,,,Black,Male,0.0,,10.0,United-States
42.0,,121264.0,Assoc-voc,11.0,Married-civ-spouse,Prof-specialty,Husband,,Male,0.0,0.0,,United-States
37.0,Self-emp-not-inc,29814.0,HS-grad,9.0,,,Own-child,White,Male,0.0,0.0,85.0,United-States
27.0,Private,193701.0,,9.0,Never-married,,Own-child,White,Female,0.0,0.0,,United-States
38.0,Private,183279.0,Some-college,,Married-civ-spouse,,Husband,,Male,0.0,0.0,44.0,
27.0,Private,163942.0,HS-grad,,Never-married,Craft-repair,Not-in-family,White,Male,0.0,,,Ireland
75.0,Private,188612.0,HS-grad,9.0,,,,,Female,0.0,,40.0,
49.0,Self-emp-inc,,,,Married-civ-spouse,,Husband,White,Male,0.0,0.0,52.0,United-States
27.0,Private,85625.0,Some-college,,,Sales,Not-in-family,White,,0.0,0.0,20.0,United-States
,,245090.0,,,Never-married,Farming-fishing,Not-in-family,White,Male,0.0,0.0,50.0,Mexico
36.0,Private,,Bachelors,,,Prof-specialty,Husband,,,3103.0,0.0,45.0,United-States
,,,,,Divorced,,Own-child,,Male,,,,United-States
,Private,,HS-grad,9.0,,Sales,Husband,,Male,,0.0,40.0,
53.0,,90624.0,11th,7.0,Married-civ-spouse,Craft-repair,Husband,Black,Male,0.0,0.0,40.0,United-States
,,,,10.0,Never-married,Adm-clerical,Unmarried,Black,Female,0.0,0.0,40.0,United-States
34.0,Private,,HS-grad,,Divorced,Craft-repair,Not-in-family,White,Male,3325.0,0.0,35.0,United-States
61.0,Private,716416.0,Some-college,10.0,Married-civ-spouse,Sales,Husband,,Male,0.0,0.0,44.0,United-States
29.0,Private,190562.0,HS-grad,9.0,Divorced,,Unmarried,White,Male,0.0,0.0,56.0,United-States
40.0,State-gov,141583.0,Some-college,10.0,,Adm-clerical,Unmarried,Black,Female,0.0,,35.0,United-States
,Private,98941.0,,14.0,Never-married,Exec-managerial,Not-in-family,,,0.0,0.0,40.0,
22.0,Private,201729.0,9th,5.0,Never-married,Handlers-cleaners,Other-relative,White,,0.0,0.0,30.0,
43.0,Self-emp-inc,175485.0,Some-college,10.0,,Exec-managerial,Husband,,,0.0,0.0,40.0,United-States
55.0,,,,9.0,Married-civ-spouse,,Husband,,Male,,0.0,30.0,United-States
28.0,Private,115971.0,Some-college,10.0,Divorced,,,White,Female,0.0,0.0,40.0,United-States
23.0,Private,161708.0,,13.0,Never-married,,Own-child,White,Female,0.0,0.0,30.0,United-States
64.0,,244903.0,,7.0,Married-civ-spouse,,Husband,Black,Male,,0.0,,
46.0,Private,155664.0,Some-college,,,Handlers-cleaners,Not-in-family,White,,0.0,,40.0,
29.0,Private,,Some-college,10.0,Never-married,Craft-repair,,White,,0.0,,40.0,United-States
44.0,,178385.0,Masters,,,,Husband,,Male,,0.0,,
20.0,Private,44064.0,Some-college,,,Prof-specialty,Own-child,White,,0.0,0.0,25.0,
62.0,Self-emp-not-inc,120939.0,Some-college,10.0,Divorced,,,White,Male,0.0,0.0,,United-States
,Private,,Assoc-voc,11.0,Never-married,,,,Female,0.0,0.0,35.0,Columbia
29.0,,100405.0,10th,6.0,Married-civ-spouse,Farming-fishing,Wife,Amer-Indian-Eskimo,,0.0,,40.0,
35.0,Self-emp-not-inc,361888.0,Bachelors,13.0,Married-civ-spouse,Sales,Husband,White,,,0.0,60.0,
39.0,Local-gov,,11th,,Married-civ-spouse,,Husband,,Male,,,30.0,United-States
39.0,Private,202950.0,Bachelors,13.0,Never-married,,Not-in-family,,Male,0.0,0.0,45.0,United-States
,Private,218188.0,,9.0,Divorced,Machine-op-inspct,Other-relative,White,Female,0.0,,32.0,United-States
38.0,Private,234962.0,,,Married-civ-spouse,Handlers-cleaners,Husband,,Male,2829.0,,30.0,Mexico
72.0,noValueSetHere123156456,177226.0,HS-grad,9.0,Married-civ-spouse,noValueSetHere123156456,Husband,,Male,0.0,,8.0,United-States
31.0,Private,259931.0,7th-8th,4.0,Married-civ-spouse,Machine-op-inspct,,White,Male,0.0,,40.0,
55.0,Private,189528.0,,,Married-civ-spouse,,,White,Male,0.0,0.0,60.0,United-States
38.0,Private,,Some-college,10.0,Separated,,,White,Female,0.0,0.0,40.0,United-States
33.0,Private,112584.0,,10.0,Divorced,Sales,Not-in-family,White,Female,0.0,0.0,,United-States
25.0,,117589.0,Assoc-acdm,,Never-married,Adm-clerical,Not-in-family,,Female,0.0,0.0,40.0,
19.0,noValueSetHere123156456,145234.0,Some-college,10.0,Never-married,,Own-child,White,Male,0.0,0.0,30.0,United-States
37.0,Private,267086.0,Assoc-voc,11.0,Divorced,Tech-support,Unmarried,White,Female,0.0,0.0,52.0,United-States
49.0,Private,,Some-college,10.0,Divorced,,Other-relative,White,,0.0,0.0,35.0,United-States
,Private,96130.0,,9.0,Never-married,Craft-repair,Other-relative,White,,0.0,0.0,40.0,United-States
35.0,,181382.0,HS-grad,9.0,Married-civ-spouse,Craft-repair,Husband,White,Male,0.0,0.0,,United-States
44.0,Self-emp-inc,168845.0,HS-grad,9.0,Married-civ-spouse,Sales,Wife,White,Female,,0.0,60.0,United-States
37.0,Private,271767.0,Masters,14.0,Separated,Exec-managerial,Not-in-family,White,Male,0.0,0.0,45.0,
42.0,Private,,,13.0,,Prof-specialty,Husband,White,,0.0,0.0,,
,State-gov,194894.0,Doctorate,16.0,Never-married,Prof-specialty,,,Female,,,40.0,
,Private,132686.0,HS-grad,9.0,Married-civ-spouse,,Husband,White,Male,0.0,0.0,40.0,United-States
35.0,Self-emp-not-inc,185848.0,HS-grad,9.0,Never-married,Exec-managerial,,White,Male,4650.0,,50.0,United-States
40.0,State-gov,,Bachelors,13.0,Married-civ-spouse,,Husband,White,Male,,0.0,40.0,
55.0,Federal-gov,270859.0,Bachelors,,,Prof-specialty,Husband,White,Male,0.0,0.0,,United-States
,,231866.0,HS-grad,9.0,Never-married,Farming-fishing,Own-child,White,Male,0.0,,65.0,
49.0,Private,36032.0,Some-college,10.0,Never-married,Exec-managerial,Not-in-family,Black,Female,0.0,,40.0,
51.0,State-gov,172962.0,,16.0,Married-civ-spouse,Prof-specialty,Husband,White,Male,,0.0,40.0,United-States
57.0,Private,98350.0,Prof-school,15.0,Married-civ-spouse,Craft-repair,Husband,,Male,0.0,1902.0,40.0,
51.0,Private,24185.0,Bachelors,,Married-civ-spouse,Craft-repair,Husband,White,Male,,0.0,40.0,United-States
,Private,53930.0,10th,,,,Not-in-family,Black,,0.0,0.0,40.0,noValueSetHere123156456
,Private,85088.0,,9.0,,Sales,,White,,0.0,,32.0,
45.0,Self-emp-not-inc,,HS-grad,9.0,Married-civ-spouse,Craft-repair,Husband,White,Male,0.0,,,England
28.0,,480861.0,,9.0,,Machine-op-inspct,,White,Male,0.0,,,United-States
42.0,Self-emp-inc,187702.0,Prof-school,,,Prof-specialty,Husband,White,Male,0.0,2415.0,60.0,
22.0,Private,52262.0,Some-college,,,,Not-in-family,,Male,0.0,,40.0,United-States
28.0,State-gov,52636.0,Masters,14.0,Married-civ-spouse,Exec-managerial,Husband,White,Male,0.0,,,United-States
60.0,Private,175273.0,,9.0,,Machine-op-inspct,Unmarried,White,Female,,0.0,,United-States
31.0,Private,,HS-grad,9.0,,Machine-op-inspct,Unmarried,,Female,0.0,,,United-States
47.0,Private,,Some-college,10.0,Married-civ-spouse,Craft-repair,,,Male,,0.0,75.0,
,noValueSetHere123156456,,HS-grad,9.0,Divorced,,Not-in-family,White,,0.0,0.0,25.0,United-States
30.0,,398827.0,,9.0,,Adm-clerical,Husband,White,Male,0.0,,,United-States
61.0,Private,208919.0,Masters,14.0,Married-civ-spouse,,Husband,White,Male,0.0,0.0,60.0,United-States
71.0,,365996.0,Bachelors,13.0,Widowed,,,White,Female,,,6.0,United-States
42.0,,307638.0,HS-grad,,,Adm-clerical,Own-child,White,Female,0.0,0.0,40.0,United-States
44.0,Local-gov,,12th,8.0,Married-civ-spouse,,Husband,White,Male,0.0,,55.0,United-States
46.0,Self-emp-not-inc,254291.0,Some-college,10.0,Married-civ-spouse,Sales,,White,Male,0.0,0.0,60.0,
50.0,Local-gov,125417.0,Prof-school,15.0,Never-married,Exec-managerial,Not-in-family,Black,Female,0.0,0.0,,United-States
27.0,State-gov,28848.0,Bachelors,13.0,,Prof-specialty,Not-in-family,White,,0.0,0.0,9.0,United-States
40.0,noValueSetHere123156456,273425.0,,11.0,Married-civ-spouse,noValueSetHere123156456,Husband,White,,0.0,0.0,15.0,
21.0,,,Some-college,10.0,Never-married,Adm-clerical,Other-relative,White,Female,0.0,,40.0,
,,,HS-grad,,Never-married,Handlers-cleaners,Other-relative,,,0.0,0.0,35.0,United-States
61.0,Private,123273.0,,3.0,,Transport-moving,,White,,0.0,1876.0,56.0,United-States
54.0,Private,220115.0,,10.0,Divorced,Adm-clerical,Not-in-family,White,,,0.0,30.0,United-States
31.0,Private,265706.0,Bachelors,,Never-married,Sales,Not-in-family,,,0.0,,40.0,
53.0,Self-emp-not-inc,,Some-college,10.0,Married-civ-spouse,Farming-fishing,Husband,White,Male,0.0,0.0,30.0,United-States
,Self-emp-inc,122742.0,,12.0,Married-civ-spouse,Exec-managerial,,White,Male,15024.0,0.0,,United-States
57.0,Self-emp-inc,172654.0,Prof-school,,Married-civ-spouse,Transport-moving,Husband,White,Male,,0.0,50.0,United-States
48.0,Private,119199.0,,13.0,Divorced,,Unmarried,White,Female,0.0,0.0,,United-States
30.0,Private,,Some-college,10.0,,Transport-moving,Husband,White,Male,,,56.0,
35.0,Private,237943.0,HS-grad,9.0,Married-civ-spouse,,Husband,White,Male,0.0,0.0,60.0,United-States
42.0,Self-emp-not-inc,64632.0,HS-grad,9.0,,,Husband,White,Male,0.0,0.0,50.0,
34.0,Self-emp-not-inc,96245.0,HS-grad,9.0,Married-civ-spouse,,Husband,,,,,40.0,United-States
59.0,,,HS-grad,9.0,Married-civ-spouse,Sales,Husband,White,Male,,0.0,40.0,United-States
69.0,Local-gov,122850.0,10th,,Married-civ-spouse,Exec-managerial,Husband,White,Male,0.0,0.0,20.0,
29.0,Private,173652.0,Some-college,10.0,Never-married,Adm-clerical,Own-child,White,,0.0,0.0,40.0,
40.0,,164663.0,HS-grad,9.0,Married-civ-spouse,Transport-moving,Husband,White,Male,0.0,0.0,40.0,
21.0,Private,,Some-college,10.0,Never-married,Other-service,Own-child,,Male,0.0,0.0,15.0,United-States
40.0,Private,,,,Divorced,Prof-specialty,Not-in-family,White,Female,0.0,,40.0,
43.0,Private,55294.0,Some-college,10.0,Married-civ-spouse,Craft-repair,,White,Male,,0.0,,United-States
36.0,Private,,,,Divorced,,Not-in-family,White,Male,0.0,0.0,40.0,United-States
41.0,,,HS-grad,9.0,,,Not-in-family,Asian-Pac-Islander,Male,0.0,0.0,40.0,
72.0,noValueSetHere123156456,113044.0,HS-grad,9.0,,noValueSetHere123156456,Not-in-family,White,Male,0.0,0.0,30.0,United-States
20.0,,283499.0,Some-college,10.0,,,Own-child,White,Male,0.0,,30.0,United-States
,,51111.0,Bachelors,,Widowed,Adm-clerical,Not-in-family,White,Female,0.0,0.0,40.0,United-States
34.0,,232475.0,Some-college,,Divorced,,Not-in-family,White,Male,,,50.0,United-States
,Private,176140.0,,,Divorced,Other-service,Unmarried,,Female,0.0,0.0,40.0,United-States
,Private,301654.0,,,,Exec-managerial,Own-child,White,Female,0.0,,40.0,United-States
35.0,Private,,Some-college,10.0,Married-civ-spouse,,Husband,White,Male,15024.0,0.0,60.0,United-States
28.0,,192569.0,HS-grad,,,noValueSetHere123156456,Own-child,Black,Male,0.0,0.0,40.0,United-States
,Private,229803.0,HS-grad,,,Craft-repair,Own-child,Black,Male,,0.0,40.0,United-States
20.0,Private,337639.0,Some-college,,Never-married,Sales,Own-child,,Male,,0.0,,United-States
18.0,,130849.0,Some-college,10.0,Never-married,Sales,,White,Female,0.0,0.0,15.0,United-States
32.0,Private,296282.0,,13.0,Married-civ-spouse,Sales,Husband,White,Male,0.0,,,United-States
38.0,Private,,Masters,14.0,Married-civ-spouse,Exec-managerial,Husband,,,,,60.0,United-States
23.0,State-gov,110128.0,,,Never-married,Other-service,Own-child,,Male,0.0,,40.0,United-States
28.0,Private,90196.0,Bachelors,13.0,Married-civ-spouse,Exec-managerial,Husband,,,0.0,,45.0,United-States
40.0,,,Prof-school,15.0,Married-civ-spouse,Prof-specialty,Husband,White,Male,0.0,0.0,38.0,
35.0,Private,144322.0,HS-grad,9.0,,Machine-op-inspct,Unmarried,White,Female,0.0,0.0,40.0,United-States
74.0,Self-emp-inc,162340.0,Some-college,10.0,,Exec-managerial,Unmarried,,Male,0.0,0.0,40.0,United-States
,Private,169069.0,,9.0,Never-married,Craft-repair,,White,Male,0.0,,40.0,United-States
23.0,Private,113601.0,Some-college,10.0,,Handlers-cleaners,Own-child,White,,0.0,,30.0,
20.0,Self-emp-not-inc,157145.0,Some-college,10.0,Never-married,Farming-fishing,Own-child,,Male,,2258.0,10.0,United-States
44.0,,111275.0,HS-grad,9.0,Divorced,,Unmarried,Black,Female,0.0,0.0,56.0,United-States
,Local-gov,102076.0,HS-grad,9.0,Divorced,,Unmarried,White,Female,,0.0,25.0,United-States
20.0,,,,10.0,Never-married,noValueSetHere123156456,Own-child,White,Male,0.0,0.0,40.0,United-States
,Self-emp-not-inc,145409.0,Bachelors,13.0,Married-civ-spouse,Sales,,White,,15024.0,,50.0,United-States
,,190122.0,,10.0,,,,White,Female,0.0,,40.0,United-States
48.0,Private,,Prof-school,15.0,Married-civ-spouse,Tech-support,Husband,White,Male,,1977.0,40.0,United-States
60.0,Self-emp-not-inc,170114.0,9th,5.0,Married-civ-spouse,Farming-fishing,Husband,White,Male,0.0,1672.0,84.0,United-States
48.0,Self-emp-inc,193188.0,Bachelors,13.0,Married-civ-spouse,Exec-managerial,Husband,,Male,0.0,0.0,40.0,United-States
46.0,,267588.0,Bachelors,13.0,Married-civ-spouse,Prof-specialty,,White,Female,0.0,0.0,70.0,United-States
48.0,Self-emp-inc,,Bachelors,,Married-civ-spouse,Exec-managerial,Husband,White,Male,0.0,0.0,40.0,United-States
22.0,,,HS-grad,9.0,Never-married,noValueSetHere123156456,,Black,,0.0,,35.0,
24.0,,322658.0,Bachelors,13.0,Never-married,Prof-specialty,,,Female,0.0,,40.0,United-States
,State-gov,263982.0,Some-college,10.0,Divorced,Prof-specialty,Unmarried,White,Female,,0.0,,United-States
,,266287.0,,8.0,Never-married,Sales,,White,Female,,0.0,35.0,United-States
39.0,Private,278187.0,HS-grad,,,Machine-op-inspct,,White,,0.0,0.0,40.0,United-States
,,81413.0,HS-grad,9.0,Married-civ-spouse,Farming-fishing,Husband,,Male,,2352.0,,United-States
22.0,,,Some-college,10.0,,,Own-child,White,Female,0.0,0.0,40.0,United-States
20.0,Private,140764.0,Some-college,,,Other-service,,,,0.0,0.0,20.0,United-States
28.0,,206351.0,,10.0,,,,White,Male,0.0,0.0,40.0,
46.0,Private,,Prof-school,,Married-civ-spouse,Prof-specialty,Husband,White,Male,99999.0,0.0,50.0,United-States
42.0,Local-gov,,Bachelors,13.0,Married-civ-spouse,Exec-managerial,Husband,White,Male,0.0,,,United-States
,State-gov,124971.0,,16.0,,,Husband,White,Male,0.0,0.0,40.0,noValueSetHere123156456
,Private,119545.0,Some-college,10.0,,Exec-managerial,Own-child,White,,7688.0,0.0,,United-States
18.0,,,Some-college,10.0,Never-married,Sales,Own-child,White,,0.0,0.0,,United-States
24.0,Federal-gov,44075.0,,13.0,,Prof-specialty,,,,0.0,,40.0,
45.0,,178319.0,Doctorate,16.0,Married-civ-spouse,,Husband,White,Male,0.0,,56.0,United-States
24.0,Private,219754.0,HS-grad,9.0,Never-married,Adm-clerical,,,Male,0.0,0.0,,United-States
44.0,Private,198316.0,,13.0,Married-civ-spouse,Exec-managerial,Husband,White,Male,,0.0,50.0,
20.0,Private,168165.0,Some-college,10.0,Never-married,Other-service,,White,Male,0.0,0.0,30.0,
,Private,356838.0,Some-college,10.0,Married-civ-spouse,,Husband,,,2829.0,0.0,55.0,Poland
52.0,Self-emp-inc,210736.0,Bachelors,,Married-civ-spouse,Sales,,White,Male,0.0,,60.0,United-States
25.0,Private,173212.0,,,Never-married,,,White,Male,2354.0,0.0,45.0,
19.0,Private,130431.0,5th-6th,,Never-married,,Not-in-family,White,,0.0,,36.0,Mexico
35.0,noValueSetHere123156456,169809.0,Bachelors,,,,,White,Male,0.0,0.0,,United-States
54.0,,197481.0,Some-college,10.0,Divorced,Adm-clerical,Unmarried,,Female,0.0,0.0,40.0,United-States
21.0,Private,155066.0,Some-college,10.0,,Craft-repair,,,Male,,0.0,40.0,United-States
26.0,,,HS-grad,,,,Wife,White,Female,0.0,0.0,40.0,United-States
42.0,Private,54102.0,Assoc-voc,11.0,,Adm-clerical,,White,Female,0.0,0.0,40.0,United-States
19.0,Private,181546.0,Some-college,10.0,Never-married,Adm-clerical,Own-child,White,Female,0.0,0.0,40.0,United-States
55.0,Private,153484.0,Masters,14.0,Married-civ-spouse,,Husband,,,0.0,1977.0,50.0,United-States
44.0,State-gov,,HS-grad,9.0,Married-civ-spouse,,Husband,White,,,0.0,,United-States
25.0,,131976.0,Bachelors,,Never-married,Exec-managerial,Own-child,,Male,0.0,0.0,55.0,United-States
26.0,Private,200639.0,,10.0,Married-civ-spouse,Machine-op-inspct,,White,Male,,,40.0,United-States
,Federal-gov,267546.0,,,Separated,,Not-in-family,White,,0.0,0.0,40.0,United-States
41.0,Private,179875.0,11th,7.0,Divorced,Other-service,Unmarried,Other,Female,,,40.0,United-States
25.0,noValueSetHere123156456,,Some-college,10.0,Never-married,noValueSetHere123156456,Own-child,Black,,,0.0,,noValueSetHere123156456
,Private,,Some-college,10.0,Married-civ-spouse,,Husband,,Male,0.0,,40.0,United-States
45.0,Private,67716.0,HS-grad,9.0,,Craft-repair,Own-child,White,Male,10520.0,0.0,,United-States
,,326048.0,Bachelors,,Married-civ-spouse,,Husband,White,Male,,,,United-States
60.0,Private,,HS-grad,9.0,Married-civ-spouse,Transport-moving,,White,Male,0.0,0.0,,United-States
,Self-emp-not-inc,32172.0,Some-college,10.0,Never-married,Farming-fishing,,,,0.0,,50.0,
51.0,Private,,10th,6.0,Married-civ-spouse,Sales,Husband,,,0.0,,40.0,United-States
37.0,,334314.0,HS-grad,,,Adm-clerical,Unmarried,,Female,,0.0,40.0,United-States
22.0,Private,83704.0,Some-college,,,Adm-clerical,Own-child,White,Male,0.0,,,United-States
,Private,,HS-grad,9.0,Married-civ-spouse,,Husband,,Male,0.0,0.0,,United-States
27.0,Private,,,9.0,Married-civ-spouse,Craft-repair,Husband,White,Male,,0.0,50.0,
47.0,Local-gov,328610.0,HS-grad,,Married-civ-spouse,Craft-repair,Husband,,Male,0.0,0.0,,United-States
32.0,Private,295589.0,Masters,14.0,,Exec-managerial,Husband,Black,Male,0.0,1977.0,40.0,United-States
40.0,Private,174373.0,Bachelors,13.0,Married-civ-spouse,Exec-managerial,Husband,,,0.0,0.0,,United-States
41.0,Private,247752.0,HS-grad,9.0,,Sales,Husband,White,,0.0,,40.0,United-States
32.0,noValueSetHere123156456,,10th,6.0,Divorced,noValueSetHere123156456,,,,,0.0,,United-States
,Private,139992.0,,13.0,Never-married,Prof-specialty,Not-in-family,White,Female,0.0,0.0,,United-States
,Private,,Some-college,10.0,Married-civ-spouse,Exec-managerial,Husband,Asian-Pac-Islander,Male,,0.0,40.0,United-States
55.0,,189933.0,HS-grad,,Married-civ-spouse,Exec-managerial,Husband,White,,0.0,,,
,Private,498785.0,HS-grad,,Married-civ-spouse,,Husband,White,,0.0,0.0,,United-States
24.0,State-gov,177526.0,,13.0,Never-married,Prof-specialty,Not-in-family,White,Male,0.0,0.0,15.0,
64.0,,150121.0,Doctorate,16.0,Married-civ-spouse,Exec-managerial,Husband,White,Male,0.0,0.0,,
56.0,Federal-gov,130454.0,,13.0,,,Husband,White,Male,0.0,0.0,40.0,United-States
41.0,Private,119079.0,,9.0,,Sales,,White,Male,0.0,0.0,49.0,
,Private,220939.0,HS-grad,9.0,,Sales,Husband,,Male,7298.0,0.0,,
,Private,94235.0,Prof-school,15.0,Never-married,Prof-specialty,,White,,0.0,0.0,42.0,United-States
21.0,Private,305874.0,Some-college,,,,Husband,White,,0.0,0.0,40.0,United-States
59.0,Local-gov,62020.0,HS-grad,9.0,Widowed,Craft-repair,Not-in-family,,,0.0,,40.0,United-States
,Private,,,11.0,Married-civ-spouse,,,White,Male,,0.0,40.0,Germany
43.0,Local-gov,247514.0,Masters,14.0,Divorced,Prof-specialty,Unmarried,White,Male,0.0,0.0,40.0,United-States
21.0,,,HS-grad,9.0,Never-married,Craft-repair,Own-child,Black,,0.0,0.0,40.0,United-States
45.0,Private,72896.0,HS-grad,,,Machine-op-inspct,Not-in-family,White,Male,0.0,0.0,,United-States
53.0,,110510.0,HS-grad,,Married-civ-spouse,,,White,Female,,,50.0,United-States
,,173938.0,,15.0,Married-civ-spouse,Adm-clerical,Husband,White,Male,0.0,,50.0,noValueSetHere123156456
27.0,Private,200641.0,,6.0,Married-civ-spouse,Exec-managerial,Wife,White,,0.0,0.0,40.0,Mexico
,Private,211654.0,,10.0,,Craft-repair,Husband,White,Male,0.0,0.0,50.0,
38.0,,242720.0,Masters,14.0,Married-civ-spouse,Prof-specialty,Husband,White,,0.0,,35.0,United-States
,Private,,,,Married-civ-spouse,Exec-managerial,Husband,White,Male,,0.0,,United-States
41.0,,179533.0,,9.0,,Transport-moving,,White,Male,,0.0,35.0,United-States
,,334693.0,Some-college,10.0,Never-married,Adm-clerical,Own-child,White,Female,0.0,0.0,40.0,United-States
43.0,Self-emp-not-inc,198096.0,,,Married-civ-spouse,Sales,Husband,,Male,0.0,0.0,60.0,
41.0,State-gov,,Some-college,10.0,Never-married,Prof-specialty,Not-in-family,,Male,0.0,0.0,40.0,
27.0,Private,19395.0,Some-college,,Married-civ-spouse,Handlers-cleaners,Wife,,Female,0.0,0.0,35.0,United-States
41.0,,242586.0,Some-college,10.0,,,Husband,,Male,0.0,0.0,40.0,United-States
36.0,Private,208358.0,Prof-school,15.0,,Prof-specialty,,,Male,99999.0,0.0,45.0,United-States
49.0,Private,,,13.0,Married-civ-spouse,Adm-clerical,Wife,,Female,0.0,0.0,40.0,United-States
20.0,,227943.0,HS-grad,9.0,,,Own-child,,Male,0.0,0.0,45.0,United-States
58.0,,197665.0,HS-grad,9.0,Married-spouse-absent,Other-service,Unmarried,White,Female,0.0,,45.0,
35.0,Self-emp-not-inc,216129.0,12th,8.0,Never-married,Other-service,Not-in-family,Black,,0.0,0.0,40.0,Trinadad&Tobago
30.0,,326104.0,HS-grad,9.0,Married-civ-spouse,Protective-serv,Husband,White,Male,0.0,0.0,40.0,
21.0,Private,57211.0,HS-grad,9.0,Never-married,,Own-child,White,Male,0.0,,40.0,
29.0,,100219.0,Assoc-acdm,,Never-married,Machine-op-inspct,Unmarried,White,Male,0.0,0.0,,
40.0,Private,291192.0,HS-grad,9.0,Widowed,,,,Female,0.0,0.0,40.0,United-States
54.0,State-gov,93415.0,Bachelors,13.0,Never-married,Prof-specialty,Unmarried,Asian-Pac-Islander,Female,0.0,,40.0,United-States
35.0,,191502.0,Bachelors,13.0,,Sales,,White,Male,0.0,,60.0,United-States
35.0,,261382.0,Bachelors,13.0,,Sales,Husband,White,Male,0.0,0.0,50.0,
40.0,,170230.0,,13.0,Married-spouse-absent,Other-service,,White,Female,0.0,0.0,40.0,
59.0,Private,374924.0,,9.0,,Sales,Unmarried,Black,,0.0,,40.0,United-States
43.0,Self-emp-inc,320984.0,Some-college,,,Machine-op-inspct,Husband,White,Male,0.0,0.0,50.0,United-States
39.0,,,,6.0,,Craft-repair,,White,Male,,0.0,60.0,United-States
51.0,,,7th-8th,4.0,Separated,Machine-op-inspct,Not-in-family,Black,,0.0,0.0,30.0,United-States
71.0,Private,,Some-college,10.0,Never-married,,Not-in-family,,Female,2964.0,0.0,,
33.0,,637222.0,12th,,Divorced,Machine-op-inspct,Unmarried,,,,0.0,40.0,United-States
,,430084.0,HS-grad,9.0,,Other-service,,,Male,0.0,,,United-States
,Private,125279.0,,9.0,Married-spouse-absent,Sales,Unmarried,White,Male,0.0,,,
20.0,,221955.0,5th-6th,,Married-spouse-absent,Farming-fishing,,White,Male,0.0,0.0,40.0,Mexico
51.0,,180195.0,,,Married-civ-spouse,Sales,Husband,White,,0.0,,,United-States
,Private,208778.0,,,Married-civ-spouse,Machine-op-inspct,Wife,White,Female,,0.0,40.0,United-States
,Private,,Some-college,10.0,Married-civ-spouse,Sales,,Asian-Pac-Islander,Male,,,,United-States
,Private,325538.0,HS-grad,9.0,Never-married,Exec-managerial,Own-child,White,Male,0.0,0.0,60.0,noValueSetHere123156456
28.0,,142264.0,9th,5.0,Never-married,Machine-op-inspct,,White,,0.0,0.0,50.0,Dominican-Republic
23.0,Private,128604.0,HS-grad,9.0,Never-married,,Own-child,,Male,,0.0,48.0,South
39.0,Private,277886.0,Bachelors,13.0,,,Wife,White,,0.0,0.0,,
,,100029.0,Bachelors,13.0,Widowed,Sales,Unmarried,White,Male,0.0,0.0,65.0,United-States
,Private,169269.0,7th-8th,4.0,,Craft-repair,Unmarried,White,Male,0.0,0.0,40.0,United-States
45.0,Local-gov,160472.0,Bachelors,13.0,Married-civ-spouse,Exec-managerial,Husband,White,Male,0.0,1977.0,50.0,United-States
23.0,noValueSetHere123156456,123983.0,,13.0,Never-married,,Own-child,Other,Male,0.0,0.0,40.0,United-States
47.0,Private,,10th,,Widowed,Machine-op-inspct,Not-in-family,White,,,,40.0,United-States
59.0,Private,99131.0,,,Widowed,Prof-specialty,Not-in-family,White,Female,0.0,0.0,18.0,
32.0,Private,,Assoc-acdm,12.0,,Handlers-cleaners,Husband,,,,0.0,40.0,United-States
,noValueSetHere123156456,29441.0,7th-8th,4.0,Widowed,,Not-in-family,White,,0.0,0.0,5.0,
49.0,Private,,Bachelors,13.0,Married-civ-spouse,,,White,Male,0.0,2415.0,55.0,United-States
,Federal-gov,181508.0,HS-grad,,Widowed,Other-service,Not-in-family,,Male,0.0,,17.0,United-States
22.0,,190625.0,Some-college,10.0,,,Own-child,White,Male,0.0,0.0,35.0,United-States
32.0,,194740.0,Some-college,10.0,Married-civ-spouse,Craft-repair,,,Male,0.0,0.0,,Greece
34.0,,27380.0,Bachelors,13.0,Married-civ-spouse,,,,,,0.0,,United-States
59.0,,160631.0,Bachelors,13.0,Married-civ-spouse,Craft-repair,Husband,White,Male,0.0,,60.0,
36.0,,,,13.0,,Sales,Husband,White,Male,0.0,,50.0,United-States
,,283005.0,11th,7.0,Divorced,Adm-clerical,Unmarried,White,,,0.0,,United-States
47.0,Self-emp-inc,101926.0,Bachelors,13.0,,,Not-in-family,White,Male,,0.0,70.0,United-States
53.0,Local-gov,135102.0,HS-grad,9.0,,Other-service,Husband,White,,0.0,2002.0,45.0,
25.0,,,Some-college,,,Craft-repair,Unmarried,White,Male,0.0,,35.0,United-States
44.0,,248973.0,Bachelors,,Divorced,Adm-clerical,Not-in-family,Black,Male,0.0,0.0,,United-States
57.0,Self-emp-not-inc,225334.0,Prof-school,15.0,,Sales,Wife,,,15024.0,0.0,35.0,United-States
42.0,Self-emp-not-inc,,Bachelors,13.0,Married-civ-spouse,Farming-fishing,Husband,,Male,,1902.0,80.0,United-States
58.0,Local-gov,,10th,6.0,Married-civ-spouse,,Husband,White,,0.0,0.0,40.0,
39.0,Private,129597.0,Bachelors,13.0,Married-civ-spouse,Sales,,White,Male,,0.0,,United-States
,noValueSetHere123156456,53042.0,,9.0,Never-married,,Own-child,Black,Male,0.0,,40.0,United-States
,Private,204205.0,7th-8th,4.0,Divorced,Machine-op-inspct,Not-in-family,White,Male,0.0,0.0,,United-States
47.0,Private,,Bachelors,13.0,Married-civ-spouse,Exec-managerial,Wife,,Female,0.0,,35.0,
52.0,,,,,Married-civ-spouse,noValueSetHere123156456,Husband,White,Male,0.0,0.0,,
56.0,,236731.0,,2.0,,Exec-managerial,Not-in-family,White,Male,0.0,,25.0,noValueSetHere123156456
52.0,Private,141301.0,HS-grad,9.0,Divorced,Machine-op-inspct,Not-in-family,White,Female,0.0,,40.0,United-States
34.0,Private,235124.0,HS-grad,,Never-married,,,,Female,0.0,0.0,,United-States
36.0,Self-emp-not-inc,367020.0,7th-8th,4.0,,Craft-repair,Husband,White,,0.0,0.0,35.0,United-States
41.0,Private,149102.0,HS-grad,9.0,Married-spouse-absent,,,White,Male,,,40.0,Poland
30.0,,,,10.0,Never-married,,Own-child,White,Male,0.0,,40.0,
44.0,,211759.0,,,,Exec-managerial,,Other,,,,40.0,Puerto-Rico
17.0,noValueSetHere123156456,,Some-college,10.0,Never-married,noValueSetHere123156456,,Asian-Pac-Islander,Female,,0.0,40.0,
34.0,Private,56883.0,Some-college,10.0,Never-married,Other-service,Unmarried,White,Female,0.0,0.0,40.0,United-States
41.0,,223062.0,Some-college,10.0,Separated,Other-service,Not-in-family,Black,Male,,0.0,40.0,United-States
29.0,,406662.0,HS-grad,9.0,,,,,,0.0,0.0,40.0,
,Private,206600.0,9th,5.0,Never-married,Machine-op-inspct,Other-relative,,Male,0.0,0.0,48.0,Mexico
42.0,Local-gov,147510.0,Bachelors,,Separated,Prof-specialty,,White,Male,0.0,,,United-States
48.0,Private,,Some-college,,Married-civ-spouse,Sales,Husband,White,Male,,0.0,40.0,United-States
26.0,Private,187577.0,Assoc-voc,,Never-married,,Not-in-family,White,,,0.0,55.0,United-States
,Self-emp-inc,132832.0,HS-grad,9.0,,Adm-clerical,Wife,White,Female,20051.0,0.0,,
,Self-emp-inc,278322.0,Bachelors,,,,Husband,White,Male,,,45.0,United-States
38.0,Private,278924.0,Bachelors,,Married-civ-spouse,,Husband,White,Male,,,,United-States
49.0,State-gov,,11th,7.0,Married-civ-spouse,Adm-clerical,Husband,White,Male,0.0,,,United-States
23.0,Private,145651.0,Some-college,,Never-married,Sales,,,Female,0.0,0.0,20.0,
,Local-gov,,,13.0,Never-married,Prof-specialty,Not-in-family,White,,0.0,0.0,40.0,United-States
30.0,Private,91145.0,,9.0,,Handlers-cleaners,,White,Male,,0.0,,United-States
49.0,Self-emp-not-inc,211762.0,,9.0,Married-civ-spouse,Craft-repair,Husband,White,,,0.0,40.0,United-States
47.0,noValueSetHere123156456,111563.0,Assoc-voc,11.0,Divorced,noValueSetHere123156456,Not-in-family,White,Male,0.0,0.0,40.0,United-States
44.0,Private,,Bachelors,13.0,Married-civ-spouse,,,White,,0.0,,50.0,noValueSetHere123156456
31.0,Private,207537.0,HS-grad,9.0,Divorced,Craft-repair,Own-child,White,Male,0.0,1669.0,50.0,United-States
19.0,Private,417657.0,HS-grad,,,,,White,Male,0.0,0.0,50.0,
45.0,Private,189890.0,Assoc-acdm,,,Prof-specialty,Unmarried,White,Female,5455.0,0.0,38.0,
34.0,Private,,Bachelors,13.0,Married-civ-spouse,Prof-specialty,,White,Male,0.0,,40.0,Peru
,Private,,HS-grad,9.0,Never-married,,Not-in-family,White,,0.0,0.0,40.0,United-States
38.0,Self-emp-not-inc,190023.0,HS-grad,9.0,Married-civ-spouse,Transport-moving,Husband,White,Male,0.0,0.0,40.0,
31.0,Private,222130.0,,10.0,Never-married,Adm-clerical,Not-in-family,White,,0.0,0.0,43.0,United-States
36.0,,164866.0,Assoc-acdm,12.0,Separated,Exec-managerial,Not-in-family,White,Male,,0.0,50.0,United-States
31.0,,170983.0,,,Married-civ-spouse,Exec-managerial,,White,,0.0,,60.0,
,Private,186269.0,Bachelors,13.0,Married-civ-spouse,Tech-support,Husband,,Male,0.0,0.0,,United-States
37.0,Private,,,9.0,Married-civ-spouse,Prof-specialty,,,,0.0,,40.0,United-States
30.0,Private,,Bachelors,,Never-married,Prof-specialty,,Black,Male,0.0,,50.0,United-States
21.0,noValueSetHere123156456,224209.0,HS-grad,9.0,Married-civ-spouse,,Wife,Black,Female,,,,United-States
73.0,Private,123160.0,,6.0,Widowed,,,White,Female,0.0,0.0,10.0,United-States
38.0,,,,14.0,,,,,,,0.0,,United-States
30.0,Private,123178.0,10th,6.0,,Craft-repair,Not-in-family,,Male,0.0,,50.0,United-States
33.0,Private,,HS-grad,,Married-civ-spouse,,,White,Male,0.0,0.0,,United-States
52.0,Local-gov,317733.0,,,Married-civ-spouse,Prof-specialty,,White,Male,7688.0,0.0,40.0,
,,241056.0,Some-college,10.0,Divorced,Adm-clerical,Unmarried,White,Female,0.0,,46.0,United-States
,Local-gov,220066.0,Masters,14.0,Never-married,Prof-specialty,Not-in-family,,Female,0.0,0.0,50.0,United-States
,Private,180342.0,HS-grad,,Married-civ-spouse,Craft-repair,Husband,White,Male,0.0,,40.0,United-States
59.0,,31840.0,HS-grad,9.0,Married-civ-spouse,,Husband,White,Male,,0.0,40.0,United-States
45.0,,,Bachelors,,Divorced,,,,Female,0.0,0.0,,United-States
27.0,Private,386036.0,Some-college,10.0,Never-married,Transport-moving,Not-in-family,White,Male,0.0,0.0,48.0,
31.0,Local-gov,446358.0,Doctorate,16.0,Never-married,Prof-specialty,Not-in-family,White,Male,0.0,0.0,50.0,
45.0,,,Some-college,10.0,Never-married,Farming-fishing,Other-relative,White,,0.0,0.0,,United-States
40.0,Private,,HS-grad,,Separated,Other-service,,,Female,0.0,0.0,25.0,United-States
27.0,Private,192384.0,,15.0,,Adm-clerical,,White,Male,0.0,,40.0,
,Private,,HS-grad,9.0,Never-married,Other-service,Own-child,White,,,0.0,20.0,United-States
,,457402.0,5th-6th,3.0,Never-married,Other-service,Not-in-family,White,Male,,0.0,25.0,
34.0,Self-emp-inc,80249.0,,10.0,Married-civ-spouse,Farming-fishing,Husband,White,Male,0.0,0.0,,United-States
32.0,,159537.0,Assoc-acdm,12.0,,Craft-repair,Husband,White,Male,0.0,0.0,40.0,
49.0,Private,240859.0,11th,7.0,Married-civ-spouse,Craft-repair,Husband,White,Male,0.0,0.0,,Cuba
33.0,Private,83446.0,11th,,,Exec-managerial,Unmarried,White,Female,0.0,0.0,40.0,United-States
74.0,,29866.0,7th-8th,,Married-civ-spouse,noValueSetHere123156456,Husband,White,Male,0.0,,2.0,United-States
62.0,Private,185503.0,Bachelors,13.0,Married-civ-spouse,Prof-specialty,Husband,,Male,0.0,0.0,50.0,
39.0,Self-emp-not-inc,68781.0,HS-grad,9.0,Married-civ-spouse,Exec-managerial,Husband,White,Male,,0.0,40.0,United-States
43.0,Private,220589.0,,9.0,,Exec-managerial,Unmarried,White,Female,0.0,,,United-States
,Private,51136.0,Some-college,10.0,Never-married,Tech-support,Not-in-family,White,Female,0.0,0.0,,United-States
,Private,54560.0,HS-grad,9.0,Married-civ-spouse,,,White,,0.0,0.0,45.0,United-States
76.0,noValueSetHere123156456,28221.0,HS-grad,9.0,,noValueSetHere123156456,,White,Male,0.0,0.0,40.0,
,Private,201413.0,Some-college,10.0,,Other-service,Unmarried,Black,Female,,,,United-States
19.0,Private,40425.0,Some-college,10.0,,Sales,Not-in-family,,,0.0,0.0,,
31.0,Private,,,12.0,Divorced,Adm-clerical,Unmarried,White,Female,0.0,0.0,41.0,United-States
,,,,7.0,,Craft-repair,Other-relative,White,,,0.0,,United-States
61.0,Private,92691.0,HS-grad,,Married-civ-spouse,Adm-clerical,,White,Male,0.0,0.0,3.0,United-States
47.0,Private,,Bachelors,,Married-civ-spouse,,Husband,White,,0.0,,40.0,
37.0,Private,,HS-grad,9.0,Divorced,Adm-clerical,Unmarried,White,,,0.0,45.0,United-States
50.0,,391016.0,Bachelors,13.0,Divorced,,,White,Male,0.0,,30.0,United-States
27.0,Private,249315.0,Some-college,10.0,,Sales,Not-in-family,White,Male,0.0,0.0,,
58.0,,,HS-grad,9.0,Divorced,Adm-clerical,,White,,0.0,0.0,,
43.0,,334946.0,HS-grad,9.0,Married-civ-spouse,Handlers-cleaners,Husband,Black,,,0.0,,United-States
39.0,Private,,,,Married-civ-spouse,,Husband,White,Male,0.0,0.0,40.0,United-States
36.0,Private,173804.0,Some-college,10.0,Never-married,Sales,Not-in-family,White,Female,0.0,0.0,35.0,United-States
,,155449.0,Bachelors,13.0,Married-civ-spouse,Prof-specialty,,White,Male,0.0,0.0,50.0,United-States
26.0,Private,73689.0,HS-grad,9.0,Married-civ-spouse,,Husband,White,Male,,0.0,55.0,United-States
23.0,Private,,Bachelors,13.0,Never-married,Prof-specialty,,,,0.0,0.0,38.0,United-States
47.0,,161676.0,11th,,Never-married,Transport-moving,,Black,Male,0.0,0.0,40.0,United-States
68.0,Private,75913.0,12th,,Widowed,,Not-in-family,White,,0.0,0.0,30.0,
47.0,Local-gov,242552.0,Some-college,,,Protective-serv,Not-in-family,Black,,,,,United-States
,Federal-gov,352094.0,,10.0,Married-civ-spouse,Tech-support,Husband,White,Male,,0.0,,Guatemala
26.0,Private,,,10.0,Married-civ-spouse,Exec-managerial,Husband,,Male,0.0,0.0,,United-States
20.0,Private,,HS-grad,9.0,Never-married,,Own-child,White,Male,0.0,1590.0,,
,Private,180695.0,Some-college,10.0,Never-married,Adm-clerical,Own-child,,,,0.0,40.0,United-States
37.0,Private,,Assoc-acdm,,Married-civ-spouse,Tech-support,Husband,,Male,0.0,0.0,,United-States
37.0,Private,409189.0,Some-college,10.0,Married-civ-spouse,Craft-repair,Husband,White,Male,,0.0,45.0,United-States
43.0,Private,111252.0,Some-college,10.0,Married-civ-spouse,Transport-moving,Husband,White,Male,0.0,0.0,42.0,
,Private,294395.0,Masters,14.0,Widowed,Prof-specialty,,White,Female,0.0,0.0,40.0,United-States
39.0,Private,172718.0,,9.0,,Adm-clerical,Unmarried,White,Female,0.0,0.0,,United-States
32.0,Private,43403.0,,10.0,Divorced,,Not-in-family,,,,1590.0,54.0,United-States
63.0,Private,111963.0,Some-college,10.0,Married-civ-spouse,Prof-specialty,Husband,White,Male,,0.0,16.0,
,Private,247869.0,Bachelors,13.0,Married-civ-spouse,,Husband,White,,,0.0,,United-States
59.0,Private,114032.0,Bachelors,,Divorced,,Unmarried,White,,0.0,0.0,40.0,
36.0,noValueSetHere123156456,,12th,,Never-married,noValueSetHere123156456,Not-in-family,White,Male,0.0,0.0,35.0,United-States
,Private,,,,Never-married,Tech-support,Other-relative,White,,0.0,0.0,40.0,United-States
34.0,,19847.0,HS-grad,9.0,Divorced,Adm-clerical,Unmarried,,Female,0.0,0.0,40.0,United-States
41.0,Private,231689.0,,9.0,Married-civ-spouse,Craft-repair,,,Male,,,40.0,United-States
26.0,Private,209942.0,HS-grad,9.0,,Handlers-cleaners,Own-child,Black,Male,0.0,0.0,40.0,United-States
53.0,Private,197492.0,HS-grad,,Divorced,,Not-in-family,White,Female,0.0,0.0,40.0,United-States
33.0,,,HS-grad,9.0,Married-civ-spouse,Adm-clerical,Wife,White,Female,,,,United-States
46.0,,,Bachelors,13.0,Married-civ-spouse,Exec-managerial,Husband,White,,0.0,0.0,,United-States
79.0,noValueSetHere123156456,144533.0,HS-grad,9.0,Widowed,noValueSetHere123156456,Not-in-family,,,0.0,0.0,30.0,United-States
,Private,83446.0,,,Widowed,Craft-repair,Unmarried,White,,0.0,0.0,,United-States
24.0,Private,215443.0,HS-grad,9.0,Separated,Other-service,Not-in-family,,,0.0,0.0,40.0,
,Local-gov,,HS-grad,,Divorced,Adm-clerical,Unmarried,,Female,0.0,0.0,62.0,United-States
,Private,181015.0,,9.0,Separated,Other-service,,,Female,0.0,0.0,47.0,United-States
41.0,Self-emp-inc,139916.0,,11.0,,,Husband,Other,Male,0.0,2179.0,84.0,Mexico
20.0,Private,195770.0,Some-college,10.0,,,Own-child,White,,0.0,0.0,,United-States
,Private,125194.0,,7.0,,Machine-op-inspct,Not-in-family,Black,,0.0,0.0,40.0,United-States
27.0,Private,,Assoc-voc,11.0,Separated,Adm-clerical,Unmarried,,Female,,0.0,40.0,United-States
36.0,Private,252327.0,5th-6th,,Married-spouse-absent,Craft-repair,,White,,,,40.0,Mexico
30.0,Private,,,9.0,Married-civ-spouse,,Husband,,Male,0.0,0.0,40.0,Germany
36.0,Private,,Bachelors,13.0,Married-civ-spouse,Prof-specialty,Wife,White,,0.0,,,
,,374163.0,HS-grad,9.0,Married-spouse-absent,Farming-fishing,Not-in-family,,Male,,0.0,40.0,Mexico
,noValueSetHere123156456,96851.0,Some-college,10.0,Never-married,noValueSetHere123156456,Not-in-family,White,Female,0.0,1719.0,,
31.0,,196788.0,HS-grad,9.0,,,Wife,White,Female,0.0,0.0,40.0,United-States
49.0,Private,186172.0,HS-grad,,,Craft-repair,Husband,White,,,,,United-States
26.0,Private,245628.0,,7.0,Never-married,Handlers-cleaners,Unmarried,White,Male,0.0,0.0,20.0,United-States
25.0,Private,159732.0,Bachelors,,Never-married,Prof-specialty,Not-in-family,,Male,,0.0,40.0,United-States
,Private,,Assoc-voc,11.0,,Adm-clerical,Own-child,White,,0.0,,,United-States
24.0,Private,,Some-college,10.0,,Adm-clerical,,,Female,,0.0,52.0,Dominican-Republic
,,314322.0,HS-grad,9.0,Married-civ-spouse,Adm-clerical,Husband,White,Male,0.0,0.0,,United-States
35.0,Private,102976.0,Masters,14.0,Never-married,,Not-in-family,,Male,0.0,0.0,,United-States
,,,Bachelors,13.0,,Sales,Wife,White,Female,0.0,0.0,40.0,
21.0,,256356.0,11th,,Never-married,Priv-house-serv,Other-relative,White,Female,,0.0,40.0,
,Private,136277.0,10th,6.0,Never-married,Other-service,Own-child,Black,,0.0,0.0,32.0,United-States
36.0,,284616.0,Some-college,10.0,Married-civ-spouse,,Husband,White,Male,,0.0,40.0,United-States
20.0,Private,185554.0,Some-college,10.0,,Adm-clerical,Own-child,White,,0.0,,25.0,
51.0,Private,138847.0,Bachelors,,,Exec-managerial,Husband,White,,,0.0,,United-States
39.0,Private,,,7.0,Married-civ-spouse,Machine-op-inspct,Husband,,Male,,0.0,40.0,United-States
36.0,Private,84306.0,Bachelors,13.0,,,Husband,White,Male,5013.0,0.0,50.0,United-States
40.0,Self-emp-not-inc,223881.0,Prof-school,,Married-civ-spouse,,Husband,White,Male,99999.0,0.0,70.0,
61.0,Private,149653.0,HS-grad,9.0,Married-civ-spouse,Exec-managerial,Husband,White,Male,0.0,0.0,50.0,United-States
38.0,,,Prof-school,15.0,Married-civ-spouse,,Husband,,,,0.0,,
,noValueSetHere123156456,235442.0,Some-college,10.0,Never-married,noValueSetHere123156456,Own-child,White,Male,,0.0,35.0,United-States
21.0,Private,34506.0,HS-grad,9.0,Separated,Other-service,Own-child,White,,,0.0,,
40.0,,346964.0,HS-grad,9.0,Divorced,,Unmarried,White,Female,0.0,0.0,,United-States
46.0,,192208.0,10th,,Married-civ-spouse,Craft-repair,Husband,White,Male,0.0,,45.0,
,Private,305874.0,Some-college,10.0,,,Husband,,Male,,0.0,54.0,United-States
35.0,Self-emp-not-inc,462890.0,10th,6.0,Married-civ-spouse,Transport-moving,Husband,Black,Male,,0.0,50.0,United-States
39.0,Private,89508.0,Bachelors,13.0,Married-civ-spouse,,Husband,White,Male,0.0,0.0,40.0,United-States
38.0,Self-emp-not-inc,200153.0,HS-grad,9.0,,Craft-repair,Husband,White,Male,0.0,,60.0,United-States
30.0,Private,,HS-grad,9.0,Separated,Adm-clerical,Unmarried,White,Female,0.0,0.0,40.0,United-States
28.0,Private,208965.0,9th,,Never-married,Machine-op-inspct,Unmarried,,Male,0.0,,40.0,Mexico
32.0,,40142.0,Bachelors,,Married-civ-spouse,Exec-managerial,Husband,White,Male,0.0,,40.0,United-States
,,57452.0,,11.0,,Craft-repair,,,Male,0.0,0.0,40.0,
40.0,Private,,Assoc-voc,,Married-civ-spouse,,Husband,White,,0.0,0.0,,United-States
47.0,Private,151267.0,HS-grad,,Married-civ-spouse,Machine-op-inspct,,Black,Female,,0.0,40.0,United-States
,Private,,10th,,Married-civ-spouse,Transport-moving,Husband,White,Male,,0.0,,United-States
38.0,Private,203836.0,HS-grad,9.0,,Sales,Husband,White,Male,3464.0,0.0,40.0,Columbia
51.0,noValueSetHere123156456,163998.0,,9.0,Married-spouse-absent,noValueSetHere123156456,,,Male,0.0,0.0,20.0,
,Self-emp-not-inc,28281.0,,,Married-civ-spouse,Farming-fishing,Husband,White,Male,0.0,0.0,40.0,United-States
51.0,Private,293196.0,Doctorate,,,Prof-specialty,Husband,,Male,,0.0,60.0,
45.0,,214627.0,Doctorate,16.0,Widowed,,Unmarried,White,Male,15020.0,0.0,40.0,Iran
,Private,,,10.0,Never-married,Other-service,,White,Female,,0.0,20.0,United-States
,Private,353396.0,Bachelors,,,,Husband,White,Male,0.0,0.0,45.0,United-States
33.0,Private,161745.0,,11.0,Married-civ-spouse,,Husband,White,Male,0.0,0.0,45.0,
18.0,Private,,HS-grad,9.0,Never-married,Other-service,Own-child,,,,0.0,,United-States
,,156542.0,,15.0,Separated,Prof-specialty,Not-in-family,White,Male,0.0,0.0,40.0,United-States
50.0,,198103.0,,,Never-married,Exec-managerial,Not-in-family,White,Female,0.0,0.0,40.0,United-States
47.0,,,HS-grad,9.0,,Machine-op-inspct,Own-child,Black,,0.0,0.0,40.0,United-States
34.0,Private,173730.0,Bachelors,13.0,,Exec-managerial,Husband,White,,0.0,0.0,50.0,United-States
53.0,Private,374588.0,HS-grad,,Married-civ-spouse,Transport-moving,Husband,,,0.0,,,United-States
,Self-emp-not-inc,174330.0,,10.0,,Craft-repair,Husband,White,Male,0.0,0.0,40.0,United-States
,Private,,HS-grad,,Married-civ-spouse,Craft-repair,,White,Male,0.0,0.0,40.0,
66.0,noValueSetHere123156456,190324.0,HS-grad,,,noValueSetHere123156456,Husband,Black,Male,,0.0,18.0,United-States
26.0,,31350.0,11th,7.0,Never-married,Farming-fishing,,White,Male,0.0,0.0,,United-States
41.0,Private,243607.0,5th-6th,,Married-civ-spouse,Adm-clerical,Husband,White,Male,,0.0,,
47.0,Local-gov,134671.0,Some-college,,,Exec-managerial,Husband,,Male,,,,
,Private,197023.0,,11.0,Married-civ-spouse,Machine-op-inspct,Husband,Amer-Indian-Eskimo,Male,0.0,0.0,40.0,
,,117674.0,Some-college,10.0,Married-civ-spouse,Exec-managerial,Husband,White,Male,0.0,0.0,,
29.0,Private,169815.0,Assoc-acdm,12.0,Married-civ-spouse,Sales,Husband,White,Male,0.0,0.0,,
43.0,Private,,9th,5.0,Separated,Handlers-cleaners,,Black,Female,0.0,0.0,50.0,
42.0,Federal-gov,122861.0,Masters,14.0,Married-civ-spouse,,Husband,,,0.0,,40.0,
35.0,Private,166235.0,Some-college,,,,Not-in-family,Black,Female,0.0,0.0,30.0,United-States
41.0,Private,187821.0,HS-grad,9.0,Married-civ-spouse,Machine-op-inspct,Husband,White,,2885.0,,40.0,United-States
34.0,,340940.0,Bachelors,13.0,,Sales,Husband,White,Male,7298.0,0.0,60.0,United-States
,,,,10.0,Married-civ-spouse,Craft-repair,Husband,White,Male,0.0,0.0,40.0,United-States
61.0,Private,231323.0,,10.0,Married-civ-spouse,Craft-repair,Husband,White,,0.0,0.0,40.0,United-States
39.0,Local-gov,305597.0,HS-grad,9.0,Separated,Exec-managerial,Unmarried,White,Male,0.0,0.0,40.0,United-States
19.0,Private,25429.0,,10.0,Never-married,,Not-in-family,,Female,0.0,0.0,25.0,United-States
46.0,,,,13.0,,Exec-managerial,Husband,White,Male,7688.0,0.0,40.0,United-States
,,346478.0,Some-college,10.0,Never-married,Exec-managerial,Not-in-family,White,Male,0.0,,45.0,
22.0,Private,,,,Never-married,Other-service,,White,Male,0.0,0.0,,United-States
,,,,9.0,Separated,Adm-clerical,,White,Female,0.0,0.0,40.0,United-States
40.0,Private,,Assoc-voc,,Divorced,,Not-in-family,White,Female,,0.0,32.0,United-States
,Private,218558.0,Bachelors,13.0,Married-spouse-absent,Prof-specialty,Not-in-family,White,Male,,0.0,40.0,United-States
,,,5th-6th,3.0,,Farming-fishing,Husband,White,,0.0,0.0,,Mexico
23.0,Private,,,12.0,,Other-service,Own-child,White,,,0.0,20.0,United-States
39.0,Local-gov,,Assoc-acdm,,Divorced,Prof-specialty,,,Male,,0.0,59.0,
54.0,Private,457237.0,Masters,,Married-civ-spouse,,Husband,White,Male,0.0,0.0,,United-States
,Self-emp-inc,284799.0,Some-college,,Married-civ-spouse,Sales,Husband,,Male,0.0,0.0,60.0,United-States
20.0,Private,179423.0,Some-college,10.0,Never-married,Transport-moving,,White,Female,0.0,0.0,40.0,United-States
50.0,Self-emp-not-inc,363405.0,Bachelors,13.0,Married-civ-spouse,Tech-support,Wife,White,Female,,,,
17.0,Private,139183.0,10th,6.0,Never-married,,Own-child,White,Female,,0.0,,United-States
,Private,,HS-grad,9.0,Married-civ-spouse,,Husband,White,Male,,0.0,40.0,United-States
37.0,Private,112554.0,,9.0,Married-civ-spouse,Sales,Husband,White,,0.0,0.0,45.0,
53.0,Private,99476.0,,9.0,Divorced,Other-service,Not-in-family,White,Female,0.0,,38.0,United-States
50.0,Private,,HS-grad,,Married-civ-spouse,,Husband,White,Male,0.0,,,United-States
38.0,Private,,,9.0,,Craft-repair,Husband,White,Male,0.0,0.0,40.0,
,Self-emp-not-inc,,,9.0,,,Husband,,,,,32.0,United-States
53.0,Private,,,9.0,,Craft-repair,,White,Male,0.0,0.0,50.0,
40.0,noValueSetHere123156456,162108.0,,,Divorced,noValueSetHere123156456,Not-in-family,White,Female,,0.0,,United-States
23.0,Self-emp-inc,,Some-college,10.0,,,Not-in-family,White,Male,0.0,0.0,50.0,United-States
20.0,Private,161922.0,,,Never-married,Handlers-cleaners,Not-in-family,White,Male,0.0,0.0,,United-States
,Private,,Some-college,10.0,,,Husband,,,0.0,0.0,,United-States
28.0,Private,,,6.0,Never-married,,Other-relative,Amer-Indian-Eskimo,Male,0.0,0.0,40.0,
59.0,,208395.0,Masters,14.0,Divorced,,,,Male,0.0,0.0,50.0,United-States
41.0,Private,116391.0,Bachelors,13.0,,Exec-managerial,Husband,White,Male,,,40.0,United-States
33.0,Private,239781.0,,1.0,Married-civ-spouse,Farming-fishing,Husband,White,,0.0,0.0,40.0,Mexico
,Private,174351.0,12th,8.0,Married-civ-spouse,Craft-repair,Husband,,Male,0.0,,,Italy
50.0,Self-emp-not-inc,,HS-grad,,Married-civ-spouse,Sales,Husband,,Male,15024.0,0.0,55.0,El-Salvador
,Local-gov,188798.0,Bachelors,13.0,Never-married,,Not-in-family,White,Female,0.0,0.0,,United-States
41.0,Private,50122.0,Assoc-voc,,,,,White,Male,,,50.0,United-States
38.0,Private,111398.0,,,Married-civ-spouse,,Wife,White,Female,,0.0,40.0,United-States
25.0,State-gov,,Assoc-acdm,12.0,Never-married,Adm-clerical,Own-child,,Female,,,40.0,United-States
,noValueSetHere123156456,139003.0,HS-grad,9.0,Never-married,noValueSetHere123156456,,Other,,,0.0,12.0,United-States
49.0,Local-gov,,,13.0,Divorced,,,Black,Female,0.0,,40.0,United-States
39.0,,257726.0,Some-college,10.0,Never-married,Machine-op-inspct,Own-child,White,,0.0,0.0,40.0,United-States
,,113175.0,Some-college,10.0,Never-married,noValueSetHere123156456,Own-child,White,Female,0.0,,,United-States
21.0,Private,151158.0,,10.0,Never-married,,,White,Female,,0.0,25.0,United-States
,Private,465326.0,,13.0,Married-civ-spouse,,,White,Male,,,40.0,United-States
21.0,noValueSetHere123156456,356772.0,HS-grad,,Never-married,,Unmarried,,Female,0.0,,40.0,
38.0,Private,364782.0,,,Married-civ-spouse,,,,Male,0.0,0.0,,United-States
,Private,198385.0,7th-8th,4.0,Widowed,Other-service,Unmarried,White,,0.0,0.0,20.0,noValueSetHere123156456
,,329301.0,,9.0,Divorced,Transport-moving,Not-in-family,White,Male,0.0,,,United-States
17.0,Self-emp-inc,254859.0,11th,7.0,Never-married,,,White,Male,0.0,0.0,,
31.0,Private,203488.0,Bachelors,13.0,Married-civ-spouse,,Husband,White,Male,,0.0,50.0,United-States
25.0,,222800.0,Bachelors,,,Prof-specialty,Not-in-family,White,Male,0.0,,40.0,United-States
39.0,Private,96452.0,Masters,14.0,Married-civ-spouse,Exec-managerial,,White,Male,,0.0,55.0,United-States
50.0,Private,170050.0,,,Married-civ-spouse,Machine-op-inspct,Husband,White,Male,0.0,0.0,40.0,United-States
,Local-gov,,Bachelors,,Married-civ-spouse,,Wife,White,Female,0.0,0.0,20.0,United-States
,Private,,Some-college,10.0,Married-civ-spouse,,Husband,White,Male,0.0,,60.0,United-States
,Private,,10th,6.0,Married-civ-spouse,Exec-managerial,Husband,White,,0.0,,,
31.0,Private,194055.0,HS-grad,9.0,Married-civ-spouse,Transport-moving,Husband,White,Male,0.0,0.0,50.0,United-States
,Private,,Bachelors,13.0,,Prof-specialty,Own-child,,,,0.0,40.0,United-States
,Private,43272.0,,10.0,Never-married,Other-service,Own-child,White,Male,0.0,0.0,20.0,United-States
43.0,Local-gov,108945.0,Bachelors,13.0,Divorced,Prof-specialty,,White,Female,,0.0,48.0,United-States
,Private,114691.0,Some-college,,Married-civ-spouse,Exec-managerial,,White,,,0.0,,United-States
18.0,,304169.0,11th,7.0,Never-married,,Own-child,,Male,0.0,0.0,35.0,United-States
46.0,Private,503923.0,HS-grad,9.0,Married-civ-spouse,,,Black,Male,4386.0,0.0,40.0,United-States
35.0,Private,340428.0,Bachelors,13.0,,Sales,Unmarried,White,Female,,0.0,40.0,United-States
46.0,State-gov,106705.0,Masters,14.0,Never-married,Exec-managerial,,White,Female,0.0,0.0,38.0,
59.0,Private,,Assoc-voc,11.0,,Tech-support,Husband,,,7298.0,,40.0,United-States
,Private,,7th-8th,4.0,Never-married,,Not-in-family,White,Female,0.0,0.0,30.0,Portugal
27.0,,39665.0,HS-grad,9.0,Divorced,Sales,Unmarried,White,,0.0,,37.0,United-States
,Private,,Masters,14.0,Married-civ-spouse,Prof-specialty,Husband,White,Male,0.0,0.0,40.0,England
,Private,,HS-grad,9.0,Never-married,Craft-repair,,,Male,0.0,0.0,,
55.0,,349304.0,Bachelors,13.0,,Exec-managerial,Husband,White,Male,0.0,0.0,40.0,United-States
34.0,noValueSetHere123156456,,,9.0,Never-married,noValueSetHere123156456,,Black,Female,,0.0,,United-States
44.0,Private,54507.0,HS-grad,9.0,Never-married,Machine-op-inspct,Not-in-family,,Female,0.0,,40.0,United-States
,Private,,Bachelors,13.0,Never-married,Exec-managerial,Not-in-family,,Female,0.0,,,United-States
36.0,Private,163396.0,,11.0,,,Wife,,Female,0.0,,40.0,United-States
69.0,Private,88566.0,,,Married-civ-spouse,Other-service,Husband,White,Male,1424.0,0.0,35.0,United-States
33.0,Private,,,10.0,,Adm-clerical,,White,,,0.0,,United-States
30.0,Private,75755.0,Assoc-voc,11.0,Married-civ-spouse,Prof-specialty,Husband,White,Male,0.0,0.0,40.0,United-States
,,148903.0,HS-grad,9.0,Married-civ-spouse,,Wife,,,0.0,,16.0,United-States
,,40915.0,,13.0,Never-married,Exec-managerial,Not-in-family,White,,0.0,0.0,40.0,United-States
21.0,Private,182606.0,Some-college,10.0,,,Own-child,,Male,0.0,0.0,40.0,noValueSetHere123156456
,Private,131033.0,,7.0,,,Other-relative,Black,Male,0.0,0.0,15.0,United-States
,,168475.0,,10.0,,Craft-repair,Husband,White,Male,0.0,0.0,60.0,
20.0,,,HS-grad,9.0,Married-civ-spouse,,Husband,White,Male,,,50.0,United-States
,Private,139098.0,Masters,,Married-civ-spouse,Prof-specialty,,,Male,5013.0,0.0,,United-States
,Private,357338.0,Bachelors,13.0,Married-civ-spouse,,,,Male,,,40.0,United-States
31.0,Private,283268.0,,13.0,,Prof-specialty,Unmarried,,Female,0.0,0.0,36.0,United-States
40.0,,,Prof-school,,Married-civ-spouse,,Husband,White,,5178.0,,40.0,Mexico
40.0,Private,,HS-grad,9.0,,Exec-managerial,,White,Female,0.0,625.0,52.0,United-States
31.0,,120461.0,Bachelors,13.0,Never-married,,Not-in-family,White,,0.0,0.0,40.0,United-States
,Self-emp-not-inc,65278.0,Doctorate,16.0,Married-civ-spouse,,Husband,White,,0.0,,40.0,United-States
23.0,Self-emp-not-inc,208503.0,Some-college,,Divorced,,Own-child,White,,0.0,0.0,40.0,United-States
25.0,Local-gov,,Masters,14.0,Never-married,,Not-in-family,White,,,0.0,40.0,
37.0,Private,265038.0,Some-college,10.0,Married-civ-spouse,Transport-moving,Husband,White,Male,,0.0,,United-States
,Private,89478.0,Some-college,10.0,Never-married,Sales,Own-child,White,,0.0,0.0,,United-States
55.0,Private,,HS-grad,,Widowed,Sales,,White,Female,0.0,0.0,,United-States
,Private,366232.0,9th,5.0,,Craft-repair,Unmarried,,Female,0.0,0.0,40.0,Cuba
26.0,Private,152035.0,HS-grad,9.0,Never-married,Adm-clerical,Own-child,White,,0.0,,40.0,United-States
37.0,Private,205339.0,Some-college,10.0,Never-married,,,White,,0.0,0.0,,
39.0,Private,75995.0,,9.0,Divorced,Exec-managerial,Unmarried,,Female,,0.0,,
62.0,Self-emp-not-inc,192236.0,,,Divorced,Prof-specialty,Not-in-family,White,Female,0.0,0.0,40.0,United-States
19.0,noValueSetHere123156456,188618.0,Some-college,,Never-married,noValueSetHere123156456,Own-child,,Female,0.0,0.0,25.0,United-States
47.0,Private,,,,Married-civ-spouse,,Husband,White,Male,,0.0,45.0,United-States
51.0,Local-gov,199688.0,Bachelors,,,Protective-serv,,White,Male,0.0,0.0,,United-States
55.0,,52953.0,HS-grad,9.0,,Other-service,Unmarried,,Female,0.0,0.0,40.0,
30.0,Private,221043.0,HS-grad,9.0,Married-civ-spouse,,Husband,White,Male,,0.0,35.0,United-States
59.0,Federal-gov,115389.0,Some-college,10.0,Married-civ-spouse,Craft-repair,,,Male,0.0,0.0,36.0,United-States
45.0,Self-emp-not-inc,204205.0,10th,,Married-civ-spouse,Craft-repair,Husband,White,,0.0,0.0,65.0,United-States
52.0,Private,338816.0,Some-college,10.0,Married-civ-spouse,Exec-managerial,Husband,White,Male,15024.0,0.0,45.0,United-States
21.0,Private,197387.0,HS-grad,9.0,Never-married,,Own-child,,Male,0.0,,20.0,
31.0,,42485.0,,9.0,Married-civ-spouse,Machine-op-inspct,Husband,White,Male,0.0,0.0,55.0,
29.0,,367706.0,Some-college,,,,Own-child,,Male,0.0,0.0,40.0,United-States
,,102493.0,HS-grad,9.0,Married-civ-spouse,Handlers-cleaners,,White,Male,,0.0,40.0,United-States
,Private,263746.0,,6.0,,Other-service,Own-child,White,Male,0.0,0.0,24.0,United-States
,Private,115358.0,HS-grad,9.0,Divorced,Machine-op-inspct,Not-in-family,,Female,0.0,,,
46.0,Private,189680.0,Some-college,10.0,,Sales,Husband,White,Male,0.0,,50.0,United-States
32.0,noValueSetHere123156456,282622.0,HS-grad,9.0,,noValueSetHere123156456,Unmarried,,Female,0.0,0.0,28.0,United-States
34.0,Private,127651.0,10th,6.0,Never-married,Farming-fishing,,White,Male,,0.0,44.0,noValueSetHere123156456
63.0,Private,230823.0,,8.0,Married-civ-spouse,Transport-moving,Husband,,Male,0.0,0.0,40.0,Cuba
21.0,,300812.0,,10.0,,Other-service,Own-child,White,Male,0.0,0.0,,
18.0,Private,174732.0,,9.0,,Other-service,,Black,Male,,0.0,36.0,
49.0,State-gov,183710.0,,16.0,Married-civ-spouse,Exec-managerial,Husband,White,Male,0.0,,50.0,United-States
81.0,Self-emp-not-inc,137018.0,HS-grad,9.0,Widowed,,Not-in-family,,,0.0,0.0,20.0,United-States
,Self-emp-inc,213008.0,,12.0,Married-civ-spouse,,,White,,0.0,,40.0,United-States
47.0,Private,357848.0,HS-grad,9.0,Married-civ-spouse,,Husband,White,Male,0.0,,40.0,
36.0,Private,,Masters,14.0,Married-civ-spouse,,,White,Male,0.0,,,United-States
,,,Assoc-voc,11.0,Married-civ-spouse,Farming-fishing,Husband,White,,0.0,,60.0,United-States
46.0,Private,97883.0,Bachelors,13.0,Never-married,Sales,Not-in-family,White,Female,0.0,0.0,,United-States
,Local-gov,,Some-college,10.0,Married-civ-spouse,Adm-clerical,,,Female,0.0,1902.0,40.0,United-States
39.0,Local-gov,57424.0,Bachelors,13.0,,Adm-clerical,Unmarried,White,Female,0.0,0.0,35.0,United-States
29.0,,151476.0,Some-college,10.0,,Sales,Not-in-family,White,Female,0.0,0.0,40.0,United-States
23.0,Private,,HS-grad,9.0,,Handlers-cleaners,Own-child,,Female,0.0,,16.0,United-States
57.0,Private,,10th,6.0,Married-civ-spouse,,Husband,,,0.0,0.0,43.0,
38.0,,182416.0,HS-grad,9.0,,Sales,Unmarried,Black,Female,,0.0,42.0,United-States
25.0,,251915.0,Bachelors,13.0,,,Own-child,,Female,0.0,0.0,40.0,United-States
39.0,Local-gov,187127.0,Some-college,,,Exec-managerial,,White,Male,0.0,,40.0,United-States
24.0,,69045.0,,,,,Not-in-family,Black,,,0.0,40.0,Jamaica
,Private,192869.0,Masters,14.0,Married-civ-spouse,Craft-repair,Husband,,Male,,1977.0,44.0,United-States
39.0,Private,74163.0,12th,8.0,,Sales,Not-in-family,,,0.0,,,United-States
23.0,,60847.0,,,Never-married,Sales,Unmarried,White,,,,,United-States
17.0,noValueSetHere123156456,213055.0,11th,7.0,Never-married,noValueSetHere123156456,,Other,Female,0.0,0.0,20.0,United-States
67.0,Self-emp-not-inc,116057.0,HS-grad,9.0,Divorced,,Not-in-family,,Female,,0.0,,United-States
41.0,Private,,Bachelors,13.0,Never-married,Adm-clerical,Not-in-family,Asian-Pac-Islander,Male,0.0,0.0,50.0,United-States
24.0,Local-gov,,,,,Prof-specialty,Own-child,White,,0.0,,,United-States
51.0,Private,159910.0,Bachelors,,,Exec-managerial,,Black,Male,,0.0,40.0,
30.0,Self-emp-inc,117570.0,HS-grad,,Divorced,Other-service,Not-in-family,White,,0.0,0.0,60.0,
47.0,Self-emp-inc,214169.0,HS-grad,9.0,Married-civ-spouse,,Husband,,Male,15024.0,0.0,40.0,
56.0,Private,56331.0,HS-grad,9.0,Never-married,Machine-op-inspct,Not-in-family,White,Male,0.0,,,United-States
51.0,Private,35576.0,HS-grad,9.0,Divorced,Craft-repair,Not-in-family,White,,0.0,,38.0,
,Self-emp-not-inc,149168.0,,,,Exec-managerial,Husband,,Male,0.0,0.0,,United-States
34.0,,,Some-college,10.0,Divorced,Other-service,Unmarried,White,,0.0,,,United-States
24.0,Private,278130.0,Bachelors,13.0,Never-married,Prof-specialty,Not-in-family,White,Male,0.0,0.0,40.0,
57.0,Private,,,9.0,Married-civ-spouse,Machine-op-inspct,Husband,White,Male,0.0,0.0,40.0,United-States
38.0,Private,283122.0,HS-grad,9.0,,Machine-op-inspct,Husband,,,0.0,0.0,40.0,
23.0,Private,580248.0,,9.0,Never-married,,,,,0.0,,40.0,United-States
35.0,,,7th-8th,4.0,Married-civ-spouse,Machine-op-inspct,Husband,White,Male,0.0,0.0,,
58.0,Private,519006.0,HS-grad,,,Craft-repair,Husband,White,Male,0.0,,52.0,
19.0,,37332.0,HS-grad,9.0,Never-married,noValueSetHere123156456,Own-child,White,Female,1055.0,,,United-States
19.0,noValueSetHere123156456,365871.0,7th-8th,,Never-married,,Not-in-family,White,,,0.0,40.0,Mexico
,State-gov,235882.0,Doctorate,16.0,Married-civ-spouse,Prof-specialty,,White,Male,,2377.0,,United-States
43.0,Private,336513.0,Some-college,10.0,,Exec-managerial,Husband,White,Male,0.0,1902.0,,United-States
17.0,Private,115551.0,,7.0,Never-married,Other-service,,White,,,,20.0,
53.0,State-gov,,,16.0,Married-civ-spouse,Prof-specialty,,White,,7688.0,,50.0,United-States
37.0,Self-emp-inc,,Doctorate,16.0,,,Husband,Black,Male,,0.0,99.0,United-States
21.0,noValueSetHere123156456,180303.0,Bachelors,,,,Not-in-family,Asian-Pac-Islander,,0.0,,25.0,noValueSetHere123156456
63.0,,,HS-grad,,Married-civ-spouse,Craft-repair,,,Male,0.0,0.0,40.0,
31.0,Private,332379.0,,10.0,Married-spouse-absent,Transport-moving,Unmarried,White,Male,0.0,0.0,,United-States
,Private,95465.0,HS-grad,9.0,Married-civ-spouse,Other-service,Husband,White,Male,0.0,0.0,40.0,United-States
,Local-gov,96102.0,Some-college,10.0,Married-civ-spouse,Protective-serv,,White,,0.0,,,
27.0,,,Prof-school,,Never-married,,Not-in-family,,Female,0.0,0.0,65.0,United-States
25.0,Self-emp-not-inc,,HS-grad,9.0,Never-married,Other-service,,White,,0.0,0.0,,
,Private,50814.0,,9.0,Never-married,Prof-specialty,,White,Female,0.0,0.0,40.0,
54.0,,,HS-grad,9.0,Divorced,Sales,Unmarried,White,Female,,0.0,35.0,
74.0,,104661.0,,10.0,,,Not-in-family,White,Female,0.0,,12.0,United-States
31.0,Local-gov,50442.0,Some-college,,Never-married,Exec-managerial,Own-child,Amer-Indian-Eskimo,Female,0.0,0.0,32.0,United-States
23.0,Private,236601.0,Some-college,10.0,Never-married,,Not-in-family,White,Male,0.0,0.0,48.0,
,Private,100999.0,Bachelors,,Never-married,Prof-specialty,Own-child,White,,0.0,0.0,30.0,
39.0,,362685.0,,1.0,Widowed,noValueSetHere123156456,Not-in-family,White,Female,,,20.0,El-Salvador
61.0,Self-emp-not-inc,32423.0,,9.0,Married-civ-spouse,Farming-fishing,,White,Female,22040.0,0.0,40.0,United-States
59.0,,154236.0,HS-grad,9.0,Married-civ-spouse,noValueSetHere123156456,Wife,White,Female,7688.0,0.0,40.0,United-States
27.0,Self-emp-inc,,Assoc-voc,11.0,Married-civ-spouse,Other-service,Wife,,Female,,0.0,36.0,United-States
19.0,Private,,,10.0,Never-married,,,Black,Female,0.0,0.0,20.0,United-States
23.0,noValueSetHere123156456,191444.0,HS-grad,9.0,,noValueSetHere123156456,Own-child,White,Male,0.0,0.0,,United-States
25.0,Local-gov,44216.0,HS-grad,,Divorced,Adm-clerical,,Amer-Indian-Eskimo,Female,0.0,0.0,35.0,United-States
40.0,Private,97688.0,Some-college,10.0,,Tech-support,,,Male,0.0,0.0,48.0,United-States
53.0,,,11th,,Divorced,Other-service,,,,0.0,0.0,37.0,United-States
32.0,,96016.0,,,Never-married,Prof-specialty,Not-in-family,White,Male,0.0,0.0,45.0,United-States
72.0,Self-emp-not-inc,52138.0,Doctorate,16.0,Married-civ-spouse,,Husband,,Male,,2392.0,25.0,United-States
,Private,159046.0,7th-8th,4.0,Married-civ-spouse,Transport-moving,,White,Male,0.0,,40.0,United-States
42.0,Private,138634.0,HS-grad,9.0,Married-civ-spouse,Sales,Husband,,Male,0.0,,40.0,United-States
17.0,Private,130125.0,10th,6.0,Never-married,Other-service,Own-child,Amer-Indian-Eskimo,Female,1055.0,0.0,20.0,United-States
73.0,,247355.0,HS-grad,,Married-civ-spouse,Transport-moving,Husband,White,,,,16.0,Canada
41.0,Self-emp-not-inc,,Some-college,10.0,Separated,Craft-repair,,,Male,0.0,,40.0,United-States
23.0,Private,244771.0,Some-college,10.0,Never-married,Machine-op-inspct,Own-child,Black,Female,0.0,0.0,20.0,Jamaica
23.0,,215616.0,HS-grad,,Never-married,Prof-specialty,,,Female,0.0,0.0,40.0,Canada
65.0,Private,386672.0,,11.0,,,Husband,White,Male,0.0,0.0,15.0,United-States
,Self-emp-inc,177543.0,,9.0,,Sales,Wife,White,Female,0.0,0.0,50.0,United-States
52.0,Federal-gov,617021.0,Bachelors,13.0,Married-civ-spouse,Tech-support,,Black,,7688.0,0.0,40.0,United-States
24.0,Local-gov,117109.0,Bachelors,13.0,Never-married,Adm-clerical,Own-child,Black,Female,0.0,0.0,27.0,United-States
23.0,Private,373550.0,Assoc-voc,,Married-civ-spouse,Craft-repair,Husband,,Male,0.0,0.0,40.0,United-States
30.0,Private,19847.0,Some-college,,Divorced,Tech-support,Own-child,White,Female,0.0,,40.0,
26.0,Private,189590.0,Bachelors,,Never-married,Exec-managerial,Not-in-family,White,,,,40.0,
37.0,Self-emp-not-inc,58343.0,,9.0,Divorced,Farming-fishing,Unmarried,White,,0.0,0.0,56.0,United-States
,Private,354201.0,HS-grad,9.0,Never-married,Other-service,Own-child,White,Male,,0.0,,
31.0,Private,119422.0,HS-grad,9.0,Married-civ-spouse,Sales,Husband,White,Male,,0.0,40.0,United-States
,,,HS-grad,9.0,,Adm-clerical,,White,,0.0,,,United-States
63.0,Private,,Bachelors,13.0,Never-married,Sales,Not-in-family,White,,0.0,0.0,,United-States
27.0,Private,194472.0,,9.0,Never-married,Priv-house-serv,Not-in-family,White,Female,,0.0,60.0,United-States
31.0,Private,,9th,5.0,Married-civ-spouse,Machine-op-inspct,,White,,,,,
71.0,Self-emp-not-inc,130731.0,HS-grad,9.0,Widowed,Adm-clerical,Not-in-family,White,,0.0,0.0,35.0,United-States
35.0,Private,,Bachelors,13.0,Married-civ-spouse,Exec-managerial,Husband,White,Male,,0.0,,United-States
,,378251.0,,,,Adm-clerical,Wife,White,Female,0.0,,38.0,United-States
36.0,Private,,Masters,14.0,,Prof-specialty,,Asian-Pac-Islander,,0.0,,40.0,China
22.0,,203182.0,Bachelors,,,Exec-managerial,Other-relative,White,Female,0.0,,20.0,United-States
32.0,Private,130304.0,,,Married-civ-spouse,Prof-specialty,,,Male,,1485.0,,United-States
30.0,Local-gov,,,13.0,,Prof-specialty,Unmarried,White,Female,0.0,0.0,40.0,United-States
60.0,noValueSetHere123156456,191024.0,HS-grad,9.0,Married-civ-spouse,noValueSetHere123156456,,,Male,0.0,0.0,40.0,United-States
25.0,Private,197728.0,Some-college,,,Adm-clerical,Own-child,White,Female,0.0,0.0,40.0,
76.0,Private,316185.0,7th-8th,,,,Not-in-family,White,Female,0.0,0.0,12.0,United-States
41.0,,89226.0,HS-grad,9.0,,Craft-repair,Not-in-family,,Male,0.0,0.0,40.0,United-States
,Private,,7th-8th,4.0,Married-civ-spouse,Machine-op-inspct,Husband,,Male,0.0,0.0,40.0,United-States
45.0,Private,,12th,8.0,Married-civ-spouse,Machine-op-inspct,Husband,Asian-Pac-Islander,Male,0.0,0.0,40.0,noValueSetHere123156456
32.0,Private,180296.0,Some-college,,Divorced,Adm-clerical,Unmarried,White,Female,0.0,,40.0,United-States
22.0,Private,361487.0,HS-grad,9.0,Never-married,Craft-repair,,White,Male,0.0,0.0,,United-States
39.0,Private,218490.0,,13.0,Married-civ-spouse,Sales,,White,Male,0.0,1848.0,40.0,United-States
63.0,Self-emp-not-inc,231777.0,Bachelors,13.0,Never-married,Transport-moving,,White,Male,0.0,0.0,40.0,United-States
23.0,Private,,Assoc-acdm,12.0,Never-married,,Unmarried,White,Female,0.0,,40.0,United-States
61.0,Private,232308.0,10th,6.0,Married-civ-spouse,Machine-op-inspct,,,,0.0,0.0,40.0,United-States
,State-gov,33308.0,Assoc-voc,,,Craft-repair,Husband,White,Male,0.0,0.0,,United-States
25.0,Private,333677.0,9th,5.0,Married-civ-spouse,,Husband,White,,,0.0,45.0,
,,170651.0,HS-grad,9.0,Never-married,Other-service,Own-child,White,Female,1055.0,0.0,40.0,
,,,HS-grad,9.0,Married-civ-spouse,Sales,Wife,White,Female,,0.0,36.0,
,Private,166386.0,Bachelors,13.0,,Machine-op-inspct,Wife,Asian-Pac-Islander,Female,0.0,0.0,,China
26.0,,,,13.0,Never-married,Exec-managerial,,White,,,0.0,40.0,United-States
21.0,Private,,Some-college,10.0,,Other-service,Own-child,White,Male,0.0,0.0,32.0,
18.0,Private,104704.0,HS-grad,9.0,,Adm-clerical,Own-child,Black,Male,0.0,,40.0,United-States
,Private,,Bachelors,13.0,Married-civ-spouse,,Husband,White,,15024.0,,60.0,
44.0,State-gov,,Masters,,Married-civ-spouse,Prof-specialty,Husband,Black,Male,,0.0,,
31.0,Private,,HS-grad,9.0,Divorced,Craft-repair,,,,,0.0,50.0,United-States
44.0,Private,59474.0,HS-grad,9.0,Married-civ-spouse,Transport-moving,Husband,White,Male,0.0,,40.0,United-States
,Private,,,,Married-civ-spouse,Prof-specialty,Husband,White,,,1902.0,60.0,United-States
43.0,Private,245842.0,HS-grad,9.0,Married-civ-spouse,Machine-op-inspct,Husband,White,Male,0.0,0.0,44.0,Mexico
33.0,,274222.0,,13.0,Married-civ-spouse,Other-service,Husband,Asian-Pac-Islander,Male,,0.0,,United-States
,Private,342575.0,,10.0,Never-married,,Own-child,Black,Female,0.0,0.0,30.0,United-States
,,206051.0,HS-grad,9.0,Married-civ-spouse,Handlers-cleaners,,,Male,0.0,0.0,,United-States
55.0,Private,234213.0,HS-grad,,Married-civ-spouse,,Husband,White,Male,0.0,,60.0,United-States
57.0,Private,145189.0,,10.0,,Adm-clerical,,White,Female,0.0,,,
,Private,233490.0,HS-grad,9.0,Never-married,,Not-in-family,,Male,0.0,,50.0,United-States
32.0,,344129.0,HS-grad,9.0,,,Husband,,,,0.0,40.0,
,Self-emp-not-inc,,Bachelors,13.0,Married-civ-spouse,Prof-specialty,,White,Male,0.0,0.0,60.0,United-States
31.0,Self-emp-not-inc,181485.0,Bachelors,13.0,,Sales,Not-in-family,,,0.0,0.0,,United-States
,Private,255412.0,Bachelors,,Married-civ-spouse,,Husband,White,Male,0.0,0.0,,France
37.0,Private,262409.0,Masters,14.0,Divorced,Exec-managerial,Unmarried,White,Female,0.0,213.0,45.0,
45.0,,199590.0,5th-6th,,,Transport-moving,Husband,White,Male,,0.0,,
47.0,,84726.0,Some-college,10.0,Married-civ-spouse,Machine-op-inspct,Husband,,Male,0.0,0.0,40.0,United-States
31.0,noValueSetHere123156456,226883.0,,9.0,Divorced,noValueSetHere123156456,Own-child,White,Male,0.0,0.0,75.0,United-States
75.0,Self-emp-not-inc,,11th,7.0,Married-civ-spouse,Exec-managerial,,White,Male,,0.0,30.0,United-States
,,102025.0,Masters,,Married-civ-spouse,Prof-specialty,,,Male,0.0,0.0,,United-States
39.0,Private,,Assoc-acdm,,Married-civ-spouse,,Husband,White,Male,7688.0,0.0,,Germany
30.0,Private,55291.0,Bachelors,13.0,Married-civ-spouse,Prof-specialty,Husband,White,Male,0.0,0.0,40.0,United-States
27.0,Private,,5th-6th,3.0,Never-married,Handlers-cleaners,Other-relative,White,Male,0.0,0.0,,Guatemala
44.0,,100584.0,HS-grad,9.0,Married-civ-spouse,Machine-op-inspct,Husband,Amer-Indian-Eskimo,Male,,,40.0,United-States
53.0,,181755.0,,,Divorced,Prof-specialty,Not-in-family,White,,0.0,0.0,35.0,
,Private,,Bachelors,,Married-civ-spouse,Adm-clerical,,White,Male,0.0,,,United-States
18.0,Private,,11th,7.0,,,Own-child,,Female,,0.0,,United-States
,,,Bachelors,13.0,,Protective-serv,,Black,,0.0,0.0,40.0,England
20.0,Private,291979.0,HS-grad,9.0,Never-married,Sales,Own-child,White,Male,0.0,0.0,40.0,United-States
38.0,Private,270985.0,Some-college,10.0,,,,Black,Male,,,,United-States
48.0,Private,,HS-grad,9.0,Divorced,Adm-clerical,Not-in-family,White,Female,0.0,0.0,35.0,
46.0,Self-emp-not-inc,176863.0,,9.0,Married-civ-spouse,Exec-managerial,Husband,,,0.0,,40.0,United-States
51.0,,53197.0,HS-grad,9.0,Married-civ-spouse,Craft-repair,Husband,White,Male,,,40.0,United-States
35.0,Self-emp-not-inc,267776.0,HS-grad,,Never-married,,Other-relative,White,,0.0,0.0,,United-States
24.0,Private,308205.0,7th-8th,4.0,Never-married,,Other-relative,,,0.0,0.0,40.0,Mexico
30.0,Private,306383.0,Some-college,10.0,Divorced,Handlers-cleaners,,White,,0.0,0.0,,United-States
70.0,Private,35494.0,HS-grad,9.0,,Exec-managerial,,White,Male,0.0,,,
26.0,Private,291968.0,,,Married-civ-spouse,Transport-moving,Husband,White,Male,,0.0,,United-States
34.0,Private,80933.0,HS-grad,,,Craft-repair,Husband,,,0.0,1672.0,40.0,United-States
46.0,Private,271828.0,HS-grad,9.0,Married-civ-spouse,,Husband,White,Male,,,40.0,United-States
,Private,121993.0,,9.0,Married-civ-spouse,Adm-clerical,Wife,White,,0.0,,5.0,United-States
37.0,Local-gov,31023.0,Some-college,10.0,,Other-service,Husband,White,Male,0.0,0.0,40.0,United-States
,Self-emp-not-inc,36425.0,Some-college,10.0,Divorced,Sales,Unmarried,White,,0.0,,35.0,
23.0,Private,407684.0,9th,,Never-married,,Other-relative,White,,,,40.0,Mexico
28.0,Private,,HS-grad,9.0,Married-civ-spouse,Sales,Husband,White,Male,0.0,1628.0,,United-States
44.0,Self-emp-not-inc,158555.0,,,Married-civ-spouse,Exec-managerial,,,Male,0.0,0.0,,
58.0,,140363.0,HS-grad,9.0,,Machine-op-inspct,Not-in-family,White,Male,3325.0,0.0,30.0,United-States
53.0,Private,123429.0,Some-college,10.0,,Exec-managerial,Husband,White,Male,,0.0,60.0,United-States
,Private,,,10.0,Married-civ-spouse,Handlers-cleaners,Husband,White,,0.0,0.0,40.0,United-States
26.0,,290286.0,HS-grad,9.0,Never-married,Craft-repair,,Black,,,0.0,40.0,United-States
,noValueSetHere123156456,249271.0,Some-college,10.0,Married-civ-spouse,noValueSetHere123156456,Husband,White,Male,0.0,0.0,40.0,United-States
34.0,Local-gov,,Masters,14.0,Divorced,,Not-in-family,,Female,,0.0,50.0,United-States
43.0,Private,76487.0,,7.0,Married-civ-spouse,Craft-repair,Husband,White,Male,0.0,,40.0,United-States
22.0,Private,437994.0,Some-college,10.0,,,Other-relative,Black,Male,0.0,,20.0,United-States
,,,Some-college,10.0,,,Husband,,Male,7298.0,0.0,50.0,
36.0,Private,160120.0,,,,Adm-clerical,,Asian-Pac-Islander,Male,,0.0,40.0,
41.0,Local-gov,,Bachelors,,,Prof-specialty,Wife,White,Female,,1740.0,20.0,
27.0,Private,406662.0,HS-grad,,Never-married,Adm-clerical,Not-in-family,White,Male,4416.0,0.0,40.0,
,Self-emp-not-inc,,Some-college,,Married-civ-spouse,,Husband,,Male,0.0,0.0,,
27.0,Private,114158.0,Assoc-voc,11.0,Never-married,Adm-clerical,,White,Female,,,,United-States
,Private,,HS-grad,9.0,,Protective-serv,,,,0.0,,40.0,
32.0,,,,,,Exec-managerial,Other-relative,Asian-Pac-Islander,,0.0,0.0,40.0,
21.0,Private,,Some-college,,,Adm-clerical,Own-child,Asian-Pac-Islander,Male,0.0,,20.0,United-States
,Private,,Bachelors,13.0,Married-civ-spouse,Exec-managerial,Husband,,Male,0.0,0.0,50.0,United-States
29.0,Private,194197.0,Bachelors,,,Exec-managerial,Own-child,White,,,0.0,,United-States
19.0,Self-emp-not-inc,,,10.0,Never-married,,Own-child,,Female,0.0,0.0,,United-States
21.0,Local-gov,596776.0,,10.0,,Adm-clerical,Own-child,White,Male,,,40.0,Guatemala
46.0,,56841.0,HS-grad,9.0,Married-civ-spouse,Transport-moving,Husband,White,Male,0.0,0.0,,United-States
38.0,Private,112561.0,Bachelors,13.0,Married-civ-spouse,Exec-managerial,Husband,White,,0.0,,55.0,United-States
43.0,Private,147110.0,Some-college,10.0,Never-married,,Unmarried,White,Male,,,48.0,
,Self-emp-inc,175339.0,HS-grad,,,,Husband,,,0.0,0.0,50.0,United-States
38.0,Private,234901.0,,14.0,Married-civ-spouse,Exec-managerial,Husband,White,Male,,,,United-States
18.0,noValueSetHere123156456,298133.0,Some-college,10.0,Never-married,noValueSetHere123156456,Own-child,White,Male,0.0,,40.0,
,Private,217083.0,HS-grad,9.0,Married-civ-spouse,Adm-clerical,Wife,White,Female,0.0,0.0,40.0,United-States
30.0,Private,97757.0,Assoc-voc,,Married-civ-spouse,Prof-specialty,Wife,White,Female,0.0,0.0,36.0,United-States
30.0,Private,151868.0,9th,,,Craft-repair,,White,Male,0.0,,40.0,United-States
28.0,Local-gov,,HS-grad,,Never-married,Exec-managerial,Unmarried,Amer-Indian-Eskimo,Female,,0.0,35.0,
26.0,,109419.0,Assoc-voc,,Never-married,Adm-clerical,Not-in-family,White,Female,0.0,0.0,45.0,United-States
37.0,Federal-gov,203070.0,Some-college,,Married-civ-spouse,Craft-repair,Husband,White,,0.0,0.0,,United-States
32.0,Private,107843.0,,9.0,Married-civ-spouse,,Husband,White,Male,5178.0,0.0,50.0,United-States
,State-gov,264544.0,Masters,,,Prof-specialty,Wife,,,0.0,0.0,,
18.0,Private,148644.0,,9.0,Never-married,Sales,Own-child,White,Female,0.0,0.0,,
30.0,Private,125762.0,,10.0,Married-civ-spouse,Adm-clerical,Husband,White,Male,0.0,0.0,30.0,United-States
,noValueSetHere123156456,,,11.0,,noValueSetHere123156456,Wife,White,Female,3908.0,0.0,8.0,United-States
18.0,,193741.0,11th,,Never-married,Other-service,Other-relative,Black,Male,0.0,0.0,,United-States
,Private,588905.0,HS-grad,,Married-civ-spouse,Craft-repair,Husband,White,Male,0.0,0.0,,United-States
,Private,115613.0,,5.0,Married-civ-spouse,,Husband,White,Male,0.0,0.0,40.0,United-States
46.0,,222374.0,HS-grad,9.0,Married-civ-spouse,,Husband,White,,,,,United-States
37.0,Private,185359.0,HS-grad,9.0,Married-civ-spouse,Adm-clerical,,,,0.0,,40.0,United-States
30.0,,173647.0,Some-college,10.0,Divorced,Transport-moving,Not-in-family,White,,0.0,0.0,,United-States
29.0,Private,,,,,Prof-specialty,,,Female,0.0,,30.0,Germany
,noValueSetHere123156456,517995.0,HS-grad,9.0,Never-married,noValueSetHere123156456,Own-child,White,,0.0,,,
25.0,,,HS-grad,9.0,Married-civ-spouse,,Husband,White,,0.0,0.0,,United-States
38.0,Private,296125.0,HS-grad,9.0,Separated,Priv-house-serv,Unmarried,,Female,0.0,,30.0,United-States
32.0,noValueSetHere123156456,640383.0,Bachelors,13.0,Divorced,noValueSetHere123156456,Unmarried,White,Female,0.0,,40.0,United-States
35.0,Private,334291.0,Some-college,10.0,Married-civ-spouse,Craft-repair,Husband,White,Male,,,50.0,United-States
56.0,,318450.0,Masters,14.0,,,Husband,,,0.0,0.0,80.0,United-States
29.0,Private,,Some-college,10.0,,Exec-managerial,Not-in-family,,Female,0.0,0.0,40.0,United-States
41.0,Private,119721.0,HS-grad,9.0,Married-civ-spouse,Tech-support,,White,Male,0.0,0.0,40.0,United-States
,Private,142719.0,,9.0,Married-civ-spouse,Machine-op-inspct,Husband,,Male,,,40.0,United-States
23.0,Private,162593.0,,13.0,Never-married,Adm-clerical,,Asian-Pac-Islander,Female,0.0,0.0,,
,Self-emp-not-inc,,Bachelors,13.0,,Sales,Husband,White,Male,0.0,0.0,,United-States
,Local-gov,154863.0,,9.0,Never-married,Protective-serv,Other-relative,Black,Male,0.0,1876.0,40.0,
39.0,Private,168894.0,,13.0,Divorced,Adm-clerical,Unmarried,White,,0.0,,20.0,United-States
42.0,Self-emp-not-inc,344920.0,,10.0,Married-civ-spouse,Farming-fishing,,,Female,,0.0,,United-States
39.0,Private,33355.0,HS-grad,9.0,Married-civ-spouse,Transport-moving,Husband,,Male,7298.0,0.0,48.0,United-States
68.0,noValueSetHere123156456,196782.0,7th-8th,4.0,,noValueSetHere123156456,Husband,White,,0.0,0.0,30.0,United-States
37.0,Self-emp-inc,291518.0,Bachelors,,Married-civ-spouse,Craft-repair,Husband,,Male,15024.0,0.0,,United-States
,Private,170244.0,Prof-school,,Never-married,Prof-specialty,Not-in-family,White,Female,0.0,0.0,40.0,United-States
,,369549.0,Some-college,10.0,Never-married,Other-service,Not-in-family,Black,Female,0.0,0.0,30.0,United-States
24.0,Private,23438.0,,,Never-married,Adm-clerical,Not-in-family,White,Male,0.0,0.0,,United-States
19.0,Private,202673.0,,,Never-married,,Own-child,White,Male,0.0,0.0,50.0,
55.0,,,Assoc-acdm,12.0,Divorced,,Unmarried,Black,,,0.0,,
,,264503.0,HS-grad,9.0,Married-civ-spouse,Protective-serv,,White,Male,0.0,0.0,40.0,United-States
37.0,,244341.0,Some-college,10.0,Never-married,Adm-clerical,Unmarried,,Female,0.0,0.0,40.0,United-States
28.0,Private,,Bachelors,13.0,Married-civ-spouse,Other-service,Husband,White,Male,0.0,0.0,,
,Private,187392.0,,9.0,Never-married,Other-service,Not-in-family,White,,0.0,0.0,40.0,United-States
,State-gov,119578.0,Bachelors,,,Prof-specialty,Unmarried,,Female,0.0,0.0,20.0,United-States
51.0,Private,195105.0,,9.0,Divorced,Priv-house-serv,Own-child,White,Female,0.0,0.0,40.0,
,,101752.0,Assoc-voc,11.0,Married-civ-spouse,Transport-moving,Husband,White,Male,0.0,0.0,56.0,United-States
,,,Some-college,,Widowed,noValueSetHere123156456,,White,Female,,0.0,3.0,United-States
49.0,Self-emp-inc,362654.0,,10.0,Married-civ-spouse,Exec-managerial,,,Male,,,50.0,United-States
20.0,noValueSetHere123156456,29810.0,,10.0,,,Own-child,White,Female,0.0,0.0,40.0,United-States
40.0,Federal-gov,77332.0,Some-college,,Divorced,,Not-in-family,White,Female,0.0,0.0,,United-States
80.0,,87518.0,Some-college,,Never-married,Prof-specialty,Not-in-family,,Male,0.0,1816.0,60.0,
63.0,Private,113324.0,,,Married-civ-spouse,Protective-serv,,White,,0.0,,40.0,
63.0,,96299.0,HS-grad,9.0,Divorced,Transport-moving,Unmarried,White,Male,0.0,0.0,45.0,United-States
51.0,Private,,Some-college,10.0,,Adm-clerical,Unmarried,White,,0.0,0.0,40.0,United-States
23.0,Private,,HS-grad,9.0,Never-married,Adm-clerical,Not-in-family,White,Female,0.0,0.0,40.0,United-States
66.0,Self-emp-not-inc,212456.0,HS-grad,9.0,Widowed,Craft-repair,Not-in-family,White,Male,0.0,0.0,20.0,
33.0,,131568.0,HS-grad,9.0,,Sales,Husband,White,Male,0.0,0.0,,United-States
49.0,Private,185859.0,HS-grad,,Married-civ-spouse,,Husband,White,Male,0.0,0.0,43.0,
,Private,231981.0,Some-college,10.0,,Transport-moving,,,,0.0,0.0,32.0,United-States
33.0,Self-emp-inc,117963.0,Assoc-acdm,12.0,,,Husband,,Male,0.0,,,United-States
26.0,,,Some-college,,Married-AF-spouse,Protective-serv,Husband,White,Male,0.0,0.0,40.0,
52.0,Private,,HS-grad,,,Exec-managerial,Husband,White,,0.0,,,United-States
,,,,,,Exec-managerial,Husband,,Male,0.0,,50.0,United-States
,Private,140664.0,Bachelors,13.0,,Sales,Not-in-family,White,Male,,,45.0,
,Private,249277.0,HS-grad,9.0,Never-married,,Own-child,Black,Male,0.0,0.0,75.0,
53.0,Federal-gov,117847.0,Assoc-acdm,12.0,Married-civ-spouse,Adm-clerical,Husband,White,Male,,,40.0,United-States
19.0,Private,52372.0,Some-college,,,Other-service,Own-child,White,,0.0,0.0,20.0,
26.0,,95806.0,Some-college,10.0,,,,White,,3325.0,,40.0,United-States
53.0,,,7th-8th,4.0,Married-civ-spouse,Transport-moving,Husband,White,Male,0.0,0.0,60.0,United-States
65.0,Private,,HS-grad,9.0,Never-married,Machine-op-inspct,,White,Male,,0.0,,
,Private,339168.0,Bachelors,13.0,,Transport-moving,,White,Male,0.0,0.0,30.0,United-States
30.0,Private,,10th,,Never-married,,Other-relative,White,Male,,,18.0,Guatemala
28.0,Private,132870.0,11th,7.0,,,Husband,White,Male,,0.0,45.0,United-States
54.0,,135840.0,,6.0,Married-civ-spouse,Protective-serv,Husband,White,Male,,0.0,45.0,United-States
,Private,35644.0,HS-grad,,Never-married,Other-service,Own-child,,Male,0.0,0.0,,
,Private,198148.0,Some-college,10.0,Never-married,Adm-clerical,Own-child,White,Male,0.0,0.0,50.0,United-States
,Private,220098.0,,9.0,Never-married,Other-service,,,,,0.0,30.0,United-States
19.0,Private,262515.0,11th,7.0,Never-married,Other-service,,White,Male,0.0,0.0,20.0,United-States
,noValueSetHere123156456,423863.0,Some-college,,,noValueSetHere123156456,,White,,0.0,0.0,,United-States
32.0,Federal-gov,,Prof-school,15.0,Married-civ-spouse,Prof-specialty,Husband,White,Male,,0.0,40.0,United-States
23.0,,,,13.0,Never-married,,Own-child,White,Female,0.0,0.0,40.0,United-States
51.0,Local-gov,420917.0,,13.0,Married-civ-spouse,Prof-specialty,Husband,,Male,,0.0,45.0,United-States
25.0,Private,197871.0,,10.0,Married-civ-spouse,Sales,Husband,White,,,0.0,44.0,United-States
46.0,,253116.0,Bachelors,13.0,Never-married,Prof-specialty,Not-in-family,Black,Female,,0.0,40.0,United-States
38.0,Private,206535.0,Some-college,10.0,Divorced,Tech-support,Unmarried,White,Female,,0.0,,United-States
26.0,,,HS-grad,9.0,Married-civ-spouse,Protective-serv,Husband,Asian-Pac-Islander,Male,0.0,0.0,40.0,United-States
46.0,,201217.0,HS-grad,9.0,,Prof-specialty,,White,Female,0.0,,40.0,United-States
,Private,209970.0,Bachelors,13.0,Never-married,Prof-specialty,Not-in-family,White,Female,0.0,0.0,40.0,United-States
20.0,Private,196745.0,Some-college,,Never-married,,Own-child,White,Female,594.0,0.0,,United-States
29.0,Local-gov,175262.0,Masters,,Married-civ-spouse,Prof-specialty,Other-relative,,Male,0.0,0.0,,United-States
51.0,Self-emp-inc,,Masters,14.0,Married-civ-spouse,,,,,0.0,0.0,,United-States
40.0,,181265.0,Some-college,10.0,Married-civ-spouse,Craft-repair,,White,Male,0.0,0.0,52.0,United-States
24.0,Private,200973.0,Some-college,,,Adm-clerical,Not-in-family,White,Female,0.0,,,United-States
24.0,Self-emp-not-inc,37440.0,Bachelors,,,Farming-fishing,Unmarried,White,Male,0.0,0.0,50.0,United-States
31.0,Private,395170.0,Assoc-voc,11.0,Married-civ-spouse,Other-service,Wife,Amer-Indian-Eskimo,Female,0.0,0.0,24.0,Mexico
,,32385.0,HS-grad,9.0,Divorced,,,White,Female,0.0,0.0,30.0,United-States
,Private,353213.0,,12.0,Separated,Craft-repair,Not-in-family,,Male,0.0,,,
19.0,Private,,Some-college,10.0,,Farming-fishing,Own-child,,Male,0.0,,66.0,
21.0,Private,177711.0,HS-grad,9.0,Never-married,Transport-moving,,,,0.0,0.0,40.0,United-States
21.0,Private,190761.0,10th,6.0,Married-civ-spouse,Farming-fishing,Husband,,Male,0.0,0.0,70.0,United-States
23.0,,27776.0,Some-college,10.0,,Transport-moving,Husband,White,,,,24.0,United-States
37.0,Federal-gov,,Some-college,,Never-married,Craft-repair,,,,0.0,0.0,40.0,
40.0,,71738.0,Masters,,,Exec-managerial,,White,Male,0.0,,46.0,United-States
,Private,74156.0,HS-grad,9.0,Married-civ-spouse,Other-service,Husband,White,,0.0,,30.0,United-States
48.0,Private,,Bachelors,13.0,,Prof-specialty,Husband,White,,0.0,1485.0,40.0,United-States
,Private,,11th,7.0,Married-civ-spouse,Transport-moving,Husband,,Male,0.0,,,
,Private,193494.0,Some-college,,Married-civ-spouse,Prof-specialty,Husband,White,Male,,0.0,40.0,United-States
,,169886.0,Bachelors,13.0,Never-married,,Not-in-family,White,,0.0,0.0,,noValueSetHere123156456
40.0,Private,130571.0,,9.0,Never-married,Other-service,Not-in-family,White,Female,0.0,0.0,40.0,
,,,Prof-school,15.0,,Prof-specialty,Husband,White,,,0.0,,
49.0,,,HS-grad,9.0,Divorced,,,White,Male,,0.0,40.0,United-States
45.0,Self-emp-not-inc,239093.0,,,,Exec-managerial,Husband,Amer-Indian-Eskimo,,3137.0,0.0,,United-States
62.0,,151369.0,HS-grad,9.0,,Craft-repair,Not-in-family,White,Male,0.0,,,
29.0,Private,,Assoc-voc,11.0,Married-civ-spouse,Adm-clerical,Husband,White,,0.0,0.0,40.0,United-States
49.0,Private,117095.0,HS-grad,9.0,,,Unmarried,White,Female,,0.0,40.0,United-States
55.0,,189985.0,Some-college,10.0,Divorced,,Unmarried,Black,,0.0,0.0,40.0,United-States
20.0,noValueSetHere123156456,34862.0,Some-college,10.0,Never-married,noValueSetHere123156456,Own-child,Amer-Indian-Eskimo,Male,0.0,0.0,72.0,
37.0,Self-emp-inc,,Bachelors,,Never-married,Exec-managerial,,,Male,,0.0,,
43.0,State-gov,199806.0,Bachelors,13.0,,Adm-clerical,Husband,White,Male,0.0,0.0,40.0,United-States
29.0,Private,,Some-college,10.0,Divorced,,Not-in-family,White,Female,0.0,0.0,,United-States
44.0,Private,103459.0,,9.0,Married-civ-spouse,Sales,Wife,,Female,0.0,0.0,40.0,United-States
28.0,Private,282398.0,,10.0,Separated,Tech-support,Unmarried,,Male,0.0,0.0,40.0,United-States
38.0,Private,298841.0,Some-college,,,Exec-managerial,,White,,,0.0,,United-States
45.0,Private,33300.0,Assoc-voc,11.0,Married-civ-spouse,Sales,Husband,White,Male,0.0,1977.0,50.0,United-States
22.0,noValueSetHere123156456,,Some-college,10.0,Never-married,noValueSetHere123156456,Own-child,,Male,0.0,0.0,40.0,United-States
,Private,306467.0,Some-college,10.0,,Other-service,Own-child,White,,0.0,0.0,,United-States
20.0,Private,189888.0,,8.0,Never-married,Other-service,Not-in-family,White,Male,0.0,0.0,40.0,
60.0,Private,83861.0,HS-grad,9.0,Married-civ-spouse,Handlers-cleaners,,White,Male,0.0,0.0,40.0,United-States
30.0,,117393.0,HS-grad,9.0,Never-married,Sales,Not-in-family,White,Female,,0.0,,United-States
,Private,,Some-college,10.0,Never-married,,Not-in-family,Asian-Pac-Islander,,0.0,0.0,,noValueSetHere123156456
51.0,,,,10.0,Divorced,,Not-in-family,White,Female,0.0,0.0,60.0,United-States
31.0,Private,375680.0,Bachelors,13.0,Never-married,Prof-specialty,,,Female,0.0,0.0,,noValueSetHere123156456
,Private,,HS-grad,,Divorced,Exec-managerial,,White,Female,0.0,0.0,,United-States
43.0,Private,293305.0,Bachelors,,,Sales,Husband,White,Male,0.0,,,United-States
,Local-gov,175750.0,HS-grad,9.0,,Transport-moving,Unmarried,Black,,0.0,0.0,40.0,United-States
41.0,Private,121718.0,,11.0,Married-civ-spouse,Tech-support,Husband,White,,0.0,1848.0,48.0,United-States
62.0,noValueSetHere123156456,94931.0,Assoc-voc,11.0,Married-civ-spouse,noValueSetHere123156456,Husband,White,Male,,0.0,40.0,United-States
50.0,,,HS-grad,9.0,,Craft-repair,Husband,,Male,,,40.0,United-States
46.0,,142828.0,HS-grad,9.0,Married-civ-spouse,Sales,,White,,0.0,0.0,40.0,United-States
54.0,Private,22743.0,Some-college,10.0,Married-civ-spouse,Transport-moving,Husband,,Male,15024.0,0.0,60.0,United-States
68.0,Private,76371.0,HS-grad,9.0,Married-civ-spouse,Handlers-cleaners,Husband,White,Male,0.0,,45.0,United-States
23.0,Self-emp-not-inc,216129.0,Assoc-acdm,12.0,,Craft-repair,,White,,,,30.0,
,Private,107425.0,Masters,14.0,Never-married,Sales,Not-in-family,White,Female,0.0,0.0,35.0,United-States
,Private,611029.0,,6.0,Married-civ-spouse,,Husband,White,Male,,0.0,40.0,United-States
30.0,Local-gov,363032.0,,9.0,Married-civ-spouse,Protective-serv,Husband,Black,Male,0.0,,40.0,
38.0,,,HS-grad,9.0,Married-civ-spouse,,Husband,White,,3137.0,0.0,45.0,United-States
,,137900.0,,,,Sales,,White,Female,,,,United-States
,Private,322674.0,Some-college,10.0,,Exec-managerial,Own-child,,Male,,,,
30.0,Private,23778.0,7th-8th,4.0,Separated,Handlers-cleaners,Not-in-family,,Male,0.0,,40.0,United-States
,Private,147845.0,,4.0,Married-civ-spouse,,Husband,White,Male,0.0,0.0,31.0,United-States
36.0,,175759.0,,9.0,,Exec-managerial,Unmarried,White,,0.0,0.0,40.0,United-States
51.0,Self-emp-inc,166459.0,,,,Exec-managerial,Husband,White,Male,0.0,0.0,40.0,United-States
43.0,Private,128212.0,5th-6th,3.0,Married-civ-spouse,,Wife,Asian-Pac-Islander,,0.0,0.0,40.0,Vietnam
54.0,,,Some-college,10.0,Married-civ-spouse,Protective-serv,Husband,White,Male,,0.0,48.0,United-States
63.0,,,HS-grad,9.0,Widowed,,Not-in-family,White,,0.0,0.0,,United-States
,Private,254230.0,,10.0,Married-civ-spouse,Exec-managerial,,White,Male,0.0,0.0,,
63.0,Self-emp-not-inc,159715.0,,6.0,Married-civ-spouse,Machine-op-inspct,Husband,,Male,0.0,0.0,40.0,United-States
51.0,,116286.0,Masters,,Married-civ-spouse,Prof-specialty,Husband,White,Male,0.0,0.0,60.0,United-States
27.0,,146719.0,HS-grad,,Divorced,Sales,,White,Female,0.0,0.0,35.0,United-States
35.0,Private,361888.0,Assoc-acdm,12.0,Married-civ-spouse,,,,Male,0.0,0.0,40.0,United-States
,,26553.0,Bachelors,13.0,,noValueSetHere123156456,Wife,White,,,0.0,25.0,
,Self-emp-not-inc,32825.0,HS-grad,9.0,Separated,,Unmarried,White,Male,0.0,0.0,,
,Private,,Assoc-voc,,Married-civ-spouse,,Husband,Black,Male,0.0,0.0,40.0,United-States
26.0,Federal-gov,393728.0,Some-college,10.0,Divorced,Adm-clerical,Own-child,,Male,0.0,0.0,24.0,
43.0,Private,160369.0,HS-grad,9.0,Never-married,,Own-child,White,Male,0.0,0.0,40.0,
39.0,Private,191807.0,HS-grad,9.0,,,Husband,White,Male,,0.0,,
50.0,Federal-gov,176969.0,HS-grad,9.0,Divorced,Prof-specialty,Not-in-family,White,Male,0.0,1590.0,,
54.0,Federal-gov,33863.0,HS-grad,9.0,Married-civ-spouse,Adm-clerical,Husband,White,Male,0.0,0.0,40.0,United-States
62.0,noValueSetHere123156456,182687.0,Some-college,10.0,Married-civ-spouse,,Wife,White,Female,,0.0,45.0,United-States
,State-gov,141459.0,,,Divorced,,Unmarried,White,Female,0.0,0.0,40.0,United-States
,noValueSetHere123156456,174233.0,Some-college,10.0,,noValueSetHere123156456,Own-child,Black,Male,0.0,0.0,24.0,United-States
,Local-gov,95393.0,HS-grad,,Never-married,,,,Male,0.0,0.0,20.0,United-States
20.0,,221095.0,HS-grad,9.0,Never-married,Craft-repair,Other-relative,,Male,0.0,0.0,40.0,United-States
,Private,,,13.0,Married-civ-spouse,,,White,Male,0.0,1902.0,55.0,United-States
18.0,noValueSetHere123156456,437851.0,Some-college,10.0,,noValueSetHere123156456,,White,Male,0.0,0.0,40.0,United-States
22.0,noValueSetHere123156456,,Some-college,10.0,Never-married,noValueSetHere123156456,,White,,0.0,0.0,40.0,United-States
23.0,Private,495888.0,HS-grad,9.0,Never-married,,Not-in-family,White,Male,0.0,,,El-Salvador
,Private,185691.0,11th,,Married-civ-spouse,Adm-clerical,Husband,White,Male,0.0,0.0,20.0,United-States
56.0,Private,201822.0,7th-8th,4.0,Married-civ-spouse,,,White,Male,0.0,2002.0,40.0,
53.0,,549341.0,Bachelors,13.0,Married-civ-spouse,,Husband,Black,Male,0.0,,35.0,United-States
,Private,247445.0,HS-grad,9.0,Never-married,Adm-clerical,Not-in-family,,Male,0.0,,40.0,
28.0,Private,199566.0,Bachelors,13.0,,Other-service,Husband,Black,,,,40.0,United-States
33.0,Self-emp-inc,139057.0,HS-grad,,Married-civ-spouse,Exec-managerial,Husband,Asian-Pac-Islander,Male,0.0,0.0,84.0,Taiwan
48.0,Private,185039.0,HS-grad,9.0,Divorced,Sales,Unmarried,White,Female,,0.0,,
61.0,Private,166124.0,HS-grad,,Married-civ-spouse,Craft-repair,,White,,0.0,0.0,,
49.0,Private,82649.0,Bachelors,13.0,,Prof-specialty,Husband,,Male,5013.0,,45.0,
48.0,,,Some-college,10.0,Married-civ-spouse,Exec-managerial,Husband,White,Male,0.0,0.0,40.0,United-States
32.0,Private,408328.0,,4.0,Married-civ-spouse,Craft-repair,Husband,,Male,0.0,,40.0,
51.0,Private,186338.0,HS-grad,,Married-civ-spouse,,Husband,,Male,0.0,,,United-States
27.0,noValueSetHere123156456,130856.0,,,Never-married,noValueSetHere123156456,,White,,0.0,0.0,40.0,United-States
19.0,,251579.0,Some-college,10.0,Never-married,Other-service,Own-child,,Male,,,14.0,United-States
47.0,Private,76612.0,,9.0,Married-civ-spouse,Prof-specialty,Husband,White,Male,0.0,0.0,,United-States
25.0,Private,22546.0,Bachelors,13.0,Never-married,Transport-moving,Own-child,White,Male,0.0,0.0,,United-States
72.0,Private,53684.0,Some-college,10.0,Married-civ-spouse,,Husband,Black,Male,0.0,0.0,40.0,
,Private,183627.0,11th,,,Craft-repair,,White,Male,,0.0,40.0,
22.0,Private,73203.0,HS-grad,,Never-married,Adm-clerical,Own-child,,,0.0,0.0,40.0,United-States
57.0,,108426.0,HS-grad,9.0,Married-civ-spouse,Other-service,Husband,Black,Male,0.0,0.0,,
50.0,,,,12.0,Married-civ-spouse,Adm-clerical,Husband,White,Male,,0.0,60.0,
45.0,Self-emp-inc,145697.0,Some-college,10.0,Married-civ-spouse,Sales,Husband,White,Male,0.0,0.0,30.0,
,Private,326156.0,Some-college,,Divorced,Prof-specialty,Not-in-family,White,Male,0.0,,40.0,United-States
53.0,Private,201127.0,Masters,14.0,Married-civ-spouse,Exec-managerial,,White,Male,0.0,0.0,48.0,United-States
36.0,Private,,HS-grad,9.0,,Handlers-cleaners,Husband,White,,,0.0,,United-States
46.0,Private,328216.0,,9.0,Married-civ-spouse,,Husband,White,Male,0.0,,40.0,United-States
20.0,Private,400443.0,HS-grad,,,Sales,Own-child,White,Female,0.0,0.0,,
75.0,Private,95985.0,5th-6th,3.0,Widowed,Other-service,Unmarried,Black,Male,0.0,0.0,10.0,United-States
32.0,,127651.0,HS-grad,9.0,Married-civ-spouse,Craft-repair,Husband,White,Male,,0.0,40.0,United-States
28.0,,,,9.0,Married-civ-spouse,Craft-repair,,White,Male,0.0,0.0,40.0,United-States
53.0,Private,103950.0,,,Divorced,,Not-in-family,White,Female,0.0,0.0,40.0,
17.0,,200199.0,11th,,Never-married,Sales,Own-child,White,,0.0,0.0,35.0,United-States
46.0,State-gov,295791.0,,11.0,Divorced,Adm-clerical,,,Female,0.0,0.0,,United-States
39.0,Private,191841.0,Assoc-acdm,12.0,,Prof-specialty,Not-in-family,White,Female,,0.0,30.0,
,,,Some-college,10.0,Divorced,,Unmarried,White,Male,0.0,,,United-States
36.0,,160728.0,,9.0,,Machine-op-inspct,Husband,White,,0.0,0.0,60.0,United-States
63.0,Local-gov,109849.0,Bachelors,13.0,Never-married,Prof-specialty,Not-in-family,Black,Female,0.0,0.0,21.0,
28.0,Private,339897.0,1st-4th,2.0,Married-civ-spouse,Machine-op-inspct,Husband,White,Male,,,43.0,
,,37215.0,,13.0,Never-married,noValueSetHere123156456,Own-child,White,Male,0.0,0.0,45.0,United-States
,,,HS-grad,9.0,,,,White,Female,0.0,0.0,,United-States
,Private,,Some-college,,,Machine-op-inspct,Husband,White,Male,0.0,0.0,40.0,Mexico
,,29702.0,,13.0,,Exec-managerial,,White,Male,0.0,0.0,,United-States
39.0,Private,117381.0,,9.0,,Tech-support,,White,Male,0.0,0.0,62.0,England
42.0,noValueSetHere123156456,,HS-grad,9.0,Divorced,noValueSetHere123156456,,Black,,0.0,,,United-States
,Private,338740.0,HS-grad,,Married-civ-spouse,Exec-managerial,Husband,White,Male,,0.0,40.0,United-States
45.0,noValueSetHere123156456,,HS-grad,9.0,Separated,,Unmarried,,Female,0.0,0.0,10.0,
,,315026.0,HS-grad,9.0,Divorced,noValueSetHere123156456,,White,Female,0.0,0.0,40.0,United-States
24.0,Federal-gov,314525.0,Bachelors,13.0,Never-married,Prof-specialty,Not-in-family,White,Male,0.0,1741.0,,United-States
30.0,,,Some-college,,Married-civ-spouse,,Husband,White,Male,0.0,,50.0,United-States
44.0,Private,286750.0,Some-college,10.0,Married-civ-spouse,Transport-moving,Husband,Black,,0.0,,40.0,United-States
40.0,Private,163985.0,HS-grad,9.0,Married-civ-spouse,Sales,Husband,White,Male,0.0,0.0,24.0,United-States
,,,HS-grad,9.0,Never-married,,,,Female,0.0,,,
42.0,Private,44121.0,Masters,14.0,Divorced,,Not-in-family,White,Female,0.0,1876.0,40.0,United-States
52.0,,103794.0,Assoc-voc,11.0,Divorced,Prof-specialty,Not-in-family,White,Female,,0.0,,
,Private,310632.0,Some-college,10.0,Married-civ-spouse,Craft-repair,Husband,Black,Male,0.0,,40.0,United-States
39.0,,,Some-college,,,Craft-repair,,,Male,,,52.0,
43.0,Private,174575.0,Some-college,10.0,Divorced,Prof-specialty,Unmarried,White,Male,,0.0,45.0,United-States
,Self-emp-not-inc,82388.0,HS-grad,9.0,Married-civ-spouse,Craft-repair,Husband,White,Male,,0.0,,United-States
30.0,Private,207253.0,Assoc-voc,11.0,Married-civ-spouse,Craft-repair,,White,,,0.0,,England
83.0,noValueSetHere123156456,251951.0,HS-grad,,Widowed,,,White,Female,0.0,0.0,20.0,United-States
39.0,,746786.0,Bachelors,13.0,Married-civ-spouse,Prof-specialty,,,Male,0.0,0.0,55.0,
,Private,308296.0,,9.0,,Transport-moving,Wife,White,Female,,,,United-States
49.0,,101825.0,Masters,14.0,,,Wife,White,Female,0.0,1977.0,,United-States
25.0,Private,109009.0,,7.0,Married-civ-spouse,Craft-repair,,White,Male,,0.0,40.0,United-States
,Private,413363.0,11th,7.0,Married-civ-spouse,Transport-moving,Husband,White,Male,,2002.0,40.0,United-States
59.0,noValueSetHere123156456,117751.0,Assoc-acdm,12.0,Divorced,noValueSetHere123156456,Not-in-family,White,Male,0.0,0.0,8.0,United-States
,State-gov,296326.0,,,Never-married,Adm-clerical,,White,Male,0.0,0.0,40.0,United-States
36.0,Private,,9th,,,Handlers-cleaners,Not-in-family,White,Male,,,,United-States
40.0,Private,120277.0,HS-grad,9.0,,,Own-child,,Male,,,,Ireland
21.0,,193219.0,HS-grad,9.0,Never-married,Adm-clerical,Own-child,Black,Female,0.0,0.0,35.0,Jamaica
41.0,Private,86399.0,Some-college,10.0,,Adm-clerical,Not-in-family,White,Female,0.0,0.0,38.0,United-States
,Private,215251.0,Bachelors,,Never-married,Exec-managerial,,White,,0.0,0.0,50.0,United-States
67.0,,124470.0,,9.0,,,Husband,White,Male,,,,United-States
24.0,Private,228649.0,Bachelors,13.0,Never-married,Adm-clerical,Own-child,,,0.0,0.0,38.0,United-States
50.0,Self-emp-not-inc,386397.0,Bachelors,13.0,Married-civ-spouse,Sales,Husband,White,,0.0,,60.0,
48.0,Private,,Masters,14.0,Divorced,Sales,Not-in-family,White,Male,,,35.0,United-States
55.0,noValueSetHere123156456,106707.0,Assoc-acdm,12.0,,,Husband,Black,Male,,0.0,20.0,United-States
29.0,Private,,HS-grad,9.0,Never-married,,Not-in-family,White,Male,,0.0,40.0,Ecuador
50.0,Private,139464.0,Bachelors,13.0,Divorced,Prof-specialty,Unmarried,,Female,0.0,0.0,36.0,
64.0,State-gov,,,6.0,Married-civ-spouse,Exec-managerial,,White,Male,,0.0,40.0,United-States
49.0,Private,,9th,5.0,Divorced,Other-service,Not-in-family,Black,,0.0,0.0,37.0,
20.0,Private,,HS-grad,9.0,,Other-service,,Black,,0.0,0.0,,United-States
30.0,Private,,HS-grad,9.0,Separated,Adm-clerical,Not-in-family,White,Female,,0.0,,
37.0,Private,80638.0,,13.0,Married-civ-spouse,Other-service,Husband,Asian-Pac-Islander,Male,0.0,0.0,,China
52.0,Private,192390.0,HS-grad,9.0,,Machine-op-inspct,Husband,,,0.0,,,United-States
22.0,Private,191324.0,Some-college,10.0,,Protective-serv,Own-child,White,Male,0.0,,,
77.0,noValueSetHere123156456,,HS-grad,9.0,Widowed,,Not-in-family,White,Female,0.0,0.0,14.0,United-States
19.0,State-gov,73009.0,,10.0,Never-married,Adm-clerical,Own-child,White,Male,0.0,0.0,,United-States
52.0,Private,177858.0,HS-grad,,Divorced,Craft-repair,Other-relative,White,Male,0.0,0.0,55.0,United-States
42.0,Private,,,,,Tech-support,Own-child,Asian-Pac-Islander,Female,0.0,0.0,40.0,United-States
35.0,Private,95551.0,,,Separated,,Not-in-family,White,,,0.0,36.0,
27.0,Private,125298.0,Some-college,10.0,Never-married,Adm-clerical,Unmarried,White,Female,0.0,0.0,50.0,
54.0,State-gov,198186.0,HS-grad,9.0,Never-married,Other-service,,Black,Female,0.0,0.0,38.0,United-States
37.0,Private,,,,Married-civ-spouse,Craft-repair,Husband,White,Male,0.0,,40.0,
,,182668.0,10th,6.0,Married-civ-spouse,,,,Male,0.0,0.0,35.0,United-States
,Private,124905.0,,4.0,Married-civ-spouse,Craft-repair,Husband,,Male,0.0,0.0,30.0,United-States
63.0,Private,171635.0,Bachelors,13.0,Married-civ-spouse,Sales,,White,,0.0,,,
19.0,Private,376240.0,HS-grad,9.0,Never-married,Machine-op-inspct,Own-child,White,Male,0.0,0.0,,United-States
28.0,,157391.0,,,Never-married,,,,Female,0.0,0.0,,United-States
23.0,noValueSetHere123156456,,,,Never-married,noValueSetHere123156456,Not-in-family,White,,0.0,0.0,40.0,United-States
,,178134.0,Prof-school,,Never-married,Prof-specialty,Not-in-family,White,Female,0.0,,40.0,United-States
,Private,,Some-college,10.0,,Craft-repair,Husband,White,Male,,0.0,40.0,United-States
,Private,124483.0,Bachelors,,Never-married,,Not-in-family,Asian-Pac-Islander,Male,,,50.0,noValueSetHere123156456
64.0,Private,102103.0,HS-grad,9.0,Divorced,Priv-house-serv,Not-in-family,,,0.0,0.0,50.0,United-States
40.0,Private,92036.0,HS-grad,,Married-civ-spouse,Handlers-cleaners,Husband,White,,,0.0,,United-States
59.0,Local-gov,236426.0,Assoc-acdm,12.0,,Prof-specialty,Not-in-family,White,Female,0.0,,50.0,United-States
22.0,Private,400966.0,,,,Adm-clerical,Own-child,White,Female,0.0,0.0,40.0,
,,,,10.0,Never-married,,Not-in-family,White,Female,0.0,,44.0,
,,227571.0,7th-8th,,Married-civ-spouse,Handlers-cleaners,,White,Male,0.0,0.0,40.0,Mexico
,,,Some-college,10.0,Never-married,Adm-clerical,Own-child,White,Female,,,15.0,
,Local-gov,190226.0,,9.0,,Protective-serv,,White,Male,,0.0,,
28.0,Private,356555.0,,10.0,,,Husband,White,Male,0.0,,48.0,United-States
28.0,Private,66473.0,HS-grad,9.0,Divorced,Machine-op-inspct,Own-child,White,Male,,,40.0,United-States
37.0,noValueSetHere123156456,172256.0,Some-college,10.0,Married-civ-spouse,noValueSetHere123156456,Husband,,,0.0,0.0,20.0,
72.0,noValueSetHere123156456,118902.0,Doctorate,16.0,,noValueSetHere123156456,Husband,White,,0.0,,,United-States
25.0,,163039.0,Assoc-acdm,12.0,Never-married,Sales,Not-in-family,,Male,0.0,,,United-States
37.0,Private,89559.0,HS-grad,9.0,,Adm-clerical,Unmarried,White,Female,0.0,0.0,40.0,United-States
19.0,noValueSetHere123156456,35507.0,,10.0,Never-married,noValueSetHere123156456,Own-child,White,Female,0.0,0.0,45.0,United-States
,Private,,Assoc-voc,11.0,,Sales,Own-child,,,0.0,,,United-States
41.0,,,HS-grad,9.0,,,Other-relative,White,Female,0.0,,,United-States
31.0,Private,381153.0,10th,,Married-civ-spouse,Tech-support,Husband,White,,0.0,0.0,,United-States
44.0,,222434.0,HS-grad,9.0,,Craft-repair,Husband,,Male,0.0,0.0,40.0,United-States
,Private,34706.0,Some-college,10.0,,Exec-managerial,Not-in-family,Black,Male,0.0,,47.0,United-States
57.0,Self-emp-not-inc,47857.0,Some-college,10.0,Married-civ-spouse,Farming-fishing,Husband,,Male,,0.0,,United-States
26.0,Private,,HS-grad,9.0,Divorced,Other-service,Not-in-family,White,,0.0,0.0,12.0,United-States
44.0,Self-emp-inc,,HS-grad,,,,,,,5013.0,0.0,,
29.0,Local-gov,329426.0,HS-grad,9.0,Never-married,Protective-serv,Not-in-family,,,0.0,0.0,40.0,United-States
36.0,Private,,HS-grad,9.0,,Prof-specialty,Husband,,Male,0.0,1977.0,,
40.0,Private,184105.0,Assoc-voc,11.0,Married-civ-spouse,Craft-repair,Husband,White,,0.0,0.0,40.0,United-States
21.0,Private,211385.0,Assoc-acdm,12.0,,Other-service,Not-in-family,Black,Male,0.0,0.0,35.0,Jamaica
21.0,Private,,Some-college,10.0,Never-married,Craft-repair,,,Male,0.0,,70.0,
34.0,,,Prof-school,,Separated,Prof-specialty,Unmarried,White,Male,0.0,0.0,48.0,
,,199444.0,Bachelors,13.0,,,,,Female,0.0,0.0,15.0,United-States
28.0,Private,312588.0,10th,6.0,Divorced,Other-service,Not-in-family,White,Female,0.0,0.0,40.0,United-States
35.0,Private,168675.0,HS-grad,,Separated,,Own-child,White,Male,0.0,0.0,50.0,
35.0,Private,87556.0,HS-grad,9.0,Divorced,Craft-repair,,,Male,0.0,0.0,40.0,United-States
38.0,State-gov,,Bachelors,13.0,,Exec-managerial,Not-in-family,,Female,0.0,,40.0,United-States
44.0,Federal-gov,404599.0,HS-grad,9.0,Divorced,Adm-clerical,Unmarried,Black,,0.0,0.0,40.0,United-States
39.0,Private,99065.0,Bachelors,13.0,Married-civ-spouse,,,White,,0.0,0.0,40.0,Poland
,Local-gov,109973.0,HS-grad,9.0,Divorced,,,,Female,0.0,0.0,40.0,United-States
19.0,Private,246652.0,Some-college,10.0,Never-married,Sales,Own-child,White,,,0.0,40.0,United-States
29.0,Private,,,11.0,Married-civ-spouse,Machine-op-inspct,,,Male,0.0,0.0,48.0,United-States
23.0,Private,291248.0,HS-grad,,Never-married,Machine-op-inspct,,Black,Male,0.0,0.0,40.0,United-States
50.0,Private,163708.0,HS-grad,9.0,Widowed,Other-service,,White,Female,0.0,0.0,40.0,United-States
51.0,,240358.0,Some-college,10.0,Married-civ-spouse,,,White,,0.0,0.0,20.0,United-States
28.0,,25955.0,Assoc-voc,,,Craft-repair,Not-in-family,Amer-Indian-Eskimo,Male,0.0,,,
44.0,Private,101593.0,,13.0,Married-civ-spouse,,Husband,White,Male,0.0,,,United-States
29.0,Self-emp-not-inc,227890.0,,13.0,Never-married,Prof-specialty,Not-in-family,Black,Male,0.0,0.0,40.0,
31.0,Private,225053.0,HS-grad,9.0,Divorced,Transport-moving,Not-in-family,White,Male,0.0,0.0,,United-States
27.0,Private,228472.0,,13.0,Married-civ-spouse,Craft-repair,Husband,White,Male,,0.0,45.0,United-States
34.0,,245378.0,Bachelors,13.0,Married-civ-spouse,Exec-managerial,Husband,,Male,0.0,,,
50.0,Self-emp-inc,156623.0,Prof-school,15.0,,Prof-specialty,Husband,Asian-Pac-Islander,,7688.0,0.0,50.0,Philippines
27.0,Private,,,10.0,,,Husband,White,,,0.0,,
,,258849.0,,11.0,Never-married,,,Black,Female,0.0,0.0,40.0,United-States
46.0,Private,190115.0,Assoc-acdm,,Married-civ-spouse,Craft-repair,Husband,White,Male,0.0,0.0,40.0,United-States
39.0,Private,63910.0,Some-college,,,Adm-clerical,Own-child,Asian-Pac-Islander,,0.0,0.0,40.0,
,,510072.0,,13.0,Married-civ-spouse,Sales,,White,Male,0.0,0.0,55.0,United-States
28.0,Private,210867.0,11th,7.0,Divorced,,Own-child,White,Male,0.0,0.0,40.0,United-States
18.0,Private,263024.0,,,Never-married,,Own-child,,Female,0.0,0.0,40.0,United-States
51.0,Private,306785.0,,9.0,Divorced,,Not-in-family,White,Female,0.0,0.0,40.0,United-States
58.0,Self-emp-inc,104333.0,HS-grad,9.0,Divorced,Sales,,White,,,0.0,,United-States
66.0,,,HS-grad,9.0,,,Husband,White,Male,0.0,0.0,,United-States
36.0,Self-emp-not-inc,,HS-grad,9.0,Married-civ-spouse,Other-service,,Asian-Pac-Islander,Female,0.0,,20.0,South
,Private,241765.0,11th,,Divorced,Handlers-cleaners,Not-in-family,White,Female,,0.0,60.0,United-States
,Private,111058.0,Assoc-acdm,12.0,Never-married,Exec-managerial,Own-child,White,Male,0.0,0.0,40.0,United-States
25.0,Private,104662.0,HS-grad,9.0,Never-married,Other-service,Unmarried,,Female,0.0,0.0,22.0,United-States
90.0,Private,313986.0,11th,7.0,Never-married,Handlers-cleaners,Own-child,White,Male,0.0,0.0,40.0,United-States
41.0,Local-gov,52037.0,,10.0,Divorced,Adm-clerical,,,,0.0,0.0,40.0,United-States
34.0,noValueSetHere123156456,146589.0,HS-grad,9.0,Never-married,noValueSetHere123156456,Unmarried,Black,Female,0.0,0.0,40.0,United-States
33.0,,,Bachelors,,Divorced,Prof-specialty,,White,,914.0,0.0,40.0,
33.0,Private,254221.0,HS-grad,,,Adm-clerical,,White,Female,0.0,0.0,,United-States
35.0,,152909.0,,13.0,Married-civ-spouse,Exec-managerial,Husband,White,,0.0,,45.0,United-States
39.0,Self-emp-not-inc,211785.0,HS-grad,9.0,Never-married,Craft-repair,Own-child,Black,Female,0.0,0.0,,United-States
59.0,Private,160362.0,HS-grad,9.0,Married-civ-spouse,Sales,Husband,White,Male,0.0,0.0,60.0,United-States
19.0,Private,387215.0,Some-college,,Never-married,Tech-support,Own-child,White,,0.0,1719.0,,United-States
39.0,Private,187046.0,HS-grad,9.0,Married-civ-spouse,Sales,Husband,White,Male,4064.0,0.0,38.0,United-States
19.0,noValueSetHere123156456,208874.0,,10.0,Never-married,noValueSetHere123156456,Own-child,White,Male,0.0,0.0,40.0,
27.0,Private,169631.0,,,Never-married,Handlers-cleaners,Own-child,,Female,0.0,0.0,40.0,United-States
52.0,,202956.0,7th-8th,4.0,Married-civ-spouse,Craft-repair,,White,Male,0.0,0.0,40.0,United-States
59.0,,,HS-grad,9.0,Divorced,Other-service,,White,Female,0.0,,24.0,United-States
28.0,,407672.0,Some-college,10.0,,Craft-repair,Unmarried,White,,0.0,0.0,40.0,United-States
37.0,Private,243425.0,HS-grad,,Divorced,Other-service,Other-relative,White,Female,,0.0,50.0,Peru
50.0,,174964.0,10th,6.0,Married-civ-spouse,noValueSetHere123156456,Husband,White,Male,0.0,,99.0,
,Private,347491.0,Bachelors,13.0,Married-civ-spouse,Exec-managerial,Husband,,Male,,,,United-States
34.0,Private,146161.0,Bachelors,13.0,Married-civ-spouse,,Husband,,Male,0.0,0.0,60.0,United-States
23.0,,,Some-college,,Never-married,Adm-clerical,Own-child,,,0.0,0.0,,United-States
19.0,noValueSetHere123156456,175499.0,11th,7.0,Never-married,,Own-child,White,Female,0.0,,30.0,United-States
33.0,Private,,,9.0,Divorced,,Not-in-family,White,Male,,2258.0,,United-States
27.0,Local-gov,134813.0,Masters,,Never-married,Prof-specialty,Own-child,White,Male,,0.0,52.0,United-States
,Local-gov,190401.0,Masters,14.0,Married-civ-spouse,Prof-specialty,Husband,White,,0.0,0.0,40.0,
21.0,,260617.0,10th,,Married-civ-spouse,Machine-op-inspct,Husband,White,Male,,0.0,36.0,United-States
31.0,Private,45604.0,HS-grad,9.0,,Exec-managerial,Husband,,,0.0,0.0,54.0,United-States
59.0,Private,67841.0,HS-grad,9.0,,Handlers-cleaners,Husband,,Male,0.0,0.0,40.0,United-States
40.0,,244522.0,Masters,14.0,Married-civ-spouse,,Husband,White,Male,0.0,1902.0,48.0,United-States
19.0,Private,,11th,7.0,,,Own-child,White,Male,0.0,,40.0,United-States
47.0,,194698.0,HS-grad,9.0,Married-civ-spouse,Transport-moving,Husband,White,Male,0.0,,,United-States
34.0,,94235.0,,,Never-married,Craft-repair,Unmarried,White,Male,0.0,0.0,40.0,United-States
57.0,Private,188330.0,HS-grad,9.0,,,Husband,White,Male,0.0,0.0,,United-States
,Local-gov,,9th,5.0,Married-civ-spouse,Transport-moving,,Black,Male,0.0,0.0,,
21.0,,177125.0,,,Never-married,Handlers-cleaners,Not-in-family,,Male,0.0,,20.0,United-States
,Self-emp-inc,68330.0,Some-college,10.0,Married-civ-spouse,,Husband,,Male,0.0,0.0,50.0,United-States
46.0,Private,95636.0,Some-college,10.0,Divorced,Handlers-cleaners,,White,Male,,0.0,45.0,United-States
40.0,Private,,Bachelors,13.0,Never-married,Sales,Not-in-family,White,Female,,0.0,45.0,United-States
52.0,,416129.0,Preschool,1.0,Married-civ-spouse,Other-service,Not-in-family,White,Male,0.0,0.0,40.0,
23.0,Private,285004.0,Bachelors,13.0,,Sales,Not-in-family,,,0.0,0.0,,Taiwan
90.0,,256514.0,Bachelors,,Widowed,noValueSetHere123156456,,White,Female,,0.0,10.0,United-States
25.0,Private,,HS-grad,,,Adm-clerical,Not-in-family,White,Female,,0.0,,United-States
43.0,Private,,Some-college,10.0,,Transport-moving,Not-in-family,,Male,0.0,0.0,45.0,United-States
,State-gov,31352.0,Some-college,,Divorced,,Unmarried,Amer-Indian-Eskimo,Female,0.0,0.0,40.0,
22.0,,197613.0,,11.0,Never-married,Other-service,Not-in-family,White,Female,0.0,0.0,30.0,United-States
,Local-gov,161942.0,,13.0,Never-married,Adm-clerical,,White,Female,1055.0,0.0,40.0,United-States
,Private,275438.0,Some-college,10.0,Married-civ-spouse,Prof-specialty,,White,,5178.0,0.0,40.0,United-States
65.0,Private,,,11.0,Married-civ-spouse,Transport-moving,Husband,White,Male,0.0,0.0,20.0,United-States
50.0,Private,144968.0,HS-grad,,Never-married,Tech-support,Own-child,White,Male,0.0,0.0,15.0,United-States
29.0,,,Bachelors,13.0,Never-married,,Not-in-family,White,Male,,0.0,,
25.0,Private,178037.0,HS-grad,9.0,Married-civ-spouse,Transport-moving,Husband,White,Male,,0.0,,United-States
,Private,306985.0,Some-college,,,Adm-clerical,Not-in-family,White,Female,0.0,0.0,,United-States
,Private,,HS-grad,9.0,Married-civ-spouse,,Husband,White,Male,0.0,0.0,40.0,United-States
,Private,242619.0,,10.0,,,Husband,White,Male,0.0,0.0,,
,,154165.0,9th,,Divorced,,Own-child,White,Female,0.0,0.0,40.0,
,Private,511331.0,Bachelors,13.0,Never-married,Sales,Not-in-family,White,Male,0.0,0.0,38.0,United-States
65.0,,,HS-grad,9.0,Married-civ-spouse,Transport-moving,,White,,0.0,0.0,,United-States
56.0,,222182.0,HS-grad,9.0,Married-civ-spouse,,Husband,Black,Male,0.0,0.0,,United-States
39.0,Self-emp-not-inc,126569.0,Prof-school,15.0,Married-civ-spouse,Prof-specialty,,,Male,15024.0,0.0,60.0,
,Private,202344.0,Bachelors,13.0,Never-married,,,White,Female,0.0,0.0,,
,Private,,Some-college,10.0,Never-married,Other-service,,White,,0.0,0.0,20.0,United-States
,,238917.0,5th-6th,3.0,Never-married,Craft-repair,Unmarried,,,0.0,0.0,40.0,
,Private,221947.0,Some-college,10.0,,,Husband,White,,0.0,1887.0,,
,Self-emp-inc,37997.0,Some-college,10.0,,Farming-fishing,Husband,,Male,0.0,0.0,50.0,United-States
,Private,147098.0,,9.0,Married-civ-spouse,Craft-repair,Husband,White,,0.0,0.0,,United-States
38.0,Private,278253.0,HS-grad,,,Adm-clerical,,White,Female,0.0,0.0,48.0,United-States
,Private,195411.0,,9.0,,,Unmarried,,Female,0.0,0.0,,
44.0,Private,76196.0,Bachelors,13.0,,Exec-managerial,Husband,,,0.0,0.0,50.0,United-States
45.0,,120131.0,,10.0,,Craft-repair,Husband,White,Male,,1887.0,40.0,United-States
,Self-emp-not-inc,186014.0,,10.0,,Adm-clerical,Own-child,White,Female,0.0,0.0,12.0,Germany
29.0,Private,205903.0,HS-grad,9.0,,Other-service,Own-child,White,Male,0.0,0.0,40.0,United-States
43.0,State-gov,125405.0,,,Married-civ-spouse,Protective-serv,Husband,White,,0.0,,40.0,United-States
30.0,Private,219838.0,12th,8.0,Divorced,Machine-op-inspct,Not-in-family,White,Male,0.0,0.0,,United-States
28.0,State-gov,19395.0,Some-college,,Never-married,,Not-in-family,White,Female,,0.0,38.0,United-States
31.0,Private,223327.0,HS-grad,9.0,Married-civ-spouse,,Husband,White,Male,0.0,0.0,40.0,United-States
,Private,,HS-grad,9.0,,,Unmarried,White,Female,,0.0,40.0,United-States
36.0,Private,95654.0,Bachelors,13.0,,,Wife,White,Female,0.0,0.0,50.0,Iran
38.0,Private,177305.0,HS-grad,,Married-civ-spouse,Craft-repair,Husband,White,,0.0,,45.0,
66.0,noValueSetHere123156456,299616.0,Some-college,10.0,Married-civ-spouse,noValueSetHere123156456,Husband,White,Male,0.0,,,United-States
63.0,Self-emp-not-inc,117681.0,,,Married-civ-spouse,Farming-fishing,Husband,,,0.0,,40.0,
21.0,Private,,,10.0,Never-married,Other-service,,White,Male,,,,United-States
,,150570.0,,9.0,Divorced,Adm-clerical,Not-in-family,White,Male,,,40.0,United-States
,,106705.0,Some-college,10.0,,Prof-specialty,Unmarried,,Female,,0.0,,United-States
20.0,noValueSetHere123156456,174714.0,,,,,Own-child,White,,0.0,0.0,20.0,
47.0,Self-emp-inc,175958.0,Bachelors,13.0,Never-married,,,,Male,3325.0,,60.0,United-States
33.0,Private,144064.0,,16.0,Married-civ-spouse,Prof-specialty,Husband,,Male,,0.0,55.0,
,,107112.0,7th-8th,4.0,Never-married,noValueSetHere123156456,Other-relative,,Male,0.0,,30.0,United-States
,Private,,,,Never-married,Adm-clerical,Own-child,,Female,0.0,0.0,30.0,
28.0,Private,152951.0,HS-grad,9.0,Divorced,Handlers-cleaners,Not-in-family,White,Male,0.0,0.0,40.0,United-States
46.0,Private,190487.0,HS-grad,9.0,Divorced,Priv-house-serv,,White,Female,0.0,0.0,28.0,Ecuador
25.0,Private,306666.0,Some-college,10.0,Married-civ-spouse,,,,,0.0,0.0,45.0,United-States
,Private,195148.0,,9.0,Married-civ-spouse,Craft-repair,Own-child,White,Male,3137.0,0.0,40.0,United-States
31.0,Self-emp-not-inc,226624.0,9th,5.0,Married-civ-spouse,,Husband,White,,0.0,0.0,60.0,
,Private,157569.0,,9.0,Married-civ-spouse,Craft-repair,Husband,White,Male,0.0,0.0,,United-States
22.0,,22966.0,Some-college,10.0,,Tech-support,Unmarried,White,Male,0.0,,20.0,United-States
52.0,Private,379682.0,,,Married-civ-spouse,Other-service,Wife,White,Female,,0.0,20.0,United-States
29.0,,446559.0,,12.0,Married-civ-spouse,,,White,Female,0.0,0.0,50.0,United-States
18.0,Private,,11th,7.0,Never-married,,Own-child,,Female,,0.0,20.0,United-States
31.0,,,,10.0,,Exec-managerial,,White,Male,0.0,0.0,,United-States
23.0,Private,125491.0,Some-college,,Never-married,Other-service,Not-in-family,Asian-Pac-Islander,Female,0.0,0.0,35.0,Vietnam
27.0,noValueSetHere123156456,,Assoc-voc,11.0,,noValueSetHere123156456,Wife,,,,0.0,40.0,United-States
,Self-emp-not-inc,104748.0,,,Married-civ-spouse,Sales,Husband,White,Male,,0.0,65.0,United-States
50.0,Local-gov,169182.0,HS-grad,9.0,Divorced,Other-service,Unmarried,White,Female,0.0,0.0,49.0,
46.0,,324655.0,Masters,14.0,Married-civ-spouse,Tech-support,Husband,,,0.0,1902.0,40.0,
24.0,Private,122272.0,Bachelors,13.0,,Farming-fishing,Own-child,White,Female,0.0,0.0,40.0,United-States
17.0,noValueSetHere123156456,114798.0,11th,7.0,Never-married,noValueSetHere123156456,Own-child,,Female,0.0,0.0,,United-States
49.0,,289707.0,HS-grad,,Separated,Other-service,Not-in-family,White,Male,0.0,,45.0,United-States
,,137691.0,HS-grad,9.0,Married-civ-spouse,Craft-repair,Husband,White,Male,,0.0,40.0,United-States
41.0,Private,,,13.0,,Exec-managerial,,,Male,,1902.0,,United-States
,Private,,HS-grad,9.0,Married-civ-spouse,Adm-clerical,Husband,White,Male,0.0,,40.0,United-States
36.0,Local-gov,348728.0,Bachelors,13.0,Never-married,Prof-specialty,,White,Female,0.0,,,
23.0,Private,,HS-grad,9.0,Never-married,Transport-moving,,Black,Male,,0.0,,
63.0,Private,154526.0,Some-college,,Widowed,Other-service,Not-in-family,,Female,0.0,,40.0,
67.0,,,,9.0,Married-civ-spouse,,Husband,White,,0.0,0.0,40.0,Canada
23.0,,,HS-grad,9.0,Never-married,Craft-repair,Not-in-family,White,Male,0.0,0.0,40.0,United-States
,,244366.0,Bachelors,13.0,Never-married,,,White,Male,0.0,,40.0,United-States
,Private,,,11.0,Married-civ-spouse,Adm-clerical,Husband,,Male,0.0,,30.0,United-States
25.0,Private,259688.0,11th,7.0,,Craft-repair,Husband,White,Male,0.0,0.0,50.0,United-States
30.0,Private,98733.0,Some-college,10.0,,,Unmarried,,Female,0.0,0.0,,United-States
35.0,Private,174856.0,HS-grad,9.0,Married-civ-spouse,Transport-moving,Husband,,Male,2885.0,0.0,,United-States
67.0,Self-emp-not-inc,,7th-8th,4.0,Married-civ-spouse,Exec-managerial,Husband,White,Male,0.0,0.0,40.0,United-States
30.0,Private,327202.0,,8.0,Never-married,Craft-repair,Not-in-family,,Male,0.0,0.0,,United-States
26.0,,76996.0,Some-college,,,,,Black,Female,0.0,0.0,38.0,
34.0,Private,260560.0,,9.0,,,Husband,,Male,0.0,,,United-States
,Private,370990.0,Some-college,10.0,Never-married,,,White,Male,0.0,0.0,,United-States
18.0,Private,129010.0,12th,8.0,Never-married,Craft-repair,Own-child,White,Male,0.0,,10.0,United-States
21.0,Private,452640.0,HS-grad,9.0,,Craft-repair,Not-in-family,White,Male,0.0,0.0,40.0,United-States
76.0,Self-emp-inc,120796.0,9th,5.0,Married-civ-spouse,Prof-specialty,Husband,White,Male,0.0,0.0,40.0,United-States
,Federal-gov,,Some-college,10.0,,Protective-serv,Husband,,Male,0.0,0.0,70.0,
26.0,Private,229523.0,HS-grad,9.0,Married-civ-spouse,,Wife,White,Female,,0.0,56.0,United-States
18.0,Private,127388.0,12th,8.0,,Other-service,Not-in-family,White,,0.0,0.0,25.0,
18.0,noValueSetHere123156456,,,7.0,Never-married,noValueSetHere123156456,,White,Male,0.0,0.0,40.0,United-States
,Private,119422.0,Assoc-voc,11.0,,Machine-op-inspct,Husband,White,,0.0,1672.0,,United-States
59.0,,193895.0,,9.0,,Exec-managerial,Not-in-family,White,Female,0.0,,,United-States
,Private,163083.0,Bachelors,13.0,Separated,Exec-managerial,Not-in-family,White,,14084.0,,45.0,United-States
33.0,Self-emp-not-inc,155343.0,Some-college,10.0,Never-married,,,,Male,0.0,0.0,72.0,United-States
25.0,Private,73895.0,HS-grad,9.0,Never-married,Other-service,,White,,,0.0,10.0,United-States
48.0,,,HS-grad,9.0,Widowed,Machine-op-inspct,Not-in-family,White,,0.0,0.0,10.0,United-States
64.0,Private,,Bachelors,,Divorced,,Not-in-family,,,0.0,0.0,5.0,United-States
47.0,Local-gov,154940.0,Masters,14.0,Never-married,,Not-in-family,,Female,,0.0,45.0,United-States
26.0,Private,,,,Never-married,Tech-support,Own-child,White,Female,0.0,0.0,40.0,United-States
36.0,Private,,Assoc-acdm,,Married-civ-spouse,Prof-specialty,Husband,White,Male,0.0,,48.0,United-States
,Private,243842.0,HS-grad,,Married-civ-spouse,Farming-fishing,Husband,White,Male,0.0,0.0,40.0,United-States
54.0,noValueSetHere123156456,,7th-8th,4.0,,noValueSetHere123156456,Not-in-family,White,Female,0.0,0.0,,United-States
,,,HS-grad,,,,Own-child,White,Male,0.0,0.0,44.0,United-States
,Self-emp-not-inc,190290.0,,9.0,Divorced,,Not-in-family,White,Male,,0.0,,United-States
53.0,noValueSetHere123156456,158352.0,,14.0,Never-married,noValueSetHere123156456,,White,Female,,0.0,35.0,United-States
,Private,,Some-college,10.0,Never-married,Sales,Other-relative,Black,Male,,,,United-States
,,307149.0,Some-college,10.0,Never-married,noValueSetHere123156456,Own-child,White,Female,0.0,,35.0,
,Private,280134.0,10th,,Never-married,Sales,Not-in-family,White,Male,0.0,0.0,49.0,
26.0,Private,118736.0,Bachelors,13.0,Never-married,Prof-specialty,Not-in-family,,Female,0.0,,20.0,United-States
25.0,Private,,HS-grad,9.0,Never-married,Adm-clerical,Not-in-family,White,Female,,,48.0,
35.0,Private,169638.0,,10.0,Divorced,Sales,,White,Female,,0.0,36.0,United-States
41.0,,125461.0,Some-college,10.0,Divorced,,,,,0.0,,,
33.0,Private,,,7.0,Never-married,Craft-repair,,,Male,0.0,,40.0,United-States
,Private,,Some-college,,Never-married,Other-service,,White,Female,,0.0,25.0,United-States
27.0,,233724.0,,,,Adm-clerical,,,Male,0.0,,38.0,United-States
32.0,Private,,HS-grad,9.0,Divorced,,Unmarried,,,0.0,0.0,,United-States
,,88120.0,,9.0,,Other-service,Not-in-family,Black,Male,0.0,0.0,40.0,United-States
38.0,,,Assoc-voc,11.0,Divorced,,Unmarried,,,0.0,0.0,40.0,
,Local-gov,66118.0,Some-college,10.0,Married-civ-spouse,,,White,Female,0.0,0.0,,
26.0,Private,,,10.0,,Craft-repair,Husband,,Male,2829.0,,40.0,United-States
,,53628.0,Assoc-voc,11.0,Divorced,Exec-managerial,,,Male,0.0,,35.0,United-States
54.0,Private,174865.0,9th,5.0,Married-civ-spouse,,Husband,White,,,0.0,45.0,
30.0,,66194.0,Bachelors,13.0,Never-married,Prof-specialty,Not-in-family,White,Female,0.0,0.0,60.0,Outlying-US(Guam-USVI-etc)
31.0,Private,73796.0,Some-college,10.0,Widowed,,Unmarried,White,Female,0.0,0.0,30.0,
,State-gov,,,13.0,,Prof-specialty,,,Male,0.0,,40.0,United-States
75.0,Self-emp-not-inc,231741.0,Doctorate,16.0,,Prof-specialty,Husband,White,Male,4931.0,,,
29.0,Private,237865.0,,,Never-married,Transport-moving,Own-child,Black,Male,0.0,,40.0,United-States
61.0,,195453.0,HS-grad,9.0,Married-civ-spouse,Exec-managerial,Husband,White,Male,,0.0,,United-States
24.0,Private,116934.0,,10.0,,Sales,Unmarried,White,,0.0,0.0,45.0,
22.0,,87867.0,12th,,Never-married,,Not-in-family,,Male,0.0,,,United-States
34.0,,456399.0,Assoc-acdm,12.0,Never-married,,Not-in-family,White,Male,0.0,,,United-States
42.0,Private,263608.0,Some-college,10.0,Divorced,,Own-child,White,,0.0,,40.0,United-States
24.0,Private,263498.0,11th,7.0,Never-married,Craft-repair,Not-in-family,White,Male,0.0,0.0,40.0,United-States
,Self-emp-not-inc,,Assoc-acdm,12.0,Married-civ-spouse,,,White,Male,0.0,0.0,40.0,noValueSetHere123156456
,Federal-gov,469705.0,,9.0,Never-married,,Not-in-family,,Male,0.0,1980.0,40.0,United-States
39.0,Local-gov,113253.0,,13.0,Married-civ-spouse,Prof-specialty,Wife,,,0.0,,50.0,
20.0,Private,138768.0,HS-grad,9.0,,,Own-child,White,Male,0.0,0.0,,
51.0,Private,302146.0,11th,7.0,Never-married,Other-service,Not-in-family,Black,Female,,0.0,,United-States
68.0,Private,,Bachelors,13.0,Married-civ-spouse,Sales,Husband,White,Male,0.0,,30.0,United-States
,Federal-gov,214858.0,HS-grad,9.0,Never-married,Machine-op-inspct,Own-child,White,Male,0.0,,48.0,United-States
43.0,Private,,HS-grad,9.0,Divorced,Tech-support,Not-in-family,White,Female,,,40.0,United-States
,,169104.0,Some-college,10.0,Married-spouse-absent,,Not-in-family,,Male,0.0,0.0,40.0,United-States
44.0,Private,103218.0,HS-grad,9.0,Divorced,Adm-clerical,,,Female,0.0,0.0,40.0,United-States
,Private,57233.0,Bachelors,,Never-married,,,White,,0.0,,40.0,United-States
44.0,Private,228320.0,HS-grad,,Married-civ-spouse,Tech-support,Husband,White,Male,0.0,,45.0,
20.0,,217421.0,,9.0,,Adm-clerical,Other-relative,,Female,0.0,0.0,40.0,United-States
,Private,,HS-grad,,,,Husband,White,Male,,0.0,75.0,United-States
27.0,Self-emp-not-inc,37302.0,Assoc-acdm,,,,Husband,White,Male,,0.0,70.0,
32.0,Private,,Some-college,,Never-married,Other-service,Not-in-family,White,Male,,0.0,50.0,United-States
46.0,Private,59767.0,Some-college,10.0,Divorced,Sales,,White,Male,0.0,0.0,50.0,United-States
26.0,Private,333541.0,,9.0,Never-married,Other-service,Not-in-family,,,0.0,0.0,24.0,United-States
20.0,Private,133352.0,Some-college,10.0,Never-married,Adm-clerical,,Asian-Pac-Islander,Female,0.0,0.0,40.0,Vietnam
,,99270.0,HS-grad,9.0,Married-civ-spouse,Farming-fishing,Wife,White,Female,0.0,0.0,40.0,United-States
49.0,,204629.0,Bachelors,13.0,Married-civ-spouse,Exec-managerial,Husband,White,Male,,0.0,40.0,United-States
32.0,,,,9.0,Married-civ-spouse,Exec-managerial,Husband,White,Male,3103.0,0.0,55.0,
,Private,,Bachelors,,Married-civ-spouse,Prof-specialty,,White,Male,15024.0,0.0,50.0,
49.0,,329603.0,Bachelors,13.0,,Craft-repair,Husband,White,Male,0.0,,40.0,United-States
36.0,,281021.0,HS-grad,,Never-married,Transport-moving,,,,0.0,0.0,45.0,United-States
22.0,Private,275385.0,Some-college,10.0,,Other-service,Other-relative,White,,,0.0,25.0,
,Federal-gov,,HS-grad,9.0,,,,White,Female,0.0,0.0,40.0,
42.0,Private,385591.0,HS-grad,,Married-civ-spouse,Exec-managerial,,White,Male,0.0,0.0,50.0,United-States
22.0,noValueSetHere123156456,201179.0,Some-college,10.0,,noValueSetHere123156456,Own-child,White,Male,,0.0,40.0,United-States
,Private,38360.0,HS-grad,9.0,Widowed,Other-service,Unmarried,White,,0.0,0.0,,United-States
30.0,Local-gov,73796.0,,,Separated,Prof-specialty,,White,,,0.0,40.0,United-States
44.0,Private,,Some-college,10.0,,Handlers-cleaners,Husband,White,,0.0,0.0,40.0,
23.0,Private,257621.0,,13.0,,Sales,,White,,0.0,0.0,,United-States
,,180052.0,Some-college,10.0,Never-married,Sales,Own-child,White,,0.0,0.0,20.0,United-States
59.0,,,,13.0,,Adm-clerical,Unmarried,White,Male,0.0,0.0,60.0,
,Private,215943.0,HS-grad,9.0,Divorced,Prof-specialty,,White,Female,0.0,0.0,,
,Private,488720.0,Assoc-voc,,Married-civ-spouse,Handlers-cleaners,Husband,White,Male,,0.0,40.0,Mexico
64.0,,199298.0,7th-8th,4.0,Widowed,Other-service,,,Female,0.0,0.0,30.0,
31.0,Private,,,,Married-civ-spouse,Sales,Wife,Black,Female,,0.0,40.0,United-States
64.0,Private,,HS-grad,9.0,,Other-service,Husband,,,0.0,0.0,20.0,
,Private,88265.0,,9.0,Never-married,,Own-child,White,Female,,0.0,40.0,United-States
59.0,Private,168569.0,HS-grad,9.0,,,Husband,White,Male,,,40.0,
32.0,,175413.0,HS-grad,9.0,,Adm-clerical,,Black,Female,0.0,,40.0,Jamaica
43.0,Private,161226.0,Bachelors,,Married-civ-spouse,Machine-op-inspct,Husband,Amer-Indian-Eskimo,Male,0.0,0.0,40.0,United-States
,noValueSetHere123156456,160995.0,10th,6.0,Divorced,noValueSetHere123156456,Not-in-family,White,Female,,,20.0,United-States
23.0,,208598.0,Some-college,,Never-married,Sales,Not-in-family,White,Male,0.0,0.0,45.0,United-States
,Self-emp-not-inc,200471.0,HS-grad,9.0,,Craft-repair,Husband,White,,0.0,0.0,40.0,United-States
32.0,Private,256609.0,12th,,Married-civ-spouse,Machine-op-inspct,,,Male,0.0,0.0,40.0,
49.0,Private,176684.0,Assoc-voc,11.0,Never-married,Exec-managerial,Unmarried,,Female,0.0,0.0,40.0,United-States
,,206512.0,Some-college,,Divorced,Prof-specialty,Not-in-family,White,,0.0,0.0,40.0,United-States
28.0,Private,212640.0,Prof-school,15.0,Never-married,,Not-in-family,,Female,0.0,0.0,85.0,United-States
47.0,Private,,,9.0,,,Husband,Black,,0.0,,40.0,United-States
41.0,Private,266510.0,,,Never-married,,Own-child,White,Male,0.0,0.0,40.0,United-States
34.0,Local-gov,240252.0,,14.0,,Exec-managerial,Husband,White,Male,,0.0,40.0,United-States
25.0,Private,358975.0,,9.0,,Other-service,Not-in-family,White,,,0.0,35.0,
20.0,noValueSetHere123156456,124242.0,Some-college,10.0,Never-married,,,White,Female,,0.0,40.0,United-States
21.0,Private,434710.0,Some-college,10.0,Never-married,,Not-in-family,,,,0.0,15.0,United-States
25.0,Private,,HS-grad,9.0,Never-married,Farming-fishing,Unmarried,,Male,0.0,0.0,30.0,
,Private,,,5.0,Married-civ-spouse,Other-service,Husband,White,,0.0,,,United-States
37.0,Private,191342.0,1st-4th,2.0,,,Husband,Asian-Pac-Islander,Male,0.0,0.0,40.0,Cambodia
,,221947.0,Some-college,,Married-civ-spouse,Craft-repair,,White,Male,0.0,0.0,56.0,
44.0,Private,111483.0,HS-grad,9.0,Never-married,Adm-clerical,,White,Male,0.0,1504.0,,United-States
30.0,,65278.0,HS-grad,9.0,Married-civ-spouse,Tech-support,,,Male,0.0,0.0,40.0,United-States
,Private,,Some-college,10.0,Married-civ-spouse,Machine-op-inspct,Husband,White,Male,0.0,0.0,,United-States
35.0,,166416.0,,9.0,Married-civ-spouse,Farming-fishing,Husband,White,Male,0.0,0.0,99.0,
58.0,noValueSetHere123156456,142158.0,,9.0,,noValueSetHere123156456,Not-in-family,White,Female,0.0,0.0,12.0,United-States
21.0,Private,221480.0,Some-college,10.0,Never-married,Tech-support,Own-child,,Female,,0.0,25.0,
,Self-emp-not-inc,189878.0,Masters,14.0,Married-civ-spouse,Sales,Husband,White,Male,0.0,,40.0,United-States
35.0,Private,,,15.0,Married-civ-spouse,Prof-specialty,,,Male,0.0,0.0,80.0,United-States
19.0,Private,184710.0,Some-college,10.0,Never-married,Craft-repair,Own-child,,Male,,0.0,,United-States
48.0,,,HS-grad,9.0,Divorced,Exec-managerial,Not-in-family,White,,0.0,0.0,40.0,United-States
56.0,noValueSetHere123156456,,Some-college,,Married-civ-spouse,noValueSetHere123156456,Husband,White,Male,0.0,,40.0,Nicaragua
65.0,Self-emp-not-inc,225473.0,,10.0,,,Not-in-family,White,Female,0.0,0.0,,United-States
40.0,Private,289403.0,Bachelors,13.0,Separated,Adm-clerical,,,Male,0.0,0.0,,United-States
26.0,,269060.0,HS-grad,9.0,Never-married,Adm-clerical,Not-in-family,White,Female,0.0,0.0,40.0,United-States
45.0,Private,449354.0,,10.0,Married-civ-spouse,Exec-managerial,,White,Male,0.0,0.0,40.0,United-States
,Private,214413.0,,10.0,,Craft-repair,Own-child,White,,0.0,0.0,40.0,
32.0,Private,80058.0,,9.0,,,Husband,White,Male,0.0,0.0,,United-States
35.0,,202027.0,,13.0,Divorced,,Not-in-family,,Male,,0.0,50.0,United-States
22.0,Self-emp-not-inc,,Some-college,10.0,Never-married,Craft-repair,Not-in-family,White,,0.0,0.0,48.0,United-States
37.0,Private,191524.0,,11.0,Separated,Prof-specialty,Own-child,White,Female,0.0,0.0,38.0,
25.0,Private,,Bachelors,13.0,Never-married,Craft-repair,Not-in-family,White,Male,0.0,,40.0,Mexico
64.0,Private,164204.0,1st-4th,2.0,Married-civ-spouse,Transport-moving,Husband,White,Male,0.0,0.0,53.0,
46.0,,205100.0,Assoc-voc,11.0,,Exec-managerial,Husband,White,Male,,0.0,,United-States
30.0,Private,195750.0,HS-grad,9.0,Never-married,,Own-child,White,Male,0.0,0.0,27.0,United-States
,Private,149756.0,Assoc-acdm,12.0,Divorced,Exec-managerial,,White,,0.0,,,
51.0,,240358.0,HS-grad,,Married-civ-spouse,Protective-serv,,White,Male,,0.0,,United-States
68.0,Self-emp-not-inc,241174.0,7th-8th,4.0,Married-civ-spouse,Exec-managerial,,,Male,0.0,0.0,,United-States
,Private,356838.0,Doctorate,,Married-civ-spouse,Prof-specialty,Husband,White,,0.0,0.0,50.0,
,Self-emp-inc,115705.0,,10.0,Never-married,,Not-in-family,,Male,0.0,0.0,50.0,United-States
41.0,Local-gov,137142.0,Some-college,10.0,Married-civ-spouse,Sales,Husband,White,,,0.0,40.0,United-States
47.0,Private,,Some-college,10.0,Married-civ-spouse,Prof-specialty,Husband,White,Male,,0.0,40.0,United-States
22.0,Private,401335.0,Some-college,,,Other-service,Unmarried,Black,Female,0.0,,30.0,United-States
,,182771.0,Bachelors,13.0,Never-married,noValueSetHere123156456,Own-child,Asian-Pac-Islander,,0.0,0.0,80.0,
34.0,Self-emp-inc,186824.0,,15.0,Married-civ-spouse,Prof-specialty,Husband,White,Male,15024.0,0.0,40.0,United-States
46.0,Federal-gov,162187.0,Bachelors,13.0,Married-civ-spouse,Prof-specialty,,White,Male,0.0,0.0,40.0,
28.0,Private,,,,Married-spouse-absent,,Own-child,White,Female,,0.0,40.0,United-States
,,172538.0,,9.0,,,Husband,White,,0.0,,,United-States
18.0,Private,80163.0,,10.0,Never-married,,,White,Female,0.0,0.0,20.0,United-States
33.0,Local-gov,,Masters,,,Prof-specialty,Husband,White,Male,7688.0,,50.0,United-States
51.0,Private,,HS-grad,9.0,Married-civ-spouse,Transport-moving,Husband,White,Male,7298.0,0.0,60.0,United-States
56.0,Self-emp-not-inc,,,,Married-civ-spouse,Exec-managerial,Husband,White,Male,0.0,,35.0,United-States
54.0,Private,100933.0,,9.0,Never-married,Adm-clerical,,White,,,0.0,40.0,
29.0,Private,270379.0,,9.0,Never-married,Exec-managerial,,Black,Female,0.0,0.0,40.0,United-States
40.0,Private,20109.0,,,Divorced,Handlers-cleaners,Not-in-family,Amer-Indian-Eskimo,Female,0.0,,,United-States
53.0,Private,114758.0,Masters,14.0,Married-civ-spouse,,,White,Male,15024.0,0.0,,
,Private,100345.0,HS-grad,9.0,Never-married,Handlers-cleaners,,White,Male,0.0,,35.0,
33.0,Private,,,9.0,Married-civ-spouse,Machine-op-inspct,Husband,White,Male,0.0,0.0,40.0,United-States
28.0,Private,87239.0,HS-grad,9.0,Divorced,Transport-moving,Not-in-family,White,,,0.0,50.0,United-States
63.0,Private,,,,Married-civ-spouse,,Wife,White,Female,0.0,,,
53.0,Federal-gov,,Doctorate,16.0,Married-civ-spouse,Prof-specialty,Husband,,Male,15024.0,,60.0,Germany
37.0,Private,143058.0,10th,6.0,,,Husband,White,,0.0,0.0,50.0,United-States
50.0,Federal-gov,36489.0,Some-college,10.0,,,Unmarried,White,Male,,0.0,40.0,United-States
22.0,,,,,,Craft-repair,Own-child,White,Male,0.0,0.0,40.0,
40.0,Federal-gov,26358.0,Assoc-acdm,12.0,Never-married,Adm-clerical,Not-in-family,White,Female,,0.0,40.0,United-States
,,195532.0,Bachelors,,,Prof-specialty,,White,Female,8614.0,,40.0,United-States
21.0,Private,30039.0,,10.0,Never-married,Prof-specialty,Own-child,White,Male,0.0,0.0,40.0,
25.0,Private,125159.0,,12.0,Married-civ-spouse,Handlers-cleaners,Husband,Black,Male,,0.0,,Jamaica
20.0,,246250.0,Some-college,10.0,Never-married,Craft-repair,Not-in-family,White,Female,,,40.0,
,Federal-gov,,HS-grad,9.0,Married-civ-spouse,Transport-moving,,White,Male,,0.0,40.0,United-States
29.0,,355569.0,,,Never-married,Exec-managerial,Unmarried,White,Female,0.0,0.0,50.0,
32.0,Private,,Bachelors,,Married-civ-spouse,,Husband,White,Male,0.0,0.0,40.0,United-States
42.0,Private,,Masters,14.0,Married-civ-spouse,Sales,Husband,,Male,0.0,0.0,50.0,
33.0,Private,256211.0,,9.0,Married-civ-spouse,Machine-op-inspct,Husband,Asian-Pac-Islander,Male,0.0,0.0,40.0,South
27.0,Private,146764.0,Some-college,10.0,Married-civ-spouse,Exec-managerial,Wife,,Female,0.0,0.0,40.0,United-States
22.0,,211968.0,,10.0,,noValueSetHere123156456,Own-child,White,,0.0,0.0,,Iran
,Private,200515.0,Some-college,10.0,Married-civ-spouse,Machine-op-inspct,Husband,White,Male,0.0,0.0,38.0,United-States
29.0,Private,52636.0,HS-grad,,Married-civ-spouse,,Husband,White,Male,0.0,0.0,40.0,United-States
20.0,,27049.0,Some-college,10.0,Never-married,,Own-child,White,Female,0.0,0.0,20.0,United-States
35.0,,111128.0,10th,6.0,Never-married,,Own-child,White,Male,0.0,0.0,40.0,
31.0,Self-emp-not-inc,,,,Married-civ-spouse,Prof-specialty,,White,Male,0.0,1902.0,,Puerto-Rico
33.0,,93930.0,HS-grad,9.0,Never-married,Craft-repair,Not-in-family,White,Male,0.0,0.0,50.0,United-States
67.0,Private,397831.0,Some-college,10.0,,,Husband,White,,,1539.0,40.0,United-States
46.0,,33794.0,,10.0,Married-civ-spouse,Prof-specialty,Husband,White,Male,0.0,0.0,10.0,
,Private,178215.0,9th,,,Machine-op-inspct,Wife,White,Female,0.0,0.0,,United-States
17.0,Local-gov,,11th,7.0,,Sales,Own-child,,,,0.0,20.0,United-States
35.0,,340110.0,Bachelors,13.0,Married-civ-spouse,Exec-managerial,Husband,,Male,0.0,1848.0,70.0,United-States
48.0,Self-emp-not-inc,133694.0,Bachelors,13.0,Married-spouse-absent,Exec-managerial,Not-in-family,,Male,0.0,0.0,,Jamaica
,,148398.0,HS-grad,,Divorced,,Not-in-family,,Female,0.0,0.0,40.0,United-States
20.0,,133515.0,,10.0,Never-married,Sales,Other-relative,White,Female,0.0,0.0,40.0,United-States
27.0,Private,181667.0,HS-grad,9.0,Married-civ-spouse,Machine-op-inspct,Husband,,Male,,,46.0,Canada
64.0,Private,159715.0,Some-college,10.0,,,Husband,White,Male,0.0,0.0,,United-States
53.0,Federal-gov,,Some-college,10.0,,Craft-repair,,Black,Male,0.0,,40.0,United-States
52.0,Private,117700.0,,9.0,Divorced,,,White,Female,0.0,,40.0,United-States
29.0,Private,37215.0,HS-grad,9.0,Married-civ-spouse,Craft-repair,,White,Male,0.0,0.0,55.0,United-States
,Self-emp-inc,46807.0,HS-grad,,Married-civ-spouse,Craft-repair,Husband,White,,,0.0,40.0,
,Self-emp-not-inc,317360.0,,13.0,Married-civ-spouse,,Wife,White,Female,,0.0,20.0,United-States
30.0,,425627.0,,10.0,,,Other-relative,White,Male,0.0,0.0,40.0,Mexico
34.0,Private,82623.0,HS-grad,,,Other-service,Husband,White,,0.0,0.0,20.0,United-States
19.0,noValueSetHere123156456,63574.0,Some-college,,Never-married,,,White,Male,,,50.0,United-States
39.0,Private,140854.0,HS-grad,,Never-married,Prof-specialty,,,Male,0.0,0.0,50.0,
28.0,Private,,11th,7.0,Never-married,Handlers-cleaners,Other-relative,White,Male,0.0,0.0,,United-States
17.0,Private,,12th,,Never-married,Sales,Not-in-family,White,,0.0,0.0,10.0,noValueSetHere123156456
54.0,,,Bachelors,,Never-married,,Not-in-family,White,Female,0.0,0.0,50.0,United-States
24.0,Private,137591.0,Some-college,10.0,Never-married,Sales,,,Male,0.0,1762.0,,United-States
,,198163.0,HS-grad,9.0,Never-married,Exec-managerial,,White,,0.0,0.0,40.0,United-States
25.0,Private,132749.0,11th,7.0,Divorced,,Unmarried,White,,0.0,0.0,12.0,
48.0,,31264.0,,,Married-civ-spouse,Exec-managerial,,White,Female,5178.0,0.0,40.0,
,Private,,Bachelors,,Never-married,Sales,Own-child,White,Female,,,40.0,United-States
31.0,Private,,,10.0,,,,,Male,,0.0,,Taiwan
,,,Some-college,10.0,,Craft-repair,Husband,White,Male,0.0,,40.0,United-States
,Private,102096.0,Bachelors,13.0,,,,White,Male,,0.0,40.0,
19.0,,,Some-college,10.0,Never-married,Adm-clerical,Own-child,White,,,0.0,25.0,United-States
,,,Some-college,10.0,,,Husband,White,Male,15024.0,,50.0,United-States
52.0,Private,,,9.0,Married-civ-spouse,,Husband,White,Male,0.0,,40.0,United-States
19.0,noValueSetHere123156456,20469.0,HS-grad,9.0,,noValueSetHere123156456,,Asian-Pac-Islander,Female,0.0,0.0,12.0,
60.0,Private,181953.0,HS-grad,9.0,,Transport-moving,Husband,White,Male,0.0,0.0,,United-States
43.0,Private,304175.0,Masters,,,Prof-specialty,Husband,,Male,0.0,0.0,,
24.0,Private,170070.0,,,Divorced,,Own-child,White,Female,0.0,0.0,30.0,United-States
20.0,noValueSetHere123156456,193416.0,Some-college,10.0,Never-married,noValueSetHere123156456,Own-child,,Female,0.0,0.0,40.0,United-States
51.0,Private,194908.0,HS-grad,9.0,Never-married,Adm-clerical,Not-in-family,White,Female,,,40.0,
,Self-emp-not-inc,357962.0,,,Divorced,,,White,Male,,0.0,40.0,United-States
,Private,214716.0,,10.0,Never-married,,Own-child,White,,0.0,,10.0,United-States
40.0,Self-emp-inc,,HS-grad,,Married-civ-spouse,Adm-clerical,Husband,White,Male,0.0,0.0,,
54.0,Private,146409.0,Some-college,10.0,Widowed,Exec-managerial,Unmarried,White,Female,,0.0,40.0,United-States
,Private,341643.0,,,Never-married,Other-service,Other-relative,,Male,0.0,0.0,,
52.0,Private,131631.0,11th,7.0,Separated,Machine-op-inspct,Unmarried,Black,Male,,0.0,40.0,United-States
53.0,,,HS-grad,,Married-civ-spouse,Exec-managerial,Husband,White,,99999.0,,40.0,United-States
56.0,,128900.0,Some-college,10.0,,noValueSetHere123156456,,Black,Female,0.0,,,United-States
35.0,,417136.0,HS-grad,9.0,Divorced,Craft-repair,,Black,Male,0.0,0.0,40.0,United-States
43.0,Self-emp-not-inc,336763.0,Some-college,10.0,,,Unmarried,White,Female,0.0,880.0,42.0,United-States
29.0,,209301.0,Bachelors,13.0,Married-civ-spouse,Craft-repair,,White,,0.0,0.0,40.0,
29.0,Private,120986.0,HS-grad,9.0,,Transport-moving,Husband,Amer-Indian-Eskimo,Male,,,65.0,United-States
,Private,51025.0,,9.0,Never-married,Other-service,Not-in-family,White,,0.0,0.0,40.0,United-States
,Private,218281.0,Bachelors,13.0,Married-civ-spouse,Adm-clerical,,White,Male,0.0,,40.0,Mexico
,Private,114994.0,,9.0,,Handlers-cleaners,Husband,White,,0.0,,,United-States
53.0,Private,335481.0,HS-grad,9.0,Married-civ-spouse,Adm-clerical,Wife,Black,Female,0.0,0.0,,United-States
21.0,,174503.0,,9.0,Never-married,Adm-clerical,Not-in-family,White,Female,0.0,0.0,30.0,United-States
40.0,Self-emp-not-inc,230478.0,Assoc-acdm,12.0,,Exec-managerial,Not-in-family,White,,0.0,,30.0,United-States
52.0,State-gov,,,16.0,Married-civ-spouse,Prof-specialty,,,,0.0,,40.0,Iran
38.0,,149419.0,Assoc-voc,11.0,Never-married,,Not-in-family,White,Male,0.0,0.0,50.0,United-States
40.0,noValueSetHere123156456,341539.0,,,Divorced,noValueSetHere123156456,,White,Female,0.0,0.0,,United-States
39.0,Private,185099.0,HS-grad,,Married-civ-spouse,Exec-managerial,Husband,White,Male,0.0,0.0,40.0,United-States
56.0,,,Masters,14.0,,noValueSetHere123156456,,White,Female,0.0,0.0,,United-States
68.0,Private,128472.0,Doctorate,16.0,Married-civ-spouse,Prof-specialty,Husband,White,Male,0.0,0.0,55.0,United-States
,,124971.0,HS-grad,9.0,Never-married,Sales,,White,Male,0.0,0.0,38.0,United-States
40.0,,344060.0,Prof-school,,,Prof-specialty,Husband,White,Male,0.0,0.0,50.0,
43.0,,286750.0,Prof-school,15.0,,Prof-specialty,Husband,Black,Male,0.0,0.0,99.0,United-States
38.0,,296999.0,Bachelors,,Never-married,Exec-managerial,,White,Female,0.0,,70.0,United-States
45.0,Private,123681.0,HS-grad,9.0,Married-civ-spouse,,Husband,White,Male,0.0,0.0,40.0,United-States
18.0,Private,232024.0,11th,,Never-married,,Own-child,,Male,,,55.0,United-States
57.0,Local-gov,52267.0,Masters,14.0,Married-civ-spouse,Exec-managerial,Husband,,Male,0.0,0.0,,United-States
49.0,,119182.0,HS-grad,9.0,Separated,Other-service,Not-in-family,,Female,,,35.0,United-States
25.0,,191230.0,Some-college,10.0,Never-married,Exec-managerial,Own-child,White,Female,0.0,0.0,40.0,Yugoslavia
52.0,Federal-gov,23780.0,Some-college,,Divorced,Adm-clerical,Not-in-family,White,Male,0.0,0.0,40.0,United-States
56.0,Private,184553.0,10th,6.0,Divorced,,Not-in-family,White,Male,,0.0,56.0,United-States
26.0,Self-emp-inc,242651.0,Some-college,10.0,Never-married,Sales,Not-in-family,White,,,0.0,48.0,
19.0,,,HS-grad,9.0,Never-married,Craft-repair,Not-in-family,White,Female,0.0,0.0,40.0,
25.0,Self-emp-inc,,Bachelors,,,,Own-child,,Female,0.0,0.0,40.0,United-States
25.0,Private,106889.0,HS-grad,,Married-civ-spouse,Adm-clerical,Wife,White,,,0.0,,United-States
,Private,460835.0,HS-grad,,Never-married,Sales,,White,Male,,,45.0,United-States
48.0,,213140.0,,,Married-civ-spouse,Craft-repair,,White,Male,0.0,0.0,,
33.0,State-gov,37070.0,Masters,,Married-civ-spouse,Prof-specialty,Husband,White,Male,0.0,0.0,60.0,Canada
31.0,State-gov,93589.0,,9.0,Divorced,Protective-serv,Own-child,Other,Male,,,40.0,United-States
26.0,Self-emp-not-inc,,HS-grad,9.0,Divorced,Farming-fishing,Unmarried,White,Male,0.0,0.0,,United-States
,State-gov,46814.0,,,,,,,Male,0.0,0.0,38.0,United-States
29.0,noValueSetHere123156456,,Some-college,10.0,,noValueSetHere123156456,Unmarried,White,Female,0.0,,,
20.0,Private,284737.0,Some-college,,Never-married,Other-service,Own-child,White,Male,0.0,0.0,20.0,United-States
,Private,,,10.0,Married-civ-spouse,,Husband,,Male,0.0,0.0,60.0,noValueSetHere123156456
49.0,Private,197418.0,HS-grad,9.0,Widowed,Adm-clerical,Unmarried,White,Female,,0.0,20.0,
73.0,noValueSetHere123156456,132737.0,10th,,,noValueSetHere123156456,,White,,0.0,0.0,4.0,United-States
49.0,Private,185041.0,,14.0,,Exec-managerial,Husband,White,,,1977.0,40.0,United-States
51.0,,,Some-college,10.0,,Prof-specialty,Wife,,Female,0.0,,40.0,
,Private,123557.0,Some-college,10.0,Married-civ-spouse,Sales,Husband,,Male,0.0,0.0,40.0,United-States
24.0,Private,275421.0,Assoc-voc,11.0,Never-married,Machine-op-inspct,Own-child,,,0.0,0.0,40.0,United-States
18.0,Private,167147.0,12th,8.0,Never-married,Sales,,White,Male,,0.0,24.0,United-States
41.0,,197583.0,10th,6.0,Married-civ-spouse,,Husband,Black,Male,0.0,0.0,40.0,United-States
,Private,175109.0,HS-grad,9.0,,Adm-clerical,Husband,,Male,0.0,1485.0,40.0,United-States
46.0,Private,117502.0,HS-grad,9.0,,,Wife,,Female,0.0,0.0,40.0,United-States
,Private,180401.0,10th,6.0,Married-civ-spouse,Transport-moving,Husband,White,Male,0.0,,40.0,United-States
50.0,Self-emp-not-inc,,Prof-school,15.0,Married-civ-spouse,Prof-specialty,Husband,,Male,,,40.0,United-States
53.0,State-gov,143822.0,,14.0,Married-civ-spouse,Prof-specialty,Husband,,Male,0.0,0.0,36.0,United-States
21.0,,,HS-grad,,,Craft-repair,Not-in-family,White,,0.0,0.0,40.0,United-States
22.0,State-gov,48121.0,Some-college,10.0,Married-civ-spouse,Other-service,,White,Male,0.0,,25.0,
37.0,,234807.0,Bachelors,13.0,Divorced,Exec-managerial,Unmarried,,,7430.0,0.0,45.0,United-States
39.0,,65324.0,,15.0,Never-married,,Not-in-family,White,Male,,,,United-States
30.0,,302149.0,Bachelors,,,Sales,Husband,Asian-Pac-Islander,Male,0.0,0.0,40.0,
25.0,,168403.0,,13.0,Never-married,,Not-in-family,White,Male,0.0,1741.0,40.0,
,Private,159897.0,Some-college,,Never-married,Exec-managerial,Unmarried,Black,Female,0.0,0.0,,United-States
,Private,416338.0,Bachelors,13.0,Never-married,Sales,Not-in-family,White,Male,0.0,0.0,,United-States
,Private,,HS-grad,9.0,Widowed,Adm-clerical,Unmarried,White,Female,0.0,0.0,60.0,
27.0,,219371.0,HS-grad,9.0,Married-spouse-absent,Adm-clerical,Unmarried,White,Female,0.0,0.0,40.0,Jamaica
55.0,,,,6.0,Married-civ-spouse,Craft-repair,Husband,,Male,0.0,,,United-States
20.0,Private,22966.0,,,Never-married,Other-service,,White,Male,0.0,0.0,12.0,
25.0,Private,34541.0,Assoc-voc,11.0,Never-married,Prof-specialty,Not-in-family,White,Female,0.0,0.0,36.0,Canada
28.0,Private,191027.0,Assoc-acdm,12.0,Separated,Other-service,,,,0.0,0.0,40.0,United-States
29.0,Private,107458.0,Bachelors,13.0,Never-married,Sales,Not-in-family,White,Male,,,,United-States
60.0,Private,121832.0,11th,7.0,Married-civ-spouse,,Husband,White,Male,,0.0,40.0,United-States
37.0,Local-gov,233825.0,Bachelors,13.0,Married-civ-spouse,Prof-specialty,,White,Female,15024.0,0.0,50.0,
25.0,Private,,11th,7.0,Divorced,Sales,,White,,0.0,,40.0,United-States
27.0,,109165.0,Some-college,10.0,Married-civ-spouse,Craft-repair,Husband,White,Male,0.0,0.0,60.0,United-States
,State-gov,103063.0,Bachelors,13.0,Married-civ-spouse,,,White,,,0.0,,United-States
41.0,Self-emp-not-inc,29762.0,Some-college,10.0,,,,White,Male,5013.0,0.0,70.0,United-States
46.0,Private,111979.0,7th-8th,4.0,Married-civ-spouse,Craft-repair,Husband,White,Male,,0.0,47.0,United-States
35.0,Private,,Assoc-voc,,Divorced,Other-service,Unmarried,Black,Female,0.0,0.0,,United-States
21.0,noValueSetHere123156456,,Some-college,10.0,Never-married,noValueSetHere123156456,,White,Male,0.0,0.0,40.0,United-States
,noValueSetHere123156456,296738.0,,7.0,Separated,,Not-in-family,,Female,,0.0,,United-States
,,118001.0,,9.0,Never-married,Handlers-cleaners,Not-in-family,,,0.0,,40.0,United-States
49.0,Private,,Bachelors,13.0,Married-civ-spouse,Exec-managerial,Husband,White,Male,0.0,0.0,40.0,
29.0,Private,36601.0,Bachelors,,Never-married,Prof-specialty,Not-in-family,White,Female,,0.0,50.0,United-States
43.0,Local-gov,118600.0,Bachelors,,,Prof-specialty,Unmarried,White,Female,,625.0,40.0,United-States
39.0,,,Assoc-acdm,12.0,Never-married,Transport-moving,,,Male,0.0,,60.0,United-States
35.0,Private,181020.0,HS-grad,9.0,Never-married,Handlers-cleaners,,White,Male,0.0,,60.0,
,Private,165998.0,,10.0,Married-civ-spouse,Machine-op-inspct,Husband,White,Male,,0.0,40.0,United-States
25.0,Private,,Some-college,,Never-married,,Not-in-family,,Male,,0.0,40.0,Outlying-US(Guam-USVI-etc)
20.0,Self-emp-inc,182200.0,HS-grad,9.0,,Machine-op-inspct,Own-child,White,Female,,0.0,30.0,United-States
,Private,39363.0,Some-college,10.0,Divorced,Other-service,,White,Female,0.0,0.0,10.0,
24.0,,140001.0,Bachelors,13.0,Never-married,Exec-managerial,Not-in-family,White,,0.0,,40.0,United-States
,Private,,Bachelors,13.0,,Craft-repair,Other-relative,Asian-Pac-Islander,Male,0.0,0.0,30.0,India
21.0,Private,191243.0,Some-college,,Never-married,Other-service,Own-child,White,,0.0,,,United-States
37.0,Federal-gov,207887.0,Bachelors,,,Exec-managerial,Other-relative,White,Female,0.0,0.0,,United-States
,Federal-gov,,HS-grad,9.0,Never-married,Adm-clerical,Own-child,,Male,,0.0,40.0,United-States
,Private,184759.0,HS-grad,9.0,Never-married,,Not-in-family,White,Female,0.0,0.0,26.0,United-States
,Private,197836.0,HS-grad,9.0,Married-civ-spouse,Sales,,White,Male,0.0,0.0,45.0,
61.0,Private,232308.0,HS-grad,9.0,,Transport-moving,,White,,0.0,0.0,,United-States
21.0,noValueSetHere123156456,189888.0,Assoc-acdm,12.0,Never-married,,,White,Male,,0.0,,United-States
35.0,Private,301614.0,,9.0,Married-civ-spouse,Other-service,Husband,White,Male,0.0,0.0,,United-States
60.0,,146674.0,10th,6.0,Married-civ-spouse,Handlers-cleaners,Husband,Black,Male,,,,United-States
27.0,,225291.0,,10.0,,Adm-clerical,,White,Female,0.0,0.0,40.0,United-States
57.0,Local-gov,148509.0,Bachelors,13.0,,Prof-specialty,Husband,Asian-Pac-Islander,Male,0.0,0.0,35.0,India
56.0,Private,136413.0,1st-4th,2.0,Married-civ-spouse,Craft-repair,Husband,White,Male,0.0,0.0,,United-States
27.0,Private,126060.0,HS-grad,,Never-married,Exec-managerial,Not-in-family,,Female,,0.0,40.0,United-States
,Private,,7th-8th,4.0,,Machine-op-inspct,Wife,Black,Female,0.0,0.0,35.0,United-States
,Private,39026.0,HS-grad,9.0,Never-married,,,White,Male,0.0,0.0,,
28.0,,33035.0,12th,8.0,Divorced,Other-service,Unmarried,White,Female,0.0,,30.0,United-States
43.0,Private,,,6.0,Married-civ-spouse,,Husband,,Male,0.0,0.0,40.0,United-States
63.0,,147440.0,Some-college,10.0,Divorced,Exec-managerial,Not-in-family,White,,0.0,0.0,,United-States
,,153131.0,Some-college,,Never-married,,Own-child,White,Male,0.0,,40.0,United-States
25.0,Private,64671.0,HS-grad,9.0,Divorced,,,Asian-Pac-Islander,,,,40.0,Philippines
,Self-emp-not-inc,225399.0,HS-grad,,Never-married,,Own-child,White,Male,8614.0,0.0,,United-States
20.0,,,,9.0,Never-married,Handlers-cleaners,Own-child,White,,,0.0,,
48.0,Private,,10th,6.0,Married-civ-spouse,,Husband,White,Male,0.0,,,
30.0,,364310.0,Bachelors,13.0,Never-married,Prof-specialty,Not-in-family,,,,0.0,40.0,Germany
,Private,,Bachelors,13.0,,Prof-specialty,Husband,,Male,0.0,0.0,40.0,United-States
20.0,Private,,,,Never-married,Sales,Own-child,Asian-Pac-Islander,Female,0.0,0.0,24.0,Philippines
57.0,State-gov,32694.0,Masters,14.0,,Prof-specialty,Husband,,Male,0.0,0.0,50.0,United-States
41.0,Private,95047.0,Assoc-voc,11.0,Married-civ-spouse,Adm-clerical,Wife,White,Female,7688.0,0.0,44.0,
,Private,,HS-grad,,Divorced,,Other-relative,White,Female,0.0,0.0,40.0,
27.0,Private,367329.0,Assoc-voc,11.0,Married-civ-spouse,Farming-fishing,Husband,White,,0.0,0.0,40.0,
34.0,Private,56026.0,HS-grad,9.0,,Farming-fishing,,,Male,0.0,0.0,60.0,United-States
22.0,,,10th,6.0,Never-married,,Not-in-family,White,Male,0.0,0.0,,United-States
50.0,,,Assoc-acdm,12.0,Married-civ-spouse,Exec-managerial,Wife,Black,Female,0.0,0.0,40.0,United-States
40.0,Self-emp-not-inc,242082.0,Bachelors,,Married-civ-spouse,Prof-specialty,Husband,White,Male,,,45.0,United-States
37.0,Private,31023.0,,9.0,,Craft-repair,,White,,,,51.0,United-States
,noValueSetHere123156456,,Assoc-acdm,12.0,,noValueSetHere123156456,Not-in-family,White,,,0.0,40.0,United-States
,Private,424079.0,Masters,,Married-civ-spouse,Exec-managerial,Husband,White,Male,15024.0,0.0,55.0,United-States
38.0,Self-emp-not-inc,,Some-college,10.0,Married-civ-spouse,Machine-op-inspct,Husband,White,Male,,0.0,40.0,
25.0,,261979.0,HS-grad,,Never-married,Prof-specialty,Not-in-family,,,0.0,0.0,40.0,United-States
51.0,Private,,HS-grad,9.0,Married-civ-spouse,Craft-repair,Husband,Black,Male,0.0,,40.0,United-States
22.0,noValueSetHere123156456,291407.0,,8.0,,,,Black,Male,0.0,,40.0,United-States
18.0,Private,353358.0,Some-college,,Never-married,Other-service,Own-child,,,0.0,0.0,16.0,United-States
41.0,Private,67339.0,11th,7.0,Married-civ-spouse,,Husband,White,Male,7688.0,,40.0,United-States
33.0,Private,,,9.0,Never-married,,Unmarried,White,Female,0.0,0.0,40.0,
33.0,,208180.0,Bachelors,13.0,,Sales,Not-in-family,White,Female,0.0,0.0,,United-States
,State-gov,423561.0,Some-college,,Married-civ-spouse,,Husband,White,Male,0.0,0.0,40.0,United-States
47.0,Self-emp-not-inc,145290.0,HS-grad,9.0,Married-civ-spouse,Exec-managerial,Husband,White,Male,0.0,2415.0,50.0,
24.0,Private,403671.0,Some-college,,,Machine-op-inspct,,White,Male,0.0,0.0,,United-States
32.0,Local-gov,,7th-8th,,Married-civ-spouse,Other-service,,White,Male,0.0,,,United-States
29.0,,370494.0,,9.0,Never-married,,Unmarried,White,Female,0.0,,40.0,Mexico
25.0,Private,267012.0,,11.0,,Sales,,White,,0.0,0.0,,
33.0,Private,,Some-college,,Divorced,Adm-clerical,,White,Female,0.0,,,United-States
55.0,Private,80445.0,Bachelors,,Married-civ-spouse,Craft-repair,Husband,White,,0.0,0.0,40.0,United-States
31.0,Private,,,,Married-civ-spouse,Sales,Husband,,Male,,0.0,40.0,United-States
32.0,Local-gov,168387.0,Masters,14.0,Married-civ-spouse,Prof-specialty,,,Male,0.0,0.0,50.0,United-States
18.0,,301948.0,HS-grad,9.0,Never-married,Protective-serv,Own-child,White,,34095.0,,3.0,United-States
36.0,,,,9.0,Divorced,Adm-clerical,Unmarried,White,,0.0,,50.0,United-States
,Private,233193.0,,9.0,Widowed,Adm-clerical,Not-in-family,White,Female,0.0,0.0,27.0,
34.0,Private,299635.0,Masters,14.0,Married-civ-spouse,Exec-managerial,Husband,White,Male,0.0,1902.0,50.0,United-States
19.0,Private,,,,Never-married,Handlers-cleaners,Not-in-family,White,,,0.0,40.0,United-States
21.0,Private,688355.0,HS-grad,9.0,,Adm-clerical,,Black,Female,0.0,0.0,40.0,United-States
36.0,Self-emp-inc,37019.0,HS-grad,,Never-married,Farming-fishing,Not-in-family,White,Male,0.0,0.0,50.0,United-States
37.0,Private,148015.0,,13.0,,,Wife,Black,Female,15024.0,0.0,40.0,United-States
43.0,,122975.0,,9.0,Married-civ-spouse,,Wife,Black,Female,0.0,0.0,21.0,Trinadad&Tobago
52.0,State-gov,349795.0,,13.0,Married-civ-spouse,Protective-serv,,White,Male,0.0,,40.0,United-States
,Private,229846.0,Assoc-voc,11.0,Divorced,Other-service,,White,,,0.0,,
43.0,Private,108945.0,Some-college,10.0,,Prof-specialty,Unmarried,,Female,,0.0,38.0,
22.0,Private,237498.0,HS-grad,9.0,Never-married,Other-service,Own-child,White,,0.0,0.0,40.0,United-States
57.0,Private,,5th-6th,3.0,,Transport-moving,Unmarried,White,Male,6497.0,0.0,40.0,United-States
37.0,,324019.0,,12.0,Never-married,Adm-clerical,Not-in-family,White,Female,0.0,0.0,40.0,United-States
39.0,Private,82488.0,Some-college,10.0,,Sales,Unmarried,Asian-Pac-Islander,Female,0.0,0.0,,United-States
54.0,Private,,Some-college,10.0,Married-civ-spouse,,Husband,White,,0.0,,,United-States
,Private,37088.0,Assoc-acdm,12.0,Never-married,Other-service,Not-in-family,White,Male,0.0,0.0,40.0,United-States
21.0,,,HS-grad,9.0,Never-married,Adm-clerical,Not-in-family,White,,,0.0,35.0,
65.0,Private,143554.0,,10.0,Separated,Adm-clerical,Not-in-family,White,,0.0,0.0,38.0,United-States
30.0,Private,126242.0,Some-college,10.0,Married-civ-spouse,Other-service,Wife,White,,,,40.0,United-States
22.0,Private,127185.0,9th,5.0,Never-married,Machine-op-inspct,Not-in-family,White,Female,,0.0,,
26.0,Private,164018.0,,13.0,Married-civ-spouse,,Husband,White,,,,50.0,United-States
25.0,Private,,,7.0,,Craft-repair,Own-child,White,Male,,,40.0,
35.0,noValueSetHere123156456,117528.0,Assoc-voc,,,noValueSetHere123156456,Wife,White,Female,0.0,0.0,40.0,United-States
47.0,,124973.0,Assoc-voc,11.0,Married-civ-spouse,,Husband,,,15024.0,0.0,50.0,United-States
23.0,Private,,Assoc-acdm,12.0,Never-married,Other-service,Own-child,White,,,0.0,,
,Private,220049.0,HS-grad,9.0,Married-civ-spouse,,,Black,Male,,0.0,40.0,United-States
39.0,Self-emp-not-inc,247975.0,,10.0,Never-married,Craft-repair,Not-in-family,,Male,0.0,,30.0,United-States
55.0,Private,50164.0,Doctorate,,,Exec-managerial,Husband,White,,0.0,0.0,60.0,United-States
24.0,State-gov,,Masters,14.0,Married-spouse-absent,Prof-specialty,,Asian-Pac-Islander,Female,0.0,0.0,10.0,China
46.0,Self-emp-inc,,Bachelors,13.0,Married-civ-spouse,Machine-op-inspct,Husband,White,Male,,,40.0,
53.0,Private,,HS-grad,9.0,,,Husband,White,Male,0.0,0.0,40.0,United-States
,Private,,,7.0,Separated,Other-service,Unmarried,Black,Female,0.0,,60.0,
40.0,Private,210275.0,HS-grad,,,Transport-moving,Unmarried,Black,Female,0.0,,40.0,United-States
48.0,Private,189462.0,Some-college,10.0,Married-civ-spouse,Craft-repair,,White,Male,7688.0,0.0,40.0,United-States
,,171114.0,Assoc-voc,11.0,Separated,,,White,Female,,0.0,35.0,United-States
22.0,Private,,HS-grad,9.0,Never-married,Sales,,,Female,0.0,,,United-States
,noValueSetHere123156456,200426.0,HS-grad,9.0,Married-civ-spouse,noValueSetHere123156456,Wife,White,Female,0.0,0.0,12.0,
,,,Some-college,10.0,,noValueSetHere123156456,Unmarried,White,Female,0.0,,20.0,United-States
43.0,,,HS-grad,9.0,Divorced,Exec-managerial,Not-in-family,,Female,0.0,,40.0,United-States
37.0,,34173.0,HS-grad,9.0,Married-civ-spouse,Other-service,Wife,White,,,,25.0,United-States
30.0,Private,350979.0,HS-grad,,Married-civ-spouse,Craft-repair,Husband,,Male,0.0,,,Laos
,,147314.0,HS-grad,9.0,,,Husband,,,0.0,0.0,50.0,United-States
38.0,Private,,Prof-school,15.0,,Prof-specialty,Husband,White,Male,0.0,0.0,60.0,
,,,,5.0,,noValueSetHere123156456,Husband,,Male,,,40.0,United-States
42.0,Self-emp-not-inc,373403.0,HS-grad,9.0,,Farming-fishing,,White,,0.0,0.0,50.0,United-States
,Private,120601.0,HS-grad,,Never-married,Transport-moving,Own-child,Black,,0.0,,40.0,
,Private,130926.0,Bachelors,13.0,Divorced,Adm-clerical,Not-in-family,,,,0.0,40.0,United-States
32.0,Federal-gov,,Assoc-voc,11.0,Never-married,Prof-specialty,Other-relative,Asian-Pac-Islander,Male,0.0,,40.0,United-States
27.0,Private,129624.0,Bachelors,13.0,,Exec-managerial,Husband,,,0.0,0.0,40.0,
,State-gov,328697.0,Some-college,10.0,Divorced,Protective-serv,Other-relative,White,,0.0,0.0,,United-States
40.0,Private,191196.0,Masters,14.0,,Exec-managerial,,White,Male,0.0,0.0,,
18.0,,,11th,7.0,Never-married,noValueSetHere123156456,,White,,0.0,0.0,25.0,United-States
49.0,Private,,,13.0,Married-civ-spouse,Exec-managerial,,White,,0.0,0.0,45.0,United-States
17.0,Private,181580.0,11th,,Never-married,Other-service,Own-child,White,,0.0,0.0,16.0,United-States
,Private,89030.0,HS-grad,9.0,,Sales,,White,,,0.0,40.0,United-States
47.0,Private,345493.0,Prof-school,15.0,,Prof-specialty,,Asian-Pac-Islander,Male,,0.0,55.0,Taiwan
24.0,Self-emp-not-inc,277700.0,Some-college,10.0,Separated,,Own-child,White,Male,0.0,,45.0,United-States
58.0,noValueSetHere123156456,198478.0,7th-8th,4.0,Married-civ-spouse,,Husband,White,Male,0.0,0.0,,United-States
,,250679.0,HS-grad,,Never-married,Craft-repair,Not-in-family,,,0.0,0.0,40.0,United-States
45.0,,168837.0,Some-college,10.0,Married-civ-spouse,,Wife,White,Female,0.0,0.0,24.0,Canada
30.0,Private,,,8.0,Married-civ-spouse,Craft-repair,Husband,White,,0.0,0.0,50.0,United-States
,Private,,Some-college,10.0,Never-married,Adm-clerical,Own-child,White,Male,,0.0,20.0,United-States
,Private,107833.0,,6.0,,Transport-moving,Husband,White,Male,0.0,1485.0,40.0,United-States
47.0,Private,121958.0,,4.0,Married-spouse-absent,Other-service,Unmarried,White,Female,0.0,0.0,30.0,
,Private,282948.0,Some-college,,Married-civ-spouse,,Husband,Black,Male,3137.0,,40.0,United-States
28.0,,,Assoc-acdm,12.0,,Prof-specialty,Own-child,,Male,0.0,0.0,40.0,France
46.0,Private,34377.0,,12.0,Married-civ-spouse,Craft-repair,,,Male,0.0,0.0,40.0,United-States
40.0,Self-emp-not-inc,209833.0,Some-college,10.0,Married-civ-spouse,Craft-repair,Husband,White,Male,0.0,0.0,60.0,United-States
66.0,State-gov,41506.0,10th,,Divorced,Other-service,,Black,Female,0.0,,40.0,United-States
,Local-gov,125159.0,Bachelors,13.0,,,Not-in-family,Black,Male,14084.0,0.0,45.0,
44.0,Self-emp-not-inc,147206.0,Some-college,10.0,Never-married,Craft-repair,Own-child,White,Male,,0.0,12.0,United-States
58.0,Self-emp-not-inc,93664.0,HS-grad,9.0,,Exec-managerial,Husband,White,Male,,,60.0,United-States
21.0,Private,315065.0,,4.0,Never-married,,Other-relative,White,Male,0.0,0.0,48.0,Mexico
,Private,,,5.0,Widowed,Other-service,Unmarried,Black,Female,0.0,,40.0,United-States
35.0,Local-gov,185769.0,,,Married-civ-spouse,,,White,Male,0.0,0.0,40.0,United-States
,,186272.0,,,Married-civ-spouse,,Husband,Black,,5178.0,,40.0,
30.0,,312667.0,HS-grad,,Married-civ-spouse,Transport-moving,,White,Male,0.0,0.0,40.0,United-States
33.0,,343925.0,HS-grad,9.0,Never-married,,,Black,Male,0.0,,,
26.0,Private,195994.0,Some-college,10.0,Never-married,Sales,Not-in-family,,Female,0.0,,15.0,United-States
48.0,,398843.0,Some-college,10.0,Separated,Sales,Unmarried,,,0.0,0.0,,United-States
31.0,Private,,,9.0,,Sales,,Asian-Pac-Islander,Female,0.0,0.0,40.0,United-States
36.0,,288049.0,,9.0,Married-civ-spouse,Exec-managerial,Husband,White,Male,0.0,,45.0,United-States
,Private,54759.0,HS-grad,9.0,Divorced,Prof-specialty,,White,,0.0,0.0,,United-States
30.0,Private,155343.0,HS-grad,,,,Husband,,Male,,0.0,,United-States
33.0,Private,401104.0,HS-grad,9.0,Married-civ-spouse,,Husband,White,Male,,0.0,50.0,United-States
19.0,noValueSetHere123156456,,9th,5.0,Never-married,noValueSetHere123156456,Not-in-family,White,Female,0.0,0.0,25.0,United-States
37.0,Local-gov,287306.0,Assoc-acdm,12.0,Married-civ-spouse,Prof-specialty,Wife,,Female,99999.0,0.0,,noValueSetHere123156456
53.0,Private,113995.0,Bachelors,,Married-civ-spouse,Exec-managerial,,,Male,,,45.0,United-States
,,,Some-college,10.0,Never-married,,Own-child,White,Female,,,,
38.0,Private,111499.0,Some-college,10.0,,Transport-moving,,White,Male,7298.0,,50.0,United-States
34.0,Private,,Some-college,,Never-married,Other-service,Not-in-family,White,Male,0.0,0.0,,United-States
45.0,Private,162187.0,,,,Sales,Husband,White,Male,0.0,0.0,52.0,United-States
,Local-gov,147654.0,Assoc-voc,11.0,Married-civ-spouse,Prof-specialty,Husband,,,0.0,0.0,60.0,United-States
35.0,Private,182467.0,Assoc-voc,11.0,,Craft-repair,Wife,White,,0.0,0.0,44.0,United-States
22.0,Private,183970.0,HS-grad,9.0,Never-married,Handlers-cleaners,Own-child,Black,Male,0.0,0.0,40.0,United-States
35.0,,332588.0,,9.0,Divorced,Other-service,,White,Female,0.0,,30.0,United-States
45.0,Private,26781.0,HS-grad,9.0,,Prof-specialty,Husband,Amer-Indian-Eskimo,Male,0.0,0.0,8.0,United-States
,Private,48610.0,,7.0,Never-married,Farming-fishing,Own-child,White,Male,0.0,0.0,45.0,
,Private,162632.0,HS-grad,9.0,,,Husband,,Male,,0.0,,United-States
38.0,Local-gov,91711.0,Bachelors,13.0,Married-civ-spouse,,Husband,White,Male,0.0,0.0,,United-States
33.0,Private,198003.0,,10.0,Married-civ-spouse,Craft-repair,,White,Male,7298.0,0.0,50.0,
46.0,Private,179048.0,HS-grad,9.0,,Sales,Husband,White,,0.0,0.0,35.0,noValueSetHere123156456
25.0,Private,262778.0,,,Never-married,Sales,Not-in-family,,Female,6849.0,0.0,50.0,United-States
64.0,Private,102470.0,HS-grad,9.0,Married-civ-spouse,,Husband,White,,0.0,0.0,,United-States
62.0,Self-emp-not-inc,123170.0,Some-college,10.0,Married-civ-spouse,Exec-managerial,Husband,White,,0.0,0.0,10.0,United-States
32.0,,164243.0,,,Married-civ-spouse,Tech-support,Husband,,Male,0.0,0.0,60.0,United-States
17.0,Private,262511.0,,7.0,Never-married,Sales,,White,Male,0.0,0.0,,United-States
,Private,,,9.0,Married-civ-spouse,Craft-repair,Husband,White,Male,0.0,0.0,55.0,United-States
40.0,State-gov,91949.0,Doctorate,16.0,Never-married,Prof-specialty,,Black,Female,0.0,0.0,40.0,United-States
21.0,,,HS-grad,9.0,Never-married,Exec-managerial,Other-relative,White,Female,0.0,0.0,40.0,United-States
39.0,,173175.0,Bachelors,13.0,Married-civ-spouse,Exec-managerial,Husband,White,,15024.0,0.0,50.0,United-States
,,,Some-college,,Married-civ-spouse,Exec-managerial,Husband,White,Male,0.0,0.0,45.0,United-States
29.0,,250967.0,Assoc-voc,11.0,,,Husband,,,0.0,,,United-States
27.0,Federal-gov,285432.0,Assoc-acdm,12.0,Never-married,Transport-moving,Not-in-family,Black,Male,0.0,,40.0,United-States
,,36235.0,Assoc-acdm,12.0,Never-married,Adm-clerical,Not-in-family,,,0.0,,,United-States
,,317219.0,,10.0,Married-civ-spouse,noValueSetHere123156456,,White,,,0.0,20.0,United-States
51.0,Local-gov,110965.0,Masters,14.0,,Prof-specialty,Own-child,White,Male,0.0,0.0,40.0,United-States
,Private,123283.0,HS-grad,9.0,Separated,Machine-op-inspct,Unmarried,Black,Female,,0.0,,United-States
20.0,noValueSetHere123156456,249087.0,Some-college,10.0,,,Own-child,White,Female,,0.0,40.0,United-States
31.0,,,Some-college,10.0,Married-civ-spouse,Craft-repair,Husband,White,Male,0.0,,40.0,
29.0,,,HS-grad,9.0,,,,Black,,0.0,0.0,40.0,United-States
56.0,,,,13.0,Married-civ-spouse,,Husband,White,Male,0.0,0.0,30.0,Canada
55.0,Self-emp-not-inc,,Some-college,10.0,Divorced,Tech-support,Not-in-family,White,Female,0.0,,12.0,United-States
,,33939.0,Some-college,,,,Own-child,White,,,,,United-States
46.0,Private,155659.0,,10.0,,Craft-repair,,,Male,15024.0,0.0,45.0,United-States
,Local-gov,190228.0,,9.0,Married-civ-spouse,,Husband,,Male,,0.0,40.0,
28.0,,,HS-grad,,Married-civ-spouse,Sales,Husband,White,,,0.0,40.0,United-States
27.0,Private,,,4.0,Never-married,Other-service,Other-relative,White,Male,,0.0,35.0,Guatemala
23.0,Private,155919.0,,5.0,Married-spouse-absent,Craft-repair,,White,Male,0.0,0.0,40.0,Mexico
,Private,,10th,6.0,Married-civ-spouse,,Husband,White,,0.0,0.0,40.0,United-States
26.0,,138152.0,12th,8.0,,Craft-repair,Other-relative,Other,Male,0.0,0.0,48.0,
36.0,,167482.0,,6.0,Never-married,Handlers-cleaners,,White,,0.0,0.0,40.0,United-States
18.0,Private,57957.0,HS-grad,9.0,,,,White,Female,0.0,0.0,,United-States
33.0,,,9th,5.0,Divorced,Handlers-cleaners,Not-in-family,,,,0.0,70.0,United-States
,Self-emp-not-inc,88570.0,Assoc-voc,,Married-civ-spouse,,Wife,White,Female,0.0,,15.0,
40.0,Private,273308.0,HS-grad,,Divorced,,,,Female,0.0,0.0,48.0,Mexico
48.0,Private,216292.0,HS-grad,9.0,Married-civ-spouse,,Husband,,Male,0.0,0.0,,United-States
27.0,,131298.0,10th,6.0,Married-civ-spouse,Craft-repair,,White,Male,0.0,0.0,48.0,United-States
19.0,Private,,Some-college,10.0,Never-married,Other-service,,,Male,0.0,,20.0,United-States
,Private,,Bachelors,,,,Husband,,Male,0.0,0.0,50.0,United-States
26.0,,,Some-college,10.0,,Craft-repair,Not-in-family,White,Male,0.0,,,United-States
45.0,Federal-gov,,,11.0,Married-civ-spouse,Protective-serv,,White,Male,3908.0,0.0,40.0,United-States
20.0,,215247.0,Some-college,10.0,,Adm-clerical,,White,Female,0.0,0.0,20.0,United-States
32.0,Federal-gov,,HS-grad,9.0,Divorced,,,White,Male,0.0,,40.0,United-States
,Private,74631.0,Some-college,10.0,Never-married,Handlers-cleaners,Own-child,,Female,0.0,0.0,,
22.0,,,HS-grad,9.0,Never-married,Adm-clerical,Not-in-family,White,Male,0.0,0.0,40.0,
38.0,State-gov,354591.0,HS-grad,9.0,Never-married,,Unmarried,Black,Female,114.0,0.0,38.0,United-States
34.0,Private,155343.0,HS-grad,9.0,Married-civ-spouse,Craft-repair,Husband,White,Male,,1848.0,50.0,
,,308334.0,1st-4th,2.0,Widowed,Other-service,Unmarried,,Female,,0.0,30.0,
,Private,,Bachelors,13.0,,,Not-in-family,,Female,0.0,0.0,25.0,United-States
79.0,Self-emp-not-inc,158319.0,,9.0,Widowed,Other-service,Not-in-family,White,Female,0.0,0.0,24.0,United-States
60.0,,204486.0,Bachelors,,Married-civ-spouse,noValueSetHere123156456,Husband,,Male,0.0,0.0,8.0,United-States
24.0,Private,314823.0,HS-grad,9.0,Never-married,Sales,Own-child,White,Male,0.0,,,Dominican-Republic
,Private,211334.0,Some-college,10.0,,Craft-repair,Husband,White,Male,,,,United-States
37.0,Self-emp-not-inc,73199.0,Bachelors,,Married-civ-spouse,Sales,Husband,Asian-Pac-Islander,Male,3137.0,0.0,77.0,Vietnam
23.0,Private,126550.0,HS-grad,9.0,Never-married,,Other-relative,White,Male,0.0,0.0,,United-States
31.0,Private,260782.0,Some-college,10.0,Married-civ-spouse,Transport-moving,Husband,White,Male,0.0,,,
29.0,Private,114224.0,,13.0,Married-civ-spouse,,,White,Male,0.0,0.0,,United-States
22.0,State-gov,,Bachelors,13.0,Never-married,Prof-specialty,,,,0.0,,43.0,United-States
69.0,noValueSetHere123156456,,,10.0,,noValueSetHere123156456,Not-in-family,,Female,0.0,,,United-States
,Local-gov,219775.0,HS-grad,9.0,Divorced,,,,Female,,0.0,38.0,United-States
,Private,212894.0,,9.0,Divorced,,Other-relative,White,Male,0.0,,40.0,United-States
23.0,,,7th-8th,4.0,Never-married,,,Other,,,0.0,,
,,228075.0,HS-grad,,Never-married,Adm-clerical,,White,Male,0.0,0.0,,Mexico
,Private,239806.0,Assoc-voc,11.0,Never-married,Other-service,,White,Female,,,,
,Private,,Some-college,10.0,,Sales,Not-in-family,,Male,0.0,0.0,42.0,United-States
,Private,163620.0,HS-grad,9.0,,Exec-managerial,Husband,White,Male,7298.0,,84.0,
29.0,,194200.0,,10.0,Never-married,Machine-op-inspct,Own-child,,Male,0.0,0.0,45.0,United-States
25.0,,,Some-college,10.0,Never-married,Transport-moving,Not-in-family,,,0.0,0.0,,United-States
33.0,Federal-gov,207172.0,,9.0,Never-married,Exec-managerial,Not-in-family,White,Female,0.0,0.0,40.0,United-States
33.0,,135312.0,Bachelors,13.0,Never-married,,Not-in-family,White,Male,0.0,0.0,40.0,United-States
,Private,100734.0,Doctorate,,Never-married,Prof-specialty,Not-in-family,,Female,,0.0,28.0,United-States
30.0,,226443.0,,,Married-civ-spouse,Prof-specialty,Husband,White,Male,0.0,1887.0,,United-States
55.0,,,Bachelors,,Married-civ-spouse,,Husband,White,Male,,0.0,,United-States
,Private,192704.0,,,Never-married,,Not-in-family,White,Male,4650.0,0.0,50.0,United-States
,,224108.0,HS-grad,9.0,Widowed,,Unmarried,White,,0.0,0.0,40.0,
28.0,Private,,Bachelors,13.0,Never-married,,Not-in-family,,Male,8614.0,0.0,40.0,
,,107762.0,Masters,14.0,Married-civ-spouse,Prof-specialty,Husband,,Male,,0.0,40.0,United-States
,,183611.0,Assoc-acdm,,Divorced,Exec-managerial,Unmarried,White,,,0.0,55.0,Germany
62.0,Local-gov,249078.0,Bachelors,13.0,Divorced,Prof-specialty,Not-in-family,Black,Female,0.0,0.0,40.0,United-States
65.0,Self-emp-inc,208452.0,Some-college,10.0,,Sales,Husband,,Male,,0.0,,United-States
23.0,Private,302195.0,Bachelors,13.0,Married-civ-spouse,Prof-specialty,Husband,,Male,,0.0,40.0,United-States
60.0,,199947.0,HS-grad,9.0,Married-civ-spouse,noValueSetHere123156456,Husband,,Male,0.0,0.0,,
47.0,,379118.0,7th-8th,4.0,Married-civ-spouse,,Husband,Black,Male,0.0,0.0,,United-States
,Self-emp-inc,174855.0,,9.0,Divorced,,Unmarried,White,,0.0,0.0,,United-States
70.0,noValueSetHere123156456,173736.0,,13.0,,noValueSetHere123156456,Husband,White,Male,0.0,0.0,6.0,United-States
32.0,Self-emp-not-inc,,Bachelors,13.0,Married-civ-spouse,Craft-repair,Husband,White,,0.0,0.0,,United-States
,Federal-gov,196348.0,Some-college,,Married-civ-spouse,Machine-op-inspct,Husband,White,Male,0.0,0.0,40.0,United-States
,Private,340917.0,HS-grad,9.0,Never-married,,Unmarried,White,,14344.0,0.0,40.0,United-States
76.0,Private,97077.0,10th,6.0,Widowed,Sales,Unmarried,Black,,0.0,0.0,12.0,United-States
54.0,Private,200098.0,,13.0,Divorced,Sales,Not-in-family,Black,Female,,0.0,60.0,United-States
,Federal-gov,127651.0,,13.0,Married-civ-spouse,Prof-specialty,Husband,White,Male,0.0,0.0,40.0,United-States
31.0,Private,315128.0,,10.0,,Adm-clerical,Not-in-family,White,Female,0.0,,52.0,United-States
31.0,,206823.0,Bachelors,,Divorced,Protective-serv,Not-in-family,White,Male,0.0,0.0,50.0,
65.0,Self-emp-not-inc,316093.0,Prof-school,15.0,,Prof-specialty,Not-in-family,White,,0.0,1668.0,40.0,United-States
30.0,Private,112115.0,HS-grad,,,,Husband,White,,0.0,0.0,60.0,
63.0,noValueSetHere123156456,203821.0,HS-grad,9.0,Married-civ-spouse,noValueSetHere123156456,Husband,White,Male,0.0,0.0,40.0,United-States
21.0,Private,,Some-college,10.0,Never-married,Prof-specialty,Own-child,White,Female,,0.0,10.0,
,,298635.0,,14.0,Married-civ-spouse,Tech-support,Husband,Asian-Pac-Islander,,0.0,,40.0,Philippines
,State-gov,109193.0,,10.0,Never-married,Craft-repair,Not-in-family,White,,0.0,,,
18.0,Private,130849.0,11th,7.0,,,Own-child,,Female,0.0,0.0,8.0,
34.0,,43959.0,HS-grad,9.0,,Other-service,Husband,White,Male,,,50.0,United-States
66.0,Local-gov,222810.0,Some-college,,Divorced,Other-service,Other-relative,,Female,7896.0,0.0,40.0,noValueSetHere123156456
,Self-emp-not-inc,27242.0,Some-college,10.0,,Farming-fishing,,White,Male,,,60.0,
30.0,Private,53158.0,,12.0,Never-married,Tech-support,Not-in-family,White,Female,0.0,0.0,40.0,United-States
,Self-emp-not-inc,206520.0,Bachelors,13.0,Never-married,Craft-repair,Own-child,,,,,40.0,
31.0,Private,164190.0,Some-college,,Married-civ-spouse,Prof-specialty,Husband,White,Male,0.0,0.0,50.0,United-States
22.0,Private,287988.0,,10.0,Never-married,,Not-in-family,,Male,,,20.0,United-States
28.0,noValueSetHere123156456,200819.0,7th-8th,4.0,Divorced,noValueSetHere123156456,,White,Male,0.0,,,United-States
23.0,Private,,HS-grad,9.0,Never-married,Sales,Own-child,Asian-Pac-Islander,,0.0,,40.0,United-States
49.0,,65087.0,Masters,14.0,Married-civ-spouse,Exec-managerial,,White,,,0.0,50.0,United-States
39.0,,363418.0,,13.0,,Craft-repair,Own-child,White,Male,0.0,,,United-States
67.0,noValueSetHere123156456,182378.0,Bachelors,13.0,,noValueSetHere123156456,Husband,White,Male,9386.0,0.0,,United-States
19.0,Private,278870.0,Some-college,10.0,,Handlers-cleaners,Own-child,White,Male,0.0,0.0,16.0,United-States
30.0,Private,,Assoc-acdm,,Married-civ-spouse,Exec-managerial,,White,Male,,,50.0,United-States
,Private,228608.0,,,Never-married,,Other-relative,Asian-Pac-Islander,,0.0,0.0,40.0,Cambodia
24.0,,184400.0,,9.0,,,Own-child,Asian-Pac-Islander,Male,0.0,0.0,30.0,noValueSetHere123156456
46.0,Private,263568.0,HS-grad,9.0,,Machine-op-inspct,Husband,White,Male,0.0,,,United-States
37.0,Private,117381.0,Masters,14.0,Married-civ-spouse,,,,,0.0,0.0,45.0,United-States
41.0,Federal-gov,,HS-grad,9.0,,Other-service,Husband,White,Male,0.0,0.0,40.0,United-States
40.0,Self-emp-not-inc,49156.0,Some-college,10.0,Married-civ-spouse,Prof-specialty,Husband,,Male,0.0,0.0,20.0,United-States
,Private,,HS-grad,,,Adm-clerical,Unmarried,White,Female,0.0,0.0,40.0,United-States
32.0,,,HS-grad,9.0,Married-civ-spouse,,Husband,,Male,0.0,0.0,40.0,United-States
,Private,,HS-grad,9.0,,Handlers-cleaners,Husband,Black,,0.0,0.0,20.0,United-States
48.0,Private,175925.0,,9.0,,Machine-op-inspct,,White,Male,0.0,,48.0,United-States
34.0,Private,,,13.0,Married-civ-spouse,Exec-managerial,Husband,,Male,,0.0,40.0,
29.0,Private,,Assoc-voc,11.0,Never-married,Adm-clerical,Own-child,Black,Female,0.0,,40.0,United-States
46.0,Self-emp-inc,120121.0,Bachelors,13.0,Married-civ-spouse,,Husband,White,,0.0,0.0,50.0,
36.0,,180805.0,HS-grad,9.0,,Transport-moving,Not-in-family,Asian-Pac-Islander,Male,0.0,0.0,,
59.0,,161944.0,Bachelors,13.0,Never-married,Adm-clerical,Not-in-family,White,Male,,0.0,38.0,
29.0,Private,,12th,8.0,Married-civ-spouse,Transport-moving,Husband,White,Male,0.0,,40.0,Mexico
50.0,noValueSetHere123156456,,Masters,14.0,Never-married,,Not-in-family,White,,0.0,0.0,40.0,United-States
,Private,290528.0,HS-grad,9.0,Married-civ-spouse,Machine-op-inspct,,White,,0.0,,40.0,United-States
,,123984.0,Assoc-acdm,12.0,Never-married,Other-service,,,Female,0.0,0.0,,Philippines
,,,,9.0,Married-civ-spouse,,Husband,White,Male,0.0,0.0,70.0,United-States
,Federal-gov,,,16.0,Never-married,,Not-in-family,White,,0.0,1564.0,70.0,United-States
36.0,Private,,HS-grad,9.0,,Transport-moving,Not-in-family,White,Male,8614.0,0.0,45.0,United-States
42.0,Local-gov,195124.0,11th,,Divorced,,Unmarried,,,7430.0,0.0,50.0,Puerto-Rico
,State-gov,55938.0,,13.0,Married-civ-spouse,Adm-clerical,,White,Male,0.0,0.0,,
33.0,Private,209900.0,Some-college,10.0,,Tech-support,Own-child,White,Male,,0.0,20.0,
40.0,Private,179717.0,Bachelors,13.0,Divorced,Sales,,,Male,0.0,1564.0,,United-States
26.0,,150361.0,Bachelors,,Never-married,Prof-specialty,Not-in-family,White,Female,,0.0,40.0,United-States
,noValueSetHere123156456,,,9.0,Divorced,noValueSetHere123156456,,,Female,0.0,0.0,40.0,United-States
59.0,Private,252714.0,HS-grad,9.0,Married-civ-spouse,Machine-op-inspct,Husband,White,Male,0.0,0.0,,Italy
,Private,205204.0,HS-grad,9.0,Never-married,Adm-clerical,,White,,0.0,0.0,40.0,United-States
,Local-gov,168906.0,Assoc-acdm,12.0,Married-civ-spouse,Adm-clerical,,White,Female,,0.0,35.0,United-States
30.0,,,Bachelors,13.0,Married-civ-spouse,Exec-managerial,,,Male,0.0,0.0,50.0,United-States
27.0,Private,116531.0,Bachelors,13.0,,Exec-managerial,Not-in-family,White,Female,,0.0,40.0,United-States
,noValueSetHere123156456,202994.0,Some-college,10.0,Never-married,noValueSetHere123156456,Own-child,White,Female,0.0,,16.0,United-States
56.0,Private,191917.0,Assoc-acdm,12.0,Divorced,Adm-clerical,Unmarried,White,Female,4101.0,0.0,40.0,United-States
24.0,Private,,HS-grad,9.0,Married-civ-spouse,Machine-op-inspct,,,,0.0,,,
,Private,,Bachelors,13.0,Divorced,Sales,Unmarried,White,Female,,0.0,50.0,United-States
,,182187.0,,13.0,Never-married,,Not-in-family,,,,,,United-States
,Private,,HS-grad,9.0,Married-civ-spouse,Craft-repair,Husband,White,Male,0.0,0.0,,United-States
,Private,,,9.0,Divorced,Other-service,Unmarried,Black,Male,0.0,,9.0,United-States
47.0,,168232.0,Some-college,10.0,Married-civ-spouse,Adm-clerical,Husband,,Male,0.0,,44.0,United-States
20.0,,,Some-college,10.0,Never-married,,Unmarried,Asian-Pac-Islander,Female,0.0,0.0,,Vietnam
,Self-emp-inc,207668.0,HS-grad,9.0,Married-civ-spouse,,Husband,,Male,0.0,0.0,54.0,noValueSetHere123156456
31.0,Private,,11th,,Divorced,Other-service,Not-in-family,,Female,,0.0,40.0,United-States
,,200187.0,,11.0,Divorced,Other-service,Unmarried,White,Female,0.0,0.0,32.0,United-States
52.0,Private,188644.0,5th-6th,3.0,,Craft-repair,Other-relative,White,Male,0.0,0.0,40.0,Mexico
56.0,Private,,HS-grad,9.0,Widowed,Adm-clerical,,White,Female,0.0,0.0,40.0,
,,29658.0,HS-grad,9.0,Married-civ-spouse,Craft-repair,Husband,White,,0.0,,40.0,United-States
,Private,,,10.0,Married-civ-spouse,Sales,Husband,White,,0.0,0.0,50.0,United-States
81.0,Private,364099.0,,10.0,Divorced,Adm-clerical,Not-in-family,White,Female,,,,United-States
28.0,,291374.0,,6.0,,,,Black,Female,0.0,0.0,40.0,
,Federal-gov,,Some-college,10.0,Divorced,,Not-in-family,White,Male,0.0,0.0,48.0,United-States
34.0,,117983.0,HS-grad,9.0,Never-married,,Not-in-family,White,,,0.0,40.0,United-States
31.0,noValueSetHere123156456,345497.0,10th,6.0,Married-civ-spouse,noValueSetHere123156456,Husband,,,0.0,0.0,,United-States
24.0,Private,64167.0,Assoc-voc,11.0,,Tech-support,Unmarried,Black,,0.0,0.0,40.0,
,Private,315877.0,HS-grad,,Never-married,,,White,,,2001.0,40.0,United-States
68.0,Federal-gov,,,10.0,Divorced,,,,,,0.0,40.0,United-States
60.0,Private,225526.0,HS-grad,,,Sales,Not-in-family,White,,,0.0,,
,Federal-gov,,Some-college,10.0,Married-civ-spouse,,Husband,White,,,0.0,40.0,United-States
25.0,Private,179462.0,,4.0,Never-married,Handlers-cleaners,Unmarried,,,0.0,0.0,40.0,United-States
36.0,Federal-gov,67317.0,HS-grad,9.0,Married-civ-spouse,Adm-clerical,Husband,White,Male,0.0,0.0,,United-States
,Private,77764.0,,12.0,Married-civ-spouse,Craft-repair,Husband,White,,,,40.0,
34.0,Private,253438.0,,10.0,Married-civ-spouse,,Husband,,,0.0,,60.0,United-States
,Private,150309.0,Bachelors,13.0,Separated,Exec-managerial,Not-in-family,White,Female,0.0,0.0,70.0,
,Self-emp-not-inc,,,13.0,Married-civ-spouse,,Husband,White,Male,,0.0,,United-States
,Self-emp-not-inc,,,9.0,,Craft-repair,,White,Male,0.0,0.0,42.0,United-States
75.0,Private,311184.0,Bachelors,,,Exec-managerial,Husband,White,Male,,0.0,24.0,United-States
43.0,Local-gov,159449.0,Some-college,,Married-civ-spouse,Protective-serv,Husband,White,Male,0.0,0.0,40.0,United-States
18.0,Private,168288.0,HS-grad,9.0,Never-married,Handlers-cleaners,Own-child,White,Male,0.0,0.0,,United-States
25.0,Private,74883.0,Bachelors,13.0,Never-married,Tech-support,Not-in-family,Asian-Pac-Islander,,0.0,1092.0,,
20.0,Private,275190.0,HS-grad,9.0,Never-married,Adm-clerical,Own-child,,Female,0.0,0.0,40.0,
32.0,Private,189838.0,,9.0,,,Not-in-family,White,Female,0.0,,,United-States
,Self-emp-inc,,,13.0,,Exec-managerial,Husband,,,0.0,0.0,20.0,United-States
43.0,,,,10.0,Married-civ-spouse,Transport-moving,Husband,White,Male,,0.0,60.0,United-States
,Self-emp-not-inc,40293.0,HS-grad,9.0,Never-married,,Other-relative,White,,0.0,,40.0,United-States
,,,,13.0,Separated,Prof-specialty,,Black,Female,0.0,0.0,40.0,United-States
48.0,Private,,HS-grad,9.0,Never-married,Machine-op-inspct,Other-relative,White,Male,0.0,0.0,,Dominican-Republic
35.0,Private,46385.0,,9.0,Married-civ-spouse,Transport-moving,Husband,White,Male,,0.0,,United-States
41.0,,,Assoc-voc,11.0,,Exec-managerial,,White,Male,,0.0,40.0,
23.0,Private,183327.0,,9.0,Never-married,Craft-repair,Own-child,Black,,,1594.0,,
32.0,State-gov,182556.0,Bachelors,13.0,Married-civ-spouse,,Husband,White,Male,,1887.0,45.0,
33.0,,267859.0,HS-grad,9.0,,Craft-repair,,White,Male,0.0,0.0,,
58.0,Private,190747.0,HS-grad,9.0,,Machine-op-inspct,,,Male,0.0,,40.0,United-States
,Private,162869.0,Some-college,10.0,,Sales,,White,Male,,,65.0,
33.0,Private,141229.0,Some-college,10.0,,Other-service,,White,Female,0.0,0.0,50.0,United-States
42.0,,174216.0,Prof-school,15.0,Married-civ-spouse,,,White,Male,,0.0,38.0,United-States
25.0,Private,366416.0,HS-grad,9.0,Never-married,Adm-clerical,Own-child,White,Female,,0.0,,United-States
39.0,Private,172538.0,HS-grad,9.0,Married-civ-spouse,Prof-specialty,Husband,White,Male,,0.0,50.0,United-States
35.0,Private,193026.0,Bachelors,13.0,Married-civ-spouse,Sales,Husband,,Male,0.0,0.0,45.0,
50.0,Private,184424.0,Some-college,10.0,Married-civ-spouse,Adm-clerical,Wife,,Female,,1902.0,38.0,United-States
49.0,,337768.0,,14.0,Married-civ-spouse,Exec-managerial,Husband,White,,0.0,0.0,50.0,United-States
,Local-gov,179059.0,Bachelors,13.0,Never-married,,Own-child,White,Male,0.0,0.0,40.0,
47.0,Federal-gov,99549.0,Some-college,,Divorced,Adm-clerical,Unmarried,Black,,0.0,,40.0,United-States
46.0,Private,72619.0,,10.0,Married-civ-spouse,Exec-managerial,,White,,0.0,0.0,,United-States
42.0,State-gov,55764.0,,12.0,Divorced,Prof-specialty,Not-in-family,,Male,0.0,0.0,40.0,United-States
37.0,Private,30267.0,11th,7.0,Never-married,Transport-moving,,White,Male,0.0,,60.0,United-States
,,308144.0,Bachelors,,Never-married,Craft-repair,Not-in-family,White,Male,0.0,0.0,40.0,Mexico
29.0,Private,,,6.0,Married-civ-spouse,Craft-repair,Husband,White,Male,,0.0,40.0,United-States
,Private,,,10.0,Never-married,Sales,,White,Male,,0.0,,United-States
26.0,,176077.0,Some-college,10.0,Never-married,noValueSetHere123156456,,,Female,0.0,0.0,,
45.0,Self-emp-inc,,,13.0,Married-civ-spouse,Exec-managerial,,White,Male,,0.0,40.0,United-States
34.0,Private,114973.0,HS-grad,9.0,Separated,,Unmarried,White,,0.0,0.0,30.0,United-States
33.0,,159548.0,Assoc-acdm,12.0,Never-married,,Unmarried,Black,Female,0.0,0.0,40.0,United-States
,Private,,,13.0,Married-civ-spouse,Exec-managerial,Husband,White,,0.0,0.0,40.0,United-States
28.0,Private,196564.0,HS-grad,9.0,Married-civ-spouse,,Husband,White,Male,0.0,0.0,,United-States
51.0,,149220.0,Some-college,10.0,Married-civ-spouse,Farming-fishing,Husband,,,,0.0,75.0,
21.0,Private,169699.0,,,Never-married,Other-service,,White,Female,0.0,0.0,35.0,United-States
23.0,,218215.0,,12.0,Never-married,Other-service,Own-child,,,,0.0,35.0,
30.0,Private,156718.0,HS-grad,,Never-married,Tech-support,,White,Female,,0.0,40.0,United-States
46.0,Private,55720.0,Masters,14.0,Married-civ-spouse,Exec-managerial,Husband,White,Male,,0.0,45.0,United-States
,Self-emp-inc,257250.0,HS-grad,9.0,Never-married,,Not-in-family,White,Male,0.0,0.0,50.0,
,Private,194630.0,HS-grad,9.0,Never-married,,Not-in-family,White,Male,,0.0,,United-States
36.0,Private,398931.0,,13.0,,Prof-specialty,,White,Male,,1485.0,,United-States
37.0,Self-emp-not-inc,362062.0,Prof-school,15.0,,Prof-specialty,Husband,White,Male,,0.0,50.0,United-States
,Local-gov,,Masters,,Never-married,Prof-specialty,Not-in-family,,,0.0,,42.0,United-States
33.0,Private,196266.0,HS-grad,9.0,Married-civ-spouse,Craft-repair,Husband,White,Male,0.0,0.0,40.0,
45.0,,197332.0,Bachelors,13.0,Never-married,,Not-in-family,White,Male,0.0,0.0,40.0,United-States
47.0,Private,97842.0,Some-college,10.0,Married-civ-spouse,,Husband,,,,0.0,40.0,United-States
54.0,,86837.0,HS-grad,9.0,Married-civ-spouse,Craft-repair,Husband,Asian-Pac-Islander,Male,,1902.0,40.0,
,,,10th,6.0,,Other-service,,White,Male,0.0,,,
43.0,Private,116852.0,HS-grad,9.0,Married-civ-spouse,,Wife,White,Female,,0.0,,
45.0,Private,154430.0,,13.0,,Prof-specialty,,White,Female,,0.0,50.0,United-States
37.0,Private,38468.0,Some-college,,,Adm-clerical,Not-in-family,,,,0.0,,United-States
44.0,,188808.0,,11.0,,Craft-repair,,White,Male,0.0,0.0,40.0,
,Local-gov,,Masters,14.0,Widowed,Prof-specialty,Unmarried,White,,,0.0,50.0,
41.0,Private,187322.0,,9.0,Married-civ-spouse,Machine-op-inspct,Husband,White,,0.0,0.0,,United-States
23.0,Private,107578.0,,,Never-married,Adm-clerical,Own-child,White,Female,2174.0,0.0,40.0,United-States
38.0,,168680.0,Some-college,,Never-married,Adm-clerical,Own-child,Black,,,,40.0,United-States
23.0,,,,13.0,Never-married,,,White,Female,,0.0,40.0,
35.0,,360799.0,HS-grad,9.0,Married-civ-spouse,Craft-repair,Husband,White,Male,7298.0,0.0,40.0,United-States
18.0,,188476.0,11th,7.0,Never-married,,Own-child,White,,0.0,0.0,,
47.0,Private,30457.0,,,Married-civ-spouse,,Husband,White,Male,0.0,0.0,40.0,United-States
25.0,,252752.0,Some-college,10.0,Never-married,Prof-specialty,Not-in-family,White,Female,0.0,,8.0,
,,443508.0,,,Married-civ-spouse,Exec-managerial,Husband,White,Male,0.0,0.0,50.0,United-States
23.0,Private,,Some-college,,Never-married,Adm-clerical,Other-relative,Asian-Pac-Islander,Female,0.0,,,Vietnam
,,178983.0,HS-grad,,,Adm-clerical,Wife,White,Female,,0.0,40.0,United-States
26.0,,143068.0,Some-college,10.0,Married-civ-spouse,Exec-managerial,Husband,White,Male,2407.0,0.0,,
,,247328.0,Some-college,10.0,Never-married,Adm-clerical,,White,Male,0.0,,40.0,United-States
42.0,Private,201732.0,Some-college,10.0,,Sales,Husband,White,Male,0.0,0.0,,United-States
35.0,Private,246829.0,HS-grad,9.0,,,Unmarried,White,Female,,0.0,40.0,United-States
28.0,noValueSetHere123156456,290267.0,Bachelors,13.0,Never-married,noValueSetHere123156456,Not-in-family,White,Male,0.0,,,United-States
,Private,119170.0,Some-college,10.0,Separated,Tech-support,Unmarried,,Female,,0.0,,United-States
21.0,Private,207923.0,,10.0,,Adm-clerical,Own-child,,,0.0,0.0,15.0,
48.0,State-gov,,,14.0,Divorced,Prof-specialty,Not-in-family,White,Male,0.0,0.0,40.0,United-States
44.0,,187164.0,,9.0,Divorced,Transport-moving,Unmarried,White,,0.0,0.0,60.0,United-States
,Local-gov,303867.0,9th,5.0,,,,White,Male,0.0,,40.0,
19.0,Private,291429.0,HS-grad,9.0,Never-married,Other-service,Own-child,White,Female,0.0,,25.0,United-States
32.0,Private,213179.0,,10.0,Divorced,Craft-repair,Own-child,,Male,,0.0,40.0,United-States
31.0,State-gov,111843.0,Assoc-acdm,,,Other-service,Unmarried,Black,Female,0.0,0.0,,United-States
25.0,,,HS-grad,9.0,Married-civ-spouse,Handlers-cleaners,Husband,White,Male,,,40.0,United-States
47.0,Federal-gov,68493.0,HS-grad,,Married-civ-spouse,Adm-clerical,Husband,Black,Male,,0.0,40.0,United-States
46.0,Federal-gov,340718.0,11th,7.0,Widowed,Adm-clerical,Not-in-family,,Female,0.0,,40.0,United-States
18.0,Private,194059.0,12th,8.0,Never-married,,Own-child,,,0.0,,40.0,United-States
,Private,,Some-college,,Married-civ-spouse,Adm-clerical,Wife,,,,1740.0,20.0,United-States
28.0,,286310.0,,9.0,Married-civ-spouse,Adm-clerical,Own-child,White,,0.0,0.0,40.0,
38.0,Private,207202.0,,9.0,Married-civ-spouse,Machine-op-inspct,Husband,White,Male,0.0,0.0,,United-States
33.0,,132601.0,HS-grad,9.0,Married-civ-spouse,Craft-repair,Husband,,Male,,0.0,40.0,United-States
,noValueSetHere123156456,139183.0,,,Never-married,noValueSetHere123156456,Own-child,,Female,,,15.0,United-States
41.0,,160785.0,Assoc-voc,11.0,Married-civ-spouse,,Husband,White,,0.0,0.0,40.0,United-States
46.0,,117849.0,Some-college,10.0,Married-civ-spouse,,Husband,White,Male,15024.0,,,United-States
38.0,Local-gov,,,10.0,Married-civ-spouse,,,,Male,0.0,0.0,44.0,
,,190290.0,,,Never-married,,Not-in-family,White,Male,,,60.0,United-States
49.0,Private,164799.0,HS-grad,9.0,Married-civ-spouse,Machine-op-inspct,,White,,0.0,0.0,40.0,
60.0,Federal-gov,21876.0,,10.0,Divorced,Prof-specialty,Not-in-family,Amer-Indian-Eskimo,Female,0.0,0.0,40.0,United-States
44.0,Private,160785.0,,13.0,,,,White,Male,,0.0,60.0,United-States
63.0,Self-emp-inc,272425.0,Assoc-voc,11.0,,Exec-managerial,Husband,White,Male,0.0,0.0,40.0,United-States
40.0,Private,168538.0,HS-grad,,Married-civ-spouse,Sales,,White,,0.0,0.0,60.0,United-States
45.0,Self-emp-inc,204205.0,,,Married-civ-spouse,,Husband,White,Male,0.0,0.0,50.0,United-States
49.0,Private,,,10.0,Married-civ-spouse,,Husband,,,,1902.0,50.0,
36.0,Private,169926.0,HS-grad,9.0,Divorced,Sales,Not-in-family,White,,0.0,0.0,40.0,United-States
65.0,Local-gov,205024.0,HS-grad,9.0,Married-civ-spouse,,Husband,White,Male,0.0,0.0,8.0,
41.0,Private,374764.0,Bachelors,,Widowed,Exec-managerial,Unmarried,,,0.0,0.0,,United-States
25.0,Private,,Masters,14.0,Separated,Other-service,Own-child,,,0.0,0.0,40.0,United-States
,,293136.0,Some-college,10.0,,,,White,,0.0,0.0,35.0,United-States
60.0,Private,227332.0,Assoc-voc,,Widowed,,Not-in-family,,Male,,0.0,40.0,United-States
,Local-gov,246308.0,11th,7.0,Never-married,Prof-specialty,Own-child,White,Female,0.0,0.0,20.0,Puerto-Rico
28.0,Private,51331.0,Assoc-acdm,,,,Wife,White,Female,0.0,0.0,,United-States
31.0,,153078.0,,,Never-married,Craft-repair,Own-child,,Male,0.0,0.0,50.0,United-States
47.0,,,Masters,14.0,Never-married,Prof-specialty,Not-in-family,White,Female,0.0,0.0,35.0,United-States
45.0,,193451.0,Some-college,10.0,,Transport-moving,,,Male,0.0,0.0,45.0,United-States
,,305147.0,,13.0,Never-married,Prof-specialty,,White,Male,0.0,0.0,,United-States
,,138892.0,,9.0,,,Own-child,Black,Male,0.0,0.0,40.0,United-States
44.0,Self-emp-not-inc,402397.0,Masters,14.0,Married-civ-spouse,Exec-managerial,Wife,White,Female,,,,United-States
34.0,Private,,HS-grad,,,Exec-managerial,Other-relative,,Male,0.0,0.0,50.0,United-States
19.0,Private,29250.0,Some-college,10.0,,Prof-specialty,Own-child,,Male,0.0,0.0,10.0,United-States
51.0,,203953.0,HS-grad,9.0,Married-civ-spouse,noValueSetHere123156456,Husband,White,,,0.0,40.0,United-States
46.0,State-gov,29696.0,HS-grad,9.0,Married-civ-spouse,,Husband,White,Male,0.0,0.0,40.0,United-States
30.0,,315640.0,Doctorate,16.0,Married-civ-spouse,Prof-specialty,Husband,Asian-Pac-Islander,,0.0,,40.0,China
37.0,,632613.0,10th,6.0,Married-civ-spouse,,,,Male,,0.0,35.0,Mexico
56.0,Private,282023.0,Prof-school,15.0,Married-civ-spouse,Prof-specialty,Husband,White,Male,,0.0,45.0,
29.0,Private,,HS-grad,,Married-civ-spouse,Adm-clerical,Husband,,,0.0,,,United-States
46.0,Self-emp-not-inc,148599.0,Masters,14.0,Married-civ-spouse,Craft-repair,,White,,,,50.0,United-States
55.0,Private,,,,Married-civ-spouse,Craft-repair,Husband,White,Male,,0.0,,United-States
45.0,Private,339863.0,Bachelors,13.0,Divorced,Sales,,White,,,0.0,48.0,United-States
34.0,,499249.0,HS-grad,9.0,Married-spouse-absent,Handlers-cleaners,Not-in-family,White,Male,0.0,0.0,40.0,Guatemala
,noValueSetHere123156456,144354.0,9th,,Separated,,Own-child,Black,Male,0.0,0.0,40.0,United-States
41.0,Private,252058.0,Bachelors,13.0,,Adm-clerical,Not-in-family,White,,0.0,0.0,40.0,United-States
22.0,noValueSetHere123156456,,Some-college,10.0,,noValueSetHere123156456,Own-child,White,Male,0.0,0.0,20.0,
,Private,117963.0,Prof-school,15.0,,,Husband,,Male,0.0,0.0,50.0,
,Private,194652.0,HS-grad,9.0,,Craft-repair,Own-child,,,0.0,,40.0,United-States
29.0,,,Some-college,10.0,,Handlers-cleaners,Unmarried,Black,Male,0.0,,37.0,United-States
,Federal-gov,27433.0,,8.0,,,Own-child,,,0.0,0.0,,United-States
47.0,Local-gov,39986.0,,13.0,Married-civ-spouse,Prof-specialty,,,Male,0.0,0.0,40.0,United-States
43.0,Self-emp-inc,135342.0,Some-college,10.0,Married-civ-spouse,Exec-managerial,Husband,White,,0.0,0.0,,United-States
52.0,,270142.0,Assoc-voc,11.0,Separated,Exec-managerial,Unmarried,Black,Female,0.0,0.0,60.0,
,Self-emp-not-inc,118267.0,Assoc-acdm,12.0,Divorced,,Not-in-family,White,Male,0.0,0.0,,United-States
29.0,Private,266043.0,9th,5.0,Married-civ-spouse,Transport-moving,Husband,White,Male,0.0,,,
23.0,Private,35633.0,HS-grad,9.0,,,Husband,,Male,0.0,0.0,40.0,United-States
23.0,Private,74568.0,Some-college,10.0,Never-married,Exec-managerial,Not-in-family,White,Male,0.0,0.0,,
39.0,Private,214816.0,Bachelors,13.0,Married-civ-spouse,Exec-managerial,Husband,White,Male,0.0,0.0,60.0,United-States
43.0,Private,222971.0,5th-6th,3.0,Never-married,,,,,0.0,0.0,40.0,Mexico
31.0,Private,259425.0,,9.0,Married-civ-spouse,Craft-repair,Husband,White,Male,0.0,0.0,40.0,United-States
47.0,Self-emp-inc,212120.0,HS-grad,,,Craft-repair,Husband,White,Male,,0.0,40.0,United-States
26.0,Private,,HS-grad,9.0,,,Not-in-family,White,,0.0,0.0,,United-States
,Local-gov,54947.0,Some-college,,Never-married,,,White,Female,0.0,0.0,55.0,United-States
,Self-emp-inc,79627.0,Prof-school,15.0,Divorced,Prof-specialty,Not-in-family,,Male,27828.0,,50.0,United-States
55.0,,151474.0,Bachelors,,Never-married,,Other-relative,White,Female,0.0,1590.0,38.0,United-States
26.0,Private,132661.0,HS-grad,,Married-civ-spouse,Exec-managerial,Wife,,Female,5013.0,0.0,40.0,United-States
28.0,Private,161674.0,HS-grad,9.0,Never-married,Machine-op-inspct,Unmarried,White,Female,0.0,0.0,40.0,United-States
36.0,,62346.0,,9.0,Married-civ-spouse,,Husband,Black,Male,0.0,0.0,40.0,United-States
40.0,Private,227236.0,HS-grad,,Married-civ-spouse,,Husband,,Male,0.0,0.0,,
,Private,283033.0,11th,7.0,,,,White,,0.0,,40.0,
,Self-emp-not-inc,298249.0,Bachelors,13.0,,,,White,Male,10605.0,0.0,,United-States
,Private,251229.0,Bachelors,13.0,,Transport-moving,Husband,White,Male,0.0,0.0,40.0,United-States
,Private,199949.0,9th,5.0,Married-civ-spouse,Protective-serv,,White,Male,0.0,,13.0,United-States
,State-gov,,Assoc-voc,11.0,Never-married,Tech-support,Not-in-family,White,Female,0.0,0.0,,United-States
38.0,Self-emp-not-inc,,5th-6th,3.0,,Transport-moving,Not-in-family,White,Male,0.0,0.0,40.0,United-States
33.0,State-gov,79440.0,Masters,14.0,Never-married,Prof-specialty,,Asian-Pac-Islander,,0.0,0.0,30.0,Japan
48.0,Local-gov,142719.0,,,Married-civ-spouse,,,White,Male,0.0,0.0,40.0,United-States
56.0,Private,119859.0,,10.0,Divorced,Transport-moving,Not-in-family,,Male,0.0,,40.0,United-States
32.0,Private,,HS-grad,9.0,Married-civ-spouse,,,,Male,,0.0,40.0,United-States
44.0,Local-gov,202872.0,Some-college,10.0,,,Unmarried,White,Female,0.0,,25.0,
27.0,Private,198813.0,HS-grad,9.0,Divorced,,Own-child,,Female,0.0,0.0,40.0,United-States
,Federal-gov,129707.0,Some-college,,Never-married,,Not-in-family,White,,0.0,0.0,50.0,United-States
,Private,445758.0,5th-6th,,Never-married,Handlers-cleaners,Not-in-family,White,Male,0.0,0.0,,Mexico
18.0,noValueSetHere123156456,30246.0,Some-college,,Never-married,noValueSetHere123156456,Own-child,White,Female,0.0,,20.0,
44.0,,173981.0,HS-grad,,,Craft-repair,,,,0.0,0.0,40.0,United-States
,Private,108506.0,HS-grad,9.0,Married-civ-spouse,Transport-moving,,Amer-Indian-Eskimo,Male,0.0,0.0,,United-States
34.0,Private,134886.0,Some-college,10.0,Never-married,Adm-clerical,Not-in-family,White,Female,0.0,0.0,,United-States
45.0,,,HS-grad,9.0,Married-civ-spouse,Adm-clerical,Husband,White,,,1672.0,,United-States
57.0,,282913.0,HS-grad,,Married-civ-spouse,Sales,Husband,White,Male,0.0,0.0,,Cuba
59.0,Local-gov,196013.0,Bachelors,13.0,Married-civ-spouse,,,White,Male,0.0,0.0,40.0,United-States
33.0,Federal-gov,,Some-college,10.0,Married-civ-spouse,Exec-managerial,,Black,Female,0.0,,40.0,United-States
,Private,416164.0,HS-grad,,Married-civ-spouse,Farming-fishing,Husband,Other,Male,0.0,0.0,49.0,Mexico
17.0,Private,121037.0,12th,8.0,,,Own-child,White,,0.0,0.0,15.0,United-States
29.0,Private,,HS-grad,9.0,Never-married,,Own-child,White,,0.0,0.0,30.0,Canada
,Self-emp-not-inc,147589.0,Bachelors,13.0,,Sales,Husband,White,,0.0,0.0,30.0,
,Private,24008.0,Some-college,10.0,Never-married,,Not-in-family,,Male,0.0,,24.0,United-States
42.0,Self-emp-inc,123838.0,Prof-school,15.0,Married-civ-spouse,Prof-specialty,Husband,White,Male,,1977.0,50.0,United-States
50.0,Self-emp-not-inc,175456.0,,9.0,Married-civ-spouse,Farming-fishing,Husband,,Male,0.0,,50.0,United-States
55.0,Private,84774.0,HS-grad,,Married-civ-spouse,Priv-house-serv,Wife,,Female,0.0,0.0,30.0,United-States
27.0,Private,194590.0,Assoc-acdm,12.0,Married-civ-spouse,,Wife,,,0.0,0.0,25.0,United-States
28.0,Private,,Bachelors,,,Exec-managerial,,White,Male,0.0,0.0,45.0,
55.0,Private,211678.0,,,Married-civ-spouse,Machine-op-inspct,,White,Male,,0.0,45.0,United-States
,Federal-gov,,Some-college,10.0,Married-civ-spouse,Craft-repair,Husband,White,Male,0.0,0.0,,United-States
,State-gov,144586.0,Some-college,10.0,,,Not-in-family,White,,0.0,0.0,40.0,United-States
23.0,Private,,HS-grad,9.0,,,Husband,White,Male,,,40.0,
25.0,Private,371987.0,HS-grad,9.0,Divorced,Adm-clerical,Not-in-family,White,,0.0,0.0,,United-States
44.0,State-gov,,Bachelors,13.0,Divorced,Prof-specialty,Not-in-family,White,Female,0.0,0.0,,
55.0,,,Masters,,Married-civ-spouse,,Husband,White,,0.0,1977.0,40.0,United-States
48.0,Self-emp-not-inc,121124.0,Some-college,10.0,Married-civ-spouse,Prof-specialty,,White,,0.0,0.0,,United-States
,Private,58126.0,HS-grad,9.0,,Craft-repair,Husband,,Male,0.0,,40.0,
26.0,Private,318518.0,Some-college,10.0,Never-married,Transport-moving,Not-in-family,White,Male,,,40.0,
30.0,,,7th-8th,4.0,Separated,Farming-fishing,Not-in-family,White,Male,,0.0,45.0,Mexico
32.0,Private,473133.0,Masters,14.0,Married-civ-spouse,Prof-specialty,Husband,White,Male,0.0,,40.0,
52.0,Private,155434.0,,9.0,Married-civ-spouse,Exec-managerial,,White,Male,0.0,0.0,48.0,United-States
52.0,Private,,HS-grad,9.0,Married-civ-spouse,Sales,,,Male,,,50.0,United-States
39.0,Private,56648.0,,9.0,Separated,Sales,Not-in-family,White,,0.0,0.0,47.0,
57.0,Local-gov,118481.0,Bachelors,,,Prof-specialty,Husband,White,Male,0.0,1902.0,40.0,United-States
21.0,Private,321666.0,HS-grad,9.0,,Craft-repair,Own-child,White,Male,594.0,0.0,,
,State-gov,119838.0,Some-college,10.0,Never-married,,Own-child,,Male,0.0,0.0,,United-States
26.0,Private,330695.0,,,Married-civ-spouse,Machine-op-inspct,Husband,White,Male,0.0,0.0,40.0,United-States
,State-gov,,Some-college,,Married-civ-spouse,Other-service,,White,Male,0.0,0.0,40.0,United-States
44.0,Private,313022.0,Assoc-voc,11.0,Married-civ-spouse,,Husband,Black,,,,40.0,United-States
42.0,Private,178134.0,,10.0,Divorced,,Not-in-family,White,,0.0,0.0,30.0,United-States
40.0,Private,165309.0,Some-college,10.0,Married-civ-spouse,,Husband,White,Male,0.0,0.0,43.0,United-States
,Private,216181.0,11th,7.0,,Craft-repair,Own-child,White,Male,0.0,0.0,,
62.0,Private,,HS-grad,,Married-civ-spouse,Craft-repair,Husband,,,0.0,0.0,45.0,
44.0,,,,10.0,Married-civ-spouse,Craft-repair,Husband,White,Male,0.0,0.0,40.0,
18.0,,163788.0,,10.0,Never-married,noValueSetHere123156456,Own-child,White,Female,0.0,0.0,40.0,United-States
33.0,Self-emp-not-inc,295591.0,1st-4th,,Married-spouse-absent,Craft-repair,Not-in-family,White,Male,0.0,0.0,40.0,Mexico
45.0,,,HS-grad,9.0,Married-civ-spouse,Exec-managerial,Husband,White,Male,0.0,0.0,50.0,United-States
18.0,Private,78045.0,11th,7.0,,Handlers-cleaners,Own-child,White,Male,,0.0,40.0,United-States
32.0,Local-gov,,Some-college,10.0,Never-married,Craft-repair,Not-in-family,White,Male,0.0,0.0,40.0,United-States
33.0,,,Doctorate,,,Prof-specialty,Not-in-family,White,,,0.0,60.0,
20.0,Private,174714.0,,,Never-married,Prof-specialty,,White,Male,0.0,0.0,15.0,United-States
,Self-emp-not-inc,450580.0,HS-grad,,Married-civ-spouse,Farming-fishing,Husband,White,,0.0,,,
61.0,Private,128230.0,7th-8th,,Married-civ-spouse,Sales,Husband,White,Male,0.0,0.0,50.0,United-States
48.0,Private,192894.0,,,Married-civ-spouse,Prof-specialty,Husband,White,Male,0.0,,,
45.0,,325390.0,HS-grad,9.0,Married-civ-spouse,,Husband,White,,0.0,0.0,,
36.0,Self-emp-not-inc,20333.0,HS-grad,9.0,,,,,Female,7688.0,0.0,40.0,United-States
,Federal-gov,128714.0,HS-grad,9.0,Never-married,,Own-child,,Female,0.0,0.0,32.0,United-States
35.0,Private,170797.0,Bachelors,13.0,Divorced,,,White,Female,0.0,0.0,40.0,United-States
,,269186.0,HS-grad,9.0,Married-civ-spouse,Craft-repair,Husband,,Male,0.0,0.0,40.0,United-States
53.0,Private,127671.0,,4.0,Married-civ-spouse,Machine-op-inspct,Husband,White,Male,,0.0,40.0,United-States
30.0,Private,211840.0,Some-college,10.0,,,Unmarried,Black,Female,0.0,0.0,16.0,United-States
,Private,163392.0,HS-grad,,Never-married,,,Asian-Pac-Islander,,0.0,0.0,40.0,noValueSetHere123156456
40.0,Private,201495.0,Bachelors,13.0,Divorced,Protective-serv,Not-in-family,White,Male,0.0,0.0,45.0,United-States
,,,Some-college,,Never-married,Adm-clerical,,Black,Female,0.0,0.0,40.0,Jamaica
41.0,Private,279297.0,HS-grad,9.0,Never-married,Sales,Not-in-family,,Female,,0.0,60.0,United-States
52.0,Self-emp-not-inc,195462.0,,9.0,Married-civ-spouse,Farming-fishing,Husband,White,Male,0.0,0.0,,United-States
33.0,Private,170769.0,HS-grad,,Married-civ-spouse,Craft-repair,Husband,White,,0.0,0.0,,United-States
28.0,,,,9.0,Never-married,Craft-repair,Own-child,White,,,,40.0,United-States
25.0,Self-emp-not-inc,,HS-grad,9.0,Married-civ-spouse,Craft-repair,Husband,White,Male,7298.0,0.0,40.0,United-States
53.0,Private,121441.0,Some-college,10.0,Married-civ-spouse,Sales,Husband,White,Male,0.0,,55.0,United-States
44.0,Private,275094.0,1st-4th,2.0,Never-married,Other-service,Own-child,,Male,0.0,,10.0,
35.0,,170263.0,HS-grad,9.0,Divorced,Exec-managerial,Unmarried,White,Female,0.0,0.0,40.0,United-States
38.0,Private,172571.0,Some-college,10.0,Divorced,Craft-repair,Own-child,White,Male,0.0,0.0,,Poland
34.0,Private,,HS-grad,9.0,Married-civ-spouse,Machine-op-inspct,Husband,White,Male,0.0,0.0,40.0,
,Private,279524.0,HS-grad,9.0,Divorced,Machine-op-inspct,Not-in-family,White,,,,40.0,United-States
,State-gov,165201.0,Some-college,10.0,,,,White,Female,,0.0,45.0,United-States
65.0,Local-gov,323006.0,HS-grad,,,Other-service,Unmarried,Black,Female,0.0,0.0,,United-States
29.0,,,Assoc-acdm,12.0,,Sales,,,Male,0.0,0.0,60.0,
,,114844.0,Prof-school,,Married-civ-spouse,Prof-specialty,Husband,White,,,,65.0,United-States
46.0,Local-gov,216414.0,Some-college,10.0,Married-civ-spouse,,,White,Male,0.0,0.0,,United-States
37.0,Private,34378.0,7th-8th,4.0,Married-civ-spouse,Farming-fishing,Husband,White,Male,2580.0,0.0,,
,,,Masters,14.0,Married-civ-spouse,,,,Male,,0.0,47.0,United-States
,,,Some-college,,Married-civ-spouse,,,White,Male,0.0,0.0,40.0,United-States
54.0,Self-emp-not-inc,212165.0,HS-grad,9.0,Married-civ-spouse,Sales,Husband,White,,,0.0,60.0,United-States
90.0,Private,52386.0,Some-college,,Never-married,Other-service,Not-in-family,Asian-Pac-Islander,Male,0.0,0.0,,United-States
33.0,,,Assoc-acdm,12.0,,Craft-repair,Not-in-family,White,Male,,0.0,20.0,United-States
,Private,109638.0,Some-college,10.0,Married-civ-spouse,,Husband,White,Male,0.0,1672.0,,United-States
25.0,Private,,Assoc-acdm,,,Craft-repair,,White,Male,,0.0,40.0,United-States
44.0,Self-emp-inc,,Some-college,10.0,,,,,Male,,0.0,50.0,United-States
52.0,Private,236180.0,Bachelors,13.0,Married-spouse-absent,,Not-in-family,White,Male,0.0,0.0,50.0,United-States
21.0,,118693.0,Some-college,,,Machine-op-inspct,Own-child,White,Male,,,40.0,United-States
,Private,363130.0,HS-grad,9.0,,Other-service,Unmarried,Black,Male,,0.0,,United-States
39.0,,225544.0,Masters,14.0,Married-civ-spouse,Transport-moving,Husband,White,Male,,0.0,40.0,Poland
59.0,Federal-gov,243612.0,HS-grad,9.0,Widowed,Machine-op-inspct,Unmarried,White,Female,0.0,0.0,40.0,United-States
,Self-emp-not-inc,160786.0,HS-grad,,Married-civ-spouse,,,White,Male,,,55.0,
,,234320.0,,4.0,,Prof-specialty,Other-relative,,Male,,0.0,45.0,United-States
34.0,Private,,9th,5.0,Married-civ-spouse,Craft-repair,Husband,White,Male,0.0,0.0,40.0,United-States
,Private,124971.0,,13.0,Never-married,,Not-in-family,,Male,0.0,0.0,,United-States
32.0,Private,,Bachelors,13.0,Married-civ-spouse,Sales,Husband,Other,Male,0.0,0.0,,Puerto-Rico
39.0,,,HS-grad,,Divorced,,Unmarried,Black,Female,0.0,0.0,40.0,United-States
46.0,,,,,,Prof-specialty,Husband,White,Male,0.0,,60.0,United-States
50.0,Private,71417.0,HS-grad,9.0,Married-civ-spouse,Craft-repair,Husband,White,Male,3103.0,,40.0,United-States
34.0,Private,45522.0,HS-grad,9.0,,,Not-in-family,White,,0.0,0.0,40.0,
,Local-gov,250135.0,Masters,14.0,,,Wife,,,0.0,1902.0,,United-States
18.0,Private,,12th,,Never-married,Sales,Own-child,White,Female,0.0,,24.0,United-States
20.0,,216972.0,HS-grad,9.0,Never-married,Sales,,White,Male,0.0,0.0,30.0,United-States
20.0,,116791.0,HS-grad,9.0,Never-married,Machine-op-inspct,Other-relative,White,Female,0.0,0.0,40.0,
55.0,,26290.0,Assoc-voc,11.0,Widowed,,Not-in-family,Amer-Indian-Eskimo,,0.0,,38.0,United-States
22.0,,216134.0,Some-college,,Never-married,Sales,Own-child,,Female,0.0,0.0,40.0,United-States
,Self-emp-not-inc,143932.0,Masters,14.0,Married-civ-spouse,Exec-managerial,Husband,White,Male,0.0,0.0,,United-States
40.0,Private,217120.0,10th,6.0,Divorced,Craft-repair,Not-in-family,White,,0.0,,,
,,223944.0,Some-college,10.0,Married-civ-spouse,Adm-clerical,Wife,White,Female,,0.0,30.0,
23.0,Private,185452.0,Bachelors,13.0,Never-married,Exec-managerial,Not-in-family,White,Female,0.0,,35.0,Canada
57.0,Local-gov,44273.0,HS-grad,9.0,Widowed,Transport-moving,,White,Female,0.0,0.0,40.0,
,Private,,,,Married-civ-spouse,Other-service,Husband,White,Male,,,,United-States
,Private,219288.0,7th-8th,,Widowed,,,,,0.0,,40.0,United-States
25.0,Private,,Assoc-acdm,,Never-married,Handlers-cleaners,,White,Male,0.0,,20.0,United-States
49.0,,158685.0,HS-grad,9.0,Married-civ-spouse,Adm-clerical,Wife,White,Female,0.0,2377.0,40.0,United-States
41.0,Federal-gov,,Some-college,10.0,Never-married,,Own-child,White,Male,0.0,0.0,40.0,United-States
40.0,State-gov,270324.0,Assoc-voc,11.0,,Other-service,,Black,Male,0.0,0.0,,United-States
,,33001.0,Bachelors,13.0,Married-civ-spouse,Exec-managerial,Husband,White,Male,,0.0,,United-States
58.0,Private,204021.0,HS-grad,9.0,Never-married,Transport-moving,Own-child,,Male,0.0,0.0,40.0,
26.0,Private,192506.0,Bachelors,13.0,,,,Black,,0.0,0.0,35.0,United-States
57.0,Private,372967.0,10th,6.0,,Adm-clerical,Other-relative,,Female,0.0,0.0,70.0,Germany
28.0,Private,273929.0,HS-grad,9.0,,Sales,Husband,White,,0.0,1628.0,,
,Private,,,,Separated,,Unmarried,White,Female,0.0,0.0,40.0,United-States
,Private,,Some-college,10.0,Never-married,Exec-managerial,Not-in-family,White,Male,,,,United-States
,noValueSetHere123156456,127003.0,,5.0,,noValueSetHere123156456,Own-child,Black,,,0.0,,United-States
39.0,Self-emp-not-inc,124090.0,,5.0,Married-civ-spouse,,Husband,White,Male,0.0,0.0,,United-States
,,,HS-grad,9.0,Married-civ-spouse,Machine-op-inspct,Husband,Black,Male,0.0,0.0,,
42.0,Private,255847.0,HS-grad,9.0,Married-civ-spouse,Machine-op-inspct,Husband,White,Male,4386.0,0.0,48.0,United-States
51.0,,218311.0,Some-college,10.0,Divorced,Sales,Unmarried,White,,0.0,0.0,,
27.0,,167336.0,Some-college,10.0,Never-married,Adm-clerical,Not-in-family,White,Female,0.0,0.0,39.0,United-States
41.0,Private,59938.0,HS-grad,,Divorced,Adm-clerical,Unmarried,White,Female,0.0,,43.0,United-States
28.0,,263728.0,,13.0,Married-civ-spouse,Craft-repair,Husband,,,0.0,,40.0,United-States
54.0,Self-emp-not-inc,,Some-college,,Divorced,Farming-fishing,Unmarried,White,,,0.0,30.0,United-States
73.0,noValueSetHere123156456,,,9.0,Widowed,noValueSetHere123156456,Not-in-family,White,Female,0.0,,8.0,United-States
49.0,Private,43910.0,HS-grad,9.0,,Adm-clerical,Wife,White,,,0.0,30.0,United-States
,Private,190139.0,Masters,14.0,,Exec-managerial,Husband,White,Male,0.0,0.0,,United-States
27.0,Private,109001.0,,10.0,Married-civ-spouse,,Husband,White,,,0.0,49.0,
42.0,Local-gov,159931.0,Bachelors,13.0,Married-civ-spouse,Prof-specialty,Wife,White,Female,,,45.0,United-States
32.0,Private,,,9.0,Married-civ-spouse,Adm-clerical,,Black,Female,0.0,0.0,40.0,United-States
,Local-gov,87310.0,HS-grad,9.0,Married-civ-spouse,,Husband,White,Male,0.0,0.0,41.0,United-States
27.0,,,Masters,,Never-married,Sales,,White,,,,40.0,United-States
,Private,207064.0,HS-grad,,Married-civ-spouse,Craft-repair,Husband,White,Male,0.0,,40.0,United-States
22.0,Private,36011.0,Assoc-voc,11.0,Never-married,Prof-specialty,Not-in-family,,,0.0,0.0,30.0,United-States
41.0,,,HS-grad,,Married-civ-spouse,,Husband,White,Male,5178.0,0.0,,United-States
49.0,Local-gov,,Some-college,10.0,,Handlers-cleaners,Husband,White,,7298.0,0.0,40.0,United-States
58.0,,49884.0,HS-grad,9.0,Married-civ-spouse,Farming-fishing,Husband,White,Male,0.0,,,
41.0,,,,9.0,Married-civ-spouse,Farming-fishing,,White,,7688.0,0.0,40.0,United-States
26.0,Private,229977.0,,,Married-civ-spouse,Craft-repair,,White,Male,0.0,0.0,35.0,United-States
21.0,,64520.0,HS-grad,9.0,Never-married,,Not-in-family,White,Male,0.0,,55.0,United-States
32.0,noValueSetHere123156456,134886.0,,9.0,Married-civ-spouse,noValueSetHere123156456,Wife,,Female,0.0,0.0,2.0,United-States
37.0,,305379.0,Bachelors,,Married-civ-spouse,Exec-managerial,,White,Male,,0.0,50.0,United-States
,Private,202284.0,,13.0,Never-married,Sales,,White,Male,0.0,0.0,,United-States
42.0,,99185.0,,,Married-civ-spouse,,,White,Male,0.0,0.0,40.0,United-States
25.0,,159662.0,HS-grad,9.0,Married-civ-spouse,,Own-child,,Male,0.0,0.0,26.0,United-States
67.0,Private,197865.0,Some-college,10.0,Divorced,Adm-clerical,,,,0.0,0.0,,
41.0,Local-gov,175149.0,HS-grad,9.0,Divorced,,Not-in-family,Black,Female,0.0,0.0,38.0,United-States
,Local-gov,,Masters,14.0,Married-civ-spouse,,Wife,White,,0.0,0.0,,United-States
,Private,,Bachelors,,Divorced,,Unmarried,,,,0.0,45.0,
18.0,Private,,11th,7.0,Never-married,,Own-child,White,Male,,0.0,35.0,United-States
25.0,Private,218667.0,5th-6th,3.0,,Handlers-cleaners,Own-child,White,Male,0.0,,40.0,
43.0,,,Prof-school,15.0,,Prof-specialty,Not-in-family,,Male,0.0,0.0,,
38.0,Private,146091.0,,,Married-civ-spouse,Exec-managerial,,White,Female,,0.0,36.0,United-States
21.0,Private,206861.0,Some-college,10.0,Never-married,Sales,Own-child,White,,,,20.0,noValueSetHere123156456
65.0,Self-emp-not-inc,,Bachelors,13.0,,Sales,,White,Male,0.0,,,United-States
66.0,Private,114447.0,Assoc-voc,11.0,Widowed,,Not-in-family,White,Female,0.0,0.0,35.0,United-States
33.0,Private,124187.0,,7.0,,,Not-in-family,Black,Male,0.0,0.0,60.0,
51.0,Private,147954.0,,9.0,Married-civ-spouse,Adm-clerical,Wife,,Female,3411.0,,38.0,United-States
27.0,Self-emp-inc,,HS-grad,9.0,Married-civ-spouse,Craft-repair,,,Male,0.0,1740.0,,United-States
,Private,,12th,8.0,Never-married,Other-service,Own-child,,,,0.0,16.0,United-States
32.0,Private,,Bachelors,,Married-civ-spouse,Exec-managerial,,White,,15024.0,0.0,45.0,
,noValueSetHere123156456,161279.0,,9.0,Widowed,noValueSetHere123156456,Not-in-family,White,Female,0.0,0.0,,United-States
38.0,Private,,HS-grad,9.0,,Machine-op-inspct,Husband,,Male,,0.0,40.0,
43.0,Local-gov,115603.0,Some-college,10.0,Divorced,,Unmarried,White,,,0.0,,United-States
40.0,,506329.0,Doctorate,16.0,Married-civ-spouse,Prof-specialty,Husband,Asian-Pac-Islander,Male,0.0,0.0,40.0,Taiwan
63.0,,275034.0,Bachelors,,Married-civ-spouse,,Husband,White,Male,0.0,1740.0,,United-States
,noValueSetHere123156456,172637.0,Some-college,,,,Husband,White,Male,,,20.0,
42.0,Private,56483.0,Assoc-acdm,12.0,Divorced,Adm-clerical,,White,Female,0.0,0.0,40.0,United-States
,Federal-gov,144778.0,,13.0,Never-married,,,White,Male,0.0,0.0,40.0,United-States
76.0,,,,14.0,,Prof-specialty,Husband,,Male,0.0,0.0,30.0,noValueSetHere123156456
,Local-gov,,,15.0,Married-civ-spouse,Prof-specialty,,White,Male,0.0,2415.0,,United-States
17.0,Private,137042.0,10th,6.0,Never-married,Prof-specialty,Own-child,White,Male,0.0,0.0,,United-States
,Self-emp-not-inc,33308.0,HS-grad,9.0,Never-married,Craft-repair,Not-in-family,White,Male,0.0,0.0,40.0,United-States
30.0,Private,158420.0,,13.0,,,,White,Male,0.0,,50.0,Iran
22.0,Private,41763.0,Some-college,10.0,Never-married,Other-service,Not-in-family,White,,0.0,0.0,25.0,United-States
53.0,,,Bachelors,13.0,Divorced,noValueSetHere123156456,Other-relative,Other,,0.0,0.0,20.0,United-States
28.0,Private,149734.0,,9.0,,Other-service,Unmarried,Black,Female,0.0,0.0,52.0,United-States
25.0,,262245.0,Assoc-voc,,Never-married,,,White,Female,3418.0,,40.0,United-States
24.0,,349691.0,,10.0,Never-married,Sales,,,Female,0.0,0.0,40.0,United-States
47.0,Private,185385.0,10th,6.0,Married-civ-spouse,,,White,Male,0.0,0.0,40.0,
,Self-emp-not-inc,174463.0,Assoc-voc,11.0,Never-married,Farming-fishing,Not-in-family,White,,0.0,,,United-States
,,236068.0,Some-college,10.0,Never-married,Sales,Other-relative,White,Female,,0.0,20.0,United-States
63.0,noValueSetHere123156456,,Bachelors,13.0,Widowed,noValueSetHere123156456,Not-in-family,Amer-Indian-Eskimo,Female,0.0,,,United-States
25.0,,91334.0,Assoc-voc,11.0,Married-civ-spouse,Exec-managerial,,White,Male,0.0,0.0,,United-States
28.0,Private,,Bachelors,13.0,,Sales,,,,,0.0,,
36.0,,214816.0,HS-grad,9.0,Never-married,Craft-repair,,,,0.0,0.0,40.0,United-States
24.0,Private,229773.0,,13.0,Never-married,,Not-in-family,White,Male,0.0,0.0,40.0,United-States
51.0,Self-emp-inc,166386.0,Bachelors,13.0,,Exec-managerial,Wife,,,0.0,,35.0,
44.0,Private,266135.0,,13.0,Married-civ-spouse,Prof-specialty,,White,Male,0.0,0.0,50.0,
,Private,300379.0,12th,,Never-married,,Own-child,,Male,,,12.0,United-States
54.0,,,,,Married-civ-spouse,Prof-specialty,Husband,White,,0.0,,40.0,United-States
,Private,,,,,Adm-clerical,Not-in-family,White,Female,0.0,,40.0,United-States
51.0,,,Bachelors,,,,,White,Male,,0.0,45.0,United-States
43.0,,316183.0,7th-8th,4.0,,Machine-op-inspct,Husband,White,Male,0.0,0.0,40.0,United-States
,,162944.0,HS-grad,9.0,Married-civ-spouse,Craft-repair,Husband,,Male,,,40.0,United-States
,Local-gov,,HS-grad,,,Exec-managerial,,Black,Female,0.0,,40.0,United-States
27.0,noValueSetHere123156456,330132.0,,9.0,Never-married,noValueSetHere123156456,Not-in-family,White,Female,0.0,0.0,25.0,United-States
24.0,Private,192017.0,Some-college,10.0,,Handlers-cleaners,Husband,,,0.0,0.0,30.0,
20.0,State-gov,161978.0,Some-college,10.0,,,Husband,,Male,0.0,0.0,20.0,
,Private,202930.0,Bachelors,13.0,Divorced,,Not-in-family,,Male,0.0,0.0,40.0,United-States
,Local-gov,,,4.0,,Other-service,Not-in-family,White,Male,0.0,,40.0,
49.0,Self-emp-inc,197332.0,,10.0,,Sales,Husband,White,Male,,0.0,,United-States
,,,Bachelors,,,Adm-clerical,,White,,0.0,,,
22.0,Private,271274.0,11th,7.0,,,Not-in-family,White,Female,0.0,0.0,,
38.0,,174242.0,,10.0,Married-civ-spouse,,Husband,White,Male,0.0,0.0,40.0,United-States
21.0,Private,209483.0,Some-college,10.0,Never-married,Sales,Own-child,White,Female,0.0,0.0,20.0,
39.0,Federal-gov,99146.0,Bachelors,,Married-civ-spouse,Protective-serv,Husband,White,Male,0.0,,60.0,United-States
52.0,,102346.0,Some-college,10.0,Never-married,,,,Female,,0.0,35.0,
25.0,Private,181666.0,Assoc-acdm,12.0,Never-married,Tech-support,Own-child,,,,0.0,40.0,United-States
50.0,,,Some-college,10.0,,Other-service,Not-in-family,White,Female,,0.0,,Cuba
35.0,,82622.0,Some-college,,,Exec-managerial,Husband,White,Male,0.0,0.0,80.0,United-States
50.0,,202296.0,Assoc-voc,11.0,Separated,Prof-specialty,,White,Female,,0.0,,United-States
58.0,Private,142182.0,HS-grad,,,Craft-repair,,White,,0.0,0.0,25.0,United-States
,Federal-gov,94342.0,Bachelors,,,Exec-managerial,Not-in-family,White,Male,0.0,0.0,45.0,United-States
30.0,Private,,,10.0,Divorced,Adm-clerical,Not-in-family,White,Female,0.0,0.0,,Canada
,Private,181712.0,11th,,Never-married,Handlers-cleaners,,,Male,0.0,,,United-States
29.0,,164607.0,HS-grad,,Married-civ-spouse,Craft-repair,Husband,,Male,,0.0,40.0,
52.0,,,Some-college,10.0,Married-civ-spouse,Sales,Husband,White,,,,45.0,United-States
63.0,Private,143098.0,,9.0,,Sales,Husband,White,Male,4064.0,,40.0,United-States
36.0,Local-gov,,Masters,,,Prof-specialty,,,Female,0.0,0.0,40.0,United-States
24.0,Private,157332.0,Some-college,,,Machine-op-inspct,Own-child,White,Female,,0.0,42.0,
30.0,Local-gov,154935.0,Assoc-acdm,,Never-married,,Not-in-family,Black,,0.0,0.0,,
,,223231.0,HS-grad,,Married-civ-spouse,Machine-op-inspct,,Other,,0.0,0.0,,Mexico
,noValueSetHere123156456,253860.0,HS-grad,9.0,Divorced,,,White,,0.0,0.0,20.0,United-States
21.0,Private,362589.0,,13.0,Never-married,Other-service,,White,Female,0.0,,,United-States
28.0,Private,94880.0,Some-college,10.0,Never-married,Craft-repair,Not-in-family,White,,0.0,0.0,43.0,Mexico
,,309580.0,HS-grad,9.0,Never-married,Adm-clerical,Own-child,White,Male,0.0,,40.0,United-States
18.0,Private,,11th,7.0,Never-married,,,White,Male,0.0,0.0,,Scotland
21.0,Private,349365.0,,10.0,Never-married,Adm-clerical,Own-child,,,0.0,0.0,15.0,
27.0,Private,376936.0,,,,Craft-repair,Not-in-family,White,Male,0.0,0.0,,United-States
,Private,179557.0,Some-college,,Divorced,Tech-support,Not-in-family,White,Female,,0.0,40.0,
21.0,Private,105577.0,Some-college,10.0,Never-married,Other-service,,,Female,0.0,0.0,,United-States
51.0,,224207.0,Some-college,,Married-civ-spouse,Sales,Husband,White,,0.0,0.0,40.0,United-States
,,,Bachelors,,Never-married,Adm-clerical,Not-in-family,White,Female,,0.0,40.0,United-States
23.0,,191283.0,,9.0,Never-married,,,White,Male,0.0,,40.0,United-States
57.0,,,,,Married-civ-spouse,Sales,,White,Male,0.0,,40.0,United-States
22.0,State-gov,,Bachelors,13.0,Never-married,Prof-specialty,,White,Female,0.0,,12.0,United-States
59.0,Private,43221.0,9th,5.0,Married-civ-spouse,Transport-moving,Husband,,Male,0.0,0.0,60.0,United-States
,Private,161141.0,,9.0,Divorced,Transport-moving,Not-in-family,White,Male,,,40.0,
20.0,Private,,HS-grad,,Never-married,,Other-relative,White,Male,0.0,0.0,40.0,United-States
90.0,,141758.0,9th,5.0,Never-married,Adm-clerical,Not-in-family,White,Female,,,40.0,United-States
35.0,,113322.0,Assoc-voc,,,Sales,,White,Male,,,40.0,United-States
50.0,Private,,,9.0,Married-civ-spouse,Protective-serv,Husband,White,Male,0.0,0.0,38.0,United-States
45.0,Private,214068.0,Doctorate,,Married-civ-spouse,Prof-specialty,Husband,White,Male,0.0,0.0,,
44.0,Private,116632.0,Masters,14.0,Married-civ-spouse,Exec-managerial,,White,Male,0.0,0.0,50.0,
23.0,Private,,Assoc-acdm,12.0,,Prof-specialty,,,,0.0,0.0,,United-States
34.0,Private,516337.0,11th,,Married-civ-spouse,Handlers-cleaners,Husband,White,Male,0.0,0.0,40.0,Mexico
23.0,Self-emp-inc,284651.0,Bachelors,,Divorced,Sales,Not-in-family,White,,,0.0,43.0,
,State-gov,141420.0,Some-college,10.0,Married-civ-spouse,Protective-serv,Husband,White,Male,,,40.0,United-States
,Private,42750.0,Some-college,10.0,Never-married,Handlers-cleaners,,White,Male,0.0,0.0,55.0,United-States
54.0,Private,,,10.0,,,Husband,,,0.0,0.0,40.0,United-States
,,167265.0,Masters,14.0,Divorced,,,White,Male,0.0,0.0,43.0,United-States
44.0,Private,139907.0,Some-college,10.0,Never-married,Sales,,White,Male,,,,United-States
31.0,,236415.0,Some-college,,Married-civ-spouse,Adm-clerical,,,Female,0.0,0.0,20.0,United-States
25.0,,312966.0,9th,,Separated,,Other-relative,,Male,0.0,,40.0,El-Salvador
33.0,Private,,Bachelors,,Married-civ-spouse,Exec-managerial,Wife,White,Female,0.0,,,United-States
32.0,Private,198068.0,HS-grad,,Never-married,Transport-moving,Not-in-family,White,Male,0.0,0.0,60.0,United-States
,,373952.0,10th,,,Machine-op-inspct,Husband,White,,0.0,0.0,40.0,United-States
47.0,Self-emp-not-inc,236111.0,Some-college,,Married-civ-spouse,Prof-specialty,Husband,,Male,0.0,0.0,55.0,
,Private,157778.0,Masters,14.0,,Prof-specialty,,White,Female,0.0,,10.0,United-States
21.0,Private,143604.0,,,Never-married,Sales,,White,Female,0.0,0.0,8.0,
,Self-emp-not-inc,319831.0,Some-college,,Married-civ-spouse,Farming-fishing,,White,Male,,0.0,60.0,
77.0,noValueSetHere123156456,132728.0,Masters,14.0,Divorced,noValueSetHere123156456,Not-in-family,White,Male,0.0,0.0,45.0,United-States
,Private,137606.0,HS-grad,9.0,Married-civ-spouse,Transport-moving,Husband,,Male,,,,
35.0,noValueSetHere123156456,61343.0,HS-grad,9.0,Married-civ-spouse,,Husband,White,Male,,,40.0,United-States
49.0,Private,268234.0,7th-8th,4.0,Married-civ-spouse,Handlers-cleaners,Husband,White,Male,0.0,,40.0,
33.0,Private,100135.0,HS-grad,,,Adm-clerical,,,Female,0.0,1740.0,25.0,United-States
53.0,Self-emp-not-inc,34973.0,,10.0,Married-civ-spouse,Farming-fishing,Husband,White,,0.0,,45.0,United-States
,Private,,HS-grad,9.0,Divorced,Handlers-cleaners,Unmarried,White,Male,0.0,,55.0,United-States
57.0,Private,319733.0,Bachelors,13.0,Married-civ-spouse,Machine-op-inspct,,White,Male,0.0,0.0,40.0,Poland
21.0,noValueSetHere123156456,,Some-college,,Never-married,noValueSetHere123156456,Own-child,White,,0.0,0.0,,United-States
19.0,Private,,Some-college,10.0,Never-married,Other-service,,White,Female,,0.0,40.0,United-States
28.0,Private,60772.0,,13.0,Never-married,,,White,Female,0.0,0.0,45.0,
42.0,Federal-gov,74680.0,Masters,14.0,Divorced,Adm-clerical,Not-in-family,,Male,0.0,2001.0,60.0,United-States
29.0,,141185.0,Some-college,10.0,Married-civ-spouse,Farming-fishing,Husband,White,,0.0,0.0,55.0,United-States
38.0,noValueSetHere123156456,204668.0,Assoc-voc,11.0,,noValueSetHere123156456,Unmarried,White,Female,0.0,0.0,25.0,United-States
26.0,Private,,,,Never-married,Other-service,,,Male,0.0,0.0,20.0,United-States
41.0,Private,,,,Never-married,,Unmarried,White,,0.0,3004.0,60.0,noValueSetHere123156456
40.0,,343068.0,Some-college,10.0,Divorced,,Not-in-family,,,0.0,,40.0,United-States
36.0,Self-emp-not-inc,177907.0,,16.0,Never-married,Prof-specialty,,,,0.0,0.0,40.0,United-States
28.0,Private,,,9.0,Married-civ-spouse,,Husband,White,,,,,United-States
25.0,,257574.0,Bachelors,13.0,,Adm-clerical,,Black,Female,0.0,0.0,,United-States
42.0,Self-emp-not-inc,67065.0,HS-grad,9.0,Married-civ-spouse,Farming-fishing,,,Male,0.0,0.0,,United-States
32.0,,,HS-grad,9.0,Never-married,,,White,,0.0,0.0,40.0,United-States
,,152940.0,Assoc-acdm,12.0,Never-married,Adm-clerical,Own-child,White,Male,0.0,0.0,30.0,United-States
,,,5th-6th,3.0,Married-civ-spouse,,,White,Male,0.0,0.0,40.0,United-States
39.0,Local-gov,45607.0,,,Married-civ-spouse,,Husband,White,Male,0.0,,56.0,United-States
49.0,,155489.0,,,Married-civ-spouse,Craft-repair,,White,Male,0.0,0.0,,United-States
28.0,noValueSetHere123156456,230704.0,HS-grad,9.0,Never-married,noValueSetHere123156456,Not-in-family,Black,Male,0.0,0.0,40.0,
,noValueSetHere123156456,267955.0,9th,,,noValueSetHere123156456,,White,Female,0.0,0.0,20.0,United-States
19.0,,165115.0,HS-grad,9.0,,Sales,Not-in-family,White,Female,0.0,0.0,,United-States
,,,,9.0,Married-civ-spouse,Transport-moving,,White,Male,,0.0,40.0,United-States
,Private,,HS-grad,9.0,Divorced,Machine-op-inspct,Not-in-family,,Female,0.0,,40.0,United-States
29.0,,255476.0,7th-8th,4.0,Never-married,Handlers-cleaners,Own-child,,Male,0.0,0.0,30.0,Mexico
,,194290.0,HS-grad,9.0,Married-civ-spouse,Farming-fishing,Husband,White,,0.0,0.0,48.0,United-States
,Private,145548.0,,,Married-civ-spouse,Protective-serv,Husband,White,Male,,,,United-States
,Private,175262.0,,13.0,,Exec-managerial,,White,Male,0.0,0.0,40.0,United-States
45.0,Local-gov,37306.0,Bachelors,,Married-civ-spouse,Prof-specialty,Husband,White,Male,0.0,0.0,45.0,
58.0,Private,137547.0,Bachelors,13.0,,Other-service,Husband,Asian-Pac-Islander,,,0.0,40.0,South
53.0,Private,,,13.0,,,Own-child,White,Male,0.0,,40.0,Cuba
23.0,Private,174626.0,,,Never-married,Handlers-cleaners,,White,Male,0.0,0.0,25.0,
35.0,,215310.0,11th,7.0,Divorced,,Other-relative,White,Male,0.0,,40.0,United-States
,,332355.0,,,,Exec-managerial,Husband,White,Male,0.0,0.0,40.0,
,Private,204057.0,Assoc-acdm,,Divorced,Exec-managerial,Not-in-family,White,Female,0.0,0.0,40.0,United-States
25.0,Private,391591.0,12th,8.0,Never-married,,Not-in-family,,Male,0.0,0.0,40.0,United-States
,Private,169092.0,Masters,,Divorced,Prof-specialty,Unmarried,White,Female,,0.0,,United-States
,,230743.0,Assoc-acdm,,Divorced,,Not-in-family,White,Female,,0.0,40.0,United-States
,Private,190963.0,Some-college,10.0,Never-married,Exec-managerial,Not-in-family,,Female,,0.0,,United-States
74.0,noValueSetHere123156456,,5th-6th,,Married-civ-spouse,noValueSetHere123156456,Husband,White,Male,0.0,0.0,56.0,Mexico
19.0,,,HS-grad,9.0,,,Own-child,White,Male,0.0,0.0,24.0,United-States
,Private,212091.0,HS-grad,,Married-civ-spouse,Machine-op-inspct,Husband,,Male,,0.0,40.0,
31.0,Private,202822.0,,10.0,Divorced,Adm-clerical,Unmarried,Black,Female,0.0,0.0,40.0,United-States
61.0,noValueSetHere123156456,226989.0,Some-college,10.0,Married-spouse-absent,noValueSetHere123156456,,,Male,0.0,0.0,,
30.0,Private,140011.0,Assoc-voc,,Married-civ-spouse,,Husband,,,0.0,0.0,53.0,United-States
20.0,noValueSetHere123156456,432376.0,,,Never-married,noValueSetHere123156456,Own-child,White,Male,,0.0,40.0,Germany
35.0,,90273.0,7th-8th,4.0,,,Husband,White,Male,0.0,0.0,40.0,
,,224424.0,Bachelors,,,Other-service,Own-child,White,Male,0.0,,40.0,United-States
25.0,Private,168943.0,,13.0,Married-civ-spouse,Exec-managerial,,White,Female,0.0,,30.0,United-States
19.0,Private,571853.0,HS-grad,,Never-married,,,,Male,,0.0,,United-States
30.0,,,,14.0,,Prof-specialty,Not-in-family,White,Male,0.0,0.0,,United-States
26.0,Private,,HS-grad,9.0,Never-married,Craft-repair,,White,,,0.0,35.0,
,,,HS-grad,,,Transport-moving,Husband,White,,,,45.0,United-States
,Private,114797.0,Bachelors,13.0,Divorced,Exec-managerial,Unmarried,Black,Female,,0.0,40.0,
35.0,,40135.0,Some-college,10.0,Married-civ-spouse,,,,Male,,,40.0,
38.0,Private,204756.0,HS-grad,9.0,Never-married,Sales,Own-child,,,0.0,,40.0,United-States
36.0,,228190.0,HS-grad,9.0,Married-civ-spouse,,Husband,Black,Male,,0.0,,
,Private,163392.0,HS-grad,9.0,Married-civ-spouse,Prof-specialty,,,Male,0.0,0.0,48.0,
54.0,Private,138845.0,Some-college,10.0,Never-married,Other-service,Not-in-family,,Female,0.0,,40.0,
19.0,Local-gov,,HS-grad,9.0,Never-married,,Own-child,,Male,0.0,0.0,40.0,United-States
18.0,Never-worked,206359.0,10th,6.0,Never-married,,,White,,0.0,,,United-States
,Private,224097.0,,9.0,Married-civ-spouse,,Husband,White,Male,0.0,0.0,,
28.0,Self-emp-not-inc,160786.0,HS-grad,9.0,Never-married,,Own-child,White,Male,0.0,0.0,40.0,United-States
43.0,Self-emp-not-inc,190044.0,HS-grad,9.0,,,Husband,White,,,0.0,40.0,
,Local-gov,145290.0,,3.0,,Other-service,,White,,0.0,,,
25.0,,120268.0,Bachelors,13.0,Never-married,,Own-child,White,Male,0.0,0.0,70.0,United-States
17.0,,327434.0,10th,6.0,,Sales,Own-child,,,,0.0,20.0,
41.0,Self-emp-inc,,Bachelors,13.0,Married-civ-spouse,,Husband,White,Male,0.0,0.0,60.0,United-States
30.0,Private,1184622.0,Some-college,10.0,Married-civ-spouse,Transport-moving,Husband,,Male,0.0,,35.0,United-States
,,227796.0,Masters,14.0,Married-civ-spouse,Exec-managerial,Husband,White,Male,20051.0,0.0,60.0,United-States
25.0,,206343.0,HS-grad,9.0,Never-married,Protective-serv,Other-relative,,Male,0.0,0.0,,United-States
27.0,Private,36851.0,Assoc-voc,11.0,Married-civ-spouse,Sales,Husband,White,Male,,,35.0,United-States
,Private,,HS-grad,9.0,Married-civ-spouse,Craft-repair,Husband,White,Male,0.0,0.0,40.0,
55.0,,157079.0,,10.0,Married-civ-spouse,,,Black,Male,0.0,0.0,40.0,noValueSetHere123156456
,Federal-gov,,Bachelors,13.0,Never-married,,,Black,Female,0.0,0.0,40.0,
43.0,,,Assoc-voc,,Married-civ-spouse,,Husband,White,Male,,0.0,99.0,United-States
63.0,Private,361631.0,Masters,14.0,Separated,Prof-specialty,Not-in-family,White,Female,,0.0,40.0,
46.0,,,7th-8th,,Married-civ-spouse,,Husband,White,,,0.0,,
59.0,Private,179594.0,HS-grad,9.0,Married-civ-spouse,Sales,,White,Male,0.0,0.0,,United-States
,,254773.0,Bachelors,13.0,Married-civ-spouse,,Wife,Black,Female,0.0,0.0,50.0,United-States
26.0,,58065.0,Bachelors,,Never-married,Adm-clerical,Not-in-family,White,Female,,0.0,20.0,United-States
26.0,Private,205428.0,Some-college,10.0,Married-civ-spouse,,Husband,,,0.0,0.0,,United-States
20.0,noValueSetHere123156456,41183.0,,10.0,Never-married,noValueSetHere123156456,Own-child,White,Female,0.0,0.0,30.0,
19.0,noValueSetHere123156456,308064.0,,9.0,Never-married,noValueSetHere123156456,,Black,Female,,0.0,40.0,United-States
61.0,Private,173924.0,9th,,Divorced,Handlers-cleaners,,White,Male,,0.0,,
23.0,,142547.0,HS-grad,9.0,Married-civ-spouse,,Husband,White,Male,0.0,0.0,,United-States
,Private,119704.0,HS-grad,,Married-civ-spouse,Adm-clerical,Wife,White,,0.0,0.0,40.0,United-States
35.0,Private,,,13.0,Divorced,Tech-support,,White,Male,7430.0,0.0,40.0,Germany
42.0,,207392.0,HS-grad,9.0,,,,White,Male,,0.0,12.0,United-States
,Private,147215.0,,8.0,,Other-service,Unmarried,White,,0.0,,21.0,United-States
31.0,Private,101562.0,HS-grad,,Married-civ-spouse,Machine-op-inspct,Wife,,Female,0.0,0.0,,United-States
63.0,Private,216413.0,,,Widowed,Adm-clerical,,White,Female,,0.0,25.0,United-States
29.0,,188986.0,,11.0,Never-married,Tech-support,Not-in-family,,Female,,1590.0,64.0,
43.0,State-gov,,,13.0,Married-civ-spouse,,,White,Male,,0.0,,United-States
22.0,Private,304710.0,Bachelors,13.0,Never-married,Adm-clerical,Not-in-family,Asian-Pac-Islander,Female,,0.0,10.0,Vietnam
17.0,,265657.0,11th,7.0,Never-married,Other-service,Own-child,,Male,0.0,0.0,25.0,
23.0,Self-emp-not-inc,258298.0,Bachelors,13.0,,Adm-clerical,,,,,,40.0,
35.0,Private,,,5.0,,Craft-repair,Not-in-family,White,Male,,0.0,45.0,United-States
,,,HS-grad,9.0,,Other-service,,,,0.0,,28.0,
,Self-emp-inc,127315.0,Bachelors,,Married-civ-spouse,Exec-managerial,Husband,White,,15024.0,0.0,60.0,
,,,HS-grad,,Never-married,Transport-moving,Other-relative,White,Male,0.0,0.0,,noValueSetHere123156456
26.0,Local-gov,197530.0,Masters,14.0,,Prof-specialty,Not-in-family,White,Female,0.0,,40.0,United-States
32.0,Private,340940.0,Bachelors,13.0,Married-civ-spouse,,Husband,White,Male,,,40.0,United-States
29.0,,88432.0,Assoc-voc,,Married-civ-spouse,Craft-repair,Husband,White,Male,0.0,0.0,50.0,United-States
57.0,Private,183810.0,,10.0,Married-civ-spouse,Prof-specialty,Husband,White,Male,,,,United-States
90.0,Private,51744.0,Masters,14.0,Never-married,Exec-managerial,,Black,,,0.0,50.0,United-States
,Private,175614.0,,11.0,Divorced,,Unmarried,,Female,0.0,0.0,40.0,United-States
31.0,Self-emp-not-inc,235237.0,Some-college,10.0,Married-civ-spouse,Sales,Husband,Black,,,,,United-States
60.0,Private,,HS-grad,,,Sales,Not-in-family,White,Female,0.0,0.0,33.0,
21.0,Private,146499.0,Assoc-voc,11.0,Married-civ-spouse,Adm-clerical,,White,,0.0,1579.0,40.0,United-States
71.0,,337064.0,,14.0,Widowed,Prof-specialty,Not-in-family,White,,,0.0,40.0,United-States
22.0,Private,141003.0,Assoc-voc,11.0,Never-married,Other-service,Own-child,White,Male,0.0,0.0,30.0,United-States
50.0,Local-gov,117791.0,HS-grad,9.0,Divorced,Adm-clerical,,White,Female,,0.0,40.0,United-States
37.0,Private,172846.0,,,,Sales,,,Male,0.0,,45.0,United-States
23.0,Private,,HS-grad,9.0,Never-married,Adm-clerical,Own-child,,Female,0.0,0.0,,Vietnam
74.0,Private,,,9.0,,Other-service,Husband,White,Male,0.0,0.0,,United-States
67.0,Private,197816.0,Some-college,,Married-civ-spouse,Sales,Husband,White,Male,0.0,,70.0,United-States
59.0,,,Some-college,10.0,Married-civ-spouse,,Husband,,Male,0.0,0.0,43.0,
,Private,183780.0,HS-grad,9.0,Married-civ-spouse,Transport-moving,Husband,,Male,0.0,,40.0,
45.0,Private,26781.0,,,Married-civ-spouse,Farming-fishing,,,,,0.0,40.0,
,Self-emp-not-inc,271550.0,Some-college,10.0,Married-civ-spouse,,,White,,0.0,0.0,20.0,United-States
39.0,Private,250157.0,Bachelors,13.0,Never-married,Prof-specialty,Not-in-family,,Female,0.0,,,United-States
,State-gov,913447.0,Some-college,10.0,,Other-service,,Black,Female,,0.0,40.0,United-States
32.0,Private,153078.0,Bachelors,,Never-married,Other-service,,Asian-Pac-Islander,Male,0.0,0.0,40.0,South
34.0,Private,181091.0,Bachelors,13.0,Married-civ-spouse,Exec-managerial,Husband,,Male,0.0,1977.0,45.0,United-States
39.0,Private,231491.0,HS-grad,9.0,Never-married,Handlers-cleaners,Other-relative,White,,0.0,,40.0,United-States
29.0,State-gov,,,,Married-civ-spouse,Adm-clerical,Husband,White,Male,0.0,0.0,36.0,United-States
22.0,Private,234663.0,,9.0,,Machine-op-inspct,Husband,White,,0.0,0.0,,United-States
53.0,Private,283602.0,Bachelors,13.0,Divorced,Sales,Not-in-family,White,Female,13550.0,0.0,43.0,United-States
46.0,,,,11.0,,,,White,Male,,0.0,42.0,United-States
,Private,143741.0,Some-college,10.0,,Other-service,Wife,White,Female,0.0,0.0,40.0,United-States
44.0,Private,83508.0,Prof-school,15.0,,,,White,Female,,0.0,99.0,United-States
56.0,State-gov,81954.0,HS-grad,,Divorced,Adm-clerical,Not-in-family,White,,,0.0,40.0,United-States
27.0,,,,13.0,Never-married,Adm-clerical,Own-child,Black,Female,0.0,0.0,40.0,
52.0,Private,310045.0,9th,5.0,,Machine-op-inspct,,Asian-Pac-Islander,Female,,,30.0,China
39.0,,316211.0,Bachelors,13.0,Never-married,Prof-specialty,Not-in-family,White,Male,0.0,0.0,40.0,United-States
,,88564.0,,,Married-civ-spouse,Exec-managerial,Husband,White,Male,7688.0,0.0,40.0,United-States
,Private,61299.0,Some-college,10.0,Married-civ-spouse,Craft-repair,Husband,White,Male,0.0,0.0,45.0,United-States
33.0,Private,113364.0,,,Divorced,,Own-child,White,Male,0.0,0.0,,United-States
35.0,noValueSetHere123156456,476573.0,,9.0,Never-married,,,White,Female,0.0,0.0,4.0,
46.0,Private,267107.0,5th-6th,3.0,,Craft-repair,,White,Female,0.0,0.0,45.0,
35.0,Private,48123.0,12th,8.0,Married-civ-spouse,Craft-repair,Wife,White,Female,0.0,,50.0,United-States
,Private,,HS-grad,,Married-civ-spouse,,Husband,Black,,0.0,0.0,50.0,
48.0,Private,115585.0,Bachelors,,,Sales,Husband,White,Male,0.0,0.0,40.0,United-States
,Private,194141.0,,9.0,Divorced,Machine-op-inspct,Own-child,White,,,0.0,50.0,United-States
18.0,noValueSetHere123156456,23233.0,,6.0,Never-married,noValueSetHere123156456,,White,Male,0.0,0.0,40.0,United-States
20.0,,89991.0,,,,Other-service,Own-child,,Female,0.0,0.0,32.0,
35.0,Private,,,9.0,Never-married,Transport-moving,Own-child,,Male,0.0,,60.0,
19.0,Private,237455.0,,,Never-married,Handlers-cleaners,Own-child,,Female,0.0,0.0,,United-States
21.0,Private,,,9.0,,Sales,,White,Female,0.0,0.0,,noValueSetHere123156456
,Private,28729.0,,,Separated,Machine-op-inspct,Not-in-family,White,Female,,0.0,40.0,
28.0,Private,153475.0,Bachelors,13.0,,Adm-clerical,Own-child,,Female,0.0,0.0,16.0,El-Salvador
45.0,Private,275517.0,HS-grad,9.0,,,Unmarried,White,,0.0,0.0,40.0,United-States
,Private,,Assoc-voc,11.0,,,Wife,White,Female,0.0,,45.0,United-States
44.0,Private,175485.0,Bachelors,13.0,Married-civ-spouse,Craft-repair,,White,,0.0,0.0,12.0,United-States
55.0,Private,189664.0,HS-grad,,Married-civ-spouse,,,White,Male,,0.0,40.0,United-States
,Private,209808.0,Some-college,10.0,,Adm-clerical,,White,,0.0,0.0,40.0,United-States
33.0,,176992.0,Masters,14.0,,Prof-specialty,Husband,White,,0.0,0.0,40.0,United-States
36.0,,154669.0,Bachelors,13.0,,Exec-managerial,Own-child,White,Male,0.0,0.0,,
25.0,,191271.0,,9.0,Never-married,,,White,Female,0.0,0.0,,United-States
28.0,,375482.0,Bachelors,,Never-married,Sales,,White,,0.0,,40.0,
39.0,,,Bachelors,,Married-civ-spouse,,Husband,,,7298.0,,55.0,United-States
53.0,Private,,10th,6.0,Married-spouse-absent,Machine-op-inspct,Not-in-family,,,0.0,0.0,40.0,Columbia
,,184005.0,HS-grad,9.0,,Exec-managerial,,Amer-Indian-Eskimo,Female,3325.0,0.0,,United-States
49.0,,,Assoc-voc,,Divorced,Exec-managerial,Not-in-family,,,0.0,,60.0,
,Private,145477.0,HS-grad,9.0,Never-married,Handlers-cleaners,Own-child,Amer-Indian-Eskimo,Male,0.0,0.0,40.0,
,Private,91964.0,Some-college,10.0,Never-married,,Other-relative,White,Male,,0.0,40.0,United-States
44.0,Self-emp-inc,49249.0,,,,Other-service,Unmarried,,Male,0.0,,80.0,United-States
19.0,,218956.0,HS-grad,9.0,,,Own-child,White,Male,0.0,0.0,40.0,United-States
37.0,,241306.0,HS-grad,9.0,Divorced,Craft-repair,Not-in-family,White,,0.0,0.0,40.0,United-States
60.0,noValueSetHere123156456,251572.0,HS-grad,9.0,Widowed,noValueSetHere123156456,,,Male,0.0,,,Poland
23.0,Private,319842.0,Some-college,10.0,Never-married,,Own-child,,Male,0.0,0.0,,United-States
,,332401.0,Prof-school,,,,Husband,White,,99999.0,0.0,65.0,United-States
54.0,Local-gov,,HS-grad,9.0,Married-civ-spouse,Other-service,Wife,White,Female,,,35.0,United-States
23.0,Private,,HS-grad,9.0,Married-civ-spouse,Craft-repair,Husband,,Male,0.0,0.0,38.0,United-States
,,,Some-college,10.0,,,,White,Female,0.0,,10.0,United-States
19.0,State-gov,,Some-college,10.0,Never-married,Prof-specialty,Own-child,White,Male,0.0,0.0,25.0,United-States
51.0,Private,254211.0,Bachelors,13.0,Married-civ-spouse,Craft-repair,Husband,White,Male,0.0,,20.0,United-States
,Private,151504.0,Bachelors,13.0,Married-civ-spouse,Exec-managerial,,,Male,7688.0,0.0,50.0,United-States
,Private,85548.0,,10.0,Married-civ-spouse,Tech-support,Husband,White,Male,15024.0,0.0,18.0,United-States
19.0,Self-emp-not-inc,30800.0,10th,,,Adm-clerical,Unmarried,Amer-Indian-Eskimo,Female,0.0,0.0,40.0,United-States
22.0,,131230.0,,13.0,Never-married,Sales,Own-child,,Male,0.0,,40.0,United-States
22.0,Private,61850.0,HS-grad,9.0,,Other-service,Not-in-family,White,Female,,0.0,40.0,United-States
49.0,Private,227800.0,7th-8th,4.0,Married-civ-spouse,Prof-specialty,Husband,White,Male,0.0,0.0,32.0,United-States
,Private,,10th,,Divorced,Machine-op-inspct,Not-in-family,White,,0.0,0.0,,United-States
38.0,Private,104094.0,,10.0,,Sales,Husband,White,,0.0,0.0,40.0,United-States
,,105422.0,HS-grad,9.0,Married-civ-spouse,Prof-specialty,,,Male,0.0,0.0,,United-States
56.0,Private,142182.0,,,Married-civ-spouse,Craft-repair,Husband,White,,0.0,,45.0,United-States
41.0,Private,336643.0,Some-college,10.0,,,Not-in-family,White,Female,,0.0,80.0,United-States
62.0,Self-emp-inc,200577.0,Masters,14.0,Married-civ-spouse,,Husband,White,,0.0,0.0,,United-States
27.0,Private,208703.0,HS-grad,,Never-married,Protective-serv,Own-child,White,Male,0.0,0.0,40.0,Japan
55.0,noValueSetHere123156456,193895.0,,,Divorced,noValueSetHere123156456,Not-in-family,White,Female,0.0,0.0,,England
25.0,Private,272428.0,HS-grad,9.0,Never-married,Sales,Not-in-family,White,Male,,0.0,42.0,United-States
33.0,Private,56701.0,Bachelors,13.0,Married-civ-spouse,Prof-specialty,Husband,White,Male,,0.0,,United-States
26.0,,288592.0,HS-grad,,,Adm-clerical,Not-in-family,White,Female,0.0,,40.0,United-States
43.0,Private,,HS-grad,9.0,Divorced,Machine-op-inspct,Not-in-family,White,Male,0.0,0.0,45.0,
53.0,Federal-gov,276868.0,Masters,14.0,Married-civ-spouse,,Husband,White,Male,0.0,0.0,40.0,United-States
43.0,Private,131435.0,Bachelors,13.0,,Other-service,Not-in-family,White,Female,0.0,0.0,40.0,United-States
56.0,Private,175127.0,HS-grad,9.0,Divorced,Craft-repair,Unmarried,White,Male,0.0,0.0,35.0,United-States
25.0,,,Bachelors,13.0,,Sales,,White,Male,,0.0,50.0,United-States
,Private,63296.0,Masters,14.0,Divorced,Prof-specialty,,Black,Male,0.0,0.0,40.0,
28.0,Private,,Some-college,,Never-married,Adm-clerical,Not-in-family,White,,0.0,0.0,,United-States
21.0,Private,221955.0,,,Never-married,Machine-op-inspct,Unmarried,,,0.0,0.0,,Mexico
,Private,197923.0,Bachelors,,Never-married,Adm-clerical,Unmarried,Black,Female,2977.0,0.0,40.0,United-States
29.0,Private,632593.0,HS-grad,9.0,,Craft-repair,,Black,Male,,0.0,40.0,United-States
20.0,Private,,Some-college,10.0,,Craft-repair,,White,Female,0.0,0.0,25.0,United-States
,Private,139730.0,HS-grad,9.0,Married-civ-spouse,,Husband,White,Male,,0.0,80.0,United-States
18.0,Private,201901.0,11th,7.0,,Sales,Own-child,White,Female,0.0,0.0,10.0,United-States
32.0,State-gov,230224.0,,12.0,Married-civ-spouse,Other-service,,White,Male,,0.0,35.0,United-States
27.0,Private,,1st-4th,2.0,Never-married,,Own-child,Other,Male,0.0,,,
,Private,94461.0,HS-grad,9.0,,Machine-op-inspct,,White,Female,0.0,,16.0,
20.0,,,Some-college,10.0,Never-married,Sales,,White,Female,0.0,,25.0,United-States
55.0,,,,9.0,Divorced,Sales,Not-in-family,White,Female,0.0,0.0,40.0,England
33.0,Local-gov,,Bachelors,,Never-married,Prof-specialty,,White,Female,0.0,,50.0,
21.0,,140764.0,,10.0,Never-married,,Own-child,White,Female,0.0,,12.0,United-States
43.0,Self-emp-not-inc,183479.0,HS-grad,9.0,Married-civ-spouse,Craft-repair,Husband,White,Male,,0.0,30.0,United-States
35.0,Private,,,10.0,Married-civ-spouse,Machine-op-inspct,Husband,White,,0.0,0.0,,United-States
39.0,Local-gov,139364.0,,13.0,Married-civ-spouse,,Husband,White,,0.0,0.0,35.0,United-States
19.0,Private,,HS-grad,9.0,,Sales,Not-in-family,Asian-Pac-Islander,Female,0.0,0.0,,United-States
25.0,Private,222254.0,HS-grad,,Never-married,Other-service,Not-in-family,Black,Female,0.0,0.0,40.0,United-States
44.0,Private,193494.0,Some-college,10.0,,Transport-moving,Husband,,Male,0.0,0.0,,
27.0,Private,,Assoc-acdm,,Never-married,Craft-repair,Unmarried,White,Male,0.0,0.0,40.0,
39.0,,174368.0,HS-grad,,,,Wife,,Female,0.0,0.0,40.0,United-States
69.0,Private,108196.0,10th,6.0,Never-married,Craft-repair,Other-relative,White,Male,,0.0,,United-States
34.0,Private,,,13.0,Never-married,Exec-managerial,Not-in-family,,Female,0.0,0.0,40.0,Philippines
,noValueSetHere123156456,201680.0,Some-college,10.0,Never-married,,Own-child,White,Male,0.0,0.0,,United-States
37.0,,130277.0,5th-6th,3.0,,,Unmarried,White,,0.0,0.0,40.0,
43.0,Local-gov,,,13.0,Divorced,Prof-specialty,Own-child,White,,0.0,0.0,39.0,
,,,HS-grad,,Married-civ-spouse,,Husband,White,Male,0.0,,48.0,
34.0,,595000.0,Masters,14.0,Married-civ-spouse,,,Black,,,0.0,40.0,United-States
31.0,,,,,,,Husband,White,Male,0.0,0.0,48.0,United-States
42.0,State-gov,,,16.0,Divorced,,Not-in-family,,Female,8614.0,0.0,,
26.0,,164583.0,HS-grad,9.0,Divorced,,Unmarried,,,0.0,0.0,30.0,United-States
39.0,,,Some-college,10.0,Separated,,Unmarried,White,,0.0,0.0,,United-States
25.0,,49092.0,Bachelors,13.0,Never-married,,,White,Male,0.0,0.0,40.0,United-States
,Local-gov,186884.0,Some-college,10.0,Married-civ-spouse,Transport-moving,Husband,Black,,,0.0,30.0,United-States
,,167265.0,Masters,,Married-civ-spouse,Prof-specialty,Husband,White,Male,0.0,0.0,60.0,United-States
34.0,,,Masters,14.0,Married-civ-spouse,Prof-specialty,Husband,White,Male,7688.0,0.0,38.0,United-States
,Self-emp-inc,265116.0,Some-college,10.0,Never-married,Exec-managerial,Not-in-family,,Male,0.0,0.0,,United-States
50.0,Private,128378.0,5th-6th,3.0,,Handlers-cleaners,Husband,,Male,0.0,0.0,,
,Private,158416.0,HS-grad,9.0,Never-married,Machine-op-inspct,,White,,0.0,0.0,40.0,United-States
,Self-emp-inc,169878.0,,12.0,Married-civ-spouse,,Wife,White,Female,0.0,0.0,40.0,United-States
,Private,,,14.0,Married-civ-spouse,,,White,,,0.0,40.0,United-States
33.0,Local-gov,342458.0,Assoc-acdm,12.0,Divorced,Protective-serv,,White,Male,0.0,0.0,56.0,United-States
21.0,,,,,Never-married,Adm-clerical,Own-child,,Male,0.0,0.0,,United-States
35.0,,269300.0,,13.0,,Other-service,Not-in-family,Black,Female,0.0,,,
43.0,Private,111483.0,Some-college,10.0,Married-civ-spouse,Sales,Husband,White,,7298.0,0.0,40.0,
,noValueSetHere123156456,199114.0,10th,6.0,Separated,noValueSetHere123156456,Not-in-family,White,Male,0.0,,30.0,
51.0,Local-gov,33863.0,Masters,14.0,Married-civ-spouse,Prof-specialty,Husband,,Male,0.0,0.0,45.0,
29.0,,132874.0,HS-grad,9.0,Married-civ-spouse,Craft-repair,Husband,White,Male,0.0,0.0,40.0,United-States
51.0,Local-gov,277024.0,HS-grad,9.0,Separated,Protective-serv,,Black,,0.0,0.0,40.0,United-States
35.0,Private,112160.0,,,,Sales,Husband,White,,0.0,,,
18.0,Private,,11th,7.0,,,Own-child,White,Male,,0.0,20.0,United-States
58.0,Private,127264.0,10th,6.0,Married-civ-spouse,Craft-repair,Husband,,,0.0,0.0,50.0,
57.0,Self-emp-inc,257200.0,Some-college,10.0,,Exec-managerial,Husband,White,,0.0,,40.0,United-States
19.0,Private,,,9.0,,Sales,,White,Female,0.0,0.0,,United-States
,Private,201319.0,Some-college,10.0,Separated,Other-service,Unmarried,White,Female,0.0,0.0,,United-States
,,,HS-grad,,Married-civ-spouse,Sales,Husband,White,,0.0,0.0,44.0,United-States
45.0,Private,230979.0,Some-college,10.0,Married-spouse-absent,Adm-clerical,Not-in-family,White,,0.0,0.0,,United-States
27.0,,292472.0,,10.0,Married-civ-spouse,,Husband,Asian-Pac-Islander,Male,0.0,0.0,,Cambodia
64.0,noValueSetHere123156456,,,4.0,Widowed,noValueSetHere123156456,Not-in-family,,Female,0.0,0.0,40.0,
,Local-gov,134444.0,,10.0,Married-civ-spouse,Protective-serv,Husband,,Male,0.0,0.0,72.0,United-States
,Private,172403.0,HS-grad,,Divorced,,Not-in-family,,Male,0.0,0.0,30.0,United-States
,Private,,Bachelors,13.0,Married-civ-spouse,,,,Male,,,,
,noValueSetHere123156456,279288.0,10th,6.0,,noValueSetHere123156456,,White,Female,,0.0,30.0,United-States
60.0,,389254.0,,9.0,Married-civ-spouse,Sales,Husband,White,,0.0,,40.0,
,Private,303867.0,HS-grad,9.0,Separated,Transport-moving,Not-in-family,,Male,0.0,,44.0,United-States
47.0,Private,164113.0,Some-college,,Married-civ-spouse,Craft-repair,,,Male,7688.0,0.0,40.0,United-States
39.0,Private,,Bachelors,13.0,Never-married,Exec-managerial,Not-in-family,White,Female,,0.0,,
,Private,266084.0,Some-college,10.0,Married-civ-spouse,,Husband,White,Male,7298.0,0.0,45.0,United-States
27.0,,,Some-college,10.0,Divorced,Adm-clerical,,White,Female,0.0,0.0,,United-States
44.0,Private,231348.0,Some-college,10.0,Divorced,Sales,Not-in-family,White,Male,0.0,,40.0,United-States
33.0,Private,164748.0,Bachelors,13.0,,Transport-moving,Husband,,Male,0.0,,,
54.0,Private,205337.0,Bachelors,13.0,Never-married,Exec-managerial,,White,Male,0.0,0.0,50.0,
58.0,Self-emp-not-inc,,Some-college,,,Farming-fishing,Husband,White,,,,,United-States
45.0,Private,34419.0,Bachelors,13.0,Never-married,Transport-moving,Not-in-family,White,Male,0.0,,,United-States
59.0,,116442.0,,,Married-civ-spouse,,Husband,White,Male,,,,United-States
29.0,,290740.0,Assoc-acdm,12.0,,Priv-house-serv,Not-in-family,,,0.0,0.0,50.0,United-States
,,255582.0,HS-grad,9.0,,Machine-op-inspct,,,Female,0.0,0.0,40.0,
,,112517.0,Masters,14.0,Married-civ-spouse,,Husband,White,Male,,,20.0,United-States
,Private,169397.0,HS-grad,,Married-civ-spouse,Craft-repair,Husband,,Male,0.0,0.0,40.0,United-States
33.0,,172664.0,Some-college,10.0,Married-civ-spouse,Exec-managerial,Husband,,Male,0.0,0.0,70.0,United-States
27.0,Private,329005.0,HS-grad,9.0,,Craft-repair,Own-child,,Male,0.0,,,United-States
33.0,Private,123253.0,,13.0,Married-civ-spouse,Exec-managerial,,,Male,,0.0,55.0,United-States
55.0,Private,81865.0,,11.0,,Adm-clerical,Unmarried,Black,Female,0.0,0.0,,United-States
32.0,,173314.0,Assoc-voc,,,Prof-specialty,Husband,Other,Male,0.0,0.0,60.0,United-States
31.0,,34572.0,Assoc-voc,11.0,,Handlers-cleaners,,White,,0.0,0.0,45.0,
57.0,Self-emp-inc,159028.0,,15.0,,Prof-specialty,Husband,,,99999.0,,60.0,
,Private,149184.0,Bachelors,13.0,Married-civ-spouse,,Husband,White,Male,0.0,0.0,45.0,United-States
,noValueSetHere123156456,,,9.0,Widowed,noValueSetHere123156456,Not-in-family,,Female,0.0,,,United-States
28.0,Private,308709.0,Bachelors,13.0,Never-married,Sales,Not-in-family,,Female,0.0,0.0,48.0,United-States
30.0,Self-emp-not-inc,257295.0,Some-college,10.0,Never-married,Sales,Other-relative,,Male,0.0,,40.0,
29.0,Private,168479.0,Masters,,Married-civ-spouse,Prof-specialty,Husband,White,Male,0.0,0.0,40.0,
66.0,Private,142501.0,,,Never-married,Other-service,Other-relative,Black,,0.0,0.0,,United-States
,,338345.0,HS-grad,9.0,Married-civ-spouse,Craft-repair,,White,,0.0,0.0,45.0,United-States
31.0,,,Bachelors,13.0,,Prof-specialty,Husband,White,,0.0,0.0,40.0,
26.0,Private,262617.0,HS-grad,9.0,Never-married,Craft-repair,Other-relative,White,Male,2597.0,0.0,40.0,United-States
24.0,Private,,HS-grad,9.0,Never-married,Handlers-cleaners,,White,,0.0,0.0,,United-States
29.0,,176683.0,Bachelors,,Never-married,Sales,,,Male,,,50.0,United-States
44.0,Private,376072.0,HS-grad,,Married-civ-spouse,,Husband,White,Male,0.0,0.0,45.0,United-States
34.0,,177675.0,,,Married-civ-spouse,,Husband,,Male,0.0,,,
59.0,,,,13.0,,Prof-specialty,Husband,White,Male,0.0,,,United-States
23.0,,320451.0,Bachelors,,Never-married,Exec-managerial,Own-child,Asian-Pac-Islander,,,0.0,24.0,
23.0,,38151.0,11th,7.0,Never-married,Other-service,Other-relative,,Male,0.0,0.0,40.0,
55.0,,,,11.0,Separated,Prof-specialty,Unmarried,Black,Female,,0.0,35.0,United-States
39.0,,151029.0,HS-grad,9.0,Married-civ-spouse,,Husband,White,,0.0,0.0,40.0,United-States
39.0,Private,484475.0,11th,7.0,Never-married,Craft-repair,Not-in-family,Black,Male,,0.0,40.0,United-States
57.0,Private,,7th-8th,4.0,Divorced,,Unmarried,,Male,0.0,0.0,75.0,United-States
35.0,Private,148903.0,,,Divorced,Sales,Unmarried,White,Female,0.0,0.0,40.0,United-States
39.0,Local-gov,301614.0,Assoc-voc,11.0,Married-civ-spouse,,Husband,White,Male,0.0,0.0,48.0,United-States
47.0,Private,,HS-grad,9.0,Married-civ-spouse,,Own-child,,,0.0,0.0,38.0,
53.0,State-gov,,Doctorate,16.0,Married-civ-spouse,,Husband,,Male,0.0,0.0,50.0,
23.0,Private,291407.0,Some-college,,Never-married,Sales,Own-child,Black,Male,0.0,0.0,25.0,United-States
35.0,Private,204527.0,Masters,14.0,Never-married,,Not-in-family,,,,,50.0,
44.0,Private,476391.0,,,Divorced,Farming-fishing,Not-in-family,White,Female,,0.0,40.0,
28.0,,224964.0,HS-grad,,Never-married,Other-service,Own-child,,,0.0,,25.0,United-States
26.0,Private,306225.0,Bachelors,13.0,Never-married,Exec-managerial,Not-in-family,Asian-Pac-Islander,Female,0.0,,40.0,Poland
23.0,Private,292023.0,HS-grad,9.0,Never-married,Exec-managerial,,White,,0.0,,45.0,United-States
32.0,Private,94041.0,HS-grad,9.0,Married-civ-spouse,Other-service,,,Male,0.0,0.0,25.0,Ireland
49.0,Self-emp-inc,187563.0,Some-college,10.0,,Transport-moving,Husband,,,0.0,,,
36.0,,176101.0,Some-college,10.0,Never-married,Craft-repair,Own-child,White,Male,2174.0,0.0,60.0,United-States
36.0,Private,749105.0,HS-grad,9.0,Divorced,Other-service,Unmarried,,Female,0.0,,36.0,United-States
41.0,noValueSetHere123156456,230020.0,,,Married-civ-spouse,noValueSetHere123156456,Husband,Other,Male,0.0,0.0,40.0,
21.0,Private,,Assoc-acdm,12.0,Married-civ-spouse,Adm-clerical,Wife,,Female,,,46.0,
54.0,Self-emp-not-inc,,Bachelors,13.0,,Exec-managerial,Husband,White,Male,,0.0,40.0,United-States
43.0,,198203.0,Some-college,10.0,,Other-service,,,Female,0.0,0.0,40.0,United-States
35.0,,215419.0,Some-college,10.0,Divorced,Adm-clerical,,White,Female,0.0,0.0,40.0,United-States
31.0,Private,120460.0,Some-college,10.0,Married-civ-spouse,,Husband,,Male,0.0,0.0,50.0,United-States
46.0,,199316.0,Some-college,,Married-civ-spouse,Craft-repair,Other-relative,Asian-Pac-Islander,Male,0.0,,40.0,
,Private,,HS-grad,9.0,Separated,Sales,Not-in-family,White,Female,0.0,0.0,,United-States
56.0,Private,174744.0,HS-grad,9.0,Married-civ-spouse,Other-service,,,,0.0,0.0,40.0,United-States
45.0,,189564.0,,14.0,,,Wife,White,Female,0.0,0.0,1.0,United-States
21.0,Private,249957.0,HS-grad,9.0,Never-married,Adm-clerical,Own-child,,Male,0.0,0.0,,United-States
51.0,Private,146574.0,Masters,14.0,,Exec-managerial,Husband,White,Male,0.0,,50.0,United-States
47.0,State-gov,156417.0,Some-college,10.0,Divorced,Prof-specialty,Unmarried,White,Male,0.0,,20.0,United-States
,Private,236110.0,5th-6th,3.0,Married-spouse-absent,Craft-repair,Not-in-family,,Male,0.0,0.0,40.0,Puerto-Rico
19.0,,63363.0,Some-college,10.0,Never-married,Sales,Own-child,White,Female,0.0,0.0,30.0,United-States
,Private,,,13.0,,Craft-repair,Own-child,White,Male,0.0,0.0,40.0,United-States
37.0,Private,126569.0,Masters,14.0,Married-civ-spouse,Tech-support,Husband,White,Male,0.0,0.0,60.0,
35.0,Private,176756.0,,8.0,Married-civ-spouse,,Husband,Black,Male,,0.0,,
40.0,Private,115161.0,HS-grad,9.0,Married-civ-spouse,Transport-moving,Husband,White,,0.0,0.0,30.0,United-States
,Self-emp-not-inc,,11th,7.0,Married-civ-spouse,Sales,Husband,,Male,0.0,0.0,15.0,United-States
38.0,,256864.0,HS-grad,9.0,Married-civ-spouse,Tech-support,Husband,White,Male,0.0,0.0,50.0,United-States
,Private,,10th,6.0,,Sales,Not-in-family,White,,0.0,,38.0,
34.0,Private,249948.0,Some-college,10.0,Divorced,Other-service,,White,,,,34.0,United-States
,,31141.0,Some-college,10.0,Divorced,Transport-moving,Not-in-family,White,Male,0.0,0.0,,United-States
30.0,Private,164190.0,HS-grad,9.0,,,Not-in-family,White,Male,,0.0,38.0,noValueSetHere123156456
,State-gov,67544.0,Masters,14.0,,Protective-serv,Not-in-family,White,,0.0,0.0,50.0,
32.0,Self-emp-not-inc,,Bachelors,,,Prof-specialty,Husband,White,Male,0.0,0.0,50.0,United-States
35.0,Private,,HS-grad,9.0,Never-married,Machine-op-inspct,Own-child,White,Male,,,48.0,United-States
,Private,122246.0,Some-college,10.0,,,Not-in-family,White,Female,8614.0,0.0,39.0,
56.0,noValueSetHere123156456,188166.0,HS-grad,9.0,Married-civ-spouse,noValueSetHere123156456,Husband,White,,0.0,,,United-States
50.0,Private,96586.0,Assoc-voc,,Married-civ-spouse,Other-service,Husband,,Male,,0.0,40.0,
,Private,189590.0,Bachelors,13.0,Never-married,,Not-in-family,White,Male,0.0,0.0,40.0,United-States
,,140590.0,Some-college,,Never-married,Sales,Not-in-family,Black,Male,,,33.0,United-States
35.0,Private,,HS-grad,9.0,,,Own-child,White,Female,0.0,0.0,27.0,United-States
,Private,,,10.0,,Craft-repair,Husband,White,Male,0.0,0.0,41.0,
38.0,Private,169926.0,Assoc-acdm,12.0,Married-civ-spouse,Exec-managerial,Wife,White,Female,0.0,1902.0,,United-States
37.0,,151322.0,,,Never-married,Prof-specialty,,,Male,0.0,0.0,40.0,
56.0,Private,192869.0,HS-grad,9.0,Married-civ-spouse,,Husband,White,Male,0.0,0.0,40.0,
19.0,Private,,,4.0,Never-married,Craft-repair,Own-child,,Male,0.0,1602.0,32.0,United-States
31.0,Private,86958.0,,5.0,Married-civ-spouse,Exec-managerial,Wife,White,Female,,0.0,40.0,United-States
53.0,Local-gov,228723.0,HS-grad,9.0,Divorced,Craft-repair,Not-in-family,Other,,,0.0,40.0,
,Private,,HS-grad,9.0,Separated,Handlers-cleaners,Unmarried,White,Male,0.0,0.0,35.0,Puerto-Rico
72.0,Private,284080.0,1st-4th,,Divorced,Other-service,Not-in-family,,Male,0.0,0.0,40.0,United-States
54.0,Private,43269.0,,,Married-civ-spouse,Transport-moving,Husband,White,Male,,0.0,50.0,United-States
30.0,Private,190040.0,Bachelors,,Never-married,Machine-op-inspct,Not-in-family,White,Female,0.0,0.0,40.0,
,Private,,Doctorate,16.0,Never-married,,Not-in-family,White,Male,0.0,,40.0,
30.0,,220148.0,HS-grad,9.0,Married-civ-spouse,Craft-repair,Husband,White,Male,,1848.0,50.0,United-States
30.0,Private,381645.0,Bachelors,13.0,Never-married,Prof-specialty,Not-in-family,White,Male,0.0,0.0,50.0,United-States
,,216361.0,,10.0,Married-civ-spouse,Protective-serv,Husband,Black,Male,0.0,,16.0,United-States
30.0,Private,,Some-college,,Never-married,Sales,Not-in-family,White,,0.0,,50.0,United-States
35.0,Private,112271.0,Masters,14.0,Married-civ-spouse,,Husband,,,,,,United-States
40.0,,208277.0,,,Divorced,,Own-child,,,,,44.0,United-States
38.0,,352628.0,Bachelors,,,Prof-specialty,Not-in-family,White,Female,,0.0,40.0,United-States
19.0,Private,129620.0,10th,,Never-married,,,White,,,,30.0,
32.0,Private,,,10.0,Never-married,Prof-specialty,Not-in-family,White,,0.0,,44.0,
49.0,,178749.0,Masters,14.0,,Adm-clerical,Unmarried,White,Female,0.0,0.0,40.0,United-States
76.0,noValueSetHere123156456,173542.0,Bachelors,13.0,Married-civ-spouse,,Husband,White,Male,0.0,0.0,10.0,United-States
,,167670.0,Bachelors,,,Prof-specialty,Husband,White,Male,0.0,0.0,35.0,
,Private,81578.0,9th,5.0,Married-civ-spouse,Sales,,White,Male,0.0,0.0,40.0,
,,160662.0,Doctorate,,Married-civ-spouse,Exec-managerial,Husband,White,Male,0.0,,80.0,United-States
41.0,Private,,Bachelors,13.0,Divorced,Tech-support,Not-in-family,,Female,0.0,,,noValueSetHere123156456
24.0,Private,152189.0,,9.0,,,,,,0.0,0.0,40.0,United-States
53.0,Private,106176.0,Masters,14.0,,,,,Male,7298.0,,60.0,United-States
69.0,State-gov,159191.0,Some-college,,Widowed,,Not-in-family,White,Female,0.0,,38.0,
71.0,noValueSetHere123156456,250263.0,Some-college,10.0,,noValueSetHere123156456,Husband,White,Male,,0.0,30.0,United-States
41.0,,78410.0,,9.0,Married-civ-spouse,Adm-clerical,Wife,,Female,,0.0,40.0,United-States
32.0,Private,131379.0,HS-grad,9.0,Never-married,Other-service,,White,Female,0.0,0.0,40.0,
45.0,,166929.0,11th,7.0,,Craft-repair,Husband,,,0.0,,40.0,United-States
59.0,Private,380357.0,Bachelors,,,Exec-managerial,Not-in-family,White,Male,0.0,0.0,40.0,United-States
31.0,Private,79190.0,HS-grad,,Never-married,,Own-child,,,0.0,0.0,35.0,United-States
40.0,Private,342164.0,HS-grad,9.0,Separated,Adm-clerical,Unmarried,White,Female,0.0,0.0,37.0,United-States
,Private,182616.0,,11.0,Married-civ-spouse,Tech-support,Husband,White,Male,0.0,0.0,40.0,United-States
63.0,Private,339473.0,Some-college,10.0,Divorced,Sales,Not-in-family,,Female,0.0,,,
,Local-gov,381153.0,Some-college,,,Protective-serv,Husband,White,Male,15024.0,0.0,56.0,United-States
,Private,300816.0,Bachelors,13.0,Never-married,Adm-clerical,Unmarried,White,Male,0.0,0.0,20.0,United-States
51.0,,240988.0,11th,7.0,,Machine-op-inspct,,Asian-Pac-Islander,Male,,0.0,40.0,Philippines
,Private,149224.0,,9.0,Never-married,Sales,,White,,0.0,0.0,40.0,United-States
49.0,Private,168216.0,7th-8th,4.0,Married-civ-spouse,Machine-op-inspct,Husband,White,,0.0,0.0,48.0,United-States
56.0,Private,286487.0,HS-grad,9.0,Married-civ-spouse,Craft-repair,Husband,White,Male,2885.0,0.0,45.0,United-States
39.0,Private,,HS-grad,9.0,Married-civ-spouse,Craft-repair,Husband,White,Male,,0.0,40.0,United-States
39.0,Self-emp-not-inc,109766.0,,15.0,Married-civ-spouse,Prof-specialty,Husband,White,Male,15024.0,,50.0,United-States
30.0,Self-emp-not-inc,188798.0,HS-grad,,Divorced,Other-service,Unmarried,White,Female,0.0,0.0,40.0,United-States
,Self-emp-not-inc,,Bachelors,,,Exec-managerial,Husband,White,Male,0.0,,50.0,
31.0,Private,459465.0,Some-college,,Never-married,,Not-in-family,,Male,0.0,,50.0,United-States
44.0,Local-gov,162506.0,Masters,,Married-civ-spouse,Prof-specialty,Husband,White,Male,0.0,0.0,,United-States
43.0,Self-emp-not-inc,,Prof-school,15.0,Married-civ-spouse,,Husband,White,Male,0.0,0.0,30.0,United-States
37.0,,129573.0,Doctorate,16.0,Married-civ-spouse,Prof-specialty,Husband,White,Male,0.0,0.0,72.0,
41.0,Private,27444.0,Some-college,,,Adm-clerical,Husband,White,Male,,,46.0,United-States
,Private,195258.0,HS-grad,9.0,Married-civ-spouse,Adm-clerical,Husband,White,Male,0.0,,40.0,
,State-gov,55272.0,,10.0,Married-civ-spouse,Craft-repair,,,,0.0,0.0,40.0,United-States
38.0,Self-emp-not-inc,164526.0,Prof-school,,Never-married,Prof-specialty,Not-in-family,White,,,2824.0,45.0,United-States
46.0,,27802.0,Assoc-voc,11.0,Married-civ-spouse,Machine-op-inspct,Husband,,Male,0.0,0.0,,
19.0,State-gov,165289.0,Some-college,,Never-married,Other-service,Own-child,White,,0.0,0.0,40.0,United-States
,Private,274657.0,5th-6th,3.0,Never-married,,Not-in-family,White,Male,0.0,0.0,,Guatemala
,Private,,,,Married-civ-spouse,,,White,Male,,0.0,45.0,
39.0,Self-emp-inc,163237.0,Some-college,,Married-civ-spouse,,Husband,,Male,0.0,0.0,65.0,United-States
37.0,Private,,Assoc-voc,11.0,Divorced,,,White,Female,0.0,0.0,30.0,United-States
,noValueSetHere123156456,,Bachelors,13.0,Never-married,noValueSetHere123156456,Own-child,Black,,0.0,0.0,,
40.0,Private,76625.0,,9.0,Divorced,,Unmarried,White,Male,0.0,,40.0,United-States
,Private,,Assoc-acdm,12.0,,Sales,Own-child,White,Female,0.0,0.0,40.0,United-States
22.0,Private,,HS-grad,9.0,,,Other-relative,White,,,0.0,40.0,
21.0,Private,286824.0,Some-college,10.0,Never-married,Handlers-cleaners,Own-child,,Male,0.0,,,
,Private,373263.0,HS-grad,9.0,,Exec-managerial,Wife,White,Female,0.0,0.0,40.0,United-States
,,,HS-grad,9.0,,,Own-child,White,Male,,,40.0,United-States
,,543922.0,Masters,14.0,Divorced,Transport-moving,Not-in-family,White,,14344.0,,48.0,United-States
46.0,,109089.0,Prof-school,15.0,,Protective-serv,,White,Male,0.0,0.0,40.0,United-States
46.0,,,Assoc-voc,11.0,Divorced,Exec-managerial,Unmarried,White,Female,,,,United-States
,Private,34110.0,Some-college,,,Protective-serv,Not-in-family,White,Male,0.0,0.0,44.0,
47.0,Self-emp-not-inc,,Bachelors,,Married-civ-spouse,Exec-managerial,Own-child,White,Male,0.0,0.0,60.0,United-States
,Private,117789.0,,,Never-married,Prof-specialty,Own-child,White,Female,0.0,0.0,10.0,United-States
,Self-emp-not-inc,353881.0,,9.0,,Exec-managerial,Husband,,Male,0.0,0.0,60.0,United-States
49.0,,200471.0,1st-4th,2.0,Married-civ-spouse,Craft-repair,Husband,White,Male,0.0,,40.0,Portugal
20.0,,258517.0,Some-college,10.0,Never-married,Handlers-cleaners,Own-child,White,,,0.0,25.0,United-States
28.0,Private,190367.0,HS-grad,,Married-civ-spouse,Machine-op-inspct,Husband,White,Male,0.0,0.0,45.0,United-States
,Private,,11th,7.0,Married-civ-spouse,Machine-op-inspct,Husband,Black,Male,0.0,0.0,40.0,
,Private,179413.0,HS-grad,9.0,Married-civ-spouse,Craft-repair,,,Male,0.0,0.0,40.0,United-States
20.0,Private,329530.0,9th,,Never-married,Priv-house-serv,,White,Male,0.0,0.0,40.0,Mexico
31.0,,273818.0,Some-college,10.0,Married-civ-spouse,Other-service,Husband,White,Male,0.0,0.0,55.0,Mexico
46.0,,256522.0,,,Never-married,,,White,Male,0.0,0.0,,Puerto-Rico
42.0,Private,196001.0,HS-grad,9.0,,,,White,Female,0.0,,,
,,282660.0,,,,Craft-repair,,White,,0.0,,40.0,United-States
30.0,Private,,Bachelors,13.0,Never-married,Prof-specialty,Not-in-family,,Male,,0.0,,
27.0,,50295.0,Some-college,10.0,,Transport-moving,Husband,White,,0.0,0.0,48.0,United-States
20.0,Private,203240.0,9th,,Never-married,Sales,,,Female,0.0,0.0,,United-States
56.0,Self-emp-not-inc,172618.0,Bachelors,13.0,Married-civ-spouse,Prof-specialty,,White,Male,,0.0,40.0,United-States
41.0,Private,,Some-college,10.0,Married-civ-spouse,Exec-managerial,Husband,White,,0.0,,60.0,United-States
61.0,Private,176839.0,HS-grad,9.0,Married-civ-spouse,,,,,0.0,0.0,40.0,
47.0,Private,,HS-grad,9.0,Divorced,Exec-managerial,Unmarried,Black,Female,0.0,0.0,,United-States
60.0,Private,39952.0,9th,5.0,Married-civ-spouse,Machine-op-inspct,,White,Male,,,37.0,
33.0,Private,,,5.0,Married-civ-spouse,Machine-op-inspct,,White,Male,,0.0,50.0,United-States
40.0,,161285.0,,10.0,Married-civ-spouse,noValueSetHere123156456,,White,,,,25.0,United-States
48.0,Private,355320.0,Bachelors,13.0,Married-civ-spouse,,,White,Male,,0.0,,Canada
56.0,Private,182460.0,HS-grad,,Married-civ-spouse,,Husband,White,,0.0,0.0,40.0,
50.0,Private,,,,Married-civ-spouse,Transport-moving,,,,3103.0,0.0,55.0,United-States
57.0,Self-emp-not-inc,,Masters,14.0,Married-civ-spouse,Prof-specialty,,White,,0.0,0.0,,
20.0,Private,165804.0,Some-college,10.0,Never-married,Adm-clerical,Own-child,Other,Female,,0.0,40.0,
46.0,Private,318259.0,Assoc-voc,11.0,Divorced,Tech-support,Other-relative,White,Female,0.0,0.0,36.0,United-States
21.0,Private,117606.0,Some-college,10.0,Never-married,,,White,,0.0,0.0,40.0,United-States
37.0,Private,170718.0,HS-grad,,,Exec-managerial,Husband,White,Male,,0.0,40.0,
42.0,Private,413297.0,Some-college,,Married-civ-spouse,Tech-support,Husband,,,,0.0,40.0,
20.0,,190457.0,HS-grad,9.0,Never-married,,Own-child,White,Female,0.0,0.0,30.0,United-States
54.0,Private,,Doctorate,16.0,Married-civ-spouse,Prof-specialty,,White,Male,0.0,1977.0,50.0,United-States
32.0,Local-gov,217296.0,HS-grad,9.0,Married-civ-spouse,Transport-moving,,White,Female,4064.0,0.0,22.0,United-States
,noValueSetHere123156456,97231.0,,10.0,Married-civ-spouse,noValueSetHere123156456,Wife,,,0.0,,1.0,United-States
50.0,Private,123429.0,,10.0,Married-civ-spouse,,Husband,,,0.0,0.0,40.0,United-States
49.0,,,Some-college,,Never-married,Adm-clerical,Unmarried,Black,,0.0,0.0,40.0,United-States
,Private,498325.0,,12.0,,,Husband,White,Male,0.0,,50.0,United-States
24.0,Private,248533.0,Some-college,10.0,,,Other-relative,,Female,0.0,0.0,40.0,United-States
46.0,Private,137354.0,Masters,14.0,Married-civ-spouse,Tech-support,Husband,Asian-Pac-Islander,Male,0.0,,40.0,
,Private,272910.0,HS-grad,9.0,,Other-service,Not-in-family,White,Female,0.0,0.0,40.0,United-States
52.0,Self-emp-inc,206054.0,Some-college,10.0,,Craft-repair,Husband,White,,0.0,,40.0,
,Local-gov,,Assoc-acdm,12.0,Widowed,,Not-in-family,,Female,,,40.0,
37.0,Private,163199.0,Some-college,,Divorced,,Not-in-family,Amer-Indian-Eskimo,Female,0.0,0.0,40.0,United-States
34.0,Private,195860.0,HS-grad,9.0,Married-civ-spouse,Craft-repair,Husband,,Male,0.0,,40.0,
26.0,Private,,Some-college,10.0,Married-civ-spouse,,Husband,White,Male,0.0,2051.0,40.0,United-States
18.0,Private,120029.0,Some-college,10.0,Never-married,,Other-relative,White,Female,,0.0,,United-States
,Private,221762.0,,10.0,Never-married,Prof-specialty,Not-in-family,Black,,0.0,,40.0,United-States
41.0,Private,,Some-college,10.0,,Sales,Not-in-family,White,,,,,United-States
21.0,,176356.0,Assoc-acdm,12.0,Never-married,Adm-clerical,Own-child,,Female,0.0,0.0,,United-States
23.0,Private,133239.0,Assoc-voc,11.0,Never-married,Tech-support,,,Female,,0.0,40.0,United-States
26.0,,,Some-college,10.0,Never-married,Tech-support,Own-child,White,Female,0.0,0.0,40.0,
33.0,Private,159442.0,Bachelors,,Married-civ-spouse,Other-service,Wife,,,0.0,0.0,40.0,United-States
24.0,Private,,,10.0,Never-married,Exec-managerial,,White,Female,0.0,0.0,45.0,United-States
,Private,,10th,6.0,,Craft-repair,Husband,Asian-Pac-Islander,Male,,,42.0,
,State-gov,,HS-grad,9.0,Divorced,Adm-clerical,,White,Female,,0.0,,England
,noValueSetHere123156456,,Some-college,10.0,,noValueSetHere123156456,,,Female,,0.0,40.0,United-States
61.0,Private,248448.0,,,Divorced,Other-service,,White,,0.0,0.0,40.0,
35.0,Private,,HS-grad,9.0,Married-civ-spouse,,Husband,White,Male,0.0,0.0,40.0,United-States
35.0,Private,212465.0,HS-grad,9.0,Married-civ-spouse,Craft-repair,Husband,White,Male,0.0,,40.0,United-States
45.0,Self-emp-inc,,HS-grad,9.0,,Exec-managerial,Husband,,Male,15024.0,0.0,,United-States
,Local-gov,233865.0,HS-grad,9.0,Married-civ-spouse,Exec-managerial,Husband,,Male,0.0,0.0,,United-States
51.0,Private,,HS-grad,9.0,Married-civ-spouse,,Husband,White,,0.0,0.0,40.0,United-States
35.0,Private,348690.0,Bachelors,13.0,,Transport-moving,Husband,White,Male,0.0,0.0,40.0,United-States
47.0,Federal-gov,34845.0,Bachelors,13.0,,Adm-clerical,Husband,,Male,0.0,0.0,45.0,
22.0,Private,,,10.0,,Adm-clerical,Own-child,,Male,0.0,,40.0,
49.0,Self-emp-inc,,Assoc-voc,,,Exec-managerial,,White,Male,0.0,0.0,,
20.0,Private,,,9.0,,,,White,Male,0.0,0.0,20.0,
19.0,,,10th,6.0,Divorced,,Not-in-family,White,Female,0.0,,40.0,United-States
27.0,Private,132191.0,HS-grad,9.0,,,Not-in-family,White,,0.0,,40.0,United-States
42.0,Private,202466.0,Assoc-acdm,12.0,Divorced,,Unmarried,White,Female,0.0,0.0,45.0,United-States
27.0,,224421.0,Some-college,10.0,Divorced,noValueSetHere123156456,Own-child,White,Male,,0.0,40.0,United-States
,,236804.0,Some-college,,Never-married,Farming-fishing,Own-child,,Male,,,,United-States
20.0,Private,107658.0,Some-college,,,,Not-in-family,White,Female,0.0,,10.0,United-States
47.0,Private,,,,Married-civ-spouse,Transport-moving,Husband,White,,0.0,0.0,,
17.0,Private,,12th,8.0,Never-married,Other-service,Own-child,Black,Male,,0.0,18.0,United-States
76.0,,,10th,6.0,,noValueSetHere123156456,,White,Male,,0.0,1.0,
,Private,52645.0,Some-college,,Divorced,Sales,,White,Female,0.0,0.0,40.0,
25.0,Private,276310.0,,5.0,Married-civ-spouse,,Husband,White,,0.0,0.0,40.0,Mexico
31.0,Private,134613.0,Assoc-voc,,Married-civ-spouse,Exec-managerial,Wife,,Female,,0.0,43.0,United-States
44.0,Private,215479.0,HS-grad,9.0,Divorced,Transport-moving,,Black,,0.0,,,Haiti
53.0,,266529.0,Assoc-voc,11.0,Married-civ-spouse,Exec-managerial,,White,Male,0.0,0.0,40.0,United-States
34.0,Private,265807.0,Some-college,10.0,Separated,Craft-repair,Not-in-family,White,Male,,0.0,45.0,United-States
45.0,,,Some-college,10.0,,Exec-managerial,Husband,,Male,0.0,0.0,60.0,United-States
34.0,Private,178951.0,,9.0,Married-civ-spouse,Sales,Husband,,Male,0.0,0.0,45.0,United-States
35.0,Private,241126.0,Masters,,Married-civ-spouse,Sales,Husband,White,Male,0.0,0.0,40.0,
36.0,Private,176544.0,Some-college,,Never-married,Other-service,Not-in-family,,Male,,0.0,48.0,
45.0,Private,169180.0,Some-college,,Widowed,,,White,Female,,0.0,,United-States
37.0,Self-emp-not-inc,282461.0,Some-college,10.0,Married-civ-spouse,Exec-managerial,Husband,White,Male,,0.0,60.0,United-States
53.0,Private,157069.0,Assoc-acdm,,Married-civ-spouse,Machine-op-inspct,Husband,White,,0.0,0.0,,United-States
35.0,Private,99357.0,Masters,14.0,Married-civ-spouse,Prof-specialty,Wife,White,Female,15024.0,0.0,50.0,
38.0,Self-emp-not-inc,414991.0,HS-grad,9.0,Married-civ-spouse,,Husband,White,Male,0.0,,70.0,
65.0,Self-emp-inc,338316.0,,10.0,Married-civ-spouse,,,White,Male,0.0,0.0,40.0,United-States
49.0,Self-emp-not-inc,,10th,6.0,Divorced,Farming-fishing,,White,,0.0,0.0,70.0,United-States
,Private,220426.0,HS-grad,9.0,Never-married,Handlers-cleaners,Not-in-family,White,Male,0.0,,40.0,United-States
,,,Some-college,,Married-civ-spouse,,Husband,White,,0.0,0.0,,
,Private,27032.0,,,Never-married,Sales,,White,Female,0.0,0.0,,
,Private,170720.0,12th,8.0,Never-married,Other-service,Own-child,,Male,0.0,0.0,,
60.0,Private,183162.0,HS-grad,,Widowed,,,White,Female,,0.0,40.0,United-States
46.0,Private,192360.0,Bachelors,,,Exec-managerial,Husband,White,,0.0,0.0,35.0,
,,,Masters,14.0,Widowed,,,,Female,0.0,0.0,15.0,United-States
26.0,Private,,Some-college,10.0,Never-married,Exec-managerial,Own-child,Black,Female,0.0,0.0,40.0,United-States
58.0,Private,209423.0,1st-4th,2.0,,Other-service,,White,Male,,0.0,38.0,Cuba
,Self-emp-not-inc,121510.0,HS-grad,,Divorced,,Unmarried,White,Male,0.0,,55.0,United-States
41.0,Private,93793.0,Masters,14.0,Married-civ-spouse,Prof-specialty,Husband,White,Male,0.0,,38.0,United-States
,Private,133602.0,Bachelors,,Divorced,Exec-managerial,Not-in-family,White,Male,,,40.0,
19.0,,391329.0,Some-college,10.0,Never-married,Adm-clerical,Not-in-family,White,Female,,,30.0,United-States
48.0,Private,,Bachelors,13.0,,Exec-managerial,,White,Male,0.0,0.0,,Greece
22.0,Private,203894.0,Some-college,,Never-married,Transport-moving,Not-in-family,White,Female,0.0,,24.0,United-States
50.0,Private,196193.0,Masters,14.0,Married-spouse-absent,Prof-specialty,Other-relative,,Male,0.0,,60.0,noValueSetHere123156456
25.0,Private,195994.0,1st-4th,2.0,Never-married,Priv-house-serv,Not-in-family,White,Female,,,40.0,Guatemala
18.0,Private,50879.0,,6.0,Never-married,,Own-child,White,,0.0,0.0,6.0,United-States
21.0,Private,186849.0,HS-grad,,,Handlers-cleaners,,White,Male,,0.0,40.0,
,Private,201127.0,Some-college,10.0,,,,White,Male,,0.0,,United-States
33.0,Private,110998.0,HS-grad,9.0,,Other-service,Other-relative,Amer-Indian-Eskimo,Female,0.0,0.0,36.0,United-States
,,190466.0,,9.0,,Craft-repair,Own-child,White,Male,,0.0,40.0,United-States
,Self-emp-not-inc,,,13.0,Married-civ-spouse,,,White,Male,0.0,0.0,8.0,United-States
19.0,Private,167140.0,,10.0,Never-married,Other-service,Own-child,White,Male,0.0,,24.0,
,Private,110230.0,10th,,Never-married,Other-service,Own-child,White,Male,0.0,0.0,,United-States
36.0,Private,,HS-grad,,Never-married,Adm-clerical,Own-child,Black,,0.0,,40.0,United-States
23.0,,,Some-college,10.0,Never-married,Machine-op-inspct,,White,Male,,0.0,25.0,United-States
25.0,noValueSetHere123156456,,Some-college,10.0,,,,,Female,0.0,0.0,20.0,United-States
40.0,Private,37618.0,Some-college,10.0,Married-civ-spouse,Craft-repair,Husband,White,,0.0,0.0,40.0,noValueSetHere123156456
73.0,Self-emp-not-inc,29306.0,HS-grad,9.0,Married-civ-spouse,Farming-fishing,,,Male,0.0,,40.0,
35.0,Private,,Some-college,10.0,Married-civ-spouse,Craft-repair,,White,Male,5013.0,0.0,40.0,
31.0,,420749.0,Assoc-acdm,12.0,,Craft-repair,Husband,,Male,0.0,,40.0,
,Private,482732.0,10th,,Never-married,Machine-op-inspct,,,,0.0,0.0,40.0,United-States
20.0,Private,,HS-grad,9.0,Never-married,Adm-clerical,Own-child,White,Female,0.0,0.0,40.0,United-States
27.0,,101364.0,,9.0,Married-civ-spouse,Handlers-cleaners,Husband,,Male,,0.0,40.0,Mexico
66.0,Self-emp-inc,185369.0,,6.0,Married-civ-spouse,,,,Male,,0.0,30.0,United-States
66.0,Private,216856.0,Masters,14.0,Married-civ-spouse,,,White,,0.0,0.0,50.0,United-States
64.0,Private,256019.0,Masters,,Never-married,Prof-specialty,,White,Female,0.0,0.0,35.0,
48.0,Private,348144.0,Some-college,10.0,Divorced,,Not-in-family,White,Male,3325.0,0.0,53.0,United-States
,Private,190293.0,,13.0,Never-married,Prof-specialty,,,Female,0.0,0.0,,
51.0,,25932.0,,9.0,Married-civ-spouse,Farming-fishing,,White,,0.0,,60.0,United-States
,Private,,Bachelors,13.0,Married-civ-spouse,Craft-repair,,White,Male,,0.0,60.0,United-States
33.0,Private,166961.0,11th,7.0,Separated,Sales,,,Female,,0.0,20.0,United-States
50.0,Private,,HS-grad,9.0,,Machine-op-inspct,Husband,White,Male,0.0,0.0,50.0,United-States
,Private,320513.0,,4.0,Married-spouse-absent,Craft-repair,Not-in-family,Black,Male,0.0,0.0,50.0,
,State-gov,190290.0,Bachelors,13.0,,,,White,,0.0,,38.0,
41.0,Local-gov,111891.0,,4.0,Never-married,Other-service,Unmarried,Black,Female,0.0,0.0,40.0,United-States
30.0,,,Some-college,,Married-civ-spouse,Machine-op-inspct,Husband,White,Male,0.0,0.0,,United-States
59.0,Private,108496.0,Some-college,10.0,Divorced,Craft-repair,Not-in-family,,Male,2907.0,0.0,40.0,United-States
,Self-emp-not-inc,,Some-college,10.0,Married-civ-spouse,,Husband,White,,3103.0,,,United-States
,,164526.0,Masters,14.0,Never-married,Sales,Not-in-family,,Male,,0.0,,
,Private,,1st-4th,,Married-civ-spouse,Farming-fishing,Husband,White,Male,0.0,,85.0,Mexico
28.0,Private,65389.0,HS-grad,9.0,Never-married,,Not-in-family,Amer-Indian-Eskimo,Male,0.0,0.0,30.0,
19.0,Private,414871.0,HS-grad,9.0,,,Own-child,White,,0.0,0.0,40.0,United-States
28.0,Private,161607.0,Some-college,10.0,Married-civ-spouse,Transport-moving,Husband,White,Male,0.0,0.0,45.0,
,Private,224953.0,10th,,,Machine-op-inspct,,Black,Male,0.0,0.0,40.0,United-States
36.0,,,Masters,14.0,Married-civ-spouse,,Husband,White,,15024.0,0.0,45.0,United-States
58.0,,231818.0,,,Never-married,Craft-repair,Not-in-family,,,0.0,0.0,40.0,Greece
42.0,Self-emp-inc,184018.0,HS-grad,,Divorced,Sales,,,Male,1151.0,,,United-States
43.0,Self-emp-inc,133060.0,,,Married-civ-spouse,Craft-repair,,White,Male,0.0,0.0,,United-States
29.0,,35032.0,HS-grad,9.0,Married-civ-spouse,Craft-repair,Husband,,,0.0,0.0,40.0,United-States
32.0,State-gov,304212.0,HS-grad,9.0,Never-married,Exec-managerial,Not-in-family,,Male,0.0,,50.0,United-States
64.0,Local-gov,,9th,5.0,,Adm-clerical,Other-relative,,,,0.0,40.0,United-States
39.0,Private,146091.0,Bachelors,13.0,Married-civ-spouse,Prof-specialty,Wife,White,,0.0,,20.0,United-States
26.0,Private,267431.0,Bachelors,13.0,Never-married,Sales,Own-child,,Female,,0.0,20.0,United-States
19.0,Private,121240.0,HS-grad,,Never-married,Other-service,Not-in-family,White,Male,0.0,0.0,30.0,United-States
21.0,Private,192572.0,HS-grad,9.0,Never-married,Adm-clerical,Own-child,White,Female,,0.0,45.0,United-States
32.0,,211028.0,Some-college,10.0,,,Not-in-family,White,,0.0,0.0,40.0,
30.0,Local-gov,346122.0,Assoc-acdm,12.0,Married-civ-spouse,Protective-serv,,White,Male,5013.0,,,
26.0,,202203.0,Bachelors,13.0,Never-married,Adm-clerical,Other-relative,White,,,0.0,50.0,
,,159297.0,,10.0,,,Own-child,,Female,0.0,,,United-States
19.0,Private,310158.0,Some-college,10.0,Never-married,Transport-moving,Own-child,White,Male,0.0,0.0,,United-States
33.0,Federal-gov,,Bachelors,,Married-civ-spouse,Adm-clerical,Husband,White,,0.0,0.0,42.0,
23.0,Private,200089.0,Some-college,10.0,Married-civ-spouse,Craft-repair,Other-relative,White,Male,0.0,0.0,40.0,El-Salvador
29.0,Private,38353.0,HS-grad,,Married-civ-spouse,,,White,Male,0.0,0.0,45.0,United-States
42.0,Private,76280.0,HS-grad,,Married-civ-spouse,Exec-managerial,Wife,White,Female,0.0,0.0,40.0,United-States
,Self-emp-not-inc,243665.0,HS-grad,9.0,Married-civ-spouse,Sales,Husband,White,,0.0,0.0,50.0,
63.0,Private,68872.0,HS-grad,9.0,Married-civ-spouse,Transport-moving,Wife,,Female,0.0,0.0,,
34.0,Private,,HS-grad,,Married-civ-spouse,,Husband,White,Male,0.0,0.0,40.0,United-States
,Self-emp-not-inc,88055.0,,10.0,Married-civ-spouse,Craft-repair,Husband,White,Male,,0.0,24.0,United-States
48.0,,186203.0,HS-grad,9.0,Married-civ-spouse,Other-service,Husband,White,Male,0.0,,50.0,United-States
25.0,,257910.0,,13.0,Never-married,Exec-managerial,Not-in-family,,Male,,,,
,Private,200227.0,Assoc-voc,11.0,Married-civ-spouse,Adm-clerical,Wife,Black,Female,0.0,,40.0,United-States
,Self-emp-not-inc,124975.0,HS-grad,9.0,Divorced,,Unmarried,White,,27828.0,0.0,55.0,
32.0,Private,,,10.0,Never-married,Machine-op-inspct,Own-child,,,,0.0,40.0,
22.0,Private,117210.0,Some-college,10.0,Never-married,Adm-clerical,Own-child,White,,0.0,0.0,25.0,Greece
25.0,,76144.0,HS-grad,9.0,,Exec-managerial,Not-in-family,,,,0.0,50.0,
18.0,Private,98667.0,,7.0,Never-married,,,White,Female,0.0,0.0,,United-States
24.0,,155818.0,,10.0,,,,White,Female,0.0,0.0,44.0,United-States
,,283760.0,Bachelors,13.0,Never-married,Exec-managerial,Not-in-family,White,Female,,0.0,40.0,United-States
73.0,noValueSetHere123156456,281907.0,,7.0,,noValueSetHere123156456,Husband,White,Male,,0.0,3.0,United-States
39.0,Private,186183.0,HS-grad,9.0,Married-civ-spouse,,,White,Male,0.0,0.0,40.0,United-States
33.0,Self-emp-inc,202153.0,Masters,14.0,Married-civ-spouse,Craft-repair,Husband,White,Male,0.0,0.0,,United-States
,Private,,,,,,Not-in-family,White,Female,0.0,0.0,40.0,
,Private,187538.0,10th,,Separated,Other-service,,,Female,0.0,0.0,40.0,United-States
33.0,noValueSetHere123156456,209432.0,HS-grad,9.0,Separated,noValueSetHere123156456,,,Female,0.0,,20.0,
,,126950.0,,9.0,,Transport-moving,Husband,,,0.0,0.0,60.0,United-States
42.0,Private,,HS-grad,9.0,Married-civ-spouse,Craft-repair,Husband,White,Male,0.0,0.0,40.0,United-States
43.0,Private,,Bachelors,13.0,Separated,Prof-specialty,,White,,,0.0,45.0,United-States
,Self-emp-not-inc,437281.0,Some-college,10.0,,Tech-support,Husband,,,0.0,,38.0,United-States
42.0,Private,259643.0,,14.0,Divorced,Prof-specialty,Not-in-family,White,,,0.0,,United-States
,Private,217961.0,Some-college,10.0,Never-married,,Own-child,White,Male,0.0,1719.0,30.0,
21.0,noValueSetHere123156456,134746.0,,10.0,Never-married,,,White,Female,0.0,0.0,,United-States
42.0,Self-emp-not-inc,120539.0,,13.0,,,Husband,White,Male,0.0,0.0,50.0,United-States
39.0,Private,,Some-college,10.0,Married-civ-spouse,,Husband,White,Male,0.0,0.0,55.0,United-States
,Private,63596.0,Some-college,,Married-civ-spouse,,Wife,White,,,0.0,32.0,United-States
,Local-gov,325493.0,,9.0,Never-married,Handlers-cleaners,,Black,Male,0.0,0.0,40.0,
47.0,Private,,Some-college,10.0,Married-civ-spouse,Craft-repair,,,Male,0.0,,40.0,United-States
,Private,206686.0,,,,Adm-clerical,Unmarried,White,Female,0.0,0.0,40.0,United-States
29.0,Private,,Bachelors,,,Adm-clerical,Not-in-family,Black,Female,0.0,0.0,,
52.0,Private,,Some-college,10.0,Married-spouse-absent,Adm-clerical,Not-in-family,White,,14084.0,0.0,16.0,United-States
71.0,Private,163385.0,Some-college,10.0,,Sales,,,Male,0.0,0.0,,United-States
52.0,Private,124993.0,,,Never-married,,Own-child,White,Male,,0.0,55.0,United-States
,Private,107410.0,HS-grad,9.0,Married-civ-spouse,Sales,Husband,White,Male,0.0,0.0,40.0,
53.0,Private,152373.0,Some-college,10.0,Divorced,,Not-in-family,White,Male,0.0,0.0,48.0,United-States
37.0,,161226.0,,9.0,Married-civ-spouse,Other-service,Wife,White,Female,0.0,0.0,,United-States
26.0,Private,213799.0,10th,6.0,,Handlers-cleaners,Not-in-family,White,,0.0,,40.0,United-States
34.0,Private,,Bachelors,13.0,,,Husband,White,Male,0.0,0.0,55.0,United-States
35.0,Private,,,13.0,,Prof-specialty,Not-in-family,White,Male,0.0,,50.0,United-States
,Private,,9th,5.0,Never-married,Sales,Own-child,White,,0.0,0.0,40.0,United-States
,Local-gov,210164.0,,10.0,,Craft-repair,Husband,White,Male,0.0,,40.0,United-States
56.0,Self-emp-not-inc,,Bachelors,13.0,,,Husband,White,Male,0.0,0.0,60.0,
39.0,Private,,Bachelors,13.0,Married-civ-spouse,Prof-specialty,Wife,White,Female,0.0,0.0,,United-States
24.0,Private,301199.0,Some-college,10.0,Never-married,Tech-support,Own-child,White,Female,0.0,,20.0,
24.0,Private,,,7.0,Divorced,,Unmarried,White,,0.0,,,United-States
23.0,Private,203924.0,Bachelors,13.0,Never-married,Prof-specialty,Not-in-family,,Male,0.0,0.0,50.0,United-States
,,,Bachelors,,Never-married,Prof-specialty,Not-in-family,,Male,0.0,0.0,45.0,United-States
25.0,,152035.0,HS-grad,9.0,,,Unmarried,White,,0.0,,40.0,United-States
29.0,Private,201454.0,Some-college,10.0,Never-married,Adm-clerical,Not-in-family,White,Female,0.0,0.0,,United-States
42.0,Private,156580.0,Some-college,10.0,Married-civ-spouse,Machine-op-inspct,Wife,White,Female,0.0,0.0,37.0,United-States
,,115851.0,HS-grad,9.0,,Craft-repair,Husband,White,Male,0.0,,40.0,United-States
31.0,,106753.0,Assoc-voc,11.0,,Craft-repair,Husband,White,Male,0.0,1740.0,40.0,United-States
,Private,,,2.0,Married-civ-spouse,Machine-op-inspct,Husband,,Male,0.0,0.0,40.0,Mexico
29.0,Private,,HS-grad,9.0,Married-civ-spouse,Other-service,,White,Female,0.0,0.0,,United-States
18.0,Private,78817.0,HS-grad,9.0,Never-married,Adm-clerical,Own-child,White,,0.0,,20.0,
24.0,Private,200967.0,,9.0,Married-civ-spouse,Craft-repair,Wife,White,Female,0.0,0.0,36.0,United-States
,State-gov,107164.0,Some-college,,Separated,Exec-managerial,Own-child,White,Male,,0.0,40.0,United-States
,,189674.0,HS-grad,9.0,Never-married,Priv-house-serv,Unmarried,Black,Female,0.0,0.0,,noValueSetHere123156456
34.0,Self-emp-not-inc,90614.0,HS-grad,9.0,Separated,Exec-managerial,Not-in-family,,Male,,0.0,50.0,
42.0,Self-emp-not-inc,,Bachelors,,Married-civ-spouse,,Husband,White,Male,0.0,1977.0,70.0,United-States
45.0,Self-emp-not-inc,242552.0,12th,8.0,,Craft-repair,Other-relative,Black,Male,0.0,,35.0,United-States
21.0,Private,90935.0,Assoc-voc,11.0,Never-married,Transport-moving,Own-child,,Male,0.0,0.0,40.0,United-States
64.0,Self-emp-inc,165667.0,Doctorate,16.0,Married-civ-spouse,Prof-specialty,Husband,White,Male,7688.0,0.0,60.0,Canada
32.0,Private,,HS-grad,9.0,Never-married,Machine-op-inspct,Other-relative,Black,Male,0.0,0.0,,United-States
,Private,205424.0,,13.0,,Prof-specialty,Not-in-family,White,Male,0.0,,40.0,United-States
,,,5th-6th,3.0,Married-civ-spouse,Machine-op-inspct,Husband,,Male,0.0,,40.0,Laos
42.0,,184857.0,HS-grad,9.0,,,,White,,,,16.0,
32.0,Private,165226.0,HS-grad,9.0,Divorced,,Not-in-family,White,,0.0,0.0,40.0,United-States
49.0,Private,115784.0,,9.0,Married-civ-spouse,,,White,,,0.0,40.0,
62.0,Private,368476.0,5th-6th,,Married-civ-spouse,Farming-fishing,Husband,White,Male,0.0,0.0,24.0,Mexico
,Private,53063.0,Bachelors,13.0,Married-civ-spouse,Exec-managerial,Husband,White,Male,0.0,0.0,45.0,United-States
29.0,noValueSetHere123156456,134566.0,Doctorate,16.0,,noValueSetHere123156456,Husband,White,Male,0.0,0.0,50.0,United-States
,Private,,HS-grad,9.0,,Farming-fishing,Not-in-family,,Male,0.0,,35.0,United-States
37.0,Self-emp-inc,107164.0,,,Never-married,Transport-moving,Not-in-family,White,Male,0.0,2559.0,50.0,United-States
,,,Bachelors,,Married-civ-spouse,Exec-managerial,Husband,,,0.0,,50.0,
44.0,,236321.0,,9.0,Divorced,,Own-child,White,Male,0.0,0.0,,United-States
19.0,Private,141868.0,HS-grad,9.0,Never-married,,Own-child,White,,,,40.0,United-States
,noValueSetHere123156456,367655.0,Some-college,10.0,Never-married,noValueSetHere123156456,Own-child,White,Male,0.0,0.0,40.0,United-States
24.0,Private,203518.0,Bachelors,13.0,Never-married,Prof-specialty,Not-in-family,White,Female,0.0,,40.0,United-States
58.0,Private,119558.0,HS-grad,,Married-civ-spouse,,Husband,White,Male,0.0,,50.0,United-States
56.0,,108276.0,Bachelors,13.0,,Other-service,,,Female,0.0,0.0,,United-States
,Private,385452.0,10th,6.0,Divorced,Craft-repair,,White,,0.0,0.0,40.0,
43.0,Private,162003.0,,10.0,Divorced,Machine-op-inspct,Not-in-family,White,Male,0.0,,40.0,
32.0,Private,349028.0,HS-grad,9.0,Married-civ-spouse,Craft-repair,,White,Male,0.0,0.0,,United-States
34.0,Private,45114.0,Bachelors,13.0,Never-married,Sales,,,Female,0.0,0.0,40.0,United-States
44.0,Private,112797.0,,5.0,Divorced,,,White,Female,0.0,,50.0,United-States
28.0,Private,183639.0,HS-grad,,Never-married,Handlers-cleaners,Unmarried,,Male,0.0,0.0,,United-States
35.0,Private,177121.0,HS-grad,9.0,Divorced,Other-service,Not-in-family,White,Female,0.0,,35.0,
38.0,,239755.0,HS-grad,9.0,Married-civ-spouse,Machine-op-inspct,Husband,,Male,0.0,0.0,40.0,United-States
,Private,150361.0,,10.0,Never-married,,Own-child,White,Female,,,40.0,
20.0,Private,293091.0,,7.0,Never-married,,Own-child,,Male,0.0,0.0,60.0,United-States
,,200089.0,,9.0,Married-civ-spouse,,,White,Male,0.0,,60.0,
40.0,Private,91836.0,HS-grad,9.0,Divorced,Craft-repair,,,Male,0.0,0.0,45.0,
23.0,Private,,HS-grad,,Never-married,Craft-repair,Other-relative,White,,,,40.0,
79.0,Local-gov,84616.0,11th,7.0,,Exec-managerial,Husband,,Male,0.0,,7.0,United-States
44.0,,252930.0,,6.0,,Adm-clerical,,Other,Female,0.0,0.0,42.0,
51.0,Private,,,14.0,Married-civ-spouse,,,White,Female,99999.0,0.0,50.0,United-States
30.0,Private,,,9.0,Married-civ-spouse,Machine-op-inspct,Husband,White,Male,0.0,0.0,40.0,United-States
52.0,Private,99307.0,,12.0,Married-civ-spouse,Sales,Husband,White,Male,3103.0,0.0,,United-States
41.0,,182567.0,Bachelors,,Married-civ-spouse,Exec-managerial,,,Male,0.0,0.0,,noValueSetHere123156456
33.0,Private,,5th-6th,3.0,Married-civ-spouse,,Husband,Asian-Pac-Islander,Male,,,40.0,Philippines
50.0,Private,,,13.0,Divorced,Exec-managerial,Unmarried,White,Male,,0.0,45.0,
51.0,Private,114927.0,Assoc-voc,11.0,Married-civ-spouse,Tech-support,Husband,White,Male,7298.0,0.0,40.0,
,Private,121287.0,HS-grad,9.0,Never-married,Machine-op-inspct,Not-in-family,White,Male,0.0,,40.0,
35.0,Private,189916.0,Bachelors,13.0,Married-civ-spouse,Sales,Wife,White,Female,,,30.0,
34.0,Private,157747.0,Some-college,,Married-civ-spouse,,Husband,,Male,7298.0,0.0,40.0,United-States
28.0,Private,39232.0,Bachelors,13.0,Never-married,Prof-specialty,Not-in-family,White,Male,0.0,,45.0,United-States
31.0,,133861.0,Assoc-voc,11.0,Divorced,Sales,,White,Male,0.0,0.0,,United-States
22.0,Private,,HS-grad,9.0,Never-married,Handlers-cleaners,Own-child,White,Male,0.0,0.0,40.0,United-States
67.0,,183374.0,HS-grad,,Widowed,noValueSetHere123156456,,White,Female,2329.0,,,United-States
65.0,,,HS-grad,9.0,Married-civ-spouse,Sales,Husband,,,9386.0,0.0,40.0,United-States
39.0,Self-emp-not-inc,140752.0,,9.0,Married-civ-spouse,Sales,,,Male,0.0,0.0,50.0,United-States
23.0,Private,,Some-college,10.0,Never-married,Tech-support,Own-child,,,0.0,0.0,40.0,United-States
,,,Assoc-acdm,12.0,Married-civ-spouse,Sales,Husband,White,Male,0.0,0.0,50.0,United-States
57.0,Self-emp-not-inc,190554.0,10th,,Divorced,Exec-managerial,Own-child,White,,0.0,0.0,60.0,
47.0,Private,80924.0,Some-college,10.0,Widowed,Other-service,Not-in-family,White,Female,0.0,0.0,35.0,United-States
51.0,,319054.0,,9.0,Married-civ-spouse,Transport-moving,,,,0.0,0.0,60.0,United-States
34.0,Private,,HS-grad,,Married-civ-spouse,Handlers-cleaners,Husband,Black,Male,0.0,0.0,40.0,United-States
,Private,170562.0,HS-grad,9.0,,Exec-managerial,Husband,White,Male,0.0,,60.0,United-States
29.0,,240738.0,HS-grad,,Married-civ-spouse,Prof-specialty,Husband,White,Male,,0.0,,United-States
29.0,Private,297544.0,HS-grad,9.0,Married-civ-spouse,Craft-repair,,White,Male,0.0,0.0,40.0,United-States
25.0,Local-gov,169905.0,Some-college,10.0,Married-civ-spouse,Farming-fishing,Husband,,Male,0.0,0.0,40.0,United-States
21.0,Private,149637.0,Some-college,10.0,Never-married,Other-service,Not-in-family,,Female,0.0,,40.0,United-States
,Private,182526.0,Bachelors,13.0,Married-spouse-absent,Prof-specialty,Not-in-family,White,Female,0.0,0.0,40.0,United-States
55.0,Self-emp-not-inc,158315.0,HS-grad,9.0,Married-civ-spouse,,Husband,White,Male,0.0,0.0,50.0,
61.0,Self-emp-inc,227232.0,Bachelors,13.0,Separated,Sales,Not-in-family,White,Female,,0.0,30.0,United-States
34.0,Private,96483.0,Assoc-acdm,12.0,Never-married,Adm-clerical,Not-in-family,Asian-Pac-Islander,Female,8614.0,0.0,60.0,United-States
,Private,286970.0,Bachelors,13.0,Married-civ-spouse,,Husband,,Male,0.0,,40.0,United-States
27.0,Local-gov,,,,Never-married,,Own-child,,Male,0.0,0.0,43.0,
,Self-emp-not-inc,316261.0,Bachelors,,,Exec-managerial,Not-in-family,,Male,,0.0,20.0,United-States
40.0,Private,170214.0,HS-grad,9.0,Married-civ-spouse,,Husband,White,Male,0.0,,40.0,United-States
26.0,,224361.0,,4.0,Married-civ-spouse,Transport-moving,Husband,White,,0.0,0.0,75.0,United-States
43.0,,124919.0,HS-grad,9.0,Married-civ-spouse,Other-service,Husband,Asian-Pac-Islander,Male,0.0,0.0,60.0,
55.0,noValueSetHere123156456,,HS-grad,9.0,,noValueSetHere123156456,Not-in-family,White,Female,0.0,0.0,20.0,United-States
25.0,Private,306352.0,Assoc-voc,11.0,,Tech-support,,White,Male,0.0,0.0,,Mexico
,Self-emp-not-inc,227858.0,Some-college,10.0,Never-married,Other-service,,White,Female,0.0,0.0,48.0,
43.0,Self-emp-inc,,HS-grad,9.0,Married-civ-spouse,Sales,Husband,White,Male,0.0,0.0,68.0,United-States
25.0,Private,144478.0,,10.0,,Other-service,Own-child,,Male,0.0,,40.0,Poland
22.0,,254547.0,Some-college,10.0,,Adm-clerical,Other-relative,Black,Female,0.0,0.0,,Jamaica
,Self-emp-not-inc,313243.0,,9.0,Married-civ-spouse,,Husband,White,Male,0.0,,55.0,United-States
61.0,Private,,HS-grad,,Married-civ-spouse,Adm-clerical,Wife,,,,0.0,5.0,United-States
42.0,Private,125461.0,Bachelors,13.0,Never-married,Sales,Unmarried,White,Male,0.0,0.0,40.0,United-States
21.0,,,Assoc-voc,11.0,Never-married,Adm-clerical,Not-in-family,,Female,0.0,0.0,40.0,
44.0,Private,,,9.0,,Transport-moving,Husband,Amer-Indian-Eskimo,,0.0,0.0,40.0,United-States
65.0,,192133.0,,,Married-civ-spouse,,Husband,,,2290.0,0.0,40.0,Greece
56.0,,131608.0,HS-grad,9.0,Divorced,noValueSetHere123156456,Not-in-family,,Male,,0.0,10.0,United-States
33.0,Federal-gov,339388.0,,12.0,Divorced,Other-service,Unmarried,White,,0.0,,40.0,United-States
22.0,Private,203240.0,10th,6.0,Never-married,Adm-clerical,Not-in-family,White,Female,0.0,0.0,,United-States
43.0,Private,83827.0,HS-grad,,Divorced,Machine-op-inspct,Not-in-family,White,Female,0.0,0.0,24.0,United-States
45.0,Self-emp-inc,160440.0,HS-grad,9.0,Divorced,Exec-managerial,Not-in-family,White,Male,0.0,,42.0,United-States
,Private,108502.0,,9.0,,Sales,Not-in-family,White,Female,0.0,0.0,42.0,
37.0,Private,,HS-grad,9.0,Married-spouse-absent,Farming-fishing,Unmarried,,Male,0.0,,,Mexico
56.0,Private,,,5.0,Divorced,Craft-repair,,White,Male,,0.0,40.0,United-States
35.0,noValueSetHere123156456,163582.0,10th,6.0,Divorced,,Unmarried,,Female,0.0,,16.0,
40.0,Private,,Assoc-acdm,12.0,,Adm-clerical,,Black,Female,0.0,0.0,32.0,United-States
31.0,Private,34572.0,Bachelors,13.0,,Sales,,White,,,0.0,55.0,
26.0,Private,43408.0,Bachelors,13.0,Married-civ-spouse,,Husband,White,Male,0.0,,,United-States
,,105787.0,Bachelors,,Never-married,Prof-specialty,Own-child,White,Male,0.0,0.0,40.0,United-States
42.0,Self-emp-inc,90693.0,,,Married-civ-spouse,,Husband,,Male,0.0,0.0,70.0,United-States
45.0,Self-emp-not-inc,,,9.0,Married-civ-spouse,,Husband,Asian-Pac-Islander,Male,0.0,,40.0,
,Local-gov,,,,Married-civ-spouse,Prof-specialty,Husband,Black,,,,,United-States
22.0,Private,,,10.0,Married-civ-spouse,Machine-op-inspct,Husband,White,Male,0.0,0.0,40.0,Mexico
,,382764.0,,13.0,Never-married,Exec-managerial,Own-child,White,Male,,,40.0,
37.0,Private,259284.0,HS-grad,9.0,Never-married,Transport-moving,Not-in-family,Black,,0.0,0.0,50.0,United-States
,Self-emp-not-inc,185385.0,HS-grad,,,Farming-fishing,,White,,0.0,0.0,98.0,
57.0,,286836.0,10th,6.0,,,Husband,White,Male,0.0,0.0,8.0,United-States
,Private,139145.0,Some-college,,,Adm-clerical,Not-in-family,,Female,0.0,0.0,,United-States
58.0,Local-gov,44246.0,9th,5.0,Married-civ-spouse,,Husband,White,Male,0.0,,,United-States
55.0,Private,169611.0,11th,7.0,Widowed,,Unmarried,White,Female,0.0,0.0,,United-States
52.0,Private,,Some-college,10.0,Married-civ-spouse,Craft-repair,Husband,White,Male,0.0,0.0,55.0,United-States
29.0,Private,187327.0,Bachelors,,,Prof-specialty,Not-in-family,White,Male,,,,
42.0,Private,,,14.0,Never-married,Prof-specialty,Not-in-family,White,Female,0.0,0.0,40.0,United-States
23.0,Private,,,,Divorced,,Not-in-family,White,Male,0.0,0.0,60.0,
23.0,Private,86065.0,12th,,Never-married,Other-service,Not-in-family,,,0.0,0.0,,
,Self-emp-not-inc,256014.0,Assoc-voc,11.0,,Exec-managerial,Husband,White,Male,0.0,0.0,,United-States
,Private,188403.0,Some-college,10.0,,,,White,,0.0,0.0,40.0,United-States
43.0,Self-emp-not-inc,396758.0,Bachelors,13.0,Married-civ-spouse,Prof-specialty,Wife,,Female,0.0,,70.0,United-States
25.0,,60485.0,Some-college,10.0,Never-married,Adm-clerical,Own-child,White,Female,0.0,0.0,30.0,United-States
,,271276.0,HS-grad,,Married-civ-spouse,,Husband,White,,,0.0,80.0,United-States
,Private,229525.0,9th,5.0,,Transport-moving,Husband,Black,Male,0.0,0.0,40.0,United-States
,Private,34574.0,HS-grad,9.0,Married-civ-spouse,,Husband,White,Male,0.0,0.0,43.0,
,State-gov,,Some-college,10.0,Never-married,,Own-child,White,Male,,,10.0,United-States
20.0,,105312.0,Some-college,10.0,Never-married,Sales,Own-child,White,Female,,0.0,18.0,
,Private,221396.0,,10.0,Married-civ-spouse,Adm-clerical,Husband,,Male,0.0,,,United-States
34.0,,304872.0,9th,5.0,,,Unmarried,White,Female,,,40.0,United-States
,Self-emp-not-inc,319733.0,HS-grad,,Married-civ-spouse,Craft-repair,Husband,,Male,0.0,0.0,40.0,
55.0,Private,176012.0,9th,5.0,Married-civ-spouse,Tech-support,Wife,White,,0.0,0.0,23.0,United-States
31.0,Private,213750.0,,10.0,Never-married,Sales,,,,0.0,0.0,,United-States
,,248384.0,HS-grad,9.0,Divorced,Other-service,Unmarried,,,,0.0,40.0,United-States
31.0,Private,351187.0,,9.0,Divorced,Other-service,Unmarried,White,Male,0.0,,40.0,United-States
51.0,Private,,HS-grad,9.0,Separated,,Not-in-family,White,Male,0.0,1876.0,40.0,
,Private,50223.0,HS-grad,,Married-civ-spouse,Craft-repair,Husband,White,Male,0.0,0.0,40.0,
58.0,Private,117477.0,HS-grad,9.0,Divorced,Adm-clerical,Unmarried,Black,Female,0.0,0.0,36.0,
40.0,Private,194360.0,9th,5.0,Married-civ-spouse,Handlers-cleaners,Husband,White,,,0.0,,United-States
54.0,Private,,HS-grad,9.0,Married-civ-spouse,Craft-repair,Husband,,Male,0.0,0.0,40.0,
25.0,,,Bachelors,13.0,Married-civ-spouse,Prof-specialty,Husband,White,Male,0.0,1977.0,40.0,United-States
18.0,Self-emp-inc,,11th,7.0,,Farming-fishing,Own-child,,Male,0.0,0.0,,United-States
41.0,Private,116391.0,Some-college,10.0,Married-civ-spouse,Craft-repair,,White,Male,0.0,,,United-States
57.0,Private,210496.0,10th,6.0,,,Unmarried,,Female,0.0,,40.0,United-States
37.0,Private,168475.0,HS-grad,9.0,Married-civ-spouse,Exec-managerial,,White,Male,0.0,0.0,40.0,United-States
46.0,Private,,HS-grad,9.0,,Other-service,Unmarried,White,Female,0.0,0.0,,
,,166744.0,,9.0,Never-married,Other-service,Own-child,White,Female,,,38.0,United-States
,,375114.0,,,,,,White,Female,0.0,0.0,40.0,United-States
41.0,,,Assoc-acdm,12.0,Married-civ-spouse,Machine-op-inspct,Husband,White,Male,0.0,0.0,,United-States
54.0,,339667.0,HS-grad,,Never-married,Adm-clerical,Not-in-family,White,,,,41.0,United-States
39.0,Private,,,14.0,Married-civ-spouse,Exec-managerial,Husband,White,,0.0,0.0,,United-States
,,82049.0,HS-grad,9.0,Married-civ-spouse,Craft-repair,Husband,,,0.0,0.0,40.0,United-States
,Private,,Prof-school,,Never-married,Prof-specialty,Not-in-family,,Female,,0.0,30.0,United-States
57.0,Self-emp-inc,140319.0,HS-grad,9.0,Married-civ-spouse,Adm-clerical,,White,Male,0.0,0.0,,United-States
33.0,,,Some-college,10.0,Married-civ-spouse,Protective-serv,Husband,,,0.0,,40.0,United-States
56.0,Private,,Some-college,10.0,Married-civ-spouse,Exec-managerial,Husband,White,Male,0.0,0.0,,United-States
60.0,,187124.0,HS-grad,9.0,,Machine-op-inspct,,White,Male,,,40.0,United-States
22.0,Private,72310.0,HS-grad,,Never-married,Transport-moving,,White,Male,0.0,0.0,70.0,United-States
58.0,Private,175127.0,12th,8.0,Married-civ-spouse,Transport-moving,Other-relative,White,Male,0.0,0.0,40.0,United-States
48.0,Federal-gov,,Masters,14.0,,,,White,Female,10520.0,0.0,50.0,United-States
45.0,,236586.0,Masters,14.0,,Prof-specialty,Husband,White,Male,,0.0,,
,Private,,HS-grad,9.0,Never-married,Sales,Own-child,Asian-Pac-Islander,Female,0.0,0.0,40.0,United-States
56.0,Private,87584.0,,,,,Unmarried,,Female,,0.0,40.0,United-States
48.0,,136878.0,,9.0,Married-civ-spouse,,Husband,White,Male,0.0,,60.0,United-States
40.0,,,Bachelors,13.0,,Tech-support,Not-in-family,,,0.0,2258.0,48.0,Philippines
38.0,,110607.0,HS-grad,9.0,,,Not-in-family,White,,0.0,,,
58.0,,109015.0,Some-college,10.0,Divorced,,Unmarried,,Female,0.0,0.0,40.0,United-States
23.0,Private,235071.0,Some-college,,Never-married,Exec-managerial,Own-child,White,Male,0.0,,50.0,United-States
63.0,Private,,Some-college,10.0,Married-civ-spouse,Prof-specialty,Husband,White,Male,0.0,0.0,40.0,noValueSetHere123156456
51.0,,332243.0,,13.0,Divorced,Prof-specialty,,White,Male,0.0,,45.0,
22.0,noValueSetHere123156456,291547.0,5th-6th,,,noValueSetHere123156456,Wife,Other,Female,,0.0,40.0,Mexico
44.0,Private,45093.0,,9.0,Married-civ-spouse,Farming-fishing,,White,,0.0,0.0,70.0,United-States
,Federal-gov,161337.0,Some-college,10.0,Divorced,Tech-support,,White,Male,0.0,0.0,40.0,United-States
64.0,State-gov,,Bachelors,13.0,Married-civ-spouse,Adm-clerical,Husband,White,,,,,United-States
32.0,Private,,Bachelors,13.0,Married-civ-spouse,Exec-managerial,Husband,Black,Male,0.0,,,England
31.0,,,Some-college,10.0,Married-civ-spouse,Adm-clerical,,,Male,0.0,,,United-States
,Private,238415.0,Assoc-voc,11.0,Married-civ-spouse,,,,,0.0,0.0,,United-States
21.0,Private,29810.0,,9.0,Never-married,,,White,Female,0.0,,50.0,United-States
30.0,Private,108023.0,,10.0,,Craft-repair,Husband,,,0.0,0.0,40.0,United-States
31.0,,,Assoc-voc,11.0,Never-married,Other-service,,Black,,0.0,0.0,40.0,United-States
54.0,Private,172281.0,HS-grad,9.0,,,Husband,White,Male,0.0,2051.0,50.0,United-States
59.0,Local-gov,197290.0,,5.0,Married-civ-spouse,Other-service,Husband,White,Male,0.0,0.0,40.0,
,,191177.0,,14.0,Married-civ-spouse,,,White,,0.0,0.0,20.0,United-States
,,562558.0,,9.0,Divorced,Adm-clerical,,White,Female,0.0,0.0,,United-States
44.0,Private,79531.0,HS-grad,9.0,Married-civ-spouse,Craft-repair,Husband,White,,,,45.0,United-States
53.0,Self-emp-inc,157881.0,Some-college,10.0,Divorced,Exec-managerial,Not-in-family,,Male,,0.0,60.0,United-States
58.0,Self-emp-not-inc,204816.0,,10.0,Married-civ-spouse,,Husband,,,0.0,0.0,,United-States
19.0,Private,185695.0,Some-college,,Never-married,Other-service,,White,Female,0.0,0.0,20.0,United-States
39.0,Self-emp-inc,167482.0,Assoc-acdm,12.0,Married-civ-spouse,Exec-managerial,,White,Male,0.0,0.0,50.0,United-States
31.0,,83748.0,Some-college,,Married-civ-spouse,Exec-managerial,Wife,,,0.0,0.0,70.0,South
27.0,Private,39232.0,HS-grad,9.0,Married-civ-spouse,,Husband,White,Male,0.0,0.0,40.0,United-States
,,236827.0,9th,5.0,,Other-service,Unmarried,,Female,,0.0,40.0,United-States
,,154410.0,Masters,14.0,Never-married,Exec-managerial,Not-in-family,White,Male,0.0,0.0,40.0,
27.0,Private,,Bachelors,13.0,Never-married,,,Black,,,0.0,,United-States
33.0,Private,204042.0,Some-college,10.0,Never-married,Transport-moving,,White,Male,0.0,0.0,55.0,United-States
20.0,,,Some-college,10.0,Never-married,Other-service,Own-child,White,Male,0.0,0.0,16.0,
55.0,,183884.0,,9.0,Divorced,Craft-repair,Not-in-family,White,Male,0.0,,45.0,United-States
,,98948.0,Assoc-acdm,12.0,,Sales,Not-in-family,,Female,0.0,0.0,40.0,United-States
41.0,Private,141642.0,HS-grad,9.0,Never-married,Other-service,Not-in-family,White,Female,,,40.0,
30.0,,,Bachelors,13.0,Never-married,,Not-in-family,White,Female,0.0,,,United-States
39.0,Self-emp-inc,186934.0,,13.0,,,Not-in-family,White,Male,0.0,0.0,40.0,United-States
28.0,Private,179512.0,HS-grad,,Separated,Exec-managerial,Unmarried,,Female,0.0,0.0,50.0,United-States
25.0,Private,391192.0,,10.0,Never-married,Sales,,White,,0.0,,,United-States
,Private,87054.0,,9.0,Married-civ-spouse,,,White,Male,0.0,,50.0,United-States
,Private,,HS-grad,,Married-civ-spouse,Transport-moving,,White,Male,,0.0,60.0,
24.0,Private,113466.0,Bachelors,13.0,Never-married,Adm-clerical,Own-child,,Male,0.0,0.0,40.0,United-States
70.0,Private,642830.0,HS-grad,9.0,,Protective-serv,Not-in-family,White,Female,0.0,0.0,32.0,United-States
23.0,Private,182117.0,Some-college,10.0,Never-married,Adm-clerical,Own-child,White,Male,0.0,0.0,40.0,
61.0,Private,,HS-grad,,,Exec-managerial,Not-in-family,White,,0.0,,,United-States
45.0,Self-emp-not-inc,242184.0,7th-8th,4.0,Married-civ-spouse,Exec-managerial,Husband,White,Male,0.0,0.0,55.0,United-States
47.0,Private,170850.0,HS-grad,9.0,Married-civ-spouse,Handlers-cleaners,Husband,,Male,4064.0,0.0,60.0,United-States
56.0,Private,435022.0,,10.0,Divorced,Other-service,Not-in-family,,,0.0,0.0,,United-States
,Private,120707.0,Doctorate,16.0,Married-civ-spouse,,,,Male,,0.0,35.0,El-Salvador
20.0,Private,170800.0,Some-college,10.0,Never-married,Adm-clerical,Own-child,White,Female,0.0,0.0,,United-States
30.0,Private,,HS-grad,9.0,Never-married,,Unmarried,Asian-Pac-Islander,Male,0.0,,,Vietnam
,Private,269354.0,Bachelors,,,,Husband,White,Male,0.0,0.0,25.0,noValueSetHere123156456
40.0,Private,,Bachelors,13.0,,Sales,Husband,White,Male,0.0,0.0,,United-States
60.0,,153072.0,HS-grad,9.0,,,,White,Male,,0.0,5.0,United-States
58.0,,177368.0,HS-grad,9.0,Married-civ-spouse,,Husband,White,,0.0,0.0,40.0,United-States
71.0,Self-emp-not-inc,163293.0,Prof-school,15.0,Married-civ-spouse,Farming-fishing,Husband,White,,0.0,0.0,2.0,United-States
50.0,Private,178530.0,Prof-school,15.0,Married-civ-spouse,,Husband,,Male,0.0,0.0,,
29.0,Local-gov,183523.0,Some-college,,Never-married,Exec-managerial,Not-in-family,White,Male,,0.0,40.0,Iran
33.0,Private,207267.0,10th,6.0,Separated,Other-service,Unmarried,,Female,3418.0,0.0,,United-States
,State-gov,27037.0,HS-grad,9.0,Married-civ-spouse,,Husband,,Male,0.0,,40.0,United-States
,Private,,Assoc-acdm,,,Adm-clerical,Not-in-family,White,Male,0.0,0.0,50.0,United-States
,Private,163215.0,,13.0,Married-civ-spouse,,,White,,,0.0,35.0,noValueSetHere123156456
33.0,Private,394727.0,10th,6.0,,Handlers-cleaners,Unmarried,Black,Male,0.0,0.0,40.0,United-States
,,195488.0,HS-grad,,,Adm-clerical,Wife,White,Female,0.0,0.0,52.0,
32.0,,443546.0,HS-grad,,,Protective-serv,Husband,,Male,0.0,,45.0,United-States
21.0,Private,121023.0,Some-college,10.0,Never-married,Other-service,Own-child,White,Female,0.0,0.0,9.0,United-States
38.0,Private,,,9.0,Married-civ-spouse,Prof-specialty,Wife,,Female,0.0,,,United-States
38.0,Private,258888.0,Some-college,,Married-civ-spouse,,Wife,White,Female,0.0,0.0,35.0,United-States
39.0,,189385.0,,10.0,Separated,,,Black,,0.0,,,United-States
17.0,Private,198146.0,11th,7.0,Never-married,,Own-child,White,Female,0.0,0.0,15.0,United-States
21.0,Private,337766.0,,,Married-civ-spouse,Adm-clerical,Husband,,Male,0.0,0.0,40.0,United-States
,,,Some-college,10.0,Married-civ-spouse,Tech-support,Husband,White,Male,0.0,0.0,20.0,
42.0,Private,185602.0,,9.0,Married-civ-spouse,Exec-managerial,Wife,,Female,,,40.0,
36.0,Private,173804.0,11th,,,Other-service,Not-in-family,White,Female,,,,United-States
32.0,,251243.0,Some-college,10.0,Divorced,,Not-in-family,White,Female,0.0,0.0,50.0,United-States
37.0,Self-emp-not-inc,,,13.0,Married-civ-spouse,,Husband,White,Male,,0.0,40.0,United-States
28.0,Private,119793.0,,13.0,,Sales,,,,0.0,0.0,40.0,United-States
37.0,Private,181705.0,Assoc-voc,11.0,,Craft-repair,Husband,White,Male,,,,United-States
,Private,182360.0,,,Separated,Prof-specialty,Unmarried,Other,Female,0.0,0.0,60.0,
49.0,,,11th,,Married-civ-spouse,Craft-repair,,White,Male,,0.0,40.0,United-States
40.0,,146520.0,,14.0,Married-civ-spouse,,Husband,White,,0.0,0.0,40.0,United-States
40.0,,323790.0,,10.0,Married-civ-spouse,,Husband,White,Male,0.0,,40.0,
49.0,Private,146268.0,Some-college,10.0,Married-civ-spouse,Craft-repair,,White,Male,0.0,,40.0,United-States
35.0,,287031.0,Masters,14.0,,Exec-managerial,Not-in-family,White,,8614.0,0.0,40.0,United-States
,Local-gov,292217.0,HS-grad,9.0,,Protective-serv,,White,,0.0,0.0,40.0,
,Private,88126.0,HS-grad,,Never-married,Craft-repair,Not-in-family,White,Male,0.0,0.0,40.0,United-States
41.0,Private,143046.0,,14.0,,,,White,Female,0.0,0.0,40.0,United-States
,Private,401623.0,Some-college,10.0,Married-civ-spouse,,Husband,Black,Male,,0.0,40.0,Jamaica
36.0,Self-emp-not-inc,283122.0,HS-grad,9.0,Married-civ-spouse,Farming-fishing,,White,Male,0.0,1902.0,,
,Self-emp-not-inc,155057.0,Bachelors,13.0,,,Husband,,,0.0,0.0,20.0,United-States
23.0,Private,,HS-grad,9.0,Never-married,Sales,Own-child,White,,0.0,0.0,40.0,United-States
41.0,,152292.0,Bachelors,,Married-civ-spouse,Prof-specialty,Husband,,Male,0.0,0.0,50.0,United-States
55.0,Self-emp-inc,138594.0,HS-grad,9.0,Married-civ-spouse,,,,Male,,1977.0,45.0,
30.0,Self-emp-not-inc,523095.0,Some-college,10.0,,Craft-repair,Not-in-family,White,Male,0.0,,45.0,United-States
46.0,Private,175262.0,Assoc-acdm,12.0,Married-civ-spouse,,Husband,,,0.0,0.0,40.0,India
55.0,Private,323706.0,,10.0,,Exec-managerial,Husband,White,,0.0,,40.0,
34.0,Private,316470.0,,10.0,Never-married,Adm-clerical,Not-in-family,White,Male,0.0,0.0,,United-States
,Self-emp-not-inc,163815.0,,14.0,,Sales,,White,Male,0.0,0.0,,
27.0,Private,72208.0,Some-college,10.0,,Adm-clerical,,Black,Male,0.0,,40.0,
52.0,Local-gov,74784.0,Masters,14.0,,Prof-specialty,,,Female,0.0,0.0,40.0,United-States
,,383518.0,Some-college,,,Adm-clerical,Wife,Black,Female,99999.0,0.0,40.0,United-States
25.0,Self-emp-not-inc,266668.0,HS-grad,9.0,Never-married,Prof-specialty,Not-in-family,White,Male,,,40.0,
,Private,347519.0,Bachelors,13.0,Married-civ-spouse,Exec-managerial,Husband,,Male,0.0,0.0,55.0,
,Private,,HS-grad,9.0,Divorced,,,Amer-Indian-Eskimo,Female,0.0,,50.0,United-States
36.0,Private,190350.0,HS-grad,9.0,,Adm-clerical,,Black,Female,,0.0,,United-States
31.0,Private,204052.0,HS-grad,9.0,Married-civ-spouse,Handlers-cleaners,,,,0.0,0.0,40.0,United-States
66.0,noValueSetHere123156456,31362.0,Some-college,10.0,Married-civ-spouse,noValueSetHere123156456,Husband,,Male,0.0,0.0,20.0,
90.0,Self-emp-not-inc,155981.0,,13.0,Married-civ-spouse,Prof-specialty,Husband,,Male,10566.0,,50.0,United-States
,Private,195161.0,Masters,14.0,Married-civ-spouse,Prof-specialty,Husband,,,20051.0,0.0,60.0,
22.0,Self-emp-inc,269583.0,7th-8th,,Married-civ-spouse,Craft-repair,Husband,,Male,2580.0,,,United-States
47.0,Private,26994.0,Some-college,10.0,Divorced,Adm-clerical,Not-in-family,White,Female,0.0,0.0,35.0,United-States
32.0,Private,116539.0,Bachelors,,Married-civ-spouse,,Husband,White,Male,0.0,1887.0,,
,Self-emp-not-inc,189933.0,,,,Farming-fishing,Husband,,,0.0,,50.0,
32.0,,101283.0,HS-grad,9.0,Never-married,Handlers-cleaners,Not-in-family,White,,0.0,0.0,35.0,United-States
,Private,113598.0,,10.0,,Adm-clerical,Other-relative,,Female,0.0,0.0,40.0,
21.0,,188793.0,HS-grad,9.0,Married-civ-spouse,Sales,,Other,Male,,0.0,35.0,United-States
33.0,Private,109996.0,Assoc-acdm,12.0,Married-spouse-absent,,Own-child,White,,0.0,0.0,40.0,United-States
27.0,Private,195681.0,Some-college,10.0,,Prof-specialty,,White,Female,,0.0,,
47.0,Private,436770.0,Assoc-voc,11.0,Never-married,Prof-specialty,Not-in-family,,Female,0.0,0.0,40.0,
18.0,Private,84253.0,11th,,Never-married,Other-service,Own-child,White,Female,,0.0,,United-States
44.0,,383493.0,HS-grad,,Married-civ-spouse,Craft-repair,Husband,White,Male,0.0,,,United-States
23.0,,,Some-college,10.0,,Craft-repair,,White,,0.0,0.0,,
18.0,Private,,10th,6.0,Never-married,Sales,Own-child,White,,,0.0,35.0,United-States
56.0,Private,,HS-grad,9.0,Married-civ-spouse,Exec-managerial,Husband,White,Male,0.0,,50.0,
24.0,Private,325596.0,Bachelors,13.0,Never-married,Adm-clerical,Own-child,,Male,0.0,,35.0,United-States
,Private,,,13.0,Married-civ-spouse,Craft-repair,Husband,White,Male,0.0,0.0,40.0,United-States
23.0,Private,193949.0,Bachelors,13.0,,Sales,,White,Female,0.0,0.0,60.0,United-States
26.0,,133373.0,Some-college,10.0,Never-married,Sales,Own-child,White,Male,0.0,0.0,42.0,
,Private,113324.0,HS-grad,9.0,Widowed,Sales,Unmarried,White,Male,0.0,0.0,40.0,United-States
23.0,Private,178818.0,HS-grad,9.0,,Adm-clerical,Not-in-family,White,Female,0.0,,,United-States
53.0,Self-emp-not-inc,152810.0,10th,6.0,Married-civ-spouse,Craft-repair,Husband,,,,0.0,40.0,United-States
51.0,Private,335997.0,HS-grad,,Married-civ-spouse,Exec-managerial,Husband,White,Male,,0.0,55.0,United-States
,Private,436493.0,HS-grad,9.0,Never-married,,Own-child,White,Male,0.0,0.0,25.0,United-States
,Private,704108.0,Bachelors,13.0,Never-married,Prof-specialty,Not-in-family,,Male,,0.0,50.0,
,Local-gov,,Some-college,,Separated,Protective-serv,Not-in-family,,,0.0,0.0,60.0,United-States
42.0,Private,341204.0,HS-grad,9.0,Divorced,Craft-repair,Other-relative,White,Female,0.0,0.0,40.0,
41.0,Private,,HS-grad,9.0,,Adm-clerical,Unmarried,,Female,,0.0,40.0,United-States
23.0,Private,204209.0,Some-college,10.0,,Handlers-cleaners,,White,Male,0.0,0.0,10.0,United-States
,Self-emp-not-inc,206066.0,Masters,14.0,Married-civ-spouse,,,White,Male,0.0,0.0,,
,,63509.0,HS-grad,9.0,Married-civ-spouse,Craft-repair,Husband,White,Male,0.0,,40.0,United-States
63.0,,391121.0,,4.0,Married-civ-spouse,Farming-fishing,Husband,White,Male,0.0,0.0,30.0,United-States
31.0,Private,56026.0,HS-grad,9.0,Married-civ-spouse,Craft-repair,,White,,0.0,0.0,40.0,United-States
,,60981.0,11th,,,Other-service,Own-child,White,,0.0,0.0,4.0,United-States
21.0,,228255.0,,10.0,Never-married,Other-service,,White,Male,0.0,0.0,30.0,United-States
24.0,Private,86745.0,,13.0,Married-civ-spouse,Prof-specialty,Other-relative,Asian-Pac-Islander,Female,0.0,0.0,40.0,Philippines
55.0,,,Some-college,10.0,Married-civ-spouse,Craft-repair,Husband,White,Male,0.0,0.0,,United-States
20.0,,,9th,,Never-married,Adm-clerical,,,,,0.0,20.0,United-States
31.0,Private,137814.0,Some-college,10.0,Divorced,Sales,,White,,0.0,0.0,30.0,United-States
23.0,Private,167692.0,Some-college,10.0,Never-married,Adm-clerical,,,Female,0.0,0.0,20.0,United-States
35.0,Private,245090.0,HS-grad,9.0,Married-civ-spouse,Craft-repair,,,Male,0.0,0.0,40.0,
,Self-emp-not-inc,256963.0,Some-college,,Married-civ-spouse,Sales,Husband,White,Male,0.0,0.0,,United-States
19.0,,,,10.0,Never-married,,,White,,0.0,0.0,30.0,United-States
38.0,Local-gov,289430.0,,9.0,,Protective-serv,Not-in-family,White,Male,0.0,0.0,,United-States
52.0,Local-gov,305053.0,HS-grad,9.0,Married-civ-spouse,Craft-repair,,White,Male,0.0,2051.0,,United-States
,,,Prof-school,,Married-civ-spouse,Prof-specialty,Husband,White,Male,0.0,0.0,25.0,United-States
53.0,,320510.0,10th,,,Craft-repair,,,Male,0.0,0.0,40.0,
59.0,Private,171355.0,Doctorate,16.0,Married-civ-spouse,Exec-managerial,,White,Male,0.0,0.0,40.0,
39.0,,,Some-college,,,Transport-moving,Husband,White,,0.0,0.0,,
18.0,,215190.0,12th,,Never-married,Sales,,White,Female,0.0,,,
,,149385.0,HS-grad,,Never-married,noValueSetHere123156456,Not-in-family,White,Female,,0.0,,United-States
19.0,noValueSetHere123156456,169324.0,,10.0,Never-married,,Own-child,White,Male,0.0,0.0,10.0,United-States
24.0,Private,,Some-college,,Divorced,,Not-in-family,White,Female,0.0,0.0,40.0,United-States
,Private,,HS-grad,9.0,Never-married,,Not-in-family,White,,,0.0,38.0,United-States
32.0,,273287.0,,10.0,Never-married,,Not-in-family,Black,Male,0.0,0.0,40.0,Jamaica
,Self-emp-not-inc,77209.0,HS-grad,,Married-civ-spouse,Sales,Husband,White,Male,0.0,,60.0,
35.0,Private,,HS-grad,9.0,Never-married,Sales,Not-in-family,,Female,,,40.0,
50.0,Private,95469.0,,9.0,Married-civ-spouse,Adm-clerical,Husband,White,Male,,,45.0,United-States
18.0,Private,302859.0,HS-grad,9.0,Never-married,Sales,Own-child,White,Male,0.0,0.0,,
37.0,Private,333651.0,,9.0,Never-married,Adm-clerical,,White,Male,,0.0,42.0,United-States
30.0,,177596.0,Some-college,10.0,Never-married,Other-service,,White,Female,0.0,0.0,36.0,United-States
40.0,Self-emp-inc,,Masters,14.0,Married-civ-spouse,,,White,Female,15024.0,0.0,30.0,Iran
22.0,Private,184779.0,HS-grad,,Never-married,Prof-specialty,Not-in-family,White,Female,0.0,,40.0,United-States
50.0,Local-gov,138358.0,Some-college,10.0,Separated,,Unmarried,Black,Female,,0.0,28.0,United-States
,Private,176285.0,HS-grad,9.0,Divorced,,Not-in-family,White,Female,0.0,,23.0,United-States
43.0,,102180.0,Masters,14.0,Married-civ-spouse,Prof-specialty,Husband,White,Male,0.0,0.0,,
77.0,Self-emp-not-inc,209507.0,Some-college,10.0,Never-married,,Not-in-family,,Male,,0.0,40.0,United-States
30.0,Self-emp-not-inc,229741.0,HS-grad,9.0,,Craft-repair,Husband,White,Male,,0.0,,United-States
33.0,Private,324546.0,,10.0,,,,White,Male,0.0,0.0,39.0,United-States
51.0,Private,337195.0,,10.0,Married-civ-spouse,Sales,,,Male,,1902.0,,United-States
58.0,State-gov,,Masters,14.0,Married-civ-spouse,Prof-specialty,,White,Male,0.0,1977.0,50.0,
22.0,Private,250647.0,Some-college,10.0,,Adm-clerical,,White,Male,0.0,0.0,,United-States
33.0,,477106.0,HS-grad,9.0,,Transport-moving,Husband,Black,Male,0.0,0.0,40.0,United-States
,Private,104329.0,11th,7.0,Married-civ-spouse,,Husband,White,Male,0.0,,40.0,
35.0,Private,224566.0,Some-college,10.0,Never-married,Exec-managerial,,,,,0.0,60.0,United-States
32.0,,169841.0,,10.0,Divorced,Sales,Not-in-family,White,,0.0,0.0,55.0,United-States
,Private,42563.0,Bachelors,13.0,Married-civ-spouse,Tech-support,,White,,,0.0,,United-States
37.0,,31368.0,,10.0,,,Husband,,Male,0.0,0.0,40.0,United-States
17.0,Private,132755.0,11th,7.0,Never-married,Sales,Own-child,White,Male,,,15.0,United-States
50.0,Private,279129.0,Bachelors,13.0,Divorced,Exec-managerial,Not-in-family,White,Male,0.0,0.0,55.0,United-States
31.0,noValueSetHere123156456,86143.0,HS-grad,,Married-civ-spouse,noValueSetHere123156456,Husband,Asian-Pac-Islander,Male,,,40.0,Philippines
54.0,,,,,,Exec-managerial,Unmarried,,Female,0.0,0.0,38.0,United-States
23.0,State-gov,93076.0,HS-grad,9.0,,Other-service,,Black,Male,,0.0,,United-States
40.0,Private,,Bachelors,13.0,Divorced,Adm-clerical,Unmarried,White,Female,0.0,0.0,20.0,
29.0,Private,221366.0,Bachelors,,Married-civ-spouse,Prof-specialty,Husband,White,Male,5013.0,0.0,40.0,
38.0,,189404.0,,,Married-spouse-absent,Other-service,Not-in-family,White,,0.0,,35.0,
,Private,172304.0,Assoc-voc,11.0,Married-civ-spouse,Exec-managerial,,White,,,0.0,55.0,United-States
,Private,,,10.0,Never-married,,Own-child,Asian-Pac-Islander,Male,0.0,,,India
,,64112.0,Some-college,10.0,,,,White,,,0.0,,United-States
25.0,,55718.0,Some-college,10.0,Never-married,Tech-support,Own-child,White,,0.0,0.0,25.0,United-States
39.0,,126675.0,Masters,14.0,,Sales,Husband,,,,0.0,,United-States
,Private,102112.0,Assoc-acdm,12.0,,Prof-specialty,Husband,White,,0.0,0.0,50.0,United-States
41.0,Self-emp-not-inc,226505.0,HS-grad,,Divorced,,Unmarried,White,,0.0,0.0,40.0,United-States
24.0,Private,211527.0,Bachelors,,Never-married,Adm-clerical,Not-in-family,,Male,0.0,,30.0,United-States
20.0,Private,175069.0,Some-college,10.0,Never-married,Adm-clerical,Own-child,White,Male,0.0,0.0,40.0,Yugoslavia
25.0,Private,25249.0,,10.0,Never-married,Adm-clerical,Not-in-family,White,Female,0.0,,40.0,United-States
57.0,,73411.0,Some-college,10.0,Married-civ-spouse,,,White,Male,0.0,0.0,40.0,United-States
39.0,Private,207185.0,Some-college,10.0,Married-civ-spouse,,Wife,,,0.0,,35.0,Puerto-Rico
66.0,Private,,Bachelors,13.0,Married-civ-spouse,Prof-specialty,Husband,White,,0.0,0.0,40.0,United-States
34.0,Private,,,,Divorced,,,White,Female,0.0,,40.0,United-States
36.0,,297449.0,Bachelors,,Divorced,,Not-in-family,White,Male,14084.0,,40.0,United-States
,Private,141483.0,HS-grad,9.0,,Sales,Wife,White,,0.0,0.0,40.0,United-States
42.0,Local-gov,117227.0,Masters,14.0,Divorced,Prof-specialty,Unmarried,White,Female,,0.0,45.0,United-States
,Private,,HS-grad,9.0,Married-civ-spouse,Transport-moving,Husband,,,0.0,1902.0,70.0,Canada
34.0,,,,9.0,Never-married,Protective-serv,Own-child,,,0.0,0.0,40.0,United-States
43.0,,253759.0,Some-college,10.0,Married-civ-spouse,Tech-support,Wife,,,0.0,0.0,,United-States
42.0,Private,,,,Divorced,Exec-managerial,Own-child,White,,0.0,,40.0,United-States
31.0,Private,269654.0,,,,Sales,Not-in-family,White,Male,0.0,0.0,,
70.0,noValueSetHere123156456,293076.0,Some-college,10.0,Married-civ-spouse,noValueSetHere123156456,Husband,White,,,0.0,30.0,United-States
32.0,Private,34104.0,,,,Exec-managerial,Husband,White,Male,0.0,,,
46.0,Federal-gov,80057.0,HS-grad,9.0,Married-civ-spouse,,Husband,White,Male,0.0,0.0,,Germany
42.0,,369781.0,7th-8th,4.0,,Craft-repair,,White,Male,0.0,0.0,25.0,
,,,Assoc-voc,,Never-married,Exec-managerial,,White,Male,0.0,0.0,40.0,
24.0,Private,163053.0,Bachelors,,Never-married,,Not-in-family,White,Female,0.0,,,United-States
23.0,Private,189461.0,,9.0,,Sales,,White,Male,0.0,0.0,55.0,United-States
50.0,Local-gov,,,14.0,Married-civ-spouse,,Husband,White,Male,,0.0,,United-States
37.0,Private,86310.0,Some-college,10.0,Divorced,Adm-clerical,Unmarried,White,Female,0.0,,45.0,United-States
19.0,noValueSetHere123156456,263224.0,,7.0,Never-married,noValueSetHere123156456,,White,Female,0.0,0.0,30.0,United-States
44.0,Federal-gov,280362.0,Assoc-acdm,12.0,Married-civ-spouse,Craft-repair,Husband,White,Male,0.0,0.0,40.0,United-States
29.0,Private,,HS-grad,9.0,,Transport-moving,,Black,Male,0.0,0.0,40.0,United-States
30.0,Private,74966.0,Assoc-voc,11.0,Married-civ-spouse,Adm-clerical,,White,,0.0,0.0,24.0,United-States
36.0,,,Some-college,10.0,Married-civ-spouse,Sales,Husband,,Male,0.0,,44.0,United-States
49.0,,204241.0,Bachelors,13.0,Never-married,Sales,Not-in-family,,Male,0.0,,,United-States
29.0,Private,225024.0,,9.0,Divorced,Craft-repair,,White,,0.0,,40.0,United-States
,,148222.0,HS-grad,9.0,Never-married,Adm-clerical,Not-in-family,Black,Female,0.0,0.0,40.0,United-States
75.0,State-gov,113868.0,,16.0,Married-civ-spouse,Prof-specialty,,Black,Male,0.0,0.0,,United-States
42.0,,,HS-grad,9.0,Never-married,,Not-in-family,White,Female,0.0,0.0,40.0,noValueSetHere123156456
37.0,Private,44780.0,Assoc-acdm,,Divorced,Exec-managerial,Not-in-family,White,Female,0.0,0.0,40.0,United-States
51.0,,86373.0,Bachelors,13.0,Married-civ-spouse,Machine-op-inspct,Husband,White,Male,0.0,0.0,,United-States
61.0,Local-gov,176753.0,,,Married-civ-spouse,Farming-fishing,Husband,,Male,,0.0,,
33.0,Private,164707.0,,12.0,,Exec-managerial,,White,Female,,0.0,55.0,noValueSetHere123156456
50.0,Local-gov,370733.0,HS-grad,,Married-civ-spouse,,,,Male,,0.0,,United-States
59.0,Private,,,,Never-married,,Not-in-family,White,Male,,0.0,40.0,United-States
25.0,,137951.0,,9.0,Never-married,,,White,Female,0.0,0.0,,United-States
,,185279.0,HS-grad,,,Handlers-cleaners,Own-child,White,,0.0,0.0,16.0,United-States
56.0,Private,159724.0,,10.0,Married-civ-spouse,,Husband,White,Male,0.0,,40.0,
44.0,,,Bachelors,13.0,Never-married,Adm-clerical,Unmarried,Black,,,0.0,40.0,United-States
35.0,,63509.0,Assoc-voc,11.0,,Craft-repair,Husband,White,,,0.0,50.0,
57.0,,174353.0,HS-grad,9.0,Never-married,Exec-managerial,Not-in-family,White,Male,0.0,,40.0,United-States
47.0,Self-emp-not-inc,168109.0,,9.0,Married-civ-spouse,Farming-fishing,Husband,White,Male,15024.0,,50.0,United-States
27.0,Private,,Bachelors,13.0,Never-married,,Not-in-family,,Female,0.0,0.0,,United-States
50.0,Self-emp-not-inc,105010.0,HS-grad,9.0,Married-civ-spouse,Farming-fishing,,White,Male,0.0,2051.0,20.0,United-States
,Private,179112.0,Bachelors,13.0,Never-married,,,,,0.0,0.0,40.0,
46.0,Private,364913.0,,,Married-civ-spouse,Transport-moving,Husband,,Male,0.0,0.0,40.0,United-States
48.0,Self-emp-inc,155664.0,,15.0,,,Husband,White,Male,0.0,0.0,60.0,United-States
61.0,Private,230568.0,Bachelors,13.0,Divorced,Adm-clerical,Not-in-family,,Male,0.0,,,United-States
33.0,Private,,HS-grad,,Never-married,Transport-moving,Not-in-family,White,Male,,0.0,87.0,United-States
40.0,Private,71305.0,HS-grad,9.0,,Other-service,Husband,Black,Male,0.0,,,United-States
58.0,Self-emp-inc,189933.0,Some-college,10.0,,,,,Male,0.0,0.0,65.0,United-States
46.0,Self-emp-inc,191978.0,,,Married-civ-spouse,Exec-managerial,Husband,White,Male,0.0,,50.0,United-States
,Private,,Some-college,10.0,Married-civ-spouse,Prof-specialty,Husband,,Male,0.0,,40.0,United-States
51.0,,139127.0,,10.0,Divorced,Exec-managerial,Unmarried,,Female,0.0,0.0,50.0,United-States
,Private,,12th,8.0,Never-married,Other-service,,White,Female,0.0,0.0,40.0,United-States
,,149044.0,,,Married-civ-spouse,Prof-specialty,Husband,Asian-Pac-Islander,Male,,,60.0,
,Private,,HS-grad,9.0,Never-married,Craft-repair,,,Male,0.0,0.0,54.0,
18.0,,32244.0,,7.0,Never-married,Handlers-cleaners,Own-child,,Male,,0.0,,United-States
,Self-emp-not-inc,315406.0,11th,7.0,Married-civ-spouse,Farming-fishing,Husband,White,Male,,0.0,88.0,
41.0,,47170.0,,13.0,Married-civ-spouse,,Wife,,Female,0.0,0.0,,United-States
33.0,State-gov,208785.0,Some-college,10.0,Separated,Prof-specialty,Not-in-family,,Male,10520.0,0.0,40.0,United-States
37.0,,196338.0,9th,5.0,Separated,Priv-house-serv,Unmarried,White,Female,,,16.0,Mexico
34.0,Private,269243.0,Some-college,10.0,Never-married,Adm-clerical,Own-child,White,Female,0.0,0.0,40.0,United-States
24.0,Federal-gov,215115.0,Bachelors,,Never-married,Tech-support,,White,Female,,0.0,,noValueSetHere123156456
,Private,117767.0,Some-college,10.0,Never-married,,Own-child,White,Male,0.0,0.0,,United-States
38.0,,176101.0,Bachelors,13.0,Married-civ-spouse,Exec-managerial,Husband,White,,0.0,0.0,40.0,
,,138283.0,,11.0,Never-married,,Not-in-family,White,,0.0,0.0,,
20.0,,132320.0,HS-grad,9.0,Never-married,Transport-moving,Own-child,White,Male,0.0,,45.0,
,,,Bachelors,13.0,Never-married,,Own-child,White,,0.0,0.0,8.0,United-States
55.0,Private,147653.0,Bachelors,13.0,Divorced,,Unmarried,White,Female,0.0,0.0,73.0,United-States
20.0,Private,49179.0,Some-college,10.0,Never-married,Prof-specialty,,White,Male,,0.0,35.0,United-States
,Private,,Bachelors,13.0,Never-married,Prof-specialty,Not-in-family,White,Female,0.0,,40.0,United-States
,Self-emp-inc,95997.0,,,Never-married,Farming-fishing,,White,,0.0,0.0,,United-States
40.0,,247245.0,9th,5.0,,Other-service,Not-in-family,,,0.0,0.0,40.0,United-States
,,67072.0,,9.0,Married-civ-spouse,Sales,Husband,,Male,0.0,0.0,50.0,
,noValueSetHere123156456,95329.0,Some-college,10.0,,,Own-child,White,,,0.0,,United-States
24.0,Private,107882.0,,9.0,,Sales,Not-in-family,White,Female,,,,United-States
25.0,Private,241825.0,Some-college,,Never-married,Exec-managerial,Own-child,White,,0.0,0.0,46.0,
18.0,Private,,11th,7.0,Never-married,Other-service,Own-child,White,,0.0,0.0,8.0,United-States
49.0,,,,9.0,Married-civ-spouse,Craft-repair,,White,,0.0,0.0,60.0,United-States
17.0,Private,226980.0,12th,8.0,,Handlers-cleaners,Own-child,,,0.0,0.0,17.0,United-States
34.0,,,,11.0,Married-civ-spouse,Craft-repair,Husband,,Male,0.0,,,United-States
37.0,Private,305597.0,Bachelors,13.0,,Prof-specialty,Husband,White,Male,,,,
49.0,Federal-gov,,Some-college,10.0,Married-civ-spouse,Exec-managerial,Husband,White,Male,,0.0,40.0,United-States
74.0,Private,129879.0,HS-grad,9.0,Widowed,Adm-clerical,Not-in-family,White,Female,15831.0,0.0,,United-States
37.0,,83375.0,HS-grad,,Divorced,Farming-fishing,,White,Male,0.0,0.0,40.0,
20.0,Private,115824.0,,7.0,Married-civ-spouse,Handlers-cleaners,Husband,White,Male,0.0,,40.0,United-States
40.0,,141657.0,HS-grad,9.0,Married-civ-spouse,Exec-managerial,Wife,,,0.0,0.0,35.0,United-States
,Private,,Bachelors,13.0,Never-married,Sales,Not-in-family,White,Male,27828.0,,,United-States
30.0,Private,177216.0,Prof-school,15.0,Married-civ-spouse,Prof-specialty,Husband,Black,Male,,1740.0,40.0,Haiti
44.0,,228057.0,,,,,Not-in-family,White,,0.0,,40.0,Puerto-Rico
40.0,Private,222848.0,10th,6.0,,Other-service,Wife,Black,,0.0,0.0,32.0,
58.0,Private,,HS-grad,,,Sales,,White,Female,0.0,0.0,,Greece
44.0,Private,298885.0,HS-grad,,Married-civ-spouse,Craft-repair,Husband,White,Male,0.0,0.0,,United-States
42.0,,149909.0,Some-college,,Married-civ-spouse,Sales,Husband,White,Male,0.0,0.0,25.0,United-States
39.0,Private,387430.0,,,Never-married,Other-service,Not-in-family,White,Male,0.0,0.0,18.0,United-States
19.0,Private,121972.0,HS-grad,,Never-married,Other-service,Own-child,,Male,,0.0,40.0,United-States
41.0,Private,280167.0,Masters,14.0,Married-civ-spouse,Exec-managerial,Husband,White,Male,,0.0,70.0,
29.0,,191355.0,Masters,14.0,,,Not-in-family,White,Male,0.0,,40.0,
34.0,Federal-gov,112115.0,,10.0,,,,White,Male,0.0,0.0,40.0,United-States
,,,Some-college,10.0,Married-civ-spouse,,Husband,White,,0.0,0.0,15.0,United-States
27.0,Private,,Preschool,1.0,Married-civ-spouse,,Other-relative,White,Male,,0.0,24.0,Mexico
54.0,,199307.0,,,Divorced,,Unmarried,White,,0.0,0.0,48.0,United-States
40.0,,205175.0,HS-grad,9.0,Widowed,Machine-op-inspct,Unmarried,,Female,,0.0,,United-States
19.0,Private,257750.0,Some-college,,,Sales,Other-relative,,,0.0,0.0,25.0,United-States
,,191260.0,11th,,Never-married,Other-service,Own-child,White,,,,10.0,United-States
33.0,,342730.0,,10.0,Married-civ-spouse,Sales,Husband,White,Male,0.0,0.0,52.0,United-States
80.0,Private,,7th-8th,4.0,Widowed,Other-service,,White,,0.0,0.0,24.0,United-States
24.0,Self-emp-not-inc,161508.0,HS-grad,9.0,Never-married,,,White,Male,0.0,0.0,50.0,United-States
28.0,Private,338376.0,Bachelors,13.0,,Prof-specialty,,White,Male,0.0,0.0,40.0,United-States
55.0,Private,334308.0,HS-grad,9.0,Married-civ-spouse,,Wife,White,Female,0.0,0.0,30.0,United-States
21.0,Private,133471.0,Some-college,10.0,Never-married,,,White,,0.0,0.0,40.0,
,,,HS-grad,,Divorced,Adm-clerical,Not-in-family,White,Female,0.0,0.0,38.0,United-States
19.0,,178811.0,,9.0,Never-married,Machine-op-inspct,Own-child,Black,Female,0.0,0.0,40.0,
42.0,Private,178537.0,,9.0,,Other-service,Not-in-family,White,Female,0.0,0.0,,United-States
60.0,,235535.0,HS-grad,9.0,Married-civ-spouse,Exec-managerial,Husband,White,Male,0.0,0.0,48.0,United-States
20.0,noValueSetHere123156456,298155.0,,,,,,Black,Female,0.0,0.0,40.0,United-States
51.0,Private,145114.0,HS-grad,9.0,Divorced,Adm-clerical,,,Female,0.0,0.0,40.0,
21.0,Private,194096.0,Some-college,10.0,Never-married,,,White,Female,0.0,0.0,40.0,United-States
37.0,State-gov,191779.0,,10.0,Married-civ-spouse,Craft-repair,Husband,White,,0.0,0.0,40.0,United-States
,Private,159732.0,HS-grad,,Never-married,,,White,,0.0,0.0,52.0,
42.0,Federal-gov,170230.0,,14.0,,Exec-managerial,Not-in-family,White,,14084.0,0.0,,United-States
40.0,Private,104719.0,,10.0,Married-civ-spouse,,,White,Male,0.0,0.0,,United-States
55.0,Private,163083.0,Masters,,Married-civ-spouse,,,White,Male,,,40.0,
33.0,Private,,HS-grad,,,Other-service,,Black,Male,0.0,0.0,,
62.0,Private,218009.0,HS-grad,,,Transport-moving,,,Male,0.0,1977.0,60.0,United-States
47.0,Private,179313.0,10th,6.0,Divorced,Sales,,,Female,,,30.0,United-States
26.0,Private,51961.0,12th,,,,,Black,Male,0.0,,51.0,United-States
59.0,Private,426001.0,HS-grad,9.0,,Adm-clerical,Unmarried,White,,0.0,0.0,20.0,Puerto-Rico
70.0,Local-gov,176493.0,Some-college,10.0,,Adm-clerical,,White,Female,0.0,0.0,17.0,United-States
26.0,Private,124068.0,,10.0,Never-married,Adm-clerical,,,Female,0.0,0.0,20.0,United-States
47.0,Private,,,6.0,Married-civ-spouse,,Husband,White,Male,0.0,0.0,,United-States
25.0,Private,181528.0,Masters,14.0,Never-married,Exec-managerial,Not-in-family,White,Female,0.0,0.0,,United-States
52.0,Self-emp-inc,173754.0,Prof-school,,,,,,Male,15024.0,0.0,60.0,
,Private,,HS-grad,,Married-civ-spouse,Craft-repair,Husband,,Male,0.0,,,
67.0,Private,126849.0,10th,6.0,Married-civ-spouse,Transport-moving,Husband,Amer-Indian-Eskimo,Male,0.0,0.0,20.0,United-States
34.0,Private,,Masters,,Married-civ-spouse,Exec-managerial,Husband,White,,,,50.0,
53.0,State-gov,116367.0,Some-college,10.0,Divorced,Adm-clerical,Other-relative,White,Female,4650.0,0.0,40.0,
,Private,117363.0,Bachelors,13.0,Never-married,Adm-clerical,Not-in-family,White,Female,0.0,,,United-States
39.0,Local-gov,106297.0,,,Divorced,Adm-clerical,Own-child,White,,0.0,,,United-States
,Self-emp-not-inc,108933.0,HS-grad,9.0,Married-civ-spouse,Craft-repair,,White,,0.0,0.0,35.0,United-States
24.0,Private,,Bachelors,13.0,Married-civ-spouse,,Husband,,,0.0,,40.0,
37.0,,246677.0,HS-grad,9.0,,Prof-specialty,Unmarried,,Female,,,38.0,United-States
,,175360.0,10th,6.0,Never-married,Prof-specialty,,White,Male,0.0,2559.0,90.0,United-States
41.0,Local-gov,,,14.0,Never-married,Prof-specialty,,Black,,,0.0,40.0,United-States
36.0,,,HS-grad,,Married-civ-spouse,Transport-moving,Husband,White,Male,0.0,0.0,33.0,United-States
43.0,Private,303051.0,Assoc-voc,11.0,,Exec-managerial,Husband,White,Male,,0.0,,
,,49308.0,,13.0,,,Not-in-family,White,,0.0,0.0,40.0,
26.0,Private,192262.0,Bachelors,13.0,Never-married,Sales,,White,Male,0.0,0.0,45.0,United-States
49.0,Local-gov,,Masters,14.0,Never-married,Prof-specialty,,White,Female,4650.0,0.0,40.0,
37.0,,,Bachelors,13.0,Married-civ-spouse,Prof-specialty,Husband,White,Male,0.0,0.0,55.0,United-States
,Private,170214.0,Some-college,10.0,Married-civ-spouse,Exec-managerial,,White,,0.0,0.0,50.0,United-States
,Federal-gov,51048.0,HS-grad,9.0,Married-civ-spouse,Prof-specialty,Husband,White,Male,,,40.0,United-States
53.0,Self-emp-inc,,5th-6th,3.0,Married-civ-spouse,Sales,Husband,White,Male,,0.0,,Mexico
57.0,Local-gov,,Masters,14.0,Married-civ-spouse,,Husband,White,Male,,0.0,,United-States
28.0,Private,,Bachelors,13.0,Married-civ-spouse,Prof-specialty,Husband,White,Male,,0.0,,
29.0,,,Bachelors,13.0,Married-civ-spouse,,Husband,White,Male,0.0,0.0,40.0,United-States
21.0,Private,451996.0,HS-grad,,Never-married,Sales,Own-child,White,,0.0,0.0,,United-States
51.0,Private,138852.0,HS-grad,9.0,,,Husband,White,Male,,,40.0,United-States
,State-gov,353012.0,HS-grad,9.0,,Transport-moving,,White,Male,0.0,0.0,,United-States
,,,Prof-school,15.0,Married-civ-spouse,Prof-specialty,Husband,White,Male,0.0,0.0,,
50.0,Self-emp-not-inc,324506.0,HS-grad,9.0,,Exec-managerial,,,,0.0,0.0,,South
36.0,Private,,,9.0,Divorced,Exec-managerial,Unmarried,,Female,0.0,0.0,,
,,,Bachelors,,Married-civ-spouse,Prof-specialty,Husband,White,,,0.0,40.0,United-States
20.0,Private,260199.0,HS-grad,9.0,Never-married,,Own-child,White,Female,0.0,0.0,,United-States
36.0,Private,103605.0,HS-grad,9.0,Married-civ-spouse,Handlers-cleaners,,White,,,0.0,40.0,United-States
38.0,Private,316211.0,,9.0,Divorced,Craft-repair,,White,Male,,,40.0,United-States
37.0,Private,308691.0,Bachelors,13.0,Married-civ-spouse,Craft-repair,Husband,White,,0.0,0.0,45.0,
,,194404.0,,14.0,Married-civ-spouse,Prof-specialty,Husband,White,,7688.0,0.0,40.0,United-States
18.0,Private,334427.0,10th,6.0,Never-married,,,White,,0.0,0.0,,
33.0,,213226.0,HS-grad,9.0,Divorced,,Not-in-family,,Male,0.0,0.0,50.0,United-States
,Private,342824.0,HS-grad,9.0,Never-married,Tech-support,Not-in-family,White,Female,1151.0,0.0,40.0,United-States
23.0,Private,33105.0,Some-college,10.0,Never-married,Handlers-cleaners,Own-child,Amer-Indian-Eskimo,Male,0.0,0.0,,United-States
37.0,Private,147638.0,Bachelors,13.0,Separated,Other-service,Unmarried,Asian-Pac-Islander,Female,0.0,0.0,,Philippines
25.0,Private,315643.0,HS-grad,,Married-civ-spouse,Other-service,Husband,White,Male,0.0,,30.0,
51.0,Federal-gov,106257.0,,12.0,Married-civ-spouse,Tech-support,Husband,Black,Male,0.0,0.0,40.0,
35.0,,,,9.0,Married-civ-spouse,,Husband,,Male,0.0,,40.0,United-States
,Private,108960.0,,7.0,,Machine-op-inspct,Husband,White,,,,40.0,United-States
,noValueSetHere123156456,168071.0,HS-grad,9.0,Married-civ-spouse,noValueSetHere123156456,Husband,,Male,0.0,0.0,30.0,United-States
32.0,Private,136935.0,HS-grad,9.0,,Other-service,,,Female,0.0,,13.0,United-States
37.0,Self-emp-not-inc,188774.0,Bachelors,13.0,Never-married,,Not-in-family,,,0.0,,,United-States
,Private,280344.0,Bachelors,,,,,White,Male,0.0,0.0,40.0,
45.0,Private,202496.0,Bachelors,,Married-civ-spouse,Handlers-cleaners,,White,,0.0,0.0,37.0,United-States
61.0,,134768.0,Some-college,10.0,Married-civ-spouse,Sales,Husband,White,,,0.0,40.0,
,Private,,Some-college,10.0,Divorced,Adm-clerical,,White,Female,,,40.0,United-States
24.0,Private,194748.0,HS-grad,9.0,,Transport-moving,Not-in-family,White,Female,,0.0,49.0,United-States
49.0,Private,61307.0,,4.0,Married-civ-spouse,Machine-op-inspct,Husband,Other,Male,0.0,,,United-States
51.0,Self-emp-not-inc,,,,Divorced,Exec-managerial,Unmarried,White,Male,25236.0,0.0,50.0,United-States
34.0,Private,325658.0,,9.0,,Transport-moving,Husband,White,Male,0.0,0.0,40.0,United-States
28.0,,201844.0,HS-grad,,Separated,noValueSetHere123156456,Unmarried,White,Female,0.0,0.0,,Mexico
20.0,,505980.0,Some-college,10.0,,Sales,Own-child,White,,,,,
30.0,Private,185336.0,,10.0,Divorced,Adm-clerical,Unmarried,,Female,0.0,0.0,37.0,United-States
49.0,,362795.0,Masters,14.0,Divorced,Prof-specialty,,White,,99999.0,,80.0,
26.0,,,Some-college,,Never-married,Sales,Not-in-family,White,Male,,0.0,,United-States
63.0,Private,,,6.0,Married-civ-spouse,Adm-clerical,Husband,White,Male,,0.0,45.0,United-States
36.0,Private,82743.0,,,Never-married,Transport-moving,,White,Male,,0.0,55.0,
63.0,Self-emp-not-inc,125178.0,Bachelors,13.0,Married-civ-spouse,Prof-specialty,,White,Male,0.0,0.0,40.0,United-States
,Private,,HS-grad,9.0,Never-married,Adm-clerical,Not-in-family,White,,0.0,0.0,10.0,United-States
,Private,321758.0,HS-grad,9.0,Married-civ-spouse,,Husband,White,Male,0.0,0.0,,United-States
31.0,Private,128220.0,7th-8th,4.0,Widowed,Adm-clerical,,White,Female,0.0,0.0,,United-States
49.0,Private,,Some-college,10.0,Married-civ-spouse,Craft-repair,Husband,,Male,0.0,,50.0,
35.0,,188069.0,,14.0,Never-married,,,White,Male,,0.0,55.0,noValueSetHere123156456
23.0,,156423.0,Bachelors,13.0,,Prof-specialty,Own-child,White,Female,0.0,0.0,20.0,United-States
25.0,Private,169905.0,,11.0,,Sales,Not-in-family,White,,27828.0,0.0,40.0,United-States
34.0,noValueSetHere123156456,,HS-grad,9.0,,,Husband,White,Male,0.0,,,United-States
28.0,Private,176972.0,,13.0,,Craft-repair,Husband,White,,0.0,0.0,45.0,United-States
,Self-emp-not-inc,171424.0,,10.0,Divorced,Machine-op-inspct,Not-in-family,White,Male,0.0,2205.0,,United-States
,Private,91811.0,HS-grad,9.0,Separated,,Not-in-family,White,Male,,0.0,40.0,
,Private,,Some-college,10.0,Never-married,Adm-clerical,Not-in-family,,Male,2597.0,,45.0,United-States
,Private,177484.0,11th,7.0,,Other-service,Husband,,,,1672.0,40.0,United-States
17.0,noValueSetHere123156456,,11th,7.0,,noValueSetHere123156456,,White,Female,0.0,0.0,8.0,United-States
75.0,Self-emp-not-inc,,HS-grad,9.0,Divorced,Sales,Not-in-family,White,Male,2346.0,,15.0,
61.0,Private,132972.0,,5.0,Never-married,Machine-op-inspct,,Black,Female,0.0,0.0,40.0,
53.0,Private,157947.0,HS-grad,,,,Not-in-family,White,Female,0.0,0.0,,
,Local-gov,177482.0,,12.0,Married-civ-spouse,Protective-serv,Husband,White,,0.0,0.0,45.0,United-States
48.0,Private,246891.0,Some-college,10.0,Widowed,Sales,Unmarried,White,,0.0,0.0,50.0,United-States
28.0,State-gov,,Masters,14.0,,Exec-managerial,,White,Male,0.0,,,United-States
30.0,,203834.0,Bachelors,,,,,Asian-Pac-Islander,Female,0.0,0.0,,Taiwan
29.0,Private,110442.0,HS-grad,9.0,Married-civ-spouse,Handlers-cleaners,Husband,,,,0.0,45.0,
25.0,Private,240676.0,Some-college,,,Tech-support,,White,Female,0.0,0.0,,United-States
37.0,,192939.0,,9.0,Married-civ-spouse,Transport-moving,,White,Male,0.0,0.0,40.0,United-States
43.0,Local-gov,,Bachelors,13.0,Divorced,Prof-specialty,Unmarried,White,Female,,,55.0,United-States
40.0,,55363.0,HS-grad,9.0,Married-civ-spouse,Transport-moving,Husband,White,Male,,0.0,,
,Private,144949.0,,6.0,Married-civ-spouse,Craft-repair,Husband,,Male,0.0,0.0,45.0,United-States
55.0,,116878.0,Doctorate,16.0,Married-civ-spouse,,Husband,White,Male,15024.0,,30.0,United-States
,Local-gov,,Assoc-acdm,12.0,Never-married,Tech-support,,White,,0.0,0.0,20.0,United-States
21.0,noValueSetHere123156456,170038.0,Some-college,10.0,Never-married,noValueSetHere123156456,Own-child,White,Female,0.0,0.0,40.0,United-States
32.0,Self-emp-not-inc,190290.0,HS-grad,9.0,,Farming-fishing,Husband,White,Male,0.0,0.0,,Italy
26.0,State-gov,203279.0,Prof-school,15.0,Never-married,Prof-specialty,Not-in-family,Asian-Pac-Islander,,,,50.0,India
26.0,Private,167761.0,Bachelors,,Married-civ-spouse,,Husband,White,Male,0.0,0.0,50.0,United-States
44.0,Private,138845.0,,10.0,Married-civ-spouse,,Husband,White,Male,,0.0,40.0,United-States
49.0,Private,144844.0,HS-grad,9.0,Married-civ-spouse,,Husband,White,,0.0,0.0,52.0,United-States
,noValueSetHere123156456,161930.0,HS-grad,,Never-married,noValueSetHere123156456,,Black,Female,0.0,1504.0,30.0,United-States
26.0,Private,55743.0,HS-grad,9.0,Never-married,,Unmarried,Black,Female,,0.0,30.0,United-States
40.0,Self-emp-not-inc,117721.0,HS-grad,,Married-civ-spouse,Farming-fishing,Husband,,Male,0.0,0.0,,United-States
19.0,Self-emp-not-inc,,11th,7.0,Never-married,Adm-clerical,,,Female,,,,United-States
58.0,Private,301867.0,HS-grad,9.0,Married-civ-spouse,,Husband,,Male,0.0,,40.0,
61.0,Private,238913.0,Assoc-voc,,,Tech-support,Husband,White,,0.0,,,United-States
,Self-emp-not-inc,,Some-college,10.0,Married-civ-spouse,Sales,Own-child,Asian-Pac-Islander,,0.0,,63.0,
26.0,Private,165510.0,,13.0,Never-married,Farming-fishing,Own-child,White,Male,0.0,0.0,,United-States
64.0,Private,,HS-grad,,,Adm-clerical,Not-in-family,White,,0.0,0.0,25.0,United-States
,,,Bachelors,13.0,Married-civ-spouse,Exec-managerial,,White,Male,0.0,,60.0,United-States
,,,Some-college,,Married-civ-spouse,Tech-support,Husband,,,0.0,,,United-States
45.0,Private,110171.0,,9.0,Never-married,,Not-in-family,White,Male,0.0,0.0,40.0,United-States
39.0,,211440.0,Bachelors,,Married-civ-spouse,Sales,Husband,,Male,,0.0,50.0,United-States
41.0,Local-gov,359259.0,HS-grad,9.0,Married-civ-spouse,Other-service,,White,Male,,0.0,40.0,United-States
51.0,Private,125796.0,,7.0,,Other-service,Not-in-family,,Female,0.0,,,Jamaica
34.0,Private,39609.0,Assoc-voc,11.0,Divorced,Adm-clerical,Unmarried,,Female,0.0,0.0,40.0,United-States
33.0,Private,111567.0,Masters,14.0,,Exec-managerial,Husband,White,Male,0.0,1902.0,,Germany
23.0,,44064.0,,,Separated,Other-service,Not-in-family,White,,,,40.0,
35.0,Self-emp-not-inc,120066.0,Some-college,,Married-civ-spouse,,Husband,Amer-Indian-Eskimo,,0.0,,60.0,United-States
41.0,Private,132633.0,11th,7.0,Divorced,Priv-house-serv,Unmarried,White,Female,0.0,,,Guatemala
39.0,Private,,Masters,,,Craft-repair,Not-in-family,White,,0.0,0.0,,United-States
41.0,,,Some-college,10.0,Married-civ-spouse,,Husband,White,Male,0.0,0.0,55.0,United-States
33.0,Self-emp-inc,,Some-college,,Married-civ-spouse,,Husband,White,,0.0,0.0,40.0,United-States
22.0,Private,290504.0,HS-grad,,Never-married,Other-service,Other-relative,,,0.0,,,United-States
25.0,Private,178505.0,,,Never-married,Exec-managerial,Other-relative,,Female,0.0,1504.0,45.0,
,Private,175370.0,Some-college,10.0,,Machine-op-inspct,,White,,0.0,0.0,40.0,United-States
77.0,Self-emp-not-inc,72931.0,7th-8th,,Married-spouse-absent,Adm-clerical,,White,Male,0.0,0.0,20.0,Italy
33.0,,234542.0,Assoc-voc,11.0,Never-married,noValueSetHere123156456,Own-child,White,Female,,0.0,40.0,United-States
66.0,,284021.0,HS-grad,9.0,Widowed,Sales,Not-in-family,White,Female,0.0,0.0,40.0,United-States
19.0,Private,277974.0,Some-college,10.0,Never-married,,,,Male,,,35.0,United-States
44.0,Private,111275.0,HS-grad,9.0,Never-married,,Unmarried,Black,,,0.0,38.0,
45.0,Self-emp-inc,191776.0,Masters,14.0,Divorced,Sales,Unmarried,White,Female,25236.0,0.0,42.0,
,Private,125527.0,,10.0,Never-married,Sales,Not-in-family,White,,0.0,0.0,50.0,United-States
19.0,Private,,HS-grad,9.0,Never-married,,Other-relative,White,,,0.0,,United-States
43.0,Private,313022.0,HS-grad,,,,Husband,Black,,4386.0,,40.0,United-States
39.0,Private,179668.0,Bachelors,,Married-civ-spouse,Tech-support,Husband,,,15024.0,0.0,40.0,United-States
33.0,,198660.0,Bachelors,13.0,,,Husband,White,Male,,0.0,50.0,United-States
,Private,216116.0,HS-grad,,Married-spouse-absent,Other-service,Not-in-family,Black,Female,0.0,0.0,40.0,Jamaica
62.0,,200922.0,7th-8th,,Widowed,Machine-op-inspct,Not-in-family,,Female,,0.0,40.0,United-States
40.0,Private,153372.0,,10.0,Married-civ-spouse,Sales,Husband,,Male,,0.0,50.0,United-States
41.0,,,HS-grad,9.0,Never-married,Other-service,Not-in-family,White,,0.0,0.0,6.0,Iran
23.0,,248344.0,Some-college,10.0,Never-married,Other-service,,,Male,0.0,0.0,,
48.0,Private,240629.0,HS-grad,9.0,Married-civ-spouse,Craft-repair,Husband,White,Male,0.0,0.0,40.0,
38.0,Private,314310.0,Masters,14.0,Married-civ-spouse,,Husband,White,Male,0.0,0.0,45.0,United-States
,Private,259785.0,Masters,14.0,,Exec-managerial,Husband,White,Male,,0.0,50.0,United-States
45.0,Private,127111.0,Masters,14.0,Married-civ-spouse,Prof-specialty,Husband,White,Male,,0.0,55.0,United-States
29.0,,,HS-grad,,Married-civ-spouse,Protective-serv,Husband,White,Male,0.0,0.0,40.0,United-States
,Local-gov,75134.0,HS-grad,9.0,Widowed,,Unmarried,White,Female,,0.0,,United-States
19.0,Private,195985.0,HS-grad,9.0,Never-married,Other-service,Not-in-family,,,,0.0,50.0,
,Private,,9th,5.0,Never-married,Handlers-cleaners,,White,Male,0.0,,39.0,Mexico
34.0,Private,177675.0,Bachelors,13.0,Married-civ-spouse,Tech-support,,White,,,0.0,40.0,United-States
39.0,Private,,Masters,14.0,Never-married,Exec-managerial,Not-in-family,White,Female,0.0,,,United-States
33.0,,,HS-grad,,,,,White,,0.0,0.0,60.0,
43.0,Private,183096.0,,10.0,Separated,Sales,Unmarried,White,Female,0.0,0.0,,United-States
27.0,Private,336951.0,HS-grad,9.0,Married-civ-spouse,Transport-moving,Husband,White,Male,0.0,0.0,99.0,United-States
,State-gov,295589.0,Some-college,,Separated,Adm-clerical,Own-child,Black,Male,,0.0,35.0,United-States
26.0,Private,289980.0,5th-6th,3.0,Married-civ-spouse,Farming-fishing,,White,Male,0.0,0.0,30.0,Mexico
56.0,Self-emp-inc,,Masters,14.0,Divorced,Exec-managerial,,,Male,27828.0,0.0,60.0,
,Private,163352.0,HS-grad,,Married-civ-spouse,,Husband,White,Male,0.0,,36.0,United-States
38.0,Private,190776.0,Assoc-acdm,,Divorced,Craft-repair,Unmarried,White,Female,,0.0,40.0,United-States
90.0,,313986.0,11th,,Married-civ-spouse,,Husband,,Male,0.0,,40.0,United-States
72.0,Self-emp-inc,,,,Married-civ-spouse,,Husband,White,Male,0.0,,25.0,
20.0,Private,,HS-grad,9.0,Never-married,Adm-clerical,Unmarried,Asian-Pac-Islander,,0.0,,15.0,United-States
29.0,,183061.0,HS-grad,9.0,,Craft-repair,Husband,Amer-Indian-Eskimo,Male,0.0,0.0,,United-States
49.0,Private,,11th,,,,Husband,White,Male,,0.0,75.0,United-States
23.0,Private,120910.0,HS-grad,9.0,Never-married,Other-service,Unmarried,White,,,,35.0,
,,227554.0,,10.0,Married-spouse-absent,Sales,Own-child,Black,,0.0,0.0,18.0,United-States
57.0,Private,182677.0,Bachelors,13.0,,Exec-managerial,Husband,,Male,4508.0,0.0,40.0,
46.0,Private,214955.0,Assoc-acdm,12.0,Divorced,Prof-specialty,Unmarried,,,0.0,0.0,40.0,United-States
33.0,Private,209768.0,,13.0,,,,,Male,0.0,,40.0,United-States
24.0,Private,258120.0,Bachelors,13.0,,,Not-in-family,White,Male,0.0,0.0,55.0,Jamaica
,Private,110015.0,Assoc-voc,11.0,,Craft-repair,Husband,,Male,0.0,,,Greece
54.0,,,HS-grad,,,,Husband,White,Male,,,65.0,United-States
,Federal-gov,43206.0,Doctorate,16.0,Never-married,Prof-specialty,Not-in-family,White,Female,0.0,1564.0,,United-States
31.0,Self-emp-not-inc,114639.0,Assoc-voc,11.0,,Craft-repair,Husband,White,Male,0.0,0.0,50.0,United-States
43.0,Self-emp-inc,221172.0,Prof-school,,,Prof-specialty,Husband,White,Male,0.0,1977.0,40.0,United-States
18.0,noValueSetHere123156456,128538.0,Some-college,10.0,Never-married,noValueSetHere123156456,Own-child,,,0.0,0.0,6.0,United-States
,,,HS-grad,9.0,Never-married,Machine-op-inspct,Own-child,White,Male,0.0,,,United-States
46.0,Private,353824.0,Assoc-acdm,12.0,Never-married,Adm-clerical,Not-in-family,White,Male,,0.0,40.0,United-States
43.0,Private,178417.0,,,,Prof-specialty,Not-in-family,White,,0.0,,40.0,United-States
58.0,,178644.0,HS-grad,,Widowed,Craft-repair,,White,Male,,0.0,,United-States
43.0,Self-emp-not-inc,,HS-grad,9.0,,,Husband,,Male,,0.0,45.0,United-States
37.0,noValueSetHere123156456,,Some-college,10.0,Separated,,,,Male,0.0,,40.0,United-States
,Federal-gov,169003.0,12th,8.0,Never-married,Adm-clerical,Own-child,Black,,0.0,,25.0,United-States
,State-gov,338816.0,Masters,14.0,Never-married,Adm-clerical,Not-in-family,White,Male,0.0,,70.0,United-States
34.0,Private,506858.0,Assoc-voc,11.0,Married-civ-spouse,Craft-repair,Husband,White,Male,0.0,0.0,32.0,United-States
,Private,,,11.0,Never-married,,Own-child,,,,0.0,40.0,United-States
34.0,Private,,HS-grad,9.0,Divorced,Transport-moving,Not-in-family,,Male,0.0,0.0,40.0,United-States
29.0,,177413.0,HS-grad,9.0,Married-civ-spouse,,Husband,White,Male,,0.0,40.0,United-States
,Private,31670.0,,9.0,,Farming-fishing,,White,Male,0.0,0.0,65.0,
,Private,,11th,,Divorced,Machine-op-inspct,Unmarried,Black,Female,,0.0,35.0,United-States
,,265535.0,Some-college,10.0,Married-civ-spouse,Craft-repair,Husband,,Male,0.0,0.0,50.0,Jamaica
31.0,Private,118941.0,Some-college,10.0,,Other-service,Own-child,White,Female,0.0,,20.0,United-States
,,,Some-college,,Never-married,Handlers-cleaners,,White,Male,0.0,,30.0,United-States
47.0,Local-gov,265097.0,HS-grad,9.0,Married-civ-spouse,,Husband,White,Male,4386.0,,,United-States
46.0,Private,276087.0,,9.0,,,Husband,White,Male,,0.0,,United-States
43.0,Private,,Bachelors,13.0,Married-civ-spouse,,Husband,White,Male,0.0,0.0,40.0,United-States
51.0,,306784.0,HS-grad,,Married-civ-spouse,Craft-repair,Husband,White,Male,4386.0,0.0,40.0,United-States
21.0,Private,,,10.0,,Adm-clerical,Not-in-family,White,Female,,,,United-States
18.0,,387641.0,Some-college,10.0,Never-married,noValueSetHere123156456,Own-child,,Male,0.0,0.0,40.0,United-States
,State-gov,181824.0,Bachelors,13.0,Married-civ-spouse,Prof-specialty,Wife,White,Female,0.0,,35.0,
,Local-gov,177907.0,HS-grad,9.0,Married-civ-spouse,,Husband,White,Male,0.0,1887.0,,
,Private,87329.0,,7.0,Married-civ-spouse,Adm-clerical,Husband,White,,,0.0,48.0,United-States
36.0,,263130.0,,14.0,Never-married,,,,Female,0.0,,,United-States
38.0,Private,262882.0,HS-grad,,Married-civ-spouse,Machine-op-inspct,Wife,White,,0.0,0.0,,United-States
31.0,Private,37546.0,Bachelors,13.0,Married-civ-spouse,,Wife,,Female,0.0,1902.0,35.0,United-States
19.0,Private,27433.0,11th,7.0,Never-married,,Not-in-family,White,Male,0.0,,,United-States
38.0,Private,393945.0,,,Divorced,Tech-support,,White,,0.0,0.0,36.0,United-States
,Private,173927.0,Assoc-voc,11.0,,Prof-specialty,Own-child,Other,Female,0.0,0.0,60.0,Jamaica
38.0,Private,343403.0,,12.0,Divorced,Adm-clerical,Not-in-family,,Female,0.0,,16.0,
36.0,Private,111128.0,Some-college,,Married-civ-spouse,Craft-repair,Husband,White,Male,0.0,0.0,45.0,
40.0,Private,193882.0,HS-grad,9.0,Married-civ-spouse,Exec-managerial,Husband,White,,0.0,0.0,45.0,
,Private,310864.0,,13.0,Never-married,Tech-support,Not-in-family,Black,Male,0.0,,,
41.0,Private,128354.0,Bachelors,,Married-civ-spouse,Tech-support,Wife,White,Female,0.0,0.0,25.0,
33.0,,113364.0,,9.0,,Sales,Not-in-family,,,,0.0,,United-States
63.0,,198559.0,HS-grad,9.0,Married-civ-spouse,,Husband,,Male,,0.0,,United-States
51.0,Private,136913.0,HS-grad,,Married-civ-spouse,Machine-op-inspct,Husband,White,Male,0.0,0.0,40.0,United-States
34.0,Private,115488.0,HS-grad,9.0,,Sales,Husband,White,,0.0,0.0,40.0,United-States
33.0,Private,,Assoc-voc,11.0,,Sales,Not-in-family,White,Male,0.0,,40.0,United-States
25.0,Private,279667.0,10th,6.0,Married-civ-spouse,,Husband,White,Male,0.0,0.0,45.0,United-States
30.0,Self-emp-not-inc,281030.0,HS-grad,,Never-married,Sales,Unmarried,,Male,0.0,,66.0,United-States
19.0,Private,,Some-college,,Never-married,,Own-child,White,Male,0.0,0.0,25.0,United-States
,Private,454989.0,,,Married-civ-spouse,Exec-managerial,Wife,White,Female,0.0,0.0,40.0,
,Private,391349.0,,13.0,Never-married,Adm-clerical,Not-in-family,White,Female,0.0,0.0,40.0,United-States
21.0,State-gov,166704.0,Some-college,10.0,Never-married,Other-service,,,,0.0,0.0,,United-States
36.0,,151835.0,,9.0,Married-civ-spouse,Other-service,Husband,White,Male,0.0,,,United-States
60.0,,199085.0,10th,6.0,Married-civ-spouse,Machine-op-inspct,Husband,White,Male,0.0,0.0,40.0,United-States
,,61487.0,HS-grad,9.0,Never-married,,,Black,Male,0.0,0.0,,United-States
19.0,Private,120251.0,HS-grad,9.0,Never-married,Adm-clerical,Own-child,White,,0.0,,14.0,United-States
42.0,Private,,,,Married-civ-spouse,Prof-specialty,Husband,White,Male,0.0,0.0,90.0,United-States
36.0,Private,,,9.0,Separated,Machine-op-inspct,Not-in-family,,Female,0.0,,36.0,United-States
35.0,Private,267891.0,HS-grad,,Married-civ-spouse,Other-service,Wife,White,Female,0.0,0.0,38.0,United-States
22.0,,234880.0,,10.0,Never-married,Adm-clerical,Own-child,White,Female,,0.0,,United-States
54.0,,,HS-grad,9.0,Married-civ-spouse,Craft-repair,Husband,White,Male,,,,
,,,Bachelors,,Married-civ-spouse,Prof-specialty,,White,,0.0,0.0,45.0,
55.0,Private,204751.0,HS-grad,9.0,Married-civ-spouse,,Husband,,Male,,,65.0,United-States
57.0,Private,375868.0,Masters,14.0,Married-civ-spouse,Adm-clerical,Husband,White,Male,0.0,0.0,40.0,United-States
56.0,Private,,,4.0,Married-civ-spouse,,Husband,White,,0.0,0.0,36.0,United-States
24.0,Private,537222.0,HS-grad,9.0,,Exec-managerial,,White,Male,0.0,,50.0,
,Local-gov,33975.0,,13.0,Married-civ-spouse,,Husband,White,,0.0,0.0,40.0,United-States
51.0,Self-emp-inc,162327.0,11th,7.0,,Sales,Not-in-family,White,Male,0.0,0.0,,United-States
34.0,Private,182691.0,HS-grad,9.0,,,,,Male,,0.0,44.0,United-States
36.0,Private,,Assoc-acdm,12.0,Divorced,Adm-clerical,Unmarried,White,Female,,0.0,42.0,
51.0,Local-gov,114508.0,9th,5.0,,,Other-relative,White,Female,0.0,0.0,,United-States
46.0,Self-emp-inc,214627.0,Doctorate,16.0,Married-civ-spouse,Prof-specialty,,White,Male,0.0,0.0,60.0,United-States
42.0,Private,129684.0,HS-grad,9.0,Divorced,,Not-in-family,Black,Female,5455.0,0.0,,United-States
,State-gov,,Bachelors,13.0,Never-married,Prof-specialty,Not-in-family,White,Female,0.0,0.0,,United-States
22.0,,361138.0,HS-grad,9.0,,Handlers-cleaners,Other-relative,White,Male,0.0,0.0,,
37.0,Private,,HS-grad,9.0,Married-civ-spouse,Craft-repair,Husband,White,Male,0.0,0.0,40.0,
48.0,,205424.0,,13.0,Divorced,Sales,,,,0.0,,40.0,United-States
61.0,,,Bachelors,13.0,Married-civ-spouse,,Husband,White,Male,15024.0,0.0,50.0,
40.0,Private,,,8.0,Married-civ-spouse,Transport-moving,Husband,Black,Male,0.0,0.0,,
58.0,,,HS-grad,,,,Wife,White,,0.0,0.0,,
52.0,Private,181901.0,,9.0,Married-spouse-absent,,Other-relative,White,Male,0.0,0.0,20.0,Mexico
,Private,152004.0,11th,7.0,Never-married,,,Black,Male,0.0,0.0,20.0,
27.0,,205188.0,10th,6.0,Married-civ-spouse,,Husband,White,Male,,,40.0,
48.0,Self-emp-not-inc,30840.0,,10.0,,Prof-specialty,,White,,,0.0,,United-States
63.0,Private,66634.0,9th,5.0,Married-civ-spouse,Craft-repair,Husband,White,Male,0.0,,16.0,United-States
38.0,,180220.0,,9.0,,Craft-repair,,White,,0.0,,,
31.0,Private,291052.0,Some-college,,Married-civ-spouse,Adm-clerical,,White,Male,,2051.0,40.0,United-States
40.0,Self-emp-not-inc,99651.0,Some-college,10.0,Married-civ-spouse,Prof-specialty,Husband,White,Male,,0.0,60.0,United-States
,,327723.0,HS-grad,,,,Not-in-family,White,,0.0,0.0,,United-States
28.0,Private,32291.0,,,Never-married,Prof-specialty,,White,Female,2174.0,0.0,,United-States
,Private,345122.0,Prof-school,15.0,,,Not-in-family,White,Male,14084.0,,50.0,United-States
32.0,Private,127384.0,Assoc-voc,,Married-civ-spouse,Craft-repair,Husband,,Male,0.0,0.0,55.0,
,Private,363296.0,,9.0,,Handlers-cleaners,Unmarried,Black,Male,0.0,,72.0,United-States
39.0,,86551.0,HS-grad,9.0,Divorced,Craft-repair,,White,,0.0,,40.0,United-States
28.0,Private,30070.0,Bachelors,13.0,Married-civ-spouse,Sales,Husband,White,Male,0.0,0.0,,United-States
31.0,Private,595000.0,HS-grad,,,,Other-relative,Black,Female,0.0,0.0,35.0,United-States
21.0,noValueSetHere123156456,,,10.0,Never-married,noValueSetHere123156456,,White,,,0.0,20.0,United-States
33.0,,177824.0,,9.0,,,Unmarried,White,Female,,0.0,40.0,
44.0,State-gov,,Masters,14.0,Married-civ-spouse,Prof-specialty,Husband,White,Male,0.0,0.0,40.0,
22.0,,,Some-college,10.0,Never-married,,Own-child,White,,,0.0,25.0,United-States
,,50018.0,,9.0,Married-civ-spouse,Other-service,Husband,White,Male,0.0,0.0,40.0,noValueSetHere123156456
36.0,Private,218490.0,Assoc-acdm,12.0,Married-civ-spouse,Craft-repair,Husband,White,,0.0,,35.0,United-States
39.0,Private,49020.0,Masters,14.0,,Exec-managerial,Not-in-family,White,Male,0.0,1974.0,40.0,
61.0,Private,213321.0,Some-college,,Married-civ-spouse,Exec-managerial,Husband,White,,0.0,1672.0,40.0,United-States
31.0,,,HS-grad,,Divorced,Transport-moving,Own-child,White,Male,0.0,0.0,40.0,
21.0,Private,83033.0,Some-college,,,Other-service,,White,Female,0.0,,,Germany
39.0,,,Some-college,10.0,Married-civ-spouse,,Husband,,Male,,0.0,90.0,United-States
34.0,Self-emp-not-inc,24961.0,HS-grad,9.0,Married-civ-spouse,Farming-fishing,Husband,,Male,0.0,0.0,,United-States
,Private,182117.0,Some-college,10.0,,,,White,Male,0.0,0.0,,United-States
75.0,,,,13.0,Widowed,,Unmarried,White,Male,0.0,0.0,48.0,United-States
21.0,Private,176690.0,Some-college,10.0,Never-married,Other-service,Own-child,White,Male,,0.0,24.0,United-States
,Private,122651.0,,,,Sales,Husband,White,Male,0.0,0.0,15.0,
54.0,Self-emp-inc,149650.0,HS-grad,9.0,Divorced,Other-service,Not-in-family,White,Male,,0.0,40.0,
,Private,454508.0,Bachelors,13.0,Married-civ-spouse,Prof-specialty,Husband,White,,0.0,0.0,65.0,
54.0,,269068.0,Prof-school,,,Prof-specialty,Husband,Asian-Pac-Islander,,,0.0,50.0,Philippines
41.0,,266530.0,HS-grad,9.0,Married-civ-spouse,Other-service,Husband,Amer-Indian-Eskimo,Male,0.0,0.0,45.0,
,noValueSetHere123156456,,,13.0,Divorced,noValueSetHere123156456,Not-in-family,,Female,0.0,0.0,40.0,United-States
,,,,9.0,Married-civ-spouse,,,White,Male,2580.0,0.0,,United-States
,,217961.0,Some-college,10.0,Never-married,Machine-op-inspct,Not-in-family,White,Male,0.0,,40.0,United-States
20.0,Private,221661.0,,9.0,Married-civ-spouse,Adm-clerical,Wife,,,0.0,0.0,40.0,Mexico
44.0,,60735.0,,13.0,Divorced,,,White,,0.0,0.0,60.0,United-States
47.0,,,,13.0,Married-civ-spouse,Sales,,White,,0.0,0.0,40.0,United-States
31.0,Private,48588.0,Some-college,10.0,Married-civ-spouse,Craft-repair,Husband,,,0.0,0.0,,
41.0,Private,48087.0,7th-8th,,Divorced,Craft-repair,Not-in-family,White,Male,,1590.0,40.0,United-States
53.0,,,,9.0,Married-civ-spouse,Craft-repair,Husband,White,Male,0.0,0.0,60.0,United-States
,,273010.0,HS-grad,9.0,Married-civ-spouse,Adm-clerical,Wife,,Female,3471.0,0.0,40.0,United-States
44.0,Private,104196.0,Masters,14.0,Married-civ-spouse,Prof-specialty,,White,,,0.0,45.0,United-States
37.0,Private,,HS-grad,9.0,,Craft-repair,Husband,White,,0.0,,46.0,
28.0,Private,38918.0,,10.0,Married-civ-spouse,Craft-repair,Husband,,,,0.0,,Germany
71.0,noValueSetHere123156456,205011.0,Some-college,10.0,,noValueSetHere123156456,Husband,White,Male,0.0,0.0,10.0,
57.0,Private,,HS-grad,9.0,Divorced,Adm-clerical,,White,Female,,0.0,40.0,United-States
22.0,,180052.0,Some-college,10.0,Never-married,Farming-fishing,Own-child,White,Male,0.0,0.0,,
33.0,Local-gov,173005.0,,13.0,,,,White,Male,0.0,1848.0,,
,Private,378723.0,,10.0,Divorced,,Own-child,White,Female,0.0,0.0,,United-States
20.0,Private,233624.0,HS-grad,,Never-married,Craft-repair,Own-child,White,,,,,United-States
28.0,Private,,,13.0,Never-married,Adm-clerical,Not-in-family,White,Female,0.0,0.0,45.0,
54.0,,249860.0,,7.0,,Priv-house-serv,,,Female,0.0,,10.0,United-States
20.0,,247564.0,HS-grad,9.0,Never-married,Handlers-cleaners,Own-child,White,Male,0.0,0.0,35.0,United-States
34.0,Private,238912.0,HS-grad,9.0,Married-civ-spouse,Exec-managerial,Husband,White,,0.0,0.0,40.0,United-States
21.0,Private,190227.0,Some-college,10.0,Never-married,Adm-clerical,,White,,0.0,0.0,40.0,United-States
29.0,,293287.0,Some-college,10.0,,Other-service,Unmarried,White,,0.0,0.0,40.0,United-States
51.0,Private,180807.0,Some-college,,Divorced,,Unmarried,,Female,,0.0,40.0,United-States
39.0,Private,250217.0,HS-grad,9.0,Divorced,,Not-in-family,Black,Female,0.0,0.0,70.0,United-States
19.0,,217418.0,Some-college,10.0,Never-married,,Other-relative,Black,Female,0.0,0.0,38.0,United-States
,Local-gov,,HS-grad,9.0,,Farming-fishing,,White,,0.0,0.0,,United-States
,State-gov,163047.0,Some-college,10.0,Divorced,,,White,Female,,0.0,,
18.0,Private,577521.0,,7.0,Never-married,Sales,Own-child,,,,0.0,13.0,
22.0,Private,221533.0,HS-grad,,Never-married,Other-service,Not-in-family,White,,0.0,0.0,20.0,United-States
42.0,Local-gov,255675.0,Some-college,10.0,Married-civ-spouse,,Husband,,,,0.0,40.0,United-States
,Private,114079.0,Assoc-acdm,12.0,Never-married,Craft-repair,Not-in-family,,,,,40.0,United-States
,Private,155781.0,,,Married-civ-spouse,,Husband,White,Male,,0.0,,United-States
,Private,243762.0,11th,7.0,Separated,Craft-repair,,,Female,0.0,0.0,,
22.0,,,Bachelors,13.0,Never-married,Exec-managerial,Own-child,White,Female,,0.0,7.0,United-States
67.0,Private,217028.0,Masters,14.0,Never-married,Other-service,,White,Female,0.0,0.0,40.0,United-States
17.0,Private,110723.0,11th,7.0,Never-married,Sales,,,Female,,0.0,25.0,
47.0,Federal-gov,191858.0,Assoc-acdm,12.0,,Adm-clerical,Husband,White,Male,0.0,,40.0,United-States
,,179423.0,Bachelors,,Never-married,Adm-clerical,Not-in-family,White,Female,0.0,0.0,,United-States
,Private,339588.0,HS-grad,,Married-civ-spouse,Other-service,Wife,White,Female,0.0,0.0,,Peru
22.0,Private,,,,Never-married,Sales,Unmarried,White,,0.0,,40.0,
47.0,State-gov,,,4.0,Married-civ-spouse,Transport-moving,Husband,White,Male,0.0,0.0,40.0,United-States
,Private,,Some-college,10.0,Married-civ-spouse,,Wife,White,Female,0.0,0.0,40.0,
64.0,noValueSetHere123156456,207321.0,Some-college,10.0,,noValueSetHere123156456,Husband,White,,0.0,0.0,20.0,United-States
35.0,State-gov,197495.0,Some-college,,Divorced,,,Black,,,,40.0,
52.0,Federal-gov,424012.0,Some-college,10.0,Divorced,Exec-managerial,Not-in-family,White,Female,0.0,,40.0,United-States
29.0,,178469.0,,9.0,Never-married,Sales,Not-in-family,White,Female,,,40.0,United-States
,Self-emp-inc,92886.0,10th,,Widowed,Sales,,White,Female,,0.0,,Canada
38.0,Self-emp-not-inc,,HS-grad,9.0,Married-civ-spouse,Prof-specialty,Husband,,Male,0.0,0.0,50.0,United-States
59.0,Self-emp-not-inc,325732.0,HS-grad,9.0,Married-civ-spouse,Exec-managerial,Husband,,,0.0,1902.0,52.0,United-States
35.0,,,,10.0,Married-civ-spouse,,Husband,White,Male,4064.0,0.0,,United-States
18.0,,,,10.0,Never-married,Sales,Own-child,White,Female,0.0,0.0,15.0,United-States
24.0,Private,51799.0,HS-grad,9.0,,Adm-clerical,Wife,Black,,0.0,0.0,40.0,United-States
33.0,Local-gov,115488.0,Bachelors,,,Prof-specialty,Husband,,,,,50.0,
40.0,Private,190621.0,,10.0,Divorced,Exec-managerial,Other-relative,Black,Female,0.0,,55.0,United-States
55.0,Private,193568.0,HS-grad,9.0,,Adm-clerical,Not-in-family,White,Female,0.0,,40.0,United-States
,,,,,,Prof-specialty,Not-in-family,White,Male,,,,
40.0,,264663.0,Bachelors,13.0,Never-married,Prof-specialty,Own-child,White,Female,0.0,,60.0,United-States
22.0,Private,234731.0,HS-grad,9.0,,Handlers-cleaners,Own-child,White,Male,0.0,0.0,40.0,
55.0,Private,308373.0,,10.0,Married-civ-spouse,Exec-managerial,Wife,White,Female,0.0,0.0,40.0,United-States
45.0,Private,205644.0,HS-grad,9.0,,Tech-support,,White,Female,,0.0,26.0,United-States
47.0,Local-gov,321851.0,Bachelors,13.0,,Prof-specialty,Not-in-family,White,,0.0,0.0,,United-States
,Private,206399.0,HS-grad,9.0,Married-civ-spouse,Craft-repair,,,Male,0.0,0.0,,United-States
,Private,,,9.0,Married-civ-spouse,,Husband,Black,Male,0.0,0.0,,United-States
32.0,State-gov,198211.0,,,Never-married,Adm-clerical,Not-in-family,White,Male,0.0,0.0,38.0,
17.0,,130795.0,10th,,Never-married,Other-service,Own-child,,Male,,0.0,20.0,United-States
44.0,Private,71269.0,,10.0,Divorced,,Not-in-family,White,Male,0.0,0.0,,
,Self-emp-not-inc,,Assoc-acdm,12.0,Never-married,Sales,Not-in-family,White,,0.0,,80.0,United-States
,,125933.0,Bachelors,13.0,Married-civ-spouse,Sales,Husband,White,Male,,0.0,60.0,United-States
27.0,Private,107236.0,HS-grad,9.0,Married-civ-spouse,,,White,Male,0.0,0.0,,United-States
32.0,Private,32732.0,HS-grad,9.0,Married-civ-spouse,,Husband,White,,,0.0,,United-States
68.0,Private,284763.0,11th,7.0,,Transport-moving,Not-in-family,White,Male,0.0,0.0,,United-States
20.0,Private,112668.0,,10.0,Never-married,Other-service,Own-child,,,0.0,,20.0,
33.0,Private,376483.0,,10.0,Divorced,Adm-clerical,Not-in-family,Black,Female,0.0,,40.0,United-States
24.0,,,9th,5.0,,,,White,Male,0.0,0.0,12.0,
48.0,Private,36177.0,HS-grad,9.0,Married-civ-spouse,Craft-repair,Husband,,Male,0.0,0.0,,United-States
45.0,Private,,Masters,14.0,,Prof-specialty,Unmarried,,,,0.0,50.0,United-States
48.0,Private,304791.0,Some-college,10.0,Widowed,Adm-clerical,Not-in-family,White,Female,0.0,,,
,Private,209205.0,,,Married-civ-spouse,Prof-specialty,Husband,White,Male,0.0,0.0,45.0,
60.0,noValueSetHere123156456,112821.0,Some-college,10.0,Married-civ-spouse,noValueSetHere123156456,Husband,White,Male,,,35.0,
39.0,,178100.0,Masters,14.0,Divorced,Prof-specialty,Unmarried,White,Female,0.0,0.0,40.0,United-States
23.0,Private,70261.0,Some-college,10.0,Never-married,Other-service,,White,Male,0.0,,30.0,United-States
23.0,State-gov,186634.0,12th,8.0,Never-married,,Not-in-family,White,Male,0.0,0.0,,United-States
,,,Some-college,10.0,Separated,,Other-relative,White,Female,0.0,0.0,,
25.0,Private,,Bachelors,13.0,Married-civ-spouse,Prof-specialty,Wife,White,,0.0,0.0,40.0,United-States
52.0,Private,158746.0,HS-grad,9.0,,Other-service,Unmarried,White,Male,0.0,0.0,40.0,
35.0,Self-emp-not-inc,140854.0,HS-grad,9.0,Married-civ-spouse,Craft-repair,Husband,White,,,0.0,40.0,
41.0,Private,51506.0,HS-grad,9.0,Married-civ-spouse,Exec-managerial,Husband,White,,,,40.0,United-States
45.0,,,Bachelors,13.0,Married-civ-spouse,Sales,Wife,White,Female,,0.0,42.0,
37.0,,325538.0,Masters,,Married-civ-spouse,,,White,,0.0,0.0,40.0,noValueSetHere123156456
58.0,Private,213975.0,,11.0,Widowed,Prof-specialty,Not-in-family,,Female,,,,United-States
67.0,Self-emp-not-inc,431426.0,HS-grad,9.0,Married-civ-spouse,Adm-clerical,Wife,White,Female,,0.0,2.0,United-States
,Private,199763.0,HS-grad,9.0,Married-civ-spouse,Prof-specialty,Wife,White,Female,0.0,,8.0,United-States
63.0,Private,161563.0,,9.0,Married-civ-spouse,Craft-repair,Husband,White,,0.0,,48.0,
24.0,Local-gov,252024.0,Some-college,,Married-civ-spouse,,Husband,White,Male,0.0,,72.0,United-States
43.0,,,Some-college,10.0,Married-civ-spouse,Craft-repair,Husband,White,,0.0,0.0,40.0,United-States
36.0,Private,178487.0,HS-grad,9.0,Divorced,Transport-moving,,White,,,0.0,,United-States
32.0,Private,604506.0,,,Married-civ-spouse,,,White,Male,0.0,0.0,72.0,
36.0,Private,228157.0,Some-college,10.0,Never-married,Craft-repair,Not-in-family,Asian-Pac-Islander,,0.0,,,Laos
43.0,Private,199191.0,Some-college,10.0,Never-married,Adm-clerical,Not-in-family,White,Female,0.0,0.0,50.0,United-States
27.0,Private,189775.0,HS-grad,9.0,Never-married,Adm-clerical,,,Female,0.0,0.0,40.0,United-States
17.0,,,11th,7.0,Never-married,Other-service,Own-child,,Male,0.0,0.0,12.0,
45.0,Private,,Bachelors,,Divorced,Sales,,,,0.0,0.0,46.0,United-States
,Self-emp-inc,82049.0,HS-grad,9.0,Married-civ-spouse,,Husband,White,Male,0.0,0.0,40.0,United-States
41.0,Self-emp-not-inc,126094.0,HS-grad,9.0,Married-civ-spouse,Exec-managerial,Husband,White,Male,0.0,0.0,,United-States
18.0,,202516.0,,9.0,Never-married,noValueSetHere123156456,Own-child,White,,,0.0,,United-States
,Local-gov,,Assoc-acdm,,Separated,,Not-in-family,,Female,0.0,,40.0,United-States
51.0,noValueSetHere123156456,69328.0,,11.0,,noValueSetHere123156456,,White,Male,0.0,0.0,50.0,United-States
26.0,Private,292803.0,Some-college,10.0,Never-married,Other-service,Own-child,White,Female,0.0,0.0,24.0,
54.0,Private,286989.0,Preschool,1.0,Married-civ-spouse,,Husband,White,Male,0.0,,60.0,United-States
,Private,190483.0,,,Divorced,,Own-child,White,Female,0.0,,,Iran
19.0,Private,235849.0,HS-grad,,Never-married,Transport-moving,Own-child,,Male,,0.0,,United-States
,Private,359766.0,7th-8th,4.0,Divorced,Handlers-cleaners,Other-relative,Black,Male,0.0,0.0,40.0,United-States
32.0,,,HS-grad,9.0,Married-spouse-absent,,Unmarried,,Female,0.0,0.0,,United-States
,,360096.0,Bachelors,,Married-civ-spouse,,Husband,White,,15024.0,,60.0,United-States
30.0,Private,170154.0,Bachelors,13.0,Never-married,,,White,Female,0.0,0.0,,United-States
,Private,337286.0,Masters,,Never-married,Exec-managerial,,Asian-Pac-Islander,,0.0,0.0,40.0,United-States
52.0,,204322.0,Assoc-voc,,,,Husband,White,,5013.0,0.0,40.0,
,Self-emp-not-inc,143833.0,12th,8.0,Married-civ-spouse,,Husband,White,,0.0,0.0,18.0,United-States
17.0,Private,365613.0,10th,,,Other-service,Own-child,White,Male,0.0,0.0,10.0,
32.0,Private,,Bachelors,13.0,,Prof-specialty,Unmarried,White,Female,0.0,0.0,32.0,United-States
43.0,Local-gov,180096.0,,,Married-civ-spouse,Prof-specialty,Husband,White,Male,0.0,,40.0,United-States
19.0,noValueSetHere123156456,371827.0,HS-grad,9.0,Never-married,,,,Male,0.0,0.0,40.0,Portugal
,Private,,HS-grad,9.0,Never-married,Machine-op-inspct,Unmarried,Other,,,,40.0,Columbia
41.0,Federal-gov,,Masters,14.0,,Exec-managerial,Husband,White,,,0.0,,United-States
49.0,Private,198759.0,Assoc-acdm,12.0,Married-civ-spouse,Sales,Husband,White,,,,60.0,United-States
52.0,State-gov,303462.0,,,Separated,Protective-serv,Unmarried,White,Male,,0.0,40.0,United-States
35.0,Private,,HS-grad,9.0,Separated,,Unmarried,White,,0.0,,32.0,United-States
57.0,Private,250201.0,,,,Other-service,Husband,White,Male,0.0,0.0,,United-States
,Private,,Assoc-voc,11.0,Married-spouse-absent,,Unmarried,White,,0.0,0.0,44.0,United-States
33.0,,222654.0,Bachelors,13.0,Never-married,Prof-specialty,Not-in-family,,,0.0,,40.0,United-States
56.0,Private,53366.0,7th-8th,4.0,Divorced,Transport-moving,,White,Male,0.0,,40.0,
,Private,132222.0,,13.0,Never-married,,Own-child,,Male,0.0,0.0,60.0,United-States
,Private,,Some-college,10.0,,Adm-clerical,Own-child,White,Male,0.0,0.0,20.0,
49.0,Private,31264.0,HS-grad,,Divorced,Adm-clerical,Not-in-family,White,Female,,0.0,35.0,
,,,Prof-school,15.0,Married-civ-spouse,Prof-specialty,,White,Male,0.0,0.0,45.0,United-States
34.0,Self-emp-not-inc,168906.0,Some-college,10.0,Divorced,Adm-clerical,Unmarried,White,Female,0.0,,50.0,United-States
37.0,Self-emp-not-inc,,Some-college,10.0,Never-married,,Not-in-family,Black,Male,,0.0,40.0,United-States
22.0,Private,245524.0,,,Never-married,Other-service,Not-in-family,,Male,0.0,0.0,35.0,
27.0,Private,386040.0,Assoc-voc,11.0,Married-civ-spouse,Craft-repair,Husband,White,Male,,,40.0,Mexico
21.0,Private,35424.0,Some-college,,Never-married,Sales,Own-child,White,Female,0.0,0.0,25.0,United-States
59.0,noValueSetHere123156456,93655.0,Some-college,10.0,Married-civ-spouse,noValueSetHere123156456,Husband,White,Male,,,40.0,United-States
44.0,Private,152629.0,Bachelors,,Married-civ-spouse,,Husband,White,Male,3103.0,0.0,40.0,United-States
53.0,,,10th,6.0,Married-spouse-absent,Transport-moving,,White,,0.0,,,United-States
26.0,,410240.0,,7.0,Never-married,,Not-in-family,White,Male,0.0,,,
,Private,138970.0,Bachelors,,Married-civ-spouse,Exec-managerial,Husband,White,Male,0.0,,45.0,United-States
,Private,269722.0,Bachelors,13.0,Married-civ-spouse,Exec-managerial,Husband,,Male,,,70.0,United-States
34.0,Private,223678.0,,9.0,,Other-service,Unmarried,Amer-Indian-Eskimo,Female,0.0,0.0,32.0,
54.0,State-gov,197184.0,,13.0,Married-civ-spouse,Exec-managerial,Husband,White,,0.0,,,United-States
36.0,Private,143486.0,HS-grad,9.0,,,Husband,,Male,,,50.0,United-States
60.0,Private,160625.0,,,Married-civ-spouse,Prof-specialty,Husband,,Male,,0.0,,United-States
50.0,Private,,HS-grad,9.0,,Protective-serv,,,Male,0.0,,40.0,United-States
48.0,,85341.0,Bachelors,13.0,,,Husband,White,,0.0,0.0,45.0,United-States
35.0,,108293.0,,10.0,Never-married,Adm-clerical,Own-child,White,Female,0.0,2205.0,40.0,United-States
40.0,Self-emp-not-inc,192507.0,Assoc-acdm,,Divorced,Prof-specialty,,White,Female,0.0,0.0,50.0,United-States
30.0,Private,,,13.0,Married-civ-spouse,Exec-managerial,Husband,White,Male,,,,
65.0,Self-emp-not-inc,223580.0,Some-college,10.0,Married-civ-spouse,Machine-op-inspct,Husband,White,Male,6514.0,0.0,,
31.0,Private,236861.0,HS-grad,9.0,Married-civ-spouse,Craft-repair,,White,Male,0.0,0.0,60.0,United-States
46.0,,327886.0,,,Married-civ-spouse,Adm-clerical,Husband,White,,0.0,0.0,40.0,United-States
67.0,noValueSetHere123156456,407618.0,,5.0,Divorced,noValueSetHere123156456,Not-in-family,White,Female,2050.0,0.0,40.0,
62.0,Self-emp-inc,197060.0,Assoc-voc,11.0,Married-civ-spouse,Exec-managerial,Husband,,Male,0.0,0.0,50.0,United-States
38.0,Private,229180.0,Bachelors,13.0,,Exec-managerial,Unmarried,White,Female,,0.0,,Cuba
,Private,284317.0,Bachelors,13.0,,Other-service,Own-child,White,,0.0,0.0,30.0,United-States
24.0,Private,73514.0,Some-college,,,,Not-in-family,,,0.0,0.0,50.0,Philippines
27.0,,,Bachelors,13.0,Never-married,Prof-specialty,,,,0.0,,48.0,United-States
43.0,State-gov,134782.0,Assoc-acdm,12.0,Married-spouse-absent,,,White,Female,0.0,0.0,,United-States
,Private,,HS-grad,9.0,Divorced,Handlers-cleaners,Unmarried,Asian-Pac-Islander,,,0.0,40.0,South
41.0,,,,9.0,Separated,,,Black,Male,0.0,0.0,40.0,
30.0,Private,,Some-college,10.0,Married-civ-spouse,Tech-support,Wife,Black,Female,0.0,0.0,45.0,United-States
38.0,Private,119177.0,Bachelors,13.0,,Sales,Husband,,,0.0,0.0,40.0,United-States
,Private,327886.0,Prof-school,15.0,Never-married,Prof-specialty,Not-in-family,,Male,0.0,,40.0,United-States
,Private,187730.0,Bachelors,13.0,,,Own-child,White,Male,,0.0,,
55.0,Private,109015.0,,10.0,Divorced,,Not-in-family,White,Female,0.0,0.0,38.0,United-States
46.0,Self-emp-not-inc,110015.0,,,,,,White,,0.0,,75.0,Greece
24.0,,104146.0,Bachelors,13.0,,Prof-specialty,,Asian-Pac-Islander,,0.0,0.0,40.0,United-States
,Local-gov,50442.0,,10.0,,Adm-clerical,Own-child,,Female,0.0,0.0,,
35.0,,57640.0,HS-grad,9.0,Married-civ-spouse,Craft-repair,Husband,White,Male,0.0,,,United-States
37.0,Local-gov,,Some-college,10.0,,Adm-clerical,,White,Female,0.0,0.0,40.0,United-States
29.0,Private,,,10.0,,Prof-specialty,,White,Male,,0.0,45.0,United-States
56.0,,290641.0,Bachelors,,Married-civ-spouse,Exec-managerial,Husband,White,Male,0.0,0.0,50.0,United-States
,noValueSetHere123156456,191118.0,HS-grad,9.0,Married-civ-spouse,noValueSetHere123156456,Husband,White,Male,0.0,,,United-States
25.0,Private,34402.0,Bachelors,13.0,Never-married,Exec-managerial,,,Male,0.0,,,United-States
33.0,Private,245378.0,10th,,Married-civ-spouse,Machine-op-inspct,Husband,White,Male,0.0,0.0,40.0,United-States
44.0,Private,179136.0,HS-grad,9.0,Never-married,,Not-in-family,White,,0.0,,40.0,United-States
,,116788.0,HS-grad,9.0,,,Own-child,,Male,0.0,,40.0,United-States
21.0,Private,,HS-grad,9.0,Never-married,Adm-clerical,,,Male,0.0,,,United-States
,Federal-gov,,,14.0,,Exec-managerial,Husband,White,Male,,0.0,40.0,England
44.0,Self-emp-inc,95150.0,,10.0,Married-civ-spouse,Exec-managerial,Husband,,,0.0,0.0,50.0,United-States
63.0,Private,102479.0,Bachelors,13.0,Divorced,,Not-in-family,,Female,0.0,0.0,40.0,United-States
,Private,199191.0,HS-grad,,Married-civ-spouse,Adm-clerical,Wife,,Female,0.0,0.0,30.0,United-States
31.0,Private,229636.0,,10.0,Married-civ-spouse,,,,Male,0.0,0.0,45.0,Mexico
26.0,Private,,Some-college,,,Exec-managerial,Husband,White,Male,0.0,,42.0,United-States
,Self-emp-inc,27997.0,HS-grad,9.0,,,Not-in-family,White,Male,0.0,0.0,50.0,United-States
,noValueSetHere123156456,,Some-college,10.0,Divorced,noValueSetHere123156456,Not-in-family,,Female,,0.0,40.0,
33.0,Private,,Bachelors,13.0,Married-civ-spouse,Craft-repair,Husband,White,,,0.0,45.0,
38.0,Private,,Bachelors,,Married-civ-spouse,Exec-managerial,Husband,White,Male,0.0,0.0,40.0,United-States
26.0,Private,134287.0,Assoc-voc,11.0,,Sales,,White,,0.0,0.0,35.0,
46.0,Self-emp-inc,283004.0,Assoc-voc,11.0,,Exec-managerial,,Asian-Pac-Islander,,0.0,,63.0,Thailand
24.0,Private,33616.0,HS-grad,,,Other-service,,,Female,,0.0,,United-States
,Local-gov,,Masters,14.0,Married-civ-spouse,Prof-specialty,Husband,White,,0.0,,35.0,United-States
,Private,188189.0,Some-college,10.0,,Tech-support,Not-in-family,White,Female,,0.0,30.0,United-States
46.0,Private,,,10.0,,Craft-repair,Husband,White,Male,,0.0,40.0,United-States
,Federal-gov,,Assoc-acdm,12.0,Married-civ-spouse,,Husband,Black,Male,0.0,0.0,40.0,
47.0,Private,,HS-grad,9.0,Divorced,,Unmarried,,Male,0.0,,40.0,Honduras
,Private,165017.0,HS-grad,9.0,Widowed,Machine-op-inspct,Unmarried,White,Male,2538.0,0.0,40.0,United-States
32.0,Private,131584.0,HS-grad,9.0,,Sales,Husband,White,Male,7298.0,,40.0,United-States
51.0,,,HS-grad,,Married-civ-spouse,Transport-moving,Husband,Black,,,0.0,40.0,United-States
36.0,Private,334291.0,,,,Sales,Husband,White,Male,0.0,,40.0,
,,,Masters,14.0,Married-civ-spouse,Prof-specialty,Wife,White,,0.0,0.0,40.0,United-States
,Private,87507.0,,16.0,,Prof-specialty,Husband,Asian-Pac-Islander,Male,,,60.0,India
32.0,Private,,,,Married-civ-spouse,,Husband,White,,3908.0,0.0,40.0,
27.0,,204497.0,10th,6.0,Divorced,Transport-moving,Not-in-family,Amer-Indian-Eskimo,Male,0.0,,75.0,United-States
60.0,,,7th-8th,,Divorced,Adm-clerical,Not-in-family,,Female,0.0,0.0,35.0,Cuba
31.0,Private,118161.0,HS-grad,9.0,Married-civ-spouse,,Husband,,,0.0,0.0,40.0,United-States
46.0,,150499.0,Assoc-acdm,12.0,,Craft-repair,,White,,0.0,,,United-States
40.0,Local-gov,96554.0,HS-grad,9.0,Never-married,Adm-clerical,Own-child,White,,0.0,0.0,40.0,
39.0,,,Some-college,,Married-civ-spouse,,Husband,Black,Male,0.0,0.0,52.0,United-States
69.0,,104003.0,,4.0,Married-civ-spouse,Sales,Husband,,Male,0.0,0.0,55.0,United-States
54.0,Self-emp-inc,124963.0,Bachelors,13.0,Married-civ-spouse,Exec-managerial,Husband,White,Male,,0.0,,United-States
,,198388.0,,,Divorced,Adm-clerical,Not-in-family,White,,0.0,,40.0,United-States
47.0,Federal-gov,,,10.0,Divorced,Adm-clerical,Not-in-family,White,,0.0,0.0,40.0,United-States
,Private,,Assoc-acdm,12.0,Never-married,,,White,,0.0,0.0,45.0,United-States
,Self-emp-not-inc,,,9.0,Married-civ-spouse,Transport-moving,Husband,White,Male,,0.0,60.0,
,Self-emp-not-inc,191954.0,,4.0,,Farming-fishing,Own-child,,Male,0.0,,,
,Private,,Some-college,10.0,Married-civ-spouse,,Husband,White,Male,,0.0,,United-States
29.0,Local-gov,289991.0,,14.0,,,Husband,White,,,0.0,50.0,United-States
,,92115.0,Some-college,10.0,,Adm-clerical,Husband,White,Male,0.0,0.0,40.0,United-States
44.0,Private,320277.0,Bachelors,,Never-married,Prof-specialty,Not-in-family,White,Male,,0.0,,United-States
26.0,Private,,,9.0,Never-married,Craft-repair,Other-relative,,Male,0.0,,60.0,United-States
36.0,Private,168276.0,10th,,Divorced,Other-service,Not-in-family,White,Female,0.0,0.0,,
,State-gov,175127.0,,13.0,Married-civ-spouse,,Husband,,Male,,0.0,38.0,
37.0,Private,254973.0,HS-grad,9.0,Married-civ-spouse,Handlers-cleaners,,White,Female,0.0,0.0,40.0,United-States
37.0,Private,95336.0,10th,6.0,,Machine-op-inspct,,White,Male,0.0,0.0,65.0,United-States
63.0,Private,,Bachelors,13.0,,Prof-specialty,Wife,White,Female,7688.0,0.0,,United-States
33.0,,,HS-grad,9.0,Married-civ-spouse,Transport-moving,,White,Male,,0.0,60.0,United-States
19.0,Private,138153.0,Some-college,,Never-married,Adm-clerical,Own-child,,Female,,0.0,10.0,United-States
57.0,,,Masters,14.0,,,Wife,Black,Female,,1977.0,40.0,
31.0,Private,182237.0,,12.0,,Sales,,White,Male,4386.0,,45.0,United-States
,,111252.0,,,Never-married,noValueSetHere123156456,,White,,0.0,,30.0,United-States
58.0,Local-gov,,HS-grad,,,Exec-managerial,,,Male,,,40.0,
20.0,,168863.0,Some-college,10.0,Never-married,noValueSetHere123156456,Own-child,White,Female,0.0,0.0,20.0,United-States
25.0,Private,,,,Married-civ-spouse,Sales,Husband,White,,0.0,0.0,40.0,
40.0,Private,141657.0,HS-grad,,Divorced,Adm-clerical,,White,Female,0.0,0.0,40.0,
,,125441.0,11th,7.0,,Other-service,,,Male,1055.0,0.0,20.0,
,Private,172230.0,HS-grad,9.0,Never-married,,Not-in-family,,,0.0,0.0,40.0,
29.0,Private,282944.0,Doctorate,16.0,Married-civ-spouse,Prof-specialty,Husband,,Male,0.0,,50.0,United-States
45.0,Local-gov,55377.0,Bachelors,13.0,Married-civ-spouse,Prof-specialty,Husband,Black,Male,0.0,0.0,40.0,United-States
35.0,,,Some-college,10.0,Never-married,Adm-clerical,,White,Female,,,38.0,United-States
32.0,Private,213887.0,Some-college,,,Machine-op-inspct,Unmarried,White,,0.0,0.0,45.0,
61.0,Self-emp-not-inc,,,9.0,Widowed,Other-service,Other-relative,White,,,0.0,40.0,
26.0,State-gov,208122.0,Bachelors,13.0,Never-married,Prof-specialty,Not-in-family,White,,0.0,0.0,,United-States
,Private,176118.0,HS-grad,,,Craft-repair,Husband,White,Male,3103.0,0.0,,United-States
22.0,Private,227994.0,,10.0,Married-spouse-absent,Adm-clerical,Own-child,Asian-Pac-Islander,,0.0,0.0,,
49.0,,215389.0,Bachelors,13.0,Married-civ-spouse,Machine-op-inspct,Husband,,Male,0.0,0.0,,United-States
,Private,99434.0,HS-grad,9.0,Married-civ-spouse,Other-service,Wife,,Female,0.0,0.0,12.0,United-States
,Private,,HS-grad,9.0,Separated,Exec-managerial,Own-child,White,,0.0,0.0,,United-States
23.0,noValueSetHere123156456,113700.0,Bachelors,13.0,,noValueSetHere123156456,,White,Male,,,50.0,United-States
28.0,,259840.0,Bachelors,,Married-civ-spouse,Sales,Husband,White,Male,0.0,0.0,60.0,
27.0,Private,168827.0,HS-grad,9.0,Married-civ-spouse,Machine-op-inspct,,White,Male,0.0,0.0,40.0,United-States
,,28984.0,,11.0,Divorced,Sales,Unmarried,White,Female,0.0,0.0,,
49.0,,182211.0,9th,5.0,,Handlers-cleaners,Husband,White,Male,0.0,0.0,45.0,
41.0,Private,82393.0,Some-college,10.0,Never-married,Craft-repair,Own-child,Asian-Pac-Islander,Male,0.0,0.0,40.0,United-States
28.0,Private,183639.0,Bachelors,,Never-married,Adm-clerical,Not-in-family,White,Male,,0.0,21.0,United-States
38.0,Private,,Some-college,,,Exec-managerial,Husband,White,Male,,0.0,55.0,United-States
47.0,,469907.0,,12.0,Married-civ-spouse,,Husband,White,Male,,1740.0,40.0,United-States
28.0,,,HS-grad,9.0,Married-civ-spouse,,Husband,White,,0.0,0.0,40.0,United-States
44.0,State-gov,33658.0,Masters,14.0,Married-civ-spouse,Prof-specialty,Husband,White,Male,,0.0,50.0,
41.0,Federal-gov,34178.0,,13.0,,,Not-in-family,,,0.0,,,
,Private,400630.0,Prof-school,15.0,Married-civ-spouse,Prof-specialty,,White,Male,,,,United-States
73.0,Self-emp-not-inc,161251.0,HS-grad,9.0,Widowed,,Not-in-family,White,,0.0,0.0,24.0,United-States
21.0,Private,,Some-college,10.0,Never-married,,,Black,Male,0.0,,,Outlying-US(Guam-USVI-etc)
38.0,,199256.0,,9.0,Divorced,Adm-clerical,Unmarried,White,,0.0,0.0,40.0,United-States
64.0,noValueSetHere123156456,,Masters,,,noValueSetHere123156456,Husband,White,Male,0.0,0.0,2.0,United-States
47.0,Private,221666.0,Some-college,10.0,Divorced,Tech-support,,White,Female,0.0,0.0,40.0,United-States
52.0,Private,145409.0,,10.0,Married-civ-spouse,Transport-moving,Husband,,Male,15024.0,0.0,60.0,Canada
24.0,Private,39615.0,Bachelors,,,Sales,Not-in-family,White,,0.0,0.0,45.0,United-States
44.0,Private,104440.0,,13.0,,,Husband,White,Male,,0.0,,United-States
27.0,Private,,7th-8th,4.0,Divorced,Machine-op-inspct,,White,Male,0.0,974.0,40.0,United-States
61.0,Self-emp-not-inc,,Some-college,10.0,Married-civ-spouse,Sales,Husband,Black,Male,,0.0,,United-States
58.0,Private,306233.0,Bachelors,13.0,Married-civ-spouse,,Husband,White,,,0.0,40.0,United-States
51.0,,216475.0,Bachelors,13.0,Never-married,,Not-in-family,White,Female,,1564.0,43.0,United-States
49.0,Private,50748.0,Some-college,10.0,Divorced,Sales,,White,Female,0.0,,55.0,England
23.0,Private,107190.0,,10.0,Never-married,Adm-clerical,Own-child,,Male,0.0,0.0,20.0,
,Private,206874.0,,11.0,,Adm-clerical,Own-child,Black,Female,0.0,0.0,40.0,United-States
21.0,Private,83141.0,HS-grad,9.0,Never-married,Farming-fishing,Not-in-family,White,Male,0.0,0.0,53.0,
56.0,Private,,,7.0,,Sales,Not-in-family,White,Female,0.0,0.0,40.0,United-States
35.0,Private,141896.0,12th,8.0,Married-civ-spouse,Craft-repair,Husband,White,,0.0,0.0,40.0,United-States
37.0,Federal-gov,33487.0,,10.0,,Tech-support,,Amer-Indian-Eskimo,Female,,0.0,20.0,United-States
41.0,,,Doctorate,16.0,Divorced,,Unmarried,White,Female,0.0,,,United-States
,Private,341346.0,,7.0,Married-civ-spouse,,,White,,0.0,,40.0,United-States
35.0,Private,343403.0,Doctorate,16.0,,Tech-support,Wife,,,0.0,0.0,,noValueSetHere123156456
47.0,,287480.0,,10.0,Married-civ-spouse,Craft-repair,,White,Male,0.0,0.0,40.0,United-States
59.0,Self-emp-inc,107287.0,10th,,Widowed,Exec-managerial,Unmarried,,Female,,2559.0,,United-States
55.0,Private,199067.0,,7.0,,Machine-op-inspct,,White,Male,0.0,,32.0,United-States
22.0,,182771.0,,11.0,,,Own-child,Asian-Pac-Islander,,,0.0,20.0,
31.0,Private,159737.0,10th,6.0,Never-married,Adm-clerical,Unmarried,Black,Female,0.0,0.0,,United-States
30.0,Private,110643.0,,14.0,Married-civ-spouse,Adm-clerical,Husband,White,Male,4386.0,0.0,,
24.0,Private,,Bachelors,13.0,Never-married,,Own-child,White,,0.0,0.0,48.0,United-States
49.0,,43479.0,Some-college,10.0,Married-civ-spouse,,Husband,,,0.0,0.0,,United-States
23.0,Private,203003.0,7th-8th,4.0,,,Not-in-family,,Male,0.0,0.0,25.0,
50.0,Private,133963.0,HS-grad,9.0,,Adm-clerical,Unmarried,White,Female,0.0,0.0,35.0,United-States
38.0,Private,227794.0,Bachelors,,Never-married,Adm-clerical,Not-in-family,,,0.0,,40.0,United-States
20.0,Self-emp-not-inc,,Some-college,10.0,Never-married,Prof-specialty,Other-relative,Asian-Pac-Islander,,0.0,0.0,20.0,South
49.0,Self-emp-not-inc,,Some-college,10.0,Married-civ-spouse,,Husband,White,Male,0.0,0.0,50.0,United-States
45.0,Private,,HS-grad,,Widowed,Other-service,Other-relative,,,,0.0,50.0,South
46.0,Federal-gov,297906.0,Bachelors,,,Prof-specialty,,,,0.0,0.0,50.0,United-States
,,151506.0,,9.0,,Other-service,,,Female,0.0,,30.0,
31.0,,139455.0,,,Never-married,Exec-managerial,Own-child,White,Female,0.0,0.0,40.0,
,Private,,HS-grad,9.0,Divorced,Other-service,Unmarried,White,,0.0,0.0,40.0,United-States
,,233312.0,Masters,,,Craft-repair,Husband,White,Male,0.0,0.0,,United-States
24.0,Private,161092.0,Bachelors,13.0,Never-married,,Own-child,White,Male,0.0,0.0,40.0,United-States
58.0,Local-gov,98361.0,,9.0,Married-civ-spouse,Exec-managerial,Husband,,Male,,0.0,50.0,United-States
28.0,Private,188928.0,HS-grad,9.0,,Other-service,Husband,White,,,0.0,,United-States
22.0,Private,,HS-grad,,Married-civ-spouse,Other-service,Husband,White,Male,0.0,,40.0,
,Private,,HS-grad,9.0,Divorced,Transport-moving,Not-in-family,White,Male,,0.0,40.0,United-States
30.0,Private,193598.0,,1.0,Never-married,Farming-fishing,Not-in-family,White,Male,0.0,0.0,40.0,Mexico
,Private,274111.0,Bachelors,13.0,Married-civ-spouse,Adm-clerical,Husband,White,Male,,,,
,Private,245482.0,HS-grad,9.0,Married-civ-spouse,Machine-op-inspct,Husband,Asian-Pac-Islander,Male,0.0,0.0,40.0,noValueSetHere123156456
56.0,Private,160932.0,HS-grad,9.0,Married-civ-spouse,Transport-moving,,White,Male,0.0,,,United-States
50.0,Private,,,,Married-civ-spouse,,Husband,White,Male,0.0,0.0,,United-States
28.0,noValueSetHere123156456,,,,Separated,noValueSetHere123156456,Unmarried,,Female,0.0,0.0,30.0,
,Private,,Bachelors,13.0,Never-married,Adm-clerical,Not-in-family,,Female,0.0,0.0,40.0,United-States
,Private,222993.0,,,,Machine-op-inspct,,White,Male,0.0,0.0,,United-States
42.0,,25240.0,Assoc-voc,11.0,,Prof-specialty,,Amer-Indian-Eskimo,Female,0.0,0.0,40.0,
31.0,Self-emp-not-inc,204052.0,HS-grad,,,Craft-repair,,White,Male,0.0,0.0,,United-States
18.0,Private,74054.0,11th,,Never-married,Sales,Own-child,Other,Female,,0.0,20.0,
46.0,Private,169042.0,10th,6.0,,Other-service,Not-in-family,,Female,,,25.0,
31.0,Private,,Bachelors,13.0,,,,,,,0.0,,United-States
,Local-gov,,Bachelors,13.0,Married-civ-spouse,Prof-specialty,Wife,,Female,7688.0,0.0,,
44.0,,254146.0,,14.0,Married-civ-spouse,Prof-specialty,Husband,,Male,,0.0,,United-States
55.0,,227856.0,,13.0,,Exec-managerial,Husband,White,Male,,,50.0,United-States
19.0,Private,,,,Never-married,,,White,Male,,0.0,20.0,
45.0,Private,,Masters,,,Exec-managerial,Not-in-family,White,Female,0.0,,40.0,United-States
50.0,Self-emp-inc,287598.0,Some-college,10.0,,,Husband,White,Male,0.0,0.0,70.0,United-States
53.0,,182186.0,9th,,,Other-service,Husband,White,,0.0,0.0,40.0,Dominican-Republic
41.0,Self-emp-inc,194636.0,Bachelors,13.0,Married-civ-spouse,Sales,Husband,White,Male,99999.0,0.0,65.0,United-States
,Private,112305.0,Some-college,10.0,Divorced,Other-service,Unmarried,Black,,0.0,0.0,40.0,United-States
21.0,,212661.0,10th,6.0,Never-married,,Not-in-family,,Female,0.0,0.0,39.0,United-States
37.0,,,Bachelors,,Married-civ-spouse,Tech-support,Wife,,Female,0.0,0.0,,United-States
,Federal-gov,46366.0,HS-grad,9.0,Separated,,Unmarried,Black,Female,0.0,,,
37.0,Self-emp-not-inc,24106.0,,9.0,,Tech-support,Husband,White,Male,0.0,0.0,30.0,United-States
46.0,,170850.0,Bachelors,,Divorced,Machine-op-inspct,Not-in-family,White,,0.0,,40.0,noValueSetHere123156456
45.0,,40666.0,Assoc-voc,11.0,Married-civ-spouse,,Husband,White,Male,0.0,0.0,60.0,United-States
32.0,Private,182975.0,Some-college,,,Tech-support,Not-in-family,White,Female,,0.0,20.0,
30.0,Private,345122.0,Prof-school,15.0,Married-civ-spouse,Prof-specialty,Husband,White,Male,0.0,0.0,50.0,United-States
57.0,noValueSetHere123156456,208311.0,,13.0,Married-civ-spouse,,Husband,White,,0.0,0.0,80.0,United-States
,Private,120045.0,HS-grad,,Divorced,,Not-in-family,White,Female,0.0,0.0,,United-States
18.0,noValueSetHere123156456,,,10.0,Never-married,noValueSetHere123156456,,White,Female,0.0,0.0,,United-States
32.0,Private,,Some-college,10.0,Married-civ-spouse,Sales,Husband,White,Male,0.0,0.0,40.0,United-States
43.0,Private,243580.0,Bachelors,13.0,Married-civ-spouse,Prof-specialty,Husband,White,Male,0.0,0.0,40.0,United-States
,Private,182128.0,,14.0,,Prof-specialty,Unmarried,White,Female,6497.0,0.0,50.0,United-States
,noValueSetHere123156456,176458.0,,9.0,Divorced,noValueSetHere123156456,Unmarried,,Female,0.0,0.0,28.0,United-States
33.0,Private,101562.0,Masters,14.0,Never-married,,,White,,0.0,0.0,,United-States
48.0,,108699.0,HS-grad,9.0,,Adm-clerical,Not-in-family,White,,0.0,,40.0,United-States
34.0,,175878.0,,,Married-civ-spouse,Sales,Husband,White,Female,,0.0,40.0,United-States
,Local-gov,177675.0,Some-college,,Never-married,Protective-serv,Not-in-family,,Male,0.0,0.0,50.0,United-States
33.0,Private,213887.0,HS-grad,9.0,Divorced,Farming-fishing,Not-in-family,,,0.0,0.0,40.0,United-States
36.0,Private,,Bachelors,13.0,Married-civ-spouse,Exec-managerial,Wife,White,Female,0.0,0.0,60.0,Germany
23.0,,435835.0,HS-grad,9.0,,Sales,Not-in-family,,Male,0.0,1669.0,55.0,
39.0,Private,165799.0,HS-grad,9.0,Married-civ-spouse,Exec-managerial,Husband,White,Male,,0.0,,United-States
22.0,Private,71469.0,,12.0,,Sales,,White,Female,0.0,0.0,,
,Private,229745.0,,9.0,Never-married,Farming-fishing,Own-child,White,Male,0.0,0.0,20.0,United-States
,,,,9.0,Married-civ-spouse,Sales,Husband,White,Male,7298.0,,45.0,
,Private,28419.0,Assoc-voc,11.0,Never-married,Transport-moving,Not-in-family,White,Male,0.0,,,United-States
47.0,Private,26950.0,Masters,,Divorced,Sales,Not-in-family,White,Female,0.0,0.0,6.0,United-States
47.0,Self-emp-not-inc,,Doctorate,16.0,Married-civ-spouse,Prof-specialty,Husband,White,Male,0.0,,,United-States
52.0,Local-gov,512103.0,Some-college,10.0,Divorced,Transport-moving,Not-in-family,White,Female,0.0,0.0,,United-States
38.0,Self-emp-not-inc,,,,,,Husband,,Male,,0.0,,Mexico
58.0,Private,314153.0,HS-grad,,,,,White,Male,0.0,0.0,40.0,
32.0,Private,243988.0,5th-6th,3.0,Married-civ-spouse,Other-service,Husband,White,,0.0,0.0,40.0,
,Self-emp-not-inc,82551.0,,11.0,Married-civ-spouse,Tech-support,Other-relative,,Female,0.0,0.0,10.0,
,,42706.0,Some-college,10.0,Never-married,Adm-clerical,,White,Male,0.0,,,United-States
,,,,12.0,Never-married,Sales,Not-in-family,,Male,0.0,,48.0,
,Self-emp-not-inc,108001.0,9th,5.0,Never-married,Craft-repair,Not-in-family,White,Male,0.0,0.0,15.0,
36.0,State-gov,,Bachelors,13.0,Divorced,Prof-specialty,Not-in-family,White,Male,0.0,1876.0,44.0,
69.0,Self-emp-not-inc,,HS-grad,9.0,Married-civ-spouse,Tech-support,Husband,,Male,0.0,,30.0,
28.0,Private,,Bachelors,13.0,,Prof-specialty,Wife,White,,0.0,0.0,45.0,
20.0,Private,362999.0,Some-college,,Never-married,,Own-child,,Female,0.0,0.0,20.0,United-States
,Private,346693.0,,,Never-married,Farming-fishing,Unmarried,,Male,0.0,0.0,40.0,United-States
37.0,Private,,Bachelors,13.0,Married-civ-spouse,,Husband,White,,0.0,0.0,40.0,
21.0,Private,99199.0,HS-grad,9.0,Never-married,Machine-op-inspct,Own-child,White,,0.0,,32.0,United-States
25.0,noValueSetHere123156456,219987.0,,12.0,Married-civ-spouse,noValueSetHere123156456,Husband,White,,0.0,,13.0,United-States
,Private,143445.0,HS-grad,9.0,,Other-service,Other-relative,,Female,0.0,0.0,40.0,United-States
34.0,,118710.0,Assoc-voc,11.0,Married-civ-spouse,Other-service,Husband,White,Male,0.0,0.0,40.0,United-States
,Local-gov,,HS-grad,9.0,,,Husband,,Male,0.0,0.0,40.0,United-States
,,118972.0,HS-grad,9.0,Married-civ-spouse,Transport-moving,Husband,,Male,0.0,,50.0,United-States
29.0,,165360.0,Assoc-voc,11.0,Never-married,,Not-in-family,,Female,,0.0,40.0,United-States
48.0,Private,38950.0,HS-grad,9.0,Married-civ-spouse,Tech-support,Husband,White,,0.0,,89.0,United-States
42.0,Self-emp-inc,277256.0,Doctorate,16.0,Married-civ-spouse,,,,,0.0,1977.0,60.0,
29.0,Private,247151.0,11th,7.0,Divorced,,Unmarried,White,Female,,0.0,40.0,United-States
,Private,213722.0,HS-grad,9.0,Never-married,Handlers-cleaners,Own-child,,Male,0.0,,40.0,United-States
20.0,Private,209955.0,Some-college,10.0,Never-married,Other-service,Own-child,,,0.0,0.0,25.0,United-States
41.0,Private,174395.0,,14.0,Married-civ-spouse,Prof-specialty,,White,Male,0.0,0.0,40.0,United-States
45.0,Private,,Some-college,10.0,Divorced,Exec-managerial,Not-in-family,,,0.0,1876.0,,United-States
22.0,,179973.0,Assoc-voc,,Never-married,noValueSetHere123156456,Own-child,White,Male,0.0,0.0,40.0,United-States
23.0,Private,200207.0,HS-grad,9.0,,Handlers-cleaners,Own-child,White,Male,0.0,,,
,Private,156587.0,,10.0,Never-married,,,White,Female,0.0,,38.0,United-States
24.0,,33016.0,Some-college,10.0,Never-married,Craft-repair,Own-child,White,Male,0.0,,,
20.0,Private,197496.0,Some-college,,Never-married,Sales,Own-child,White,Male,0.0,0.0,,
,Private,,HS-grad,9.0,Divorced,Craft-repair,,,Male,0.0,,40.0,United-States
,Private,99736.0,Masters,14.0,Divorced,Prof-specialty,Unmarried,,Male,,0.0,50.0,United-States
,Private,284166.0,HS-grad,,,Sales,Unmarried,White,Male,0.0,0.0,60.0,United-States
18.0,,716066.0,10th,,Never-married,Machine-op-inspct,,White,Male,0.0,0.0,30.0,United-States
27.0,Private,,,,,Sales,Own-child,White,,0.0,0.0,40.0,United-States
,Private,109080.0,,10.0,Married-civ-spouse,,Husband,White,Male,0.0,0.0,60.0,United-States
,Private,174421.0,Assoc-acdm,,Divorced,Prof-specialty,,White,,,,32.0,United-States
24.0,Private,259351.0,Some-college,10.0,Never-married,,,Amer-Indian-Eskimo,Male,,0.0,,
42.0,Federal-gov,284403.0,HS-grad,,Divorced,Adm-clerical,Not-in-family,,Male,0.0,,40.0,United-States
39.0,Private,85319.0,Prof-school,,Married-civ-spouse,Prof-specialty,Wife,White,,7688.0,0.0,60.0,United-States
,noValueSetHere123156456,201766.0,,10.0,Never-married,,Own-child,,,0.0,0.0,35.0,United-States
20.0,,340475.0,Some-college,,Never-married,Adm-clerical,,,Female,0.0,0.0,,United-States
39.0,,,HS-grad,9.0,Widowed,Handlers-cleaners,Unmarried,White,Male,0.0,0.0,40.0,
68.0,noValueSetHere123156456,484298.0,11th,7.0,Married-civ-spouse,noValueSetHere123156456,,,Male,0.0,0.0,30.0,United-States
,Private,170617.0,,9.0,,Machine-op-inspct,Unmarried,Black,Female,0.0,0.0,48.0,United-States
,Private,94055.0,Bachelors,13.0,Married-civ-spouse,Other-service,Husband,,Male,0.0,,40.0,United-States
,Private,117779.0,,13.0,Never-married,,Own-child,White,Male,0.0,0.0,40.0,
24.0,,209770.0,Bachelors,13.0,Never-married,Prof-specialty,Not-in-family,White,Female,0.0,0.0,8.0,United-States
,Private,317443.0,Some-college,,Never-married,,,Black,,,0.0,15.0,United-States
64.0,noValueSetHere123156456,140237.0,Preschool,1.0,Married-civ-spouse,noValueSetHere123156456,Husband,White,Male,0.0,0.0,,United-States
,Private,107411.0,Bachelors,13.0,Never-married,,Not-in-family,White,Female,0.0,,35.0,
36.0,,122493.0,,9.0,Married-civ-spouse,Craft-repair,Husband,White,Male,,0.0,,
44.0,Self-emp-inc,195124.0,HS-grad,9.0,Married-civ-spouse,Transport-moving,Husband,White,Male,0.0,0.0,60.0,noValueSetHere123156456
,Private,101978.0,Some-college,10.0,Separated,Machine-op-inspct,,White,Male,0.0,2258.0,55.0,United-States
22.0,Private,,HS-grad,9.0,Never-married,Adm-clerical,Not-in-family,White,Female,0.0,0.0,60.0,
56.0,Private,318329.0,,9.0,Married-civ-spouse,,Husband,,,0.0,0.0,40.0,United-States
24.0,Private,100321.0,Bachelors,13.0,Married-civ-spouse,,Husband,White,,0.0,0.0,45.0,United-States
,Self-emp-not-inc,,Some-college,10.0,Never-married,Other-service,Not-in-family,White,Female,0.0,0.0,75.0,
22.0,,62865.0,Assoc-acdm,12.0,Never-married,,Not-in-family,,Female,0.0,,,United-States
,Private,176262.0,Some-college,10.0,Never-married,,,White,Female,0.0,,,United-States
42.0,,168103.0,Bachelors,,Married-civ-spouse,Exec-managerial,Husband,,Male,0.0,0.0,40.0,United-States
41.0,Local-gov,,Masters,,Divorced,,Unmarried,White,Female,0.0,0.0,55.0,
19.0,Private,188815.0,HS-grad,9.0,Never-married,,Own-child,,Female,34095.0,0.0,20.0,United-States
,,226092.0,Some-college,10.0,,Farming-fishing,Husband,White,Male,0.0,0.0,,United-States
20.0,,,Some-college,10.0,Never-married,Sales,,,Female,0.0,0.0,30.0,
32.0,Private,381583.0,HS-grad,9.0,Married-civ-spouse,Craft-repair,Husband,Other,Male,0.0,0.0,,
,Private,239439.0,HS-grad,9.0,Separated,Machine-op-inspct,Own-child,,Female,0.0,,40.0,United-States
52.0,Private,172493.0,HS-grad,9.0,Never-married,,Not-in-family,White,Female,0.0,0.0,,United-States
44.0,Private,239876.0,,,Divorced,Prof-specialty,,Black,Male,0.0,0.0,40.0,
65.0,,221881.0,,7.0,Married-civ-spouse,noValueSetHere123156456,Husband,White,,,0.0,40.0,Mexico
,Local-gov,218184.0,Bachelors,13.0,,Prof-specialty,Husband,White,,0.0,1887.0,,
,Self-emp-not-inc,206889.0,Some-college,10.0,Married-civ-spouse,Farming-fishing,,White,Male,,,50.0,United-States
35.0,Private,,HS-grad,9.0,Married-civ-spouse,,,Black,Female,0.0,0.0,35.0,United-States
30.0,Private,211028.0,HS-grad,9.0,,,Not-in-family,White,,,0.0,,
64.0,,202984.0,HS-grad,9.0,Married-civ-spouse,,Husband,White,Male,3137.0,,40.0,United-States
48.0,,20296.0,HS-grad,9.0,Divorced,Adm-clerical,Not-in-family,,Female,0.0,0.0,37.0,United-States
35.0,,194690.0,7th-8th,,,Tech-support,Unmarried,White,Female,0.0,,40.0,
28.0,Self-emp-not-inc,204984.0,,13.0,Never-married,Tech-support,,,Male,0.0,0.0,45.0,United-States
63.0,,35021.0,Bachelors,,,Prof-specialty,Husband,Asian-Pac-Islander,Male,0.0,1977.0,32.0,China
40.0,Self-emp-not-inc,238574.0,Prof-school,15.0,Married-civ-spouse,Prof-specialty,,,Male,,0.0,55.0,United-States
33.0,Private,345360.0,Some-college,10.0,Never-married,,Not-in-family,,,0.0,0.0,40.0,
40.0,,192381.0,Some-college,10.0,Married-civ-spouse,,Husband,,,0.0,,50.0,
25.0,Private,,7th-8th,4.0,Never-married,,Other-relative,White,Male,,0.0,,Guatemala
,Self-emp-inc,34091.0,,,Married-civ-spouse,Exec-managerial,Husband,White,,0.0,0.0,,United-States
30.0,Private,151773.0,Some-college,10.0,Married-civ-spouse,Machine-op-inspct,Husband,White,Male,0.0,0.0,40.0,
53.0,Private,299080.0,Some-college,10.0,Never-married,,Unmarried,Black,Female,0.0,0.0,40.0,United-States
63.0,,135339.0,HS-grad,,Married-civ-spouse,Adm-clerical,Husband,Asian-Pac-Islander,Male,,0.0,40.0,Vietnam
27.0,Local-gov,52156.0,Some-college,10.0,Married-civ-spouse,Protective-serv,Husband,White,Male,0.0,0.0,60.0,United-States
,Private,,11th,,Never-married,Craft-repair,Not-in-family,White,Male,0.0,0.0,40.0,United-States
33.0,,80145.0,HS-grad,9.0,Married-civ-spouse,Transport-moving,,White,Male,0.0,0.0,60.0,United-States
39.0,State-gov,,Bachelors,13.0,Divorced,,Not-in-family,White,Male,,0.0,,Mexico
42.0,Self-emp-not-inc,198692.0,Some-college,10.0,Married-civ-spouse,Craft-repair,Husband,White,Male,,0.0,45.0,
19.0,Private,266635.0,,,,Other-service,,Black,Male,0.0,,30.0,United-States
31.0,,,,13.0,Married-civ-spouse,Prof-specialty,,White,,,0.0,40.0,
,,185846.0,HS-grad,9.0,Married-civ-spouse,,,White,Male,0.0,0.0,,
47.0,Self-emp-not-inc,315110.0,Some-college,10.0,Married-civ-spouse,Prof-specialty,,,Male,,0.0,20.0,United-States
27.0,Private,220754.0,Doctorate,16.0,Never-married,Adm-clerical,Own-child,,Female,0.0,0.0,40.0,United-States
,Private,64292.0,HS-grad,,,Tech-support,,,Female,,0.0,40.0,
29.0,Private,126060.0,HS-grad,9.0,Married-civ-spouse,Sales,Wife,White,,,,,
52.0,,78012.0,,9.0,,Sales,Unmarried,White,Female,0.0,1762.0,40.0,United-States
32.0,Private,,,11.0,Divorced,,Own-child,,Male,0.0,,46.0,United-States
23.0,Private,350181.0,,9.0,Never-married,,Not-in-family,,Male,0.0,,,United-States
27.0,Private,233421.0,Some-college,10.0,Never-married,,,,,0.0,0.0,20.0,United-States
,Private,167170.0,HS-grad,,Widowed,Machine-op-inspct,Not-in-family,Black,Female,,0.0,40.0,United-States
18.0,Private,,HS-grad,9.0,,Handlers-cleaners,,,Male,0.0,0.0,20.0,United-States
41.0,Private,173370.0,Bachelors,13.0,Separated,Sales,,White,Female,0.0,,30.0,
27.0,,,,9.0,Married-civ-spouse,Machine-op-inspct,Wife,White,Female,0.0,0.0,40.0,
,Private,121308.0,Some-college,10.0,Divorced,Sales,Own-child,White,,0.0,0.0,40.0,United-States
41.0,,444743.0,HS-grad,9.0,Divorced,,Unmarried,White,Female,0.0,0.0,,United-States
21.0,Private,,,,Never-married,,Not-in-family,White,Female,0.0,0.0,30.0,United-States
,State-gov,136982.0,HS-grad,,Married-spouse-absent,Other-service,Unmarried,Black,Female,0.0,0.0,40.0,Honduras
45.0,State-gov,271962.0,Bachelors,13.0,Divorced,Protective-serv,Not-in-family,,Female,,0.0,40.0,United-States
40.0,,204046.0,,6.0,Divorced,Transport-moving,Own-child,White,Male,0.0,0.0,40.0,United-States
21.0,,225823.0,Some-college,10.0,Never-married,Adm-clerical,Not-in-family,White,Female,0.0,0.0,40.0,United-States
29.0,,183009.0,,13.0,Never-married,Prof-specialty,Not-in-family,Other,Female,,,40.0,United-States
50.0,Private,121038.0,Assoc-voc,,Married-civ-spouse,Other-service,Wife,,Female,,0.0,40.0,United-States
,Private,49092.0,,9.0,Married-civ-spouse,Craft-repair,,White,Male,,0.0,40.0,United-States
23.0,,,HS-grad,9.0,Separated,Handlers-cleaners,Other-relative,White,Female,0.0,0.0,40.0,
,Private,209205.0,,13.0,Never-married,Tech-support,Own-child,White,Male,0.0,0.0,40.0,United-States
36.0,Local-gov,285865.0,,13.0,Never-married,Adm-clerical,Not-in-family,,Female,0.0,0.0,40.0,United-States
,Federal-gov,,HS-grad,9.0,Never-married,,Other-relative,,Male,0.0,,,United-States
37.0,,40955.0,Some-college,10.0,Never-married,Other-service,Own-child,White,Male,0.0,0.0,40.0,Japan
54.0,Private,197189.0,Bachelors,13.0,Married-civ-spouse,,,White,Male,,0.0,40.0,
36.0,Private,33001.0,HS-grad,,,Farming-fishing,Unmarried,White,Male,0.0,,,United-States
44.0,,227399.0,Assoc-voc,11.0,Married-civ-spouse,Exec-managerial,Husband,Black,Male,0.0,0.0,40.0,United-States
,Private,164050.0,Some-college,10.0,,,,,,,0.0,40.0,United-States
,Private,259087.0,,,Divorced,,,White,Female,,0.0,40.0,United-States
,Private,236262.0,11th,7.0,Never-married,Handlers-cleaners,Own-child,,Male,0.0,0.0,12.0,
,,177929.0,Bachelors,13.0,,Sales,,White,Male,0.0,0.0,48.0,United-States
,Private,166929.0,Bachelors,13.0,,Adm-clerical,,White,Male,,0.0,,
32.0,Private,199963.0,11th,,,Machine-op-inspct,Wife,White,Female,0.0,0.0,,United-States
35.0,State-gov,98776.0,,,,,Own-child,White,Male,0.0,0.0,40.0,
40.0,Private,135056.0,,,Never-married,,Not-in-family,,Female,,0.0,45.0,
,Self-emp-not-inc,55363.0,HS-grad,,Married-civ-spouse,,Husband,White,Male,,0.0,40.0,United-States
42.0,State-gov,102343.0,Prof-school,15.0,Married-civ-spouse,Prof-specialty,Husband,Asian-Pac-Islander,Male,0.0,0.0,,India
30.0,,231263.0,HS-grad,9.0,Married-civ-spouse,Sales,Husband,,Male,0.0,0.0,40.0,United-States
,,226913.0,Some-college,10.0,Never-married,Sales,Own-child,White,Female,,0.0,20.0,United-States
,Private,129573.0,Assoc-acdm,12.0,Married-civ-spouse,Sales,,,Male,0.0,0.0,60.0,United-States
31.0,Private,191001.0,HS-grad,9.0,Never-married,Sales,,White,Female,0.0,0.0,40.0,
50.0,,,Assoc-acdm,12.0,Married-civ-spouse,Exec-managerial,Husband,White,Male,0.0,0.0,,United-States
,Private,204556.0,,9.0,Divorced,Craft-repair,Not-in-family,Black,Male,,0.0,40.0,United-States
35.0,Private,192626.0,Some-college,,Married-civ-spouse,Prof-specialty,Husband,White,Male,,0.0,50.0,
45.0,Private,202812.0,Bachelors,13.0,Married-civ-spouse,,,White,,0.0,0.0,,United-States
29.0,Private,405177.0,,6.0,Separated,Sales,Unmarried,White,,0.0,0.0,40.0,United-States
41.0,,227890.0,Some-college,,Divorced,Craft-repair,,White,,0.0,0.0,46.0,
33.0,,101352.0,,15.0,,Prof-specialty,Not-in-family,,,,,50.0,United-States
49.0,Private,82572.0,Some-college,10.0,Never-married,,Not-in-family,White,Female,0.0,0.0,60.0,United-States
28.0,Private,132686.0,Some-college,,Married-civ-spouse,,Husband,White,Male,0.0,0.0,40.0,United-States
49.0,,149210.0,Bachelors,13.0,Married-civ-spouse,,,Black,,,0.0,40.0,United-States
27.0,,,HS-grad,9.0,Separated,,Own-child,White,Female,0.0,0.0,40.0,United-States
47.0,Self-emp-inc,483596.0,HS-grad,9.0,,Exec-managerial,Husband,White,Male,2885.0,0.0,,United-States
42.0,State-gov,104663.0,,16.0,Never-married,Exec-managerial,Not-in-family,White,,,0.0,40.0,Italy
,Private,,HS-grad,9.0,Never-married,,,White,Male,,0.0,60.0,
37.0,,108540.0,HS-grad,9.0,Married-civ-spouse,Craft-repair,Husband,White,,0.0,0.0,40.0,United-States
,,,Doctorate,16.0,Married-civ-spouse,,,White,,,0.0,35.0,United-States
51.0,Private,155408.0,HS-grad,9.0,,Sales,,Black,Female,0.0,0.0,38.0,United-States
27.0,Federal-gov,246372.0,,,,Other-service,Husband,,Male,0.0,,,
53.0,,30290.0,HS-grad,9.0,Never-married,Sales,Not-in-family,White,Female,,,40.0,United-States
45.0,,347321.0,HS-grad,9.0,Never-married,Craft-repair,,White,,0.0,,40.0,
37.0,Self-emp-inc,,Bachelors,13.0,,,Husband,,Male,,,45.0,United-States
,Federal-gov,163215.0,Bachelors,13.0,Never-married,,Not-in-family,White,Female,0.0,0.0,40.0,
54.0,State-gov,,Masters,14.0,Married-civ-spouse,Prof-specialty,Husband,Asian-Pac-Islander,Male,0.0,,,
47.0,Self-emp-inc,116927.0,HS-grad,9.0,,Exec-managerial,Husband,White,Male,,0.0,,
35.0,Private,,,9.0,Married-civ-spouse,Other-service,Husband,White,Male,,0.0,40.0,Yugoslavia
33.0,,,HS-grad,9.0,Married-civ-spouse,,Husband,White,Male,,0.0,40.0,
,Local-gov,125159.0,,10.0,Never-married,,Other-relative,Black,Male,,0.0,40.0,Haiti
,State-gov,,,13.0,Married-civ-spouse,Exec-managerial,Wife,,Female,,,55.0,United-States
,noValueSetHere123156456,122745.0,HS-grad,9.0,Never-married,noValueSetHere123156456,,White,Male,0.0,,40.0,United-States
33.0,,150570.0,Bachelors,13.0,Married-civ-spouse,Sales,,,Male,0.0,0.0,40.0,United-States
,Private,118941.0,11th,7.0,Never-married,Other-service,Not-in-family,White,,0.0,,40.0,Ireland
53.0,Private,,HS-grad,9.0,Married-civ-spouse,,Husband,,Male,,0.0,40.0,
,Private,174714.0,Assoc-acdm,12.0,Never-married,,Own-child,White,Male,0.0,0.0,,United-States
31.0,State-gov,75755.0,Doctorate,16.0,Married-civ-spouse,Exec-managerial,,White,Male,7298.0,0.0,55.0,United-States
,Private,133144.0,HS-grad,,Married-civ-spouse,Prof-specialty,Husband,White,Male,0.0,0.0,45.0,United-States
,Self-emp-not-inc,318865.0,Some-college,,Never-married,Other-service,Own-child,White,Male,0.0,0.0,30.0,United-States
,Private,109638.0,HS-grad,9.0,,Craft-repair,Husband,White,Male,0.0,0.0,40.0,
50.0,,92969.0,1st-4th,2.0,Separated,Prof-specialty,Unmarried,,Female,0.0,,40.0,
66.0,noValueSetHere123156456,376028.0,HS-grad,,Married-civ-spouse,noValueSetHere123156456,Wife,,Female,,,20.0,
,,,HS-grad,9.0,Never-married,Transport-moving,,,Male,0.0,0.0,30.0,United-States
31.0,Private,183778.0,Bachelors,,Never-married,Tech-support,,White,Male,0.0,0.0,45.0,United-States
23.0,Private,398904.0,,13.0,Married-civ-spouse,Prof-specialty,Wife,White,Female,0.0,0.0,40.0,United-States
,Private,170846.0,Assoc-voc,,,Exec-managerial,Wife,,Female,,,,United-States
35.0,Local-gov,,Bachelors,,Married-civ-spouse,Prof-specialty,Husband,White,,0.0,0.0,40.0,
,Private,205152.0,Bachelors,13.0,,Craft-repair,,White,Male,,0.0,40.0,
20.0,Private,225395.0,7th-8th,4.0,Never-married,,,White,Female,0.0,,60.0,Mexico
38.0,Private,33975.0,HS-grad,9.0,,Exec-managerial,,,Male,0.0,0.0,40.0,United-States
49.0,,147032.0,HS-grad,9.0,Married-civ-spouse,Other-service,Wife,Asian-Pac-Islander,Female,0.0,0.0,,Philippines
64.0,,174826.0,HS-grad,9.0,Divorced,,Not-in-family,White,Female,0.0,0.0,40.0,
,Local-gov,232769.0,11th,,Married-civ-spouse,Transport-moving,Husband,,Male,,0.0,20.0,United-States
,,36984.0,Bachelors,13.0,Never-married,Prof-specialty,Not-in-family,White,Female,0.0,0.0,50.0,
21.0,Private,292264.0,HS-grad,9.0,,Craft-repair,Not-in-family,White,Male,,0.0,35.0,United-States
,,303973.0,,9.0,Never-married,Priv-house-serv,Other-relative,White,Female,0.0,1602.0,15.0,
,Private,287988.0,Some-college,10.0,Never-married,,Not-in-family,White,Male,0.0,0.0,20.0,United-States
,Self-emp-inc,330144.0,,14.0,Married-civ-spouse,,Husband,,Male,0.0,0.0,48.0,United-States
,,191948.0,HS-grad,9.0,Divorced,,Unmarried,White,Female,0.0,0.0,30.0,United-States
,,324601.0,1st-4th,2.0,Separated,Machine-op-inspct,Own-child,,,0.0,0.0,,Guatemala
38.0,,,Doctorate,16.0,Married-civ-spouse,,Husband,,Male,,0.0,40.0,
20.0,Private,,7th-8th,4.0,Never-married,Machine-op-inspct,Other-relative,White,Male,0.0,0.0,40.0,United-States
28.0,noValueSetHere123156456,194087.0,Some-college,10.0,Never-married,noValueSetHere123156456,Other-relative,White,Female,0.0,0.0,40.0,United-States
,Private,155213.0,Bachelors,13.0,,Prof-specialty,Not-in-family,White,Male,0.0,,48.0,
58.0,Private,175127.0,HS-grad,9.0,Married-civ-spouse,Machine-op-inspct,Husband,White,,0.0,0.0,40.0,United-States
,State-gov,,Some-college,10.0,,Other-service,Not-in-family,Asian-Pac-Islander,Male,0.0,0.0,,United-States
37.0,State-gov,354929.0,Assoc-acdm,12.0,,Protective-serv,,Black,Male,0.0,0.0,,United-States
53.0,State-gov,,,,,Prof-specialty,Husband,,,0.0,0.0,,
,Private,112929.0,,4.0,,Machine-op-inspct,Not-in-family,Black,Female,0.0,0.0,,United-States
33.0,Private,,HS-grad,9.0,Never-married,,Not-in-family,White,Female,0.0,0.0,50.0,United-States
,,357691.0,,14.0,Married-civ-spouse,,Husband,,Male,0.0,0.0,40.0,
35.0,,114605.0,HS-grad,,Divorced,Handlers-cleaners,Not-in-family,White,Male,0.0,0.0,25.0,United-States
,Self-emp-not-inc,525878.0,HS-grad,9.0,,Exec-managerial,Husband,Black,Male,0.0,0.0,,United-States
,Private,,Some-college,10.0,Never-married,,Own-child,White,,,0.0,,United-States
38.0,,174571.0,10th,6.0,Married-civ-spouse,Craft-repair,Husband,Black,Male,0.0,0.0,45.0,United-States
,Private,42703.0,Assoc-voc,11.0,Divorced,Craft-repair,,,,,,40.0,United-States
40.0,,220589.0,Some-college,10.0,Married-civ-spouse,,Wife,,,0.0,0.0,40.0,United-States
44.0,Self-emp-not-inc,197558.0,,,Married-civ-spouse,,,,Male,0.0,,70.0,United-States
27.0,Private,423250.0,,10.0,,Exec-managerial,,,Male,0.0,0.0,60.0,United-States
,Self-emp-not-inc,29254.0,Some-college,10.0,Married-civ-spouse,Craft-repair,Husband,White,Male,0.0,0.0,55.0,United-States
,noValueSetHere123156456,308924.0,Some-college,10.0,Never-married,noValueSetHere123156456,Own-child,White,,0.0,0.0,25.0,United-States
,,276247.0,Some-college,10.0,Married-civ-spouse,Protective-serv,Husband,White,,0.0,,40.0,
37.0,Private,213841.0,Some-college,,Married-civ-spouse,,Husband,,,0.0,0.0,50.0,United-States
52.0,Private,,10th,6.0,Married-civ-spouse,Transport-moving,Husband,White,,,0.0,,United-States
46.0,Private,160061.0,Some-college,10.0,Married-civ-spouse,,Husband,Black,Male,0.0,0.0,,United-States
20.0,,,,10.0,Never-married,Machine-op-inspct,Not-in-family,Asian-Pac-Islander,Female,0.0,0.0,40.0,noValueSetHere123156456
,Private,265266.0,HS-grad,9.0,Married-civ-spouse,Craft-repair,,White,Male,0.0,0.0,40.0,
46.0,Local-gov,222115.0,,,,Adm-clerical,Not-in-family,,Female,,0.0,40.0,
25.0,,194954.0,Some-college,,Married-civ-spouse,,Wife,White,Female,0.0,0.0,15.0,United-States
48.0,,156926.0,Bachelors,13.0,,Adm-clerical,,,Male,0.0,0.0,40.0,
36.0,Local-gov,217414.0,,10.0,Divorced,,,,Male,0.0,0.0,55.0,United-States
,Private,538443.0,,9.0,Divorced,Craft-repair,,,Male,14344.0,0.0,40.0,United-States
18.0,noValueSetHere123156456,192399.0,,10.0,Never-married,,,White,Male,0.0,0.0,60.0,United-States
,Private,383493.0,Masters,14.0,Married-civ-spouse,Prof-specialty,Husband,White,Male,0.0,0.0,50.0,United-States
60.0,Private,193235.0,Assoc-acdm,,,Adm-clerical,Husband,White,Male,0.0,0.0,,United-States
,Self-emp-inc,99452.0,,10.0,,Transport-moving,Husband,White,,0.0,0.0,55.0,
44.0,,254134.0,,12.0,Divorced,,Not-in-family,Black,Male,,0.0,,United-States
,Private,90446.0,10th,6.0,,,Husband,White,Male,0.0,,,
,,116613.0,Bachelors,,Never-married,Adm-clerical,Own-child,White,,,0.0,40.0,
42.0,,238188.0,Masters,14.0,Married-civ-spouse,Prof-specialty,Husband,White,Male,0.0,0.0,35.0,United-States
17.0,Private,,11th,7.0,Never-married,Handlers-cleaners,,White,,0.0,0.0,12.0,United-States
,,,12th,,Married-civ-spouse,Other-service,Wife,,,0.0,0.0,10.0,United-States
34.0,Private,182274.0,Some-college,10.0,,Exec-managerial,Wife,White,,0.0,1887.0,40.0,United-States
56.0,,179625.0,10th,6.0,Separated,Other-service,Unmarried,,Female,0.0,0.0,32.0,United-States
28.0,Private,,Some-college,,Never-married,,Own-child,,Male,,,,United-States
,Self-emp-not-inc,254989.0,11th,7.0,,Sales,Own-child,,Male,0.0,0.0,40.0,
19.0,Private,104830.0,7th-8th,4.0,,Transport-moving,Unmarried,White,Male,0.0,,,
49.0,Federal-gov,110373.0,,10.0,Married-civ-spouse,Tech-support,Husband,White,Male,0.0,,40.0,United-States
36.0,Self-emp-not-inc,135416.0,Some-college,,,Other-service,Wife,,Female,0.0,0.0,50.0,United-States
,Private,298225.0,,10.0,Married-civ-spouse,Transport-moving,Husband,White,Male,0.0,0.0,35.0,United-States
42.0,Private,166740.0,,,Divorced,Prof-specialty,,White,Male,,0.0,40.0,United-States
47.0,Self-emp-not-inc,213668.0,Prof-school,,Married-civ-spouse,Prof-specialty,Husband,White,,0.0,1977.0,,United-States
26.0,Private,,,10.0,,Protective-serv,Husband,White,Male,0.0,0.0,,United-States
,,226789.0,Some-college,10.0,Married-civ-spouse,Exec-managerial,,White,Male,0.0,0.0,58.0,United-States
37.0,Private,31023.0,,9.0,Married-civ-spouse,Craft-repair,Husband,White,,,0.0,,United-States
39.0,Local-gov,,HS-grad,9.0,Never-married,Protective-serv,Own-child,Amer-Indian-Eskimo,Male,4650.0,0.0,48.0,United-States
,,,HS-grad,9.0,,,Husband,White,Male,,0.0,35.0,United-States
41.0,,179580.0,,,Divorced,Other-service,Not-in-family,,,,0.0,36.0,United-States
23.0,,103277.0,,10.0,,Other-service,,White,Female,0.0,0.0,24.0,United-States
,,,,,,Tech-support,Husband,White,Male,,0.0,40.0,United-States
36.0,Local-gov,191161.0,Some-college,,Married-civ-spouse,,Husband,White,Male,0.0,0.0,57.0,United-States
20.0,Private,148709.0,,,Never-married,,,,Female,0.0,0.0,,United-States
36.0,Private,128382.0,Some-college,,Never-married,Machine-op-inspct,Unmarried,White,,,0.0,45.0,United-States
50.0,,144361.0,HS-grad,9.0,Married-civ-spouse,,Husband,White,Male,0.0,0.0,50.0,United-States
37.0,Private,,HS-grad,9.0,Never-married,Machine-op-inspct,Own-child,White,Male,0.0,0.0,40.0,United-States
,Private,102476.0,,13.0,Never-married,Farming-fishing,Own-child,White,Male,27828.0,0.0,50.0,United-States
39.0,Private,46028.0,,,Divorced,,Unmarried,White,Female,0.0,,60.0,United-States
32.0,Private,198452.0,,9.0,,Farming-fishing,Wife,,Female,0.0,0.0,40.0,United-States
59.0,,193895.0,Some-college,10.0,Widowed,Adm-clerical,Not-in-family,,Female,0.0,,,United-States
29.0,,233421.0,Bachelors,13.0,Married-civ-spouse,Craft-repair,Husband,White,Male,3411.0,0.0,45.0,
50.0,Private,,HS-grad,9.0,,Transport-moving,,Black,,0.0,,,United-States
,,31251.0,Assoc-voc,11.0,Married-civ-spouse,Sales,Husband,White,Male,0.0,0.0,37.0,United-States
32.0,Private,,Some-college,10.0,Divorced,,,,Male,0.0,0.0,40.0,United-States
48.0,Private,194772.0,Assoc-acdm,12.0,Married-civ-spouse,Sales,,White,Male,,1902.0,,
20.0,Private,,,,Married-civ-spouse,Craft-repair,Husband,,Male,3781.0,0.0,35.0,
50.0,,36480.0,,,Divorced,Craft-repair,Not-in-family,White,Male,0.0,,,United-States
18.0,Private,116528.0,,10.0,Never-married,,Not-in-family,White,Male,0.0,0.0,,United-States
60.0,Private,52152.0,,,Never-married,Prof-specialty,Not-in-family,White,Male,,0.0,,
60.0,Private,216690.0,Some-college,,Married-civ-spouse,,Husband,White,Male,0.0,0.0,40.0,noValueSetHere123156456
42.0,Local-gov,227065.0,Masters,14.0,,Prof-specialty,Not-in-family,White,Male,0.0,,22.0,United-States
49.0,Private,,HS-grad,,Divorced,,Unmarried,,Female,0.0,0.0,,
,Self-emp-inc,82051.0,Some-college,,Married-civ-spouse,Sales,Wife,White,,,0.0,40.0,United-States
30.0,Self-emp-not-inc,176185.0,Assoc-acdm,12.0,Married-civ-spouse,Sales,,White,Male,0.0,0.0,,Iran
59.0,,115414.0,,10.0,,Exec-managerial,Husband,White,Male,0.0,0.0,40.0,United-States
24.0,Self-emp-inc,493034.0,,9.0,Never-married,Other-service,Not-in-family,Black,Male,13550.0,0.0,,
,,354923.0,Assoc-acdm,,Divorced,Adm-clerical,Unmarried,,Female,,0.0,40.0,United-States
,Private,393712.0,,,Never-married,Adm-clerical,,White,,,,20.0,United-States
39.0,,98941.0,,9.0,Married-civ-spouse,Craft-repair,Husband,White,Male,,0.0,40.0,United-States
48.0,Private,141483.0,Some-college,,Divorced,Exec-managerial,Unmarried,White,,0.0,,40.0,United-States
44.0,Private,172479.0,Bachelors,,,Prof-specialty,Husband,White,Male,,0.0,,United-States
,,226145.0,Some-college,10.0,Never-married,Handlers-cleaners,Own-child,White,,,,30.0,United-States
,Private,394612.0,Bachelors,13.0,Never-married,,,Black,,0.0,0.0,40.0,United-States
,Private,231085.0,,10.0,,Other-service,Own-child,White,Male,0.0,0.0,30.0,United-States
55.0,Self-emp-not-inc,183810.0,Masters,14.0,Married-civ-spouse,Prof-specialty,Husband,White,Male,,0.0,55.0,
19.0,,186159.0,,,Never-married,Sales,,White,Female,,0.0,40.0,
23.0,Private,162282.0,,10.0,Never-married,Handlers-cleaners,Not-in-family,,Male,0.0,0.0,25.0,United-States
46.0,Private,,,,Married-civ-spouse,Transport-moving,Husband,White,,,0.0,,United-States
23.0,,,,13.0,,Adm-clerical,Not-in-family,White,Female,0.0,0.0,23.0,United-States
47.0,Self-emp-inc,,Masters,14.0,Married-civ-spouse,,,,Male,15024.0,0.0,50.0,United-States
23.0,Private,102729.0,Some-college,10.0,Never-married,,Own-child,White,Female,0.0,0.0,15.0,
42.0,Private,198096.0,Some-college,10.0,Married-civ-spouse,,Husband,,Male,,0.0,40.0,United-States
22.0,State-gov,292933.0,Bachelors,13.0,Never-married,Adm-clerical,Own-child,,Female,,0.0,10.0,
18.0,,135924.0,,,Never-married,Adm-clerical,Own-child,White,Male,,,,United-States
,Private,99146.0,Bachelors,13.0,Married-civ-spouse,Exec-managerial,Husband,White,Male,0.0,1977.0,50.0,United-States
34.0,Private,27409.0,,,,Craft-repair,Husband,White,Male,0.0,0.0,50.0,United-States
30.0,Private,299507.0,Assoc-acdm,12.0,Separated,Other-service,,White,,0.0,0.0,40.0,
62.0,,102631.0,Some-college,10.0,Widowed,Farming-fishing,Unmarried,,Female,0.0,0.0,50.0,United-States
51.0,Private,153486.0,,10.0,Married-civ-spouse,Handlers-cleaners,Husband,White,,0.0,,40.0,United-States
34.0,Private,,,9.0,,Other-service,,Black,Male,0.0,0.0,,United-States
28.0,,240172.0,,14.0,Never-married,,Own-child,White,,0.0,0.0,,United-States
56.0,Private,219426.0,10th,6.0,Never-married,Handlers-cleaners,,White,Male,,0.0,40.0,United-States
46.0,,295791.0,HS-grad,9.0,Divorced,Tech-support,,White,Female,0.0,0.0,,United-States
46.0,Private,,,10.0,,,Husband,White,Male,0.0,1887.0,45.0,United-States
23.0,Local-gov,,Some-college,10.0,Married-spouse-absent,Adm-clerical,Own-child,White,,0.0,0.0,40.0,Guatemala
33.0,Private,,Bachelors,13.0,Married-civ-spouse,,Wife,Black,Female,0.0,,,
,Private,107218.0,HS-grad,9.0,,Other-service,,Asian-Pac-Islander,Male,0.0,0.0,40.0,United-States
,Private,246207.0,Some-college,,,Adm-clerical,Own-child,Black,Female,,0.0,20.0,United-States
18.0,noValueSetHere123156456,80564.0,,9.0,Never-married,noValueSetHere123156456,Own-child,White,Male,0.0,0.0,60.0,United-States
36.0,Private,,5th-6th,,Married-civ-spouse,Machine-op-inspct,Husband,White,,7298.0,,40.0,Mexico
37.0,Local-gov,,Bachelors,13.0,Divorced,Prof-specialty,Not-in-family,White,Female,0.0,0.0,36.0,United-States
39.0,Local-gov,301614.0,11th,,Married-civ-spouse,,Husband,White,Male,0.0,0.0,40.0,United-States
36.0,Private,199739.0,,9.0,,,Husband,White,Male,7298.0,0.0,60.0,
,,180060.0,Assoc-acdm,12.0,Never-married,Craft-repair,Not-in-family,White,,2354.0,0.0,40.0,United-States
,Private,121040.0,Assoc-acdm,12.0,Never-married,Exec-managerial,Own-child,Black,Female,0.0,,,United-States
37.0,Private,125550.0,HS-grad,9.0,,Sales,Not-in-family,White,Female,0.0,,60.0,United-States
34.0,Private,,HS-grad,9.0,,Craft-repair,,White,Male,,0.0,,United-States
33.0,Private,180551.0,HS-grad,,Divorced,Exec-managerial,Unmarried,White,,,0.0,,United-States
,Self-emp-not-inc,48189.0,HS-grad,9.0,Married-civ-spouse,Protective-serv,Husband,,Male,0.0,0.0,30.0,United-States
20.0,Private,432154.0,,9.0,Never-married,Sales,,White,Female,0.0,0.0,8.0,
26.0,Private,,Some-college,,Divorced,,,White,Female,0.0,,38.0,United-States
47.0,Private,123207.0,HS-grad,9.0,,Adm-clerical,Wife,White,,0.0,0.0,20.0,
17.0,Private,,11th,7.0,Never-married,Sales,,White,,0.0,0.0,20.0,United-States
53.0,Private,,Assoc-voc,,Married-civ-spouse,Exec-managerial,,White,Male,,1485.0,,
31.0,Private,185528.0,Some-college,10.0,Divorced,,Own-child,White,Female,,0.0,35.0,United-States
34.0,,181311.0,,,Married-civ-spouse,Machine-op-inspct,,White,Male,0.0,,40.0,
23.0,Private,528616.0,5th-6th,3.0,Married-civ-spouse,Other-service,,,Male,0.0,0.0,40.0,Mexico
,Private,,Bachelors,,Married-civ-spouse,Craft-repair,Husband,White,,0.0,,45.0,
22.0,noValueSetHere123156456,195532.0,HS-grad,,Never-married,noValueSetHere123156456,Own-child,White,,0.0,,40.0,United-States
21.0,Private,197583.0,Some-college,,Never-married,Adm-clerical,Own-child,White,Female,0.0,,20.0,United-States
40.0,,,HS-grad,9.0,,Adm-clerical,Unmarried,Black,Female,,0.0,35.0,United-States
54.0,Local-gov,31533.0,Masters,14.0,Married-civ-spouse,Adm-clerical,,White,Male,7298.0,0.0,,United-States
32.0,Federal-gov,148138.0,Bachelors,13.0,Married-civ-spouse,Prof-specialty,,,Male,0.0,2002.0,40.0,Iran
29.0,Local-gov,,HS-grad,9.0,Married-civ-spouse,Other-service,,White,Female,2635.0,,40.0,
68.0,noValueSetHere123156456,170182.0,Some-college,,Never-married,noValueSetHere123156456,Unmarried,Black,Female,0.0,0.0,40.0,United-States
27.0,Local-gov,230885.0,Bachelors,,Married-civ-spouse,,Husband,,Male,,,45.0,United-States
54.0,Private,174102.0,Some-college,10.0,Never-married,Exec-managerial,Not-in-family,,Male,0.0,0.0,,United-States
23.0,Private,352606.0,HS-grad,9.0,Divorced,,Unmarried,White,Female,0.0,,40.0,
38.0,Private,241153.0,Masters,14.0,Married-civ-spouse,Exec-managerial,Husband,,Male,0.0,,48.0,
54.0,Private,,HS-grad,9.0,Married-civ-spouse,Other-service,Wife,White,Female,0.0,0.0,35.0,United-States
21.0,Private,109414.0,Some-college,10.0,Never-married,Prof-specialty,,,Male,0.0,,40.0,
40.0,,125461.0,,11.0,Never-married,Prof-specialty,Not-in-family,White,Male,0.0,,42.0,United-States
19.0,Private,331556.0,10th,6.0,Never-married,Other-service,Not-in-family,White,Female,,0.0,40.0,United-States
21.0,noValueSetHere123156456,138575.0,HS-grad,,Never-married,noValueSetHere123156456,,White,,0.0,0.0,60.0,
,Private,223514.0,,13.0,Married-civ-spouse,,Wife,Black,,,0.0,,United-States
,Private,115418.0,Some-college,10.0,Never-married,,Own-child,,Female,,,45.0,United-States
,Private,193026.0,,,Never-married,Other-service,Unmarried,White,,0.0,1408.0,40.0,noValueSetHere123156456
41.0,,147206.0,12th,8.0,Married-civ-spouse,Handlers-cleaners,,White,Male,,0.0,40.0,United-States
26.0,Private,174592.0,Some-college,10.0,Never-married,Adm-clerical,Not-in-family,White,Female,0.0,0.0,40.0,United-States
35.0,Private,268620.0,HS-grad,9.0,Divorced,Other-service,,,Female,0.0,0.0,,
70.0,,,Some-college,10.0,Married-civ-spouse,,Husband,White,Male,0.0,,25.0,United-States
45.0,Private,112362.0,10th,6.0,Married-civ-spouse,Sales,Husband,White,Male,0.0,0.0,40.0,United-States
83.0,Private,195507.0,HS-grad,9.0,Widowed,Protective-serv,,White,Male,0.0,0.0,,
59.0,Private,192983.0,,9.0,Separated,,Not-in-family,,Female,,,40.0,
,Private,120544.0,9th,5.0,Never-married,Other-service,Own-child,Black,,0.0,0.0,15.0,United-States
31.0,,59083.0,HS-grad,,,Adm-clerical,Husband,,Male,,,40.0,United-States
43.0,Private,208277.0,Masters,14.0,Married-civ-spouse,Prof-specialty,Wife,,Female,0.0,0.0,45.0,United-States
24.0,Local-gov,184678.0,Bachelors,13.0,Never-married,Prof-specialty,Not-in-family,White,Female,0.0,0.0,40.0,United-States
,,278736.0,Assoc-voc,,Married-civ-spouse,Machine-op-inspct,,White,Male,0.0,,50.0,
48.0,Local-gov,39464.0,Masters,,Never-married,Prof-specialty,,White,Female,0.0,0.0,52.0,United-States
27.0,Private,162343.0,,13.0,Married-civ-spouse,Exec-managerial,Husband,White,Male,0.0,0.0,40.0,Dominican-Republic
41.0,Private,,HS-grad,,Married-civ-spouse,,,White,Male,,,,United-States
,Private,255647.0,HS-grad,,Married-civ-spouse,Other-service,Wife,White,,0.0,0.0,25.0,
53.0,,,HS-grad,9.0,Divorced,Transport-moving,Not-in-family,,Male,0.0,,40.0,United-States
66.0,Self-emp-not-inc,291362.0,,15.0,Married-civ-spouse,Prof-specialty,Husband,White,Male,0.0,0.0,50.0,United-States
,Private,159187.0,Some-college,10.0,Married-civ-spouse,Craft-repair,Husband,White,Male,0.0,0.0,40.0,United-States
30.0,State-gov,,Bachelors,13.0,Married-spouse-absent,Adm-clerical,Not-in-family,White,Male,0.0,0.0,40.0,
22.0,,227626.0,HS-grad,,Divorced,Transport-moving,,White,Male,0.0,0.0,40.0,
47.0,Self-emp-inc,173783.0,,13.0,Married-civ-spouse,Sales,,,Male,15024.0,0.0,60.0,United-States
74.0,Private,211075.0,HS-grad,9.0,,Exec-managerial,,White,Male,,0.0,40.0,United-States
37.0,,176756.0,Some-college,10.0,,Adm-clerical,,,Male,0.0,,,
35.0,,31095.0,Some-college,10.0,,,Not-in-family,White,Male,4101.0,,,United-States
51.0,Self-emp-not-inc,32372.0,Bachelors,,Married-civ-spouse,,Husband,White,Male,,1672.0,70.0,United-States
,,,Some-college,10.0,Separated,,Not-in-family,,,0.0,,40.0,United-States
,Local-gov,146325.0,Doctorate,16.0,Married-civ-spouse,Prof-specialty,Husband,White,Male,,1887.0,,
26.0,,515025.0,10th,6.0,Married-civ-spouse,Handlers-cleaners,Wife,,,0.0,0.0,40.0,United-States
53.0,,,Assoc-acdm,12.0,Never-married,,Unmarried,Black,Female,0.0,,40.0,United-States
32.0,,400535.0,HS-grad,9.0,Married-civ-spouse,Craft-repair,Husband,White,Male,3781.0,0.0,40.0,United-States
,Self-emp-not-inc,,Some-college,10.0,,Craft-repair,Husband,Asian-Pac-Islander,Male,0.0,0.0,,South
42.0,Private,211860.0,HS-grad,9.0,Separated,Adm-clerical,Not-in-family,White,Male,,0.0,40.0,United-States
22.0,Private,102684.0,Some-college,10.0,Never-married,Transport-moving,Not-in-family,White,,,0.0,32.0,United-States
62.0,noValueSetHere123156456,,,9.0,,noValueSetHere123156456,,White,,0.0,0.0,,
33.0,,121966.0,HS-grad,9.0,,,Not-in-family,,Female,,0.0,40.0,United-States
21.0,Private,396790.0,HS-grad,,Never-married,Transport-moving,Own-child,Black,Male,0.0,0.0,,United-States
46.0,Local-gov,149949.0,Bachelors,13.0,Married-civ-spouse,Prof-specialty,Husband,White,Male,0.0,0.0,45.0,United-States
,Private,252187.0,11th,7.0,,Handlers-cleaners,Not-in-family,White,,0.0,0.0,40.0,United-States
29.0,Private,209934.0,,3.0,Married-civ-spouse,,Husband,White,,0.0,0.0,,Mexico
29.0,,229300.0,Bachelors,13.0,,Prof-specialty,,White,Male,0.0,,48.0,
33.0,Private,,Doctorate,16.0,Divorced,Sales,Not-in-family,,,99999.0,0.0,60.0,United-States
,,,Assoc-acdm,12.0,,,Not-in-family,White,Male,,0.0,40.0,United-States
22.0,Private,216984.0,HS-grad,9.0,Never-married,Adm-clerical,,Amer-Indian-Eskimo,,0.0,0.0,40.0,United-States
40.0,Private,212760.0,HS-grad,9.0,Divorced,,Not-in-family,White,,,0.0,,
28.0,,150309.0,HS-grad,9.0,Married-civ-spouse,Machine-op-inspct,,,Male,0.0,,45.0,
54.0,,,HS-grad,9.0,Married-civ-spouse,Adm-clerical,,White,,0.0,0.0,,United-States
29.0,Private,,HS-grad,9.0,Married-civ-spouse,,Husband,White,,0.0,0.0,40.0,
49.0,,,HS-grad,9.0,Widowed,Machine-op-inspct,Unmarried,Black,Female,0.0,0.0,40.0,United-States
46.0,Private,,,7.0,Widowed,Other-service,Not-in-family,,,0.0,0.0,27.0,El-Salvador
71.0,Self-emp-not-inc,,,6.0,Married-civ-spouse,,Husband,,Male,0.0,,,United-States
27.0,Private,37754.0,Some-college,10.0,Married-civ-spouse,Farming-fishing,Husband,White,Male,0.0,,80.0,United-States
56.0,Private,85018.0,HS-grad,,,Adm-clerical,,White,Female,0.0,0.0,40.0,United-States
,Private,256466.0,,9.0,Married-civ-spouse,Tech-support,Husband,Asian-Pac-Islander,Male,,0.0,60.0,Philippines
,Private,169188.0,Some-college,,Married-civ-spouse,Exec-managerial,,White,Female,0.0,0.0,25.0,United-States
36.0,Private,,Bachelors,13.0,,Prof-specialty,Husband,White,,0.0,0.0,40.0,United-States
,Local-gov,287031.0,Masters,14.0,Married-civ-spouse,Prof-specialty,Husband,White,Male,0.0,0.0,45.0,United-States
26.0,,224361.0,HS-grad,,Never-married,,Not-in-family,White,Male,,0.0,40.0,United-States
,Federal-gov,108464.0,,12.0,Married-civ-spouse,,Husband,,Male,0.0,,40.0,United-States
36.0,,75826.0,Bachelors,13.0,Divorced,,Unmarried,White,Female,0.0,0.0,40.0,United-States
,Private,120277.0,HS-grad,9.0,,Craft-repair,Husband,,Male,0.0,0.0,40.0,United-States
25.0,Private,,Some-college,,Never-married,Adm-clerical,,White,Female,,0.0,,
,,56870.0,HS-grad,9.0,Married-civ-spouse,,Husband,White,,0.0,,40.0,United-States
24.0,,200819.0,12th,8.0,Never-married,Sales,Not-in-family,White,Male,,0.0,40.0,United-States
50.0,Self-emp-not-inc,170562.0,Assoc-acdm,12.0,Married-civ-spouse,Protective-serv,Husband,White,,0.0,0.0,20.0,United-States
30.0,Private,,HS-grad,9.0,Married-civ-spouse,Craft-repair,Husband,White,Male,0.0,0.0,40.0,United-States
24.0,Private,33088.0,11th,7.0,Never-married,Handlers-cleaners,Not-in-family,White,Male,0.0,,40.0,
41.0,Local-gov,112763.0,Masters,14.0,Divorced,Prof-specialty,Unmarried,White,,7430.0,0.0,,United-States
29.0,Private,177651.0,Some-college,10.0,Never-married,Exec-managerial,Not-in-family,White,Male,0.0,0.0,,United-States
,Private,261943.0,Some-college,,Married-civ-spouse,Exec-managerial,Husband,White,Male,0.0,0.0,40.0,United-States
54.0,Private,169785.0,Some-college,10.0,Divorced,Exec-managerial,Not-in-family,,,0.0,0.0,40.0,Italy
,Private,,11th,7.0,Married-civ-spouse,,Other-relative,White,Female,0.0,0.0,50.0,United-States
37.0,Private,433491.0,,9.0,Never-married,,Own-child,White,Male,,0.0,40.0,United-States
28.0,Local-gov,86615.0,HS-grad,,Never-married,Other-service,Own-child,Black,Male,0.0,0.0,30.0,United-States
,Private,,HS-grad,9.0,Married-civ-spouse,Adm-clerical,Wife,White,Female,0.0,0.0,,United-States
46.0,State-gov,421223.0,Some-college,10.0,,Exec-managerial,Not-in-family,White,Female,,,40.0,United-States
35.0,Private,,Bachelors,13.0,,Exec-managerial,Unmarried,White,Female,0.0,0.0,42.0,United-States
36.0,,241998.0,Some-college,10.0,Married-civ-spouse,Sales,Husband,White,,99999.0,0.0,,United-States
34.0,noValueSetHere123156456,,HS-grad,9.0,Married-civ-spouse,noValueSetHere123156456,Husband,White,,,0.0,25.0,
44.0,Private,115323.0,,14.0,Married-civ-spouse,Exec-managerial,Husband,White,Male,,,40.0,United-States
,Self-emp-inc,23778.0,Bachelors,13.0,Divorced,Exec-managerial,Not-in-family,,Male,0.0,0.0,50.0,United-States
28.0,,190836.0,HS-grad,9.0,Married-civ-spouse,Sales,Husband,White,Male,0.0,0.0,50.0,United-States
,,159179.0,Prof-school,15.0,Married-civ-spouse,,Husband,White,Male,0.0,0.0,45.0,
64.0,noValueSetHere123156456,,Bachelors,13.0,Married-civ-spouse,noValueSetHere123156456,Husband,,Male,0.0,0.0,50.0,United-States
,noValueSetHere123156456,,Some-college,10.0,,noValueSetHere123156456,Own-child,White,Female,0.0,0.0,40.0,
35.0,Private,163237.0,Bachelors,,,Sales,,White,Male,0.0,0.0,,United-States
61.0,,202202.0,,9.0,Never-married,Adm-clerical,Not-in-family,,Female,0.0,0.0,40.0,United-States
,,168837.0,,10.0,Divorced,Sales,Unmarried,White,Female,0.0,0.0,,
36.0,,112271.0,HS-grad,9.0,Married-civ-spouse,,,White,Male,,,40.0,
,Private,52537.0,HS-grad,9.0,Never-married,Transport-moving,Unmarried,Black,,,0.0,30.0,United-States
27.0,Private,,,11.0,,Sales,,White,Male,,,60.0,
,Private,141698.0,10th,,Never-married,Craft-repair,,White,Male,0.0,0.0,,United-States
,,,Bachelors,13.0,Never-married,Tech-support,,,,0.0,,40.0,United-States
19.0,Private,175652.0,11th,7.0,Never-married,Other-service,Other-relative,,Female,0.0,0.0,,
36.0,Private,213008.0,,9.0,Divorced,Farming-fishing,Not-in-family,White,,,,40.0,United-States
51.0,,,Bachelors,13.0,Divorced,,,White,,14084.0,,50.0,United-States
63.0,Private,118798.0,HS-grad,9.0,,,Husband,White,Male,99999.0,,40.0,United-States
51.0,,,HS-grad,9.0,Married-civ-spouse,Adm-clerical,Husband,,,0.0,0.0,,United-States
20.0,State-gov,,Some-college,10.0,Never-married,,,White,Female,0.0,0.0,25.0,
42.0,,103980.0,Assoc-voc,11.0,Married-civ-spouse,Prof-specialty,,,Male,0.0,,50.0,United-States
40.0,noValueSetHere123156456,180362.0,Bachelors,13.0,Never-married,noValueSetHere123156456,Own-child,White,Female,0.0,0.0,,
25.0,Private,53903.0,Some-college,10.0,Married-civ-spouse,,Husband,White,Male,0.0,0.0,40.0,United-States
40.0,,179735.0,Assoc-voc,11.0,Divorced,Adm-clerical,Unmarried,White,Female,,,50.0,
41.0,,277390.0,,,Married-civ-spouse,noValueSetHere123156456,Wife,,Female,0.0,0.0,30.0,United-States
49.0,,122177.0,HS-grad,9.0,,Handlers-cleaners,,,Male,0.0,0.0,,
46.0,Private,188161.0,HS-grad,,Separated,Machine-op-inspct,Own-child,Black,Female,0.0,0.0,40.0,United-States
32.0,Self-emp-not-inc,170108.0,HS-grad,,,Sales,Not-in-family,White,Male,0.0,0.0,50.0,United-States
28.0,Private,175262.0,Some-college,10.0,Married-civ-spouse,Handlers-cleaners,Husband,Black,,0.0,0.0,40.0,Mexico
19.0,noValueSetHere123156456,204441.0,HS-grad,9.0,Never-married,noValueSetHere123156456,,Black,Male,0.0,,20.0,United-States
,Private,164395.0,HS-grad,9.0,Never-married,Adm-clerical,Own-child,,Female,0.0,0.0,25.0,United-States
18.0,Private,,11th,7.0,Never-married,Adm-clerical,Own-child,,Male,,0.0,20.0,United-States
39.0,Private,178815.0,HS-grad,9.0,Never-married,Sales,Not-in-family,,Male,0.0,,,
60.0,,168223.0,Bachelors,,Divorced,,Not-in-family,White,Female,,0.0,30.0,United-States
46.0,Local-gov,202560.0,Bachelors,13.0,,Prof-specialty,,White,Female,0.0,1408.0,40.0,
38.0,Private,100295.0,7th-8th,4.0,,Machine-op-inspct,Wife,White,,0.0,0.0,,Canada
,,,,9.0,Married-civ-spouse,Machine-op-inspct,Husband,White,Male,0.0,0.0,44.0,United-States
45.0,Private,51664.0,,10.0,Married-civ-spouse,,Husband,White,Male,,0.0,,United-States
60.0,State-gov,358893.0,Bachelors,,Divorced,,Not-in-family,White,Female,,2339.0,40.0,United-States
,Private,115963.0,11th,7.0,Married-civ-spouse,Craft-repair,,White,,0.0,,40.0,United-States
22.0,Private,,Some-college,10.0,,Tech-support,Not-in-family,White,Female,0.0,0.0,,United-States
23.0,Private,148948.0,Some-college,10.0,Never-married,Exec-managerial,Not-in-family,White,,0.0,,45.0,
48.0,,,,10.0,Never-married,Prof-specialty,Not-in-family,Black,Female,0.0,0.0,,
46.0,Private,428350.0,HS-grad,9.0,,,Own-child,White,Female,,0.0,15.0,United-States
43.0,Private,188808.0,Masters,14.0,,Exec-managerial,Husband,,Male,0.0,0.0,,
25.0,Private,,HS-grad,,Married-civ-spouse,,Own-child,,Male,0.0,0.0,40.0,United-States
50.0,Private,,,10.0,Never-married,Prof-specialty,Not-in-family,White,Male,0.0,0.0,,United-States
61.0,,156653.0,HS-grad,,Divorced,Sales,Not-in-family,White,,0.0,0.0,55.0,
35.0,Private,196491.0,Bachelors,,Never-married,,Not-in-family,White,,0.0,0.0,,United-States
65.0,Local-gov,254413.0,Some-college,10.0,Divorced,Exec-managerial,Not-in-family,,Female,0.0,0.0,40.0,United-States
56.0,,91262.0,HS-grad,9.0,Married-civ-spouse,Transport-moving,Husband,Asian-Pac-Islander,,0.0,0.0,45.0,United-States
43.0,Self-emp-not-inc,154785.0,Bachelors,,Married-civ-spouse,,Wife,,Female,0.0,0.0,80.0,Thailand
,Private,84231.0,HS-grad,9.0,,,,White,Male,0.0,0.0,,
22.0,Private,226327.0,,10.0,Never-married,,Own-child,,Female,0.0,0.0,,United-States
40.0,,248406.0,Some-college,10.0,Divorced,,Own-child,White,Male,0.0,0.0,32.0,United-States
35.0,Private,54317.0,,,Married-civ-spouse,Farming-fishing,,White,Male,,1672.0,,United-States
22.0,noValueSetHere123156456,,Some-college,10.0,Never-married,noValueSetHere123156456,Own-child,White,,0.0,0.0,50.0,United-States
,,,9th,5.0,Married-civ-spouse,,Husband,,Male,0.0,0.0,,United-States
,Local-gov,,12th,8.0,,,Husband,White,,,0.0,35.0,United-States
43.0,Private,244172.0,,9.0,Separated,,Unmarried,,Male,0.0,0.0,40.0,Mexico
46.0,Federal-gov,233555.0,,9.0,,Adm-clerical,,Black,,0.0,0.0,40.0,noValueSetHere123156456
39.0,Private,326342.0,11th,7.0,Married-civ-spouse,Other-service,,,,2635.0,0.0,,United-States
34.0,Private,77271.0,HS-grad,9.0,Never-married,,Unmarried,White,Female,,,,England
35.0,Private,33397.0,HS-grad,9.0,Divorced,Other-service,Not-in-family,White,Female,0.0,0.0,35.0,
,Private,446358.0,HS-grad,9.0,Never-married,Adm-clerical,Unmarried,,Male,0.0,,41.0,
25.0,Private,,,9.0,Never-married,Machine-op-inspct,Not-in-family,Black,Male,0.0,0.0,28.0,United-States
44.0,,,Masters,14.0,Married-civ-spouse,Exec-managerial,Husband,White,Male,,0.0,35.0,United-States
35.0,Private,,HS-grad,9.0,Divorced,Adm-clerical,,White,Female,,,40.0,
41.0,Private,,HS-grad,,Married-civ-spouse,Handlers-cleaners,Husband,White,Male,0.0,0.0,40.0,United-States
43.0,Federal-gov,,Bachelors,,Married-civ-spouse,Adm-clerical,Husband,White,,7298.0,0.0,40.0,United-States
32.0,Private,232766.0,Some-college,,,Adm-clerical,,,Female,0.0,0.0,40.0,United-States
50.0,Private,,7th-8th,4.0,Married-civ-spouse,,Husband,White,Male,0.0,0.0,40.0,
20.0,Private,121023.0,Some-college,10.0,,Adm-clerical,Own-child,White,Female,0.0,0.0,15.0,United-States
29.0,Private,198997.0,HS-grad,,Married-civ-spouse,,Wife,White,,,,20.0,United-States
38.0,,167140.0,Prof-school,15.0,Married-civ-spouse,,Husband,White,,99999.0,0.0,70.0,
20.0,Private,38772.0,10th,6.0,Never-married,Handlers-cleaners,,White,,0.0,0.0,50.0,United-States
,Private,253759.0,,9.0,Never-married,Sales,Unmarried,Black,Female,0.0,0.0,40.0,United-States
27.0,Private,130067.0,,10.0,,,Not-in-family,White,Female,0.0,0.0,65.0,United-States
37.0,Private,203828.0,,5.0,Married-civ-spouse,Craft-repair,Husband,White,Male,0.0,,40.0,United-States
62.0,State-gov,221558.0,Masters,14.0,Separated,Prof-specialty,,,Female,0.0,0.0,24.0,
,Private,156464.0,10th,6.0,,,Not-in-family,White,Male,0.0,,40.0,United-States
49.0,Private,,,10.0,Divorced,Adm-clerical,,Asian-Pac-Islander,Female,0.0,0.0,40.0,
33.0,Local-gov,,,13.0,Never-married,Prof-specialty,Not-in-family,,Female,0.0,0.0,50.0,United-States
,Private,339482.0,HS-grad,,Married-civ-spouse,Craft-repair,Husband,White,Male,0.0,1848.0,40.0,United-States
,,91928.0,,10.0,,,Other-relative,,,0.0,0.0,,
44.0,Private,,7th-8th,,Married-civ-spouse,Machine-op-inspct,Husband,White,Male,,0.0,40.0,United-States
31.0,Self-emp-inc,,,10.0,Never-married,Exec-managerial,,,,0.0,,65.0,United-States
,Private,,HS-grad,9.0,Widowed,Farming-fishing,Unmarried,White,Female,,,40.0,United-States
65.0,,111483.0,Some-college,10.0,,Exec-managerial,,White,Male,0.0,2174.0,10.0,United-States
17.0,,,9th,5.0,Married-civ-spouse,Other-service,Husband,White,Male,,0.0,40.0,United-States
60.0,,85413.0,,9.0,Married-civ-spouse,Transport-moving,Husband,White,,,0.0,,United-States
31.0,Private,196125.0,,,,Craft-repair,Husband,,,0.0,0.0,40.0,United-States
29.0,Private,265638.0,Some-college,10.0,Never-married,,Unmarried,,Female,0.0,0.0,,
53.0,,177727.0,HS-grad,9.0,Married-civ-spouse,,,,Male,,0.0,,
44.0,Private,205822.0,Some-college,10.0,Married-civ-spouse,Sales,Husband,White,,0.0,0.0,,
,Private,,11th,7.0,Married-civ-spouse,Sales,,White,Male,0.0,0.0,,United-States
,,177595.0,Some-college,10.0,,Craft-repair,Husband,White,Male,0.0,1579.0,,United-States
18.0,Private,183315.0,,7.0,,Sales,Own-child,Black,Female,0.0,0.0,,United-States
47.0,,116279.0,,9.0,Divorced,Craft-repair,Unmarried,White,Female,0.0,0.0,43.0,United-States
38.0,Federal-gov,122493.0,Bachelors,13.0,Married-civ-spouse,Prof-specialty,,,Male,4064.0,0.0,,United-States
,Private,215419.0,Assoc-acdm,12.0,,Other-service,Wife,White,,,0.0,25.0,United-States
40.0,,310101.0,,10.0,Separated,,Not-in-family,Amer-Indian-Eskimo,,,0.0,,United-States
57.0,Self-emp-inc,61885.0,,,Married-civ-spouse,,Husband,Black,Male,0.0,0.0,,United-States
43.0,Private,59107.0,HS-grad,9.0,Separated,Other-service,Not-in-family,,Female,4101.0,0.0,40.0,
32.0,,227214.0,Bachelors,13.0,Married-civ-spouse,Prof-specialty,Husband,Other,Male,0.0,0.0,40.0,
,Private,239450.0,,10.0,Married-civ-spouse,Sales,Husband,White,Male,,,,
,Private,118847.0,12th,8.0,Never-married,Sales,Own-child,White,Female,0.0,0.0,20.0,United-States
40.0,Self-emp-not-inc,95226.0,Bachelors,,Never-married,Exec-managerial,Not-in-family,White,Male,0.0,0.0,,United-States
,noValueSetHere123156456,659273.0,11th,7.0,,noValueSetHere123156456,Own-child,,Female,0.0,,40.0,
23.0,Private,215395.0,,9.0,,Machine-op-inspct,,White,Male,0.0,0.0,40.0,United-States
45.0,,170600.0,Assoc-voc,11.0,Divorced,Adm-clerical,Unmarried,Black,Female,,,,United-States
,Self-emp-not-inc,91044.0,Masters,14.0,Divorced,Prof-specialty,Not-in-family,,Female,0.0,0.0,15.0,United-States
27.0,Private,,10th,6.0,Never-married,,,White,,,0.0,60.0,
23.0,,160398.0,Some-college,10.0,Married-spouse-absent,Handlers-cleaners,Unmarried,White,Male,0.0,0.0,40.0,
,Self-emp-not-inc,216824.0,HS-grad,9.0,,,Husband,Asian-Pac-Islander,Male,0.0,0.0,30.0,United-States
,Private,308945.0,,,Divorced,Tech-support,Unmarried,White,Female,0.0,0.0,,United-States
47.0,Private,,,14.0,Divorced,,Not-in-family,,Male,0.0,0.0,40.0,United-States
,Private,99309.0,HS-grad,9.0,Married-civ-spouse,Exec-managerial,,White,Male,0.0,0.0,50.0,United-States
27.0,Private,188576.0,,,Separated,Prof-specialty,,Asian-Pac-Islander,Male,0.0,0.0,40.0,Philippines
46.0,,,Assoc-acdm,,,Machine-op-inspct,Husband,White,Male,0.0,0.0,40.0,United-States
24.0,,403865.0,Some-college,10.0,Married-civ-spouse,,Husband,White,Male,0.0,0.0,,
,Private,235786.0,,10.0,Married-civ-spouse,,,White,,0.0,0.0,44.0,United-States
,Private,191893.0,HS-grad,,Never-married,,,,Female,0.0,0.0,,United-States
31.0,Local-gov,,,13.0,Married-civ-spouse,,Husband,White,Male,0.0,0.0,,United-States
37.0,Private,152909.0,,,,Adm-clerical,Husband,White,Male,,0.0,,United-States
,,435604.0,Assoc-voc,11.0,Separated,Exec-managerial,Own-child,White,Female,0.0,0.0,40.0,United-States
30.0,Self-emp-inc,109282.0,,,,Sales,Husband,White,Male,0.0,0.0,52.0,United-States
,Private,248178.0,Some-college,,,Other-service,Husband,Black,Male,0.0,0.0,35.0,United-States
24.0,noValueSetHere123156456,112683.0,HS-grad,9.0,Never-married,,Not-in-family,,Female,,0.0,,United-States
32.0,Private,209103.0,Some-college,10.0,Married-civ-spouse,Exec-managerial,Husband,White,Male,3464.0,0.0,40.0,United-States
27.0,Private,183639.0,HS-grad,9.0,Never-married,Transport-moving,Own-child,White,Male,0.0,0.0,40.0,
35.0,Local-gov,107233.0,HS-grad,9.0,Never-married,Adm-clerical,Unmarried,,Male,,0.0,,United-States
27.0,Private,175387.0,Bachelors,13.0,Never-married,,,,Male,0.0,1876.0,40.0,
,,178255.0,,13.0,,Sales,Husband,White,Male,0.0,0.0,,noValueSetHere123156456
33.0,Self-emp-not-inc,38223.0,HS-grad,,Never-married,,Own-child,,Male,,,70.0,United-States
,,228873.0,,16.0,Married-civ-spouse,,Husband,White,,0.0,0.0,45.0,
29.0,Private,202182.0,Some-college,10.0,Married-civ-spouse,Craft-repair,Husband,White,,,0.0,50.0,
26.0,Local-gov,,Masters,14.0,Never-married,,,White,Female,2174.0,0.0,40.0,United-States
,Self-emp-not-inc,152587.0,HS-grad,9.0,Never-married,Craft-repair,,White,Male,0.0,0.0,40.0,United-States
37.0,Self-emp-inc,39089.0,,10.0,Married-civ-spouse,,,White,Male,3103.0,0.0,50.0,
,,204304.0,Some-college,10.0,Divorced,Exec-managerial,Not-in-family,,Female,0.0,0.0,50.0,
,,116103.0,Some-college,10.0,Separated,Craft-repair,Unmarried,White,Male,,0.0,47.0,United-States
,Private,,7th-8th,4.0,Married-civ-spouse,Craft-repair,,,Male,,0.0,40.0,Vietnam
58.0,Federal-gov,81973.0,Some-college,10.0,Married-civ-spouse,Tech-support,Husband,Asian-Pac-Islander,,0.0,1485.0,40.0,United-States
,Private,134890.0,Bachelors,13.0,Married-civ-spouse,Tech-support,Husband,White,Male,,0.0,,
33.0,Private,,HS-grad,9.0,Married-civ-spouse,Machine-op-inspct,Husband,,,0.0,0.0,40.0,Mexico
57.0,Private,245193.0,Masters,14.0,Married-civ-spouse,Exec-managerial,,,Male,,0.0,,
69.0,State-gov,34339.0,HS-grad,9.0,Married-civ-spouse,Protective-serv,Husband,White,Male,,,40.0,United-States
20.0,Private,,,10.0,Never-married,Adm-clerical,Own-child,White,,0.0,0.0,12.0,United-States
56.0,Private,392160.0,HS-grad,9.0,Widowed,,Unmarried,White,,0.0,0.0,,
,Private,168337.0,5th-6th,,Married-civ-spouse,,Husband,White,Male,0.0,0.0,40.0,United-States
34.0,,,HS-grad,9.0,Married-civ-spouse,Machine-op-inspct,,White,Male,0.0,0.0,40.0,
70.0,Private,77219.0,HS-grad,9.0,Married-civ-spouse,,Husband,,Male,0.0,0.0,37.0,United-States
44.0,,212888.0,Bachelors,13.0,Divorced,Exec-managerial,,White,,0.0,0.0,45.0,
37.0,Private,,Bachelors,13.0,,Prof-specialty,,,Male,10520.0,0.0,40.0,
,,237879.0,Bachelors,13.0,,Prof-specialty,Husband,White,Male,0.0,0.0,58.0,United-States
42.0,Self-emp-not-inc,93099.0,Some-college,10.0,Married-civ-spouse,Prof-specialty,Own-child,White,,,0.0,25.0,United-States
41.0,,225193.0,HS-grad,9.0,Married-civ-spouse,Sales,,White,Male,0.0,0.0,,United-States
28.0,,50814.0,HS-grad,9.0,Never-married,Adm-clerical,Not-in-family,White,Female,0.0,0.0,40.0,United-States
47.0,,123681.0,Masters,,Married-civ-spouse,Prof-specialty,Husband,White,,7688.0,0.0,60.0,United-States
,,,HS-grad,,Married-civ-spouse,Machine-op-inspct,Wife,,Female,,,,United-States
58.0,Self-emp-not-inc,,HS-grad,9.0,Married-civ-spouse,Other-service,Husband,White,,7688.0,0.0,55.0,
18.0,Private,301762.0,HS-grad,9.0,Never-married,Adm-clerical,Own-child,White,,0.0,,25.0,United-States
50.0,Private,,,10.0,,,Husband,White,Male,0.0,,50.0,United-States
69.0,Private,,Some-college,10.0,,Adm-clerical,,White,Female,2050.0,,24.0,
84.0,Private,241065.0,Masters,14.0,,,,White,,0.0,0.0,66.0,United-States
47.0,,129513.0,Bachelors,13.0,Married-civ-spouse,Exec-managerial,Husband,White,Male,,0.0,60.0,United-States
19.0,Private,374262.0,12th,,Never-married,,Own-child,White,Male,0.0,0.0,20.0,United-States
,Private,382146.0,,10.0,,Prof-specialty,,,Male,0.0,0.0,,United-States
48.0,noValueSetHere123156456,185291.0,,,Married-civ-spouse,noValueSetHere123156456,Husband,White,Male,0.0,,,United-States
53.0,Private,,HS-grad,9.0,Divorced,Machine-op-inspct,Not-in-family,,,0.0,0.0,50.0,United-States
,,49893.0,Some-college,,Married-civ-spouse,Sales,Husband,White,Male,0.0,0.0,45.0,United-States
,,197387.0,Some-college,10.0,Never-married,Handlers-cleaners,Other-relative,,Male,0.0,,24.0,Mexico
36.0,Self-emp-not-inc,,Some-college,10.0,Married-civ-spouse,Exec-managerial,Husband,,Male,0.0,0.0,,United-States
,Private,340458.0,12th,8.0,Never-married,Adm-clerical,Unmarried,White,Female,,0.0,40.0,United-States
43.0,Private,185670.0,1st-4th,2.0,Widowed,Prof-specialty,Unmarried,White,Female,0.0,0.0,21.0,Mexico
37.0,Private,210945.0,HS-grad,9.0,Married-civ-spouse,Handlers-cleaners,Husband,White,,0.0,0.0,,
,,350661.0,Prof-school,15.0,,Tech-support,Not-in-family,White,Male,0.0,,,Columbia
42.0,Private,190543.0,Some-college,10.0,,Tech-support,Wife,,Female,0.0,,40.0,
21.0,,70261.0,Some-college,10.0,Never-married,Other-service,Own-child,White,Male,0.0,0.0,30.0,United-States
49.0,,179048.0,HS-grad,9.0,Married-civ-spouse,Sales,,White,,0.0,0.0,60.0,
35.0,Private,242094.0,HS-grad,,Married-civ-spouse,Other-service,Other-relative,Black,Male,0.0,,,United-States
49.0,Self-emp-not-inc,117634.0,,10.0,,Craft-repair,,,Female,,0.0,30.0,United-States
28.0,,,Some-college,10.0,Never-married,Other-service,,Black,Male,0.0,0.0,40.0,United-States
,,193374.0,1st-4th,2.0,Married-civ-spouse,,Husband,,Male,0.0,0.0,,
30.0,,,Bachelors,13.0,,noValueSetHere123156456,Not-in-family,White,Female,0.0,0.0,40.0,United-States
19.0,Private,323605.0,7th-8th,4.0,Never-married,Other-service,Not-in-family,,Male,0.0,0.0,60.0,
56.0,Private,371064.0,9th,5.0,Married-civ-spouse,Other-service,Husband,White,Male,,0.0,40.0,United-States
20.0,Private,,HS-grad,,Never-married,Other-service,,White,,,0.0,8.0,United-States
,Private,64292.0,Some-college,10.0,,Adm-clerical,Own-child,,Female,0.0,,37.0,
33.0,Private,198660.0,HS-grad,9.0,Married-civ-spouse,Machine-op-inspct,Husband,White,Male,,,,United-States
54.0,noValueSetHere123156456,196975.0,,9.0,Divorced,noValueSetHere123156456,,White,Male,,0.0,45.0,United-States
22.0,,,Some-college,10.0,Never-married,,Not-in-family,,,0.0,0.0,,
68.0,Private,144137.0,,10.0,Divorced,Priv-house-serv,,White,Female,0.0,0.0,30.0,
56.0,Local-gov,,Bachelors,,Divorced,,,White,,0.0,0.0,40.0,United-States
23.0,noValueSetHere123156456,72953.0,HS-grad,,Never-married,,Not-in-family,,Male,,,40.0,
69.0,Self-emp-not-inc,107548.0,,5.0,Married-civ-spouse,Adm-clerical,Husband,White,Male,0.0,0.0,40.0,United-States
41.0,Private,163258.0,,,,,,White,,0.0,0.0,40.0,United-States
33.0,Private,221324.0,HS-grad,9.0,Never-married,Machine-op-inspct,Unmarried,,Female,,0.0,,United-States
,,444822.0,11th,,Never-married,Sales,Own-child,,,0.0,,8.0,Mexico
,,154398.0,11th,7.0,Never-married,Other-service,Own-child,Black,Male,0.0,0.0,16.0,Haiti
31.0,Private,120672.0,11th,,Divorced,Handlers-cleaners,Other-relative,Black,Male,,1721.0,,United-States
,Private,159650.0,Some-college,10.0,Married-civ-spouse,Tech-support,Husband,White,Male,0.0,0.0,60.0,United-States
62.0,Private,290754.0,10th,6.0,Widowed,Handlers-cleaners,,White,,0.0,0.0,40.0,United-States
,Private,49654.0,HS-grad,,Divorced,Adm-clerical,Unmarried,White,Female,,0.0,52.0,United-States
20.0,Federal-gov,147352.0,HS-grad,9.0,Never-married,Other-service,Not-in-family,White,Female,0.0,0.0,,United-States
,,227943.0,Assoc-acdm,12.0,,Sales,Own-child,White,Male,0.0,0.0,30.0,
18.0,Private,,,,,Other-service,Not-in-family,,Male,0.0,0.0,20.0,United-States
,noValueSetHere123156456,64322.0,7th-8th,4.0,Separated,noValueSetHere123156456,Not-in-family,,Male,0.0,,40.0,
42.0,,445940.0,9th,5.0,Married-civ-spouse,Craft-repair,Husband,White,Male,0.0,0.0,40.0,Mexico
23.0,,230824.0,,13.0,,Prof-specialty,Not-in-family,,Male,0.0,0.0,40.0,United-States
43.0,Private,48882.0,,9.0,,Adm-clerical,Other-relative,White,,0.0,0.0,40.0,
,Private,168195.0,,9.0,Married-civ-spouse,,Husband,White,,0.0,,55.0,United-States
53.0,,188644.0,5th-6th,3.0,,,Husband,White,Male,0.0,0.0,40.0,Mexico
,Private,,10th,,Never-married,,Not-in-family,White,Male,0.0,0.0,40.0,United-States
28.0,State-gov,119793.0,,10.0,Married-civ-spouse,,Husband,White,Male,,0.0,40.0,United-States
,Private,,Some-college,10.0,Married-civ-spouse,Prof-specialty,Husband,,,0.0,0.0,45.0,United-States
58.0,Private,186991.0,HS-grad,9.0,Married-civ-spouse,Machine-op-inspct,Husband,White,Male,0.0,,40.0,United-States
25.0,,218948.0,7th-8th,,Never-married,noValueSetHere123156456,Not-in-family,,,0.0,0.0,32.0,
26.0,Private,211435.0,HS-grad,9.0,Never-married,Machine-op-inspct,Unmarried,White,Female,0.0,0.0,40.0,United-States
36.0,Self-emp-not-inc,280169.0,Some-college,10.0,Married-civ-spouse,,Husband,White,Male,3456.0,0.0,8.0,United-States
27.0,,109997.0,HS-grad,,Divorced,,,,Female,0.0,0.0,40.0,United-States
,Private,286789.0,Doctorate,,Married-civ-spouse,Exec-managerial,,,Male,,,45.0,United-States
25.0,Private,102460.0,Bachelors,13.0,Married-civ-spouse,Exec-managerial,,,Male,0.0,0.0,40.0,United-States
17.0,Private,287160.0,11th,,Never-married,,Own-child,White,,0.0,0.0,15.0,United-States
,,198097.0,,,Divorced,Exec-managerial,,White,Male,0.0,0.0,50.0,United-States
52.0,,,HS-grad,9.0,Married-civ-spouse,Machine-op-inspct,Husband,,Male,0.0,,40.0,United-States
,Private,174461.0,Bachelors,13.0,Never-married,Sales,Not-in-family,White,Female,0.0,,,United-States
,Self-emp-not-inc,,,11.0,Married-civ-spouse,,Husband,White,,,0.0,55.0,United-States
,noValueSetHere123156456,377725.0,,,,noValueSetHere123156456,Not-in-family,,Female,0.0,0.0,40.0,
,,151053.0,HS-grad,9.0,Married-civ-spouse,Handlers-cleaners,Husband,White,Male,0.0,0.0,40.0,United-States
49.0,Local-gov,,,,Married-civ-spouse,Protective-serv,Husband,White,Male,,,,United-States
20.0,noValueSetHere123156456,149478.0,,10.0,Never-married,,Other-relative,White,Female,0.0,,25.0,
40.0,Private,198452.0,11th,7.0,Married-civ-spouse,Farming-fishing,Husband,White,Male,,0.0,40.0,United-States
52.0,Private,198863.0,Prof-school,15.0,,Exec-managerial,Not-in-family,White,Male,0.0,2559.0,,United-States
33.0,Private,,HS-grad,9.0,Never-married,Adm-clerical,Not-in-family,White,Male,0.0,0.0,40.0,United-States
,,165310.0,,9.0,,Machine-op-inspct,Other-relative,,Male,0.0,,20.0,United-States
,Private,213008.0,,,Married-civ-spouse,Prof-specialty,Husband,White,,0.0,,40.0,Japan
21.0,State-gov,38251.0,Some-college,,Never-married,Tech-support,Own-child,White,Female,0.0,0.0,20.0,United-States
33.0,Private,,Some-college,10.0,Never-married,Adm-clerical,Not-in-family,White,Male,,,,
,,,,12.0,,Prof-specialty,Not-in-family,White,Female,0.0,0.0,40.0,United-States
48.0,Private,,,9.0,,Craft-repair,Husband,White,Male,,1579.0,40.0,United-States
43.0,Private,208613.0,,13.0,Separated,Tech-support,Not-in-family,White,Male,0.0,0.0,,United-States
,Private,192565.0,,9.0,,Machine-op-inspct,,White,,,0.0,40.0,
28.0,Private,183885.0,,9.0,Never-married,Other-service,Own-child,White,Male,,0.0,30.0,
47.0,Self-emp-not-inc,,,13.0,Married-civ-spouse,,Husband,,,0.0,0.0,,South
,Private,,Bachelors,13.0,Married-civ-spouse,,,White,Male,0.0,0.0,,United-States
26.0,Private,,,,,Sales,Other-relative,Black,Male,0.0,0.0,30.0,United-States
55.0,Private,127014.0,,,,Other-service,,White,Male,0.0,0.0,60.0,
40.0,Private,197919.0,Assoc-acdm,12.0,,Sales,Unmarried,White,,0.0,0.0,40.0,United-States
31.0,Private,217460.0,Bachelors,13.0,Married-civ-spouse,Exec-managerial,,White,Male,,0.0,40.0,United-States
39.0,Private,86551.0,HS-grad,,Married-civ-spouse,Other-service,Husband,,Male,0.0,0.0,40.0,United-States
54.0,Self-emp-inc,98051.0,Some-college,,Married-civ-spouse,Sales,Husband,,Male,0.0,0.0,54.0,United-States
38.0,Private,215917.0,Some-college,10.0,,,Husband,Asian-Pac-Islander,,0.0,,40.0,
53.0,Self-emp-not-inc,192982.0,HS-grad,,Married-civ-spouse,Farming-fishing,,,Male,,0.0,85.0,United-States
27.0,Self-emp-not-inc,,Assoc-acdm,,Never-married,,Not-in-family,,Female,0.0,0.0,78.0,United-States
42.0,Private,136986.0,Bachelors,13.0,,Exec-managerial,Husband,,,0.0,,40.0,United-States
62.0,,116812.0,Some-college,10.0,,Adm-clerical,Not-in-family,,,0.0,,,
47.0,Private,189123.0,,,Married-civ-spouse,Adm-clerical,Husband,White,,0.0,1485.0,58.0,United-States
26.0,Private,,Bachelors,13.0,Never-married,Exec-managerial,Not-in-family,White,,,0.0,50.0,United-States
,noValueSetHere123156456,,,9.0,Never-married,noValueSetHere123156456,Unmarried,,Female,0.0,,20.0,
59.0,Private,,Some-college,10.0,Divorced,Other-service,Not-in-family,White,,,,40.0,United-States
42.0,,57600.0,HS-grad,,,Prof-specialty,Not-in-family,White,Female,0.0,,45.0,United-States
25.0,Private,,Bachelors,13.0,Married-civ-spouse,,Husband,White,Male,0.0,,45.0,United-States
,Private,140363.0,HS-grad,,Divorced,,Not-in-family,White,Male,0.0,0.0,,United-States
,Private,308812.0,Some-college,10.0,,Sales,,White,Female,0.0,,60.0,United-States
21.0,Private,275421.0,Some-college,10.0,Never-married,Craft-repair,Own-child,White,Female,0.0,0.0,,United-States
,Private,,HS-grad,,,Protective-serv,Husband,,Male,0.0,0.0,,United-States
33.0,Private,,Assoc-acdm,,Married-civ-spouse,Handlers-cleaners,Husband,White,Male,0.0,0.0,40.0,United-States
51.0,Private,182314.0,,14.0,Married-civ-spouse,,Husband,White,Male,,0.0,,United-States
70.0,,220589.0,Some-college,10.0,,Exec-managerial,Not-in-family,White,Female,0.0,,12.0,United-States
55.0,noValueSetHere123156456,,HS-grad,9.0,,noValueSetHere123156456,Husband,White,Male,0.0,0.0,30.0,
29.0,Self-emp-not-inc,189346.0,Some-college,,Divorced,Craft-repair,Not-in-family,,Male,,0.0,50.0,
46.0,Private,124071.0,,14.0,Widowed,Prof-specialty,Not-in-family,White,Female,0.0,,44.0,United-States
35.0,Federal-gov,20469.0,Some-college,10.0,Divorced,Exec-managerial,Unmarried,Asian-Pac-Islander,Female,,0.0,,Philippines
31.0,Private,154227.0,HS-grad,9.0,,Craft-repair,,White,,,,43.0,United-States
37.0,Private,105044.0,Some-college,10.0,Married-civ-spouse,Exec-managerial,Husband,,Male,,0.0,42.0,United-States
43.0,,35910.0,Some-college,,,,Husband,,Male,0.0,0.0,,United-States
23.0,Private,,HS-grad,,Never-married,Sales,Not-in-family,White,Male,0.0,0.0,40.0,
,Private,116493.0,HS-grad,9.0,Divorced,Craft-repair,,,,13550.0,0.0,44.0,United-States
42.0,Local-gov,19700.0,Bachelors,13.0,,Prof-specialty,Wife,White,Female,,,,
26.0,Private,,10th,6.0,Never-married,Adm-clerical,Not-in-family,White,Female,,0.0,40.0,
45.0,,106113.0,Some-college,10.0,Married-civ-spouse,Exec-managerial,,White,,0.0,0.0,40.0,
25.0,Private,256263.0,,12.0,Married-civ-spouse,Sales,,,Male,0.0,0.0,,United-States
33.0,noValueSetHere123156456,202498.0,7th-8th,4.0,Separated,,Not-in-family,White,Male,0.0,0.0,40.0,Guatemala
38.0,Private,,Bachelors,13.0,Married-civ-spouse,Machine-op-inspct,Husband,White,Male,,0.0,50.0,United-States
,Private,122922.0,HS-grad,9.0,Never-married,Exec-managerial,Not-in-family,White,Female,,,50.0,United-States
,Self-emp-not-inc,116903.0,Assoc-voc,,Married-civ-spouse,Prof-specialty,Husband,White,Male,0.0,2149.0,40.0,
42.0,,222596.0,HS-grad,9.0,Married-civ-spouse,,,White,Male,0.0,0.0,40.0,United-States
35.0,,107302.0,Masters,,Married-civ-spouse,Sales,,White,,,0.0,40.0,
36.0,,,Some-college,10.0,Divorced,Adm-clerical,Unmarried,,,,,40.0,United-States
33.0,Private,53373.0,,9.0,Married-civ-spouse,Craft-repair,Husband,,Male,0.0,,,United-States
22.0,Private,58916.0,,10.0,Never-married,Adm-clerical,Not-in-family,White,,0.0,,30.0,United-States
45.0,Local-gov,167159.0,Bachelors,13.0,,Protective-serv,Husband,White,Male,,0.0,50.0,United-States
,Private,,,10.0,Never-married,Other-service,,White,Female,0.0,0.0,40.0,United-States
,Private,140426.0,1st-4th,2.0,Married-spouse-absent,Other-service,Not-in-family,White,Male,0.0,0.0,35.0,noValueSetHere123156456
36.0,Local-gov,61778.0,HS-grad,9.0,Married-civ-spouse,Prof-specialty,,White,,,,,
41.0,,,,9.0,,Adm-clerical,Not-in-family,White,Female,0.0,0.0,40.0,United-States
,Self-emp-not-inc,202560.0,Some-college,10.0,Never-married,Prof-specialty,Own-child,White,,,0.0,35.0,United-States
,Self-emp-not-inc,60828.0,Some-college,10.0,Never-married,Farming-fishing,Own-child,White,Female,0.0,,,United-States
53.0,,153486.0,Some-college,,Married-civ-spouse,Farming-fishing,Husband,White,Male,0.0,0.0,50.0,United-States
,Local-gov,167536.0,,12.0,,Prof-specialty,Unmarried,White,,0.0,0.0,40.0,
30.0,Local-gov,370990.0,Masters,14.0,Never-married,Prof-specialty,Not-in-family,,,0.0,0.0,40.0,
38.0,Self-emp-not-inc,198867.0,,,Married-civ-spouse,,Husband,White,Male,0.0,0.0,,United-States
37.0,,174924.0,Some-college,,Divorced,,,White,Male,,0.0,48.0,Germany
30.0,Private,,Masters,14.0,Married-civ-spouse,,Husband,,Male,,0.0,,United-States
41.0,,169628.0,HS-grad,,Married-civ-spouse,Machine-op-inspct,Wife,Black,,0.0,0.0,40.0,noValueSetHere123156456
29.0,noValueSetHere123156456,125159.0,Some-college,,Never-married,noValueSetHere123156456,Not-in-family,Black,Male,0.0,0.0,36.0,
31.0,Private,,Some-college,10.0,Divorced,,Not-in-family,White,,0.0,0.0,,United-States
36.0,,160035.0,HS-grad,,Married-civ-spouse,,Husband,White,Male,,,,
,,116878.0,,9.0,Married-civ-spouse,,Husband,,Male,0.0,0.0,60.0,Greece
33.0,Self-emp-not-inc,134737.0,HS-grad,9.0,Married-civ-spouse,Craft-repair,Husband,White,Male,0.0,0.0,35.0,United-States
,Private,,HS-grad,9.0,Married-civ-spouse,Sales,Husband,White,Male,0.0,1887.0,55.0,United-States
49.0,State-gov,122177.0,Some-college,,Married-civ-spouse,,,White,Male,,0.0,40.0,United-States
50.0,,,10th,,Separated,,Not-in-family,,,0.0,0.0,56.0,United-States
33.0,Private,112115.0,,13.0,Married-civ-spouse,,,White,,0.0,1902.0,45.0,
28.0,,299422.0,,,Married-civ-spouse,,,White,Male,0.0,,40.0,
81.0,,162882.0,HS-grad,,Divorced,noValueSetHere123156456,Not-in-family,White,Female,0.0,0.0,,
24.0,,112854.0,Some-college,10.0,,Tech-support,,White,Female,,0.0,16.0,United-States
32.0,Self-emp-not-inc,33417.0,,10.0,Married-civ-spouse,Craft-repair,Husband,White,Male,0.0,0.0,50.0,
47.0,Federal-gov,224559.0,HS-grad,,Married-civ-spouse,,Husband,Black,Male,0.0,0.0,40.0,United-States
,noValueSetHere123156456,468706.0,HS-grad,9.0,Married-civ-spouse,noValueSetHere123156456,,Black,Male,0.0,0.0,40.0,United-States
24.0,Private,357028.0,Some-college,10.0,Never-married,Exec-managerial,Own-child,White,,0.0,0.0,40.0,United-States
37.0,Local-gov,51158.0,Some-college,10.0,,Tech-support,Wife,,Female,7298.0,0.0,36.0,United-States
51.0,Private,186303.0,Bachelors,,Married-civ-spouse,Sales,Husband,,Male,,,,United-States
,,127749.0,,9.0,Married-civ-spouse,Transport-moving,Husband,White,,0.0,,50.0,
,Private,291386.0,,,,Adm-clerical,Not-in-family,White,Female,0.0,0.0,40.0,United-States
28.0,Private,138054.0,,,Never-married,,Not-in-family,,Male,,0.0,40.0,United-States
47.0,Self-emp-not-inc,174533.0,Some-college,,,Craft-repair,Husband,White,Male,0.0,,40.0,
43.0,Private,200835.0,HS-grad,9.0,Married-civ-spouse,Craft-repair,,White,Male,0.0,0.0,,United-States
,Private,,HS-grad,,,,Not-in-family,White,Male,0.0,0.0,45.0,
43.0,Private,180985.0,Some-college,10.0,,Transport-moving,,White,Male,0.0,0.0,,
,Private,34803.0,Bachelors,13.0,Never-married,,Own-child,White,Female,,0.0,,
59.0,,75867.0,Masters,,,,Husband,White,Male,0.0,0.0,60.0,United-States
29.0,Private,156819.0,Assoc-acdm,12.0,Divorced,Prof-specialty,Unmarried,,Female,0.0,0.0,35.0,United-States
30.0,Private,61272.0,9th,5.0,,Machine-op-inspct,Wife,White,Female,0.0,,,
24.0,Private,,Some-college,,Married-civ-spouse,Machine-op-inspct,Wife,Other,,0.0,,40.0,Puerto-Rico
38.0,Private,,,,,,Not-in-family,,Male,,,40.0,
37.0,Self-emp-not-inc,,,9.0,Married-civ-spouse,Exec-managerial,,White,Male,0.0,0.0,60.0,United-States
26.0,,322614.0,Preschool,,,Machine-op-inspct,Not-in-family,White,,,1719.0,,
30.0,Private,140869.0,HS-grad,9.0,,Other-service,Unmarried,White,,,0.0,40.0,United-States
73.0,Local-gov,181902.0,Masters,14.0,,,Husband,White,,0.0,0.0,10.0,Poland
30.0,Private,287908.0,,9.0,Married-civ-spouse,Machine-op-inspct,Husband,,Male,0.0,0.0,40.0,United-States
,Private,309630.0,HS-grad,9.0,Married-civ-spouse,Other-service,Husband,White,Male,0.0,0.0,40.0,United-States
46.0,Private,28225.0,Some-college,10.0,Married-civ-spouse,Transport-moving,Husband,,,0.0,0.0,58.0,
40.0,,428584.0,HS-grad,9.0,,noValueSetHere123156456,Wife,,Female,3464.0,0.0,,United-States
18.0,Private,39222.0,11th,7.0,Never-married,Other-service,Own-child,,Male,0.0,0.0,40.0,United-States
35.0,,359131.0,Bachelors,,Married-civ-spouse,,,White,Female,7298.0,0.0,,
22.0,Private,122272.0,,9.0,Never-married,Adm-clerical,Own-child,White,Female,,,40.0,United-States
50.0,Self-emp-inc,198400.0,HS-grad,9.0,Married-civ-spouse,Sales,Husband,Black,Male,0.0,0.0,60.0,United-States
62.0,noValueSetHere123156456,73091.0,7th-8th,4.0,Widowed,noValueSetHere123156456,Not-in-family,Black,Male,0.0,0.0,,United-States
39.0,Self-emp-inc,,,,Married-civ-spouse,Exec-managerial,Husband,White,Male,,,40.0,
,Private,208946.0,Some-college,10.0,,Sales,Own-child,White,Male,0.0,0.0,,
33.0,Private,348416.0,HS-grad,9.0,Never-married,,Unmarried,Black,Female,,0.0,40.0,United-States
31.0,Private,,HS-grad,9.0,Never-married,Handlers-cleaners,Own-child,Asian-Pac-Islander,Female,,0.0,40.0,Vietnam
,Private,,Bachelors,13.0,Never-married,Adm-clerical,Own-child,,Male,,0.0,40.0,United-States
38.0,Self-emp-not-inc,127961.0,,10.0,Married-civ-spouse,Machine-op-inspct,,White,Male,,,45.0,
,,211129.0,Bachelors,13.0,Never-married,Sales,,White,Female,0.0,0.0,,
29.0,Local-gov,,HS-grad,,Separated,Protective-serv,Other-relative,White,,,,,United-States
49.0,Federal-gov,94754.0,Masters,14.0,Married-civ-spouse,,Husband,,,0.0,0.0,40.0,
33.0,Private,,7th-8th,4.0,Married-civ-spouse,Machine-op-inspct,Husband,White,Male,0.0,0.0,40.0,
28.0,Private,142764.0,HS-grad,9.0,Never-married,Machine-op-inspct,,,Male,,0.0,48.0,United-States
22.0,Private,,Bachelors,,,Adm-clerical,Own-child,White,Female,,0.0,60.0,United-States
37.0,Private,188069.0,HS-grad,9.0,Married-civ-spouse,Machine-op-inspct,Husband,White,Male,0.0,0.0,40.0,United-States
,,284395.0,HS-grad,9.0,Married-civ-spouse,Craft-repair,Husband,White,,0.0,0.0,50.0,
49.0,,,7th-8th,4.0,Married-civ-spouse,Craft-repair,Husband,,Male,0.0,0.0,,United-States
29.0,Private,,,9.0,Married-civ-spouse,,,White,Male,0.0,0.0,40.0,Columbia
,,144483.0,HS-grad,9.0,Separated,Exec-managerial,,White,Female,0.0,0.0,40.0,
,,133655.0,HS-grad,9.0,,Adm-clerical,Unmarried,White,Female,0.0,0.0,40.0,
36.0,State-gov,,Doctorate,16.0,Never-married,,Not-in-family,White,Male,0.0,,45.0,United-States
21.0,Private,249727.0,,9.0,,Other-service,,White,Male,0.0,,22.0,United-States
,Private,165754.0,Some-college,10.0,,Other-service,Own-child,White,Female,0.0,0.0,30.0,United-States
30.0,Local-gov,172822.0,Assoc-voc,,Never-married,Protective-serv,,White,Male,0.0,0.0,40.0,United-States
44.0,Private,288433.0,Some-college,,Never-married,Adm-clerical,Own-child,,,0.0,0.0,,
40.0,Private,33331.0,,10.0,Married-civ-spouse,Transport-moving,Husband,White,,,0.0,50.0,
,Private,168071.0,HS-grad,9.0,Married-civ-spouse,,Husband,White,Male,,0.0,44.0,
45.0,Private,207277.0,Bachelors,13.0,,,Husband,White,,0.0,0.0,50.0,United-States
29.0,Private,130620.0,,10.0,Married-spouse-absent,Sales,Own-child,Asian-Pac-Islander,,0.0,,26.0,India
,Private,136244.0,Some-college,,Married-civ-spouse,Adm-clerical,Wife,White,Female,0.0,0.0,40.0,United-States
43.0,Private,972354.0,,10.0,,Other-service,,,Male,,0.0,,United-States
20.0,,,,10.0,,,Not-in-family,White,Female,,0.0,20.0,
,State-gov,71151.0,Bachelors,13.0,Married-civ-spouse,,,,Male,0.0,,20.0,United-States
,Private,118352.0,Some-college,,Never-married,Other-service,Own-child,White,,,,16.0,
21.0,Private,117210.0,HS-grad,9.0,Never-married,Machine-op-inspct,Own-child,,Male,0.0,0.0,40.0,United-States
23.0,Private,,,11.0,Married-civ-spouse,,Husband,White,Male,0.0,0.0,,
24.0,Private,48343.0,,7.0,Never-married,,Not-in-family,Black,Female,,,40.0,United-States
52.0,Private,84451.0,Assoc-voc,11.0,Divorced,,Not-in-family,White,Male,,0.0,32.0,United-States
,,76437.0,,10.0,Divorced,noValueSetHere123156456,Unmarried,White,Female,0.0,,40.0,United-States
19.0,Private,,,10.0,Never-married,,Not-in-family,White,Male,0.0,0.0,35.0,
54.0,,,Some-college,10.0,,,Husband,White,,,0.0,,United-States
,Private,104729.0,HS-grad,9.0,Divorced,,Other-relative,White,Female,0.0,,,United-States
,Private,110134.0,Some-college,10.0,Divorced,Machine-op-inspct,Not-in-family,,Male,0.0,0.0,,United-States
,Private,186067.0,10th,,Never-married,,Own-child,White,,0.0,,10.0,
47.0,Private,,HS-grad,9.0,,Other-service,,White,,0.0,0.0,37.0,
46.0,Private,384795.0,,13.0,Divorced,,Unmarried,,Female,0.0,,32.0,
30.0,,,Some-college,10.0,Married-civ-spouse,Handlers-cleaners,Husband,White,Male,0.0,0.0,44.0,United-States
58.0,Private,366324.0,Some-college,10.0,Married-civ-spouse,,Wife,White,,0.0,0.0,30.0,
,,,Bachelors,13.0,Divorced,,Not-in-family,Black,Female,0.0,0.0,40.0,United-States
23.0,Private,219835.0,Some-college,10.0,Never-married,,Own-child,White,Male,0.0,0.0,40.0,Mexico
23.0,Private,176486.0,Assoc-voc,11.0,Never-married,Adm-clerical,Own-child,White,Female,0.0,0.0,,
45.0,Private,273435.0,HS-grad,,Married-civ-spouse,Craft-repair,,,Male,0.0,,40.0,United-States
,Private,,,10.0,Never-married,Sales,Own-child,,,0.0,0.0,20.0,United-States
26.0,Private,212304.0,7th-8th,4.0,,Machine-op-inspct,Own-child,,,0.0,0.0,,United-States
,Local-gov,133963.0,Bachelors,13.0,,Prof-specialty,,,Female,0.0,0.0,,United-States
49.0,Private,165152.0,HS-grad,,Married-civ-spouse,,,White,Male,,0.0,48.0,United-States
26.0,Private,274724.0,,10.0,Never-married,Other-service,Other-relative,,Male,0.0,0.0,40.0,Nicaragua
,Private,196707.0,Prof-school,15.0,,,,White,,,0.0,40.0,United-States
31.0,Private,213002.0,12th,8.0,Never-married,Sales,Not-in-family,,Male,4650.0,0.0,,United-States
19.0,noValueSetHere123156456,26620.0,Some-college,10.0,Never-married,noValueSetHere123156456,Own-child,White,,,0.0,40.0,United-States
23.0,Private,,10th,,Married-civ-spouse,Other-service,Husband,,Male,0.0,0.0,40.0,noValueSetHere123156456
35.0,Private,148581.0,HS-grad,9.0,Married-civ-spouse,Craft-repair,,White,Male,0.0,,40.0,
46.0,Private,459189.0,Some-college,10.0,Married-civ-spouse,,Husband,,Male,0.0,1902.0,,
28.0,,214689.0,11th,7.0,,Craft-repair,,,Male,,,40.0,
58.0,,289364.0,Some-college,,,Exec-managerial,Husband,,,7688.0,,45.0,United-States
21.0,,174907.0,HS-grad,9.0,Never-married,Adm-clerical,,,Female,0.0,0.0,,United-States
50.0,Self-emp-not-inc,348099.0,,6.0,Divorced,Sales,Not-in-family,,,,,50.0,United-States
,noValueSetHere123156456,104965.0,9th,5.0,,noValueSetHere123156456,Not-in-family,White,,0.0,0.0,30.0,United-States
31.0,Private,31600.0,Bachelors,13.0,,Prof-specialty,Not-in-family,White,,0.0,0.0,,United-States
31.0,Self-emp-not-inc,286282.0,Bachelors,13.0,Married-civ-spouse,Adm-clerical,Wife,White,Female,0.0,0.0,,United-States
35.0,Self-emp-not-inc,181705.0,,,,Craft-repair,Husband,White,Male,3103.0,0.0,40.0,United-States
33.0,Private,238912.0,Doctorate,,Married-civ-spouse,,Husband,White,,,0.0,60.0,
34.0,,134737.0,Masters,,Married-civ-spouse,Prof-specialty,,White,Male,7688.0,0.0,55.0,United-States
67.0,,157403.0,Prof-school,15.0,Married-civ-spouse,noValueSetHere123156456,,White,Male,6418.0,0.0,10.0,
,,197429.0,HS-grad,9.0,Married-civ-spouse,,Husband,White,Male,0.0,0.0,45.0,
48.0,Private,,Masters,14.0,,Prof-specialty,Husband,White,Male,,0.0,,United-States
34.0,Federal-gov,67083.0,,13.0,Never-married,,Unmarried,,,1471.0,0.0,40.0,
,,,,,,,Own-child,White,,0.0,0.0,40.0,United-States
,,175942.0,,9.0,Divorced,,Not-in-family,White,Female,0.0,0.0,,France
50.0,Private,192982.0,,,Married-civ-spouse,,,White,Male,,1848.0,40.0,United-States
40.0,Private,209547.0,,13.0,Married-civ-spouse,,,White,,0.0,1977.0,60.0,United-States
33.0,,142675.0,,,Never-married,Handlers-cleaners,Not-in-family,White,Male,0.0,,30.0,United-States
51.0,Federal-gov,190333.0,,,,Craft-repair,Husband,White,Male,0.0,0.0,40.0,
,Private,196396.0,Some-college,10.0,Never-married,Machine-op-inspct,,White,,0.0,0.0,40.0,
41.0,Private,,,9.0,Married-civ-spouse,Machine-op-inspct,Husband,,Male,0.0,,40.0,
47.0,Local-gov,174533.0,Assoc-voc,,,Exec-managerial,,White,,0.0,0.0,,United-States
27.0,Private,210867.0,7th-8th,4.0,Never-married,,Own-child,White,Male,0.0,0.0,50.0,noValueSetHere123156456
,Private,118486.0,Bachelors,13.0,Separated,Prof-specialty,Unmarried,White,Female,,0.0,32.0,
40.0,,144067.0,Assoc-voc,11.0,Married-civ-spouse,Craft-repair,Husband,White,,,0.0,40.0,United-States
36.0,Private,,,9.0,Married-civ-spouse,Machine-op-inspct,Husband,White,Male,0.0,0.0,40.0,United-States
37.0,Private,,,9.0,Married-civ-spouse,Machine-op-inspct,,Black,Male,,0.0,,
38.0,,196554.0,,15.0,Separated,,,,Male,0.0,,35.0,United-States
40.0,,,,10.0,Married-civ-spouse,,Husband,White,Male,0.0,,50.0,United-States
35.0,Private,498216.0,Bachelors,,Divorced,Exec-managerial,,White,Female,,,,
47.0,Self-emp-not-inc,192755.0,HS-grad,9.0,Married-civ-spouse,Machine-op-inspct,Wife,,Female,0.0,0.0,20.0,United-States
20.0,,53738.0,Some-college,10.0,,,Own-child,White,Male,0.0,0.0,60.0,United-States
,Private,156192.0,Masters,14.0,Married-civ-spouse,Prof-specialty,Husband,White,,0.0,0.0,45.0,United-States
45.0,Private,189802.0,Some-college,10.0,Divorced,Adm-clerical,,White,Female,,0.0,,
66.0,,213149.0,Some-college,,,,Husband,White,Male,0.0,1825.0,40.0,United-States
35.0,Self-emp-not-inc,179171.0,HS-grad,9.0,,Sales,Unmarried,,Female,0.0,0.0,38.0,Germany
32.0,Private,77634.0,11th,7.0,Married-civ-spouse,Adm-clerical,,White,Male,0.0,0.0,45.0,United-States
,Private,189830.0,,10.0,Married-civ-spouse,Other-service,Husband,Black,Male,0.0,0.0,,United-States
,Private,127190.0,HS-grad,,Never-married,Other-service,Own-child,White,Female,0.0,0.0,15.0,
44.0,,174147.0,Some-college,,Married-civ-spouse,,Husband,,Male,,0.0,40.0,United-States
,Private,138107.0,HS-grad,,Never-married,Handlers-cleaners,Own-child,Black,Male,,,35.0,United-States
44.0,Self-emp-inc,269733.0,Bachelors,13.0,,Sales,Husband,White,Male,,0.0,30.0,United-States
,State-gov,227734.0,HS-grad,9.0,Married-civ-spouse,Adm-clerical,Husband,White,Male,3464.0,0.0,40.0,United-States
,Private,318822.0,Some-college,10.0,Never-married,,Other-relative,White,,0.0,,40.0,
,,48885.0,,,Divorced,,Not-in-family,White,Female,0.0,0.0,,United-States
45.0,Private,,Some-college,10.0,Married-civ-spouse,,Husband,,Male,,0.0,65.0,
40.0,,,,4.0,Married-civ-spouse,Other-service,Husband,Asian-Pac-Islander,Male,,0.0,,Cambodia
34.0,,,HS-grad,,Married-civ-spouse,Craft-repair,Husband,White,Male,,,55.0,United-States
,Private,154779.0,Some-college,10.0,Never-married,Sales,Other-relative,Other,,0.0,0.0,40.0,United-States
33.0,Private,180551.0,Some-college,,Separated,,Unmarried,,Female,0.0,0.0,,United-States
,Private,177522.0,,9.0,,Adm-clerical,Own-child,,Female,0.0,,20.0,
23.0,Private,277328.0,Some-college,10.0,Never-married,Handlers-cleaners,Own-child,White,Male,0.0,0.0,32.0,
34.0,Private,112584.0,10th,6.0,Divorced,Other-service,Unmarried,White,Female,0.0,,,United-States
48.0,State-gov,85384.0,,10.0,Married-civ-spouse,Craft-repair,,White,Male,,,40.0,
,noValueSetHere123156456,,11th,7.0,Divorced,noValueSetHere123156456,Not-in-family,,Female,,0.0,49.0,
42.0,,,Some-college,10.0,Married-civ-spouse,Craft-repair,,Black,Male,0.0,0.0,40.0,United-States
22.0,,112847.0,HS-grad,9.0,Never-married,Adm-clerical,Own-child,Asian-Pac-Islander,Male,0.0,0.0,,United-States
60.0,,52900.0,,9.0,Married-civ-spouse,Craft-repair,Husband,White,,0.0,,42.0,United-States
,Private,37937.0,,,,Exec-managerial,Husband,White,Male,0.0,,55.0,United-States
45.0,Private,59380.0,,13.0,Separated,Exec-managerial,,White,,,0.0,55.0,
47.0,Private,114770.0,,9.0,Divorced,Other-service,Own-child,White,Female,,0.0,32.0,United-States
29.0,Private,,Masters,14.0,Married-civ-spouse,Exec-managerial,Wife,White,Female,0.0,0.0,,United-States
34.0,Private,,Bachelors,13.0,Never-married,Sales,Not-in-family,,Male,0.0,0.0,38.0,United-States
,Private,,,13.0,Divorced,Prof-specialty,Unmarried,White,Female,0.0,0.0,40.0,United-States
39.0,Federal-gov,410034.0,,,Married-civ-spouse,Adm-clerical,Husband,White,,0.0,,40.0,United-States
29.0,Private,93662.0,Some-college,,Divorced,Prof-specialty,Unmarried,,Female,,0.0,,
42.0,Self-emp-inc,144236.0,Some-college,,Never-married,Sales,Not-in-family,,Male,,0.0,,United-States
48.0,Private,240917.0,11th,7.0,Separated,Other-service,Not-in-family,Black,Female,,,,United-States
,Private,608184.0,Bachelors,,Married-civ-spouse,Exec-managerial,,Black,Male,0.0,1902.0,40.0,United-States
51.0,Private,243361.0,Some-college,10.0,,Adm-clerical,Unmarried,,Female,0.0,0.0,45.0,United-States
44.0,,,Bachelors,,,,Husband,White,Male,0.0,0.0,90.0,
,Self-emp-inc,182655.0,Assoc-voc,11.0,Married-civ-spouse,Exec-managerial,Husband,White,Male,0.0,,60.0,United-States
,Private,142717.0,,16.0,,,Not-in-family,White,,4787.0,,,United-States
32.0,Private,272944.0,Some-college,10.0,Never-married,Craft-repair,Not-in-family,White,,0.0,,,United-States
22.0,noValueSetHere123156456,219233.0,HS-grad,9.0,Never-married,noValueSetHere123156456,Own-child,Black,Male,0.0,1602.0,,United-States
,Private,228686.0,,10.0,,,,White,Male,0.0,,45.0,United-States
33.0,,236818.0,,11.0,Never-married,Prof-specialty,Unmarried,Black,Female,0.0,0.0,26.0,United-States
47.0,Self-emp-not-inc,,HS-grad,9.0,Married-AF-spouse,Craft-repair,Husband,White,Male,0.0,,,United-States
64.0,Self-emp-not-inc,106538.0,,,Divorced,Prof-specialty,Not-in-family,,,,0.0,50.0,
62.0,,153891.0,Bachelors,,Married-civ-spouse,Exec-managerial,Husband,White,,0.0,0.0,50.0,United-States
,Private,190909.0,HS-grad,9.0,,Exec-managerial,Husband,White,Male,0.0,0.0,40.0,United-States
39.0,Private,191002.0,HS-grad,9.0,Never-married,Sales,Not-in-family,,,0.0,0.0,40.0,
42.0,Private,89073.0,HS-grad,9.0,Married-civ-spouse,Prof-specialty,Husband,White,,0.0,0.0,48.0,United-States
38.0,Federal-gov,,Bachelors,13.0,Married-civ-spouse,Sales,,White,Male,7688.0,0.0,42.0,United-States
55.0,Private,259532.0,7th-8th,4.0,Married-civ-spouse,Transport-moving,Husband,White,Male,0.0,0.0,,United-States
29.0,noValueSetHere123156456,,HS-grad,9.0,,noValueSetHere123156456,Not-in-family,White,,,,27.0,United-States
,Private,,Assoc-acdm,12.0,Divorced,,Not-in-family,White,Female,0.0,0.0,24.0,United-States
30.0,Private,205659.0,Assoc-acdm,,,,Wife,White,Female,0.0,,50.0,Thailand
32.0,,182323.0,9th,5.0,,,Husband,White,Male,0.0,,40.0,
,,216256.0,HS-grad,9.0,Married-civ-spouse,noValueSetHere123156456,Husband,White,,3464.0,0.0,,United-States
50.0,Federal-gov,166419.0,11th,7.0,,Sales,,Black,Female,,0.0,40.0,United-States
27.0,Private,152246.0,,,Never-married,Machine-op-inspct,Own-child,,Male,,0.0,40.0,Philippines
,,,HS-grad,9.0,,Exec-managerial,Husband,White,Male,0.0,,60.0,United-States
33.0,Private,155198.0,9th,,Divorced,Machine-op-inspct,Not-in-family,White,,,,35.0,
48.0,Self-emp-not-inc,100931.0,,,,,,White,Male,0.0,0.0,40.0,United-States
23.0,Private,162945.0,7th-8th,4.0,Never-married,Other-service,Own-child,White,Male,0.0,0.0,35.0,United-States
31.0,Federal-gov,334346.0,Bachelors,,,Exec-managerial,,,Male,0.0,0.0,40.0,United-States
26.0,Private,181597.0,,,Married-civ-spouse,Machine-op-inspct,Husband,Black,Male,0.0,0.0,40.0,United-States
61.0,Self-emp-not-inc,133969.0,HS-grad,9.0,Married-civ-spouse,,Husband,Asian-Pac-Islander,,,0.0,63.0,South
50.0,Private,210217.0,Bachelors,13.0,Divorced,Sales,Unmarried,Black,,0.0,0.0,40.0,United-States
49.0,Private,169711.0,Assoc-voc,,Married-civ-spouse,Prof-specialty,Husband,White,,0.0,0.0,40.0,Germany
57.0,noValueSetHere123156456,300104.0,5th-6th,,Married-civ-spouse,,Husband,White,,7298.0,0.0,,United-States
,Private,271521.0,HS-grad,,Never-married,,,Asian-Pac-Islander,Male,,0.0,24.0,United-States
,,51255.0,,7.0,,Handlers-cleaners,Own-child,White,Male,0.0,0.0,,United-States
44.0,Self-emp-not-inc,26669.0,,,Married-civ-spouse,Other-service,,White,Female,0.0,0.0,,United-States
,Private,194580.0,Assoc-voc,11.0,Married-civ-spouse,Sales,Husband,White,,0.0,,50.0,United-States
35.0,,177974.0,HS-grad,9.0,Married-civ-spouse,,,White,Male,,0.0,40.0,United-States
,State-gov,315640.0,Masters,14.0,Never-married,Prof-specialty,Not-in-family,Asian-Pac-Islander,Male,,0.0,20.0,
,Self-emp-inc,136913.0,HS-grad,,Married-civ-spouse,Farming-fishing,Husband,White,,,0.0,50.0,United-States
43.0,,230961.0,HS-grad,9.0,Married-civ-spouse,Craft-repair,Husband,White,,,0.0,,
28.0,,167062.0,Some-college,10.0,Divorced,Adm-clerical,Unmarried,White,,0.0,0.0,40.0,United-States
47.0,Private,120131.0,HS-grad,,Married-civ-spouse,Exec-managerial,Husband,,Male,,0.0,40.0,United-States
,Private,,Preschool,1.0,,Farming-fishing,,White,,0.0,0.0,50.0,
30.0,Private,171876.0,Prof-school,15.0,,Prof-specialty,Not-in-family,White,Female,0.0,0.0,45.0,United-States
19.0,Private,,HS-grad,,Never-married,Craft-repair,Own-child,,Male,0.0,0.0,45.0,
40.0,Private,316820.0,,10.0,Married-civ-spouse,,Husband,White,Male,,1485.0,40.0,United-States
55.0,,,,14.0,,Sales,Husband,White,Male,0.0,0.0,50.0,United-States
,,81761.0,HS-grad,9.0,,noValueSetHere123156456,Own-child,,,0.0,0.0,20.0,United-States
31.0,,43716.0,,11.0,Divorced,,Unmarried,White,,0.0,,43.0,United-States
,,220939.0,Assoc-voc,11.0,Divorced,Exec-managerial,Not-in-family,White,Male,0.0,0.0,40.0,
,noValueSetHere123156456,,Preschool,1.0,Married-civ-spouse,noValueSetHere123156456,Wife,,,0.0,,40.0,Mexico
51.0,Federal-gov,40808.0,,13.0,Never-married,Prof-specialty,Not-in-family,,Female,0.0,0.0,43.0,
34.0,Private,,HS-grad,9.0,Divorced,Transport-moving,Own-child,,Female,0.0,0.0,40.0,
,,,Masters,,Married-civ-spouse,Exec-managerial,Husband,White,Male,0.0,0.0,45.0,United-States
50.0,Private,204838.0,HS-grad,,Divorced,Exec-managerial,Unmarried,White,Female,,0.0,38.0,United-States
29.0,Private,132686.0,,9.0,,Machine-op-inspct,Unmarried,,Male,0.0,,40.0,
17.0,State-gov,,10th,6.0,,Farming-fishing,Own-child,White,Male,,0.0,,United-States
24.0,Private,304386.0,HS-grad,,Never-married,Other-service,,White,,0.0,0.0,30.0,
52.0,noValueSetHere123156456,248113.0,Preschool,1.0,Married-spouse-absent,noValueSetHere123156456,,White,Male,0.0,0.0,40.0,
,Private,165215.0,Masters,14.0,Married-civ-spouse,Prof-specialty,Wife,,Female,,1902.0,,United-States
18.0,noValueSetHere123156456,215463.0,12th,8.0,,noValueSetHere123156456,,White,Female,,0.0,25.0,United-States
32.0,Private,259719.0,,10.0,Divorced,Handlers-cleaners,,Black,Male,,0.0,40.0,Nicaragua
25.0,noValueSetHere123156456,,Some-college,10.0,Divorced,noValueSetHere123156456,Unmarried,White,Female,,0.0,50.0,United-States
34.0,Private,,HS-grad,9.0,,Machine-op-inspct,Not-in-family,,Female,0.0,0.0,45.0,
44.0,Self-emp-not-inc,124692.0,HS-grad,9.0,,Prof-specialty,Husband,,Male,0.0,1902.0,40.0,United-States
37.0,Local-gov,128054.0,Some-college,10.0,Divorced,Adm-clerical,Unmarried,White,Female,0.0,0.0,40.0,United-States
39.0,Private,179731.0,Masters,14.0,,Exec-managerial,Wife,White,,0.0,2415.0,,United-States
,Self-emp-inc,113543.0,Prof-school,15.0,Married-civ-spouse,Prof-specialty,Husband,White,Male,0.0,0.0,40.0,United-States
23.0,Private,,Some-college,,,Other-service,,White,,,,28.0,United-States
45.0,Federal-gov,,Some-college,10.0,Divorced,Adm-clerical,Unmarried,White,Male,0.0,0.0,42.0,
30.0,,,11th,,Divorced,,Own-child,,Male,0.0,,40.0,United-States
,Private,,12th,,Divorced,,Not-in-family,,Female,,,10.0,United-States
41.0,,,,,,Craft-repair,Husband,White,,0.0,0.0,,Peru
21.0,Private,34918.0,HS-grad,9.0,Never-married,,Own-child,White,Female,,0.0,30.0,United-States
48.0,,91251.0,7th-8th,4.0,Married-civ-spouse,,Husband,,Male,0.0,,,China
31.0,,132996.0,,9.0,Married-civ-spouse,Prof-specialty,Husband,White,Male,,0.0,45.0,
34.0,Private,306215.0,Assoc-voc,,Never-married,Handlers-cleaners,,Black,Male,0.0,0.0,40.0,
,Private,203570.0,HS-grad,9.0,,Other-service,Unmarried,Black,Male,0.0,,40.0,United-States
41.0,Self-emp-not-inc,355918.0,Bachelors,13.0,Separated,,Not-in-family,White,Male,,0.0,35.0,United-States
35.0,Self-emp-not-inc,198841.0,Prof-school,15.0,Married-civ-spouse,Prof-specialty,,White,Male,0.0,0.0,,United-States
42.0,,282964.0,Bachelors,13.0,Divorced,Exec-managerial,,White,Female,,0.0,40.0,United-States
,Self-emp-not-inc,312197.0,HS-grad,9.0,Married-civ-spouse,Transport-moving,,White,,0.0,0.0,75.0,
,Private,98779.0,10th,,Married-civ-spouse,Machine-op-inspct,Husband,,,,0.0,60.0,
,Private,200246.0,Bachelors,13.0,Married-civ-spouse,Exec-managerial,Husband,,,0.0,0.0,40.0,
25.0,,182771.0,Some-college,10.0,,,,,,,0.0,40.0,
23.0,Private,,11th,,Married-civ-spouse,Transport-moving,Husband,White,Male,,0.0,50.0,United-States
36.0,,172104.0,Prof-school,,,Prof-specialty,Not-in-family,Other,Male,,0.0,40.0,India
,Self-emp-not-inc,35295.0,Bachelors,13.0,,,Unmarried,White,,0.0,0.0,60.0,United-States
27.0,Private,216858.0,Doctorate,16.0,,Prof-specialty,Not-in-family,,Male,0.0,0.0,,United-States
27.0,,332187.0,Bachelors,13.0,Never-married,Adm-clerical,Not-in-family,,Female,0.0,0.0,,United-States
57.0,Private,255109.0,HS-grad,9.0,Never-married,Exec-managerial,Not-in-family,White,Female,0.0,,,United-States
,Private,111332.0,,,Never-married,Sales,Own-child,White,,,,20.0,United-States
59.0,Local-gov,238431.0,HS-grad,9.0,Divorced,Adm-clerical,Unmarried,White,Female,0.0,0.0,38.0,
34.0,Private,131552.0,HS-grad,,Never-married,Other-service,Own-child,White,Female,0.0,0.0,40.0,United-States
30.0,Private,110239.0,10th,6.0,,Transport-moving,Husband,White,,0.0,0.0,55.0,
31.0,State-gov,255830.0,,12.0,Never-married,Adm-clerical,Own-child,Black,,0.0,0.0,45.0,United-States
,,,11th,7.0,,noValueSetHere123156456,Own-child,,,0.0,0.0,40.0,United-States
,Private,82998.0,Some-college,10.0,,Sales,,,Male,0.0,0.0,,United-States
19.0,Private,164320.0,,,,Transport-moving,,White,Male,0.0,0.0,40.0,
,Self-emp-not-inc,,Assoc-voc,11.0,Never-married,Farming-fishing,Own-child,,Male,,,,
,Self-emp-not-inc,162381.0,HS-grad,,Divorced,Sales,,White,,0.0,,40.0,United-States
,Local-gov,229651.0,Bachelors,13.0,Married-civ-spouse,Prof-specialty,,White,,0.0,0.0,,United-States
27.0,Private,357348.0,HS-grad,9.0,,Other-service,Unmarried,White,Female,0.0,0.0,,
19.0,Private,269657.0,,10.0,Never-married,,Not-in-family,White,,0.0,0.0,35.0,
,Local-gov,82880.0,Bachelors,13.0,Married-civ-spouse,,Wife,White,Female,,0.0,15.0,United-States
19.0,Private,389755.0,HS-grad,9.0,Never-married,Handlers-cleaners,Own-child,,Male,0.0,0.0,16.0,United-States
34.0,Private,195136.0,Bachelors,13.0,Married-civ-spouse,,Wife,White,Female,,,,
,Private,207685.0,HS-grad,,Married-civ-spouse,Transport-moving,Husband,White,Male,0.0,,45.0,noValueSetHere123156456
23.0,Private,222925.0,HS-grad,9.0,Married-civ-spouse,Machine-op-inspct,Own-child,White,Female,,,,United-States
24.0,noValueSetHere123156456,196388.0,Assoc-acdm,12.0,Never-married,noValueSetHere123156456,Not-in-family,White,Male,0.0,,,United-States
,Private,,,13.0,,Adm-clerical,,,Female,,0.0,40.0,
22.0,Private,214134.0,10th,6.0,Never-married,Transport-moving,,,Male,,0.0,,United-States
,Private,114032.0,Prof-school,15.0,Married-civ-spouse,,,,,0.0,0.0,60.0,United-States
45.0,Private,,HS-grad,9.0,Married-civ-spouse,Exec-managerial,Husband,White,Male,,0.0,60.0,
,Private,,Bachelors,13.0,Married-civ-spouse,Exec-managerial,Husband,Asian-Pac-Islander,Male,0.0,0.0,40.0,Japan
42.0,Private,44402.0,Bachelors,13.0,,,,White,Male,0.0,,60.0,United-States
35.0,Self-emp-not-inc,,Some-college,,Married-civ-spouse,Sales,Husband,White,Male,0.0,0.0,50.0,United-States
32.0,,163530.0,,,Divorced,Other-service,Unmarried,Amer-Indian-Eskimo,Female,0.0,0.0,40.0,
51.0,Local-gov,136823.0,HS-grad,9.0,Married-civ-spouse,Exec-managerial,Wife,White,,,0.0,32.0,United-States
59.0,Private,,,10.0,Married-civ-spouse,Exec-managerial,Husband,,Male,0.0,0.0,40.0,United-States
31.0,,,HS-grad,9.0,Never-married,Transport-moving,Own-child,,Male,,0.0,,United-States
,Local-gov,74056.0,,,Never-married,Tech-support,Not-in-family,White,,0.0,,50.0,United-States
29.0,Private,,Bachelors,13.0,Married-civ-spouse,Handlers-cleaners,Husband,Black,Male,4386.0,0.0,80.0,noValueSetHere123156456
57.0,,182028.0,,12.0,,Adm-clerical,Not-in-family,White,Female,0.0,0.0,35.0,
40.0,Private,209040.0,HS-grad,9.0,Never-married,,Not-in-family,White,Male,0.0,0.0,40.0,United-States
,Private,,,9.0,,Machine-op-inspct,,White,Male,,0.0,40.0,United-States
23.0,,182494.0,,,Never-married,,,,Male,0.0,0.0,40.0,
42.0,Private,185057.0,HS-grad,,Separated,Adm-clerical,Unmarried,White,Female,0.0,0.0,35.0,
60.0,,147473.0,HS-grad,9.0,Married-civ-spouse,Sales,Husband,White,Male,,0.0,40.0,United-States
53.0,Local-gov,221722.0,,14.0,Never-married,Exec-managerial,,,Female,14344.0,0.0,,United-States
,noValueSetHere123156456,,Some-college,10.0,Never-married,noValueSetHere123156456,Own-child,White,Female,0.0,0.0,40.0,United-States
,Private,,HS-grad,9.0,Never-married,,Own-child,White,Male,,,,United-States
31.0,Private,,HS-grad,9.0,Married-civ-spouse,Transport-moving,Husband,White,Male,,0.0,45.0,United-States
,State-gov,382272.0,Bachelors,13.0,Never-married,Craft-repair,Not-in-family,White,Male,0.0,0.0,,United-States
22.0,Private,48347.0,Bachelors,,Never-married,Farming-fishing,Own-child,,Male,0.0,0.0,40.0,
42.0,Private,143046.0,Bachelors,,Never-married,,Not-in-family,,Female,0.0,1564.0,38.0,United-States
63.0,Self-emp-inc,137940.0,Prof-school,15.0,Married-civ-spouse,Prof-specialty,Husband,,Male,15024.0,0.0,,
,,249571.0,HS-grad,9.0,Married-civ-spouse,Sales,Husband,White,Male,0.0,0.0,40.0,
79.0,,121318.0,Some-college,10.0,Married-civ-spouse,Adm-clerical,,White,Male,0.0,0.0,20.0,United-States
,Private,224531.0,,9.0,Married-civ-spouse,Craft-repair,Husband,White,Male,7298.0,0.0,40.0,United-States
29.0,Private,185019.0,12th,,Never-married,Other-service,,Other,Male,0.0,0.0,40.0,
60.0,Private,27886.0,,,Divorced,,Not-in-family,White,Male,0.0,,,United-States
58.0,Private,94741.0,12th,8.0,,Other-service,Wife,White,Female,0.0,0.0,24.0,United-States
20.0,Private,107801.0,Assoc-acdm,12.0,Never-married,Other-service,Own-child,White,Female,0.0,2205.0,18.0,United-States
44.0,Private,191256.0,,9.0,Married-civ-spouse,Transport-moving,,White,Male,,0.0,65.0,United-States
47.0,Private,256866.0,HS-grad,9.0,,Transport-moving,Husband,,,0.0,0.0,48.0,United-States
59.0,Private,,HS-grad,9.0,Married-civ-spouse,Protective-serv,Husband,White,Male,,0.0,24.0,United-States
37.0,Private,,Masters,14.0,Divorced,,Not-in-family,,Male,0.0,,65.0,United-States
,,118657.0,HS-grad,9.0,,Machine-op-inspct,Other-relative,White,Male,0.0,0.0,40.0,United-States
,Private,224338.0,Assoc-voc,11.0,Widowed,Exec-managerial,Not-in-family,White,,0.0,0.0,40.0,United-States
,,242488.0,Some-college,10.0,,Adm-clerical,Husband,White,Male,5013.0,0.0,40.0,United-States
23.0,noValueSetHere123156456,234970.0,Some-college,10.0,Never-married,,Own-child,Black,,0.0,0.0,40.0,United-States
23.0,Private,227915.0,HS-grad,9.0,Never-married,,Unmarried,,Female,0.0,,33.0,
40.0,,105717.0,Masters,,Never-married,Adm-clerical,Not-in-family,White,Female,0.0,1876.0,35.0,United-States
45.0,Self-emp-not-inc,160962.0,,,Never-married,Sales,,White,Female,0.0,0.0,35.0,United-States
34.0,,,Assoc-voc,11.0,Married-civ-spouse,,Husband,White,Male,3103.0,0.0,,United-States
22.0,Private,188950.0,Some-college,10.0,,Tech-support,Own-child,White,,0.0,0.0,40.0,
,Private,,,13.0,Married-civ-spouse,,Husband,White,Male,0.0,0.0,50.0,United-States
,Private,218678.0,,10.0,Never-married,Sales,Not-in-family,White,Male,0.0,,,United-States
23.0,,184255.0,,9.0,,Sales,Wife,White,Female,0.0,0.0,40.0,
,Federal-gov,,Some-college,10.0,Married-civ-spouse,Adm-clerical,Other-relative,White,Male,,0.0,45.0,United-States
,Private,102264.0,Some-college,10.0,Never-married,Craft-repair,Not-in-family,White,,0.0,0.0,40.0,United-States
24.0,,300584.0,,9.0,,Handlers-cleaners,Unmarried,White,Male,0.0,0.0,,United-States
22.0,Private,208946.0,Some-college,10.0,Never-married,,,White,Male,,0.0,,United-States
36.0,Private,,Bachelors,13.0,,Prof-specialty,,White,,0.0,0.0,,United-States
20.0,Private,124751.0,,10.0,Never-married,,,White,Female,,0.0,20.0,
,,274057.0,11th,7.0,Never-married,Other-service,Own-child,Black,Male,0.0,0.0,,United-States
38.0,Private,132879.0,Bachelors,13.0,Married-civ-spouse,Exec-managerial,,White,,0.0,0.0,40.0,United-States
,Self-emp-inc,260960.0,Bachelors,13.0,Divorced,,Not-in-family,White,,0.0,0.0,35.0,United-States
56.0,Private,208415.0,HS-grad,,Divorced,Exec-managerial,Not-in-family,Black,,0.0,0.0,40.0,
42.0,Private,356934.0,Masters,,Married-civ-spouse,Exec-managerial,,White,Male,,0.0,40.0,United-States
,,154410.0,Bachelors,13.0,Married-civ-spouse,Exec-managerial,Husband,White,Male,,0.0,50.0,United-States
31.0,Private,,,10.0,,Adm-clerical,Not-in-family,,Female,0.0,0.0,45.0,United-States
73.0,Private,301210.0,1st-4th,,,Transport-moving,Husband,White,Male,,1735.0,,United-States
32.0,,73621.0,Some-college,10.0,Divorced,Exec-managerial,Unmarried,White,Female,0.0,0.0,42.0,United-States
,,108140.0,Masters,14.0,Married-civ-spouse,Exec-managerial,Husband,White,Male,15024.0,,45.0,
,Private,217198.0,HS-grad,9.0,Married-civ-spouse,Handlers-cleaners,Husband,,,0.0,,10.0,United-States
22.0,,,,,Never-married,Other-service,Own-child,White,Female,0.0,0.0,,United-States
51.0,Private,202956.0,Assoc-voc,11.0,Married-civ-spouse,Sales,Husband,White,Male,,0.0,40.0,United-States
31.0,Private,173495.0,,9.0,Never-married,Other-service,Own-child,White,,0.0,0.0,,United-States
65.0,Private,149811.0,HS-grad,9.0,Divorced,Adm-clerical,Unmarried,White,Female,,2206.0,,Canada
39.0,Private,444219.0,HS-grad,9.0,Married-civ-spouse,Craft-repair,Wife,,Female,0.0,0.0,45.0,
48.0,Private,,Some-college,10.0,,Adm-clerical,Wife,White,,,0.0,37.0,United-States
,,190429.0,Some-college,10.0,Never-married,,,White,Female,,0.0,40.0,United-States
28.0,noValueSetHere123156456,,Assoc-acdm,12.0,,noValueSetHere123156456,Other-relative,White,Male,0.0,0.0,40.0,United-States
48.0,Private,248164.0,Bachelors,13.0,Married-civ-spouse,Sales,Husband,White,Male,4386.0,0.0,50.0,
29.0,Federal-gov,208534.0,,15.0,Married-civ-spouse,Prof-specialty,,,,0.0,,80.0,United-States
36.0,Self-emp-not-inc,343721.0,Doctorate,,Never-married,Prof-specialty,,,Male,0.0,,30.0,
,Self-emp-inc,,,13.0,Married-civ-spouse,Exec-managerial,Husband,White,Male,0.0,,45.0,United-States
,,433788.0,Some-college,10.0,Married-civ-spouse,,Husband,,Male,0.0,0.0,40.0,United-States
48.0,,122086.0,HS-grad,,Married-civ-spouse,Protective-serv,Husband,,Male,0.0,0.0,40.0,United-States
36.0,Private,,Assoc-voc,11.0,,Tech-support,Not-in-family,White,,0.0,0.0,45.0,United-States
40.0,Self-emp-not-inc,33068.0,HS-grad,9.0,,Farming-fishing,Husband,,Male,0.0,,50.0,United-States
57.0,Private,210688.0,HS-grad,9.0,,Prof-specialty,,,Male,,,,United-States
26.0,Local-gov,117833.0,Bachelors,13.0,Never-married,Prof-specialty,Not-in-family,White,Female,4865.0,0.0,,United-States
37.0,,103474.0,HS-grad,,,Other-service,Own-child,White,Female,0.0,0.0,40.0,United-States
,Private,115880.0,Doctorate,16.0,Married-civ-spouse,Exec-managerial,Husband,White,Male,0.0,0.0,40.0,United-States
26.0,Self-emp-not-inc,233933.0,,6.0,Never-married,Prof-specialty,,White,Female,,,,United-States
42.0,Private,,Some-college,,,Tech-support,Husband,,Male,0.0,0.0,40.0,United-States
47.0,Private,586657.0,Masters,,Married-civ-spouse,Exec-managerial,,White,Male,0.0,0.0,40.0,Japan
,Private,113080.0,7th-8th,4.0,Divorced,Craft-repair,Own-child,White,Male,0.0,0.0,,United-States
27.0,,,Assoc-voc,,Never-married,Exec-managerial,Own-child,White,Male,,0.0,50.0,United-States
76.0,Self-emp-not-inc,225964.0,Some-college,10.0,Widowed,Sales,Not-in-family,White,,0.0,0.0,8.0,United-States
20.0,noValueSetHere123156456,194096.0,Some-college,10.0,Never-married,noValueSetHere123156456,Own-child,White,Female,0.0,0.0,40.0,United-States
29.0,Private,263831.0,,13.0,,,,White,Female,0.0,0.0,,United-States
29.0,Private,133136.0,12th,8.0,Married-civ-spouse,Transport-moving,Husband,,Male,0.0,0.0,40.0,United-States
32.0,Private,121634.0,10th,6.0,Never-married,Machine-op-inspct,Own-child,White,Male,0.0,,40.0,Mexico
22.0,Self-emp-inc,,Some-college,10.0,Married-civ-spouse,,Husband,White,Male,0.0,0.0,40.0,United-States
30.0,,,HS-grad,9.0,Never-married,Adm-clerical,Not-in-family,Black,Female,0.0,0.0,,United-States
43.0,Local-gov,311914.0,,10.0,Divorced,Adm-clerical,Not-in-family,White,Female,0.0,0.0,,United-States
,Private,,Bachelors,13.0,Married-civ-spouse,,Husband,White,Male,0.0,,20.0,United-States
44.0,Federal-gov,344060.0,Prof-school,15.0,Married-civ-spouse,Prof-specialty,Husband,,,,0.0,40.0,United-States
41.0,Private,113823.0,,,Divorced,Other-service,Not-in-family,White,Male,0.0,,,United-States
49.0,State-gov,185800.0,Masters,14.0,Divorced,Prof-specialty,Unmarried,,Female,7430.0,0.0,,United-States
30.0,Private,,HS-grad,9.0,,Transport-moving,Not-in-family,White,Male,,0.0,45.0,
23.0,Private,,Some-college,10.0,,Handlers-cleaners,Own-child,White,,0.0,,35.0,United-States
39.0,Private,238008.0,HS-grad,9.0,Widowed,Adm-clerical,Own-child,White,,0.0,0.0,40.0,United-States
32.0,,136480.0,Bachelors,13.0,Married-civ-spouse,Sales,Husband,White,Male,0.0,0.0,60.0,United-States
,Private,285200.0,Some-college,10.0,Married-civ-spouse,,Husband,,Male,,1887.0,35.0,
19.0,Private,351040.0,Some-college,10.0,,Adm-clerical,Own-child,White,Female,0.0,0.0,40.0,Puerto-Rico
35.0,Private,1226583.0,Bachelors,13.0,Married-civ-spouse,,Husband,White,,0.0,0.0,52.0,United-States
23.0,Private,195767.0,,9.0,Never-married,,Not-in-family,White,Male,0.0,0.0,40.0,United-States
,Private,,Some-college,,,Craft-repair,Not-in-family,White,Male,0.0,0.0,40.0,United-States
,Private,79372.0,HS-grad,,Divorced,,Not-in-family,,Female,0.0,,40.0,United-States
30.0,Private,226665.0,,13.0,Married-civ-spouse,Exec-managerial,Husband,Black,,0.0,0.0,42.0,United-States
52.0,,213209.0,,10.0,Married-civ-spouse,Craft-repair,,,Male,0.0,0.0,40.0,United-States
49.0,Private,211005.0,Some-college,10.0,Married-civ-spouse,Machine-op-inspct,Husband,Black,,,0.0,60.0,
24.0,,96178.0,,13.0,Never-married,Adm-clerical,Own-child,White,Female,0.0,0.0,40.0,United-States
46.0,Private,,Bachelors,13.0,,,Husband,,Male,15024.0,0.0,,United-States
,,110713.0,,13.0,Married-civ-spouse,,Husband,White,Male,0.0,,50.0,United-States
45.0,Self-emp-not-inc,225456.0,Bachelors,13.0,,Exec-managerial,Husband,,Male,0.0,0.0,50.0,United-States
62.0,Local-gov,159908.0,Bachelors,13.0,Married-civ-spouse,Adm-clerical,,White,Female,0.0,1258.0,,
43.0,,118308.0,Bachelors,,,,Husband,,Male,,,50.0,United-States
45.0,Private,,Some-college,10.0,Divorced,Machine-op-inspct,Unmarried,White,Female,0.0,0.0,40.0,United-States
62.0,,39630.0,HS-grad,,Married-civ-spouse,Sales,,White,Male,0.0,,,United-States
48.0,,,5th-6th,3.0,Never-married,Handlers-cleaners,Not-in-family,White,Male,0.0,0.0,40.0,Mexico
56.0,Private,,HS-grad,9.0,Divorced,Other-service,Unmarried,,Female,0.0,,40.0,Jamaica
28.0,,,HS-grad,9.0,Never-married,Farming-fishing,Unmarried,White,,0.0,,35.0,United-States
23.0,Private,664670.0,HS-grad,9.0,Never-married,Craft-repair,Own-child,Black,Male,0.0,,40.0,United-States
43.0,Private,209149.0,HS-grad,,Divorced,Other-service,Not-in-family,White,,0.0,,35.0,
26.0,Private,84619.0,Bachelors,13.0,Married-civ-spouse,,Husband,White,Male,0.0,0.0,40.0,United-States
,Private,447346.0,HS-grad,,Married-civ-spouse,,Husband,White,Male,,,50.0,United-States
55.0,Local-gov,37869.0,Doctorate,,Never-married,Prof-specialty,Not-in-family,White,Female,0.0,,60.0,
,State-gov,99086.0,Bachelors,13.0,Never-married,Exec-managerial,Not-in-family,White,Female,0.0,0.0,50.0,
43.0,Private,143582.0,5th-6th,,Married-civ-spouse,Machine-op-inspct,Wife,Asian-Pac-Islander,,0.0,2129.0,72.0,
,Private,326886.0,Assoc-voc,,,Exec-managerial,Husband,White,Male,0.0,0.0,45.0,
,Private,181755.0,HS-grad,,,Sales,Not-in-family,White,Male,0.0,0.0,,
,Self-emp-not-inc,249368.0,HS-grad,9.0,,Exec-managerial,Not-in-family,,Male,,0.0,70.0,United-States
,Self-emp-not-inc,,Masters,14.0,Never-married,Prof-specialty,,White,,0.0,,40.0,United-States
,Private,504725.0,,3.0,Separated,Handlers-cleaners,Not-in-family,White,Male,0.0,0.0,50.0,Mexico
36.0,,88967.0,11th,,,Transport-moving,,Amer-Indian-Eskimo,Male,0.0,0.0,65.0,United-States
42.0,Self-emp-not-inc,,HS-grad,9.0,,Craft-repair,Husband,,Male,0.0,2002.0,,United-States
,Private,148953.0,HS-grad,,Married-civ-spouse,Transport-moving,Husband,White,,0.0,,50.0,United-States
17.0,Private,342752.0,,,Never-married,,,White,Male,0.0,0.0,20.0,United-States
57.0,Private,,7th-8th,4.0,,Machine-op-inspct,Unmarried,Black,Female,0.0,,40.0,United-States
,Private,29675.0,HS-grad,,Widowed,Other-service,,White,Female,,,12.0,
50.0,Federal-gov,183611.0,Some-college,10.0,,Adm-clerical,Not-in-family,White,Male,0.0,0.0,40.0,United-States
35.0,Private,,,10.0,,Transport-moving,Own-child,White,Male,0.0,0.0,45.0,
,,152231.0,Some-college,10.0,Married-civ-spouse,Machine-op-inspct,Husband,White,Male,,,45.0,United-States
24.0,noValueSetHere123156456,,,10.0,Never-married,noValueSetHere123156456,Not-in-family,,Female,0.0,0.0,40.0,
27.0,Private,225142.0,Some-college,10.0,,,,White,Male,,0.0,40.0,
23.0,Self-emp-not-inc,121313.0,HS-grad,9.0,Never-married,Craft-repair,,White,Male,0.0,0.0,,United-States
25.0,Private,134821.0,HS-grad,9.0,Never-married,,Own-child,White,Female,0.0,0.0,40.0,United-States
51.0,Private,311350.0,Bachelors,13.0,,Exec-managerial,Husband,White,Male,0.0,0.0,40.0,
26.0,,,10th,,Married-civ-spouse,,Wife,White,Female,,0.0,40.0,United-States
47.0,Private,427055.0,Some-college,10.0,Married-civ-spouse,Adm-clerical,Husband,White,Male,,0.0,45.0,Mexico
40.0,,117860.0,HS-grad,9.0,Divorced,Other-service,,Black,Male,0.0,,,United-States
,Private,285885.0,,5.0,,,,,Female,0.0,0.0,40.0,United-States
25.0,Private,212800.0,,10.0,Never-married,Sales,Own-child,White,Female,0.0,0.0,40.0,United-States
29.0,Private,194864.0,HS-grad,9.0,Married-civ-spouse,,,White,,0.0,0.0,,United-States
36.0,Private,31438.0,11th,7.0,Married-civ-spouse,Transport-moving,Husband,White,Male,0.0,0.0,43.0,
46.0,Private,,HS-grad,9.0,Divorced,Exec-managerial,Not-in-family,White,,0.0,0.0,,
69.0,Private,113035.0,1st-4th,2.0,,Priv-house-serv,,Black,Female,,0.0,4.0,United-States
69.0,,106595.0,HS-grad,9.0,Widowed,Adm-clerical,Not-in-family,White,,1848.0,0.0,40.0,United-States
28.0,,144521.0,HS-grad,9.0,Never-married,Other-service,Own-child,Black,Female,0.0,0.0,40.0,United-States
20.0,Private,172232.0,HS-grad,9.0,Never-married,Adm-clerical,,,Male,0.0,0.0,48.0,United-States
54.0,State-gov,123592.0,HS-grad,9.0,Separated,Adm-clerical,Unmarried,Black,Female,3887.0,0.0,35.0,United-States
25.0,Private,191921.0,Some-college,10.0,,Transport-moving,Own-child,White,Male,0.0,,40.0,United-States
64.0,Local-gov,,HS-grad,9.0,Married-civ-spouse,Handlers-cleaners,,White,,,0.0,40.0,United-States
,Private,208463.0,HS-grad,9.0,Never-married,Sales,Own-child,White,Female,,0.0,20.0,United-States
53.0,Federal-gov,68985.0,,9.0,Married-civ-spouse,,Husband,White,Male,0.0,0.0,40.0,
50.0,Private,22418.0,9th,5.0,Divorced,Transport-moving,,White,,0.0,0.0,50.0,United-States
,,163047.0,HS-grad,9.0,Married-civ-spouse,Exec-managerial,Wife,,Female,0.0,0.0,38.0,United-States
,,153870.0,Some-college,10.0,Married-civ-spouse,Transport-moving,,White,Male,0.0,2603.0,40.0,
20.0,,124954.0,Some-college,10.0,Never-married,,Own-child,White,Male,0.0,,30.0,United-States
47.0,Private,197702.0,,,Married-civ-spouse,,,White,Male,0.0,,40.0,United-States
,Private,166415.0,HS-grad,,,,Unmarried,,,0.0,0.0,52.0,United-States
50.0,State-gov,116211.0,Prof-school,,,,Husband,White,,,0.0,,United-States
,,33644.0,HS-grad,9.0,Never-married,,Own-child,White,,0.0,,30.0,United-States
43.0,State-gov,33331.0,Prof-school,15.0,Married-civ-spouse,Prof-specialty,Husband,,Male,,1977.0,,United-States
,Private,,Bachelors,13.0,Never-married,,,White,Female,0.0,0.0,40.0,United-States
54.0,,169182.0,,,Separated,Adm-clerical,,,,0.0,0.0,,Puerto-Rico
53.0,Private,20438.0,,10.0,Separated,Exec-managerial,Unmarried,Amer-Indian-Eskimo,Female,0.0,0.0,,
21.0,Private,109869.0,HS-grad,9.0,Never-married,Craft-repair,Own-child,,Male,0.0,0.0,30.0,United-States
58.0,,,,10.0,Divorced,Other-service,Not-in-family,,Male,0.0,0.0,40.0,United-States
30.0,Private,208043.0,Bachelors,13.0,Married-civ-spouse,Sales,Husband,White,Male,0.0,,55.0,United-States
61.0,,153790.0,HS-grad,9.0,Married-civ-spouse,,Wife,Black,,0.0,0.0,,United-States
56.0,State-gov,,Some-college,10.0,Divorced,,Not-in-family,White,Female,,,35.0,United-States
59.0,Private,96840.0,,,Divorced,Other-service,Unmarried,,Female,0.0,0.0,40.0,
72.0,,192732.0,HS-grad,9.0,Married-civ-spouse,,Husband,White,Male,0.0,0.0,20.0,United-States
,Private,209101.0,HS-grad,9.0,,Adm-clerical,Not-in-family,,Male,,,,
46.0,Private,,HS-grad,9.0,Married-civ-spouse,,,,Female,0.0,0.0,40.0,
46.0,Local-gov,192323.0,Some-college,10.0,Married-civ-spouse,Protective-serv,Husband,,Male,0.0,0.0,38.0,United-States
48.0,,217019.0,HS-grad,,Never-married,Prof-specialty,Unmarried,Black,Female,,0.0,28.0,
33.0,,,HS-grad,9.0,,,Husband,White,,,0.0,40.0,United-States
21.0,Private,222490.0,Some-college,10.0,Never-married,Handlers-cleaners,Own-child,White,,0.0,,40.0,United-States
27.0,,106758.0,HS-grad,9.0,,Adm-clerical,Unmarried,White,Female,0.0,0.0,,United-States
,Private,561334.0,,,Divorced,Transport-moving,Not-in-family,,Male,,0.0,40.0,United-States
28.0,,203710.0,Bachelors,,Never-married,,Not-in-family,White,,0.0,0.0,,United-States
45.0,Local-gov,,Some-college,10.0,Divorced,,,White,Female,0.0,0.0,38.0,United-States
51.0,Private,,HS-grad,9.0,Married-civ-spouse,Machine-op-inspct,Husband,White,Male,,0.0,40.0,United-States
46.0,State-gov,,,9.0,Never-married,,,,,0.0,,40.0,United-States
25.0,,209428.0,Some-college,10.0,,,Husband,White,Male,,0.0,25.0,El-Salvador
61.0,Private,230292.0,Some-college,,,,Husband,,,7688.0,0.0,40.0,
17.0,Private,114420.0,11th,7.0,Never-married,Sales,Own-child,,,0.0,0.0,30.0,United-States
26.0,,120238.0,Bachelors,13.0,Never-married,,Not-in-family,,Male,3325.0,0.0,40.0,United-States
,Private,100375.0,10th,6.0,Divorced,Craft-repair,,White,,0.0,0.0,60.0,
33.0,Self-emp-not-inc,42485.0,11th,7.0,Married-civ-spouse,Exec-managerial,,,Male,0.0,,70.0,United-States
37.0,Private,130620.0,12th,,Married-civ-spouse,Sales,Wife,Asian-Pac-Islander,,0.0,0.0,33.0,noValueSetHere123156456
39.0,Local-gov,134367.0,HS-grad,,,,Own-child,,Female,0.0,0.0,35.0,United-States
42.0,Private,147099.0,HS-grad,9.0,Divorced,Other-service,Unmarried,White,Female,0.0,0.0,30.0,United-States
35.0,Private,36214.0,Bachelors,13.0,Married-civ-spouse,Exec-managerial,Husband,White,Male,,0.0,,United-States
,,119904.0,HS-grad,9.0,Divorced,Tech-support,Not-in-family,White,,,0.0,,United-States
,Self-emp-inc,105779.0,Bachelors,13.0,Never-married,Sales,,,Male,,0.0,,United-States
64.0,Private,,11th,,Married-civ-spouse,Craft-repair,Husband,White,Male,0.0,0.0,,United-States
39.0,,187098.0,Prof-school,15.0,Married-civ-spouse,Exec-managerial,Wife,White,Female,15024.0,,47.0,United-States
43.0,noValueSetHere123156456,,,9.0,Divorced,noValueSetHere123156456,Unmarried,,,0.0,0.0,40.0,United-States
,,,HS-grad,9.0,Married-civ-spouse,Prof-specialty,Husband,,Male,,,40.0,
,Private,,,13.0,Married-civ-spouse,Prof-specialty,Husband,White,Male,3103.0,0.0,40.0,United-States
53.0,Private,,Some-college,10.0,Married-civ-spouse,Prof-specialty,Husband,White,,15024.0,0.0,40.0,
,Private,,Bachelors,,,Exec-managerial,Husband,White,Male,,0.0,40.0,United-States
26.0,Private,,HS-grad,9.0,Married-civ-spouse,Sales,Husband,White,Male,0.0,0.0,40.0,United-States
,Self-emp-inc,35723.0,7th-8th,4.0,Married-civ-spouse,,Husband,White,Male,0.0,0.0,50.0,
,Private,,Some-college,,Never-married,Other-service,,,Female,0.0,0.0,,
33.0,Private,62155.0,Some-college,10.0,Never-married,,Not-in-family,Black,,0.0,,35.0,United-States
,,192203.0,Some-college,10.0,Married-civ-spouse,Craft-repair,,White,Male,,,40.0,United-States
,,,Some-college,,Separated,,Not-in-family,White,Male,,0.0,,United-States
26.0,Private,161007.0,Assoc-voc,11.0,Married-civ-spouse,Handlers-cleaners,Husband,White,Male,,0.0,,United-States
24.0,Private,270517.0,HS-grad,9.0,Never-married,,,White,,,,40.0,Mexico
,,,Bachelors,13.0,Married-civ-spouse,Farming-fishing,Husband,White,Male,0.0,0.0,50.0,United-States
40.0,Private,193882.0,Assoc-voc,,Never-married,Machine-op-inspct,,White,Male,0.0,0.0,40.0,United-States
61.0,Private,160037.0,7th-8th,4.0,,Other-service,Not-in-family,,,0.0,,,United-States
34.0,Federal-gov,189944.0,Some-college,10.0,Never-married,Adm-clerical,Not-in-family,Black,Female,,0.0,72.0,United-States
,Private,115364.0,,9.0,Widowed,Sales,Unmarried,White,Male,0.0,0.0,35.0,United-States
,Private,163174.0,HS-grad,9.0,Never-married,Adm-clerical,Not-in-family,,Female,0.0,0.0,40.0,
31.0,,,Assoc-acdm,,Never-married,Adm-clerical,Not-in-family,,Female,3325.0,,35.0,United-States
22.0,Private,214399.0,Some-college,10.0,Never-married,Sales,Own-child,White,Female,0.0,0.0,30.0,United-States
60.0,,156616.0,HS-grad,,Widowed,Other-service,Unmarried,,Female,0.0,,40.0,
29.0,Private,204862.0,Assoc-acdm,12.0,Divorced,Prof-specialty,Not-in-family,White,Female,0.0,0.0,,
34.0,noValueSetHere123156456,55921.0,,9.0,Married-civ-spouse,noValueSetHere123156456,,White,Male,0.0,,40.0,United-States
35.0,State-gov,,,13.0,Never-married,,,Asian-Pac-Islander,Female,2977.0,,45.0,
24.0,Private,153082.0,HS-grad,9.0,Never-married,,Not-in-family,White,,0.0,,30.0,United-States
45.0,,195418.0,Masters,14.0,,,,Black,Male,0.0,,,
21.0,Local-gov,,12th,8.0,Never-married,Other-service,,Black,Male,,0.0,,United-States
30.0,Private,97933.0,,12.0,Married-civ-spouse,Transport-moving,,White,Female,0.0,,37.0,
50.0,Self-emp-inc,119099.0,Some-college,,Married-civ-spouse,Exec-managerial,,White,Male,0.0,0.0,99.0,United-States
41.0,Self-emp-not-inc,83411.0,,9.0,Married-civ-spouse,Exec-managerial,Husband,White,Male,,0.0,,United-States
21.0,Private,198992.0,HS-grad,9.0,Never-married,Sales,Not-in-family,,Female,0.0,0.0,33.0,United-States
,Private,337825.0,HS-grad,9.0,Married-civ-spouse,Craft-repair,Husband,White,,0.0,0.0,45.0,United-States
34.0,Private,,,13.0,Married-civ-spouse,,Husband,White,Male,0.0,0.0,40.0,United-States
28.0,Private,,HS-grad,9.0,Divorced,Handlers-cleaners,Own-child,,,0.0,,40.0,
19.0,,231962.0,HS-grad,,Never-married,Other-service,Unmarried,White,,0.0,0.0,,United-States
26.0,Private,164488.0,Bachelors,,Never-married,Prof-specialty,Not-in-family,White,Male,13550.0,0.0,50.0,United-States
48.0,Private,200471.0,Bachelors,13.0,,Transport-moving,Husband,White,Male,,0.0,45.0,United-States
,Private,228921.0,,13.0,Widowed,,Not-in-family,White,Male,,2282.0,40.0,United-States
41.0,Private,,Some-college,,,Adm-clerical,Unmarried,White,Female,,0.0,40.0,United-States
43.0,Private,233851.0,Bachelors,13.0,Divorced,Adm-clerical,Not-in-family,White,Female,0.0,,40.0,United-States
28.0,Private,499001.0,HS-grad,9.0,Never-married,,,White,Male,0.0,,40.0,
65.0,,,Some-college,10.0,,,Not-in-family,White,,,,,United-States
31.0,Private,,Bachelors,13.0,Never-married,Exec-managerial,,,Male,0.0,1741.0,38.0,
28.0,Private,157624.0,Bachelors,13.0,Never-married,Adm-clerical,Not-in-family,White,Female,,0.0,40.0,United-States
51.0,,146767.0,,13.0,Married-civ-spouse,,Husband,,Male,,,40.0,United-States
45.0,Private,118291.0,Some-college,10.0,,,Not-in-family,White,,0.0,0.0,80.0,United-States
43.0,Private,313181.0,HS-grad,,,Adm-clerical,,Black,,0.0,0.0,38.0,United-States
31.0,Private,87891.0,Assoc-acdm,,Married-civ-spouse,Sales,Husband,,,0.0,,60.0,United-States
31.0,,,Some-college,10.0,Married-civ-spouse,Craft-repair,Husband,White,,0.0,0.0,55.0,
45.0,Private,81132.0,Some-college,10.0,Married-civ-spouse,Craft-repair,Other-relative,Asian-Pac-Islander,Male,,0.0,,Philippines
20.0,Private,216436.0,Bachelors,13.0,,,Other-relative,Black,Female,0.0,0.0,30.0,United-States
25.0,Private,213412.0,Bachelors,13.0,Never-married,Tech-support,Unmarried,White,Male,0.0,0.0,40.0,United-States
36.0,Private,179358.0,HS-grad,9.0,Widowed,,Unmarried,,Female,0.0,0.0,30.0,United-States
31.0,Private,369825.0,Bachelors,13.0,,Sales,Not-in-family,White,Male,4101.0,0.0,50.0,
,,199763.0,Some-college,10.0,Married-civ-spouse,Craft-repair,,,Male,0.0,,45.0,United-States
26.0,,239390.0,Bachelors,13.0,Never-married,Sales,,White,Male,0.0,0.0,,United-States
47.0,Self-emp-not-inc,,Some-college,10.0,,Exec-managerial,Not-in-family,White,Female,0.0,0.0,65.0,United-States
40.0,Self-emp-inc,37869.0,,9.0,Married-civ-spouse,Exec-managerial,Husband,White,,0.0,0.0,50.0,United-States
,Private,302845.0,,,,Exec-managerial,,White,Female,,0.0,48.0,United-States
34.0,State-gov,85218.0,Masters,14.0,Never-married,Prof-specialty,Unmarried,Black,Female,0.0,0.0,24.0,United-States
37.0,Private,48268.0,HS-grad,9.0,,,Husband,White,Male,0.0,0.0,55.0,
38.0,Private,173968.0,,,Married-civ-spouse,Craft-repair,Husband,White,Male,0.0,0.0,45.0,United-States
19.0,Private,70982.0,Assoc-voc,,Never-married,Other-service,Own-child,Asian-Pac-Islander,Male,0.0,0.0,16.0,United-States
,Private,166857.0,9th,5.0,Divorced,Handlers-cleaners,Not-in-family,White,,,0.0,40.0,United-States
18.0,,256191.0,,9.0,Never-married,noValueSetHere123156456,Own-child,Black,Female,0.0,,25.0,United-States
26.0,,162872.0,Assoc-acdm,12.0,,Prof-specialty,Not-in-family,White,,0.0,0.0,,United-States
82.0,Private,152148.0,7th-8th,4.0,,Handlers-cleaners,Husband,White,Male,0.0,0.0,2.0,United-States
,Private,139193.0,,9.0,Divorced,Craft-repair,Not-in-family,White,Male,,0.0,40.0,United-States
28.0,Private,791084.0,Some-college,10.0,Never-married,Craft-repair,Own-child,,,,,,
,Private,,HS-grad,9.0,Married-civ-spouse,Sales,Husband,Black,,,0.0,37.0,United-States
19.0,Private,183258.0,,10.0,Never-married,Adm-clerical,,White,Male,,0.0,40.0,United-States
67.0,,154035.0,HS-grad,,Widowed,Handlers-cleaners,,,Male,0.0,0.0,32.0,United-States
43.0,Private,115323.0,Bachelors,13.0,Married-civ-spouse,Exec-managerial,,White,Male,,0.0,40.0,
41.0,,213055.0,Assoc-acdm,12.0,Never-married,,Not-in-family,,Female,0.0,,50.0,
37.0,Private,,Assoc-voc,11.0,Divorced,,Unmarried,,Female,,0.0,40.0,
20.0,Private,,HS-grad,9.0,,Transport-moving,Own-child,,Male,,,40.0,United-States
40.0,,169995.0,,9.0,Divorced,,Unmarried,White,,0.0,0.0,40.0,
,,168262.0,Masters,14.0,Separated,,,White,Male,99999.0,0.0,,United-States
40.0,Private,,HS-grad,9.0,,,,White,,,,40.0,United-States
39.0,State-gov,114055.0,,13.0,Never-married,Exec-managerial,,,Female,0.0,0.0,40.0,
24.0,Private,274398.0,,,,Adm-clerical,,Black,Female,0.0,,20.0,United-States
78.0,noValueSetHere123156456,27979.0,,9.0,,noValueSetHere123156456,Husband,White,,2228.0,0.0,32.0,United-States
67.0,noValueSetHere123156456,244122.0,Assoc-voc,11.0,Widowed,noValueSetHere123156456,Not-in-family,,Female,0.0,0.0,1.0,
49.0,Private,196571.0,Bachelors,13.0,Married-civ-spouse,Sales,,,Male,,0.0,45.0,United-States
66.0,Private,,HS-grad,9.0,,Machine-op-inspct,Not-in-family,White,Male,0.0,,10.0,United-States
52.0,Private,122109.0,HS-grad,,Never-married,,,,Female,0.0,323.0,40.0,United-States
,Self-emp-inc,,,9.0,Divorced,Exec-managerial,Not-in-family,White,Male,0.0,0.0,60.0,
72.0,Private,195184.0,HS-grad,9.0,Widowed,Priv-house-serv,Unmarried,White,Female,0.0,0.0,12.0,Cuba
35.0,,245372.0,HS-grad,9.0,,,Not-in-family,,Male,0.0,,,United-States
,Private,,Bachelors,,Married-AF-spouse,Exec-managerial,,White,,0.0,0.0,,United-States
36.0,Private,224531.0,Some-college,10.0,Never-married,,Not-in-family,,Male,,0.0,40.0,United-States
,Private,186151.0,HS-grad,9.0,Separated,Tech-support,Own-child,White,Female,0.0,0.0,40.0,United-States
,Private,118693.0,Bachelors,,,,Not-in-family,White,,,0.0,35.0,United-States
39.0,Private,297449.0,,13.0,,,Husband,White,Male,0.0,0.0,40.0,
,Self-emp-not-inc,,Prof-school,,Married-civ-spouse,,Husband,White,Male,0.0,0.0,40.0,United-States
29.0,,393264.0,Bachelors,13.0,Never-married,Prof-specialty,Not-in-family,White,Male,0.0,0.0,,United-States
38.0,,,Bachelors,,,Other-service,Not-in-family,White,,0.0,0.0,20.0,United-States
63.0,Private,264968.0,Bachelors,,,,Not-in-family,White,Male,0.0,0.0,40.0,United-States
,Self-emp-not-inc,,,,Married-civ-spouse,Exec-managerial,Husband,White,Male,0.0,0.0,40.0,United-States
30.0,Private,,,9.0,Divorced,Exec-managerial,,White,Female,0.0,0.0,40.0,United-States
38.0,State-gov,,HS-grad,9.0,Never-married,Other-service,,,,0.0,,40.0,United-States
25.0,,359985.0,,3.0,,Adm-clerical,Not-in-family,,Female,0.0,0.0,,Mexico
44.0,State-gov,165108.0,Masters,14.0,Married-civ-spouse,Prof-specialty,,White,Male,0.0,,40.0,United-States
43.0,,115178.0,Assoc-voc,11.0,Married-civ-spouse,Adm-clerical,Wife,White,Female,0.0,0.0,40.0,United-States
21.0,Private,149224.0,Some-college,10.0,Never-married,Transport-moving,Own-child,White,Male,0.0,0.0,,United-States
41.0,Local-gov,,Assoc-acdm,12.0,Never-married,,Not-in-family,White,Male,0.0,0.0,40.0,United-States
38.0,Private,174717.0,Bachelors,13.0,Married-civ-spouse,Sales,Husband,White,Male,0.0,,,United-States
,noValueSetHere123156456,173064.0,,,Married-civ-spouse,,Husband,White,Male,0.0,0.0,6.0,United-States
29.0,,147755.0,Some-college,10.0,Married-civ-spouse,Craft-repair,,White,Male,0.0,,40.0,United-States
52.0,Self-emp-not-inc,,HS-grad,9.0,,,,White,Male,0.0,0.0,70.0,
47.0,,,HS-grad,9.0,,,Unmarried,White,Female,0.0,0.0,,
28.0,Private,37359.0,Assoc-voc,11.0,Married-civ-spouse,,Husband,White,,,0.0,,United-States
24.0,Private,,,10.0,Married-civ-spouse,Priv-house-serv,,White,Female,0.0,0.0,40.0,
30.0,,,Masters,14.0,Married-civ-spouse,Prof-specialty,Husband,Asian-Pac-Islander,,0.0,,10.0,
30.0,Private,154950.0,Some-college,10.0,Married-civ-spouse,Exec-managerial,Husband,White,Male,,0.0,60.0,United-States
40.0,Private,356934.0,Assoc-acdm,12.0,Divorced,Exec-managerial,Not-in-family,White,,0.0,0.0,40.0,United-States
27.0,,,,10.0,Never-married,,Own-child,White,Female,0.0,0.0,30.0,United-States
,Private,,HS-grad,9.0,Never-married,,Unmarried,White,Male,0.0,0.0,44.0,United-States
32.0,Private,,HS-grad,9.0,Never-married,Other-service,,White,Male,,,,United-States
36.0,State-gov,,Bachelors,13.0,Never-married,Adm-clerical,,White,Female,,0.0,40.0,United-States
26.0,Private,917220.0,12th,8.0,Never-married,Transport-moving,,Black,Male,0.0,,40.0,United-States
25.0,Private,430084.0,,,Never-married,Transport-moving,,Black,Male,0.0,,,United-States
,Private,,,10.0,Divorced,Tech-support,Not-in-family,White,Female,0.0,,40.0,
27.0,Private,,,11.0,,Tech-support,,,Male,,0.0,40.0,United-States
24.0,,508548.0,HS-grad,,Married-civ-spouse,Farming-fishing,Husband,,Male,0.0,0.0,50.0,United-States
38.0,Self-emp-inc,275223.0,,13.0,Married-civ-spouse,Sales,Husband,White,,7688.0,0.0,40.0,United-States
35.0,Self-emp-not-inc,381931.0,,,Married-civ-spouse,Farming-fishing,Husband,White,Male,,0.0,55.0,United-States
,Private,,Assoc-voc,,,Tech-support,Not-in-family,,,0.0,,40.0,United-States
49.0,Private,105431.0,HS-grad,9.0,Divorced,Other-service,Not-in-family,Black,Female,0.0,0.0,40.0,
36.0,,,9th,5.0,,Machine-op-inspct,Husband,,Male,,,,
,Self-emp-not-inc,159869.0,,16.0,Married-civ-spouse,Craft-repair,,White,Male,0.0,,50.0,United-States
21.0,,204641.0,,10.0,Never-married,Other-service,Own-child,White,Male,0.0,,40.0,United-States
35.0,Private,66297.0,Bachelors,,Never-married,Prof-specialty,Not-in-family,,Female,0.0,0.0,40.0,Philippines
38.0,Private,227615.0,,2.0,Married-civ-spouse,Handlers-cleaners,Husband,White,Male,0.0,,40.0,Mexico
66.0,,107744.0,Some-college,10.0,Married-civ-spouse,,,White,Male,0.0,,40.0,United-States
45.0,Private,,,14.0,Married-civ-spouse,Exec-managerial,,,Male,,1902.0,,United-States
19.0,Private,263340.0,,10.0,Never-married,Other-service,Own-child,White,Female,0.0,0.0,,United-States
18.0,,141918.0,HS-grad,9.0,,Handlers-cleaners,Own-child,White,Male,0.0,0.0,22.0,United-States
37.0,Private,294292.0,Prof-school,15.0,Married-civ-spouse,,,White,Male,0.0,0.0,40.0,United-States
49.0,Private,128736.0,Bachelors,13.0,Never-married,Prof-specialty,Unmarried,White,Female,0.0,0.0,40.0,United-States
33.0,Local-gov,511289.0,Assoc-voc,11.0,Married-civ-spouse,Protective-serv,,,Male,0.0,,,United-States
27.0,Private,,,,Married-civ-spouse,Sales,Husband,White,,,0.0,,United-States
,Local-gov,101517.0,,10.0,,Adm-clerical,Unmarried,White,,0.0,0.0,35.0,
54.0,,161334.0,Masters,,,,,Asian-Pac-Islander,Female,0.0,,40.0,China
24.0,,189148.0,Some-college,10.0,Never-married,Transport-moving,Own-child,White,Male,0.0,0.0,,United-States
44.0,,103111.0,Prof-school,,,Prof-specialty,Husband,,Male,,0.0,60.0,United-States
48.0,Self-emp-not-inc,,Bachelors,13.0,Separated,Craft-repair,Not-in-family,White,Male,0.0,0.0,50.0,United-States
23.0,Private,31606.0,HS-grad,9.0,Never-married,Adm-clerical,,White,,0.0,0.0,40.0,
29.0,Private,34292.0,,9.0,Never-married,Other-service,,White,Male,0.0,0.0,38.0,United-States
21.0,Private,107882.0,Assoc-acdm,12.0,Never-married,Other-service,,White,,0.0,0.0,9.0,United-States
18.0,Private,39529.0,12th,,Never-married,Other-service,Own-child,White,,0.0,,,United-States
18.0,Private,135315.0,,5.0,Never-married,Sales,Own-child,Other,Female,0.0,,32.0,United-States
29.0,Private,,HS-grad,,Divorced,,Not-in-family,White,Male,0.0,0.0,40.0,
,Private,229729.0,HS-grad,,,Transport-moving,Not-in-family,White,Male,0.0,0.0,,United-States
41.0,Private,111891.0,HS-grad,,,Machine-op-inspct,Other-relative,,Female,0.0,0.0,40.0,United-States
32.0,Private,340917.0,HS-grad,9.0,,Handlers-cleaners,Not-in-family,White,Male,0.0,0.0,40.0,United-States
61.0,,202952.0,10th,6.0,Divorced,Other-service,Not-in-family,Black,Female,0.0,0.0,,
79.0,Private,333230.0,HS-grad,,Married-spouse-absent,Prof-specialty,Not-in-family,White,Male,0.0,0.0,6.0,United-States
34.0,,114955.0,Assoc-acdm,12.0,Divorced,Machine-op-inspct,,White,Male,0.0,,,United-States
46.0,,,Bachelors,13.0,Married-civ-spouse,Exec-managerial,Husband,White,Male,0.0,0.0,40.0,United-States
50.0,Self-emp-not-inc,57758.0,Assoc-voc,11.0,,,,White,Male,0.0,0.0,60.0,
29.0,Private,207064.0,,9.0,,,,,Male,0.0,0.0,40.0,United-States
23.0,,193090.0,,10.0,Never-married,Adm-clerical,,,,3674.0,0.0,,
,,,Some-college,10.0,Never-married,Adm-clerical,,White,Female,0.0,,40.0,
70.0,Local-gov,88638.0,Masters,14.0,Never-married,Prof-specialty,,White,,7896.0,,,United-States
28.0,,,,,Never-married,,,,Female,0.0,1980.0,40.0,United-States
51.0,Private,,Assoc-voc,,Married-civ-spouse,Handlers-cleaners,Husband,White,Male,0.0,0.0,40.0,Greece
20.0,noValueSetHere123156456,210029.0,Some-college,10.0,Never-married,noValueSetHere123156456,,White,Female,0.0,0.0,,United-States
34.0,State-gov,,,13.0,,Prof-specialty,,,,,0.0,55.0,United-States
29.0,Private,142519.0,HS-grad,,Never-married,,,White,,0.0,,,United-States
,Private,,Bachelors,,Married-spouse-absent,Other-service,,Asian-Pac-Islander,Male,0.0,,40.0,Philippines
77.0,,,Some-college,10.0,Married-civ-spouse,Exec-managerial,,White,Male,,0.0,40.0,United-States
32.0,Private,292592.0,HS-grad,9.0,Never-married,Other-service,,White,Female,0.0,,,United-States
27.0,Private,,,13.0,Married-civ-spouse,Tech-support,Wife,White,,0.0,0.0,40.0,United-States
22.0,,,Some-college,10.0,Never-married,Sales,Not-in-family,White,Female,,0.0,,United-States
35.0,Local-gov,258037.0,HS-grad,9.0,Married-civ-spouse,Craft-repair,,White,,,0.0,,Cuba
42.0,Local-gov,188291.0,Bachelors,13.0,Married-civ-spouse,,Husband,,,0.0,,40.0,United-States
35.0,State-gov,,HS-grad,,Divorced,Machine-op-inspct,,White,,0.0,0.0,,United-States
62.0,,191188.0,HS-grad,9.0,Married-civ-spouse,,,White,,0.0,0.0,40.0,United-States
33.0,Private,133503.0,HS-grad,9.0,Married-civ-spouse,,Husband,White,Male,2635.0,,16.0,
45.0,Private,146497.0,Some-college,10.0,Widowed,Exec-managerial,,White,Female,0.0,0.0,,United-States
19.0,Private,240468.0,Some-college,10.0,Married-spouse-absent,Sales,,White,Female,0.0,1602.0,40.0,
,,175120.0,HS-grad,9.0,,Craft-repair,Not-in-family,,,0.0,0.0,40.0,United-States
,Private,,,,Married-civ-spouse,Machine-op-inspct,Husband,Black,,0.0,0.0,,United-States
,Private,253814.0,Bachelors,13.0,Never-married,Exec-managerial,Not-in-family,White,Female,0.0,0.0,,United-States
,,,Bachelors,13.0,Married-civ-spouse,Prof-specialty,Husband,White,Male,0.0,0.0,40.0,United-States
35.0,Self-emp-not-inc,102471.0,,9.0,Divorced,Farming-fishing,Not-in-family,White,Male,0.0,0.0,80.0,Puerto-Rico
,Private,213464.0,Some-college,10.0,Married-civ-spouse,Craft-repair,Husband,White,Male,0.0,0.0,40.0,United-States
,,211968.0,Assoc-voc,11.0,Never-married,Other-service,,White,,,,20.0,United-States
43.0,Federal-gov,32016.0,Masters,14.0,,Prof-specialty,,White,,0.0,0.0,40.0,United-States
69.0,Private,,,7.0,Married-civ-spouse,,Husband,Black,Male,0.0,0.0,45.0,United-States
39.0,Private,135020.0,HS-grad,9.0,,Transport-moving,Own-child,White,Male,,0.0,40.0,
37.0,,109133.0,,9.0,Married-civ-spouse,Machine-op-inspct,,White,Male,0.0,,40.0,
,Private,142712.0,Some-college,10.0,Married-civ-spouse,Craft-repair,Husband,White,Male,0.0,0.0,40.0,United-States
26.0,Federal-gov,76900.0,,13.0,Never-married,Tech-support,Not-in-family,White,,0.0,0.0,40.0,
32.0,,112176.0,,10.0,Divorced,Sales,Own-child,White,Male,0.0,0.0,30.0,United-States
43.0,,262233.0,Bachelors,,,Exec-managerial,Not-in-family,White,Male,,0.0,,United-States
49.0,Private,,HS-grad,,Married-civ-spouse,,Husband,White,Male,0.0,0.0,30.0,Hungary
28.0,,194690.0,,4.0,Separated,Other-service,Own-child,White,Male,0.0,,,
35.0,,306678.0,,9.0,,Machine-op-inspct,Husband,White,Male,,,40.0,United-States
19.0,,,Some-college,,Never-married,,Own-child,White,,594.0,0.0,10.0,United-States
,Local-gov,308945.0,HS-grad,9.0,Married-civ-spouse,Craft-repair,Husband,White,Male,0.0,0.0,40.0,United-States
,Private,,HS-grad,,Married-civ-spouse,Adm-clerical,Wife,White,Female,0.0,0.0,40.0,United-States
45.0,Private,,9th,5.0,Married-civ-spouse,,Husband,White,,0.0,,40.0,
,Private,220993.0,HS-grad,9.0,,Sales,Not-in-family,White,Male,0.0,1590.0,,United-States
45.0,Private,,HS-grad,9.0,Married-civ-spouse,Craft-repair,Husband,White,Male,0.0,0.0,40.0,United-States
,Private,113770.0,HS-grad,9.0,Married-civ-spouse,Adm-clerical,Wife,White,Female,0.0,,40.0,United-States
35.0,Private,,Bachelors,13.0,Married-civ-spouse,Other-service,Husband,,Male,0.0,0.0,40.0,Vietnam
45.0,Private,148900.0,,,Married-civ-spouse,Prof-specialty,Husband,,,0.0,0.0,50.0,United-States
28.0,Federal-gov,329426.0,Bachelors,13.0,Never-married,,Not-in-family,White,Male,0.0,0.0,40.0,United-States
64.0,Self-emp-inc,181408.0,Assoc-voc,11.0,Married-civ-spouse,Craft-repair,Husband,White,,0.0,0.0,,United-States
44.0,Local-gov,101950.0,,15.0,,Prof-specialty,Unmarried,White,Female,0.0,,40.0,
59.0,Self-emp-not-inc,32537.0,HS-grad,,Married-civ-spouse,,Husband,White,Male,0.0,,40.0,United-States
,Private,209547.0,HS-grad,9.0,Never-married,Machine-op-inspct,Not-in-family,White,Male,,,40.0,United-States
21.0,Private,,Some-college,10.0,Never-married,Sales,Own-child,Black,Male,0.0,0.0,,United-States
,Self-emp-not-inc,151476.0,,,Never-married,,Not-in-family,White,,,0.0,40.0,United-States
51.0,Self-emp-not-inc,174824.0,,9.0,Never-married,,Not-in-family,White,Male,8614.0,,40.0,United-States
22.0,,138768.0,HS-grad,,Never-married,Adm-clerical,Own-child,White,Male,0.0,0.0,40.0,United-States
49.0,,,HS-grad,9.0,Divorced,Other-service,,White,Female,,0.0,40.0,
,Private,200190.0,Assoc-acdm,,Married-civ-spouse,Sales,Husband,White,,0.0,0.0,,United-States
38.0,Private,168407.0,,10.0,,Adm-clerical,Unmarried,White,Female,5721.0,0.0,,United-States
23.0,Private,148315.0,Some-college,10.0,Separated,Craft-repair,Own-child,White,Male,0.0,,40.0,
,Private,270517.0,HS-grad,9.0,,Other-service,Own-child,White,Female,0.0,0.0,40.0,
40.0,,53506.0,Bachelors,13.0,Divorced,Craft-repair,Own-child,,,0.0,0.0,40.0,
25.0,Private,105693.0,,13.0,Never-married,Prof-specialty,Not-in-family,White,Female,0.0,0.0,40.0,United-States
27.0,Private,189589.0,Some-college,10.0,Divorced,Tech-support,,White,Female,0.0,0.0,,
,,164574.0,HS-grad,9.0,,Other-service,Own-child,White,Male,0.0,0.0,30.0,
37.0,Private,185744.0,,9.0,Married-civ-spouse,Other-service,Wife,White,Female,0.0,0.0,,United-States
40.0,,,HS-grad,,Never-married,Other-service,Own-child,White,Male,0.0,0.0,40.0,
28.0,Private,215955.0,Bachelors,13.0,,Exec-managerial,Husband,,Male,3103.0,0.0,40.0,
38.0,Self-emp-not-inc,233571.0,HS-grad,9.0,Separated,Other-service,Unmarried,,Female,,0.0,,United-States
42.0,Private,,Bachelors,13.0,Divorced,Exec-managerial,,White,Female,0.0,0.0,,
,Federal-gov,191385.0,Assoc-acdm,12.0,,,,,Male,2174.0,,40.0,
20.0,,,,9.0,Married-civ-spouse,Sales,,White,Male,0.0,0.0,45.0,United-States
,,159699.0,Bachelors,13.0,Married-civ-spouse,Adm-clerical,,White,,0.0,0.0,,United-States
31.0,Private,295922.0,Some-college,10.0,Never-married,,Not-in-family,White,Male,,,40.0,United-States
31.0,Self-emp-not-inc,175856.0,HS-grad,9.0,Married-civ-spouse,Craft-repair,,,Male,,0.0,,
,Private,,HS-grad,9.0,,Adm-clerical,Own-child,White,,,0.0,40.0,United-States
62.0,Local-gov,407669.0,7th-8th,,Widowed,Other-service,,,Female,0.0,0.0,35.0,United-States
43.0,Local-gov,,Some-college,,Married-civ-spouse,Craft-repair,Husband,,Male,,0.0,40.0,United-States
21.0,Private,285457.0,Some-college,10.0,Never-married,,,,Male,0.0,,50.0,United-States
,Self-emp-inc,124420.0,HS-grad,9.0,Divorced,Exec-managerial,Not-in-family,White,Male,4650.0,0.0,40.0,United-States
,,246386.0,,9.0,Never-married,noValueSetHere123156456,Unmarried,Black,Female,0.0,0.0,40.0,United-States
,Private,142751.0,,6.0,,Handlers-cleaners,Not-in-family,White,Male,,0.0,40.0,
,Local-gov,,Masters,,Divorced,Prof-specialty,Not-in-family,White,,,0.0,,United-States
24.0,,322931.0,7th-8th,4.0,Married-civ-spouse,Transport-moving,Husband,White,Male,0.0,1902.0,,United-States
,Private,76482.0,HS-grad,9.0,,Craft-repair,Husband,White,,,0.0,40.0,United-States
,State-gov,431745.0,11th,7.0,,Other-service,,White,Male,,0.0,30.0,
48.0,Private,141944.0,HS-grad,9.0,Married-civ-spouse,Machine-op-inspct,,,Male,,0.0,40.0,United-States
,,193042.0,Prof-school,15.0,Married-civ-spouse,,Husband,White,Male,15024.0,0.0,60.0,United-States
33.0,Private,67006.0,10th,6.0,,Machine-op-inspct,,White,Female,0.0,0.0,45.0,United-States
23.0,,240398.0,Bachelors,13.0,Never-married,Sales,,Black,,0.0,0.0,15.0,
33.0,Federal-gov,,Prof-school,15.0,Never-married,Prof-specialty,Not-in-family,White,,0.0,0.0,65.0,United-States
,,,Some-college,,Married-civ-spouse,Exec-managerial,,White,Male,0.0,0.0,40.0,United-States
30.0,Private,,Bachelors,13.0,Married-civ-spouse,Exec-managerial,,White,Male,0.0,0.0,43.0,United-States
32.0,Private,102858.0,Assoc-acdm,12.0,,,Husband,White,,0.0,2002.0,42.0,United-States
39.0,Private,84954.0,Some-college,10.0,Married-civ-spouse,Sales,Husband,White,Male,2829.0,0.0,65.0,United-States
21.0,Private,,Some-college,10.0,Never-married,Sales,Own-child,White,Female,0.0,0.0,,United-States
23.0,Private,184589.0,Bachelors,13.0,Never-married,,,,Female,0.0,,21.0,United-States
32.0,,282611.0,Bachelors,,Never-married,Exec-managerial,Not-in-family,White,Female,0.0,0.0,40.0,United-States
57.0,,218649.0,HS-grad,9.0,Married-civ-spouse,Handlers-cleaners,Husband,White,Male,0.0,0.0,,
22.0,State-gov,157541.0,Some-college,10.0,Never-married,Prof-specialty,,,Male,0.0,,10.0,United-States
70.0,Private,145419.0,,9.0,,Adm-clerical,Unmarried,,,0.0,,5.0,
34.0,,122616.0,,,,,,White,,0.0,0.0,84.0,United-States
53.0,Private,204584.0,Masters,14.0,Divorced,Sales,Not-in-family,White,Female,0.0,0.0,40.0,United-States
21.0,Private,,Some-college,10.0,,Sales,Own-child,White,,0.0,0.0,,United-States
37.0,Private,69481.0,HS-grad,9.0,Divorced,,Not-in-family,White,,0.0,0.0,40.0,United-States
,Self-emp-not-inc,148492.0,HS-grad,,Married-civ-spouse,,,,Male,0.0,1485.0,50.0,United-States
23.0,,,11th,7.0,Never-married,Craft-repair,Own-child,Asian-Pac-Islander,Male,14344.0,,,Vietnam
32.0,Private,29312.0,10th,6.0,Married-civ-spouse,Transport-moving,Husband,White,Male,,0.0,,United-States
57.0,Private,120302.0,HS-grad,9.0,Married-civ-spouse,,,White,Male,0.0,0.0,,United-States
65.0,noValueSetHere123156456,111916.0,HS-grad,9.0,Married-civ-spouse,noValueSetHere123156456,Husband,White,Male,0.0,0.0,40.0,United-States
25.0,Private,182227.0,Some-college,,,,,White,Male,0.0,,,
30.0,Private,,,9.0,Married-civ-spouse,Craft-repair,Husband,,,0.0,,46.0,United-States
31.0,Private,,HS-grad,9.0,Divorced,Adm-clerical,Not-in-family,,Female,0.0,0.0,,Germany
19.0,Private,427862.0,Some-college,10.0,Never-married,Other-service,Own-child,,,,0.0,35.0,United-States
,State-gov,33551.0,Bachelors,13.0,,,Husband,White,,,0.0,,United-States
44.0,Private,164043.0,HS-grad,9.0,,,Husband,White,Male,,0.0,40.0,
,noValueSetHere123156456,116632.0,Some-college,10.0,Married-civ-spouse,,Husband,White,,0.0,,45.0,
42.0,Private,175133.0,Some-college,10.0,,Machine-op-inspct,Unmarried,,Female,,0.0,,United-States
34.0,Self-emp-not-inc,,11th,7.0,Married-civ-spouse,Machine-op-inspct,Husband,White,,0.0,,40.0,United-States
32.0,Private,256362.0,HS-grad,,Married-civ-spouse,Craft-repair,,White,Male,,0.0,40.0,United-States
25.0,Private,282612.0,,11.0,Never-married,Tech-support,,Black,Female,0.0,0.0,40.0,
21.0,,73679.0,,10.0,,Exec-managerial,Own-child,White,Female,0.0,,40.0,United-States
31.0,Private,237824.0,HS-grad,9.0,Married-spouse-absent,Priv-house-serv,,Black,,0.0,0.0,60.0,
36.0,Local-gov,357720.0,Assoc-voc,11.0,Never-married,Prof-specialty,Not-in-family,White,Female,0.0,,,United-States
49.0,Self-emp-not-inc,,,10.0,Married-civ-spouse,Craft-repair,Husband,White,,,,,Poland
44.0,Private,138077.0,Bachelors,,Divorced,Adm-clerical,Unmarried,White,Female,0.0,0.0,32.0,United-States
42.0,Private,183479.0,Assoc-voc,11.0,,Sales,Husband,White,Male,0.0,0.0,40.0,United-States
,Private,103596.0,HS-grad,9.0,Never-married,Protective-serv,,White,,0.0,0.0,99.0,United-States
33.0,Private,,,6.0,,,,,,0.0,,40.0,United-States
36.0,,313853.0,,13.0,Divorced,,Unmarried,Black,,0.0,0.0,45.0,
17.0,,,10th,6.0,,Other-service,Own-child,White,Male,0.0,0.0,,United-States
20.0,,637080.0,Some-college,,Never-married,Sales,Not-in-family,White,Male,0.0,0.0,25.0,United-States
32.0,Private,385959.0,,,Never-married,Craft-repair,,,,0.0,,50.0,United-States
33.0,,116539.0,,9.0,Married-civ-spouse,,Husband,White,Male,0.0,0.0,40.0,
,Private,,Some-college,10.0,,Exec-managerial,Unmarried,White,Female,0.0,,60.0,
60.0,Private,141253.0,10th,6.0,Divorced,,Not-in-family,White,Male,0.0,,48.0,United-States
35.0,State-gov,35626.0,,10.0,Divorced,Adm-clerical,Unmarried,White,Female,,,15.0,United-States
43.0,Federal-gov,94937.0,Bachelors,,Divorced,Adm-clerical,Unmarried,White,Female,,0.0,40.0,United-States
46.0,Private,220269.0,,,Married-civ-spouse,,Husband,,,0.0,0.0,40.0,United-States
29.0,Self-emp-not-inc,,HS-grad,9.0,,Transport-moving,,White,,,,,United-States
36.0,Private,,Bachelors,13.0,Married-civ-spouse,Sales,Husband,,,0.0,,42.0,United-States
27.0,Private,,HS-grad,9.0,,,,,,0.0,0.0,40.0,
50.0,Private,,Some-college,10.0,Married-civ-spouse,Exec-managerial,Husband,White,Male,0.0,0.0,,United-States
22.0,Private,124940.0,Some-college,10.0,,Adm-clerical,Wife,Amer-Indian-Eskimo,Female,,0.0,44.0,United-States
33.0,State-gov,313729.0,Masters,14.0,,,,,,0.0,0.0,60.0,United-States
61.0,Private,192237.0,10th,6.0,,Sales,,White,Female,0.0,0.0,,
28.0,noValueSetHere123156456,168524.0,Assoc-voc,11.0,,noValueSetHere123156456,Own-child,White,Female,0.0,0.0,40.0,United-States
41.0,Self-emp-not-inc,,Assoc-voc,11.0,Married-civ-spouse,Farming-fishing,Husband,White,Male,0.0,,70.0,
22.0,,215477.0,,10.0,,Transport-moving,Own-child,White,Male,0.0,0.0,,United-States
27.0,Private,199903.0,Bachelors,,Never-married,Prof-specialty,,White,Female,0.0,,40.0,United-States
25.0,,431861.0,HS-grad,9.0,Married-civ-spouse,,Husband,White,Male,0.0,0.0,40.0,
32.0,,105938.0,,9.0,Never-married,Machine-op-inspct,,,Female,0.0,1602.0,20.0,United-States
28.0,Private,274679.0,,14.0,Never-married,Prof-specialty,Not-in-family,White,Male,0.0,0.0,,United-States
25.0,Private,177499.0,,,Never-married,Craft-repair,Own-child,White,Male,0.0,1590.0,,United-States
28.0,Private,,Some-college,10.0,Married-civ-spouse,Craft-repair,Husband,,,,0.0,40.0,United-States
37.0,Local-gov,221740.0,Bachelors,13.0,Married-civ-spouse,Prof-specialty,,,Female,0.0,,30.0,United-States
58.0,Private,202652.0,HS-grad,9.0,Widowed,Adm-clerical,Not-in-family,White,,0.0,0.0,37.0,United-States
,Private,348960.0,,9.0,Married-civ-spouse,Handlers-cleaners,,White,,0.0,0.0,40.0,United-States
33.0,Private,,,10.0,Divorced,Other-service,Unmarried,White,Female,,,40.0,United-States
,Private,,,6.0,,Craft-repair,Husband,White,Male,0.0,0.0,40.0,
58.0,Private,201344.0,Bachelors,13.0,Divorced,Craft-repair,Own-child,,,0.0,0.0,20.0,
,Private,,Assoc-voc,11.0,Married-civ-spouse,Prof-specialty,,,Male,0.0,0.0,,Philippines
34.0,,40067.0,Some-college,10.0,,Craft-repair,Husband,White,Male,0.0,0.0,40.0,United-States
31.0,Private,,Some-college,10.0,,Craft-repair,Own-child,Black,Male,,0.0,40.0,
48.0,Local-gov,189762.0,HS-grad,9.0,Married-civ-spouse,Craft-repair,Husband,White,Male,0.0,,40.0,United-States
65.0,noValueSetHere123156456,149049.0,HS-grad,9.0,,,,,Male,0.0,0.0,40.0,United-States
45.0,Private,226246.0,HS-grad,9.0,Divorced,,,,,,0.0,,
80.0,noValueSetHere123156456,29020.0,,15.0,Married-civ-spouse,noValueSetHere123156456,Husband,White,Male,10605.0,,10.0,United-States
23.0,,,,9.0,,Other-service,Own-child,,,0.0,,40.0,
33.0,,196385.0,Masters,14.0,,Prof-specialty,Husband,,Male,,0.0,37.0,United-States
38.0,Self-emp-not-inc,217054.0,Some-college,10.0,,Farming-fishing,,White,Male,0.0,,,
,,104973.0,Masters,14.0,Married-civ-spouse,Farming-fishing,Husband,White,Male,0.0,0.0,40.0,
48.0,Local-gov,238959.0,,,Divorced,,Unmarried,Black,Female,9562.0,0.0,40.0,United-States
40.0,,34218.0,HS-grad,9.0,,Craft-repair,,White,Male,,0.0,40.0,United-States
19.0,Local-gov,292962.0,HS-grad,9.0,Never-married,Craft-repair,,Black,,0.0,0.0,40.0,
,Private,235924.0,,13.0,Divorced,Exec-managerial,,,Female,,0.0,,United-States
34.0,Private,98656.0,Some-college,10.0,,Prof-specialty,,White,,0.0,0.0,40.0,
,Private,102610.0,Some-college,,Divorced,,Not-in-family,,Male,0.0,0.0,80.0,
,Local-gov,,Masters,,,Prof-specialty,Not-in-family,,Male,0.0,,60.0,United-States
,,,Assoc-voc,11.0,Divorced,Other-service,Unmarried,White,Female,0.0,,40.0,United-States
,Private,,,13.0,,Exec-managerial,,White,,0.0,,40.0,
,Local-gov,233993.0,Bachelors,,Never-married,Prof-specialty,Own-child,White,Female,0.0,0.0,15.0,
22.0,Private,,Some-college,10.0,Never-married,Sales,Own-child,Black,Male,,,25.0,United-States
52.0,Self-emp-inc,,Prof-school,15.0,Married-civ-spouse,Prof-specialty,Husband,Other,,99999.0,,65.0,United-States
67.0,,127543.0,,,Married-civ-spouse,,Husband,White,Male,,0.0,80.0,
40.0,Private,,HS-grad,9.0,Married-civ-spouse,Exec-managerial,Husband,White,Male,0.0,,,
55.0,Private,,,11.0,,,Wife,White,Female,0.0,,20.0,United-States
,Private,216479.0,,,Divorced,,Not-in-family,,Female,,,40.0,United-States
62.0,Private,135480.0,HS-grad,9.0,,Sales,Husband,White,Male,,0.0,16.0,United-States
22.0,Private,,HS-grad,,,,,White,Female,,,40.0,United-States
64.0,State-gov,114650.0,9th,,Married-civ-spouse,,Husband,,Male,0.0,,,United-States
29.0,Self-emp-not-inc,240172.0,Bachelors,13.0,Never-married,Exec-managerial,Other-relative,,,,0.0,50.0,United-States
28.0,,184831.0,Some-college,,,Exec-managerial,,White,Male,,0.0,40.0,
25.0,Private,124590.0,HS-grad,9.0,Never-married,Exec-managerial,Other-relative,White,,,0.0,40.0,United-States
,,120429.0,Doctorate,16.0,,Prof-specialty,Husband,White,Male,15024.0,0.0,50.0,United-States
26.0,Private,202033.0,Bachelors,,Married-civ-spouse,Transport-moving,,White,,0.0,,,United-States
18.0,Private,156874.0,12th,8.0,,Other-service,Own-child,White,Male,0.0,0.0,27.0,United-States
52.0,Self-emp-inc,177727.0,10th,6.0,,Sales,Husband,White,Male,4064.0,0.0,45.0,United-States
48.0,Local-gov,,,,Married-civ-spouse,Prof-specialty,Wife,,Female,0.0,0.0,50.0,
36.0,Private,,,9.0,Married-civ-spouse,Machine-op-inspct,,Black,Male,0.0,0.0,40.0,Haiti
23.0,Private,214227.0,Assoc-voc,11.0,Divorced,,,,Female,0.0,0.0,30.0,United-States
41.0,,,HS-grad,9.0,Married-civ-spouse,Transport-moving,Husband,White,,0.0,,40.0,United-States
56.0,State-gov,671292.0,HS-grad,9.0,Married-civ-spouse,Transport-moving,Husband,,Male,0.0,0.0,38.0,United-States
,,,HS-grad,,Divorced,Prof-specialty,Not-in-family,,Male,,0.0,40.0,United-States
26.0,,141824.0,Some-college,10.0,Divorced,Exec-managerial,Not-in-family,White,Female,0.0,0.0,40.0,United-States
22.0,Private,310152.0,Some-college,,,Other-service,Not-in-family,White,Male,3325.0,0.0,40.0,
25.0,Private,179953.0,Masters,,Never-married,Prof-specialty,Own-child,,Female,2597.0,,,United-States
31.0,Private,137952.0,,,Married-civ-spouse,,,Other,,,0.0,40.0,
36.0,,103323.0,,,Married-civ-spouse,Machine-op-inspct,Husband,,Male,,0.0,40.0,United-States
46.0,Private,174426.0,Some-college,,Married-civ-spouse,Machine-op-inspct,Husband,White,Male,0.0,0.0,40.0,
46.0,State-gov,,Assoc-acdm,12.0,Divorced,Adm-clerical,,,Male,0.0,2258.0,38.0,
32.0,Private,169955.0,Some-college,10.0,Married-civ-spouse,Other-service,Wife,White,Female,0.0,0.0,36.0,Puerto-Rico
43.0,Self-emp-not-inc,,HS-grad,9.0,Never-married,Farming-fishing,,White,,0.0,0.0,60.0,
30.0,Private,132601.0,Bachelors,13.0,,Exec-managerial,Husband,White,,,,50.0,United-States
,Self-emp-inc,253060.0,,13.0,Married-civ-spouse,Sales,Husband,White,Male,7688.0,0.0,45.0,United-States
50.0,Private,,,14.0,Married-civ-spouse,Exec-managerial,Husband,,,,0.0,60.0,United-States
37.0,State-gov,210452.0,Masters,,Married-civ-spouse,Exec-managerial,,White,,0.0,0.0,38.0,United-States
22.0,Local-gov,134181.0,HS-grad,,,Handlers-cleaners,Other-relative,White,Male,0.0,0.0,50.0,
51.0,Federal-gov,45487.0,HS-grad,9.0,Married-civ-spouse,Transport-moving,Husband,White,Male,0.0,0.0,80.0,United-States
47.0,Private,183522.0,,,,Exec-managerial,Wife,Black,Female,0.0,0.0,40.0,United-States
40.0,Private,199303.0,HS-grad,9.0,Married-civ-spouse,Adm-clerical,Husband,,,0.0,0.0,40.0,United-States
46.0,,,Some-college,10.0,Married-civ-spouse,Machine-op-inspct,Husband,White,Male,0.0,0.0,40.0,United-States
23.0,noValueSetHere123156456,,,10.0,Separated,,,,Female,0.0,,20.0,United-States
30.0,,44419.0,Some-college,10.0,Never-married,Tech-support,Unmarried,White,Female,0.0,,40.0,United-States
,Self-emp-not-inc,442612.0,HS-grad,9.0,,Sales,,White,Male,0.0,0.0,65.0,United-States
,,158092.0,Some-college,10.0,Never-married,Adm-clerical,Own-child,,Female,0.0,,35.0,United-States
31.0,Private,,,2.0,Married-civ-spouse,,Husband,White,Male,0.0,0.0,40.0,Mexico
30.0,Private,112650.0,,9.0,Divorced,Craft-repair,Own-child,White,Male,0.0,0.0,,United-States
50.0,Local-gov,183390.0,,13.0,Separated,Prof-specialty,,White,Male,0.0,0.0,,United-States
27.0,Private,207418.0,Bachelors,13.0,Never-married,Prof-specialty,Not-in-family,White,Female,0.0,0.0,50.0,United-States
,,335453.0,Some-college,10.0,Never-married,,Own-child,White,Female,0.0,,,United-States
29.0,Private,243660.0,,9.0,Married-civ-spouse,Machine-op-inspct,Husband,White,,,0.0,50.0,United-States
28.0,Private,54243.0,,9.0,Divorced,,,White,,0.0,0.0,,United-States
54.0,Private,50385.0,Bachelors,13.0,Divorced,Exec-managerial,Not-in-family,Black,,0.0,0.0,,
47.0,State-gov,187581.0,Assoc-voc,11.0,,Tech-support,Husband,White,Male,0.0,0.0,48.0,United-States
34.0,Private,37380.0,HS-grad,9.0,Married-spouse-absent,Machine-op-inspct,,,Female,0.0,0.0,,
26.0,Private,247025.0,,10.0,Never-married,Handlers-cleaners,Not-in-family,White,,0.0,,40.0,United-States
53.0,noValueSetHere123156456,29231.0,,,Married-civ-spouse,noValueSetHere123156456,Husband,White,,,,35.0,
23.0,,,Some-college,,,Protective-serv,,White,Male,0.0,,60.0,United-States
,Local-gov,176716.0,Masters,14.0,Divorced,Prof-specialty,Not-in-family,White,Male,,0.0,40.0,United-States
,Self-emp-not-inc,118429.0,HS-grad,,,Exec-managerial,Husband,White,Male,,0.0,50.0,United-States
52.0,,221532.0,Bachelors,13.0,,,Husband,White,Male,0.0,0.0,,United-States
22.0,noValueSetHere123156456,120572.0,Some-college,10.0,Never-married,,Own-child,White,Female,0.0,0.0,40.0,United-States
,Local-gov,124680.0,,14.0,,Prof-specialty,,White,Female,,0.0,40.0,United-States
42.0,Private,,HS-grad,,Widowed,Other-service,Unmarried,,Female,0.0,,,United-States
,Private,114678.0,HS-grad,9.0,Divorced,Other-service,Unmarried,Black,Female,,0.0,40.0,United-States
,State-gov,,,9.0,Married-civ-spouse,Prof-specialty,Husband,White,Male,0.0,0.0,40.0,United-States
36.0,Private,29702.0,,9.0,Married-civ-spouse,,Husband,White,,,0.0,40.0,
20.0,Private,,Preschool,,Never-married,,Own-child,,Male,0.0,0.0,32.0,United-States
,,,HS-grad,9.0,Married-civ-spouse,,Husband,White,Male,0.0,0.0,60.0,United-States
47.0,,121124.0,9th,,Married-civ-spouse,Machine-op-inspct,Husband,White,,,0.0,40.0,United-States
,,,Masters,,,,,,,0.0,,33.0,
36.0,Private,79649.0,,10.0,Married-civ-spouse,Sales,Husband,White,Male,,,,
39.0,Private,203763.0,Doctorate,16.0,Divorced,,Unmarried,White,,0.0,0.0,80.0,United-States
55.0,Private,229029.0,Bachelors,13.0,Married-civ-spouse,Exec-managerial,,White,,15024.0,,48.0,
21.0,,,Assoc-acdm,12.0,,,Own-child,White,,,0.0,15.0,United-States
48.0,Private,162816.0,,12.0,,Transport-moving,,White,,0.0,,45.0,
30.0,Private,109117.0,Assoc-voc,,Never-married,,,White,,0.0,0.0,,United-States
,Private,32732.0,HS-grad,9.0,,Craft-repair,,,Male,0.0,0.0,,United-States
,Self-emp-not-inc,,HS-grad,9.0,Widowed,Craft-repair,,,Female,0.0,0.0,38.0,United-States
20.0,,34590.0,Some-college,,,Farming-fishing,Own-child,White,Male,0.0,0.0,,United-States
18.0,noValueSetHere123156456,276864.0,Some-college,10.0,,,Own-child,White,Female,0.0,1602.0,,United-States
,,168625.0,HS-grad,9.0,Divorced,Prof-specialty,,White,,4101.0,0.0,,United-States
36.0,Private,91037.0,HS-grad,9.0,Married-civ-spouse,Adm-clerical,Wife,White,Female,,0.0,40.0,United-States
,Private,,10th,6.0,Married-civ-spouse,Machine-op-inspct,Husband,White,Male,0.0,,40.0,United-States
57.0,Private,200453.0,HS-grad,9.0,Married-civ-spouse,Craft-repair,Husband,White,,15024.0,0.0,40.0,
57.0,Private,36990.0,,9.0,Married-civ-spouse,,Husband,Black,,,0.0,52.0,United-States
33.0,Private,198211.0,HS-grad,9.0,,Tech-support,Husband,White,,,0.0,40.0,
61.0,noValueSetHere123156456,30475.0,,4.0,Married-civ-spouse,noValueSetHere123156456,Husband,White,Male,0.0,0.0,40.0,United-States
,Private,,Bachelors,13.0,Married-civ-spouse,Transport-moving,Husband,White,Male,,0.0,99.0,United-States
28.0,Private,245790.0,,9.0,,Craft-repair,Own-child,White,Male,0.0,,40.0,United-States
,Private,273324.0,,10.0,Never-married,,,White,,0.0,1721.0,16.0,United-States
60.0,Private,182687.0,,,Divorced,Other-service,Not-in-family,White,,0.0,0.0,40.0,United-States
,Local-gov,,,11.0,Never-married,Protective-serv,Not-in-family,White,Male,0.0,0.0,,
58.0,,163113.0,,9.0,Widowed,,,White,Female,0.0,,35.0,
50.0,Private,,Some-college,10.0,Never-married,Handlers-cleaners,Not-in-family,White,Male,0.0,0.0,38.0,United-States
23.0,,203353.0,Bachelors,13.0,Never-married,Exec-managerial,Own-child,White,Female,0.0,,12.0,United-States
30.0,Private,87469.0,HS-grad,9.0,Never-married,Other-service,Not-in-family,White,Male,0.0,0.0,,United-States
20.0,noValueSetHere123156456,216563.0,11th,7.0,Never-married,noValueSetHere123156456,Other-relative,,Male,,0.0,40.0,United-States
,Private,87372.0,Prof-school,15.0,,Prof-specialty,,White,,20051.0,0.0,72.0,United-States
,Local-gov,173584.0,Bachelors,,Never-married,Prof-specialty,,,Female,0.0,0.0,,
47.0,Local-gov,80282.0,Bachelors,13.0,Married-civ-spouse,Prof-specialty,Husband,White,Male,3137.0,0.0,,United-States
34.0,,319854.0,Doctorate,16.0,Never-married,Prof-specialty,,White,Male,0.0,0.0,,Taiwan
37.0,Federal-gov,,HS-grad,9.0,,Tech-support,Unmarried,White,Female,0.0,0.0,40.0,
25.0,Private,,10th,6.0,,Protective-serv,Wife,Black,Female,0.0,0.0,50.0,United-States
,Private,134088.0,,12.0,Never-married,,,White,Female,0.0,0.0,40.0,United-States
47.0,Private,246396.0,HS-grad,9.0,Married-civ-spouse,Adm-clerical,Husband,White,Male,,0.0,40.0,Mexico
34.0,Private,159255.0,,9.0,Married-civ-spouse,Exec-managerial,Husband,White,Male,0.0,0.0,,United-States
34.0,Private,106014.0,Some-college,10.0,,Other-service,Not-in-family,White,Male,,,40.0,United-States
35.0,Private,186934.0,,9.0,Married-civ-spouse,,Husband,,Male,7688.0,0.0,50.0,United-States
39.0,,120130.0,,10.0,Separated,Machine-op-inspct,Own-child,White,,0.0,0.0,40.0,United-States
32.0,State-gov,203849.0,7th-8th,4.0,Married-civ-spouse,Handlers-cleaners,,White,Male,0.0,0.0,,United-States
24.0,,,,9.0,,Other-service,Wife,,,0.0,0.0,30.0,United-States
28.0,Private,302406.0,Prof-school,,Never-married,Prof-specialty,Not-in-family,White,Male,0.0,0.0,,United-States
,Self-emp-not-inc,,7th-8th,4.0,Married-civ-spouse,Craft-repair,,White,Male,0.0,2179.0,40.0,
,noValueSetHere123156456,171050.0,HS-grad,9.0,Widowed,noValueSetHere123156456,Not-in-family,,Female,0.0,0.0,9.0,United-States
,,,HS-grad,,,Protective-serv,Husband,White,,,0.0,90.0,United-States
58.0,Private,372181.0,,9.0,Divorced,Sales,Unmarried,,Female,0.0,0.0,40.0,United-States
47.0,Self-emp-not-inc,,HS-grad,,Married-civ-spouse,Sales,,,Male,0.0,0.0,,
41.0,Private,,Bachelors,,Married-civ-spouse,Exec-managerial,Husband,White,Male,,0.0,50.0,United-States
35.0,Self-emp-inc,,HS-grad,9.0,,Exec-managerial,Husband,,Male,0.0,,50.0,United-States
24.0,Private,,,,,,Own-child,,,,0.0,20.0,Canada
46.0,Self-emp-not-inc,342907.0,HS-grad,9.0,Married-civ-spouse,Sales,Husband,Black,Male,0.0,0.0,60.0,United-States
69.0,Self-emp-inc,169717.0,,13.0,Married-civ-spouse,Exec-managerial,Husband,,Male,6418.0,0.0,45.0,
22.0,Private,103762.0,,,Never-married,Exec-managerial,Own-child,,Female,,,40.0,United-States
36.0,State-gov,47570.0,Masters,14.0,Never-married,Prof-specialty,Not-in-family,White,Female,,0.0,40.0,United-States
31.0,Private,,Bachelors,13.0,Married-civ-spouse,Sales,Husband,White,Male,,0.0,40.0,United-States
23.0,Local-gov,144165.0,Bachelors,,Never-married,Prof-specialty,Own-child,,,0.0,,30.0,United-States
35.0,Private,180647.0,Some-college,10.0,Never-married,,Not-in-family,Black,Female,0.0,0.0,40.0,United-States
,Local-gov,312232.0,Bachelors,13.0,Married-civ-spouse,Protective-serv,Husband,White,Male,,0.0,40.0,United-States
35.0,State-gov,150488.0,Bachelors,13.0,Never-married,,Not-in-family,White,Female,0.0,0.0,40.0,
18.0,Private,200876.0,,7.0,Never-married,Transport-moving,Own-child,,Male,0.0,,16.0,United-States
,Private,,9th,5.0,Divorced,Handlers-cleaners,,White,,0.0,0.0,40.0,United-States
53.0,State-gov,,HS-grad,,,,Husband,White,Male,0.0,0.0,40.0,United-States
54.0,Local-gov,204325.0,Some-college,10.0,Married-civ-spouse,Protective-serv,Husband,White,Male,0.0,0.0,,United-States
,Private,256671.0,HS-grad,9.0,,,Wife,White,Female,0.0,,,
46.0,Private,231515.0,,12.0,Never-married,Adm-clerical,Not-in-family,White,Female,0.0,,47.0,Cuba
24.0,Private,100669.0,Some-college,,Never-married,,Own-child,,Male,0.0,0.0,30.0,United-States
30.0,,88913.0,Some-college,,Separated,Other-service,,Asian-Pac-Islander,,0.0,,40.0,
23.0,Private,363219.0,Some-college,,Never-married,Priv-house-serv,Not-in-family,White,Female,,0.0,6.0,United-States
27.0,,,Bachelors,13.0,Married-civ-spouse,noValueSetHere123156456,Not-in-family,Other,Female,,0.0,6.0,Mexico
36.0,Private,308945.0,HS-grad,9.0,Married-civ-spouse,Machine-op-inspct,,,,0.0,0.0,,
38.0,Self-emp-not-inc,100316.0,,,Married-civ-spouse,Craft-repair,Husband,White,Male,,0.0,,United-States
33.0,Private,296453.0,,14.0,Married-civ-spouse,Tech-support,,White,Male,0.0,0.0,15.0,United-States
66.0,Private,298834.0,Some-college,,Married-civ-spouse,Protective-serv,Husband,White,Male,0.0,,,Canada
45.0,Self-emp-not-inc,188694.0,HS-grad,9.0,Married-civ-spouse,Exec-managerial,Husband,White,Male,0.0,0.0,40.0,United-States
,noValueSetHere123156456,,HS-grad,9.0,,noValueSetHere123156456,,,Female,0.0,,,
37.0,Private,186934.0,,,Married-civ-spouse,,Husband,,Male,15024.0,0.0,60.0,
17.0,Private,,10th,,Never-married,Other-service,Own-child,White,,0.0,0.0,10.0,United-States
31.0,Private,22201.0,HS-grad,9.0,Married-civ-spouse,Adm-clerical,Husband,Amer-Indian-Eskimo,,,,40.0,United-States
,,216999.0,Bachelors,13.0,,,Not-in-family,White,,0.0,0.0,55.0,United-States
,Private,186916.0,Bachelors,13.0,Married-civ-spouse,Prof-specialty,,White,Male,,0.0,,
34.0,,116677.0,Some-college,,,Handlers-cleaners,Husband,White,Male,,0.0,,United-States
56.0,Private,95763.0,10th,,Divorced,Craft-repair,Not-in-family,White,Male,,0.0,45.0,
,Private,266710.0,Some-college,10.0,Separated,Adm-clerical,Unmarried,Black,Female,0.0,,41.0,United-States
,Private,,Masters,14.0,Married-civ-spouse,Exec-managerial,Husband,White,Male,,0.0,55.0,
30.0,Private,242460.0,HS-grad,,Separated,Craft-repair,,,Male,0.0,0.0,50.0,
33.0,Self-emp-not-inc,,,,Married-civ-spouse,,Husband,White,Male,0.0,,,
47.0,,181652.0,,9.0,,Machine-op-inspct,Wife,White,,0.0,,,United-States
57.0,,174760.0,,12.0,Married-spouse-absent,Farming-fishing,,Amer-Indian-Eskimo,Male,0.0,0.0,40.0,United-States
34.0,Private,56121.0,11th,7.0,Divorced,Craft-repair,,White,Male,,,40.0,United-States
40.0,,390369.0,HS-grad,9.0,Divorced,Craft-repair,,,Male,,0.0,40.0,United-States
33.0,Private,,HS-grad,9.0,Married-civ-spouse,Sales,Husband,White,Male,0.0,0.0,40.0,United-States
22.0,Private,51262.0,HS-grad,9.0,Never-married,Machine-op-inspct,Own-child,,Male,0.0,0.0,40.0,United-States
29.0,Private,,12th,8.0,Never-married,Other-service,Unmarried,Black,,0.0,,35.0,noValueSetHere123156456
53.0,Federal-gov,205288.0,HS-grad,9.0,Married-civ-spouse,Adm-clerical,Wife,White,,7688.0,,35.0,United-States
36.0,,154835.0,HS-grad,,Separated,Adm-clerical,Own-child,Asian-Pac-Islander,Female,0.0,0.0,40.0,
45.0,,89028.0,,9.0,Divorced,,Not-in-family,,,,0.0,40.0,United-States
36.0,Private,194630.0,Some-college,10.0,Divorced,Sales,,White,Female,0.0,,40.0,United-States
18.0,Self-emp-not-inc,,HS-grad,9.0,,Farming-fishing,Own-child,White,,0.0,0.0,,
,Private,204788.0,,9.0,,Adm-clerical,Not-in-family,,Female,0.0,0.0,40.0,United-States
30.0,Private,158688.0,HS-grad,,Married-civ-spouse,,Husband,White,,,0.0,40.0,United-States
,Private,,Bachelors,13.0,Married-civ-spouse,Prof-specialty,,White,,0.0,,40.0,United-States
,Private,193026.0,Bachelors,13.0,Married-civ-spouse,,Husband,White,Male,0.0,0.0,40.0,United-States
,Self-emp-not-inc,,,4.0,Never-married,Farming-fishing,,White,Male,0.0,,,
48.0,,355978.0,Masters,14.0,Married-civ-spouse,Exec-managerial,Husband,White,Male,0.0,0.0,40.0,United-States
,Self-emp-not-inc,200574.0,Prof-school,,Married-civ-spouse,Prof-specialty,Husband,White,Male,0.0,,60.0,United-States
21.0,Private,376929.0,5th-6th,3.0,Never-married,Priv-house-serv,Not-in-family,White,Female,0.0,,,Mexico
47.0,State-gov,123219.0,,,Married-civ-spouse,Prof-specialty,Husband,White,Male,,0.0,38.0,
41.0,Private,82778.0,1st-4th,2.0,Married-civ-spouse,Farming-fishing,Husband,White,Male,0.0,0.0,,
61.0,Self-emp-not-inc,115882.0,1st-4th,2.0,Married-civ-spouse,Craft-repair,Husband,White,Male,,0.0,20.0,United-States
64.0,Private,,7th-8th,4.0,Married-civ-spouse,Craft-repair,Husband,White,Male,0.0,,40.0,United-States
,Private,,Some-college,,Separated,,Not-in-family,Black,Male,0.0,,,United-States
44.0,,259479.0,HS-grad,9.0,,Transport-moving,Unmarried,White,,,0.0,50.0,United-States
,,167787.0,,10.0,Never-married,Sales,Own-child,White,Female,,0.0,20.0,United-States
,Local-gov,40021.0,,10.0,,Adm-clerical,Unmarried,White,Female,0.0,0.0,70.0,United-States
,,,10th,6.0,Married-civ-spouse,,Wife,,Female,0.0,,35.0,
43.0,Private,,Masters,14.0,Never-married,Exec-managerial,Not-in-family,White,,,0.0,25.0,
,,,Bachelors,13.0,,Handlers-cleaners,,Asian-Pac-Islander,Male,0.0,0.0,40.0,
63.0,Private,137192.0,Bachelors,13.0,Married-civ-spouse,,Husband,Asian-Pac-Islander,,0.0,0.0,40.0,South
,Private,137618.0,Some-college,10.0,Never-married,Other-service,Not-in-family,White,Female,0.0,0.0,,United-States
42.0,Self-emp-inc,,Some-college,,Married-civ-spouse,,Husband,Asian-Pac-Islander,,0.0,,60.0,
65.0,Private,196174.0,,6.0,Divorced,Handlers-cleaners,Not-in-family,White,Female,,0.0,28.0,United-States
24.0,Private,,HS-grad,9.0,Married-civ-spouse,,Husband,White,,0.0,0.0,,United-States
42.0,,,Some-college,10.0,Never-married,Other-service,Own-child,White,Female,0.0,0.0,40.0,
35.0,Private,228190.0,HS-grad,,Married-civ-spouse,Transport-moving,Husband,,Male,,0.0,40.0,
40.0,Self-emp-inc,,Bachelors,13.0,Married-civ-spouse,Sales,Husband,White,Male,0.0,,40.0,
38.0,Federal-gov,,Some-college,10.0,Divorced,Adm-clerical,Unmarried,White,Female,0.0,,,United-States
26.0,Private,,,9.0,Divorced,Adm-clerical,Not-in-family,White,,0.0,0.0,50.0,United-States
46.0,Self-emp-not-inc,,HS-grad,,Married-civ-spouse,Farming-fishing,Husband,White,Male,,1672.0,50.0,
39.0,Private,,Some-college,10.0,Never-married,,Own-child,White,Female,,0.0,20.0,United-States
,noValueSetHere123156456,41281.0,,13.0,Married-spouse-absent,noValueSetHere123156456,Not-in-family,,,0.0,0.0,,United-States
,Private,162003.0,Doctorate,16.0,Never-married,Prof-specialty,Not-in-family,,,0.0,0.0,,United-States
,Private,190759.0,Bachelors,,Married-civ-spouse,,Husband,White,Male,,,,United-States
26.0,Private,208122.0,,10.0,Divorced,,Not-in-family,White,Male,0.0,,,United-States
,Private,173832.0,Bachelors,13.0,Married-civ-spouse,Sales,Husband,White,,0.0,1902.0,40.0,
55.0,,129173.0,,9.0,Never-married,Handlers-cleaners,,Black,Male,0.0,0.0,40.0,United-States
35.0,Private,,,10.0,Married-civ-spouse,,Husband,White,Male,0.0,0.0,55.0,United-States
41.0,Private,216116.0,HS-grad,,Separated,Adm-clerical,Unmarried,Black,Female,0.0,0.0,,noValueSetHere123156456
24.0,Private,146706.0,,10.0,Never-married,Other-service,Not-in-family,White,,0.0,0.0,30.0,
47.0,Private,,HS-grad,9.0,Married-civ-spouse,Craft-repair,,White,Male,0.0,,40.0,
34.0,Self-emp-inc,314375.0,Some-college,10.0,Married-civ-spouse,Sales,Husband,White,,,0.0,,United-States
44.0,Private,,Bachelors,13.0,Married-civ-spouse,Exec-managerial,,,Male,0.0,0.0,35.0,United-States
,noValueSetHere123156456,,,9.0,Never-married,noValueSetHere123156456,Unmarried,,Female,,,20.0,United-States
27.0,Private,,Bachelors,,Never-married,Adm-clerical,Not-in-family,,Male,,,35.0,United-States
,Private,66173.0,Bachelors,13.0,,,,White,Female,0.0,0.0,50.0,
21.0,Private,182823.0,Bachelors,,Never-married,Sales,Own-child,White,Male,0.0,0.0,30.0,United-States
,Private,159479.0,HS-grad,9.0,,Transport-moving,,Other,Male,0.0,0.0,55.0,
25.0,,135568.0,HS-grad,,Married-civ-spouse,,Husband,White,Male,0.0,0.0,40.0,United-States
73.0,Private,333676.0,HS-grad,,,Farming-fishing,Husband,White,Male,0.0,0.0,50.0,United-States
45.0,Private,,Assoc-voc,11.0,,,Husband,,Male,,,40.0,United-States
28.0,Private,96020.0,Bachelors,,Married-civ-spouse,,,,Female,0.0,0.0,50.0,
43.0,,176138.0,Bachelors,,,Exec-managerial,Husband,,,,0.0,50.0,United-States
47.0,Private,47496.0,,9.0,Divorced,Craft-repair,Not-in-family,White,Male,,,42.0,
,Private,,,10.0,Never-married,Adm-clerical,Own-child,White,Female,0.0,,,United-States
22.0,Private,249727.0,Some-college,,Never-married,,Own-child,White,Male,0.0,0.0,20.0,United-States
76.0,Self-emp-not-inc,,7th-8th,4.0,,,,White,Male,0.0,0.0,10.0,United-States
24.0,Private,175254.0,Some-college,,Never-married,Transport-moving,Not-in-family,,Male,0.0,0.0,40.0,United-States
54.0,Self-emp-not-inc,42924.0,Some-college,10.0,Married-civ-spouse,,Husband,White,Male,,0.0,50.0,United-States
,Private,205950.0,,10.0,Married-civ-spouse,Machine-op-inspct,Husband,White,Male,0.0,,40.0,United-States
33.0,Private,111985.0,Some-college,,,Craft-repair,Husband,White,Male,0.0,0.0,58.0,United-States
,Private,167476.0,,10.0,Divorced,Machine-op-inspct,,White,,0.0,0.0,50.0,United-States
,Private,221172.0,,12.0,Married-civ-spouse,Exec-managerial,,White,Male,,0.0,50.0,United-States
27.0,noValueSetHere123156456,188711.0,Some-college,10.0,Divorced,noValueSetHere123156456,Not-in-family,White,Male,0.0,,,United-States
,Private,199448.0,Assoc-voc,11.0,Divorced,Sales,Unmarried,White,,0.0,0.0,,United-States
,Private,,,9.0,,Craft-repair,,White,,,,40.0,United-States
22.0,Private,148431.0,HS-grad,9.0,Never-married,Adm-clerical,Not-in-family,,Female,0.0,0.0,40.0,United-States
19.0,Private,112432.0,HS-grad,9.0,Married-civ-spouse,Handlers-cleaners,Husband,White,Male,0.0,0.0,58.0,
46.0,Private,,HS-grad,9.0,Married-civ-spouse,Protective-serv,,White,,,0.0,40.0,United-States
51.0,Private,145166.0,HS-grad,,Married-civ-spouse,Adm-clerical,,,Male,0.0,0.0,50.0,United-States
,Private,247119.0,7th-8th,,Widowed,,Unmarried,Other,Female,,,40.0,
53.0,Private,,Some-college,10.0,,Sales,Not-in-family,White,Female,0.0,0.0,40.0,United-States
60.0,noValueSetHere123156456,366531.0,,11.0,,noValueSetHere123156456,Not-in-family,White,Female,,,40.0,
27.0,Private,216481.0,Bachelors,,Never-married,Prof-specialty,,White,Female,0.0,0.0,40.0,United-States
,Private,,Some-college,10.0,Never-married,Exec-managerial,,White,,0.0,0.0,45.0,United-States
37.0,Private,66686.0,,,Married-civ-spouse,Transport-moving,Husband,White,Male,0.0,0.0,,United-States
41.0,Private,74775.0,Bachelors,13.0,Married-civ-spouse,Other-service,Husband,Asian-Pac-Islander,,0.0,0.0,30.0,
65.0,noValueSetHere123156456,325537.0,,,,noValueSetHere123156456,,White,Male,0.0,0.0,50.0,United-States
30.0,Self-emp-not-inc,250499.0,Some-college,10.0,,,Wife,White,Female,0.0,0.0,,United-States
,Self-emp-not-inc,192869.0,,,Married-civ-spouse,Farming-fishing,Husband,White,Male,0.0,0.0,72.0,
44.0,Self-emp-inc,121352.0,Some-college,10.0,Married-civ-spouse,Exec-managerial,Husband,White,Male,,,50.0,United-States
32.0,Self-emp-not-inc,70985.0,HS-grad,9.0,Married-civ-spouse,Farming-fishing,,White,Male,4064.0,0.0,40.0,United-States
,,,HS-grad,,,Transport-moving,Husband,,Male,0.0,0.0,40.0,United-States
57.0,Local-gov,339163.0,,10.0,,Adm-clerical,Unmarried,White,Female,0.0,0.0,40.0,Mexico
,Self-emp-not-inc,,Bachelors,13.0,,,,White,Male,0.0,0.0,30.0,United-States
32.0,,167531.0,Prof-school,15.0,,,Wife,Asian-Pac-Islander,,15024.0,0.0,,United-States
90.0,,77053.0,HS-grad,9.0,Widowed,noValueSetHere123156456,Not-in-family,White,Female,0.0,4356.0,,United-States
,Private,199266.0,,13.0,Never-married,,Not-in-family,White,Female,0.0,0.0,30.0,United-States
39.0,Private,190728.0,HS-grad,,,Adm-clerical,Not-in-family,White,Female,0.0,,40.0,United-States
,Private,99212.0,Assoc-voc,11.0,Married-civ-spouse,Exec-managerial,Husband,White,Male,3103.0,0.0,,
38.0,Local-gov,421446.0,Bachelors,13.0,Married-civ-spouse,Exec-managerial,Husband,Black,Male,0.0,,50.0,United-States
61.0,Private,215944.0,9th,5.0,Divorced,Sales,,,Male,0.0,0.0,,United-States
24.0,Private,72310.0,,10.0,Never-married,,Own-child,White,,0.0,,,United-States
25.0,Private,57512.0,Some-college,10.0,Never-married,Sales,Not-in-family,White,Male,0.0,0.0,,United-States
,Private,,Assoc-voc,11.0,,Craft-repair,Husband,White,Male,0.0,0.0,40.0,United-States
55.0,Local-gov,28151.0,HS-grad,9.0,Divorced,,Not-in-family,,Female,,0.0,,United-States
,Private,46786.0,Bachelors,13.0,,Sales,Husband,White,Male,9386.0,,15.0,United-States
,Private,,,9.0,Divorced,Adm-clerical,Unmarried,White,Female,0.0,0.0,35.0,
,,182402.0,HS-grad,9.0,,Craft-repair,Husband,White,,,0.0,40.0,
36.0,Private,305352.0,10th,6.0,,Craft-repair,Other-relative,Black,Male,0.0,0.0,40.0,United-States
63.0,Self-emp-inc,189253.0,Some-college,10.0,Married-civ-spouse,Exec-managerial,Husband,White,Male,,0.0,,United-States
60.0,Private,296485.0,5th-6th,,Married-civ-spouse,,Husband,,Male,0.0,0.0,40.0,United-States
34.0,Self-emp-not-inc,,,15.0,Never-married,,Not-in-family,White,Female,0.0,0.0,60.0,
,Self-emp-not-inc,249585.0,11th,7.0,Married-civ-spouse,Exec-managerial,Husband,White,Male,,0.0,65.0,United-States
47.0,Private,148995.0,Masters,14.0,Married-civ-spouse,,Husband,White,Male,0.0,0.0,65.0,United-States
42.0,Self-emp-inc,168071.0,HS-grad,,Married-civ-spouse,Sales,,White,Male,0.0,0.0,,United-States
,Private,,5th-6th,,,Craft-repair,Husband,,Male,,0.0,45.0,Italy
23.0,Private,,,,Never-married,,Not-in-family,White,Female,4101.0,0.0,,United-States
,noValueSetHere123156456,196630.0,Assoc-voc,11.0,Separated,noValueSetHere123156456,,White,Female,,0.0,,Mexico
,,50397.0,Some-college,10.0,Married-civ-spouse,,Husband,Black,Male,0.0,0.0,35.0,
43.0,,177905.0,,9.0,Married-civ-spouse,Handlers-cleaners,,White,Male,3908.0,0.0,40.0,United-States
32.0,,,Prof-school,15.0,Married-civ-spouse,,Husband,White,Male,,1977.0,60.0,United-States
43.0,Private,,Bachelors,,,Sales,Unmarried,White,Male,0.0,0.0,,United-States
31.0,,223046.0,,9.0,,,Husband,,Male,0.0,0.0,60.0,
29.0,,44921.0,HS-grad,9.0,Married-civ-spouse,noValueSetHere123156456,Wife,White,,0.0,0.0,,
24.0,,154571.0,Some-college,10.0,,,Own-child,Asian-Pac-Islander,Male,0.0,0.0,20.0,United-States
39.0,Private,,Assoc-voc,11.0,,Adm-clerical,,,Male,0.0,,40.0,United-States
29.0,,188675.0,Some-college,10.0,Married-civ-spouse,Craft-repair,Husband,Black,,,0.0,40.0,
20.0,Private,,5th-6th,3.0,Never-married,Handlers-cleaners,Not-in-family,White,Male,0.0,0.0,,
,noValueSetHere123156456,145964.0,Some-college,10.0,Never-married,noValueSetHere123156456,Not-in-family,White,Male,0.0,0.0,40.0,United-States
42.0,,30424.0,,,Separated,Other-service,Unmarried,,Female,0.0,0.0,38.0,United-States
53.0,,548361.0,HS-grad,9.0,,Craft-repair,Husband,White,Male,0.0,0.0,40.0,
20.0,Private,189148.0,HS-grad,,Married-civ-spouse,Handlers-cleaners,Husband,White,Male,,0.0,,United-States
58.0,Self-emp-not-inc,266707.0,1st-4th,,Married-civ-spouse,,,,Male,,2179.0,18.0,United-States
51.0,Self-emp-not-inc,311569.0,HS-grad,9.0,Divorced,Sales,Not-in-family,White,Male,,0.0,40.0,
25.0,Private,187653.0,HS-grad,9.0,,Handlers-cleaners,Not-in-family,,,0.0,0.0,48.0,United-States
38.0,Private,,Assoc-acdm,,Never-married,Prof-specialty,Unmarried,,Female,0.0,0.0,36.0,
41.0,Private,188615.0,,10.0,,Craft-repair,Husband,White,Male,,0.0,40.0,United-States
,Private,322691.0,Bachelors,13.0,Married-civ-spouse,,Husband,,Male,,0.0,40.0,United-States
25.0,,184698.0,,,Never-married,Machine-op-inspct,Not-in-family,,Male,,0.0,40.0,
50.0,,144361.0,HS-grad,9.0,Married-civ-spouse,,Husband,White,Male,0.0,0.0,,
32.0,,130057.0,Bachelors,13.0,,Exec-managerial,Husband,,Male,0.0,0.0,,United-States
,,117963.0,Doctorate,16.0,Never-married,Prof-specialty,,White,,0.0,0.0,40.0,United-States
22.0,Private,,Some-college,,Never-married,,Own-child,White,Female,,0.0,20.0,
37.0,,248445.0,HS-grad,9.0,Divorced,Handlers-cleaners,Other-relative,White,Male,,0.0,40.0,
32.0,Private,,Some-college,10.0,Never-married,Sales,Other-relative,White,,0.0,0.0,,United-States
,,119904.0,Prof-school,15.0,,Prof-specialty,Not-in-family,White,Female,0.0,,55.0,
,,134768.0,,9.0,Married-civ-spouse,Transport-moving,Husband,,Male,0.0,0.0,40.0,United-States
,Local-gov,269168.0,HS-grad,9.0,Married-civ-spouse,Other-service,,Other,,0.0,,40.0,
56.0,Private,132026.0,Bachelors,13.0,,Sales,,Black,Male,7688.0,0.0,45.0,United-States
37.0,Private,60722.0,Some-college,10.0,,Exec-managerial,,Asian-Pac-Islander,Female,,0.0,40.0,Japan
41.0,Private,648223.0,1st-4th,2.0,Married-spouse-absent,Farming-fishing,Unmarried,White,Male,0.0,0.0,,Mexico
56.0,Private,298695.0,7th-8th,4.0,Married-civ-spouse,,,White,,0.0,0.0,,United-States
20.0,Private,219835.0,Some-college,10.0,,Handlers-cleaners,,,Male,,,30.0,United-States
,Self-emp-not-inc,,Bachelors,13.0,Married-civ-spouse,,,White,Male,0.0,0.0,60.0,United-States
45.0,Private,140644.0,HS-grad,9.0,Married-civ-spouse,,Husband,White,Male,0.0,0.0,,
30.0,Private,,Some-college,10.0,Married-civ-spouse,,Husband,,,0.0,0.0,,
51.0,,,HS-grad,9.0,Married-civ-spouse,,Husband,White,Male,,,,
,,161683.0,11th,7.0,Married-civ-spouse,,Husband,White,,0.0,0.0,42.0,United-States
,Private,312771.0,Assoc-voc,11.0,Married-civ-spouse,,Husband,White,,0.0,,,
39.0,Private,,Some-college,10.0,Married-civ-spouse,,Husband,White,,0.0,,50.0,United-States
,noValueSetHere123156456,24127.0,Bachelors,,,,Husband,White,,0.0,0.0,,United-States
47.0,Private,254367.0,Some-college,10.0,Married-civ-spouse,Exec-managerial,Husband,White,Male,0.0,0.0,50.0,United-States
77.0,noValueSetHere123156456,185426.0,HS-grad,9.0,,,Husband,White,Male,0.0,0.0,15.0,United-States
43.0,,,HS-grad,9.0,,,,White,Male,0.0,0.0,40.0,United-States
46.0,Local-gov,141058.0,HS-grad,,Married-civ-spouse,Exec-managerial,,White,Male,0.0,0.0,65.0,
41.0,Private,233130.0,Some-college,,,,Husband,White,Male,,0.0,40.0,
20.0,Private,406641.0,HS-grad,9.0,,,Not-in-family,White,,0.0,0.0,30.0,
30.0,State-gov,,10th,,Married-civ-spouse,Adm-clerical,Husband,,Male,0.0,0.0,,United-States
,Private,255486.0,HS-grad,,Married-civ-spouse,Other-service,Husband,Black,,0.0,,25.0,
22.0,Private,161532.0,Some-college,10.0,Never-married,Handlers-cleaners,,White,Male,,,35.0,United-States
25.0,Private,,HS-grad,9.0,Married-civ-spouse,Transport-moving,,White,Male,,,,United-States
18.0,Private,163332.0,,,Never-married,Sales,Own-child,,Female,0.0,0.0,22.0,United-States
28.0,Private,103802.0,Bachelors,13.0,Never-married,Exec-managerial,Own-child,,Female,0.0,1408.0,40.0,noValueSetHere123156456
50.0,Private,34832.0,Bachelors,13.0,Married-civ-spouse,Tech-support,,White,Male,15024.0,0.0,40.0,United-States
,Private,,HS-grad,9.0,Never-married,Other-service,,Black,,0.0,,48.0,United-States
21.0,Private,165107.0,,10.0,Never-married,,Own-child,White,Female,0.0,0.0,40.0,
37.0,Private,126011.0,Assoc-voc,,Divorced,Tech-support,Own-child,White,,0.0,0.0,,United-States
28.0,,,Bachelors,,Never-married,Prof-specialty,Own-child,Black,Female,0.0,0.0,40.0,United-States
23.0,Private,,5th-6th,3.0,,Other-service,Husband,White,,,0.0,35.0,Mexico
32.0,,,,11.0,Never-married,Exec-managerial,Not-in-family,,Female,0.0,0.0,35.0,
27.0,Private,,12th,8.0,Never-married,,Own-child,,,0.0,0.0,50.0,United-States
55.0,,201112.0,,9.0,Divorced,Prof-specialty,Unmarried,,Female,,,40.0,United-States
,Private,174283.0,,,Married-civ-spouse,,Husband,White,,0.0,,40.0,
,,208591.0,Bachelors,13.0,Never-married,,Own-child,White,Male,,0.0,40.0,United-States
,Private,126399.0,HS-grad,,,Sales,Unmarried,,,,0.0,32.0,United-States
50.0,Private,,,9.0,Married-spouse-absent,Exec-managerial,Not-in-family,White,,0.0,,55.0,United-States
,Private,395567.0,,9.0,Never-married,Handlers-cleaners,Own-child,White,Male,0.0,0.0,40.0,
,Private,180455.0,,13.0,,,,,,,0.0,8.0,United-States
22.0,,235853.0,9th,5.0,Never-married,,Not-in-family,White,,0.0,0.0,40.0,United-States
27.0,Private,160731.0,Bachelors,,Married-civ-spouse,,Husband,White,Male,0.0,0.0,,United-States
27.0,State-gov,,Some-college,10.0,Never-married,,Own-child,,Female,0.0,0.0,,
41.0,,35166.0,Prof-school,15.0,Married-civ-spouse,Prof-specialty,Husband,,,15024.0,,50.0,United-States
,Private,161092.0,,10.0,Married-civ-spouse,Adm-clerical,Husband,White,Male,,0.0,40.0,United-States
23.0,,223019.0,HS-grad,9.0,,Adm-clerical,Own-child,White,Female,,0.0,40.0,
34.0,Self-emp-not-inc,179673.0,Prof-school,15.0,Married-civ-spouse,Prof-specialty,Husband,,Male,7688.0,0.0,,
46.0,State-gov,,,13.0,,,Husband,White,Male,0.0,0.0,40.0,
32.0,Private,,Prof-school,15.0,Never-married,Prof-specialty,Not-in-family,White,Male,0.0,0.0,60.0,United-States
41.0,Private,230020.0,HS-grad,9.0,Married-civ-spouse,Craft-repair,Husband,,Male,0.0,,,United-States
29.0,Private,134890.0,,11.0,Married-civ-spouse,Farming-fishing,Husband,White,,0.0,0.0,40.0,United-States
48.0,Private,162096.0,9th,,Married-civ-spouse,Machine-op-inspct,Other-relative,Asian-Pac-Islander,Female,0.0,,,
,Private,103824.0,HS-grad,,Never-married,Other-service,Not-in-family,Black,Male,0.0,0.0,40.0,Haiti
34.0,State-gov,61431.0,,8.0,Never-married,,Not-in-family,,Female,0.0,,40.0,United-States
58.0,Private,,,,Married-civ-spouse,Exec-managerial,,White,Male,,0.0,45.0,
52.0,Private,,HS-grad,9.0,Married-civ-spouse,Handlers-cleaners,Husband,White,Male,,,40.0,United-States
37.0,Self-emp-not-inc,268598.0,,,Married-civ-spouse,,,,,,0.0,50.0,Puerto-Rico
53.0,,,Some-college,10.0,,Adm-clerical,Not-in-family,White,,,0.0,40.0,
54.0,Private,,Assoc-voc,11.0,Married-civ-spouse,Transport-moving,Husband,White,Male,0.0,0.0,20.0,
,Private,,,,Married-civ-spouse,Sales,Husband,White,Male,,0.0,60.0,
25.0,,132661.0,Assoc-voc,11.0,,,,,,0.0,,60.0,United-States
,,266400.0,Some-college,10.0,Never-married,,Own-child,White,,0.0,0.0,48.0,United-States
,Private,433669.0,Assoc-acdm,,,Adm-clerical,Not-in-family,,Male,0.0,0.0,40.0,United-States
39.0,Self-emp-inc,,,,Married-civ-spouse,Exec-managerial,Husband,White,Male,,0.0,60.0,United-States
,,,10th,6.0,Never-married,Machine-op-inspct,Own-child,White,Male,0.0,0.0,40.0,United-States
,Private,227778.0,Assoc-voc,11.0,Never-married,Other-service,Other-relative,,Male,,0.0,,United-States
73.0,,96262.0,HS-grad,9.0,Widowed,Adm-clerical,Not-in-family,White,Female,0.0,0.0,,
67.0,Private,,,9.0,Married-civ-spouse,,Husband,White,Male,0.0,0.0,,United-States
56.0,Private,,Bachelors,,,,Not-in-family,White,Male,0.0,,45.0,
32.0,Private,73585.0,Assoc-voc,,Married-civ-spouse,Craft-repair,,White,Male,0.0,0.0,40.0,United-States
42.0,Private,37869.0,Some-college,10.0,Divorced,,Not-in-family,White,Male,0.0,,40.0,
33.0,Private,165814.0,,9.0,Married-civ-spouse,Other-service,,Black,Male,0.0,0.0,,United-States
,Private,108913.0,HS-grad,9.0,,Other-service,,White,,,,40.0,United-States
,Private,34975.0,,,Married-civ-spouse,,Husband,White,Male,0.0,0.0,45.0,
31.0,Private,,10th,6.0,Never-married,Adm-clerical,,White,,0.0,0.0,,United-States
59.0,Private,232672.0,Masters,14.0,Married-civ-spouse,Exec-managerial,Husband,White,Male,0.0,,40.0,United-States
,Private,294295.0,HS-grad,9.0,,Adm-clerical,Unmarried,White,Male,0.0,0.0,40.0,United-States
58.0,,130454.0,Some-college,10.0,Married-civ-spouse,Exec-managerial,Husband,White,Male,0.0,0.0,50.0,United-States
,Local-gov,461678.0,10th,6.0,Never-married,Other-service,,,Male,,0.0,,United-States
26.0,State-gov,,Some-college,10.0,Married-civ-spouse,Protective-serv,Husband,White,Male,0.0,0.0,40.0,United-States
26.0,Private,256737.0,11th,7.0,Married-civ-spouse,Transport-moving,Husband,White,Male,0.0,0.0,40.0,United-States
33.0,Local-gov,96480.0,Masters,14.0,Never-married,Prof-specialty,Not-in-family,White,Female,0.0,0.0,40.0,Germany
25.0,,234263.0,Bachelors,13.0,Never-married,,Not-in-family,,Male,0.0,0.0,40.0,United-States
21.0,Private,109952.0,,6.0,Married-civ-spouse,,,White,Male,0.0,0.0,,United-States
24.0,Private,262570.0,HS-grad,9.0,,Machine-op-inspct,,White,,0.0,0.0,40.0,United-States
39.0,Self-emp-not-inc,65716.0,Assoc-acdm,,Married-civ-spouse,Adm-clerical,Wife,White,,0.0,0.0,40.0,
,Private,201732.0,Some-college,10.0,,Adm-clerical,Unmarried,White,Female,0.0,0.0,40.0,United-States
66.0,Self-emp-not-inc,174788.0,Some-college,,Never-married,,Not-in-family,White,Female,0.0,0.0,20.0,United-States
,Private,278924.0,,13.0,Never-married,Farming-fishing,Not-in-family,,Male,0.0,,40.0,United-States
41.0,,101593.0,Masters,14.0,Married-civ-spouse,Exec-managerial,Husband,White,Male,0.0,0.0,50.0,United-States
71.0,noValueSetHere123156456,193863.0,7th-8th,4.0,Widowed,,,White,Female,0.0,0.0,,Poland
37.0,Private,,HS-grad,,Married-civ-spouse,Craft-repair,Husband,White,Male,0.0,0.0,40.0,United-States
54.0,Self-emp-not-inc,242606.0,Masters,14.0,Married-civ-spouse,,Husband,White,Male,4386.0,0.0,45.0,
,State-gov,176727.0,Bachelors,,,Prof-specialty,Not-in-family,White,Male,0.0,0.0,40.0,United-States
,,,,13.0,,Prof-specialty,,White,Female,0.0,0.0,40.0,
19.0,State-gov,354104.0,Some-college,10.0,Never-married,Prof-specialty,Own-child,White,Male,,0.0,10.0,United-States
25.0,Private,61956.0,,10.0,,Transport-moving,Not-in-family,,Male,,0.0,50.0,United-States
47.0,Federal-gov,137917.0,Some-college,,Married-civ-spouse,Adm-clerical,Husband,Black,,0.0,0.0,40.0,United-States
,Private,224658.0,Some-college,10.0,Married-civ-spouse,Sales,Other-relative,White,Male,,,40.0,
38.0,Private,51100.0,Bachelors,13.0,Divorced,Exec-managerial,,White,Male,3325.0,0.0,,United-States
25.0,Private,,HS-grad,,Never-married,,Not-in-family,White,Male,0.0,0.0,40.0,United-States
25.0,Private,,,,,,Own-child,White,Female,0.0,,50.0,
23.0,,,10th,,Never-married,,Other-relative,Other,Male,0.0,,40.0,
28.0,Private,103389.0,,14.0,Divorced,,Own-child,White,Female,0.0,,40.0,United-States
29.0,Private,308944.0,HS-grad,,Married-spouse-absent,Craft-repair,,White,Male,0.0,,40.0,United-States
32.0,Private,140092.0,,7.0,Married-civ-spouse,Craft-repair,Husband,White,,0.0,0.0,40.0,United-States
34.0,Private,,,9.0,Never-married,,Unmarried,Black,Female,,0.0,40.0,
52.0,,,Bachelors,,Married-civ-spouse,Prof-specialty,Husband,,Male,,0.0,40.0,United-States
33.0,Self-emp-not-inc,,HS-grad,9.0,Married-civ-spouse,Farming-fishing,Husband,White,Male,0.0,0.0,94.0,United-States
,Private,169758.0,Some-college,,,Sales,,White,Male,0.0,0.0,,United-States
,,193666.0,Doctorate,,Married-civ-spouse,Prof-specialty,Husband,White,Male,20051.0,0.0,55.0,United-States
,Private,,10th,6.0,Never-married,Handlers-cleaners,Unmarried,White,Male,,0.0,50.0,United-States
18.0,Self-emp-inc,119422.0,,9.0,,Other-service,Unmarried,Asian-Pac-Islander,,0.0,,30.0,India
29.0,Private,149324.0,Some-college,,Married-civ-spouse,Craft-repair,Husband,,Male,0.0,1485.0,40.0,United-States
40.0,Private,,Masters,14.0,Married-civ-spouse,Exec-managerial,,White,Male,,0.0,50.0,United-States
51.0,Self-emp-not-inc,,,14.0,Divorced,Prof-specialty,Unmarried,White,Male,0.0,,60.0,United-States
,Private,134797.0,Some-college,10.0,Divorced,Adm-clerical,Not-in-family,White,Male,0.0,0.0,40.0,United-States
20.0,State-gov,,Some-college,10.0,,Other-service,,White,Female,0.0,0.0,20.0,United-States
38.0,Local-gov,193026.0,HS-grad,9.0,,Craft-repair,Husband,White,Male,0.0,0.0,50.0,United-States
57.0,Private,303986.0,5th-6th,3.0,Never-married,Other-service,Not-in-family,,Male,0.0,0.0,40.0,Cuba
35.0,Private,126569.0,Some-college,10.0,Married-civ-spouse,Sales,,White,,4064.0,,40.0,
66.0,Private,166461.0,11th,,Married-civ-spouse,Sales,Husband,,Male,0.0,0.0,,United-States
,noValueSetHere123156456,61387.0,Bachelors,,Married-civ-spouse,noValueSetHere123156456,Husband,,Male,0.0,0.0,,United-States
25.0,,254746.0,Assoc-voc,11.0,Never-married,Adm-clerical,Not-in-family,White,Female,0.0,0.0,40.0,United-States
,noValueSetHere123156456,28678.0,Masters,14.0,Married-civ-spouse,noValueSetHere123156456,Husband,,,,0.0,6.0,
19.0,noValueSetHere123156456,180976.0,10th,6.0,Never-married,noValueSetHere123156456,,White,Female,0.0,0.0,35.0,United-States
70.0,,282642.0,,9.0,Married-civ-spouse,Handlers-cleaners,Husband,White,Male,0.0,,40.0,United-States
,Self-emp-not-inc,136413.0,7th-8th,4.0,Married-civ-spouse,Farming-fishing,,White,,0.0,0.0,48.0,United-States
25.0,Private,,Bachelors,13.0,,Prof-specialty,Husband,White,Male,0.0,0.0,40.0,United-States
44.0,,177240.0,Prof-school,15.0,Never-married,Prof-specialty,,White,Male,10520.0,0.0,40.0,United-States
37.0,,218490.0,,14.0,,,Husband,,Male,0.0,0.0,55.0,El-Salvador
75.0,noValueSetHere123156456,260543.0,10th,6.0,Widowed,noValueSetHere123156456,,,,0.0,0.0,1.0,
21.0,,80680.0,HS-grad,9.0,Never-married,noValueSetHere123156456,Not-in-family,White,Female,0.0,0.0,40.0,
21.0,Private,20728.0,HS-grad,,Never-married,Sales,Own-child,,,4101.0,0.0,40.0,
47.0,Federal-gov,117628.0,HS-grad,,,Craft-repair,,White,Male,,0.0,,United-States
20.0,Private,,HS-grad,9.0,Never-married,Adm-clerical,Not-in-family,Black,Female,0.0,1721.0,30.0,
32.0,,,HS-grad,9.0,Married-civ-spouse,Protective-serv,,White,Male,0.0,0.0,40.0,United-States
28.0,,309566.0,HS-grad,9.0,,,Unmarried,White,Female,0.0,0.0,20.0,United-States
53.0,Private,,HS-grad,9.0,,Transport-moving,Not-in-family,White,Male,0.0,0.0,,
19.0,,369678.0,HS-grad,9.0,Never-married,,Not-in-family,Other,Male,0.0,,30.0,
58.0,Private,29928.0,Some-college,10.0,Married-civ-spouse,,Wife,,,0.0,0.0,36.0,
22.0,,167868.0,,9.0,Never-married,,Not-in-family,White,Female,0.0,,30.0,
23.0,Private,235894.0,11th,7.0,Married-civ-spouse,Exec-managerial,Husband,White,Male,0.0,,55.0,United-States
21.0,Private,189888.0,HS-grad,9.0,Never-married,,Not-in-family,White,Male,3325.0,0.0,,
,,111545.0,HS-grad,9.0,Married-civ-spouse,Craft-repair,,White,,0.0,0.0,70.0,
39.0,Private,175972.0,Some-college,10.0,Married-civ-spouse,Other-service,Wife,White,,0.0,0.0,15.0,United-States
,,,,13.0,Never-married,Prof-specialty,Not-in-family,,Female,0.0,0.0,40.0,United-States
41.0,Local-gov,185057.0,Masters,14.0,Never-married,Prof-specialty,Not-in-family,White,,0.0,0.0,40.0,United-States
72.0,Private,157593.0,Bachelors,13.0,,Sales,Husband,White,Male,1455.0,,,
34.0,Private,101345.0,HS-grad,,,Other-service,Wife,White,,,,,
51.0,Local-gov,,,13.0,,Prof-specialty,Husband,White,Male,,1902.0,40.0,United-States
32.0,Self-emp-not-inc,,Assoc-voc,,Never-married,Craft-repair,,,,0.0,0.0,40.0,
38.0,,127601.0,Some-college,,Widowed,Exec-managerial,,White,Female,0.0,0.0,,United-States
,,227597.0,Some-college,10.0,Married-civ-spouse,Craft-repair,Husband,White,,,,40.0,United-States
21.0,noValueSetHere123156456,143995.0,,10.0,Never-married,noValueSetHere123156456,Own-child,,Male,0.0,0.0,20.0,United-States
21.0,Private,250051.0,Some-college,10.0,Never-married,Prof-specialty,Own-child,White,Female,0.0,0.0,10.0,United-States
26.0,,,Some-college,10.0,Never-married,Adm-clerical,,White,Male,,0.0,40.0,United-States
,,207668.0,Some-college,,,Handlers-cleaners,,White,,0.0,1887.0,40.0,United-States
,Private,,Some-college,,Never-married,Sales,Own-child,White,,0.0,0.0,15.0,
27.0,Private,119170.0,11th,7.0,Never-married,Exec-managerial,Unmarried,,Female,0.0,0.0,,United-States
20.0,Private,188612.0,Some-college,10.0,Never-married,Adm-clerical,,White,Female,0.0,,,
36.0,Private,,,,Married-civ-spouse,Adm-clerical,Husband,White,Male,0.0,,40.0,United-States
31.0,,,Bachelors,13.0,Never-married,noValueSetHere123156456,Not-in-family,White,Male,0.0,0.0,40.0,United-States
,,,Bachelors,13.0,Married-civ-spouse,Exec-managerial,Husband,White,,0.0,0.0,60.0,United-States
,,329266.0,HS-grad,9.0,,,Husband,White,Male,0.0,0.0,44.0,United-States
34.0,Local-gov,,Masters,,Widowed,Prof-specialty,,White,Female,,0.0,40.0,United-States
46.0,Private,123598.0,Some-college,10.0,Married-civ-spouse,Sales,Husband,White,,0.0,0.0,,United-States
33.0,Private,259931.0,11th,7.0,,,Other-relative,,,0.0,,30.0,United-States
,Private,134737.0,Bachelors,13.0,,Prof-specialty,Husband,White,Male,99999.0,0.0,,
42.0,Private,106900.0,Assoc-voc,11.0,Never-married,Tech-support,Not-in-family,,Male,0.0,0.0,40.0,
30.0,Private,,,,Married-civ-spouse,Craft-repair,Husband,White,Male,0.0,,50.0,United-States
,,,Some-college,,Married-civ-spouse,Other-service,,White,,0.0,0.0,40.0,United-States
28.0,,,,9.0,,,,White,,0.0,0.0,,United-States
25.0,Private,321205.0,Bachelors,13.0,Never-married,,Not-in-family,White,Male,4101.0,0.0,35.0,United-States
,Self-emp-not-inc,,Some-college,10.0,Married-civ-spouse,Other-service,Husband,,Male,0.0,,40.0,United-States
,Private,276096.0,HS-grad,,Married-civ-spouse,Machine-op-inspct,Husband,,Male,0.0,0.0,,
,Private,290560.0,Some-college,10.0,Married-civ-spouse,Exec-managerial,,White,,,0.0,45.0,United-States
21.0,,307315.0,Some-college,10.0,Never-married,Adm-clerical,,White,,0.0,0.0,,United-States
,,99156.0,,,Married-civ-spouse,,Husband,White,Male,0.0,,,
24.0,,,Bachelors,13.0,Never-married,Prof-specialty,,White,Male,0.0,,39.0,United-States
46.0,Private,153501.0,HS-grad,,,Transport-moving,Not-in-family,Amer-Indian-Eskimo,,0.0,0.0,,
47.0,,149700.0,Bachelors,13.0,,noValueSetHere123156456,,White,Male,,0.0,36.0,
47.0,Private,189680.0,,13.0,,Sales,,,,0.0,1977.0,40.0,United-States
35.0,,374524.0,,,,Prof-specialty,Husband,,Male,,0.0,75.0,United-States
60.0,Self-emp-not-inc,127805.0,7th-8th,4.0,Married-civ-spouse,Transport-moving,,White,,,,,United-States
35.0,Private,,Bachelors,13.0,Married-civ-spouse,,Wife,White,Female,0.0,0.0,24.0,Poland
,Private,295649.0,,,Separated,Other-service,Unmarried,White,,,0.0,40.0,China
,Private,197182.0,Assoc-acdm,12.0,Never-married,,Not-in-family,,Female,0.0,0.0,,United-States
,,241998.0,Bachelors,,Married-civ-spouse,Tech-support,Husband,,Male,0.0,,50.0,
,,,HS-grad,9.0,Married-civ-spouse,Adm-clerical,Husband,,Male,0.0,,50.0,United-States
58.0,Private,473836.0,,4.0,Widowed,Farming-fishing,Other-relative,White,,,0.0,45.0,Guatemala
,Private,198431.0,HS-grad,9.0,Never-married,Handlers-cleaners,Not-in-family,White,Female,0.0,,40.0,United-States
22.0,Private,113936.0,,9.0,Never-married,Handlers-cleaners,Own-child,White,Male,0.0,,40.0,United-States
22.0,Private,318915.0,HS-grad,,Never-married,Other-service,Unmarried,White,Female,,0.0,40.0,United-States
28.0,,175406.0,Masters,14.0,Married-civ-spouse,Exec-managerial,,White,Female,0.0,0.0,,United-States
33.0,noValueSetHere123156456,193172.0,Assoc-voc,11.0,Married-civ-spouse,noValueSetHere123156456,Own-child,,Female,,0.0,50.0,United-States
,,320294.0,HS-grad,9.0,Never-married,Prof-specialty,Not-in-family,White,Male,,0.0,40.0,United-States
58.0,State-gov,400285.0,HS-grad,9.0,Married-civ-spouse,Adm-clerical,Husband,Black,Male,0.0,0.0,40.0,United-States
24.0,noValueSetHere123156456,,,13.0,Never-married,noValueSetHere123156456,Own-child,White,Male,,0.0,,United-States
,Local-gov,227154.0,Bachelors,13.0,,Craft-repair,,Asian-Pac-Islander,Male,0.0,0.0,40.0,Philippines
49.0,Private,298659.0,,,Married-civ-spouse,,Husband,White,Male,,,15.0,
,Private,212120.0,Bachelors,13.0,,Exec-managerial,,White,Male,0.0,0.0,45.0,
,Private,320510.0,Bachelors,13.0,Married-civ-spouse,Exec-managerial,Husband,,Male,,1902.0,,United-States
,,175800.0,,9.0,Never-married,Prof-specialty,Unmarried,White,Female,,,55.0,United-States
55.0,Private,170169.0,,9.0,Separated,Adm-clerical,Not-in-family,White,Female,0.0,0.0,40.0,United-States
47.0,,344157.0,,7.0,Divorced,Handlers-cleaners,Not-in-family,White,Male,0.0,0.0,40.0,United-States
19.0,Private,199441.0,HS-grad,9.0,,,Not-in-family,White,Female,0.0,,,United-States
,Private,225456.0,HS-grad,9.0,Never-married,Tech-support,Other-relative,,,0.0,0.0,,United-States
36.0,Private,61178.0,,,Married-civ-spouse,Craft-repair,Husband,White,Male,0.0,0.0,40.0,United-States
28.0,Local-gov,,Assoc-acdm,12.0,,Protective-serv,Husband,White,Male,0.0,2002.0,40.0,
42.0,Private,152568.0,,9.0,Widowed,,Unmarried,Amer-Indian-Eskimo,,0.0,0.0,40.0,United-States
41.0,Private,,,14.0,Never-married,Prof-specialty,,White,,27828.0,,35.0,
46.0,Private,273771.0,Bachelors,13.0,,,Husband,White,Male,99999.0,,40.0,United-States
32.0,Private,208291.0,HS-grad,9.0,Married-civ-spouse,Sales,,,Male,,0.0,,United-States
34.0,Private,224358.0,10th,6.0,Never-married,Other-service,Unmarried,Black,Female,0.0,0.0,,United-States
33.0,Private,55176.0,,4.0,Married-civ-spouse,Craft-repair,,,,0.0,,40.0,United-States
60.0,State-gov,,Bachelors,13.0,Married-civ-spouse,,,White,Male,0.0,0.0,,United-States
53.0,Private,68684.0,,9.0,Married-civ-spouse,,Husband,White,Male,0.0,0.0,40.0,United-States
24.0,Private,185452.0,Bachelors,13.0,Never-married,Tech-support,,,Female,0.0,0.0,50.0,United-States
39.0,Federal-gov,175232.0,Some-college,10.0,Married-civ-spouse,,Husband,White,Male,0.0,,60.0,United-States
23.0,Private,173851.0,,,Never-married,Craft-repair,Not-in-family,White,,,0.0,40.0,United-States
50.0,Private,162327.0,Bachelors,13.0,Married-civ-spouse,,Husband,,Male,,1902.0,,noValueSetHere123156456
,,51424.0,,9.0,Divorced,Adm-clerical,Unmarried,White,Female,0.0,0.0,,United-States
19.0,Private,123416.0,12th,8.0,Separated,Prof-specialty,Own-child,,Female,1055.0,0.0,40.0,United-States
26.0,Private,262656.0,HS-grad,9.0,Never-married,Adm-clerical,Own-child,,Female,0.0,0.0,40.0,United-States
38.0,Private,233194.0,HS-grad,9.0,Married-civ-spouse,Sales,Husband,Black,Male,0.0,,,United-States
41.0,Private,290660.0,Bachelors,13.0,Married-civ-spouse,Craft-repair,Husband,White,Male,7688.0,,55.0,United-States
22.0,Private,151105.0,Some-college,10.0,,Sales,Other-relative,White,Female,0.0,0.0,18.0,United-States
,Private,179117.0,Assoc-acdm,12.0,Never-married,,Not-in-family,Black,Female,10520.0,0.0,50.0,United-States
72.0,noValueSetHere123156456,33608.0,Some-college,,Married-civ-spouse,,Husband,White,Male,9386.0,0.0,30.0,
39.0,,317434.0,,9.0,,Craft-repair,Husband,,,,0.0,40.0,United-States
35.0,State-gov,126569.0,HS-grad,,,Craft-repair,Husband,White,Male,7298.0,0.0,40.0,United-States
,Local-gov,745768.0,Some-college,,Divorced,Exec-managerial,Unmarried,,Female,,0.0,45.0,
19.0,Private,,HS-grad,9.0,Married-civ-spouse,Other-service,Wife,Black,,0.0,0.0,16.0,United-States
26.0,,302603.0,HS-grad,9.0,Never-married,Transport-moving,Own-child,White,Male,0.0,0.0,45.0,United-States
52.0,Private,46788.0,Bachelors,,,Craft-repair,Unmarried,,Male,0.0,0.0,25.0,United-States
41.0,Private,,,3.0,,Other-service,Husband,Other,Male,,1579.0,40.0,Nicaragua
45.0,Private,179135.0,HS-grad,,Divorced,Adm-clerical,,White,Female,0.0,,40.0,
58.0,Federal-gov,175873.0,Some-college,,,Adm-clerical,Husband,White,Male,,,40.0,United-States
,Private,57426.0,,13.0,Never-married,Sales,,White,,,0.0,45.0,
36.0,Private,,,,Married-civ-spouse,Machine-op-inspct,Husband,White,Male,0.0,,40.0,United-States
19.0,Without-pay,344858.0,HS-grad,9.0,,Farming-fishing,Own-child,,Male,0.0,0.0,20.0,
26.0,State-gov,177035.0,11th,,,Other-service,,White,Female,,0.0,40.0,United-States
60.0,,88055.0,10th,6.0,Married-civ-spouse,Transport-moving,Husband,White,Male,,0.0,40.0,United-States
35.0,Self-emp-not-inc,111095.0,HS-grad,9.0,,,Husband,,Male,0.0,0.0,50.0,United-States
39.0,Private,192251.0,10th,6.0,Divorced,Other-service,Not-in-family,,Female,0.0,0.0,60.0,United-States
,Private,29807.0,,9.0,Separated,,Unmarried,White,Female,0.0,0.0,,Japan
,Federal-gov,211596.0,Masters,14.0,Never-married,Prof-specialty,Not-in-family,White,Male,0.0,,,
17.0,Private,,12th,8.0,Never-married,Other-service,Own-child,,Male,0.0,0.0,12.0,
59.0,Self-emp-not-inc,181070.0,HS-grad,,Married-civ-spouse,Sales,Husband,,Male,0.0,0.0,,
53.0,Local-gov,,HS-grad,9.0,Married-civ-spouse,Exec-managerial,Husband,Amer-Indian-Eskimo,,0.0,0.0,48.0,United-States
35.0,Private,115803.0,11th,,Divorced,Transport-moving,Not-in-family,White,,0.0,0.0,,United-States
34.0,Local-gov,124827.0,Some-college,10.0,,Exec-managerial,Husband,White,,0.0,,40.0,United-States
,Private,,HS-grad,9.0,Married-civ-spouse,Tech-support,Husband,White,,0.0,,45.0,United-States
,Private,257942.0,HS-grad,9.0,,Sales,Husband,White,Male,0.0,0.0,40.0,United-States
,,72593.0,,9.0,Never-married,Other-service,Own-child,White,Male,,,40.0,United-States
29.0,Private,147340.0,Some-college,10.0,Never-married,Sales,,White,Female,,0.0,40.0,United-States
35.0,,185325.0,Bachelors,13.0,Married-civ-spouse,,,White,Male,0.0,0.0,50.0,
,Self-emp-not-inc,357943.0,,13.0,Married-civ-spouse,Exec-managerial,Husband,White,Male,0.0,0.0,40.0,United-States
,Private,215395.0,,,Never-married,Other-service,Not-in-family,,Male,,1602.0,10.0,United-States
,Local-gov,30682.0,,14.0,Married-civ-spouse,Prof-specialty,Husband,,Male,,0.0,,United-States
24.0,Federal-gov,,Bachelors,13.0,,Prof-specialty,Not-in-family,,Female,,0.0,40.0,
36.0,,215392.0,Bachelors,,,Tech-support,Not-in-family,White,Female,0.0,0.0,40.0,United-States
,Private,110554.0,HS-grad,9.0,,Machine-op-inspct,Wife,White,Female,4386.0,0.0,40.0,United-States
42.0,Self-emp-not-inc,133584.0,Some-college,10.0,,Craft-repair,,White,Male,,0.0,,
38.0,Private,210438.0,7th-8th,4.0,Divorced,Sales,Unmarried,White,Female,0.0,0.0,,United-States
52.0,Private,,HS-grad,9.0,Married-civ-spouse,Exec-managerial,Husband,,Male,0.0,0.0,,
,Private,73541.0,10th,,,,Not-in-family,White,,0.0,0.0,40.0,
23.0,Private,,,10.0,Married-civ-spouse,Craft-repair,,White,,0.0,0.0,,United-States
54.0,,,5th-6th,3.0,Married-civ-spouse,Sales,Husband,White,,0.0,0.0,51.0,United-States
27.0,,401723.0,,,Never-married,Adm-clerical,,Black,Female,,0.0,40.0,United-States
42.0,Private,179524.0,Bachelors,13.0,Separated,,Not-in-family,White,Female,0.0,,50.0,United-States
33.0,State-gov,,HS-grad,9.0,Married-civ-spouse,Craft-repair,Husband,White,Male,0.0,0.0,40.0,United-States
19.0,Private,145844.0,Assoc-acdm,12.0,,,Not-in-family,,Female,0.0,0.0,50.0,
,Private,191965.0,11th,7.0,Married-civ-spouse,Other-service,Wife,White,Female,3908.0,0.0,28.0,United-States
54.0,Private,96792.0,,9.0,Widowed,Other-service,Unmarried,White,Female,0.0,,,United-States
48.0,Private,185041.0,7th-8th,4.0,Married-civ-spouse,Transport-moving,Husband,,,,1672.0,,United-States
,,233779.0,Some-college,10.0,Never-married,noValueSetHere123156456,Own-child,White,Male,0.0,,60.0,
,,347834.0,HS-grad,9.0,,Adm-clerical,Not-in-family,White,Female,0.0,0.0,,United-States
36.0,Private,215373.0,Bachelors,13.0,Never-married,Exec-managerial,,White,Male,,,70.0,
,Self-emp-not-inc,,Assoc-acdm,12.0,,,,White,Male,0.0,0.0,,United-States
,Private,202856.0,,10.0,Divorced,Adm-clerical,Not-in-family,White,Female,0.0,0.0,,
33.0,Private,50276.0,Bachelors,13.0,,Exec-managerial,Not-in-family,,Male,0.0,0.0,40.0,United-States
,Self-emp-not-inc,187454.0,Bachelors,,Married-civ-spouse,Prof-specialty,,White,Male,,0.0,40.0,United-States
42.0,,,HS-grad,,Separated,Craft-repair,,,,0.0,0.0,,United-States
19.0,Private,,,10.0,Never-married,,Own-child,White,Male,0.0,0.0,24.0,United-States
64.0,Self-emp-inc,195366.0,Bachelors,13.0,Married-civ-spouse,Prof-specialty,Husband,White,Male,,0.0,40.0,United-States
51.0,Self-emp-not-inc,186845.0,Bachelors,,Married-civ-spouse,Farming-fishing,Husband,,Male,,0.0,8.0,United-States
,Federal-gov,119156.0,HS-grad,9.0,Never-married,Adm-clerical,Other-relative,,Male,,,20.0,United-States
,,162343.0,HS-grad,,Never-married,Other-service,Not-in-family,White,Male,0.0,0.0,40.0,
52.0,Private,,,14.0,Married-civ-spouse,,Husband,White,Male,0.0,,50.0,Greece
,Self-emp-not-inc,394927.0,Some-college,,Never-married,Craft-repair,Not-in-family,,Male,0.0,,45.0,United-States
51.0,Private,,Bachelors,13.0,Separated,Sales,Not-in-family,White,,0.0,0.0,40.0,United-States
36.0,Private,370767.0,HS-grad,9.0,Married-civ-spouse,Prof-specialty,,White,Male,0.0,2377.0,60.0,United-States
,Private,352005.0,,13.0,Married-civ-spouse,,,White,Male,15024.0,0.0,45.0,United-States
52.0,,165681.0,Some-college,10.0,Married-civ-spouse,Exec-managerial,Husband,White,Male,,0.0,,
50.0,Private,258819.0,HS-grad,,Divorced,Craft-repair,Not-in-family,,Male,0.0,0.0,40.0,
25.0,,130793.0,Some-college,10.0,,Other-service,,White,,0.0,0.0,30.0,United-States
36.0,Private,,Assoc-acdm,12.0,Never-married,,Unmarried,,Female,,0.0,40.0,Jamaica
,Private,202466.0,Some-college,10.0,Married-civ-spouse,Exec-managerial,,,Female,0.0,,60.0,
47.0,,,10th,6.0,,Transport-moving,Not-in-family,Black,Male,,,45.0,United-States
32.0,Private,,,9.0,Divorced,,Own-child,White,Male,0.0,0.0,40.0,United-States
,Private,,Masters,,Never-married,Prof-specialty,Unmarried,Asian-Pac-Islander,Male,,,40.0,South
,,,HS-grad,9.0,Married-civ-spouse,,Husband,,,2829.0,0.0,,
34.0,,123429.0,HS-grad,9.0,Married-civ-spouse,Sales,Husband,White,Male,0.0,,,United-States
35.0,Self-emp-inc,,Some-college,10.0,Married-civ-spouse,Sales,Husband,White,,,0.0,50.0,United-States
26.0,,523067.0,Some-college,10.0,Never-married,Prof-specialty,Own-child,White,Male,0.0,0.0,,El-Salvador
49.0,Self-emp-not-inc,113513.0,Bachelors,13.0,Married-civ-spouse,,Husband,White,Male,0.0,0.0,,
63.0,noValueSetHere123156456,186809.0,Bachelors,13.0,,noValueSetHere123156456,,White,,0.0,0.0,30.0,United-States
,Self-emp-not-inc,320421.0,,13.0,Married-spouse-absent,Prof-specialty,,White,,,0.0,25.0,United-States
31.0,,295589.0,,,Never-married,,Own-child,Black,Male,,0.0,,United-States
22.0,,370548.0,,11.0,Never-married,,Not-in-family,White,Male,0.0,0.0,30.0,United-States
20.0,Private,120572.0,,10.0,Never-married,,Not-in-family,White,,0.0,0.0,12.0,
52.0,,110977.0,Doctorate,,Never-married,Exec-managerial,,White,Male,0.0,0.0,40.0,United-States
,Private,,Some-college,10.0,Never-married,Adm-clerical,,Black,Female,0.0,0.0,40.0,United-States
34.0,Private,158800.0,Bachelors,,Married-civ-spouse,Exec-managerial,Husband,,Male,0.0,,50.0,United-States
31.0,Private,131568.0,,5.0,,Machine-op-inspct,,,Male,0.0,0.0,40.0,United-States
46.0,,173613.0,HS-grad,9.0,Divorced,Sales,Unmarried,White,,0.0,0.0,30.0,United-States
22.0,Private,,7th-8th,4.0,Married-civ-spouse,Machine-op-inspct,Husband,,Male,0.0,0.0,40.0,Mexico
38.0,Private,104089.0,,11.0,Never-married,Craft-repair,Own-child,,Male,0.0,0.0,40.0,United-States
35.0,Private,208106.0,,9.0,,Sales,Husband,,Male,0.0,0.0,40.0,Ecuador
27.0,State-gov,340269.0,Some-college,10.0,Never-married,Protective-serv,,White,Male,0.0,0.0,40.0,United-States
27.0,,236246.0,Assoc-acdm,,,,,White,Male,0.0,0.0,40.0,
,Private,213408.0,Some-college,,Divorced,Sales,Unmarried,White,Female,,0.0,,
40.0,noValueSetHere123156456,84232.0,HS-grad,,Never-married,,Not-in-family,White,Female,0.0,,4.0,United-States
19.0,Private,302945.0,Some-college,10.0,Never-married,Adm-clerical,,White,Male,0.0,,10.0,Thailand
69.0,noValueSetHere123156456,28197.0,,,Married-civ-spouse,noValueSetHere123156456,Husband,,Male,0.0,0.0,60.0,
,Private,,,,Never-married,,Own-child,White,Male,0.0,0.0,,United-States
34.0,Federal-gov,198265.0,,13.0,Married-civ-spouse,Protective-serv,Husband,,,0.0,0.0,60.0,United-States
,Private,170871.0,Masters,14.0,Married-civ-spouse,Exec-managerial,Husband,,Male,0.0,0.0,45.0,United-States
27.0,Private,177761.0,Some-college,10.0,Married-civ-spouse,,,Other,Male,0.0,,50.0,
59.0,Private,175689.0,Some-college,10.0,Married-civ-spouse,,,White,Female,0.0,0.0,,Cuba
45.0,,205100.0,,13.0,Married-civ-spouse,Exec-managerial,Husband,,Male,,0.0,60.0,United-States
21.0,,,Some-college,,Never-married,Sales,Own-child,White,Female,0.0,0.0,15.0,United-States
51.0,,77905.0,Assoc-voc,,Divorced,,Unmarried,White,Female,0.0,,40.0,United-States
64.0,noValueSetHere123156456,,11th,7.0,Never-married,noValueSetHere123156456,Unmarried,White,Male,0.0,0.0,40.0,United-States
,State-gov,116520.0,Doctorate,16.0,Married-civ-spouse,,,White,Male,0.0,0.0,,United-States
18.0,noValueSetHere123156456,85154.0,12th,8.0,,noValueSetHere123156456,Own-child,,Female,0.0,0.0,24.0,Germany
49.0,Private,180532.0,Masters,14.0,Married-spouse-absent,Prof-specialty,Not-in-family,White,Male,0.0,0.0,,United-States
51.0,Private,508891.0,HS-grad,9.0,Divorced,Machine-op-inspct,,Black,Male,,0.0,,United-States
20.0,Private,211345.0,,10.0,Never-married,,Own-child,White,Female,0.0,0.0,20.0,United-States
69.0,Self-emp-not-inc,170877.0,HS-grad,,,Sales,Husband,White,Male,0.0,0.0,,United-States
18.0,noValueSetHere123156456,,HS-grad,9.0,Never-married,noValueSetHere123156456,Own-child,White,Female,0.0,0.0,35.0,United-States
,Private,184105.0,HS-grad,9.0,,,,White,Male,0.0,0.0,50.0,United-States
,Private,150941.0,HS-grad,9.0,Divorced,,Unmarried,,Female,,,44.0,
32.0,,303942.0,HS-grad,9.0,Married-civ-spouse,Machine-op-inspct,Husband,White,Male,0.0,0.0,,
27.0,Local-gov,273929.0,HS-grad,9.0,Never-married,Farming-fishing,,White,Male,0.0,0.0,40.0,United-States
38.0,Private,197077.0,HS-grad,9.0,,,,White,Male,,,40.0,United-States
,,,HS-grad,,Married-civ-spouse,Machine-op-inspct,Husband,White,Male,0.0,,40.0,United-States
46.0,Private,,,9.0,Divorced,,Not-in-family,White,Male,0.0,,44.0,United-States
19.0,Private,158343.0,Some-college,,Never-married,,Own-child,,Female,0.0,0.0,40.0,noValueSetHere123156456
17.0,,,10th,,Never-married,noValueSetHere123156456,Own-child,White,,,,40.0,
21.0,Private,227986.0,HS-grad,9.0,Never-married,Machine-op-inspct,Unmarried,,Female,0.0,,,United-States
36.0,Private,137527.0,Bachelors,13.0,,Adm-clerical,Not-in-family,White,Female,,0.0,,United-States
36.0,Private,180150.0,12th,8.0,Divorced,,Not-in-family,White,Male,0.0,0.0,40.0,
,Private,239539.0,,9.0,,Machine-op-inspct,Own-child,Asian-Pac-Islander,Male,0.0,0.0,40.0,Philippines
58.0,Private,281792.0,,,Married-civ-spouse,Prof-specialty,Husband,White,,0.0,0.0,,United-States
,Private,,Bachelors,13.0,Married-civ-spouse,Prof-specialty,Husband,White,,0.0,0.0,,United-States
64.0,Private,292639.0,Some-college,10.0,Married-civ-spouse,Exec-managerial,,White,Female,,0.0,35.0,United-States
66.0,Private,22313.0,11th,7.0,,Craft-repair,Husband,White,,0.0,,20.0,United-States
,Private,194636.0,HS-grad,9.0,Married-civ-spouse,,Husband,White,Male,0.0,0.0,40.0,United-States
55.0,Private,,Some-college,10.0,Widowed,Adm-clerical,Unmarried,White,Female,,0.0,40.0,United-States
53.0,Private,193720.0,Some-college,10.0,Married-civ-spouse,Exec-managerial,,White,Male,0.0,1977.0,40.0,United-States
25.0,Private,218667.0,HS-grad,,Married-civ-spouse,Handlers-cleaners,Husband,White,Male,0.0,0.0,40.0,United-States
39.0,,358837.0,Some-college,10.0,Never-married,Tech-support,,Black,Female,0.0,0.0,,United-States
20.0,,174685.0,HS-grad,9.0,,,Own-child,White,Male,0.0,0.0,40.0,United-States
32.0,Private,,HS-grad,9.0,Married-civ-spouse,Other-service,Husband,White,Male,0.0,0.0,,United-States
,Private,133696.0,Bachelors,13.0,,Sales,,White,Male,,0.0,65.0,United-States
23.0,,350680.0,Assoc-acdm,12.0,Never-married,Exec-managerial,Own-child,White,Female,0.0,0.0,40.0,Poland
,Private,,HS-grad,,Never-married,Other-service,Own-child,,Male,,0.0,25.0,United-States
43.0,,152958.0,,9.0,Married-civ-spouse,,Husband,White,,,,35.0,United-States
29.0,Private,217200.0,HS-grad,9.0,Married-civ-spouse,Craft-repair,Husband,White,Male,0.0,0.0,40.0,United-States
32.0,Private,235124.0,Some-college,,Married-civ-spouse,Protective-serv,Husband,White,Male,,,,Dominican-Republic
31.0,Local-gov,144949.0,HS-grad,9.0,Divorced,Craft-repair,,,Male,0.0,0.0,40.0,
60.0,Private,135470.0,5th-6th,,Married-civ-spouse,Craft-repair,Husband,White,Male,0.0,,,Mexico
42.0,Private,281209.0,Some-college,10.0,Married-civ-spouse,Transport-moving,Husband,White,Male,0.0,0.0,50.0,United-States
46.0,Private,,Masters,,Married-civ-spouse,,Husband,White,Male,0.0,0.0,,
38.0,Private,290306.0,HS-grad,9.0,Married-civ-spouse,,Husband,White,,0.0,,40.0,United-States
18.0,Private,,,7.0,Never-married,Other-service,Own-child,White,Female,,,19.0,United-States
,,,HS-grad,9.0,Never-married,Sales,,White,Female,0.0,0.0,40.0,United-States
54.0,,234938.0,HS-grad,9.0,,Sales,Husband,White,Male,,,,United-States
46.0,Private,315423.0,Some-college,10.0,Married-civ-spouse,,,White,,0.0,2042.0,50.0,United-States
27.0,Self-emp-not-inc,30244.0,,,,Farming-fishing,Own-child,,,0.0,0.0,80.0,United-States
50.0,Local-gov,,Bachelors,,Married-civ-spouse,Prof-specialty,Husband,White,Male,,,,United-States
38.0,Self-emp-not-inc,201328.0,7th-8th,4.0,,,Husband,White,Male,,0.0,56.0,United-States
36.0,,,Masters,14.0,Never-married,Prof-specialty,Own-child,White,,0.0,,,United-States
25.0,Private,486332.0,HS-grad,9.0,,Other-service,Not-in-family,White,Male,0.0,0.0,40.0,Mexico
19.0,Private,46162.0,,9.0,Never-married,Farming-fishing,,,Male,0.0,0.0,,
60.0,Local-gov,98350.0,,,Married-civ-spouse,Other-service,,Asian-Pac-Islander,Male,0.0,0.0,,
,,175958.0,9th,5.0,,Other-service,Own-child,White,,0.0,,,United-States
21.0,Private,119309.0,Some-college,10.0,Never-married,Tech-support,Own-child,White,Male,,1602.0,16.0,United-States
42.0,Private,175935.0,,9.0,Divorced,Transport-moving,Not-in-family,,Male,0.0,,46.0,United-States
38.0,Private,204527.0,HS-grad,9.0,,Craft-repair,Husband,White,,,0.0,50.0,
22.0,,57827.0,Some-college,,Never-married,noValueSetHere123156456,Own-child,White,Male,,,40.0,
19.0,Private,418176.0,HS-grad,9.0,Never-married,Exec-managerial,Not-in-family,Black,Male,0.0,,,United-States
,,262744.0,Some-college,10.0,Never-married,Adm-clerical,Own-child,White,Male,0.0,0.0,40.0,United-States
24.0,Private,177287.0,Some-college,10.0,Never-married,,Own-child,White,,0.0,0.0,30.0,United-States
,Private,255004.0,,12.0,Divorced,,Not-in-family,White,Male,0.0,,,United-States
,Private,183735.0,Some-college,10.0,Married-civ-spouse,Exec-managerial,Husband,White,Male,0.0,0.0,40.0,United-States
26.0,Self-emp-not-inc,318644.0,Prof-school,15.0,Never-married,Prof-specialty,Own-child,,Male,,0.0,,United-States
42.0,Federal-gov,132125.0,Bachelors,,,Exec-managerial,Husband,,,0.0,0.0,52.0,United-States
33.0,,206051.0,,9.0,Married-civ-spouse,Craft-repair,Husband,,,0.0,,40.0,United-States
54.0,Self-emp-inc,99185.0,Doctorate,16.0,Married-civ-spouse,Prof-specialty,,,,0.0,0.0,50.0,noValueSetHere123156456
35.0,Private,225750.0,Bachelors,,Divorced,Prof-specialty,Unmarried,White,Female,,0.0,32.0,United-States
,Private,245777.0,HS-grad,9.0,Divorced,Sales,,White,Male,0.0,,40.0,United-States
45.0,Private,169092.0,HS-grad,9.0,Divorced,Sales,Not-in-family,White,Female,,0.0,55.0,United-States
62.0,Private,211035.0,,13.0,Married-civ-spouse,Adm-clerical,Wife,White,Female,,0.0,30.0,United-States
24.0,Private,285432.0,HS-grad,9.0,Never-married,Exec-managerial,,White,Male,0.0,0.0,,
,Local-gov,154779.0,Some-college,10.0,Divorced,Adm-clerical,Not-in-family,,Female,,0.0,40.0,
54.0,Private,,,13.0,Married-civ-spouse,,Husband,White,Male,0.0,0.0,40.0,United-States
,Private,417419.0,7th-8th,4.0,Divorced,Machine-op-inspct,Own-child,White,Male,0.0,0.0,40.0,United-States
39.0,Self-emp-inc,33975.0,,9.0,Married-civ-spouse,Craft-repair,Husband,White,Male,0.0,,50.0,
32.0,Private,42485.0,HS-grad,9.0,Divorced,Craft-repair,,White,Male,0.0,,40.0,
27.0,Private,170017.0,Bachelors,13.0,Married-civ-spouse,,Husband,White,,0.0,0.0,,United-States
27.0,Private,152683.0,HS-grad,9.0,,,Husband,White,Male,3908.0,0.0,35.0,United-States
20.0,Private,41721.0,Some-college,10.0,Never-married,Other-service,Own-child,White,Male,0.0,0.0,,
64.0,Private,66634.0,7th-8th,4.0,Married-civ-spouse,,Husband,White,Male,0.0,,,
,Self-emp-inc,257216.0,Masters,14.0,Widowed,Sales,Not-in-family,White,,0.0,,40.0,United-States
46.0,Private,167882.0,HS-grad,9.0,Divorced,Tech-support,Not-in-family,White,Female,0.0,0.0,,
45.0,Private,179428.0,Some-college,10.0,Married-civ-spouse,Transport-moving,Husband,White,Male,0.0,,55.0,United-States
26.0,Private,,HS-grad,9.0,Never-married,Transport-moving,Not-in-family,,Male,0.0,0.0,,United-States
36.0,Private,,HS-grad,9.0,,Craft-repair,,White,Male,,0.0,40.0,
25.0,Private,193820.0,Bachelors,13.0,Never-married,,Not-in-family,White,Female,0.0,1876.0,40.0,United-States
58.0,Private,,10th,6.0,Married-civ-spouse,Transport-moving,Husband,,,,1887.0,,United-States
39.0,,189092.0,Bachelors,,Married-civ-spouse,,Husband,White,,,0.0,45.0,United-States
,Private,,HS-grad,,Widowed,Priv-house-serv,,Asian-Pac-Islander,Female,0.0,0.0,45.0,
35.0,Private,308691.0,Masters,,,Machine-op-inspct,,White,Male,,0.0,48.0,
,Private,,,9.0,,,,White,Male,0.0,0.0,40.0,United-States
50.0,,120914.0,,7.0,,Craft-repair,,,Male,0.0,0.0,40.0,United-States
,Private,370156.0,,,Divorced,Adm-clerical,Unmarried,White,Female,0.0,,38.0,United-States
28.0,Private,398220.0,5th-6th,3.0,Never-married,Craft-repair,,White,,0.0,0.0,40.0,
44.0,,208277.0,HS-grad,9.0,,Machine-op-inspct,Wife,,,0.0,0.0,45.0,United-States
40.0,Private,,HS-grad,9.0,Divorced,Protective-serv,Unmarried,White,Female,,0.0,,
,,,Some-college,10.0,Married-civ-spouse,Craft-repair,Husband,White,Male,0.0,0.0,40.0,United-States
29.0,Self-emp-not-inc,,,,Never-married,Farming-fishing,Not-in-family,White,Male,0.0,0.0,,
33.0,Private,194901.0,,9.0,,Craft-repair,Husband,,Male,0.0,0.0,45.0,
19.0,noValueSetHere123156456,57329.0,Some-college,,Never-married,,Own-child,White,Female,0.0,0.0,30.0,Japan
32.0,,,Bachelors,13.0,Married-civ-spouse,Exec-managerial,Husband,White,Male,,0.0,40.0,United-States
45.0,Local-gov,153312.0,Masters,,Married-civ-spouse,Prof-specialty,Husband,,,0.0,0.0,,
23.0,Private,274797.0,HS-grad,9.0,Never-married,Handlers-cleaners,Own-child,White,Male,0.0,,25.0,
31.0,Private,,Assoc-voc,11.0,Never-married,,Own-child,Black,,0.0,0.0,40.0,United-States
,Private,152744.0,Some-college,,Never-married,,Not-in-family,Asian-Pac-Islander,,0.0,0.0,40.0,Philippines
59.0,Private,188041.0,HS-grad,,,,Not-in-family,Black,Male,0.0,0.0,40.0,
32.0,Private,97723.0,,,Never-married,Craft-repair,,White,Male,,0.0,38.0,United-States
49.0,State-gov,,Some-college,10.0,Never-married,Adm-clerical,Not-in-family,,Female,,,40.0,
22.0,Private,249727.0,,10.0,,Adm-clerical,,White,Male,0.0,0.0,30.0,United-States
,Private,189590.0,Some-college,10.0,,Adm-clerical,,,Male,0.0,,,United-States
,,298871.0,,10.0,Married-civ-spouse,,,Asian-Pac-Islander,Male,0.0,0.0,40.0,Vietnam
55.0,Self-emp-not-inc,205296.0,Some-college,10.0,,Sales,Wife,White,Female,0.0,0.0,,United-States
47.0,,303637.0,HS-grad,,Married-civ-spouse,Exec-managerial,Husband,White,,0.0,0.0,49.0,
,Private,242861.0,HS-grad,9.0,Married-civ-spouse,,,White,Male,0.0,,40.0,United-States
27.0,Private,37599.0,Some-college,10.0,Never-married,Other-service,Not-in-family,White,Male,0.0,0.0,,United-States
40.0,State-gov,199381.0,,14.0,,Prof-specialty,Wife,,Female,15024.0,,37.0,
32.0,,56328.0,Bachelors,13.0,Married-civ-spouse,Prof-specialty,,White,Female,0.0,0.0,8.0,United-States
20.0,Private,,,,,,Other-relative,Asian-Pac-Islander,Male,0.0,0.0,40.0,Vietnam
,Local-gov,,HS-grad,,,Exec-managerial,Not-in-family,White,,0.0,0.0,,United-States
40.0,,,,10.0,Divorced,Craft-repair,Other-relative,,,,0.0,,United-States
37.0,Private,161111.0,Bachelors,13.0,,Sales,Not-in-family,White,,,0.0,40.0,United-States
44.0,Private,,,,Divorced,Transport-moving,Own-child,,Male,,1380.0,40.0,United-States
47.0,Private,,,10.0,,,Unmarried,White,Female,0.0,0.0,40.0,
62.0,,204085.0,Some-college,10.0,Married-civ-spouse,Sales,Husband,White,,0.0,0.0,,United-States
19.0,,,Some-college,10.0,Never-married,noValueSetHere123156456,Own-child,White,Female,0.0,0.0,40.0,
47.0,Private,464945.0,HS-grad,,,Transport-moving,Not-in-family,,Male,0.0,,,
44.0,Local-gov,,HS-grad,9.0,Divorced,Craft-repair,,Black,Male,0.0,0.0,40.0,United-States
26.0,Local-gov,,Bachelors,13.0,Married-civ-spouse,Adm-clerical,Husband,White,Male,0.0,0.0,41.0,
,Private,220511.0,,10.0,Married-civ-spouse,Craft-repair,Husband,White,Male,0.0,,40.0,United-States
52.0,Private,246936.0,11th,7.0,Married-civ-spouse,Other-service,,White,Male,0.0,0.0,40.0,
33.0,,,,,Divorced,,,White,Female,0.0,0.0,40.0,United-States
48.0,,,HS-grad,9.0,Married-civ-spouse,,Husband,White,Male,0.0,0.0,40.0,United-States
33.0,Private,252168.0,HS-grad,9.0,Married-civ-spouse,Transport-moving,Husband,Black,Male,0.0,0.0,40.0,United-States
,Private,92093.0,Bachelors,13.0,Married-civ-spouse,Exec-managerial,Husband,White,Male,,,20.0,United-States
62.0,Private,88055.0,Bachelors,13.0,,Machine-op-inspct,,,,0.0,0.0,40.0,United-States
38.0,Private,,Some-college,10.0,,Craft-repair,Husband,,Male,0.0,0.0,40.0,United-States
46.0,Private,142719.0,HS-grad,,Married-spouse-absent,,Not-in-family,,Male,,,65.0,United-States
18.0,noValueSetHere123156456,264924.0,,10.0,Never-married,noValueSetHere123156456,Own-child,,Female,0.0,0.0,,
,Private,128796.0,,13.0,Married-civ-spouse,Exec-managerial,Husband,White,,0.0,0.0,44.0,United-States
38.0,Private,115336.0,HS-grad,9.0,,Other-service,,White,Female,,0.0,70.0,
52.0,Private,190333.0,Some-college,,Married-civ-spouse,Adm-clerical,Husband,,Male,0.0,0.0,,United-States
63.0,,179444.0,7th-8th,4.0,,,Husband,,Male,0.0,0.0,15.0,United-States
49.0,Private,,Some-college,10.0,Married-civ-spouse,,,White,Male,0.0,0.0,43.0,United-States
,Local-gov,148194.0,,,,Adm-clerical,,White,,0.0,,,United-States
33.0,,184833.0,HS-grad,9.0,Never-married,Other-service,Not-in-family,White,,0.0,,35.0,United-States
70.0,Self-emp-not-inc,280639.0,HS-grad,9.0,Widowed,,,,Female,2329.0,,20.0,United-States
19.0,Private,217769.0,Some-college,,Never-married,Other-service,,White,Female,0.0,,,
,noValueSetHere123156456,180553.0,HS-grad,9.0,Married-civ-spouse,noValueSetHere123156456,Wife,,Female,0.0,0.0,40.0,United-States
,Private,56009.0,Some-college,10.0,Married-civ-spouse,Sales,Husband,White,Male,0.0,0.0,40.0,United-States
,Private,255334.0,Bachelors,,Married-civ-spouse,Prof-specialty,,White,Male,0.0,,25.0,United-States
46.0,Self-emp-inc,,Bachelors,,,,Husband,,Male,,,42.0,noValueSetHere123156456
29.0,Private,349154.0,,6.0,Separated,Farming-fishing,Unmarried,White,,0.0,0.0,40.0,Guatemala
,,24763.0,Some-college,10.0,Divorced,,,White,Male,6849.0,0.0,40.0,United-States
,,,,9.0,Married-civ-spouse,Transport-moving,Husband,White,Male,0.0,0.0,38.0,United-States
24.0,,,HS-grad,,,,Not-in-family,White,Male,,0.0,40.0,United-States
29.0,Private,130856.0,Some-college,10.0,,Craft-repair,Husband,White,,0.0,0.0,,United-States
61.0,,,HS-grad,,Married-civ-spouse,Other-service,,,Female,0.0,,17.0,United-States
48.0,Private,,,7.0,Divorced,Other-service,,White,Female,,0.0,,United-States
19.0,Private,,,10.0,,Handlers-cleaners,Own-child,White,Male,0.0,,20.0,United-States
30.0,Private,70377.0,Some-college,10.0,Never-married,Machine-op-inspct,Not-in-family,White,,0.0,0.0,40.0,United-States
24.0,Private,,,,,Other-service,Not-in-family,,,0.0,0.0,,United-States
39.0,,222572.0,Masters,14.0,Never-married,Prof-specialty,,,Female,0.0,0.0,43.0,
,,110702.0,Some-college,10.0,Divorced,Exec-managerial,Unmarried,White,,2036.0,,60.0,United-States
40.0,Private,96129.0,HS-grad,9.0,Married-civ-spouse,Sales,Husband,,Male,0.0,0.0,72.0,
27.0,,200492.0,Bachelors,13.0,,,Own-child,,Female,0.0,0.0,40.0,
25.0,Private,,,14.0,Never-married,Prof-specialty,Own-child,,Female,0.0,0.0,40.0,United-States
31.0,Private,454508.0,11th,7.0,Never-married,Craft-repair,,White,,0.0,2001.0,40.0,United-States
58.0,Private,220789.0,,,Divorced,Transport-moving,Not-in-family,White,,,0.0,45.0,
33.0,Private,101345.0,HS-grad,9.0,Married-civ-spouse,Exec-managerial,Wife,White,Female,0.0,0.0,42.0,Canada
,Private,,HS-grad,9.0,Widowed,,Unmarried,,Female,0.0,,,
,Self-emp-inc,64885.0,,14.0,Married-civ-spouse,Sales,,White,Male,0.0,0.0,70.0,United-States
31.0,Private,402361.0,HS-grad,9.0,Married-civ-spouse,Craft-repair,,White,Male,0.0,0.0,40.0,United-States
33.0,,143582.0,HS-grad,,Separated,Other-service,Unmarried,Asian-Pac-Islander,Female,,0.0,,China
,Private,,Assoc-acdm,12.0,,Sales,Husband,,,0.0,,45.0,United-States
24.0,Private,,Assoc-voc,11.0,,Tech-support,,White,Male,,0.0,,
46.0,Private,130364.0,HS-grad,9.0,Never-married,Craft-repair,Unmarried,,,0.0,0.0,40.0,
58.0,Local-gov,147428.0,,,Married-civ-spouse,,Husband,White,Male,,,,United-States
20.0,Private,,,10.0,,Sales,Own-child,White,Female,,0.0,20.0,United-States
65.0,noValueSetHere123156456,273569.0,HS-grad,9.0,Widowed,noValueSetHere123156456,Unmarried,White,Male,,,40.0,
,,153160.0,Some-college,,Married-civ-spouse,Adm-clerical,Wife,White,Female,0.0,0.0,,United-States
48.0,Self-emp-not-inc,,Masters,14.0,Married-civ-spouse,Sales,Husband,Asian-Pac-Islander,,,,50.0,India
41.0,Private,195661.0,,10.0,Married-civ-spouse,Transport-moving,Husband,White,,,0.0,54.0,United-States
,,,Some-college,10.0,Separated,,Not-in-family,White,Female,0.0,0.0,,United-States
52.0,noValueSetHere123156456,105428.0,Some-college,10.0,Married-civ-spouse,noValueSetHere123156456,Husband,,Male,0.0,,,United-States
,Private,149943.0,HS-grad,,Never-married,Other-service,Other-relative,Asian-Pac-Islander,Male,,0.0,60.0,noValueSetHere123156456
52.0,Local-gov,246197.0,HS-grad,,Married-civ-spouse,,,White,Male,0.0,,40.0,
52.0,Local-gov,192563.0,Some-college,,Divorced,Exec-managerial,Not-in-family,,Female,0.0,,38.0,United-States
,Private,244115.0,,9.0,Never-married,Other-service,,Black,Male,0.0,0.0,30.0,United-States
39.0,Local-gov,98587.0,Some-college,,Divorced,Prof-specialty,Own-child,White,Female,,0.0,,United-States
47.0,Private,145886.0,Some-college,10.0,,Other-service,,,Female,0.0,,40.0,
27.0,Private,,HS-grad,9.0,Divorced,Craft-repair,Other-relative,Other,Male,,0.0,40.0,United-States
,Private,192779.0,,10.0,Divorced,Craft-repair,Not-in-family,White,Male,0.0,0.0,40.0,United-States
50.0,Private,209464.0,HS-grad,9.0,Separated,,Unmarried,White,Female,0.0,0.0,35.0,United-States
,,25141.0,Some-college,10.0,Married-civ-spouse,Transport-moving,,White,Male,0.0,0.0,60.0,United-States
28.0,Private,,Assoc-acdm,12.0,Married-civ-spouse,Tech-support,Husband,White,,,0.0,45.0,United-States
47.0,Federal-gov,53498.0,HS-grad,9.0,Divorced,Other-service,Unmarried,Black,,0.0,0.0,40.0,United-States
,noValueSetHere123156456,476653.0,Bachelors,13.0,Married-civ-spouse,noValueSetHere123156456,Husband,White,Male,0.0,0.0,20.0,United-States
40.0,Self-emp-not-inc,162312.0,HS-grad,9.0,Married-civ-spouse,Craft-repair,Husband,,Male,,0.0,,South
,Private,,HS-grad,,,Handlers-cleaners,Unmarried,White,,,0.0,40.0,Nicaragua
,State-gov,109762.0,Masters,,Never-married,,Not-in-family,White,Male,0.0,,40.0,United-States
38.0,Private,123031.0,,9.0,Married-civ-spouse,Adm-clerical,Husband,Asian-Pac-Islander,Male,0.0,0.0,48.0,Trinadad&Tobago
46.0,,119890.0,,11.0,Separated,,Not-in-family,Other,Female,0.0,0.0,30.0,United-States
21.0,Self-emp-not-inc,409230.0,,10.0,,,,White,Male,0.0,0.0,30.0,United-States
44.0,Private,223308.0,Masters,,Separated,,Unmarried,White,Female,0.0,0.0,48.0,United-States
38.0,noValueSetHere123156456,129150.0,10th,6.0,,noValueSetHere123156456,Own-child,White,Male,,0.0,35.0,
47.0,Self-emp-not-inc,119199.0,Some-college,10.0,Married-civ-spouse,,Wife,White,Female,0.0,,35.0,United-States
,,46221.0,Doctorate,,Married-spouse-absent,,Not-in-family,White,Male,,0.0,,noValueSetHere123156456
42.0,Local-gov,351161.0,,10.0,Divorced,Craft-repair,Not-in-family,,Male,0.0,0.0,,United-States
56.0,Private,174533.0,Bachelors,13.0,Never-married,Exec-managerial,,White,Female,,0.0,45.0,
32.0,Private,324386.0,Bachelors,13.0,,Prof-specialty,Own-child,,Male,0.0,0.0,,United-States
24.0,Private,126568.0,,13.0,Married-civ-spouse,,Husband,,Male,0.0,0.0,33.0,United-States
26.0,Private,275703.0,Some-college,10.0,Married-civ-spouse,Sales,Husband,White,Male,0.0,0.0,,United-States
36.0,Self-emp-not-inc,219611.0,Bachelors,13.0,,Sales,Not-in-family,,Female,2174.0,0.0,50.0,
49.0,,,11th,7.0,Never-married,Other-service,Not-in-family,White,Male,0.0,0.0,60.0,United-States
65.0,,155261.0,HS-grad,9.0,,Exec-managerial,Husband,White,,0.0,0.0,,United-States
73.0,State-gov,,,4.0,Divorced,,Not-in-family,Asian-Pac-Islander,Female,,0.0,40.0,United-States
,,,11th,7.0,Married-civ-spouse,Handlers-cleaners,,White,Male,0.0,0.0,40.0,
,,211968.0,Bachelors,13.0,,Adm-clerical,Own-child,White,Female,0.0,,40.0,
49.0,Local-gov,126446.0,Some-college,10.0,Never-married,Other-service,,White,Female,0.0,0.0,30.0,United-States
25.0,Private,262885.0,11th,7.0,,,Unmarried,Black,Female,0.0,0.0,,
39.0,Private,188069.0,9th,5.0,,Transport-moving,Husband,,Male,0.0,0.0,25.0,United-States
19.0,,113546.0,11th,,,Craft-repair,Not-in-family,White,Male,0.0,0.0,,
,Private,227070.0,,,Married-civ-spouse,,,White,Female,0.0,0.0,40.0,United-States
34.0,,136997.0,HS-grad,9.0,,Adm-clerical,Unmarried,,Female,,,35.0,
35.0,noValueSetHere123156456,,HS-grad,9.0,,noValueSetHere123156456,Own-child,White,Female,0.0,,,United-States
21.0,Private,212407.0,HS-grad,,,Machine-op-inspct,Other-relative,White,Male,0.0,,40.0,United-States
43.0,Private,,Masters,14.0,,Other-service,,White,Female,,0.0,40.0,
,Federal-gov,35309.0,Bachelors,13.0,Never-married,Tech-support,Not-in-family,,Male,0.0,0.0,28.0,noValueSetHere123156456
,Private,141802.0,Some-college,10.0,Divorced,Adm-clerical,Unmarried,,,0.0,,,United-States
48.0,noValueSetHere123156456,,Bachelors,13.0,,,Husband,White,,0.0,0.0,,United-States
33.0,Self-emp-not-inc,124187.0,Assoc-acdm,12.0,Never-married,,Not-in-family,Black,,0.0,0.0,32.0,United-States
19.0,,201743.0,Some-college,10.0,,Other-service,Own-child,,Female,0.0,,26.0,
17.0,,156736.0,10th,6.0,Never-married,Sales,Unmarried,White,,0.0,0.0,,United-States
43.0,,47261.0,Some-college,10.0,Married-civ-spouse,,Husband,White,Male,0.0,,50.0,
62.0,Private,150693.0,HS-grad,9.0,Widowed,Adm-clerical,Not-in-family,,Female,0.0,0.0,42.0,United-States
53.0,Local-gov,,Masters,14.0,Divorced,Prof-specialty,Not-in-family,,,,,40.0,United-States
45.0,State-gov,,Masters,,Married-civ-spouse,Prof-specialty,Husband,White,Male,0.0,,60.0,United-States
47.0,Private,159550.0,HS-grad,,Divorced,Adm-clerical,Not-in-family,Black,Female,0.0,0.0,40.0,United-States
30.0,,190823.0,Some-college,10.0,,,Own-child,Black,,0.0,0.0,40.0,United-States
,Private,213378.0,HS-grad,9.0,Separated,Sales,Not-in-family,White,,,,33.0,United-States
24.0,Private,,HS-grad,,Separated,Machine-op-inspct,,Black,Female,0.0,,40.0,
41.0,Local-gov,488706.0,,10.0,,Handlers-cleaners,Husband,White,Male,0.0,0.0,,United-States
58.0,Local-gov,239405.0,,3.0,Divorced,,Other-relative,,Female,0.0,0.0,40.0,Haiti
27.0,Federal-gov,105189.0,,9.0,Divorced,Adm-clerical,Not-in-family,,Male,4865.0,,50.0,
63.0,State-gov,109735.0,HS-grad,9.0,Divorced,Adm-clerical,Not-in-family,White,Female,0.0,0.0,,United-States
50.0,Private,172942.0,Some-college,10.0,Divorced,Other-service,Own-child,White,,0.0,,28.0,United-States
,Local-gov,209899.0,,14.0,Never-married,Tech-support,Not-in-family,Black,,8614.0,0.0,47.0,United-States
,Self-emp-inc,87745.0,Some-college,10.0,Never-married,,Not-in-family,,Male,0.0,,,United-States
41.0,Private,187881.0,Some-college,10.0,,Sales,Husband,White,,3942.0,0.0,40.0,United-States
55.0,Private,234125.0,,9.0,Married-civ-spouse,Other-service,Husband,White,,0.0,0.0,40.0,United-States
36.0,Private,,,9.0,,Transport-moving,Not-in-family,White,Male,0.0,0.0,45.0,United-States
23.0,Local-gov,129232.0,HS-grad,9.0,Never-married,Adm-clerical,,White,,,,40.0,United-States
22.0,Private,100345.0,Bachelors,13.0,Never-married,Craft-repair,Not-in-family,,Male,13550.0,0.0,55.0,United-States
,Self-emp-not-inc,195835.0,Some-college,,Divorced,Craft-repair,Not-in-family,White,Male,0.0,0.0,45.0,United-States
,,,11th,7.0,Never-married,Adm-clerical,,Black,Female,0.0,0.0,40.0,
40.0,,103474.0,HS-grad,9.0,Married-civ-spouse,,Wife,White,Female,0.0,,,United-States
38.0,Private,22042.0,Assoc-voc,11.0,Never-married,Prof-specialty,,White,Female,,0.0,39.0,
37.0,Private,343721.0,,13.0,Married-civ-spouse,Prof-specialty,Husband,,Male,0.0,0.0,,
19.0,Private,232368.0,Some-college,,Never-married,Other-service,Own-child,White,Female,0.0,0.0,35.0,United-States
55.0,,174478.0,,6.0,Never-married,Other-service,,,,0.0,0.0,,United-States
55.0,Private,282023.0,Bachelors,13.0,Married-civ-spouse,,Husband,White,Male,15024.0,0.0,50.0,United-States
28.0,,274690.0,Bachelors,13.0,Never-married,Adm-clerical,Not-in-family,White,Male,0.0,0.0,45.0,United-States
53.0,,251675.0,HS-grad,,,,Husband,White,,0.0,,40.0,El-Salvador
32.0,noValueSetHere123156456,647882.0,,9.0,Married-civ-spouse,noValueSetHere123156456,Husband,White,Male,0.0,0.0,,
60.0,Private,128367.0,,10.0,Divorced,Prof-specialty,Unmarried,White,,,0.0,42.0,United-States
32.0,,37380.0,Some-college,,,,,,,0.0,0.0,38.0,United-States
34.0,Private,,HS-grad,9.0,Married-civ-spouse,Sales,Husband,White,Male,0.0,0.0,,
49.0,,353824.0,,10.0,Divorced,Prof-specialty,Not-in-family,,Male,0.0,0.0,,United-States
,Private,,,10.0,Never-married,Other-service,Other-relative,White,,0.0,0.0,30.0,United-States
,State-gov,147147.0,Bachelors,13.0,Never-married,,Not-in-family,Black,Female,0.0,0.0,20.0,United-States
53.0,Private,,Assoc-voc,11.0,,,,Black,Female,2202.0,0.0,40.0,United-States
29.0,Private,394927.0,Assoc-voc,11.0,Married-civ-spouse,Other-service,Husband,White,Male,,,,noValueSetHere123156456
,,188682.0,Bachelors,13.0,Married-spouse-absent,Prof-specialty,,White,Female,0.0,0.0,,United-States
52.0,noValueSetHere123156456,115209.0,Prof-school,15.0,Married-spouse-absent,noValueSetHere123156456,,Asian-Pac-Islander,Female,0.0,,,Vietnam
,,277192.0,5th-6th,3.0,,Farming-fishing,Wife,,Female,0.0,0.0,40.0,
21.0,Private,314182.0,HS-grad,9.0,Never-married,,Not-in-family,White,Female,0.0,0.0,,United-States
43.0,Private,220776.0,Masters,14.0,Married-civ-spouse,Exec-managerial,Husband,White,Male,0.0,0.0,,
31.0,,,,9.0,Never-married,Protective-serv,Own-child,White,Male,0.0,,40.0,United-States
38.0,,35429.0,HS-grad,9.0,,Handlers-cleaners,,,Male,,2042.0,40.0,United-States
42.0,Private,,Bachelors,13.0,,Exec-managerial,Husband,White,,0.0,,60.0,United-States
62.0,Private,161460.0,Bachelors,13.0,Never-married,Farming-fishing,,,Male,0.0,,30.0,United-States
51.0,Private,,7th-8th,4.0,Widowed,Machine-op-inspct,Not-in-family,,Female,0.0,0.0,,
,Private,177531.0,,9.0,Never-married,,Unmarried,,Female,,0.0,25.0,
,Private,,Bachelors,13.0,Married-civ-spouse,,,White,,0.0,0.0,40.0,United-States
36.0,,113481.0,HS-grad,9.0,,Craft-repair,Not-in-family,,Male,0.0,0.0,40.0,United-States
,Private,361324.0,10th,,Married-civ-spouse,,,White,Male,,0.0,40.0,United-States
46.0,Private,330087.0,Bachelors,,,Exec-managerial,Husband,White,Male,0.0,0.0,55.0,
33.0,Private,276221.0,Doctorate,16.0,Married-civ-spouse,Prof-specialty,Husband,White,Male,0.0,0.0,,United-States
42.0,Private,121055.0,Some-college,10.0,Never-married,Sales,Not-in-family,,,0.0,0.0,45.0,United-States
62.0,,,HS-grad,9.0,Married-civ-spouse,Craft-repair,Husband,,Male,0.0,0.0,,United-States
,Self-emp-not-inc,,Some-college,10.0,Married-civ-spouse,Sales,Husband,White,Male,0.0,0.0,,United-States
18.0,Private,238401.0,,10.0,Never-married,Sales,Own-child,White,Female,0.0,0.0,25.0,United-States
,,262038.0,5th-6th,3.0,,Farming-fishing,Unmarried,,Male,,,35.0,Mexico
,Self-emp-not-inc,,7th-8th,4.0,,Other-service,Not-in-family,White,Female,0.0,0.0,66.0,United-States
,Private,161155.0,Assoc-acdm,12.0,Married-civ-spouse,Prof-specialty,Husband,White,Male,0.0,0.0,,United-States
43.0,Private,,Bachelors,13.0,Married-civ-spouse,Handlers-cleaners,Husband,Black,Male,0.0,0.0,40.0,Haiti
,,43712.0,HS-grad,9.0,Married-civ-spouse,Exec-managerial,,White,Male,7298.0,,40.0,United-States
69.0,noValueSetHere123156456,167826.0,Bachelors,13.0,Married-civ-spouse,noValueSetHere123156456,Husband,White,,0.0,0.0,40.0,
34.0,Private,188900.0,,13.0,Married-civ-spouse,Exec-managerial,Wife,,Female,0.0,0.0,40.0,
,,120057.0,Assoc-acdm,,Married-civ-spouse,Exec-managerial,Husband,White,Male,4386.0,0.0,,United-States
25.0,Private,134113.0,Bachelors,,,Adm-clerical,Not-in-family,White,Male,,,30.0,United-States
47.0,Local-gov,165822.0,,10.0,Divorced,Transport-moving,Unmarried,White,,,0.0,,United-States
17.0,Private,99161.0,10th,,Never-married,Other-service,Own-child,White,Male,0.0,0.0,8.0,United-States
41.0,Local-gov,74581.0,Bachelors,,Divorced,Prof-specialty,Unmarried,White,Male,,,65.0,United-States
19.0,Private,304643.0,Some-college,10.0,,Sales,Own-child,White,Male,0.0,,,United-States
57.0,Private,121821.0,1st-4th,2.0,Married-civ-spouse,Other-service,,,Male,0.0,,,
,Private,154863.0,HS-grad,,,Adm-clerical,,Black,Male,0.0,0.0,35.0,
37.0,Local-gov,,Some-college,10.0,,Adm-clerical,Husband,White,Male,,0.0,40.0,Canada
29.0,,183111.0,,11.0,,Machine-op-inspct,,White,Male,,0.0,,United-States
32.0,Private,,,10.0,Never-married,Sales,,White,,0.0,0.0,,United-States
,Private,,Prof-school,15.0,Married-civ-spouse,,,,Male,0.0,0.0,45.0,United-States
,,,,8.0,Never-married,Machine-op-inspct,Not-in-family,White,,0.0,,,
41.0,Private,,,9.0,,,Own-child,White,,1831.0,0.0,40.0,Peru
,Private,128509.0,HS-grad,9.0,Married-spouse-absent,Machine-op-inspct,Not-in-family,White,Female,0.0,,38.0,El-Salvador
23.0,Private,143032.0,Masters,14.0,,Prof-specialty,Own-child,White,,0.0,0.0,36.0,United-States
31.0,Private,382368.0,11th,7.0,Married-civ-spouse,Craft-repair,Husband,White,,0.0,0.0,,United-States
40.0,Private,210013.0,,9.0,,,Husband,White,Male,,,,United-States
19.0,,293928.0,HS-grad,9.0,Never-married,Adm-clerical,,,,0.0,0.0,20.0,United-States
21.0,Private,208503.0,Some-college,10.0,Never-married,Transport-moving,Own-child,,Male,0.0,0.0,10.0,
,,191841.0,,13.0,Never-married,Adm-clerical,Not-in-family,White,Female,8614.0,0.0,40.0,United-States
49.0,Self-emp-not-inc,,Prof-school,15.0,,Prof-specialty,,,Male,99999.0,0.0,35.0,United-States
64.0,Local-gov,202738.0,HS-grad,9.0,,Adm-clerical,Wife,White,,0.0,,,United-States
,Local-gov,144322.0,,11.0,,Adm-clerical,Not-in-family,,Female,0.0,0.0,43.0,United-States
70.0,,155141.0,Bachelors,13.0,,Craft-repair,,White,,,2377.0,12.0,United-States
22.0,Private,160120.0,,,Never-married,,Own-child,Asian-Pac-Islander,Male,0.0,0.0,30.0,United-States
29.0,Self-emp-inc,190450.0,HS-grad,9.0,Married-civ-spouse,Sales,Husband,Asian-Pac-Islander,,0.0,,,
37.0,,212900.0,HS-grad,9.0,,Craft-repair,Husband,White,Male,0.0,0.0,40.0,United-States
29.0,Private,,Bachelors,,Never-married,Tech-support,Not-in-family,,Male,,,40.0,United-States
,,252250.0,11th,7.0,Divorced,Machine-op-inspct,Not-in-family,White,Male,0.0,,65.0,United-States
27.0,,212041.0,HS-grad,,Never-married,Craft-repair,Not-in-family,White,Male,0.0,0.0,,United-States
58.0,State-gov,,Bachelors,13.0,Married-civ-spouse,Adm-clerical,Husband,White,Male,0.0,0.0,35.0,United-States
60.0,Local-gov,113658.0,Some-college,10.0,Married-civ-spouse,,Wife,White,Female,,0.0,35.0,United-States
,,32426.0,Some-college,10.0,Never-married,Sales,Not-in-family,White,Male,0.0,0.0,25.0,United-States
51.0,,98791.0,Some-college,10.0,Married-civ-spouse,,Husband,White,,0.0,0.0,40.0,United-States
37.0,,,9th,5.0,Married-civ-spouse,Transport-moving,Husband,White,Male,0.0,0.0,,United-States
,State-gov,186634.0,12th,8.0,,Exec-managerial,,,Male,0.0,0.0,,United-States
56.0,,125147.0,10th,,,Transport-moving,Husband,White,Male,0.0,,60.0,United-States
26.0,Private,247455.0,Bachelors,13.0,Married-civ-spouse,,Wife,White,Female,5178.0,0.0,42.0,United-States
,Private,,Some-college,,,Sales,Unmarried,White,,,0.0,25.0,United-States
37.0,Private,330826.0,,11.0,,Prof-specialty,Wife,,Female,0.0,0.0,,United-States
,Private,,Some-college,10.0,Never-married,Tech-support,Not-in-family,White,Female,0.0,0.0,,United-States
27.0,Private,156266.0,,9.0,Never-married,Sales,Own-child,,Male,,0.0,20.0,United-States
,,,,10.0,Married-civ-spouse,Sales,Husband,White,Male,0.0,0.0,50.0,United-States
,,,HS-grad,9.0,Separated,Machine-op-inspct,Unmarried,Black,,0.0,0.0,,United-States
28.0,Private,25955.0,,,Never-married,Craft-repair,Own-child,,Male,0.0,0.0,40.0,United-States
,Private,334633.0,HS-grad,9.0,Divorced,Adm-clerical,Not-in-family,,Female,0.0,0.0,40.0,United-States
,Private,109162.0,Masters,14.0,Never-married,,Not-in-family,White,Female,0.0,,,United-States
,Private,569761.0,Assoc-voc,11.0,Married-civ-spouse,Handlers-cleaners,Husband,Black,Male,0.0,0.0,,
,Private,,Bachelors,13.0,Married-civ-spouse,Craft-repair,,White,Male,,0.0,40.0,United-States
26.0,,272986.0,Assoc-acdm,12.0,,Adm-clerical,,Black,Female,0.0,,8.0,United-States
55.0,noValueSetHere123156456,52267.0,Masters,14.0,Married-civ-spouse,noValueSetHere123156456,Husband,,Male,0.0,0.0,18.0,United-States
46.0,,82946.0,HS-grad,9.0,Never-married,Sales,,White,,0.0,0.0,40.0,United-States
51.0,Private,104651.0,Bachelors,13.0,Married-civ-spouse,Craft-repair,,White,Male,0.0,0.0,,United-States
25.0,Local-gov,58441.0,,,Never-married,Prof-specialty,Not-in-family,White,Female,0.0,,40.0,United-States
43.0,,269733.0,HS-grad,,,,,White,Male,0.0,0.0,40.0,United-States
19.0,noValueSetHere123156456,128453.0,,,Never-married,noValueSetHere123156456,Own-child,White,Female,0.0,0.0,,United-States
,Private,179468.0,,9.0,Divorced,Craft-repair,Not-in-family,White,,0.0,0.0,,United-States
36.0,Private,183081.0,Some-college,10.0,Never-married,Exec-managerial,,White,Male,0.0,0.0,40.0,United-States
48.0,Private,,,,,Other-service,,Asian-Pac-Islander,Female,0.0,0.0,,Vietnam
,noValueSetHere123156456,157289.0,,7.0,,,Unmarried,White,Male,0.0,,,United-States
24.0,Private,359828.0,Bachelors,,,Prof-specialty,Husband,White,Male,0.0,0.0,44.0,United-States
30.0,,155659.0,HS-grad,,Divorced,,,,Female,0.0,0.0,,United-States
24.0,Private,,Bachelors,13.0,,Exec-managerial,,White,Female,7688.0,0.0,,
62.0,Private,173601.0,Bachelors,13.0,Married-civ-spouse,Machine-op-inspct,Husband,,Male,0.0,0.0,,United-States
,Self-emp-not-inc,214541.0,,,Divorced,Transport-moving,Not-in-family,White,,0.0,1590.0,40.0,United-States
49.0,Self-emp-not-inc,163352.0,Prof-school,15.0,Married-civ-spouse,,Husband,White,Male,0.0,0.0,85.0,
,,,,9.0,,,,White,,0.0,,50.0,United-States
47.0,Local-gov,247676.0,Masters,,Divorced,Prof-specialty,Unmarried,White,Female,5455.0,0.0,,United-States
49.0,State-gov,155372.0,Masters,,,,Not-in-family,,Female,0.0,0.0,40.0,
52.0,,329733.0,Some-college,,Never-married,Exec-managerial,Not-in-family,White,Male,0.0,0.0,,
52.0,Private,162576.0,,,Married-civ-spouse,,,White,Male,0.0,0.0,40.0,United-States
26.0,,176520.0,,9.0,Never-married,Adm-clerical,,White,Male,0.0,0.0,,United-States
51.0,State-gov,226885.0,HS-grad,9.0,Never-married,Transport-moving,,White,Male,0.0,0.0,40.0,United-States
,Private,,10th,6.0,,,,,Male,,0.0,20.0,
30.0,Private,375827.0,HS-grad,,Never-married,Handlers-cleaners,Other-relative,White,Male,,0.0,40.0,
46.0,,205504.0,HS-grad,,,Machine-op-inspct,Not-in-family,White,Male,0.0,0.0,20.0,
28.0,Private,198813.0,HS-grad,9.0,Never-married,Handlers-cleaners,Own-child,Black,,0.0,,,United-States
48.0,Self-emp-inc,254291.0,,13.0,Married-civ-spouse,,Husband,White,Male,7298.0,0.0,50.0,United-States
62.0,Private,,Some-college,10.0,Married-civ-spouse,,Wife,,Female,0.0,,38.0,United-States
49.0,Private,40000.0,Bachelors,13.0,Married-civ-spouse,Sales,,White,Male,4064.0,0.0,44.0,United-States
69.0,,102874.0,HS-grad,,,,,,Female,0.0,,,United-States
35.0,,117381.0,,,Never-married,Exec-managerial,Not-in-family,White,Male,8614.0,0.0,,United-States
78.0,,,Masters,,,Craft-repair,Unmarried,Asian-Pac-Islander,Male,,0.0,,South
,Private,539563.0,,10.0,Married-civ-spouse,,Husband,,Male,0.0,0.0,,United-States
24.0,,261561.0,Bachelors,,Never-married,Prof-specialty,,White,Female,0.0,0.0,40.0,
29.0,Private,81057.0,,10.0,,,,White,Female,0.0,0.0,40.0,United-States
36.0,,160120.0,Bachelors,13.0,Married-civ-spouse,Sales,,Other,,,,45.0,noValueSetHere123156456
17.0,Private,,10th,6.0,Never-married,,Own-child,White,,0.0,,,United-States
27.0,Private,275110.0,HS-grad,9.0,Married-civ-spouse,,,Black,Male,,0.0,80.0,United-States
64.0,Private,265661.0,HS-grad,9.0,,Transport-moving,,,Male,,0.0,40.0,United-States
33.0,,193246.0,HS-grad,9.0,,Exec-managerial,Not-in-family,,Male,,,,
32.0,Private,236543.0,12th,8.0,Married-civ-spouse,,Other-relative,White,Male,0.0,0.0,40.0,Mexico
19.0,Private,29510.0,Some-college,,Never-married,Other-service,Own-child,White,,,0.0,20.0,United-States
42.0,,105804.0,,7.0,Married-civ-spouse,Farming-fishing,Husband,White,,,0.0,40.0,United-States
24.0,Private,194604.0,Bachelors,,Never-married,Sales,Own-child,,Female,,0.0,,United-States
23.0,Private,1038553.0,,9.0,Never-married,Exec-managerial,Not-in-family,Black,Male,0.0,0.0,,United-States
51.0,Local-gov,,Prof-school,,,Prof-specialty,,White,Male,,0.0,40.0,United-States
31.0,Private,,,,Never-married,Tech-support,Not-in-family,White,Male,3325.0,,60.0,
44.0,,307468.0,Prof-school,,,Prof-specialty,Husband,,Male,0.0,0.0,29.0,
38.0,Private,255941.0,Masters,14.0,Never-married,Exec-managerial,Not-in-family,,,,,50.0,United-States
44.0,Local-gov,107845.0,Assoc-acdm,12.0,Divorced,Protective-serv,,,Female,,0.0,56.0,United-States
,Self-emp-not-inc,567788.0,5th-6th,3.0,Married-civ-spouse,Farming-fishing,Husband,,Male,0.0,0.0,40.0,
38.0,Private,91857.0,HS-grad,9.0,Married-civ-spouse,,Husband,White,,0.0,,44.0,United-States
,,732569.0,9th,5.0,Divorced,Adm-clerical,,,Female,,0.0,40.0,
29.0,Private,86613.0,1st-4th,2.0,Never-married,Other-service,Not-in-family,,,0.0,0.0,,
46.0,,35961.0,Assoc-acdm,12.0,Divorced,Sales,Not-in-family,White,Female,,0.0,25.0,Germany
47.0,Private,114754.0,HS-grad,9.0,,,Husband,White,Male,0.0,0.0,,United-States
,Private,235124.0,HS-grad,9.0,Married-civ-spouse,Transport-moving,Husband,,Male,,,40.0,United-States
37.0,Local-gov,,HS-grad,9.0,,Protective-serv,,White,Male,7688.0,0.0,35.0,
,Private,,,,Never-married,,Not-in-family,White,Male,0.0,0.0,45.0,United-States
43.0,Private,181015.0,HS-grad,9.0,,Machine-op-inspct,Unmarried,White,Female,0.0,,50.0,United-States
44.0,,264740.0,,15.0,,Prof-specialty,,White,,0.0,0.0,40.0,
31.0,Private,,Some-college,10.0,Never-married,Exec-managerial,Unmarried,,Male,0.0,0.0,,United-States
34.0,Private,189759.0,Bachelors,13.0,,Exec-managerial,Husband,White,Male,0.0,1977.0,45.0,United-States
39.0,Private,230467.0,Bachelors,13.0,,,,White,Male,0.0,1092.0,40.0,
,Private,218542.0,Some-college,,Divorced,Craft-repair,Unmarried,,Female,0.0,0.0,40.0,United-States
57.0,Private,298507.0,,13.0,,Prof-specialty,,White,,3103.0,0.0,40.0,United-States
,,111189.0,,,,Machine-op-inspct,,White,Female,0.0,0.0,35.0,
24.0,Private,168997.0,Some-college,10.0,,Craft-repair,Husband,,Male,0.0,0.0,,United-States
39.0,,168894.0,,,Never-married,Adm-clerical,Not-in-family,White,,0.0,0.0,40.0,United-States
,,149809.0,Assoc-acdm,12.0,Never-married,Sales,,White,Male,0.0,0.0,40.0,United-States
,Private,344073.0,HS-grad,9.0,,Adm-clerical,,White,Male,,0.0,40.0,United-States
,Private,416165.0,Some-college,10.0,Never-married,Sales,Unmarried,,Female,,0.0,32.0,United-States
36.0,Private,,,10.0,Divorced,Adm-clerical,Unmarried,White,Female,,0.0,40.0,United-States
61.0,Private,40269.0,Some-college,10.0,Married-civ-spouse,Sales,Husband,White,Male,0.0,,,
67.0,noValueSetHere123156456,243256.0,9th,5.0,Married-civ-spouse,noValueSetHere123156456,,White,Male,0.0,,15.0,
42.0,Private,250536.0,Some-college,10.0,,Other-service,Unmarried,Black,,0.0,0.0,21.0,
49.0,Federal-gov,105586.0,,11.0,Married-civ-spouse,Craft-repair,Husband,,,,,40.0,United-States
58.0,,51499.0,,,Married-civ-spouse,Craft-repair,Husband,White,,0.0,,,United-States
,,189878.0,Some-college,10.0,,Protective-serv,Husband,White,Male,,0.0,,
39.0,,179481.0,HS-grad,9.0,Never-married,,,,,4650.0,0.0,44.0,
,,299765.0,,,,Adm-clerical,Other-relative,,,,0.0,40.0,Jamaica
45.0,,155664.0,5th-6th,3.0,Married-civ-spouse,Craft-repair,Husband,,Male,0.0,0.0,,
30.0,,,,13.0,Married-civ-spouse,Adm-clerical,Husband,White,,0.0,0.0,40.0,
49.0,noValueSetHere123156456,174702.0,Some-college,10.0,,noValueSetHere123156456,Not-in-family,White,Male,0.0,0.0,35.0,United-States
36.0,,285020.0,HS-grad,,,Craft-repair,Husband,White,Male,2885.0,0.0,40.0,United-States
,Private,201145.0,HS-grad,9.0,Never-married,Craft-repair,Not-in-family,,Male,0.0,0.0,,United-States
,Private,125796.0,,10.0,Married-civ-spouse,,,Black,,0.0,0.0,,
,Private,,HS-grad,,Married-civ-spouse,Transport-moving,Husband,White,Male,,0.0,60.0,United-States
35.0,Private,,Bachelors,13.0,Never-married,Sales,,White,Male,0.0,0.0,,United-States
45.0,State-gov,94754.0,Masters,14.0,Married-civ-spouse,Adm-clerical,Husband,White,Male,0.0,,40.0,India
36.0,,111128.0,Bachelors,13.0,Married-civ-spouse,Prof-specialty,Husband,White,Male,0.0,0.0,48.0,
32.0,Local-gov,157887.0,HS-grad,9.0,Married-civ-spouse,Craft-repair,Husband,White,Male,0.0,,,United-States
39.0,,74194.0,HS-grad,9.0,Married-civ-spouse,Exec-managerial,Husband,,,0.0,0.0,55.0,
47.0,Self-emp-inc,,Some-college,,,Craft-repair,Husband,White,Male,,0.0,40.0,United-States
49.0,Private,28334.0,Some-college,,,Exec-managerial,Husband,,Male,0.0,,,United-States
52.0,Private,84278.0,Some-college,10.0,,Exec-managerial,Husband,,Male,7688.0,0.0,55.0,noValueSetHere123156456
44.0,Private,721161.0,Some-college,10.0,Separated,Machine-op-inspct,Not-in-family,Black,Male,,0.0,40.0,United-States
36.0,,188069.0,,10.0,Married-civ-spouse,Exec-managerial,,,Male,0.0,0.0,50.0,
,Private,,Some-college,10.0,Divorced,Craft-repair,,Black,Female,0.0,0.0,,
17.0,,52967.0,,6.0,Never-married,Other-service,Own-child,White,Female,0.0,0.0,,
18.0,Private,177578.0,HS-grad,9.0,Never-married,Sales,Own-child,White,,0.0,0.0,38.0,United-States
30.0,Self-emp-inc,185384.0,Some-college,10.0,Married-civ-spouse,Exec-managerial,Wife,White,Female,0.0,,25.0,United-States
,Private,66008.0,HS-grad,9.0,Widowed,Priv-house-serv,Not-in-family,White,Female,0.0,0.0,50.0,England
,Private,329059.0,Bachelors,13.0,,Craft-repair,Not-in-family,White,Male,,0.0,50.0,United-States
30.0,,348802.0,,9.0,Married-civ-spouse,Adm-clerical,Husband,,Male,0.0,0.0,40.0,United-States
50.0,Private,34233.0,HS-grad,9.0,Married-civ-spouse,Farming-fishing,Husband,White,,0.0,0.0,,
24.0,Private,,HS-grad,9.0,Never-married,Other-service,Own-child,White,Female,0.0,0.0,25.0,United-States
28.0,Private,27956.0,,,,Prof-specialty,Husband,Asian-Pac-Islander,Male,0.0,0.0,,Philippines
44.0,Local-gov,83286.0,Masters,14.0,Married-civ-spouse,Prof-specialty,Wife,White,,0.0,0.0,,United-States
25.0,,309098.0,Assoc-voc,11.0,Never-married,Prof-specialty,Not-in-family,White,Male,0.0,0.0,40.0,United-States
,Private,188950.0,Masters,,Married-civ-spouse,Exec-managerial,,White,Male,,0.0,50.0,United-States
20.0,Private,224217.0,HS-grad,9.0,Never-married,Transport-moving,,White,Male,0.0,,40.0,United-States
67.0,Private,,,11.0,Divorced,,,White,,,0.0,40.0,United-States
,Self-emp-not-inc,123306.0,Prof-school,15.0,Married-civ-spouse,Prof-specialty,Husband,,Male,0.0,0.0,45.0,United-States
,Federal-gov,279337.0,HS-grad,9.0,,,Husband,White,,0.0,0.0,,United-States
,,347166.0,Doctorate,16.0,Never-married,Prof-specialty,Not-in-family,White,,0.0,0.0,,United-States
37.0,Local-gov,251396.0,Assoc-acdm,12.0,Married-civ-spouse,,,White,Male,,,45.0,Canada
17.0,Self-emp-inc,143034.0,,6.0,Never-married,Other-service,Own-child,White,Male,0.0,0.0,4.0,United-States
25.0,Private,57635.0,Assoc-voc,11.0,Married-civ-spouse,Sales,Wife,White,Female,0.0,0.0,42.0,
35.0,Local-gov,162651.0,Bachelors,13.0,Divorced,Prof-specialty,Not-in-family,,Male,,,40.0,Puerto-Rico
63.0,Private,28334.0,Masters,14.0,Divorced,,,White,,,,,United-States
38.0,Local-gov,84570.0,Some-college,,Never-married,Adm-clerical,Own-child,Amer-Indian-Eskimo,Female,,0.0,40.0,United-States
33.0,Private,,,13.0,,Adm-clerical,Husband,,Male,0.0,0.0,,
51.0,Local-gov,117496.0,Masters,14.0,Married-civ-spouse,Prof-specialty,,White,Female,0.0,0.0,40.0,United-States
64.0,,216160.0,Doctorate,16.0,,Prof-specialty,Husband,White,Male,0.0,,50.0,
50.0,,204447.0,Some-college,10.0,Divorced,Protective-serv,Not-in-family,White,Male,0.0,,40.0,United-States
18.0,Private,374969.0,10th,6.0,,Transport-moving,Not-in-family,White,Male,,,56.0,United-States
67.0,,35015.0,Masters,14.0,Never-married,,,White,,0.0,,,United-States
46.0,Private,179869.0,,,Married-civ-spouse,,Husband,White,Male,,0.0,,United-States
60.0,,137733.0,,13.0,Married-civ-spouse,Farming-fishing,,White,,0.0,,,United-States
29.0,Private,193125.0,HS-grad,9.0,Never-married,,Not-in-family,White,Female,,0.0,,United-States
30.0,Private,103649.0,Some-college,10.0,Never-married,Other-service,Own-child,Black,Female,0.0,0.0,40.0,United-States
56.0,State-gov,54260.0,Doctorate,16.0,,Prof-specialty,Not-in-family,Asian-Pac-Islander,Male,2885.0,0.0,40.0,
29.0,Private,197932.0,HS-grad,9.0,Married-civ-spouse,Handlers-cleaners,Wife,White,Female,0.0,0.0,40.0,Mexico
37.0,,249720.0,Bachelors,13.0,Never-married,Adm-clerical,Unmarried,Black,Female,0.0,0.0,27.0,
55.0,,223613.0,1st-4th,,Divorced,Priv-house-serv,Unmarried,,Female,0.0,0.0,30.0,
24.0,Private,259865.0,,9.0,Never-married,,Not-in-family,White,Female,0.0,,30.0,
21.0,Private,,HS-grad,,Never-married,Craft-repair,Not-in-family,White,Male,0.0,0.0,,Mexico
46.0,Self-emp-inc,276934.0,Bachelors,13.0,Married-civ-spouse,Sales,,White,Male,0.0,0.0,70.0,United-States
,,395512.0,12th,,Married-civ-spouse,,Other-relative,Other,,,0.0,40.0,Mexico
40.0,Private,168071.0,HS-grad,9.0,Never-married,Craft-repair,,White,Male,0.0,0.0,28.0,
,Private,45317.0,Some-college,10.0,,,Own-child,White,,,0.0,40.0,United-States
43.0,Self-emp-not-inc,,,10.0,,Transport-moving,Not-in-family,,Male,0.0,0.0,,
29.0,Self-emp-not-inc,190636.0,Some-college,10.0,Married-civ-spouse,Craft-repair,Husband,Amer-Indian-Eskimo,,0.0,1485.0,,United-States
,Private,221336.0,,6.0,Widowed,,Other-relative,,Female,0.0,0.0,,Philippines
18.0,Private,,Some-college,10.0,,Other-service,,Black,Male,0.0,0.0,35.0,
28.0,Private,107389.0,,9.0,Never-married,,Own-child,White,Male,,,32.0,United-States
,Private,293440.0,11th,,Never-married,,Own-child,White,,0.0,0.0,,
53.0,Private,145409.0,HS-grad,9.0,Married-civ-spouse,,,White,Male,0.0,0.0,40.0,United-States
22.0,Private,213902.0,,3.0,Never-married,Priv-house-serv,,White,,,0.0,,El-Salvador
63.0,,,,9.0,Married-spouse-absent,Craft-repair,Not-in-family,,Male,0.0,0.0,40.0,
32.0,Private,191856.0,,14.0,Married-civ-spouse,Sales,,White,,0.0,,45.0,United-States
40.0,Local-gov,,HS-grad,,Never-married,Adm-clerical,Unmarried,Black,Female,0.0,0.0,35.0,United-States
61.0,Self-emp-not-inc,96073.0,Prof-school,15.0,Married-civ-spouse,Prof-specialty,Husband,White,Male,0.0,0.0,50.0,England
,Private,474136.0,HS-grad,,,Craft-repair,Not-in-family,,Male,0.0,1408.0,40.0,United-States
43.0,,355856.0,,13.0,,Exec-managerial,,Asian-Pac-Islander,,0.0,0.0,50.0,Philippines
20.0,noValueSetHere123156456,144685.0,Some-college,10.0,Never-married,noValueSetHere123156456,Own-child,Asian-Pac-Islander,,0.0,1602.0,,Taiwan
48.0,Self-emp-not-inc,139212.0,Some-college,10.0,Divorced,,Not-in-family,White,Male,0.0,,40.0,
56.0,State-gov,143931.0,Bachelors,,Widowed,Prof-specialty,Not-in-family,White,Female,0.0,0.0,40.0,United-States
51.0,Federal-gov,,,9.0,Married-civ-spouse,Adm-clerical,Husband,White,Male,0.0,0.0,40.0,United-States
,Private,191291.0,,10.0,Never-married,Craft-repair,,White,Male,0.0,0.0,40.0,
44.0,,,Some-college,10.0,Married-civ-spouse,,Husband,Asian-Pac-Islander,,0.0,1902.0,40.0,United-States
61.0,Private,,Masters,14.0,Married-civ-spouse,Prof-specialty,,White,Male,,,,
37.0,Private,227545.0,Some-college,10.0,Married-civ-spouse,Sales,,White,,0.0,,44.0,United-States
36.0,Private,,Bachelors,13.0,Married-civ-spouse,,,White,Male,,,40.0,
34.0,Private,228881.0,Some-college,,Separated,Machine-op-inspct,Not-in-family,Other,Male,0.0,0.0,40.0,United-States
,Private,84648.0,Some-college,,Never-married,Sales,Own-child,,,0.0,,25.0,
63.0,Federal-gov,101996.0,Masters,14.0,,Prof-specialty,,,,0.0,,40.0,United-States
63.0,noValueSetHere123156456,,,9.0,,noValueSetHere123156456,Not-in-family,,,0.0,0.0,,United-States
47.0,Local-gov,285060.0,Masters,14.0,Married-civ-spouse,Exec-managerial,,White,Male,0.0,1977.0,41.0,
,Self-emp-inc,209569.0,HS-grad,9.0,Divorced,,,White,Female,0.0,0.0,,
31.0,Local-gov,331126.0,Bachelors,13.0,Never-married,Protective-serv,,Black,Male,0.0,0.0,48.0,United-States
27.0,Private,279872.0,Some-college,,Divorced,Other-service,Not-in-family,White,Male,,0.0,,United-States
58.0,Private,,Bachelors,13.0,Divorced,Adm-clerical,Not-in-family,,,14084.0,0.0,,United-States
28.0,Local-gov,185647.0,Some-college,10.0,,Protective-serv,,White,Male,0.0,0.0,48.0,
52.0,Private,,7th-8th,4.0,Divorced,Machine-op-inspct,,White,Female,0.0,0.0,64.0,
31.0,Federal-gov,386331.0,HS-grad,9.0,Married-civ-spouse,Adm-clerical,Husband,Black,Male,,0.0,50.0,United-States
53.0,Private,117814.0,Some-college,10.0,Divorced,Adm-clerical,Unmarried,,Female,0.0,0.0,38.0,United-States
,Private,220609.0,,,Divorced,,Not-in-family,White,Female,,0.0,50.0,United-States
43.0,,117022.0,HS-grad,9.0,,Farming-fishing,Unmarried,Black,Male,0.0,0.0,40.0,United-States
50.0,Self-emp-inc,176751.0,Masters,14.0,Divorced,Exec-managerial,,White,Male,0.0,0.0,,United-States
68.0,noValueSetHere123156456,76371.0,HS-grad,9.0,Married-civ-spouse,noValueSetHere123156456,,,Male,0.0,,35.0,United-States
37.0,Private,,11th,7.0,Married-civ-spouse,Other-service,Husband,White,Male,,,,United-States
,,,HS-grad,9.0,Divorced,Machine-op-inspct,,White,Male,0.0,,40.0,United-States
22.0,Private,121471.0,11th,,,,Not-in-family,White,Female,0.0,0.0,,
,Private,,Some-college,10.0,Married-civ-spouse,,Husband,White,,,0.0,55.0,
59.0,Private,271571.0,Some-college,10.0,Married-civ-spouse,Craft-repair,Husband,,Male,,0.0,50.0,United-States
,,,Some-college,10.0,Married-civ-spouse,Machine-op-inspct,Husband,White,,0.0,0.0,40.0,United-States
24.0,Private,,,9.0,Separated,Other-service,Not-in-family,White,Female,,0.0,,United-States
,Private,,HS-grad,9.0,Married-civ-spouse,Craft-repair,Husband,White,Male,0.0,0.0,,United-States
,Local-gov,199995.0,,13.0,Divorced,Protective-serv,Not-in-family,White,Male,0.0,,40.0,United-States
38.0,Private,,12th,,Married-civ-spouse,,Husband,,,3942.0,0.0,,United-States
29.0,Private,120359.0,HS-grad,9.0,Married-civ-spouse,Adm-clerical,Husband,White,Male,0.0,,,United-States
76.0,,93125.0,HS-grad,,Married-civ-spouse,Sales,Husband,,Male,1424.0,0.0,24.0,United-States
21.0,Private,187513.0,,11.0,Never-married,Craft-repair,Unmarried,,,,,40.0,United-States
65.0,,243569.0,Some-college,10.0,Widowed,,Unmarried,White,,0.0,,24.0,United-States
43.0,,295510.0,HS-grad,9.0,,Exec-managerial,,,Male,0.0,,45.0,United-States
,Private,,Bachelors,,Married-civ-spouse,Prof-specialty,Wife,,Female,0.0,0.0,24.0,United-States
32.0,,211743.0,Bachelors,13.0,Never-married,Sales,Not-in-family,,Male,,0.0,45.0,
37.0,Private,251396.0,,12.0,Married-civ-spouse,,,White,,0.0,0.0,65.0,United-States
64.0,Private,,HS-grad,9.0,,,,,Male,0.0,,16.0,United-States
,,151584.0,,10.0,,Craft-repair,Husband,White,Male,0.0,0.0,40.0,
44.0,Private,193882.0,Bachelors,13.0,Married-civ-spouse,Exec-managerial,Husband,White,Male,0.0,0.0,,
,,117542.0,HS-grad,9.0,Married-civ-spouse,,,,Male,,0.0,,United-States
34.0,Private,242460.0,Bachelors,13.0,,Exec-managerial,,White,Male,7688.0,0.0,40.0,United-States
35.0,,411395.0,Some-college,,,Exec-managerial,Husband,White,Male,,,36.0,United-States
53.0,Private,191025.0,Some-college,10.0,,Adm-clerical,Not-in-family,,Female,0.0,0.0,,
,Private,154571.0,Assoc-voc,,Never-married,Sales,Unmarried,Asian-Pac-Islander,Male,0.0,0.0,50.0,South
,,208657.0,,10.0,Divorced,Adm-clerical,Unmarried,White,Female,,0.0,40.0,United-States
25.0,Private,29599.0,Some-college,,Married-civ-spouse,Transport-moving,Husband,White,Male,,0.0,38.0,United-States
36.0,Private,423711.0,HS-grad,9.0,Married-civ-spouse,,Husband,White,Male,0.0,0.0,45.0,United-States
29.0,,,Some-college,10.0,,,Not-in-family,White,Male,,,60.0,United-States
,Private,148581.0,HS-grad,9.0,Married-civ-spouse,Transport-moving,,White,,0.0,,,United-States
42.0,Self-emp-not-inc,222978.0,Doctorate,16.0,,Prof-specialty,Not-in-family,White,,0.0,,45.0,United-States
30.0,Private,149118.0,HS-grad,,Divorced,Craft-repair,Not-in-family,White,Female,0.0,,,United-States
32.0,Self-emp-inc,218407.0,Some-college,10.0,Never-married,Exec-managerial,Not-in-family,White,Male,0.0,0.0,70.0,Cuba
47.0,Self-emp-not-inc,,Bachelors,,Never-married,,Not-in-family,Black,Male,10520.0,,45.0,United-States
44.0,Private,,,,Divorced,Craft-repair,Not-in-family,,Male,,0.0,40.0,United-States
19.0,Private,111232.0,HS-grad,9.0,Never-married,Sales,Own-child,White,Male,0.0,0.0,,United-States
22.0,Private,99199.0,HS-grad,9.0,Married-civ-spouse,Exec-managerial,Husband,White,Male,0.0,0.0,48.0,United-States
,Private,199995.0,9th,5.0,Married-civ-spouse,Craft-repair,Husband,White,Male,0.0,0.0,50.0,United-States
69.0,Private,122850.0,,9.0,Married-civ-spouse,Craft-repair,Husband,White,Male,,0.0,16.0,United-States
73.0,noValueSetHere123156456,90557.0,,7.0,Married-civ-spouse,noValueSetHere123156456,Husband,White,Male,0.0,,,
,noValueSetHere123156456,271935.0,11th,,,noValueSetHere123156456,,White,Female,0.0,0.0,20.0,United-States
33.0,,361497.0,HS-grad,,Never-married,Prof-specialty,,White,Male,,0.0,,
22.0,Local-gov,399020.0,Some-college,10.0,,Adm-clerical,Not-in-family,,Female,0.0,0.0,55.0,
33.0,Private,345277.0,Bachelors,13.0,Never-married,Tech-support,,,,0.0,0.0,45.0,United-States
20.0,Federal-gov,,Some-college,10.0,,Adm-clerical,,White,Female,0.0,0.0,,United-States
28.0,,,Some-college,,,Craft-repair,Husband,White,,0.0,0.0,40.0,United-States
,Private,188119.0,HS-grad,,Never-married,Handlers-cleaners,Not-in-family,White,,0.0,,,
27.0,Private,,HS-grad,,,,Not-in-family,White,Male,,0.0,48.0,
22.0,Private,309178.0,HS-grad,9.0,,Transport-moving,Own-child,White,Male,0.0,0.0,40.0,
67.0,Self-emp-not-inc,40021.0,HS-grad,9.0,Married-civ-spouse,,,White,Male,0.0,0.0,35.0,United-States
31.0,Self-emp-inc,,HS-grad,9.0,Married-civ-spouse,Exec-managerial,Husband,,Male,0.0,0.0,40.0,
36.0,noValueSetHere123156456,36635.0,Some-college,10.0,Never-married,noValueSetHere123156456,,White,,0.0,0.0,25.0,
,,325706.0,,15.0,,Prof-specialty,,Asian-Pac-Islander,Male,0.0,,50.0,India
,Private,124407.0,Bachelors,13.0,Never-married,Prof-specialty,Not-in-family,White,Female,0.0,0.0,,United-States
37.0,Self-emp-not-inc,301568.0,HS-grad,9.0,,Prof-specialty,,,Female,0.0,0.0,,United-States
27.0,Private,,,9.0,Married-civ-spouse,,Husband,,Male,,0.0,60.0,United-States
36.0,Private,,,,Never-married,Transport-moving,,,Male,0.0,0.0,40.0,United-States
33.0,,198452.0,Assoc-acdm,12.0,Divorced,Sales,,,,0.0,0.0,45.0,United-States
63.0,Private,213945.0,Bachelors,13.0,Married-civ-spouse,Sales,,White,Male,,0.0,,Iran
48.0,Private,171807.0,,13.0,,,Unmarried,White,Female,,,56.0,United-States
25.0,Private,362826.0,HS-grad,9.0,Never-married,Handlers-cleaners,Other-relative,White,Male,0.0,,45.0,United-States
41.0,Self-emp-not-inc,344329.0,HS-grad,9.0,Married-civ-spouse,Other-service,Husband,,Male,0.0,0.0,,United-States
26.0,Private,137678.0,HS-grad,9.0,Never-married,,,White,Male,0.0,0.0,40.0,United-States
23.0,,,Some-college,10.0,Never-married,Adm-clerical,Own-child,Black,Female,0.0,0.0,40.0,United-States
,,,HS-grad,9.0,Never-married,,Unmarried,Black,Female,1831.0,0.0,40.0,United-States
30.0,,,,,Married-civ-spouse,Prof-specialty,Husband,Asian-Pac-Islander,,0.0,,,Taiwan
67.0,Self-emp-not-inc,354405.0,HS-grad,9.0,,,Not-in-family,White,Female,0.0,,20.0,
32.0,Private,130057.0,,,Married-civ-spouse,Sales,Husband,White,Male,0.0,0.0,,
48.0,Self-emp-not-inc,,HS-grad,,Divorced,Craft-repair,Not-in-family,White,Male,0.0,0.0,60.0,United-States
51.0,Private,49017.0,HS-grad,,Widowed,Other-service,Not-in-family,,Female,0.0,0.0,24.0,United-States
39.0,,149943.0,Masters,14.0,Never-married,Sales,Not-in-family,Asian-Pac-Islander,,,0.0,40.0,
,Self-emp-inc,,Bachelors,13.0,,Prof-specialty,Husband,White,,,,,
40.0,Private,294708.0,HS-grad,,Married-civ-spouse,Transport-moving,,Black,Male,,,40.0,United-States
19.0,Private,228238.0,HS-grad,,Never-married,Machine-op-inspct,Other-relative,White,Male,0.0,0.0,40.0,Mexico
28.0,,,HS-grad,,Divorced,Handlers-cleaners,Unmarried,,,0.0,0.0,36.0,
,Private,332727.0,Bachelors,13.0,Married-civ-spouse,Prof-specialty,Husband,White,Male,0.0,0.0,,
20.0,Private,289944.0,,10.0,Never-married,Prof-specialty,Not-in-family,White,Female,,0.0,20.0,United-States
41.0,Private,,HS-grad,9.0,Widowed,,Other-relative,White,Male,914.0,0.0,,United-States
29.0,,,Some-college,10.0,,,,Amer-Indian-Eskimo,Female,,0.0,,
,Private,273425.0,Bachelors,,,,Husband,White,Male,0.0,0.0,50.0,United-States
61.0,Private,231183.0,HS-grad,9.0,Widowed,Exec-managerial,Not-in-family,White,Female,0.0,,40.0,United-States
25.0,Private,,11th,7.0,Never-married,Craft-repair,Not-in-family,White,,0.0,0.0,40.0,Mexico
26.0,,114483.0,HS-grad,9.0,Married-civ-spouse,,,White,Male,0.0,0.0,40.0,United-States
43.0,Private,162108.0,Bachelors,13.0,,Adm-clerical,Not-in-family,White,Female,0.0,0.0,40.0,United-States
17.0,Private,168807.0,7th-8th,4.0,Never-married,Craft-repair,Not-in-family,White,Male,,0.0,45.0,United-States
,,143828.0,Masters,14.0,,Prof-specialty,,Black,Female,9562.0,,40.0,United-States
73.0,,242769.0,HS-grad,,Married-civ-spouse,Machine-op-inspct,Husband,White,Male,3471.0,0.0,,England
46.0,Local-gov,,Some-college,10.0,,Machine-op-inspct,,,Female,0.0,0.0,,United-States
19.0,Private,69770.0,,10.0,Never-married,Other-service,Own-child,,Male,0.0,0.0,,
37.0,Private,291981.0,,,Divorced,,Not-in-family,,,0.0,0.0,,
26.0,Private,102460.0,Some-college,10.0,Married-civ-spouse,,Husband,White,Male,,0.0,40.0,United-States
47.0,,,HS-grad,9.0,,Sales,Own-child,White,Male,0.0,1876.0,40.0,United-States
,Local-gov,,,,,Prof-specialty,Not-in-family,White,Male,0.0,0.0,40.0,United-States
29.0,Private,115677.0,,,,Prof-specialty,,,,0.0,0.0,40.0,United-States
29.0,,239632.0,HS-grad,9.0,Never-married,Adm-clerical,,White,,,0.0,40.0,United-States
33.0,Private,,Bachelors,13.0,Married-civ-spouse,Exec-managerial,Own-child,White,,,0.0,55.0,United-States
20.0,Private,186849.0,HS-grad,,,,,,,,0.0,,United-States
,Private,118861.0,10th,6.0,Married-civ-spouse,Craft-repair,Wife,,,,,48.0,Guatemala
26.0,,142689.0,Bachelors,13.0,,Prof-specialty,Not-in-family,White,,0.0,0.0,,noValueSetHere123156456
41.0,,170924.0,Masters,14.0,,Prof-specialty,Husband,White,Male,0.0,,40.0,United-States
,noValueSetHere123156456,274451.0,7th-8th,4.0,Married-civ-spouse,,Husband,White,Male,0.0,0.0,,United-States
43.0,Private,153489.0,,13.0,Married-civ-spouse,Sales,Husband,White,Male,0.0,0.0,50.0,United-States
35.0,Private,186489.0,9th,5.0,Married-civ-spouse,Handlers-cleaners,,White,Male,,0.0,46.0,United-States
18.0,,192409.0,12th,,Never-married,Other-service,,White,Female,0.0,,,United-States
55.0,State-gov,337599.0,,,Divorced,Adm-clerical,Not-in-family,,Male,,0.0,40.0,United-States
,Private,195545.0,HS-grad,9.0,,Machine-op-inspct,Own-child,Black,Female,0.0,,40.0,
,,61892.0,HS-grad,9.0,Widowed,Priv-house-serv,Not-in-family,White,Female,,0.0,,
34.0,Self-emp-not-inc,175697.0,Assoc-voc,,Married-civ-spouse,Craft-repair,,White,,0.0,0.0,,United-States
,Private,,Some-college,10.0,Married-civ-spouse,Sales,Husband,,Male,0.0,,60.0,
25.0,Private,419658.0,HS-grad,,Never-married,Other-service,Own-child,White,Female,,,8.0,United-States
,,319163.0,Some-college,10.0,Never-married,,Own-child,Black,Male,,,40.0,United-States
37.0,,126743.0,1st-4th,2.0,,Other-service,Husband,White,Male,0.0,0.0,53.0,Mexico
39.0,Private,301568.0,Some-college,10.0,Divorced,Sales,Unmarried,White,Female,,,40.0,United-States
