approach,timestamp,status,dataset,missingness,ncols,nrows,ratio,repetition,precision,recall,f1,dirty_nulls,imputed_nulls,missing_time_seconds,imputation_time_seconds,score_time_seconds,clean_file,dirty_file,repaired_file,jar,error
TRIARD,2026-09-11T00:00:00,TL,100pct,MCAR,17,499308,0.1,1,,,,848810,848810,,,,/mnt/c/Users/daisl/Documents/Tullio/MISSDCEVEXP_ROW/data_scalability/row_scalability/flights/100pct/MCAR/0.1/1/clean.csv,/mnt/c/Users/daisl/Documents/Tullio/MISSDCEVEXP_ROW/data_scalability/row_scalability/flights/100pct/MCAR/0.1/1/dirty.csv,/mnt/c/Users/daisl/Documents/Tullio/MISSDCEVEXP_ROW/data_scalability/row_scalability/flights/100pct/MCAR/0.1/1/dirty_imputed.csv,None,
TRIARD,2026-09-11T00:00:00,TL,100pct,MCAR,17,499308,0.1,2,,,,848810,848810,,,,/mnt/c/Users/daisl/Documents/Tullio/MISSDCEVEXP_ROW/data_scalability/row_scalability/flights/100pct/MCAR/0.1/2/clean.csv,/mnt/c/Users/daisl/Documents/Tullio/MISSDCEVEXP_ROW/data_scalability/row_scalability/flights/100pct/MCAR/0.1/2/dirty.csv,/mnt/c/Users/daisl/Documents/Tullio/MISSDCEVEXP_ROW/data_scalability/row_scalability/flights/100pct/MCAR/0.1/2/dirty_imputed.csv,None,
TRIARD,2026-09-11T00:00:00,TL,100pct,MCAR,17,499308,0.1,3,,,,848810,848810,,,,/mnt/c/Users/daisl/Documents/Tullio/MISSDCEVEXP_ROW/data_scalability/row_scalability/flights/100pct/MCAR/0.1/3/clean.csv,/mnt/c/Users/daisl/Documents/Tullio/MISSDCEVEXP_ROW/data_scalability/row_scalability/flights/100pct/MCAR/0.1/3/dirty.csv,/mnt/c/Users/daisl/Documents/Tullio/MISSDCEVEXP_ROW/data_scalability/row_scalability/flights/100pct/MCAR/0.1/3/dirty_imputed.csv,None,
TRIARD,2026-09-11T00:00:00,TL,100pct,MCAR,17,499308,0.1,4,,,,848810,848810,,,,/mnt/c/Users/daisl/Documents/Tullio/MISSDCEVEXP_ROW/data_scalability/row_scalability/flights/100pct/MCAR/0.1/4/clean.csv,/mnt/c/Users/daisl/Documents/Tullio/MISSDCEVEXP_ROW/data_scalability/row_scalability/flights/100pct/MCAR/0.1/4/dirty.csv,/mnt/c/Users/daisl/Documents/Tullio/MISSDCEVEXP_ROW/data_scalability/row_scalability/flights/100pct/MCAR/0.1/4/dirty_imputed.csv,None,
TRIARD,2026-09-11T00:00:00,TL,100pct,MCAR,17,499308,0.1,5,,,,848810,848810,,,,/mnt/c/Users/daisl/Documents/Tullio/MISSDCEVEXP_ROW/data_scalability/row_scalability/flights/100pct/MCAR/0.1/5/clean.csv,/mnt/c/Users/daisl/Documents/Tullio/MISSDCEVEXP_ROW/data_scalability/row_scalability/flights/100pct/MCAR/0.1/5/dirty.csv,/mnt/c/Users/daisl/Documents/Tullio/MISSDCEVEXP_ROW/data_scalability/row_scalability/flights/100pct/MCAR/0.1/5/dirty_imputed.csv,None,
TRIARD,2026-09-11T00:00:00,TL,10pct,MCAR,17,49931,0.1,1,,,,84881,84881,,,,/mnt/c/Users/daisl/Documents/Tullio/MISSDCEVEXP_ROW/data_scalability/row_scalability/flights/10pct/MCAR/0.1/1/clean.csv,/mnt/c/Users/daisl/Documents/Tullio/MISSDCEVEXP_ROW/data_scalability/row_scalability/flights/10pct/MCAR/0.1/1/dirty.csv,/mnt/c/Users/daisl/Documents/Tullio/MISSDCEVEXP_ROW/data_scalability/row_scalability/flights/10pct/MCAR/0.1/1/dirty_imputed.csv,None,
TRIARD,2026-09-11T00:00:00,TL,10pct,MCAR,17,49931,0.1,2,,,,84881,84881,,,,/mnt/c/Users/daisl/Documents/Tullio/MISSDCEVEXP_ROW/data_scalability/row_scalability/flights/10pct/MCAR/0.1/2/clean.csv,/mnt/c/Users/daisl/Documents/Tullio/MISSDCEVEXP_ROW/data_scalability/row_scalability/flights/10pct/MCAR/0.1/2/dirty.csv,/mnt/c/Users/daisl/Documents/Tullio/MISSDCEVEXP_ROW/data_scalability/row_scalability/flights/10pct/MCAR/0.1/2/dirty_imputed.csv,None,
TRIARD,2026-09-11T00:00:00,TL,10pct,MCAR,17,49931,0.1,3,,,,84881,84881,,,,/mnt/c/Users/daisl/Documents/Tullio/MISSDCEVEXP_ROW/data_scalability/row_scalability/flights/10pct/MCAR/0.1/3/clean.csv,/mnt/c/Users/daisl/Documents/Tullio/MISSDCEVEXP_ROW/data_scalability/row_scalability/flights/10pct/MCAR/0.1/3/dirty.csv,/mnt/c/Users/daisl/Documents/Tullio/MISSDCEVEXP_ROW/data_scalability/row_scalability/flights/10pct/MCAR/0.1/3/dirty_imputed.csv,None,
TRIARD,2026-09-11T00:00:00,TL,10pct,MCAR,17,49931,0.1,4,,,,84881,84881,,,,/mnt/c/Users/daisl/Documents/Tullio/MISSDCEVEXP_ROW/data_scalability/row_scalability/flights/10pct/MCAR/0.1/4/clean.csv,/mnt/c/Users/daisl/Documents/Tullio/MISSDCEVEXP_ROW/data_scalability/row_scalability/flights/10pct/MCAR/0.1/4/dirty.csv,/mnt/c/Users/daisl/Documents/Tullio/MISSDCEVEXP_ROW/data_scalability/row_scalability/flights/10pct/MCAR/0.1/4/dirty_imputed.csv,None,
TRIARD,2026-09-11T00:00:00,TL,10pct,MCAR,17,49931,0.1,5,,,,84881,84881,,,,/mnt/c/Users/daisl/Documents/Tullio/MISSDCEVEXP_ROW/data_scalability/row_scalability/flights/10pct/MCAR/0.1/5/clean.csv,/mnt/c/Users/daisl/Documents/Tullio/MISSDCEVEXP_ROW/data_scalability/row_scalability/flights/10pct/MCAR/0.1/5/dirty.csv,/mnt/c/Users/daisl/Documents/Tullio/MISSDCEVEXP_ROW/data_scalability/row_scalability/flights/10pct/MCAR/0.1/5/dirty_imputed.csv,None,
TRIARD,2026-09-11T00:00:00,TL,20pct,MCAR,17,99862,0.1,1,,,,169762,169762,,,,/mnt/c/Users/daisl/Documents/Tullio/MISSDCEVEXP_ROW/data_scalability/row_scalability/flights/20pct/MCAR/0.1/1/clean.csv,/mnt/c/Users/daisl/Documents/Tullio/MISSDCEVEXP_ROW/data_scalability/row_scalability/flights/20pct/MCAR/0.1/1/dirty.csv,/mnt/c/Users/daisl/Documents/Tullio/MISSDCEVEXP_ROW/data_scalability/row_scalability/flights/20pct/MCAR/0.1/1/dirty_imputed.csv,None,
TRIARD,2026-09-11T00:00:00,TL,20pct,MCAR,17,99862,0.1,2,,,,169762,169762,,,,/mnt/c/Users/daisl/Documents/Tullio/MISSDCEVEXP_ROW/data_scalability/row_scalability/flights/20pct/MCAR/0.1/2/clean.csv,/mnt/c/Users/daisl/Documents/Tullio/MISSDCEVEXP_ROW/data_scalability/row_scalability/flights/20pct/MCAR/0.1/2/dirty.csv,/mnt/c/Users/daisl/Documents/Tullio/MISSDCEVEXP_ROW/data_scalability/row_scalability/flights/20pct/MCAR/0.1/2/dirty_imputed.csv,None,
TRIARD,2026-09-11T00:00:00,TL,20pct,MCAR,17,99862,0.1,3,,,,169762,169762,,,,/mnt/c/Users/daisl/Documents/Tullio/MISSDCEVEXP_ROW/data_scalability/row_scalability/flights/20pct/MCAR/0.1/3/clean.csv,/mnt/c/Users/daisl/Documents/Tullio/MISSDCEVEXP_ROW/data_scalability/row_scalability/flights/20pct/MCAR/0.1/3/dirty.csv,/mnt/c/Users/daisl/Documents/Tullio/MISSDCEVEXP_ROW/data_scalability/row_scalability/flights/20pct/MCAR/0.1/3/dirty_imputed.csv,None,
TRIARD,2026-09-11T00:00:00,TL,20pct,MCAR,17,99862,0.1,4,,,,169762,169762,,,,/mnt/c/Users/daisl/Documents/Tullio/MISSDCEVEXP_ROW/data_scalability/row_scalability/flights/20pct/MCAR/0.1/4/clean.csv,/mnt/c/Users/daisl/Documents/Tullio/MISSDCEVEXP_ROW/data_scalability/row_scalability/flights/20pct/MCAR/0.1/4/dirty.csv,/mnt/c/Users/daisl/Documents/Tullio/MISSDCEVEXP_ROW/data_scalability/row_scalability/flights/20pct/MCAR/0.1/4/dirty_imputed.csv,None,
TRIARD,2026-09-11T00:00:00,TL,20pct,MCAR,17,99862,0.1,5,,,,169762,169762,,,,/mnt/c/Users/daisl/Documents/Tullio/MISSDCEVEXP_ROW/data_scalability/row_scalability/flights/20pct/MCAR/0.1/5/clean.csv,/mnt/c/Users/daisl/Documents/Tullio/MISSDCEVEXP_ROW/data_scalability/row_scalability/flights/20pct/MCAR/0.1/5/dirty.csv,/mnt/c/Users/daisl/Documents/Tullio/MISSDCEVEXP_ROW/data_scalability/row_scalability/flights/20pct/MCAR/0.1/5/dirty_imputed.csv,None,
TRIARD,2026-09-11T00:00:00,TL,30pct,MCAR,17,149792,0.1,1,,,,254643,254643,,,,/mnt/c/Users/daisl/Documents/Tullio/MISSDCEVEXP_ROW/data_scalability/row_scalability/flights/30pct/MCAR/0.1/1/clean.csv,/mnt/c/Users/daisl/Documents/Tullio/MISSDCEVEXP_ROW/data_scalability/row_scalability/flights/30pct/MCAR/0.1/1/dirty.csv,/mnt/c/Users/daisl/Documents/Tullio/MISSDCEVEXP_ROW/data_scalability/row_scalability/flights/30pct/MCAR/0.1/1/dirty_imputed.csv,None,
TRIARD,2026-09-11T00:00:00,TL,30pct,MCAR,17,149792,0.1,2,,,,254643,254643,,,,/mnt/c/Users/daisl/Documents/Tullio/MISSDCEVEXP_ROW/data_scalability/row_scalability/flights/30pct/MCAR/0.1/2/clean.csv,/mnt/c/Users/daisl/Documents/Tullio/MISSDCEVEXP_ROW/data_scalability/row_scalability/flights/30pct/MCAR/0.1/2/dirty.csv,/mnt/c/Users/daisl/Documents/Tullio/MISSDCEVEXP_ROW/data_scalability/row_scalability/flights/30pct/MCAR/0.1/2/dirty_imputed.csv,None,
TRIARD,2026-09-11T00:00:00,TL,30pct,MCAR,17,149792,0.1,3,,,,254643,254643,,,,/mnt/c/Users/daisl/Documents/Tullio/MISSDCEVEXP_ROW/data_scalability/row_scalability/flights/30pct/MCAR/0.1/3/clean.csv,/mnt/c/Users/daisl/Documents/Tullio/MISSDCEVEXP_ROW/data_scalability/row_scalability/flights/30pct/MCAR/0.1/3/dirty.csv,/mnt/c/Users/daisl/Documents/Tullio/MISSDCEVEXP_ROW/data_scalability/row_scalability/flights/30pct/MCAR/0.1/3/dirty_imputed.csv,None,
TRIARD,2026-09-11T00:00:00,TL,30pct,MCAR,17,149792,0.1,4,,,,254643,254643,,,,/mnt/c/Users/daisl/Documents/Tullio/MISSDCEVEXP_ROW/data_scalability/row_scalability/flights/30pct/MCAR/0.1/4/clean.csv,/mnt/c/Users/daisl/Documents/Tullio/MISSDCEVEXP_ROW/data_scalability/row_scalability/flights/30pct/MCAR/0.1/4/dirty.csv,/mnt/c/Users/daisl/Documents/Tullio/MISSDCEVEXP_ROW/data_scalability/row_scalability/flights/30pct/MCAR/0.1/4/dirty_imputed.csv,None,
TRIARD,2026-09-11T00:00:00,TL,30pct,MCAR,17,149792,0.1,5,,,,254643,254643,,,,/mnt/c/Users/daisl/Documents/Tullio/MISSDCEVEXP_ROW/data_scalability/row_scalability/flights/30pct/MCAR/0.1/5/clean.csv,/mnt/c/Users/daisl/Documents/Tullio/MISSDCEVEXP_ROW/data_scalability/row_scalability/flights/30pct/MCAR/0.1/5/dirty.csv,/mnt/c/Users/daisl/Documents/Tullio/MISSDCEVEXP_ROW/data_scalability/row_scalability/flights/30pct/MCAR/0.1/5/dirty_imputed.csv,None,
TRIARD,2026-09-11T00:00:00,TL,40pct,MCAR,17,199723,0.1,1,,,,339524,339524,,,,/mnt/c/Users/daisl/Documents/Tullio/MISSDCEVEXP_ROW/data_scalability/row_scalability/flights/40pct/MCAR/0.1/1/clean.csv,/mnt/c/Users/daisl/Documents/Tullio/MISSDCEVEXP_ROW/data_scalability/row_scalability/flights/40pct/MCAR/0.1/1/dirty.csv,/mnt/c/Users/daisl/Documents/Tullio/MISSDCEVEXP_ROW/data_scalability/row_scalability/flights/40pct/MCAR/0.1/1/dirty_imputed.csv,None,
TRIARD,2026-09-11T00:00:00,TL,40pct,MCAR,17,199723,0.1,2,,,,339524,339524,,,,/mnt/c/Users/daisl/Documents/Tullio/MISSDCEVEXP_ROW/data_scalability/row_scalability/flights/40pct/MCAR/0.1/2/clean.csv,/mnt/c/Users/daisl/Documents/Tullio/MISSDCEVEXP_ROW/data_scalability/row_scalability/flights/40pct/MCAR/0.1/2/dirty.csv,/mnt/c/Users/daisl/Documents/Tullio/MISSDCEVEXP_ROW/data_scalability/row_scalability/flights/40pct/MCAR/0.1/2/dirty_imputed.csv,None,
TRIARD,2026-09-11T00:00:00,TL,40pct,MCAR,17,199723,0.1,3,,,,339524,339524,,,,/mnt/c/Users/daisl/Documents/Tullio/MISSDCEVEXP_ROW/data_scalability/row_scalability/flights/40pct/MCAR/0.1/3/clean.csv,/mnt/c/Users/daisl/Documents/Tullio/MISSDCEVEXP_ROW/data_scalability/row_scalability/flights/40pct/MCAR/0.1/3/dirty.csv,/mnt/c/Users/daisl/Documents/Tullio/MISSDCEVEXP_ROW/data_scalability/row_scalability/flights/40pct/MCAR/0.1/3/dirty_imputed.csv,None,
TRIARD,2026-09-11T00:00:00,TL,40pct,MCAR,17,199723,0.1,4,,,,339524,339524,,,,/mnt/c/Users/daisl/Documents/Tullio/MISSDCEVEXP_ROW/data_scalability/row_scalability/flights/40pct/MCAR/0.1/4/clean.csv,/mnt/c/Users/daisl/Documents/Tullio/MISSDCEVEXP_ROW/data_scalability/row_scalability/flights/40pct/MCAR/0.1/4/dirty.csv,/mnt/c/Users/daisl/Documents/Tullio/MISSDCEVEXP_ROW/data_scalability/row_scalability/flights/40pct/MCAR/0.1/4/dirty_imputed.csv,None,
TRIARD,2026-09-11T00:00:00,TL,40pct,MCAR,17,199723,0.1,5,,,,339524,339524,,,,/mnt/c/Users/daisl/Documents/Tullio/MISSDCEVEXP_ROW/data_scalability/row_scalability/flights/40pct/MCAR/0.1/5/clean.csv,/mnt/c/Users/daisl/Documents/Tullio/MISSDCEVEXP_ROW/data_scalability/row_scalability/flights/40pct/MCAR/0.1/5/dirty.csv,/mnt/c/Users/daisl/Documents/Tullio/MISSDCEVEXP_ROW/data_scalability/row_scalability/flights/40pct/MCAR/0.1/5/dirty_imputed.csv,None,
TRIARD,2026-09-11T00:00:00,TL,50pct,MCAR,17,249654,0.1,1,,,,424405,424405,,,,/mnt/c/Users/daisl/Documents/Tullio/MISSDCEVEXP_ROW/data_scalability/row_scalability/flights/50pct/MCAR/0.1/1/clean.csv,/mnt/c/Users/daisl/Documents/Tullio/MISSDCEVEXP_ROW/data_scalability/row_scalability/flights/50pct/MCAR/0.1/1/dirty.csv,/mnt/c/Users/daisl/Documents/Tullio/MISSDCEVEXP_ROW/data_scalability/row_scalability/flights/50pct/MCAR/0.1/1/dirty_imputed.csv,None,
TRIARD,2026-09-11T00:00:00,TL,50pct,MCAR,17,249654,0.1,2,,,,424405,424405,,,,/mnt/c/Users/daisl/Documents/Tullio/MISSDCEVEXP_ROW/data_scalability/row_scalability/flights/50pct/MCAR/0.1/2/clean.csv,/mnt/c/Users/daisl/Documents/Tullio/MISSDCEVEXP_ROW/data_scalability/row_scalability/flights/50pct/MCAR/0.1/2/dirty.csv,/mnt/c/Users/daisl/Documents/Tullio/MISSDCEVEXP_ROW/data_scalability/row_scalability/flights/50pct/MCAR/0.1/2/dirty_imputed.csv,None,
TRIARD,2026-09-11T00:00:00,TL,50pct,MCAR,17,249654,0.1,3,,,,424405,424405,,,,/mnt/c/Users/daisl/Documents/Tullio/MISSDCEVEXP_ROW/data_scalability/row_scalability/flights/50pct/MCAR/0.1/3/clean.csv,/mnt/c/Users/daisl/Documents/Tullio/MISSDCEVEXP_ROW/data_scalability/row_scalability/flights/50pct/MCAR/0.1/3/dirty.csv,/mnt/c/Users/daisl/Documents/Tullio/MISSDCEVEXP_ROW/data_scalability/row_scalability/flights/50pct/MCAR/0.1/3/dirty_imputed.csv,None,
TRIARD,2026-09-11T00:00:00,TL,50pct,MCAR,17,249654,0.1,4,,,,424405,424405,,,,/mnt/c/Users/daisl/Documents/Tullio/MISSDCEVEXP_ROW/data_scalability/row_scalability/flights/50pct/MCAR/0.1/4/clean.csv,/mnt/c/Users/daisl/Documents/Tullio/MISSDCEVEXP_ROW/data_scalability/row_scalability/flights/50pct/MCAR/0.1/4/dirty.csv,/mnt/c/Users/daisl/Documents/Tullio/MISSDCEVEXP_ROW/data_scalability/row_scalability/flights/50pct/MCAR/0.1/4/dirty_imputed.csv,None,
TRIARD,2026-09-11T00:00:00,TL,50pct,MCAR,17,249654,0.1,5,,,,424405,424405,,,,/mnt/c/Users/daisl/Documents/Tullio/MISSDCEVEXP_ROW/data_scalability/row_scalability/flights/50pct/MCAR/0.1/5/clean.csv,/mnt/c/Users/daisl/Documents/Tullio/MISSDCEVEXP_ROW/data_scalability/row_scalability/flights/50pct/MCAR/0.1/5/dirty.csv,/mnt/c/Users/daisl/Documents/Tullio/MISSDCEVEXP_ROW/data_scalability/row_scalability/flights/50pct/MCAR/0.1/5/dirty_imputed.csv,None,
TRIARD,2026-09-11T00:00:00,TL,60pct,MCAR,17,299585,0.1,1,,,,509286,509286,,,,/mnt/c/Users/daisl/Documents/Tullio/MISSDCEVEXP_ROW/data_scalability/row_scalability/flights/60pct/MCAR/0.1/1/clean.csv,/mnt/c/Users/daisl/Documents/Tullio/MISSDCEVEXP_ROW/data_scalability/row_scalability/flights/60pct/MCAR/0.1/1/dirty.csv,/mnt/c/Users/daisl/Documents/Tullio/MISSDCEVEXP_ROW/data_scalability/row_scalability/flights/60pct/MCAR/0.1/1/dirty_imputed.csv,None,
TRIARD,2026-09-11T00:00:00,TL,60pct,MCAR,17,299585,0.1,2,,,,509286,509286,,,,/mnt/c/Users/daisl/Documents/Tullio/MISSDCEVEXP_ROW/data_scalability/row_scalability/flights/60pct/MCAR/0.1/2/clean.csv,/mnt/c/Users/daisl/Documents/Tullio/MISSDCEVEXP_ROW/data_scalability/row_scalability/flights/60pct/MCAR/0.1/2/dirty.csv,/mnt/c/Users/daisl/Documents/Tullio/MISSDCEVEXP_ROW/data_scalability/row_scalability/flights/60pct/MCAR/0.1/2/dirty_imputed.csv,None,
TRIARD,2026-09-11T00:00:00,TL,60pct,MCAR,17,299585,0.1,3,,,,509286,509286,,,,/mnt/c/Users/daisl/Documents/Tullio/MISSDCEVEXP_ROW/data_scalability/row_scalability/flights/60pct/MCAR/0.1/3/clean.csv,/mnt/c/Users/daisl/Documents/Tullio/MISSDCEVEXP_ROW/data_scalability/row_scalability/flights/60pct/MCAR/0.1/3/dirty.csv,/mnt/c/Users/daisl/Documents/Tullio/MISSDCEVEXP_ROW/data_scalability/row_scalability/flights/60pct/MCAR/0.1/3/dirty_imputed.csv,None,
TRIARD,2026-09-11T00:00:00,TL,60pct,MCAR,17,299585,0.1,4,,,,509286,509286,,,,/mnt/c/Users/daisl/Documents/Tullio/MISSDCEVEXP_ROW/data_scalability/row_scalability/flights/60pct/MCAR/0.1/4/clean.csv,/mnt/c/Users/daisl/Documents/Tullio/MISSDCEVEXP_ROW/data_scalability/row_scalability/flights/60pct/MCAR/0.1/4/dirty.csv,/mnt/c/Users/daisl/Documents/Tullio/MISSDCEVEXP_ROW/data_scalability/row_scalability/flights/60pct/MCAR/0.1/4/dirty_imputed.csv,None,
TRIARD,2026-09-11T00:00:00,TL,60pct,MCAR,17,299585,0.1,5,,,,509286,509286,,,,/mnt/c/Users/daisl/Documents/Tullio/MISSDCEVEXP_ROW/data_scalability/row_scalability/flights/60pct/MCAR/0.1/5/clean.csv,/mnt/c/Users/daisl/Documents/Tullio/MISSDCEVEXP_ROW/data_scalability/row_scalability/flights/60pct/MCAR/0.1/5/dirty.csv,/mnt/c/Users/daisl/Documents/Tullio/MISSDCEVEXP_ROW/data_scalability/row_scalability/flights/60pct/MCAR/0.1/5/dirty_imputed.csv,None,
TRIARD,2026-09-11T00:00:00,TL,70pct,MCAR,17,349516,0.1,1,,,,594167,594167,,,,/mnt/c/Users/daisl/Documents/Tullio/MISSDCEVEXP_ROW/data_scalability/row_scalability/flights/70pct/MCAR/0.1/1/clean.csv,/mnt/c/Users/daisl/Documents/Tullio/MISSDCEVEXP_ROW/data_scalability/row_scalability/flights/70pct/MCAR/0.1/1/dirty.csv,/mnt/c/Users/daisl/Documents/Tullio/MISSDCEVEXP_ROW/data_scalability/row_scalability/flights/70pct/MCAR/0.1/1/dirty_imputed.csv,None,
TRIARD,2026-09-11T00:00:00,TL,70pct,MCAR,17,349516,0.1,2,,,,594167,594167,,,,/mnt/c/Users/daisl/Documents/Tullio/MISSDCEVEXP_ROW/data_scalability/row_scalability/flights/70pct/MCAR/0.1/2/clean.csv,/mnt/c/Users/daisl/Documents/Tullio/MISSDCEVEXP_ROW/data_scalability/row_scalability/flights/70pct/MCAR/0.1/2/dirty.csv,/mnt/c/Users/daisl/Documents/Tullio/MISSDCEVEXP_ROW/data_scalability/row_scalability/flights/70pct/MCAR/0.1/2/dirty_imputed.csv,None,
TRIARD,2026-09-11T00:00:00,TL,70pct,MCAR,17,349516,0.1,3,,,,594167,594167,,,,/mnt/c/Users/daisl/Documents/Tullio/MISSDCEVEXP_ROW/data_scalability/row_scalability/flights/70pct/MCAR/0.1/3/clean.csv,/mnt/c/Users/daisl/Documents/Tullio/MISSDCEVEXP_ROW/data_scalability/row_scalability/flights/70pct/MCAR/0.1/3/dirty.csv,/mnt/c/Users/daisl/Documents/Tullio/MISSDCEVEXP_ROW/data_scalability/row_scalability/flights/70pct/MCAR/0.1/3/dirty_imputed.csv,None,
TRIARD,2026-09-11T00:00:00,TL,70pct,MCAR,17,349516,0.1,4,,,,594167,594167,,,,/mnt/c/Users/daisl/Documents/Tullio/MISSDCEVEXP_ROW/data_scalability/row_scalability/flights/70pct/MCAR/0.1/4/clean.csv,/mnt/c/Users/daisl/Documents/Tullio/MISSDCEVEXP_ROW/data_scalability/row_scalability/flights/70pct/MCAR/0.1/4/dirty.csv,/mnt/c/Users/daisl/Documents/Tullio/MISSDCEVEXP_ROW/data_scalability/row_scalability/flights/70pct/MCAR/0.1/4/dirty_imputed.csv,None,
TRIARD,2026-09-11T00:00:00,TL,70pct,MCAR,17,349516,0.1,5,,,,594167,594167,,,,/mnt/c/Users/daisl/Documents/Tullio/MISSDCEVEXP_ROW/data_scalability/row_scalability/flights/70pct/MCAR/0.1/5/clean.csv,/mnt/c/Users/daisl/Documents/Tullio/MISSDCEVEXP_ROW/data_scalability/row_scalability/flights/70pct/MCAR/0.1/5/dirty.csv,/mnt/c/Users/daisl/Documents/Tullio/MISSDCEVEXP_ROW/data_scalability/row_scalability/flights/70pct/MCAR/0.1/5/dirty_imputed.csv,None,
TRIARD,2026-09-11T00:00:00,TL,80pct,MCAR,17,399446,0.1,1,,,,679048,679048,,,,/mnt/c/Users/daisl/Documents/Tullio/MISSDCEVEXP_ROW/data_scalability/row_scalability/flights/80pct/MCAR/0.1/1/clean.csv,/mnt/c/Users/daisl/Documents/Tullio/MISSDCEVEXP_ROW/data_scalability/row_scalability/flights/80pct/MCAR/0.1/1/dirty.csv,/mnt/c/Users/daisl/Documents/Tullio/MISSDCEVEXP_ROW/data_scalability/row_scalability/flights/80pct/MCAR/0.1/1/dirty_imputed.csv,None,
TRIARD,2026-09-11T00:00:00,TL,80pct,MCAR,17,399446,0.1,2,,,,679048,679048,,,,/mnt/c/Users/daisl/Documents/Tullio/MISSDCEVEXP_ROW/data_scalability/row_scalability/flights/80pct/MCAR/0.1/2/clean.csv,/mnt/c/Users/daisl/Documents/Tullio/MISSDCEVEXP_ROW/data_scalability/row_scalability/flights/80pct/MCAR/0.1/2/dirty.csv,/mnt/c/Users/daisl/Documents/Tullio/MISSDCEVEXP_ROW/data_scalability/row_scalability/flights/80pct/MCAR/0.1/2/dirty_imputed.csv,None,
TRIARD,2026-09-11T00:00:00,TL,80pct,MCAR,17,399446,0.1,3,,,,679048,679048,,,,/mnt/c/Users/daisl/Documents/Tullio/MISSDCEVEXP_ROW/data_scalability/row_scalability/flights/80pct/MCAR/0.1/3/clean.csv,/mnt/c/Users/daisl/Documents/Tullio/MISSDCEVEXP_ROW/data_scalability/row_scalability/flights/80pct/MCAR/0.1/3/dirty.csv,/mnt/c/Users/daisl/Documents/Tullio/MISSDCEVEXP_ROW/data_scalability/row_scalability/flights/80pct/MCAR/0.1/3/dirty_imputed.csv,None,
TRIARD,2026-09-11T00:00:00,TL,80pct,MCAR,17,399446,0.1,4,,,,679048,679048,,,,/mnt/c/Users/daisl/Documents/Tullio/MISSDCEVEXP_ROW/data_scalability/row_scalability/flights/80pct/MCAR/0.1/4/clean.csv,/mnt/c/Users/daisl/Documents/Tullio/MISSDCEVEXP_ROW/data_scalability/row_scalability/flights/80pct/MCAR/0.1/4/dirty.csv,/mnt/c/Users/daisl/Documents/Tullio/MISSDCEVEXP_ROW/data_scalability/row_scalability/flights/80pct/MCAR/0.1/4/dirty_imputed.csv,None,
TRIARD,2026-09-11T00:00:00,TL,80pct,MCAR,17,399446,0.1,5,,,,679048,679048,,,,/mnt/c/Users/daisl/Documents/Tullio/MISSDCEVEXP_ROW/data_scalability/row_scalability/flights/80pct/MCAR/0.1/5/clean.csv,/mnt/c/Users/daisl/Documents/Tullio/MISSDCEVEXP_ROW/data_scalability/row_scalability/flights/80pct/MCAR/0.1/5/dirty.csv,/mnt/c/Users/daisl/Documents/Tullio/MISSDCEVEXP_ROW/data_scalability/row_scalability/flights/80pct/MCAR/0.1/5/dirty_imputed.csv,None,
TRIARD,2026-09-11T00:00:00,TL,90pct,MCAR,17,449377,0.1,1,,,,763929,763929,,,,/mnt/c/Users/daisl/Documents/Tullio/MISSDCEVEXP_ROW/data_scalability/row_scalability/flights/90pct/MCAR/0.1/1/clean.csv,/mnt/c/Users/daisl/Documents/Tullio/MISSDCEVEXP_ROW/data_scalability/row_scalability/flights/90pct/MCAR/0.1/1/dirty.csv,/mnt/c/Users/daisl/Documents/Tullio/MISSDCEVEXP_ROW/data_scalability/row_scalability/flights/90pct/MCAR/0.1/1/dirty_imputed.csv,None,
TRIARD,2026-09-11T00:00:00,TL,90pct,MCAR,17,449377,0.1,2,,,,763929,763929,,,,/mnt/c/Users/daisl/Documents/Tullio/MISSDCEVEXP_ROW/data_scalability/row_scalability/flights/90pct/MCAR/0.1/2/clean.csv,/mnt/c/Users/daisl/Documents/Tullio/MISSDCEVEXP_ROW/data_scalability/row_scalability/flights/90pct/MCAR/0.1/2/dirty.csv,/mnt/c/Users/daisl/Documents/Tullio/MISSDCEVEXP_ROW/data_scalability/row_scalability/flights/90pct/MCAR/0.1/2/dirty_imputed.csv,None,
TRIARD,2026-09-11T00:00:00,TL,90pct,MCAR,17,449377,0.1,3,,,,763929,763929,,,,/mnt/c/Users/daisl/Documents/Tullio/MISSDCEVEXP_ROW/data_scalability/row_scalability/flights/90pct/MCAR/0.1/3/clean.csv,/mnt/c/Users/daisl/Documents/Tullio/MISSDCEVEXP_ROW/data_scalability/row_scalability/flights/90pct/MCAR/0.1/3/dirty.csv,/mnt/c/Users/daisl/Documents/Tullio/MISSDCEVEXP_ROW/data_scalability/row_scalability/flights/90pct/MCAR/0.1/3/dirty_imputed.csv,None,
TRIARD,2026-09-11T00:00:00,TL,90pct,MCAR,17,449377,0.1,4,,,,763929,763929,,,,/mnt/c/Users/daisl/Documents/Tullio/MISSDCEVEXP_ROW/data_scalability/row_scalability/flights/90pct/MCAR/0.1/4/clean.csv,/mnt/c/Users/daisl/Documents/Tullio/MISSDCEVEXP_ROW/data_scalability/row_scalability/flights/90pct/MCAR/0.1/4/dirty.csv,/mnt/c/Users/daisl/Documents/Tullio/MISSDCEVEXP_ROW/data_scalability/row_scalability/flights/90pct/MCAR/0.1/4/dirty_imputed.csv,None,
TRIARD,2026-09-11T00:00:00,TL,90pct,MCAR,17,449377,0.1,5,,,,763929,763929,,,,/mnt/c/Users/daisl/Documents/Tullio/MISSDCEVEXP_ROW/data_scalability/row_scalability/flights/90pct/MCAR/0.1/5/clean.csv,/mnt/c/Users/daisl/Documents/Tullio/MISSDCEVEXP_ROW/data_scalability/row_scalability/flights/90pct/MCAR/0.1/5/dirty.csv,/mnt/c/Users/daisl/Documents/Tullio/MISSDCEVEXP_ROW/data_scalability/row_scalability/flights/90pct/MCAR/0.1/5/dirty_imputed.csv,None,
TRIARD,2026-09-11T00:00:00,TL,100pct,MCAR,15,675000,0.1,1,,,,1012500,1012500,,,,/mnt/c/Users/daisl/Documents/Tullio/MISSDCEVEXP_ROW/data_scalability/row_scalability/ncvoter/100pct/MCAR/0.1/1/clean.csv,/mnt/c/Users/daisl/Documents/Tullio/MISSDCEVEXP_ROW/data_scalability/row_scalability/ncvoter/100pct/MCAR/0.1/1/dirty.csv,/mnt/c/Users/daisl/Documents/Tullio/MISSDCEVEXP_ROW/data_scalability/row_scalability/ncvoter/100pct/MCAR/0.1/1/dirty_imputed.csv,None,
TRIARD,2026-09-11T00:00:00,TL,100pct,MCAR,15,675000,0.1,2,,,,1012500,1012500,,,,/mnt/c/Users/daisl/Documents/Tullio/MISSDCEVEXP_ROW/data_scalability/row_scalability/ncvoter/100pct/MCAR/0.1/2/clean.csv,/mnt/c/Users/daisl/Documents/Tullio/MISSDCEVEXP_ROW/data_scalability/row_scalability/ncvoter/100pct/MCAR/0.1/2/dirty.csv,/mnt/c/Users/daisl/Documents/Tullio/MISSDCEVEXP_ROW/data_scalability/row_scalability/ncvoter/100pct/MCAR/0.1/2/dirty_imputed.csv,None,
TRIARD,2026-09-11T00:00:00,TL,100pct,MCAR,15,675000,0.1,3,,,,1012500,1012500,,,,/mnt/c/Users/daisl/Documents/Tullio/MISSDCEVEXP_ROW/data_scalability/row_scalability/ncvoter/100pct/MCAR/0.1/3/clean.csv,/mnt/c/Users/daisl/Documents/Tullio/MISSDCEVEXP_ROW/data_scalability/row_scalability/ncvoter/100pct/MCAR/0.1/3/dirty.csv,/mnt/c/Users/daisl/Documents/Tullio/MISSDCEVEXP_ROW/data_scalability/row_scalability/ncvoter/100pct/MCAR/0.1/3/dirty_imputed.csv,None,
TRIARD,2026-09-11T00:00:00,TL,100pct,MCAR,15,675000,0.1,4,,,,1012500,1012500,,,,/mnt/c/Users/daisl/Documents/Tullio/MISSDCEVEXP_ROW/data_scalability/row_scalability/ncvoter/100pct/MCAR/0.1/4/clean.csv,/mnt/c/Users/daisl/Documents/Tullio/MISSDCEVEXP_ROW/data_scalability/row_scalability/ncvoter/100pct/MCAR/0.1/4/dirty.csv,/mnt/c/Users/daisl/Documents/Tullio/MISSDCEVEXP_ROW/data_scalability/row_scalability/ncvoter/100pct/MCAR/0.1/4/dirty_imputed.csv,None,
TRIARD,2026-09-11T00:00:00,TL,100pct,MCAR,15,675000,0.1,5,,,,1012500,1012500,,,,/mnt/c/Users/daisl/Documents/Tullio/MISSDCEVEXP_ROW/data_scalability/row_scalability/ncvoter/100pct/MCAR/0.1/5/clean.csv,/mnt/c/Users/daisl/Documents/Tullio/MISSDCEVEXP_ROW/data_scalability/row_scalability/ncvoter/100pct/MCAR/0.1/5/dirty.csv,/mnt/c/Users/daisl/Documents/Tullio/MISSDCEVEXP_ROW/data_scalability/row_scalability/ncvoter/100pct/MCAR/0.1/5/dirty_imputed.csv,None,
TRIARD,2026-09-11T00:00:00,TL,10pct,MCAR,15,67500,0.1,1,,,,101250,101250,,,,/mnt/c/Users/daisl/Documents/Tullio/MISSDCEVEXP_ROW/data_scalability/row_scalability/ncvoter/10pct/MCAR/0.1/1/clean.csv,/mnt/c/Users/daisl/Documents/Tullio/MISSDCEVEXP_ROW/data_scalability/row_scalability/ncvoter/10pct/MCAR/0.1/1/dirty.csv,/mnt/c/Users/daisl/Documents/Tullio/MISSDCEVEXP_ROW/data_scalability/row_scalability/ncvoter/10pct/MCAR/0.1/1/dirty_imputed.csv,None,
TRIARD,2026-09-11T00:00:00,TL,10pct,MCAR,15,67500,0.1,2,,,,101250,101250,,,,/mnt/c/Users/daisl/Documents/Tullio/MISSDCEVEXP_ROW/data_scalability/row_scalability/ncvoter/10pct/MCAR/0.1/2/clean.csv,/mnt/c/Users/daisl/Documents/Tullio/MISSDCEVEXP_ROW/data_scalability/row_scalability/ncvoter/10pct/MCAR/0.1/2/dirty.csv,/mnt/c/Users/daisl/Documents/Tullio/MISSDCEVEXP_ROW/data_scalability/row_scalability/ncvoter/10pct/MCAR/0.1/2/dirty_imputed.csv,None,
TRIARD,2026-09-11T00:00:00,TL,10pct,MCAR,15,67500,0.1,3,,,,101250,101250,,,,/mnt/c/Users/daisl/Documents/Tullio/MISSDCEVEXP_ROW/data_scalability/row_scalability/ncvoter/10pct/MCAR/0.1/3/clean.csv,/mnt/c/Users/daisl/Documents/Tullio/MISSDCEVEXP_ROW/data_scalability/row_scalability/ncvoter/10pct/MCAR/0.1/3/dirty.csv,/mnt/c/Users/daisl/Documents/Tullio/MISSDCEVEXP_ROW/data_scalability/row_scalability/ncvoter/10pct/MCAR/0.1/3/dirty_imputed.csv,None,
TRIARD,2026-09-11T00:00:00,TL,10pct,MCAR,15,67500,0.1,4,,,,101250,101250,,,,/mnt/c/Users/daisl/Documents/Tullio/MISSDCEVEXP_ROW/data_scalability/row_scalability/ncvoter/10pct/MCAR/0.1/4/clean.csv,/mnt/c/Users/daisl/Documents/Tullio/MISSDCEVEXP_ROW/data_scalability/row_scalability/ncvoter/10pct/MCAR/0.1/4/dirty.csv,/mnt/c/Users/daisl/Documents/Tullio/MISSDCEVEXP_ROW/data_scalability/row_scalability/ncvoter/10pct/MCAR/0.1/4/dirty_imputed.csv,None,
TRIARD,2026-09-11T00:00:00,TL,10pct,MCAR,15,67500,0.1,5,,,,101250,101250,,,,/mnt/c/Users/daisl/Documents/Tullio/MISSDCEVEXP_ROW/data_scalability/row_scalability/ncvoter/10pct/MCAR/0.1/5/clean.csv,/mnt/c/Users/daisl/Documents/Tullio/MISSDCEVEXP_ROW/data_scalability/row_scalability/ncvoter/10pct/MCAR/0.1/5/dirty.csv,/mnt/c/Users/daisl/Documents/Tullio/MISSDCEVEXP_ROW/data_scalability/row_scalability/ncvoter/10pct/MCAR/0.1/5/dirty_imputed.csv,None,
TRIARD,2026-09-11T00:00:00,TL,20pct,MCAR,15,135000,0.1,1,,,,202500,202500,,,,/mnt/c/Users/daisl/Documents/Tullio/MISSDCEVEXP_ROW/data_scalability/row_scalability/ncvoter/20pct/MCAR/0.1/1/clean.csv,/mnt/c/Users/daisl/Documents/Tullio/MISSDCEVEXP_ROW/data_scalability/row_scalability/ncvoter/20pct/MCAR/0.1/1/dirty.csv,/mnt/c/Users/daisl/Documents/Tullio/MISSDCEVEXP_ROW/data_scalability/row_scalability/ncvoter/20pct/MCAR/0.1/1/dirty_imputed.csv,None,
TRIARD,2026-09-11T00:00:00,TL,20pct,MCAR,15,135000,0.1,2,,,,202500,202500,,,,/mnt/c/Users/daisl/Documents/Tullio/MISSDCEVEXP_ROW/data_scalability/row_scalability/ncvoter/20pct/MCAR/0.1/2/clean.csv,/mnt/c/Users/daisl/Documents/Tullio/MISSDCEVEXP_ROW/data_scalability/row_scalability/ncvoter/20pct/MCAR/0.1/2/dirty.csv,/mnt/c/Users/daisl/Documents/Tullio/MISSDCEVEXP_ROW/data_scalability/row_scalability/ncvoter/20pct/MCAR/0.1/2/dirty_imputed.csv,None,
TRIARD,2026-09-11T00:00:00,TL,20pct,MCAR,15,135000,0.1,3,,,,202500,202500,,,,/mnt/c/Users/daisl/Documents/Tullio/MISSDCEVEXP_ROW/data_scalability/row_scalability/ncvoter/20pct/MCAR/0.1/3/clean.csv,/mnt/c/Users/daisl/Documents/Tullio/MISSDCEVEXP_ROW/data_scalability/row_scalability/ncvoter/20pct/MCAR/0.1/3/dirty.csv,/mnt/c/Users/daisl/Documents/Tullio/MISSDCEVEXP_ROW/data_scalability/row_scalability/ncvoter/20pct/MCAR/0.1/3/dirty_imputed.csv,None,
TRIARD,2026-09-11T00:00:00,TL,20pct,MCAR,15,135000,0.1,4,,,,202500,202500,,,,/mnt/c/Users/daisl/Documents/Tullio/MISSDCEVEXP_ROW/data_scalability/row_scalability/ncvoter/20pct/MCAR/0.1/4/clean.csv,/mnt/c/Users/daisl/Documents/Tullio/MISSDCEVEXP_ROW/data_scalability/row_scalability/ncvoter/20pct/MCAR/0.1/4/dirty.csv,/mnt/c/Users/daisl/Documents/Tullio/MISSDCEVEXP_ROW/data_scalability/row_scalability/ncvoter/20pct/MCAR/0.1/4/dirty_imputed.csv,None,
TRIARD,2026-09-11T00:00:00,TL,20pct,MCAR,15,135000,0.1,5,,,,202500,202500,,,,/mnt/c/Users/daisl/Documents/Tullio/MISSDCEVEXP_ROW/data_scalability/row_scalability/ncvoter/20pct/MCAR/0.1/5/clean.csv,/mnt/c/Users/daisl/Documents/Tullio/MISSDCEVEXP_ROW/data_scalability/row_scalability/ncvoter/20pct/MCAR/0.1/5/dirty.csv,/mnt/c/Users/daisl/Documents/Tullio/MISSDCEVEXP_ROW/data_scalability/row_scalability/ncvoter/20pct/MCAR/0.1/5/dirty_imputed.csv,None,
TRIARD,2026-09-11T00:00:00,TL,30pct,MCAR,15,202500,0.1,1,,,,303750,303750,,,,/mnt/c/Users/daisl/Documents/Tullio/MISSDCEVEXP_ROW/data_scalability/row_scalability/ncvoter/30pct/MCAR/0.1/1/clean.csv,/mnt/c/Users/daisl/Documents/Tullio/MISSDCEVEXP_ROW/data_scalability/row_scalability/ncvoter/30pct/MCAR/0.1/1/dirty.csv,/mnt/c/Users/daisl/Documents/Tullio/MISSDCEVEXP_ROW/data_scalability/row_scalability/ncvoter/30pct/MCAR/0.1/1/dirty_imputed.csv,None,
TRIARD,2026-09-11T00:00:00,TL,30pct,MCAR,15,202500,0.1,2,,,,303750,303750,,,,/mnt/c/Users/daisl/Documents/Tullio/MISSDCEVEXP_ROW/data_scalability/row_scalability/ncvoter/30pct/MCAR/0.1/2/clean.csv,/mnt/c/Users/daisl/Documents/Tullio/MISSDCEVEXP_ROW/data_scalability/row_scalability/ncvoter/30pct/MCAR/0.1/2/dirty.csv,/mnt/c/Users/daisl/Documents/Tullio/MISSDCEVEXP_ROW/data_scalability/row_scalability/ncvoter/30pct/MCAR/0.1/2/dirty_imputed.csv,None,
TRIARD,2026-09-11T00:00:00,TL,30pct,MCAR,15,202500,0.1,3,,,,303750,303750,,,,/mnt/c/Users/daisl/Documents/Tullio/MISSDCEVEXP_ROW/data_scalability/row_scalability/ncvoter/30pct/MCAR/0.1/3/clean.csv,/mnt/c/Users/daisl/Documents/Tullio/MISSDCEVEXP_ROW/data_scalability/row_scalability/ncvoter/30pct/MCAR/0.1/3/dirty.csv,/mnt/c/Users/daisl/Documents/Tullio/MISSDCEVEXP_ROW/data_scalability/row_scalability/ncvoter/30pct/MCAR/0.1/3/dirty_imputed.csv,None,
TRIARD,2026-09-11T00:00:00,TL,30pct,MCAR,15,202500,0.1,4,,,,303750,303750,,,,/mnt/c/Users/daisl/Documents/Tullio/MISSDCEVEXP_ROW/data_scalability/row_scalability/ncvoter/30pct/MCAR/0.1/4/clean.csv,/mnt/c/Users/daisl/Documents/Tullio/MISSDCEVEXP_ROW/data_scalability/row_scalability/ncvoter/30pct/MCAR/0.1/4/dirty.csv,/mnt/c/Users/daisl/Documents/Tullio/MISSDCEVEXP_ROW/data_scalability/row_scalability/ncvoter/30pct/MCAR/0.1/4/dirty_imputed.csv,None,
TRIARD,2026-09-11T00:00:00,TL,30pct,MCAR,15,202500,0.1,5,,,,303750,303750,,,,/mnt/c/Users/daisl/Documents/Tullio/MISSDCEVEXP_ROW/data_scalability/row_scalability/ncvoter/30pct/MCAR/0.1/5/clean.csv,/mnt/c/Users/daisl/Documents/Tullio/MISSDCEVEXP_ROW/data_scalability/row_scalability/ncvoter/30pct/MCAR/0.1/5/dirty.csv,/mnt/c/Users/daisl/Documents/Tullio/MISSDCEVEXP_ROW/data_scalability/row_scalability/ncvoter/30pct/MCAR/0.1/5/dirty_imputed.csv,None,
TRIARD,2026-09-11T00:00:00,TL,40pct,MCAR,15,270000,0.1,1,,,,405000,405000,,,,/mnt/c/Users/daisl/Documents/Tullio/MISSDCEVEXP_ROW/data_scalability/row_scalability/ncvoter/40pct/MCAR/0.1/1/clean.csv,/mnt/c/Users/daisl/Documents/Tullio/MISSDCEVEXP_ROW/data_scalability/row_scalability/ncvoter/40pct/MCAR/0.1/1/dirty.csv,/mnt/c/Users/daisl/Documents/Tullio/MISSDCEVEXP_ROW/data_scalability/row_scalability/ncvoter/40pct/MCAR/0.1/1/dirty_imputed.csv,None,
TRIARD,2026-09-11T00:00:00,TL,40pct,MCAR,15,270000,0.1,2,,,,405000,405000,,,,/mnt/c/Users/daisl/Documents/Tullio/MISSDCEVEXP_ROW/data_scalability/row_scalability/ncvoter/40pct/MCAR/0.1/2/clean.csv,/mnt/c/Users/daisl/Documents/Tullio/MISSDCEVEXP_ROW/data_scalability/row_scalability/ncvoter/40pct/MCAR/0.1/2/dirty.csv,/mnt/c/Users/daisl/Documents/Tullio/MISSDCEVEXP_ROW/data_scalability/row_scalability/ncvoter/40pct/MCAR/0.1/2/dirty_imputed.csv,None,
TRIARD,2026-09-11T00:00:00,TL,40pct,MCAR,15,270000,0.1,3,,,,405000,405000,,,,/mnt/c/Users/daisl/Documents/Tullio/MISSDCEVEXP_ROW/data_scalability/row_scalability/ncvoter/40pct/MCAR/0.1/3/clean.csv,/mnt/c/Users/daisl/Documents/Tullio/MISSDCEVEXP_ROW/data_scalability/row_scalability/ncvoter/40pct/MCAR/0.1/3/dirty.csv,/mnt/c/Users/daisl/Documents/Tullio/MISSDCEVEXP_ROW/data_scalability/row_scalability/ncvoter/40pct/MCAR/0.1/3/dirty_imputed.csv,None,
TRIARD,2026-09-11T00:00:00,TL,40pct,MCAR,15,270000,0.1,4,,,,405000,405000,,,,/mnt/c/Users/daisl/Documents/Tullio/MISSDCEVEXP_ROW/data_scalability/row_scalability/ncvoter/40pct/MCAR/0.1/4/clean.csv,/mnt/c/Users/daisl/Documents/Tullio/MISSDCEVEXP_ROW/data_scalability/row_scalability/ncvoter/40pct/MCAR/0.1/4/dirty.csv,/mnt/c/Users/daisl/Documents/Tullio/MISSDCEVEXP_ROW/data_scalability/row_scalability/ncvoter/40pct/MCAR/0.1/4/dirty_imputed.csv,None,
TRIARD,2026-09-11T00:00:00,TL,40pct,MCAR,15,270000,0.1,5,,,,405000,405000,,,,/mnt/c/Users/daisl/Documents/Tullio/MISSDCEVEXP_ROW/data_scalability/row_scalability/ncvoter/40pct/MCAR/0.1/5/clean.csv,/mnt/c/Users/daisl/Documents/Tullio/MISSDCEVEXP_ROW/data_scalability/row_scalability/ncvoter/40pct/MCAR/0.1/5/dirty.csv,/mnt/c/Users/daisl/Documents/Tullio/MISSDCEVEXP_ROW/data_scalability/row_scalability/ncvoter/40pct/MCAR/0.1/5/dirty_imputed.csv,None,
TRIARD,2026-09-11T00:00:00,TL,50pct,MCAR,15,337500,0.1,1,,,,506250,506250,,,,/mnt/c/Users/daisl/Documents/Tullio/MISSDCEVEXP_ROW/data_scalability/row_scalability/ncvoter/50pct/MCAR/0.1/1/clean.csv,/mnt/c/Users/daisl/Documents/Tullio/MISSDCEVEXP_ROW/data_scalability/row_scalability/ncvoter/50pct/MCAR/0.1/1/dirty.csv,/mnt/c/Users/daisl/Documents/Tullio/MISSDCEVEXP_ROW/data_scalability/row_scalability/ncvoter/50pct/MCAR/0.1/1/dirty_imputed.csv,None,
TRIARD,2026-09-11T00:00:00,TL,50pct,MCAR,15,337500,0.1,2,,,,506250,506250,,,,/mnt/c/Users/daisl/Documents/Tullio/MISSDCEVEXP_ROW/data_scalability/row_scalability/ncvoter/50pct/MCAR/0.1/2/clean.csv,/mnt/c/Users/daisl/Documents/Tullio/MISSDCEVEXP_ROW/data_scalability/row_scalability/ncvoter/50pct/MCAR/0.1/2/dirty.csv,/mnt/c/Users/daisl/Documents/Tullio/MISSDCEVEXP_ROW/data_scalability/row_scalability/ncvoter/50pct/MCAR/0.1/2/dirty_imputed.csv,None,
TRIARD,2026-09-11T00:00:00,TL,50pct,MCAR,15,337500,0.1,3,,,,506250,506250,,,,/mnt/c/Users/daisl/Documents/Tullio/MISSDCEVEXP_ROW/data_scalability/row_scalability/ncvoter/50pct/MCAR/0.1/3/clean.csv,/mnt/c/Users/daisl/Documents/Tullio/MISSDCEVEXP_ROW/data_scalability/row_scalability/ncvoter/50pct/MCAR/0.1/3/dirty.csv,/mnt/c/Users/daisl/Documents/Tullio/MISSDCEVEXP_ROW/data_scalability/row_scalability/ncvoter/50pct/MCAR/0.1/3/dirty_imputed.csv,None,
TRIARD,2026-09-11T00:00:00,TL,50pct,MCAR,15,337500,0.1,4,,,,506250,506250,,,,/mnt/c/Users/daisl/Documents/Tullio/MISSDCEVEXP_ROW/data_scalability/row_scalability/ncvoter/50pct/MCAR/0.1/4/clean.csv,/mnt/c/Users/daisl/Documents/Tullio/MISSDCEVEXP_ROW/data_scalability/row_scalability/ncvoter/50pct/MCAR/0.1/4/dirty.csv,/mnt/c/Users/daisl/Documents/Tullio/MISSDCEVEXP_ROW/data_scalability/row_scalability/ncvoter/50pct/MCAR/0.1/4/dirty_imputed.csv,None,
TRIARD,2026-09-11T00:00:00,TL,50pct,MCAR,15,337500,0.1,5,,,,506250,506250,,,,/mnt/c/Users/daisl/Documents/Tullio/MISSDCEVEXP_ROW/data_scalability/row_scalability/ncvoter/50pct/MCAR/0.1/5/clean.csv,/mnt/c/Users/daisl/Documents/Tullio/MISSDCEVEXP_ROW/data_scalability/row_scalability/ncvoter/50pct/MCAR/0.1/5/dirty.csv,/mnt/c/Users/daisl/Documents/Tullio/MISSDCEVEXP_ROW/data_scalability/row_scalability/ncvoter/50pct/MCAR/0.1/5/dirty_imputed.csv,None,
TRIARD,2026-09-11T00:00:00,TL,60pct,MCAR,15,405000,0.1,1,,,,607500,607500,,,,/mnt/c/Users/daisl/Documents/Tullio/MISSDCEVEXP_ROW/data_scalability/row_scalability/ncvoter/60pct/MCAR/0.1/1/clean.csv,/mnt/c/Users/daisl/Documents/Tullio/MISSDCEVEXP_ROW/data_scalability/row_scalability/ncvoter/60pct/MCAR/0.1/1/dirty.csv,/mnt/c/Users/daisl/Documents/Tullio/MISSDCEVEXP_ROW/data_scalability/row_scalability/ncvoter/60pct/MCAR/0.1/1/dirty_imputed.csv,None,
TRIARD,2026-09-11T00:00:00,TL,60pct,MCAR,15,405000,0.1,2,,,,607500,607500,,,,/mnt/c/Users/daisl/Documents/Tullio/MISSDCEVEXP_ROW/data_scalability/row_scalability/ncvoter/60pct/MCAR/0.1/2/clean.csv,/mnt/c/Users/daisl/Documents/Tullio/MISSDCEVEXP_ROW/data_scalability/row_scalability/ncvoter/60pct/MCAR/0.1/2/dirty.csv,/mnt/c/Users/daisl/Documents/Tullio/MISSDCEVEXP_ROW/data_scalability/row_scalability/ncvoter/60pct/MCAR/0.1/2/dirty_imputed.csv,None,
TRIARD,2026-09-11T00:00:00,TL,60pct,MCAR,15,405000,0.1,3,,,,607500,607500,,,,/mnt/c/Users/daisl/Documents/Tullio/MISSDCEVEXP_ROW/data_scalability/row_scalability/ncvoter/60pct/MCAR/0.1/3/clean.csv,/mnt/c/Users/daisl/Documents/Tullio/MISSDCEVEXP_ROW/data_scalability/row_scalability/ncvoter/60pct/MCAR/0.1/3/dirty.csv,/mnt/c/Users/daisl/Documents/Tullio/MISSDCEVEXP_ROW/data_scalability/row_scalability/ncvoter/60pct/MCAR/0.1/3/dirty_imputed.csv,None,
TRIARD,2026-09-11T00:00:00,TL,60pct,MCAR,15,405000,0.1,4,,,,607500,607500,,,,/mnt/c/Users/daisl/Documents/Tullio/MISSDCEVEXP_ROW/data_scalability/row_scalability/ncvoter/60pct/MCAR/0.1/4/clean.csv,/mnt/c/Users/daisl/Documents/Tullio/MISSDCEVEXP_ROW/data_scalability/row_scalability/ncvoter/60pct/MCAR/0.1/4/dirty.csv,/mnt/c/Users/daisl/Documents/Tullio/MISSDCEVEXP_ROW/data_scalability/row_scalability/ncvoter/60pct/MCAR/0.1/4/dirty_imputed.csv,None,
TRIARD,2026-09-11T00:00:00,TL,60pct,MCAR,15,405000,0.1,5,,,,607500,607500,,,,/mnt/c/Users/daisl/Documents/Tullio/MISSDCEVEXP_ROW/data_scalability/row_scalability/ncvoter/60pct/MCAR/0.1/5/clean.csv,/mnt/c/Users/daisl/Documents/Tullio/MISSDCEVEXP_ROW/data_scalability/row_scalability/ncvoter/60pct/MCAR/0.1/5/dirty.csv,/mnt/c/Users/daisl/Documents/Tullio/MISSDCEVEXP_ROW/data_scalability/row_scalability/ncvoter/60pct/MCAR/0.1/5/dirty_imputed.csv,None,
TRIARD,2026-09-11T00:00:00,TL,70pct,MCAR,15,472500,0.1,1,,,,708750,708750,,,,/mnt/c/Users/daisl/Documents/Tullio/MISSDCEVEXP_ROW/data_scalability/row_scalability/ncvoter/70pct/MCAR/0.1/1/clean.csv,/mnt/c/Users/daisl/Documents/Tullio/MISSDCEVEXP_ROW/data_scalability/row_scalability/ncvoter/70pct/MCAR/0.1/1/dirty.csv,/mnt/c/Users/daisl/Documents/Tullio/MISSDCEVEXP_ROW/data_scalability/row_scalability/ncvoter/70pct/MCAR/0.1/1/dirty_imputed.csv,None,
TRIARD,2026-09-11T00:00:00,TL,70pct,MCAR,15,472500,0.1,2,,,,708750,708750,,,,/mnt/c/Users/daisl/Documents/Tullio/MISSDCEVEXP_ROW/data_scalability/row_scalability/ncvoter/70pct/MCAR/0.1/2/clean.csv,/mnt/c/Users/daisl/Documents/Tullio/MISSDCEVEXP_ROW/data_scalability/row_scalability/ncvoter/70pct/MCAR/0.1/2/dirty.csv,/mnt/c/Users/daisl/Documents/Tullio/MISSDCEVEXP_ROW/data_scalability/row_scalability/ncvoter/70pct/MCAR/0.1/2/dirty_imputed.csv,None,
TRIARD,2026-09-11T00:00:00,TL,70pct,MCAR,15,472500,0.1,3,,,,708750,708750,,,,/mnt/c/Users/daisl/Documents/Tullio/MISSDCEVEXP_ROW/data_scalability/row_scalability/ncvoter/70pct/MCAR/0.1/3/clean.csv,/mnt/c/Users/daisl/Documents/Tullio/MISSDCEVEXP_ROW/data_scalability/row_scalability/ncvoter/70pct/MCAR/0.1/3/dirty.csv,/mnt/c/Users/daisl/Documents/Tullio/MISSDCEVEXP_ROW/data_scalability/row_scalability/ncvoter/70pct/MCAR/0.1/3/dirty_imputed.csv,None,
TRIARD,2026-09-11T00:00:00,TL,70pct,MCAR,15,472500,0.1,4,,,,708750,708750,,,,/mnt/c/Users/daisl/Documents/Tullio/MISSDCEVEXP_ROW/data_scalability/row_scalability/ncvoter/70pct/MCAR/0.1/4/clean.csv,/mnt/c/Users/daisl/Documents/Tullio/MISSDCEVEXP_ROW/data_scalability/row_scalability/ncvoter/70pct/MCAR/0.1/4/dirty.csv,/mnt/c/Users/daisl/Documents/Tullio/MISSDCEVEXP_ROW/data_scalability/row_scalability/ncvoter/70pct/MCAR/0.1/4/dirty_imputed.csv,None,
TRIARD,2026-09-11T00:00:00,TL,70pct,MCAR,15,472500,0.1,5,,,,708750,708750,,,,/mnt/c/Users/daisl/Documents/Tullio/MISSDCEVEXP_ROW/data_scalability/row_scalability/ncvoter/70pct/MCAR/0.1/5/clean.csv,/mnt/c/Users/daisl/Documents/Tullio/MISSDCEVEXP_ROW/data_scalability/row_scalability/ncvoter/70pct/MCAR/0.1/5/dirty.csv,/mnt/c/Users/daisl/Documents/Tullio/MISSDCEVEXP_ROW/data_scalability/row_scalability/ncvoter/70pct/MCAR/0.1/5/dirty_imputed.csv,None,
TRIARD,2026-09-11T00:00:00,TL,80pct,MCAR,15,540000,0.1,1,,,,810000,810000,,,,/mnt/c/Users/daisl/Documents/Tullio/MISSDCEVEXP_ROW/data_scalability/row_scalability/ncvoter/80pct/MCAR/0.1/1/clean.csv,/mnt/c/Users/daisl/Documents/Tullio/MISSDCEVEXP_ROW/data_scalability/row_scalability/ncvoter/80pct/MCAR/0.1/1/dirty.csv,/mnt/c/Users/daisl/Documents/Tullio/MISSDCEVEXP_ROW/data_scalability/row_scalability/ncvoter/80pct/MCAR/0.1/1/dirty_imputed.csv,None,
TRIARD,2026-09-11T00:00:00,TL,80pct,MCAR,15,540000,0.1,2,,,,810000,810000,,,,/mnt/c/Users/daisl/Documents/Tullio/MISSDCEVEXP_ROW/data_scalability/row_scalability/ncvoter/80pct/MCAR/0.1/2/clean.csv,/mnt/c/Users/daisl/Documents/Tullio/MISSDCEVEXP_ROW/data_scalability/row_scalability/ncvoter/80pct/MCAR/0.1/2/dirty.csv,/mnt/c/Users/daisl/Documents/Tullio/MISSDCEVEXP_ROW/data_scalability/row_scalability/ncvoter/80pct/MCAR/0.1/2/dirty_imputed.csv,None,
TRIARD,2026-09-11T00:00:00,TL,80pct,MCAR,15,540000,0.1,3,,,,810000,810000,,,,/mnt/c/Users/daisl/Documents/Tullio/MISSDCEVEXP_ROW/data_scalability/row_scalability/ncvoter/80pct/MCAR/0.1/3/clean.csv,/mnt/c/Users/daisl/Documents/Tullio/MISSDCEVEXP_ROW/data_scalability/row_scalability/ncvoter/80pct/MCAR/0.1/3/dirty.csv,/mnt/c/Users/daisl/Documents/Tullio/MISSDCEVEXP_ROW/data_scalability/row_scalability/ncvoter/80pct/MCAR/0.1/3/dirty_imputed.csv,None,
TRIARD,2026-09-11T00:00:00,TL,80pct,MCAR,15,540000,0.1,4,,,,810000,810000,,,,/mnt/c/Users/daisl/Documents/Tullio/MISSDCEVEXP_ROW/data_scalability/row_scalability/ncvoter/80pct/MCAR/0.1/4/clean.csv,/mnt/c/Users/daisl/Documents/Tullio/MISSDCEVEXP_ROW/data_scalability/row_scalability/ncvoter/80pct/MCAR/0.1/4/dirty.csv,/mnt/c/Users/daisl/Documents/Tullio/MISSDCEVEXP_ROW/data_scalability/row_scalability/ncvoter/80pct/MCAR/0.1/4/dirty_imputed.csv,None,
TRIARD,2026-09-11T00:00:00,TL,80pct,MCAR,15,540000,0.1,5,,,,810000,810000,,,,/mnt/c/Users/daisl/Documents/Tullio/MISSDCEVEXP_ROW/data_scalability/row_scalability/ncvoter/80pct/MCAR/0.1/5/clean.csv,/mnt/c/Users/daisl/Documents/Tullio/MISSDCEVEXP_ROW/data_scalability/row_scalability/ncvoter/80pct/MCAR/0.1/5/dirty.csv,/mnt/c/Users/daisl/Documents/Tullio/MISSDCEVEXP_ROW/data_scalability/row_scalability/ncvoter/80pct/MCAR/0.1/5/dirty_imputed.csv,None,
TRIARD,2026-09-11T00:00:00,TL,90pct,MCAR,15,607500,0.1,1,,,,911250,911250,,,,/mnt/c/Users/daisl/Documents/Tullio/MISSDCEVEXP_ROW/data_scalability/row_scalability/ncvoter/90pct/MCAR/0.1/1/clean.csv,/mnt/c/Users/daisl/Documents/Tullio/MISSDCEVEXP_ROW/data_scalability/row_scalability/ncvoter/90pct/MCAR/0.1/1/dirty.csv,/mnt/c/Users/daisl/Documents/Tullio/MISSDCEVEXP_ROW/data_scalability/row_scalability/ncvoter/90pct/MCAR/0.1/1/dirty_imputed.csv,None,
TRIARD,2026-09-11T00:00:00,TL,90pct,MCAR,15,607500,0.1,2,,,,911250,911250,,,,/mnt/c/Users/daisl/Documents/Tullio/MISSDCEVEXP_ROW/data_scalability/row_scalability/ncvoter/90pct/MCAR/0.1/2/clean.csv,/mnt/c/Users/daisl/Documents/Tullio/MISSDCEVEXP_ROW/data_scalability/row_scalability/ncvoter/90pct/MCAR/0.1/2/dirty.csv,/mnt/c/Users/daisl/Documents/Tullio/MISSDCEVEXP_ROW/data_scalability/row_scalability/ncvoter/90pct/MCAR/0.1/2/dirty_imputed.csv,None,
TRIARD,2026-09-11T00:00:00,TL,90pct,MCAR,15,607500,0.1,3,,,,911250,911250,,,,/mnt/c/Users/daisl/Documents/Tullio/MISSDCEVEXP_ROW/data_scalability/row_scalability/ncvoter/90pct/MCAR/0.1/3/clean.csv,/mnt/c/Users/daisl/Documents/Tullio/MISSDCEVEXP_ROW/data_scalability/row_scalability/ncvoter/90pct/MCAR/0.1/3/dirty.csv,/mnt/c/Users/daisl/Documents/Tullio/MISSDCEVEXP_ROW/data_scalability/row_scalability/ncvoter/90pct/MCAR/0.1/3/dirty_imputed.csv,None,
TRIARD,2026-09-11T00:00:00,TL,90pct,MCAR,15,607500,0.1,4,,,,911250,911250,,,,/mnt/c/Users/daisl/Documents/Tullio/MISSDCEVEXP_ROW/data_scalability/row_scalability/ncvoter/90pct/MCAR/0.1/4/clean.csv,/mnt/c/Users/daisl/Documents/Tullio/MISSDCEVEXP_ROW/data_scalability/row_scalability/ncvoter/90pct/MCAR/0.1/4/dirty.csv,/mnt/c/Users/daisl/Documents/Tullio/MISSDCEVEXP_ROW/data_scalability/row_scalability/ncvoter/90pct/MCAR/0.1/4/dirty_imputed.csv,None,
TRIARD,2026-09-11T00:00:00,TL,90pct,MCAR,15,607500,0.1,5,,,,911250,911250,,,,/mnt/c/Users/daisl/Documents/Tullio/MISSDCEVEXP_ROW/data_scalability/row_scalability/ncvoter/90pct/MCAR/0.1/5/clean.csv,/mnt/c/Users/daisl/Documents/Tullio/MISSDCEVEXP_ROW/data_scalability/row_scalability/ncvoter/90pct/MCAR/0.1/5/dirty.csv,/mnt/c/Users/daisl/Documents/Tullio/MISSDCEVEXP_ROW/data_scalability/row_scalability/ncvoter/90pct/MCAR/0.1/5/dirty_imputed.csv,None,
TRIARD,2026-09-11T00:00:00,TL,100pct,MCAR,15,99904,0.1,1,,,,149850,149850,,,,/mnt/c/Users/daisl/Documents/Tullio/MISSDCEVEXP_ROW/data_scalability/row_scalability/tax/100pct/MCAR/0.1/1/clean.csv,/mnt/c/Users/daisl/Documents/Tullio/MISSDCEVEXP_ROW/data_scalability/row_scalability/tax/100pct/MCAR/0.1/1/dirty.csv,/mnt/c/Users/daisl/Documents/Tullio/MISSDCEVEXP_ROW/data_scalability/row_scalability/tax/100pct/MCAR/0.1/1/dirty_imputed.csv,None,
TRIARD,2026-09-11T00:00:00,TL,100pct,MCAR,15,99904,0.1,2,,,,149850,149850,,,,/mnt/c/Users/daisl/Documents/Tullio/MISSDCEVEXP_ROW/data_scalability/row_scalability/tax/100pct/MCAR/0.1/2/clean.csv,/mnt/c/Users/daisl/Documents/Tullio/MISSDCEVEXP_ROW/data_scalability/row_scalability/tax/100pct/MCAR/0.1/2/dirty.csv,/mnt/c/Users/daisl/Documents/Tullio/MISSDCEVEXP_ROW/data_scalability/row_scalability/tax/100pct/MCAR/0.1/2/dirty_imputed.csv,None,
TRIARD,2026-09-11T00:00:00,TL,100pct,MCAR,15,99904,0.1,3,,,,149850,149850,,,,/mnt/c/Users/daisl/Documents/Tullio/MISSDCEVEXP_ROW/data_scalability/row_scalability/tax/100pct/MCAR/0.1/3/clean.csv,/mnt/c/Users/daisl/Documents/Tullio/MISSDCEVEXP_ROW/data_scalability/row_scalability/tax/100pct/MCAR/0.1/3/dirty.csv,/mnt/c/Users/daisl/Documents/Tullio/MISSDCEVEXP_ROW/data_scalability/row_scalability/tax/100pct/MCAR/0.1/3/dirty_imputed.csv,None,
TRIARD,2026-09-11T00:00:00,TL,100pct,MCAR,15,99904,0.1,4,,,,149850,149850,,,,/mnt/c/Users/daisl/Documents/Tullio/MISSDCEVEXP_ROW/data_scalability/row_scalability/tax/100pct/MCAR/0.1/4/clean.csv,/mnt/c/Users/daisl/Documents/Tullio/MISSDCEVEXP_ROW/data_scalability/row_scalability/tax/100pct/MCAR/0.1/4/dirty.csv,/mnt/c/Users/daisl/Documents/Tullio/MISSDCEVEXP_ROW/data_scalability/row_scalability/tax/100pct/MCAR/0.1/4/dirty_imputed.csv,None,
TRIARD,2026-09-11T00:00:00,TL,100pct,MCAR,15,99904,0.1,5,,,,149850,149850,,,,/mnt/c/Users/daisl/Documents/Tullio/MISSDCEVEXP_ROW/data_scalability/row_scalability/tax/100pct/MCAR/0.1/5/clean.csv,/mnt/c/Users/daisl/Documents/Tullio/MISSDCEVEXP_ROW/data_scalability/row_scalability/tax/100pct/MCAR/0.1/5/dirty.csv,/mnt/c/Users/daisl/Documents/Tullio/MISSDCEVEXP_ROW/data_scalability/row_scalability/tax/100pct/MCAR/0.1/5/dirty_imputed.csv,None,
TRIARD,2026-09-11T00:00:00,TL,10pct,MCAR,15,9990,0.1,1,,,,14985,14985,,,,/mnt/c/Users/daisl/Documents/Tullio/MISSDCEVEXP_ROW/data_scalability/row_scalability/tax/10pct/MCAR/0.1/1/clean.csv,/mnt/c/Users/daisl/Documents/Tullio/MISSDCEVEXP_ROW/data_scalability/row_scalability/tax/10pct/MCAR/0.1/1/dirty.csv,/mnt/c/Users/daisl/Documents/Tullio/MISSDCEVEXP_ROW/data_scalability/row_scalability/tax/10pct/MCAR/0.1/1/dirty_imputed.csv,None,
TRIARD,2026-09-11T00:00:00,TL,10pct,MCAR,15,9990,0.1,2,,,,14985,14985,,,,/mnt/c/Users/daisl/Documents/Tullio/MISSDCEVEXP_ROW/data_scalability/row_scalability/tax/10pct/MCAR/0.1/2/clean.csv,/mnt/c/Users/daisl/Documents/Tullio/MISSDCEVEXP_ROW/data_scalability/row_scalability/tax/10pct/MCAR/0.1/2/dirty.csv,/mnt/c/Users/daisl/Documents/Tullio/MISSDCEVEXP_ROW/data_scalability/row_scalability/tax/10pct/MCAR/0.1/2/dirty_imputed.csv,None,
TRIARD,2026-09-11T00:00:00,TL,10pct,MCAR,15,9990,0.1,3,,,,14985,14985,,,,/mnt/c/Users/daisl/Documents/Tullio/MISSDCEVEXP_ROW/data_scalability/row_scalability/tax/10pct/MCAR/0.1/3/clean.csv,/mnt/c/Users/daisl/Documents/Tullio/MISSDCEVEXP_ROW/data_scalability/row_scalability/tax/10pct/MCAR/0.1/3/dirty.csv,/mnt/c/Users/daisl/Documents/Tullio/MISSDCEVEXP_ROW/data_scalability/row_scalability/tax/10pct/MCAR/0.1/3/dirty_imputed.csv,None,
TRIARD,2026-09-11T00:00:00,TL,10pct,MCAR,15,9990,0.1,4,,,,14985,14985,,,,/mnt/c/Users/daisl/Documents/Tullio/MISSDCEVEXP_ROW/data_scalability/row_scalability/tax/10pct/MCAR/0.1/4/clean.csv,/mnt/c/Users/daisl/Documents/Tullio/MISSDCEVEXP_ROW/data_scalability/row_scalability/tax/10pct/MCAR/0.1/4/dirty.csv,/mnt/c/Users/daisl/Documents/Tullio/MISSDCEVEXP_ROW/data_scalability/row_scalability/tax/10pct/MCAR/0.1/4/dirty_imputed.csv,None,
TRIARD,2026-09-11T00:00:00,TL,10pct,MCAR,15,9990,0.1,5,,,,14985,14985,,,,/mnt/c/Users/daisl/Documents/Tullio/MISSDCEVEXP_ROW/data_scalability/row_scalability/tax/10pct/MCAR/0.1/5/clean.csv,/mnt/c/Users/daisl/Documents/Tullio/MISSDCEVEXP_ROW/data_scalability/row_scalability/tax/10pct/MCAR/0.1/5/dirty.csv,/mnt/c/Users/daisl/Documents/Tullio/MISSDCEVEXP_ROW/data_scalability/row_scalability/tax/10pct/MCAR/0.1/5/dirty_imputed.csv,None,
TRIARD,2026-09-11T00:00:00,TL,20pct,MCAR,15,19981,0.1,1,,,,29970,29970,,,,/mnt/c/Users/daisl/Documents/Tullio/MISSDCEVEXP_ROW/data_scalability/row_scalability/tax/20pct/MCAR/0.1/1/clean.csv,/mnt/c/Users/daisl/Documents/Tullio/MISSDCEVEXP_ROW/data_scalability/row_scalability/tax/20pct/MCAR/0.1/1/dirty.csv,/mnt/c/Users/daisl/Documents/Tullio/MISSDCEVEXP_ROW/data_scalability/row_scalability/tax/20pct/MCAR/0.1/1/dirty_imputed.csv,None,
TRIARD,2026-09-11T00:00:00,TL,20pct,MCAR,15,19981,0.1,2,,,,29970,29970,,,,/mnt/c/Users/daisl/Documents/Tullio/MISSDCEVEXP_ROW/data_scalability/row_scalability/tax/20pct/MCAR/0.1/2/clean.csv,/mnt/c/Users/daisl/Documents/Tullio/MISSDCEVEXP_ROW/data_scalability/row_scalability/tax/20pct/MCAR/0.1/2/dirty.csv,/mnt/c/Users/daisl/Documents/Tullio/MISSDCEVEXP_ROW/data_scalability/row_scalability/tax/20pct/MCAR/0.1/2/dirty_imputed.csv,None,
TRIARD,2026-09-11T00:00:00,TL,20pct,MCAR,15,19981,0.1,3,,,,29970,29970,,,,/mnt/c/Users/daisl/Documents/Tullio/MISSDCEVEXP_ROW/data_scalability/row_scalability/tax/20pct/MCAR/0.1/3/clean.csv,/mnt/c/Users/daisl/Documents/Tullio/MISSDCEVEXP_ROW/data_scalability/row_scalability/tax/20pct/MCAR/0.1/3/dirty.csv,/mnt/c/Users/daisl/Documents/Tullio/MISSDCEVEXP_ROW/data_scalability/row_scalability/tax/20pct/MCAR/0.1/3/dirty_imputed.csv,None,
TRIARD,2026-09-11T00:00:00,TL,20pct,MCAR,15,19981,0.1,4,,,,29970,29970,,,,/mnt/c/Users/daisl/Documents/Tullio/MISSDCEVEXP_ROW/data_scalability/row_scalability/tax/20pct/MCAR/0.1/4/clean.csv,/mnt/c/Users/daisl/Documents/Tullio/MISSDCEVEXP_ROW/data_scalability/row_scalability/tax/20pct/MCAR/0.1/4/dirty.csv,/mnt/c/Users/daisl/Documents/Tullio/MISSDCEVEXP_ROW/data_scalability/row_scalability/tax/20pct/MCAR/0.1/4/dirty_imputed.csv,None,
TRIARD,2026-09-11T00:00:00,TL,20pct,MCAR,15,19981,0.1,5,,,,29970,29970,,,,/mnt/c/Users/daisl/Documents/Tullio/MISSDCEVEXP_ROW/data_scalability/row_scalability/tax/20pct/MCAR/0.1/5/clean.csv,/mnt/c/Users/daisl/Documents/Tullio/MISSDCEVEXP_ROW/data_scalability/row_scalability/tax/20pct/MCAR/0.1/5/dirty.csv,/mnt/c/Users/daisl/Documents/Tullio/MISSDCEVEXP_ROW/data_scalability/row_scalability/tax/20pct/MCAR/0.1/5/dirty_imputed.csv,None,
TRIARD,2026-09-11T00:00:00,TL,30pct,MCAR,15,29971,0.1,1,,,,44955,44955,,,,/mnt/c/Users/daisl/Documents/Tullio/MISSDCEVEXP_ROW/data_scalability/row_scalability/tax/30pct/MCAR/0.1/1/clean.csv,/mnt/c/Users/daisl/Documents/Tullio/MISSDCEVEXP_ROW/data_scalability/row_scalability/tax/30pct/MCAR/0.1/1/dirty.csv,/mnt/c/Users/daisl/Documents/Tullio/MISSDCEVEXP_ROW/data_scalability/row_scalability/tax/30pct/MCAR/0.1/1/dirty_imputed.csv,None,
TRIARD,2026-09-11T00:00:00,TL,30pct,MCAR,15,29971,0.1,2,,,,44955,44955,,,,/mnt/c/Users/daisl/Documents/Tullio/MISSDCEVEXP_ROW/data_scalability/row_scalability/tax/30pct/MCAR/0.1/2/clean.csv,/mnt/c/Users/daisl/Documents/Tullio/MISSDCEVEXP_ROW/data_scalability/row_scalability/tax/30pct/MCAR/0.1/2/dirty.csv,/mnt/c/Users/daisl/Documents/Tullio/MISSDCEVEXP_ROW/data_scalability/row_scalability/tax/30pct/MCAR/0.1/2/dirty_imputed.csv,None,
TRIARD,2026-09-11T00:00:00,TL,30pct,MCAR,15,29971,0.1,3,,,,44955,44955,,,,/mnt/c/Users/daisl/Documents/Tullio/MISSDCEVEXP_ROW/data_scalability/row_scalability/tax/30pct/MCAR/0.1/3/clean.csv,/mnt/c/Users/daisl/Documents/Tullio/MISSDCEVEXP_ROW/data_scalability/row_scalability/tax/30pct/MCAR/0.1/3/dirty.csv,/mnt/c/Users/daisl/Documents/Tullio/MISSDCEVEXP_ROW/data_scalability/row_scalability/tax/30pct/MCAR/0.1/3/dirty_imputed.csv,None,
TRIARD,2026-09-11T00:00:00,TL,30pct,MCAR,15,29971,0.1,4,,,,44955,44955,,,,/mnt/c/Users/daisl/Documents/Tullio/MISSDCEVEXP_ROW/data_scalability/row_scalability/tax/30pct/MCAR/0.1/4/clean.csv,/mnt/c/Users/daisl/Documents/Tullio/MISSDCEVEXP_ROW/data_scalability/row_scalability/tax/30pct/MCAR/0.1/4/dirty.csv,/mnt/c/Users/daisl/Documents/Tullio/MISSDCEVEXP_ROW/data_scalability/row_scalability/tax/30pct/MCAR/0.1/4/dirty_imputed.csv,None,
TRIARD,2026-09-11T00:00:00,TL,30pct,MCAR,15,29971,0.1,5,,,,44955,44955,,,,/mnt/c/Users/daisl/Documents/Tullio/MISSDCEVEXP_ROW/data_scalability/row_scalability/tax/30pct/MCAR/0.1/5/clean.csv,/mnt/c/Users/daisl/Documents/Tullio/MISSDCEVEXP_ROW/data_scalability/row_scalability/tax/30pct/MCAR/0.1/5/dirty.csv,/mnt/c/Users/daisl/Documents/Tullio/MISSDCEVEXP_ROW/data_scalability/row_scalability/tax/30pct/MCAR/0.1/5/dirty_imputed.csv,None,
TRIARD,2026-09-11T00:00:00,TL,40pct,MCAR,15,39962,0.1,1,,,,59940,59940,,,,/mnt/c/Users/daisl/Documents/Tullio/MISSDCEVEXP_ROW/data_scalability/row_scalability/tax/40pct/MCAR/0.1/1/clean.csv,/mnt/c/Users/daisl/Documents/Tullio/MISSDCEVEXP_ROW/data_scalability/row_scalability/tax/40pct/MCAR/0.1/1/dirty.csv,/mnt/c/Users/daisl/Documents/Tullio/MISSDCEVEXP_ROW/data_scalability/row_scalability/tax/40pct/MCAR/0.1/1/dirty_imputed.csv,None,
TRIARD,2026-09-11T00:00:00,TL,40pct,MCAR,15,39962,0.1,2,,,,59940,59940,,,,/mnt/c/Users/daisl/Documents/Tullio/MISSDCEVEXP_ROW/data_scalability/row_scalability/tax/40pct/MCAR/0.1/2/clean.csv,/mnt/c/Users/daisl/Documents/Tullio/MISSDCEVEXP_ROW/data_scalability/row_scalability/tax/40pct/MCAR/0.1/2/dirty.csv,/mnt/c/Users/daisl/Documents/Tullio/MISSDCEVEXP_ROW/data_scalability/row_scalability/tax/40pct/MCAR/0.1/2/dirty_imputed.csv,None,
TRIARD,2026-09-11T00:00:00,TL,40pct,MCAR,15,39962,0.1,3,,,,59940,59940,,,,/mnt/c/Users/daisl/Documents/Tullio/MISSDCEVEXP_ROW/data_scalability/row_scalability/tax/40pct/MCAR/0.1/3/clean.csv,/mnt/c/Users/daisl/Documents/Tullio/MISSDCEVEXP_ROW/data_scalability/row_scalability/tax/40pct/MCAR/0.1/3/dirty.csv,/mnt/c/Users/daisl/Documents/Tullio/MISSDCEVEXP_ROW/data_scalability/row_scalability/tax/40pct/MCAR/0.1/3/dirty_imputed.csv,None,
TRIARD,2026-09-11T00:00:00,TL,40pct,MCAR,15,39962,0.1,4,,,,59940,59940,,,,/mnt/c/Users/daisl/Documents/Tullio/MISSDCEVEXP_ROW/data_scalability/row_scalability/tax/40pct/MCAR/0.1/4/clean.csv,/mnt/c/Users/daisl/Documents/Tullio/MISSDCEVEXP_ROW/data_scalability/row_scalability/tax/40pct/MCAR/0.1/4/dirty.csv,/mnt/c/Users/daisl/Documents/Tullio/MISSDCEVEXP_ROW/data_scalability/row_scalability/tax/40pct/MCAR/0.1/4/dirty_imputed.csv,None,
TRIARD,2026-09-11T00:00:00,TL,40pct,MCAR,15,39962,0.1,5,,,,59940,59940,,,,/mnt/c/Users/daisl/Documents/Tullio/MISSDCEVEXP_ROW/data_scalability/row_scalability/tax/40pct/MCAR/0.1/5/clean.csv,/mnt/c/Users/daisl/Documents/Tullio/MISSDCEVEXP_ROW/data_scalability/row_scalability/tax/40pct/MCAR/0.1/5/dirty.csv,/mnt/c/Users/daisl/Documents/Tullio/MISSDCEVEXP_ROW/data_scalability/row_scalability/tax/40pct/MCAR/0.1/5/dirty_imputed.csv,None,
TRIARD,2026-09-11T00:00:00,TL,50pct,MCAR,15,49952,0.1,1,,,,74925,74925,,,,/mnt/c/Users/daisl/Documents/Tullio/MISSDCEVEXP_ROW/data_scalability/row_scalability/tax/50pct/MCAR/0.1/1/clean.csv,/mnt/c/Users/daisl/Documents/Tullio/MISSDCEVEXP_ROW/data_scalability/row_scalability/tax/50pct/MCAR/0.1/1/dirty.csv,/mnt/c/Users/daisl/Documents/Tullio/MISSDCEVEXP_ROW/data_scalability/row_scalability/tax/50pct/MCAR/0.1/1/dirty_imputed.csv,None,
TRIARD,2026-09-11T00:00:00,TL,50pct,MCAR,15,49952,0.1,2,,,,74925,74925,,,,/mnt/c/Users/daisl/Documents/Tullio/MISSDCEVEXP_ROW/data_scalability/row_scalability/tax/50pct/MCAR/0.1/2/clean.csv,/mnt/c/Users/daisl/Documents/Tullio/MISSDCEVEXP_ROW/data_scalability/row_scalability/tax/50pct/MCAR/0.1/2/dirty.csv,/mnt/c/Users/daisl/Documents/Tullio/MISSDCEVEXP_ROW/data_scalability/row_scalability/tax/50pct/MCAR/0.1/2/dirty_imputed.csv,None,
TRIARD,2026-09-11T00:00:00,TL,50pct,MCAR,15,49952,0.1,3,,,,74925,74925,,,,/mnt/c/Users/daisl/Documents/Tullio/MISSDCEVEXP_ROW/data_scalability/row_scalability/tax/50pct/MCAR/0.1/3/clean.csv,/mnt/c/Users/daisl/Documents/Tullio/MISSDCEVEXP_ROW/data_scalability/row_scalability/tax/50pct/MCAR/0.1/3/dirty.csv,/mnt/c/Users/daisl/Documents/Tullio/MISSDCEVEXP_ROW/data_scalability/row_scalability/tax/50pct/MCAR/0.1/3/dirty_imputed.csv,None,
TRIARD,2026-09-11T00:00:00,TL,50pct,MCAR,15,49952,0.1,4,,,,74925,74925,,,,/mnt/c/Users/daisl/Documents/Tullio/MISSDCEVEXP_ROW/data_scalability/row_scalability/tax/50pct/MCAR/0.1/4/clean.csv,/mnt/c/Users/daisl/Documents/Tullio/MISSDCEVEXP_ROW/data_scalability/row_scalability/tax/50pct/MCAR/0.1/4/dirty.csv,/mnt/c/Users/daisl/Documents/Tullio/MISSDCEVEXP_ROW/data_scalability/row_scalability/tax/50pct/MCAR/0.1/4/dirty_imputed.csv,None,
TRIARD,2026-09-11T00:00:00,TL,50pct,MCAR,15,49952,0.1,5,,,,74925,74925,,,,/mnt/c/Users/daisl/Documents/Tullio/MISSDCEVEXP_ROW/data_scalability/row_scalability/tax/50pct/MCAR/0.1/5/clean.csv,/mnt/c/Users/daisl/Documents/Tullio/MISSDCEVEXP_ROW/data_scalability/row_scalability/tax/50pct/MCAR/0.1/5/dirty.csv,/mnt/c/Users/daisl/Documents/Tullio/MISSDCEVEXP_ROW/data_scalability/row_scalability/tax/50pct/MCAR/0.1/5/dirty_imputed.csv,None,
TRIARD,2026-09-11T00:00:00,TL,60pct,MCAR,15,59942,0.1,1,,,,89910,89910,,,,/mnt/c/Users/daisl/Documents/Tullio/MISSDCEVEXP_ROW/data_scalability/row_scalability/tax/60pct/MCAR/0.1/1/clean.csv,/mnt/c/Users/daisl/Documents/Tullio/MISSDCEVEXP_ROW/data_scalability/row_scalability/tax/60pct/MCAR/0.1/1/dirty.csv,/mnt/c/Users/daisl/Documents/Tullio/MISSDCEVEXP_ROW/data_scalability/row_scalability/tax/60pct/MCAR/0.1/1/dirty_imputed.csv,None,
TRIARD,2026-09-11T00:00:00,TL,60pct,MCAR,15,59942,0.1,2,,,,89910,89910,,,,/mnt/c/Users/daisl/Documents/Tullio/MISSDCEVEXP_ROW/data_scalability/row_scalability/tax/60pct/MCAR/0.1/2/clean.csv,/mnt/c/Users/daisl/Documents/Tullio/MISSDCEVEXP_ROW/data_scalability/row_scalability/tax/60pct/MCAR/0.1/2/dirty.csv,/mnt/c/Users/daisl/Documents/Tullio/MISSDCEVEXP_ROW/data_scalability/row_scalability/tax/60pct/MCAR/0.1/2/dirty_imputed.csv,None,
TRIARD,2026-09-11T00:00:00,TL,60pct,MCAR,15,59942,0.1,3,,,,89910,89910,,,,/mnt/c/Users/daisl/Documents/Tullio/MISSDCEVEXP_ROW/data_scalability/row_scalability/tax/60pct/MCAR/0.1/3/clean.csv,/mnt/c/Users/daisl/Documents/Tullio/MISSDCEVEXP_ROW/data_scalability/row_scalability/tax/60pct/MCAR/0.1/3/dirty.csv,/mnt/c/Users/daisl/Documents/Tullio/MISSDCEVEXP_ROW/data_scalability/row_scalability/tax/60pct/MCAR/0.1/3/dirty_imputed.csv,None,
TRIARD,2026-09-11T00:00:00,TL,60pct,MCAR,15,59942,0.1,4,,,,89910,89910,,,,/mnt/c/Users/daisl/Documents/Tullio/MISSDCEVEXP_ROW/data_scalability/row_scalability/tax/60pct/MCAR/0.1/4/clean.csv,/mnt/c/Users/daisl/Documents/Tullio/MISSDCEVEXP_ROW/data_scalability/row_scalability/tax/60pct/MCAR/0.1/4/dirty.csv,/mnt/c/Users/daisl/Documents/Tullio/MISSDCEVEXP_ROW/data_scalability/row_scalability/tax/60pct/MCAR/0.1/4/dirty_imputed.csv,None,
TRIARD,2026-09-11T00:00:00,TL,60pct,MCAR,15,59942,0.1,5,,,,89910,89910,,,,/mnt/c/Users/daisl/Documents/Tullio/MISSDCEVEXP_ROW/data_scalability/row_scalability/tax/60pct/MCAR/0.1/5/clean.csv,/mnt/c/Users/daisl/Documents/Tullio/MISSDCEVEXP_ROW/data_scalability/row_scalability/tax/60pct/MCAR/0.1/5/dirty.csv,/mnt/c/Users/daisl/Documents/Tullio/MISSDCEVEXP_ROW/data_scalability/row_scalability/tax/60pct/MCAR/0.1/5/dirty_imputed.csv,None,
TRIARD,2026-09-11T00:00:00,TL,70pct,MCAR,15,69933,0.1,1,,,,104895,104895,,,,/mnt/c/Users/daisl/Documents/Tullio/MISSDCEVEXP_ROW/data_scalability/row_scalability/tax/70pct/MCAR/0.1/1/clean.csv,/mnt/c/Users/daisl/Documents/Tullio/MISSDCEVEXP_ROW/data_scalability/row_scalability/tax/70pct/MCAR/0.1/1/dirty.csv,/mnt/c/Users/daisl/Documents/Tullio/MISSDCEVEXP_ROW/data_scalability/row_scalability/tax/70pct/MCAR/0.1/1/dirty_imputed.csv,None,
TRIARD,2026-09-11T00:00:00,TL,70pct,MCAR,15,69933,0.1,2,,,,104895,104895,,,,/mnt/c/Users/daisl/Documents/Tullio/MISSDCEVEXP_ROW/data_scalability/row_scalability/tax/70pct/MCAR/0.1/2/clean.csv,/mnt/c/Users/daisl/Documents/Tullio/MISSDCEVEXP_ROW/data_scalability/row_scalability/tax/70pct/MCAR/0.1/2/dirty.csv,/mnt/c/Users/daisl/Documents/Tullio/MISSDCEVEXP_ROW/data_scalability/row_scalability/tax/70pct/MCAR/0.1/2/dirty_imputed.csv,None,
TRIARD,2026-09-11T00:00:00,TL,70pct,MCAR,15,69933,0.1,3,,,,104895,104895,,,,/mnt/c/Users/daisl/Documents/Tullio/MISSDCEVEXP_ROW/data_scalability/row_scalability/tax/70pct/MCAR/0.1/3/clean.csv,/mnt/c/Users/daisl/Documents/Tullio/MISSDCEVEXP_ROW/data_scalability/row_scalability/tax/70pct/MCAR/0.1/3/dirty.csv,/mnt/c/Users/daisl/Documents/Tullio/MISSDCEVEXP_ROW/data_scalability/row_scalability/tax/70pct/MCAR/0.1/3/dirty_imputed.csv,None,
TRIARD,2026-09-11T00:00:00,TL,70pct,MCAR,15,69933,0.1,4,,,,104895,104895,,,,/mnt/c/Users/daisl/Documents/Tullio/MISSDCEVEXP_ROW/data_scalability/row_scalability/tax/70pct/MCAR/0.1/4/clean.csv,/mnt/c/Users/daisl/Documents/Tullio/MISSDCEVEXP_ROW/data_scalability/row_scalability/tax/70pct/MCAR/0.1/4/dirty.csv,/mnt/c/Users/daisl/Documents/Tullio/MISSDCEVEXP_ROW/data_scalability/row_scalability/tax/70pct/MCAR/0.1/4/dirty_imputed.csv,None,
TRIARD,2026-09-11T00:00:00,TL,70pct,MCAR,15,69933,0.1,5,,,,104895,104895,,,,/mnt/c/Users/daisl/Documents/Tullio/MISSDCEVEXP_ROW/data_scalability/row_scalability/tax/70pct/MCAR/0.1/5/clean.csv,/mnt/c/Users/daisl/Documents/Tullio/MISSDCEVEXP_ROW/data_scalability/row_scalability/tax/70pct/MCAR/0.1/5/dirty.csv,/mnt/c/Users/daisl/Documents/Tullio/MISSDCEVEXP_ROW/data_scalability/row_scalability/tax/70pct/MCAR/0.1/5/dirty_imputed.csv,None,
TRIARD,2026-09-11T00:00:00,TL,80pct,MCAR,15,79923,0.1,1,,,,119880,119880,,,,/mnt/c/Users/daisl/Documents/Tullio/MISSDCEVEXP_ROW/data_scalability/row_scalability/tax/80pct/MCAR/0.1/1/clean.csv,/mnt/c/Users/daisl/Documents/Tullio/MISSDCEVEXP_ROW/data_scalability/row_scalability/tax/80pct/MCAR/0.1/1/dirty.csv,/mnt/c/Users/daisl/Documents/Tullio/MISSDCEVEXP_ROW/data_scalability/row_scalability/tax/80pct/MCAR/0.1/1/dirty_imputed.csv,None,
TRIARD,2026-09-11T00:00:00,TL,80pct,MCAR,15,79923,0.1,2,,,,119880,119880,,,,/mnt/c/Users/daisl/Documents/Tullio/MISSDCEVEXP_ROW/data_scalability/row_scalability/tax/80pct/MCAR/0.1/2/clean.csv,/mnt/c/Users/daisl/Documents/Tullio/MISSDCEVEXP_ROW/data_scalability/row_scalability/tax/80pct/MCAR/0.1/2/dirty.csv,/mnt/c/Users/daisl/Documents/Tullio/MISSDCEVEXP_ROW/data_scalability/row_scalability/tax/80pct/MCAR/0.1/2/dirty_imputed.csv,None,
TRIARD,2026-09-11T00:00:00,TL,80pct,MCAR,15,79923,0.1,3,,,,119880,119880,,,,/mnt/c/Users/daisl/Documents/Tullio/MISSDCEVEXP_ROW/data_scalability/row_scalability/tax/80pct/MCAR/0.1/3/clean.csv,/mnt/c/Users/daisl/Documents/Tullio/MISSDCEVEXP_ROW/data_scalability/row_scalability/tax/80pct/MCAR/0.1/3/dirty.csv,/mnt/c/Users/daisl/Documents/Tullio/MISSDCEVEXP_ROW/data_scalability/row_scalability/tax/80pct/MCAR/0.1/3/dirty_imputed.csv,None,
TRIARD,2026-09-11T00:00:00,TL,80pct,MCAR,15,79923,0.1,4,,,,119880,119880,,,,/mnt/c/Users/daisl/Documents/Tullio/MISSDCEVEXP_ROW/data_scalability/row_scalability/tax/80pct/MCAR/0.1/4/clean.csv,/mnt/c/Users/daisl/Documents/Tullio/MISSDCEVEXP_ROW/data_scalability/row_scalability/tax/80pct/MCAR/0.1/4/dirty.csv,/mnt/c/Users/daisl/Documents/Tullio/MISSDCEVEXP_ROW/data_scalability/row_scalability/tax/80pct/MCAR/0.1/4/dirty_imputed.csv,None,
TRIARD,2026-09-11T00:00:00,TL,80pct,MCAR,15,79923,0.1,5,,,,119880,119880,,,,/mnt/c/Users/daisl/Documents/Tullio/MISSDCEVEXP_ROW/data_scalability/row_scalability/tax/80pct/MCAR/0.1/5/clean.csv,/mnt/c/Users/daisl/Documents/Tullio/MISSDCEVEXP_ROW/data_scalability/row_scalability/tax/80pct/MCAR/0.1/5/dirty.csv,/mnt/c/Users/daisl/Documents/Tullio/MISSDCEVEXP_ROW/data_scalability/row_scalability/tax/80pct/MCAR/0.1/5/dirty_imputed.csv,None,
TRIARD,2026-09-11T00:00:00,TL,90pct,MCAR,15,89914,0.1,1,,,,134865,134865,,,,/mnt/c/Users/daisl/Documents/Tullio/MISSDCEVEXP_ROW/data_scalability/row_scalability/tax/90pct/MCAR/0.1/1/clean.csv,/mnt/c/Users/daisl/Documents/Tullio/MISSDCEVEXP_ROW/data_scalability/row_scalability/tax/90pct/MCAR/0.1/1/dirty.csv,/mnt/c/Users/daisl/Documents/Tullio/MISSDCEVEXP_ROW/data_scalability/row_scalability/tax/90pct/MCAR/0.1/1/dirty_imputed.csv,None,
TRIARD,2026-09-11T00:00:00,TL,90pct,MCAR,15,89914,0.1,2,,,,134865,134865,,,,/mnt/c/Users/daisl/Documents/Tullio/MISSDCEVEXP_ROW/data_scalability/row_scalability/tax/90pct/MCAR/0.1/2/clean.csv,/mnt/c/Users/daisl/Documents/Tullio/MISSDCEVEXP_ROW/data_scalability/row_scalability/tax/90pct/MCAR/0.1/2/dirty.csv,/mnt/c/Users/daisl/Documents/Tullio/MISSDCEVEXP_ROW/data_scalability/row_scalability/tax/90pct/MCAR/0.1/2/dirty_imputed.csv,None,
TRIARD,2026-09-11T00:00:00,TL,90pct,MCAR,15,89914,0.1,3,,,,134865,134865,,,,/mnt/c/Users/daisl/Documents/Tullio/MISSDCEVEXP_ROW/data_scalability/row_scalability/tax/90pct/MCAR/0.1/3/clean.csv,/mnt/c/Users/daisl/Documents/Tullio/MISSDCEVEXP_ROW/data_scalability/row_scalability/tax/90pct/MCAR/0.1/3/dirty.csv,/mnt/c/Users/daisl/Documents/Tullio/MISSDCEVEXP_ROW/data_scalability/row_scalability/tax/90pct/MCAR/0.1/3/dirty_imputed.csv,None,
TRIARD,2026-09-11T00:00:00,TL,90pct,MCAR,15,89914,0.1,4,,,,134865,134865,,,,/mnt/c/Users/daisl/Documents/Tullio/MISSDCEVEXP_ROW/data_scalability/row_scalability/tax/90pct/MCAR/0.1/4/clean.csv,/mnt/c/Users/daisl/Documents/Tullio/MISSDCEVEXP_ROW/data_scalability/row_scalability/tax/90pct/MCAR/0.1/4/dirty.csv,/mnt/c/Users/daisl/Documents/Tullio/MISSDCEVEXP_ROW/data_scalability/row_scalability/tax/90pct/MCAR/0.1/4/dirty_imputed.csv,None,
TRIARD,2026-09-11T00:00:00,TL,90pct,MCAR,15,89914,0.1,5,,,,134865,134865,,,,/mnt/c/Users/daisl/Documents/Tullio/MISSDCEVEXP_ROW/data_scalability/row_scalability/tax/90pct/MCAR/0.1/5/clean.csv,/mnt/c/Users/daisl/Documents/Tullio/MISSDCEVEXP_ROW/data_scalability/row_scalability/tax/90pct/MCAR/0.1/5/dirty.csv,/mnt/c/Users/daisl/Documents/Tullio/MISSDCEVEXP_ROW/data_scalability/row_scalability/tax/90pct/MCAR/0.1/5/dirty_imputed.csv,None,
TRIARD,2026-09-15T09:48:11,ok,1,MCAR,7,10000,0.1,1,1.0,0.6506,0.7883,7000,2446,,426.8918,0.5948,/mnt/c/Users/daisl/Documents/Tullio/MISSDCEVEXP_COL/data_scalability/column_scalability/flights/7cols/1/MCAR/0.1/1/clean.csv,/mnt/c/Users/daisl/Documents/Tullio/MISSDCEVEXP_COL/data_scalability/column_scalability/flights/7cols/1/MCAR/0.1/1/dirty.csv,/mnt/c/Users/daisl/Documents/Tullio/MISSDCEVEXP_COL/data_scalability/column_scalability/flights/7cols/1/MCAR/0.1/1/dirty_imputed.csv,None,
TRIARD,2026-09-15T09:55:19,ok,1,MCAR,7,10000,0.1,2,1.0,0.6357,0.7773,7000,2550,,424.4356,0.5748,/mnt/c/Users/daisl/Documents/Tullio/MISSDCEVEXP_COL/data_scalability/column_scalability/flights/7cols/1/MCAR/0.1/2/clean.csv,/mnt/c/Users/daisl/Documents/Tullio/MISSDCEVEXP_COL/data_scalability/column_scalability/flights/7cols/1/MCAR/0.1/2/dirty.csv,/mnt/c/Users/daisl/Documents/Tullio/MISSDCEVEXP_COL/data_scalability/column_scalability/flights/7cols/1/MCAR/0.1/2/dirty_imputed.csv,None,
TRIARD,2026-09-15T10:02:24,ok,1,MCAR,7,10000,0.1,3,1.0,0.6511,0.7887,7000,2442,,435.6276,0.5278,/mnt/c/Users/daisl/Documents/Tullio/MISSDCEVEXP_COL/data_scalability/column_scalability/flights/7cols/1/MCAR/0.1/3/clean.csv,/mnt/c/Users/daisl/Documents/Tullio/MISSDCEVEXP_COL/data_scalability/column_scalability/flights/7cols/1/MCAR/0.1/3/dirty.csv,/mnt/c/Users/daisl/Documents/Tullio/MISSDCEVEXP_COL/data_scalability/column_scalability/flights/7cols/1/MCAR/0.1/3/dirty_imputed.csv,None,
TRIARD,2026-09-15T10:09:40,ok,1,MCAR,7,10000,0.1,4,1.0,0.6313,0.774,7000,2581,,427.4028,0.5185,/mnt/c/Users/daisl/Documents/Tullio/MISSDCEVEXP_COL/data_scalability/column_scalability/flights/7cols/1/MCAR/0.1/4/clean.csv,/mnt/c/Users/daisl/Documents/Tullio/MISSDCEVEXP_COL/data_scalability/column_scalability/flights/7cols/1/MCAR/0.1/4/dirty.csv,/mnt/c/Users/daisl/Documents/Tullio/MISSDCEVEXP_COL/data_scalability/column_scalability/flights/7cols/1/MCAR/0.1/4/dirty_imputed.csv,None,
TRIARD,2026-09-15T10:16:48,ok,1,MCAR,7,10000,0.1,5,1.0,0.644,0.7835,7000,2492,,379.3037,0.5547,/mnt/c/Users/daisl/Documents/Tullio/MISSDCEVEXP_COL/data_scalability/column_scalability/flights/7cols/1/MCAR/0.1/5/clean.csv,/mnt/c/Users/daisl/Documents/Tullio/MISSDCEVEXP_COL/data_scalability/column_scalability/flights/7cols/1/MCAR/0.1/5/dirty.csv,/mnt/c/Users/daisl/Documents/Tullio/MISSDCEVEXP_COL/data_scalability/column_scalability/flights/7cols/1/MCAR/0.1/5/dirty_imputed.csv,None,
TRIARD,2026-09-15T10:23:08,ok,10,MCAR,7,10000,0.1,1,0.9959,0.5596,0.7165,7000,3067,,939.7164,0.4874,/mnt/c/Users/daisl/Documents/Tullio/MISSDCEVEXP_COL/data_scalability/column_scalability/flights/7cols/10/MCAR/0.1/1/clean.csv,/mnt/c/Users/daisl/Documents/Tullio/MISSDCEVEXP_COL/data_scalability/column_scalability/flights/7cols/10/MCAR/0.1/1/dirty.csv,/mnt/c/Users/daisl/Documents/Tullio/MISSDCEVEXP_COL/data_scalability/column_scalability/flights/7cols/10/MCAR/0.1/1/dirty_imputed.csv,None,
TRIARD,2026-09-15T10:38:48,ok,10,MCAR,7,10000,0.1,2,0.9997,0.5659,0.7227,7000,3038,,1192.9428,0.5253,/mnt/c/Users/daisl/Documents/Tullio/MISSDCEVEXP_COL/data_scalability/column_scalability/flights/7cols/10/MCAR/0.1/2/clean.csv,/mnt/c/Users/daisl/Documents/Tullio/MISSDCEVEXP_COL/data_scalability/column_scalability/flights/7cols/10/MCAR/0.1/2/dirty.csv,/mnt/c/Users/daisl/Documents/Tullio/MISSDCEVEXP_COL/data_scalability/column_scalability/flights/7cols/10/MCAR/0.1/2/dirty_imputed.csv,None,
TRIARD,2026-09-15T10:58:41,ok,10,MCAR,7,10000,0.1,3,0.998,0.564,0.7207,7000,3044,,1129.261,0.5885,/mnt/c/Users/daisl/Documents/Tullio/MISSDCEVEXP_COL/data_scalability/column_scalability/flights/7cols/10/MCAR/0.1/3/clean.csv,/mnt/c/Users/daisl/Documents/Tullio/MISSDCEVEXP_COL/data_scalability/column_scalability/flights/7cols/10/MCAR/0.1/3/dirty.csv,/mnt/c/Users/daisl/Documents/Tullio/MISSDCEVEXP_COL/data_scalability/column_scalability/flights/7cols/10/MCAR/0.1/3/dirty_imputed.csv,None,
TRIARD,2026-09-15T11:17:31,ok,10,MCAR,7,10000,0.1,4,0.9956,0.554,0.7119,7000,3105,,881.4683,0.5043,/mnt/c/Users/daisl/Documents/Tullio/MISSDCEVEXP_COL/data_scalability/column_scalability/flights/7cols/10/MCAR/0.1/4/clean.csv,/mnt/c/Users/daisl/Documents/Tullio/MISSDCEVEXP_COL/data_scalability/column_scalability/flights/7cols/10/MCAR/0.1/4/dirty.csv,/mnt/c/Users/daisl/Documents/Tullio/MISSDCEVEXP_COL/data_scalability/column_scalability/flights/7cols/10/MCAR/0.1/4/dirty_imputed.csv,None,
TRIARD,2026-09-15T11:32:13,ok,10,MCAR,7,10000,0.1,5,0.9975,0.5801,0.7336,7000,2929,,1023.1158,0.5708,/mnt/c/Users/daisl/Documents/Tullio/MISSDCEVEXP_COL/data_scalability/column_scalability/flights/7cols/10/MCAR/0.1/5/clean.csv,/mnt/c/Users/daisl/Documents/Tullio/MISSDCEVEXP_COL/data_scalability/column_scalability/flights/7cols/10/MCAR/0.1/5/dirty.csv,/mnt/c/Users/daisl/Documents/Tullio/MISSDCEVEXP_COL/data_scalability/column_scalability/flights/7cols/10/MCAR/0.1/5/dirty_imputed.csv,None,
TRIARD,2026-09-15T11:49:17,ok,2,MCAR,7,10000,0.1,1,1.0,0.7819,0.8776,7000,1527,,324.792,0.5147,/mnt/c/Users/daisl/Documents/Tullio/MISSDCEVEXP_COL/data_scalability/column_scalability/flights/7cols/2/MCAR/0.1/1/clean.csv,/mnt/c/Users/daisl/Documents/Tullio/MISSDCEVEXP_COL/data_scalability/column_scalability/flights/7cols/2/MCAR/0.1/1/dirty.csv,/mnt/c/Users/daisl/Documents/Tullio/MISSDCEVEXP_COL/data_scalability/column_scalability/flights/7cols/2/MCAR/0.1/1/dirty_imputed.csv,None,
TRIARD,2026-09-15T11:54:42,ok,2,MCAR,7,10000,0.1,2,1.0,0.7784,0.8754,7000,1551,,315.3033,0.4985,/mnt/c/Users/daisl/Documents/Tullio/MISSDCEVEXP_COL/data_scalability/column_scalability/flights/7cols/2/MCAR/0.1/2/clean.csv,/mnt/c/Users/daisl/Documents/Tullio/MISSDCEVEXP_COL/data_scalability/column_scalability/flights/7cols/2/MCAR/0.1/2/dirty.csv,/mnt/c/Users/daisl/Documents/Tullio/MISSDCEVEXP_COL/data_scalability/column_scalability/flights/7cols/2/MCAR/0.1/2/dirty_imputed.csv,None,
TRIARD,2026-09-15T11:59:58,ok,2,MCAR,7,10000,0.1,3,1.0,0.7924,0.8842,7000,1453,,311.5053,0.5359,/mnt/c/Users/daisl/Documents/Tullio/MISSDCEVEXP_COL/data_scalability/column_scalability/flights/7cols/2/MCAR/0.1/3/clean.csv,/mnt/c/Users/daisl/Documents/Tullio/MISSDCEVEXP_COL/data_scalability/column_scalability/flights/7cols/2/MCAR/0.1/3/dirty.csv,/mnt/c/Users/daisl/Documents/Tullio/MISSDCEVEXP_COL/data_scalability/column_scalability/flights/7cols/2/MCAR/0.1/3/dirty_imputed.csv,None,
TRIARD,2026-09-15T12:05:10,ok,2,MCAR,7,10000,0.1,4,1.0,0.7769,0.8744,7000,1562,,292.7085,0.5332,/mnt/c/Users/daisl/Documents/Tullio/MISSDCEVEXP_COL/data_scalability/column_scalability/flights/7cols/2/MCAR/0.1/4/clean.csv,/mnt/c/Users/daisl/Documents/Tullio/MISSDCEVEXP_COL/data_scalability/column_scalability/flights/7cols/2/MCAR/0.1/4/dirty.csv,/mnt/c/Users/daisl/Documents/Tullio/MISSDCEVEXP_COL/data_scalability/column_scalability/flights/7cols/2/MCAR/0.1/4/dirty_imputed.csv,None,
TRIARD,2026-09-15T12:10:04,ok,2,MCAR,7,10000,0.1,5,1.0,0.8043,0.8915,7000,1370,,293.9816,0.5355,/mnt/c/Users/daisl/Documents/Tullio/MISSDCEVEXP_COL/data_scalability/column_scalability/flights/7cols/2/MCAR/0.1/5/clean.csv,/mnt/c/Users/daisl/Documents/Tullio/MISSDCEVEXP_COL/data_scalability/column_scalability/flights/7cols/2/MCAR/0.1/5/dirty.csv,/mnt/c/Users/daisl/Documents/Tullio/MISSDCEVEXP_COL/data_scalability/column_scalability/flights/7cols/2/MCAR/0.1/5/dirty_imputed.csv,None,
TRIARD,2026-09-15T12:14:58,ok,3,MCAR,7,10000,0.1,1,1.0,0.5116,0.6769,7000,3419,,725.2019,0.5506,/mnt/c/Users/daisl/Documents/Tullio/MISSDCEVEXP_COL/data_scalability/column_scalability/flights/7cols/3/MCAR/0.1/1/clean.csv,/mnt/c/Users/daisl/Documents/Tullio/MISSDCEVEXP_COL/data_scalability/column_scalability/flights/7cols/3/MCAR/0.1/1/dirty.csv,/mnt/c/Users/daisl/Documents/Tullio/MISSDCEVEXP_COL/data_scalability/column_scalability/flights/7cols/3/MCAR/0.1/1/dirty_imputed.csv,None,
TRIARD,2026-09-15T12:27:04,ok,3,MCAR,7,10000,0.1,2,0.9997,0.5494,0.7091,7000,3153,,690.1766,0.509,/mnt/c/Users/daisl/Documents/Tullio/MISSDCEVEXP_COL/data_scalability/column_scalability/flights/7cols/3/MCAR/0.1/2/clean.csv,/mnt/c/Users/daisl/Documents/Tullio/MISSDCEVEXP_COL/data_scalability/column_scalability/flights/7cols/3/MCAR/0.1/2/dirty.csv,/mnt/c/Users/daisl/Documents/Tullio/MISSDCEVEXP_COL/data_scalability/column_scalability/flights/7cols/3/MCAR/0.1/2/dirty_imputed.csv,None,
TRIARD,2026-09-15T12:38:35,ok,3,MCAR,7,10000,0.1,3,1.0,0.5276,0.6907,7000,3307,,647.7869,0.6015,/mnt/c/Users/daisl/Documents/Tullio/MISSDCEVEXP_COL/data_scalability/column_scalability/flights/7cols/3/MCAR/0.1/3/clean.csv,/mnt/c/Users/daisl/Documents/Tullio/MISSDCEVEXP_COL/data_scalability/column_scalability/flights/7cols/3/MCAR/0.1/3/dirty.csv,/mnt/c/Users/daisl/Documents/Tullio/MISSDCEVEXP_COL/data_scalability/column_scalability/flights/7cols/3/MCAR/0.1/3/dirty_imputed.csv,None,
TRIARD,2026-09-15T12:49:23,ok,3,MCAR,7,10000,0.1,4,1.0,0.5147,0.6796,7000,3397,,666.1841,0.5132,/mnt/c/Users/daisl/Documents/Tullio/MISSDCEVEXP_COL/data_scalability/column_scalability/flights/7cols/3/MCAR/0.1/4/clean.csv,/mnt/c/Users/daisl/Documents/Tullio/MISSDCEVEXP_COL/data_scalability/column_scalability/flights/7cols/3/MCAR/0.1/4/dirty.csv,/mnt/c/Users/daisl/Documents/Tullio/MISSDCEVEXP_COL/data_scalability/column_scalability/flights/7cols/3/MCAR/0.1/4/dirty_imputed.csv,None,
TRIARD,2026-09-15T13:00:30,ok,3,MCAR,7,10000,0.1,5,0.9997,0.5354,0.6974,7000,3251,,814.2246,0.586,/mnt/c/Users/daisl/Documents/Tullio/MISSDCEVEXP_COL/data_scalability/column_scalability/flights/7cols/3/MCAR/0.1/5/clean.csv,/mnt/c/Users/daisl/Documents/Tullio/MISSDCEVEXP_COL/data_scalability/column_scalability/flights/7cols/3/MCAR/0.1/5/dirty.csv,/mnt/c/Users/daisl/Documents/Tullio/MISSDCEVEXP_COL/data_scalability/column_scalability/flights/7cols/3/MCAR/0.1/5/dirty_imputed.csv,None,
TRIARD,2026-09-15T13:14:05,ok,4,MCAR,7,10000,0.1,1,1.0,0.6481,0.7865,7000,2463,,333.8098,0.501,/mnt/c/Users/daisl/Documents/Tullio/MISSDCEVEXP_COL/data_scalability/column_scalability/flights/7cols/4/MCAR/0.1/1/clean.csv,/mnt/c/Users/daisl/Documents/Tullio/MISSDCEVEXP_COL/data_scalability/column_scalability/flights/7cols/4/MCAR/0.1/1/dirty.csv,/mnt/c/Users/daisl/Documents/Tullio/MISSDCEVEXP_COL/data_scalability/column_scalability/flights/7cols/4/MCAR/0.1/1/dirty_imputed.csv,None,
TRIARD,2026-09-15T13:19:39,ok,4,MCAR,7,10000,0.1,2,1.0,0.6511,0.7887,7000,2442,,371.5175,1.1114,/mnt/c/Users/daisl/Documents/Tullio/MISSDCEVEXP_COL/data_scalability/column_scalability/flights/7cols/4/MCAR/0.1/2/clean.csv,/mnt/c/Users/daisl/Documents/Tullio/MISSDCEVEXP_COL/data_scalability/column_scalability/flights/7cols/4/MCAR/0.1/2/dirty.csv,/mnt/c/Users/daisl/Documents/Tullio/MISSDCEVEXP_COL/data_scalability/column_scalability/flights/7cols/4/MCAR/0.1/2/dirty_imputed.csv,None,
TRIARD,2026-09-15T13:25:52,ok,4,MCAR,7,10000,0.1,3,1.0,0.6443,0.7837,7000,2490,,377.4697,0.5058,/mnt/c/Users/daisl/Documents/Tullio/MISSDCEVEXP_COL/data_scalability/column_scalability/flights/7cols/4/MCAR/0.1/3/clean.csv,/mnt/c/Users/daisl/Documents/Tullio/MISSDCEVEXP_COL/data_scalability/column_scalability/flights/7cols/4/MCAR/0.1/3/dirty.csv,/mnt/c/Users/daisl/Documents/Tullio/MISSDCEVEXP_COL/data_scalability/column_scalability/flights/7cols/4/MCAR/0.1/3/dirty_imputed.csv,None,
TRIARD,2026-09-15T13:32:10,ok,4,MCAR,7,10000,0.1,4,1.0,0.6461,0.785,7000,2477,,368.4016,0.5276,/mnt/c/Users/daisl/Documents/Tullio/MISSDCEVEXP_COL/data_scalability/column_scalability/flights/7cols/4/MCAR/0.1/4/clean.csv,/mnt/c/Users/daisl/Documents/Tullio/MISSDCEVEXP_COL/data_scalability/column_scalability/flights/7cols/4/MCAR/0.1/4/dirty.csv,/mnt/c/Users/daisl/Documents/Tullio/MISSDCEVEXP_COL/data_scalability/column_scalability/flights/7cols/4/MCAR/0.1/4/dirty_imputed.csv,None,
TRIARD,2026-09-15T13:38:19,ok,4,MCAR,7,10000,0.1,5,0.9998,0.6494,0.7874,7000,2453,,358.5688,0.4937,/mnt/c/Users/daisl/Documents/Tullio/MISSDCEVEXP_COL/data_scalability/column_scalability/flights/7cols/4/MCAR/0.1/5/clean.csv,/mnt/c/Users/daisl/Documents/Tullio/MISSDCEVEXP_COL/data_scalability/column_scalability/flights/7cols/4/MCAR/0.1/5/dirty.csv,/mnt/c/Users/daisl/Documents/Tullio/MISSDCEVEXP_COL/data_scalability/column_scalability/flights/7cols/4/MCAR/0.1/5/dirty_imputed.csv,None,
TRIARD,2026-09-15T13:44:18,ok,5,MCAR,7,10000,0.1,1,1.0,0.525,0.6885,7000,3325,,618.2469,0.5288,/mnt/c/Users/daisl/Documents/Tullio/MISSDCEVEXP_COL/data_scalability/column_scalability/flights/7cols/5/MCAR/0.1/1/clean.csv,/mnt/c/Users/daisl/Documents/Tullio/MISSDCEVEXP_COL/data_scalability/column_scalability/flights/7cols/5/MCAR/0.1/1/dirty.csv,/mnt/c/Users/daisl/Documents/Tullio/MISSDCEVEXP_COL/data_scalability/column_scalability/flights/7cols/5/MCAR/0.1/1/dirty_imputed.csv,None,
TRIARD,2026-09-15T13:54:37,ok,5,MCAR,7,10000,0.1,2,1.0,0.502,0.6684,7000,3486,,755.6163,0.5695,/mnt/c/Users/daisl/Documents/Tullio/MISSDCEVEXP_COL/data_scalability/column_scalability/flights/7cols/5/MCAR/0.1/2/clean.csv,/mnt/c/Users/daisl/Documents/Tullio/MISSDCEVEXP_COL/data_scalability/column_scalability/flights/7cols/5/MCAR/0.1/2/dirty.csv,/mnt/c/Users/daisl/Documents/Tullio/MISSDCEVEXP_COL/data_scalability/column_scalability/flights/7cols/5/MCAR/0.1/2/dirty_imputed.csv,None,
TRIARD,2026-09-15T14:07:13,ok,5,MCAR,7,10000,0.1,3,1.0,0.5194,0.6837,7000,3364,,616.9682,0.5534,/mnt/c/Users/daisl/Documents/Tullio/MISSDCEVEXP_COL/data_scalability/column_scalability/flights/7cols/5/MCAR/0.1/3/clean.csv,/mnt/c/Users/daisl/Documents/Tullio/MISSDCEVEXP_COL/data_scalability/column_scalability/flights/7cols/5/MCAR/0.1/3/dirty.csv,/mnt/c/Users/daisl/Documents/Tullio/MISSDCEVEXP_COL/data_scalability/column_scalability/flights/7cols/5/MCAR/0.1/3/dirty_imputed.csv,None,
TRIARD,2026-09-15T14:17:31,ok,5,MCAR,7,10000,0.1,4,1.0,0.5251,0.6886,7000,3324,,755.2101,0.5385,/mnt/c/Users/daisl/Documents/Tullio/MISSDCEVEXP_COL/data_scalability/column_scalability/flights/7cols/5/MCAR/0.1/4/clean.csv,/mnt/c/Users/daisl/Documents/Tullio/MISSDCEVEXP_COL/data_scalability/column_scalability/flights/7cols/5/MCAR/0.1/4/dirty.csv,/mnt/c/Users/daisl/Documents/Tullio/MISSDCEVEXP_COL/data_scalability/column_scalability/flights/7cols/5/MCAR/0.1/4/dirty_imputed.csv,None,
TRIARD,2026-09-15T14:30:06,ok,5,MCAR,7,10000,0.1,5,1.0,0.5271,0.6904,7000,3310,,796.6951,0.5295,/mnt/c/Users/daisl/Documents/Tullio/MISSDCEVEXP_COL/data_scalability/column_scalability/flights/7cols/5/MCAR/0.1/5/clean.csv,/mnt/c/Users/daisl/Documents/Tullio/MISSDCEVEXP_COL/data_scalability/column_scalability/flights/7cols/5/MCAR/0.1/5/dirty.csv,/mnt/c/Users/daisl/Documents/Tullio/MISSDCEVEXP_COL/data_scalability/column_scalability/flights/7cols/5/MCAR/0.1/5/dirty_imputed.csv,None,
TRIARD,2026-09-15T14:43:24,ok,6,MCAR,7,10000,0.1,1,0.8546,0.7067,0.7736,7000,1211,,351.3422,0.5954,/mnt/c/Users/daisl/Documents/Tullio/MISSDCEVEXP_COL/data_scalability/column_scalability/flights/7cols/6/MCAR/0.1/1/clean.csv,/mnt/c/Users/daisl/Documents/Tullio/MISSDCEVEXP_COL/data_scalability/column_scalability/flights/7cols/6/MCAR/0.1/1/dirty.csv,/mnt/c/Users/daisl/Documents/Tullio/MISSDCEVEXP_COL/data_scalability/column_scalability/flights/7cols/6/MCAR/0.1/1/dirty_imputed.csv,None,
TRIARD,2026-09-15T14:49:16,ok,6,MCAR,7,10000,0.1,2,0.8571,0.7054,0.7739,7000,1239,,335.9566,0.5206,/mnt/c/Users/daisl/Documents/Tullio/MISSDCEVEXP_COL/data_scalability/column_scalability/flights/7cols/6/MCAR/0.1/2/clean.csv,/mnt/c/Users/daisl/Documents/Tullio/MISSDCEVEXP_COL/data_scalability/column_scalability/flights/7cols/6/MCAR/0.1/2/dirty.csv,/mnt/c/Users/daisl/Documents/Tullio/MISSDCEVEXP_COL/data_scalability/column_scalability/flights/7cols/6/MCAR/0.1/2/dirty_imputed.csv,None,
TRIARD,2026-09-15T14:54:52,ok,6,MCAR,7,10000,0.1,3,0.8513,0.7026,0.7698,7000,1223,,362.6734,0.6328,/mnt/c/Users/daisl/Documents/Tullio/MISSDCEVEXP_COL/data_scalability/column_scalability/flights/7cols/6/MCAR/0.1/3/clean.csv,/mnt/c/Users/daisl/Documents/Tullio/MISSDCEVEXP_COL/data_scalability/column_scalability/flights/7cols/6/MCAR/0.1/3/dirty.csv,/mnt/c/Users/daisl/Documents/Tullio/MISSDCEVEXP_COL/data_scalability/column_scalability/flights/7cols/6/MCAR/0.1/3/dirty_imputed.csv,None,
TRIARD,2026-09-15T15:00:55,ok,6,MCAR,7,10000,0.1,4,0.8565,0.7051,0.7735,7000,1237,,372.2875,0.5366,/mnt/c/Users/daisl/Documents/Tullio/MISSDCEVEXP_COL/data_scalability/column_scalability/flights/7cols/6/MCAR/0.1/4/clean.csv,/mnt/c/Users/daisl/Documents/Tullio/MISSDCEVEXP_COL/data_scalability/column_scalability/flights/7cols/6/MCAR/0.1/4/dirty.csv,/mnt/c/Users/daisl/Documents/Tullio/MISSDCEVEXP_COL/data_scalability/column_scalability/flights/7cols/6/MCAR/0.1/4/dirty_imputed.csv,None,
TRIARD,2026-09-15T15:07:08,ok,6,MCAR,7,10000,0.1,5,0.8522,0.6987,0.7679,7000,1261,,386.2272,0.556,/mnt/c/Users/daisl/Documents/Tullio/MISSDCEVEXP_COL/data_scalability/column_scalability/flights/7cols/6/MCAR/0.1/5/clean.csv,/mnt/c/Users/daisl/Documents/Tullio/MISSDCEVEXP_COL/data_scalability/column_scalability/flights/7cols/6/MCAR/0.1/5/dirty.csv,/mnt/c/Users/daisl/Documents/Tullio/MISSDCEVEXP_COL/data_scalability/column_scalability/flights/7cols/6/MCAR/0.1/5/dirty_imputed.csv,None,
TRIARD,2026-09-15T15:13:35,ok,7,MCAR,7,10000,0.1,1,0.9997,0.5111,0.6764,7000,3421,,387.7548,0.5108,/mnt/c/Users/daisl/Documents/Tullio/MISSDCEVEXP_COL/data_scalability/column_scalability/flights/7cols/7/MCAR/0.1/1/clean.csv,/mnt/c/Users/daisl/Documents/Tullio/MISSDCEVEXP_COL/data_scalability/column_scalability/flights/7cols/7/MCAR/0.1/1/dirty.csv,/mnt/c/Users/daisl/Documents/Tullio/MISSDCEVEXP_COL/data_scalability/column_scalability/flights/7cols/7/MCAR/0.1/1/dirty_imputed.csv,None,
TRIARD,2026-09-15T15:20:03,ok,7,MCAR,7,10000,0.1,2,1.0,0.5157,0.6805,7000,3390,,373.5316,0.5224,/mnt/c/Users/daisl/Documents/Tullio/MISSDCEVEXP_COL/data_scalability/column_scalability/flights/7cols/7/MCAR/0.1/2/clean.csv,/mnt/c/Users/daisl/Documents/Tullio/MISSDCEVEXP_COL/data_scalability/column_scalability/flights/7cols/7/MCAR/0.1/2/dirty.csv,/mnt/c/Users/daisl/Documents/Tullio/MISSDCEVEXP_COL/data_scalability/column_scalability/flights/7cols/7/MCAR/0.1/2/dirty_imputed.csv,None,
TRIARD,2026-09-15T15:26:18,ok,7,MCAR,7,10000,0.1,3,1.0,0.5359,0.6978,7000,3249,,423.612,0.5112,/mnt/c/Users/daisl/Documents/Tullio/MISSDCEVEXP_COL/data_scalability/column_scalability/flights/7cols/7/MCAR/0.1/3/clean.csv,/mnt/c/Users/daisl/Documents/Tullio/MISSDCEVEXP_COL/data_scalability/column_scalability/flights/7cols/7/MCAR/0.1/3/dirty.csv,/mnt/c/Users/daisl/Documents/Tullio/MISSDCEVEXP_COL/data_scalability/column_scalability/flights/7cols/7/MCAR/0.1/3/dirty_imputed.csv,None,
TRIARD,2026-09-15T15:33:22,ok,7,MCAR,7,10000,0.1,4,1.0,0.5374,0.6991,7000,3238,,319.5375,0.5607,/mnt/c/Users/daisl/Documents/Tullio/MISSDCEVEXP_COL/data_scalability/column_scalability/flights/7cols/7/MCAR/0.1/4/clean.csv,/mnt/c/Users/daisl/Documents/Tullio/MISSDCEVEXP_COL/data_scalability/column_scalability/flights/7cols/7/MCAR/0.1/4/dirty.csv,/mnt/c/Users/daisl/Documents/Tullio/MISSDCEVEXP_COL/data_scalability/column_scalability/flights/7cols/7/MCAR/0.1/4/dirty_imputed.csv,None,
TRIARD,2026-09-15T15:38:42,ok,7,MCAR,7,10000,0.1,5,1.0,0.5397,0.7011,7000,3222,,400.8525,0.5274,/mnt/c/Users/daisl/Documents/Tullio/MISSDCEVEXP_COL/data_scalability/column_scalability/flights/7cols/7/MCAR/0.1/5/clean.csv,/mnt/c/Users/daisl/Documents/Tullio/MISSDCEVEXP_COL/data_scalability/column_scalability/flights/7cols/7/MCAR/0.1/5/dirty.csv,/mnt/c/Users/daisl/Documents/Tullio/MISSDCEVEXP_COL/data_scalability/column_scalability/flights/7cols/7/MCAR/0.1/5/dirty_imputed.csv,None,
TRIARD,2026-09-15T15:45:23,ok,8,MCAR,7,10000,0.1,1,1.0,0.5637,0.721,7000,3054,,371.1855,0.5341,/mnt/c/Users/daisl/Documents/Tullio/MISSDCEVEXP_COL/data_scalability/column_scalability/flights/7cols/8/MCAR/0.1/1/clean.csv,/mnt/c/Users/daisl/Documents/Tullio/MISSDCEVEXP_COL/data_scalability/column_scalability/flights/7cols/8/MCAR/0.1/1/dirty.csv,/mnt/c/Users/daisl/Documents/Tullio/MISSDCEVEXP_COL/data_scalability/column_scalability/flights/7cols/8/MCAR/0.1/1/dirty_imputed.csv,None,
TRIARD,2026-09-15T15:51:35,ok,8,MCAR,7,10000,0.1,2,1.0,0.5626,0.7201,7000,3062,,386.2698,0.5278,/mnt/c/Users/daisl/Documents/Tullio/MISSDCEVEXP_COL/data_scalability/column_scalability/flights/7cols/8/MCAR/0.1/2/clean.csv,/mnt/c/Users/daisl/Documents/Tullio/MISSDCEVEXP_COL/data_scalability/column_scalability/flights/7cols/8/MCAR/0.1/2/dirty.csv,/mnt/c/Users/daisl/Documents/Tullio/MISSDCEVEXP_COL/data_scalability/column_scalability/flights/7cols/8/MCAR/0.1/2/dirty_imputed.csv,None,
TRIARD,2026-09-15T15:58:02,ok,8,MCAR,7,10000,0.1,3,1.0,0.5486,0.7085,7000,3160,,430.2721,0.5348,/mnt/c/Users/daisl/Documents/Tullio/MISSDCEVEXP_COL/data_scalability/column_scalability/flights/7cols/8/MCAR/0.1/3/clean.csv,/mnt/c/Users/daisl/Documents/Tullio/MISSDCEVEXP_COL/data_scalability/column_scalability/flights/7cols/8/MCAR/0.1/3/dirty.csv,/mnt/c/Users/daisl/Documents/Tullio/MISSDCEVEXP_COL/data_scalability/column_scalability/flights/7cols/8/MCAR/0.1/3/dirty_imputed.csv,None,
TRIARD,2026-09-15T16:05:13,ok,8,MCAR,7,10000,0.1,4,1.0,0.5271,0.6904,7000,3310,,386.6814,0.5411,/mnt/c/Users/daisl/Documents/Tullio/MISSDCEVEXP_COL/data_scalability/column_scalability/flights/7cols/8/MCAR/0.1/4/clean.csv,/mnt/c/Users/daisl/Documents/Tullio/MISSDCEVEXP_COL/data_scalability/column_scalability/flights/7cols/8/MCAR/0.1/4/dirty.csv,/mnt/c/Users/daisl/Documents/Tullio/MISSDCEVEXP_COL/data_scalability/column_scalability/flights/7cols/8/MCAR/0.1/4/dirty_imputed.csv,None,
TRIARD,2026-09-15T16:11:40,ok,8,MCAR,7,10000,0.1,5,1.0,0.5641,0.7213,7000,3051,,394.8802,0.522,/mnt/c/Users/daisl/Documents/Tullio/MISSDCEVEXP_COL/data_scalability/column_scalability/flights/7cols/8/MCAR/0.1/5/clean.csv,/mnt/c/Users/daisl/Documents/Tullio/MISSDCEVEXP_COL/data_scalability/column_scalability/flights/7cols/8/MCAR/0.1/5/dirty.csv,/mnt/c/Users/daisl/Documents/Tullio/MISSDCEVEXP_COL/data_scalability/column_scalability/flights/7cols/8/MCAR/0.1/5/dirty_imputed.csv,None,
TRIARD,2026-09-15T16:18:15,ok,9,MCAR,7,10000,0.1,1,1.0,0.6647,0.7986,7000,2347,,266.0488,0.5397,/mnt/c/Users/daisl/Documents/Tullio/MISSDCEVEXP_COL/data_scalability/column_scalability/flights/7cols/9/MCAR/0.1/1/clean.csv,/mnt/c/Users/daisl/Documents/Tullio/MISSDCEVEXP_COL/data_scalability/column_scalability/flights/7cols/9/MCAR/0.1/1/dirty.csv,/mnt/c/Users/daisl/Documents/Tullio/MISSDCEVEXP_COL/data_scalability/column_scalability/flights/7cols/9/MCAR/0.1/1/dirty_imputed.csv,None,
TRIARD,2026-09-15T16:22:42,ok,9,MCAR,7,10000,0.1,2,1.0,0.6636,0.7978,7000,2355,,313.4787,0.5621,/mnt/c/Users/daisl/Documents/Tullio/MISSDCEVEXP_COL/data_scalability/column_scalability/flights/7cols/9/MCAR/0.1/2/clean.csv,/mnt/c/Users/daisl/Documents/Tullio/MISSDCEVEXP_COL/data_scalability/column_scalability/flights/7cols/9/MCAR/0.1/2/dirty.csv,/mnt/c/Users/daisl/Documents/Tullio/MISSDCEVEXP_COL/data_scalability/column_scalability/flights/7cols/9/MCAR/0.1/2/dirty_imputed.csv,None,
TRIARD,2026-09-15T16:27:56,ok,9,MCAR,7,10000,0.1,3,1.0,0.67,0.8024,7000,2310,,251.982,0.5156,/mnt/c/Users/daisl/Documents/Tullio/MISSDCEVEXP_COL/data_scalability/column_scalability/flights/7cols/9/MCAR/0.1/3/clean.csv,/mnt/c/Users/daisl/Documents/Tullio/MISSDCEVEXP_COL/data_scalability/column_scalability/flights/7cols/9/MCAR/0.1/3/dirty.csv,/mnt/c/Users/daisl/Documents/Tullio/MISSDCEVEXP_COL/data_scalability/column_scalability/flights/7cols/9/MCAR/0.1/3/dirty_imputed.csv,None,
TRIARD,2026-09-15T16:32:09,ok,9,MCAR,7,10000,0.1,4,1.0,0.6487,0.7869,7000,2459,,268.7155,0.5195,/mnt/c/Users/daisl/Documents/Tullio/MISSDCEVEXP_COL/data_scalability/column_scalability/flights/7cols/9/MCAR/0.1/4/clean.csv,/mnt/c/Users/daisl/Documents/Tullio/MISSDCEVEXP_COL/data_scalability/column_scalability/flights/7cols/9/MCAR/0.1/4/dirty.csv,/mnt/c/Users/daisl/Documents/Tullio/MISSDCEVEXP_COL/data_scalability/column_scalability/flights/7cols/9/MCAR/0.1/4/dirty_imputed.csv,None,
TRIARD,2026-09-15T16:36:38,ok,9,MCAR,7,10000,0.1,5,1.0,0.6467,0.7855,7000,2473,,325.4207,0.5473,/mnt/c/Users/daisl/Documents/Tullio/MISSDCEVEXP_COL/data_scalability/column_scalability/flights/7cols/9/MCAR/0.1/5/clean.csv,/mnt/c/Users/daisl/Documents/Tullio/MISSDCEVEXP_COL/data_scalability/column_scalability/flights/7cols/9/MCAR/0.1/5/dirty.csv,/mnt/c/Users/daisl/Documents/Tullio/MISSDCEVEXP_COL/data_scalability/column_scalability/flights/7cols/9/MCAR/0.1/5/dirty_imputed.csv,None,
TRIARD,2026-09-15T16:42:04,ok,1,MCAR,8,10000,0.1,1,0.8579,0.6361,0.7305,8000,2068,,918.5847,0.6128,/mnt/c/Users/daisl/Documents/Tullio/MISSDCEVEXP_COL/data_scalability/column_scalability/flights/8cols/1/MCAR/0.1/1/clean.csv,/mnt/c/Users/daisl/Documents/Tullio/MISSDCEVEXP_COL/data_scalability/column_scalability/flights/8cols/1/MCAR/0.1/1/dirty.csv,/mnt/c/Users/daisl/Documents/Tullio/MISSDCEVEXP_COL/data_scalability/column_scalability/flights/8cols/1/MCAR/0.1/1/dirty_imputed.csv,None,
TRIARD,2026-09-15T16:57:23,ok,1,MCAR,8,10000,0.1,2,0.8505,0.6188,0.7164,8000,2180,,834.7389,0.5712,/mnt/c/Users/daisl/Documents/Tullio/MISSDCEVEXP_COL/data_scalability/column_scalability/flights/8cols/1/MCAR/0.1/2/clean.csv,/mnt/c/Users/daisl/Documents/Tullio/MISSDCEVEXP_COL/data_scalability/column_scalability/flights/8cols/1/MCAR/0.1/2/dirty.csv,/mnt/c/Users/daisl/Documents/Tullio/MISSDCEVEXP_COL/data_scalability/column_scalability/flights/8cols/1/MCAR/0.1/2/dirty_imputed.csv,None,
TRIARD,2026-09-15T17:11:19,ok,1,MCAR,8,10000,0.1,3,0.8491,0.6175,0.715,8000,2182,,790.5609,0.5428,/mnt/c/Users/daisl/Documents/Tullio/MISSDCEVEXP_COL/data_scalability/column_scalability/flights/8cols/1/MCAR/0.1/3/clean.csv,/mnt/c/Users/daisl/Documents/Tullio/MISSDCEVEXP_COL/data_scalability/column_scalability/flights/8cols/1/MCAR/0.1/3/dirty.csv,/mnt/c/Users/daisl/Documents/Tullio/MISSDCEVEXP_COL/data_scalability/column_scalability/flights/8cols/1/MCAR/0.1/3/dirty_imputed.csv,None,
TRIARD,2026-09-15T17:24:30,ok,1,MCAR,8,10000,0.1,4,0.8519,0.63,0.7243,8000,2084,,812.5095,0.5227,/mnt/c/Users/daisl/Documents/Tullio/MISSDCEVEXP_COL/data_scalability/column_scalability/flights/8cols/1/MCAR/0.1/4/clean.csv,/mnt/c/Users/daisl/Documents/Tullio/MISSDCEVEXP_COL/data_scalability/column_scalability/flights/8cols/1/MCAR/0.1/4/dirty.csv,/mnt/c/Users/daisl/Documents/Tullio/MISSDCEVEXP_COL/data_scalability/column_scalability/flights/8cols/1/MCAR/0.1/4/dirty_imputed.csv,None,
TRIARD,2026-09-15T17:38:03,ok,1,MCAR,8,10000,0.1,5,0.8567,0.6331,0.7281,8000,2088,,787.9773,0.6296,/mnt/c/Users/daisl/Documents/Tullio/MISSDCEVEXP_COL/data_scalability/column_scalability/flights/8cols/1/MCAR/0.1/5/clean.csv,/mnt/c/Users/daisl/Documents/Tullio/MISSDCEVEXP_COL/data_scalability/column_scalability/flights/8cols/1/MCAR/0.1/5/dirty.csv,/mnt/c/Users/daisl/Documents/Tullio/MISSDCEVEXP_COL/data_scalability/column_scalability/flights/8cols/1/MCAR/0.1/5/dirty_imputed.csv,None,
TRIARD,2026-09-15T17:51:12,ok,10,MCAR,8,10000,0.1,1,1.0,0.698,0.8221,8000,2416,,395.3931,0.5794,/mnt/c/Users/daisl/Documents/Tullio/MISSDCEVEXP_COL/data_scalability/column_scalability/flights/8cols/10/MCAR/0.1/1/clean.csv,/mnt/c/Users/daisl/Documents/Tullio/MISSDCEVEXP_COL/data_scalability/column_scalability/flights/8cols/10/MCAR/0.1/1/dirty.csv,/mnt/c/Users/daisl/Documents/Tullio/MISSDCEVEXP_COL/data_scalability/column_scalability/flights/8cols/10/MCAR/0.1/1/dirty_imputed.csv,None,
TRIARD,2026-09-15T17:57:48,ok,10,MCAR,8,10000,0.1,2,1.0,0.6997,0.8234,8000,2402,,452.182,0.5518,/mnt/c/Users/daisl/Documents/Tullio/MISSDCEVEXP_COL/data_scalability/column_scalability/flights/8cols/10/MCAR/0.1/2/clean.csv,/mnt/c/Users/daisl/Documents/Tullio/MISSDCEVEXP_COL/data_scalability/column_scalability/flights/8cols/10/MCAR/0.1/2/dirty.csv,/mnt/c/Users/daisl/Documents/Tullio/MISSDCEVEXP_COL/data_scalability/column_scalability/flights/8cols/10/MCAR/0.1/2/dirty_imputed.csv,None,
TRIARD,2026-09-15T18:05:20,ok,10,MCAR,8,10000,0.1,3,1.0,0.7024,0.8252,8000,2381,,384.2102,0.5406,/mnt/c/Users/daisl/Documents/Tullio/MISSDCEVEXP_COL/data_scalability/column_scalability/flights/8cols/10/MCAR/0.1/3/clean.csv,/mnt/c/Users/daisl/Documents/Tullio/MISSDCEVEXP_COL/data_scalability/column_scalability/flights/8cols/10/MCAR/0.1/3/dirty.csv,/mnt/c/Users/daisl/Documents/Tullio/MISSDCEVEXP_COL/data_scalability/column_scalability/flights/8cols/10/MCAR/0.1/3/dirty_imputed.csv,None,
TRIARD,2026-09-15T18:11:45,ok,10,MCAR,8,10000,0.1,4,1.0,0.7033,0.8258,8000,2374,,365.5247,0.5758,/mnt/c/Users/daisl/Documents/Tullio/MISSDCEVEXP_COL/data_scalability/column_scalability/flights/8cols/10/MCAR/0.1/4/clean.csv,/mnt/c/Users/daisl/Documents/Tullio/MISSDCEVEXP_COL/data_scalability/column_scalability/flights/8cols/10/MCAR/0.1/4/dirty.csv,/mnt/c/Users/daisl/Documents/Tullio/MISSDCEVEXP_COL/data_scalability/column_scalability/flights/8cols/10/MCAR/0.1/4/dirty_imputed.csv,None,
TRIARD,2026-09-15T18:17:51,ok,10,MCAR,8,10000,0.1,5,1.0,0.6933,0.8188,8000,2454,,377.1798,0.5311,/mnt/c/Users/daisl/Documents/Tullio/MISSDCEVEXP_COL/data_scalability/column_scalability/flights/8cols/10/MCAR/0.1/5/clean.csv,/mnt/c/Users/daisl/Documents/Tullio/MISSDCEVEXP_COL/data_scalability/column_scalability/flights/8cols/10/MCAR/0.1/5/dirty.csv,/mnt/c/Users/daisl/Documents/Tullio/MISSDCEVEXP_COL/data_scalability/column_scalability/flights/8cols/10/MCAR/0.1/5/dirty_imputed.csv,None,
TRIARD,2026-09-15T18:24:09,ok,2,MCAR,8,10000,0.1,1,1.0,0.5871,0.7399,8000,3303,,616.7025,0.5701,/mnt/c/Users/daisl/Documents/Tullio/MISSDCEVEXP_COL/data_scalability/column_scalability/flights/8cols/2/MCAR/0.1/1/clean.csv,/mnt/c/Users/daisl/Documents/Tullio/MISSDCEVEXP_COL/data_scalability/column_scalability/flights/8cols/2/MCAR/0.1/1/dirty.csv,/mnt/c/Users/daisl/Documents/Tullio/MISSDCEVEXP_COL/data_scalability/column_scalability/flights/8cols/2/MCAR/0.1/1/dirty_imputed.csv,None,
TRIARD,2026-09-15T18:34:26,ok,2,MCAR,8,10000,0.1,2,1.0,0.583,0.7366,8000,3336,,404.6192,0.5735,/mnt/c/Users/daisl/Documents/Tullio/MISSDCEVEXP_COL/data_scalability/column_scalability/flights/8cols/2/MCAR/0.1/2/clean.csv,/mnt/c/Users/daisl/Documents/Tullio/MISSDCEVEXP_COL/data_scalability/column_scalability/flights/8cols/2/MCAR/0.1/2/dirty.csv,/mnt/c/Users/daisl/Documents/Tullio/MISSDCEVEXP_COL/data_scalability/column_scalability/flights/8cols/2/MCAR/0.1/2/dirty_imputed.csv,None,
TRIARD,2026-09-15T18:41:12,ok,2,MCAR,8,10000,0.1,3,1.0,0.5825,0.7362,8000,3340,,429.4049,0.5753,/mnt/c/Users/daisl/Documents/Tullio/MISSDCEVEXP_COL/data_scalability/column_scalability/flights/8cols/2/MCAR/0.1/3/clean.csv,/mnt/c/Users/daisl/Documents/Tullio/MISSDCEVEXP_COL/data_scalability/column_scalability/flights/8cols/2/MCAR/0.1/3/dirty.csv,/mnt/c/Users/daisl/Documents/Tullio/MISSDCEVEXP_COL/data_scalability/column_scalability/flights/8cols/2/MCAR/0.1/3/dirty_imputed.csv,None,
TRIARD,2026-09-15T18:48:22,ok,2,MCAR,8,10000,0.1,4,1.0,0.5863,0.7392,8000,3310,,501.5372,0.55,/mnt/c/Users/daisl/Documents/Tullio/MISSDCEVEXP_COL/data_scalability/column_scalability/flights/8cols/2/MCAR/0.1/4/clean.csv,/mnt/c/Users/daisl/Documents/Tullio/MISSDCEVEXP_COL/data_scalability/column_scalability/flights/8cols/2/MCAR/0.1/4/dirty.csv,/mnt/c/Users/daisl/Documents/Tullio/MISSDCEVEXP_COL/data_scalability/column_scalability/flights/8cols/2/MCAR/0.1/4/dirty_imputed.csv,None,
TRIARD,2026-09-15T18:56:44,ok,2,MCAR,8,10000,0.1,5,1.0,0.595,0.7461,8000,3240,,622.8795,0.5596,/mnt/c/Users/daisl/Documents/Tullio/MISSDCEVEXP_COL/data_scalability/column_scalability/flights/8cols/2/MCAR/0.1/5/clean.csv,/mnt/c/Users/daisl/Documents/Tullio/MISSDCEVEXP_COL/data_scalability/column_scalability/flights/8cols/2/MCAR/0.1/5/dirty.csv,/mnt/c/Users/daisl/Documents/Tullio/MISSDCEVEXP_COL/data_scalability/column_scalability/flights/8cols/2/MCAR/0.1/5/dirty_imputed.csv,None,
TRIARD,2026-09-15T19:07:07,ok,3,MCAR,8,10000,0.1,1,1.0,0.7175,0.8355,8000,2260,,180.1369,0.541,/mnt/c/Users/daisl/Documents/Tullio/MISSDCEVEXP_COL/data_scalability/column_scalability/flights/8cols/3/MCAR/0.1/1/clean.csv,/mnt/c/Users/daisl/Documents/Tullio/MISSDCEVEXP_COL/data_scalability/column_scalability/flights/8cols/3/MCAR/0.1/1/dirty.csv,/mnt/c/Users/daisl/Documents/Tullio/MISSDCEVEXP_COL/data_scalability/column_scalability/flights/8cols/3/MCAR/0.1/1/dirty_imputed.csv,None,
TRIARD,2026-09-15T19:10:08,ok,3,MCAR,8,10000,0.1,2,1.0,0.7163,0.8347,8000,2270,,188.1255,0.5417,/mnt/c/Users/daisl/Documents/Tullio/MISSDCEVEXP_COL/data_scalability/column_scalability/flights/8cols/3/MCAR/0.1/2/clean.csv,/mnt/c/Users/daisl/Documents/Tullio/MISSDCEVEXP_COL/data_scalability/column_scalability/flights/8cols/3/MCAR/0.1/2/dirty.csv,/mnt/c/Users/daisl/Documents/Tullio/MISSDCEVEXP_COL/data_scalability/column_scalability/flights/8cols/3/MCAR/0.1/2/dirty_imputed.csv,None,
TRIARD,2026-09-15T19:13:17,ok,3,MCAR,8,10000,0.1,3,1.0,0.7209,0.8378,8000,2233,,186.195,0.5427,/mnt/c/Users/daisl/Documents/Tullio/MISSDCEVEXP_COL/data_scalability/column_scalability/flights/8cols/3/MCAR/0.1/3/clean.csv,/mnt/c/Users/daisl/Documents/Tullio/MISSDCEVEXP_COL/data_scalability/column_scalability/flights/8cols/3/MCAR/0.1/3/dirty.csv,/mnt/c/Users/daisl/Documents/Tullio/MISSDCEVEXP_COL/data_scalability/column_scalability/flights/8cols/3/MCAR/0.1/3/dirty_imputed.csv,None,
TRIARD,2026-09-15T19:16:23,ok,3,MCAR,8,10000,0.1,4,1.0,0.7167,0.835,8000,2266,,181.2472,0.5712,/mnt/c/Users/daisl/Documents/Tullio/MISSDCEVEXP_COL/data_scalability/column_scalability/flights/8cols/3/MCAR/0.1/4/clean.csv,/mnt/c/Users/daisl/Documents/Tullio/MISSDCEVEXP_COL/data_scalability/column_scalability/flights/8cols/3/MCAR/0.1/4/dirty.csv,/mnt/c/Users/daisl/Documents/Tullio/MISSDCEVEXP_COL/data_scalability/column_scalability/flights/8cols/3/MCAR/0.1/4/dirty_imputed.csv,None,
TRIARD,2026-09-15T19:19:25,ok,3,MCAR,8,10000,0.1,5,1.0,0.7225,0.8389,8000,2220,,191.8913,0.5505,/mnt/c/Users/daisl/Documents/Tullio/MISSDCEVEXP_COL/data_scalability/column_scalability/flights/8cols/3/MCAR/0.1/5/clean.csv,/mnt/c/Users/daisl/Documents/Tullio/MISSDCEVEXP_COL/data_scalability/column_scalability/flights/8cols/3/MCAR/0.1/5/dirty.csv,/mnt/c/Users/daisl/Documents/Tullio/MISSDCEVEXP_COL/data_scalability/column_scalability/flights/8cols/3/MCAR/0.1/5/dirty_imputed.csv,None,
TRIARD,2026-09-15T19:22:38,ok,4,MCAR,8,10000,0.1,1,1.0,0.8349,0.91,8000,1321,,367.1156,0.5127,/mnt/c/Users/daisl/Documents/Tullio/MISSDCEVEXP_COL/data_scalability/column_scalability/flights/8cols/4/MCAR/0.1/1/clean.csv,/mnt/c/Users/daisl/Documents/Tullio/MISSDCEVEXP_COL/data_scalability/column_scalability/flights/8cols/4/MCAR/0.1/1/dirty.csv,/mnt/c/Users/daisl/Documents/Tullio/MISSDCEVEXP_COL/data_scalability/column_scalability/flights/8cols/4/MCAR/0.1/1/dirty_imputed.csv,None,
TRIARD,2026-09-15T19:28:46,ok,4,MCAR,8,10000,0.1,2,1.0,0.8349,0.91,8000,1321,,374.5542,0.6043,/mnt/c/Users/daisl/Documents/Tullio/MISSDCEVEXP_COL/data_scalability/column_scalability/flights/8cols/4/MCAR/0.1/2/clean.csv,/mnt/c/Users/daisl/Documents/Tullio/MISSDCEVEXP_COL/data_scalability/column_scalability/flights/8cols/4/MCAR/0.1/2/dirty.csv,/mnt/c/Users/daisl/Documents/Tullio/MISSDCEVEXP_COL/data_scalability/column_scalability/flights/8cols/4/MCAR/0.1/2/dirty_imputed.csv,None,
TRIARD,2026-09-15T19:35:01,ok,4,MCAR,8,10000,0.1,3,1.0,0.8334,0.9091,8000,1333,,370.8104,0.5764,/mnt/c/Users/daisl/Documents/Tullio/MISSDCEVEXP_COL/data_scalability/column_scalability/flights/8cols/4/MCAR/0.1/3/clean.csv,/mnt/c/Users/daisl/Documents/Tullio/MISSDCEVEXP_COL/data_scalability/column_scalability/flights/8cols/4/MCAR/0.1/3/dirty.csv,/mnt/c/Users/daisl/Documents/Tullio/MISSDCEVEXP_COL/data_scalability/column_scalability/flights/8cols/4/MCAR/0.1/3/dirty_imputed.csv,None,
TRIARD,2026-09-15T19:41:12,ok,4,MCAR,8,10000,0.1,4,1.0,0.8366,0.911,8000,1307,,372.7141,0.5441,/mnt/c/Users/daisl/Documents/Tullio/MISSDCEVEXP_COL/data_scalability/column_scalability/flights/8cols/4/MCAR/0.1/4/clean.csv,/mnt/c/Users/daisl/Documents/Tullio/MISSDCEVEXP_COL/data_scalability/column_scalability/flights/8cols/4/MCAR/0.1/4/dirty.csv,/mnt/c/Users/daisl/Documents/Tullio/MISSDCEVEXP_COL/data_scalability/column_scalability/flights/8cols/4/MCAR/0.1/4/dirty_imputed.csv,None,
TRIARD,2026-09-15T19:47:25,ok,4,MCAR,8,10000,0.1,5,1.0,0.8339,0.9094,8000,1329,,342.3115,0.5619,/mnt/c/Users/daisl/Documents/Tullio/MISSDCEVEXP_COL/data_scalability/column_scalability/flights/8cols/4/MCAR/0.1/5/clean.csv,/mnt/c/Users/daisl/Documents/Tullio/MISSDCEVEXP_COL/data_scalability/column_scalability/flights/8cols/4/MCAR/0.1/5/dirty.csv,/mnt/c/Users/daisl/Documents/Tullio/MISSDCEVEXP_COL/data_scalability/column_scalability/flights/8cols/4/MCAR/0.1/5/dirty_imputed.csv,None,
TRIARD,2026-09-15T19:53:08,ok,5,MCAR,8,10000,0.1,1,1.0,0.8216,0.9021,8000,1427,,147.4383,0.5372,/mnt/c/Users/daisl/Documents/Tullio/MISSDCEVEXP_COL/data_scalability/column_scalability/flights/8cols/5/MCAR/0.1/1/clean.csv,/mnt/c/Users/daisl/Documents/Tullio/MISSDCEVEXP_COL/data_scalability/column_scalability/flights/8cols/5/MCAR/0.1/1/dirty.csv,/mnt/c/Users/daisl/Documents/Tullio/MISSDCEVEXP_COL/data_scalability/column_scalability/flights/8cols/5/MCAR/0.1/1/dirty_imputed.csv,None,
TRIARD,2026-09-15T19:55:36,ok,5,MCAR,8,10000,0.1,2,1.0,0.8173,0.8994,8000,1462,,149.5791,0.537,/mnt/c/Users/daisl/Documents/Tullio/MISSDCEVEXP_COL/data_scalability/column_scalability/flights/8cols/5/MCAR/0.1/2/clean.csv,/mnt/c/Users/daisl/Documents/Tullio/MISSDCEVEXP_COL/data_scalability/column_scalability/flights/8cols/5/MCAR/0.1/2/dirty.csv,/mnt/c/Users/daisl/Documents/Tullio/MISSDCEVEXP_COL/data_scalability/column_scalability/flights/8cols/5/MCAR/0.1/2/dirty_imputed.csv,None,
TRIARD,2026-09-15T19:58:07,ok,5,MCAR,8,10000,0.1,3,1.0,0.8197,0.9009,8000,1442,,142.6254,0.534,/mnt/c/Users/daisl/Documents/Tullio/MISSDCEVEXP_COL/data_scalability/column_scalability/flights/8cols/5/MCAR/0.1/3/clean.csv,/mnt/c/Users/daisl/Documents/Tullio/MISSDCEVEXP_COL/data_scalability/column_scalability/flights/8cols/5/MCAR/0.1/3/dirty.csv,/mnt/c/Users/daisl/Documents/Tullio/MISSDCEVEXP_COL/data_scalability/column_scalability/flights/8cols/5/MCAR/0.1/3/dirty_imputed.csv,None,
TRIARD,2026-09-15T20:00:30,ok,5,MCAR,8,10000,0.1,4,1.0,0.8175,0.8996,8000,1460,,146.8728,0.5421,/mnt/c/Users/daisl/Documents/Tullio/MISSDCEVEXP_COL/data_scalability/column_scalability/flights/8cols/5/MCAR/0.1/4/clean.csv,/mnt/c/Users/daisl/Documents/Tullio/MISSDCEVEXP_COL/data_scalability/column_scalability/flights/8cols/5/MCAR/0.1/4/dirty.csv,/mnt/c/Users/daisl/Documents/Tullio/MISSDCEVEXP_COL/data_scalability/column_scalability/flights/8cols/5/MCAR/0.1/4/dirty_imputed.csv,None,
TRIARD,2026-09-15T20:02:57,ok,5,MCAR,8,10000,0.1,5,1.0,0.8196,0.9009,8000,1443,,146.4582,0.5675,/mnt/c/Users/daisl/Documents/Tullio/MISSDCEVEXP_COL/data_scalability/column_scalability/flights/8cols/5/MCAR/0.1/5/clean.csv,/mnt/c/Users/daisl/Documents/Tullio/MISSDCEVEXP_COL/data_scalability/column_scalability/flights/8cols/5/MCAR/0.1/5/dirty.csv,/mnt/c/Users/daisl/Documents/Tullio/MISSDCEVEXP_COL/data_scalability/column_scalability/flights/8cols/5/MCAR/0.1/5/dirty_imputed.csv,None,
TRIARD,2026-09-15T20:05:24,ok,6,MCAR,8,10000,0.1,1,1.0,0.6963,0.8209,8000,2430,,452.9954,0.5108,/mnt/c/Users/daisl/Documents/Tullio/MISSDCEVEXP_COL/data_scalability/column_scalability/flights/8cols/6/MCAR/0.1/1/clean.csv,/mnt/c/Users/daisl/Documents/Tullio/MISSDCEVEXP_COL/data_scalability/column_scalability/flights/8cols/6/MCAR/0.1/1/dirty.csv,/mnt/c/Users/daisl/Documents/Tullio/MISSDCEVEXP_COL/data_scalability/column_scalability/flights/8cols/6/MCAR/0.1/1/dirty_imputed.csv,None,
TRIARD,2026-09-15T20:12:58,ok,6,MCAR,8,10000,0.1,2,1.0,0.698,0.8221,8000,2416,,507.7969,0.5266,/mnt/c/Users/daisl/Documents/Tullio/MISSDCEVEXP_COL/data_scalability/column_scalability/flights/8cols/6/MCAR/0.1/2/clean.csv,/mnt/c/Users/daisl/Documents/Tullio/MISSDCEVEXP_COL/data_scalability/column_scalability/flights/8cols/6/MCAR/0.1/2/dirty.csv,/mnt/c/Users/daisl/Documents/Tullio/MISSDCEVEXP_COL/data_scalability/column_scalability/flights/8cols/6/MCAR/0.1/2/dirty_imputed.csv,None,
TRIARD,2026-09-15T20:21:26,ok,6,MCAR,8,10000,0.1,3,1.0,0.694,0.8194,8000,2448,,449.9601,0.6526,/mnt/c/Users/daisl/Documents/Tullio/MISSDCEVEXP_COL/data_scalability/column_scalability/flights/8cols/6/MCAR/0.1/3/clean.csv,/mnt/c/Users/daisl/Documents/Tullio/MISSDCEVEXP_COL/data_scalability/column_scalability/flights/8cols/6/MCAR/0.1/3/dirty.csv,/mnt/c/Users/daisl/Documents/Tullio/MISSDCEVEXP_COL/data_scalability/column_scalability/flights/8cols/6/MCAR/0.1/3/dirty_imputed.csv,None,
TRIARD,2026-09-15T20:28:57,ok,6,MCAR,8,10000,0.1,4,1.0,0.7001,0.8236,8000,2399,,506.2437,0.5392,/mnt/c/Users/daisl/Documents/Tullio/MISSDCEVEXP_COL/data_scalability/column_scalability/flights/8cols/6/MCAR/0.1/4/clean.csv,/mnt/c/Users/daisl/Documents/Tullio/MISSDCEVEXP_COL/data_scalability/column_scalability/flights/8cols/6/MCAR/0.1/4/dirty.csv,/mnt/c/Users/daisl/Documents/Tullio/MISSDCEVEXP_COL/data_scalability/column_scalability/flights/8cols/6/MCAR/0.1/4/dirty_imputed.csv,None,
TRIARD,2026-09-15T20:37:24,ok,6,MCAR,8,10000,0.1,5,1.0,0.7,0.8235,8000,2400,,464.2453,0.589,/mnt/c/Users/daisl/Documents/Tullio/MISSDCEVEXP_COL/data_scalability/column_scalability/flights/8cols/6/MCAR/0.1/5/clean.csv,/mnt/c/Users/daisl/Documents/Tullio/MISSDCEVEXP_COL/data_scalability/column_scalability/flights/8cols/6/MCAR/0.1/5/dirty.csv,/mnt/c/Users/daisl/Documents/Tullio/MISSDCEVEXP_COL/data_scalability/column_scalability/flights/8cols/6/MCAR/0.1/5/dirty_imputed.csv,None,
TRIARD,2026-09-15T20:45:09,ok,7,MCAR,8,10000,0.1,1,0.9997,0.4591,0.6293,8000,4326,,885.0742,0.5695,/mnt/c/Users/daisl/Documents/Tullio/MISSDCEVEXP_COL/data_scalability/column_scalability/flights/8cols/7/MCAR/0.1/1/clean.csv,/mnt/c/Users/daisl/Documents/Tullio/MISSDCEVEXP_COL/data_scalability/column_scalability/flights/8cols/7/MCAR/0.1/1/dirty.csv,/mnt/c/Users/daisl/Documents/Tullio/MISSDCEVEXP_COL/data_scalability/column_scalability/flights/8cols/7/MCAR/0.1/1/dirty_imputed.csv,None,
TRIARD,2026-09-15T20:59:54,ok,7,MCAR,8,10000,0.1,2,0.9995,0.4565,0.6267,8000,4346,,1122.2298,0.5988,/mnt/c/Users/daisl/Documents/Tullio/MISSDCEVEXP_COL/data_scalability/column_scalability/flights/8cols/7/MCAR/0.1/2/clean.csv,/mnt/c/Users/daisl/Documents/Tullio/MISSDCEVEXP_COL/data_scalability/column_scalability/flights/8cols/7/MCAR/0.1/2/dirty.csv,/mnt/c/Users/daisl/Documents/Tullio/MISSDCEVEXP_COL/data_scalability/column_scalability/flights/8cols/7/MCAR/0.1/2/dirty_imputed.csv,None,
TRIARD,2026-09-15T21:18:37,ok,7,MCAR,8,10000,0.1,3,0.9992,0.4606,0.6306,8000,4312,,1102.5872,0.536,/mnt/c/Users/daisl/Documents/Tullio/MISSDCEVEXP_COL/data_scalability/column_scalability/flights/8cols/7/MCAR/0.1/3/clean.csv,/mnt/c/Users/daisl/Documents/Tullio/MISSDCEVEXP_COL/data_scalability/column_scalability/flights/8cols/7/MCAR/0.1/3/dirty.csv,/mnt/c/Users/daisl/Documents/Tullio/MISSDCEVEXP_COL/data_scalability/column_scalability/flights/8cols/7/MCAR/0.1/3/dirty_imputed.csv,None,
TRIARD,2026-09-15T21:37:00,ok,7,MCAR,8,10000,0.1,4,1.0,0.463,0.6329,8000,4296,,767.2198,0.6058,/mnt/c/Users/daisl/Documents/Tullio/MISSDCEVEXP_COL/data_scalability/column_scalability/flights/8cols/7/MCAR/0.1/4/clean.csv,/mnt/c/Users/daisl/Documents/Tullio/MISSDCEVEXP_COL/data_scalability/column_scalability/flights/8cols/7/MCAR/0.1/4/dirty.csv,/mnt/c/Users/daisl/Documents/Tullio/MISSDCEVEXP_COL/data_scalability/column_scalability/flights/8cols/7/MCAR/0.1/4/dirty_imputed.csv,None,
TRIARD,2026-09-15T21:49:48,ok,7,MCAR,8,10000,0.1,5,0.9981,0.4677,0.637,8000,4251,,1172.5742,0.5564,/mnt/c/Users/daisl/Documents/Tullio/MISSDCEVEXP_COL/data_scalability/column_scalability/flights/8cols/7/MCAR/0.1/5/clean.csv,/mnt/c/Users/daisl/Documents/Tullio/MISSDCEVEXP_COL/data_scalability/column_scalability/flights/8cols/7/MCAR/0.1/5/dirty.csv,/mnt/c/Users/daisl/Documents/Tullio/MISSDCEVEXP_COL/data_scalability/column_scalability/flights/8cols/7/MCAR/0.1/5/dirty_imputed.csv,None,
TRIARD,2026-09-15T22:09:21,ok,8,MCAR,8,10000,0.1,1,1.0,0.6691,0.8018,8000,2647,,362.3674,0.5335,/mnt/c/Users/daisl/Documents/Tullio/MISSDCEVEXP_COL/data_scalability/column_scalability/flights/8cols/8/MCAR/0.1/1/clean.csv,/mnt/c/Users/daisl/Documents/Tullio/MISSDCEVEXP_COL/data_scalability/column_scalability/flights/8cols/8/MCAR/0.1/1/dirty.csv,/mnt/c/Users/daisl/Documents/Tullio/MISSDCEVEXP_COL/data_scalability/column_scalability/flights/8cols/8/MCAR/0.1/1/dirty_imputed.csv,None,
TRIARD,2026-09-15T22:15:24,ok,8,MCAR,8,10000,0.1,2,1.0,0.6763,0.8069,8000,2590,,349.3317,0.5658,/mnt/c/Users/daisl/Documents/Tullio/MISSDCEVEXP_COL/data_scalability/column_scalability/flights/8cols/8/MCAR/0.1/2/clean.csv,/mnt/c/Users/daisl/Documents/Tullio/MISSDCEVEXP_COL/data_scalability/column_scalability/flights/8cols/8/MCAR/0.1/2/dirty.csv,/mnt/c/Users/daisl/Documents/Tullio/MISSDCEVEXP_COL/data_scalability/column_scalability/flights/8cols/8/MCAR/0.1/2/dirty_imputed.csv,None,
TRIARD,2026-09-15T22:21:14,ok,8,MCAR,8,10000,0.1,3,1.0,0.675,0.806,8000,2600,,390.107,0.6359,/mnt/c/Users/daisl/Documents/Tullio/MISSDCEVEXP_COL/data_scalability/column_scalability/flights/8cols/8/MCAR/0.1/3/clean.csv,/mnt/c/Users/daisl/Documents/Tullio/MISSDCEVEXP_COL/data_scalability/column_scalability/flights/8cols/8/MCAR/0.1/3/dirty.csv,/mnt/c/Users/daisl/Documents/Tullio/MISSDCEVEXP_COL/data_scalability/column_scalability/flights/8cols/8/MCAR/0.1/3/dirty_imputed.csv,None,
TRIARD,2026-09-15T22:27:45,ok,8,MCAR,8,10000,0.1,4,1.0,0.6984,0.8224,8000,2413,,323.3418,0.5365,/mnt/c/Users/daisl/Documents/Tullio/MISSDCEVEXP_COL/data_scalability/column_scalability/flights/8cols/8/MCAR/0.1/4/clean.csv,/mnt/c/Users/daisl/Documents/Tullio/MISSDCEVEXP_COL/data_scalability/column_scalability/flights/8cols/8/MCAR/0.1/4/dirty.csv,/mnt/c/Users/daisl/Documents/Tullio/MISSDCEVEXP_COL/data_scalability/column_scalability/flights/8cols/8/MCAR/0.1/4/dirty_imputed.csv,None,
TRIARD,2026-09-15T22:33:09,ok,8,MCAR,8,10000,0.1,5,1.0,0.7057,0.8275,8000,2354,,331.2282,0.5491,/mnt/c/Users/daisl/Documents/Tullio/MISSDCEVEXP_COL/data_scalability/column_scalability/flights/8cols/8/MCAR/0.1/5/clean.csv,/mnt/c/Users/daisl/Documents/Tullio/MISSDCEVEXP_COL/data_scalability/column_scalability/flights/8cols/8/MCAR/0.1/5/dirty.csv,/mnt/c/Users/daisl/Documents/Tullio/MISSDCEVEXP_COL/data_scalability/column_scalability/flights/8cols/8/MCAR/0.1/5/dirty_imputed.csv,None,
TRIARD,2026-09-15T22:38:41,ok,9,MCAR,8,10000,0.1,1,1.0,0.5886,0.741,8000,3291,,829.0775,0.5588,/mnt/c/Users/daisl/Documents/Tullio/MISSDCEVEXP_COL/data_scalability/column_scalability/flights/8cols/9/MCAR/0.1/1/clean.csv,/mnt/c/Users/daisl/Documents/Tullio/MISSDCEVEXP_COL/data_scalability/column_scalability/flights/8cols/9/MCAR/0.1/1/dirty.csv,/mnt/c/Users/daisl/Documents/Tullio/MISSDCEVEXP_COL/data_scalability/column_scalability/flights/8cols/9/MCAR/0.1/1/dirty_imputed.csv,None,
TRIARD,2026-09-15T22:52:31,ok,9,MCAR,8,10000,0.1,2,1.0,0.5691,0.7254,8000,3447,,815.4673,0.5443,/mnt/c/Users/daisl/Documents/Tullio/MISSDCEVEXP_COL/data_scalability/column_scalability/flights/8cols/9/MCAR/0.1/2/clean.csv,/mnt/c/Users/daisl/Documents/Tullio/MISSDCEVEXP_COL/data_scalability/column_scalability/flights/8cols/9/MCAR/0.1/2/dirty.csv,/mnt/c/Users/daisl/Documents/Tullio/MISSDCEVEXP_COL/data_scalability/column_scalability/flights/8cols/9/MCAR/0.1/2/dirty_imputed.csv,None,
TRIARD,2026-09-15T23:06:07,ok,9,MCAR,8,10000,0.1,3,1.0,0.5899,0.742,8000,3281,,801.9668,0.5509,/mnt/c/Users/daisl/Documents/Tullio/MISSDCEVEXP_COL/data_scalability/column_scalability/flights/8cols/9/MCAR/0.1/3/clean.csv,/mnt/c/Users/daisl/Documents/Tullio/MISSDCEVEXP_COL/data_scalability/column_scalability/flights/8cols/9/MCAR/0.1/3/dirty.csv,/mnt/c/Users/daisl/Documents/Tullio/MISSDCEVEXP_COL/data_scalability/column_scalability/flights/8cols/9/MCAR/0.1/3/dirty_imputed.csv,None,
TRIARD,2026-09-15T23:19:29,ok,9,MCAR,8,10000,0.1,4,1.0,0.5756,0.7307,8000,3395,,683.5114,0.5217,/mnt/c/Users/daisl/Documents/Tullio/MISSDCEVEXP_COL/data_scalability/column_scalability/flights/8cols/9/MCAR/0.1/4/clean.csv,/mnt/c/Users/daisl/Documents/Tullio/MISSDCEVEXP_COL/data_scalability/column_scalability/flights/8cols/9/MCAR/0.1/4/dirty.csv,/mnt/c/Users/daisl/Documents/Tullio/MISSDCEVEXP_COL/data_scalability/column_scalability/flights/8cols/9/MCAR/0.1/4/dirty_imputed.csv,None,
TRIARD,2026-09-15T23:30:53,ok,9,MCAR,8,10000,0.1,5,1.0,0.5796,0.7339,8000,3363,,869.6767,0.541,/mnt/c/Users/daisl/Documents/Tullio/MISSDCEVEXP_COL/data_scalability/column_scalability/flights/8cols/9/MCAR/0.1/5/clean.csv,/mnt/c/Users/daisl/Documents/Tullio/MISSDCEVEXP_COL/data_scalability/column_scalability/flights/8cols/9/MCAR/0.1/5/dirty.csv,/mnt/c/Users/daisl/Documents/Tullio/MISSDCEVEXP_COL/data_scalability/column_scalability/flights/8cols/9/MCAR/0.1/5/dirty_imputed.csv,None,
TRIARD,2026-09-15T23:45:24,ok,1,MCAR,9,10000,0.1,1,0.9998,0.6733,0.8047,9000,2939,,364.1937,0.6647,/mnt/c/Users/daisl/Documents/Tullio/MISSDCEVEXP_COL/data_scalability/column_scalability/flights/9cols/1/MCAR/0.1/1/clean.csv,/mnt/c/Users/daisl/Documents/Tullio/MISSDCEVEXP_COL/data_scalability/column_scalability/flights/9cols/1/MCAR/0.1/1/dirty.csv,/mnt/c/Users/daisl/Documents/Tullio/MISSDCEVEXP_COL/data_scalability/column_scalability/flights/9cols/1/MCAR/0.1/1/dirty_imputed.csv,None,
TRIARD,2026-09-15T23:51:28,ok,1,MCAR,9,10000,0.1,2,1.0,0.7041,0.8264,9000,2663,,682.8788,0.6061,/mnt/c/Users/daisl/Documents/Tullio/MISSDCEVEXP_COL/data_scalability/column_scalability/flights/9cols/1/MCAR/0.1/2/clean.csv,/mnt/c/Users/daisl/Documents/Tullio/MISSDCEVEXP_COL/data_scalability/column_scalability/flights/9cols/1/MCAR/0.1/2/dirty.csv,/mnt/c/Users/daisl/Documents/Tullio/MISSDCEVEXP_COL/data_scalability/column_scalability/flights/9cols/1/MCAR/0.1/2/dirty_imputed.csv,None,
TRIARD,2026-09-16T00:02:52,ok,1,MCAR,9,10000,0.1,3,1.0,0.7051,0.8271,9000,2654,,626.8087,0.5779,/mnt/c/Users/daisl/Documents/Tullio/MISSDCEVEXP_COL/data_scalability/column_scalability/flights/9cols/1/MCAR/0.1/3/clean.csv,/mnt/c/Users/daisl/Documents/Tullio/MISSDCEVEXP_COL/data_scalability/column_scalability/flights/9cols/1/MCAR/0.1/3/dirty.csv,/mnt/c/Users/daisl/Documents/Tullio/MISSDCEVEXP_COL/data_scalability/column_scalability/flights/9cols/1/MCAR/0.1/3/dirty_imputed.csv,None,
TRIARD,2026-09-16T00:13:19,ok,1,MCAR,9,10000,0.1,4,1.0,0.6716,0.8035,9000,2956,,398.587,0.5745,/mnt/c/Users/daisl/Documents/Tullio/MISSDCEVEXP_COL/data_scalability/column_scalability/flights/9cols/1/MCAR/0.1/4/clean.csv,/mnt/c/Users/daisl/Documents/Tullio/MISSDCEVEXP_COL/data_scalability/column_scalability/flights/9cols/1/MCAR/0.1/4/dirty.csv,/mnt/c/Users/daisl/Documents/Tullio/MISSDCEVEXP_COL/data_scalability/column_scalability/flights/9cols/1/MCAR/0.1/4/dirty_imputed.csv,None,
TRIARD,2026-09-16T00:19:59,ok,1,MCAR,9,10000,0.1,5,1.0,0.6767,0.8072,9000,2910,,298.0945,0.5858,/mnt/c/Users/daisl/Documents/Tullio/MISSDCEVEXP_COL/data_scalability/column_scalability/flights/9cols/1/MCAR/0.1/5/clean.csv,/mnt/c/Users/daisl/Documents/Tullio/MISSDCEVEXP_COL/data_scalability/column_scalability/flights/9cols/1/MCAR/0.1/5/dirty.csv,/mnt/c/Users/daisl/Documents/Tullio/MISSDCEVEXP_COL/data_scalability/column_scalability/flights/9cols/1/MCAR/0.1/5/dirty_imputed.csv,None,
TRIARD,2026-09-16T00:24:57,ok,10,MCAR,9,10000,0.1,1,0.9998,0.5679,0.7243,9000,3888,,1232.494,0.6086,/mnt/c/Users/daisl/Documents/Tullio/MISSDCEVEXP_COL/data_scalability/column_scalability/flights/9cols/10/MCAR/0.1/1/clean.csv,/mnt/c/Users/daisl/Documents/Tullio/MISSDCEVEXP_COL/data_scalability/column_scalability/flights/9cols/10/MCAR/0.1/1/dirty.csv,/mnt/c/Users/daisl/Documents/Tullio/MISSDCEVEXP_COL/data_scalability/column_scalability/flights/9cols/10/MCAR/0.1/1/dirty_imputed.csv,None,
TRIARD,2026-09-16T00:45:31,ok,10,MCAR,9,10000,0.1,2,0.9998,0.5629,0.7203,9000,3933,,988.9633,0.5526,/mnt/c/Users/daisl/Documents/Tullio/MISSDCEVEXP_COL/data_scalability/column_scalability/flights/9cols/10/MCAR/0.1/2/clean.csv,/mnt/c/Users/daisl/Documents/Tullio/MISSDCEVEXP_COL/data_scalability/column_scalability/flights/9cols/10/MCAR/0.1/2/dirty.csv,/mnt/c/Users/daisl/Documents/Tullio/MISSDCEVEXP_COL/data_scalability/column_scalability/flights/9cols/10/MCAR/0.1/2/dirty_imputed.csv,None,
TRIARD,2026-09-16T01:02:00,ok,10,MCAR,9,10000,0.1,3,0.9998,0.5676,0.7241,9000,3891,,1096.3027,0.5697,/mnt/c/Users/daisl/Documents/Tullio/MISSDCEVEXP_COL/data_scalability/column_scalability/flights/9cols/10/MCAR/0.1/3/clean.csv,/mnt/c/Users/daisl/Documents/Tullio/MISSDCEVEXP_COL/data_scalability/column_scalability/flights/9cols/10/MCAR/0.1/3/dirty.csv,/mnt/c/Users/daisl/Documents/Tullio/MISSDCEVEXP_COL/data_scalability/column_scalability/flights/9cols/10/MCAR/0.1/3/dirty_imputed.csv,None,
TRIARD,2026-09-16T01:20:17,ok,10,MCAR,9,10000,0.1,4,1.0,0.5632,0.7206,9000,3931,,1268.1386,0.5681,/mnt/c/Users/daisl/Documents/Tullio/MISSDCEVEXP_COL/data_scalability/column_scalability/flights/9cols/10/MCAR/0.1/4/clean.csv,/mnt/c/Users/daisl/Documents/Tullio/MISSDCEVEXP_COL/data_scalability/column_scalability/flights/9cols/10/MCAR/0.1/4/dirty.csv,/mnt/c/Users/daisl/Documents/Tullio/MISSDCEVEXP_COL/data_scalability/column_scalability/flights/9cols/10/MCAR/0.1/4/dirty_imputed.csv,None,
TRIARD,2026-09-16T01:41:26,ok,10,MCAR,9,10000,0.1,5,0.9994,0.5774,0.732,9000,3800,,1259.4386,0.5499,/mnt/c/Users/daisl/Documents/Tullio/MISSDCEVEXP_COL/data_scalability/column_scalability/flights/9cols/10/MCAR/0.1/5/clean.csv,/mnt/c/Users/daisl/Documents/Tullio/MISSDCEVEXP_COL/data_scalability/column_scalability/flights/9cols/10/MCAR/0.1/5/dirty.csv,/mnt/c/Users/daisl/Documents/Tullio/MISSDCEVEXP_COL/data_scalability/column_scalability/flights/9cols/10/MCAR/0.1/5/dirty_imputed.csv,None,
TRIARD,2026-09-16T02:02:26,ok,2,MCAR,9,10000,0.1,1,1.0,0.6886,0.8156,9000,2803,,822.6996,0.5896,/mnt/c/Users/daisl/Documents/Tullio/MISSDCEVEXP_COL/data_scalability/column_scalability/flights/9cols/2/MCAR/0.1/1/clean.csv,/mnt/c/Users/daisl/Documents/Tullio/MISSDCEVEXP_COL/data_scalability/column_scalability/flights/9cols/2/MCAR/0.1/1/dirty.csv,/mnt/c/Users/daisl/Documents/Tullio/MISSDCEVEXP_COL/data_scalability/column_scalability/flights/9cols/2/MCAR/0.1/1/dirty_imputed.csv,None,
TRIARD,2026-09-16T02:16:09,ok,2,MCAR,9,10000,0.1,2,1.0,0.6886,0.8156,9000,2803,,795.8369,0.7303,/mnt/c/Users/daisl/Documents/Tullio/MISSDCEVEXP_COL/data_scalability/column_scalability/flights/9cols/2/MCAR/0.1/2/clean.csv,/mnt/c/Users/daisl/Documents/Tullio/MISSDCEVEXP_COL/data_scalability/column_scalability/flights/9cols/2/MCAR/0.1/2/dirty.csv,/mnt/c/Users/daisl/Documents/Tullio/MISSDCEVEXP_COL/data_scalability/column_scalability/flights/9cols/2/MCAR/0.1/2/dirty_imputed.csv,None,
TRIARD,2026-09-16T02:29:26,ok,2,MCAR,9,10000,0.1,3,1.0,0.6884,0.8155,9000,2804,,848.2638,0.5469,/mnt/c/Users/daisl/Documents/Tullio/MISSDCEVEXP_COL/data_scalability/column_scalability/flights/9cols/2/MCAR/0.1/3/clean.csv,/mnt/c/Users/daisl/Documents/Tullio/MISSDCEVEXP_COL/data_scalability/column_scalability/flights/9cols/2/MCAR/0.1/3/dirty.csv,/mnt/c/Users/daisl/Documents/Tullio/MISSDCEVEXP_COL/data_scalability/column_scalability/flights/9cols/2/MCAR/0.1/3/dirty_imputed.csv,None,
TRIARD,2026-09-16T02:43:35,ok,2,MCAR,9,10000,0.1,4,1.0,0.6951,0.8201,9000,2744,,578.8964,0.5604,/mnt/c/Users/daisl/Documents/Tullio/MISSDCEVEXP_COL/data_scalability/column_scalability/flights/9cols/2/MCAR/0.1/4/clean.csv,/mnt/c/Users/daisl/Documents/Tullio/MISSDCEVEXP_COL/data_scalability/column_scalability/flights/9cols/2/MCAR/0.1/4/dirty.csv,/mnt/c/Users/daisl/Documents/Tullio/MISSDCEVEXP_COL/data_scalability/column_scalability/flights/9cols/2/MCAR/0.1/4/dirty_imputed.csv,None,
TRIARD,2026-09-16T02:53:14,ok,2,MCAR,9,10000,0.1,5,1.0,0.6982,0.8223,9000,2716,,515.5353,0.5917,/mnt/c/Users/daisl/Documents/Tullio/MISSDCEVEXP_COL/data_scalability/column_scalability/flights/9cols/2/MCAR/0.1/5/clean.csv,/mnt/c/Users/daisl/Documents/Tullio/MISSDCEVEXP_COL/data_scalability/column_scalability/flights/9cols/2/MCAR/0.1/5/dirty.csv,/mnt/c/Users/daisl/Documents/Tullio/MISSDCEVEXP_COL/data_scalability/column_scalability/flights/9cols/2/MCAR/0.1/5/dirty_imputed.csv,None,
TRIARD,2026-09-16T03:01:50,ok,3,MCAR,9,10000,0.1,1,1.0,0.5626,0.72,9000,3937,,926.6154,0.6454,/mnt/c/Users/daisl/Documents/Tullio/MISSDCEVEXP_COL/data_scalability/column_scalability/flights/9cols/3/MCAR/0.1/1/clean.csv,/mnt/c/Users/daisl/Documents/Tullio/MISSDCEVEXP_COL/data_scalability/column_scalability/flights/9cols/3/MCAR/0.1/1/dirty.csv,/mnt/c/Users/daisl/Documents/Tullio/MISSDCEVEXP_COL/data_scalability/column_scalability/flights/9cols/3/MCAR/0.1/1/dirty_imputed.csv,None,
TRIARD,2026-09-16T03:17:18,ok,3,MCAR,9,10000,0.1,2,0.9996,0.5603,0.7181,9000,3955,,1139.521,0.5787,/mnt/c/Users/daisl/Documents/Tullio/MISSDCEVEXP_COL/data_scalability/column_scalability/flights/9cols/3/MCAR/0.1/2/clean.csv,/mnt/c/Users/daisl/Documents/Tullio/MISSDCEVEXP_COL/data_scalability/column_scalability/flights/9cols/3/MCAR/0.1/2/dirty.csv,/mnt/c/Users/daisl/Documents/Tullio/MISSDCEVEXP_COL/data_scalability/column_scalability/flights/9cols/3/MCAR/0.1/2/dirty_imputed.csv,None,
TRIARD,2026-09-16T03:36:18,ok,3,MCAR,9,10000,0.1,3,0.9996,0.5686,0.7248,9000,3881,,868.9032,0.6339,/mnt/c/Users/daisl/Documents/Tullio/MISSDCEVEXP_COL/data_scalability/column_scalability/flights/9cols/3/MCAR/0.1/3/clean.csv,/mnt/c/Users/daisl/Documents/Tullio/MISSDCEVEXP_COL/data_scalability/column_scalability/flights/9cols/3/MCAR/0.1/3/dirty.csv,/mnt/c/Users/daisl/Documents/Tullio/MISSDCEVEXP_COL/data_scalability/column_scalability/flights/9cols/3/MCAR/0.1/3/dirty_imputed.csv,None,
TRIARD,2026-09-16T03:50:47,ok,3,MCAR,9,10000,0.1,4,0.9996,0.554,0.7129,9000,4012,,897.5099,0.5594,/mnt/c/Users/daisl/Documents/Tullio/MISSDCEVEXP_COL/data_scalability/column_scalability/flights/9cols/3/MCAR/0.1/4/clean.csv,/mnt/c/Users/daisl/Documents/Tullio/MISSDCEVEXP_COL/data_scalability/column_scalability/flights/9cols/3/MCAR/0.1/4/dirty.csv,/mnt/c/Users/daisl/Documents/Tullio/MISSDCEVEXP_COL/data_scalability/column_scalability/flights/9cols/3/MCAR/0.1/4/dirty_imputed.csv,None,
TRIARD,2026-09-16T04:05:45,ok,3,MCAR,9,10000,0.1,5,0.999,0.5634,0.7205,9000,3924,,1016.9007,0.5702,/mnt/c/Users/daisl/Documents/Tullio/MISSDCEVEXP_COL/data_scalability/column_scalability/flights/9cols/3/MCAR/0.1/5/clean.csv,/mnt/c/Users/daisl/Documents/Tullio/MISSDCEVEXP_COL/data_scalability/column_scalability/flights/9cols/3/MCAR/0.1/5/dirty.csv,/mnt/c/Users/daisl/Documents/Tullio/MISSDCEVEXP_COL/data_scalability/column_scalability/flights/9cols/3/MCAR/0.1/5/dirty_imputed.csv,None,
TRIARD,2026-09-16T04:22:43,ok,4,MCAR,9,10000,0.1,1,1.0,0.8059,0.8925,9000,1747,,311.6249,0.6564,/mnt/c/Users/daisl/Documents/Tullio/MISSDCEVEXP_COL/data_scalability/column_scalability/flights/9cols/4/MCAR/0.1/1/clean.csv,/mnt/c/Users/daisl/Documents/Tullio/MISSDCEVEXP_COL/data_scalability/column_scalability/flights/9cols/4/MCAR/0.1/1/dirty.csv,/mnt/c/Users/daisl/Documents/Tullio/MISSDCEVEXP_COL/data_scalability/column_scalability/flights/9cols/4/MCAR/0.1/1/dirty_imputed.csv,None,
TRIARD,2026-09-16T04:27:55,ok,4,MCAR,9,10000,0.1,2,1.0,0.8061,0.8926,9000,1745,,286.7487,0.5629,/mnt/c/Users/daisl/Documents/Tullio/MISSDCEVEXP_COL/data_scalability/column_scalability/flights/9cols/4/MCAR/0.1/2/clean.csv,/mnt/c/Users/daisl/Documents/Tullio/MISSDCEVEXP_COL/data_scalability/column_scalability/flights/9cols/4/MCAR/0.1/2/dirty.csv,/mnt/c/Users/daisl/Documents/Tullio/MISSDCEVEXP_COL/data_scalability/column_scalability/flights/9cols/4/MCAR/0.1/2/dirty_imputed.csv,None,
TRIARD,2026-09-16T04:32:43,ok,4,MCAR,9,10000,0.1,3,1.0,0.8176,0.8996,9000,1642,,281.3296,0.5459,/mnt/c/Users/daisl/Documents/Tullio/MISSDCEVEXP_COL/data_scalability/column_scalability/flights/9cols/4/MCAR/0.1/3/clean.csv,/mnt/c/Users/daisl/Documents/Tullio/MISSDCEVEXP_COL/data_scalability/column_scalability/flights/9cols/4/MCAR/0.1/3/dirty.csv,/mnt/c/Users/daisl/Documents/Tullio/MISSDCEVEXP_COL/data_scalability/column_scalability/flights/9cols/4/MCAR/0.1/3/dirty_imputed.csv,None,
TRIARD,2026-09-16T04:37:25,ok,4,MCAR,9,10000,0.1,4,1.0,0.818,0.8999,9000,1638,,309.7804,0.5694,/mnt/c/Users/daisl/Documents/Tullio/MISSDCEVEXP_COL/data_scalability/column_scalability/flights/9cols/4/MCAR/0.1/4/clean.csv,/mnt/c/Users/daisl/Documents/Tullio/MISSDCEVEXP_COL/data_scalability/column_scalability/flights/9cols/4/MCAR/0.1/4/dirty.csv,/mnt/c/Users/daisl/Documents/Tullio/MISSDCEVEXP_COL/data_scalability/column_scalability/flights/9cols/4/MCAR/0.1/4/dirty_imputed.csv,None,
TRIARD,2026-09-16T04:42:35,ok,4,MCAR,9,10000,0.1,5,1.0,0.811,0.8956,9000,1701,,291.2418,0.5582,/mnt/c/Users/daisl/Documents/Tullio/MISSDCEVEXP_COL/data_scalability/column_scalability/flights/9cols/4/MCAR/0.1/5/clean.csv,/mnt/c/Users/daisl/Documents/Tullio/MISSDCEVEXP_COL/data_scalability/column_scalability/flights/9cols/4/MCAR/0.1/5/dirty.csv,/mnt/c/Users/daisl/Documents/Tullio/MISSDCEVEXP_COL/data_scalability/column_scalability/flights/9cols/4/MCAR/0.1/5/dirty_imputed.csv,None,
TRIARD,2026-09-16T04:47:27,ok,5,MCAR,9,10000,0.1,1,0.7975,0.4582,0.582,9000,3829,,39556.0939,0.5783,/mnt/c/Users/daisl/Documents/Tullio/MISSDCEVEXP_COL/data_scalability/column_scalability/flights/9cols/5/MCAR/0.1/1/clean.csv,/mnt/c/Users/daisl/Documents/Tullio/MISSDCEVEXP_COL/data_scalability/column_scalability/flights/9cols/5/MCAR/0.1/1/dirty.csv,/mnt/c/Users/daisl/Documents/Tullio/MISSDCEVEXP_COL/data_scalability/column_scalability/flights/9cols/5/MCAR/0.1/1/dirty_imputed.csv,None,
TRIARD,2026-09-16T15:46:44,ok,5,MCAR,9,10000,0.1,2,0.8403,0.4671,0.6004,9000,3997,,989.7151,0.5929,/mnt/c/Users/daisl/Documents/Tullio/MISSDCEVEXP_COL/data_scalability/column_scalability/flights/9cols/5/MCAR/0.1/2/clean.csv,/mnt/c/Users/daisl/Documents/Tullio/MISSDCEVEXP_COL/data_scalability/column_scalability/flights/9cols/5/MCAR/0.1/2/dirty.csv,/mnt/c/Users/daisl/Documents/Tullio/MISSDCEVEXP_COL/data_scalability/column_scalability/flights/9cols/5/MCAR/0.1/2/dirty_imputed.csv,None,
TRIARD,2026-09-16T16:03:14,ok,5,MCAR,9,10000,0.1,3,0.831,0.4742,0.6038,9000,3864,,1073.7246,0.5758,/mnt/c/Users/daisl/Documents/Tullio/MISSDCEVEXP_COL/data_scalability/column_scalability/flights/9cols/5/MCAR/0.1/3/clean.csv,/mnt/c/Users/daisl/Documents/Tullio/MISSDCEVEXP_COL/data_scalability/column_scalability/flights/9cols/5/MCAR/0.1/3/dirty.csv,/mnt/c/Users/daisl/Documents/Tullio/MISSDCEVEXP_COL/data_scalability/column_scalability/flights/9cols/5/MCAR/0.1/3/dirty_imputed.csv,None,
TRIARD,2026-09-16T16:21:08,ok,5,MCAR,9,10000,0.1,4,0.8291,0.4748,0.6038,9000,3846,,895.5768,0.5631,/mnt/c/Users/daisl/Documents/Tullio/MISSDCEVEXP_COL/data_scalability/column_scalability/flights/9cols/5/MCAR/0.1/4/clean.csv,/mnt/c/Users/daisl/Documents/Tullio/MISSDCEVEXP_COL/data_scalability/column_scalability/flights/9cols/5/MCAR/0.1/4/dirty.csv,/mnt/c/Users/daisl/Documents/Tullio/MISSDCEVEXP_COL/data_scalability/column_scalability/flights/9cols/5/MCAR/0.1/4/dirty_imputed.csv,None,
TRIARD,2026-09-16T16:36:04,ok,5,MCAR,9,10000,0.1,5,0.7956,0.4588,0.582,9000,3810,,29329.9041,0.5652,/mnt/c/Users/daisl/Documents/Tullio/MISSDCEVEXP_COL/data_scalability/column_scalability/flights/9cols/5/MCAR/0.1/5/clean.csv,/mnt/c/Users/daisl/Documents/Tullio/MISSDCEVEXP_COL/data_scalability/column_scalability/flights/9cols/5/MCAR/0.1/5/dirty.csv,/mnt/c/Users/daisl/Documents/Tullio/MISSDCEVEXP_COL/data_scalability/column_scalability/flights/9cols/5/MCAR/0.1/5/dirty_imputed.csv,None,
TRIARD,2026-09-17T00:44:55,ok,6,MCAR,9,10000,0.1,1,1.0,0.7957,0.8862,9000,1839,,378.9198,0.561,/mnt/c/Users/daisl/Documents/Tullio/MISSDCEVEXP_COL/data_scalability/column_scalability/flights/9cols/6/MCAR/0.1/1/clean.csv,/mnt/c/Users/daisl/Documents/Tullio/MISSDCEVEXP_COL/data_scalability/column_scalability/flights/9cols/6/MCAR/0.1/1/dirty.csv,/mnt/c/Users/daisl/Documents/Tullio/MISSDCEVEXP_COL/data_scalability/column_scalability/flights/9cols/6/MCAR/0.1/1/dirty_imputed.csv,None,
TRIARD,2026-09-17T00:51:15,ok,6,MCAR,9,10000,0.1,2,1.0,0.7947,0.8856,9000,1848,,369.2508,0.5412,/mnt/c/Users/daisl/Documents/Tullio/MISSDCEVEXP_COL/data_scalability/column_scalability/flights/9cols/6/MCAR/0.1/2/clean.csv,/mnt/c/Users/daisl/Documents/Tullio/MISSDCEVEXP_COL/data_scalability/column_scalability/flights/9cols/6/MCAR/0.1/2/dirty.csv,/mnt/c/Users/daisl/Documents/Tullio/MISSDCEVEXP_COL/data_scalability/column_scalability/flights/9cols/6/MCAR/0.1/2/dirty_imputed.csv,None,
TRIARD,2026-09-17T00:57:24,ok,6,MCAR,9,10000,0.1,3,1.0,0.7912,0.8834,9000,1879,,351.4452,0.5441,/mnt/c/Users/daisl/Documents/Tullio/MISSDCEVEXP_COL/data_scalability/column_scalability/flights/9cols/6/MCAR/0.1/3/clean.csv,/mnt/c/Users/daisl/Documents/Tullio/MISSDCEVEXP_COL/data_scalability/column_scalability/flights/9cols/6/MCAR/0.1/3/dirty.csv,/mnt/c/Users/daisl/Documents/Tullio/MISSDCEVEXP_COL/data_scalability/column_scalability/flights/9cols/6/MCAR/0.1/3/dirty_imputed.csv,None,
TRIARD,2026-09-17T01:03:16,ok,6,MCAR,9,10000,0.1,4,1.0,0.7964,0.8867,9000,1832,,412.3001,0.6496,/mnt/c/Users/daisl/Documents/Tullio/MISSDCEVEXP_COL/data_scalability/column_scalability/flights/9cols/6/MCAR/0.1/4/clean.csv,/mnt/c/Users/daisl/Documents/Tullio/MISSDCEVEXP_COL/data_scalability/column_scalability/flights/9cols/6/MCAR/0.1/4/dirty.csv,/mnt/c/Users/daisl/Documents/Tullio/MISSDCEVEXP_COL/data_scalability/column_scalability/flights/9cols/6/MCAR/0.1/4/dirty_imputed.csv,None,
TRIARD,2026-09-17T01:10:09,ok,6,MCAR,9,10000,0.1,5,1.0,0.7953,0.886,9000,1842,,522.0639,0.5496,/mnt/c/Users/daisl/Documents/Tullio/MISSDCEVEXP_COL/data_scalability/column_scalability/flights/9cols/6/MCAR/0.1/5/clean.csv,/mnt/c/Users/daisl/Documents/Tullio/MISSDCEVEXP_COL/data_scalability/column_scalability/flights/9cols/6/MCAR/0.1/5/dirty.csv,/mnt/c/Users/daisl/Documents/Tullio/MISSDCEVEXP_COL/data_scalability/column_scalability/flights/9cols/6/MCAR/0.1/5/dirty_imputed.csv,None,
TRIARD,2026-09-17T01:18:52,ok,7,MCAR,9,10000,0.1,1,1.0,0.7287,0.843,9000,2442,,614.6711,0.595,/mnt/c/Users/daisl/Documents/Tullio/MISSDCEVEXP_COL/data_scalability/column_scalability/flights/9cols/7/MCAR/0.1/1/clean.csv,/mnt/c/Users/daisl/Documents/Tullio/MISSDCEVEXP_COL/data_scalability/column_scalability/flights/9cols/7/MCAR/0.1/1/dirty.csv,/mnt/c/Users/daisl/Documents/Tullio/MISSDCEVEXP_COL/data_scalability/column_scalability/flights/9cols/7/MCAR/0.1/1/dirty_imputed.csv,None,
TRIARD,2026-09-17T01:29:07,ok,7,MCAR,9,10000,0.1,2,1.0,0.7333,0.8462,9000,2400,,563.5462,0.5566,/mnt/c/Users/daisl/Documents/Tullio/MISSDCEVEXP_COL/data_scalability/column_scalability/flights/9cols/7/MCAR/0.1/2/clean.csv,/mnt/c/Users/daisl/Documents/Tullio/MISSDCEVEXP_COL/data_scalability/column_scalability/flights/9cols/7/MCAR/0.1/2/dirty.csv,/mnt/c/Users/daisl/Documents/Tullio/MISSDCEVEXP_COL/data_scalability/column_scalability/flights/9cols/7/MCAR/0.1/2/dirty_imputed.csv,None,
TRIARD,2026-09-17T01:38:32,ok,7,MCAR,9,10000,0.1,3,1.0,0.7308,0.8445,9000,2423,,694.7393,0.6709,/mnt/c/Users/daisl/Documents/Tullio/MISSDCEVEXP_COL/data_scalability/column_scalability/flights/9cols/7/MCAR/0.1/3/clean.csv,/mnt/c/Users/daisl/Documents/Tullio/MISSDCEVEXP_COL/data_scalability/column_scalability/flights/9cols/7/MCAR/0.1/3/dirty.csv,/mnt/c/Users/daisl/Documents/Tullio/MISSDCEVEXP_COL/data_scalability/column_scalability/flights/9cols/7/MCAR/0.1/3/dirty_imputed.csv,None,
TRIARD,2026-09-17T01:50:07,ok,7,MCAR,9,10000,0.1,4,1.0,0.7221,0.8386,9000,2501,,578.6332,0.5701,/mnt/c/Users/daisl/Documents/Tullio/MISSDCEVEXP_COL/data_scalability/column_scalability/flights/9cols/7/MCAR/0.1/4/clean.csv,/mnt/c/Users/daisl/Documents/Tullio/MISSDCEVEXP_COL/data_scalability/column_scalability/flights/9cols/7/MCAR/0.1/4/dirty.csv,/mnt/c/Users/daisl/Documents/Tullio/MISSDCEVEXP_COL/data_scalability/column_scalability/flights/9cols/7/MCAR/0.1/4/dirty_imputed.csv,None,
TRIARD,2026-09-17T01:59:46,ok,7,MCAR,9,10000,0.1,5,1.0,0.7332,0.8461,9000,2401,,619.5322,0.562,/mnt/c/Users/daisl/Documents/Tullio/MISSDCEVEXP_COL/data_scalability/column_scalability/flights/9cols/7/MCAR/0.1/5/clean.csv,/mnt/c/Users/daisl/Documents/Tullio/MISSDCEVEXP_COL/data_scalability/column_scalability/flights/9cols/7/MCAR/0.1/5/dirty.csv,/mnt/c/Users/daisl/Documents/Tullio/MISSDCEVEXP_COL/data_scalability/column_scalability/flights/9cols/7/MCAR/0.1/5/dirty_imputed.csv,None,
TRIARD,2026-09-17T02:10:06,ok,8,MCAR,9,10000,0.1,1,1.0,0.7167,0.835,9000,2550,,586.68,0.5538,/mnt/c/Users/daisl/Documents/Tullio/MISSDCEVEXP_COL/data_scalability/column_scalability/flights/9cols/8/MCAR/0.1/1/clean.csv,/mnt/c/Users/daisl/Documents/Tullio/MISSDCEVEXP_COL/data_scalability/column_scalability/flights/9cols/8/MCAR/0.1/1/dirty.csv,/mnt/c/Users/daisl/Documents/Tullio/MISSDCEVEXP_COL/data_scalability/column_scalability/flights/9cols/8/MCAR/0.1/1/dirty_imputed.csv,None,
TRIARD,2026-09-17T02:19:54,ok,8,MCAR,9,10000,0.1,2,1.0,0.731,0.8446,9000,2421,,649.0751,0.5744,/mnt/c/Users/daisl/Documents/Tullio/MISSDCEVEXP_COL/data_scalability/column_scalability/flights/9cols/8/MCAR/0.1/2/clean.csv,/mnt/c/Users/daisl/Documents/Tullio/MISSDCEVEXP_COL/data_scalability/column_scalability/flights/9cols/8/MCAR/0.1/2/dirty.csv,/mnt/c/Users/daisl/Documents/Tullio/MISSDCEVEXP_COL/data_scalability/column_scalability/flights/9cols/8/MCAR/0.1/2/dirty_imputed.csv,None,
TRIARD,2026-09-17T02:30:43,ok,8,MCAR,9,10000,0.1,3,1.0,0.7042,0.8264,9000,2662,,571.1715,0.6028,/mnt/c/Users/daisl/Documents/Tullio/MISSDCEVEXP_COL/data_scalability/column_scalability/flights/9cols/8/MCAR/0.1/3/clean.csv,/mnt/c/Users/daisl/Documents/Tullio/MISSDCEVEXP_COL/data_scalability/column_scalability/flights/9cols/8/MCAR/0.1/3/dirty.csv,/mnt/c/Users/daisl/Documents/Tullio/MISSDCEVEXP_COL/data_scalability/column_scalability/flights/9cols/8/MCAR/0.1/3/dirty_imputed.csv,None,
TRIARD,2026-09-17T02:40:15,ok,8,MCAR,9,10000,0.1,4,1.0,0.7064,0.828,9000,2642,,805.3478,0.63,/mnt/c/Users/daisl/Documents/Tullio/MISSDCEVEXP_COL/data_scalability/column_scalability/flights/9cols/8/MCAR/0.1/4/clean.csv,/mnt/c/Users/daisl/Documents/Tullio/MISSDCEVEXP_COL/data_scalability/column_scalability/flights/9cols/8/MCAR/0.1/4/dirty.csv,/mnt/c/Users/daisl/Documents/Tullio/MISSDCEVEXP_COL/data_scalability/column_scalability/flights/9cols/8/MCAR/0.1/4/dirty_imputed.csv,None,
TRIARD,2026-09-17T02:53:41,ok,8,MCAR,9,10000,0.1,5,1.0,0.7041,0.8264,9000,2663,,593.4571,0.5775,/mnt/c/Users/daisl/Documents/Tullio/MISSDCEVEXP_COL/data_scalability/column_scalability/flights/9cols/8/MCAR/0.1/5/clean.csv,/mnt/c/Users/daisl/Documents/Tullio/MISSDCEVEXP_COL/data_scalability/column_scalability/flights/9cols/8/MCAR/0.1/5/dirty.csv,/mnt/c/Users/daisl/Documents/Tullio/MISSDCEVEXP_COL/data_scalability/column_scalability/flights/9cols/8/MCAR/0.1/5/dirty_imputed.csv,None,
TRIARD,2026-09-17T03:03:35,ok,9,MCAR,9,10000,0.1,1,1.0,0.5421,0.7031,9000,4121,,1288.3821,0.6462,/mnt/c/Users/daisl/Documents/Tullio/MISSDCEVEXP_COL/data_scalability/column_scalability/flights/9cols/9/MCAR/0.1/1/clean.csv,/mnt/c/Users/daisl/Documents/Tullio/MISSDCEVEXP_COL/data_scalability/column_scalability/flights/9cols/9/MCAR/0.1/1/dirty.csv,/mnt/c/Users/daisl/Documents/Tullio/MISSDCEVEXP_COL/data_scalability/column_scalability/flights/9cols/9/MCAR/0.1/1/dirty_imputed.csv,None,
TRIARD,2026-09-17T03:25:04,ok,9,MCAR,9,10000,0.1,2,0.9988,0.5407,0.7016,9000,4128,,1257.8915,0.5869,/mnt/c/Users/daisl/Documents/Tullio/MISSDCEVEXP_COL/data_scalability/column_scalability/flights/9cols/9/MCAR/0.1/2/clean.csv,/mnt/c/Users/daisl/Documents/Tullio/MISSDCEVEXP_COL/data_scalability/column_scalability/flights/9cols/9/MCAR/0.1/2/dirty.csv,/mnt/c/Users/daisl/Documents/Tullio/MISSDCEVEXP_COL/data_scalability/column_scalability/flights/9cols/9/MCAR/0.1/2/dirty_imputed.csv,None,
TRIARD,2026-09-17T03:46:03,ok,9,MCAR,9,10000,0.1,3,0.9986,0.5499,0.7092,9000,4044,,1120.2015,0.5681,/mnt/c/Users/daisl/Documents/Tullio/MISSDCEVEXP_COL/data_scalability/column_scalability/flights/9cols/9/MCAR/0.1/3/clean.csv,/mnt/c/Users/daisl/Documents/Tullio/MISSDCEVEXP_COL/data_scalability/column_scalability/flights/9cols/9/MCAR/0.1/3/dirty.csv,/mnt/c/Users/daisl/Documents/Tullio/MISSDCEVEXP_COL/data_scalability/column_scalability/flights/9cols/9/MCAR/0.1/3/dirty_imputed.csv,None,
TRIARD,2026-09-17T04:04:44,ok,9,MCAR,9,10000,0.1,4,0.9992,0.5361,0.6978,9000,4171,,1018.8056,0.5819,/mnt/c/Users/daisl/Documents/Tullio/MISSDCEVEXP_COL/data_scalability/column_scalability/flights/9cols/9/MCAR/0.1/4/clean.csv,/mnt/c/Users/daisl/Documents/Tullio/MISSDCEVEXP_COL/data_scalability/column_scalability/flights/9cols/9/MCAR/0.1/4/dirty.csv,/mnt/c/Users/daisl/Documents/Tullio/MISSDCEVEXP_COL/data_scalability/column_scalability/flights/9cols/9/MCAR/0.1/4/dirty_imputed.csv,None,
TRIARD,2026-09-17T04:21:43,ok,9,MCAR,9,10000,0.1,5,0.999,0.5296,0.6922,9000,4229,,1352.4497,0.5909,/mnt/c/Users/daisl/Documents/Tullio/MISSDCEVEXP_COL/data_scalability/column_scalability/flights/9cols/9/MCAR/0.1/5/clean.csv,/mnt/c/Users/daisl/Documents/Tullio/MISSDCEVEXP_COL/data_scalability/column_scalability/flights/9cols/9/MCAR/0.1/5/dirty.csv,/mnt/c/Users/daisl/Documents/Tullio/MISSDCEVEXP_COL/data_scalability/column_scalability/flights/9cols/9/MCAR/0.1/5/dirty_imputed.csv,None,
TRIARD,2026-09-12T06:36:43,ok,1,MCAR,10,10000,0.1,1,0.9105,0.8056,0.8548,10000,1152,,653.3446,0.6126,/mnt/c/Users/daisl/Documents/Tullio/MISSDCEVEXP_ROW/data_scalability/column_scalability/flights/10cols/1/MCAR/0.1/1/clean.csv,/mnt/c/Users/daisl/Documents/Tullio/MISSDCEVEXP_ROW/data_scalability/column_scalability/flights/10cols/1/MCAR/0.1/1/dirty.csv,/mnt/c/Users/daisl/Documents/Tullio/MISSDCEVEXP_ROW/data_scalability/column_scalability/flights/10cols/1/MCAR/0.1/1/dirty_imputed.csv,None,
TRIARD,2026-09-12T06:47:37,ok,1,MCAR,10,10000,0.1,2,0.9004,0.7954,0.8446,10000,1166,,759.2758,0.6368,/mnt/c/Users/daisl/Documents/Tullio/MISSDCEVEXP_ROW/data_scalability/column_scalability/flights/10cols/1/MCAR/0.1/2/clean.csv,/mnt/c/Users/daisl/Documents/Tullio/MISSDCEVEXP_ROW/data_scalability/column_scalability/flights/10cols/1/MCAR/0.1/2/dirty.csv,/mnt/c/Users/daisl/Documents/Tullio/MISSDCEVEXP_ROW/data_scalability/column_scalability/flights/10cols/1/MCAR/0.1/2/dirty_imputed.csv,None,
TRIARD,2026-09-12T07:00:17,ok,1,MCAR,10,10000,0.1,3,0.9129,0.8093,0.858,10000,1135,,744.9503,0.5874,/mnt/c/Users/daisl/Documents/Tullio/MISSDCEVEXP_ROW/data_scalability/column_scalability/flights/10cols/1/MCAR/0.1/3/clean.csv,/mnt/c/Users/daisl/Documents/Tullio/MISSDCEVEXP_ROW/data_scalability/column_scalability/flights/10cols/1/MCAR/0.1/3/dirty.csv,/mnt/c/Users/daisl/Documents/Tullio/MISSDCEVEXP_ROW/data_scalability/column_scalability/flights/10cols/1/MCAR/0.1/3/dirty_imputed.csv,None,
TRIARD,2026-09-12T07:12:42,ok,1,MCAR,10,10000,0.1,4,0.9091,0.8034,0.853,10000,1163,,985.3017,0.6728,/mnt/c/Users/daisl/Documents/Tullio/MISSDCEVEXP_ROW/data_scalability/column_scalability/flights/10cols/1/MCAR/0.1/4/clean.csv,/mnt/c/Users/daisl/Documents/Tullio/MISSDCEVEXP_ROW/data_scalability/column_scalability/flights/10cols/1/MCAR/0.1/4/dirty.csv,/mnt/c/Users/daisl/Documents/Tullio/MISSDCEVEXP_ROW/data_scalability/column_scalability/flights/10cols/1/MCAR/0.1/4/dirty_imputed.csv,None,
TRIARD,2026-09-12T07:29:08,ok,1,MCAR,10,10000,0.1,5,0.911,0.8058,0.8552,10000,1155,,928.4338,0.5998,/mnt/c/Users/daisl/Documents/Tullio/MISSDCEVEXP_ROW/data_scalability/column_scalability/flights/10cols/1/MCAR/0.1/5/clean.csv,/mnt/c/Users/daisl/Documents/Tullio/MISSDCEVEXP_ROW/data_scalability/column_scalability/flights/10cols/1/MCAR/0.1/5/dirty.csv,/mnt/c/Users/daisl/Documents/Tullio/MISSDCEVEXP_ROW/data_scalability/column_scalability/flights/10cols/1/MCAR/0.1/5/dirty_imputed.csv,None,
TRIARD,2026-09-12T07:44:38,ok,10,MCAR,10,10000,0.1,1,1.0,0.8603,0.9249,10000,1397,,327.208,0.5348,/mnt/c/Users/daisl/Documents/Tullio/MISSDCEVEXP_ROW/data_scalability/column_scalability/flights/10cols/10/MCAR/0.1/1/clean.csv,/mnt/c/Users/daisl/Documents/Tullio/MISSDCEVEXP_ROW/data_scalability/column_scalability/flights/10cols/10/MCAR/0.1/1/dirty.csv,/mnt/c/Users/daisl/Documents/Tullio/MISSDCEVEXP_ROW/data_scalability/column_scalability/flights/10cols/10/MCAR/0.1/1/dirty_imputed.csv,None,
TRIARD,2026-09-12T07:50:05,ok,10,MCAR,10,10000,0.1,2,1.0,0.8642,0.9272,10000,1358,,340.2215,0.5805,/mnt/c/Users/daisl/Documents/Tullio/MISSDCEVEXP_ROW/data_scalability/column_scalability/flights/10cols/10/MCAR/0.1/2/clean.csv,/mnt/c/Users/daisl/Documents/Tullio/MISSDCEVEXP_ROW/data_scalability/column_scalability/flights/10cols/10/MCAR/0.1/2/dirty.csv,/mnt/c/Users/daisl/Documents/Tullio/MISSDCEVEXP_ROW/data_scalability/column_scalability/flights/10cols/10/MCAR/0.1/2/dirty_imputed.csv,None,
TRIARD,2026-09-12T07:55:46,ok,10,MCAR,10,10000,0.1,3,1.0,0.8527,0.9205,10000,1473,,312.4955,0.5948,/mnt/c/Users/daisl/Documents/Tullio/MISSDCEVEXP_ROW/data_scalability/column_scalability/flights/10cols/10/MCAR/0.1/3/clean.csv,/mnt/c/Users/daisl/Documents/Tullio/MISSDCEVEXP_ROW/data_scalability/column_scalability/flights/10cols/10/MCAR/0.1/3/dirty.csv,/mnt/c/Users/daisl/Documents/Tullio/MISSDCEVEXP_ROW/data_scalability/column_scalability/flights/10cols/10/MCAR/0.1/3/dirty_imputed.csv,None,
TRIARD,2026-09-12T08:00:59,ok,10,MCAR,10,10000,0.1,4,1.0,0.8435,0.9151,10000,1565,,337.5038,0.5871,/mnt/c/Users/daisl/Documents/Tullio/MISSDCEVEXP_ROW/data_scalability/column_scalability/flights/10cols/10/MCAR/0.1/4/clean.csv,/mnt/c/Users/daisl/Documents/Tullio/MISSDCEVEXP_ROW/data_scalability/column_scalability/flights/10cols/10/MCAR/0.1/4/dirty.csv,/mnt/c/Users/daisl/Documents/Tullio/MISSDCEVEXP_ROW/data_scalability/column_scalability/flights/10cols/10/MCAR/0.1/4/dirty_imputed.csv,None,
TRIARD,2026-09-12T08:06:38,ok,10,MCAR,10,10000,0.1,5,1.0,0.8438,0.9153,10000,1562,,342.4171,0.6846,/mnt/c/Users/daisl/Documents/Tullio/MISSDCEVEXP_ROW/data_scalability/column_scalability/flights/10cols/10/MCAR/0.1/5/clean.csv,/mnt/c/Users/daisl/Documents/Tullio/MISSDCEVEXP_ROW/data_scalability/column_scalability/flights/10cols/10/MCAR/0.1/5/dirty.csv,/mnt/c/Users/daisl/Documents/Tullio/MISSDCEVEXP_ROW/data_scalability/column_scalability/flights/10cols/10/MCAR/0.1/5/dirty_imputed.csv,None,
TRIARD,2026-09-12T08:12:21,ok,2,MCAR,10,10000,0.1,1,1.0,0.6704,0.8027,10000,3296,,1844.663,0.587,/mnt/c/Users/daisl/Documents/Tullio/MISSDCEVEXP_ROW/data_scalability/column_scalability/flights/10cols/2/MCAR/0.1/1/clean.csv,/mnt/c/Users/daisl/Documents/Tullio/MISSDCEVEXP_ROW/data_scalability/column_scalability/flights/10cols/2/MCAR/0.1/1/dirty.csv,/mnt/c/Users/daisl/Documents/Tullio/MISSDCEVEXP_ROW/data_scalability/column_scalability/flights/10cols/2/MCAR/0.1/1/dirty_imputed.csv,None,
TRIARD,2026-09-12T08:43:06,ok,2,MCAR,10,10000,0.1,2,1.0,0.6499,0.7878,10000,3501,,1069.0439,0.5652,/mnt/c/Users/daisl/Documents/Tullio/MISSDCEVEXP_ROW/data_scalability/column_scalability/flights/10cols/2/MCAR/0.1/2/clean.csv,/mnt/c/Users/daisl/Documents/Tullio/MISSDCEVEXP_ROW/data_scalability/column_scalability/flights/10cols/2/MCAR/0.1/2/dirty.csv,/mnt/c/Users/daisl/Documents/Tullio/MISSDCEVEXP_ROW/data_scalability/column_scalability/flights/10cols/2/MCAR/0.1/2/dirty_imputed.csv,None,
TRIARD,2026-09-12T09:00:56,ok,2,MCAR,10,10000,0.1,3,1.0,0.6623,0.7968,10000,3377,,1247.7619,0.8202,/mnt/c/Users/daisl/Documents/Tullio/MISSDCEVEXP_ROW/data_scalability/column_scalability/flights/10cols/2/MCAR/0.1/3/clean.csv,/mnt/c/Users/daisl/Documents/Tullio/MISSDCEVEXP_ROW/data_scalability/column_scalability/flights/10cols/2/MCAR/0.1/3/dirty.csv,/mnt/c/Users/daisl/Documents/Tullio/MISSDCEVEXP_ROW/data_scalability/column_scalability/flights/10cols/2/MCAR/0.1/3/dirty_imputed.csv,None,
TRIARD,2026-09-12T09:21:44,ok,2,MCAR,10,10000,0.1,4,1.0,0.6705,0.8028,10000,3295,,906.8931,0.6255,/mnt/c/Users/daisl/Documents/Tullio/MISSDCEVEXP_ROW/data_scalability/column_scalability/flights/10cols/2/MCAR/0.1/4/clean.csv,/mnt/c/Users/daisl/Documents/Tullio/MISSDCEVEXP_ROW/data_scalability/column_scalability/flights/10cols/2/MCAR/0.1/4/dirty.csv,/mnt/c/Users/daisl/Documents/Tullio/MISSDCEVEXP_ROW/data_scalability/column_scalability/flights/10cols/2/MCAR/0.1/4/dirty_imputed.csv,None,
TRIARD,2026-09-12T09:36:52,ok,2,MCAR,10,10000,0.1,5,1.0,0.649,0.7871,10000,3510,,876.4345,0.6112,/mnt/c/Users/daisl/Documents/Tullio/MISSDCEVEXP_ROW/data_scalability/column_scalability/flights/10cols/2/MCAR/0.1/5/clean.csv,/mnt/c/Users/daisl/Documents/Tullio/MISSDCEVEXP_ROW/data_scalability/column_scalability/flights/10cols/2/MCAR/0.1/5/dirty.csv,/mnt/c/Users/daisl/Documents/Tullio/MISSDCEVEXP_ROW/data_scalability/column_scalability/flights/10cols/2/MCAR/0.1/5/dirty_imputed.csv,None,
TRIARD,2026-09-12T09:51:29,ok,3,MCAR,10,10000,0.1,1,1.0,0.8455,0.9163,10000,1545,,302.636,0.5835,/mnt/c/Users/daisl/Documents/Tullio/MISSDCEVEXP_ROW/data_scalability/column_scalability/flights/10cols/3/MCAR/0.1/1/clean.csv,/mnt/c/Users/daisl/Documents/Tullio/MISSDCEVEXP_ROW/data_scalability/column_scalability/flights/10cols/3/MCAR/0.1/1/dirty.csv,/mnt/c/Users/daisl/Documents/Tullio/MISSDCEVEXP_ROW/data_scalability/column_scalability/flights/10cols/3/MCAR/0.1/1/dirty_imputed.csv,None,
TRIARD,2026-09-12T09:56:32,ok,3,MCAR,10,10000,0.1,2,1.0,0.83,0.9071,10000,1700,,275.879,0.5722,/mnt/c/Users/daisl/Documents/Tullio/MISSDCEVEXP_ROW/data_scalability/column_scalability/flights/10cols/3/MCAR/0.1/2/clean.csv,/mnt/c/Users/daisl/Documents/Tullio/MISSDCEVEXP_ROW/data_scalability/column_scalability/flights/10cols/3/MCAR/0.1/2/dirty.csv,/mnt/c/Users/daisl/Documents/Tullio/MISSDCEVEXP_ROW/data_scalability/column_scalability/flights/10cols/3/MCAR/0.1/2/dirty_imputed.csv,None,
TRIARD,2026-09-12T10:01:09,ok,3,MCAR,10,10000,0.1,3,1.0,0.8224,0.9025,10000,1776,,289.2134,0.5888,/mnt/c/Users/daisl/Documents/Tullio/MISSDCEVEXP_ROW/data_scalability/column_scalability/flights/10cols/3/MCAR/0.1/3/clean.csv,/mnt/c/Users/daisl/Documents/Tullio/MISSDCEVEXP_ROW/data_scalability/column_scalability/flights/10cols/3/MCAR/0.1/3/dirty.csv,/mnt/c/Users/daisl/Documents/Tullio/MISSDCEVEXP_ROW/data_scalability/column_scalability/flights/10cols/3/MCAR/0.1/3/dirty_imputed.csv,None,
TRIARD,2026-09-12T10:05:59,ok,3,MCAR,10,10000,0.1,4,1.0,0.8258,0.9046,10000,1742,,297.3445,0.5758,/mnt/c/Users/daisl/Documents/Tullio/MISSDCEVEXP_ROW/data_scalability/column_scalability/flights/10cols/3/MCAR/0.1/4/clean.csv,/mnt/c/Users/daisl/Documents/Tullio/MISSDCEVEXP_ROW/data_scalability/column_scalability/flights/10cols/3/MCAR/0.1/4/dirty.csv,/mnt/c/Users/daisl/Documents/Tullio/MISSDCEVEXP_ROW/data_scalability/column_scalability/flights/10cols/3/MCAR/0.1/4/dirty_imputed.csv,None,
TRIARD,2026-09-12T10:10:56,ok,3,MCAR,10,10000,0.1,5,1.0,0.8391,0.9125,10000,1609,,267.4667,0.6168,/mnt/c/Users/daisl/Documents/Tullio/MISSDCEVEXP_ROW/data_scalability/column_scalability/flights/10cols/3/MCAR/0.1/5/clean.csv,/mnt/c/Users/daisl/Documents/Tullio/MISSDCEVEXP_ROW/data_scalability/column_scalability/flights/10cols/3/MCAR/0.1/5/dirty.csv,/mnt/c/Users/daisl/Documents/Tullio/MISSDCEVEXP_ROW/data_scalability/column_scalability/flights/10cols/3/MCAR/0.1/5/dirty_imputed.csv,None,
TRIARD,2026-09-12T10:15:25,ok,4,MCAR,10,10000,0.1,1,0.992,0.696,0.8181,10000,2984,,1073.758,0.5947,/mnt/c/Users/daisl/Documents/Tullio/MISSDCEVEXP_ROW/data_scalability/column_scalability/flights/10cols/4/MCAR/0.1/1/clean.csv,/mnt/c/Users/daisl/Documents/Tullio/MISSDCEVEXP_ROW/data_scalability/column_scalability/flights/10cols/4/MCAR/0.1/1/dirty.csv,/mnt/c/Users/daisl/Documents/Tullio/MISSDCEVEXP_ROW/data_scalability/column_scalability/flights/10cols/4/MCAR/0.1/1/dirty_imputed.csv,None,
TRIARD,2026-09-12T10:33:19,ok,4,MCAR,10,10000,0.1,2,0.9907,0.7023,0.8219,10000,2911,,994.6077,0.5885,/mnt/c/Users/daisl/Documents/Tullio/MISSDCEVEXP_ROW/data_scalability/column_scalability/flights/10cols/4/MCAR/0.1/2/clean.csv,/mnt/c/Users/daisl/Documents/Tullio/MISSDCEVEXP_ROW/data_scalability/column_scalability/flights/10cols/4/MCAR/0.1/2/dirty.csv,/mnt/c/Users/daisl/Documents/Tullio/MISSDCEVEXP_ROW/data_scalability/column_scalability/flights/10cols/4/MCAR/0.1/2/dirty_imputed.csv,None,
TRIARD,2026-09-12T10:49:54,ok,4,MCAR,10,10000,0.1,3,0.9905,0.7077,0.8255,10000,2855,,1058.9036,0.6338,/mnt/c/Users/daisl/Documents/Tullio/MISSDCEVEXP_ROW/data_scalability/column_scalability/flights/10cols/4/MCAR/0.1/3/clean.csv,/mnt/c/Users/daisl/Documents/Tullio/MISSDCEVEXP_ROW/data_scalability/column_scalability/flights/10cols/4/MCAR/0.1/3/dirty.csv,/mnt/c/Users/daisl/Documents/Tullio/MISSDCEVEXP_ROW/data_scalability/column_scalability/flights/10cols/4/MCAR/0.1/3/dirty_imputed.csv,None,
TRIARD,2026-09-12T11:07:34,ok,4,MCAR,10,10000,0.1,4,0.9886,0.702,0.821,10000,2899,,1123.5004,0.5532,/mnt/c/Users/daisl/Documents/Tullio/MISSDCEVEXP_ROW/data_scalability/column_scalability/flights/10cols/4/MCAR/0.1/4/clean.csv,/mnt/c/Users/daisl/Documents/Tullio/MISSDCEVEXP_ROW/data_scalability/column_scalability/flights/10cols/4/MCAR/0.1/4/dirty.csv,/mnt/c/Users/daisl/Documents/Tullio/MISSDCEVEXP_ROW/data_scalability/column_scalability/flights/10cols/4/MCAR/0.1/4/dirty_imputed.csv,None,
TRIARD,2026-09-12T11:26:18,ok,4,MCAR,10,10000,0.1,5,0.9904,0.702,0.8216,10000,2912,,1070.3024,0.6605,/mnt/c/Users/daisl/Documents/Tullio/MISSDCEVEXP_ROW/data_scalability/column_scalability/flights/10cols/4/MCAR/0.1/5/clean.csv,/mnt/c/Users/daisl/Documents/Tullio/MISSDCEVEXP_ROW/data_scalability/column_scalability/flights/10cols/4/MCAR/0.1/5/dirty.csv,/mnt/c/Users/daisl/Documents/Tullio/MISSDCEVEXP_ROW/data_scalability/column_scalability/flights/10cols/4/MCAR/0.1/5/dirty_imputed.csv,None,
TRIARD,2026-09-12T11:44:09,ok,5,MCAR,10,10000,0.1,1,1.0,0.5618,0.7194,10000,4382,,1368.124,0.5727,/mnt/c/Users/daisl/Documents/Tullio/MISSDCEVEXP_ROW/data_scalability/column_scalability/flights/10cols/5/MCAR/0.1/1/clean.csv,/mnt/c/Users/daisl/Documents/Tullio/MISSDCEVEXP_ROW/data_scalability/column_scalability/flights/10cols/5/MCAR/0.1/1/dirty.csv,/mnt/c/Users/daisl/Documents/Tullio/MISSDCEVEXP_ROW/data_scalability/column_scalability/flights/10cols/5/MCAR/0.1/1/dirty_imputed.csv,None,
TRIARD,2026-09-12T12:06:58,ok,5,MCAR,10,10000,0.1,2,1.0,0.5722,0.7279,10000,4278,,1014.387,0.5771,/mnt/c/Users/daisl/Documents/Tullio/MISSDCEVEXP_ROW/data_scalability/column_scalability/flights/10cols/5/MCAR/0.1/2/clean.csv,/mnt/c/Users/daisl/Documents/Tullio/MISSDCEVEXP_ROW/data_scalability/column_scalability/flights/10cols/5/MCAR/0.1/2/dirty.csv,/mnt/c/Users/daisl/Documents/Tullio/MISSDCEVEXP_ROW/data_scalability/column_scalability/flights/10cols/5/MCAR/0.1/2/dirty_imputed.csv,None,
TRIARD,2026-09-12T12:23:53,ok,5,MCAR,10,10000,0.1,3,0.9985,0.5863,0.7388,10000,4128,,1636.3241,0.6228,/mnt/c/Users/daisl/Documents/Tullio/MISSDCEVEXP_ROW/data_scalability/column_scalability/flights/10cols/5/MCAR/0.1/3/clean.csv,/mnt/c/Users/daisl/Documents/Tullio/MISSDCEVEXP_ROW/data_scalability/column_scalability/flights/10cols/5/MCAR/0.1/3/dirty.csv,/mnt/c/Users/daisl/Documents/Tullio/MISSDCEVEXP_ROW/data_scalability/column_scalability/flights/10cols/5/MCAR/0.1/3/dirty_imputed.csv,None,
TRIARD,2026-09-12T12:51:10,ok,5,MCAR,10,10000,0.1,4,0.9998,0.569,0.7253,10000,4309,,1265.9123,0.5665,/mnt/c/Users/daisl/Documents/Tullio/MISSDCEVEXP_ROW/data_scalability/column_scalability/flights/10cols/5/MCAR/0.1/4/clean.csv,/mnt/c/Users/daisl/Documents/Tullio/MISSDCEVEXP_ROW/data_scalability/column_scalability/flights/10cols/5/MCAR/0.1/4/dirty.csv,/mnt/c/Users/daisl/Documents/Tullio/MISSDCEVEXP_ROW/data_scalability/column_scalability/flights/10cols/5/MCAR/0.1/4/dirty_imputed.csv,None,
TRIARD,2026-09-12T13:12:16,ok,5,MCAR,10,10000,0.1,5,0.9998,0.574,0.7293,10000,4259,,1267.8707,0.5697,/mnt/c/Users/daisl/Documents/Tullio/MISSDCEVEXP_ROW/data_scalability/column_scalability/flights/10cols/5/MCAR/0.1/5/clean.csv,/mnt/c/Users/daisl/Documents/Tullio/MISSDCEVEXP_ROW/data_scalability/column_scalability/flights/10cols/5/MCAR/0.1/5/dirty.csv,/mnt/c/Users/daisl/Documents/Tullio/MISSDCEVEXP_ROW/data_scalability/column_scalability/flights/10cols/5/MCAR/0.1/5/dirty_imputed.csv,None,
TRIARD,2026-09-12T13:33:25,ok,6,MCAR,10,10000,0.1,1,0.9996,0.678,0.808,10000,3217,,1846.3139,0.5797,/mnt/c/Users/daisl/Documents/Tullio/MISSDCEVEXP_ROW/data_scalability/column_scalability/flights/10cols/6/MCAR/0.1/1/clean.csv,/mnt/c/Users/daisl/Documents/Tullio/MISSDCEVEXP_ROW/data_scalability/column_scalability/flights/10cols/6/MCAR/0.1/1/dirty.csv,/mnt/c/Users/daisl/Documents/Tullio/MISSDCEVEXP_ROW/data_scalability/column_scalability/flights/10cols/6/MCAR/0.1/1/dirty_imputed.csv,None,
TRIARD,2026-09-12T14:04:12,ok,6,MCAR,10,10000,0.1,2,1.0,0.6668,0.8001,10000,3332,,1543.7664,0.6811,/mnt/c/Users/daisl/Documents/Tullio/MISSDCEVEXP_ROW/data_scalability/column_scalability/flights/10cols/6/MCAR/0.1/2/clean.csv,/mnt/c/Users/daisl/Documents/Tullio/MISSDCEVEXP_ROW/data_scalability/column_scalability/flights/10cols/6/MCAR/0.1/2/dirty.csv,/mnt/c/Users/daisl/Documents/Tullio/MISSDCEVEXP_ROW/data_scalability/column_scalability/flights/10cols/6/MCAR/0.1/2/dirty_imputed.csv,None,
TRIARD,2026-09-12T14:29:56,ok,6,MCAR,10,10000,0.1,3,0.9996,0.6687,0.8013,10000,3310,,1846.1417,0.5502,/mnt/c/Users/daisl/Documents/Tullio/MISSDCEVEXP_ROW/data_scalability/column_scalability/flights/10cols/6/MCAR/0.1/3/clean.csv,/mnt/c/Users/daisl/Documents/Tullio/MISSDCEVEXP_ROW/data_scalability/column_scalability/flights/10cols/6/MCAR/0.1/3/dirty.csv,/mnt/c/Users/daisl/Documents/Tullio/MISSDCEVEXP_ROW/data_scalability/column_scalability/flights/10cols/6/MCAR/0.1/3/dirty_imputed.csv,None,
TRIARD,2026-09-12T15:00:43,ok,6,MCAR,10,10000,0.1,4,0.9997,0.6677,0.8006,10000,3321,,1970.6387,0.5772,/mnt/c/Users/daisl/Documents/Tullio/MISSDCEVEXP_ROW/data_scalability/column_scalability/flights/10cols/6/MCAR/0.1/4/clean.csv,/mnt/c/Users/daisl/Documents/Tullio/MISSDCEVEXP_ROW/data_scalability/column_scalability/flights/10cols/6/MCAR/0.1/4/dirty.csv,/mnt/c/Users/daisl/Documents/Tullio/MISSDCEVEXP_ROW/data_scalability/column_scalability/flights/10cols/6/MCAR/0.1/4/dirty_imputed.csv,None,
TRIARD,2026-09-12T15:33:34,ok,6,MCAR,10,10000,0.1,5,0.9996,0.667,0.8001,10000,3327,,1629.3999,0.6788,/mnt/c/Users/daisl/Documents/Tullio/MISSDCEVEXP_ROW/data_scalability/column_scalability/flights/10cols/6/MCAR/0.1/5/clean.csv,/mnt/c/Users/daisl/Documents/Tullio/MISSDCEVEXP_ROW/data_scalability/column_scalability/flights/10cols/6/MCAR/0.1/5/dirty.csv,/mnt/c/Users/daisl/Documents/Tullio/MISSDCEVEXP_ROW/data_scalability/column_scalability/flights/10cols/6/MCAR/0.1/5/dirty_imputed.csv,None,
TRIARD,2026-09-12T16:00:44,ok,7,MCAR,10,10000,0.1,1,0.9998,0.5893,0.7415,10000,4106,,1785.7789,0.5803,/mnt/c/Users/daisl/Documents/Tullio/MISSDCEVEXP_ROW/data_scalability/column_scalability/flights/10cols/7/MCAR/0.1/1/clean.csv,/mnt/c/Users/daisl/Documents/Tullio/MISSDCEVEXP_ROW/data_scalability/column_scalability/flights/10cols/7/MCAR/0.1/1/dirty.csv,/mnt/c/Users/daisl/Documents/Tullio/MISSDCEVEXP_ROW/data_scalability/column_scalability/flights/10cols/7/MCAR/0.1/1/dirty_imputed.csv,None,
TRIARD,2026-09-12T16:30:31,ok,7,MCAR,10,10000,0.1,2,1.0,0.5944,0.7456,10000,4056,,2169.5297,0.593,/mnt/c/Users/daisl/Documents/Tullio/MISSDCEVEXP_ROW/data_scalability/column_scalability/flights/10cols/7/MCAR/0.1/2/clean.csv,/mnt/c/Users/daisl/Documents/Tullio/MISSDCEVEXP_ROW/data_scalability/column_scalability/flights/10cols/7/MCAR/0.1/2/dirty.csv,/mnt/c/Users/daisl/Documents/Tullio/MISSDCEVEXP_ROW/data_scalability/column_scalability/flights/10cols/7/MCAR/0.1/2/dirty_imputed.csv,None,
TRIARD,2026-09-12T17:06:41,ok,7,MCAR,10,10000,0.1,3,0.999,0.608,0.7559,10000,3914,,1498.8054,0.592,/mnt/c/Users/daisl/Documents/Tullio/MISSDCEVEXP_ROW/data_scalability/column_scalability/flights/10cols/7/MCAR/0.1/3/clean.csv,/mnt/c/Users/daisl/Documents/Tullio/MISSDCEVEXP_ROW/data_scalability/column_scalability/flights/10cols/7/MCAR/0.1/3/dirty.csv,/mnt/c/Users/daisl/Documents/Tullio/MISSDCEVEXP_ROW/data_scalability/column_scalability/flights/10cols/7/MCAR/0.1/3/dirty_imputed.csv,None,
TRIARD,2026-09-12T17:31:40,ok,7,MCAR,10,10000,0.1,4,0.9995,0.5923,0.7438,10000,4074,,1708.4233,0.57,/mnt/c/Users/daisl/Documents/Tullio/MISSDCEVEXP_ROW/data_scalability/column_scalability/flights/10cols/7/MCAR/0.1/4/clean.csv,/mnt/c/Users/daisl/Documents/Tullio/MISSDCEVEXP_ROW/data_scalability/column_scalability/flights/10cols/7/MCAR/0.1/4/dirty.csv,/mnt/c/Users/daisl/Documents/Tullio/MISSDCEVEXP_ROW/data_scalability/column_scalability/flights/10cols/7/MCAR/0.1/4/dirty_imputed.csv,None,
TRIARD,2026-09-12T18:00:09,ok,7,MCAR,10,10000,0.1,5,0.9995,0.5902,0.7422,10000,4095,,1589.7367,0.6185,/mnt/c/Users/daisl/Documents/Tullio/MISSDCEVEXP_ROW/data_scalability/column_scalability/flights/10cols/7/MCAR/0.1/5/clean.csv,/mnt/c/Users/daisl/Documents/Tullio/MISSDCEVEXP_ROW/data_scalability/column_scalability/flights/10cols/7/MCAR/0.1/5/dirty.csv,/mnt/c/Users/daisl/Documents/Tullio/MISSDCEVEXP_ROW/data_scalability/column_scalability/flights/10cols/7/MCAR/0.1/5/dirty_imputed.csv,None,
TRIARD,2026-09-12T18:26:40,ok,8,MCAR,10,10000,0.1,1,0.8781,0.5776,0.6968,10000,3422,,1500.6827,0.5843,/mnt/c/Users/daisl/Documents/Tullio/MISSDCEVEXP_ROW/data_scalability/column_scalability/flights/10cols/8/MCAR/0.1/1/clean.csv,/mnt/c/Users/daisl/Documents/Tullio/MISSDCEVEXP_ROW/data_scalability/column_scalability/flights/10cols/8/MCAR/0.1/1/dirty.csv,/mnt/c/Users/daisl/Documents/Tullio/MISSDCEVEXP_ROW/data_scalability/column_scalability/flights/10cols/8/MCAR/0.1/1/dirty_imputed.csv,None,
TRIARD,2026-09-12T18:51:41,ok,8,MCAR,10,10000,0.1,2,0.9995,0.5779,0.7324,10000,4218,,1144.7424,0.612,/mnt/c/Users/daisl/Documents/Tullio/MISSDCEVEXP_ROW/data_scalability/column_scalability/flights/10cols/8/MCAR/0.1/2/clean.csv,/mnt/c/Users/daisl/Documents/Tullio/MISSDCEVEXP_ROW/data_scalability/column_scalability/flights/10cols/8/MCAR/0.1/2/dirty.csv,/mnt/c/Users/daisl/Documents/Tullio/MISSDCEVEXP_ROW/data_scalability/column_scalability/flights/10cols/8/MCAR/0.1/2/dirty_imputed.csv,None,
TRIARD,2026-09-12T19:10:47,ok,8,MCAR,10,10000,0.1,3,0.8714,0.5893,0.7031,10000,3237,,1901.6568,0.6367,/mnt/c/Users/daisl/Documents/Tullio/MISSDCEVEXP_ROW/data_scalability/column_scalability/flights/10cols/8/MCAR/0.1/3/clean.csv,/mnt/c/Users/daisl/Documents/Tullio/MISSDCEVEXP_ROW/data_scalability/column_scalability/flights/10cols/8/MCAR/0.1/3/dirty.csv,/mnt/c/Users/daisl/Documents/Tullio/MISSDCEVEXP_ROW/data_scalability/column_scalability/flights/10cols/8/MCAR/0.1/3/dirty_imputed.csv,None,
TRIARD,2026-09-12T19:42:29,ok,8,MCAR,10,10000,0.1,4,0.8777,0.5663,0.6884,10000,3548,,1165.9072,0.6924,/mnt/c/Users/daisl/Documents/Tullio/MISSDCEVEXP_ROW/data_scalability/column_scalability/flights/10cols/8/MCAR/0.1/4/clean.csv,/mnt/c/Users/daisl/Documents/Tullio/MISSDCEVEXP_ROW/data_scalability/column_scalability/flights/10cols/8/MCAR/0.1/4/dirty.csv,/mnt/c/Users/daisl/Documents/Tullio/MISSDCEVEXP_ROW/data_scalability/column_scalability/flights/10cols/8/MCAR/0.1/4/dirty_imputed.csv,None,
TRIARD,2026-09-12T20:01:56,ok,8,MCAR,10,10000,0.1,5,0.8717,0.5713,0.6902,10000,3446,,872.5453,0.6172,/mnt/c/Users/daisl/Documents/Tullio/MISSDCEVEXP_ROW/data_scalability/column_scalability/flights/10cols/8/MCAR/0.1/5/clean.csv,/mnt/c/Users/daisl/Documents/Tullio/MISSDCEVEXP_ROW/data_scalability/column_scalability/flights/10cols/8/MCAR/0.1/5/dirty.csv,/mnt/c/Users/daisl/Documents/Tullio/MISSDCEVEXP_ROW/data_scalability/column_scalability/flights/10cols/8/MCAR/0.1/5/dirty_imputed.csv,None,
TRIARD,2026-09-12T20:16:29,ok,9,MCAR,10,10000,0.1,1,0.9998,0.6494,0.7874,10000,3505,,773.2952,0.6726,/mnt/c/Users/daisl/Documents/Tullio/MISSDCEVEXP_ROW/data_scalability/column_scalability/flights/10cols/9/MCAR/0.1/1/clean.csv,/mnt/c/Users/daisl/Documents/Tullio/MISSDCEVEXP_ROW/data_scalability/column_scalability/flights/10cols/9/MCAR/0.1/1/dirty.csv,/mnt/c/Users/daisl/Documents/Tullio/MISSDCEVEXP_ROW/data_scalability/column_scalability/flights/10cols/9/MCAR/0.1/1/dirty_imputed.csv,None,
TRIARD,2026-09-12T20:29:23,ok,9,MCAR,10,10000,0.1,2,0.9991,0.6673,0.8002,10000,3321,,821.8831,0.6049,/mnt/c/Users/daisl/Documents/Tullio/MISSDCEVEXP_ROW/data_scalability/column_scalability/flights/10cols/9/MCAR/0.1/2/clean.csv,/mnt/c/Users/daisl/Documents/Tullio/MISSDCEVEXP_ROW/data_scalability/column_scalability/flights/10cols/9/MCAR/0.1/2/dirty.csv,/mnt/c/Users/daisl/Documents/Tullio/MISSDCEVEXP_ROW/data_scalability/column_scalability/flights/10cols/9/MCAR/0.1/2/dirty_imputed.csv,None,
TRIARD,2026-09-12T20:43:05,ok,9,MCAR,10,10000,0.1,3,1.0,0.6462,0.7851,10000,3538,,623.7879,0.5581,/mnt/c/Users/daisl/Documents/Tullio/MISSDCEVEXP_ROW/data_scalability/column_scalability/flights/10cols/9/MCAR/0.1/3/clean.csv,/mnt/c/Users/daisl/Documents/Tullio/MISSDCEVEXP_ROW/data_scalability/column_scalability/flights/10cols/9/MCAR/0.1/3/dirty.csv,/mnt/c/Users/daisl/Documents/Tullio/MISSDCEVEXP_ROW/data_scalability/column_scalability/flights/10cols/9/MCAR/0.1/3/dirty_imputed.csv,None,
TRIARD,2026-09-12T20:53:30,ok,9,MCAR,10,10000,0.1,4,0.9876,0.6517,0.7852,10000,3401,,679.6752,0.5712,/mnt/c/Users/daisl/Documents/Tullio/MISSDCEVEXP_ROW/data_scalability/column_scalability/flights/10cols/9/MCAR/0.1/4/clean.csv,/mnt/c/Users/daisl/Documents/Tullio/MISSDCEVEXP_ROW/data_scalability/column_scalability/flights/10cols/9/MCAR/0.1/4/dirty.csv,/mnt/c/Users/daisl/Documents/Tullio/MISSDCEVEXP_ROW/data_scalability/column_scalability/flights/10cols/9/MCAR/0.1/4/dirty_imputed.csv,None,
TRIARD,2026-09-12T21:04:50,ok,9,MCAR,10,10000,0.1,5,0.9984,0.6784,0.8079,10000,3205,,886.9027,0.7086,/mnt/c/Users/daisl/Documents/Tullio/MISSDCEVEXP_ROW/data_scalability/column_scalability/flights/10cols/9/MCAR/0.1/5/clean.csv,/mnt/c/Users/daisl/Documents/Tullio/MISSDCEVEXP_ROW/data_scalability/column_scalability/flights/10cols/9/MCAR/0.1/5/dirty.csv,/mnt/c/Users/daisl/Documents/Tullio/MISSDCEVEXP_ROW/data_scalability/column_scalability/flights/10cols/9/MCAR/0.1/5/dirty_imputed.csv,None,
TRIARD,2026-09-12T21:19:38,ok,1,MCAR,11,10000,0.1,1,1.0,0.704,0.8263,11000,3256,,1274.3227,0.6429,/mnt/c/Users/daisl/Documents/Tullio/MISSDCEVEXP_ROW/data_scalability/column_scalability/flights/11cols/1/MCAR/0.1/1/clean.csv,/mnt/c/Users/daisl/Documents/Tullio/MISSDCEVEXP_ROW/data_scalability/column_scalability/flights/11cols/1/MCAR/0.1/1/dirty.csv,/mnt/c/Users/daisl/Documents/Tullio/MISSDCEVEXP_ROW/data_scalability/column_scalability/flights/11cols/1/MCAR/0.1/1/dirty_imputed.csv,None,
TRIARD,2026-09-12T21:40:53,ok,1,MCAR,11,10000,0.1,2,0.9992,0.7078,0.8287,11000,3208,,1221.5148,0.7704,/mnt/c/Users/daisl/Documents/Tullio/MISSDCEVEXP_ROW/data_scalability/column_scalability/flights/11cols/1/MCAR/0.1/2/clean.csv,/mnt/c/Users/daisl/Documents/Tullio/MISSDCEVEXP_ROW/data_scalability/column_scalability/flights/11cols/1/MCAR/0.1/2/dirty.csv,/mnt/c/Users/daisl/Documents/Tullio/MISSDCEVEXP_ROW/data_scalability/column_scalability/flights/11cols/1/MCAR/0.1/2/dirty_imputed.csv,None,
TRIARD,2026-09-12T22:01:15,ok,1,MCAR,11,10000,0.1,3,1.0,0.7013,0.8244,11000,3286,,1214.5795,0.6343,/mnt/c/Users/daisl/Documents/Tullio/MISSDCEVEXP_ROW/data_scalability/column_scalability/flights/11cols/1/MCAR/0.1/3/clean.csv,/mnt/c/Users/daisl/Documents/Tullio/MISSDCEVEXP_ROW/data_scalability/column_scalability/flights/11cols/1/MCAR/0.1/3/dirty.csv,/mnt/c/Users/daisl/Documents/Tullio/MISSDCEVEXP_ROW/data_scalability/column_scalability/flights/11cols/1/MCAR/0.1/3/dirty_imputed.csv,None,
TRIARD,2026-09-12T22:21:30,ok,1,MCAR,11,10000,0.1,4,0.9997,0.7075,0.8286,11000,3216,,1539.0927,0.6235,/mnt/c/Users/daisl/Documents/Tullio/MISSDCEVEXP_ROW/data_scalability/column_scalability/flights/11cols/1/MCAR/0.1/4/clean.csv,/mnt/c/Users/daisl/Documents/Tullio/MISSDCEVEXP_ROW/data_scalability/column_scalability/flights/11cols/1/MCAR/0.1/4/dirty.csv,/mnt/c/Users/daisl/Documents/Tullio/MISSDCEVEXP_ROW/data_scalability/column_scalability/flights/11cols/1/MCAR/0.1/4/dirty_imputed.csv,None,
TRIARD,2026-09-12T22:47:10,ok,1,MCAR,11,10000,0.1,5,1.0,0.7085,0.8294,11000,3207,,1381.2456,0.6502,/mnt/c/Users/daisl/Documents/Tullio/MISSDCEVEXP_ROW/data_scalability/column_scalability/flights/11cols/1/MCAR/0.1/5/clean.csv,/mnt/c/Users/daisl/Documents/Tullio/MISSDCEVEXP_ROW/data_scalability/column_scalability/flights/11cols/1/MCAR/0.1/5/dirty.csv,/mnt/c/Users/daisl/Documents/Tullio/MISSDCEVEXP_ROW/data_scalability/column_scalability/flights/11cols/1/MCAR/0.1/5/dirty_imputed.csv,None,
TRIARD,2026-09-12T23:10:12,ok,10,MCAR,11,10000,0.1,1,1.0,0.6894,0.8161,11000,3417,,816.0658,0.6227,/mnt/c/Users/daisl/Documents/Tullio/MISSDCEVEXP_ROW/data_scalability/column_scalability/flights/11cols/10/MCAR/0.1/1/clean.csv,/mnt/c/Users/daisl/Documents/Tullio/MISSDCEVEXP_ROW/data_scalability/column_scalability/flights/11cols/10/MCAR/0.1/1/dirty.csv,/mnt/c/Users/daisl/Documents/Tullio/MISSDCEVEXP_ROW/data_scalability/column_scalability/flights/11cols/10/MCAR/0.1/1/dirty_imputed.csv,None,
TRIARD,2026-09-12T23:23:49,ok,10,MCAR,11,10000,0.1,2,1.0,0.6862,0.8139,11000,3452,,500.1381,0.593,/mnt/c/Users/daisl/Documents/Tullio/MISSDCEVEXP_ROW/data_scalability/column_scalability/flights/11cols/10/MCAR/0.1/2/clean.csv,/mnt/c/Users/daisl/Documents/Tullio/MISSDCEVEXP_ROW/data_scalability/column_scalability/flights/11cols/10/MCAR/0.1/2/dirty.csv,/mnt/c/Users/daisl/Documents/Tullio/MISSDCEVEXP_ROW/data_scalability/column_scalability/flights/11cols/10/MCAR/0.1/2/dirty_imputed.csv,None,
TRIARD,2026-09-12T23:32:10,ok,10,MCAR,11,10000,0.1,3,1.0,0.6903,0.8168,11000,3407,,512.2798,0.7306,/mnt/c/Users/daisl/Documents/Tullio/MISSDCEVEXP_ROW/data_scalability/column_scalability/flights/11cols/10/MCAR/0.1/3/clean.csv,/mnt/c/Users/daisl/Documents/Tullio/MISSDCEVEXP_ROW/data_scalability/column_scalability/flights/11cols/10/MCAR/0.1/3/dirty.csv,/mnt/c/Users/daisl/Documents/Tullio/MISSDCEVEXP_ROW/data_scalability/column_scalability/flights/11cols/10/MCAR/0.1/3/dirty_imputed.csv,None,
TRIARD,2026-09-12T23:40:43,ok,10,MCAR,11,10000,0.1,4,0.9997,0.7,0.8234,11000,3298,,711.8682,0.5853,/mnt/c/Users/daisl/Documents/Tullio/MISSDCEVEXP_ROW/data_scalability/column_scalability/flights/11cols/10/MCAR/0.1/4/clean.csv,/mnt/c/Users/daisl/Documents/Tullio/MISSDCEVEXP_ROW/data_scalability/column_scalability/flights/11cols/10/MCAR/0.1/4/dirty.csv,/mnt/c/Users/daisl/Documents/Tullio/MISSDCEVEXP_ROW/data_scalability/column_scalability/flights/11cols/10/MCAR/0.1/4/dirty_imputed.csv,None,
TRIARD,2026-09-12T23:52:35,ok,10,MCAR,11,10000,0.1,5,0.977,0.6915,0.8098,11000,3215,,1023.9448,0.6801,/mnt/c/Users/daisl/Documents/Tullio/MISSDCEVEXP_ROW/data_scalability/column_scalability/flights/11cols/10/MCAR/0.1/5/clean.csv,/mnt/c/Users/daisl/Documents/Tullio/MISSDCEVEXP_ROW/data_scalability/column_scalability/flights/11cols/10/MCAR/0.1/5/dirty.csv,/mnt/c/Users/daisl/Documents/Tullio/MISSDCEVEXP_ROW/data_scalability/column_scalability/flights/11cols/10/MCAR/0.1/5/dirty_imputed.csv,None,
TRIARD,2026-09-13T00:09:40,ok,2,MCAR,11,10000,0.1,1,0.9997,0.6855,0.8134,11000,3457,,1376.4492,0.6025,/mnt/c/Users/daisl/Documents/Tullio/MISSDCEVEXP_ROW/data_scalability/column_scalability/flights/11cols/2/MCAR/0.1/1/clean.csv,/mnt/c/Users/daisl/Documents/Tullio/MISSDCEVEXP_ROW/data_scalability/column_scalability/flights/11cols/2/MCAR/0.1/1/dirty.csv,/mnt/c/Users/daisl/Documents/Tullio/MISSDCEVEXP_ROW/data_scalability/column_scalability/flights/11cols/2/MCAR/0.1/1/dirty_imputed.csv,None,
TRIARD,2026-09-13T00:32:37,ok,2,MCAR,11,10000,0.1,2,0.9997,0.7034,0.8258,11000,3261,,1732.8263,0.6199,/mnt/c/Users/daisl/Documents/Tullio/MISSDCEVEXP_ROW/data_scalability/column_scalability/flights/11cols/2/MCAR/0.1/2/clean.csv,/mnt/c/Users/daisl/Documents/Tullio/MISSDCEVEXP_ROW/data_scalability/column_scalability/flights/11cols/2/MCAR/0.1/2/dirty.csv,/mnt/c/Users/daisl/Documents/Tullio/MISSDCEVEXP_ROW/data_scalability/column_scalability/flights/11cols/2/MCAR/0.1/2/dirty_imputed.csv,None,
TRIARD,2026-09-13T01:01:30,ok,2,MCAR,11,10000,0.1,3,1.0,0.6651,0.7989,11000,3684,,1491.9328,0.6235,/mnt/c/Users/daisl/Documents/Tullio/MISSDCEVEXP_ROW/data_scalability/column_scalability/flights/11cols/2/MCAR/0.1/3/clean.csv,/mnt/c/Users/daisl/Documents/Tullio/MISSDCEVEXP_ROW/data_scalability/column_scalability/flights/11cols/2/MCAR/0.1/3/dirty.csv,/mnt/c/Users/daisl/Documents/Tullio/MISSDCEVEXP_ROW/data_scalability/column_scalability/flights/11cols/2/MCAR/0.1/3/dirty_imputed.csv,None,
TRIARD,2026-09-13T01:26:23,ok,2,MCAR,11,10000,0.1,4,1.0,0.6858,0.8136,11000,3456,,1724.8081,0.6371,/mnt/c/Users/daisl/Documents/Tullio/MISSDCEVEXP_ROW/data_scalability/column_scalability/flights/11cols/2/MCAR/0.1/4/clean.csv,/mnt/c/Users/daisl/Documents/Tullio/MISSDCEVEXP_ROW/data_scalability/column_scalability/flights/11cols/2/MCAR/0.1/4/dirty.csv,/mnt/c/Users/daisl/Documents/Tullio/MISSDCEVEXP_ROW/data_scalability/column_scalability/flights/11cols/2/MCAR/0.1/4/dirty_imputed.csv,None,
TRIARD,2026-09-13T01:55:08,ok,2,MCAR,11,10000,0.1,5,0.9996,0.6956,0.8204,11000,3345,,1125.6772,0.6004,/mnt/c/Users/daisl/Documents/Tullio/MISSDCEVEXP_ROW/data_scalability/column_scalability/flights/11cols/2/MCAR/0.1/5/clean.csv,/mnt/c/Users/daisl/Documents/Tullio/MISSDCEVEXP_ROW/data_scalability/column_scalability/flights/11cols/2/MCAR/0.1/5/dirty.csv,/mnt/c/Users/daisl/Documents/Tullio/MISSDCEVEXP_ROW/data_scalability/column_scalability/flights/11cols/2/MCAR/0.1/5/dirty_imputed.csv,None,
TRIARD,2026-09-13T02:13:55,ok,3,MCAR,11,10000,0.1,1,1.0,0.8509,0.9194,11000,1640,,338.7826,0.7016,/mnt/c/Users/daisl/Documents/Tullio/MISSDCEVEXP_ROW/data_scalability/column_scalability/flights/11cols/3/MCAR/0.1/1/clean.csv,/mnt/c/Users/daisl/Documents/Tullio/MISSDCEVEXP_ROW/data_scalability/column_scalability/flights/11cols/3/MCAR/0.1/1/dirty.csv,/mnt/c/Users/daisl/Documents/Tullio/MISSDCEVEXP_ROW/data_scalability/column_scalability/flights/11cols/3/MCAR/0.1/1/dirty_imputed.csv,None,
TRIARD,2026-09-13T02:19:34,ok,3,MCAR,11,10000,0.1,2,1.0,0.8495,0.9186,11000,1656,,435.1375,0.6278,/mnt/c/Users/daisl/Documents/Tullio/MISSDCEVEXP_ROW/data_scalability/column_scalability/flights/11cols/3/MCAR/0.1/2/clean.csv,/mnt/c/Users/daisl/Documents/Tullio/MISSDCEVEXP_ROW/data_scalability/column_scalability/flights/11cols/3/MCAR/0.1/2/dirty.csv,/mnt/c/Users/daisl/Documents/Tullio/MISSDCEVEXP_ROW/data_scalability/column_scalability/flights/11cols/3/MCAR/0.1/2/dirty_imputed.csv,None,
TRIARD,2026-09-13T02:26:50,ok,3,MCAR,11,10000,0.1,3,1.0,0.8447,0.9158,11000,1708,,453.1824,0.5796,/mnt/c/Users/daisl/Documents/Tullio/MISSDCEVEXP_ROW/data_scalability/column_scalability/flights/11cols/3/MCAR/0.1/3/clean.csv,/mnt/c/Users/daisl/Documents/Tullio/MISSDCEVEXP_ROW/data_scalability/column_scalability/flights/11cols/3/MCAR/0.1/3/dirty.csv,/mnt/c/Users/daisl/Documents/Tullio/MISSDCEVEXP_ROW/data_scalability/column_scalability/flights/11cols/3/MCAR/0.1/3/dirty_imputed.csv,None,
TRIARD,2026-09-13T02:34:24,ok,3,MCAR,11,10000,0.1,4,1.0,0.8509,0.9194,11000,1640,,427.0555,0.6168,/mnt/c/Users/daisl/Documents/Tullio/MISSDCEVEXP_ROW/data_scalability/column_scalability/flights/11cols/3/MCAR/0.1/4/clean.csv,/mnt/c/Users/daisl/Documents/Tullio/MISSDCEVEXP_ROW/data_scalability/column_scalability/flights/11cols/3/MCAR/0.1/4/dirty.csv,/mnt/c/Users/daisl/Documents/Tullio/MISSDCEVEXP_ROW/data_scalability/column_scalability/flights/11cols/3/MCAR/0.1/4/dirty_imputed.csv,None,
TRIARD,2026-09-13T02:41:32,ok,3,MCAR,11,10000,0.1,5,1.0,0.8489,0.9183,11000,1662,,425.3296,0.5954,/mnt/c/Users/daisl/Documents/Tullio/MISSDCEVEXP_ROW/data_scalability/column_scalability/flights/11cols/3/MCAR/0.1/5/clean.csv,/mnt/c/Users/daisl/Documents/Tullio/MISSDCEVEXP_ROW/data_scalability/column_scalability/flights/11cols/3/MCAR/0.1/5/dirty.csv,/mnt/c/Users/daisl/Documents/Tullio/MISSDCEVEXP_ROW/data_scalability/column_scalability/flights/11cols/3/MCAR/0.1/5/dirty_imputed.csv,None,
TRIARD,2026-09-13T02:48:38,ok,4,MCAR,11,10000,0.1,1,1.0,0.8479,0.9177,11000,1673,,233.5344,0.5847,/mnt/c/Users/daisl/Documents/Tullio/MISSDCEVEXP_ROW/data_scalability/column_scalability/flights/11cols/4/MCAR/0.1/1/clean.csv,/mnt/c/Users/daisl/Documents/Tullio/MISSDCEVEXP_ROW/data_scalability/column_scalability/flights/11cols/4/MCAR/0.1/1/dirty.csv,/mnt/c/Users/daisl/Documents/Tullio/MISSDCEVEXP_ROW/data_scalability/column_scalability/flights/11cols/4/MCAR/0.1/1/dirty_imputed.csv,None,
TRIARD,2026-09-13T02:52:32,ok,4,MCAR,11,10000,0.1,2,1.0,0.8392,0.9126,11000,1769,,243.9491,0.6194,/mnt/c/Users/daisl/Documents/Tullio/MISSDCEVEXP_ROW/data_scalability/column_scalability/flights/11cols/4/MCAR/0.1/2/clean.csv,/mnt/c/Users/daisl/Documents/Tullio/MISSDCEVEXP_ROW/data_scalability/column_scalability/flights/11cols/4/MCAR/0.1/2/dirty.csv,/mnt/c/Users/daisl/Documents/Tullio/MISSDCEVEXP_ROW/data_scalability/column_scalability/flights/11cols/4/MCAR/0.1/2/dirty_imputed.csv,None,
TRIARD,2026-09-13T02:56:36,ok,4,MCAR,11,10000,0.1,3,1.0,0.8361,0.9107,11000,1803,,224.5217,0.6019,/mnt/c/Users/daisl/Documents/Tullio/MISSDCEVEXP_ROW/data_scalability/column_scalability/flights/11cols/4/MCAR/0.1/3/clean.csv,/mnt/c/Users/daisl/Documents/Tullio/MISSDCEVEXP_ROW/data_scalability/column_scalability/flights/11cols/4/MCAR/0.1/3/dirty.csv,/mnt/c/Users/daisl/Documents/Tullio/MISSDCEVEXP_ROW/data_scalability/column_scalability/flights/11cols/4/MCAR/0.1/3/dirty_imputed.csv,None,
TRIARD,2026-09-13T03:00:22,ok,4,MCAR,11,10000,0.1,4,1.0,0.8352,0.9102,11000,1813,,296.4237,0.5943,/mnt/c/Users/daisl/Documents/Tullio/MISSDCEVEXP_ROW/data_scalability/column_scalability/flights/11cols/4/MCAR/0.1/4/clean.csv,/mnt/c/Users/daisl/Documents/Tullio/MISSDCEVEXP_ROW/data_scalability/column_scalability/flights/11cols/4/MCAR/0.1/4/dirty.csv,/mnt/c/Users/daisl/Documents/Tullio/MISSDCEVEXP_ROW/data_scalability/column_scalability/flights/11cols/4/MCAR/0.1/4/dirty_imputed.csv,None,
TRIARD,2026-09-13T03:05:19,ok,4,MCAR,11,10000,0.1,5,1.0,0.8365,0.911,11000,1798,,244.6641,0.5914,/mnt/c/Users/daisl/Documents/Tullio/MISSDCEVEXP_ROW/data_scalability/column_scalability/flights/11cols/4/MCAR/0.1/5/clean.csv,/mnt/c/Users/daisl/Documents/Tullio/MISSDCEVEXP_ROW/data_scalability/column_scalability/flights/11cols/4/MCAR/0.1/5/dirty.csv,/mnt/c/Users/daisl/Documents/Tullio/MISSDCEVEXP_ROW/data_scalability/column_scalability/flights/11cols/4/MCAR/0.1/5/dirty_imputed.csv,None,
TRIARD,2026-09-13T03:09:24,ok,5,MCAR,11,10000,0.1,1,1.0,0.6869,0.8144,11000,3444,,785.585,0.6619,/mnt/c/Users/daisl/Documents/Tullio/MISSDCEVEXP_ROW/data_scalability/column_scalability/flights/11cols/5/MCAR/0.1/1/clean.csv,/mnt/c/Users/daisl/Documents/Tullio/MISSDCEVEXP_ROW/data_scalability/column_scalability/flights/11cols/5/MCAR/0.1/1/dirty.csv,/mnt/c/Users/daisl/Documents/Tullio/MISSDCEVEXP_ROW/data_scalability/column_scalability/flights/11cols/5/MCAR/0.1/1/dirty_imputed.csv,None,
TRIARD,2026-09-13T03:22:30,ok,5,MCAR,11,10000,0.1,2,0.9999,0.6904,0.8168,11000,3405,,832.1102,0.6042,/mnt/c/Users/daisl/Documents/Tullio/MISSDCEVEXP_ROW/data_scalability/column_scalability/flights/11cols/5/MCAR/0.1/2/clean.csv,/mnt/c/Users/daisl/Documents/Tullio/MISSDCEVEXP_ROW/data_scalability/column_scalability/flights/11cols/5/MCAR/0.1/2/dirty.csv,/mnt/c/Users/daisl/Documents/Tullio/MISSDCEVEXP_ROW/data_scalability/column_scalability/flights/11cols/5/MCAR/0.1/2/dirty_imputed.csv,None,
TRIARD,2026-09-13T03:36:23,ok,5,MCAR,11,10000,0.1,3,1.0,0.6902,0.8167,11000,3408,,695.2973,0.5904,/mnt/c/Users/daisl/Documents/Tullio/MISSDCEVEXP_ROW/data_scalability/column_scalability/flights/11cols/5/MCAR/0.1/3/clean.csv,/mnt/c/Users/daisl/Documents/Tullio/MISSDCEVEXP_ROW/data_scalability/column_scalability/flights/11cols/5/MCAR/0.1/3/dirty.csv,/mnt/c/Users/daisl/Documents/Tullio/MISSDCEVEXP_ROW/data_scalability/column_scalability/flights/11cols/5/MCAR/0.1/3/dirty_imputed.csv,None,
TRIARD,2026-09-13T03:47:59,ok,5,MCAR,11,10000,0.1,4,0.9999,0.6884,0.8154,11000,3427,,1012.3409,0.5999,/mnt/c/Users/daisl/Documents/Tullio/MISSDCEVEXP_ROW/data_scalability/column_scalability/flights/11cols/5/MCAR/0.1/4/clean.csv,/mnt/c/Users/daisl/Documents/Tullio/MISSDCEVEXP_ROW/data_scalability/column_scalability/flights/11cols/5/MCAR/0.1/4/dirty.csv,/mnt/c/Users/daisl/Documents/Tullio/MISSDCEVEXP_ROW/data_scalability/column_scalability/flights/11cols/5/MCAR/0.1/4/dirty_imputed.csv,None,
TRIARD,2026-09-13T04:04:52,ok,5,MCAR,11,10000,0.1,5,0.9997,0.6893,0.816,11000,3416,,849.6602,0.6866,/mnt/c/Users/daisl/Documents/Tullio/MISSDCEVEXP_ROW/data_scalability/column_scalability/flights/11cols/5/MCAR/0.1/5/clean.csv,/mnt/c/Users/daisl/Documents/Tullio/MISSDCEVEXP_ROW/data_scalability/column_scalability/flights/11cols/5/MCAR/0.1/5/dirty.csv,/mnt/c/Users/daisl/Documents/Tullio/MISSDCEVEXP_ROW/data_scalability/column_scalability/flights/11cols/5/MCAR/0.1/5/dirty_imputed.csv,None,
TRIARD,2026-09-13T04:19:02,ok,6,MCAR,11,10000,0.1,1,0.9994,0.7021,0.8248,11000,3272,,1202.1975,0.5983,/mnt/c/Users/daisl/Documents/Tullio/MISSDCEVEXP_ROW/data_scalability/column_scalability/flights/11cols/6/MCAR/0.1/1/clean.csv,/mnt/c/Users/daisl/Documents/Tullio/MISSDCEVEXP_ROW/data_scalability/column_scalability/flights/11cols/6/MCAR/0.1/1/dirty.csv,/mnt/c/Users/daisl/Documents/Tullio/MISSDCEVEXP_ROW/data_scalability/column_scalability/flights/11cols/6/MCAR/0.1/1/dirty_imputed.csv,None,
TRIARD,2026-09-13T04:39:05,ok,6,MCAR,11,10000,0.1,2,1.0,0.7055,0.8274,11000,3239,,998.3878,0.588,/mnt/c/Users/daisl/Documents/Tullio/MISSDCEVEXP_ROW/data_scalability/column_scalability/flights/11cols/6/MCAR/0.1/2/clean.csv,/mnt/c/Users/daisl/Documents/Tullio/MISSDCEVEXP_ROW/data_scalability/column_scalability/flights/11cols/6/MCAR/0.1/2/dirty.csv,/mnt/c/Users/daisl/Documents/Tullio/MISSDCEVEXP_ROW/data_scalability/column_scalability/flights/11cols/6/MCAR/0.1/2/dirty_imputed.csv,None,
TRIARD,2026-09-13T04:55:44,ok,6,MCAR,11,10000,0.1,3,0.9992,0.7078,0.8287,11000,3208,,996.5222,0.6405,/mnt/c/Users/daisl/Documents/Tullio/MISSDCEVEXP_ROW/data_scalability/column_scalability/flights/11cols/6/MCAR/0.1/3/clean.csv,/mnt/c/Users/daisl/Documents/Tullio/MISSDCEVEXP_ROW/data_scalability/column_scalability/flights/11cols/6/MCAR/0.1/3/dirty.csv,/mnt/c/Users/daisl/Documents/Tullio/MISSDCEVEXP_ROW/data_scalability/column_scalability/flights/11cols/6/MCAR/0.1/3/dirty_imputed.csv,None,
TRIARD,2026-09-13T05:12:21,ok,6,MCAR,11,10000,0.1,4,0.9994,0.7033,0.8256,11000,3259,,785.6082,0.5922,/mnt/c/Users/daisl/Documents/Tullio/MISSDCEVEXP_ROW/data_scalability/column_scalability/flights/11cols/6/MCAR/0.1/4/clean.csv,/mnt/c/Users/daisl/Documents/Tullio/MISSDCEVEXP_ROW/data_scalability/column_scalability/flights/11cols/6/MCAR/0.1/4/dirty.csv,/mnt/c/Users/daisl/Documents/Tullio/MISSDCEVEXP_ROW/data_scalability/column_scalability/flights/11cols/6/MCAR/0.1/4/dirty_imputed.csv,None,
TRIARD,2026-09-13T05:25:28,ok,6,MCAR,11,10000,0.1,5,1.0,0.7,0.8235,11000,3300,,862.9678,0.7512,/mnt/c/Users/daisl/Documents/Tullio/MISSDCEVEXP_ROW/data_scalability/column_scalability/flights/11cols/6/MCAR/0.1/5/clean.csv,/mnt/c/Users/daisl/Documents/Tullio/MISSDCEVEXP_ROW/data_scalability/column_scalability/flights/11cols/6/MCAR/0.1/5/dirty.csv,/mnt/c/Users/daisl/Documents/Tullio/MISSDCEVEXP_ROW/data_scalability/column_scalability/flights/11cols/6/MCAR/0.1/5/dirty_imputed.csv,None,
TRIARD,2026-09-13T05:39:52,ok,7,MCAR,11,10000,0.1,1,0.9991,0.6173,0.7631,11000,4204,,578.1578,0.6178,/mnt/c/Users/daisl/Documents/Tullio/MISSDCEVEXP_ROW/data_scalability/column_scalability/flights/11cols/7/MCAR/0.1/1/clean.csv,/mnt/c/Users/daisl/Documents/Tullio/MISSDCEVEXP_ROW/data_scalability/column_scalability/flights/11cols/7/MCAR/0.1/1/dirty.csv,/mnt/c/Users/daisl/Documents/Tullio/MISSDCEVEXP_ROW/data_scalability/column_scalability/flights/11cols/7/MCAR/0.1/1/dirty_imputed.csv,None,
TRIARD,2026-09-13T05:49:30,ok,7,MCAR,11,10000,0.1,2,0.9994,0.6178,0.7636,11000,4200,,758.5666,0.5829,/mnt/c/Users/daisl/Documents/Tullio/MISSDCEVEXP_ROW/data_scalability/column_scalability/flights/11cols/7/MCAR/0.1/2/clean.csv,/mnt/c/Users/daisl/Documents/Tullio/MISSDCEVEXP_ROW/data_scalability/column_scalability/flights/11cols/7/MCAR/0.1/2/dirty.csv,/mnt/c/Users/daisl/Documents/Tullio/MISSDCEVEXP_ROW/data_scalability/column_scalability/flights/11cols/7/MCAR/0.1/2/dirty_imputed.csv,None,
TRIARD,2026-09-13T06:02:10,ok,7,MCAR,11,10000,0.1,3,0.9996,0.6276,0.7711,11000,4093,,747.219,0.5773,/mnt/c/Users/daisl/Documents/Tullio/MISSDCEVEXP_ROW/data_scalability/column_scalability/flights/11cols/7/MCAR/0.1/3/clean.csv,/mnt/c/Users/daisl/Documents/Tullio/MISSDCEVEXP_ROW/data_scalability/column_scalability/flights/11cols/7/MCAR/0.1/3/dirty.csv,/mnt/c/Users/daisl/Documents/Tullio/MISSDCEVEXP_ROW/data_scalability/column_scalability/flights/11cols/7/MCAR/0.1/3/dirty_imputed.csv,None,
TRIARD,2026-09-13T06:14:37,ok,7,MCAR,11,10000,0.1,4,0.9973,0.6274,0.7702,11000,4080,,1063.2839,0.5869,/mnt/c/Users/daisl/Documents/Tullio/MISSDCEVEXP_ROW/data_scalability/column_scalability/flights/11cols/7/MCAR/0.1/4/clean.csv,/mnt/c/Users/daisl/Documents/Tullio/MISSDCEVEXP_ROW/data_scalability/column_scalability/flights/11cols/7/MCAR/0.1/4/dirty.csv,/mnt/c/Users/daisl/Documents/Tullio/MISSDCEVEXP_ROW/data_scalability/column_scalability/flights/11cols/7/MCAR/0.1/4/dirty_imputed.csv,None,
TRIARD,2026-09-13T06:32:21,ok,7,MCAR,11,10000,0.1,5,1.0,0.6105,0.7581,11000,4285,,598.1471,0.6075,/mnt/c/Users/daisl/Documents/Tullio/MISSDCEVEXP_ROW/data_scalability/column_scalability/flights/11cols/7/MCAR/0.1/5/clean.csv,/mnt/c/Users/daisl/Documents/Tullio/MISSDCEVEXP_ROW/data_scalability/column_scalability/flights/11cols/7/MCAR/0.1/5/dirty.csv,/mnt/c/Users/daisl/Documents/Tullio/MISSDCEVEXP_ROW/data_scalability/column_scalability/flights/11cols/7/MCAR/0.1/5/dirty_imputed.csv,None,
TRIARD,2026-09-13T06:42:20,ok,8,MCAR,11,10000,0.1,1,0.9996,0.7681,0.8687,11000,2548,,506.6621,0.6234,/mnt/c/Users/daisl/Documents/Tullio/MISSDCEVEXP_ROW/data_scalability/column_scalability/flights/11cols/8/MCAR/0.1/1/clean.csv,/mnt/c/Users/daisl/Documents/Tullio/MISSDCEVEXP_ROW/data_scalability/column_scalability/flights/11cols/8/MCAR/0.1/1/dirty.csv,/mnt/c/Users/daisl/Documents/Tullio/MISSDCEVEXP_ROW/data_scalability/column_scalability/flights/11cols/8/MCAR/0.1/1/dirty_imputed.csv,None,
TRIARD,2026-09-13T06:50:47,ok,8,MCAR,11,10000,0.1,2,1.0,0.7772,0.8746,11000,2451,,431.3263,0.5906,/mnt/c/Users/daisl/Documents/Tullio/MISSDCEVEXP_ROW/data_scalability/column_scalability/flights/11cols/8/MCAR/0.1/2/clean.csv,/mnt/c/Users/daisl/Documents/Tullio/MISSDCEVEXP_ROW/data_scalability/column_scalability/flights/11cols/8/MCAR/0.1/2/dirty.csv,/mnt/c/Users/daisl/Documents/Tullio/MISSDCEVEXP_ROW/data_scalability/column_scalability/flights/11cols/8/MCAR/0.1/2/dirty_imputed.csv,None,
TRIARD,2026-09-13T06:57:59,ok,8,MCAR,11,10000,0.1,3,1.0,0.7629,0.8655,11000,2608,,445.8658,0.6103,/mnt/c/Users/daisl/Documents/Tullio/MISSDCEVEXP_ROW/data_scalability/column_scalability/flights/11cols/8/MCAR/0.1/3/clean.csv,/mnt/c/Users/daisl/Documents/Tullio/MISSDCEVEXP_ROW/data_scalability/column_scalability/flights/11cols/8/MCAR/0.1/3/dirty.csv,/mnt/c/Users/daisl/Documents/Tullio/MISSDCEVEXP_ROW/data_scalability/column_scalability/flights/11cols/8/MCAR/0.1/3/dirty_imputed.csv,None,
TRIARD,2026-09-13T07:05:26,ok,8,MCAR,11,10000,0.1,4,1.0,0.7723,0.8715,11000,2505,,591.0658,0.5882,/mnt/c/Users/daisl/Documents/Tullio/MISSDCEVEXP_ROW/data_scalability/column_scalability/flights/11cols/8/MCAR/0.1/4/clean.csv,/mnt/c/Users/daisl/Documents/Tullio/MISSDCEVEXP_ROW/data_scalability/column_scalability/flights/11cols/8/MCAR/0.1/4/dirty.csv,/mnt/c/Users/daisl/Documents/Tullio/MISSDCEVEXP_ROW/data_scalability/column_scalability/flights/11cols/8/MCAR/0.1/4/dirty_imputed.csv,None,
TRIARD,2026-09-13T07:15:18,ok,8,MCAR,11,10000,0.1,5,0.9999,0.7871,0.8808,11000,2341,,566.8612,0.5828,/mnt/c/Users/daisl/Documents/Tullio/MISSDCEVEXP_ROW/data_scalability/column_scalability/flights/11cols/8/MCAR/0.1/5/clean.csv,/mnt/c/Users/daisl/Documents/Tullio/MISSDCEVEXP_ROW/data_scalability/column_scalability/flights/11cols/8/MCAR/0.1/5/dirty.csv,/mnt/c/Users/daisl/Documents/Tullio/MISSDCEVEXP_ROW/data_scalability/column_scalability/flights/11cols/8/MCAR/0.1/5/dirty_imputed.csv,None,
TRIARD,2026-09-13T07:24:45,ok,9,MCAR,11,10000,0.1,1,1.0,0.7625,0.8653,11000,2612,,730.3811,0.5962,/mnt/c/Users/daisl/Documents/Tullio/MISSDCEVEXP_ROW/data_scalability/column_scalability/flights/11cols/9/MCAR/0.1/1/clean.csv,/mnt/c/Users/daisl/Documents/Tullio/MISSDCEVEXP_ROW/data_scalability/column_scalability/flights/11cols/9/MCAR/0.1/1/dirty.csv,/mnt/c/Users/daisl/Documents/Tullio/MISSDCEVEXP_ROW/data_scalability/column_scalability/flights/11cols/9/MCAR/0.1/1/dirty_imputed.csv,None,
TRIARD,2026-09-13T07:36:56,ok,9,MCAR,11,10000,0.1,2,1.0,0.7621,0.865,11000,2617,,742.9672,0.5935,/mnt/c/Users/daisl/Documents/Tullio/MISSDCEVEXP_ROW/data_scalability/column_scalability/flights/11cols/9/MCAR/0.1/2/clean.csv,/mnt/c/Users/daisl/Documents/Tullio/MISSDCEVEXP_ROW/data_scalability/column_scalability/flights/11cols/9/MCAR/0.1/2/dirty.csv,/mnt/c/Users/daisl/Documents/Tullio/MISSDCEVEXP_ROW/data_scalability/column_scalability/flights/11cols/9/MCAR/0.1/2/dirty_imputed.csv,None,
TRIARD,2026-09-13T07:49:20,ok,9,MCAR,11,10000,0.1,3,1.0,0.7617,0.8648,11000,2621,,1018.1808,0.589,/mnt/c/Users/daisl/Documents/Tullio/MISSDCEVEXP_ROW/data_scalability/column_scalability/flights/11cols/9/MCAR/0.1/3/clean.csv,/mnt/c/Users/daisl/Documents/Tullio/MISSDCEVEXP_ROW/data_scalability/column_scalability/flights/11cols/9/MCAR/0.1/3/dirty.csv,/mnt/c/Users/daisl/Documents/Tullio/MISSDCEVEXP_ROW/data_scalability/column_scalability/flights/11cols/9/MCAR/0.1/3/dirty_imputed.csv,None,
TRIARD,2026-09-13T08:06:19,ok,9,MCAR,11,10000,0.1,4,1.0,0.7592,0.8631,11000,2649,,601.1892,0.5819,/mnt/c/Users/daisl/Documents/Tullio/MISSDCEVEXP_ROW/data_scalability/column_scalability/flights/11cols/9/MCAR/0.1/4/clean.csv,/mnt/c/Users/daisl/Documents/Tullio/MISSDCEVEXP_ROW/data_scalability/column_scalability/flights/11cols/9/MCAR/0.1/4/dirty.csv,/mnt/c/Users/daisl/Documents/Tullio/MISSDCEVEXP_ROW/data_scalability/column_scalability/flights/11cols/9/MCAR/0.1/4/dirty_imputed.csv,None,
TRIARD,2026-09-13T08:16:20,ok,9,MCAR,11,10000,0.1,5,1.0,0.7571,0.8618,11000,2672,,1773.276,0.6062,/mnt/c/Users/daisl/Documents/Tullio/MISSDCEVEXP_ROW/data_scalability/column_scalability/flights/11cols/9/MCAR/0.1/5/clean.csv,/mnt/c/Users/daisl/Documents/Tullio/MISSDCEVEXP_ROW/data_scalability/column_scalability/flights/11cols/9/MCAR/0.1/5/dirty.csv,/mnt/c/Users/daisl/Documents/Tullio/MISSDCEVEXP_ROW/data_scalability/column_scalability/flights/11cols/9/MCAR/0.1/5/dirty_imputed.csv,None,
TRIARD,2026-09-13T08:45:54,ok,1,MCAR,12,10000,0.1,1,1.0,0.8346,0.9098,12000,1985,,635.3507,0.6715,/mnt/c/Users/daisl/Documents/Tullio/MISSDCEVEXP_ROW/data_scalability/column_scalability/flights/12cols/1/MCAR/0.1/1/clean.csv,/mnt/c/Users/daisl/Documents/Tullio/MISSDCEVEXP_ROW/data_scalability/column_scalability/flights/12cols/1/MCAR/0.1/1/dirty.csv,/mnt/c/Users/daisl/Documents/Tullio/MISSDCEVEXP_ROW/data_scalability/column_scalability/flights/12cols/1/MCAR/0.1/1/dirty_imputed.csv,None,
TRIARD,2026-09-13T08:56:30,ok,1,MCAR,12,10000,0.1,2,1.0,0.8356,0.9104,12000,1973,,530.9313,0.6635,/mnt/c/Users/daisl/Documents/Tullio/MISSDCEVEXP_ROW/data_scalability/column_scalability/flights/12cols/1/MCAR/0.1/2/clean.csv,/mnt/c/Users/daisl/Documents/Tullio/MISSDCEVEXP_ROW/data_scalability/column_scalability/flights/12cols/1/MCAR/0.1/2/dirty.csv,/mnt/c/Users/daisl/Documents/Tullio/MISSDCEVEXP_ROW/data_scalability/column_scalability/flights/12cols/1/MCAR/0.1/2/dirty_imputed.csv,None,
TRIARD,2026-09-13T09:05:22,ok,1,MCAR,12,10000,0.1,3,1.0,0.8363,0.9109,12000,1964,,470.3663,0.7019,/mnt/c/Users/daisl/Documents/Tullio/MISSDCEVEXP_ROW/data_scalability/column_scalability/flights/12cols/1/MCAR/0.1/3/clean.csv,/mnt/c/Users/daisl/Documents/Tullio/MISSDCEVEXP_ROW/data_scalability/column_scalability/flights/12cols/1/MCAR/0.1/3/dirty.csv,/mnt/c/Users/daisl/Documents/Tullio/MISSDCEVEXP_ROW/data_scalability/column_scalability/flights/12cols/1/MCAR/0.1/3/dirty_imputed.csv,None,
TRIARD,2026-09-13T09:13:13,ok,1,MCAR,12,10000,0.1,4,1.0,0.8475,0.9175,12000,1830,,571.9069,0.6368,/mnt/c/Users/daisl/Documents/Tullio/MISSDCEVEXP_ROW/data_scalability/column_scalability/flights/12cols/1/MCAR/0.1/4/clean.csv,/mnt/c/Users/daisl/Documents/Tullio/MISSDCEVEXP_ROW/data_scalability/column_scalability/flights/12cols/1/MCAR/0.1/4/dirty.csv,/mnt/c/Users/daisl/Documents/Tullio/MISSDCEVEXP_ROW/data_scalability/column_scalability/flights/12cols/1/MCAR/0.1/4/dirty_imputed.csv,None,
TRIARD,2026-09-13T09:22:46,ok,1,MCAR,12,10000,0.1,5,1.0,0.8383,0.9121,12000,1940,,575.656,0.6063,/mnt/c/Users/daisl/Documents/Tullio/MISSDCEVEXP_ROW/data_scalability/column_scalability/flights/12cols/1/MCAR/0.1/5/clean.csv,/mnt/c/Users/daisl/Documents/Tullio/MISSDCEVEXP_ROW/data_scalability/column_scalability/flights/12cols/1/MCAR/0.1/5/dirty.csv,/mnt/c/Users/daisl/Documents/Tullio/MISSDCEVEXP_ROW/data_scalability/column_scalability/flights/12cols/1/MCAR/0.1/5/dirty_imputed.csv,None,
TRIARD,2026-09-13T09:32:22,ok,10,MCAR,12,10000,0.1,1,1.0,0.7802,0.8766,12000,2637,,519.8578,0.5988,/mnt/c/Users/daisl/Documents/Tullio/MISSDCEVEXP_ROW/data_scalability/column_scalability/flights/12cols/10/MCAR/0.1/1/clean.csv,/mnt/c/Users/daisl/Documents/Tullio/MISSDCEVEXP_ROW/data_scalability/column_scalability/flights/12cols/10/MCAR/0.1/1/dirty.csv,/mnt/c/Users/daisl/Documents/Tullio/MISSDCEVEXP_ROW/data_scalability/column_scalability/flights/12cols/10/MCAR/0.1/1/dirty_imputed.csv,None,
TRIARD,2026-09-13T09:41:03,ok,10,MCAR,12,10000,0.1,2,1.0,0.7958,0.8863,12000,2450,,527.798,0.646,/mnt/c/Users/daisl/Documents/Tullio/MISSDCEVEXP_ROW/data_scalability/column_scalability/flights/12cols/10/MCAR/0.1/2/clean.csv,/mnt/c/Users/daisl/Documents/Tullio/MISSDCEVEXP_ROW/data_scalability/column_scalability/flights/12cols/10/MCAR/0.1/2/dirty.csv,/mnt/c/Users/daisl/Documents/Tullio/MISSDCEVEXP_ROW/data_scalability/column_scalability/flights/12cols/10/MCAR/0.1/2/dirty_imputed.csv,None,
TRIARD,2026-09-13T09:49:51,ok,10,MCAR,12,10000,0.1,3,1.0,0.8184,0.9001,12000,2179,,498.9062,0.646,/mnt/c/Users/daisl/Documents/Tullio/MISSDCEVEXP_ROW/data_scalability/column_scalability/flights/12cols/10/MCAR/0.1/3/clean.csv,/mnt/c/Users/daisl/Documents/Tullio/MISSDCEVEXP_ROW/data_scalability/column_scalability/flights/12cols/10/MCAR/0.1/3/dirty.csv,/mnt/c/Users/daisl/Documents/Tullio/MISSDCEVEXP_ROW/data_scalability/column_scalability/flights/12cols/10/MCAR/0.1/3/dirty_imputed.csv,None,
TRIARD,2026-09-13T09:58:11,ok,10,MCAR,12,10000,0.1,4,1.0,0.7858,0.8801,12000,2570,,460.3969,0.5919,/mnt/c/Users/daisl/Documents/Tullio/MISSDCEVEXP_ROW/data_scalability/column_scalability/flights/12cols/10/MCAR/0.1/4/clean.csv,/mnt/c/Users/daisl/Documents/Tullio/MISSDCEVEXP_ROW/data_scalability/column_scalability/flights/12cols/10/MCAR/0.1/4/dirty.csv,/mnt/c/Users/daisl/Documents/Tullio/MISSDCEVEXP_ROW/data_scalability/column_scalability/flights/12cols/10/MCAR/0.1/4/dirty_imputed.csv,None,
TRIARD,2026-09-13T10:05:52,ok,10,MCAR,12,10000,0.1,5,1.0,0.7789,0.8757,12000,2653,,480.8643,0.5822,/mnt/c/Users/daisl/Documents/Tullio/MISSDCEVEXP_ROW/data_scalability/column_scalability/flights/12cols/10/MCAR/0.1/5/clean.csv,/mnt/c/Users/daisl/Documents/Tullio/MISSDCEVEXP_ROW/data_scalability/column_scalability/flights/12cols/10/MCAR/0.1/5/dirty.csv,/mnt/c/Users/daisl/Documents/Tullio/MISSDCEVEXP_ROW/data_scalability/column_scalability/flights/12cols/10/MCAR/0.1/5/dirty_imputed.csv,None,
TRIARD,2026-09-13T10:13:53,ok,2,MCAR,12,10000,0.1,1,0.9999,0.6466,0.7853,12000,4240,,1141.8183,0.5966,/mnt/c/Users/daisl/Documents/Tullio/MISSDCEVEXP_ROW/data_scalability/column_scalability/flights/12cols/2/MCAR/0.1/1/clean.csv,/mnt/c/Users/daisl/Documents/Tullio/MISSDCEVEXP_ROW/data_scalability/column_scalability/flights/12cols/2/MCAR/0.1/1/dirty.csv,/mnt/c/Users/daisl/Documents/Tullio/MISSDCEVEXP_ROW/data_scalability/column_scalability/flights/12cols/2/MCAR/0.1/1/dirty_imputed.csv,None,
TRIARD,2026-09-13T10:32:56,ok,2,MCAR,12,10000,0.1,2,1.0,0.6345,0.7764,12000,4386,,2363.9489,0.5912,/mnt/c/Users/daisl/Documents/Tullio/MISSDCEVEXP_ROW/data_scalability/column_scalability/flights/12cols/2/MCAR/0.1/2/clean.csv,/mnt/c/Users/daisl/Documents/Tullio/MISSDCEVEXP_ROW/data_scalability/column_scalability/flights/12cols/2/MCAR/0.1/2/dirty.csv,/mnt/c/Users/daisl/Documents/Tullio/MISSDCEVEXP_ROW/data_scalability/column_scalability/flights/12cols/2/MCAR/0.1/2/dirty_imputed.csv,None,
TRIARD,2026-09-13T11:12:20,ok,2,MCAR,12,10000,0.1,3,1.0,0.6294,0.7726,12000,4447,,1690.364,0.6781,/mnt/c/Users/daisl/Documents/Tullio/MISSDCEVEXP_ROW/data_scalability/column_scalability/flights/12cols/2/MCAR/0.1/3/clean.csv,/mnt/c/Users/daisl/Documents/Tullio/MISSDCEVEXP_ROW/data_scalability/column_scalability/flights/12cols/2/MCAR/0.1/3/dirty.csv,/mnt/c/Users/daisl/Documents/Tullio/MISSDCEVEXP_ROW/data_scalability/column_scalability/flights/12cols/2/MCAR/0.1/3/dirty_imputed.csv,None,
TRIARD,2026-09-13T11:40:31,ok,2,MCAR,12,10000,0.1,4,1.0,0.6383,0.7792,12000,4340,,1801.7658,0.6117,/mnt/c/Users/daisl/Documents/Tullio/MISSDCEVEXP_ROW/data_scalability/column_scalability/flights/12cols/2/MCAR/0.1/4/clean.csv,/mnt/c/Users/daisl/Documents/Tullio/MISSDCEVEXP_ROW/data_scalability/column_scalability/flights/12cols/2/MCAR/0.1/4/dirty.csv,/mnt/c/Users/daisl/Documents/Tullio/MISSDCEVEXP_ROW/data_scalability/column_scalability/flights/12cols/2/MCAR/0.1/4/dirty_imputed.csv,None,
TRIARD,2026-09-13T12:10:34,ok,2,MCAR,12,10000,0.1,5,0.9932,0.6441,0.7814,12000,4218,,2738.4422,0.6304,/mnt/c/Users/daisl/Documents/Tullio/MISSDCEVEXP_ROW/data_scalability/column_scalability/flights/12cols/2/MCAR/0.1/5/clean.csv,/mnt/c/Users/daisl/Documents/Tullio/MISSDCEVEXP_ROW/data_scalability/column_scalability/flights/12cols/2/MCAR/0.1/5/dirty.csv,/mnt/c/Users/daisl/Documents/Tullio/MISSDCEVEXP_ROW/data_scalability/column_scalability/flights/12cols/2/MCAR/0.1/5/dirty_imputed.csv,None,
TRIARD,2026-09-13T12:56:13,ok,3,MCAR,12,10000,0.1,1,0.9991,0.7102,0.8302,12000,3470,,2087.2707,0.6227,/mnt/c/Users/daisl/Documents/Tullio/MISSDCEVEXP_ROW/data_scalability/column_scalability/flights/12cols/3/MCAR/0.1/1/clean.csv,/mnt/c/Users/daisl/Documents/Tullio/MISSDCEVEXP_ROW/data_scalability/column_scalability/flights/12cols/3/MCAR/0.1/1/dirty.csv,/mnt/c/Users/daisl/Documents/Tullio/MISSDCEVEXP_ROW/data_scalability/column_scalability/flights/12cols/3/MCAR/0.1/1/dirty_imputed.csv,None,
TRIARD,2026-09-13T13:31:01,ok,3,MCAR,12,10000,0.1,2,0.998,0.707,0.8277,12000,3499,,1024.9824,0.6297,/mnt/c/Users/daisl/Documents/Tullio/MISSDCEVEXP_ROW/data_scalability/column_scalability/flights/12cols/3/MCAR/0.1/2/clean.csv,/mnt/c/Users/daisl/Documents/Tullio/MISSDCEVEXP_ROW/data_scalability/column_scalability/flights/12cols/3/MCAR/0.1/2/dirty.csv,/mnt/c/Users/daisl/Documents/Tullio/MISSDCEVEXP_ROW/data_scalability/column_scalability/flights/12cols/3/MCAR/0.1/2/dirty_imputed.csv,None,
TRIARD,2026-09-13T13:48:07,ok,3,MCAR,12,10000,0.1,3,1.0,0.7031,0.8257,12000,3563,,1323.3702,0.5974,/mnt/c/Users/daisl/Documents/Tullio/MISSDCEVEXP_ROW/data_scalability/column_scalability/flights/12cols/3/MCAR/0.1/3/clean.csv,/mnt/c/Users/daisl/Documents/Tullio/MISSDCEVEXP_ROW/data_scalability/column_scalability/flights/12cols/3/MCAR/0.1/3/dirty.csv,/mnt/c/Users/daisl/Documents/Tullio/MISSDCEVEXP_ROW/data_scalability/column_scalability/flights/12cols/3/MCAR/0.1/3/dirty_imputed.csv,None,
TRIARD,2026-09-13T14:10:11,ok,3,MCAR,12,10000,0.1,4,0.9996,0.7093,0.8298,12000,3485,,1063.722,0.6272,/mnt/c/Users/daisl/Documents/Tullio/MISSDCEVEXP_ROW/data_scalability/column_scalability/flights/12cols/3/MCAR/0.1/4/clean.csv,/mnt/c/Users/daisl/Documents/Tullio/MISSDCEVEXP_ROW/data_scalability/column_scalability/flights/12cols/3/MCAR/0.1/4/dirty.csv,/mnt/c/Users/daisl/Documents/Tullio/MISSDCEVEXP_ROW/data_scalability/column_scalability/flights/12cols/3/MCAR/0.1/4/dirty_imputed.csv,None,
TRIARD,2026-09-13T14:27:55,ok,3,MCAR,12,10000,0.1,5,1.0,0.7008,0.8241,12000,3590,,1838.0122,0.6619,/mnt/c/Users/daisl/Documents/Tullio/MISSDCEVEXP_ROW/data_scalability/column_scalability/flights/12cols/3/MCAR/0.1/5/clean.csv,/mnt/c/Users/daisl/Documents/Tullio/MISSDCEVEXP_ROW/data_scalability/column_scalability/flights/12cols/3/MCAR/0.1/5/dirty.csv,/mnt/c/Users/daisl/Documents/Tullio/MISSDCEVEXP_ROW/data_scalability/column_scalability/flights/12cols/3/MCAR/0.1/5/dirty_imputed.csv,None,
TRIARD,2026-09-13T14:58:34,ok,4,MCAR,12,10000,0.1,1,1.0,0.7297,0.8437,12000,3244,,1094.7818,0.6549,/mnt/c/Users/daisl/Documents/Tullio/MISSDCEVEXP_ROW/data_scalability/column_scalability/flights/12cols/4/MCAR/0.1/1/clean.csv,/mnt/c/Users/daisl/Documents/Tullio/MISSDCEVEXP_ROW/data_scalability/column_scalability/flights/12cols/4/MCAR/0.1/1/dirty.csv,/mnt/c/Users/daisl/Documents/Tullio/MISSDCEVEXP_ROW/data_scalability/column_scalability/flights/12cols/4/MCAR/0.1/1/dirty_imputed.csv,None,
TRIARD,2026-09-13T15:16:49,ok,4,MCAR,12,10000,0.1,2,1.0,0.7183,0.8361,12000,3380,,1023.7865,0.6349,/mnt/c/Users/daisl/Documents/Tullio/MISSDCEVEXP_ROW/data_scalability/column_scalability/flights/12cols/4/MCAR/0.1/2/clean.csv,/mnt/c/Users/daisl/Documents/Tullio/MISSDCEVEXP_ROW/data_scalability/column_scalability/flights/12cols/4/MCAR/0.1/2/dirty.csv,/mnt/c/Users/daisl/Documents/Tullio/MISSDCEVEXP_ROW/data_scalability/column_scalability/flights/12cols/4/MCAR/0.1/2/dirty_imputed.csv,None,
TRIARD,2026-09-13T15:33:54,ok,4,MCAR,12,10000,0.1,3,0.9999,0.7176,0.8355,12000,3388,,1195.4295,0.6123,/mnt/c/Users/daisl/Documents/Tullio/MISSDCEVEXP_ROW/data_scalability/column_scalability/flights/12cols/4/MCAR/0.1/3/clean.csv,/mnt/c/Users/daisl/Documents/Tullio/MISSDCEVEXP_ROW/data_scalability/column_scalability/flights/12cols/4/MCAR/0.1/3/dirty.csv,/mnt/c/Users/daisl/Documents/Tullio/MISSDCEVEXP_ROW/data_scalability/column_scalability/flights/12cols/4/MCAR/0.1/3/dirty_imputed.csv,None,
TRIARD,2026-09-13T15:53:50,ok,4,MCAR,12,10000,0.1,4,1.0,0.735,0.8473,12000,3180,,1236.802,0.602,/mnt/c/Users/daisl/Documents/Tullio/MISSDCEVEXP_ROW/data_scalability/column_scalability/flights/12cols/4/MCAR/0.1/4/clean.csv,/mnt/c/Users/daisl/Documents/Tullio/MISSDCEVEXP_ROW/data_scalability/column_scalability/flights/12cols/4/MCAR/0.1/4/dirty.csv,/mnt/c/Users/daisl/Documents/Tullio/MISSDCEVEXP_ROW/data_scalability/column_scalability/flights/12cols/4/MCAR/0.1/4/dirty_imputed.csv,None,
TRIARD,2026-09-13T16:14:27,ok,4,MCAR,12,10000,0.1,5,0.9998,0.7151,0.8338,12000,3417,,1803.3395,0.6092,/mnt/c/Users/daisl/Documents/Tullio/MISSDCEVEXP_ROW/data_scalability/column_scalability/flights/12cols/4/MCAR/0.1/5/clean.csv,/mnt/c/Users/daisl/Documents/Tullio/MISSDCEVEXP_ROW/data_scalability/column_scalability/flights/12cols/4/MCAR/0.1/5/dirty.csv,/mnt/c/Users/daisl/Documents/Tullio/MISSDCEVEXP_ROW/data_scalability/column_scalability/flights/12cols/4/MCAR/0.1/5/dirty_imputed.csv,None,
TRIARD,2026-09-13T16:44:31,ok,5,MCAR,12,10000,0.1,1,1.0,0.7741,0.8727,12000,2711,,623.311,0.7271,/mnt/c/Users/daisl/Documents/Tullio/MISSDCEVEXP_ROW/data_scalability/column_scalability/flights/12cols/5/MCAR/0.1/1/clean.csv,/mnt/c/Users/daisl/Documents/Tullio/MISSDCEVEXP_ROW/data_scalability/column_scalability/flights/12cols/5/MCAR/0.1/1/dirty.csv,/mnt/c/Users/daisl/Documents/Tullio/MISSDCEVEXP_ROW/data_scalability/column_scalability/flights/12cols/5/MCAR/0.1/1/dirty_imputed.csv,None,
TRIARD,2026-09-13T16:54:55,ok,5,MCAR,12,10000,0.1,2,1.0,0.7823,0.8778,12000,2613,,888.8525,0.7563,/mnt/c/Users/daisl/Documents/Tullio/MISSDCEVEXP_ROW/data_scalability/column_scalability/flights/12cols/5/MCAR/0.1/2/clean.csv,/mnt/c/Users/daisl/Documents/Tullio/MISSDCEVEXP_ROW/data_scalability/column_scalability/flights/12cols/5/MCAR/0.1/2/dirty.csv,/mnt/c/Users/daisl/Documents/Tullio/MISSDCEVEXP_ROW/data_scalability/column_scalability/flights/12cols/5/MCAR/0.1/2/dirty_imputed.csv,None,
TRIARD,2026-09-13T17:09:45,ok,5,MCAR,12,10000,0.1,3,1.0,0.7668,0.868,12000,2798,,783.0969,0.7458,/mnt/c/Users/daisl/Documents/Tullio/MISSDCEVEXP_ROW/data_scalability/column_scalability/flights/12cols/5/MCAR/0.1/3/clean.csv,/mnt/c/Users/daisl/Documents/Tullio/MISSDCEVEXP_ROW/data_scalability/column_scalability/flights/12cols/5/MCAR/0.1/3/dirty.csv,/mnt/c/Users/daisl/Documents/Tullio/MISSDCEVEXP_ROW/data_scalability/column_scalability/flights/12cols/5/MCAR/0.1/3/dirty_imputed.csv,None,
TRIARD,2026-09-13T17:22:49,ok,5,MCAR,12,10000,0.1,4,1.0,0.7808,0.8769,12000,2630,,699.4451,0.6884,/mnt/c/Users/daisl/Documents/Tullio/MISSDCEVEXP_ROW/data_scalability/column_scalability/flights/12cols/5/MCAR/0.1/4/clean.csv,/mnt/c/Users/daisl/Documents/Tullio/MISSDCEVEXP_ROW/data_scalability/column_scalability/flights/12cols/5/MCAR/0.1/4/dirty.csv,/mnt/c/Users/daisl/Documents/Tullio/MISSDCEVEXP_ROW/data_scalability/column_scalability/flights/12cols/5/MCAR/0.1/4/dirty_imputed.csv,None,
TRIARD,2026-09-13T17:34:29,ok,5,MCAR,12,10000,0.1,5,1.0,0.7695,0.8697,12000,2766,,666.8285,0.6346,/mnt/c/Users/daisl/Documents/Tullio/MISSDCEVEXP_ROW/data_scalability/column_scalability/flights/12cols/5/MCAR/0.1/5/clean.csv,/mnt/c/Users/daisl/Documents/Tullio/MISSDCEVEXP_ROW/data_scalability/column_scalability/flights/12cols/5/MCAR/0.1/5/dirty.csv,/mnt/c/Users/daisl/Documents/Tullio/MISSDCEVEXP_ROW/data_scalability/column_scalability/flights/12cols/5/MCAR/0.1/5/dirty_imputed.csv,None,
TRIARD,2026-09-13T17:45:37,ok,6,MCAR,12,10000,0.1,1,0.9998,0.8076,0.8935,12000,2307,,1246.8276,0.7015,/mnt/c/Users/daisl/Documents/Tullio/MISSDCEVEXP_ROW/data_scalability/column_scalability/flights/12cols/6/MCAR/0.1/1/clean.csv,/mnt/c/Users/daisl/Documents/Tullio/MISSDCEVEXP_ROW/data_scalability/column_scalability/flights/12cols/6/MCAR/0.1/1/dirty.csv,/mnt/c/Users/daisl/Documents/Tullio/MISSDCEVEXP_ROW/data_scalability/column_scalability/flights/12cols/6/MCAR/0.1/1/dirty_imputed.csv,None,
TRIARD,2026-09-13T18:06:24,ok,6,MCAR,12,10000,0.1,2,1.0,0.7918,0.8838,12000,2498,,1042.2859,0.6189,/mnt/c/Users/daisl/Documents/Tullio/MISSDCEVEXP_ROW/data_scalability/column_scalability/flights/12cols/6/MCAR/0.1/2/clean.csv,/mnt/c/Users/daisl/Documents/Tullio/MISSDCEVEXP_ROW/data_scalability/column_scalability/flights/12cols/6/MCAR/0.1/2/dirty.csv,/mnt/c/Users/daisl/Documents/Tullio/MISSDCEVEXP_ROW/data_scalability/column_scalability/flights/12cols/6/MCAR/0.1/2/dirty_imputed.csv,None,
TRIARD,2026-09-13T18:23:47,ok,6,MCAR,12,10000,0.1,3,0.9997,0.7983,0.8877,12000,2418,,1164.2609,0.7041,/mnt/c/Users/daisl/Documents/Tullio/MISSDCEVEXP_ROW/data_scalability/column_scalability/flights/12cols/6/MCAR/0.1/3/clean.csv,/mnt/c/Users/daisl/Documents/Tullio/MISSDCEVEXP_ROW/data_scalability/column_scalability/flights/12cols/6/MCAR/0.1/3/dirty.csv,/mnt/c/Users/daisl/Documents/Tullio/MISSDCEVEXP_ROW/data_scalability/column_scalability/flights/12cols/6/MCAR/0.1/3/dirty_imputed.csv,None,
TRIARD,2026-09-13T18:43:12,ok,6,MCAR,12,10000,0.1,4,0.9999,0.811,0.8956,12000,2267,,927.8703,0.6286,/mnt/c/Users/daisl/Documents/Tullio/MISSDCEVEXP_ROW/data_scalability/column_scalability/flights/12cols/6/MCAR/0.1/4/clean.csv,/mnt/c/Users/daisl/Documents/Tullio/MISSDCEVEXP_ROW/data_scalability/column_scalability/flights/12cols/6/MCAR/0.1/4/dirty.csv,/mnt/c/Users/daisl/Documents/Tullio/MISSDCEVEXP_ROW/data_scalability/column_scalability/flights/12cols/6/MCAR/0.1/4/dirty_imputed.csv,None,
TRIARD,2026-09-13T18:58:41,ok,6,MCAR,12,10000,0.1,5,1.0,0.77,0.8701,12000,2760,,1148.8774,0.6142,/mnt/c/Users/daisl/Documents/Tullio/MISSDCEVEXP_ROW/data_scalability/column_scalability/flights/12cols/6/MCAR/0.1/5/clean.csv,/mnt/c/Users/daisl/Documents/Tullio/MISSDCEVEXP_ROW/data_scalability/column_scalability/flights/12cols/6/MCAR/0.1/5/dirty.csv,/mnt/c/Users/daisl/Documents/Tullio/MISSDCEVEXP_ROW/data_scalability/column_scalability/flights/12cols/6/MCAR/0.1/5/dirty_imputed.csv,None,
TRIARD,2026-09-13T19:17:50,ok,7,MCAR,12,10000,0.1,1,0.9913,0.6356,0.7746,12000,4306,,2263.6908,0.62,/mnt/c/Users/daisl/Documents/Tullio/MISSDCEVEXP_ROW/data_scalability/column_scalability/flights/12cols/7/MCAR/0.1/1/clean.csv,/mnt/c/Users/daisl/Documents/Tullio/MISSDCEVEXP_ROW/data_scalability/column_scalability/flights/12cols/7/MCAR/0.1/1/dirty.csv,/mnt/c/Users/daisl/Documents/Tullio/MISSDCEVEXP_ROW/data_scalability/column_scalability/flights/12cols/7/MCAR/0.1/1/dirty_imputed.csv,None,
TRIARD,2026-09-13T19:55:35,ok,7,MCAR,12,10000,0.1,2,0.9869,0.6297,0.7688,12000,4344,,2932.0429,0.6758,/mnt/c/Users/daisl/Documents/Tullio/MISSDCEVEXP_ROW/data_scalability/column_scalability/flights/12cols/7/MCAR/0.1/2/clean.csv,/mnt/c/Users/daisl/Documents/Tullio/MISSDCEVEXP_ROW/data_scalability/column_scalability/flights/12cols/7/MCAR/0.1/2/dirty.csv,/mnt/c/Users/daisl/Documents/Tullio/MISSDCEVEXP_ROW/data_scalability/column_scalability/flights/12cols/7/MCAR/0.1/2/dirty_imputed.csv,None,
TRIARD,2026-09-13T20:44:27,ok,7,MCAR,12,10000,0.1,3,0.9912,0.6385,0.7767,12000,4270,,2654.1664,0.6942,/mnt/c/Users/daisl/Documents/Tullio/MISSDCEVEXP_ROW/data_scalability/column_scalability/flights/12cols/7/MCAR/0.1/3/clean.csv,/mnt/c/Users/daisl/Documents/Tullio/MISSDCEVEXP_ROW/data_scalability/column_scalability/flights/12cols/7/MCAR/0.1/3/dirty.csv,/mnt/c/Users/daisl/Documents/Tullio/MISSDCEVEXP_ROW/data_scalability/column_scalability/flights/12cols/7/MCAR/0.1/3/dirty_imputed.csv,None,
TRIARD,2026-09-13T21:28:42,ok,7,MCAR,12,10000,0.1,4,0.9973,0.6451,0.7834,12000,4238,,2511.268,0.6406,/mnt/c/Users/daisl/Documents/Tullio/MISSDCEVEXP_ROW/data_scalability/column_scalability/flights/12cols/7/MCAR/0.1/4/clean.csv,/mnt/c/Users/daisl/Documents/Tullio/MISSDCEVEXP_ROW/data_scalability/column_scalability/flights/12cols/7/MCAR/0.1/4/dirty.csv,/mnt/c/Users/daisl/Documents/Tullio/MISSDCEVEXP_ROW/data_scalability/column_scalability/flights/12cols/7/MCAR/0.1/4/dirty_imputed.csv,None,
TRIARD,2026-09-13T22:10:34,ok,7,MCAR,12,10000,0.1,5,0.9982,0.6442,0.7831,12000,4255,,2643.2624,0.5982,/mnt/c/Users/daisl/Documents/Tullio/MISSDCEVEXP_ROW/data_scalability/column_scalability/flights/12cols/7/MCAR/0.1/5/clean.csv,/mnt/c/Users/daisl/Documents/Tullio/MISSDCEVEXP_ROW/data_scalability/column_scalability/flights/12cols/7/MCAR/0.1/5/dirty.csv,/mnt/c/Users/daisl/Documents/Tullio/MISSDCEVEXP_ROW/data_scalability/column_scalability/flights/12cols/7/MCAR/0.1/5/dirty_imputed.csv,None,
TRIARD,2026-09-13T22:54:38,ok,8,MCAR,12,10000,0.1,1,1.0,0.7029,0.8255,12000,3565,,1636.9126,0.7281,/mnt/c/Users/daisl/Documents/Tullio/MISSDCEVEXP_ROW/data_scalability/column_scalability/flights/12cols/8/MCAR/0.1/1/clean.csv,/mnt/c/Users/daisl/Documents/Tullio/MISSDCEVEXP_ROW/data_scalability/column_scalability/flights/12cols/8/MCAR/0.1/1/dirty.csv,/mnt/c/Users/daisl/Documents/Tullio/MISSDCEVEXP_ROW/data_scalability/column_scalability/flights/12cols/8/MCAR/0.1/1/dirty_imputed.csv,None,
TRIARD,2026-09-13T23:21:56,ok,8,MCAR,12,10000,0.1,2,1.0,0.7073,0.8285,12000,3513,,1320.2098,0.6464,/mnt/c/Users/daisl/Documents/Tullio/MISSDCEVEXP_ROW/data_scalability/column_scalability/flights/12cols/8/MCAR/0.1/2/clean.csv,/mnt/c/Users/daisl/Documents/Tullio/MISSDCEVEXP_ROW/data_scalability/column_scalability/flights/12cols/8/MCAR/0.1/2/dirty.csv,/mnt/c/Users/daisl/Documents/Tullio/MISSDCEVEXP_ROW/data_scalability/column_scalability/flights/12cols/8/MCAR/0.1/2/dirty_imputed.csv,None,
TRIARD,2026-09-13T23:43:57,ok,8,MCAR,12,10000,0.1,3,1.0,0.7084,0.8293,12000,3499,,2249.6409,0.7521,/mnt/c/Users/daisl/Documents/Tullio/MISSDCEVEXP_ROW/data_scalability/column_scalability/flights/12cols/8/MCAR/0.1/3/clean.csv,/mnt/c/Users/daisl/Documents/Tullio/MISSDCEVEXP_ROW/data_scalability/column_scalability/flights/12cols/8/MCAR/0.1/3/dirty.csv,/mnt/c/Users/daisl/Documents/Tullio/MISSDCEVEXP_ROW/data_scalability/column_scalability/flights/12cols/8/MCAR/0.1/3/dirty_imputed.csv,None,
TRIARD,2026-09-14T00:21:27,ok,8,MCAR,12,10000,0.1,4,1.0,0.7061,0.8277,12000,3527,,1501.1206,0.6267,/mnt/c/Users/daisl/Documents/Tullio/MISSDCEVEXP_ROW/data_scalability/column_scalability/flights/12cols/8/MCAR/0.1/4/clean.csv,/mnt/c/Users/daisl/Documents/Tullio/MISSDCEVEXP_ROW/data_scalability/column_scalability/flights/12cols/8/MCAR/0.1/4/dirty.csv,/mnt/c/Users/daisl/Documents/Tullio/MISSDCEVEXP_ROW/data_scalability/column_scalability/flights/12cols/8/MCAR/0.1/4/dirty_imputed.csv,None,
TRIARD,2026-09-14T00:46:29,ok,8,MCAR,12,10000,0.1,5,1.0,0.7078,0.8289,12000,3506,,1476.5994,0.8101,/mnt/c/Users/daisl/Documents/Tullio/MISSDCEVEXP_ROW/data_scalability/column_scalability/flights/12cols/8/MCAR/0.1/5/clean.csv,/mnt/c/Users/daisl/Documents/Tullio/MISSDCEVEXP_ROW/data_scalability/column_scalability/flights/12cols/8/MCAR/0.1/5/dirty.csv,/mnt/c/Users/daisl/Documents/Tullio/MISSDCEVEXP_ROW/data_scalability/column_scalability/flights/12cols/8/MCAR/0.1/5/dirty_imputed.csv,None,
TRIARD,2026-09-14T01:11:07,ok,9,MCAR,12,10000,0.1,1,1.0,0.8449,0.9159,12000,1861,,902.6393,0.8418,/mnt/c/Users/daisl/Documents/Tullio/MISSDCEVEXP_ROW/data_scalability/column_scalability/flights/12cols/9/MCAR/0.1/1/clean.csv,/mnt/c/Users/daisl/Documents/Tullio/MISSDCEVEXP_ROW/data_scalability/column_scalability/flights/12cols/9/MCAR/0.1/1/dirty.csv,/mnt/c/Users/daisl/Documents/Tullio/MISSDCEVEXP_ROW/data_scalability/column_scalability/flights/12cols/9/MCAR/0.1/1/dirty_imputed.csv,None,
TRIARD,2026-09-14T01:26:10,ok,9,MCAR,12,10000,0.1,2,1.0,0.8488,0.9182,12000,1814,,700.6132,1.0035,/mnt/c/Users/daisl/Documents/Tullio/MISSDCEVEXP_ROW/data_scalability/column_scalability/flights/12cols/9/MCAR/0.1/2/clean.csv,/mnt/c/Users/daisl/Documents/Tullio/MISSDCEVEXP_ROW/data_scalability/column_scalability/flights/12cols/9/MCAR/0.1/2/dirty.csv,/mnt/c/Users/daisl/Documents/Tullio/MISSDCEVEXP_ROW/data_scalability/column_scalability/flights/12cols/9/MCAR/0.1/2/dirty_imputed.csv,None,
TRIARD,2026-09-14T01:37:52,ok,9,MCAR,12,10000,0.1,3,1.0,0.8494,0.9186,12000,1807,,858.8388,0.6907,/mnt/c/Users/daisl/Documents/Tullio/MISSDCEVEXP_ROW/data_scalability/column_scalability/flights/12cols/9/MCAR/0.1/3/clean.csv,/mnt/c/Users/daisl/Documents/Tullio/MISSDCEVEXP_ROW/data_scalability/column_scalability/flights/12cols/9/MCAR/0.1/3/dirty.csv,/mnt/c/Users/daisl/Documents/Tullio/MISSDCEVEXP_ROW/data_scalability/column_scalability/flights/12cols/9/MCAR/0.1/3/dirty_imputed.csv,None,
TRIARD,2026-09-14T01:52:12,ok,9,MCAR,12,10000,0.1,4,1.0,0.8482,0.9178,12000,1822,,677.3965,0.621,/mnt/c/Users/daisl/Documents/Tullio/MISSDCEVEXP_ROW/data_scalability/column_scalability/flights/12cols/9/MCAR/0.1/4/clean.csv,/mnt/c/Users/daisl/Documents/Tullio/MISSDCEVEXP_ROW/data_scalability/column_scalability/flights/12cols/9/MCAR/0.1/4/dirty.csv,/mnt/c/Users/daisl/Documents/Tullio/MISSDCEVEXP_ROW/data_scalability/column_scalability/flights/12cols/9/MCAR/0.1/4/dirty_imputed.csv,None,
TRIARD,2026-09-14T02:03:30,ok,9,MCAR,12,10000,0.1,5,1.0,0.843,0.9148,12000,1884,,568.1184,0.5956,/mnt/c/Users/daisl/Documents/Tullio/MISSDCEVEXP_ROW/data_scalability/column_scalability/flights/12cols/9/MCAR/0.1/5/clean.csv,/mnt/c/Users/daisl/Documents/Tullio/MISSDCEVEXP_ROW/data_scalability/column_scalability/flights/12cols/9/MCAR/0.1/5/dirty.csv,/mnt/c/Users/daisl/Documents/Tullio/MISSDCEVEXP_ROW/data_scalability/column_scalability/flights/12cols/9/MCAR/0.1/5/dirty_imputed.csv,None,
TRIARD,2026-09-14T02:12:59,ok,1,MCAR,13,10000,0.1,1,1.0,0.7855,0.8799,13000,2788,,618.1769,0.6573,/mnt/c/Users/daisl/Documents/Tullio/MISSDCEVEXP_ROW/data_scalability/column_scalability/flights/13cols/1/MCAR/0.1/1/clean.csv,/mnt/c/Users/daisl/Documents/Tullio/MISSDCEVEXP_ROW/data_scalability/column_scalability/flights/13cols/1/MCAR/0.1/1/dirty.csv,/mnt/c/Users/daisl/Documents/Tullio/MISSDCEVEXP_ROW/data_scalability/column_scalability/flights/13cols/1/MCAR/0.1/1/dirty_imputed.csv,None,
TRIARD,2026-09-14T02:23:17,ok,1,MCAR,13,10000,0.1,2,1.0,0.7868,0.8807,13000,2771,,661.8225,0.9604,/mnt/c/Users/daisl/Documents/Tullio/MISSDCEVEXP_ROW/data_scalability/column_scalability/flights/13cols/1/MCAR/0.1/2/clean.csv,/mnt/c/Users/daisl/Documents/Tullio/MISSDCEVEXP_ROW/data_scalability/column_scalability/flights/13cols/1/MCAR/0.1/2/dirty.csv,/mnt/c/Users/daisl/Documents/Tullio/MISSDCEVEXP_ROW/data_scalability/column_scalability/flights/13cols/1/MCAR/0.1/2/dirty_imputed.csv,None,
TRIARD,2026-09-14T02:34:20,ok,1,MCAR,13,10000,0.1,3,1.0,0.7837,0.8787,13000,2812,,657.8386,0.7612,/mnt/c/Users/daisl/Documents/Tullio/MISSDCEVEXP_ROW/data_scalability/column_scalability/flights/13cols/1/MCAR/0.1/3/clean.csv,/mnt/c/Users/daisl/Documents/Tullio/MISSDCEVEXP_ROW/data_scalability/column_scalability/flights/13cols/1/MCAR/0.1/3/dirty.csv,/mnt/c/Users/daisl/Documents/Tullio/MISSDCEVEXP_ROW/data_scalability/column_scalability/flights/13cols/1/MCAR/0.1/3/dirty_imputed.csv,None,
TRIARD,2026-09-14T02:45:19,ok,1,MCAR,13,10000,0.1,4,1.0,0.7926,0.8843,13000,2696,,711.5789,0.7345,/mnt/c/Users/daisl/Documents/Tullio/MISSDCEVEXP_ROW/data_scalability/column_scalability/flights/13cols/1/MCAR/0.1/4/clean.csv,/mnt/c/Users/daisl/Documents/Tullio/MISSDCEVEXP_ROW/data_scalability/column_scalability/flights/13cols/1/MCAR/0.1/4/dirty.csv,/mnt/c/Users/daisl/Documents/Tullio/MISSDCEVEXP_ROW/data_scalability/column_scalability/flights/13cols/1/MCAR/0.1/4/dirty_imputed.csv,None,
TRIARD,2026-09-14T02:57:11,ok,1,MCAR,13,10000,0.1,5,1.0,0.7866,0.8806,13000,2774,,740.0513,0.6407,/mnt/c/Users/daisl/Documents/Tullio/MISSDCEVEXP_ROW/data_scalability/column_scalability/flights/13cols/1/MCAR/0.1/5/clean.csv,/mnt/c/Users/daisl/Documents/Tullio/MISSDCEVEXP_ROW/data_scalability/column_scalability/flights/13cols/1/MCAR/0.1/5/dirty.csv,/mnt/c/Users/daisl/Documents/Tullio/MISSDCEVEXP_ROW/data_scalability/column_scalability/flights/13cols/1/MCAR/0.1/5/dirty_imputed.csv,None,
TRIARD,2026-09-14T03:09:32,ok,10,MCAR,13,10000,0.1,1,1.0,0.7488,0.8564,13000,3265,,1097.2738,0.7398,/mnt/c/Users/daisl/Documents/Tullio/MISSDCEVEXP_ROW/data_scalability/column_scalability/flights/13cols/10/MCAR/0.1/1/clean.csv,/mnt/c/Users/daisl/Documents/Tullio/MISSDCEVEXP_ROW/data_scalability/column_scalability/flights/13cols/10/MCAR/0.1/1/dirty.csv,/mnt/c/Users/daisl/Documents/Tullio/MISSDCEVEXP_ROW/data_scalability/column_scalability/flights/13cols/10/MCAR/0.1/1/dirty_imputed.csv,None,
TRIARD,2026-09-14T03:27:50,ok,10,MCAR,13,10000,0.1,2,1.0,0.7355,0.8476,13000,3438,,1082.6033,0.6515,/mnt/c/Users/daisl/Documents/Tullio/MISSDCEVEXP_ROW/data_scalability/column_scalability/flights/13cols/10/MCAR/0.1/2/clean.csv,/mnt/c/Users/daisl/Documents/Tullio/MISSDCEVEXP_ROW/data_scalability/column_scalability/flights/13cols/10/MCAR/0.1/2/dirty.csv,/mnt/c/Users/daisl/Documents/Tullio/MISSDCEVEXP_ROW/data_scalability/column_scalability/flights/13cols/10/MCAR/0.1/2/dirty_imputed.csv,None,
TRIARD,2026-09-14T03:45:54,ok,10,MCAR,13,10000,0.1,3,1.0,0.7432,0.8527,13000,3338,,2984.8732,0.6969,/mnt/c/Users/daisl/Documents/Tullio/MISSDCEVEXP_ROW/data_scalability/column_scalability/flights/13cols/10/MCAR/0.1/3/clean.csv,/mnt/c/Users/daisl/Documents/Tullio/MISSDCEVEXP_ROW/data_scalability/column_scalability/flights/13cols/10/MCAR/0.1/3/dirty.csv,/mnt/c/Users/daisl/Documents/Tullio/MISSDCEVEXP_ROW/data_scalability/column_scalability/flights/13cols/10/MCAR/0.1/3/dirty_imputed.csv,None,
TRIARD,2026-09-14T04:35:39,ok,10,MCAR,13,10000,0.1,4,1.0,0.7428,0.8524,13000,3344,,1736.0546,0.7001,/mnt/c/Users/daisl/Documents/Tullio/MISSDCEVEXP_ROW/data_scalability/column_scalability/flights/13cols/10/MCAR/0.1/4/clean.csv,/mnt/c/Users/daisl/Documents/Tullio/MISSDCEVEXP_ROW/data_scalability/column_scalability/flights/13cols/10/MCAR/0.1/4/dirty.csv,/mnt/c/Users/daisl/Documents/Tullio/MISSDCEVEXP_ROW/data_scalability/column_scalability/flights/13cols/10/MCAR/0.1/4/dirty_imputed.csv,None,
TRIARD,2026-09-14T05:04:36,ok,10,MCAR,13,10000,0.1,5,1.0,0.7561,0.8611,13000,3171,,1939.5323,0.7507,/mnt/c/Users/daisl/Documents/Tullio/MISSDCEVEXP_ROW/data_scalability/column_scalability/flights/13cols/10/MCAR/0.1/5/clean.csv,/mnt/c/Users/daisl/Documents/Tullio/MISSDCEVEXP_ROW/data_scalability/column_scalability/flights/13cols/10/MCAR/0.1/5/dirty.csv,/mnt/c/Users/daisl/Documents/Tullio/MISSDCEVEXP_ROW/data_scalability/column_scalability/flights/13cols/10/MCAR/0.1/5/dirty_imputed.csv,None,
TRIARD,2026-09-14T05:36:56,ok,2,MCAR,13,10000,0.1,1,1.0,0.7994,0.8885,13000,2608,,805.9988,0.77,/mnt/c/Users/daisl/Documents/Tullio/MISSDCEVEXP_ROW/data_scalability/column_scalability/flights/13cols/2/MCAR/0.1/1/clean.csv,/mnt/c/Users/daisl/Documents/Tullio/MISSDCEVEXP_ROW/data_scalability/column_scalability/flights/13cols/2/MCAR/0.1/1/dirty.csv,/mnt/c/Users/daisl/Documents/Tullio/MISSDCEVEXP_ROW/data_scalability/column_scalability/flights/13cols/2/MCAR/0.1/1/dirty_imputed.csv,None,
TRIARD,2026-09-14T05:50:23,ok,2,MCAR,13,10000,0.1,2,1.0,0.7863,0.8804,13000,2778,,803.8521,0.6102,/mnt/c/Users/daisl/Documents/Tullio/MISSDCEVEXP_ROW/data_scalability/column_scalability/flights/13cols/2/MCAR/0.1/2/clean.csv,/mnt/c/Users/daisl/Documents/Tullio/MISSDCEVEXP_ROW/data_scalability/column_scalability/flights/13cols/2/MCAR/0.1/2/dirty.csv,/mnt/c/Users/daisl/Documents/Tullio/MISSDCEVEXP_ROW/data_scalability/column_scalability/flights/13cols/2/MCAR/0.1/2/dirty_imputed.csv,None,
TRIARD,2026-09-14T06:03:48,ok,2,MCAR,13,10000,0.1,3,1.0,0.7883,0.8816,13000,2752,,993.339,0.8524,/mnt/c/Users/daisl/Documents/Tullio/MISSDCEVEXP_ROW/data_scalability/column_scalability/flights/13cols/2/MCAR/0.1/3/clean.csv,/mnt/c/Users/daisl/Documents/Tullio/MISSDCEVEXP_ROW/data_scalability/column_scalability/flights/13cols/2/MCAR/0.1/3/dirty.csv,/mnt/c/Users/daisl/Documents/Tullio/MISSDCEVEXP_ROW/data_scalability/column_scalability/flights/13cols/2/MCAR/0.1/3/dirty_imputed.csv,None,
TRIARD,2026-09-14T06:20:22,ok,2,MCAR,13,10000,0.1,4,1.0,0.7934,0.8848,13000,2686,,959.669,0.6215,/mnt/c/Users/daisl/Documents/Tullio/MISSDCEVEXP_ROW/data_scalability/column_scalability/flights/13cols/2/MCAR/0.1/4/clean.csv,/mnt/c/Users/daisl/Documents/Tullio/MISSDCEVEXP_ROW/data_scalability/column_scalability/flights/13cols/2/MCAR/0.1/4/dirty.csv,/mnt/c/Users/daisl/Documents/Tullio/MISSDCEVEXP_ROW/data_scalability/column_scalability/flights/13cols/2/MCAR/0.1/4/dirty_imputed.csv,None,
TRIARD,2026-09-14T06:36:22,ok,2,MCAR,13,10000,0.1,5,1.0,0.7952,0.8859,13000,2663,,971.5356,0.6456,/mnt/c/Users/daisl/Documents/Tullio/MISSDCEVEXP_ROW/data_scalability/column_scalability/flights/13cols/2/MCAR/0.1/5/clean.csv,/mnt/c/Users/daisl/Documents/Tullio/MISSDCEVEXP_ROW/data_scalability/column_scalability/flights/13cols/2/MCAR/0.1/5/dirty.csv,/mnt/c/Users/daisl/Documents/Tullio/MISSDCEVEXP_ROW/data_scalability/column_scalability/flights/13cols/2/MCAR/0.1/5/dirty_imputed.csv,None,
TRIARD,2026-09-14T06:52:35,ok,3,MCAR,13,10000,0.1,1,1.0,0.7478,0.8557,13000,3278,,1593.3027,0.7425,/mnt/c/Users/daisl/Documents/Tullio/MISSDCEVEXP_ROW/data_scalability/column_scalability/flights/13cols/3/MCAR/0.1/1/clean.csv,/mnt/c/Users/daisl/Documents/Tullio/MISSDCEVEXP_ROW/data_scalability/column_scalability/flights/13cols/3/MCAR/0.1/1/dirty.csv,/mnt/c/Users/daisl/Documents/Tullio/MISSDCEVEXP_ROW/data_scalability/column_scalability/flights/13cols/3/MCAR/0.1/1/dirty_imputed.csv,None,
TRIARD,2026-09-14T07:19:09,ok,3,MCAR,13,10000,0.1,2,1.0,0.7473,0.8554,13000,3285,,1693.6206,0.6593,/mnt/c/Users/daisl/Documents/Tullio/MISSDCEVEXP_ROW/data_scalability/column_scalability/flights/13cols/3/MCAR/0.1/2/clean.csv,/mnt/c/Users/daisl/Documents/Tullio/MISSDCEVEXP_ROW/data_scalability/column_scalability/flights/13cols/3/MCAR/0.1/2/dirty.csv,/mnt/c/Users/daisl/Documents/Tullio/MISSDCEVEXP_ROW/data_scalability/column_scalability/flights/13cols/3/MCAR/0.1/2/dirty_imputed.csv,None,
TRIARD,2026-09-14T07:47:23,ok,3,MCAR,13,10000,0.1,3,0.9911,0.7434,0.8495,13000,3249,,3239.1096,0.6604,/mnt/c/Users/daisl/Documents/Tullio/MISSDCEVEXP_ROW/data_scalability/column_scalability/flights/13cols/3/MCAR/0.1/3/clean.csv,/mnt/c/Users/daisl/Documents/Tullio/MISSDCEVEXP_ROW/data_scalability/column_scalability/flights/13cols/3/MCAR/0.1/3/dirty.csv,/mnt/c/Users/daisl/Documents/Tullio/MISSDCEVEXP_ROW/data_scalability/column_scalability/flights/13cols/3/MCAR/0.1/3/dirty_imputed.csv,None,
TRIARD,2026-09-14T08:41:23,ok,3,MCAR,13,10000,0.1,4,1.0,0.7498,0.857,13000,3252,,1959.2197,0.6544,/mnt/c/Users/daisl/Documents/Tullio/MISSDCEVEXP_ROW/data_scalability/column_scalability/flights/13cols/3/MCAR/0.1/4/clean.csv,/mnt/c/Users/daisl/Documents/Tullio/MISSDCEVEXP_ROW/data_scalability/column_scalability/flights/13cols/3/MCAR/0.1/4/dirty.csv,/mnt/c/Users/daisl/Documents/Tullio/MISSDCEVEXP_ROW/data_scalability/column_scalability/flights/13cols/3/MCAR/0.1/4/dirty_imputed.csv,None,
TRIARD,2026-09-14T09:14:03,ok,3,MCAR,13,10000,0.1,5,1.0,0.7392,0.85,13000,3391,,1263.5786,0.6416,/mnt/c/Users/daisl/Documents/Tullio/MISSDCEVEXP_ROW/data_scalability/column_scalability/flights/13cols/3/MCAR/0.1/5/clean.csv,/mnt/c/Users/daisl/Documents/Tullio/MISSDCEVEXP_ROW/data_scalability/column_scalability/flights/13cols/3/MCAR/0.1/5/dirty.csv,/mnt/c/Users/daisl/Documents/Tullio/MISSDCEVEXP_ROW/data_scalability/column_scalability/flights/13cols/3/MCAR/0.1/5/dirty_imputed.csv,None,
TRIARD,2026-09-14T09:35:07,ok,4,MCAR,13,10000,0.1,1,1.0,0.8575,0.9233,13000,1852,,937.3939,0.7518,/mnt/c/Users/daisl/Documents/Tullio/MISSDCEVEXP_ROW/data_scalability/column_scalability/flights/13cols/4/MCAR/0.1/1/clean.csv,/mnt/c/Users/daisl/Documents/Tullio/MISSDCEVEXP_ROW/data_scalability/column_scalability/flights/13cols/4/MCAR/0.1/1/dirty.csv,/mnt/c/Users/daisl/Documents/Tullio/MISSDCEVEXP_ROW/data_scalability/column_scalability/flights/13cols/4/MCAR/0.1/1/dirty_imputed.csv,None,
TRIARD,2026-09-14T09:50:45,ok,4,MCAR,13,10000,0.1,2,1.0,0.865,0.9276,13000,1755,,817.5171,0.6154,/mnt/c/Users/daisl/Documents/Tullio/MISSDCEVEXP_ROW/data_scalability/column_scalability/flights/13cols/4/MCAR/0.1/2/clean.csv,/mnt/c/Users/daisl/Documents/Tullio/MISSDCEVEXP_ROW/data_scalability/column_scalability/flights/13cols/4/MCAR/0.1/2/dirty.csv,/mnt/c/Users/daisl/Documents/Tullio/MISSDCEVEXP_ROW/data_scalability/column_scalability/flights/13cols/4/MCAR/0.1/2/dirty_imputed.csv,None,
TRIARD,2026-09-14T10:04:23,ok,4,MCAR,13,10000,0.1,3,1.0,0.8592,0.9243,13000,1830,,638.9601,0.6395,/mnt/c/Users/daisl/Documents/Tullio/MISSDCEVEXP_ROW/data_scalability/column_scalability/flights/13cols/4/MCAR/0.1/3/clean.csv,/mnt/c/Users/daisl/Documents/Tullio/MISSDCEVEXP_ROW/data_scalability/column_scalability/flights/13cols/4/MCAR/0.1/3/dirty.csv,/mnt/c/Users/daisl/Documents/Tullio/MISSDCEVEXP_ROW/data_scalability/column_scalability/flights/13cols/4/MCAR/0.1/3/dirty_imputed.csv,None,
TRIARD,2026-09-14T10:15:03,ok,4,MCAR,13,10000,0.1,4,0.9998,0.8683,0.9294,13000,1710,,1039.247,0.6161,/mnt/c/Users/daisl/Documents/Tullio/MISSDCEVEXP_ROW/data_scalability/column_scalability/flights/13cols/4/MCAR/0.1/4/clean.csv,/mnt/c/Users/daisl/Documents/Tullio/MISSDCEVEXP_ROW/data_scalability/column_scalability/flights/13cols/4/MCAR/0.1/4/dirty.csv,/mnt/c/Users/daisl/Documents/Tullio/MISSDCEVEXP_ROW/data_scalability/column_scalability/flights/13cols/4/MCAR/0.1/4/dirty_imputed.csv,None,
TRIARD,2026-09-14T10:32:23,ok,4,MCAR,13,10000,0.1,5,1.0,0.8583,0.9238,13000,1842,,907.1341,0.6308,/mnt/c/Users/daisl/Documents/Tullio/MISSDCEVEXP_ROW/data_scalability/column_scalability/flights/13cols/4/MCAR/0.1/5/clean.csv,/mnt/c/Users/daisl/Documents/Tullio/MISSDCEVEXP_ROW/data_scalability/column_scalability/flights/13cols/4/MCAR/0.1/5/dirty.csv,/mnt/c/Users/daisl/Documents/Tullio/MISSDCEVEXP_ROW/data_scalability/column_scalability/flights/13cols/4/MCAR/0.1/5/dirty_imputed.csv,None,
TRIARD,2026-09-14T10:47:31,ok,5,MCAR,13,10000,0.1,1,1.0,0.7297,0.8437,13000,3514,,1796.4781,0.6743,/mnt/c/Users/daisl/Documents/Tullio/MISSDCEVEXP_ROW/data_scalability/column_scalability/flights/13cols/5/MCAR/0.1/1/clean.csv,/mnt/c/Users/daisl/Documents/Tullio/MISSDCEVEXP_ROW/data_scalability/column_scalability/flights/13cols/5/MCAR/0.1/1/dirty.csv,/mnt/c/Users/daisl/Documents/Tullio/MISSDCEVEXP_ROW/data_scalability/column_scalability/flights/13cols/5/MCAR/0.1/1/dirty_imputed.csv,None,
TRIARD,2026-09-14T11:17:28,ok,5,MCAR,13,10000,0.1,2,1.0,0.7325,0.8456,13000,3477,,2281.8124,0.6511,/mnt/c/Users/daisl/Documents/Tullio/MISSDCEVEXP_ROW/data_scalability/column_scalability/flights/13cols/5/MCAR/0.1/2/clean.csv,/mnt/c/Users/daisl/Documents/Tullio/MISSDCEVEXP_ROW/data_scalability/column_scalability/flights/13cols/5/MCAR/0.1/2/dirty.csv,/mnt/c/Users/daisl/Documents/Tullio/MISSDCEVEXP_ROW/data_scalability/column_scalability/flights/13cols/5/MCAR/0.1/2/dirty_imputed.csv,None,
TRIARD,2026-09-14T11:55:30,ok,5,MCAR,13,10000,0.1,3,1.0,0.7324,0.8455,13000,3479,,1148.0694,0.754,/mnt/c/Users/daisl/Documents/Tullio/MISSDCEVEXP_ROW/data_scalability/column_scalability/flights/13cols/5/MCAR/0.1/3/clean.csv,/mnt/c/Users/daisl/Documents/Tullio/MISSDCEVEXP_ROW/data_scalability/column_scalability/flights/13cols/5/MCAR/0.1/3/dirty.csv,/mnt/c/Users/daisl/Documents/Tullio/MISSDCEVEXP_ROW/data_scalability/column_scalability/flights/13cols/5/MCAR/0.1/3/dirty_imputed.csv,None,
TRIARD,2026-09-14T12:14:39,ok,5,MCAR,13,10000,0.1,4,1.0,0.724,0.8399,13000,3588,,2244.5443,0.6845,/mnt/c/Users/daisl/Documents/Tullio/MISSDCEVEXP_ROW/data_scalability/column_scalability/flights/13cols/5/MCAR/0.1/4/clean.csv,/mnt/c/Users/daisl/Documents/Tullio/MISSDCEVEXP_ROW/data_scalability/column_scalability/flights/13cols/5/MCAR/0.1/4/dirty.csv,/mnt/c/Users/daisl/Documents/Tullio/MISSDCEVEXP_ROW/data_scalability/column_scalability/flights/13cols/5/MCAR/0.1/4/dirty_imputed.csv,None,
TRIARD,2026-09-14T12:52:05,ok,5,MCAR,13,10000,0.1,5,1.0,0.7272,0.8421,13000,3546,,2164.9092,0.7192,/mnt/c/Users/daisl/Documents/Tullio/MISSDCEVEXP_ROW/data_scalability/column_scalability/flights/13cols/5/MCAR/0.1/5/clean.csv,/mnt/c/Users/daisl/Documents/Tullio/MISSDCEVEXP_ROW/data_scalability/column_scalability/flights/13cols/5/MCAR/0.1/5/dirty.csv,/mnt/c/Users/daisl/Documents/Tullio/MISSDCEVEXP_ROW/data_scalability/column_scalability/flights/13cols/5/MCAR/0.1/5/dirty_imputed.csv,None,
TRIARD,2026-09-14T13:28:10,ok,6,MCAR,13,10000,0.1,1,1.0,0.7874,0.881,13000,2764,,1811.916,0.8131,/mnt/c/Users/daisl/Documents/Tullio/MISSDCEVEXP_ROW/data_scalability/column_scalability/flights/13cols/6/MCAR/0.1/1/clean.csv,/mnt/c/Users/daisl/Documents/Tullio/MISSDCEVEXP_ROW/data_scalability/column_scalability/flights/13cols/6/MCAR/0.1/1/dirty.csv,/mnt/c/Users/daisl/Documents/Tullio/MISSDCEVEXP_ROW/data_scalability/column_scalability/flights/13cols/6/MCAR/0.1/1/dirty_imputed.csv,None,
TRIARD,2026-09-14T13:58:23,ok,6,MCAR,13,10000,0.1,2,0.9999,0.7951,0.8858,13000,2663,,1952.0835,0.6505,/mnt/c/Users/daisl/Documents/Tullio/MISSDCEVEXP_ROW/data_scalability/column_scalability/flights/13cols/6/MCAR/0.1/2/clean.csv,/mnt/c/Users/daisl/Documents/Tullio/MISSDCEVEXP_ROW/data_scalability/column_scalability/flights/13cols/6/MCAR/0.1/2/dirty.csv,/mnt/c/Users/daisl/Documents/Tullio/MISSDCEVEXP_ROW/data_scalability/column_scalability/flights/13cols/6/MCAR/0.1/2/dirty_imputed.csv,None,
TRIARD,2026-09-14T14:30:56,ok,6,MCAR,13,10000,0.1,3,1.0,0.7897,0.8825,13000,2734,,1443.7987,0.775,/mnt/c/Users/daisl/Documents/Tullio/MISSDCEVEXP_ROW/data_scalability/column_scalability/flights/13cols/6/MCAR/0.1/3/clean.csv,/mnt/c/Users/daisl/Documents/Tullio/MISSDCEVEXP_ROW/data_scalability/column_scalability/flights/13cols/6/MCAR/0.1/3/dirty.csv,/mnt/c/Users/daisl/Documents/Tullio/MISSDCEVEXP_ROW/data_scalability/column_scalability/flights/13cols/6/MCAR/0.1/3/dirty_imputed.csv,None,
TRIARD,2026-09-14T14:55:01,ok,6,MCAR,13,10000,0.1,4,1.0,0.7832,0.8784,13000,2819,,2230.8556,0.6739,/mnt/c/Users/daisl/Documents/Tullio/MISSDCEVEXP_ROW/data_scalability/column_scalability/flights/13cols/6/MCAR/0.1/4/clean.csv,/mnt/c/Users/daisl/Documents/Tullio/MISSDCEVEXP_ROW/data_scalability/column_scalability/flights/13cols/6/MCAR/0.1/4/dirty.csv,/mnt/c/Users/daisl/Documents/Tullio/MISSDCEVEXP_ROW/data_scalability/column_scalability/flights/13cols/6/MCAR/0.1/4/dirty_imputed.csv,None,
TRIARD,2026-09-14T15:32:12,ok,6,MCAR,13,10000,0.1,5,1.0,0.7822,0.8778,13000,2831,,1578.5736,0.7143,/mnt/c/Users/daisl/Documents/Tullio/MISSDCEVEXP_ROW/data_scalability/column_scalability/flights/13cols/6/MCAR/0.1/5/clean.csv,/mnt/c/Users/daisl/Documents/Tullio/MISSDCEVEXP_ROW/data_scalability/column_scalability/flights/13cols/6/MCAR/0.1/5/dirty.csv,/mnt/c/Users/daisl/Documents/Tullio/MISSDCEVEXP_ROW/data_scalability/column_scalability/flights/13cols/6/MCAR/0.1/5/dirty_imputed.csv,None,
TRIARD,2026-09-14T15:58:32,ok,7,MCAR,13,10000,0.1,1,0.9997,0.8042,0.8914,13000,2542,,717.8858,0.6206,/mnt/c/Users/daisl/Documents/Tullio/MISSDCEVEXP_ROW/data_scalability/column_scalability/flights/13cols/7/MCAR/0.1/1/clean.csv,/mnt/c/Users/daisl/Documents/Tullio/MISSDCEVEXP_ROW/data_scalability/column_scalability/flights/13cols/7/MCAR/0.1/1/dirty.csv,/mnt/c/Users/daisl/Documents/Tullio/MISSDCEVEXP_ROW/data_scalability/column_scalability/flights/13cols/7/MCAR/0.1/1/dirty_imputed.csv,None,
TRIARD,2026-09-14T16:10:30,ok,7,MCAR,13,10000,0.1,2,0.9996,0.8083,0.8938,13000,2488,,789.2596,0.6282,/mnt/c/Users/daisl/Documents/Tullio/MISSDCEVEXP_ROW/data_scalability/column_scalability/flights/13cols/7/MCAR/0.1/2/clean.csv,/mnt/c/Users/daisl/Documents/Tullio/MISSDCEVEXP_ROW/data_scalability/column_scalability/flights/13cols/7/MCAR/0.1/2/dirty.csv,/mnt/c/Users/daisl/Documents/Tullio/MISSDCEVEXP_ROW/data_scalability/column_scalability/flights/13cols/7/MCAR/0.1/2/dirty_imputed.csv,None,
TRIARD,2026-09-14T16:23:40,ok,7,MCAR,13,10000,0.1,3,0.9998,0.8092,0.8945,13000,2478,,678.9909,0.637,/mnt/c/Users/daisl/Documents/Tullio/MISSDCEVEXP_ROW/data_scalability/column_scalability/flights/13cols/7/MCAR/0.1/3/clean.csv,/mnt/c/Users/daisl/Documents/Tullio/MISSDCEVEXP_ROW/data_scalability/column_scalability/flights/13cols/7/MCAR/0.1/3/dirty.csv,/mnt/c/Users/daisl/Documents/Tullio/MISSDCEVEXP_ROW/data_scalability/column_scalability/flights/13cols/7/MCAR/0.1/3/dirty_imputed.csv,None,
TRIARD,2026-09-14T16:35:00,ok,7,MCAR,13,10000,0.1,4,0.9992,0.816,0.8983,13000,2383,,965.9164,0.7371,/mnt/c/Users/daisl/Documents/Tullio/MISSDCEVEXP_ROW/data_scalability/column_scalability/flights/13cols/7/MCAR/0.1/4/clean.csv,/mnt/c/Users/daisl/Documents/Tullio/MISSDCEVEXP_ROW/data_scalability/column_scalability/flights/13cols/7/MCAR/0.1/4/dirty.csv,/mnt/c/Users/daisl/Documents/Tullio/MISSDCEVEXP_ROW/data_scalability/column_scalability/flights/13cols/7/MCAR/0.1/4/dirty_imputed.csv,None,
TRIARD,2026-09-14T16:51:06,ok,7,MCAR,13,10000,0.1,5,0.9992,0.8174,0.8992,13000,2366,,707.2785,0.6266,/mnt/c/Users/daisl/Documents/Tullio/MISSDCEVEXP_ROW/data_scalability/column_scalability/flights/13cols/7/MCAR/0.1/5/clean.csv,/mnt/c/Users/daisl/Documents/Tullio/MISSDCEVEXP_ROW/data_scalability/column_scalability/flights/13cols/7/MCAR/0.1/5/dirty.csv,/mnt/c/Users/daisl/Documents/Tullio/MISSDCEVEXP_ROW/data_scalability/column_scalability/flights/13cols/7/MCAR/0.1/5/dirty_imputed.csv,None,
TRIARD,2026-09-14T17:02:54,ok,8,MCAR,13,10000,0.1,1,0.9997,0.7319,0.8451,13000,3482,,1121.5304,0.6217,/mnt/c/Users/daisl/Documents/Tullio/MISSDCEVEXP_ROW/data_scalability/column_scalability/flights/13cols/8/MCAR/0.1/1/clean.csv,/mnt/c/Users/daisl/Documents/Tullio/MISSDCEVEXP_ROW/data_scalability/column_scalability/flights/13cols/8/MCAR/0.1/1/dirty.csv,/mnt/c/Users/daisl/Documents/Tullio/MISSDCEVEXP_ROW/data_scalability/column_scalability/flights/13cols/8/MCAR/0.1/1/dirty_imputed.csv,None,
TRIARD,2026-09-14T17:21:37,ok,8,MCAR,13,10000,0.1,2,1.0,0.7334,0.8462,13000,3466,,1929.3414,0.7191,/mnt/c/Users/daisl/Documents/Tullio/MISSDCEVEXP_ROW/data_scalability/column_scalability/flights/13cols/8/MCAR/0.1/2/clean.csv,/mnt/c/Users/daisl/Documents/Tullio/MISSDCEVEXP_ROW/data_scalability/column_scalability/flights/13cols/8/MCAR/0.1/2/dirty.csv,/mnt/c/Users/daisl/Documents/Tullio/MISSDCEVEXP_ROW/data_scalability/column_scalability/flights/13cols/8/MCAR/0.1/2/dirty_imputed.csv,None,
TRIARD,2026-09-14T17:53:47,ok,8,MCAR,13,10000,0.1,3,0.9997,0.7348,0.847,13000,3445,,1643.4236,0.9046,/mnt/c/Users/daisl/Documents/Tullio/MISSDCEVEXP_ROW/data_scalability/column_scalability/flights/13cols/8/MCAR/0.1/3/clean.csv,/mnt/c/Users/daisl/Documents/Tullio/MISSDCEVEXP_ROW/data_scalability/column_scalability/flights/13cols/8/MCAR/0.1/3/dirty.csv,/mnt/c/Users/daisl/Documents/Tullio/MISSDCEVEXP_ROW/data_scalability/column_scalability/flights/13cols/8/MCAR/0.1/3/dirty_imputed.csv,None,
TRIARD,2026-09-14T18:21:11,ok,8,MCAR,13,10000,0.1,4,1.0,0.7342,0.8468,13000,3455,,1046.9662,0.756,/mnt/c/Users/daisl/Documents/Tullio/MISSDCEVEXP_ROW/data_scalability/column_scalability/flights/13cols/8/MCAR/0.1/4/clean.csv,/mnt/c/Users/daisl/Documents/Tullio/MISSDCEVEXP_ROW/data_scalability/column_scalability/flights/13cols/8/MCAR/0.1/4/dirty.csv,/mnt/c/Users/daisl/Documents/Tullio/MISSDCEVEXP_ROW/data_scalability/column_scalability/flights/13cols/8/MCAR/0.1/4/dirty_imputed.csv,None,
TRIARD,2026-09-14T18:38:39,ok,8,MCAR,13,10000,0.1,5,0.9998,0.7375,0.8488,13000,3411,,1867.4059,0.7186,/mnt/c/Users/daisl/Documents/Tullio/MISSDCEVEXP_ROW/data_scalability/column_scalability/flights/13cols/8/MCAR/0.1/5/clean.csv,/mnt/c/Users/daisl/Documents/Tullio/MISSDCEVEXP_ROW/data_scalability/column_scalability/flights/13cols/8/MCAR/0.1/5/dirty.csv,/mnt/c/Users/daisl/Documents/Tullio/MISSDCEVEXP_ROW/data_scalability/column_scalability/flights/13cols/8/MCAR/0.1/5/dirty_imputed.csv,None,
TRIARD,2026-09-14T19:09:47,ok,9,MCAR,13,10000,0.1,1,1.0,0.8112,0.8958,13000,2454,,1118.4273,0.6518,/mnt/c/Users/daisl/Documents/Tullio/MISSDCEVEXP_ROW/data_scalability/column_scalability/flights/13cols/9/MCAR/0.1/1/clean.csv,/mnt/c/Users/daisl/Documents/Tullio/MISSDCEVEXP_ROW/data_scalability/column_scalability/flights/13cols/9/MCAR/0.1/1/dirty.csv,/mnt/c/Users/daisl/Documents/Tullio/MISSDCEVEXP_ROW/data_scalability/column_scalability/flights/13cols/9/MCAR/0.1/1/dirty_imputed.csv,None,
TRIARD,2026-09-14T19:28:26,ok,9,MCAR,13,10000,0.1,2,1.0,0.8109,0.8956,13000,2458,,671.3046,0.6239,/mnt/c/Users/daisl/Documents/Tullio/MISSDCEVEXP_ROW/data_scalability/column_scalability/flights/13cols/9/MCAR/0.1/2/clean.csv,/mnt/c/Users/daisl/Documents/Tullio/MISSDCEVEXP_ROW/data_scalability/column_scalability/flights/13cols/9/MCAR/0.1/2/dirty.csv,/mnt/c/Users/daisl/Documents/Tullio/MISSDCEVEXP_ROW/data_scalability/column_scalability/flights/13cols/9/MCAR/0.1/2/dirty_imputed.csv,None,
TRIARD,2026-09-14T19:39:38,ok,9,MCAR,13,10000,0.1,3,1.0,0.8122,0.8964,13000,2441,,714.6281,0.615,/mnt/c/Users/daisl/Documents/Tullio/MISSDCEVEXP_ROW/data_scalability/column_scalability/flights/13cols/9/MCAR/0.1/3/clean.csv,/mnt/c/Users/daisl/Documents/Tullio/MISSDCEVEXP_ROW/data_scalability/column_scalability/flights/13cols/9/MCAR/0.1/3/dirty.csv,/mnt/c/Users/daisl/Documents/Tullio/MISSDCEVEXP_ROW/data_scalability/column_scalability/flights/13cols/9/MCAR/0.1/3/dirty_imputed.csv,None,
TRIARD,2026-09-14T19:51:33,ok,9,MCAR,13,10000,0.1,4,0.9999,0.8139,0.8974,13000,2418,,824.2442,0.6994,/mnt/c/Users/daisl/Documents/Tullio/MISSDCEVEXP_ROW/data_scalability/column_scalability/flights/13cols/9/MCAR/0.1/4/clean.csv,/mnt/c/Users/daisl/Documents/Tullio/MISSDCEVEXP_ROW/data_scalability/column_scalability/flights/13cols/9/MCAR/0.1/4/dirty.csv,/mnt/c/Users/daisl/Documents/Tullio/MISSDCEVEXP_ROW/data_scalability/column_scalability/flights/13cols/9/MCAR/0.1/4/dirty_imputed.csv,None,
TRIARD,2026-09-14T20:05:18,ok,9,MCAR,13,10000,0.1,5,1.0,0.8095,0.8947,13000,2476,,936.1571,0.6348,/mnt/c/Users/daisl/Documents/Tullio/MISSDCEVEXP_ROW/data_scalability/column_scalability/flights/13cols/9/MCAR/0.1/5/clean.csv,/mnt/c/Users/daisl/Documents/Tullio/MISSDCEVEXP_ROW/data_scalability/column_scalability/flights/13cols/9/MCAR/0.1/5/dirty.csv,/mnt/c/Users/daisl/Documents/Tullio/MISSDCEVEXP_ROW/data_scalability/column_scalability/flights/13cols/9/MCAR/0.1/5/dirty_imputed.csv,None,
TRIARD,2026-09-14T20:20:55,ok,1,MCAR,14,10000,0.1,1,0.9969,0.76,0.8625,14000,3327,,2989.9905,0.6159,/mnt/c/Users/daisl/Documents/Tullio/MISSDCEVEXP_ROW/data_scalability/column_scalability/flights/14cols/1/MCAR/0.1/1/clean.csv,/mnt/c/Users/daisl/Documents/Tullio/MISSDCEVEXP_ROW/data_scalability/column_scalability/flights/14cols/1/MCAR/0.1/1/dirty.csv,/mnt/c/Users/daisl/Documents/Tullio/MISSDCEVEXP_ROW/data_scalability/column_scalability/flights/14cols/1/MCAR/0.1/1/dirty_imputed.csv,None,
TRIARD,2026-09-14T21:10:46,ok,1,MCAR,14,10000,0.1,2,0.9977,0.7704,0.8695,14000,3189,,3627.5203,0.6292,/mnt/c/Users/daisl/Documents/Tullio/MISSDCEVEXP_ROW/data_scalability/column_scalability/flights/14cols/1/MCAR/0.1/2/clean.csv,/mnt/c/Users/daisl/Documents/Tullio/MISSDCEVEXP_ROW/data_scalability/column_scalability/flights/14cols/1/MCAR/0.1/2/dirty.csv,/mnt/c/Users/daisl/Documents/Tullio/MISSDCEVEXP_ROW/data_scalability/column_scalability/flights/14cols/1/MCAR/0.1/2/dirty_imputed.csv,None,
TRIARD,2026-09-14T22:11:14,ok,1,MCAR,14,10000,0.1,3,1.0,0.7572,0.8618,14000,3399,,2752.8423,0.7213,/mnt/c/Users/daisl/Documents/Tullio/MISSDCEVEXP_ROW/data_scalability/column_scalability/flights/14cols/1/MCAR/0.1/3/clean.csv,/mnt/c/Users/daisl/Documents/Tullio/MISSDCEVEXP_ROW/data_scalability/column_scalability/flights/14cols/1/MCAR/0.1/3/dirty.csv,/mnt/c/Users/daisl/Documents/Tullio/MISSDCEVEXP_ROW/data_scalability/column_scalability/flights/14cols/1/MCAR/0.1/3/dirty_imputed.csv,None,
TRIARD,2026-09-14T22:57:08,ok,1,MCAR,14,10000,0.1,4,0.9997,0.751,0.8577,14000,3483,,2261.2491,0.6549,/mnt/c/Users/daisl/Documents/Tullio/MISSDCEVEXP_ROW/data_scalability/column_scalability/flights/14cols/1/MCAR/0.1/4/clean.csv,/mnt/c/Users/daisl/Documents/Tullio/MISSDCEVEXP_ROW/data_scalability/column_scalability/flights/14cols/1/MCAR/0.1/4/dirty.csv,/mnt/c/Users/daisl/Documents/Tullio/MISSDCEVEXP_ROW/data_scalability/column_scalability/flights/14cols/1/MCAR/0.1/4/dirty_imputed.csv,None,
TRIARD,2026-09-14T23:34:50,ok,1,MCAR,14,10000,0.1,5,0.9996,0.7497,0.8568,14000,3500,,1885.4776,0.6577,/mnt/c/Users/daisl/Documents/Tullio/MISSDCEVEXP_ROW/data_scalability/column_scalability/flights/14cols/1/MCAR/0.1/5/clean.csv,/mnt/c/Users/daisl/Documents/Tullio/MISSDCEVEXP_ROW/data_scalability/column_scalability/flights/14cols/1/MCAR/0.1/5/dirty.csv,/mnt/c/Users/daisl/Documents/Tullio/MISSDCEVEXP_ROW/data_scalability/column_scalability/flights/14cols/1/MCAR/0.1/5/dirty_imputed.csv,None,
TRIARD,2026-09-15T00:06:16,ok,10,MCAR,14,10000,0.1,1,0.9996,0.7621,0.8648,14000,3327,,1592.1327,0.6442,/mnt/c/Users/daisl/Documents/Tullio/MISSDCEVEXP_ROW/data_scalability/column_scalability/flights/14cols/10/MCAR/0.1/1/clean.csv,/mnt/c/Users/daisl/Documents/Tullio/MISSDCEVEXP_ROW/data_scalability/column_scalability/flights/14cols/10/MCAR/0.1/1/dirty.csv,/mnt/c/Users/daisl/Documents/Tullio/MISSDCEVEXP_ROW/data_scalability/column_scalability/flights/14cols/10/MCAR/0.1/1/dirty_imputed.csv,None,
TRIARD,2026-09-15T00:32:49,ok,10,MCAR,14,10000,0.1,2,1.0,0.7611,0.8644,14000,3344,,1555.4454,0.6532,/mnt/c/Users/daisl/Documents/Tullio/MISSDCEVEXP_ROW/data_scalability/column_scalability/flights/14cols/10/MCAR/0.1/2/clean.csv,/mnt/c/Users/daisl/Documents/Tullio/MISSDCEVEXP_ROW/data_scalability/column_scalability/flights/14cols/10/MCAR/0.1/2/dirty.csv,/mnt/c/Users/daisl/Documents/Tullio/MISSDCEVEXP_ROW/data_scalability/column_scalability/flights/14cols/10/MCAR/0.1/2/dirty_imputed.csv,None,
TRIARD,2026-09-15T00:58:45,ok,10,MCAR,14,10000,0.1,3,1.0,0.7641,0.8663,14000,3303,,1808.2114,0.6621,/mnt/c/Users/daisl/Documents/Tullio/MISSDCEVEXP_ROW/data_scalability/column_scalability/flights/14cols/10/MCAR/0.1/3/clean.csv,/mnt/c/Users/daisl/Documents/Tullio/MISSDCEVEXP_ROW/data_scalability/column_scalability/flights/14cols/10/MCAR/0.1/3/dirty.csv,/mnt/c/Users/daisl/Documents/Tullio/MISSDCEVEXP_ROW/data_scalability/column_scalability/flights/14cols/10/MCAR/0.1/3/dirty_imputed.csv,None,
TRIARD,2026-09-15T01:28:54,ok,10,MCAR,14,10000,0.1,4,1.0,0.7613,0.8645,14000,3342,,1127.5466,0.6634,/mnt/c/Users/daisl/Documents/Tullio/MISSDCEVEXP_ROW/data_scalability/column_scalability/flights/14cols/10/MCAR/0.1/4/clean.csv,/mnt/c/Users/daisl/Documents/Tullio/MISSDCEVEXP_ROW/data_scalability/column_scalability/flights/14cols/10/MCAR/0.1/4/dirty.csv,/mnt/c/Users/daisl/Documents/Tullio/MISSDCEVEXP_ROW/data_scalability/column_scalability/flights/14cols/10/MCAR/0.1/4/dirty_imputed.csv,None,
TRIARD,2026-09-15T01:47:42,ok,10,MCAR,14,10000,0.1,5,1.0,0.7717,0.8711,14000,3196,,1648.9069,0.8372,/mnt/c/Users/daisl/Documents/Tullio/MISSDCEVEXP_ROW/data_scalability/column_scalability/flights/14cols/10/MCAR/0.1/5/clean.csv,/mnt/c/Users/daisl/Documents/Tullio/MISSDCEVEXP_ROW/data_scalability/column_scalability/flights/14cols/10/MCAR/0.1/5/dirty.csv,/mnt/c/Users/daisl/Documents/Tullio/MISSDCEVEXP_ROW/data_scalability/column_scalability/flights/14cols/10/MCAR/0.1/5/dirty_imputed.csv,None,
TRIARD,2026-09-15T02:15:12,ok,2,MCAR,14,10000,0.1,1,1.0,0.8377,0.9117,14000,2272,,978.9811,0.666,/mnt/c/Users/daisl/Documents/Tullio/MISSDCEVEXP_ROW/data_scalability/column_scalability/flights/14cols/2/MCAR/0.1/1/clean.csv,/mnt/c/Users/daisl/Documents/Tullio/MISSDCEVEXP_ROW/data_scalability/column_scalability/flights/14cols/2/MCAR/0.1/1/dirty.csv,/mnt/c/Users/daisl/Documents/Tullio/MISSDCEVEXP_ROW/data_scalability/column_scalability/flights/14cols/2/MCAR/0.1/1/dirty_imputed.csv,None,
TRIARD,2026-09-15T02:31:32,ok,2,MCAR,14,10000,0.1,2,1.0,0.8369,0.9112,14000,2284,,903.4943,0.7003,/mnt/c/Users/daisl/Documents/Tullio/MISSDCEVEXP_ROW/data_scalability/column_scalability/flights/14cols/2/MCAR/0.1/2/clean.csv,/mnt/c/Users/daisl/Documents/Tullio/MISSDCEVEXP_ROW/data_scalability/column_scalability/flights/14cols/2/MCAR/0.1/2/dirty.csv,/mnt/c/Users/daisl/Documents/Tullio/MISSDCEVEXP_ROW/data_scalability/column_scalability/flights/14cols/2/MCAR/0.1/2/dirty_imputed.csv,None,
TRIARD,2026-09-15T02:46:36,ok,2,MCAR,14,10000,0.1,3,1.0,0.8241,0.9036,14000,2463,,960.8786,0.7173,/mnt/c/Users/daisl/Documents/Tullio/MISSDCEVEXP_ROW/data_scalability/column_scalability/flights/14cols/2/MCAR/0.1/3/clean.csv,/mnt/c/Users/daisl/Documents/Tullio/MISSDCEVEXP_ROW/data_scalability/column_scalability/flights/14cols/2/MCAR/0.1/3/dirty.csv,/mnt/c/Users/daisl/Documents/Tullio/MISSDCEVEXP_ROW/data_scalability/column_scalability/flights/14cols/2/MCAR/0.1/3/dirty_imputed.csv,None,
TRIARD,2026-09-15T09:44:20,ok,2,MCAR,14,10000,0.1,4,1.0,0.822,0.9023,14000,2492,,919.3565,0.7205,/mnt/c/Users/daisl/Documents/Tullio/MISSDCEVEXP_ROW/data_scalability/column_scalability/flights/14cols/2/MCAR/0.1/4/clean.csv,/mnt/c/Users/daisl/Documents/Tullio/MISSDCEVEXP_ROW/data_scalability/column_scalability/flights/14cols/2/MCAR/0.1/4/dirty.csv,/mnt/c/Users/daisl/Documents/Tullio/MISSDCEVEXP_ROW/data_scalability/column_scalability/flights/14cols/2/MCAR/0.1/4/dirty_imputed.csv,None,
TRIARD,2026-09-15T09:59:40,ok,2,MCAR,14,10000,0.1,5,1.0,0.8369,0.9112,14000,2284,,897.1538,0.6835,/mnt/c/Users/daisl/Documents/Tullio/MISSDCEVEXP_ROW/data_scalability/column_scalability/flights/14cols/2/MCAR/0.1/5/clean.csv,/mnt/c/Users/daisl/Documents/Tullio/MISSDCEVEXP_ROW/data_scalability/column_scalability/flights/14cols/2/MCAR/0.1/5/dirty.csv,/mnt/c/Users/daisl/Documents/Tullio/MISSDCEVEXP_ROW/data_scalability/column_scalability/flights/14cols/2/MCAR/0.1/5/dirty_imputed.csv,None,
TRIARD,2026-09-15T10:14:38,ok,3,MCAR,14,10000,0.1,1,0.9998,0.797,0.887,14000,2840,,2314.1674,0.6907,/mnt/c/Users/daisl/Documents/Tullio/MISSDCEVEXP_ROW/data_scalability/column_scalability/flights/14cols/3/MCAR/0.1/1/clean.csv,/mnt/c/Users/daisl/Documents/Tullio/MISSDCEVEXP_ROW/data_scalability/column_scalability/flights/14cols/3/MCAR/0.1/1/dirty.csv,/mnt/c/Users/daisl/Documents/Tullio/MISSDCEVEXP_ROW/data_scalability/column_scalability/flights/14cols/3/MCAR/0.1/1/dirty_imputed.csv,None,
TRIARD,2026-09-15T10:53:13,ok,3,MCAR,14,10000,0.1,2,1.0,0.7945,0.8855,14000,2877,,1593.5362,0.6974,/mnt/c/Users/daisl/Documents/Tullio/MISSDCEVEXP_ROW/data_scalability/column_scalability/flights/14cols/3/MCAR/0.1/2/clean.csv,/mnt/c/Users/daisl/Documents/Tullio/MISSDCEVEXP_ROW/data_scalability/column_scalability/flights/14cols/3/MCAR/0.1/2/dirty.csv,/mnt/c/Users/daisl/Documents/Tullio/MISSDCEVEXP_ROW/data_scalability/column_scalability/flights/14cols/3/MCAR/0.1/2/dirty_imputed.csv,None,
TRIARD,2026-09-15T11:19:47,ok,3,MCAR,14,10000,0.1,3,1.0,0.7906,0.8831,14000,2931,,1312.2844,0.5931,/mnt/c/Users/daisl/Documents/Tullio/MISSDCEVEXP_ROW/data_scalability/column_scalability/flights/14cols/3/MCAR/0.1/3/clean.csv,/mnt/c/Users/daisl/Documents/Tullio/MISSDCEVEXP_ROW/data_scalability/column_scalability/flights/14cols/3/MCAR/0.1/3/dirty.csv,/mnt/c/Users/daisl/Documents/Tullio/MISSDCEVEXP_ROW/data_scalability/column_scalability/flights/14cols/3/MCAR/0.1/3/dirty_imputed.csv,None,
TRIARD,2026-09-15T11:41:40,ok,3,MCAR,14,10000,0.1,4,0.9996,0.8018,0.8898,14000,2771,,1910.8298,0.6517,/mnt/c/Users/daisl/Documents/Tullio/MISSDCEVEXP_ROW/data_scalability/column_scalability/flights/14cols/3/MCAR/0.1/4/clean.csv,/mnt/c/Users/daisl/Documents/Tullio/MISSDCEVEXP_ROW/data_scalability/column_scalability/flights/14cols/3/MCAR/0.1/4/dirty.csv,/mnt/c/Users/daisl/Documents/Tullio/MISSDCEVEXP_ROW/data_scalability/column_scalability/flights/14cols/3/MCAR/0.1/4/dirty_imputed.csv,None,
TRIARD,2026-09-15T12:13:31,ok,3,MCAR,14,10000,0.1,5,0.9999,0.7958,0.8862,14000,2858,,1479.1889,0.8071,/mnt/c/Users/daisl/Documents/Tullio/MISSDCEVEXP_ROW/data_scalability/column_scalability/flights/14cols/3/MCAR/0.1/5/clean.csv,/mnt/c/Users/daisl/Documents/Tullio/MISSDCEVEXP_ROW/data_scalability/column_scalability/flights/14cols/3/MCAR/0.1/5/dirty.csv,/mnt/c/Users/daisl/Documents/Tullio/MISSDCEVEXP_ROW/data_scalability/column_scalability/flights/14cols/3/MCAR/0.1/5/dirty_imputed.csv,None,
TRIARD,2026-09-15T12:38:12,ok,4,MCAR,14,10000,0.1,1,0.9999,0.822,0.9023,14000,2491,,1330.7513,0.8813,/mnt/c/Users/daisl/Documents/Tullio/MISSDCEVEXP_ROW/data_scalability/column_scalability/flights/14cols/4/MCAR/0.1/1/clean.csv,/mnt/c/Users/daisl/Documents/Tullio/MISSDCEVEXP_ROW/data_scalability/column_scalability/flights/14cols/4/MCAR/0.1/1/dirty.csv,/mnt/c/Users/daisl/Documents/Tullio/MISSDCEVEXP_ROW/data_scalability/column_scalability/flights/14cols/4/MCAR/0.1/1/dirty_imputed.csv,None,
TRIARD,2026-09-15T13:00:23,ok,4,MCAR,14,10000,0.1,2,1.0,0.8121,0.8963,14000,2631,,1749.5952,0.7882,/mnt/c/Users/daisl/Documents/Tullio/MISSDCEVEXP_ROW/data_scalability/column_scalability/flights/14cols/4/MCAR/0.1/2/clean.csv,/mnt/c/Users/daisl/Documents/Tullio/MISSDCEVEXP_ROW/data_scalability/column_scalability/flights/14cols/4/MCAR/0.1/2/dirty.csv,/mnt/c/Users/daisl/Documents/Tullio/MISSDCEVEXP_ROW/data_scalability/column_scalability/flights/14cols/4/MCAR/0.1/2/dirty_imputed.csv,None,
TRIARD,2026-09-15T13:29:34,ok,4,MCAR,14,10000,0.1,3,0.9998,0.8078,0.8936,14000,2689,,1838.4935,0.6488,/mnt/c/Users/daisl/Documents/Tullio/MISSDCEVEXP_ROW/data_scalability/column_scalability/flights/14cols/4/MCAR/0.1/3/clean.csv,/mnt/c/Users/daisl/Documents/Tullio/MISSDCEVEXP_ROW/data_scalability/column_scalability/flights/14cols/4/MCAR/0.1/3/dirty.csv,/mnt/c/Users/daisl/Documents/Tullio/MISSDCEVEXP_ROW/data_scalability/column_scalability/flights/14cols/4/MCAR/0.1/3/dirty_imputed.csv,None,
TRIARD,2026-09-15T14:00:13,ok,4,MCAR,14,10000,0.1,4,1.0,0.8118,0.8961,14000,2635,,1820.4975,0.6678,/mnt/c/Users/daisl/Documents/Tullio/MISSDCEVEXP_ROW/data_scalability/column_scalability/flights/14cols/4/MCAR/0.1/4/clean.csv,/mnt/c/Users/daisl/Documents/Tullio/MISSDCEVEXP_ROW/data_scalability/column_scalability/flights/14cols/4/MCAR/0.1/4/dirty.csv,/mnt/c/Users/daisl/Documents/Tullio/MISSDCEVEXP_ROW/data_scalability/column_scalability/flights/14cols/4/MCAR/0.1/4/dirty_imputed.csv,None,
TRIARD,2026-09-15T14:30:34,ok,4,MCAR,14,10000,0.1,5,0.9999,0.8189,0.9004,14000,2535,,1410.0104,0.6576,/mnt/c/Users/daisl/Documents/Tullio/MISSDCEVEXP_ROW/data_scalability/column_scalability/flights/14cols/4/MCAR/0.1/5/clean.csv,/mnt/c/Users/daisl/Documents/Tullio/MISSDCEVEXP_ROW/data_scalability/column_scalability/flights/14cols/4/MCAR/0.1/5/dirty.csv,/mnt/c/Users/daisl/Documents/Tullio/MISSDCEVEXP_ROW/data_scalability/column_scalability/flights/14cols/4/MCAR/0.1/5/dirty_imputed.csv,None,
TRIARD,2026-09-15T14:54:05,ok,5,MCAR,14,10000,0.1,1,0.9999,0.7866,0.8805,14000,2986,,1693.2375,0.6197,/mnt/c/Users/daisl/Documents/Tullio/MISSDCEVEXP_ROW/data_scalability/column_scalability/flights/14cols/5/MCAR/0.1/1/clean.csv,/mnt/c/Users/daisl/Documents/Tullio/MISSDCEVEXP_ROW/data_scalability/column_scalability/flights/14cols/5/MCAR/0.1/1/dirty.csv,/mnt/c/Users/daisl/Documents/Tullio/MISSDCEVEXP_ROW/data_scalability/column_scalability/flights/14cols/5/MCAR/0.1/1/dirty_imputed.csv,None,
TRIARD,2026-09-15T15:22:19,ok,5,MCAR,14,10000,0.1,2,1.0,0.8067,0.893,14000,2706,,1893.3689,0.78,/mnt/c/Users/daisl/Documents/Tullio/MISSDCEVEXP_ROW/data_scalability/column_scalability/flights/14cols/5/MCAR/0.1/2/clean.csv,/mnt/c/Users/daisl/Documents/Tullio/MISSDCEVEXP_ROW/data_scalability/column_scalability/flights/14cols/5/MCAR/0.1/2/dirty.csv,/mnt/c/Users/daisl/Documents/Tullio/MISSDCEVEXP_ROW/data_scalability/column_scalability/flights/14cols/5/MCAR/0.1/2/dirty_imputed.csv,None,
TRIARD,2026-09-15T15:53:53,ok,5,MCAR,14,10000,0.1,3,1.0,0.7903,0.8829,14000,2936,,1766.7104,0.6431,/mnt/c/Users/daisl/Documents/Tullio/MISSDCEVEXP_ROW/data_scalability/column_scalability/flights/14cols/5/MCAR/0.1/3/clean.csv,/mnt/c/Users/daisl/Documents/Tullio/MISSDCEVEXP_ROW/data_scalability/column_scalability/flights/14cols/5/MCAR/0.1/3/dirty.csv,/mnt/c/Users/daisl/Documents/Tullio/MISSDCEVEXP_ROW/data_scalability/column_scalability/flights/14cols/5/MCAR/0.1/3/dirty_imputed.csv,None,
TRIARD,2026-09-15T16:23:20,ok,5,MCAR,14,10000,0.1,4,0.9998,0.7937,0.8849,14000,2886,,1425.8042,0.7108,/mnt/c/Users/daisl/Documents/Tullio/MISSDCEVEXP_ROW/data_scalability/column_scalability/flights/14cols/5/MCAR/0.1/4/clean.csv,/mnt/c/Users/daisl/Documents/Tullio/MISSDCEVEXP_ROW/data_scalability/column_scalability/flights/14cols/5/MCAR/0.1/4/dirty.csv,/mnt/c/Users/daisl/Documents/Tullio/MISSDCEVEXP_ROW/data_scalability/column_scalability/flights/14cols/5/MCAR/0.1/4/dirty_imputed.csv,None,
TRIARD,2026-09-15T16:47:07,ok,5,MCAR,14,10000,0.1,5,1.0,0.7864,0.8804,14000,2990,,1568.9218,0.6746,/mnt/c/Users/daisl/Documents/Tullio/MISSDCEVEXP_ROW/data_scalability/column_scalability/flights/14cols/5/MCAR/0.1/5/clean.csv,/mnt/c/Users/daisl/Documents/Tullio/MISSDCEVEXP_ROW/data_scalability/column_scalability/flights/14cols/5/MCAR/0.1/5/dirty.csv,/mnt/c/Users/daisl/Documents/Tullio/MISSDCEVEXP_ROW/data_scalability/column_scalability/flights/14cols/5/MCAR/0.1/5/dirty_imputed.csv,None,
TRIARD,2026-09-15T17:13:17,ok,6,MCAR,14,10000,0.1,1,0.9993,0.7626,0.8651,14000,3315,,1980.5513,0.6618,/mnt/c/Users/daisl/Documents/Tullio/MISSDCEVEXP_ROW/data_scalability/column_scalability/flights/14cols/6/MCAR/0.1/1/clean.csv,/mnt/c/Users/daisl/Documents/Tullio/MISSDCEVEXP_ROW/data_scalability/column_scalability/flights/14cols/6/MCAR/0.1/1/dirty.csv,/mnt/c/Users/daisl/Documents/Tullio/MISSDCEVEXP_ROW/data_scalability/column_scalability/flights/14cols/6/MCAR/0.1/1/dirty_imputed.csv,None,
TRIARD,2026-09-15T17:46:18,ok,6,MCAR,14,10000,0.1,2,1.0,0.7631,0.8656,14000,3317,,1822.9186,0.7211,/mnt/c/Users/daisl/Documents/Tullio/MISSDCEVEXP_ROW/data_scalability/column_scalability/flights/14cols/6/MCAR/0.1/2/clean.csv,/mnt/c/Users/daisl/Documents/Tullio/MISSDCEVEXP_ROW/data_scalability/column_scalability/flights/14cols/6/MCAR/0.1/2/dirty.csv,/mnt/c/Users/daisl/Documents/Tullio/MISSDCEVEXP_ROW/data_scalability/column_scalability/flights/14cols/6/MCAR/0.1/2/dirty_imputed.csv,None,
TRIARD,2026-09-15T18:16:41,ok,6,MCAR,14,10000,0.1,3,0.998,0.7648,0.866,14000,3272,,1798.0834,0.6355,/mnt/c/Users/daisl/Documents/Tullio/MISSDCEVEXP_ROW/data_scalability/column_scalability/flights/14cols/6/MCAR/0.1/3/clean.csv,/mnt/c/Users/daisl/Documents/Tullio/MISSDCEVEXP_ROW/data_scalability/column_scalability/flights/14cols/6/MCAR/0.1/3/dirty.csv,/mnt/c/Users/daisl/Documents/Tullio/MISSDCEVEXP_ROW/data_scalability/column_scalability/flights/14cols/6/MCAR/0.1/3/dirty_imputed.csv,None,
TRIARD,2026-09-15T18:46:40,ok,6,MCAR,14,10000,0.1,4,1.0,0.7716,0.8711,14000,3197,,1565.4384,0.9695,/mnt/c/Users/daisl/Documents/Tullio/MISSDCEVEXP_ROW/data_scalability/column_scalability/flights/14cols/6/MCAR/0.1/4/clean.csv,/mnt/c/Users/daisl/Documents/Tullio/MISSDCEVEXP_ROW/data_scalability/column_scalability/flights/14cols/6/MCAR/0.1/4/dirty.csv,/mnt/c/Users/daisl/Documents/Tullio/MISSDCEVEXP_ROW/data_scalability/column_scalability/flights/14cols/6/MCAR/0.1/4/dirty_imputed.csv,None,
TRIARD,2026-09-15T19:12:47,ok,6,MCAR,14,10000,0.1,5,1.0,0.7591,0.863,14000,3373,,1955.6372,0.7085,/mnt/c/Users/daisl/Documents/Tullio/MISSDCEVEXP_ROW/data_scalability/column_scalability/flights/14cols/6/MCAR/0.1/5/clean.csv,/mnt/c/Users/daisl/Documents/Tullio/MISSDCEVEXP_ROW/data_scalability/column_scalability/flights/14cols/6/MCAR/0.1/5/dirty.csv,/mnt/c/Users/daisl/Documents/Tullio/MISSDCEVEXP_ROW/data_scalability/column_scalability/flights/14cols/6/MCAR/0.1/5/dirty_imputed.csv,None,
TRIARD,2026-09-15T19:45:23,ok,7,MCAR,14,10000,0.1,1,0.9998,0.7082,0.8291,14000,4083,,2670.0851,0.6839,/mnt/c/Users/daisl/Documents/Tullio/MISSDCEVEXP_ROW/data_scalability/column_scalability/flights/14cols/7/MCAR/0.1/1/clean.csv,/mnt/c/Users/daisl/Documents/Tullio/MISSDCEVEXP_ROW/data_scalability/column_scalability/flights/14cols/7/MCAR/0.1/1/dirty.csv,/mnt/c/Users/daisl/Documents/Tullio/MISSDCEVEXP_ROW/data_scalability/column_scalability/flights/14cols/7/MCAR/0.1/1/dirty_imputed.csv,None,
TRIARD,2026-09-15T20:29:54,ok,7,MCAR,14,10000,0.1,2,0.979,0.7059,0.8203,14000,3905,,5983.8703,0.7114,/mnt/c/Users/daisl/Documents/Tullio/MISSDCEVEXP_ROW/data_scalability/column_scalability/flights/14cols/7/MCAR/0.1/2/clean.csv,/mnt/c/Users/daisl/Documents/Tullio/MISSDCEVEXP_ROW/data_scalability/column_scalability/flights/14cols/7/MCAR/0.1/2/dirty.csv,/mnt/c/Users/daisl/Documents/Tullio/MISSDCEVEXP_ROW/data_scalability/column_scalability/flights/14cols/7/MCAR/0.1/2/dirty_imputed.csv,None,
TRIARD,2026-09-15T22:09:39,ok,7,MCAR,14,10000,0.1,3,0.9844,0.6972,0.8163,14000,4084,,6814.3213,0.6336,/mnt/c/Users/daisl/Documents/Tullio/MISSDCEVEXP_ROW/data_scalability/column_scalability/flights/14cols/7/MCAR/0.1/3/clean.csv,/mnt/c/Users/daisl/Documents/Tullio/MISSDCEVEXP_ROW/data_scalability/column_scalability/flights/14cols/7/MCAR/0.1/3/dirty.csv,/mnt/c/Users/daisl/Documents/Tullio/MISSDCEVEXP_ROW/data_scalability/column_scalability/flights/14cols/7/MCAR/0.1/3/dirty_imputed.csv,None,
TRIARD,2026-09-16T00:03:14,ok,7,MCAR,14,10000,0.1,4,0.98,0.6961,0.814,14000,4056,,11637.673,0.9119,/mnt/c/Users/daisl/Documents/Tullio/MISSDCEVEXP_ROW/data_scalability/column_scalability/flights/14cols/7/MCAR/0.1/4/clean.csv,/mnt/c/Users/daisl/Documents/Tullio/MISSDCEVEXP_ROW/data_scalability/column_scalability/flights/14cols/7/MCAR/0.1/4/dirty.csv,/mnt/c/Users/daisl/Documents/Tullio/MISSDCEVEXP_ROW/data_scalability/column_scalability/flights/14cols/7/MCAR/0.1/4/dirty_imputed.csv,None,
TRIARD,2026-09-16T03:17:12,ok,7,MCAR,14,10000,0.1,5,0.9814,0.6964,0.8147,14000,4065,,5037.3214,0.6706,/mnt/c/Users/daisl/Documents/Tullio/MISSDCEVEXP_ROW/data_scalability/column_scalability/flights/14cols/7/MCAR/0.1/5/clean.csv,/mnt/c/Users/daisl/Documents/Tullio/MISSDCEVEXP_ROW/data_scalability/column_scalability/flights/14cols/7/MCAR/0.1/5/dirty.csv,/mnt/c/Users/daisl/Documents/Tullio/MISSDCEVEXP_ROW/data_scalability/column_scalability/flights/14cols/7/MCAR/0.1/5/dirty_imputed.csv,None,
TRIARD,2026-09-16T04:41:10,ok,8,MCAR,14,10000,0.1,1,1.0,0.7954,0.8861,14000,2864,,1027.2513,0.7586,/mnt/c/Users/daisl/Documents/Tullio/MISSDCEVEXP_ROW/data_scalability/column_scalability/flights/14cols/8/MCAR/0.1/1/clean.csv,/mnt/c/Users/daisl/Documents/Tullio/MISSDCEVEXP_ROW/data_scalability/column_scalability/flights/14cols/8/MCAR/0.1/1/dirty.csv,/mnt/c/Users/daisl/Documents/Tullio/MISSDCEVEXP_ROW/data_scalability/column_scalability/flights/14cols/8/MCAR/0.1/1/dirty_imputed.csv,None,
TRIARD,2026-09-16T04:58:18,ok,8,MCAR,14,10000,0.1,2,1.0,0.8019,0.8901,14000,2773,,2293.8361,0.6715,/mnt/c/Users/daisl/Documents/Tullio/MISSDCEVEXP_ROW/data_scalability/column_scalability/flights/14cols/8/MCAR/0.1/2/clean.csv,/mnt/c/Users/daisl/Documents/Tullio/MISSDCEVEXP_ROW/data_scalability/column_scalability/flights/14cols/8/MCAR/0.1/2/dirty.csv,/mnt/c/Users/daisl/Documents/Tullio/MISSDCEVEXP_ROW/data_scalability/column_scalability/flights/14cols/8/MCAR/0.1/2/dirty_imputed.csv,None,
TRIARD,2026-09-16T05:36:33,ok,8,MCAR,14,10000,0.1,3,1.0,0.8018,0.89,14000,2775,,1840.3263,0.6758,/mnt/c/Users/daisl/Documents/Tullio/MISSDCEVEXP_ROW/data_scalability/column_scalability/flights/14cols/8/MCAR/0.1/3/clean.csv,/mnt/c/Users/daisl/Documents/Tullio/MISSDCEVEXP_ROW/data_scalability/column_scalability/flights/14cols/8/MCAR/0.1/3/dirty.csv,/mnt/c/Users/daisl/Documents/Tullio/MISSDCEVEXP_ROW/data_scalability/column_scalability/flights/14cols/8/MCAR/0.1/3/dirty_imputed.csv,None,
TRIARD,2026-09-16T06:07:14,ok,8,MCAR,14,10000,0.1,4,1.0,0.795,0.8858,14000,2870,,2511.1304,0.6555,/mnt/c/Users/daisl/Documents/Tullio/MISSDCEVEXP_ROW/data_scalability/column_scalability/flights/14cols/8/MCAR/0.1/4/clean.csv,/mnt/c/Users/daisl/Documents/Tullio/MISSDCEVEXP_ROW/data_scalability/column_scalability/flights/14cols/8/MCAR/0.1/4/dirty.csv,/mnt/c/Users/daisl/Documents/Tullio/MISSDCEVEXP_ROW/data_scalability/column_scalability/flights/14cols/8/MCAR/0.1/4/dirty_imputed.csv,None,
TRIARD,2026-09-16T06:49:06,ok,8,MCAR,14,10000,0.1,5,1.0,0.8016,0.8899,14000,2777,,2401.09,0.6776,/mnt/c/Users/daisl/Documents/Tullio/MISSDCEVEXP_ROW/data_scalability/column_scalability/flights/14cols/8/MCAR/0.1/5/clean.csv,/mnt/c/Users/daisl/Documents/Tullio/MISSDCEVEXP_ROW/data_scalability/column_scalability/flights/14cols/8/MCAR/0.1/5/dirty.csv,/mnt/c/Users/daisl/Documents/Tullio/MISSDCEVEXP_ROW/data_scalability/column_scalability/flights/14cols/8/MCAR/0.1/5/dirty_imputed.csv,None,
TRIARD,2026-09-16T07:29:08,ok,9,MCAR,14,10000,0.1,1,1.0,0.7951,0.8859,14000,2868,,1921.3204,0.6419,/mnt/c/Users/daisl/Documents/Tullio/MISSDCEVEXP_ROW/data_scalability/column_scalability/flights/14cols/9/MCAR/0.1/1/clean.csv,/mnt/c/Users/daisl/Documents/Tullio/MISSDCEVEXP_ROW/data_scalability/column_scalability/flights/14cols/9/MCAR/0.1/1/dirty.csv,/mnt/c/Users/daisl/Documents/Tullio/MISSDCEVEXP_ROW/data_scalability/column_scalability/flights/14cols/9/MCAR/0.1/1/dirty_imputed.csv,None,
TRIARD,2026-09-16T08:01:10,ok,9,MCAR,14,10000,0.1,2,1.0,0.7992,0.8884,14000,2811,,1893.7746,0.7358,/mnt/c/Users/daisl/Documents/Tullio/MISSDCEVEXP_ROW/data_scalability/column_scalability/flights/14cols/9/MCAR/0.1/2/clean.csv,/mnt/c/Users/daisl/Documents/Tullio/MISSDCEVEXP_ROW/data_scalability/column_scalability/flights/14cols/9/MCAR/0.1/2/dirty.csv,/mnt/c/Users/daisl/Documents/Tullio/MISSDCEVEXP_ROW/data_scalability/column_scalability/flights/14cols/9/MCAR/0.1/2/dirty_imputed.csv,None,
TRIARD,2026-09-16T08:32:44,ok,9,MCAR,14,10000,0.1,3,1.0,0.7924,0.8842,14000,2906,,1136.3462,0.6735,/mnt/c/Users/daisl/Documents/Tullio/MISSDCEVEXP_ROW/data_scalability/column_scalability/flights/14cols/9/MCAR/0.1/3/clean.csv,/mnt/c/Users/daisl/Documents/Tullio/MISSDCEVEXP_ROW/data_scalability/column_scalability/flights/14cols/9/MCAR/0.1/3/dirty.csv,/mnt/c/Users/daisl/Documents/Tullio/MISSDCEVEXP_ROW/data_scalability/column_scalability/flights/14cols/9/MCAR/0.1/3/dirty_imputed.csv,None,
TRIARD,2026-09-16T08:51:41,ok,9,MCAR,14,10000,0.1,4,0.9998,0.8137,0.8972,14000,2606,,2533.6258,0.6767,/mnt/c/Users/daisl/Documents/Tullio/MISSDCEVEXP_ROW/data_scalability/column_scalability/flights/14cols/9/MCAR/0.1/4/clean.csv,/mnt/c/Users/daisl/Documents/Tullio/MISSDCEVEXP_ROW/data_scalability/column_scalability/flights/14cols/9/MCAR/0.1/4/dirty.csv,/mnt/c/Users/daisl/Documents/Tullio/MISSDCEVEXP_ROW/data_scalability/column_scalability/flights/14cols/9/MCAR/0.1/4/dirty_imputed.csv,None,
TRIARD,2026-09-16T09:33:56,ok,9,MCAR,14,10000,0.1,5,1.0,0.7978,0.8875,14000,2831,,1126.721,0.6778,/mnt/c/Users/daisl/Documents/Tullio/MISSDCEVEXP_ROW/data_scalability/column_scalability/flights/14cols/9/MCAR/0.1/5/clean.csv,/mnt/c/Users/daisl/Documents/Tullio/MISSDCEVEXP_ROW/data_scalability/column_scalability/flights/14cols/9/MCAR/0.1/5/dirty.csv,/mnt/c/Users/daisl/Documents/Tullio/MISSDCEVEXP_ROW/data_scalability/column_scalability/flights/14cols/9/MCAR/0.1/5/dirty_imputed.csv,None,
TRIARD,2026-09-12T06:37:52,ok,1,MCAR,10,10000,0.1,1,0.6058,0.2377,0.3414,10000,6076,,2783.7529,0.6887,/mnt/c/Users/daisl/Documents/Tullio/MISSDCEVEXP_COL_2/data_scalability/column_scalability/ncvoter/10cols/1/MCAR/0.1/1/clean.csv,/mnt/c/Users/daisl/Documents/Tullio/MISSDCEVEXP_COL_2/data_scalability/column_scalability/ncvoter/10cols/1/MCAR/0.1/1/dirty.csv,/mnt/c/Users/daisl/Documents/Tullio/MISSDCEVEXP_COL_2/data_scalability/column_scalability/ncvoter/10cols/1/MCAR/0.1/1/dirty_imputed.csv,None,
TRIARD,2026-09-12T07:24:16,ok,1,MCAR,10,10000,0.1,2,0.6346,0.2489,0.3576,10000,6078,,3643.3853,0.7167,/mnt/c/Users/daisl/Documents/Tullio/MISSDCEVEXP_COL_2/data_scalability/column_scalability/ncvoter/10cols/1/MCAR/0.1/2/clean.csv,/mnt/c/Users/daisl/Documents/Tullio/MISSDCEVEXP_COL_2/data_scalability/column_scalability/ncvoter/10cols/1/MCAR/0.1/2/dirty.csv,/mnt/c/Users/daisl/Documents/Tullio/MISSDCEVEXP_COL_2/data_scalability/column_scalability/ncvoter/10cols/1/MCAR/0.1/2/dirty_imputed.csv,None,
TRIARD,2026-09-12T08:25:01,ok,1,MCAR,10,10000,0.1,3,0.6019,0.238,0.3411,10000,6046,,2606.2139,0.6564,/mnt/c/Users/daisl/Documents/Tullio/MISSDCEVEXP_COL_2/data_scalability/column_scalability/ncvoter/10cols/1/MCAR/0.1/3/clean.csv,/mnt/c/Users/daisl/Documents/Tullio/MISSDCEVEXP_COL_2/data_scalability/column_scalability/ncvoter/10cols/1/MCAR/0.1/3/dirty.csv,/mnt/c/Users/daisl/Documents/Tullio/MISSDCEVEXP_COL_2/data_scalability/column_scalability/ncvoter/10cols/1/MCAR/0.1/3/dirty_imputed.csv,None,
TRIARD,2026-09-12T09:08:28,ok,1,MCAR,10,10000,0.1,4,0.5149,0.1675,0.2528,10000,6747,,2340.6007,0.6413,/mnt/c/Users/daisl/Documents/Tullio/MISSDCEVEXP_COL_2/data_scalability/column_scalability/ncvoter/10cols/1/MCAR/0.1/4/clean.csv,/mnt/c/Users/daisl/Documents/Tullio/MISSDCEVEXP_COL_2/data_scalability/column_scalability/ncvoter/10cols/1/MCAR/0.1/4/dirty.csv,/mnt/c/Users/daisl/Documents/Tullio/MISSDCEVEXP_COL_2/data_scalability/column_scalability/ncvoter/10cols/1/MCAR/0.1/4/dirty_imputed.csv,None,
TRIARD,2026-09-12T09:47:29,ok,1,MCAR,10,10000,0.1,5,0.5397,0.1815,0.2716,10000,6637,,2196.7949,0.6212,/mnt/c/Users/daisl/Documents/Tullio/MISSDCEVEXP_COL_2/data_scalability/column_scalability/ncvoter/10cols/1/MCAR/0.1/5/clean.csv,/mnt/c/Users/daisl/Documents/Tullio/MISSDCEVEXP_COL_2/data_scalability/column_scalability/ncvoter/10cols/1/MCAR/0.1/5/dirty.csv,/mnt/c/Users/daisl/Documents/Tullio/MISSDCEVEXP_COL_2/data_scalability/column_scalability/ncvoter/10cols/1/MCAR/0.1/5/dirty_imputed.csv,None,
TRIARD,2026-09-12T10:24:06,ok,10,MCAR,10,10000,0.1,1,0.9829,0.5394,0.6965,10000,4512,,906.6531,0.6206,/mnt/c/Users/daisl/Documents/Tullio/MISSDCEVEXP_COL_2/data_scalability/column_scalability/ncvoter/10cols/10/MCAR/0.1/1/clean.csv,/mnt/c/Users/daisl/Documents/Tullio/MISSDCEVEXP_COL_2/data_scalability/column_scalability/ncvoter/10cols/10/MCAR/0.1/1/dirty.csv,/mnt/c/Users/daisl/Documents/Tullio/MISSDCEVEXP_COL_2/data_scalability/column_scalability/ncvoter/10cols/10/MCAR/0.1/1/dirty_imputed.csv,None,
TRIARD,2026-09-12T10:39:14,ok,10,MCAR,10,10000,0.1,2,0.9927,0.5324,0.6931,10000,4637,,1018.3006,0.5837,/mnt/c/Users/daisl/Documents/Tullio/MISSDCEVEXP_COL_2/data_scalability/column_scalability/ncvoter/10cols/10/MCAR/0.1/2/clean.csv,/mnt/c/Users/daisl/Documents/Tullio/MISSDCEVEXP_COL_2/data_scalability/column_scalability/ncvoter/10cols/10/MCAR/0.1/2/dirty.csv,/mnt/c/Users/daisl/Documents/Tullio/MISSDCEVEXP_COL_2/data_scalability/column_scalability/ncvoter/10cols/10/MCAR/0.1/2/dirty_imputed.csv,None,
TRIARD,2026-09-12T10:56:13,ok,10,MCAR,10,10000,0.1,3,0.972,0.5206,0.678,10000,4644,,994.5892,0.6692,/mnt/c/Users/daisl/Documents/Tullio/MISSDCEVEXP_COL_2/data_scalability/column_scalability/ncvoter/10cols/10/MCAR/0.1/3/clean.csv,/mnt/c/Users/daisl/Documents/Tullio/MISSDCEVEXP_COL_2/data_scalability/column_scalability/ncvoter/10cols/10/MCAR/0.1/3/dirty.csv,/mnt/c/Users/daisl/Documents/Tullio/MISSDCEVEXP_COL_2/data_scalability/column_scalability/ncvoter/10cols/10/MCAR/0.1/3/dirty_imputed.csv,None,
TRIARD,2026-09-12T11:12:48,ok,10,MCAR,10,10000,0.1,4,0.994,0.5122,0.676,10000,4847,,1260.6421,0.6211,/mnt/c/Users/daisl/Documents/Tullio/MISSDCEVEXP_COL_2/data_scalability/column_scalability/ncvoter/10cols/10/MCAR/0.1/4/clean.csv,/mnt/c/Users/daisl/Documents/Tullio/MISSDCEVEXP_COL_2/data_scalability/column_scalability/ncvoter/10cols/10/MCAR/0.1/4/dirty.csv,/mnt/c/Users/daisl/Documents/Tullio/MISSDCEVEXP_COL_2/data_scalability/column_scalability/ncvoter/10cols/10/MCAR/0.1/4/dirty_imputed.csv,None,
TRIARD,2026-09-12T11:33:49,ok,10,MCAR,10,10000,0.1,5,0.9923,0.5408,0.7001,10000,4550,,981.8128,0.6228,/mnt/c/Users/daisl/Documents/Tullio/MISSDCEVEXP_COL_2/data_scalability/column_scalability/ncvoter/10cols/10/MCAR/0.1/5/clean.csv,/mnt/c/Users/daisl/Documents/Tullio/MISSDCEVEXP_COL_2/data_scalability/column_scalability/ncvoter/10cols/10/MCAR/0.1/5/dirty.csv,/mnt/c/Users/daisl/Documents/Tullio/MISSDCEVEXP_COL_2/data_scalability/column_scalability/ncvoter/10cols/10/MCAR/0.1/5/dirty_imputed.csv,None,
TRIARD,2026-09-12T11:50:12,ok,2,MCAR,10,10000,0.1,1,0.8649,0.4994,0.6332,10000,4226,,957.1602,0.5711,/mnt/c/Users/daisl/Documents/Tullio/MISSDCEVEXP_COL_2/data_scalability/column_scalability/ncvoter/10cols/2/MCAR/0.1/1/clean.csv,/mnt/c/Users/daisl/Documents/Tullio/MISSDCEVEXP_COL_2/data_scalability/column_scalability/ncvoter/10cols/2/MCAR/0.1/1/dirty.csv,/mnt/c/Users/daisl/Documents/Tullio/MISSDCEVEXP_COL_2/data_scalability/column_scalability/ncvoter/10cols/2/MCAR/0.1/1/dirty_imputed.csv,None,
TRIARD,2026-09-12T12:06:10,ok,2,MCAR,10,10000,0.1,2,0.9567,0.5518,0.6999,10000,4232,,1048.7038,0.5919,/mnt/c/Users/daisl/Documents/Tullio/MISSDCEVEXP_COL_2/data_scalability/column_scalability/ncvoter/10cols/2/MCAR/0.1/2/clean.csv,/mnt/c/Users/daisl/Documents/Tullio/MISSDCEVEXP_COL_2/data_scalability/column_scalability/ncvoter/10cols/2/MCAR/0.1/2/dirty.csv,/mnt/c/Users/daisl/Documents/Tullio/MISSDCEVEXP_COL_2/data_scalability/column_scalability/ncvoter/10cols/2/MCAR/0.1/2/dirty_imputed.csv,None,
TRIARD,2026-09-12T12:23:39,ok,2,MCAR,10,10000,0.1,3,0.8573,0.4955,0.628,10000,4220,,998.5608,0.6216,/mnt/c/Users/daisl/Documents/Tullio/MISSDCEVEXP_COL_2/data_scalability/column_scalability/ncvoter/10cols/2/MCAR/0.1/3/clean.csv,/mnt/c/Users/daisl/Documents/Tullio/MISSDCEVEXP_COL_2/data_scalability/column_scalability/ncvoter/10cols/2/MCAR/0.1/3/dirty.csv,/mnt/c/Users/daisl/Documents/Tullio/MISSDCEVEXP_COL_2/data_scalability/column_scalability/ncvoter/10cols/2/MCAR/0.1/3/dirty_imputed.csv,None,
TRIARD,2026-09-12T12:40:18,ok,2,MCAR,10,10000,0.1,4,0.8581,0.5002,0.632,10000,4171,,942.5533,0.5141,/mnt/c/Users/daisl/Documents/Tullio/MISSDCEVEXP_COL_2/data_scalability/column_scalability/ncvoter/10cols/2/MCAR/0.1/4/clean.csv,/mnt/c/Users/daisl/Documents/Tullio/MISSDCEVEXP_COL_2/data_scalability/column_scalability/ncvoter/10cols/2/MCAR/0.1/4/dirty.csv,/mnt/c/Users/daisl/Documents/Tullio/MISSDCEVEXP_COL_2/data_scalability/column_scalability/ncvoter/10cols/2/MCAR/0.1/4/dirty_imputed.csv,None,
TRIARD,2026-09-12T12:56:01,ok,2,MCAR,10,10000,0.1,5,0.8563,0.4982,0.6299,10000,4182,,901.6247,0.5958,/mnt/c/Users/daisl/Documents/Tullio/MISSDCEVEXP_COL_2/data_scalability/column_scalability/ncvoter/10cols/2/MCAR/0.1/5/clean.csv,/mnt/c/Users/daisl/Documents/Tullio/MISSDCEVEXP_COL_2/data_scalability/column_scalability/ncvoter/10cols/2/MCAR/0.1/5/dirty.csv,/mnt/c/Users/daisl/Documents/Tullio/MISSDCEVEXP_COL_2/data_scalability/column_scalability/ncvoter/10cols/2/MCAR/0.1/5/dirty_imputed.csv,None,
TRIARD,2026-09-12T13:11:04,ok,3,MCAR,10,10000,0.1,1,0.982,0.5607,0.7138,10000,4290,,3296.8455,0.63,/mnt/c/Users/daisl/Documents/Tullio/MISSDCEVEXP_COL_2/data_scalability/column_scalability/ncvoter/10cols/3/MCAR/0.1/1/clean.csv,/mnt/c/Users/daisl/Documents/Tullio/MISSDCEVEXP_COL_2/data_scalability/column_scalability/ncvoter/10cols/3/MCAR/0.1/1/dirty.csv,/mnt/c/Users/daisl/Documents/Tullio/MISSDCEVEXP_COL_2/data_scalability/column_scalability/ncvoter/10cols/3/MCAR/0.1/1/dirty_imputed.csv,None,
TRIARD,2026-09-12T14:06:01,ok,3,MCAR,10,10000,0.1,2,0.9693,0.5625,0.7119,10000,4197,,2742.9127,0.5923,/mnt/c/Users/daisl/Documents/Tullio/MISSDCEVEXP_COL_2/data_scalability/column_scalability/ncvoter/10cols/3/MCAR/0.1/2/clean.csv,/mnt/c/Users/daisl/Documents/Tullio/MISSDCEVEXP_COL_2/data_scalability/column_scalability/ncvoter/10cols/3/MCAR/0.1/2/dirty.csv,/mnt/c/Users/daisl/Documents/Tullio/MISSDCEVEXP_COL_2/data_scalability/column_scalability/ncvoter/10cols/3/MCAR/0.1/2/dirty_imputed.csv,None,
TRIARD,2026-09-12T14:51:45,ok,3,MCAR,10,10000,0.1,3,0.9817,0.557,0.7107,10000,4326,,1848.596,0.605,/mnt/c/Users/daisl/Documents/Tullio/MISSDCEVEXP_COL_2/data_scalability/column_scalability/ncvoter/10cols/3/MCAR/0.1/3/clean.csv,/mnt/c/Users/daisl/Documents/Tullio/MISSDCEVEXP_COL_2/data_scalability/column_scalability/ncvoter/10cols/3/MCAR/0.1/3/dirty.csv,/mnt/c/Users/daisl/Documents/Tullio/MISSDCEVEXP_COL_2/data_scalability/column_scalability/ncvoter/10cols/3/MCAR/0.1/3/dirty_imputed.csv,None,
TRIARD,2026-09-12T15:22:34,ok,3,MCAR,10,10000,0.1,4,0.9807,0.5582,0.7114,10000,4308,,2345.5524,0.6414,/mnt/c/Users/daisl/Documents/Tullio/MISSDCEVEXP_COL_2/data_scalability/column_scalability/ncvoter/10cols/3/MCAR/0.1/4/clean.csv,/mnt/c/Users/daisl/Documents/Tullio/MISSDCEVEXP_COL_2/data_scalability/column_scalability/ncvoter/10cols/3/MCAR/0.1/4/dirty.csv,/mnt/c/Users/daisl/Documents/Tullio/MISSDCEVEXP_COL_2/data_scalability/column_scalability/ncvoter/10cols/3/MCAR/0.1/4/dirty_imputed.csv,None,
TRIARD,2026-09-12T16:01:40,ok,3,MCAR,10,10000,0.1,5,0.9704,0.5643,0.7136,10000,4185,,1839.5592,0.6427,/mnt/c/Users/daisl/Documents/Tullio/MISSDCEVEXP_COL_2/data_scalability/column_scalability/ncvoter/10cols/3/MCAR/0.1/5/clean.csv,/mnt/c/Users/daisl/Documents/Tullio/MISSDCEVEXP_COL_2/data_scalability/column_scalability/ncvoter/10cols/3/MCAR/0.1/5/dirty.csv,/mnt/c/Users/daisl/Documents/Tullio/MISSDCEVEXP_COL_2/data_scalability/column_scalability/ncvoter/10cols/3/MCAR/0.1/5/dirty_imputed.csv,None,
TRIARD,2026-09-12T16:32:20,ok,4,MCAR,10,10000,0.1,1,0.9609,0.5573,0.7054,10000,4200,,5196.2674,0.6569,/mnt/c/Users/daisl/Documents/Tullio/MISSDCEVEXP_COL_2/data_scalability/column_scalability/ncvoter/10cols/4/MCAR/0.1/1/clean.csv,/mnt/c/Users/daisl/Documents/Tullio/MISSDCEVEXP_COL_2/data_scalability/column_scalability/ncvoter/10cols/4/MCAR/0.1/1/dirty.csv,/mnt/c/Users/daisl/Documents/Tullio/MISSDCEVEXP_COL_2/data_scalability/column_scalability/ncvoter/10cols/4/MCAR/0.1/1/dirty_imputed.csv,None,
TRIARD,2026-09-12T17:58:57,ok,4,MCAR,10,10000,0.1,2,0.9658,0.5501,0.7009,10000,4304,,2594.4487,0.675,/mnt/c/Users/daisl/Documents/Tullio/MISSDCEVEXP_COL_2/data_scalability/column_scalability/ncvoter/10cols/4/MCAR/0.1/2/clean.csv,/mnt/c/Users/daisl/Documents/Tullio/MISSDCEVEXP_COL_2/data_scalability/column_scalability/ncvoter/10cols/4/MCAR/0.1/2/dirty.csv,/mnt/c/Users/daisl/Documents/Tullio/MISSDCEVEXP_COL_2/data_scalability/column_scalability/ncvoter/10cols/4/MCAR/0.1/2/dirty_imputed.csv,None,
TRIARD,2026-09-12T18:42:13,ok,4,MCAR,10,10000,0.1,3,0.9501,0.55,0.6967,10000,4211,,3595.2599,0.599,/mnt/c/Users/daisl/Documents/Tullio/MISSDCEVEXP_COL_2/data_scalability/column_scalability/ncvoter/10cols/4/MCAR/0.1/3/clean.csv,/mnt/c/Users/daisl/Documents/Tullio/MISSDCEVEXP_COL_2/data_scalability/column_scalability/ncvoter/10cols/4/MCAR/0.1/3/dirty.csv,/mnt/c/Users/daisl/Documents/Tullio/MISSDCEVEXP_COL_2/data_scalability/column_scalability/ncvoter/10cols/4/MCAR/0.1/3/dirty_imputed.csv,None,
TRIARD,2026-09-12T19:42:08,ok,4,MCAR,10,10000,0.1,4,0.9525,0.5535,0.7001,10000,4189,,3902.8302,0.5906,/mnt/c/Users/daisl/Documents/Tullio/MISSDCEVEXP_COL_2/data_scalability/column_scalability/ncvoter/10cols/4/MCAR/0.1/4/clean.csv,/mnt/c/Users/daisl/Documents/Tullio/MISSDCEVEXP_COL_2/data_scalability/column_scalability/ncvoter/10cols/4/MCAR/0.1/4/dirty.csv,/mnt/c/Users/daisl/Documents/Tullio/MISSDCEVEXP_COL_2/data_scalability/column_scalability/ncvoter/10cols/4/MCAR/0.1/4/dirty_imputed.csv,None,
TRIARD,2026-09-12T20:47:12,ok,4,MCAR,10,10000,0.1,5,0.9596,0.5458,0.6958,10000,4312,,5768.2109,0.5805,/mnt/c/Users/daisl/Documents/Tullio/MISSDCEVEXP_COL_2/data_scalability/column_scalability/ncvoter/10cols/4/MCAR/0.1/5/clean.csv,/mnt/c/Users/daisl/Documents/Tullio/MISSDCEVEXP_COL_2/data_scalability/column_scalability/ncvoter/10cols/4/MCAR/0.1/5/dirty.csv,/mnt/c/Users/daisl/Documents/Tullio/MISSDCEVEXP_COL_2/data_scalability/column_scalability/ncvoter/10cols/4/MCAR/0.1/5/dirty_imputed.csv,None,
TRIARD,2026-09-12T22:23:21,ok,5,MCAR,10,10000,0.1,1,0.968,0.466,0.6291,10000,5186,,3812.3582,0.6799,/mnt/c/Users/daisl/Documents/Tullio/MISSDCEVEXP_COL_2/data_scalability/column_scalability/ncvoter/10cols/5/MCAR/0.1/1/clean.csv,/mnt/c/Users/daisl/Documents/Tullio/MISSDCEVEXP_COL_2/data_scalability/column_scalability/ncvoter/10cols/5/MCAR/0.1/1/dirty.csv,/mnt/c/Users/daisl/Documents/Tullio/MISSDCEVEXP_COL_2/data_scalability/column_scalability/ncvoter/10cols/5/MCAR/0.1/1/dirty_imputed.csv,None,
TRIARD,2026-09-12T23:26:54,ok,5,MCAR,10,10000,0.1,2,0.9737,0.4596,0.6245,10000,5280,,3148.7353,0.6807,/mnt/c/Users/daisl/Documents/Tullio/MISSDCEVEXP_COL_2/data_scalability/column_scalability/ncvoter/10cols/5/MCAR/0.1/2/clean.csv,/mnt/c/Users/daisl/Documents/Tullio/MISSDCEVEXP_COL_2/data_scalability/column_scalability/ncvoter/10cols/5/MCAR/0.1/2/dirty.csv,/mnt/c/Users/daisl/Documents/Tullio/MISSDCEVEXP_COL_2/data_scalability/column_scalability/ncvoter/10cols/5/MCAR/0.1/2/dirty_imputed.csv,None,
TRIARD,2026-09-13T00:19:23,ok,5,MCAR,10,10000,0.1,3,0.9773,0.4612,0.6267,10000,5281,,6567.9079,0.6169,/mnt/c/Users/daisl/Documents/Tullio/MISSDCEVEXP_COL_2/data_scalability/column_scalability/ncvoter/10cols/5/MCAR/0.1/3/clean.csv,/mnt/c/Users/daisl/Documents/Tullio/MISSDCEVEXP_COL_2/data_scalability/column_scalability/ncvoter/10cols/5/MCAR/0.1/3/dirty.csv,/mnt/c/Users/daisl/Documents/Tullio/MISSDCEVEXP_COL_2/data_scalability/column_scalability/ncvoter/10cols/5/MCAR/0.1/3/dirty_imputed.csv,None,
TRIARD,2026-09-13T02:08:52,ok,5,MCAR,10,10000,0.1,4,0.936,0.4385,0.5972,10000,5315,,3440.3161,0.7546,/mnt/c/Users/daisl/Documents/Tullio/MISSDCEVEXP_COL_2/data_scalability/column_scalability/ncvoter/10cols/5/MCAR/0.1/4/clean.csv,/mnt/c/Users/daisl/Documents/Tullio/MISSDCEVEXP_COL_2/data_scalability/column_scalability/ncvoter/10cols/5/MCAR/0.1/4/dirty.csv,/mnt/c/Users/daisl/Documents/Tullio/MISSDCEVEXP_COL_2/data_scalability/column_scalability/ncvoter/10cols/5/MCAR/0.1/4/dirty_imputed.csv,None,
TRIARD,2026-09-13T03:06:13,ok,5,MCAR,10,10000,0.1,5,0.9746,0.4611,0.626,10000,5269,,2080.7841,0.5916,/mnt/c/Users/daisl/Documents/Tullio/MISSDCEVEXP_COL_2/data_scalability/column_scalability/ncvoter/10cols/5/MCAR/0.1/5/clean.csv,/mnt/c/Users/daisl/Documents/Tullio/MISSDCEVEXP_COL_2/data_scalability/column_scalability/ncvoter/10cols/5/MCAR/0.1/5/dirty.csv,/mnt/c/Users/daisl/Documents/Tullio/MISSDCEVEXP_COL_2/data_scalability/column_scalability/ncvoter/10cols/5/MCAR/0.1/5/dirty_imputed.csv,None,
TRIARD,2026-09-13T03:40:55,ok,6,MCAR,10,10000,0.1,1,0.7608,0.3126,0.4431,10000,5891,,2823.975,0.7074,/mnt/c/Users/daisl/Documents/Tullio/MISSDCEVEXP_COL_2/data_scalability/column_scalability/ncvoter/10cols/6/MCAR/0.1/1/clean.csv,/mnt/c/Users/daisl/Documents/Tullio/MISSDCEVEXP_COL_2/data_scalability/column_scalability/ncvoter/10cols/6/MCAR/0.1/1/dirty.csv,/mnt/c/Users/daisl/Documents/Tullio/MISSDCEVEXP_COL_2/data_scalability/column_scalability/ncvoter/10cols/6/MCAR/0.1/1/dirty_imputed.csv,None,
TRIARD,2026-09-13T04:27:59,ok,6,MCAR,10,10000,0.1,2,0.7579,0.3031,0.433,10000,6001,,2952.5393,0.6693,/mnt/c/Users/daisl/Documents/Tullio/MISSDCEVEXP_COL_2/data_scalability/column_scalability/ncvoter/10cols/6/MCAR/0.1/2/clean.csv,/mnt/c/Users/daisl/Documents/Tullio/MISSDCEVEXP_COL_2/data_scalability/column_scalability/ncvoter/10cols/6/MCAR/0.1/2/dirty.csv,/mnt/c/Users/daisl/Documents/Tullio/MISSDCEVEXP_COL_2/data_scalability/column_scalability/ncvoter/10cols/6/MCAR/0.1/2/dirty_imputed.csv,None,
TRIARD,2026-09-13T05:17:13,ok,6,MCAR,10,10000,0.1,3,0.7499,0.3017,0.4303,10000,5977,,4401.2389,0.606,/mnt/c/Users/daisl/Documents/Tullio/MISSDCEVEXP_COL_2/data_scalability/column_scalability/ncvoter/10cols/6/MCAR/0.1/3/clean.csv,/mnt/c/Users/daisl/Documents/Tullio/MISSDCEVEXP_COL_2/data_scalability/column_scalability/ncvoter/10cols/6/MCAR/0.1/3/dirty.csv,/mnt/c/Users/daisl/Documents/Tullio/MISSDCEVEXP_COL_2/data_scalability/column_scalability/ncvoter/10cols/6/MCAR/0.1/3/dirty_imputed.csv,None,
TRIARD,2026-09-13T06:30:34,ok,6,MCAR,10,10000,0.1,4,0.7682,0.3073,0.439,10000,6000,,3235.3785,0.6487,/mnt/c/Users/daisl/Documents/Tullio/MISSDCEVEXP_COL_2/data_scalability/column_scalability/ncvoter/10cols/6/MCAR/0.1/4/clean.csv,/mnt/c/Users/daisl/Documents/Tullio/MISSDCEVEXP_COL_2/data_scalability/column_scalability/ncvoter/10cols/6/MCAR/0.1/4/dirty.csv,/mnt/c/Users/daisl/Documents/Tullio/MISSDCEVEXP_COL_2/data_scalability/column_scalability/ncvoter/10cols/6/MCAR/0.1/4/dirty_imputed.csv,None,
TRIARD,2026-09-13T07:24:31,ok,6,MCAR,10,10000,0.1,5,0.9122,0.3666,0.523,10000,5981,,5430.5128,0.6342,/mnt/c/Users/daisl/Documents/Tullio/MISSDCEVEXP_COL_2/data_scalability/column_scalability/ncvoter/10cols/6/MCAR/0.1/5/clean.csv,/mnt/c/Users/daisl/Documents/Tullio/MISSDCEVEXP_COL_2/data_scalability/column_scalability/ncvoter/10cols/6/MCAR/0.1/5/dirty.csv,/mnt/c/Users/daisl/Documents/Tullio/MISSDCEVEXP_COL_2/data_scalability/column_scalability/ncvoter/10cols/6/MCAR/0.1/5/dirty_imputed.csv,None,
TRIARD,2026-09-13T08:55:02,ok,7,MCAR,10,10000,0.1,1,0.6236,0.3057,0.4103,10000,5098,,2591.8984,0.6344,/mnt/c/Users/daisl/Documents/Tullio/MISSDCEVEXP_COL_2/data_scalability/column_scalability/ncvoter/10cols/7/MCAR/0.1/1/clean.csv,/mnt/c/Users/daisl/Documents/Tullio/MISSDCEVEXP_COL_2/data_scalability/column_scalability/ncvoter/10cols/7/MCAR/0.1/1/dirty.csv,/mnt/c/Users/daisl/Documents/Tullio/MISSDCEVEXP_COL_2/data_scalability/column_scalability/ncvoter/10cols/7/MCAR/0.1/1/dirty_imputed.csv,None,
TRIARD,2026-09-13T09:38:14,ok,7,MCAR,10,10000,0.1,2,0.6286,0.3087,0.4141,10000,5089,,3136.8427,0.7024,/mnt/c/Users/daisl/Documents/Tullio/MISSDCEVEXP_COL_2/data_scalability/column_scalability/ncvoter/10cols/7/MCAR/0.1/2/clean.csv,/mnt/c/Users/daisl/Documents/Tullio/MISSDCEVEXP_COL_2/data_scalability/column_scalability/ncvoter/10cols/7/MCAR/0.1/2/dirty.csv,/mnt/c/Users/daisl/Documents/Tullio/MISSDCEVEXP_COL_2/data_scalability/column_scalability/ncvoter/10cols/7/MCAR/0.1/2/dirty_imputed.csv,None,
TRIARD,2026-09-13T10:30:32,ok,7,MCAR,10,10000,0.1,3,0.6301,0.3086,0.4143,10000,5102,,1836.4624,0.6103,/mnt/c/Users/daisl/Documents/Tullio/MISSDCEVEXP_COL_2/data_scalability/column_scalability/ncvoter/10cols/7/MCAR/0.1/3/clean.csv,/mnt/c/Users/daisl/Documents/Tullio/MISSDCEVEXP_COL_2/data_scalability/column_scalability/ncvoter/10cols/7/MCAR/0.1/3/dirty.csv,/mnt/c/Users/daisl/Documents/Tullio/MISSDCEVEXP_COL_2/data_scalability/column_scalability/ncvoter/10cols/7/MCAR/0.1/3/dirty_imputed.csv,None,
TRIARD,2026-09-13T11:01:09,ok,7,MCAR,10,10000,0.1,4,0.6671,0.3265,0.4384,10000,5106,,3324.854,0.6087,/mnt/c/Users/daisl/Documents/Tullio/MISSDCEVEXP_COL_2/data_scalability/column_scalability/ncvoter/10cols/7/MCAR/0.1/4/clean.csv,/mnt/c/Users/daisl/Documents/Tullio/MISSDCEVEXP_COL_2/data_scalability/column_scalability/ncvoter/10cols/7/MCAR/0.1/4/dirty.csv,/mnt/c/Users/daisl/Documents/Tullio/MISSDCEVEXP_COL_2/data_scalability/column_scalability/ncvoter/10cols/7/MCAR/0.1/4/dirty_imputed.csv,None,
TRIARD,2026-09-13T11:56:35,ok,7,MCAR,10,10000,0.1,5,0.5967,0.2459,0.3483,10000,5879,,2512.7579,0.5734,/mnt/c/Users/daisl/Documents/Tullio/MISSDCEVEXP_COL_2/data_scalability/column_scalability/ncvoter/10cols/7/MCAR/0.1/5/clean.csv,/mnt/c/Users/daisl/Documents/Tullio/MISSDCEVEXP_COL_2/data_scalability/column_scalability/ncvoter/10cols/7/MCAR/0.1/5/dirty.csv,/mnt/c/Users/daisl/Documents/Tullio/MISSDCEVEXP_COL_2/data_scalability/column_scalability/ncvoter/10cols/7/MCAR/0.1/5/dirty_imputed.csv,None,
TRIARD,2026-09-13T12:38:28,ok,8,MCAR,10,10000,0.1,1,0.6943,0.35,0.4654,10000,4959,,1412.3292,0.5954,/mnt/c/Users/daisl/Documents/Tullio/MISSDCEVEXP_COL_2/data_scalability/column_scalability/ncvoter/10cols/8/MCAR/0.1/1/clean.csv,/mnt/c/Users/daisl/Documents/Tullio/MISSDCEVEXP_COL_2/data_scalability/column_scalability/ncvoter/10cols/8/MCAR/0.1/1/dirty.csv,/mnt/c/Users/daisl/Documents/Tullio/MISSDCEVEXP_COL_2/data_scalability/column_scalability/ncvoter/10cols/8/MCAR/0.1/1/dirty_imputed.csv,None,
TRIARD,2026-09-13T13:02:01,ok,8,MCAR,10,10000,0.1,2,0.8076,0.3304,0.469,10000,5909,,1145.1398,0.6082,/mnt/c/Users/daisl/Documents/Tullio/MISSDCEVEXP_COL_2/data_scalability/column_scalability/ncvoter/10cols/8/MCAR/0.1/2/clean.csv,/mnt/c/Users/daisl/Documents/Tullio/MISSDCEVEXP_COL_2/data_scalability/column_scalability/ncvoter/10cols/8/MCAR/0.1/2/dirty.csv,/mnt/c/Users/daisl/Documents/Tullio/MISSDCEVEXP_COL_2/data_scalability/column_scalability/ncvoter/10cols/8/MCAR/0.1/2/dirty_imputed.csv,None,
TRIARD,2026-09-13T13:21:07,ok,8,MCAR,10,10000,0.1,3,0.6975,0.3481,0.4644,10000,5009,,1347.1138,0.5858,/mnt/c/Users/daisl/Documents/Tullio/MISSDCEVEXP_COL_2/data_scalability/column_scalability/ncvoter/10cols/8/MCAR/0.1/3/clean.csv,/mnt/c/Users/daisl/Documents/Tullio/MISSDCEVEXP_COL_2/data_scalability/column_scalability/ncvoter/10cols/8/MCAR/0.1/3/dirty.csv,/mnt/c/Users/daisl/Documents/Tullio/MISSDCEVEXP_COL_2/data_scalability/column_scalability/ncvoter/10cols/8/MCAR/0.1/3/dirty_imputed.csv,None,
TRIARD,2026-09-13T13:43:34,ok,8,MCAR,10,10000,0.1,4,0.7092,0.3675,0.4841,10000,4818,,1614.9597,0.5908,/mnt/c/Users/daisl/Documents/Tullio/MISSDCEVEXP_COL_2/data_scalability/column_scalability/ncvoter/10cols/8/MCAR/0.1/4/clean.csv,/mnt/c/Users/daisl/Documents/Tullio/MISSDCEVEXP_COL_2/data_scalability/column_scalability/ncvoter/10cols/8/MCAR/0.1/4/dirty.csv,/mnt/c/Users/daisl/Documents/Tullio/MISSDCEVEXP_COL_2/data_scalability/column_scalability/ncvoter/10cols/8/MCAR/0.1/4/dirty_imputed.csv,None,
TRIARD,2026-09-13T14:10:30,ok,8,MCAR,10,10000,0.1,5,0.8068,0.3315,0.4699,10000,5891,,1083.1569,0.5964,/mnt/c/Users/daisl/Documents/Tullio/MISSDCEVEXP_COL_2/data_scalability/column_scalability/ncvoter/10cols/8/MCAR/0.1/5/clean.csv,/mnt/c/Users/daisl/Documents/Tullio/MISSDCEVEXP_COL_2/data_scalability/column_scalability/ncvoter/10cols/8/MCAR/0.1/5/dirty.csv,/mnt/c/Users/daisl/Documents/Tullio/MISSDCEVEXP_COL_2/data_scalability/column_scalability/ncvoter/10cols/8/MCAR/0.1/5/dirty_imputed.csv,None,
TRIARD,2026-09-13T14:28:34,ok,9,MCAR,10,10000,0.1,1,0.7716,0.3085,0.4408,10000,6002,,2460.7425,0.8372,/mnt/c/Users/daisl/Documents/Tullio/MISSDCEVEXP_COL_2/data_scalability/column_scalability/ncvoter/10cols/9/MCAR/0.1/1/clean.csv,/mnt/c/Users/daisl/Documents/Tullio/MISSDCEVEXP_COL_2/data_scalability/column_scalability/ncvoter/10cols/9/MCAR/0.1/1/dirty.csv,/mnt/c/Users/daisl/Documents/Tullio/MISSDCEVEXP_COL_2/data_scalability/column_scalability/ncvoter/10cols/9/MCAR/0.1/1/dirty_imputed.csv,None,
TRIARD,2026-09-13T15:09:36,ok,9,MCAR,10,10000,0.1,2,0.8064,0.3223,0.4605,10000,6003,,3221.4473,0.6497,/mnt/c/Users/daisl/Documents/Tullio/MISSDCEVEXP_COL_2/data_scalability/column_scalability/ncvoter/10cols/9/MCAR/0.1/2/clean.csv,/mnt/c/Users/daisl/Documents/Tullio/MISSDCEVEXP_COL_2/data_scalability/column_scalability/ncvoter/10cols/9/MCAR/0.1/2/dirty.csv,/mnt/c/Users/daisl/Documents/Tullio/MISSDCEVEXP_COL_2/data_scalability/column_scalability/ncvoter/10cols/9/MCAR/0.1/2/dirty_imputed.csv,None,
TRIARD,2026-09-13T16:03:18,ok,9,MCAR,10,10000,0.1,3,0.7798,0.3144,0.4481,10000,5968,,3705.8065,0.6017,/mnt/c/Users/daisl/Documents/Tullio/MISSDCEVEXP_COL_2/data_scalability/column_scalability/ncvoter/10cols/9/MCAR/0.1/3/clean.csv,/mnt/c/Users/daisl/Documents/Tullio/MISSDCEVEXP_COL_2/data_scalability/column_scalability/ncvoter/10cols/9/MCAR/0.1/3/dirty.csv,/mnt/c/Users/daisl/Documents/Tullio/MISSDCEVEXP_COL_2/data_scalability/column_scalability/ncvoter/10cols/9/MCAR/0.1/3/dirty_imputed.csv,None,
TRIARD,2026-09-13T17:05:04,ok,9,MCAR,10,10000,0.1,4,0.7597,0.307,0.4373,10000,5959,,2603.4863,0.595,/mnt/c/Users/daisl/Documents/Tullio/MISSDCEVEXP_COL_2/data_scalability/column_scalability/ncvoter/10cols/9/MCAR/0.1/4/clean.csv,/mnt/c/Users/daisl/Documents/Tullio/MISSDCEVEXP_COL_2/data_scalability/column_scalability/ncvoter/10cols/9/MCAR/0.1/4/dirty.csv,/mnt/c/Users/daisl/Documents/Tullio/MISSDCEVEXP_COL_2/data_scalability/column_scalability/ncvoter/10cols/9/MCAR/0.1/4/dirty_imputed.csv,None,
TRIARD,2026-09-13T17:48:28,ok,9,MCAR,10,10000,0.1,5,0.7719,0.3144,0.4468,10000,5927,,3270.0771,0.6333,/mnt/c/Users/daisl/Documents/Tullio/MISSDCEVEXP_COL_2/data_scalability/column_scalability/ncvoter/10cols/9/MCAR/0.1/5/clean.csv,/mnt/c/Users/daisl/Documents/Tullio/MISSDCEVEXP_COL_2/data_scalability/column_scalability/ncvoter/10cols/9/MCAR/0.1/5/dirty.csv,/mnt/c/Users/daisl/Documents/Tullio/MISSDCEVEXP_COL_2/data_scalability/column_scalability/ncvoter/10cols/9/MCAR/0.1/5/dirty_imputed.csv,None,
TRIARD,2026-09-13T18:42:59,ok,1,MCAR,11,10000,0.1,1,0.9715,0.1795,0.3031,11000,8967,,3231.2663,0.6436,/mnt/c/Users/daisl/Documents/Tullio/MISSDCEVEXP_COL_2/data_scalability/column_scalability/ncvoter/11cols/1/MCAR/0.1/1/clean.csv,/mnt/c/Users/daisl/Documents/Tullio/MISSDCEVEXP_COL_2/data_scalability/column_scalability/ncvoter/11cols/1/MCAR/0.1/1/dirty.csv,/mnt/c/Users/daisl/Documents/Tullio/MISSDCEVEXP_COL_2/data_scalability/column_scalability/ncvoter/11cols/1/MCAR/0.1/1/dirty_imputed.csv,None,
TRIARD,2026-09-13T19:36:51,ok,1,MCAR,11,10000,0.1,2,0.6972,0.1917,0.3007,11000,7975,,5131.739,0.6723,/mnt/c/Users/daisl/Documents/Tullio/MISSDCEVEXP_COL_2/data_scalability/column_scalability/ncvoter/11cols/1/MCAR/0.1/2/clean.csv,/mnt/c/Users/daisl/Documents/Tullio/MISSDCEVEXP_COL_2/data_scalability/column_scalability/ncvoter/11cols/1/MCAR/0.1/2/dirty.csv,/mnt/c/Users/daisl/Documents/Tullio/MISSDCEVEXP_COL_2/data_scalability/column_scalability/ncvoter/11cols/1/MCAR/0.1/2/dirty_imputed.csv,None,
TRIARD,2026-09-13T21:02:24,ok,1,MCAR,11,10000,0.1,3,0.8218,0.2805,0.4182,11000,7246,,4397.4034,0.6206,/mnt/c/Users/daisl/Documents/Tullio/MISSDCEVEXP_COL_2/data_scalability/column_scalability/ncvoter/11cols/1/MCAR/0.1/3/clean.csv,/mnt/c/Users/daisl/Documents/Tullio/MISSDCEVEXP_COL_2/data_scalability/column_scalability/ncvoter/11cols/1/MCAR/0.1/3/dirty.csv,/mnt/c/Users/daisl/Documents/Tullio/MISSDCEVEXP_COL_2/data_scalability/column_scalability/ncvoter/11cols/1/MCAR/0.1/3/dirty_imputed.csv,None,
TRIARD,2026-09-13T22:15:42,ok,1,MCAR,11,10000,0.1,4,0.5931,0.1639,0.2568,11000,7960,,4203.0716,0.6553,/mnt/c/Users/daisl/Documents/Tullio/MISSDCEVEXP_COL_2/data_scalability/column_scalability/ncvoter/11cols/1/MCAR/0.1/4/clean.csv,/mnt/c/Users/daisl/Documents/Tullio/MISSDCEVEXP_COL_2/data_scalability/column_scalability/ncvoter/11cols/1/MCAR/0.1/4/dirty.csv,/mnt/c/Users/daisl/Documents/Tullio/MISSDCEVEXP_COL_2/data_scalability/column_scalability/ncvoter/11cols/1/MCAR/0.1/4/dirty_imputed.csv,None,
TRIARD,2026-09-13T23:25:45,ok,1,MCAR,11,10000,0.1,5,0.9927,0.1235,0.2196,11000,9632,,1838.0902,0.6188,/mnt/c/Users/daisl/Documents/Tullio/MISSDCEVEXP_COL_2/data_scalability/column_scalability/ncvoter/11cols/1/MCAR/0.1/5/clean.csv,/mnt/c/Users/daisl/Documents/Tullio/MISSDCEVEXP_COL_2/data_scalability/column_scalability/ncvoter/11cols/1/MCAR/0.1/5/dirty.csv,/mnt/c/Users/daisl/Documents/Tullio/MISSDCEVEXP_COL_2/data_scalability/column_scalability/ncvoter/11cols/1/MCAR/0.1/5/dirty_imputed.csv,None,
TRIARD,2026-09-13T23:56:24,ok,10,MCAR,11,10000,0.1,1,0.925,0.5001,0.6492,11000,5053,,6286.593,1.0245,/mnt/c/Users/daisl/Documents/Tullio/MISSDCEVEXP_COL_2/data_scalability/column_scalability/ncvoter/11cols/10/MCAR/0.1/1/clean.csv,/mnt/c/Users/daisl/Documents/Tullio/MISSDCEVEXP_COL_2/data_scalability/column_scalability/ncvoter/11cols/10/MCAR/0.1/1/dirty.csv,/mnt/c/Users/daisl/Documents/Tullio/MISSDCEVEXP_COL_2/data_scalability/column_scalability/ncvoter/11cols/10/MCAR/0.1/1/dirty_imputed.csv,None,
TRIARD,2026-09-14T01:41:12,ok,10,MCAR,11,10000,0.1,2,0.9538,0.5148,0.6687,11000,5063,,5942.2842,0.7006,/mnt/c/Users/daisl/Documents/Tullio/MISSDCEVEXP_COL_2/data_scalability/column_scalability/ncvoter/11cols/10/MCAR/0.1/2/clean.csv,/mnt/c/Users/daisl/Documents/Tullio/MISSDCEVEXP_COL_2/data_scalability/column_scalability/ncvoter/11cols/10/MCAR/0.1/2/dirty.csv,/mnt/c/Users/daisl/Documents/Tullio/MISSDCEVEXP_COL_2/data_scalability/column_scalability/ncvoter/11cols/10/MCAR/0.1/2/dirty_imputed.csv,None,
TRIARD,2026-09-14T03:20:15,ok,10,MCAR,11,10000,0.1,3,0.9569,0.5127,0.6677,11000,5106,,4685.9977,0.775,/mnt/c/Users/daisl/Documents/Tullio/MISSDCEVEXP_COL_2/data_scalability/column_scalability/ncvoter/11cols/10/MCAR/0.1/3/clean.csv,/mnt/c/Users/daisl/Documents/Tullio/MISSDCEVEXP_COL_2/data_scalability/column_scalability/ncvoter/11cols/10/MCAR/0.1/3/dirty.csv,/mnt/c/Users/daisl/Documents/Tullio/MISSDCEVEXP_COL_2/data_scalability/column_scalability/ncvoter/11cols/10/MCAR/0.1/3/dirty_imputed.csv,None,
TRIARD,2026-09-14T04:38:22,ok,10,MCAR,11,10000,0.1,4,0.9606,0.517,0.6722,11000,5080,,4076.1179,0.6083,/mnt/c/Users/daisl/Documents/Tullio/MISSDCEVEXP_COL_2/data_scalability/column_scalability/ncvoter/11cols/10/MCAR/0.1/4/clean.csv,/mnt/c/Users/daisl/Documents/Tullio/MISSDCEVEXP_COL_2/data_scalability/column_scalability/ncvoter/11cols/10/MCAR/0.1/4/dirty.csv,/mnt/c/Users/daisl/Documents/Tullio/MISSDCEVEXP_COL_2/data_scalability/column_scalability/ncvoter/11cols/10/MCAR/0.1/4/dirty_imputed.csv,None,
TRIARD,2026-09-14T05:46:19,ok,10,MCAR,11,10000,0.1,5,0.9585,0.5165,0.6713,11000,5072,,6661.1742,0.6566,/mnt/c/Users/daisl/Documents/Tullio/MISSDCEVEXP_COL_2/data_scalability/column_scalability/ncvoter/11cols/10/MCAR/0.1/5/clean.csv,/mnt/c/Users/daisl/Documents/Tullio/MISSDCEVEXP_COL_2/data_scalability/column_scalability/ncvoter/11cols/10/MCAR/0.1/5/dirty.csv,/mnt/c/Users/daisl/Documents/Tullio/MISSDCEVEXP_COL_2/data_scalability/column_scalability/ncvoter/11cols/10/MCAR/0.1/5/dirty_imputed.csv,None,
TRIARD,2026-09-14T07:37:21,ok,2,MCAR,11,10000,0.1,1,0.862,0.4293,0.5731,11000,5522,,2251.9119,0.6433,/mnt/c/Users/daisl/Documents/Tullio/MISSDCEVEXP_COL_2/data_scalability/column_scalability/ncvoter/11cols/2/MCAR/0.1/1/clean.csv,/mnt/c/Users/daisl/Documents/Tullio/MISSDCEVEXP_COL_2/data_scalability/column_scalability/ncvoter/11cols/2/MCAR/0.1/1/dirty.csv,/mnt/c/Users/daisl/Documents/Tullio/MISSDCEVEXP_COL_2/data_scalability/column_scalability/ncvoter/11cols/2/MCAR/0.1/1/dirty_imputed.csv,None,
TRIARD,2026-09-14T08:14:53,ok,2,MCAR,11,10000,0.1,2,0.8626,0.4302,0.5741,11000,5514,,2453.0107,0.6058,/mnt/c/Users/daisl/Documents/Tullio/MISSDCEVEXP_COL_2/data_scalability/column_scalability/ncvoter/11cols/2/MCAR/0.1/2/clean.csv,/mnt/c/Users/daisl/Documents/Tullio/MISSDCEVEXP_COL_2/data_scalability/column_scalability/ncvoter/11cols/2/MCAR/0.1/2/dirty.csv,/mnt/c/Users/daisl/Documents/Tullio/MISSDCEVEXP_COL_2/data_scalability/column_scalability/ncvoter/11cols/2/MCAR/0.1/2/dirty_imputed.csv,None,
TRIARD,2026-09-14T08:55:47,ok,2,MCAR,11,10000,0.1,3,0.9304,0.4182,0.577,11000,6056,,6533.9936,0.757,/mnt/c/Users/daisl/Documents/Tullio/MISSDCEVEXP_COL_2/data_scalability/column_scalability/ncvoter/11cols/2/MCAR/0.1/3/clean.csv,/mnt/c/Users/daisl/Documents/Tullio/MISSDCEVEXP_COL_2/data_scalability/column_scalability/ncvoter/11cols/2/MCAR/0.1/3/dirty.csv,/mnt/c/Users/daisl/Documents/Tullio/MISSDCEVEXP_COL_2/data_scalability/column_scalability/ncvoter/11cols/2/MCAR/0.1/3/dirty_imputed.csv,None,
TRIARD,2026-09-14T10:44:42,ok,2,MCAR,11,10000,0.1,4,0.838,0.4395,0.5766,11000,5230,,3037.053,0.7864,/mnt/c/Users/daisl/Documents/Tullio/MISSDCEVEXP_COL_2/data_scalability/column_scalability/ncvoter/11cols/2/MCAR/0.1/4/clean.csv,/mnt/c/Users/daisl/Documents/Tullio/MISSDCEVEXP_COL_2/data_scalability/column_scalability/ncvoter/11cols/2/MCAR/0.1/4/dirty.csv,/mnt/c/Users/daisl/Documents/Tullio/MISSDCEVEXP_COL_2/data_scalability/column_scalability/ncvoter/11cols/2/MCAR/0.1/4/dirty_imputed.csv,None,
TRIARD,2026-09-14T11:35:20,ok,2,MCAR,11,10000,0.1,5,0.9228,0.4095,0.5672,11000,6119,,2353.2892,0.7575,/mnt/c/Users/daisl/Documents/Tullio/MISSDCEVEXP_COL_2/data_scalability/column_scalability/ncvoter/11cols/2/MCAR/0.1/5/clean.csv,/mnt/c/Users/daisl/Documents/Tullio/MISSDCEVEXP_COL_2/data_scalability/column_scalability/ncvoter/11cols/2/MCAR/0.1/5/dirty.csv,/mnt/c/Users/daisl/Documents/Tullio/MISSDCEVEXP_COL_2/data_scalability/column_scalability/ncvoter/11cols/2/MCAR/0.1/5/dirty_imputed.csv,None,
TRIARD,2026-09-14T12:14:34,ok,3,MCAR,11,10000,0.1,1,0.8468,0.473,0.607,11000,4856,,2682.4066,0.6948,/mnt/c/Users/daisl/Documents/Tullio/MISSDCEVEXP_COL_2/data_scalability/column_scalability/ncvoter/11cols/3/MCAR/0.1/1/clean.csv,/mnt/c/Users/daisl/Documents/Tullio/MISSDCEVEXP_COL_2/data_scalability/column_scalability/ncvoter/11cols/3/MCAR/0.1/1/dirty.csv,/mnt/c/Users/daisl/Documents/Tullio/MISSDCEVEXP_COL_2/data_scalability/column_scalability/ncvoter/11cols/3/MCAR/0.1/1/dirty_imputed.csv,None,
TRIARD,2026-09-14T12:59:17,ok,3,MCAR,11,10000,0.1,2,0.8508,0.5324,0.6549,11000,4117,,2532.3184,0.6428,/mnt/c/Users/daisl/Documents/Tullio/MISSDCEVEXP_COL_2/data_scalability/column_scalability/ncvoter/11cols/3/MCAR/0.1/2/clean.csv,/mnt/c/Users/daisl/Documents/Tullio/MISSDCEVEXP_COL_2/data_scalability/column_scalability/ncvoter/11cols/3/MCAR/0.1/2/dirty.csv,/mnt/c/Users/daisl/Documents/Tullio/MISSDCEVEXP_COL_2/data_scalability/column_scalability/ncvoter/11cols/3/MCAR/0.1/2/dirty_imputed.csv,None,
TRIARD,2026-09-14T13:41:30,ok,3,MCAR,11,10000,0.1,3,0.8385,0.4632,0.5967,11000,4924,,6120.9959,0.6108,/mnt/c/Users/daisl/Documents/Tullio/MISSDCEVEXP_COL_2/data_scalability/column_scalability/ncvoter/11cols/3/MCAR/0.1/3/clean.csv,/mnt/c/Users/daisl/Documents/Tullio/MISSDCEVEXP_COL_2/data_scalability/column_scalability/ncvoter/11cols/3/MCAR/0.1/3/dirty.csv,/mnt/c/Users/daisl/Documents/Tullio/MISSDCEVEXP_COL_2/data_scalability/column_scalability/ncvoter/11cols/3/MCAR/0.1/3/dirty_imputed.csv,None,
TRIARD,2026-09-14T15:23:32,ok,3,MCAR,11,10000,0.1,4,0.8437,0.524,0.6465,11000,4168,,24462.3959,0.6759,/mnt/c/Users/daisl/Documents/Tullio/MISSDCEVEXP_COL_2/data_scalability/column_scalability/ncvoter/11cols/3/MCAR/0.1/4/clean.csv,/mnt/c/Users/daisl/Documents/Tullio/MISSDCEVEXP_COL_2/data_scalability/column_scalability/ncvoter/11cols/3/MCAR/0.1/4/dirty.csv,/mnt/c/Users/daisl/Documents/Tullio/MISSDCEVEXP_COL_2/data_scalability/column_scalability/ncvoter/11cols/3/MCAR/0.1/4/dirty_imputed.csv,None,
TRIARD,2026-09-14T22:11:15,ok,3,MCAR,11,10000,0.1,5,0.8774,0.5492,0.6755,11000,4115,,6419.597,0.6062,/mnt/c/Users/daisl/Documents/Tullio/MISSDCEVEXP_COL_2/data_scalability/column_scalability/ncvoter/11cols/3/MCAR/0.1/5/clean.csv,/mnt/c/Users/daisl/Documents/Tullio/MISSDCEVEXP_COL_2/data_scalability/column_scalability/ncvoter/11cols/3/MCAR/0.1/5/dirty.csv,/mnt/c/Users/daisl/Documents/Tullio/MISSDCEVEXP_COL_2/data_scalability/column_scalability/ncvoter/11cols/3/MCAR/0.1/5/dirty_imputed.csv,None,
TRIARD,2026-09-14T23:58:15,ok,4,MCAR,11,10000,0.1,1,0.9239,0.331,0.4874,11000,7059,,3777.1632,0.629,/mnt/c/Users/daisl/Documents/Tullio/MISSDCEVEXP_COL_2/data_scalability/column_scalability/ncvoter/11cols/4/MCAR/0.1/1/clean.csv,/mnt/c/Users/daisl/Documents/Tullio/MISSDCEVEXP_COL_2/data_scalability/column_scalability/ncvoter/11cols/4/MCAR/0.1/1/dirty.csv,/mnt/c/Users/daisl/Documents/Tullio/MISSDCEVEXP_COL_2/data_scalability/column_scalability/ncvoter/11cols/4/MCAR/0.1/1/dirty_imputed.csv,None,
TRIARD,2026-09-15T01:01:13,ok,4,MCAR,11,10000,0.1,2,0.9101,0.3183,0.4716,11000,7153,,5637.364,0.6429,/mnt/c/Users/daisl/Documents/Tullio/MISSDCEVEXP_COL_2/data_scalability/column_scalability/ncvoter/11cols/4/MCAR/0.1/2/clean.csv,/mnt/c/Users/daisl/Documents/Tullio/MISSDCEVEXP_COL_2/data_scalability/column_scalability/ncvoter/11cols/4/MCAR/0.1/2/dirty.csv,/mnt/c/Users/daisl/Documents/Tullio/MISSDCEVEXP_COL_2/data_scalability/column_scalability/ncvoter/11cols/4/MCAR/0.1/2/dirty_imputed.csv,None,
TRIARD,2026-09-15T09:42:47,ok,4,MCAR,11,10000,0.1,3,0.9187,0.3225,0.4775,11000,7138,,4857.7783,0.7052,/mnt/c/Users/daisl/Documents/Tullio/MISSDCEVEXP_COL_2/data_scalability/column_scalability/ncvoter/11cols/4/MCAR/0.1/3/clean.csv,/mnt/c/Users/daisl/Documents/Tullio/MISSDCEVEXP_COL_2/data_scalability/column_scalability/ncvoter/11cols/4/MCAR/0.1/3/dirty.csv,/mnt/c/Users/daisl/Documents/Tullio/MISSDCEVEXP_COL_2/data_scalability/column_scalability/ncvoter/11cols/4/MCAR/0.1/3/dirty_imputed.csv,None,
TRIARD,2026-09-15T11:03:45,ok,4,MCAR,11,10000,0.1,4,0.9378,0.3235,0.4811,11000,7205,,3973.767,0.6889,/mnt/c/Users/daisl/Documents/Tullio/MISSDCEVEXP_COL_2/data_scalability/column_scalability/ncvoter/11cols/4/MCAR/0.1/4/clean.csv,/mnt/c/Users/daisl/Documents/Tullio/MISSDCEVEXP_COL_2/data_scalability/column_scalability/ncvoter/11cols/4/MCAR/0.1/4/dirty.csv,/mnt/c/Users/daisl/Documents/Tullio/MISSDCEVEXP_COL_2/data_scalability/column_scalability/ncvoter/11cols/4/MCAR/0.1/4/dirty_imputed.csv,None,
TRIARD,2026-09-15T12:10:00,ok,4,MCAR,11,10000,0.1,5,0.917,0.3164,0.4704,11000,7205,,3568.9956,0.6389,/mnt/c/Users/daisl/Documents/Tullio/MISSDCEVEXP_COL_2/data_scalability/column_scalability/ncvoter/11cols/4/MCAR/0.1/5/clean.csv,/mnt/c/Users/daisl/Documents/Tullio/MISSDCEVEXP_COL_2/data_scalability/column_scalability/ncvoter/11cols/4/MCAR/0.1/5/dirty.csv,/mnt/c/Users/daisl/Documents/Tullio/MISSDCEVEXP_COL_2/data_scalability/column_scalability/ncvoter/11cols/4/MCAR/0.1/5/dirty_imputed.csv,None,
TRIARD,2026-09-15T13:09:30,ok,5,MCAR,11,10000,0.1,1,0.9522,0.1737,0.2938,11000,8993,,5285.7426,0.6387,/mnt/c/Users/daisl/Documents/Tullio/MISSDCEVEXP_COL_2/data_scalability/column_scalability/ncvoter/11cols/5/MCAR/0.1/1/clean.csv,/mnt/c/Users/daisl/Documents/Tullio/MISSDCEVEXP_COL_2/data_scalability/column_scalability/ncvoter/11cols/5/MCAR/0.1/1/dirty.csv,/mnt/c/Users/daisl/Documents/Tullio/MISSDCEVEXP_COL_2/data_scalability/column_scalability/ncvoter/11cols/5/MCAR/0.1/1/dirty_imputed.csv,None,
TRIARD,2026-09-15T14:37:36,ok,5,MCAR,11,10000,0.1,2,0.9473,0.1783,0.3001,11000,8930,,6922.3588,0.6417,/mnt/c/Users/daisl/Documents/Tullio/MISSDCEVEXP_COL_2/data_scalability/column_scalability/ncvoter/11cols/5/MCAR/0.1/2/clean.csv,/mnt/c/Users/daisl/Documents/Tullio/MISSDCEVEXP_COL_2/data_scalability/column_scalability/ncvoter/11cols/5/MCAR/0.1/2/dirty.csv,/mnt/c/Users/daisl/Documents/Tullio/MISSDCEVEXP_COL_2/data_scalability/column_scalability/ncvoter/11cols/5/MCAR/0.1/2/dirty_imputed.csv,None,
TRIARD,2026-09-15T16:32:59,ok,5,MCAR,11,10000,0.1,3,0.9607,0.1711,0.2905,11000,9041,,5104.8,0.644,/mnt/c/Users/daisl/Documents/Tullio/MISSDCEVEXP_COL_2/data_scalability/column_scalability/ncvoter/11cols/5/MCAR/0.1/3/clean.csv,/mnt/c/Users/daisl/Documents/Tullio/MISSDCEVEXP_COL_2/data_scalability/column_scalability/ncvoter/11cols/5/MCAR/0.1/3/dirty.csv,/mnt/c/Users/daisl/Documents/Tullio/MISSDCEVEXP_COL_2/data_scalability/column_scalability/ncvoter/11cols/5/MCAR/0.1/3/dirty_imputed.csv,None,
TRIARD,2026-09-15T17:58:05,ok,5,MCAR,11,10000,0.1,4,0.9433,0.1665,0.283,11000,9059,,3980.4336,0.6682,/mnt/c/Users/daisl/Documents/Tullio/MISSDCEVEXP_COL_2/data_scalability/column_scalability/ncvoter/11cols/5/MCAR/0.1/4/clean.csv,/mnt/c/Users/daisl/Documents/Tullio/MISSDCEVEXP_COL_2/data_scalability/column_scalability/ncvoter/11cols/5/MCAR/0.1/4/dirty.csv,/mnt/c/Users/daisl/Documents/Tullio/MISSDCEVEXP_COL_2/data_scalability/column_scalability/ncvoter/11cols/5/MCAR/0.1/4/dirty_imputed.csv,None,
TRIARD,2026-09-15T19:04:26,ok,5,MCAR,11,10000,0.1,5,0.9329,0.1971,0.3254,11000,8676,,5374.9595,0.7251,/mnt/c/Users/daisl/Documents/Tullio/MISSDCEVEXP_COL_2/data_scalability/column_scalability/ncvoter/11cols/5/MCAR/0.1/5/clean.csv,/mnt/c/Users/daisl/Documents/Tullio/MISSDCEVEXP_COL_2/data_scalability/column_scalability/ncvoter/11cols/5/MCAR/0.1/5/dirty.csv,/mnt/c/Users/daisl/Documents/Tullio/MISSDCEVEXP_COL_2/data_scalability/column_scalability/ncvoter/11cols/5/MCAR/0.1/5/dirty_imputed.csv,None,
TRIARD,2026-09-15T20:34:02,ok,6,MCAR,11,10000,0.1,1,0.9475,0.4398,0.6008,11000,5894,,2415.5804,0.6334,/mnt/c/Users/daisl/Documents/Tullio/MISSDCEVEXP_COL_2/data_scalability/column_scalability/ncvoter/11cols/6/MCAR/0.1/1/clean.csv,/mnt/c/Users/daisl/Documents/Tullio/MISSDCEVEXP_COL_2/data_scalability/column_scalability/ncvoter/11cols/6/MCAR/0.1/1/dirty.csv,/mnt/c/Users/daisl/Documents/Tullio/MISSDCEVEXP_COL_2/data_scalability/column_scalability/ncvoter/11cols/6/MCAR/0.1/1/dirty_imputed.csv,None,
TRIARD,2026-09-15T21:14:18,ok,6,MCAR,11,10000,0.1,2,0.9634,0.459,0.6218,11000,5759,,2933.4673,0.6505,/mnt/c/Users/daisl/Documents/Tullio/MISSDCEVEXP_COL_2/data_scalability/column_scalability/ncvoter/11cols/6/MCAR/0.1/2/clean.csv,/mnt/c/Users/daisl/Documents/Tullio/MISSDCEVEXP_COL_2/data_scalability/column_scalability/ncvoter/11cols/6/MCAR/0.1/2/dirty.csv,/mnt/c/Users/daisl/Documents/Tullio/MISSDCEVEXP_COL_2/data_scalability/column_scalability/ncvoter/11cols/6/MCAR/0.1/2/dirty_imputed.csv,None,
TRIARD,2026-09-15T22:03:12,ok,6,MCAR,11,10000,0.1,3,0.9628,0.4594,0.622,11000,5752,,2668.7378,0.6638,/mnt/c/Users/daisl/Documents/Tullio/MISSDCEVEXP_COL_2/data_scalability/column_scalability/ncvoter/11cols/6/MCAR/0.1/3/clean.csv,/mnt/c/Users/daisl/Documents/Tullio/MISSDCEVEXP_COL_2/data_scalability/column_scalability/ncvoter/11cols/6/MCAR/0.1/3/dirty.csv,/mnt/c/Users/daisl/Documents/Tullio/MISSDCEVEXP_COL_2/data_scalability/column_scalability/ncvoter/11cols/6/MCAR/0.1/3/dirty_imputed.csv,None,
TRIARD,2026-09-15T22:47:41,ok,6,MCAR,11,10000,0.1,4,0.9579,0.4552,0.6171,11000,5773,,4410.9061,0.7535,/mnt/c/Users/daisl/Documents/Tullio/MISSDCEVEXP_COL_2/data_scalability/column_scalability/ncvoter/11cols/6/MCAR/0.1/4/clean.csv,/mnt/c/Users/daisl/Documents/Tullio/MISSDCEVEXP_COL_2/data_scalability/column_scalability/ncvoter/11cols/6/MCAR/0.1/4/dirty.csv,/mnt/c/Users/daisl/Documents/Tullio/MISSDCEVEXP_COL_2/data_scalability/column_scalability/ncvoter/11cols/6/MCAR/0.1/4/dirty_imputed.csv,None,
TRIARD,2026-09-16T00:01:13,ok,6,MCAR,11,10000,0.1,5,0.9667,0.5196,0.6759,11000,5087,,2189.6182,0.6472,/mnt/c/Users/daisl/Documents/Tullio/MISSDCEVEXP_COL_2/data_scalability/column_scalability/ncvoter/11cols/6/MCAR/0.1/5/clean.csv,/mnt/c/Users/daisl/Documents/Tullio/MISSDCEVEXP_COL_2/data_scalability/column_scalability/ncvoter/11cols/6/MCAR/0.1/5/dirty.csv,/mnt/c/Users/daisl/Documents/Tullio/MISSDCEVEXP_COL_2/data_scalability/column_scalability/ncvoter/11cols/6/MCAR/0.1/5/dirty_imputed.csv,None,
TRIARD,2026-09-16T00:37:43,ok,7,MCAR,11,10000,0.1,1,0.7977,0.3237,0.4606,11000,6536,,7324.6735,0.7163,/mnt/c/Users/daisl/Documents/Tullio/MISSDCEVEXP_COL_2/data_scalability/column_scalability/ncvoter/11cols/7/MCAR/0.1/1/clean.csv,/mnt/c/Users/daisl/Documents/Tullio/MISSDCEVEXP_COL_2/data_scalability/column_scalability/ncvoter/11cols/7/MCAR/0.1/1/dirty.csv,/mnt/c/Users/daisl/Documents/Tullio/MISSDCEVEXP_COL_2/data_scalability/column_scalability/ncvoter/11cols/7/MCAR/0.1/1/dirty_imputed.csv,None,
TRIARD,2026-09-16T02:39:49,ok,7,MCAR,11,10000,0.1,2,0.738,0.326,0.4522,11000,6141,,4578.1224,0.6552,/mnt/c/Users/daisl/Documents/Tullio/MISSDCEVEXP_COL_2/data_scalability/column_scalability/ncvoter/11cols/7/MCAR/0.1/2/clean.csv,/mnt/c/Users/daisl/Documents/Tullio/MISSDCEVEXP_COL_2/data_scalability/column_scalability/ncvoter/11cols/7/MCAR/0.1/2/dirty.csv,/mnt/c/Users/daisl/Documents/Tullio/MISSDCEVEXP_COL_2/data_scalability/column_scalability/ncvoter/11cols/7/MCAR/0.1/2/dirty_imputed.csv,None,
TRIARD,2026-09-16T03:56:08,ok,7,MCAR,11,10000,0.1,3,0.8026,0.3234,0.461,11000,6568,,4830.1821,0.7106,/mnt/c/Users/daisl/Documents/Tullio/MISSDCEVEXP_COL_2/data_scalability/column_scalability/ncvoter/11cols/7/MCAR/0.1/3/clean.csv,/mnt/c/Users/daisl/Documents/Tullio/MISSDCEVEXP_COL_2/data_scalability/column_scalability/ncvoter/11cols/7/MCAR/0.1/3/dirty.csv,/mnt/c/Users/daisl/Documents/Tullio/MISSDCEVEXP_COL_2/data_scalability/column_scalability/ncvoter/11cols/7/MCAR/0.1/3/dirty_imputed.csv,None,
TRIARD,2026-09-16T05:16:39,ok,7,MCAR,11,10000,0.1,4,0.743,0.3066,0.4341,11000,6460,,7340.6259,0.6793,/mnt/c/Users/daisl/Documents/Tullio/MISSDCEVEXP_COL_2/data_scalability/column_scalability/ncvoter/11cols/7/MCAR/0.1/4/clean.csv,/mnt/c/Users/daisl/Documents/Tullio/MISSDCEVEXP_COL_2/data_scalability/column_scalability/ncvoter/11cols/7/MCAR/0.1/4/dirty.csv,/mnt/c/Users/daisl/Documents/Tullio/MISSDCEVEXP_COL_2/data_scalability/column_scalability/ncvoter/11cols/7/MCAR/0.1/4/dirty_imputed.csv,None,
TRIARD,2026-09-16T07:19:00,ok,7,MCAR,11,10000,0.1,5,0.8713,0.3718,0.5212,11000,6306,,3607.4083,0.6532,/mnt/c/Users/daisl/Documents/Tullio/MISSDCEVEXP_COL_2/data_scalability/column_scalability/ncvoter/11cols/7/MCAR/0.1/5/clean.csv,/mnt/c/Users/daisl/Documents/Tullio/MISSDCEVEXP_COL_2/data_scalability/column_scalability/ncvoter/11cols/7/MCAR/0.1/5/dirty.csv,/mnt/c/Users/daisl/Documents/Tullio/MISSDCEVEXP_COL_2/data_scalability/column_scalability/ncvoter/11cols/7/MCAR/0.1/5/dirty_imputed.csv,None,
TRIARD,2026-09-16T08:19:08,ok,8,MCAR,11,10000,0.1,1,0.9132,0.4974,0.644,11000,5009,,3065.2213,0.6154,/mnt/c/Users/daisl/Documents/Tullio/MISSDCEVEXP_COL_2/data_scalability/column_scalability/ncvoter/11cols/8/MCAR/0.1/1/clean.csv,/mnt/c/Users/daisl/Documents/Tullio/MISSDCEVEXP_COL_2/data_scalability/column_scalability/ncvoter/11cols/8/MCAR/0.1/1/dirty.csv,/mnt/c/Users/daisl/Documents/Tullio/MISSDCEVEXP_COL_2/data_scalability/column_scalability/ncvoter/11cols/8/MCAR/0.1/1/dirty_imputed.csv,None,
TRIARD,2026-09-16T09:10:14,ok,8,MCAR,11,10000,0.1,2,0.9059,0.4641,0.6138,11000,5365,,2156.0494,0.7696,/mnt/c/Users/daisl/Documents/Tullio/MISSDCEVEXP_COL_2/data_scalability/column_scalability/ncvoter/11cols/8/MCAR/0.1/2/clean.csv,/mnt/c/Users/daisl/Documents/Tullio/MISSDCEVEXP_COL_2/data_scalability/column_scalability/ncvoter/11cols/8/MCAR/0.1/2/dirty.csv,/mnt/c/Users/daisl/Documents/Tullio/MISSDCEVEXP_COL_2/data_scalability/column_scalability/ncvoter/11cols/8/MCAR/0.1/2/dirty_imputed.csv,None,
TRIARD,2026-09-16T09:46:11,ok,8,MCAR,11,10000,0.1,3,0.9155,0.4135,0.5696,11000,6032,,1734.3173,0.6376,/mnt/c/Users/daisl/Documents/Tullio/MISSDCEVEXP_COL_2/data_scalability/column_scalability/ncvoter/11cols/8/MCAR/0.1/3/clean.csv,/mnt/c/Users/daisl/Documents/Tullio/MISSDCEVEXP_COL_2/data_scalability/column_scalability/ncvoter/11cols/8/MCAR/0.1/3/dirty.csv,/mnt/c/Users/daisl/Documents/Tullio/MISSDCEVEXP_COL_2/data_scalability/column_scalability/ncvoter/11cols/8/MCAR/0.1/3/dirty_imputed.csv,None,
TRIARD,2026-09-16T10:15:06,ok,8,MCAR,11,10000,0.1,4,0.9206,0.4298,0.586,11000,5864,,1766.752,0.6357,/mnt/c/Users/daisl/Documents/Tullio/MISSDCEVEXP_COL_2/data_scalability/column_scalability/ncvoter/11cols/8/MCAR/0.1/4/clean.csv,/mnt/c/Users/daisl/Documents/Tullio/MISSDCEVEXP_COL_2/data_scalability/column_scalability/ncvoter/11cols/8/MCAR/0.1/4/dirty.csv,/mnt/c/Users/daisl/Documents/Tullio/MISSDCEVEXP_COL_2/data_scalability/column_scalability/ncvoter/11cols/8/MCAR/0.1/4/dirty_imputed.csv,None,
TRIARD,2026-09-16T10:44:33,ok,8,MCAR,11,10000,0.1,5,0.9271,0.3828,0.5419,11000,6458,,1030.0878,0.6326,/mnt/c/Users/daisl/Documents/Tullio/MISSDCEVEXP_COL_2/data_scalability/column_scalability/ncvoter/11cols/8/MCAR/0.1/5/clean.csv,/mnt/c/Users/daisl/Documents/Tullio/MISSDCEVEXP_COL_2/data_scalability/column_scalability/ncvoter/11cols/8/MCAR/0.1/5/dirty.csv,/mnt/c/Users/daisl/Documents/Tullio/MISSDCEVEXP_COL_2/data_scalability/column_scalability/ncvoter/11cols/8/MCAR/0.1/5/dirty_imputed.csv,None,
TRIARD,2026-09-16T11:01:44,ok,9,MCAR,11,10000,0.1,1,0.8122,0.3653,0.5039,11000,6053,,3199.4279,0.7206,/mnt/c/Users/daisl/Documents/Tullio/MISSDCEVEXP_COL_2/data_scalability/column_scalability/ncvoter/11cols/9/MCAR/0.1/1/clean.csv,/mnt/c/Users/daisl/Documents/Tullio/MISSDCEVEXP_COL_2/data_scalability/column_scalability/ncvoter/11cols/9/MCAR/0.1/1/dirty.csv,/mnt/c/Users/daisl/Documents/Tullio/MISSDCEVEXP_COL_2/data_scalability/column_scalability/ncvoter/11cols/9/MCAR/0.1/1/dirty_imputed.csv,None,
TRIARD,2026-09-16T11:55:04,ok,9,MCAR,11,10000,0.1,2,0.7812,0.3555,0.4886,11000,5995,,3931.4934,0.784,/mnt/c/Users/daisl/Documents/Tullio/MISSDCEVEXP_COL_2/data_scalability/column_scalability/ncvoter/11cols/9/MCAR/0.1/2/clean.csv,/mnt/c/Users/daisl/Documents/Tullio/MISSDCEVEXP_COL_2/data_scalability/column_scalability/ncvoter/11cols/9/MCAR/0.1/2/dirty.csv,/mnt/c/Users/daisl/Documents/Tullio/MISSDCEVEXP_COL_2/data_scalability/column_scalability/ncvoter/11cols/9/MCAR/0.1/2/dirty_imputed.csv,None,
TRIARD,2026-09-16T13:00:37,ok,9,MCAR,11,10000,0.1,3,0.7843,0.3712,0.5039,11000,5794,,3644.8924,0.6608,/mnt/c/Users/daisl/Documents/Tullio/MISSDCEVEXP_COL_2/data_scalability/column_scalability/ncvoter/11cols/9/MCAR/0.1/3/clean.csv,/mnt/c/Users/daisl/Documents/Tullio/MISSDCEVEXP_COL_2/data_scalability/column_scalability/ncvoter/11cols/9/MCAR/0.1/3/dirty.csv,/mnt/c/Users/daisl/Documents/Tullio/MISSDCEVEXP_COL_2/data_scalability/column_scalability/ncvoter/11cols/9/MCAR/0.1/3/dirty_imputed.csv,None,
TRIARD,2026-09-16T14:01:22,ok,9,MCAR,11,10000,0.1,4,0.7822,0.3612,0.4942,11000,5921,,3599.0375,0.7436,/mnt/c/Users/daisl/Documents/Tullio/MISSDCEVEXP_COL_2/data_scalability/column_scalability/ncvoter/11cols/9/MCAR/0.1/4/clean.csv,/mnt/c/Users/daisl/Documents/Tullio/MISSDCEVEXP_COL_2/data_scalability/column_scalability/ncvoter/11cols/9/MCAR/0.1/4/dirty.csv,/mnt/c/Users/daisl/Documents/Tullio/MISSDCEVEXP_COL_2/data_scalability/column_scalability/ncvoter/11cols/9/MCAR/0.1/4/dirty_imputed.csv,None,
TRIARD,2026-09-16T15:01:22,ok,9,MCAR,11,10000,0.1,5,0.8328,0.3863,0.5278,11000,5898,,2388.5761,0.7361,/mnt/c/Users/daisl/Documents/Tullio/MISSDCEVEXP_COL_2/data_scalability/column_scalability/ncvoter/11cols/9/MCAR/0.1/5/clean.csv,/mnt/c/Users/daisl/Documents/Tullio/MISSDCEVEXP_COL_2/data_scalability/column_scalability/ncvoter/11cols/9/MCAR/0.1/5/dirty.csv,/mnt/c/Users/daisl/Documents/Tullio/MISSDCEVEXP_COL_2/data_scalability/column_scalability/ncvoter/11cols/9/MCAR/0.1/5/dirty_imputed.csv,None,
TRIARD,2026-09-12T06:39:01,ok,1,MCAR,10,10000,0.1,1,0.8678,0.4222,0.568,10000,5135,,2875.8806,0.7312,/mnt/c/Users/daisl/Documents/Tullio/MISSDCEVEXP_COL_1/data_scalability/column_scalability/tax/10cols/1/MCAR/0.1/1/clean.csv,/mnt/c/Users/daisl/Documents/Tullio/MISSDCEVEXP_COL_1/data_scalability/column_scalability/tax/10cols/1/MCAR/0.1/1/dirty.csv,/mnt/c/Users/daisl/Documents/Tullio/MISSDCEVEXP_COL_1/data_scalability/column_scalability/tax/10cols/1/MCAR/0.1/1/dirty_imputed.csv,None,
TRIARD,2026-09-12T07:26:58,ok,1,MCAR,10,10000,0.1,2,0.8613,0.4179,0.5628,10000,5148,,4235.0327,0.5279,/mnt/c/Users/daisl/Documents/Tullio/MISSDCEVEXP_COL_1/data_scalability/column_scalability/tax/10cols/1/MCAR/0.1/2/clean.csv,/mnt/c/Users/daisl/Documents/Tullio/MISSDCEVEXP_COL_1/data_scalability/column_scalability/tax/10cols/1/MCAR/0.1/2/dirty.csv,/mnt/c/Users/daisl/Documents/Tullio/MISSDCEVEXP_COL_1/data_scalability/column_scalability/tax/10cols/1/MCAR/0.1/2/dirty_imputed.csv,None,
TRIARD,2026-09-12T08:37:34,ok,1,MCAR,10,10000,0.1,3,0.8681,0.4237,0.5695,10000,5119,,2188.9,0.5838,/mnt/c/Users/daisl/Documents/Tullio/MISSDCEVEXP_COL_1/data_scalability/column_scalability/tax/10cols/1/MCAR/0.1/3/clean.csv,/mnt/c/Users/daisl/Documents/Tullio/MISSDCEVEXP_COL_1/data_scalability/column_scalability/tax/10cols/1/MCAR/0.1/3/dirty.csv,/mnt/c/Users/daisl/Documents/Tullio/MISSDCEVEXP_COL_1/data_scalability/column_scalability/tax/10cols/1/MCAR/0.1/3/dirty_imputed.csv,None,
TRIARD,2026-09-12T09:14:03,ok,1,MCAR,10,10000,0.1,4,0.863,0.4202,0.5652,10000,5131,,4106.9378,0.5854,/mnt/c/Users/daisl/Documents/Tullio/MISSDCEVEXP_COL_1/data_scalability/column_scalability/tax/10cols/1/MCAR/0.1/4/clean.csv,/mnt/c/Users/daisl/Documents/Tullio/MISSDCEVEXP_COL_1/data_scalability/column_scalability/tax/10cols/1/MCAR/0.1/4/dirty.csv,/mnt/c/Users/daisl/Documents/Tullio/MISSDCEVEXP_COL_1/data_scalability/column_scalability/tax/10cols/1/MCAR/0.1/4/dirty_imputed.csv,None,
TRIARD,2026-09-12T10:22:31,ok,1,MCAR,10,10000,0.1,5,0.8639,0.4207,0.5658,10000,5130,,2244.4427,0.5631,/mnt/c/Users/daisl/Documents/Tullio/MISSDCEVEXP_COL_1/data_scalability/column_scalability/tax/10cols/1/MCAR/0.1/5/clean.csv,/mnt/c/Users/daisl/Documents/Tullio/MISSDCEVEXP_COL_1/data_scalability/column_scalability/tax/10cols/1/MCAR/0.1/5/dirty.csv,/mnt/c/Users/daisl/Documents/Tullio/MISSDCEVEXP_COL_1/data_scalability/column_scalability/tax/10cols/1/MCAR/0.1/5/dirty_imputed.csv,None,
TRIARD,2026-09-12T10:59:56,ok,10,MCAR,10,10000,0.1,1,0.7868,0.1731,0.2838,10000,7800,,4367.8845,0.5764,/mnt/c/Users/daisl/Documents/Tullio/MISSDCEVEXP_COL_1/data_scalability/column_scalability/tax/10cols/10/MCAR/0.1/1/clean.csv,/mnt/c/Users/daisl/Documents/Tullio/MISSDCEVEXP_COL_1/data_scalability/column_scalability/tax/10cols/10/MCAR/0.1/1/dirty.csv,/mnt/c/Users/daisl/Documents/Tullio/MISSDCEVEXP_COL_1/data_scalability/column_scalability/tax/10cols/10/MCAR/0.1/1/dirty_imputed.csv,None,
TRIARD,2026-09-12T12:12:45,ok,10,MCAR,10,10000,0.1,2,0.7674,0.1689,0.2769,10000,7799,,4499.1164,0.6173,/mnt/c/Users/daisl/Documents/Tullio/MISSDCEVEXP_COL_1/data_scalability/column_scalability/tax/10cols/10/MCAR/0.1/2/clean.csv,/mnt/c/Users/daisl/Documents/Tullio/MISSDCEVEXP_COL_1/data_scalability/column_scalability/tax/10cols/10/MCAR/0.1/2/dirty.csv,/mnt/c/Users/daisl/Documents/Tullio/MISSDCEVEXP_COL_1/data_scalability/column_scalability/tax/10cols/10/MCAR/0.1/2/dirty_imputed.csv,None,
TRIARD,2026-09-12T13:27:44,ok,10,MCAR,10,10000,0.1,3,0.7746,0.1705,0.2795,10000,7799,,7029.9715,0.6422,/mnt/c/Users/daisl/Documents/Tullio/MISSDCEVEXP_COL_1/data_scalability/column_scalability/tax/10cols/10/MCAR/0.1/3/clean.csv,/mnt/c/Users/daisl/Documents/Tullio/MISSDCEVEXP_COL_1/data_scalability/column_scalability/tax/10cols/10/MCAR/0.1/3/dirty.csv,/mnt/c/Users/daisl/Documents/Tullio/MISSDCEVEXP_COL_1/data_scalability/column_scalability/tax/10cols/10/MCAR/0.1/3/dirty_imputed.csv,None,
TRIARD,2026-09-12T15:24:55,ok,10,MCAR,10,10000,0.1,4,0.7821,0.1741,0.2848,10000,7774,,6390.5149,0.5778,/mnt/c/Users/daisl/Documents/Tullio/MISSDCEVEXP_COL_1/data_scalability/column_scalability/tax/10cols/10/MCAR/0.1/4/clean.csv,/mnt/c/Users/daisl/Documents/Tullio/MISSDCEVEXP_COL_1/data_scalability/column_scalability/tax/10cols/10/MCAR/0.1/4/dirty.csv,/mnt/c/Users/daisl/Documents/Tullio/MISSDCEVEXP_COL_1/data_scalability/column_scalability/tax/10cols/10/MCAR/0.1/4/dirty_imputed.csv,None,
TRIARD,2026-09-12T17:11:26,ok,10,MCAR,10,10000,0.1,5,0.7779,0.1706,0.2798,10000,7807,,6418.5011,0.6623,/mnt/c/Users/daisl/Documents/Tullio/MISSDCEVEXP_COL_1/data_scalability/column_scalability/tax/10cols/10/MCAR/0.1/5/clean.csv,/mnt/c/Users/daisl/Documents/Tullio/MISSDCEVEXP_COL_1/data_scalability/column_scalability/tax/10cols/10/MCAR/0.1/5/dirty.csv,/mnt/c/Users/daisl/Documents/Tullio/MISSDCEVEXP_COL_1/data_scalability/column_scalability/tax/10cols/10/MCAR/0.1/5/dirty_imputed.csv,None,
TRIARD,2026-09-12T18:58:25,ok,2,MCAR,10,10000,0.1,1,0.8461,0.2419,0.3762,10000,7141,,3882.2366,1.0133,/mnt/c/Users/daisl/Documents/Tullio/MISSDCEVEXP_COL_1/data_scalability/column_scalability/tax/10cols/2/MCAR/0.1/1/clean.csv,/mnt/c/Users/daisl/Documents/Tullio/MISSDCEVEXP_COL_1/data_scalability/column_scalability/tax/10cols/2/MCAR/0.1/1/dirty.csv,/mnt/c/Users/daisl/Documents/Tullio/MISSDCEVEXP_COL_1/data_scalability/column_scalability/tax/10cols/2/MCAR/0.1/1/dirty_imputed.csv,None,
TRIARD,2026-09-12T20:03:09,ok,2,MCAR,10,10000,0.1,2,0.7406,0.215,0.3333,10000,7097,,4683.1756,0.5793,/mnt/c/Users/daisl/Documents/Tullio/MISSDCEVEXP_COL_1/data_scalability/column_scalability/tax/10cols/2/MCAR/0.1/2/clean.csv,/mnt/c/Users/daisl/Documents/Tullio/MISSDCEVEXP_COL_1/data_scalability/column_scalability/tax/10cols/2/MCAR/0.1/2/dirty.csv,/mnt/c/Users/daisl/Documents/Tullio/MISSDCEVEXP_COL_1/data_scalability/column_scalability/tax/10cols/2/MCAR/0.1/2/dirty_imputed.csv,None,
TRIARD,2026-09-12T21:21:12,ok,2,MCAR,10,10000,0.1,3,0.9035,0.2163,0.349,10000,7606,,5318.783,0.5843,/mnt/c/Users/daisl/Documents/Tullio/MISSDCEVEXP_COL_1/data_scalability/column_scalability/tax/10cols/2/MCAR/0.1/3/clean.csv,/mnt/c/Users/daisl/Documents/Tullio/MISSDCEVEXP_COL_1/data_scalability/column_scalability/tax/10cols/2/MCAR/0.1/3/dirty.csv,/mnt/c/Users/daisl/Documents/Tullio/MISSDCEVEXP_COL_1/data_scalability/column_scalability/tax/10cols/2/MCAR/0.1/3/dirty_imputed.csv,None,
TRIARD,2026-09-12T22:49:52,ok,2,MCAR,10,10000,0.1,4,0.7336,0.2118,0.3287,10000,7113,,3952.8402,0.6443,/mnt/c/Users/daisl/Documents/Tullio/MISSDCEVEXP_COL_1/data_scalability/column_scalability/tax/10cols/2/MCAR/0.1/4/clean.csv,/mnt/c/Users/daisl/Documents/Tullio/MISSDCEVEXP_COL_1/data_scalability/column_scalability/tax/10cols/2/MCAR/0.1/4/dirty.csv,/mnt/c/Users/daisl/Documents/Tullio/MISSDCEVEXP_COL_1/data_scalability/column_scalability/tax/10cols/2/MCAR/0.1/4/dirty_imputed.csv,None,
TRIARD,2026-09-12T23:55:45,ok,2,MCAR,10,10000,0.1,5,0.7486,0.2171,0.3366,10000,7100,,4846.6326,0.594,/mnt/c/Users/daisl/Documents/Tullio/MISSDCEVEXP_COL_1/data_scalability/column_scalability/tax/10cols/2/MCAR/0.1/5/clean.csv,/mnt/c/Users/daisl/Documents/Tullio/MISSDCEVEXP_COL_1/data_scalability/column_scalability/tax/10cols/2/MCAR/0.1/5/dirty.csv,/mnt/c/Users/daisl/Documents/Tullio/MISSDCEVEXP_COL_1/data_scalability/column_scalability/tax/10cols/2/MCAR/0.1/5/dirty_imputed.csv,None,
TRIARD,2026-09-13T01:16:33,ok,3,MCAR,10,10000,0.1,1,0.8321,0.3394,0.4821,10000,5921,,3422.5669,0.6247,/mnt/c/Users/daisl/Documents/Tullio/MISSDCEVEXP_COL_1/data_scalability/column_scalability/tax/10cols/3/MCAR/0.1/1/clean.csv,/mnt/c/Users/daisl/Documents/Tullio/MISSDCEVEXP_COL_1/data_scalability/column_scalability/tax/10cols/3/MCAR/0.1/1/dirty.csv,/mnt/c/Users/daisl/Documents/Tullio/MISSDCEVEXP_COL_1/data_scalability/column_scalability/tax/10cols/3/MCAR/0.1/1/dirty_imputed.csv,None,
TRIARD,2026-09-13T02:13:36,ok,3,MCAR,10,10000,0.1,2,0.8345,0.3429,0.4861,10000,5891,,5284.3416,0.548,/mnt/c/Users/daisl/Documents/Tullio/MISSDCEVEXP_COL_1/data_scalability/column_scalability/tax/10cols/3/MCAR/0.1/2/clean.csv,/mnt/c/Users/daisl/Documents/Tullio/MISSDCEVEXP_COL_1/data_scalability/column_scalability/tax/10cols/3/MCAR/0.1/2/dirty.csv,/mnt/c/Users/daisl/Documents/Tullio/MISSDCEVEXP_COL_1/data_scalability/column_scalability/tax/10cols/3/MCAR/0.1/2/dirty_imputed.csv,None,
TRIARD,2026-09-13T03:41:41,ok,3,MCAR,10,10000,0.1,3,0.8377,0.3427,0.4864,10000,5909,,4679.6394,0.5762,/mnt/c/Users/daisl/Documents/Tullio/MISSDCEVEXP_COL_1/data_scalability/column_scalability/tax/10cols/3/MCAR/0.1/3/clean.csv,/mnt/c/Users/daisl/Documents/Tullio/MISSDCEVEXP_COL_1/data_scalability/column_scalability/tax/10cols/3/MCAR/0.1/3/dirty.csv,/mnt/c/Users/daisl/Documents/Tullio/MISSDCEVEXP_COL_1/data_scalability/column_scalability/tax/10cols/3/MCAR/0.1/3/dirty_imputed.csv,None,
TRIARD,2026-09-13T04:59:41,ok,3,MCAR,10,10000,0.1,4,0.8237,0.3355,0.4768,10000,5927,,7236.6692,0.656,/mnt/c/Users/daisl/Documents/Tullio/MISSDCEVEXP_COL_1/data_scalability/column_scalability/tax/10cols/3/MCAR/0.1/4/clean.csv,/mnt/c/Users/daisl/Documents/Tullio/MISSDCEVEXP_COL_1/data_scalability/column_scalability/tax/10cols/3/MCAR/0.1/4/dirty.csv,/mnt/c/Users/daisl/Documents/Tullio/MISSDCEVEXP_COL_1/data_scalability/column_scalability/tax/10cols/3/MCAR/0.1/4/dirty_imputed.csv,None,
TRIARD,2026-09-13T07:00:19,ok,3,MCAR,10,10000,0.1,5,0.8386,0.3402,0.484,10000,5943,,4307.3547,0.5898,/mnt/c/Users/daisl/Documents/Tullio/MISSDCEVEXP_COL_1/data_scalability/column_scalability/tax/10cols/3/MCAR/0.1/5/clean.csv,/mnt/c/Users/daisl/Documents/Tullio/MISSDCEVEXP_COL_1/data_scalability/column_scalability/tax/10cols/3/MCAR/0.1/5/dirty.csv,/mnt/c/Users/daisl/Documents/Tullio/MISSDCEVEXP_COL_1/data_scalability/column_scalability/tax/10cols/3/MCAR/0.1/5/dirty_imputed.csv,None,
TRIARD,2026-09-13T08:12:07,ok,4,MCAR,10,10000,0.1,1,0.9543,0.397,0.5607,10000,5840,,2912.9759,0.578,/mnt/c/Users/daisl/Documents/Tullio/MISSDCEVEXP_COL_1/data_scalability/column_scalability/tax/10cols/4/MCAR/0.1/1/clean.csv,/mnt/c/Users/daisl/Documents/Tullio/MISSDCEVEXP_COL_1/data_scalability/column_scalability/tax/10cols/4/MCAR/0.1/1/dirty.csv,/mnt/c/Users/daisl/Documents/Tullio/MISSDCEVEXP_COL_1/data_scalability/column_scalability/tax/10cols/4/MCAR/0.1/1/dirty_imputed.csv,None,
TRIARD,2026-09-13T09:00:40,ok,4,MCAR,10,10000,0.1,2,0.9559,0.3988,0.5628,10000,5828,,1933.2034,0.665,/mnt/c/Users/daisl/Documents/Tullio/MISSDCEVEXP_COL_1/data_scalability/column_scalability/tax/10cols/4/MCAR/0.1/2/clean.csv,/mnt/c/Users/daisl/Documents/Tullio/MISSDCEVEXP_COL_1/data_scalability/column_scalability/tax/10cols/4/MCAR/0.1/2/dirty.csv,/mnt/c/Users/daisl/Documents/Tullio/MISSDCEVEXP_COL_1/data_scalability/column_scalability/tax/10cols/4/MCAR/0.1/2/dirty_imputed.csv,None,
TRIARD,2026-09-13T09:32:54,ok,4,MCAR,10,10000,0.1,3,0.9591,0.3986,0.5632,10000,5844,,4362.1553,0.6335,/mnt/c/Users/daisl/Documents/Tullio/MISSDCEVEXP_COL_1/data_scalability/column_scalability/tax/10cols/4/MCAR/0.1/3/clean.csv,/mnt/c/Users/daisl/Documents/Tullio/MISSDCEVEXP_COL_1/data_scalability/column_scalability/tax/10cols/4/MCAR/0.1/3/dirty.csv,/mnt/c/Users/daisl/Documents/Tullio/MISSDCEVEXP_COL_1/data_scalability/column_scalability/tax/10cols/4/MCAR/0.1/3/dirty_imputed.csv,None,
TRIARD,2026-09-13T10:45:37,ok,4,MCAR,10,10000,0.1,4,0.9589,0.3946,0.5591,10000,5885,,2783.9171,0.5742,/mnt/c/Users/daisl/Documents/Tullio/MISSDCEVEXP_COL_1/data_scalability/column_scalability/tax/10cols/4/MCAR/0.1/4/clean.csv,/mnt/c/Users/daisl/Documents/Tullio/MISSDCEVEXP_COL_1/data_scalability/column_scalability/tax/10cols/4/MCAR/0.1/4/dirty.csv,/mnt/c/Users/daisl/Documents/Tullio/MISSDCEVEXP_COL_1/data_scalability/column_scalability/tax/10cols/4/MCAR/0.1/4/dirty_imputed.csv,None,
TRIARD,2026-09-13T11:32:01,ok,4,MCAR,10,10000,0.1,5,0.9527,0.3991,0.5625,10000,5811,,2447.1038,0.5787,/mnt/c/Users/daisl/Documents/Tullio/MISSDCEVEXP_COL_1/data_scalability/column_scalability/tax/10cols/4/MCAR/0.1/5/clean.csv,/mnt/c/Users/daisl/Documents/Tullio/MISSDCEVEXP_COL_1/data_scalability/column_scalability/tax/10cols/4/MCAR/0.1/5/dirty.csv,/mnt/c/Users/daisl/Documents/Tullio/MISSDCEVEXP_COL_1/data_scalability/column_scalability/tax/10cols/4/MCAR/0.1/5/dirty_imputed.csv,None,
TRIARD,2026-09-13T12:12:49,ok,5,MCAR,10,10000,0.1,1,0.8339,0.3393,0.4823,10000,5931,,2715.4006,0.7691,/mnt/c/Users/daisl/Documents/Tullio/MISSDCEVEXP_COL_1/data_scalability/column_scalability/tax/10cols/5/MCAR/0.1/1/clean.csv,/mnt/c/Users/daisl/Documents/Tullio/MISSDCEVEXP_COL_1/data_scalability/column_scalability/tax/10cols/5/MCAR/0.1/1/dirty.csv,/mnt/c/Users/daisl/Documents/Tullio/MISSDCEVEXP_COL_1/data_scalability/column_scalability/tax/10cols/5/MCAR/0.1/1/dirty_imputed.csv,None,
TRIARD,2026-09-13T12:58:05,ok,5,MCAR,10,10000,0.1,2,0.8389,0.337,0.4808,10000,5983,,3035.5859,0.5792,/mnt/c/Users/daisl/Documents/Tullio/MISSDCEVEXP_COL_1/data_scalability/column_scalability/tax/10cols/5/MCAR/0.1/2/clean.csv,/mnt/c/Users/daisl/Documents/Tullio/MISSDCEVEXP_COL_1/data_scalability/column_scalability/tax/10cols/5/MCAR/0.1/2/dirty.csv,/mnt/c/Users/daisl/Documents/Tullio/MISSDCEVEXP_COL_1/data_scalability/column_scalability/tax/10cols/5/MCAR/0.1/2/dirty_imputed.csv,None,
TRIARD,2026-09-13T13:48:42,ok,5,MCAR,10,10000,0.1,3,0.8315,0.3424,0.4851,10000,5882,,4204.0574,0.7825,/mnt/c/Users/daisl/Documents/Tullio/MISSDCEVEXP_COL_1/data_scalability/column_scalability/tax/10cols/5/MCAR/0.1/3/clean.csv,/mnt/c/Users/daisl/Documents/Tullio/MISSDCEVEXP_COL_1/data_scalability/column_scalability/tax/10cols/5/MCAR/0.1/3/dirty.csv,/mnt/c/Users/daisl/Documents/Tullio/MISSDCEVEXP_COL_1/data_scalability/column_scalability/tax/10cols/5/MCAR/0.1/3/dirty_imputed.csv,None,
TRIARD,2026-09-13T14:58:47,ok,5,MCAR,10,10000,0.1,4,0.8411,0.3462,0.4905,10000,5884,,2199.717,0.5713,/mnt/c/Users/daisl/Documents/Tullio/MISSDCEVEXP_COL_1/data_scalability/column_scalability/tax/10cols/5/MCAR/0.1/4/clean.csv,/mnt/c/Users/daisl/Documents/Tullio/MISSDCEVEXP_COL_1/data_scalability/column_scalability/tax/10cols/5/MCAR/0.1/4/dirty.csv,/mnt/c/Users/daisl/Documents/Tullio/MISSDCEVEXP_COL_1/data_scalability/column_scalability/tax/10cols/5/MCAR/0.1/4/dirty_imputed.csv,None,
TRIARD,2026-09-13T15:35:27,ok,5,MCAR,10,10000,0.1,5,0.8374,0.344,0.4877,10000,5892,,2616.6348,0.5764,/mnt/c/Users/daisl/Documents/Tullio/MISSDCEVEXP_COL_1/data_scalability/column_scalability/tax/10cols/5/MCAR/0.1/5/clean.csv,/mnt/c/Users/daisl/Documents/Tullio/MISSDCEVEXP_COL_1/data_scalability/column_scalability/tax/10cols/5/MCAR/0.1/5/dirty.csv,/mnt/c/Users/daisl/Documents/Tullio/MISSDCEVEXP_COL_1/data_scalability/column_scalability/tax/10cols/5/MCAR/0.1/5/dirty_imputed.csv,None,
TRIARD,2026-09-13T16:19:04,ok,6,MCAR,10,10000,0.1,1,0.9182,0.4401,0.595,10000,5207,,3189.6601,0.5944,/mnt/c/Users/daisl/Documents/Tullio/MISSDCEVEXP_COL_1/data_scalability/column_scalability/tax/10cols/6/MCAR/0.1/1/clean.csv,/mnt/c/Users/daisl/Documents/Tullio/MISSDCEVEXP_COL_1/data_scalability/column_scalability/tax/10cols/6/MCAR/0.1/1/dirty.csv,/mnt/c/Users/daisl/Documents/Tullio/MISSDCEVEXP_COL_1/data_scalability/column_scalability/tax/10cols/6/MCAR/0.1/1/dirty_imputed.csv,None,
TRIARD,2026-09-13T17:12:14,ok,6,MCAR,10,10000,0.1,2,0.9182,0.4367,0.5919,10000,5244,,4650.5949,0.5716,/mnt/c/Users/daisl/Documents/Tullio/MISSDCEVEXP_COL_1/data_scalability/column_scalability/tax/10cols/6/MCAR/0.1/2/clean.csv,/mnt/c/Users/daisl/Documents/Tullio/MISSDCEVEXP_COL_1/data_scalability/column_scalability/tax/10cols/6/MCAR/0.1/2/dirty.csv,/mnt/c/Users/daisl/Documents/Tullio/MISSDCEVEXP_COL_1/data_scalability/column_scalability/tax/10cols/6/MCAR/0.1/2/dirty_imputed.csv,None,
TRIARD,2026-09-13T18:29:46,ok,6,MCAR,10,10000,0.1,3,0.9193,0.4397,0.5949,10000,5217,,3426.1462,0.6049,/mnt/c/Users/daisl/Documents/Tullio/MISSDCEVEXP_COL_1/data_scalability/column_scalability/tax/10cols/6/MCAR/0.1/3/clean.csv,/mnt/c/Users/daisl/Documents/Tullio/MISSDCEVEXP_COL_1/data_scalability/column_scalability/tax/10cols/6/MCAR/0.1/3/dirty.csv,/mnt/c/Users/daisl/Documents/Tullio/MISSDCEVEXP_COL_1/data_scalability/column_scalability/tax/10cols/6/MCAR/0.1/3/dirty_imputed.csv,None,
TRIARD,2026-09-13T19:26:52,ok,6,MCAR,10,10000,0.1,4,0.9164,0.4373,0.5921,10000,5228,,5378.5669,0.6767,/mnt/c/Users/daisl/Documents/Tullio/MISSDCEVEXP_COL_1/data_scalability/column_scalability/tax/10cols/6/MCAR/0.1/4/clean.csv,/mnt/c/Users/daisl/Documents/Tullio/MISSDCEVEXP_COL_1/data_scalability/column_scalability/tax/10cols/6/MCAR/0.1/4/dirty.csv,/mnt/c/Users/daisl/Documents/Tullio/MISSDCEVEXP_COL_1/data_scalability/column_scalability/tax/10cols/6/MCAR/0.1/4/dirty_imputed.csv,None,
TRIARD,2026-09-13T20:56:32,ok,6,MCAR,10,10000,0.1,5,0.9207,0.4386,0.5941,10000,5236,,3165.6726,0.6307,/mnt/c/Users/daisl/Documents/Tullio/MISSDCEVEXP_COL_1/data_scalability/column_scalability/tax/10cols/6/MCAR/0.1/5/clean.csv,/mnt/c/Users/daisl/Documents/Tullio/MISSDCEVEXP_COL_1/data_scalability/column_scalability/tax/10cols/6/MCAR/0.1/5/dirty.csv,/mnt/c/Users/daisl/Documents/Tullio/MISSDCEVEXP_COL_1/data_scalability/column_scalability/tax/10cols/6/MCAR/0.1/5/dirty_imputed.csv,None,
TRIARD,2026-09-13T21:49:18,ok,7,MCAR,10,10000,0.1,1,0.7802,0.218,0.3408,10000,7206,,4154.1885,0.6077,/mnt/c/Users/daisl/Documents/Tullio/MISSDCEVEXP_COL_1/data_scalability/column_scalability/tax/10cols/7/MCAR/0.1/1/clean.csv,/mnt/c/Users/daisl/Documents/Tullio/MISSDCEVEXP_COL_1/data_scalability/column_scalability/tax/10cols/7/MCAR/0.1/1/dirty.csv,/mnt/c/Users/daisl/Documents/Tullio/MISSDCEVEXP_COL_1/data_scalability/column_scalability/tax/10cols/7/MCAR/0.1/1/dirty_imputed.csv,None,
TRIARD,2026-09-13T22:58:33,ok,7,MCAR,10,10000,0.1,2,0.6622,0.1925,0.2983,10000,7093,,5173.7361,0.6438,/mnt/c/Users/daisl/Documents/Tullio/MISSDCEVEXP_COL_1/data_scalability/column_scalability/tax/10cols/7/MCAR/0.1/2/clean.csv,/mnt/c/Users/daisl/Documents/Tullio/MISSDCEVEXP_COL_1/data_scalability/column_scalability/tax/10cols/7/MCAR/0.1/2/dirty.csv,/mnt/c/Users/daisl/Documents/Tullio/MISSDCEVEXP_COL_1/data_scalability/column_scalability/tax/10cols/7/MCAR/0.1/2/dirty_imputed.csv,None,
TRIARD,2026-09-14T00:24:47,ok,7,MCAR,10,10000,0.1,3,0.7739,0.2136,0.3348,10000,7240,,4736.9602,0.6441,/mnt/c/Users/daisl/Documents/Tullio/MISSDCEVEXP_COL_1/data_scalability/column_scalability/tax/10cols/7/MCAR/0.1/3/clean.csv,/mnt/c/Users/daisl/Documents/Tullio/MISSDCEVEXP_COL_1/data_scalability/column_scalability/tax/10cols/7/MCAR/0.1/3/dirty.csv,/mnt/c/Users/daisl/Documents/Tullio/MISSDCEVEXP_COL_1/data_scalability/column_scalability/tax/10cols/7/MCAR/0.1/3/dirty_imputed.csv,None,
TRIARD,2026-09-14T01:43:45,ok,7,MCAR,10,10000,0.1,4,0.7547,0.2043,0.3216,10000,7293,,5047.1036,0.7043,/mnt/c/Users/daisl/Documents/Tullio/MISSDCEVEXP_COL_1/data_scalability/column_scalability/tax/10cols/7/MCAR/0.1/4/clean.csv,/mnt/c/Users/daisl/Documents/Tullio/MISSDCEVEXP_COL_1/data_scalability/column_scalability/tax/10cols/7/MCAR/0.1/4/dirty.csv,/mnt/c/Users/daisl/Documents/Tullio/MISSDCEVEXP_COL_1/data_scalability/column_scalability/tax/10cols/7/MCAR/0.1/4/dirty_imputed.csv,None,
TRIARD,2026-09-14T03:07:53,ok,7,MCAR,10,10000,0.1,5,0.7688,0.2155,0.3366,10000,7197,,3637.8098,0.6071,/mnt/c/Users/daisl/Documents/Tullio/MISSDCEVEXP_COL_1/data_scalability/column_scalability/tax/10cols/7/MCAR/0.1/5/clean.csv,/mnt/c/Users/daisl/Documents/Tullio/MISSDCEVEXP_COL_1/data_scalability/column_scalability/tax/10cols/7/MCAR/0.1/5/dirty.csv,/mnt/c/Users/daisl/Documents/Tullio/MISSDCEVEXP_COL_1/data_scalability/column_scalability/tax/10cols/7/MCAR/0.1/5/dirty_imputed.csv,None,
TRIARD,2026-09-14T04:08:32,ok,8,MCAR,10,10000,0.1,1,0.7837,0.4072,0.5359,10000,4804,,12137.0833,0.6689,/mnt/c/Users/daisl/Documents/Tullio/MISSDCEVEXP_COL_1/data_scalability/column_scalability/tax/10cols/8/MCAR/0.1/1/clean.csv,/mnt/c/Users/daisl/Documents/Tullio/MISSDCEVEXP_COL_1/data_scalability/column_scalability/tax/10cols/8/MCAR/0.1/1/dirty.csv,/mnt/c/Users/daisl/Documents/Tullio/MISSDCEVEXP_COL_1/data_scalability/column_scalability/tax/10cols/8/MCAR/0.1/1/dirty_imputed.csv,None,
TRIARD,2026-09-14T07:30:50,ok,8,MCAR,10,10000,0.1,2,0.7855,0.4095,0.5384,10000,4787,,15825.419,0.6162,/mnt/c/Users/daisl/Documents/Tullio/MISSDCEVEXP_COL_1/data_scalability/column_scalability/tax/10cols/8/MCAR/0.1/2/clean.csv,/mnt/c/Users/daisl/Documents/Tullio/MISSDCEVEXP_COL_1/data_scalability/column_scalability/tax/10cols/8/MCAR/0.1/2/dirty.csv,/mnt/c/Users/daisl/Documents/Tullio/MISSDCEVEXP_COL_1/data_scalability/column_scalability/tax/10cols/8/MCAR/0.1/2/dirty_imputed.csv,None,
TRIARD,2026-09-14T11:54:36,ok,8,MCAR,10,10000,0.1,3,0.8426,0.4385,0.5768,10000,4796,,11720.9692,0.6715,/mnt/c/Users/daisl/Documents/Tullio/MISSDCEVEXP_COL_1/data_scalability/column_scalability/tax/10cols/8/MCAR/0.1/3/clean.csv,/mnt/c/Users/daisl/Documents/Tullio/MISSDCEVEXP_COL_1/data_scalability/column_scalability/tax/10cols/8/MCAR/0.1/3/dirty.csv,/mnt/c/Users/daisl/Documents/Tullio/MISSDCEVEXP_COL_1/data_scalability/column_scalability/tax/10cols/8/MCAR/0.1/3/dirty_imputed.csv,None,
TRIARD,2026-09-14T15:09:58,ok,8,MCAR,10,10000,0.1,4,0.7794,0.408,0.5356,10000,4765,,11408.8418,0.6735,/mnt/c/Users/daisl/Documents/Tullio/MISSDCEVEXP_COL_1/data_scalability/column_scalability/tax/10cols/8/MCAR/0.1/4/clean.csv,/mnt/c/Users/daisl/Documents/Tullio/MISSDCEVEXP_COL_1/data_scalability/column_scalability/tax/10cols/8/MCAR/0.1/4/dirty.csv,/mnt/c/Users/daisl/Documents/Tullio/MISSDCEVEXP_COL_1/data_scalability/column_scalability/tax/10cols/8/MCAR/0.1/4/dirty_imputed.csv,None,
TRIARD,2026-09-14T18:20:07,ok,8,MCAR,10,10000,0.1,5,0.8653,0.4498,0.5919,10000,4802,,3570.2584,0.7184,/mnt/c/Users/daisl/Documents/Tullio/MISSDCEVEXP_COL_1/data_scalability/column_scalability/tax/10cols/8/MCAR/0.1/5/clean.csv,/mnt/c/Users/daisl/Documents/Tullio/MISSDCEVEXP_COL_1/data_scalability/column_scalability/tax/10cols/8/MCAR/0.1/5/dirty.csv,/mnt/c/Users/daisl/Documents/Tullio/MISSDCEVEXP_COL_1/data_scalability/column_scalability/tax/10cols/8/MCAR/0.1/5/dirty_imputed.csv,None,
TRIARD,2026-09-14T19:19:38,ok,9,MCAR,10,10000,0.1,1,0.8575,0.3315,0.4781,10000,6134,,5968.6907,0.6319,/mnt/c/Users/daisl/Documents/Tullio/MISSDCEVEXP_COL_1/data_scalability/column_scalability/tax/10cols/9/MCAR/0.1/1/clean.csv,/mnt/c/Users/daisl/Documents/Tullio/MISSDCEVEXP_COL_1/data_scalability/column_scalability/tax/10cols/9/MCAR/0.1/1/dirty.csv,/mnt/c/Users/daisl/Documents/Tullio/MISSDCEVEXP_COL_1/data_scalability/column_scalability/tax/10cols/9/MCAR/0.1/1/dirty_imputed.csv,None,
TRIARD,2026-09-14T20:59:08,ok,9,MCAR,10,10000,0.1,2,0.8582,0.333,0.4798,10000,6120,,3660.579,0.5905,/mnt/c/Users/daisl/Documents/Tullio/MISSDCEVEXP_COL_1/data_scalability/column_scalability/tax/10cols/9/MCAR/0.1/2/clean.csv,/mnt/c/Users/daisl/Documents/Tullio/MISSDCEVEXP_COL_1/data_scalability/column_scalability/tax/10cols/9/MCAR/0.1/2/dirty.csv,/mnt/c/Users/daisl/Documents/Tullio/MISSDCEVEXP_COL_1/data_scalability/column_scalability/tax/10cols/9/MCAR/0.1/2/dirty_imputed.csv,None,
TRIARD,2026-09-14T22:00:09,ok,9,MCAR,10,10000,0.1,3,0.8639,0.3357,0.4835,10000,6114,,3437.928,0.5715,/mnt/c/Users/daisl/Documents/Tullio/MISSDCEVEXP_COL_1/data_scalability/column_scalability/tax/10cols/9/MCAR/0.1/3/clean.csv,/mnt/c/Users/daisl/Documents/Tullio/MISSDCEVEXP_COL_1/data_scalability/column_scalability/tax/10cols/9/MCAR/0.1/3/dirty.csv,/mnt/c/Users/daisl/Documents/Tullio/MISSDCEVEXP_COL_1/data_scalability/column_scalability/tax/10cols/9/MCAR/0.1/3/dirty_imputed.csv,None,
TRIARD,2026-09-14T22:57:27,ok,9,MCAR,10,10000,0.1,4,0.8603,0.3361,0.4834,10000,6093,,3189.341,0.6286,/mnt/c/Users/daisl/Documents/Tullio/MISSDCEVEXP_COL_1/data_scalability/column_scalability/tax/10cols/9/MCAR/0.1/4/clean.csv,/mnt/c/Users/daisl/Documents/Tullio/MISSDCEVEXP_COL_1/data_scalability/column_scalability/tax/10cols/9/MCAR/0.1/4/dirty.csv,/mnt/c/Users/daisl/Documents/Tullio/MISSDCEVEXP_COL_1/data_scalability/column_scalability/tax/10cols/9/MCAR/0.1/4/dirty_imputed.csv,None,
TRIARD,2026-09-14T23:50:37,ok,9,MCAR,10,10000,0.1,5,0.8661,0.3363,0.4845,10000,6117,,3743.7992,0.5798,/mnt/c/Users/daisl/Documents/Tullio/MISSDCEVEXP_COL_1/data_scalability/column_scalability/tax/10cols/9/MCAR/0.1/5/clean.csv,/mnt/c/Users/daisl/Documents/Tullio/MISSDCEVEXP_COL_1/data_scalability/column_scalability/tax/10cols/9/MCAR/0.1/5/dirty.csv,/mnt/c/Users/daisl/Documents/Tullio/MISSDCEVEXP_COL_1/data_scalability/column_scalability/tax/10cols/9/MCAR/0.1/5/dirty_imputed.csv,None,
