DayofMonth str,DayOfWeek str,FlightDate int,UniqueCarrier str,AirlineID int,Carrier str,TailNum str,FlightNum int,OriginAirportID int,OriginAirportSeqID int,OriginCityMarketID int,Origin str,OriginCityName str,OriginState str,OriginStateFips int,OriginStateName str,OriginWac int
bi.a,,cabcbcbi.a,AA,bjiaf.a,,,daf.a,bcjfd.a,,,LGA,NewYorkNY,,,,cc.a
cg.a,d.a,cabcbccg.a,,cadff.a,US,NbgdUS,bfch.a,bdcae.a,bdcaeac.a,,MCO,OrlandoFL,,bc.a,Florida,dd.a
,f.a,cabcbcci.a,,cadgg.a,EV,Nbffff,edfc.a,bbgbi.a,bbgbiac.a,dbhad.a,,NewarkNJ,,de.a,NewJersey,cb.a
g.a,e.a,,,,OO,NcjfSW,fdfi.a,,bcijcad.a,dcfhf.a,,LosAngelesCA,CA,g.a,California,jb.a
ch.a,,cabcbcch.a,WN,,WN,NehgWN,egac.a,,bcijcad.a,,LAX,LosAngelesCA,CA,g.a,California,jb.a
ce.a,b.a,cabcbcce.a,WN,bjdjd.a,,,beba.a,bdbji.a,,,MCI,KansasCityMO,MO,cj.a,Missouri,ge.a
j.a,,cabcbcaj.a,DL,bjhja.a,,NjejDL,,badjh.a,,dadjh.a,ATL,,GA,bd.a,Georgia,de.a
be.a,,cabcbbbe.a,AA,,AA,NddjAA,,,bcehiac.a,dbhad.a,JFK,NewYorkNY,,,,cc.a
be.a,f.a,,,,,NgebCA,egab.a,beigj.a,beigjad.a,degbe.a,SLC,SaltLakeCityUT,,ej.a,,
cf.a,,cabcbccf.a,AA,bjiaf.a,,,,beghj.a,,,SAN,SanDiegoCA,,,,
,c.a,cabcbcae.a,EV,cadgg.a,EV,NhfbEV,,bbchi.a,bbchiac.a,daifc.a,,,VA,fb.a,,di.a
bb.a,c.a,,OO,cadae.a,OO,NhjeSK,gcci.a,bbcjc.a,bbcjcac.a,dadcf.a,,DenverCO,CO,i.a,Colorado,ic.a
cb.a,f.a,cabcbccb.a,,bjdjd.a,,,dgje.a,bcbjb.a,,,HOU,HoustonTX,TX,ei.a,,he.a
ba.a,b.a,,UA,bjjhh.a,UA,Ncecce,bfae.a,bccgg.a,bccggad.a,dbefd.a,IAH,HoustonTX,TX,,,he.a
,b.a,cabcbcdb.a,EV,,EV,NdjiCA,,,badjhaf.a,dadjh.a,,,GA,bd.a,Georgia,de.a
,d.a,,MQ,cadji.a,MQ,NgedMQ,dfjh.a,bbjjf.a,bbjjfac.a,dbjjf.a,,,NC,dh.a,NorthCarolina,dg.a
d.a,b.a,,OO,,OO,NgajSK,eefc.a,,bcijcad.a,dcfhf.a,,LosAngelesCA,CA,g.a,California,jb.a
cb.a,f.a,cabcbccb.a,,bjdjd.a,,,ecfg.a,bbcjc.a,,,DEN,DenverCO,CO,i.a,Colorado,ic.a
bi.a,c.a,cabcbcbi.a,WN,bjdjd.a,,,cihe.a,bebah.a,,,PHX,PhoenixAZ,,e.a,Arizona,
,h.a,cabcbcaj.a,EV,cadgg.a,EV,NhbaEV,,bcddj.a,bcddjae.a,dcddh.a,,,IN,bi.a,Indiana,ec.a
bf.a,g.a,cabcbcbf.a,,,WN,NdigSW,eifi.a,,bdcdcac.a,dajhh.a,MDW,,IL,bh.a,Illinois,eb.a
c.a,,cabcbcac.a,AA,,AA,NdFXAA,,,bdejfac.a,ddejf.a,MSY,NewOrleansLA,,,,
be.a,,cabcbcbe.a,AA,,AA,NeYDAA,,,bebahac.a,daegg.a,PHX,PhoenixAZ,,,,
ce.a,,cabcbcce.a,AS,bjjda.a,,,,beheh.a,,,SEA,SeattleWA,WA,,,
,e.a,,,caedh.a,,NjijAT,gc.a,badjh.a,,dadjh.a,ATL,,GA,bd.a,Georgia,de.a
bf.a,g.a,cabcbcbf.a,,caeaj.a,Bg,NcgfJB,fhc.a,beach.a,beachac.a,deach.a,PBI,WestPalmBeach/PalmBeachFL,FL,bc.a,Florida,
,d.a,cabcbcbc.a,EV,cadgg.a,EV,NgjfCA,,bdeih.a,bdeihac.a,dbgfa.a,,MinneapolisMN,,ch.a,Minnesota,
bh.a,b.a,cabcbcbh.a,WN,bjdjd.a,,,dhcf.a,baicb.a,,daifc.a,BWI,,MD,ce.a,Maryland,df.a
ba.a,b.a,,OO,,OO,NeggSW,cgec.a,,bcijcad.a,dcfhf.a,,LosAngelesCA,CA,g.a,California,jb.a
bg.a,h.a,cabcbcbg.a,WN,bjdjd.a,,NjeiWN,bchf.a,bbcjc.a,,dadcf.a,DEN,DenverCO,CO,i.a,Colorado,ic.a
,b.a,cabcbcad.a,Fj,caedg.a,,NjbcFR,fgg.a,beghj.a,,ddfha.a,SAN,SanDiegoCA,,g.a,California,
bg.a,h.a,,UA,bjjhh.a,,,ebb.a,bdjda.a,,dajhh.a,ORD,,IL,,,
cb.a,,cabcbccb.a,AA,bjiaf.a,,,,bbcji.a,,,DFW,Dallas/FortWorthTX,TX,,,he.a
be.a,,cabcbcbe.a,AS,bjjda.a,,NgeeAS,,beheh.a,behehad.a,daffj.a,SEA,SeattleWA,WA,,,
db.a,b.a,cabcbcdb.a,Bg,,Bg,NdeiJB,,,bahcbac.a,,BOS,BostonMA,MA,cf.a,Massachusetts,bd.a
cb.a,f.a,,,bjjhh.a,,,bhaf.a,bbcjc.a,,,DEN,DenverCO,CO,,,ic.a
ci.a,f.a,cabcbcci.a,,,,NecgWN,bifh.a,,bfabgad.a,,STL,St.LouisMO,MO,cj.a,Missouri,ge.a
g.a,e.a,,,bjjhh.a,UA,Nghafc,bbbj.a,bccgg.a,bccggad.a,dbefd.a,IAH,HoustonTX,TX,,,he.a
db.a,b.a,cabcbcdb.a,WN,,WN,NdegSW,bbbe.a,,bdcdcac.a,,MDW,,IL,bh.a,Illinois,eb.a
e.a,c.a,cabcbcae.a,US,cadff.a,,NjfaUW,cbea.a,bcjfd.a,,dbhad.a,LGA,NewYorkNY,,dg.a,NewYork,cc.a
,f.a,,,caedh.a,,NjdfAT,fjf.a,begdf.a,,dbhbe.a,RSW,FortMyersFL,FL,bc.a,Florida,
c.a,h.a,cabcbcac.a,US,cadff.a,US,NgehAW,ghf.a,bbgbi.a,bbgbiac.a,dbhad.a,EWR,NewarkNJ,,de.a,NewJersey,cb.a
,h.a,cabcbcac.a,EV,cadgg.a,EV,Nbgfcf,,bbaej.a,bbaejac.a,dbaej.a,,CollegeStation/BryanTX,TX,ei.a,,he.a
cc.a,g.a,,OO,cadae.a,,,fcji.a,bddec.a,,,MKE,MilwaukeeWI,,ff.a,,ef.a
g.a,,cabcbcag.a,AS,,,NfciAS,,,behehad.a,daffj.a,SEA,SeattleWA,WA,,,
da.a,h.a,cabcbcda.a,WN,,WN,NeehWN,baad.a,,bbcjcac.a,,DEN,DenverCO,CO,i.a,Colorado,ic.a
,e.a,,,cadji.a,,,efch.a,bbchi.a,,daifc.a,DCA,,VA,fb.a,,di.a
ba.a,,cabcbcba.a,DL,,DL,NdjfDN,,,bbeddac.a,dbcjf.a,,,MI,cg.a,Michigan,ed.a
ci.a,f.a,cabcbcci.a,,,,NgefJB,iec.a,beied.a,beiedad.a,,SJU,SanJuanPR,PR,hc.a,,
,d.a,cabcbcbc.a,,caedg.a,Fj,NcajFR,hjb.a,bbcjc.a,bbcjcac.a,dadcf.a,,DenverCO,CO,i.a,Colorado,ic.a
,h.a,cabcbcaj.a,Fj,caedg.a,Fj,NiadFR,hgj.a,bdcdc.a,bdcdcac.a,dajhh.a,,,IL,bh.a,Illinois,eb.a
e.a,,cabcbcae.a,DL,,DL,NdjcDA,,,bcehiac.a,dbhad.a,,NewYorkNY,,dg.a,NewYork,cc.a
bj.a,d.a,,,cadae.a,,,gcfd.a,bahbd.a,,,BOI,BoiseID,ID,bg.a,Idaho,id.a
,f.a,,,,MQ,NfaiMQ,dghh.a,,bcijcad.a,dcfhf.a,,LosAngelesCA,CA,g.a,California,jb.a
cb.a,,cabcbccb.a,AS,bjjda.a,,,,beheh.a,,,SEA,SeattleWA,WA,,,
b.a,g.a,cabcbcab.a,WN,,,NdfcSW,bhjg.a,,bfdaeac.a,ddbjf.a,TPA,TampaFL,FL,bc.a,Florida,dd.a
cf.a,c.a,cabcbccf.a,Bg,caeaj.a,,,,bdcae.a,,,MCO,OrlandoFL,,bc.a,Florida,dd.a
,h.a,,MQ,,MQ,NfdbMQ,eggi.a,,badjhaf.a,dadjh.a,,,GA,bd.a,Georgia,de.a
d.a,,cabcbcad.a,WN,bjdjd.a,WN,NgfdSW,gbj.a,bbfea.a,bbfeaad.a,dagbf.a,ELP,ElPasoTX,TX,ei.a,,he.a
cb.a,,cabcbccb.a,WN,bjdjd.a,,,eahf.a,bciij.a,,,LAS,LasVegasNV,NV,dc.a,Nevada,if.a
db.a,,cabcbcdb.a,WN,,WN,NdgdSW,ffi.a,,bdifbad.a,,OKC,OklahomaCityOK,,ea.a,Oklahoma,
cg.a,d.a,,UA,bjjhh.a,UA,NibjUA,hca.a,bccgg.a,bccggad.a,,IAH,HoustonTX,TX,,,he.a
bb.a,c.a,cabcbcbb.a,AS,bjjda.a,AS,NhhjAS,,bacjj.a,bacjjae.a,dacjj.a,ANC,AnchorageAK,AK,,,b.a
bb.a,c.a,,OO,cadae.a,OO,NhhgSK,fbia.a,bccgg.a,bccggad.a,dbefd.a,,HoustonTX,TX,ei.a,,he.a
cb.a,,cabcbccb.a,WN,bjdjd.a,,,chgb.a,beghj.a,,,SAN,SanDiegoCA,,g.a,California,
,c.a,cabcbcae.a,EV,,EV,NfciCA,,,badjhaf.a,dadjh.a,,,GA,bd.a,Georgia,de.a
,,,HA,,HA,NeiaHA,fbg.a,,bcbhdab.a,dcbde.a,,HonoluluHI,HI,bf.a,Hawaii,c.a
bi.a,c.a,,OO,,,,gefh.a,bejaf.a,,,SMX,SantaMariaCA,CA,g.a,California,jb.a
,b.a,cabcbcad.a,EV,cadgg.a,,NjdaEV,feig.a,bceei.a,,dceei.a,JAN,Jackson/VicksburgMS,MS,ci.a,Mississippi,fd.a
cf.a,,cabcbccf.a,DL,bjhja.a,,,,bbchi.a,,,DCA,,VA,fb.a,,di.a
cc.a,g.a,,OO,cadae.a,,,gfbc.a,bcijc.a,,,LAX,LosAngelesCA,CA,g.a,California,jb.a
,b.a,cabcbcba.a,EV,cadgg.a,EV,Nbebaf,efdi.a,bbjig.a,bbjigad.a,dbjig.a,,,MI,cg.a,Michigan,ed.a
cg.a,,cabcbccg.a,DL,,,,,beigj.a,,,SLC,SaltLakeCityUT,,,,
f.a,,cabcbcaf.a,DL,bjhja.a,,NjccDL,,bccge.a,,daifc.a,IAD,,VA,,,di.a
bh.a,b.a,cabcbcbh.a,WN,,,,bebc.a,beijd.a,,ddbjc.a,SMF,SacramentoCA,,g.a,California,
bi.a,,cabcbcbi.a,AA,bjiaf.a,,,,bafcj.a,,,BDL,HartfordCT,CT,,,bb.a
d.a,b.a,cabcbcad.a,US,,US,NefcUW,hei.a,,bddadad.a,dcegh.a,MIA,,,bc.a,Florida,dd.a
d.a,,cabcbcad.a,AA,,AA,NgdeAA,,,bbcjiad.a,dabje.a,DFW,Dallas/FortWorthTX,TX,,,he.a
,h.a,,MQ,,MQ,NgabMQ,djfi.a,,bdjdaac.a,dajhh.a,,,IL,bh.a,Illinois,
h.a,f.a,cabcbcah.a,,,,NeadWN,dh.a,,beejcac.a,deejc.a,RDU,,,dh.a,NorthCarolina,
,d.a,,,cadji.a,MQ,NiccMQ,debb.a,bddgh.a,bddghad.a,dddgh.a,,,,bh.a,Illinois,
da.a,,cabcbcda.a,DL,bjhja.a,,NjjfDL,,badjh.a,,,ATL,,GA,,,de.a
cb.a,f.a,,,cadae.a,,,fffb.a,bcijc.a,,,LAX,LosAngelesCA,CA,g.a,California,jb.a
,b.a,cabcbcbh.a,EV,cadgg.a,,,ebfa.a,bccgg.a,,dbefd.a,IAH,HoustonTX,TX,ei.a,,he.a
,d.a,cabcbcbj.a,,,,,ecjc.a,bfdha.a,,degfd.a,TUL,TulsaOK,OK,ea.a,Oklahoma,hd.a
cf.a,c.a,,UA,bjjhh.a,,,fhi.a,bdjda.a,,,ORD,,IL,,,
bj.a,d.a,,,bjjhh.a,,,cge.a,bbcjc.a,,,DEN,DenverCO,CO,,,ic.a
,e.a,cabcbcag.a,,cadgg.a,EV,NihcAS,faea.a,badjh.a,badjhaf.a,dadjh.a,,,GA,bd.a,Georgia,de.a
bg.a,,cabcbcbg.a,DL,bjhja.a,,,,badjh.a,,dadjh.a,ATL,,GA,,,de.a
ca.a,e.a,,,bjjhh.a,,,dd.a,bahcb.a,,,BOS,BostonMA,MA,,,bd.a
c.a,h.a,cabcbcac.a,US,cadff.a,US,NhfeUW,bebg.a,bcijc.a,bcijcad.a,dcfhf.a,LAX,LosAngelesCA,CA,g.a,California,jb.a
,h.a,,MQ,cadji.a,,,dcff.a,bbcji.a,,dabje.a,DFW,Dallas/FortWorthTX,TX,ei.a,,he.a
i.a,,cabcbcai.a,DL,bjhja.a,,NjeiDL,,bcjfd.a,,dbhad.a,LGA,NewYorkNY,,,,cc.a
bc.a,d.a,cabcbcbc.a,,bjdjd.a,WN,NhhaSA,cje.a,beafh.a,beafhac.a,deafh.a,PDX,PortlandOR,,eb.a,Oregon,
c.a,,cabcbcac.a,AA,,AA,NdFWAA,,,bcijcad.a,dcfhf.a,LAX,LosAngelesCA,CA,,,jb.a
ce.a,b.a,,UA,bjjhh.a,,,ecj.a,bcijc.a,,,LAX,LosAngelesCA,CA,,,jb.a
bh.a,,cabcbcbh.a,DL,bjhja.a,,,,bahcb.a,,dahcb.a,BOS,BostonMA,MA,,,bd.a
bh.a,,cabcbcbh.a,DL,bjhja.a,,,,bebah.a,,daegg.a,PHX,PhoenixAZ,,,,
bc.a,d.a,,,,UA,NfcdUA,cac.a,,bdjdaac.a,dajhh.a,ORD,,IL,,,
bh.a,,cabcbcbh.a,DL,bjhja.a,,,,bbcji.a,,dabje.a,DFW,Dallas/FortWorthTX,TX,,,he.a
ba.a,b.a,,OO,cadae.a,OO,NcbiAG,dege.a,beafh.a,beafhac.a,deafh.a,,PortlandOR,,eb.a,Oregon,
,e.a,,,,FL,NgadAT,fhg.a,,bbgjhad.a,dcegh.a,,FortLauderdaleFL,FL,bc.a,Florida,dd.a
,f.a,cabcbcci.a,,caedg.a,,NjccFR,hga.a,bciij.a,,dccbb.a,LAS,LasVegasNV,NV,dc.a,Nevada,if.a
bh.a,,cabcbcbh.a,AA,bjiaf.a,,,,bebah.a,,daegg.a,PHX,PhoenixAZ,,,,
cc.a,,cabcbccc.a,DL,bjhja.a,,,,bcjfd.a,,,LGA,NewYorkNY,,,,cc.a
,h.a,cabcbcac.a,EV,cadgg.a,EV,Nbbffb,,bagjd.a,bagjdac.a,dagjd.a,,NashvilleTN,,eh.a,Tennessee,fe.a
i.a,g.a,cabcbcai.a,,,,NjaeWN,biii.a,bfdae.a,bfdaeac.a,ddbjf.a,TPA,TampaFL,FL,bc.a,Florida,dd.a
,c.a,cabcbccf.a,EV,cadgg.a,,,ecdh.a,beejc.a,,deejc.a,RDU,,,dh.a,NorthCarolina,
ca.a,e.a,cabcbcca.a,,cadff.a,,,bjgj.a,bebcc.a,,,PIT,PittsburghPA,,ec.a,Pennsylvania,
bb.a,c.a,cabcbcbb.a,WN,bjdjd.a,,NheaSW,gbg.a,begid.a,begidad.a,ddcbe.a,SAT,SanAntonioTX,,ei.a,,
,e.a,cabcbcbd.a,,cadgg.a,EV,NgidBR,fcah.a,badjh.a,badjhaf.a,dadjh.a,,,GA,bd.a,Georgia,de.a
,f.a,,,cadji.a,,NiecMQ,eefa.a,beejc.a,beejcac.a,deejc.a,RDU,,,dh.a,NorthCarolina,
i.a,g.a,cabcbcai.a,,cadff.a,US,NhebUW,bgeb.a,bajje.a,bajjeac.a,dajje.a,CHS,,SC,ef.a,SouthCarolina,dh.a
ci.a,,cabcbcci.a,DL,,DL,NdfdNB,,,bdeihac.a,,,MinneapolisMN,,,,
,b.a,cabcbcdb.a,Fj,caedg.a,,NjcbFR,ded.a,baged.a,,daged.a,BKG,BransonMO,MO,cj.a,Missouri,ge.a
,b.a,,MQ,cadji.a,,NideMQ,efdh.a,beejc.a,beejcac.a,deejc.a,RDU,,,dh.a,NorthCarolina,
j.a,h.a,cabcbcaj.a,Bg,caeaj.a,Bg,NiahJB,,bcjfd.a,bcjfdac.a,dbhad.a,LGA,NewYorkNY,,dg.a,NewYork,cc.a
bf.a,g.a,cabcbcbf.a,,cadff.a,,NjejUW,bjch.a,bedah.a,,dahcb.a,PVD,ProvidenceRI,,ee.a,RhodeIsland,
cc.a,g.a,cabcbccc.a,,bjjda.a,,,igc.a,bdida.a,,,OGG,KahuluiHI,HI,,,
cj.a,,cabcbccj.a,DL,,,NdfcNW,,,beigjad.a,,SLC,SaltLakeCityUT,,,,
,c.a,cabcbcbi.a,EV,cadgg.a,,,ebfa.a,bbgbi.a,,dbhad.a,EWR,NewarkNJ,,de.a,NewJersey,cb.a
j.a,h.a,cabcbcaj.a,US,cadff.a,,NjejUW,bgde.a,bebaa.a,,debaa.a,PHL,PhiladelphiaPA,,ec.a,Pennsylvania,
g.a,e.a,cabcbcag.a,,bjdjd.a,,NjgeWN,badd.a,babea.a,,dabea.a,ABQ,AlbuquerqueNM,NM,df.a,NewMexico,ig.a
cf.a,,cabcbccf.a,AA,bjiaf.a,,,,bcijc.a,,,LAX,LosAngelesCA,CA,,,jb.a
i.a,g.a,cabcbcai.a,,cadhi.a,,NjcfFJ,cgag.a,bahjc.a,,dahjc.a,BUF,BuffaloNY,NY,dg.a,NewYork,cc.a
j.a,h.a,,OO,cadae.a,OO,NhbdSK,fbgh.a,bbcfj.a,bbcfjad.a,dabje.a,,DallasTX,TX,ei.a,,he.a
c.a,h.a,,OO,,,NhcgSK,fcbh.a,beigj.a,beigjad.a,degbe.a,SLC,SaltLakeCityUT,,ej.a,,
,f.a,,,,MQ,NfabMQ,dicd.a,,bcehiac.a,dbhad.a,,NewYorkNY,,dg.a,NewYork,cc.a
bh.a,b.a,cabcbcbh.a,WN,bjdjd.a,,,gaa.a,bdhjg.a,,dcefh.a,OAK,OaklandCA,,g.a,California,
da.a,,cabcbcda.a,AA,,,NdDAAA,,,behhbab.a,,SFO,SanFranciscoCA,CA,,,
bj.a,d.a,cabcbcbj.a,,,,,cbdf.a,bfabg.a,,,STL,St.LouisMO,MO,cj.a,Missouri,ge.a
ba.a,,cabcbcba.a,DL,bjhja.a,,NjdjDL,,beejc.a,,deejc.a,RDU,,,,,
be.a,,cabcbcbe.a,DL,bjhja.a,,NjgjDL,,badjh.a,,dadjh.a,ATL,,GA,,,de.a
,c.a,cabcbccf.a,EV,cadgg.a,,,,bccge.a,,daifc.a,IAD,,VA,fb.a,,di.a
,h.a,cabcbcac.a,EV,cadgg.a,EV,Nbgjhg,,bbgbi.a,bbgbiac.a,dbhad.a,,NewarkNJ,,de.a,NewJersey,cb.a
bf.a,g.a,cabcbcbf.a,,,WN,NfajSW,ccjh.a,,bcbjbac.a,dbefd.a,HOU,HoustonTX,TX,ei.a,,he.a
h.a,,cabcbcah.a,AA,,,NeXMAA,,,befhaac.a,defha.a,RNO,RenoNV,,,,
cj.a,g.a,cabcbccj.a,,caeaj.a,Bg,NhjdJB,dhg.a,bbgjh.a,bbgjhad.a,,FLL,FortLauderdaleFL,FL,bc.a,Florida,dd.a
cc.a,g.a,cabcbccc.a,,bjdjd.a,,,dibh.a,bciij.a,,,LAS,LasVegasNV,NV,dc.a,Nevada,if.a
,h.a,,MQ,,MQ,NfbjMQ,egad.a,,bbafhad.a,dbafh.a,,,NC,dh.a,NorthCarolina,dg.a
cg.a,,cabcbccg.a,AA,,,,,bfabg.a,,,STL,St.LouisMO,MO,,,ge.a
cd.a,h.a,cabcbccd.a,WN,bjdjd.a,,,ggj.a,beejc.a,,,RDU,,,dh.a,NorthCarolina,
f.a,,cabcbcaf.a,DL,bjhja.a,,NjdbDL,,badjh.a,,dadjh.a,ATL,,GA,,,de.a
,h.a,,FL,caedh.a,FL,NchjAT,beh.a,badjh.a,badjhaf.a,dadjh.a,,,GA,bd.a,Georgia,de.a
bc.a,,cabcbcbc.a,DL,bjhja.a,,NjgfDL,,bdbji.a,,ddbji.a,MCI,KansasCityMO,MO,,,ge.a
bd.a,,cabcbcbd.a,DL,,DL,NgacDL,,,bbchiac.a,daifc.a,,,VA,,,di.a
d.a,b.a,cabcbcad.a,WN,bjdjd.a,WN,NhfhLV,bedg.a,bebah.a,bebahac.a,daegg.a,PHX,PhoenixAZ,,e.a,Arizona,
d.a,,cabcbcad.a,AA,,AA,NdhhAA,,,bddadad.a,dcegh.a,MIA,MiamiFL,,,,dd.a
,b.a,,FL,caedh.a,,,fbc.a,begdf.a,,dbhbe.a,RSW,FortMyersFL,FL,bc.a,Florida,
,,,HA,,,NfjeHA,bb.a,,behhbab.a,dcefh.a,SFO,SanFranciscoCA,CA,g.a,California,
cf.a,c.a,cabcbccf.a,YV,cadhi.a,,,babj.a,bdida.a,,,OGG,KahuluiHI,HI,bf.a,Hawaii,
cg.a,d.a,cabcbccg.a,,caeaj.a,,,bagj.a,bcehi.a,,,JFK,NewYorkNY,,dg.a,NewYork,cc.a
da.a,h.a,cabcbcda.a,US,cadff.a,US,NhehUW,bfag.a,bbcji.a,bbcjiad.a,,DFW,Dallas/FortWorthTX,TX,ei.a,,he.a
bb.a,c.a,cabcbcbb.a,YV,,,NfajMJ,diab.a,,beejcac.a,deejc.a,RDU,,,dh.a,NorthCarolina,
h.a,f.a,cabcbcah.a,,,Bg,NfdeJB,dbh.a,,bccgeac.a,daifc.a,IAD,,VA,fb.a,,di.a
ce.a,,cabcbcce.a,AA,bjiaf.a,,,,bccge.a,,,IAD,,VA,,,di.a
cb.a,f.a,cabcbccb.a,,bjjda.a,,,idh.a,bdhjg.a,,,OAK,OaklandCA,,,,
bi.a,c.a,cabcbcbi.a,US,cadff.a,,,fea.a,bebah.a,,,PHX,PhoenixAZ,,e.a,Arizona,
cj.a,g.a,cabcbccj.a,Bg,caeaj.a,Bg,NhhjJB,,bcehi.a,bcehiac.a,,JFK,NewYorkNY,,dg.a,NewYork,cc.a
d.a,b.a,cabcbcad.a,AS,,AS,NeacAS,,,bbcjcac.a,dadcf.a,DEN,DenverCO,CO,,,ic.a
db.a,,cabcbcdb.a,AA,,AA,NdDUAA,,,baecdac.a,daecd.a,AUS,AustinTX,TX,,,he.a
cc.a,g.a,cabcbccc.a,WN,,,,ebhg.a,beidb.a,,,SJC,SanJoseCA,CA,g.a,California,
,g.a,cabcbccj.a,EV,cadgg.a,,Nchcaa,,befce.a,befceab.a,defce.a,RIC,,,fb.a,,
db.a,b.a,cabcbcdb.a,AS,,,NgchAS,,,behehad.a,daffj.a,SEA,SeattleWA,WA,,,
ch.a,e.a,cabcbcch.a,,,,NfeiAS,dcj.a,,beidbad.a,,SJC,SanJoseCA,CA,,,
c.a,,cabcbcac.a,DL,bjhja.a,,NjbaDN,,badjh.a,,dadjh.a,ATL,,GA,,,de.a
b.a,g.a,,OO,cadae.a,OO,NiceSK,efgc.a,bdeih.a,bdeihac.a,dbgfa.a,,MinneapolisMN,,ch.a,Minnesota,
f.a,d.a,cabcbcaf.a,,cadhi.a,,NjccFJ,chdb.a,bebah.a,,daegg.a,PHX,PhoenixAZ,,e.a,Arizona,
cf.a,c.a,,UA,bjjhh.a,,,jgc.a,bbcjc.a,,,DEN,DenverCO,CO,,,ic.a
c.a,h.a,cabcbcac.a,US,cadff.a,US,NggbAW,faa.a,bebah.a,bebahac.a,daegg.a,PHX,PhoenixAZ,,e.a,Arizona,
da.a,h.a,cabcbcda.a,WN,,WN,NfbbSW,cjbc.a,,bbbeaac.a,,CRP,CorpusChristiTX,TX,ei.a,Texas,he.a
bd.a,e.a,,,bjjhh.a,UA,NibiUA,chi.a,bdijb.a,bdijbab.a,dcfhf.a,ONT,OntarioCA,,,,
,c.a,cabcbccf.a,Fj,caedg.a,,,cgi.a,bbcjc.a,,dadcf.a,DEN,DenverCO,CO,i.a,Colorado,ic.a
i.a,g.a,,OO,,OO,NeffSW,eegj.a,,bcddfac.a,dcddf.a,,,MI,cg.a,Michigan,ed.a
ba.a,b.a,cabcbcba.a,WN,bjdjd.a,,NjecWN,cja.a,bdcdc.a,,dajhh.a,MDW,,IL,bh.a,Illinois,eb.a
bc.a,d.a,,,cadae.a,,NjgaSW,fehc.a,bdjda.a,,dajhh.a,ORD,,IL,bh.a,Illinois,
be.a,f.a,cabcbcbe.a,,cadhi.a,,NjcdFJ,cici.a,bebah.a,,daegg.a,PHX,PhoenixAZ,,e.a,Arizona,
,d.a,cabcbccg.a,,cadgg.a,EV,Nbafhf,gbfa.a,bdjda.a,bdjdaac.a,dajhh.a,,,IL,bh.a,Illinois,
,h.a,cabcbcaj.a,EV,,,Nbejcd,,bfabg.a,bfabgad.a,dbbcd.a,STL,St.LouisMO,MO,cj.a,Missouri,ge.a
,b.a,cabcbcdb.a,EV,,EV,NefbCA,,,bdchhac.a,ddchh.a,,MontgomeryAL,,b.a,Alabama,fb.a
bj.a,d.a,cabcbcbj.a,,bjdjd.a,,,eiff.a,beafh.a,,,PDX,PortlandOR,,eb.a,Oregon,
ce.a,b.a,cabcbcce.a,WN,bjdjd.a,,,djj.a,bebah.a,,,PHX,PhoenixAZ,,e.a,Arizona,
,h.a,cabcbcbg.a,EV,cadgg.a,,,,bdeih.a,,dbgfa.a,MSP,MinneapolisMN,,ch.a,Minnesota,
be.a,f.a,cabcbcbe.a,,,,NcffWN,idd.a,beijd.a,beijdac.a,ddbjc.a,SMF,SacramentoCA,,g.a,California,
e.a,,cabcbcae.a,DL,,DL,NdhdgC,,,bcehiac.a,dbhad.a,,NewYorkNY,,,,cc.a
ci.a,f.a,,,bjjhh.a,UA,Nbehdb,bfff.a,bbcjc.a,bbcjcac.a,,DEN,DenverCO,CO,,,ic.a
bj.a,d.a,,,cadae.a,,,gedh.a,bdjda.a,,,ORD,,IL,bh.a,Illinois,
da.a,,cabcbcda.a,DL,,DL,NddaNW,,,bdeihac.a,,,MinneapolisMN,,,,
j.a,,cabcbcaj.a,DL,bjhja.a,DL,NbdaDL,,bcijc.a,bcijcad.a,dcfhf.a,,LosAngelesCA,CA,,,jb.a
db.a,b.a,cabcbcdb.a,WN,bjdjd.a,,NhahSA,dbcd.a,beheh.a,behehad.a,daffj.a,SEA,SeattleWA,WA,fd.a,,
ci.a,f.a,,,cadae.a,,NjfhSW,gefc.a,bcijc.a,,,LAX,LosAngelesCA,CA,g.a,California,jb.a
ca.a,,cabcbcca.a,AA,,,,,behhb.a,,,SFO,SanFranciscoCA,CA,,,
h.a,f.a,cabcbcah.a,,bjdjd.a,WN,NcefWN,gif.a,bdbji.a,bdbjiab.a,ddbji.a,MCI,KansasCityMO,MO,cj.a,Missouri,ge.a
bb.a,c.a,,OO,cadae.a,OO,NhfeSK,gceh.a,bdjda.a,bdjdaac.a,dajhh.a,,,IL,bh.a,Illinois,
bf.a,g.a,cabcbcbf.a,,cadff.a,US,NiccAW,efa.a,bebah.a,bebahac.a,daegg.a,PHX,PhoenixAZ,,e.a,Arizona,
i.a,g.a,cabcbcai.a,,bjjda.a,AS,NhhbAS,ceg.a,beafh.a,beafhac.a,deafh.a,PDX,PortlandOR,,,,
j.a,h.a,,OO,cadae.a,OO,NhihSK,gfbi.a,bdcee.a,bdceeac.a,ddcee.a,,MemphisTN,,eh.a,Tennessee,fe.a
be.a,f.a,,,,,NiadSK,ehai.a,beigj.a,beigjad.a,degbe.a,SLC,SaltLakeCityUT,,ej.a,,
h.a,f.a,cabcbcah.a,,,WN,NebfWN,ddh.a,,bdcdcac.a,dajhh.a,MDW,,IL,bh.a,Illinois,eb.a
be.a,f.a,cabcbcbe.a,,,WN,NdiaSW,bbhj.a,,bdbjiab.a,ddbji.a,MCI,KansasCityMO,MO,cj.a,Missouri,ge.a
g.a,e.a,cabcbcag.a,,cadff.a,,NjejUW,cbcb.a,bahcb.a,,dahcb.a,BOS,BostonMA,MA,cf.a,Massachusetts,bd.a
ci.a,,cabcbcci.a,AA,,AA,NfDLAA,,,bddadad.a,,MIA,,,,,dd.a
bf.a,g.a,cabcbcbf.a,,caeaj.a,Bg,NgffJB,eh.a,bcehi.a,bcehiac.a,dbhad.a,JFK,NewYorkNY,,dg.a,NewYork,cc.a
cj.a,g.a,,,,UA,NfagUA,ghg.a,,bccggad.a,,IAH,HoustonTX,TX,,,he.a
bj.a,d.a,,,cadae.a,,,hdif.a,bbfcf.a,,,EKO,ElkoNV,NV,dc.a,Nevada,if.a
,f.a,,,,MQ,NgbiMQ,djfi.a,,bdjdaac.a,dajhh.a,,,IL,bh.a,Illinois,
bh.a,b.a,cabcbcbh.a,WN,bjdjd.a,,,fg.a,bcbjb.a,,dbefd.a,HOU,HoustonTX,TX,ei.a,Texas,he.a
f.a,,cabcbcaf.a,AA,,AA,NeXPAA,,,badjhaf.a,dadjh.a,ATL,,GA,,,de.a
,h.a,cabcbcbg.a,EV,cadgg.a,,,,bbfdh.a,,dbfdh.a,ELM,Elmira/CorningNY,NY,dg.a,NewYork,cc.a
bj.a,,cabcbcbj.a,DL,bjhja.a,,,,beghj.a,,,SAN,SanDiegoCA,,,,
,e.a,,,,MQ,NgdaMQ,dfhb.a,,bcddjae.a,dcddh.a,,,IN,bi.a,Indiana,ec.a
,f.a,,,caedh.a,,NjhbAT,gcg.a,baicb.a,,daifc.a,BWI,,MD,ce.a,Maryland,df.a
cf.a,c.a,,UA,bjjhh.a,,,ffh.a,bbgjh.a,,,FLL,,FL,,,dd.a
h.a,f.a,cabcbcah.a,,bjdjd.a,WN,NhjbSW,bafe.a,baiaa.a,baiaaad.a,dcfhf.a,BUR,BurbankCA,CA,g.a,California,jb.a
j.a,h.a,,UA,,UA,NeggUA,gag.a,,bebahac.a,daegg.a,PHX,PhoenixAZ,,,,
bj.a,d.a,cabcbcbj.a,,cadff.a,,,bfab.a,bbafh.a,,,CLT,,NC,dh.a,NorthCarolina,dg.a
f.a,d.a,,,cadae.a,OO,NhjbSK,fgfd.a,baecd.a,baecdac.a,daecd.a,,AustinTX,TX,ei.a,,he.a
cd.a,,cabcbccd.a,AA,bjiaf.a,,,,bbcji.a,,,DFW,Dallas/FortWorthTX,TX,,,he.a
bg.a,,cabcbcbg.a,DL,,,,,beigj.a,,degbe.a,SLC,SaltLakeCityUT,,,,
bc.a,,cabcbcbc.a,DL,,DL,NdhebS,,,bbcjcac.a,dadcf.a,,DenverCO,CO,,,ic.a
,b.a,cabcbcad.a,EV,cadgg.a,EV,Nbbfcg,,bcjfb.a,bcjfbac.a,dcjfb.a,,LafayetteLA,LA,cc.a,Louisiana,hc.a
,e.a,cabcbcch.a,,cadgg.a,EV,NhccEV,fdif.a,bbedd.a,bbeddac.a,dbcjf.a,,,MI,cg.a,Michigan,ed.a
bc.a,d.a,cabcbcbc.a,,cadhi.a,,NjafFJ,chhj.a,bebah.a,,daegg.a,PHX,PhoenixAZ,,e.a,Arizona,
c.a,h.a,,OO,,OO,NeggSW,cgff.a,,bcijcad.a,dcfhf.a,,LosAngelesCA,CA,g.a,California,jb.a
cj.a,g.a,,OO,cadae.a,,NjdgSW,gdhh.a,bbbcc.a,,,CPR,CasperWY,WY,fg.a,,ii.a
bf.a,,cabcbcbf.a,AA,,AA,NfjjAA,,,babeaac.a,dabea.a,ABQ,AlbuquerqueNM,NM,,,ig.a
,g.a,cabcbcai.a,EV,cadgg.a,EV,Nbbfei,,bccge.a,bccgeac.a,daifc.a,,,VA,fb.a,,di.a
bg.a,h.a,cabcbcbg.a,YV,,,,cidd.a,bfdhg.a,,daedg.a,TUS,TucsonAZ,AZ,e.a,Arizona,ib.a
b.a,,cabcbcab.a,AA,,AA,NfffAA,,,bcjfdac.a,dbhad.a,LGA,NewYorkNY,,,,cc.a
cb.a,f.a,,,cadae.a,,,fbgg.a,bbcji.a,,,DFW,Dallas/FortWorthTX,TX,ei.a,,he.a
,b.a,,FL,,,,fgb.a,bfdae.a,,ddbjf.a,TPA,,FL,bc.a,Florida,dd.a
db.a,b.a,cabcbcdb.a,WN,bjdjd.a,WN,NcegLV,eahc.a,bdcdc.a,bdcdcac.a,,MDW,,IL,bh.a,Illinois,eb.a
ci.a,f.a,,,cadae.a,,NjgjSW,gfdg.a,bbcjc.a,,,DEN,DenverCO,CO,i.a,Colorado,ic.a
ca.a,e.a,cabcbcca.a,,cbbhb.a,,,jh.a,bccge.a,,,IAD,,VA,fb.a,,di.a
,d.a,cabcbcaf.a,,cadgg.a,EV,Nbebji,gbcf.a,bcddj.a,bcddjae.a,dcddh.a,,,IN,bi.a,Indiana,ec.a
,,,HA,bjgja.a,,,faj.a,bcbhd.a,,dcbde.a,HNL,HonoluluHI,HI,bf.a,Hawaii,c.a
,h.a,cabcbcaj.a,EV,cadgg.a,EV,Nbgbid,,bdjda.a,bdjdaac.a,dajhh.a,,,IL,bh.a,Illinois,
ci.a,f.a,,,,,NedbSW,ehia.a,,beigjad.a,,SLC,SaltLakeCityUT,,ej.a,,
cf.a,c.a,cabcbccf.a,US,cadff.a,,,bfih.a,bebaa.a,,,PHL,PhiladelphiaPA,,ec.a,Pennsylvania,
bd.a,e.a,cabcbcbd.a,,cadff.a,US,NiceAW,cci.a,baecd.a,baecdac.a,daecd.a,AUS,AustinTX,TX,ei.a,,he.a
f.a,,cabcbcaf.a,DL,,,NdhcDA,,,beigjad.a,degbe.a,SLC,SaltLakeCityUT,,,,
b.a,g.a,cabcbcab.a,,,VX,NgciVA,eae.a,,bcijcad.a,dcfhf.a,LAX,LosAngelesCA,CA,g.a,California,jb.a
db.a,,cabcbcdb.a,DL,bjhja.a,,NhccTW,,beheh.a,behehad.a,daffj.a,SEA,SeattleWA,WA,,,
,g.a,cabcbcai.a,,cadgg.a,,NheaEV,ffhd.a,beejc.a,beejcac.a,deejc.a,RDU,,,dh.a,NorthCarolina,
cj.a,g.a,cabcbccj.a,,cadhi.a,,NjdbLR,ciag.a,bdhjg.a,,,OAK,OaklandCA,,g.a,California,
g.a,,cabcbcag.a,AA,,AA,NdFNAA,,,bddadad.a,dcegh.a,MIA,,,,,dd.a
be.a,f.a,,,,,Nddcjc,bgce.a,,behhbab.a,dcefh.a,SFO,SanFranciscoCA,CA,,,
cb.a,f.a,,,bjjhh.a,,,bfih.a,begdf.a,,,RSW,,FL,,,
ch.a,e.a,,,,,Ndhcih,befh.a,,behhbab.a,,SFO,SanFranciscoCA,CA,,,
bd.a,e.a,cabcbcbd.a,,bjdjd.a,,NjcgWN,hdg.a,bdeih.a,,dbgfa.a,MSP,MinneapolisMN,,ch.a,Minnesota,
bj.a,,cabcbcbj.a,AA,bjiaf.a,,,,bahcb.a,,,BOS,BostonMA,MA,,,bd.a
,c.a,cabcbcbi.a,EV,cadgg.a,,,fadi.a,bdcae.a,,dbefe.a,MCO,,,bc.a,Florida,dd.a
,f.a,cabcbcci.a,,cadgg.a,EV,Nbjjgg,fibe.a,bdjda.a,bdjdaac.a,dajhh.a,,,IL,bh.a,Illinois,
f.a,d.a,cabcbcaf.a,,,,NebhWN,bjji.a,,behhbab.a,dcefh.a,SFO,SanFranciscoCA,CA,g.a,California,
bg.a,h.a,,UA,bjjhh.a,,,bai.a,bbchi.a,,daifc.a,DCA,,VA,,,di.a
cd.a,h.a,,UA,bjjhh.a,,,bbah.a,bdcae.a,,,MCO,,,,,dd.a
c.a,h.a,,OO,cadae.a,OO,NcbhAG,dege.a,beafh.a,beafhac.a,deafh.a,,PortlandOR,,eb.a,Oregon,
cg.a,d.a,cabcbccg.a,,bjdjd.a,WN,NhchSW,ebce.a,bbcjc.a,bbcjcac.a,,DEN,DenverCO,CO,i.a,Colorado,ic.a
,b.a,cabcbcad.a,EV,,,NiibAS,ejej.a,bfebc.a,bfebcac.a,dfebc.a,TYS,KnoxvilleTN,TN,eh.a,Tennessee,fe.a
,g.a,,,cadji.a,MQ,NgeiMQ,ddfb.a,bbcji.a,bbcjiad.a,dabje.a,,Dallas/FortWorthTX,TX,ei.a,,he.a
da.a,h.a,cabcbcda.a,WN,bjdjd.a,WN,NgjeSW,dhbh.a,bebah.a,bebahac.a,,PHX,PhoenixAZ,,e.a,Arizona,
,c.a,,FL,caedh.a,,,cfc.a,badjh.a,,dadjh.a,ATL,,GA,bd.a,Georgia,de.a
,f.a,,,cadji.a,,,ecii.a,bbedd.a,,dbcjf.a,DTW,,MI,cg.a,Michigan,ed.a
bj.a,,cabcbcbj.a,AA,bjiaf.a,,,,beghj.a,,,SAN,SanDiegoCA,,,,
cb.a,f.a,cabcbccb.a,,bjdjd.a,,,ecch.a,bbcjc.a,,,DEN,DenverCO,CO,i.a,Colorado,ic.a
cd.a,h.a,,UA,bjjhh.a,,,bcbb.a,beghj.a,,,SAN,SanDiegoCA,,,,
cg.a,d.a,cabcbccg.a,,bjdjd.a,,NjbiWN,efff.a,bahcb.a,,,BOS,BostonMA,MA,cf.a,Massachusetts,bd.a
bc.a,d.a,,,,,NeecSW,hhgf.a,,beigjad.a,degbe.a,SLC,SaltLakeCityUT,,ej.a,,
cb.a,,cabcbccb.a,DL,bjhja.a,,,,bdhjg.a,,,OAK,OaklandCA,,,,
cg.a,d.a,cabcbccg.a,,cadhi.a,,NjbeFJ,cgai.a,bbafh.a,,,CLT,,NC,dh.a,NorthCarolina,dg.a
cb.a,,cabcbccb.a,AA,bjiaf.a,,,,behhb.a,,,SFO,SanFranciscoCA,CA,,,
bc.a,,cabcbcbc.a,DL,bjhja.a,,NjijDL,,badjh.a,,dadjh.a,ATL,,GA,,,de.a
bf.a,g.a,cabcbcbf.a,,bjdjd.a,WN,NhceSW,bhhi.a,bciij.a,bciijad.a,dccbb.a,LAS,LasVegasNV,NV,dc.a,Nevada,if.a
,e.a,,,cadji.a,MQ,NibeMQ,edec.a,bdjda.a,bdjdaac.a,dajhh.a,,,IL,bh.a,Illinois,
f.a,d.a,cabcbcaf.a,,,Bg,NgbdJB,jhe.a,,bbgjhad.a,dcegh.a,FLL,,FL,bc.a,Florida,dd.a
,b.a,,FL,caedh.a,,,egf.a,bebaa.a,,debaa.a,PHL,PhiladelphiaPA,,ec.a,Pennsylvania,
i.a,g.a,,,,OO,NebiSW,effe.a,,bcaadac.a,dbijf.a,,GreatFallsMT,MT,da.a,Montana,ie.a
,e.a,cabcbcca.a,,cadgg.a,,,fheg.a,befhg.a,,defhg.a,ROC,RochesterNY,,dg.a,NewYork,
e.a,c.a,,OO,cadae.a,,NiacSK,egfa.a,begid.a,begidad.a,ddcbe.a,SAT,SanAntonioTX,,ei.a,,
,b.a,cabcbcdb.a,EV,cadgg.a,,NjcbEV,feeb.a,badjh.a,,dadjh.a,ATL,,GA,bd.a,Georgia,de.a
,e.a,,,,MQ,NgcjMQ,dffd.a,,bddadad.a,dcegh.a,,,,bc.a,Florida,dd.a
c.a,h.a,cabcbcac.a,Bg,caeaj.a,Bg,NhhjJB,,bcehi.a,bcehiac.a,dbhad.a,JFK,NewYorkNY,,dg.a,NewYork,cc.a
,b.a,,FL,caedh.a,,,bcg.a,badjh.a,,dadjh.a,ATL,,GA,bd.a,Georgia,de.a
,e.a,cabcbcbd.a,,caedg.a,,NjdiFR,caa.a,baegg.a,,daegg.a,AZA,PhoenixAZ,,e.a,Arizona,ib.a
ba.a,b.a,,UA,,UA,NejaUA,ccd.a,,bccgeac.a,daifc.a,IAD,,VA,,,di.a
c.a,h.a,,OO,cadae.a,OO,NhfdSK,fbgg.a,bccgg.a,bccggad.a,dbefd.a,,HoustonTX,TX,ei.a,,he.a
,h.a,,MQ,cadji.a,,,dgje.a,bdjda.a,,dajhh.a,ORD,,IL,bh.a,Illinois,
bb.a,c.a,cabcbcbb.a,Bg,caeaj.a,Bg,NggdJB,,bciij.a,bciijad.a,dccbb.a,LAS,LasVegasNV,NV,dc.a,Nevada,if.a
e.a,,cabcbcae.a,AA,,,NfCEAA,,,behhbab.a,dcefh.a,SFO,SanFranciscoCA,CA,,,
bj.a,d.a,,,cadae.a,,,gdhi.a,bbcjc.a,,,DEN,DenverCO,CO,i.a,Colorado,ic.a
j.a,h.a,cabcbcaj.a,YV,cadhi.a,,NjajFJ,chcc.a,bdhjg.a,,dcefh.a,OAK,OaklandCA,,g.a,California,
ba.a,,cabcbcba.a,DL,bjhja.a,DL,NggbDN,,bbedd.a,bbeddac.a,dbcjf.a,,,MI,,,ed.a
c.a,,cabcbcac.a,AA,,AA,NdFEAA,,,bddadad.a,dcegh.a,MIA,,,,,dd.a
f.a,d.a,,,,UA,NfheUA,hbg.a,,bccggad.a,dbefd.a,IAH,HoustonTX,TX,,,he.a
ci.a,f.a,,,cadae.a,OO,NigiCA,cghf.a,bcijc.a,bcijcad.a,,,LosAngelesCA,CA,g.a,California,jb.a
e.a,,cabcbcae.a,DL,bjhja.a,,NjjiDL,,bcjjc.a,,dcgaa.a,LIT,LittleRockAR,AR,,,hb.a
cf.a,c.a,cabcbccf.a,VX,cbbhb.a,,,jac.a,behhb.a,,,SFO,SanFranciscoCA,CA,g.a,California,
b.a,g.a,cabcbcab.a,,cadhi.a,YV,NjadFJ,chca.a,bebah.a,bebahac.a,daegg.a,PHX,PhoenixAZ,,e.a,Arizona,
bb.a,,cabcbcbb.a,DL,bjhja.a,DL,Nghbhb,,bbchi.a,bbchiac.a,daifc.a,,,VA,,,di.a
ce.a,,cabcbcce.a,DL,bjhja.a,,,,begdf.a,,,RSW,,FL,,,
e.a,c.a,,UA,,,Ndhcih,babe.a,,behhbab.a,dcefh.a,SFO,SanFranciscoCA,CA,,,
bb.a,,cabcbcbb.a,AA,,AA,NdGVAA,,,bddadad.a,dcegh.a,MIA,,,,,dd.a
ba.a,b.a,,UA,,UA,NfdaUA,fff.a,,bciijad.a,dccbb.a,LAS,LasVegasNV,NV,,,if.a
bb.a,c.a,cabcbcbb.a,US,cadff.a,US,NidhAW,efg.a,bebah.a,bebahac.a,daegg.a,PHX,PhoenixAZ,,e.a,Arizona,
bh.a,b.a,cabcbcbh.a,YV,cadhi.a,,,cgfa.a,bbjjf.a,,dbjjf.a,GSO,,NC,dh.a,NorthCarolina,dg.a
,h.a,cabcbcaj.a,EV,cadgg.a,,NjdeEV,fagf.a,badjh.a,,dadjh.a,ATL,,GA,bd.a,Georgia,de.a
bi.a,c.a,,UA,bjjhh.a,,,ige.a,behhb.a,,dcefh.a,SFO,SanFranciscoCA,CA,,,
bg.a,h.a,cabcbcbg.a,US,,US,NedeUS,bgja.a,,bbafhad.a,dbafh.a,CLT,,NC,dh.a,NorthCarolina,dg.a
f.a,d.a,,,,UA,Ndieeg,bfej.a,,bdjdaac.a,dajhh.a,ORD,,IL,,,
cb.a,,cabcbccb.a,AA,bjiaf.a,,,,bbcji.a,,,DFW,Dallas/FortWorthTX,TX,,,he.a
,h.a,,MQ,,MQ,NgcaMQ,chhd.a,,bbcjiad.a,dabje.a,,Dallas/FortWorthTX,TX,ei.a,,he.a
j.a,h.a,,UA,,UA,Ndaeab,bgbg.a,,bccggad.a,dbefd.a,IAH,HoustonTX,TX,,,he.a
cd.a,,cabcbccd.a,AA,bjiaf.a,,,,bdjda.a,,,ORD,,IL,,,
cd.a,h.a,cabcbccd.a,WN,bjdjd.a,,,eigj.a,bcbjb.a,,,HOU,HoustonTX,TX,ei.a,,he.a
bg.a,h.a,,OO,,,NhgfSK,fejb.a,bfdhg.a,bfdhgac.a,daedg.a,TUS,TucsonAZ,AZ,e.a,Arizona,ib.a
bh.a,,cabcbcbh.a,AA,bjiaf.a,,,,bdjdb.a,,ddggh.a,ORF,,,,,
ch.a,e.a,cabcbcch.a,,,WN,NegbWN,dffe.a,,bafcjae.a,,BDL,HartfordCT,CT,j.a,Connecticut,bb.a
b.a,g.a,cabcbcab.a,,,,NjefWN,bgja.a,behhb.a,,dcefh.a,SFO,SanFranciscoCA,CA,g.a,California,
bd.a,e.a,cabcbcbd.a,,cadff.a,US,NibgAW,fih.a,bebcc.a,bebccac.a,dabji.a,PIT,PittsburghPA,,ec.a,Pennsylvania,
bj.a,d.a,cabcbcbj.a,,,,,jag.a,bejai.a,,,SNA,SantaAnaCA,CA,g.a,California,jb.a
be.a,,cabcbcbe.a,DL,,DL,NgeaDL,,,bcijcad.a,dcfhf.a,,LosAngelesCA,CA,,,jb.a
ce.a,b.a,,OO,cadae.a,,,fegh.a,bdijb.a,,,ONT,OntarioCA,,g.a,California,
,f.a,cabcbcah.a,,cadgg.a,EV,NihaAS,ejje.a,bdhjf.a,bdhjfac.a,ddhjf.a,,,NC,dh.a,NorthCarolina,
ch.a,e.a,,,bjjhh.a,UA,Ncajae,bgbj.a,bbcjc.a,bbcjcac.a,,DEN,DenverCO,CO,,,ic.a
bd.a,,cabcbcbd.a,DL,,DL,NdebNW,,,bcjfdac.a,dbhad.a,,NewYorkNY,,,,cc.a
,c.a,,MQ,,MQ,NfajMQ,efhh.a,,bcjfdac.a,dbhad.a,,NewYorkNY,,dg.a,NewYork,cc.a
bh.a,,cabcbcbh.a,AA,bjiaf.a,,,,bcehi.a,,dbhad.a,JFK,NewYorkNY,,,,cc.a
j.a,,cabcbbaj.a,AA,,AA,NdDCAA,,,bcijcad.a,dcfhf.a,LAX,LosAngelesCA,,,,jb.a
e.a,,cabcbcae.a,AA,,AA,NfggAA,,,bdjdaac.a,dajhh.a,ORD,,IL,,,
h.a,f.a,cabcbcah.a,,,WN,NfchSW,dbdh.a,,bcbjbac.a,dbefd.a,HOU,HoustonTX,TX,ei.a,,he.a
cg.a,d.a,cabcbccg.a,,cadff.a,US,NidiAW,gcb.a,bbcji.a,bbcjiad.a,,DFW,Dallas/FortWorthTX,TX,ei.a,,he.a
,f.a,cabcbcah.a,,cadgg.a,EV,Nbejji,dcgj.a,bbecd.a,bbecdad.a,dbecd.a,,DesMoinesIA,IA,bj.a,Iowa,gb.a
bi.a,c.a,,UA,bjjhh.a,,,jhb.a,bccgg.a,,dbefd.a,IAH,HoustonTX,TX,,,he.a
d.a,b.a,cabcbcad.a,WN,,WN,NdehSW,cfd.a,,baicbad.a,daifc.a,BWI,,MD,ce.a,Maryland,df.a
bh.a,,cabcbcbh.a,DL,,,,,beigj.a,,degbe.a,SLC,SaltLakeCityUT,,,,
f.a,,cabcbcaf.a,DL,bjhja.a,,NjedDL,,badjh.a,,dadjh.a,ATL,,GA,,,de.a
bj.a,,cabcbcbj.a,AA,bjiaf.a,,,,bbcji.a,,,DFW,Dallas/FortWorthTX,TX,,,he.a
,f.a,,,caedh.a,,,gae.a,begdf.a,,dbhbe.a,RSW,,FL,bc.a,Florida,
,b.a,,MQ,,,NgihMQ,cijj.a,bfebc.a,bfebcac.a,dfebc.a,TYS,KnoxvilleTN,TN,eh.a,Tennessee,fe.a
bh.a,b.a,cabcbcbh.a,Bg,caeaj.a,,,,bcehi.a,,dbhad.a,JFK,NewYorkNY,,dg.a,NewYork,cc.a
j.a,,cabcbbaj.a,AA,,AA,NeXGAA,,,bddecaf.a,dddec.a,MKE,MilwaukeeWI,,,,ef.a
bj.a,,cabcbcbj.a,DL,bjhja.a,,,,bdeih.a,,,MSP,MinneapolisMN,,,,
bg.a,,cabcbcbg.a,DL,bjhja.a,,NjfcDL,,badjh.a,,dadjh.a,ATL,,GA,,,de.a
b.a,g.a,cabcbcab.a,,bjdjd.a,WN,NhdeSA,bjcc.a,bdijb.a,bdijbab.a,dcfhf.a,ONT,OntarioCA,,g.a,California,
bg.a,,cabcbbbg.a,AA,bjiaf.a,,,,babea.a,,dabea.a,ABQ,AlbuquerqueNM,NM,,,ig.a
cj.a,,cabcbccj.a,DL,,,NhadTW,,bface.a,bfacead.a,,STT,CharlotteAmalieVI,VI,,,e.a
bg.a,h.a,,OO,cadae.a,,,fdbd.a,bciii.a,,dciii.a,LAR,LaramieWY,WY,fg.a,,ii.a
d.a,b.a,cabcbcad.a,WN,bjdjd.a,,NjcaWN,bbfd.a,beghj.a,,ddfha.a,SAN,SanDiegoCA,,g.a,California,
,f.a,cabcbccb.a,,,,,cgd.a,bejai.a,,dcfhf.a,SNA,SantaAnaCA,CA,g.a,California,jb.a
,f.a,cabcbccb.a,,cadgg.a,,,ecbg.a,bahjc.a,,dahjc.a,BUF,BuffaloNY,NY,dg.a,NewYork,cc.a
bf.a,g.a,cabcbcbf.a,,,Bg,NfdgJB,bga.a,,bdcaeac.a,dbefe.a,MCO,,,bc.a,Florida,dd.a
,f.a,,,caedh.a,,NjgaAT,bjf.a,badjh.a,,dadjh.a,ATL,,GA,bd.a,Georgia,de.a
bf.a,g.a,,,,UA,NedbUA,ddg.a,,bbgbiac.a,dbhad.a,EWR,NewarkNJ,,,,cb.a
bd.a,e.a,cabcbcbd.a,,cadff.a,US,NbbbUS,beea.a,bbafh.a,bbafhad.a,dbafh.a,CLT,,NC,dh.a,NorthCarolina,dg.a
bg.a,h.a,cabcbcbg.a,WN,bjdjd.a,,,dfdj.a,bbcjc.a,,dadcf.a,DEN,DenverCO,CO,i.a,Colorado,ic.a
db.a,b.a,cabcbcdb.a,US,cadff.a,US,NhgfUS,bedf.a,bdjdb.a,bdjdbac.a,,ORF,,,fb.a,,
db.a,,cabcbcdb.a,DL,bjhja.a,DL,NgjcDL,,badjh.a,badjhaf.a,,,,GA,,,de.a
da.a,,cabcbcda.a,DL,bjhja.a,,NjgeDN,,bciij.a,,,LAS,LasVegasNV,NV,,,if.a
g.a,e.a,cabcbcag.a,,cadhi.a,,NjddLR,cgbh.a,bbafh.a,,dbafh.a,CLT,,NC,dh.a,NorthCarolina,dg.a
ca.a,,cabcbcca.a,DL,bjhja.a,,,,badjh.a,,,ATL,,GA,,,de.a
,g.a,cabcbcab.a,,,,NgafQX,ffjg.a,,bfajgac.a,dfajg.a,SYR,SyracuseNY,NY,dg.a,NewYork,cc.a
ba.a,,cabcbcba.a,AA,,AA,NehfAA,,,bcjfdac.a,dbhad.a,LGA,NewYorkNY,,,,cc.a
,h.a,cabcbcbg.a,EV,cadgg.a,,,,bbgbi.a,,dbhad.a,EWR,NewarkNJ,,de.a,NewJersey,cb.a
b.a,g.a,,,,,NibfSK,ehai.a,bejai.a,bejaiad.a,dcfhf.a,SNA,SantaAnaCA,CA,g.a,California,jb.a
cb.a,f.a,,,cadae.a,,,fefa.a,bciii.a,,,LAR,LaramieWY,WY,fg.a,,ii.a
b.a,g.a,cabcbcab.a,,bjdjd.a,,NcegLV,bgga.a,beheh.a,behehad.a,daffj.a,SEA,SeattleWA,WA,fd.a,,
ce.a,b.a,cabcbcce.a,WN,,,,eeg.a,bfdae.a,,,TPA,,FL,bc.a,Florida,dd.a
ca.a,e.a,cabcbcca.a,,,,,cif.a,bfabg.a,,,STL,St.LouisMO,MO,cj.a,Missouri,ge.a
g.a,e.a,cabcbcag.a,,cadff.a,US,NbbbUS,hde.a,bdcae.a,bdcaeac.a,dbefe.a,MCO,,,bc.a,Florida,dd.a
,f.a,cabcbccb.a,,cadgg.a,,,efhg.a,bbgbi.a,,dbhad.a,EWR,NewarkNJ,,de.a,NewJersey,cb.a
bj.a,,cabcbcbj.a,AA,bjiaf.a,,,,bcjfd.a,,,LGA,NewYorkNY,,,,cc.a
be.a,f.a,cabcbcbe.a,,bjdjd.a,,NjeaWN,deba.a,bciij.a,,dccbb.a,LAS,LasVegasNV,NV,dc.a,Nevada,if.a
g.a,,cabcbcag.a,AA,,AA,NgbiAA,,,bbcjiad.a,dabje.a,DFW,Dallas/FortWorthTX,TX,,,he.a
cc.a,g.a,cabcbccc.a,,cadff.a,,,bje.a,bebah.a,,,PHX,PhoenixAZ,,e.a,Arizona,
da.a,h.a,cabcbcda.a,WN,bjdjd.a,WN,NhgjSW,cgcc.a,bdcdc.a,bdcdcac.a,,MDW,,IL,bh.a,Illinois,eb.a
bh.a,b.a,,OO,cadae.a,,,geda.a,bcijc.a,,dcfhf.a,LAX,LosAngelesCA,CA,g.a,California,jb.a
ba.a,b.a,cabcbcba.a,US,cadff.a,US,NgfiAW,egj.a,bebaa.a,bebaaac.a,debaa.a,PHL,PhiladelphiaPA,,ec.a,Pennsylvania,
,g.a,,,cadae.a,OO,NhibCA,efje.a,becfc.a,becfcac.a,decfc.a,,Pasco/Kennewick/RichlandWA,,fd.a,,
,h.a,,OO,,,NhaiSK,gdaf.a,behhb.a,behhbab.a,dcefh.a,SFO,SanFranciscoCA,CA,g.a,California,
cd.a,,cabcbccd.a,AA,bjiaf.a,,,,bbcji.a,,,DFW,Dallas/FortWorthTX,TX,,,he.a
bi.a,,cabcbcbi.a,AA,bjiaf.a,,,,bbcji.a,,dabje.a,DFW,Dallas/FortWorthTX,TX,,,he.a
,d.a,cabcbcbj.a,,cadgg.a,,,ebci.a,bdecc.a,,dafgc.a,MOB,MobileAL,,b.a,Alabama,
,h.a,cabcbcaj.a,EV,cadgg.a,,NjdbEV,,badjh.a,,dadjh.a,ATL,,GA,bd.a,Georgia,de.a
f.a,,cabcbcaf.a,AA,,,NfffAA,,,begidad.a,ddcbe.a,SAT,SanAntonioTX,,,,
b.a,g.a,cabcbcab.a,,bjdjd.a,WN,NidabJ,ejje.a,bcijc.a,bcijcad.a,dcfhf.a,LAX,LosAngelesCA,CA,g.a,California,jb.a
,d.a,,,cadji.a,MQ,NgehMQ,dcfc.a,bbcji.a,bbcjiad.a,dabje.a,,Dallas/FortWorthTX,TX,ei.a,,he.a
d.a,b.a,cabcbcad.a,US,cadff.a,US,NhaeUS,bfce.a,bbafh.a,bbafhad.a,dbafh.a,CLT,,NC,dh.a,NorthCarolina,dg.a
f.a,,cabcbcaf.a,DL,,DL,NdggNW,,,bbbjdac.a,ddbaf.a,,CincinnatiOH,KY,,,fc.a
,b.a,,MQ,cadji.a,,NiegMQ,eeic.a,beejc.a,beejcac.a,deejc.a,RDU,,,dh.a,NorthCarolina,
,b.a,cabcbcdb.a,EV,,EV,NefbCA,,,badjhaf.a,dadjh.a,,,GA,bd.a,Georgia,de.a
cg.a,,cabcbccg.a,DL,,,NjjdDL,,bejig.a,,,SRQ,,FL,,,dd.a
cc.a,g.a,cabcbccc.a,,bjdjd.a,,,dhjj.a,baicb.a,,,BWI,,MD,ce.a,Maryland,df.a
,d.a,,,,,NgdcSK,ehac.a,,beijdac.a,ddbjc.a,SMF,SacramentoCA,,g.a,California,
b.a,g.a,cabcbcab.a,,,,NcdcWN,cajj.a,bejai.a,bejaiad.a,dcfhf.a,SNA,SantaAnaCA,CA,g.a,California,jb.a
da.a,,cabcbcda.a,AA,,AA,NffeAA,,,bbcjiad.a,,DFW,Dallas/FortWorthTX,TX,,,he.a
,d.a,,,,OO,NfiaSW,fdig.a,,bciijad.a,dccbb.a,,LasVegasNV,NV,dc.a,Nevada,if.a
ch.a,e.a,cabcbcch.a,,bjdjd.a,,NcbdWN,ecgd.a,beghj.a,beghjad.a,,SAN,SanDiegoCA,,g.a,California,
,e.a,,,cadae.a,,,cgha.a,bbgdi.a,,dbgdi.a,FAT,FresnoCA,CA,g.a,California,jb.a
g.a,e.a,cabcbcag.a,,,,NgdcJB,bhea.a,,beiedad.a,deibj.a,SJU,SanJuanPR,PR,hc.a,,
bf.a,g.a,,,,,NfdiUA,egj.a,,behhbab.a,dcefh.a,SFO,SanFranciscoCA,CA,,,
bj.a,d.a,cabcbcbj.a,,cbbhb.a,,,iai.a,bcijc.a,,,LAX,LosAngelesCA,CA,g.a,California,jb.a
,,,HA,bjgja.a,,,cc.a,bcbhd.a,,dcbde.a,HNL,HonoluluHI,HI,bf.a,Hawaii,c.a
,c.a,cabcbcbb.a,EV,cadgg.a,EV,Nbefed,,bcjjc.a,bcjjcae.a,dcgaa.a,,LittleRockAR,AR,f.a,Arkansas,hb.a
ci.a,f.a,,,bjjhh.a,UA,NhhcUA,cbi.a,bcbhd.a,bcbhdab.a,,HNL,HonoluluHI,HI,,,c.a
bg.a,h.a,,UA,,UA,NecgUA,fjb.a,,bahcbac.a,dahcb.a,BOS,BostonMA,MA,,,bd.a
,d.a,cabcbcbj.a,,cadgg.a,,,gbhj.a,bbcjc.a,,dadcf.a,DEN,DenverCO,CO,i.a,Colorado,ic.a
,h.a,,MQ,,MQ,NgbaMQ,dfhb.a,,bcddjae.a,dcddh.a,,,IN,bi.a,Indiana,ec.a
h.a,f.a,cabcbcah.a,,,,NecgWN,dage.a,,beghjad.a,ddfha.a,SAN,SanDiegoCA,,g.a,California,
cd.a,h.a,cabcbccd.a,WN,bjdjd.a,,,ejgi.a,baicb.a,,,BWI,,MD,ce.a,Maryland,df.a
b.a,g.a,cabcbcab.a,,,,NjdhUW,bcif.a,bface.a,,dejef.a,STT,CharlotteAmalieVI,VI,hi.a,,e.a
,e.a,,,cadji.a,MQ,NhdjMQ,eecj.a,bcjfd.a,bcjfdac.a,dbhad.a,,NewYorkNY,,dg.a,NewYork,cc.a
bc.a,,cabcbcbc.a,AA,,AA,NdDUAA,,,bddadad.a,dcegh.a,MIA,,,,,dd.a
,d.a,,,,,NegfSW,cgee.a,,beijdac.a,ddbjc.a,SMF,SacramentoCA,,g.a,California,jb.a
db.a,,cabcbcdb.a,DL,,DL,NdcfUS,,,bcjfdac.a,,,NewYorkNY,,,,cc.a
h.a,f.a,cabcbcah.a,,,WN,NdffSW,baci.a,,bbcfjad.a,dabje.a,DAL,DallasTX,TX,ei.a,,he.a
bj.a,d.a,,,bjjhh.a,,,edd.a,bbcji.a,,,DFW,Dallas/FortWorthTX,TX,,,he.a
bj.a,,cabcbcbj.a,AA,bjiaf.a,,,,bddad.a,,,MIA,,,,,dd.a
f.a,,cabcbcaf.a,DL,bjhja.a,DL,NjacDE,,bbchi.a,bbchiac.a,daifc.a,,,VA,,,di.a
f.a,,cabcbcaf.a,DL,bjhja.a,,NjfeDL,,badjh.a,,dadjh.a,ATL,,GA,,,de.a
,g.a,cabcbccc.a,,cadgg.a,,,fada.a,bdeih.a,,dbgfa.a,MSP,MinneapolisMN,,ch.a,Minnesota,
bj.a,d.a,cabcbcbj.a,,caeaj.a,,,bhj.a,bcehi.a,,,JFK,NewYorkNY,,dg.a,NewYork,cc.a
bh.a,b.a,cabcbcbh.a,WN,bjdjd.a,,,dfj.a,bdcdc.a,,dajhh.a,MDW,,IL,bh.a,Illinois,eb.a
,g.a,,,cadji.a,,NjcfMQ,edcg.a,bbaec.a,,dageh.a,CLE,,OH,dj.a,Ohio,ee.a
da.a,,cabcbbda.a,AA,,AA,NdccAA,,,bcijcad.a,,LAX,LosAngelesCA,CA,,,jb.a
cg.a,,cabcbccg.a,AA,,AA,NfciAA,,,bdjdaac.a,,ORD,,IL,,,
da.a,,cabcbcda.a,DL,,,NghgDL,,bfdae.a,bfdaeac.a,,TPA,,FL,,,dd.a
,h.a,,OO,cadae.a,OO,NhdaSK,geci.a,bahbd.a,bahbdac.a,dahbd.a,,BoiseID,ID,bg.a,Idaho,id.a
f.a,,cabcbcaf.a,DL,,DL,NdfhNB,,,bdceeac.a,ddcee.a,,MemphisTN,,,,fe.a
bg.a,h.a,cabcbcbg.a,US,,US,NeedUS,bghf.a,,bbafhad.a,dbafh.a,CLT,,NC,dh.a,NorthCarolina,dg.a
f.a,,cabcbcaf.a,AA,,AA,NfaiAA,,,bdejfac.a,ddejf.a,MSY,NewOrleansLA,,,,
h.a,f.a,,,bjjhh.a,UA,Nihfch,bfdb.a,beafh.a,beafhac.a,deafh.a,PDX,PortlandOR,,,,
,e.a,cabcbcca.a,,caedg.a,,,dic.a,bbcjc.a,,dadcf.a,DEN,DenverCO,CO,i.a,Colorado,ic.a
,h.a,,OO,cadae.a,OO,NigjAS,cgid.a,bcijc.a,bcijcad.a,dcfhf.a,,LosAngelesCA,CA,g.a,California,jb.a
,g.a,,,cadae.a,,,geah.a,bcijc.a,,dcfhf.a,LAX,LosAngelesCA,CA,g.a,California,jb.a
,b.a,,OO,cadae.a,,NjehSW,feja.a,behhb.a,,dcefh.a,SFO,SanFranciscoCA,,g.a,California,
,c.a,cabcbcbb.a,Fj,caedg.a,Fj,NcaiFR,hcb.a,bbchi.a,bbchiac.a,daifc.a,,,VA,fb.a,,di.a
,f.a,cabcbcci.a,,cadgg.a,EV,Nbbbjd,fjed.a,bbcjc.a,bbcjcac.a,dadcf.a,,DenverCO,CO,i.a,Colorado,ic.a
,b.a,cabcbcce.a,EV,cadgg.a,,,,badjh.a,,dadjh.a,ATL,,GA,bd.a,Georgia,de.a
j.a,h.a,cabcbcaj.a,AS,bjjda.a,AS,NhfgAS,,becfg.a,becfgad.a,decfg.a,PSG,PetersburgAK,,,,
,h.a,cabcbccd.a,EV,cadgg.a,,,,bdecc.a,,dafgc.a,MOB,MobileAL,,b.a,Alabama,
j.a,,cabcbcaj.a,AA,,,NdCBAA,,,bfdhaac.a,degfd.a,TUL,TulsaOK,OK,,,hd.a
cj.a,g.a,cabcbccj.a,,,Bg,NfaiJB,hb.a,,bcehiac.a,,JFK,NewYorkNY,,dg.a,NewYork,cc.a
cj.a,,cabcbccj.a,AA,,AA,NfFJAA,,,bddadad.a,,MIA,,,,,dd.a
h.a,f.a,cabcbcah.a,,cadff.a,US,NhacUW,baah.a,bdfhh.a,bdfhhac.a,dbbdf.a,MYR,,,ef.a,SouthCarolina,
,c.a,cabcbcae.a,EV,cadgg.a,EV,Nbcjjg,,bbaec.a,bbaecac.a,dageh.a,,,OH,dj.a,Ohio,ee.a
bf.a,,cabcbcbf.a,DL,,DL,NfffNW,,,badjhaf.a,dadjh.a,,,GA,,,de.a
da.a,,cabcbcda.a,DL,bjhja.a,,NjgiDL,,badjh.a,,,ATL,,GA,,,de.a
bg.a,,cabcbcbg.a,DL,bjhja.a,,NjfhDL,,bddad.a,,dcegh.a,MIA,,,,,dd.a
cg.a,d.a,,,bjjhh.a,,NieiUA,ggc.a,behhb.a,behhbab.a,,SFO,SanFranciscoCA,CA,,,
,f.a,cabcbcah.a,,,,Nbejcf,edca.a,bfdha.a,bfdhaac.a,degfd.a,TUL,TulsaOK,OK,ea.a,Oklahoma,hd.a
bj.a,,cabcbcbj.a,AS,bjjda.a,,,,beheh.a,,,SEA,SeattleWA,WA,,,
,f.a,,,cadji.a,MQ,NicgMQ,dcbj.a,bbcji.a,bbcjiad.a,dabje.a,,Dallas/FortWorthTX,TX,ei.a,,he.a
bb.a,c.a,cabcbcbb.a,WN,,WN,NgdfSW,ihc.a,,baicbad.a,daifc.a,BWI,,MD,ce.a,Maryland,df.a
,,,HA,,HA,NfjiHA,e.a,,bcbhdab.a,dcbde.a,,HonoluluHI,HI,bf.a,Hawaii,c.a
,f.a,cabcbcci.a,,cadgg.a,EV,Nbcbgg,gbif.a,bdfac.a,bdfacac.a,ddfac.a,,Montrose/DeltaCO,,i.a,Colorado,
,d.a,,,,OO,NebbSW,gebf.a,,bbcjcac.a,dadcf.a,,DenverCO,CO,i.a,Colorado,ic.a
,f.a,,,,,NhdfMQ,ciae.a,bfdha.a,bfdhaac.a,degfd.a,TUL,TulsaOK,OK,ea.a,Oklahoma,hd.a
da.a,h.a,cabcbcda.a,WN,bjdjd.a,,NidbgH,bdfg.a,begid.a,begidad.a,,SAT,SanAntonioTX,,ei.a,,
c.a,h.a,cabcbcac.a,US,cadff.a,US,NhajUW,jfg.a,bbgjh.a,bbgjhad.a,dcegh.a,FLL,,FL,bc.a,Florida,dd.a
ba.a,b.a,cabcbcba.a,WN,,WN,NeegWN,dide.a,,bdcdcac.a,dajhh.a,MDW,,IL,bh.a,Illinois,eb.a
cf.a,,cabcbccf.a,DL,bjhja.a,,,,bcehi.a,,,JFK,NewYorkNY,,,,cc.a
,,,HA,,HA,NfidHA,ce.a,,bdidaac.a,ddida.a,,KahuluiHI,HI,bf.a,Hawaii,
,f.a,,,cadae.a,OO,NibaSK,ehca.a,bcijc.a,bcijcad.a,dcfhf.a,,LosAngelesCA,CA,g.a,California,jb.a
b.a,,cabcbcab.a,AA,,AA,NfBRAA,,,bcehiac.a,dbhad.a,JFK,NewYorkNY,,,,cc.a
g.a,e.a,cabcbcag.a,,bjdjd.a,,NjbaWN,cgbd.a,bbcjc.a,,dadcf.a,DEN,DenverCO,CO,i.a,Colorado,ic.a
,f.a,cabcbcbe.a,,cadgg.a,EV,Nbhbjg,fjii.a,bdjda.a,bdjdaac.a,dajhh.a,,,IL,bh.a,Illinois,
,c.a,,FL,caedh.a,,,djg.a,bdcae.a,,dbefe.a,MCO,,,bc.a,Florida,dd.a
c.a,,cabcbcac.a,AA,,AA,NfDCAA,,,bddadad.a,dcegh.a,MIA,,,,,dd.a
h.a,,cabcbcah.a,AA,,AA,NeXDAA,,,bdjdaac.a,dajhh.a,ORD,,IL,,,
cg.a,d.a,cabcbccg.a,,bjdjd.a,,NjgfWN,eegd.a,bagjd.a,,,BNA,NashvilleTN,,eh.a,Tennessee,fe.a
bd.a,e.a,cabcbcbd.a,,,US,NgcgAW,bfi.a,,bebahac.a,daegg.a,PHX,PhoenixAZ,,e.a,Arizona,
f.a,d.a,cabcbcaf.a,,cadff.a,,NbhaUS,beie.a,behhb.a,behhbab.a,dcefh.a,SFO,SanFranciscoCA,CA,g.a,California,
bd.a,e.a,cabcbcbd.a,,cadff.a,US,NhgfUS,cbge.a,bbchi.a,bbchiac.a,daifc.a,DCA,,VA,fb.a,,di.a
,e.a,cabcbcag.a,,,EV,Ncjjag,ecch.a,,bbgbiac.a,dbhad.a,,NewarkNJ,,de.a,NewJersey,cb.a
be.a,f.a,,,,UA,NecdUA,hje.a,,bbcjcac.a,dadcf.a,DEN,DenverCO,CO,,,ic.a
bd.a,e.a,cabcbcbd.a,,,WN,NeihWN,bjgj.a,,baicbad.a,daifc.a,BWI,,MD,ce.a,Maryland,df.a
cj.a,,cabcbbcj.a,AA,,AA,NffhAA,,,bcefbac.a,,JAX,JacksonvilleFL,FL,,,dd.a
,d.a,cabcbcbc.a,,cadgg.a,EV,NiiaAS,fbcb.a,bbcfj.a,bbcfjad.a,dabje.a,,DallasTX,TX,ei.a,,he.a
bf.a,,cabcbbbf.a,AA,,AA,NfEPAA,,,bcijcad.a,dcfhf.a,LAX,LosAngelesCA,CA,,,jb.a
db.a,b.a,cabcbcdb.a,WN,,WN,NdfdSW,dfjf.a,,bedahac.a,,PVD,ProvidenceRI,,ee.a,RhodeIsland,
c.a,h.a,cabcbcac.a,Bg,,,NdahJB,,,begdfac.a,dbhbe.a,RSW,FortMyersFL,FL,bc.a,Florida,
,e.a,cabcbcch.a,,cadgg.a,,NjheEV,feea.a,bahib.a,,dahib.a,BTR,BatonRougeLA,LA,cc.a,Louisiana,hc.a
e.a,c.a,cabcbcae.a,WN,bjdjd.a,WN,NhabGS,cjii.a,baicb.a,baicbad.a,daifc.a,BWI,,MD,ce.a,Maryland,df.a
ce.a,,cabcbcce.a,DL,bjhja.a,,,,bebah.a,,,PHX,PhoenixAZ,,,,
,f.a,cabcbcci.a,,,EV,Neijab,gaeg.a,,bbecdad.a,dbecd.a,,DesMoinesIA,IA,bj.a,Iowa,gb.a
bg.a,h.a,,UA,bjjhh.a,UA,NiacUA,eib.a,bddad.a,bddadad.a,dcegh.a,MIA,MiamiFL,,,,dd.a
f.a,,cabcbbaf.a,AA,,AA,NdGRAA,,,bbcjiad.a,dabje.a,DFW,Dallas/FortWorthTX,TX,,,he.a
bb.a,c.a,,UA,,UA,Nddcie,begj.a,,bccggad.a,dbefd.a,IAH,HoustonTX,TX,,,he.a
bh.a,b.a,,UA,bjjhh.a,,,fbj.a,bbchi.a,,daifc.a,DCA,,VA,,,di.a
j.a,,cabcbcaj.a,AA,,AA,NdEDAA,,,bbcjiad.a,dabje.a,DFW,Dallas/FortWorthTX,TX,,,he.a
g.a,,cabcbcag.a,DL,,DL,NdjdDA,,,bbcjcac.a,dadcf.a,,DenverCO,CO,,,ic.a
bg.a,,cabcbcbg.a,AA,,AA,NdACAA,,,bddadad.a,dcegh.a,MIA,MiamiFL,,,,dd.a
cc.a,,cabcbccc.a,AA,bjiaf.a,,,,bbcji.a,,,DFW,Dallas/FortWorthTX,TX,,,he.a
cc.a,,cabcbccc.a,AS,bjjda.a,,,,bacjj.a,,,ANC,AnchorageAK,AK,,,b.a
f.a,d.a,cabcbcaf.a,,bjdjd.a,WN,NhhfSW,gcj.a,baicb.a,baicbad.a,daifc.a,BWI,,MD,ce.a,Maryland,df.a
bg.a,h.a,cabcbcbg.a,US,,US,NffeUW,beig.a,,bcijcad.a,dcfhf.a,LAX,LosAngelesCA,CA,g.a,California,jb.a
,e.a,,,cadae.a,,,cjib.a,bebah.a,,daegg.a,PHX,PhoenixAZ,,e.a,Arizona,
,b.a,,FL,caedh.a,,,ehj.a,bebjd.a,,ddhci.a,PNS,PensacolaFL,,bc.a,Florida,
cc.a,g.a,cabcbccc.a,,bjdjd.a,,,eece.a,baiaa.a,,,BUR,BurbankCA,CA,g.a,California,jb.a
da.a,,cabcbcda.a,DL,,DL,NfidNW,,,bdcaeac.a,,,OrlandoFL,,,,dd.a
cd.a,h.a,cabcbccd.a,WN,bjdjd.a,,,bbbg.a,baiaa.a,,,BUR,BurbankCA,CA,g.a,California,jb.a
,d.a,,,caedh.a,,NjdhAT,bdi.a,befce.a,,defce.a,RIC,,,fb.a,,
e.a,c.a,cabcbcae.a,YV,cadhi.a,,NjbfFJ,chce.a,bbafh.a,,dbafh.a,CLT,,NC,dh.a,NorthCarolina,dg.a
ce.a,b.a,cabcbcce.a,Bg,caeaj.a,,,,behhb.a,,,SFO,SanFranciscoCA,CA,g.a,California,
d.a,,cabcbcad.a,DL,,DL,NdajDE,,,bafcjae.a,dafcj.a,,HartfordCT,CT,,,bb.a
cb.a,f.a,cabcbccb.a,,cadhi.a,,,babh.a,bdida.a,,,OGG,KahuluiHI,HI,bf.a,Hawaii,
,h.a,cabcbccd.a,EV,cadgg.a,,,,bbgeb.a,,dbgeb.a,FAY,,NC,dh.a,NorthCarolina,dg.a
ca.a,e.a,cabcbcca.a,,bjdjd.a,,,bdfd.a,bdcdc.a,,,MDW,,IL,bh.a,Illinois,eb.a
,d.a,cabcbcaf.a,,cadgg.a,EV,NicfAS,fgjb.a,bccge.a,bccgeac.a,daifc.a,,,VA,fb.a,,di.a
cg.a,d.a,cabcbccg.a,,,,NeijWN,ehgh.a,,bfdhaac.a,,TUL,TulsaOK,OK,ea.a,Oklahoma,hd.a
cb.a,f.a,cabcbccb.a,,bjdjd.a,,,cgfa.a,baecd.a,,,AUS,AustinTX,TX,ei.a,,he.a
bc.a,d.a,cabcbcbc.a,,bjdjd.a,WN,NhedSW,bcig.a,bdbji.a,bdbjiab.a,ddbji.a,MCI,KansasCityMO,MO,cj.a,Missouri,ge.a
bb.a,c.a,cabcbcbb.a,US,cadff.a,US,NcieAY,bfij.a,bebaa.a,bebaaac.a,debaa.a,PHL,PhiladelphiaPA,,ec.a,Pennsylvania,
bj.a,d.a,cabcbcbj.a,,bjdjd.a,,,diha.a,bdcdc.a,,,MDW,,IL,bh.a,Illinois,eb.a
h.a,,cabcbcah.a,AA,,AA,NedfAA,,,baecdac.a,daecd.a,AUS,AustinTX,TX,,,he.a
ca.a,e.a,cabcbcca.a,,cadff.a,,,bbcg.a,bccgg.a,,,IAH,HoustonTX,TX,ei.a,,he.a
bc.a,,cabcbcbc.a,DL,,DL,NdhfhD,,,bbchiac.a,daifc.a,,,VA,,,di.a
cj.a,g.a,cabcbccj.a,,bjdjd.a,WN,NidabJ,daih.a,baicb.a,baicbad.a,,BWI,,MD,ce.a,Maryland,df.a
h.a,,cabcbcah.a,AA,,AA,NeicAA,,,bbcjiad.a,dabje.a,DFW,Dallas/FortWorthTX,TX,,,he.a
,g.a,,,,OO,NegfSW,cgdc.a,,bcijcad.a,dcfhf.a,,LosAngelesCA,CA,g.a,California,jb.a
e.a,c.a,cabcbcae.a,WN,bjdjd.a,WN,NcegLV,caib.a,babea.a,babeaac.a,dabea.a,ABQ,AlbuquerqueNM,NM,df.a,NewMexico,ig.a
bj.a,d.a,cabcbcbj.a,,caeaj.a,,,hgh.a,bdcae.a,,,MCO,OrlandoFL,,bc.a,Florida,dd.a
,c.a,,OO,,,NiaaSK,ehie.a,beigj.a,beigjad.a,degbe.a,SLC,SaltLakeCityUT,,ej.a,,
cc.a,g.a,cabcbccc.a,,,,,bhb.a,beidb.a,,,SJC,SanJoseCA,CA,g.a,California,
h.a,,cabcbcah.a,AA,,,NdBCAA,,,beidbad.a,dcefh.a,SJC,SanJoseCA,CA,,,
,,,HA,,HA,NehhHA,def.a,,bcbhdab.a,dcbde.a,,HonoluluHI,HI,bf.a,Hawaii,c.a
,f.a,cabcbcci.a,,,EV,NgagLR,fbje.a,,bbeddac.a,dbcjf.a,,,MI,cg.a,Michigan,ed.a
bj.a,,cabcbcbj.a,AS,bjjda.a,,,,bacjj.a,,,ANC,AnchorageAK,AK,,,b.a
ba.a,b.a,cabcbcba.a,WN,,,NcfeWN,jea.a,beidb.a,beidbad.a,dcefh.a,SJC,SanJoseCA,CA,g.a,California,
,b.a,cabcbcad.a,EV,cadgg.a,EV,Nbdjad,,bbjjg.a,bbjjgad.a,dbihb.a,,,SC,ef.a,SouthCarolina,dh.a
,c.a,,FL,caedh.a,,NjcfAT,dfe.a,bcjfd.a,,dbhad.a,LGA,NewYorkNY,,dg.a,NewYork,cc.a
e.a,c.a,cabcbcae.a,US,cadff.a,US,NhehUW,jda.a,bbafh.a,bbafhad.a,dbafh.a,CLT,,NC,dh.a,NorthCarolina,dg.a
be.a,,cabcbcbe.a,DL,bjhja.a,DL,NghadD,,badjh.a,badjhaf.a,dadjh.a,,,GA,,,de.a
,,,HA,,HA,NeihHA,cba.a,,bcbhdab.a,dcbde.a,,HonoluluHI,HI,bf.a,Hawaii,c.a
bc.a,,cabcbcbc.a,DL,bjhja.a,DL,NghaDN,,badjh.a,badjhaf.a,dadjh.a,,,GA,,,de.a
f.a,,cabcbcaf.a,DL,,,NjbbDA,,bfdae.a,,ddbjf.a,TPA,TampaFL,FL,,,dd.a
bc.a,,cabcbcbc.a,DL,bjhja.a,,NjgaDL,,badjh.a,,dadjh.a,ATL,,GA,,,de.a
cb.a,f.a,,,bjjhh.a,,,iid.a,bcjfd.a,,,LGA,NewYorkNY,,,,cc.a
da.a,h.a,cabcbcda.a,YV,cadhi.a,,NjbbFJ,chcj.a,bebah.a,,,PHX,PhoenixAZ,,e.a,Arizona,
bj.a,,cabcbcbj.a,DL,bjhja.a,,,,badjh.a,,,ATL,,GA,,,de.a
,h.a,,OO,cadae.a,OO,NhgdSK,ffdc.a,baecd.a,baecdac.a,daecd.a,,AustinTX,TX,ei.a,,he.a
bc.a,d.a,,,bjjhh.a,UA,Ncehcj,bbcb.a,bebcc.a,bebccac.a,dabji.a,PIT,PittsburghPA,,,,
bf.a,g.a,cabcbcbf.a,,bjdjd.a,WN,NcfhWN,bjhe.a,bcdjb.a,bcdjbac.a,dbhad.a,ISP,IslipNY,NY,dg.a,NewYork,cc.a
h.a,f.a,cabcbcah.a,,bjdjd.a,WN,NhgjSW,bcig.a,bbcjc.a,bbcjcac.a,dadcf.a,DEN,DenverCO,CO,i.a,Colorado,ic.a
,e.a,,,cadae.a,,NigiCA,cgbg.a,befha.a,befhaac.a,defha.a,RNO,RenoNV,,dc.a,Nevada,
cb.a,,cabcbccb.a,DL,bjhja.a,,,,badjh.a,,,ATL,,GA,,,de.a
,h.a,cabcbcbg.a,EV,cadgg.a,EV,Ncifcj,,bccgg.a,bccggad.a,dbefd.a,,HoustonTX,TX,ei.a,,he.a
bb.a,c.a,cabcbcbb.a,WN,bjdjd.a,WN,NgeeSW,fai.a,beafh.a,beafhac.a,deafh.a,PDX,PortlandOR,,eb.a,Oregon,
,c.a,,OO,,,,ffhi.a,beidb.a,,dcefh.a,SJC,SanJoseCA,CA,g.a,California,
ch.a,e.a,cabcbcch.a,,,WN,NcjeWN,bcai.a,,bdifbad.a,,OKC,OklahomaCityOK,,ea.a,Oklahoma,
cb.a,f.a,cabcbccb.a,,cadhi.a,,,cgif.a,bbafh.a,,,CLT,,NC,dh.a,NorthCarolina,dg.a
bf.a,g.a,cabcbcbf.a,,bjjhh.a,UA,Nbecbe,bahd.a,bccgg.a,bccggad.a,dbefd.a,IAH,HoustonTX,TX,,,he.a
h.a,,cabcbcah.a,DL,bjhja.a,,NjagDL,,bdifb.a,,ddifb.a,OKC,OklahomaCityOK,,,,
bi.a,c.a,cabcbcbi.a,WN,bjdjd.a,,,bajg.a,bbaec.a,,,CLE,,OH,dj.a,Ohio,ee.a
,e.a,cabcbcag.a,,cadgg.a,EV,Nbejcd,fjad.a,bcjjc.a,bcjjcae.a,dcgaa.a,,LittleRockAR,AR,f.a,Arkansas,hb.a
bj.a,d.a,cabcbcbj.a,,bjdjd.a,,,bjhc.a,behhb.a,,,SFO,SanFranciscoCA,CA,g.a,California,
db.a,b.a,cabcbcdb.a,US,cadff.a,US,NbgcUW,jih.a,bebaa.a,bebaaac.a,,PHL,PhiladelphiaPA,,ec.a,Pennsylvania,
d.a,,cabcbcad.a,DL,,DL,NdegNB,,,beachac.a,deach.a,,WestPalmBeach/PalmBeachFL,FL,,,
h.a,f.a,cabcbcah.a,,,WN,NfcdSW,di.a,,bdejfac.a,ddejf.a,MSY,NewOrleansLA,,cc.a,Louisiana,
bh.a,b.a,,UA,bjjhh.a,,,bgad.a,bccgg.a,,dbefd.a,IAH,HoustonTX,TX,,,he.a
,f.a,,,,OO,NefeSW,eeji.a,,bagcaac.a,dagca.a,,BillingsMT,MT,da.a,Montana,ie.a
bj.a,d.a,cabcbcbj.a,,bjdjd.a,,,bcah.a,bbgjh.a,,,FLL,FortLauderdaleFL,FL,bc.a,Florida,dd.a
ci.a,f.a,cabcbcci.a,,,,NgfhSW,dccf.a,bfdae.a,bfdaeac.a,,TPA,TampaFL,FL,bc.a,Florida,dd.a
,b.a,,OO,cadae.a,,,gdca.a,beghj.a,,ddfha.a,SAN,SanDiegoCA,,g.a,California,
ca.a,,cabcbcca.a,DL,bjhja.a,,,,badjh.a,,,ATL,,GA,,,de.a
,b.a,cabcbcbh.a,EV,cadgg.a,,,,badjh.a,,dadjh.a,ATL,,GA,bd.a,Georgia,de.a
bj.a,d.a,cabcbcbj.a,,cadff.a,,,bbib.a,bbafh.a,,,CLT,,NC,dh.a,NorthCarolina,dg.a
,c.a,cabcbcbb.a,EV,cadgg.a,,NjcbEV,,bbjhh.a,,dbjhh.a,GRB,GreenBayWI,WI,ff.a,,ef.a
da.a,h.a,cabcbcda.a,WN,,WN,NfcaSW,bfba.a,,bcbjbac.a,,HOU,HoustonTX,TX,ei.a,,he.a
cc.a,,cabcbccc.a,AA,bjiaf.a,,,,bbcji.a,,,DFW,Dallas/FortWorthTX,TX,,,he.a
bh.a,,cabcbcbh.a,DL,bjhja.a,,,,badjh.a,,dadjh.a,ATL,,GA,,,de.a
,c.a,cabcbcbi.a,EV,cadgg.a,,,,beejc.a,,deejc.a,RDU,,,dh.a,NorthCarolina,
,d.a,,,,,NfdhMQ,digg.a,,bfjbjac.a,dbide.a,XNA,FayettevilleAR,AR,f.a,Arkansas,hb.a
f.a,,cabcbcaf.a,DL,,DL,NfffNW,,,bdejfac.a,ddejf.a,,NewOrleansLA,,,,
,g.a,,,,OO,NfghSW,fddb.a,,beafhac.a,deafh.a,,PortlandOR,,eb.a,Oregon,
bc.a,,cabcbcbc.a,DL,bjhja.a,DL,NhigNC,,badjh.a,badjhaf.a,dadjh.a,,,GA,,,de.a
,h.a,cabcbcaj.a,EV,cadgg.a,,Nbbffb,,bedcb.a,bedcbad.a,dedcb.a,PWM,PortlandME,,cd.a,Maine,
cb.a,,cabcbccb.a,DL,bjhja.a,,,,bbcji.a,,,DFW,Dallas/FortWorthTX,TX,,,he.a
cd.a,,cabcbccd.a,AA,bjiaf.a,,,,bdjda.a,,,ORD,,IL,,,
ba.a,b.a,,UA,,UA,Ndjebf,bcdd.a,,bccggad.a,dbefd.a,IAH,HoustonTX,TX,,,he.a
ch.a,,cabcbcch.a,DL,bjhja.a,DL,NjafDA,,bbedd.a,bbeddac.a,,,,MI,,,ed.a
i.a,g.a,cabcbcai.a,,bjdjd.a,WN,NjabWN,cchd.a,bbcfj.a,bbcfjad.a,dabje.a,DAL,DallasTX,TX,ei.a,,he.a
,f.a,,,cadji.a,MQ,NggeMQ,cijd.a,bceei.a,bceeiad.a,dceei.a,,Jackson/VicksburgMS,MS,ci.a,Mississippi,fd.a
g.a,,cabcbcag.a,DL,bjhja.a,DL,NhfaAT,,bcijc.a,bcijcad.a,dcfhf.a,,LosAngelesCA,CA,,,jb.a
e.a,c.a,,UA,bjjhh.a,UA,Ngiefc,bejf.a,bccge.a,bccgeac.a,daifc.a,IAD,,VA,,,di.a
,b.a,,MQ,,MQ,NgccMQ,cjge.a,,bbcjiad.a,dabje.a,,Dallas/FortWorthTX,TX,ei.a,,he.a
bb.a,c.a,cabcbcbb.a,WN,bjdjd.a,,NgeiSW,ibh.a,beghj.a,beghjad.a,ddfha.a,SAN,SanDiegoCA,,g.a,California,
,f.a,cabcbcci.a,,cadgg.a,EV,Nbgbid,eeei.a,bbjcb.a,bbjcbac.a,dbjcb.a,,GrandJunctionCO,CO,i.a,Colorado,ic.a
bg.a,h.a,cabcbcbg.a,WN,,WN,NgdgWN,ccij.a,,bdbjiab.a,ddbji.a,MCI,KansasCityMO,MO,cj.a,Missouri,ge.a
,f.a,,,cadji.a,MQ,NifhMQ,cjgf.a,bdagb.a,bdagbae.a,ddadi.a,,LaredoTX,TX,ei.a,,he.a
,,,HA,,HA,NdiiHA,bh.a,,bciijad.a,dccbb.a,,LasVegasNV,NV,dc.a,Nevada,if.a
e.a,,cabcbcae.a,AA,,AA,NfDSAA,,,bbcjiad.a,dabje.a,DFW,Dallas/FortWorthTX,TX,,,he.a
b.a,g.a,cabcbcab.a,,,US,NeefUS,hig.a,,bebccac.a,dabji.a,PIT,PittsburghPA,,ec.a,Pennsylvania,
bh.a,b.a,cabcbcbh.a,WN,bjdjd.a,,,dbge.a,bciij.a,,dccbb.a,LAS,LasVegasNV,NV,dc.a,Nevada,if.a
,b.a,cabcbcbh.a,EV,,,,,bfabg.a,,dbbcd.a,STL,St.LouisMO,MO,cj.a,Missouri,ge.a
j.a,h.a,cabcbcaj.a,Bg,caeaj.a,,NcgfJB,,begdf.a,begdfac.a,dbhbe.a,RSW,FortMyersFL,FL,bc.a,Florida,
bh.a,,cabcbcbh.a,DL,bjhja.a,,,,bdeih.a,,dbgfa.a,MSP,MinneapolisMN,,,,
bg.a,h.a,cabcbcbg.a,UA,bjjhh.a,,,hfe.a,bbcjc.a,,dadcf.a,DEN,DenverCO,CO,,,ic.a
cj.a,g.a,cabcbccj.a,,caeaj.a,,NcieJB,bcaa.a,begdf.a,begdfac.a,,RSW,FortMyersFL,FL,bc.a,Florida,
bc.a,,cabcbcbc.a,DL,bjhja.a,,NjfaDL,,badjh.a,,dadjh.a,ATL,,GA,,,de.a
bd.a,,cabcbcbd.a,AS,,,NgbjAS,,,bejaiad.a,dcfhf.a,SNA,SantaAnaCA,CA,,,jb.a
,b.a,,OO,cadae.a,OO,NhhjCA,ehfj.a,bdeih.a,bdeihac.a,dbgfa.a,,MinneapolisMN,,ch.a,Minnesota,
bh.a,,cabcbcbh.a,DL,bjhja.a,,,,badjh.a,,dadjh.a,ATL,,GA,,,de.a
bf.a,g.a,cabcbcbf.a,,,WN,NgbcSW,dcjf.a,,bdbjiab.a,ddbji.a,MCI,KansasCityMO,MO,cj.a,Missouri,ge.a
,b.a,,OO,,OO,NefcSW,egfe.a,,bcbfgac.a,dcbfg.a,,HelenaMT,MT,da.a,Montana,ie.a
ci.a,,cabcbcci.a,AA,,AA,NfgaAA,,,bbcjiad.a,,DFW,Dallas/FortWorthTX,TX,,,he.a
,b.a,cabcbcba.a,EV,cadgg.a,,NjhgEV,,baigi.a,,daigi.a,CAE,,SC,ef.a,SouthCarolina,dh.a
,c.a,cabcbcae.a,EV,cadgg.a,EV,Nbcfea,,bbgbi.a,bbgbiac.a,dbhad.a,,NewarkNJ,,de.a,NewJersey,cb.a
d.a,b.a,cabcbcad.a,WN,,,NjeeWN,dgaa.a,beidb.a,,dcefh.a,SJC,SanJoseCA,CA,g.a,California,
bd.a,,cabcbcbd.a,AA,,AA,NeijAA,,,bbcjiad.a,dabje.a,DFW,Dallas/FortWorthTX,TX,,,he.a
be.a,f.a,cabcbcbe.a,,,WN,NegcWN,cgd.a,,baiaaad.a,dcfhf.a,BUR,BurbankCA,CA,g.a,California,jb.a
,f.a,,,cadae.a,,,ejgg.a,badhc.a,,dadhc.a,ASE,AspenCO,CO,i.a,Colorado,ic.a
bj.a,,cabcbcbj.a,DL,bjhja.a,,,,badjh.a,,,ATL,,GA,,,de.a
,b.a,,MQ,,MQ,NgccMQ,cjha.a,,babifac.a,dabif.a,,AlexandriaLA,LA,cc.a,Louisiana,hc.a
ce.a,,cabcbcce.a,DL,bjhja.a,,,,bebaa.a,,,PHL,PhiladelphiaPA,,,,
bi.a,,cabcbcbi.a,AS,bjjda.a,,,,beheh.a,,daffj.a,SEA,SeattleWA,WA,,,
i.a,,cabcbcai.a,AS,bjjda.a,AS,NhjbAS,,bacjj.a,bacjjae.a,dacjj.a,ANC,AnchorageAK,AK,,,b.a
bc.a,d.a,cabcbcbc.a,,cbbhb.a,VX,NifeVA,ihe.a,bcijc.a,bcijcad.a,dcfhf.a,LAX,LosAngelesCA,CA,g.a,California,jb.a
,h.a,,MQ,cadji.a,MQ,NifeMQ,ecia.a,bdjda.a,bdjdaac.a,dajhh.a,,,IL,bh.a,Illinois,
,h.a,,MQ,cadji.a,MQ,NgigMQ,cida.a,bebjd.a,bebjdad.a,ddhci.a,,PensacolaFL,,bc.a,Florida,
j.a,h.a,cabcbcaj.a,WN,bjdjd.a,WN,NhehSA,eidj.a,bagjd.a,bagjdac.a,dagjd.a,BNA,NashvilleTN,,eh.a,Tennessee,fe.a
,d.a,,,cadji.a,,,ddgj.a,bcbjb.a,,dbefd.a,HOU,HoustonTX,TX,ei.a,,he.a
,d.a,,,cadae.a,,NjcdSW,gejf.a,bdeif.a,,ddeif.a,MSN,MadisonWI,,ff.a,,
bd.a,,cabcbcbd.a,DL,bjhja.a,,NjibDL,,bdcee.a,,ddcee.a,MEM,MemphisTN,,,,fe.a
,f.a,cabcbccb.a,,cadgg.a,,,fcjf.a,badjh.a,,dadjh.a,ATL,,GA,bd.a,Georgia,de.a
,g.a,,,cadji.a,MQ,NghiMQ,ebif.a,bdjda.a,bdjdaac.a,dajhh.a,,,IL,bh.a,Illinois,
be.a,,cabcbbbe.a,AA,,AA,NfECAA,,,bcijcad.a,dcfhf.a,LAX,LosAngelesCA,CA,,,jb.a
,e.a,cabcbcag.a,,cadgg.a,EV,Nbgjih,eeec.a,bceei.a,bceeiad.a,dceei.a,,Jackson/VicksburgMS,MS,ci.a,Mississippi,fd.a
ba.a,,cabcbcba.a,AA,,AA,NeWKAA,,,bbcjiad.a,dabje.a,DFW,Dallas/FortWorthTX,TX,,,he.a
bg.a,,cabcbbbg.a,AA,bjiaf.a,,,,bcjfd.a,,dbhad.a,LGA,NewYorkNY,,,,cc.a
,c.a,cabcbcae.a,EV,cadgg.a,,NjagEV,,bdcda.a,,dcaha.a,MDT,HarrisburgPA,PA,ec.a,Pennsylvania,cd.a
c.a,,cabcbcac.a,DL,,DL,NdecNW,,,bdeihac.a,dbgfa.a,,MinneapolisMN,,,,
,c.a,,FL,caedh.a,,,gef.a,bcjfd.a,,dbhad.a,LGA,NewYorkNY,,dg.a,NewYork,cc.a
cg.a,,cabcbccg.a,DL,,DL,NdadDQ,,,bbafhad.a,,,,NC,,,dg.a
cc.a,,cabcbccc.a,DL,bjhja.a,,,,bdeih.a,,,MSP,MinneapolisMN,,,,
,d.a,,,cadji.a,MQ,NjacMQ,degi.a,bddad.a,bddadad.a,dcegh.a,,,,bc.a,Florida,dd.a
g.a,e.a,cabcbcag.a,,cadhi.a,YV,Nhfjjf,babg.a,bcbhd.a,bcbhdab.a,dcbde.a,HNL,HonoluluHI,HI,bf.a,Hawaii,c.a
be.a,,cabcbcbe.a,DL,bjhja.a,,NjahDL,,bbafh.a,,dbafh.a,CLT,,NC,,,dg.a
,e.a,cabcbcch.a,,cadgg.a,EV,Nbejhh,didb.a,bbgbi.a,bbgbiac.a,dbhad.a,,NewarkNJ,,de.a,NewJersey,cb.a
f.a,d.a,cabcbcaf.a,,cadff.a,US,NhgfUS,bice.a,bccgg.a,bccggad.a,dbefd.a,IAH,HoustonTX,TX,ei.a,,he.a
bg.a,h.a,cabcbcbg.a,WN,bjdjd.a,,,dbhh.a,bahcb.a,,dahcb.a,BOS,BostonMA,MA,cf.a,Massachusetts,bd.a
bg.a,h.a,cabcbcbg.a,WN,bjdjd.a,,,chcb.a,bebah.a,,daegg.a,PHX,PhoenixAZ,,e.a,Arizona,
bj.a,d.a,cabcbcbj.a,,cadhi.a,,,chjj.a,bdjdb.a,,,ORF,,,fb.a,,
j.a,,cabcbcaj.a,DL,bjhja.a,,NjgaDL,,beach.a,,deach.a,PBI,,FL,,,
g.a,,cabcbcag.a,AA,,AA,NdFWAA,,,bciijad.a,dccbb.a,LAS,LasVegasNV,NV,,,if.a
bi.a,c.a,cabcbcbi.a,WN,bjdjd.a,,,dcii.a,bdbji.a,,,MCI,KansasCityMO,MO,cj.a,Missouri,ge.a
d.a,b.a,cabcbcad.a,WN,bjdjd.a,WN,NcfjWN,ied.a,baiaa.a,baiaaad.a,dcfhf.a,BUR,BurbankCA,CA,g.a,California,jb.a
e.a,c.a,cabcbcae.a,VX,,VX,NgciVA,jcj.a,,bcijcad.a,dcfhf.a,LAX,LosAngelesCA,CA,g.a,California,jb.a
cj.a,g.a,cabcbccj.a,,bjdjd.a,WN,NidagH,dhgf.a,bdejf.a,bdejfac.a,,MSY,NewOrleansLA,,cc.a,Louisiana,
bb.a,c.a,cabcbcbb.a,WN,,WN,NdjbSW,bgb.a,,bciijad.a,dccbb.a,LAS,LasVegasNV,NV,dc.a,Nevada,if.a
b.a,,cabcbcab.a,AA,,AA,NeYNAA,,,bbbajac.a,dabij.a,COS,ColoradoSpringsCO,CO,,,ic.a
b.a,g.a,cabcbcab.a,,cadff.a,US,NibhAW,cgh.a,bebah.a,bebahac.a,daegg.a,PHX,PhoenixAZ,,e.a,Arizona,
,,,HA,,HA,NeidHA,cba.a,,bcbhdab.a,dcbde.a,,HonoluluHI,HI,bf.a,Hawaii,c.a
bg.a,h.a,cabcbcbg.a,US,cadff.a,,,bgci.a,bdcae.a,,dbefe.a,MCO,,,bc.a,Florida,dd.a
,b.a,,MQ,cadji.a,MQ,NiajMQ,dfeb.a,badjh.a,badjhaf.a,dadjh.a,,,GA,bd.a,Georgia,de.a
db.a,b.a,cabcbcdb.a,YV,,YV,NfbbMJ,dhhg.a,,badjhaf.a,,ATL,,GA,bd.a,Georgia,de.a
,c.a,,OO,cadae.a,,,egch.a,bdcee.a,,ddcee.a,MEM,MemphisTN,,eh.a,Tennessee,fe.a
,e.a,,,cadji.a,,,ecbi.a,bdjda.a,,dajhh.a,ORD,,IL,bh.a,Illinois,
bg.a,h.a,,OO,,,,efha.a,beijd.a,,ddbjc.a,SMF,SacramentoCA,,g.a,California,
b.a,g.a,cabcbcab.a,,caeaj.a,Bg,NcdjJB,gcf.a,bcehi.a,bcehiac.a,dbhad.a,JFK,NewYorkNY,,dg.a,NewYork,cc.a
,f.a,,,,OO,NehcCA,fcdj.a,,bdbfiac.a,ddbfi.a,,Midland/OdessaTX,,ei.a,,he.a
da.a,h.a,cabcbcda.a,WN,,,NdgcSW,chae.a,,behehad.a,,SEA,SeattleWA,WA,fd.a,,
bj.a,d.a,cabcbcbj.a,,bjdjd.a,,,bagb.a,bdcdc.a,,,MDW,,IL,bh.a,Illinois,eb.a
ca.a,e.a,cabcbcca.a,,bjdjd.a,,,bdgd.a,bachj.a,,,AMA,AmarilloTX,TX,ei.a,,he.a
ca.a,,cabcbcca.a,DL,bjhja.a,,,,bdcee.a,,,MEM,MemphisTN,,,,fe.a
,g.a,,,cadji.a,,NjafMQ,ddaa.a,bbcji.a,,dabje.a,DFW,Dallas/FortWorthTX,TX,ei.a,,he.a
,c.a,,MQ,cadji.a,MQ,NgejMQ,eafi.a,bbaec.a,bbaecac.a,dageh.a,,,OH,dj.a,Ohio,ee.a
,h.a,cabcbcbg.a,Fj,caedg.a,,,hgj.a,bbcjc.a,,dadcf.a,DEN,DenverCO,CO,i.a,Colorado,ic.a
e.a,c.a,,UA,bjjhh.a,UA,NiagUA,cfi.a,bbchi.a,bbchiac.a,daifc.a,DCA,,VA,,,di.a
cd.a,h.a,,UA,bjjhh.a,,,hhi.a,bccge.a,,,IAD,,VA,,,di.a
cc.a,g.a,cabcbccc.a,,bjdjd.a,,,cfgh.a,bciij.a,,,LAS,LasVegasNV,NV,dc.a,Nevada,if.a
,d.a,cabcbcaf.a,,caedg.a,,NjcgFR,cab.a,bbcjc.a,,dadcf.a,DEN,DenverCO,CO,i.a,Colorado,ic.a
,e.a,,,cadae.a,,NjdiSW,fcde.a,bdbji.a,,ddbji.a,MCI,KansasCityMO,MO,cj.a,Missouri,ge.a
i.a,,cabcbcai.a,DL,,,NgbdDL,,,behehad.a,daffj.a,SEA,SeattleWA,WA,,,
b.a,g.a,cabcbcab.a,,bjdjd.a,WN,NcefWN,ddhj.a,bdcdc.a,bdcdcac.a,dajhh.a,MDW,,IL,bh.a,Illinois,eb.a
,h.a,cabcbccd.a,EV,cadgg.a,,,,badjh.a,,dadjh.a,ATL,,GA,bd.a,Georgia,de.a
db.a,b.a,,UA,bjjhh.a,UA,Nhgfbh,badh.a,bdejf.a,bdejfac.a,ddejf.a,MSY,NewOrleansLA,,,,
ci.a,,cabcbcci.a,AA,,AA,NdBWAA,,,bdjdaac.a,,ORD,,IL,,,
f.a,d.a,cabcbcaf.a,,,WN,NefeWN,djf.a,,bbcjcac.a,dadcf.a,DEN,DenverCO,CO,i.a,Colorado,ic.a
bf.a,,cabcbcbf.a,AA,,AA,NfdaAA,,,bbcjiad.a,dabje.a,DFW,Dallas/FortWorthTX,TX,,,he.a
,h.a,cabcbccd.a,EV,,,,,bfebc.a,,dfebc.a,TYS,KnoxvilleTN,TN,eh.a,Tennessee,fe.a
,b.a,,MQ,cadji.a,,,dhci.a,bbgbi.a,,dbhad.a,EWR,NewarkNJ,,de.a,NewJersey,cb.a
,f.a,cabcbcci.a,,cadgg.a,EV,NghgCA,fcii.a,bcbjb.a,bcbjbac.a,dbefd.a,,HoustonTX,TX,ei.a,,he.a
bg.a,h.a,cabcbcbg.a,Bg,caeaj.a,,,,bahcb.a,,dahcb.a,BOS,BostonMA,MA,cf.a,Massachusetts,bd.a
d.a,,cabcbcad.a,AA,,AA,NeXVAA,,,bbcjiad.a,dabje.a,DFW,Dallas/FortWorthTX,TX,,,he.a
,h.a,,MQ,cadji.a,,,deeg.a,bbcji.a,,dabje.a,DFW,Dallas/FortWorthTX,TX,ei.a,,he.a
bd.a,,cabcbcbd.a,DL,bjhja.a,,NjgiDL,,badjh.a,,dadjh.a,ATL,,GA,,,de.a
,g.a,,,,MQ,NfcfMQ,dgab.a,,bbfeaad.a,dagbf.a,,ElPasoTX,TX,ei.a,,he.a
,h.a,,MQ,cadji.a,,NjdbMQ,dcai.a,bbcji.a,,dabje.a,DFW,Dallas/FortWorthTX,TX,ei.a,,he.a
bi.a,,cabcbcbi.a,AA,bjiaf.a,,,,bbcji.a,,,DFW,Dallas/FortWorthTX,TX,,,he.a
ca.a,,cabcbcca.a,AA,bjiaf.a,,,,bbcji.a,,,DFW,Dallas/FortWorthTX,TX,,,he.a
j.a,h.a,cabcbcaj.a,WN,bjdjd.a,WN,NhdgSA,ccij.a,bbcfj.a,bbcfjad.a,dabje.a,DAL,DallasTX,TX,ei.a,,he.a
bf.a,,cabcbcbf.a,AA,,AA,NdHDAA,,,bbcjiad.a,dabje.a,DFW,Dallas/FortWorthTX,TX,,,he.a
,d.a,cabcbcbc.a,,cadgg.a,EV,NifdAS,fbdg.a,bdecc.a,bdeccac.a,dafgc.a,,MobileAL,,b.a,Alabama,
cc.a,g.a,cabcbccc.a,,caeaj.a,,,dha.a,bbgjh.a,,,FLL,,FL,bc.a,Florida,dd.a
bh.a,b.a,cabcbcbh.a,WN,bjdjd.a,,,cadh.a,bdhjg.a,,dcefh.a,OAK,OaklandCA,,g.a,California,
bf.a,,cabcbcbf.a,AA,,,NejdAA,,,bfdaeac.a,ddbjf.a,TPA,,FL,,,dd.a
ch.a,,cabcbcch.a,AS,,,NfdhAS,,,behehad.a,,SEA,SeattleWA,WA,,,
,g.a,,,cadae.a,OO,NigiCA,cgde.a,bcijc.a,bcijcad.a,dcfhf.a,,LosAngelesCA,CA,g.a,California,jb.a
,g.a,,,cadae.a,,NigjAS,cgba.a,beghj.a,beghjad.a,ddfha.a,SAN,SanDiegoCA,,g.a,California,
,e.a,cabcbcca.a,,cadgg.a,,,feab.a,badjh.a,,dadjh.a,ATL,,GA,bd.a,Georgia,de.a
ch.a,,cabcbcch.a,AA,,AA,NdFGAA,,,bbcjiad.a,,DFW,Dallas/FortWorthTX,TX,,,he.a
j.a,h.a,cabcbcaj.a,WN,bjdjd.a,WN,NgedSW,bbeh.a,bcijc.a,bcijcad.a,dcfhf.a,LAX,LosAngelesCA,CA,g.a,California,jb.a
,g.a,cabcbcbf.a,,cadgg.a,EV,Nbcfgh,fibc.a,bdjda.a,bdjdaac.a,dajhh.a,,,IL,bh.a,Illinois,
cj.a,g.a,cabcbccj.a,,cadff.a,US,NheaUW,jjb.a,bebaa.a,bebaaac.a,,PHL,PhiladelphiaPA,,ec.a,Pennsylvania,
,d.a,cabcbccg.a,,cadgg.a,EV,Nbdjhf,ebhg.a,bafjj.a,bafjjae.a,dafjj.a,,BirminghamAL,AL,b.a,Alabama,fb.a
ci.a,,cabcbcci.a,AA,,AA,NgciAA,,,bbcjiad.a,,DFW,Dallas/FortWorthTX,TX,,,he.a
j.a,h.a,cabcbcaj.a,WN,,,NefdWN,dfgb.a,,begidad.a,ddcbe.a,SAT,SanAntonioTX,,ei.a,,
b.a,g.a,cabcbcab.a,,,Bg,NffiJB,cfj.a,,bahcbac.a,dahcb.a,BOS,BostonMA,MA,cf.a,Massachusetts,bd.a
be.a,,cabcbcbe.a,AS,,,NffgAS,,,behehad.a,daffj.a,SEA,SeattleWA,WA,,,
ba.a,,cabcbcba.a,AA,,AA,NeWRAA,,,bcjfdac.a,dbhad.a,LGA,NewYorkNY,,,,cc.a
ch.a,e.a,,,,,NehjUA,fga.a,,behhbab.a,,SFO,SanFranciscoCA,CA,,,
cd.a,h.a,cabcbccd.a,WN,bjdjd.a,,,cfeb.a,bbfea.a,,,ELP,ElPasoTX,TX,ei.a,,he.a
,,,HA,,HA,NeiiHA,dci.a,,bcbhdab.a,dcbde.a,,HonoluluHI,HI,bf.a,Hawaii,c.a
cj.a,g.a,cabcbccj.a,,caeaj.a,Bg,NccjJB,bced.a,bahcb.a,bahcbac.a,,BOS,BostonMA,MA,cf.a,Massachusetts,bd.a
d.a,b.a,cabcbcad.a,WN,bjdjd.a,WN,NcdgWN,dgge.a,bdejf.a,bdejfac.a,ddejf.a,MSY,NewOrleansLA,,cc.a,Louisiana,
bd.a,,cabcbcbd.a,AA,,AA,NfjiAA,,,bdjdaac.a,dajhh.a,ORD,,IL,,,
,b.a,cabcbcdb.a,EV,cadgg.a,EV,NihiAS,,bbaad.a,bbaadad.a,dbaad.a,,CedarRapids/IowaCityIA,IA,bj.a,Iowa,gb.a
h.a,,cabcbcah.a,DL,bjhja.a,,NjdjDL,,bbcfc.a,,dbcfc.a,DAB,,FL,,,dd.a
bb.a,,cabcbcbb.a,DL,,,NgecDL,,beigj.a,beigjad.a,degbe.a,SLC,SaltLakeCityUT,,,,
bf.a,,cabcbcbf.a,DL,,,NgieDA,,beigj.a,beigjad.a,degbe.a,SLC,SaltLakeCityUT,,,,
ci.a,,cabcbcci.a,DL,,DL,NgaeDL,,,badjhaf.a,,,,GA,,,de.a
,d.a,,,,MQ,NfbgMQ,dihg.a,,badjhaf.a,dadjh.a,,,GA,bd.a,Georgia,de.a
,g.a,,,cadae.a,OO,NhbdSK,fgej.a,bbcjc.a,bbcjcac.a,dadcf.a,,DenverCO,CO,i.a,Colorado,ic.a
bd.a,e.a,cabcbcbd.a,,cadff.a,,NbgdUS,biba.a,begdf.a,begdfac.a,dbhbe.a,RSW,,FL,bc.a,Florida,
ba.a,,cabcbcba.a,DL,bjhja.a,,NjcaDE,,badjh.a,,dadjh.a,ATL,,GA,,,de.a
ca.a,e.a,cabcbcca.a,,caeaj.a,,,e.a,bcehi.a,,,JFK,NewYorkNY,,dg.a,NewYork,cc.a
bj.a,,cabcbcbj.a,AA,bjiaf.a,,,,bbcji.a,,,DFW,Dallas/FortWorthTX,TX,,,he.a
d.a,b.a,,UA,,UA,NfhfUA,jje.a,,bdjdaac.a,dajhh.a,ORD,,IL,,,
ch.a,,cabcbcch.a,DL,bjhja.a,DL,NgedDL,,badjh.a,badjhaf.a,,,,GA,,,de.a
ch.a,,cabcbcch.a,AS,bjjda.a,,NhjjAS,,beheh.a,behehad.a,,SEA,SeattleWA,WA,,,
bc.a,d.a,cabcbcbc.a,,cadff.a,US,NbjfUW,jcg.a,bbgbi.a,bbgbiac.a,dbhad.a,EWR,NewarkNJ,,de.a,NewJersey,cb.a
,c.a,,MQ,,MQ,NgagMQ,deia.a,,bddadad.a,dcegh.a,,,,bc.a,Florida,dd.a
bh.a,b.a,,OO,cadae.a,,,feei.a,behhb.a,,dcefh.a,SFO,SanFranciscoCA,CA,g.a,California,
b.a,,cabcbcab.a,DL,,DL,NdecNW,,,bcddjae.a,dcddh.a,,,IN,,,ec.a
g.a,e.a,cabcbcag.a,,bjdjd.a,,NjchWN,jab.a,bagjd.a,,dagjd.a,BNA,NashvilleTN,,eh.a,Tennessee,fe.a
,f.a,cabcbcci.a,,cadgg.a,EV,Nbebed,egaa.a,bbjig.a,bbjigad.a,dbjig.a,,,MI,cg.a,Michigan,ed.a
ch.a,e.a,cabcbcch.a,,,WN,NdigSW,edaj.a,,bbcjcac.a,,DEN,DenverCO,CO,i.a,Colorado,ic.a
,b.a,cabcbcce.a,EV,cadgg.a,,,,bagjd.a,,dagjd.a,BNA,NashvilleTN,,eh.a,Tennessee,fe.a
,f.a,,,cadji.a,MQ,NidgMQ,eabc.a,bagif.a,bagifac.a,dagif.a,,,IL,bh.a,Illinois,eb.a
be.a,f.a,cabcbcbe.a,,bjdjd.a,,NjchWN,fec.a,bdcjg.a,,dahcb.a,MHT,ManchesterNH,,dd.a,NewHampshire,be.a
bb.a,c.a,cabcbcbb.a,WN,bjdjd.a,WN,NhhaeB,dddd.a,bciij.a,bciijad.a,dccbb.a,LAS,LasVegasNV,NV,dc.a,Nevada,if.a
j.a,h.a,cabcbcaj.a,WN,bjdjd.a,WN,NigaaF,dcig.a,bciij.a,bciijad.a,dccbb.a,LAS,LasVegasNV,NV,dc.a,Nevada,if.a
,c.a,cabcbcbi.a,EV,cadgg.a,,,,bbbea.a,,dbbea.a,CRP,CorpusChristiTX,TX,ei.a,,he.a
,g.a,,,cadji.a,,,ecce.a,bdjda.a,,dajhh.a,ORD,,IL,bh.a,Illinois,
b.a,,cabcbbab.a,AA,,AA,NdgcAA,,,bbcjiad.a,dabje.a,DFW,Dallas/FortWorthTX,TX,,,he.a
d.a,,cabcbcad.a,DL,,DL,NdbjNB,,,bbeddac.a,dbcjf.a,,,MI,,,ed.a
h.a,f.a,cabcbcah.a,,caeaj.a,Bg,NgejJB,hbf.a,bcehi.a,bcehiac.a,dbhad.a,JFK,NewYorkNY,,dg.a,NewYork,cc.a
,b.a,cabcbcba.a,EV,cadgg.a,EV,Nbejae,,bacfh.a,bacfhac.a,dacfh.a,,AlbanyNY,NY,dg.a,NewYork,cc.a
,h.a,,MQ,,MQ,NfbgMQ,egba.a,,bcjfdac.a,dbhad.a,,NewYorkNY,,dg.a,NewYork,cc.a
i.a,g.a,cabcbcai.a,,bjdjd.a,WN,NcagWN,dahc.a,bbcjc.a,bbcjcac.a,dadcf.a,DEN,DenverCO,CO,i.a,Colorado,ic.a
ca.a,,cabcbcca.a,DL,bjhja.a,,,,badjh.a,,,ATL,,GA,,,de.a
,e.a,,,cadji.a,MQ,NhbbMQ,efcf.a,bcjfd.a,bcjfdac.a,dbhad.a,,NewYorkNY,,dg.a,NewYork,cc.a
b.a,g.a,cabcbcab.a,,,Bg,NddhJB,fij.a,,bcbjhac.a,dbhad.a,HPN,WhitePlainsNY,NY,dg.a,NewYork,cc.a
,c.a,,OO,cadae.a,,,feba.a,bdjda.a,,dajhh.a,ORD,,IL,bh.a,Illinois,
c.a,,cabcbcac.a,AA,,AA,NfhdAA,,,bbcjiad.a,dabje.a,DFW,Dallas/FortWorthTX,TX,,,he.a
c.a,,cabcbcac.a,DL,,DL,NdcgNB,,,badjhaf.a,dadjh.a,,,GA,,,de.a
ci.a,f.a,cabcbcci.a,,,WN,NeccWN,cbhg.a,,bebaaac.a,,PHL,PhiladelphiaPA,,ec.a,Pennsylvania,
ci.a,f.a,cabcbcci.a,,,Bg,NdegJB,bg.a,,bbgjhad.a,,FLL,,FL,bc.a,Florida,dd.a
bi.a,c.a,cabcbcbi.a,WN,bjdjd.a,,,efc.a,bciij.a,,,LAS,LasVegasNV,NV,dc.a,Nevada,if.a
bh.a,b.a,cabcbcbh.a,US,cadff.a,,,bcfd.a,bdcjg.a,,dahcb.a,MHT,ManchesterNH,,dd.a,NewHampshire,be.a
cj.a,,cabcbccj.a,DL,bjhja.a,,NjfiDL,,bdeif.a,,,MSN,MadisonWI,,,,
cb.a,,cabcbccb.a,AA,bjiaf.a,,,,bdijb.a,,,ONT,OntarioCA,,,,
j.a,h.a,cabcbcaj.a,US,,US,NfgcUW,bcaf.a,,bbafhad.a,dbafh.a,CLT,,NC,dh.a,NorthCarolina,dg.a
bh.a,b.a,cabcbcbh.a,WN,bjdjd.a,,,dcjc.a,bbgjh.a,,dcegh.a,FLL,,FL,bc.a,Florida,dd.a
,f.a,cabcbcah.a,,cadgg.a,EV,NihdAS,fdfd.a,badjh.a,badjhaf.a,dadjh.a,,,GA,bd.a,Georgia,de.a
,c.a,,OO,,,,cjff.a,bgcbi.a,,ddhif.a,YUM,YumaAZ,AZ,e.a,Arizona,ib.a
,c.a,,OO,,,NcjfSW,fgdg.a,,behhbab.a,dcefh.a,SFO,SanFranciscoCA,CA,g.a,California,
db.a,,cabcbcdb.a,AA,,AA,NeWWAA,,,bbcjiad.a,dabje.a,DFW,Dallas/FortWorthTX,TX,,,he.a
,g.a,cabcbcai.a,,cadgg.a,EV,Nbiffg,dcfi.a,bccge.a,bccgeac.a,daifc.a,,,VA,fb.a,,di.a
db.a,b.a,cabcbcdb.a,WN,,WN,NdgfSW,eaff.a,,bbcjcac.a,dadcf.a,DEN,DenverCO,CO,i.a,Colorado,ic.a
,e.a,,,cadae.a,,,ehec.a,bcijc.a,,dcfhf.a,LAX,LosAngelesCA,CA,g.a,California,jb.a
,b.a,,OO,,,NhidSK,fbhc.a,bfdhg.a,bfdhgac.a,daedg.a,TUS,TucsonAZ,AZ,e.a,Arizona,ib.a
bg.a,,cabcbcbg.a,AA,,AA,NdEKAA,,,bbcjiad.a,dabje.a,DFW,Dallas/FortWorthTX,TX,,,he.a
bj.a,d.a,,,bjjhh.a,,,bbib.a,bcijc.a,,,LAX,LosAngelesCA,CA,,,jb.a
cd.a,h.a,cabcbccd.a,WN,,,,bjfg.a,bfabg.a,,,STL,St.LouisMO,MO,cj.a,Missouri,ge.a
bg.a,h.a,cabcbcbg.a,WN,bjdjd.a,,,bddb.a,bcijc.a,,dcfhf.a,LAX,LosAngelesCA,CA,g.a,California,jb.a
cb.a,f.a,cabcbccb.a,,bjdjd.a,,,ebgf.a,bdhjg.a,,,OAK,OaklandCA,,g.a,California,
ca.a,,cabcbcca.a,AA,bjiaf.a,,,,bbcji.a,,,DFW,Dallas/FortWorthTX,TX,,,he.a
ce.a,b.a,,OO,,,,hdjg.a,behje.a,,,SGU,St.GeorgeUT,UT,ej.a,,
,e.a,cabcbcch.a,,,EV,Ncjjbh,ebjb.a,,bdifbad.a,ddifb.a,,OklahomaCityOK,,ea.a,Oklahoma,
bb.a,,cabcbcbb.a,AA,,AA,NeYUAA,,,bbcjiad.a,dabje.a,DFW,Dallas/FortWorthTX,TX,,,he.a
,h.a,cabcbcbg.a,EV,cadgg.a,,,,bccbh.a,,dacff.a,HSV,HuntsvilleAL,AL,b.a,Alabama,fb.a
bc.a,d.a,cabcbcbc.a,,,WN,NcjeWN,bbjj.a,,baiaaad.a,dcfhf.a,BUR,BurbankCA,CA,g.a,California,jb.a
cc.a,,cabcbbcc.a,AA,,,,,beied.a,,,SJU,SanJuanPR,PR,,,
bb.a,c.a,,UA,,UA,NfceUA,had.a,,bcijcad.a,dcfhf.a,LAX,LosAngelesCA,CA,,,jb.a
,,,HA,bjgja.a,,,j.a,bcijc.a,,dcfhf.a,LAX,LosAngelesCA,CA,g.a,California,jb.a
b.a,g.a,cabcbcab.a,,,Bg,NfcgJB,cee.a,,bcjfeac.a,dcfhf.a,LGB,LongBeachCA,CA,g.a,California,jb.a
i.a,,cabcbcai.a,DL,,DL,NfibNW,,,bdcaeac.a,dbefe.a,,,,,,dd.a
bj.a,d.a,cabcbcbj.a,,cadff.a,,,bfeg.a,bebah.a,,,PHX,PhoenixAZ,,e.a,Arizona,
f.a,d.a,cabcbcaf.a,,,WN,NeecWN,ijh.a,,bdeihac.a,dbgfa.a,MSP,MinneapolisMN,,ch.a,Minnesota,
,h.a,cabcbcda.a,EV,cadgg.a,EV,Nbdjfi,,bdcjg.a,bdcjgae.a,dahcb.a,,ManchesterNH,,dd.a,NewHampshire,be.a
j.a,,cabcbcaj.a,AA,,AA,NehiAA,,,bbcjiad.a,dabje.a,DFW,Dallas/FortWorthTX,TX,,,he.a
,g.a,,,caedh.a,,NjbjAT,hhe.a,badjh.a,,dadjh.a,ATL,,GA,bd.a,Georgia,de.a
bi.a,,cabcbcbi.a,AA,bjiaf.a,,,,bbfea.a,,,ELP,ElPasoTX,TX,,,he.a
bc.a,d.a,cabcbcbc.a,,bjdjd.a,WN,NcafWN,fih.a,badjh.a,badjhaf.a,dadjh.a,ATL,,GA,bd.a,Georgia,de.a
,b.a,cabcbcba.a,EV,cadgg.a,EV,Nbejfd,,bdjda.a,bdjdaac.a,dajhh.a,,,IL,bh.a,Illinois,
cb.a,f.a,cabcbccb.a,,bjdjd.a,,,efbc.a,bciij.a,,,LAS,LasVegasNV,NV,dc.a,Nevada,if.a
d.a,b.a,cabcbcad.a,Bg,,Bg,NfcaJB,,,bahjcae.a,dahjc.a,BUF,BuffaloNY,NY,dg.a,NewYork,cc.a
cj.a,g.a,cabcbccj.a,,cadhi.a,,NjafFJ,chdb.a,bebah.a,,,PHX,PhoenixAZ,,e.a,Arizona,
bg.a,,cabcbcbg.a,DL,bjhja.a,,,,badjh.a,,dadjh.a,ATL,,GA,,,de.a
cd.a,,cabcbccd.a,DL,bjhja.a,,,,badjh.a,,,ATL,,GA,,,de.a
,b.a,,OO,cadae.a,,,egde.a,bbbaj.a,,dabij.a,COS,ColoradoSpringsCO,CO,i.a,Colorado,ic.a
,b.a,cabcbcdb.a,Fj,caedg.a,,NjceFR,dee.a,bcijc.a,,dcfhf.a,LAX,LosAngelesCA,CA,g.a,California,jb.a
cb.a,,cabcbccb.a,AA,bjiaf.a,,,,bcijc.a,,,LAX,LosAngelesCA,CA,,,jb.a
i.a,,cabcbcai.a,DL,,DL,NdhdhC,,,badjhaf.a,dadjh.a,,,GA,,,de.a
be.a,f.a,,,,UA,NffhUA,had.a,,bcehiac.a,dbhad.a,JFK,NewYorkNY,,,,cc.a
,d.a,,,cadji.a,,NjajMQ,cjff.a,bbcji.a,,dabje.a,DFW,Dallas/FortWorthTX,TX,ei.a,,he.a
,d.a,cabcbccg.a,,caedg.a,Fj,NjacFR,gbc.a,bbcjc.a,bbcjcac.a,dadcf.a,,DenverCO,CO,i.a,Colorado,ic.a
cb.a,,cabcbccb.a,AA,bjiaf.a,,,,bcchi.a,,,ICT,WichitaKS,KS,,,gc.a
ci.a,,cabcbcci.a,DL,,DL,NdbfNB,,,bbeddac.a,,,,MI,,,ed.a
i.a,g.a,,,bjjhh.a,UA,Nbhccj,bbga.a,bdjda.a,bdjdaac.a,dajhh.a,ORD,,IL,,,
,h.a,cabcbcaj.a,EV,cadgg.a,EV,Ncebci,,bccgg.a,bccggad.a,dbefd.a,,HoustonTX,TX,ei.a,,he.a
bg.a,,cabcbcbg.a,DL,bjhja.a,,,,bcehi.a,,dbhad.a,JFK,NewYorkNY,,,,cc.a
,d.a,,,cadji.a,MQ,NicfMQ,edhb.a,bbgbc.a,bbgbcad.a,dbgbc.a,,,IN,bi.a,Indiana,ec.a
,,,HA,,HA,NejaHA,dbj.a,,bdidaac.a,ddida.a,,KahuluiHI,HI,bf.a,Hawaii,
g.a,e.a,cabcbcag.a,,caeaj.a,Bg,NcehJB,dd.a,bahif.a,bahifac.a,dahif.a,BTV,BurlingtonVT,VT,fa.a,,bg.a
,d.a,cabcbccg.a,,cadgg.a,EV,Nbecae,dcga.a,bccge.a,bccgeac.a,daifc.a,,,VA,fb.a,,di.a
da.a,h.a,cabcbcda.a,US,cadff.a,US,NbhcUS,bijh.a,bbafh.a,bbafhad.a,,CLT,,NC,dh.a,NorthCarolina,dg.a
,d.a,,,caedh.a,,,gdj.a,bcddj.a,,dcddh.a,IND,,IN,bi.a,Indiana,ec.a
ca.a,,cabcbcca.a,DL,,,,,bfdae.a,,,TPA,TampaFL,FL,,,dd.a
cc.a,,cabcbccc.a,AA,bjiaf.a,,,,beghj.a,,,SAN,SanDiegoCA,,,,
bg.a,,cabcbcbg.a,DL,bjhja.a,,,,badjh.a,,dadjh.a,ATL,,GA,,,de.a
,g.a,,,,OO,NedhSW,eehf.a,,bdeihac.a,dbgfa.a,,MinneapolisMN,,ch.a,Minnesota,
,h.a,cabcbcac.a,EV,cadgg.a,EV,NidiAS,,badjh.a,badjhaf.a,dadjh.a,,,GA,bd.a,Georgia,de.a
,g.a,,,,OO,NejiCA,cjfe.a,,becgcac.a,decgc.a,,PalmSpringsCA,,g.a,California,
,h.a,,MQ,,MQ,NfecMQ,eggb.a,,bcjfdac.a,dbhad.a,,NewYorkNY,,dg.a,NewYork,cc.a
,h.a,cabcbcda.a,EV,,EV,NgaaQX,,,bbeddac.a,dbcjf.a,,,MI,cg.a,Michigan,ed.a
,e.a,cabcbcbd.a,,cadgg.a,EV,NifjAS,ejhi.a,bbbjd.a,bbbjdac.a,ddbaf.a,,CincinnatiOH,KY,cb.a,Kentucky,fc.a
ca.a,,cabcbcca.a,DL,bjhja.a,,,,badjh.a,,,ATL,,GA,,,de.a
,c.a,,OO,cadae.a,,NjbcSW,geae.a,behhb.a,,dcefh.a,SFO,SanFranciscoCA,CA,g.a,California,
bb.a,,cabcbcbb.a,AA,,AA,NehiAA,,,bdceeac.a,ddcee.a,MEM,MemphisTN,,,,fe.a
,c.a,cabcbcbb.a,EV,,EV,Ndebba,,,bcchiac.a,dajci.a,,WichitaKS,KS,ca.a,Kansas,gc.a
,c.a,,MQ,cadji.a,MQ,NhcdMQ,eehi.a,bcjfd.a,bcjfdac.a,dbhad.a,,NewYorkNY,,dg.a,NewYork,cc.a
bg.a,,cabcbcbg.a,AA,bjiaf.a,,,,bcjfd.a,,dbhad.a,LGA,NewYorkNY,,,,cc.a
f.a,d.a,,,bjjhh.a,UA,Nciefh,bfac.a,bebaa.a,bebaaac.a,debaa.a,PHL,PhiladelphiaPA,,,,
ci.a,f.a,cabcbcci.a,,,WN,NdieSW,defb.a,,bbcjcac.a,,DEN,DenverCO,CO,i.a,Colorado,ic.a
,e.a,cabcbcca.a,,cadgg.a,,,ecbc.a,bbaec.a,,dageh.a,CLE,,OH,dj.a,Ohio,ee.a
bf.a,g.a,,,,UA,NfgdUA,hbf.a,,bdcaeac.a,dbefe.a,MCO,OrlandoFL,,,,dd.a
j.a,h.a,cabcbcaj.a,US,cadff.a,US,NhaiUW,bedf.a,bbafh.a,bbafhad.a,dbafh.a,CLT,,NC,dh.a,NorthCarolina,dg.a
ce.a,,cabcbcce.a,AA,bjiaf.a,,,,bebah.a,,,PHX,PhoenixAZ,,,,
j.a,,cabcbcaj.a,DL,,DL,NdhfbB,,,bcehiac.a,dbhad.a,,NewYorkNY,,,,cc.a
cc.a,g.a,cabcbccc.a,,,,,ebib.a,bfabg.a,,,STL,St.LouisMO,MO,cj.a,Missouri,ge.a
be.a,f.a,cabcbcbe.a,,cadff.a,US,NbbhUW,bhdb.a,bebaa.a,bebaaac.a,debaa.a,PHL,PhiladelphiaPA,,ec.a,Pennsylvania,
,b.a,cabcbcad.a,EV,cadgg.a,EV,NghiCA,,bbedd.a,bbeddac.a,dbcjf.a,,,MI,cg.a,Michigan,ed.a
,b.a,cabcbcdb.a,EV,cadgg.a,EV,NihbAS,,bbeib.a,bbeibac.a,dbeib.a,,PanamaCityFL,,bc.a,Florida,dd.a
da.a,,cabcbcda.a,DL,bjhja.a,,NjceDN,,beheh.a,,,SEA,SeattleWA,WA,,,
cg.a,d.a,cabcbccg.a,,,WN,NgbiWN,ebjh.a,,bcijcad.a,,LAX,LosAngelesCA,CA,g.a,California,jb.a
,h.a,,FL,caedh.a,,,gfd.a,bdcae.a,,dbefe.a,MCO,OrlandoFL,,bc.a,Florida,dd.a
,g.a,cabcbccj.a,,cadgg.a,EV,Ncifcj,eega.a,bccgg.a,bccggad.a,dbefd.a,,HoustonTX,TX,ei.a,,he.a
f.a,,cabcbcaf.a,AA,,AA,NdggAA,,,bcehiac.a,dbhad.a,JFK,NewYorkNY,,,,cc.a
bf.a,g.a,cabcbcbf.a,,bjdjd.a,WN,NcciWN,beih.a,bciij.a,bciijad.a,dccbb.a,LAS,LasVegasNV,NV,dc.a,Nevada,if.a
cd.a,,cabcbccd.a,AA,bjiaf.a,,,,bbcji.a,,,DFW,Dallas/FortWorthTX,TX,,,he.a
,e.a,,,cadji.a,,,cife.a,babff.a,,dabff.a,ACT,WacoTX,TX,ei.a,,he.a
d.a,b.a,cabcbcad.a,YV,cadhi.a,,NjajFJ,cice.a,bebah.a,,daegg.a,PHX,PhoenixAZ,,e.a,Arizona,
i.a,g.a,,,bjjhh.a,UA,Nhhihb,baj.a,bcijc.a,bcijcad.a,dcfhf.a,LAX,LosAngelesCA,CA,,,jb.a
bj.a,d.a,cabcbcbj.a,,cadff.a,,,cih.a,bdbji.a,,,MCI,KansasCityMO,MO,cj.a,Missouri,ge.a
g.a,,cabcbcag.a,AA,,,NdGSAA,,,behhbab.a,dcefh.a,SFO,SanFranciscoCA,CA,,,
bi.a,c.a,cabcbcbi.a,VX,cbbhb.a,,,jcf.a,bcijc.a,,,LAX,LosAngelesCA,CA,g.a,California,jb.a
cb.a,f.a,,,bjjhh.a,,,gdf.a,bdjda.a,,,ORD,,IL,,,
c.a,,cabcbcac.a,AA,,AA,NdihAA,,,bddadad.a,dcegh.a,MIA,MiamiFL,,,,dd.a
cf.a,,cabcbccf.a,DL,bjhja.a,,,,baigi.a,,,CAE,,SC,,,dh.a
bi.a,,cabcbcbi.a,AA,bjiaf.a,,,,bbcjc.a,,,DEN,DenverCO,CO,,,ic.a
f.a,,cabcbcaf.a,DL,bjhja.a,DL,NgiiDL,,badjh.a,badjhaf.a,dadjh.a,,,GA,,,de.a
,e.a,,,cadji.a,,NjafMQ,deeg.a,bbcji.a,,dabje.a,DFW,Dallas/FortWorthTX,TX,ei.a,,he.a
cf.a,c.a,,UA,bjjhh.a,,,egf.a,bcjfd.a,,,LGA,NewYorkNY,,,,cc.a
j.a,,cabcbcaj.a,AA,,AA,NdGPAA,,,bddadad.a,dcegh.a,MIA,MiamiFL,,,,dd.a
e.a,c.a,cabcbcae.a,WN,,,NdegSW,cih.a,,beigjad.a,degbe.a,SLC,SaltLakeCityUT,,ej.a,,
bf.a,g.a,cabcbcbf.a,,,WN,NgdiSW,cahc.a,,babeaac.a,dabea.a,ABQ,AlbuquerqueNM,NM,df.a,NewMexico,ig.a
e.a,c.a,,UA,,UA,NejeUA,hab.a,,bbchiac.a,daifc.a,DCA,,VA,,,di.a
cd.a,,cabcbccd.a,AS,bjjda.a,,,,bdeih.a,,,MSP,MinneapolisMN,,,,
,f.a,,,cadae.a,,NjedSW,ffdf.a,bdeig.a,,ddeig.a,MSO,MissoulaMT,,da.a,Montana,
bb.a,,cabcbcbb.a,DL,,DL,NdbjNB,,,bdejfac.a,ddejf.a,,NewOrleansLA,,,,
ci.a,,cabcbcci.a,AA,,AA,NdAFAA,,,bdjdaac.a,,ORD,,IL,,,
e.a,c.a,cabcbcae.a,Bg,,Bg,NfbgJB,,,bdcaeac.a,dbefe.a,MCO,OrlandoFL,,bc.a,Florida,dd.a
bd.a,,cabcbcbd.a,DL,bjhja.a,,NgjdDL,,beheh.a,behehad.a,daffj.a,SEA,SeattleWA,WA,,,
i.a,g.a,cabcbcai.a,,caeaj.a,Bg,NcdgJB,gbf.a,bcehi.a,bcehiac.a,dbhad.a,JFK,NewYorkNY,,dg.a,NewYork,cc.a
f.a,d.a,cabcbcaf.a,,cadff.a,US,NggdAW,ead.a,bebah.a,bebahac.a,daegg.a,PHX,PhoenixAZ,,e.a,Arizona,
,b.a,,OO,,,NiggAS,cggd.a,bfdhg.a,bfdhgac.a,daedg.a,TUS,TucsonAZ,AZ,e.a,Arizona,ib.a
bc.a,d.a,,,bjjhh.a,UA,NiafUA,gca.a,bdjda.a,bdjdaac.a,dajhh.a,ORD,,IL,,,
i.a,,cabcbcai.a,DL,bjhja.a,,NjbaDE,,badjh.a,,dadjh.a,ATL,,GA,,,de.a
cc.a,g.a,cabcbccc.a,,bjdjd.a,,,efab.a,bebah.a,,,PHX,PhoenixAZ,,e.a,Arizona,
bh.a,b.a,,OO,cadae.a,,,ffed.a,bahbd.a,,dahbd.a,BOI,BoiseID,ID,bg.a,Idaho,id.a
bj.a,d.a,cabcbcbj.a,,caeaj.a,,,bcfj.a,bahcb.a,,,BOS,BostonMA,MA,cf.a,Massachusetts,bd.a
,c.a,,MQ,,,NiafMQ,ecgf.a,behid.a,behidac.a,dehid.a,SGF,SpringfieldMO,MO,cj.a,Missouri,
c.a,,cabcbcac.a,DL,,DL,NdebNW,,,bdcdcac.a,dajhh.a,,,IL,,,eb.a
ch.a,e.a,,,cadae.a,OO,NhagSK,ffic.a,bceeb.a,bceebac.a,,,JacksonWY,WY,fg.a,,ii.a
cb.a,,cabcbbcb.a,AA,,,,,behhb.a,,,SFO,SanFranciscoCA,CA,,,
e.a,c.a,cabcbcae.a,Bg,,Bg,NdeiJB,,,bahcbac.a,dahcb.a,BOS,BostonMA,MA,cf.a,Massachusetts,bd.a
e.a,,cabcbcae.a,AA,,,NfcfAA,,,beejcac.a,deejc.a,RDU,,,,,
da.a,,cabcbcda.a,AA,,AA,NfBYAA,,,bddadad.a,,MIA,MiamiFL,,,,dd.a
b.a,,cabcbcab.a,DL,,DL,NdhfbB,,,bdeihac.a,dbgfa.a,,MinneapolisMN,,,,
da.a,h.a,cabcbcda.a,WN,,WN,NecgWN,ddcj.a,,bciijad.a,,LAS,LasVegasNV,NV,dc.a,Nevada,if.a
bb.a,c.a,cabcbcbb.a,WN,,WN,NegjWN,hia.a,,bafcjae.a,dafcj.a,BDL,HartfordCT,CT,j.a,Connecticut,bb.a
c.a,h.a,,UA,,UA,NeijUA,daf.a,,bbcjcac.a,dadcf.a,DEN,DenverCO,CO,,,ic.a
e.a,c.a,,OO,,,NcceSW,hhia.a,beigj.a,beigjad.a,degbe.a,SLC,SaltLakeCityUT,,ej.a,,
d.a,b.a,cabcbcad.a,Bg,,Bg,NfieJB,,,bcjfdac.a,dbhad.a,LGA,NewYorkNY,,dg.a,NewYork,cc.a
bf.a,g.a,cabcbcbf.a,,bjdjd.a,WN,NcheWN,caag.a,baicb.a,baicbad.a,daifc.a,BWI,,MD,ce.a,Maryland,df.a
,c.a,,MQ,cadji.a,,,deec.a,bcijb.a,,dcijb.a,LAW,Lawton/FortSillOK,OK,ea.a,Oklahoma,hd.a
,h.a,cabcbcac.a,EV,cadgg.a,EV,NiieAS,,badjh.a,badjhaf.a,dadjh.a,,,GA,bd.a,Georgia,de.a
bj.a,,cabcbcbj.a,AA,bjiaf.a,,,,baicb.a,,,BWI,,MD,,,df.a
cb.a,f.a,cabcbccb.a,,bjdjd.a,,,ebci.a,bcbjb.a,,,HOU,HoustonTX,TX,ei.a,,he.a
bd.a,,cabcbbbd.a,AA,,AA,NeXGAA,,,bbcjiad.a,dabje.a,DFW,Dallas/FortWorthTX,TX,,,he.a
e.a,c.a,cabcbcae.a,Bg,caeaj.a,Bg,NhajJB,,bcehi.a,bcehiac.a,dbhad.a,JFK,NewYorkNY,,dg.a,NewYork,cc.a
,g.a,,,cadji.a,,,ciif.a,bbhhi.a,,dbhhi.a,FSM,FortSmithAR,AR,f.a,Arkansas,hb.a
cg.a,d.a,,,bjjhh.a,UA,NiagUA,hfa.a,bebaa.a,bebaaac.a,,PHL,PhiladelphiaPA,,,,
,b.a,,MQ,cadji.a,MQ,NieeMQ,cich.a,bbcji.a,bbcjiad.a,dabje.a,,Dallas/FortWorthTX,TX,ei.a,,he.a
ba.a,,cabcbcba.a,AA,,AA,NehdAA,,,bcddjae.a,dcddh.a,IND,,IN,,,ec.a
j.a,,cabcbcaj.a,AA,,AA,NfCNAA,,,bddadad.a,dcegh.a,MIA,MiamiFL,,,,dd.a
h.a,f.a,,,,OO,NebhSW,cgij.a,,bebahac.a,daegg.a,,PhoenixAZ,,e.a,Arizona,
,g.a,cabcbcai.a,,cadgg.a,EV,NihjAS,fahb.a,badjh.a,badjhaf.a,dadjh.a,,,GA,bd.a,Georgia,de.a
bj.a,,cabcbcbj.a,AA,bjiaf.a,,,,bdjda.a,,,ORD,,IL,,,
,e.a,,,cadji.a,MQ,NghfMQ,chai.a,bbbjd.a,bbbjdac.a,ddbaf.a,,CincinnatiOH,KY,cb.a,Kentucky,fc.a
bc.a,d.a,,,,UA,NeaiUA,eic.a,,bbaecac.a,dageh.a,CLE,,OH,,,ee.a
h.a,f.a,cabcbcah.a,,cadff.a,US,NggiAW,cgf.a,bdeih.a,bdeihac.a,dbgfa.a,MSP,MinneapolisMN,,ch.a,Minnesota,
,f.a,,,cadji.a,MQ,NgEAMQ,dgic.a,bdjda.a,bdjdaac.a,dajhh.a,,,IL,bh.a,Illinois,
,f.a,,,cadji.a,MQ,NideMQ,eccf.a,bdjda.a,bdjdaac.a,dajhh.a,,,IL,bh.a,Illinois,
bf.a,g.a,cabcbcbf.a,,,WN,NgdfSW,cdad.a,,bbcfjad.a,dabje.a,DAL,DallasTX,TX,ei.a,,he.a
bg.a,h.a,cabcbcbg.a,Bg,,,NhhjJB,,bfdae.a,bfdaeac.a,ddbjf.a,TPA,,FL,bc.a,Florida,dd.a
f.a,d.a,cabcbcaf.a,,,US,NfdjUW,hjj.a,,bebaaac.a,debaa.a,PHL,PhiladelphiaPA,,ec.a,Pennsylvania,
ci.a,f.a,,,bjjhh.a,UA,Nbicca,bbfd.a,bbcjc.a,bbcjcac.a,,DEN,DenverCO,CO,,,ic.a
,g.a,cabcbcai.a,,caedg.a,,NjcaFR,bjf.a,bbcjc.a,,dadcf.a,DEN,DenverCO,CO,i.a,Colorado,ic.a
,b.a,,MQ,cadji.a,MQ,NhcbMQ,chic.a,bbcji.a,bbcjiad.a,dabje.a,,Dallas/FortWorthTX,TX,ei.a,,he.a
cf.a,c.a,,OO,cadae.a,,,gdee.a,bcijc.a,,,LAX,LosAngelesCA,CA,g.a,California,jb.a
ci.a,f.a,cabcbcci.a,,bjdjd.a,,NcjaWN,dfja.a,befha.a,befhaac.a,,RNO,RenoNV,,dc.a,Nevada,
,d.a,cabcbcbc.a,,cadgg.a,EV,Nchjgc,gahj.a,baeai.a,baeaiac.a,daeai.a,,AppletonWI,WI,ff.a,,ef.a
d.a,b.a,cabcbcad.a,US,cadff.a,US,NiajAW,dcf.a,bdhjg.a,bdhjgab.a,dcefh.a,OAK,OaklandCA,,g.a,California,
bi.a,c.a,cabcbcbi.a,WN,bjdjd.a,,,dadd.a,bcijc.a,,,LAX,LosAngelesCA,CA,g.a,California,jb.a
,f.a,cabcbccb.a,,caedg.a,,,bji.a,bbcgh.a,,dbcgh.a,DAY,,OH,dj.a,Ohio,ee.a
bf.a,,cabcbcbf.a,AA,,AA,NecgAA,,,bdeihac.a,dbgfa.a,MSP,MinneapolisMN,,,,
bh.a,,cabcbcbh.a,AA,bjiaf.a,,,,bbcji.a,,dabje.a,DFW,Dallas/FortWorthTX,TX,,,he.a
cb.a,,cabcbccb.a,AA,bjiaf.a,,,,bddad.a,,,MIA,,,,,dd.a
g.a,,cabcbcag.a,AA,,AA,NdJFAA,,,bddadad.a,dcegh.a,MIA,,,,,dd.a
cj.a,g.a,,,cadae.a,OO,NhgiSK,fgcf.a,bdbji.a,bdbjiab.a,,,KansasCityMO,MO,cj.a,Missouri,ge.a
,e.a,,,,,NhcdMQ,efhc.a,bfjbj.a,bfjbjac.a,dbide.a,XNA,FayettevilleAR,AR,f.a,Arkansas,hb.a
bi.a,c.a,cabcbcbi.a,US,cadff.a,,,eah.a,bebaa.a,,,PHL,PhiladelphiaPA,,ec.a,Pennsylvania,
,e.a,,,,,NicbMQ,chfg.a,bfebc.a,bfebcac.a,dfebc.a,TYS,KnoxvilleTN,TN,eh.a,Tennessee,fe.a
ba.a,b.a,,OO,cadae.a,OO,NiceSK,ehhj.a,bdeih.a,bdeihac.a,dbgfa.a,,MinneapolisMN,,ch.a,Minnesota,
,d.a,cabcbcbj.a,,cadgg.a,,,ecgg.a,bcjfb.a,,dcjfb.a,LFT,LafayetteLA,LA,cc.a,Louisiana,hc.a
,b.a,cabcbcbh.a,Fj,caedg.a,,,cic.a,bbcjc.a,,dadcf.a,DEN,DenverCO,CO,i.a,Colorado,ic.a
bg.a,,cabcbbbg.a,AA,,,NdAMAA,,,beghjad.a,ddfha.a,SAN,SanDiegoCA,,,,
bg.a,h.a,cabcbcbg.a,WN,bjdjd.a,,,bigc.a,bebcc.a,,dabji.a,PIT,PittsburghPA,,ec.a,Pennsylvania,
i.a,,cabcbcai.a,DL,bjhja.a,DL,NbheDZ,,badjh.a,badjhaf.a,dadjh.a,,,GA,,,de.a
,g.a,,,cadji.a,MQ,NhcfMQ,eeie.a,bcjfd.a,bcjfdac.a,dbhad.a,,NewYorkNY,,dg.a,NewYork,cc.a
bf.a,g.a,cabcbcbf.a,,,WN,NfbbSW,dehi.a,,bbcfjad.a,dabje.a,DAL,DallasTX,TX,ei.a,,he.a
,c.a,,MQ,cadji.a,,NibjMQ,eedf.a,beejc.a,beejcac.a,deejc.a,RDU,,,dh.a,NorthCarolina,
d.a,b.a,cabcbcad.a,WN,bjdjd.a,WN,NcdjWN,idf.a,bbcfj.a,bbcfjad.a,dabje.a,DAL,DallasTX,TX,ei.a,,he.a
da.a,h.a,cabcbcda.a,WN,,WN,NgaeSW,cfei.a,,bccagad.a,,HRL,Harlingen/SanBenitoTX,TX,ei.a,,he.a
cd.a,,cabcbccd.a,DL,bjhja.a,,,,bahcb.a,,,BOS,BostonMA,MA,,,bd.a
,c.a,,MQ,cadji.a,,,cjac.a,bbcji.a,,dabje.a,DFW,Dallas/FortWorthTX,TX,ei.a,,he.a
,h.a,cabcbccd.a,EV,cadgg.a,,,,bceei.a,,dceei.a,JAN,Jackson/VicksburgMS,MS,ci.a,Mississippi,fd.a
,g.a,cabcbccc.a,,,,,ebae.a,bfgce.a,,dbfae.a,VPS,,FL,bc.a,Florida,dd.a
bi.a,c.a,cabcbcbi.a,WN,,,,cbfd.a,bfdhg.a,,,TUS,TucsonAZ,AZ,e.a,Arizona,ib.a
ce.a,b.a,,OO,,,,gcha.a,behhb.a,,,SFO,SanFranciscoCA,CA,g.a,California,
ci.a,f.a,cabcbcci.a,,bjdjd.a,,NjdiWN,cghe.a,bagjd.a,,,BNA,NashvilleTN,,eh.a,Tennessee,fe.a
bi.a,c.a,cabcbcbi.a,YV,cadhi.a,,,dhff.a,bccge.a,,,IAD,,VA,fb.a,,di.a
,h.a,,MQ,cadji.a,,,chcf.a,bbcji.a,,dabje.a,DFW,Dallas/FortWorthTX,TX,ei.a,,he.a
bd.a,e.a,,,,OO,NedbSW,eeef.a,,bagcaac.a,dagca.a,,BillingsMT,MT,da.a,Montana,ie.a
cf.a,c.a,,UA,bjjhh.a,,,fgi.a,bdjda.a,,,ORD,,IL,,,
ch.a,,cabcbcch.a,DL,bjhja.a,,NjahDL,,bahjc.a,,,BUF,BuffaloNY,NY,,,cc.a
cg.a,d.a,,,bjjhh.a,UA,Ncgjac,bedd.a,bccgg.a,bccggad.a,,IAH,HoustonTX,TX,,,he.a
bc.a,d.a,cabcbcbc.a,,,,NfafSW,jjf.a,,begidad.a,ddcbe.a,SAT,SanAntonioTX,,ei.a,,
ch.a,,cabcbcch.a,DL,bjhja.a,,NjgbDL,,bdejf.a,,,MSY,NewOrleansLA,,,,
cf.a,c.a,cabcbccf.a,WN,bjdjd.a,,,fag.a,bcijc.a,,,LAX,LosAngelesCA,CA,g.a,California,jb.a
cg.a,,cabcbccg.a,AS,bjjda.a,AS,NhgiAS,,bbgda.a,bbgdaac.a,,FAI,FairbanksAK,AK,,,b.a
c.a,h.a,cabcbcac.a,US,,US,NfehUW,dag.a,,bebahac.a,daegg.a,PHX,PhoenixAZ,,e.a,Arizona,
,g.a,,,cadji.a,MQ,NgheMQ,chda.a,bceei.a,bceeiad.a,dceei.a,,Jackson/VicksburgMS,MS,ci.a,Mississippi,fd.a
ba.a,b.a,cabcbcba.a,YV,cadhi.a,,NjdfLR,cgga.a,bbafh.a,,dbafh.a,CLT,,NC,dh.a,NorthCarolina,dg.a
bh.a,b.a,,UA,bjjhh.a,,,jij.a,bbcjc.a,,dadcf.a,DEN,DenverCO,CO,,,ic.a
be.a,f.a,cabcbcbe.a,,cadff.a,US,NbjeUW,bhic.a,bdjda.a,bdjdaac.a,dajhh.a,ORD,,IL,bh.a,Illinois,
b.a,g.a,cabcbcab.a,,,,NeajWN,cbbg.a,,befhaac.a,defha.a,RNO,RenoNV,,dc.a,Nevada,
da.a,h.a,,UA,bjjhh.a,UA,Nhgcfe,bchc.a,bccgg.a,bccggad.a,,IAH,HoustonTX,TX,,,he.a
bj.a,d.a,cabcbcbj.a,,bjdjd.a,,,dcii.a,baicb.a,,,BWI,,MD,ce.a,Maryland,df.a
,b.a,cabcbcbh.a,EV,cadgg.a,,,,badjh.a,,dadjh.a,ATL,,GA,bd.a,Georgia,de.a
cc.a,g.a,cabcbccc.a,,caeaj.a,,,bbcg.a,bbgjh.a,,,FLL,,FL,bc.a,Florida,dd.a
da.a,,cabcbcda.a,DL,bjhja.a,,NjbeDE,,badjh.a,,,ATL,,GA,,,de.a
d.a,b.a,cabcbcad.a,YV,cadhi.a,,NjbcFJ,cghb.a,bbafh.a,,dbafh.a,CLT,,NC,dh.a,NorthCarolina,dg.a
ce.a,,cabcbbce.a,AA,bjiaf.a,,,,bccge.a,,,IAD,,VA,,,di.a
,c.a,,MQ,cadji.a,,,diig.a,bdjda.a,,dajhh.a,ORD,,IL,bh.a,Illinois,
,b.a,cabcbcad.a,EV,,,Nbibca,,bfajg.a,bfajgac.a,dfajg.a,SYR,SyracuseNY,NY,dg.a,NewYork,cc.a
bd.a,e.a,,,,UA,NegiUA,eah.a,,bcjfdac.a,dbhad.a,LGA,NewYorkNY,,,,cc.a
,d.a,cabcbcbc.a,,,EV,NgbeQX,ejbd.a,,badjhaf.a,dadjh.a,,,GA,bd.a,Georgia,de.a
bg.a,,cabcbcbg.a,DL,,DL,NddiNW,,,bdeihac.a,dbgfa.a,,MinneapolisMN,,,,
bc.a,d.a,cabcbcbc.a,,,WN,NeaiWN,bcif.a,,bciijad.a,dccbb.a,LAS,LasVegasNV,NV,dc.a,Nevada,if.a
f.a,d.a,,,,UA,Ndeega,bgjh.a,,bccggad.a,dbefd.a,IAH,HoustonTX,TX,,,he.a
b.a,g.a,,,cadae.a,OO,NhieSK,fbgj.a,bbfea.a,bbfeaad.a,dagbf.a,,ElPasoTX,TX,ei.a,,he.a
bc.a,d.a,cabcbcbc.a,,,,NjbeWN,eii.a,beidb.a,,dcefh.a,SJC,SanJoseCA,CA,g.a,California,
,b.a,,MQ,cadji.a,,,dchd.a,baheh.a,,daheh.a,BRO,BrownsvilleTX,TX,ei.a,,he.a
bc.a,d.a,,,,,NjcfSW,gejd.a,behhb.a,,dcefh.a,SFO,SanFranciscoCA,CA,g.a,California,
bc.a,d.a,,,bjjhh.a,UA,NifbUA,fdc.a,bccgg.a,bccggad.a,dbefd.a,IAH,HoustonTX,TX,,,he.a
cf.a,,cabcbccf.a,AA,bjiaf.a,,,,bebaa.a,,,PHL,PhiladelphiaPA,,,,
d.a,,cabcbcad.a,DL,bjhja.a,,NjdfDN,,badjh.a,,dadjh.a,ATL,,GA,,,de.a
,h.a,cabcbcbg.a,EV,,,Nbbbjj,,bfdia.a,bfdiaac.a,dfdia.a,TVC,,MI,cg.a,Michigan,ed.a
bd.a,e.a,cabcbcbd.a,,,YV,NfagMJ,dhjf.a,,bdbjiab.a,ddbji.a,MCI,KansasCityMO,MO,cj.a,Missouri,ge.a
,,,HA,,HA,NejbHA,dad.a,,bcbhdab.a,dcbde.a,,HonoluluHI,HI,bf.a,Hawaii,c.a
,,,HA,bjgja.a,,,dab.a,bceac.a,,dceac.a,ITO,HiloHI,HI,bf.a,Hawaii,c.a
,h.a,,MQ,,,NgbgMQ,cihg.a,,begheac.a,deghe.a,SAF,SantaFeNM,NM,df.a,NewMexico,
bc.a,d.a,cabcbcbc.a,,bjdjd.a,WN,NhdcSW,jig.a,bdcdc.a,bdcdcac.a,dajhh.a,MDW,,IL,bh.a,Illinois,eb.a
cf.a,c.a,cabcbccf.a,YV,cadhi.a,,,cgee.a,bdihb.a,,,OMA,OmahaNE,,db.a,Nebraska,
c.a,,cabcbcac.a,DL,,DL,NdjiDA,,,badjhaf.a,dadjh.a,,,GA,,,de.a
e.a,c.a,cabcbcae.a,US,cadff.a,US,NiagAW,bhe.a,bebah.a,bebahac.a,daegg.a,PHX,PhoenixAZ,,e.a,Arizona,
e.a,c.a,cabcbcae.a,WN,,WN,NgabWN,baeh.a,,bedahac.a,dahcb.a,PVD,ProvidenceRI,,ee.a,RhodeIsland,
bc.a,,cabcbcbc.a,DL,bjhja.a,DL,NhbdTW,,bcehi.a,bcehiac.a,dbhad.a,,NewYorkNY,,,,cc.a
g.a,,cabcbcag.a,AA,,AA,NeXGAA,,,bbcjiad.a,dabje.a,DFW,Dallas/FortWorthTX,TX,,,he.a
,g.a,cabcbcbf.a,,cadgg.a,EV,Nbcfea,eaig.a,bbecd.a,bbecdad.a,dbecd.a,,DesMoinesIA,IA,bj.a,Iowa,gb.a
h.a,f.a,cabcbcah.a,,,WN,NdhiSW,cfdb.a,,bdhjgab.a,dcefh.a,OAK,OaklandCA,,g.a,California,
,b.a,cabcbcce.a,EV,cadgg.a,,,,badjh.a,,dadjh.a,ATL,,GA,bd.a,Georgia,de.a
cg.a,d.a,cabcbccg.a,,,YV,NfaeMJ,dhgi.a,,bdjdaac.a,,ORD,,IL,bh.a,Illinois,
bi.a,c.a,,OO,,,,ffae.a,behhb.a,,,SFO,SanFranciscoCA,CA,g.a,California,
,c.a,,MQ,cadji.a,,NjagMQ,chfb.a,bbcji.a,,dabje.a,DFW,Dallas/FortWorthTX,TX,ei.a,,he.a
g.a,e.a,cabcbcag.a,,bjdjd.a,WN,NcedWN,hbj.a,baicb.a,baicbad.a,daifc.a,BWI,,MD,ce.a,Maryland,df.a
,,,HA,,HA,NeidHA,bcd.a,,bcbhdab.a,dcbde.a,,HonoluluHI,HI,bf.a,Hawaii,c.a
,c.a,,MQ,cadji.a,MQ,NiddMQ,dfjj.a,bddad.a,bddadad.a,dcegh.a,,,,bc.a,Florida,dd.a
g.a,e.a,cabcbcag.a,,,WN,NehgWN,haj.a,,bdjdbac.a,ddggh.a,ORF,,,fb.a,,
,d.a,cabcbcbj.a,,cadgg.a,,,ecfj.a,bddhh.a,,dddhh.a,MLU,MonroeLA,,cc.a,Louisiana,
db.a,,cabcbcdb.a,AA,bjiaf.a,AA,NcabAA,,bbcji.a,bbcjiad.a,,DFW,Dallas/FortWorthTX,TX,,,he.a
h.a,,cabcbcah.a,DL,bjhja.a,DL,NgffDL,,badjh.a,badjhaf.a,dadjh.a,,,GA,,,de.a
ch.a,,cabcbcch.a,AA,,AA,NfecAA,,,bagjdac.a,,BNA,NashvilleTN,,,,fe.a
,h.a,,MQ,,MQ,NgciMQ,ecce.a,,bdjdaac.a,dajhh.a,,,IL,bh.a,Illinois,
,h.a,cabcbccd.a,EV,cadgg.a,,,fdca.a,bcchi.a,,dajci.a,ICT,WichitaKS,KS,ca.a,Kansas,gc.a
ba.a,,cabcbcba.a,DL,,DL,NfcdUS,,,bbgjhad.a,dcegh.a,,,FL,,,dd.a
bg.a,h.a,cabcbcbg.a,WN,bjdjd.a,WN,NhgdSW,cbdb.a,bbiie.a,bbiieac.a,dbiie.a,GEG,SpokaneWA,WA,fd.a,,jd.a
ci.a,f.a,,,,,NfifUA,dab.a,,beghjad.a,,SAN,SanDiegoCA,,,,
,h.a,cabcbcda.a,EV,cadgg.a,,NjafEV,feab.a,badjh.a,,dadjh.a,ATL,,GA,bd.a,Georgia,de.a
ce.a,b.a,,OO,,,,ehga.a,beigj.a,,,SLC,SaltLakeCityUT,,ej.a,,
bd.a,,cabcbcbd.a,AS,,,NfdcAS,,,behehad.a,daffj.a,SEA,SeattleWA,WA,,,
,d.a,,,cadji.a,,NiecMQ,eefa.a,beejc.a,beejcac.a,deejc.a,RDU,,,dh.a,NorthCarolina,
,h.a,,MQ,,,NgigMQ,chba.a,bfjbj.a,bfjbjac.a,dbide.a,XNA,FayettevilleAR,AR,f.a,Arkansas,hb.a
cb.a,f.a,,,,,,fegc.a,bejfc.a,,,SPI,,IL,bh.a,Illinois,eb.a
bh.a,,cabcbcbh.a,AA,bjiaf.a,,,,bbcji.a,,dabje.a,DFW,Dallas/FortWorthTX,TX,,,he.a
g.a,,cabcbcag.a,DL,,DL,NffaNW,,,bdejfac.a,ddejf.a,,NewOrleansLA,,,,
,h.a,cabcbcbg.a,EV,cadgg.a,EV,Nbbfei,gahg.a,bdjda.a,bdjdaac.a,dajhh.a,,,IL,bh.a,Illinois,
bd.a,e.a,cabcbcbd.a,,bjdjd.a,WN,NidcgF,eifg.a,bbagg.a,bbaggac.a,dbagg.a,CMH,,OH,dj.a,Ohio,ee.a
ch.a,e.a,cabcbcch.a,,,WN,NgddSW,edbb.a,,bbcjcac.a,,DEN,DenverCO,CO,i.a,Colorado,ic.a
cg.a,d.a,cabcbccg.a,,bjdjd.a,WN,NidbdF,egdg.a,bdcdc.a,bdcdcac.a,,MDW,,IL,bh.a,Illinois,eb.a
f.a,d.a,,,bjjhh.a,UA,NiceUA,fgh.a,bebcc.a,bebccac.a,dabji.a,PIT,PittsburghPA,,,,
g.a,e.a,cabcbcag.a,,,,NidcdC,ecaa.a,bfdae.a,bfdaeac.a,ddbjf.a,TPA,,FL,bc.a,Florida,dd.a
,h.a,cabcbcbg.a,EV,cadgg.a,EV,Nbgjfe,ebdb.a,bbgbi.a,bbgbiac.a,dbhad.a,,NewarkNJ,,de.a,NewJersey,cb.a
,b.a,,MQ,cadji.a,,,cjhf.a,bceei.a,,dceei.a,JAN,Jackson/VicksburgMS,MS,ci.a,Mississippi,fd.a
cb.a,f.a,cabcbccb.a,,bjdjd.a,,,cdbi.a,bcijc.a,,,LAX,LosAngelesCA,CA,g.a,California,jb.a
cg.a,d.a,cabcbccg.a,,,US,NgddAW,f.a,,bdjdaac.a,,ORD,,IL,bh.a,Illinois,
,b.a,,MQ,cadji.a,,,dida.a,bdjda.a,,dajhh.a,ORD,,IL,bh.a,Illinois,
bb.a,,cabcbcbb.a,DL,,DL,NffbNW,,,bbgjhad.a,dcegh.a,,,FL,,,dd.a
e.a,c.a,,OO,,OO,NejgCA,cjbj.a,,bbjcbac.a,dbjcb.a,,GrandJunctionCO,CO,i.a,Colorado,ic.a
,g.a,cabcbcbf.a,,cadgg.a,EV,Ncbbee,gabh.a,bdjda.a,bdjdaac.a,dajhh.a,,,IL,bh.a,Illinois,
bc.a,,cabcbcbc.a,DL,bjhja.a,,NjebDL,,badjh.a,,dadjh.a,ATL,,GA,,,de.a
cc.a,g.a,cabcbccc.a,,cadff.a,,,bjcg.a,bdcae.a,,,MCO,,,bc.a,Florida,dd.a
,d.a,,,cadji.a,MQ,NghbMQ,eajd.a,bdjda.a,bdjdaac.a,dajhh.a,,,IL,bh.a,Illinois,
,b.a,cabcbcba.a,EV,cadgg.a,EV,NifdAS,feec.a,badjh.a,badjhaf.a,dadjh.a,,,GA,bd.a,Georgia,de.a
cb.a,f.a,cabcbccb.a,,bjdjd.a,,,ebea.a,bciij.a,,,LAS,LasVegasNV,NV,dc.a,Nevada,if.a
f.a,,cabcbcaf.a,DL,bjhja.a,DL,Nghaa,,bcijc.a,bcijcad.a,dcfhf.a,,LosAngelesCA,CA,,,jb.a
e.a,c.a,cabcbcae.a,US,cadff.a,US,NgehAW,cca.a,bebah.a,bebahac.a,daegg.a,PHX,PhoenixAZ,,e.a,Arizona,
cf.a,c.a,cabcbccf.a,US,cadff.a,,,bbib.a,bbafh.a,,,CLT,,NC,dh.a,NorthCarolina,dg.a
bb.a,c.a,cabcbcbb.a,Bg,,Bg,NgadJB,,,bcehiac.a,dbhad.a,JFK,NewYorkNY,,dg.a,NewYork,cc.a
,h.a,cabcbcda.a,EV,cadgg.a,EV,Nbdjgf,efed.a,bbaec.a,bbaecac.a,dageh.a,,,OH,dj.a,Ohio,ee.a
bc.a,d.a,,,,,NgjjBR,fecc.a,behhb.a,behhbab.a,dcefh.a,SFO,SanFranciscoCA,CA,g.a,California,
h.a,f.a,cabcbcah.a,,,WN,NfbbSW,cifi.a,,bceeiad.a,dceei.a,JAN,Jackson/VicksburgMS,MS,ci.a,Mississippi,fd.a
e.a,c.a,cabcbcae.a,WN,bjdjd.a,WN,NciiWN,beci.a,bafcj.a,bafcjae.a,dafcj.a,BDL,HartfordCT,CT,j.a,Connecticut,bb.a
,b.a,,MQ,cadji.a,,,chjj.a,bbcji.a,,dabje.a,DFW,Dallas/FortWorthTX,TX,ei.a,,he.a
ca.a,e.a,cabcbcca.a,,bjdjd.a,,,daje.a,bcjfd.a,,,LGA,NewYorkNY,,dg.a,NewYork,cc.a
ce.a,b.a,,UA,bjjhh.a,,,djc.a,bcijc.a,,,LAX,LosAngelesCA,CA,,,jb.a
bj.a,d.a,cabcbcbj.a,,caeaj.a,,,ff.a,bahif.a,,,BTV,BurlingtonVT,VT,fa.a,,bg.a
cj.a,g.a,cabcbccj.a,,cadhi.a,,NjdbLR,chge.a,bebah.a,,,PHX,PhoenixAZ,,e.a,Arizona,
g.a,e.a,cabcbcag.a,,cadff.a,US,NhbaUW,jcc.a,bbafh.a,bbafhad.a,dbafh.a,CLT,,NC,dh.a,NorthCarolina,dg.a
ce.a,,cabcbcce.a,AA,bjiaf.a,,,,bbcji.a,,,DFW,Dallas/FortWorthTX,TX,,,he.a
bc.a,d.a,,,bjjhh.a,UA,Nbdhbi,begg.a,bbcji.a,bbcjiad.a,dabje.a,DFW,Dallas/FortWorthTX,TX,,,he.a
g.a,e.a,,,,UA,Nebbea,bbib.a,,bccggad.a,dbefd.a,IAH,HoustonTX,TX,,,he.a
bh.a,b.a,cabcbcbh.a,WN,bjdjd.a,,,fii.a,bdihb.a,,dddbg.a,OMA,OmahaNE,,db.a,Nebraska,
cf.a,,cabcbccf.a,AA,bjiaf.a,,,,baecd.a,,,AUS,AustinTX,TX,,,he.a
bg.a,h.a,cabcbcbg.a,WN,,WN,NdieSW,bbef.a,,baicbad.a,daifc.a,BWI,,MD,ce.a,Maryland,df.a
,b.a,cabcbcad.a,EV,cadgg.a,EV,Nbdfgg,dibi.a,bbgbi.a,bbgbiac.a,dbhad.a,,NewarkNJ,,de.a,NewJersey,cb.a
d.a,b.a,cabcbcad.a,WN,,WN,NehdWN,bjbb.a,,bdcdcac.a,dajhh.a,MDW,,IL,bh.a,Illinois,eb.a
ci.a,f.a,cabcbcci.a,,bjdjd.a,,NjdeWN,defa.a,bdcjg.a,,,MHT,ManchesterNH,,dd.a,NewHampshire,be.a
c.a,h.a,,OO,,,NgjjBR,gegd.a,beijd.a,beijdac.a,ddbjc.a,SMF,SacramentoCA,,g.a,California,
ca.a,,cabcbcca.a,DL,bjhja.a,,,,badjh.a,,,ATL,,GA,,,de.a
e.a,c.a,cabcbcae.a,WN,bjdjd.a,WN,NcijCT,gfb.a,bdhjg.a,bdhjgab.a,dcefh.a,OAK,OaklandCA,,g.a,California,
cc.a,,cabcbccc.a,AA,bjiaf.a,,,,bbcji.a,,,DFW,Dallas/FortWorthTX,TX,,,he.a
,g.a,cabcbccc.a,,cadgg.a,,,dchb.a,bagjd.a,,dagjd.a,BNA,NashvilleTN,,eh.a,Tennessee,fe.a
,b.a,,FL,caedh.a,,,dg.a,badjh.a,,dadjh.a,ATL,,GA,bd.a,Georgia,de.a
ca.a,,cabcbcca.a,DL,,,,,bfdha.a,,,TUL,TulsaOK,OK,,,hd.a
,f.a,cabcbcci.a,,,,Nbffch,dcgg.a,bfebb.a,bfebbad.a,dfebb.a,TYR,TylerTX,TX,ei.a,,he.a
cf.a,c.a,cabcbccf.a,US,cadff.a,,,bfcj.a,bbafh.a,,,CLT,,NC,dh.a,NorthCarolina,dg.a
,d.a,,,cadji.a,MQ,NgifMQ,ebai.a,bbbjd.a,bbbjdac.a,ddbaf.a,,CincinnatiOH,KY,cb.a,Kentucky,fc.a
,d.a,cabcbcbj.a,,cadgg.a,,,ecba.a,bccgg.a,,dbefd.a,IAH,HoustonTX,TX,ei.a,,he.a
bc.a,,cabcbcbc.a,DL,,,NfjeNW,,,begdfac.a,dbhbe.a,RSW,,FL,,,
cg.a,d.a,cabcbccg.a,,cadff.a,US,NggaAW,dde.a,bddec.a,bddecaf.a,,MKE,MilwaukeeWI,,ff.a,,ef.a
da.a,h.a,cabcbcda.a,US,,,NfbaUW,j.a,,beghjad.a,,SAN,SanDiegoCA,,g.a,California,
,e.a,cabcbcch.a,,,,Nbejca,fihd.a,bfajg.a,bfajgac.a,dfajg.a,SYR,SyracuseNY,NY,dg.a,NewYork,cc.a
bf.a,g.a,,,,,NediUA,fed.a,,bejaiad.a,dcfhf.a,SNA,SantaAnaCA,CA,,,jb.a
,e.a,,,,,NgdfMQ,djdh.a,,begddad.a,dcfeh.a,RST,RochesterMN,,ch.a,Minnesota,
,c.a,,FL,caedh.a,,,bca.a,badjh.a,,dadjh.a,ATL,,GA,bd.a,Georgia,de.a
ca.a,e.a,,,,,,dcc.a,behhb.a,,,SFO,SanFranciscoCA,CA,,,
bj.a,d.a,cabcbcbj.a,,,,,eja.a,bejai.a,,,SNA,SantaAnaCA,CA,g.a,California,jb.a
bb.a,,cabcbcbb.a,DL,bjhja.a,DL,NghcDL,,bdeih.a,bdeihac.a,dbgfa.a,,MinneapolisMN,,,,
ch.a,e.a,,,,,NhceSK,gfch.a,beigj.a,beigjad.a,,SLC,SaltLakeCityUT,,ej.a,,
,h.a,cabcbcbg.a,EV,cadgg.a,EV,Nbgjbi,,bccgg.a,bccggad.a,dbefd.a,,HoustonTX,TX,ei.a,,he.a
bc.a,d.a,,,,OO,NcjeSW,gebg.a,,bdcgead.a,ddcge.a,MFR,MedfordOR,,eb.a,Oregon,jc.a
cb.a,,cabcbccb.a,AA,bjiaf.a,,,,bbcjc.a,,,DEN,DenverCO,CO,,,ic.a
,c.a,cabcbccf.a,EV,cadgg.a,,,,bdhjf.a,,ddhjf.a,OAJ,,NC,dh.a,NorthCarolina,
c.a,h.a,cabcbcac.a,YV,cadhi.a,,NjdfLR,cgga.a,bbafh.a,,dbafh.a,CLT,,NC,dh.a,NorthCarolina,dg.a
e.a,,cabcbcae.a,DL,bjhja.a,,NjdcDL,,bacai.a,,dacai.a,AGS,,GA,,,de.a
,b.a,,MQ,,MQ,NgadMQ,dfdc.a,,bbafhad.a,dbafh.a,,,NC,dh.a,NorthCarolina,dg.a
cf.a,,cabcbbcf.a,AA,bjiaf.a,,,,bbcji.a,,,DFW,Dallas/FortWorthTX,TX,,,he.a
bg.a,h.a,cabcbcbg.a,Bg,caeaj.a,,,,beach.a,,deach.a,PBI,,FL,bc.a,Florida,
bh.a,b.a,cabcbcbh.a,Bg,caeaj.a,,,,bccge.a,,daifc.a,IAD,,VA,fb.a,,di.a
ci.a,f.a,cabcbcci.a,,caeaj.a,Bg,NcjeJB,bca.a,bdejf.a,bdejfac.a,,MSY,NewOrleansLA,,cc.a,Louisiana,
bd.a,e.a,,,cadae.a,OO,NheeSK,fbhg.a,bccgg.a,bccggad.a,dbefd.a,IAH,HoustonTX,TX,ei.a,,he.a
cf.a,,cabcbccf.a,DL,bjhja.a,,,,bcijc.a,,,LAX,LosAngelesCA,CA,,,jb.a
ci.a,f.a,,,,,NeeiSW,eicg.a,,beigjad.a,,SLC,SaltLakeCityUT,,ej.a,,
bh.a,b.a,cabcbcbh.a,WN,bjdjd.a,,,bcec.a,bdejf.a,,ddejf.a,MSY,NewOrleansLA,,cc.a,Louisiana,
j.a,,cabcbcaj.a,DL,,DL,NfebUS,,,bdeihac.a,dbgfa.a,,MinneapolisMN,,,,
ca.a,e.a,cabcbcca.a,,bjdjd.a,,,diah.a,bbcfj.a,,,DAL,DallasTX,TX,ei.a,,he.a
cc.a,g.a,,,,,,gfba.a,beijd.a,,,SMF,SacramentoCA,,g.a,California,
ch.a,,cabcbcch.a,DL,,DL,NdcbNB,,,bdeihac.a,,,MinneapolisMN,,,,
be.a,f.a,cabcbcbe.a,,bjdjd.a,,NjgcWN,dadf.a,bdcdc.a,,dajhh.a,MDW,,IL,bh.a,Illinois,eb.a
ce.a,b.a,cabcbcce.a,WN,bjdjd.a,,,cih.a,bciij.a,,,LAS,LasVegasNV,NV,dc.a,Nevada,if.a
cb.a,f.a,,,bjjhh.a,,,bgfg.a,bccgg.a,,,IAH,HoustonTX,TX,,,he.a
cg.a,d.a,cabcbccg.a,,caeaj.a,Bg,NbjhJB,bfad.a,bbchi.a,bbchiac.a,,DCA,,VA,fb.a,,di.a
bb.a,c.a,cabcbcbb.a,US,cadff.a,US,NcfaAY,bagj.a,bebaa.a,bebaaac.a,debaa.a,PHL,PhiladelphiaPA,,ec.a,Pennsylvania,
,,,HA,,HA,NehgHA,ccf.a,,bdidaac.a,ddida.a,,KahuluiHI,HI,bf.a,Hawaii,
ba.a,,cabcbcba.a,AA,,AA,NdHLAA,,,bddadad.a,dcegh.a,MIA,,,,,dd.a
cg.a,d.a,cabcbccg.a,,bjdjd.a,WN,NgecWN,djaa.a,bcbjb.a,bcbjbac.a,,HOU,HoustonTX,TX,ei.a,,he.a
,h.a,,MQ,cadji.a,,,diic.a,bdjda.a,,dajhh.a,ORD,,IL,bh.a,Illinois,
db.a,b.a,,UA,bjjhh.a,UA,Nbbcag,bgeh.a,bbiie.a,bbiieac.a,,GEG,SpokaneWA,WA,,,jd.a
,d.a,cabcbcbc.a,,cadgg.a,EV,NhahEV,ffdh.a,bbgce.a,bbgceac.a,dbgce.a,,,FL,bc.a,Florida,dd.a
cj.a,g.a,cabcbccj.a,,bjdjd.a,WN,NgfbSW,bejb.a,bbcfj.a,bbcfjad.a,,DAL,DallasTX,TX,ei.a,,he.a
,b.a,cabcbcad.a,EV,cadgg.a,EV,Ncfbde,,bbgbi.a,bbgbiac.a,dbhad.a,,NewarkNJ,,de.a,NewJersey,cb.a
f.a,d.a,cabcbcaf.a,,bjdjd.a,,NjgeWN,cbe.a,baicb.a,,daifc.a,BWI,,MD,ce.a,Maryland,df.a
cb.a,,cabcbccb.a,DL,,,,,bfdae.a,,,TPA,,FL,bc.a,Florida,dd.a
cc.a,g.a,,,bjjhh.a,,,bbhg.a,beheh.a,,,SEA,SeattleWA,WA,,,
ce.a,b.a,cabcbcce.a,YV,,,,dhgj.a,bfajg.a,,,SYR,SyracuseNY,NY,dg.a,NewYork,cc.a
,b.a,cabcbcad.a,EV,cadgg.a,EV,Nbejea,,bahib.a,bahibac.a,dahib.a,,BatonRougeLA,LA,cc.a,Louisiana,hc.a
h.a,,cabcbcah.a,AA,,AA,NfEKAA,,,bddadad.a,dcegh.a,MIA,,,,,dd.a
ba.a,b.a,,OO,,OO,NehjCA,fdbg.a,,bdehgac.a,dejcc.a,MRY,MontereyCA,,g.a,California,
bc.a,d.a,,,,,NedaUA,gda.a,,bfdaeac.a,ddbjf.a,TPA,,FL,,,dd.a
b.a,g.a,,,,,NfgbSW,fdcf.a,,behehad.a,daffj.a,SEA,SeattleWA,WA,fd.a,,
,,,HA,,HA,NfjeHA,dg.a,,bcbhdab.a,dcbde.a,,HonoluluHI,HI,bf.a,Hawaii,c.a
,h.a,cabcbcaj.a,EV,cadgg.a,EV,Nbiffg,eeea.a,bbjhh.a,bbjhhac.a,dbjhh.a,,GreenBayWI,WI,ff.a,,ef.a
ci.a,f.a,,,,OO,NegbSW,efaf.a,,bagchac.a,,BIS,Bismarck/MandanND,ND,di.a,NorthDakota,gg.a
bj.a,,cabcbcbj.a,AA,bjiaf.a,,,,badjh.a,,,ATL,,GA,,,de.a
i.a,,cabcbcai.a,AS,,AS,NfbjAS,,,bcbhdab.a,dcbde.a,HNL,HonoluluHI,HI,,,c.a
,f.a,cabcbcah.a,,cadgg.a,EV,NieaAS,ffif.a,badjh.a,badjhaf.a,dadjh.a,,,GA,bd.a,Georgia,de.a
bf.a,g.a,cabcbcbf.a,,,WN,NehfWN,daaf.a,,baicbad.a,daifc.a,BWI,,MD,ce.a,Maryland,df.a
cj.a,,cabcbccj.a,AA,,AA,NfgjAA,,,bdjdaac.a,,ORD,,IL,,,
i.a,,cabcbcai.a,DL,,DL,NfebUS,,,bcjfdac.a,dbhad.a,,NewYorkNY,,dg.a,NewYork,cc.a
cd.a,h.a,,UA,bjjhh.a,,,hhi.a,bbcjc.a,,,DEN,DenverCO,CO,,,ic.a
f.a,d.a,,,cadae.a,OO,NccbSW,gefb.a,bcijc.a,bcijcad.a,dcfhf.a,LAX,LosAngelesCA,CA,g.a,California,jb.a
cb.a,f.a,cabcbccb.a,,bjjda.a,,,dbi.a,beheh.a,,,SEA,SeattleWA,WA,,,
bg.a,,cabcbcbg.a,DL,bjhja.a,DL,NhbbZX,,bdeih.a,bdeihac.a,dbgfa.a,,MinneapolisMN,,ch.a,Minnesota,
be.a,f.a,,,cadae.a,,NjbaSW,fced.a,bdbji.a,,ddbji.a,MCI,KansasCityMO,MO,cj.a,Missouri,ge.a
,d.a,,,caedh.a,,,cgc.a,bbcgh.a,,dbcgh.a,DAY,,OH,dj.a,Ohio,ee.a
cf.a,,cabcbccf.a,DL,bjhja.a,,,,badjh.a,,,ATL,,GA,bd.a,Georgia,de.a
bb.a,c.a,,UA,bjjhh.a,UA,Nbhhda,bfhi.a,bccgg.a,bccggad.a,dbefd.a,IAH,HoustonTX,TX,,,he.a
h.a,,cabcbcah.a,AA,,AA,NdCEAA,,,bbcjiad.a,dabje.a,DFW,Dallas/FortWorthTX,TX,,,he.a
e.a,,cabcbcae.a,DL,,DL,NddfNW,,,bdjdaac.a,dajhh.a,,,IL,bh.a,Illinois,
bh.a,b.a,,OO,cadae.a,,,fbgh.a,bccgg.a,,dbefd.a,IAH,HoustonTX,TX,ei.a,,he.a
cj.a,g.a,cabcbccj.a,,caeaj.a,Bg,NcfiJB,jbh.a,bcehi.a,bcehiac.a,,JFK,NewYorkNY,,dg.a,NewYork,cc.a
bj.a,d.a,cabcbcbj.a,,cadff.a,,,chf.a,bebah.a,,,PHX,PhoenixAZ,,e.a,Arizona,
bb.a,,cabcbcbb.a,AA,,AA,NfhfAA,,,bdjdaac.a,dajhh.a,ORD,,IL,,,
,e.a,cabcbcca.a,,cadgg.a,,,ebij.a,bccgg.a,,dbefd.a,IAH,HoustonTX,TX,ei.a,,he.a
f.a,d.a,,,cadae.a,OO,NicdSK,eiad.a,bciij.a,bciijad.a,dccbb.a,LAS,LasVegasNV,NV,dc.a,Nevada,if.a
ce.a,b.a,cabcbcce.a,WN,bjdjd.a,,,cec.a,bddec.a,,,MKE,MilwaukeeWI,,ff.a,,ef.a
bg.a,,cabcbcbg.a,AA,,AA,NdGWAA,,,bddadad.a,dcegh.a,MIA,,,,,dd.a
ci.a,f.a,cabcbcci.a,,,Bg,NdegJB,beib.a,,bbchiac.a,,DCA,,VA,fb.a,,di.a
,f.a,cabcbcah.a,,cadgg.a,EV,Nbcjde,efgi.a,bccgg.a,bccggad.a,dbefd.a,,HoustonTX,TX,ei.a,,he.a
,b.a,cabcbcbh.a,EV,cadgg.a,,,,bbgbi.a,,dbhad.a,EWR,NewarkNJ,,de.a,NewJersey,cb.a
cj.a,g.a,cabcbccj.a,,bjdjd.a,WN,NidafE,bjbf.a,bciij.a,bciijad.a,,LAS,LasVegasNV,NV,dc.a,Nevada,if.a
ba.a,b.a,cabcbcba.a,US,,,NggjAW,j.a,bejai.a,bejaiad.a,dcfhf.a,SNA,SantaAnaCA,CA,g.a,California,jb.a
da.a,h.a,cabcbcda.a,WN,bjdjd.a,WN,NhjbSW,dbgc.a,bdcdc.a,bdcdcac.a,,MDW,,IL,bh.a,Illinois,eb.a
b.a,g.a,,,bjjhh.a,UA,Ncecbc,bhea.a,bciij.a,bciijad.a,dccbb.a,LAS,LasVegasNV,NV,,,if.a
j.a,,cabcbcaj.a,AA,,AA,NeddAA,,,bbcjiad.a,dabje.a,DFW,Dallas/FortWorthTX,TX,,,he.a
cf.a,c.a,,OO,cadae.a,,,fedg.a,bdjda.a,,,ORD,,IL,bh.a,Illinois,
ca.a,e.a,,,bjjhh.a,,,behh.a,bdjda.a,,,ORD,,IL,,,
bf.a,g.a,cabcbcbf.a,,caeaj.a,Bg,NgedJB,dge.a,beach.a,beachac.a,deach.a,PBI,,FL,bc.a,Florida,
d.a,b.a,cabcbcad.a,AS,bjjda.a,AS,NhjeAS,,bcibj.a,bcibjac.a,dbeab.a,KTN,KetchikanAK,AK,,,b.a
be.a,f.a,,,,UA,NedjUA,eba.a,,bbcjcac.a,dadcf.a,DEN,DenverCO,CO,,,ic.a
,e.a,cabcbcca.a,,cadgg.a,,,edeb.a,bcjfb.a,,dcjfb.a,LFT,LafayetteLA,LA,cc.a,Louisiana,hc.a
f.a,d.a,cabcbcaf.a,,cadff.a,US,NiajAW,gdc.a,bebah.a,bebahac.a,daegg.a,PHX,PhoenixAZ,,e.a,Arizona,
bg.a,h.a,cabcbcbg.a,AS,,,NfdiAS,,,behehad.a,daffj.a,SEA,SeattleWA,WA,,,
,g.a,cabcbcai.a,,caedg.a,,NjciFR,gfd.a,bddec.a,,dddec.a,MKE,MilwaukeeWI,,ff.a,,ef.a
ca.a,e.a,cabcbcca.a,,,,,fgg.a,bejai.a,,,SNA,SantaAnaCA,CA,g.a,California,jb.a
,f.a,cabcbcbe.a,,cadgg.a,EV,Nbdjje,gbab.a,bccge.a,bccgeac.a,daifc.a,,,VA,fb.a,,di.a
bi.a,c.a,cabcbcbi.a,YV,cadhi.a,,,chbg.a,bbaec.a,,dageh.a,CLE,,OH,dj.a,Ohio,ee.a
,b.a,cabcbcba.a,EV,cadgg.a,EV,NigaAS,,baigi.a,baigiad.a,daigi.a,,,SC,ef.a,SouthCarolina,dh.a
,g.a,cabcbcab.a,,cadgg.a,EV,NiceAS,fcjb.a,badjh.a,badjhaf.a,dadjh.a,,,GA,bd.a,Georgia,de.a
cg.a,d.a,,,cadae.a,,NhifSK,gcch.a,behhb.a,behhbab.a,,SFO,SanFranciscoCA,CA,g.a,California,
ca.a,e.a,cabcbcca.a,,cadhi.a,,,babc.a,bcbhd.a,,,HNL,HonoluluHI,HI,bf.a,Hawaii,c.a
,f.a,cabcbccb.a,,cadgg.a,,,egci.a,bccgg.a,,dbefd.a,IAH,HoustonTX,TX,ei.a,,he.a
ci.a,f.a,cabcbcci.a,,bjdjd.a,WN,NidbeL,cefh.a,bciij.a,bciijad.a,,LAS,LasVegasNV,NV,dc.a,Nevada,if.a
h.a,,cabcbcah.a,DL,bjhja.a,,NjgaDL,,badjh.a,,dadjh.a,ATL,,GA,bd.a,Georgia,de.a
ch.a,e.a,cabcbcch.a,,,US,NefcUW,bidb.a,,bbafhad.a,,CLT,,NC,dh.a,NorthCarolina,dg.a
bi.a,,cabcbcbi.a,AA,,,,,bfdae.a,,ddbjf.a,TPA,,FL,,,dd.a
h.a,f.a,,,bjjhh.a,UA,Nhgfac,bedf.a,bccgg.a,bccggad.a,dbefd.a,IAH,HoustonTX,TX,,,he.a
db.a,b.a,cabcbcdb.a,Bg,,Bg,NdfdJB,,,bahcbac.a,,BOS,BostonMA,MA,cf.a,Massachusetts,bd.a
ba.a,b.a,,UA,,UA,NecjUA,ged.a,,bddadad.a,dcegh.a,MIA,,,,,dd.a
cg.a,,cabcbccg.a,AA,,AA,NeYUAA,,,bbcjiad.a,,DFW,Dallas/FortWorthTX,TX,,,he.a
cg.a,,cabcbccg.a,DL,bjhja.a,DL,NhheNC,,bcddj.a,bcddjae.a,,,,IN,bi.a,Indiana,ec.a
ce.a,b.a,cabcbcce.a,YV,cadhi.a,,,cggj.a,bbafh.a,,,CLT,,NC,dh.a,NorthCarolina,dg.a
bg.a,h.a,,UA,bjjhh.a,UA,NibfUA,dij.a,bbcjc.a,bbcjcac.a,dadcf.a,DEN,DenverCO,CO,,,ic.a
cb.a,,cabcbccb.a,AA,bjiaf.a,,,,bbgbi.a,,,EWR,NewarkNJ,,,,cb.a
bh.a,,cabcbcbh.a,WN,bjdjd.a,,,chfi.a,bebaa.a,,debaa.a,PHL,PhiladelphiaPA,,ec.a,Pennsylvania,
bb.a,,cabcbcbb.a,AA,,AA,NfcbAA,,,bbcjiad.a,dabje.a,DFW,Dallas/FortWorthTX,TX,,,he.a
,c.a,cabcbcae.a,EV,cadgg.a,EV,NhfaEV,,bcbjh.a,bcbjhac.a,dbhad.a,,WhitePlainsNY,NY,dg.a,NewYork,cc.a
c.a,,cabcbcac.a,DL,bjhja.a,,NjbhDN,,behhb.a,,dcefh.a,SFO,SanFranciscoCA,CA,g.a,California,
ce.a,,cabcbcce.a,AA,bjiaf.a,,,,beafh.a,,,PDX,PortlandOR,,,,
db.a,b.a,,UA,,UA,NfaeUA,hff.a,,bbcjcac.a,,DEN,DenverCO,CO,,,ic.a
ci.a,f.a,cabcbcci.a,,cadhi.a,,NjdeFJ,chgg.a,bebah.a,,,PHX,PhoenixAZ,,e.a,Arizona,
d.a,,cabcbcad.a,WN,,WN,NejaWN,ejg.a,,bdijbab.a,dcfhf.a,ONT,OntarioCA,,g.a,California,
,d.a,cabcbccg.a,,cadgg.a,,Nbdfgg,ebdi.a,befhg.a,befhgae.a,defhg.a,ROC,RochesterNY,,dg.a,NewYork,
b.a,g.a,,,,,NjfdSW,ehfi.a,beigj.a,,degbe.a,SLC,SaltLakeCityUT,,ej.a,,
da.a,h.a,,OO,cadae.a,OO,NiigAS,cifa.a,bebah.a,bebahac.a,,PHX,PhoenixAZ,,e.a,Arizona,
,d.a,,,caedh.a,,NjfhAT,bhc.a,bahcb.a,,dahcb.a,BOS,BostonMA,MA,cf.a,Massachusetts,bd.a
,h.a,,MQ,,MQ,NgafMQ,edej.a,,bdjdaac.a,dajhh.a,,,IL,bh.a,Illinois,
,d.a,cabcbccg.a,,,,NjdcEV,fedj.a,beibe.a,,daehg.a,SHV,ShreveportLA,LA,cc.a,Louisiana,
ca.a,,cabcbcca.a,WN,bjdjd.a,,,ihc.a,baicb.a,,,BWI,,MD,ce.a,Maryland,df.a
ba.a,,cabcbcba.a,AA,,AA,NfFDAA,,,bcijcad.a,dcfhf.a,LAX,LosAngelesCA,CA,,,jb.a
be.a,f.a,cabcbcbe.a,,bjjda.a,AS,NhgaAS,ceg.a,beafh.a,beafhac.a,deafh.a,PDX,PortlandOR,,,,
ca.a,,cabcbcca.a,WN,bjdjd.a,,,efh.a,bciij.a,,,LAS,LasVegasNV,NV,dc.a,Nevada,if.a
cg.a,,cabcbccg.a,WN,,,NhgiSW,eefb.a,beijd.a,beijdac.a,,SMF,SacramentoCA,,g.a,California,
cb.a,,cabcbccb.a,WN,bjdjd.a,,,eieb.a,bdhjg.a,,,OAK,OaklandCA,,g.a,California,
g.a,,cabcbcag.a,AA,,AA,NdAPAA,,,bdjdaac.a,dajhh.a,ORD,,IL,,,
,h.a,,FL,caedh.a,FL,NcijAT,bebb.a,bbgjh.a,bbgjhad.a,dcegh.a,,,FL,bc.a,Florida,dd.a
,e.a,,,cadji.a,,,ddfe.a,bbcji.a,,dabje.a,DFW,Dallas/FortWorthTX,TX,ei.a,,he.a
,f.a,,,cadji.a,MQ,NifeMQ,dfaj.a,bcefb.a,bcefbac.a,dbbdg.a,,,FL,bc.a,Florida,dd.a
i.a,,cabcbcai.a,DL,bjhja.a,,NjbgDN,,bdeih.a,,dbgfa.a,MSP,MinneapolisMN,,ch.a,Minnesota,
bi.a,,cabcbcbi.a,DL,bjhja.a,,,,bdcae.a,,dbefe.a,MCO,,,bc.a,Florida,dd.a
cb.a,f.a,cabcbccb.a,,bjjda.a,,,ihi.a,bdida.a,,,OGG,KahuluiHI,HI,,,
ce.a,b.a,cabcbcce.a,US,cadff.a,,,bgdb.a,bedah.a,,,PVD,ProvidenceRI,,ee.a,RhodeIsland,
,h.a,,FL,caedh.a,,,ec.a,badjh.a,,dadjh.a,ATL,,GA,bd.a,Georgia,de.a
,f.a,cabcbcah.a,,cadgg.a,,NjhbEV,fagi.a,badjh.a,,dadjh.a,ATL,,GA,bd.a,Georgia,de.a
bd.a,e.a,cabcbcbd.a,,,Bg,NfbjJB,bbih.a,,bahcbac.a,dahcb.a,BOS,BostonMA,MA,cf.a,Massachusetts,bd.a
bd.a,,cabcbcbd.a,WN,bjdjd.a,WN,NhbiSW,jde.a,bcijc.a,bcijcad.a,dcfhf.a,LAX,LosAngelesCA,CA,g.a,California,jb.a
cd.a,h.a,,UA,bjjhh.a,,,ffj.a,bdjda.a,,,ORD,,IL,,,
f.a,,cabcbcaf.a,WN,,,NgbiWN,bajb.a,,bfabgad.a,dbbcd.a,STL,St.LouisMO,MO,cj.a,Missouri,ge.a
ce.a,,cabcbcce.a,DL,bjhja.a,,,,bciij.a,,,LAS,LasVegasNV,NV,dc.a,Nevada,if.a
ba.a,,cabcbcba.a,WN,bjdjd.a,,NjabWN,cifa.a,begid.a,begidad.a,ddcbe.a,SAT,SanAntonioTX,,ei.a,,
db.a,b.a,cabcbcdb.a,YV,cadhi.a,,NjfgLR,chgi.a,bebah.a,,daegg.a,PHX,PhoenixAZ,,e.a,Arizona,
,c.a,,FL,caedh.a,FL,NijgAT,bhc.a,bahcb.a,bahcbac.a,dahcb.a,,BostonMA,MA,cf.a,Massachusetts,bd.a
,h.a,cabcbcda.a,EV,cadgg.a,EV,Ncbbjh,,bdjda.a,bdjdaac.a,dajhh.a,,,IL,bh.a,Illinois,
cb.a,f.a,,,cadae.a,,,cgga.a,bcijc.a,,,LAX,LosAngelesCA,CA,g.a,California,jb.a
,c.a,,MQ,cadji.a,,,dhdd.a,bdjda.a,,dajhh.a,ORD,,IL,bh.a,Illinois,
ch.a,,cabcbcch.a,DL,bjhja.a,DL,NbhiDZ,,badjh.a,badjhaf.a,,,,GA,bd.a,Georgia,de.a
ci.a,,cabcbcci.a,DL,,DL,NffdNW,,,bebahac.a,,,PhoenixAZ,,e.a,Arizona,
f.a,,cabcbcaf.a,WN,,WN,NfagSW,cgjb.a,,bcbjbac.a,dbefd.a,HOU,HoustonTX,TX,ei.a,,he.a
be.a,,cabcbcbe.a,DL,bjhja.a,,NjdeDL,,bcjfd.a,,dbhad.a,LGA,NewYorkNY,,dg.a,NewYork,cc.a
ch.a,,cabcbcch.a,AA,,AA,NfbfAA,,,bdjdaac.a,,ORD,,IL,,,
,d.a,cabcbcbc.a,EV,cadgg.a,EV,NhbhEV,,badjh.a,badjhaf.a,dadjh.a,,,GA,bd.a,Georgia,de.a
cd.a,h.a,cabcbccd.a,YV,cadhi.a,,,chfa.a,bebah.a,,,PHX,PhoenixAZ,,e.a,Arizona,
ci.a,f.a,,,,UA,NebdUA,ejb.a,,bbgjhad.a,,FLL,,FL,,,dd.a
j.a,h.a,cabcbcaj.a,YV,cadhi.a,,NjciLR,cgfb.a,baede.a,,daede.a,AVP,Scranton/Wilkes-BarrePA,PA,ec.a,Pennsylvania,cd.a
bb.a,,cabcbcbb.a,WN,bjdjd.a,WN,NhhhQC,ccd.a,bdcdc.a,bdcdcac.a,dajhh.a,MDW,,IL,bh.a,Illinois,eb.a
c.a,,cabcbcac.a,AA,,AA,NdBEAA,,,bbcjiad.a,dabje.a,DFW,Dallas/FortWorthTX,TX,,,he.a
,d.a,,FL,caedh.a,,,dec.a,bcijc.a,,dcfhf.a,LAX,LosAngelesCA,CA,g.a,California,jb.a
,b.a,,MQ,cadji.a,,,chhh.a,bbcji.a,,dabje.a,DFW,Dallas/FortWorthTX,TX,ei.a,,he.a
bf.a,,cabcbcbf.a,WN,,WN,NdjhSW,cdif.a,,bciijad.a,dccbb.a,LAS,LasVegasNV,NV,dc.a,Nevada,if.a
,g.a,,,cadji.a,MQ,NidiMQ,cjji.a,bbcji.a,bbcjiad.a,dabje.a,,Dallas/FortWorthTX,TX,ei.a,,he.a
ch.a,,cabcbcch.a,AA,,AA,NfDYAA,,,bdcaeac.a,,MCO,,,,,dd.a
i.a,,cabcbcai.a,DL,bjhja.a,DL,NhfbAT,,bcijc.a,bcijcad.a,dcfhf.a,,LosAngelesCA,CA,g.a,California,jb.a
bg.a,h.a,cabcbcbg.a,US,cadff.a,,,bjbf.a,bacfh.a,,dacfh.a,ALB,AlbanyNY,NY,dg.a,NewYork,cc.a
bh.a,,cabcbcbh.a,DL,bjhja.a,,,,befha.a,,defha.a,RNO,RenoNV,,dc.a,Nevada,
f.a,,cabcbcaf.a,DL,,DL,NdeiNW,,,bdeihac.a,dbgfa.a,,MinneapolisMN,,ch.a,Minnesota,
,f.a,,,cadji.a,MQ,NjacMQ,dfca.a,bddad.a,bddadad.a,dcegh.a,,,,bc.a,Florida,dd.a
bj.a,,cabcbcbj.a,WN,bjdjd.a,,,cdjc.a,bebah.a,,,PHX,PhoenixAZ,,e.a,Arizona,
bg.a,h.a,cabcbcbg.a,US,cadff.a,,,fjc.a,bebah.a,,daegg.a,PHX,PhoenixAZ,,e.a,Arizona,
,g.a,cabcbccc.a,,,,,efbh.a,bfdha.a,,degfd.a,TUL,TulsaOK,OK,ea.a,Oklahoma,hd.a
,c.a,cabcbcbb.a,EV,cadgg.a,EV,Nbdfgg,,bdcee.a,bdceeac.a,ddcee.a,,MemphisTN,,eh.a,Tennessee,fe.a
,e.a,cabcbcbd.a,,cadgg.a,EV,Nbebhj,egbe.a,bcbhh.a,bcbhhad.a,dcbhh.a,,HobbsNM,NM,df.a,NewMexico,ig.a
cd.a,h.a,cabcbccd.a,US,cadff.a,,,gia.a,bebah.a,,,PHX,PhoenixAZ,,e.a,Arizona,
,b.a,,MQ,cadji.a,,,dgfd.a,bccgg.a,,dbefd.a,IAH,HoustonTX,TX,ei.a,,he.a
ba.a,,cabcbcba.a,WN,,,NedhWN,baf.a,,beigjad.a,degbe.a,SLC,SaltLakeCityUT,,ej.a,,
cg.a,,cabcbccg.a,AA,,AA,NfbjAA,,,bdjdaac.a,,ORD,,IL,,,
c.a,,cabcbcac.a,AA,,AA,NeYHAA,,,bdcfgac.a,ddcfg.a,MFE,Mission/McAllen/EdinburgTX,,,,he.a
bj.a,,cabcbcbj.a,DL,,,,,bfabg.a,,,STL,St.LouisMO,MO,cj.a,Missouri,ge.a
,b.a,cabcbcad.a,EV,cadgg.a,,NjiaEV,,bcjef.a,,dcjef.a,LEX,LexingtonKY,KY,cb.a,Kentucky,fc.a
e.a,c.a,cabcbcae.a,US,cadff.a,,NjfaUW,cbdc.a,bcjfd.a,,dbhad.a,LGA,NewYorkNY,,dg.a,NewYork,cc.a
bc.a,,cabcbcbc.a,WN,bjdjd.a,WN,NhfjGS,bgcd.a,bcijc.a,bcijcad.a,dcfhf.a,LAX,LosAngelesCA,CA,g.a,California,jb.a
cc.a,,cabcbccc.a,WN,bjdjd.a,,,ecec.a,bahjc.a,,,BUF,BuffaloNY,NY,dg.a,NewYork,cc.a
ch.a,e.a,cabcbcch.a,,cadff.a,US,NbcfUW,bbcf.a,bbafh.a,bbafhad.a,,CLT,,NC,dh.a,NorthCarolina,dg.a
cj.a,g.a,,,bjjhh.a,UA,NifcUA,cgj.a,bbaec.a,bbaecac.a,,CLE,,OH,,,ee.a
d.a,b.a,,OO,cadae.a,,NjcfSW,fgfj.a,bbcjc.a,,dadcf.a,DEN,DenverCO,CO,i.a,Colorado,ic.a
ba.a,,cabcbcba.a,AA,,AA,NeihAA,,,baicbad.a,daifc.a,BWI,,MD,,,df.a
,g.a,,,cadji.a,MQ,NicgMQ,cjji.a,bbcji.a,bbcjiad.a,dabje.a,,Dallas/FortWorthTX,TX,ei.a,,he.a
,g.a,cabcbcai.a,,cadgg.a,EV,Nbcbgd,egch.a,bebcc.a,bebccac.a,dabji.a,,PittsburghPA,,ec.a,Pennsylvania,
bd.a,e.a,,,cadae.a,,NjigSW,gcia.a,bbcjc.a,,dadcf.a,DEN,DenverCO,CO,i.a,Colorado,ic.a
c.a,,cabcbcac.a,AA,,AA,NdCDAA,,,bddadad.a,dcegh.a,MIA,,,,,dd.a
f.a,d.a,,OO,cadae.a,OO,NhedSK,gcdg.a,bcbjh.a,bcbjhac.a,dbhad.a,HPN,WhitePlainsNY,NY,dg.a,NewYork,cc.a
cf.a,c.a,cabcbccf.a,YV,cadhi.a,,,dhjj.a,bdbji.a,,,MCI,KansasCityMO,MO,cj.a,Missouri,ge.a
,c.a,cabcbcbi.a,EV,cadgg.a,,,,bbgbi.a,,dbhad.a,EWR,NewarkNJ,,de.a,NewJersey,cb.a
,e.a,cabcbcca.a,,cadgg.a,,,egac.a,bdbfi.a,,ddbfi.a,MAF,Midland/OdessaTX,,ei.a,,he.a
e.a,c.a,cabcbcae.a,US,cadff.a,US,NhgcUS,cbge.a,bbchi.a,bbchiac.a,daifc.a,DCA,,VA,fb.a,,di.a
,g.a,cabcbccc.a,,cadgg.a,,,fica.a,bbjjf.a,,dbjjf.a,GSO,,NC,dh.a,NorthCarolina,dg.a
g.a,,cabcbcag.a,WN,bjdjd.a,WN,NggjSW,beh.a,bdbji.a,bdbjiab.a,ddbji.a,MCI,KansasCityMO,MO,cj.a,Missouri,ge.a
,e.a,cabcbcag.a,,cadgg.a,EV,Nbbbaj,fjef.a,bbcjc.a,bbcjcac.a,dadcf.a,,DenverCO,CO,i.a,Colorado,ic.a
,b.a,cabcbcbh.a,EV,cadgg.a,,,,badjh.a,,dadjh.a,ATL,,GA,bd.a,Georgia,de.a
e.a,,cabcbcae.a,DL,bjhja.a,,NjbeDL,,bbcji.a,,dabje.a,DFW,Dallas/FortWorthTX,TX,ei.a,,he.a
da.a,h.a,cabcbcda.a,AS,,AS,NgbdAS,,,beafhac.a,,PDX,PortlandOR,,,,
cb.a,,cabcbccb.a,WN,bjdjd.a,,,dhbd.a,bdcdc.a,,,MDW,,IL,bh.a,Illinois,eb.a
,d.a,,MQ,cadji.a,MQ,NgidMQ,eceh.a,bahjc.a,bahjcae.a,dahjc.a,,BuffaloNY,NY,dg.a,NewYork,cc.a
b.a,,cabcbcab.a,WN,bjdjd.a,WN,NhhdiA,ciib.a,bciij.a,bciijad.a,dccbb.a,LAS,LasVegasNV,NV,dc.a,Nevada,if.a
b.a,g.a,cabcbcab.a,,,Bg,NfchJB,eaf.a,,bafcjae.a,dafcj.a,BDL,HartfordCT,CT,j.a,Connecticut,bb.a
i.a,,cabcbcai.a,WN,bjdjd.a,WN,NhehSA,begc.a,bdcae.a,bdcaeac.a,dbefe.a,MCO,,,bc.a,Florida,dd.a
be.a,f.a,cabcbcbe.a,,caeaj.a,,NbjiJB,fd.a,befhg.a,befhgae.a,defhg.a,ROC,RochesterNY,,dg.a,NewYork,
da.a,h.a,,UA,,UA,NefjUA,fea.a,,bdcaeac.a,,MCO,,,,,dd.a
be.a,f.a,cabcbcbe.a,,cadff.a,US,NbiiUS,bejb.a,bcjfd.a,bcjfdac.a,dbhad.a,LGA,NewYorkNY,,dg.a,NewYork,cc.a
bh.a,b.a,,OO,cadae.a,,,gcjh.a,bbcjc.a,,dadcf.a,DEN,DenverCO,CO,i.a,Colorado,ic.a
b.a,,cabcbcab.a,AA,,AA,NdEXAA,,,bcjfdac.a,dbhad.a,LGA,NewYorkNY,,,,cc.a
bc.a,d.a,cabcbcbc.a,YV,,YV,NfbfMJ,dhjj.a,,bccgeac.a,daifc.a,IAD,,VA,fb.a,,di.a
,d.a,,MQ,cadji.a,MQ,NiacMQ,ebbi.a,bdjda.a,bdjdaac.a,dajhh.a,,,IL,bh.a,Illinois,
cf.a,c.a,,UA,bjjhh.a,,,bahh.a,bbgbi.a,,,EWR,NewarkNJ,,,,cb.a
,f.a,cabcbcci.a,,,,Nbejdd,ebja.a,bfdha.a,bfdhaac.a,degfd.a,TUL,TulsaOK,OK,ea.a,Oklahoma,hd.a
,b.a,cabcbcbh.a,EV,cadgg.a,,,,badjh.a,,dadjh.a,ATL,,GA,bd.a,Georgia,de.a
,f.a,,,,MQ,NgcaMQ,ddfe.a,,bbcjiad.a,dabje.a,,Dallas/FortWorthTX,TX,ei.a,,he.a
bf.a,,cabcbcbf.a,DL,,,NddgNW,,,beijdac.a,ddbjc.a,SMF,SacramentoCA,,g.a,California,jb.a
db.a,b.a,cabcbcdb.a,AS,,,NhjcAS,,beidb.a,beidbad.a,,SJC,SanJoseCA,CA,,,
ch.a,,cabcbcch.a,WN,,WN,NcjhWN,ehah.a,,bbcfjad.a,,DAL,DallasTX,TX,ei.a,,he.a
cg.a,,cabcbccg.a,WN,,,NcjdWN,efae.a,beidb.a,beidbad.a,,SJC,SanJoseCA,CA,g.a,California,
,e.a,cabcbcag.a,,cadgg.a,EV,NifaAS,ffha.a,badjh.a,badjhaf.a,dadjh.a,,,GA,bd.a,Georgia,de.a
,d.a,,MQ,cadji.a,MQ,NibdMQ,ebbd.a,bdjda.a,bdjdaac.a,dajhh.a,,,IL,bh.a,Illinois,
d.a,,cabcbcad.a,DL,,DL,NfjaNW,,,bbgjhad.a,dcegh.a,,,FL,bc.a,Florida,dd.a
ba.a,b.a,,OO,,OO,NcjfSW,gdec.a,,bcijcad.a,dcfhf.a,LAX,LosAngelesCA,CA,g.a,California,jb.a
bg.a,,cabcbcbg.a,DL,bjhja.a,,,,bbedd.a,,dbcjf.a,DTW,,MI,cg.a,Michigan,ed.a
,h.a,cabcbcda.a,EV,cadgg.a,EV,Nbcjgh,,bccgg.a,bccggad.a,dbefd.a,,HoustonTX,TX,ei.a,,he.a
bf.a,g.a,,,bjjhh.a,UA,Ncdhcb,bcjh.a,bbaec.a,bbaecac.a,dageh.a,CLE,,OH,,,ee.a
bd.a,e.a,,,,UA,NefjUA,gda.a,,bebccac.a,dabji.a,PIT,PittsburghPA,,,,
,c.a,cabcbcbb.a,EV,cadgg.a,EV,Nbbbah,,bbcjc.a,bbcjcac.a,dadcf.a,,DenverCO,CO,i.a,Colorado,ic.a
,b.a,cabcbcba.a,EV,cadgg.a,EV,Nbbfgf,,bdjda.a,bdjdaac.a,dajhh.a,,,IL,bh.a,Illinois,
c.a,h.a,cabcbcac.a,Bg,caeaj.a,Bg,NcheJB,,bdcae.a,bdcaeac.a,dbefe.a,MCO,,,bc.a,Florida,dd.a
bh.a,,cabcbcbh.a,AA,,,,,beied.a,,deibj.a,SJU,SanJuanPR,PR,,,
cd.a,,cabcbccd.a,WN,bjdjd.a,,,dgec.a,bdcdc.a,,,MDW,,IL,bh.a,Illinois,eb.a
bb.a,c.a,,UA,,UA,NebhUA,efd.a,,bbcjcac.a,dadcf.a,DEN,DenverCO,CO,,,ic.a
,d.a,cabcbcaf.a,EV,cadgg.a,EV,NifeAS,,badjh.a,badjhaf.a,dadjh.a,,,GA,bd.a,Georgia,de.a
c.a,h.a,cabcbcac.a,YV,cadhi.a,,NjbjFJ,cgdf.a,bbafh.a,,dbafh.a,CLT,,NC,dh.a,NorthCarolina,dg.a
h.a,,cabcbcah.a,WN,,,NgijSW,ihc.a,bfabg.a,bfabgad.a,dbbcd.a,STL,St.LouisMO,MO,cj.a,Missouri,ge.a
,f.a,cabcbcah.a,,cadgg.a,EV,Nbiffh,ebjb.a,bbgbi.a,bbgbiac.a,dbhad.a,,NewarkNJ,,de.a,NewJersey,cb.a
j.a,,cabcbbaj.a,AA,,AA,NeWMAA,,,bdjdaac.a,dajhh.a,ORD,,IL,,,
,c.a,,FL,caedh.a,,,dj.a,badjh.a,,dadjh.a,ATL,,GA,bd.a,Georgia,de.a
,d.a,cabcbcbj.a,EV,cadgg.a,,,,bahib.a,,dahib.a,BTR,BatonRougeLA,LA,cc.a,Louisiana,hc.a
bi.a,c.a,,UA,bjjhh.a,,,ejf.a,bbcjc.a,,dadcf.a,DEN,DenverCO,CO,,,ic.a
,e.a,,,cadji.a,,,deig.a,bbgce.a,,dbgce.a,EYW,,FL,bc.a,Florida,dd.a
cj.a,,cabcbccj.a,DL,,,NbiiDN,,behhb.a,behhbab.a,,SFO,SanFranciscoCA,CA,g.a,California,
f.a,d.a,cabcbcaf.a,YV,cadhi.a,,NjahFJ,cida.a,bebah.a,,daegg.a,PHX,PhoenixAZ,,e.a,Arizona,
f.a,,cabcbcaf.a,WN,bjdjd.a,WN,NgeeSW,dcbh.a,bbgjh.a,bbgjhad.a,dcegh.a,FLL,FortLauderdaleFL,FL,bc.a,Florida,dd.a
j.a,h.a,cabcbcaj.a,US,,US,NgcbAW,eig.a,,bebahac.a,daegg.a,PHX,PhoenixAZ,,e.a,Arizona,
bc.a,d.a,cabcbcbc.a,Bg,,Bg,NfdgJB,,,bcjfeac.a,dcfhf.a,LGB,LongBeachCA,CA,g.a,California,jb.a
f.a,d.a,,OO,,OO,NfhjSW,fdad.a,,bafgbad.a,dafgb.a,BFL,BakersfieldCA,CA,g.a,California,jb.a
ca.a,,cabcbcca.a,AA,bjiaf.a,,,,bdjda.a,,,ORD,,IL,,,
i.a,,cabcbcai.a,WN,bjdjd.a,,NjbgWN,ejbi.a,beghj.a,,ddfha.a,SAN,SanDiegoCA,,g.a,California,
,h.a,,MQ,cadji.a,MQ,NiceMQ,ebhf.a,bdjda.a,bdjdaac.a,dajhh.a,,,IL,bh.a,Illinois,
b.a,,cabcbcab.a,WN,bjdjd.a,,NcceWN,ejbf.a,beghj.a,beghjad.a,ddfha.a,SAN,SanDiegoCA,,g.a,California,
bc.a,,cabcbcbc.a,AA,,AA,NdBAAA,,,bcjfdac.a,dbhad.a,LGA,NewYorkNY,,,,cc.a
bf.a,g.a,,,cadae.a,OO,NhjhSK,fcbj.a,bccgg.a,bccggad.a,dbefd.a,IAH,HoustonTX,TX,ei.a,,he.a
j.a,h.a,cabcbcaj.a,US,cadff.a,US,NhaiUW,bedi.a,badjh.a,badjhaf.a,dadjh.a,ATL,,GA,bd.a,Georgia,de.a
f.a,,cabcbcaf.a,DL,,DL,NddeNB,,,bebccac.a,dabji.a,,PittsburghPA,,ec.a,Pennsylvania,
g.a,,cabcbcag.a,AA,,AA,NfccAA,,,bbcjiad.a,dabje.a,DFW,Dallas/FortWorthTX,TX,,,he.a
ce.a,,cabcbcce.a,AA,bjiaf.a,,,,bcjfd.a,,,LGA,NewYorkNY,,,,cc.a
cj.a,,cabcbbcj.a,AA,,AA,NfbdAA,,,bdjdaac.a,,ORD,,IL,,,
cb.a,f.a,,,cadae.a,,,gedb.a,begid.a,,,SAT,SanAntonioTX,,ei.a,,
ch.a,e.a,cabcbcch.a,,caeaj.a,Bg,NhieJB,djd.a,bcjfd.a,bcjfdac.a,,LGA,NewYorkNY,,dg.a,NewYork,cc.a
cj.a,,cabcbccj.a,AA,,AA,NeiaAA,,,bdcaeac.a,,MCO,,,,,dd.a
c.a,h.a,,OO,cadae.a,,NjefSW,ffbh.a,bbcjc.a,,dadcf.a,DEN,DenverCO,CO,i.a,Colorado,ic.a
cg.a,d.a,cabcbccg.a,YV,,YV,Ndhbhi,baaf.a,,bcbhdab.a,,HNL,HonoluluHI,HI,bf.a,Hawaii,c.a
,e.a,cabcbcbd.a,,cadgg.a,EV,Ncbfdh,edbe.a,bbgbi.a,bbgbiac.a,dbhad.a,,NewarkNJ,,de.a,NewJersey,cb.a
e.a,c.a,cabcbcae.a,US,cadff.a,US,NibgAW,ghj.a,bebah.a,bebahac.a,daegg.a,PHX,PhoenixAZ,,e.a,Arizona,
e.a,c.a,,OO,cadae.a,OO,NhhaSK,gegj.a,bbecd.a,bbecdad.a,dbecd.a,DSM,DesMoinesIA,IA,bj.a,Iowa,gb.a
d.a,b.a,,OO,cadae.a,OO,NcbiAG,degd.a,bdijb.a,bdijbab.a,dcfhf.a,ONT,OntarioCA,,g.a,California,
,e.a,,,cadji.a,,NjafMQ,dcdj.a,bbcji.a,,dabje.a,DFW,Dallas/FortWorthTX,TX,ei.a,,he.a
b.a,,cabcbcab.a,WN,,,NhddSA,dfab.a,bfdae.a,bfdaeac.a,ddbjf.a,TPA,TampaFL,FL,bc.a,Florida,dd.a
d.a,,cabcbcad.a,DL,bjhja.a,DL,NghaeZ,,bcijc.a,bcijcad.a,dcfhf.a,,LosAngelesCA,CA,g.a,California,jb.a
h.a,,cabcbcah.a,AA,,AA,NeieAA,,,bbcjiad.a,dabje.a,DFW,Dallas/FortWorthTX,TX,,,he.a
,d.a,cabcbccg.a,EV,cadgg.a,,NigaAS,,beejc.a,beejcac.a,deejc.a,RDU,,,dh.a,NorthCarolina,
,b.a,cabcbcce.a,EV,cadgg.a,,,,baigi.a,,daigi.a,CAE,,SC,ef.a,SouthCarolina,dh.a
ca.a,e.a,cabcbcca.a,,cadff.a,,,bbgd.a,bebcc.a,,,PIT,PittsburghPA,,ec.a,Pennsylvania,
c.a,,cabcbcac.a,AA,,AA,NfedAA,,,bbcjiad.a,dabje.a,DFW,Dallas/FortWorthTX,TX,,,he.a
bi.a,c.a,,UA,bjjhh.a,,,baga.a,begid.a,,ddcbe.a,SAT,SanAntonioTX,,,,
g.a,e.a,cabcbcag.a,,,Bg,NfaiJB,cce.a,,bdcaeac.a,dbefe.a,MCO,OrlandoFL,,bc.a,Florida,dd.a
be.a,,cabcbcbe.a,AS,,,NgbfAS,,,behehad.a,daffj.a,SEA,SeattleWA,WA,,,
ba.a,,cabcbcba.a,WN,,WN,NejeWN,hcj.a,,bbcjcac.a,dadcf.a,DEN,DenverCO,CO,i.a,Colorado,ic.a
db.a,b.a,,OO,,,NicaSK,ehai.a,bfabg.a,bfabgad.a,dbbcd.a,STL,St.LouisMO,MO,cj.a,Missouri,ge.a
ch.a,,cabcbcch.a,AA,,AA,NdHAAA,,,bbcjiad.a,,DFW,Dallas/FortWorthTX,TX,,,he.a
g.a,,cabcbcag.a,DL,,DL,NdjjDA,,,bdeihac.a,dbgfa.a,,MinneapolisMN,,ch.a,Minnesota,
ba.a,,cabcbcba.a,WN,bjdjd.a,WN,NhjaSW,idb.a,bdihb.a,bdihbac.a,dddbg.a,OMA,OmahaNE,,db.a,Nebraska,
ca.a,,cabcbcca.a,AA,,,,,beijd.a,,,SMF,SacramentoCA,,,,jb.a
,d.a,cabcbcbj.a,EV,cadgg.a,,,,bbgbi.a,,dbhad.a,EWR,NewarkNJ,,de.a,NewJersey,cb.a
cb.a,,cabcbccb.a,WN,,,,bdie.a,beidb.a,,,SJC,SanJoseCA,CA,g.a,California,
cd.a,,cabcbccd.a,DL,bjhja.a,,,,bciij.a,,,LAS,LasVegasNV,NV,dc.a,Nevada,if.a
bf.a,,cabcbcbf.a,AS,,,NfihAS,,,behehad.a,daffj.a,SEA,SeattleWA,WA,,,
,h.a,cabcbcbg.a,EV,cadgg.a,,,,bdchh.a,,ddchh.a,MGM,MontgomeryAL,,b.a,Alabama,fb.a
cb.a,f.a,cabcbccb.a,,cadff.a,,,cbbg.a,bcjfd.a,,,LGA,NewYorkNY,,dg.a,NewYork,cc.a
bi.a,c.a,cabcbcbi.a,US,cadff.a,,,biae.a,bebaa.a,,debaa.a,PHL,PhiladelphiaPA,,ec.a,Pennsylvania,
f.a,,cabcbcaf.a,WN,,,NegcWN,beea.a,,beghjad.a,ddfha.a,SAN,SanDiegoCA,,g.a,California,
h.a,,cabcbcah.a,DL,,DL,NdgiNW,,,bbbjdac.a,ddbaf.a,,CincinnatiOH,KY,cb.a,Kentucky,fc.a
,d.a,cabcbcaf.a,Fj,caedg.a,Fj,NiacFR,fdb.a,bbcjc.a,bbcjcac.a,dadcf.a,,DenverCO,CO,i.a,Colorado,ic.a
,d.a,,MQ,cadji.a,,,cjee.a,bbcji.a,,dabje.a,DFW,Dallas/FortWorthTX,TX,ei.a,,he.a
bb.a,c.a,,UA,bjjhh.a,UA,Nbccdi,bghf.a,bbcjc.a,bbcjcac.a,dadcf.a,DEN,DenverCO,CO,,,ic.a
ch.a,e.a,,,cadae.a,OO,NigeAS,cgcg.a,bcijc.a,bcijcad.a,,LAX,LosAngelesCA,CA,g.a,California,jb.a
bi.a,,cabcbcbi.a,AA,bjiaf.a,,,,bdjda.a,,dajhh.a,ORD,,IL,,,
,d.a,cabcbcbj.a,EV,cadgg.a,,,gahg.a,bccge.a,,daifc.a,IAD,,VA,fb.a,,di.a
bf.a,g.a,cabcbcbf.a,,,VX,NfccVA,jcf.a,,bcijcad.a,dcfhf.a,LAX,LosAngelesCA,CA,g.a,California,jb.a
ca.a,,cabcbcca.a,AS,bjjda.a,,,,bacjj.a,,,ANC,AnchorageAK,AK,,,b.a
d.a,b.a,,UA,,,Ndjefa,bhbf.a,,behehad.a,daffj.a,SEA,SeattleWA,WA,,,
ci.a,f.a,cabcbcci.a,,cadff.a,US,NcaaUU,heb.a,bebaa.a,bebaaac.a,,PHL,PhiladelphiaPA,,ec.a,Pennsylvania,
ba.a,,cabcbbba.a,AA,,AA,NdDVAA,,,bciijad.a,dccbb.a,LAS,LasVegasNV,NV,,,if.a
,e.a,cabcbcca.a,,cadgg.a,,,eedh.a,bdbfi.a,,ddbfi.a,MAF,Midland/OdessaTX,,ei.a,,he.a
,f.a,,,cadji.a,MQ,NghcMQ,dfhj.a,bddad.a,bddadad.a,dcegh.a,,MiamiFL,,bc.a,Florida,dd.a
db.a,,cabcbcdb.a,AA,,AA,NdJFAA,,,bcjfdac.a,,LGA,NewYorkNY,,,,cc.a
da.a,,cabcbcda.a,WN,bjdjd.a,WN,NcjbWN,efgh.a,babea.a,babeaac.a,,ABQ,AlbuquerqueNM,NM,df.a,NewMexico,ig.a
,e.a,,,cadji.a,MQ,NhdiMQ,dedi.a,bbcji.a,bbcjiad.a,dabje.a,,Dallas/FortWorthTX,TX,ei.a,,he.a
,f.a,,,cadji.a,MQ,NiacMQ,dedf.a,bajia.a,bajiaac.a,dajia.a,,ChattanoogaTN,TN,eh.a,Tennessee,fe.a
be.a,,cabcbcbe.a,WN,bjdjd.a,WN,NidceA,hhi.a,bcbjb.a,bcbjbac.a,dbefd.a,HOU,HoustonTX,TX,ei.a,,he.a
db.a,b.a,cabcbcdb.a,US,,US,NeebUS,bgja.a,,bbafhad.a,,CLT,,NC,dh.a,NorthCarolina,dg.a
cg.a,,cabcbccg.a,DL,,,NdhdjP,,,beigjad.a,,SLC,SaltLakeCityUT,,ej.a,,
bc.a,,cabcbcbc.a,AA,,AA,NeYDAA,,,bdjdaac.a,dajhh.a,ORD,,IL,,,
ca.a,e.a,cabcbcca.a,,cadff.a,,,caec.a,bbchi.a,,,DCA,,VA,fb.a,,di.a
bf.a,g.a,,,,UA,NfgfUA,heg.a,,bdcaeac.a,dbefe.a,MCO,OrlandoFL,,,,dd.a
b.a,,cabcbcab.a,DL,bjhja.a,,NjfeDL,,bbedd.a,,dbcjf.a,DTW,,MI,cg.a,Michigan,ed.a
,g.a,cabcbccc.a,,cadgg.a,,,ecij.a,bccgg.a,,dbefd.a,IAH,HoustonTX,TX,ei.a,,he.a
,e.a,,,cadji.a,MQ,NhdfMQ,ddfj.a,bcijb.a,bcijbac.a,dcijb.a,,Lawton/FortSillOK,OK,ea.a,Oklahoma,hd.a
,e.a,cabcbcca.a,,,,,fjfd.a,bfdha.a,,degfd.a,TUL,TulsaOK,OK,ea.a,Oklahoma,hd.a
b.a,,cabcbcab.a,AA,,,NdGLAA,,,behhbab.a,dcefh.a,SFO,SanFranciscoCA,CA,,,
cd.a,h.a,,UA,bjjhh.a,,,bhac.a,bbgbi.a,,,EWR,NewarkNJ,,,,cb.a
,e.a,cabcbcca.a,,cadgg.a,,,fdde.a,babeg.a,,dabeg.a,ABY,,GA,bd.a,Georgia,de.a
c.a,,cabcbcac.a,AS,,,NfgiAS,,,behehad.a,daffj.a,SEA,SeattleWA,WA,,,
bc.a,d.a,cabcbcbc.a,US,,,NhbbUW,bghi.a,bfdae.a,bfdaeac.a,ddbjf.a,TPA,TampaFL,FL,bc.a,Florida,dd.a
,f.a,,,,FL,NdcgAT,gia.a,,bbcjcac.a,dadcf.a,,DenverCO,CO,i.a,Colorado,ic.a
,e.a,cabcbcbd.a,,cadgg.a,EV,Nbcfea,egie.a,bbgbi.a,bbgbiac.a,dbhad.a,,NewarkNJ,,de.a,NewJersey,cb.a
d.a,,cabcbcad.a,DL,bjhja.a,,NjgeDN,,bahcb.a,,dahcb.a,BOS,BostonMA,MA,cf.a,Massachusetts,bd.a
bi.a,c.a,cabcbcbi.a,US,cadff.a,,,bbgb.a,bebaa.a,,debaa.a,PHL,PhiladelphiaPA,,ec.a,Pennsylvania,
bg.a,h.a,,OO,,,NicaSK,efgc.a,beigj.a,beigjad.a,degbe.a,SLC,SaltLakeCityUT,,ej.a,,
,f.a,cabcbcci.a,,cadgg.a,EV,Nbbbff,edaj.a,bdjda.a,bdjdaac.a,dajhh.a,,,IL,bh.a,Illinois,
,e.a,,,cadji.a,MQ,NgjcMQ,dcff.a,bbcji.a,bbcjiad.a,dabje.a,,Dallas/FortWorthTX,TX,ei.a,,he.a
,f.a,cabcbcci.a,,cadgg.a,EV,Nbbfdg,ecde.a,bbaec.a,bbaecac.a,dageh.a,,,OH,dj.a,Ohio,ee.a
cg.a,d.a,cabcbccg.a,YV,cadhi.a,YV,Nhfjje,bafe.a,bcbhd.a,bcbhdab.a,,HNL,HonoluluHI,HI,bf.a,Hawaii,c.a
cj.a,,cabcbccj.a,WN,bjdjd.a,WN,NcadWN,daaj.a,bdbji.a,bdbjiab.a,,MCI,KansasCityMO,MO,cj.a,Missouri,ge.a
ci.a,,cabcbcci.a,DL,,,NdghNW,,,beghjad.a,,SAN,SanDiegoCA,,g.a,California,
e.a,,cabcbcae.a,AS,,,NgbiAS,,,beidbad.a,dcefh.a,SJC,SanJoseCA,CA,,,
,g.a,cabcbcab.a,,cadgg.a,EV,Nbcffc,fjgb.a,bacfh.a,bacfhac.a,dacfh.a,,AlbanyNY,NY,dg.a,NewYork,cc.a
j.a,h.a,,OO,cadae.a,,NjebSW,fdbj.a,bdjda.a,,dajhh.a,ORD,,IL,bh.a,Illinois,
f.a,d.a,,UA,,UA,NfacUA,hhb.a,,bcehiac.a,dbhad.a,JFK,NewYorkNY,,,,cc.a
b.a,g.a,cabcbcab.a,,,,NcidJB,bbgd.a,bfach.a,bfachae.a,dejjc.a,STX,ChristianstedVI,VI,hi.a,,e.a
,d.a,,FL,caedh.a,,,bff.a,badjh.a,,dadjh.a,ATL,,GA,bd.a,Georgia,de.a
,b.a,,MQ,,MQ,NgdgMQ,eadi.a,,bdjdaac.a,dajhh.a,,,IL,bh.a,Illinois,
cb.a,,cabcbccb.a,AA,,,,,bfabg.a,,,STL,St.LouisMO,MO,,,ge.a
g.a,e.a,,,bjjhh.a,UA,Nbecec,bfcg.a,bbaec.a,bbaecac.a,dageh.a,CLE,,OH,,,ee.a
,d.a,cabcbcbj.a,EV,cadgg.a,,,,bbbfa.a,,dbbfa.a,CSG,,GA,bd.a,Georgia,de.a
,f.a,,,caedh.a,,NjgeAT,geg.a,bahcb.a,,dahcb.a,BOS,BostonMA,MA,cf.a,Massachusetts,bd.a
,h.a,cabcbcaj.a,EV,cadgg.a,EV,NihcAS,,badjh.a,badjhaf.a,dadjh.a,,,GA,bd.a,Georgia,de.a
ce.a,,cabcbcce.a,AS,bjjda.a,,,,bbgda.a,,,FAI,FairbanksAK,AK,,,b.a
b.a,,cabcbcab.a,DL,bjhja.a,DL,NghfMC,,bbedd.a,bbeddac.a,dbcjf.a,,,MI,cg.a,Michigan,ed.a
ce.a,b.a,,OO,cadae.a,,,ffbh.a,bbcjc.a,,,DEN,DenverCO,CO,i.a,Colorado,ic.a
cb.a,,cabcbccb.a,AS,bjjda.a,,,,bdijb.a,,,ONT,OntarioCA,,,,
bh.a,,cabcbcbh.a,AA,,,,,bfdae.a,,ddbjf.a,TPA,TampaFL,FL,,,dd.a
f.a,d.a,,UA,bjjhh.a,UA,Nhhfca,ff.a,bdcae.a,bdcaeac.a,dbefe.a,MCO,OrlandoFL,,,,dd.a
ce.a,b.a,cabcbcce.a,Bg,caeaj.a,,,,bcehi.a,,,JFK,NewYorkNY,,dg.a,NewYork,cc.a
cb.a,,cabcbccb.a,AA,bjiaf.a,,,,bbchi.a,,,DCA,,VA,,,di.a
db.a,,cabcbcdb.a,AA,,AA,NeYFAA,,,bcchiac.a,,ICT,WichitaKS,KS,,,gc.a
,f.a,,,,MQ,NgdjMQ,djhd.a,,bdjdaac.a,dajhh.a,,,IL,bh.a,Illinois,
cd.a,h.a,cabcbccd.a,US,cadff.a,,,bbgg.a,bbafh.a,,,CLT,,NC,dh.a,NorthCarolina,dg.a
j.a,,cabcbcaj.a,AA,,,NdCWAA,,,bfabgad.a,dbbcd.a,STL,St.LouisMO,MO,,,ge.a
,h.a,,MQ,cadji.a,,NjafMQ,chef.a,bbcji.a,,dabje.a,DFW,Dallas/FortWorthTX,TX,ei.a,,he.a
bi.a,,cabcbcbi.a,AA,bjiaf.a,,,,bcbhd.a,,dcbde.a,HNL,HonoluluHI,HI,,,c.a
bh.a,b.a,,OO,cadae.a,,,fbjj.a,bdjda.a,,dajhh.a,ORD,,IL,bh.a,Illinois,
bf.a,,cabcbcbf.a,WN,,WN,NeafWN,bfhd.a,,bcbjbac.a,dbefd.a,HOU,HoustonTX,TX,ei.a,,he.a
i.a,g.a,,,,UA,Ndhebj,bfha.a,,bbcjcac.a,dadcf.a,DEN,DenverCO,CO,,,ic.a
da.a,,cabcbcda.a,WN,bjdjd.a,,NjdgWN,cebd.a,bdhjg.a,,,OAK,OaklandCA,,g.a,California,
cb.a,f.a,,,cadae.a,,,geha.a,bcijc.a,,,LAX,LosAngelesCA,CA,g.a,California,jb.a
cg.a,,cabcbccg.a,WN,bjdjd.a,WN,NgjdSW,eddc.a,bcbjb.a,bcbjbac.a,,HOU,HoustonTX,TX,ei.a,,he.a
,d.a,,FL,caedh.a,,NjfeAT,ejh.a,befhg.a,,defhg.a,ROC,RochesterNY,,dg.a,NewYork,
,f.a,cabcbcci.a,,cadgg.a,EV,NidgAS,fhfh.a,bccge.a,bccgeac.a,daifc.a,,,VA,fb.a,,di.a
,b.a,cabcbcbh.a,EV,cadgg.a,,,,bbedd.a,,dbcjf.a,DTW,,MI,cg.a,Michigan,ed.a
cj.a,g.a,cabcbccj.a,,caeaj.a,,NgfdJB,ebg.a,beghj.a,beghjad.a,,SAN,SanDiegoCA,,g.a,California,
,e.a,,,cadji.a,MQ,NggbMQ,chhj.a,bbcji.a,bbcjiad.a,dabje.a,,Dallas/FortWorthTX,TX,ei.a,,he.a
cg.a,,cabcbccg.a,DL,,,NjaaPC,,beigj.a,beigjad.a,,SLC,SaltLakeCityUT,,ej.a,,
,e.a,cabcbcch.a,,cadgg.a,EV,Nbhjie,fifd.a,bbjhh.a,bbjhhac.a,dbjhh.a,,GreenBayWI,WI,ff.a,,ef.a
,g.a,,,,MQ,NfaeMQ,dhhf.a,,bdeihac.a,dbgfa.a,,MinneapolisMN,,ch.a,Minnesota,
ca.a,e.a,cabcbcca.a,,cadhi.a,,,cgfh.a,bbaec.a,,,CLE,,OH,dj.a,Ohio,ee.a
d.a,,cabcbcad.a,DL,bjhja.a,DL,NggeDN,,badjh.a,badjhaf.a,dadjh.a,,,GA,bd.a,Georgia,de.a
da.a,h.a,cabcbcda.a,US,,US,NeffUW,biaj.a,,bbafhad.a,,CLT,,NC,dh.a,NorthCarolina,dg.a
,b.a,,FL,caedh.a,,NjhhAT,haa.a,baihe.a,,dageh.a,CAK,,OH,dj.a,Ohio,ee.a
,e.a,cabcbcch.a,,cadgg.a,EV,NhfdEV,fbdc.a,badjh.a,badjhaf.a,dadjh.a,,,GA,bd.a,Georgia,de.a
j.a,,cabcbcaj.a,AA,,AA,NdBJAA,,,beachac.a,deach.a,PBI,WestPalmBeach/PalmBeachFL,FL,,,
ci.a,f.a,,,,UA,Ndhcgd,baj.a,,bbcjcac.a,,DEN,DenverCO,CO,,,ic.a
b.a,g.a,cabcbcab.a,,cadhi.a,,NjbhFJ,cgbb.a,bbafh.a,,dbafh.a,CLT,,NC,dh.a,NorthCarolina,dg.a
ci.a,f.a,,,,UA,Ndjebf,bda.a,,bciijad.a,,LAS,LasVegasNV,NV,,,if.a
,c.a,,FL,caedh.a,,,dae.a,bbhcb.a,,dbhcb.a,FNT,,MI,cg.a,Michigan,ed.a
j.a,h.a,cabcbcaj.a,Bg,,,NfgbJB,,,begdfac.a,dbhbe.a,RSW,FortMyersFL,FL,bc.a,Florida,
ce.a,b.a,,UA,bjjhh.a,,,bgdf.a,bbgbi.a,,,EWR,NewarkNJ,,,,cb.a
,e.a,,,cadji.a,,,dcda.a,bbbea.a,,dbbea.a,CRP,CorpusChristiTX,TX,ei.a,,he.a
bj.a,,cabcbcbj.a,DL,bjhja.a,,,,bbedd.a,,,DTW,,MI,cg.a,Michigan,ed.a
cg.a,,cabcbccg.a,WN,,,NefdWN,bbgj.a,,bfabgad.a,,STL,St.LouisMO,MO,cj.a,Missouri,ge.a
bg.a,h.a,,UA,,,Ncjbce,behg.a,behhb.a,behhbab.a,dcefh.a,SFO,SanFranciscoCA,CA,,,
e.a,c.a,,OO,cadae.a,,NjigSW,gchf.a,bbbaj.a,,dabij.a,COS,ColoradoSpringsCO,CO,i.a,Colorado,ic.a
cc.a,,cabcbccc.a,AA,bjiaf.a,,,,bdejf.a,,,MSY,NewOrleansLA,,,,
bj.a,,cabcbcbj.a,DL,bjhja.a,,,,badjh.a,,,ATL,,GA,bd.a,Georgia,de.a
g.a,,cabcbcag.a,AA,,AA,NdDMAA,,,bbcjiad.a,dabje.a,DFW,Dallas/FortWorthTX,TX,,,he.a
bi.a,,cabcbcbi.a,AA,bjiaf.a,,,,behhb.a,,dcefh.a,SFO,SanFranciscoCA,CA,,,
i.a,g.a,,,bjjhh.a,UA,NiahUA,ehd.a,bccgg.a,bccggad.a,dbefd.a,IAH,HoustonTX,TX,,,he.a
bi.a,,cabcbbbi.a,AA,bjiaf.a,,,,bcijc.a,,dcfhf.a,LAX,LosAngelesCA,CA,,,jb.a
bb.a,,cabcbbbb.a,AA,,AA,NfbdAA,,,bbcjcac.a,dadcf.a,DEN,DenverCO,CO,,,ic.a
bd.a,e.a,cabcbcbd.a,,cadff.a,,NjegUW,cbdf.a,bahcb.a,,dahcb.a,BOS,BostonMA,MA,cf.a,Massachusetts,bd.a
,b.a,cabcbcad.a,EV,cadgg.a,,NjcgEV,,badjh.a,,dadjh.a,ATL,,GA,bd.a,Georgia,de.a
,e.a,cabcbcbd.a,,cadgg.a,EV,Nbdjjc,gabb.a,bdjda.a,bdjdaac.a,dajhh.a,,,IL,bh.a,Illinois,
cb.a,f.a,cabcbccb.a,,cadff.a,,,bgdc.a,bbafh.a,,,CLT,,NC,dh.a,NorthCarolina,dg.a
bd.a,,cabcbcbd.a,AA,,AA,NehcAA,,,bbcjiad.a,dabje.a,DFW,Dallas/FortWorthTX,TX,,,he.a
bd.a,,cabcbcbd.a,WN,,WN,NfcgSW,ejh.a,,bachjad.a,dachj.a,AMA,AmarilloTX,TX,ei.a,,he.a
ch.a,,cabcbcch.a,DL,bjhja.a,DL,NgghDN,,badjh.a,badjhaf.a,,,,GA,bd.a,Georgia,de.a
d.a,b.a,,OO,,,NjhdSW,gehf.a,beigj.a,,degbe.a,SLC,SaltLakeCityUT,,ej.a,,
e.a,,cabcbcae.a,WN,,WN,NfaiSW,ghg.a,,bdbfiac.a,ddbfi.a,MAF,Midland/OdessaTX,,ei.a,,he.a
da.a,h.a,,OO,,OO,NgbdQX,egii.a,,bdhjgab.a,,OAK,OaklandCA,,g.a,California,
cg.a,,cabcbccg.a,AA,,AA,NdHTAA,,,bbcjiad.a,,DFW,Dallas/FortWorthTX,TX,,,he.a
,c.a,cabcbcbb.a,EV,cadgg.a,EV,Nbcjaa,,bdjda.a,bdjdaac.a,dajhh.a,,,IL,bh.a,Illinois,
h.a,f.a,cabcbcah.a,,,Bg,NgdeJB,bhie.a,,bdcaeac.a,dbefe.a,MCO,OrlandoFL,,bc.a,Florida,dd.a
bd.a,e.a,,,bjjhh.a,UA,NiafUA,dge.a,bdjda.a,bdjdaac.a,dajhh.a,ORD,,IL,,,
ba.a,,cabcbcba.a,DL,bjhja.a,,NjdaDN,,badjh.a,,dadjh.a,ATL,,GA,bd.a,Georgia,de.a
,c.a,cabcbcae.a,EV,cadgg.a,EV,Nbdjdf,,bccgg.a,bccggad.a,dbefd.a,,HoustonTX,TX,ei.a,,he.a
,d.a,,MQ,cadji.a,,,dfci.a,bddad.a,,dcegh.a,MIA,MiamiFL,,bc.a,Florida,dd.a
,b.a,cabcbcdb.a,EV,cadgg.a,EV,Nbdjgj,,bagjd.a,bagjdac.a,dagjd.a,,NashvilleTN,,eh.a,Tennessee,fe.a
bj.a,d.a,,UA,bjjhh.a,,,beee.a,bahcb.a,,,BOS,BostonMA,MA,,,bd.a
bj.a,,cabcbcbj.a,WN,bjdjd.a,,,cegd.a,bagjd.a,,,BNA,NashvilleTN,,eh.a,Tennessee,fe.a
da.a,h.a,cabcbcda.a,YV,,YV,NfbbMJ,dhid.a,,bdjdaac.a,,ORD,,IL,bh.a,Illinois,
be.a,f.a,,,,OO,NfgjSW,gdcj.a,,babfhad.a,dabfh.a,ACV,Arcata/EurekaCA,CA,g.a,California,jb.a
bj.a,,cabcbcbj.a,DL,bjhja.a,,,,bciij.a,,,LAS,LasVegasNV,NV,dc.a,Nevada,if.a
,h.a,cabcbcac.a,EV,cadgg.a,,NjchEV,,begjg.a,,degjg.a,SBN,,IN,bi.a,Indiana,
bb.a,c.a,,OO,cadae.a,OO,NhecSK,fbjj.a,bbaec.a,bbaecac.a,dageh.a,CLE,,OH,dj.a,Ohio,ee.a
cg.a,,cabcbccg.a,DL,,,NjfiDN,,bfdhg.a,,,TUS,TucsonAZ,AZ,e.a,Arizona,ib.a
ch.a,e.a,cabcbcch.a,,cadff.a,US,NbchUW,bedh.a,bbafh.a,bbafhad.a,,CLT,,NC,dh.a,NorthCarolina,dg.a
j.a,,cabcbcaj.a,WN,,WN,NecfLV,cgjh.a,,bcijcad.a,dcfhf.a,LAX,LosAngelesCA,CA,g.a,California,jb.a
da.a,h.a,,OO,,,NecdSW,cgce.a,,beidbad.a,,SJC,SanJoseCA,CA,g.a,California,
ca.a,,cabcbcca.a,AA,bjiaf.a,,,,bbcji.a,,,DFW,Dallas/FortWorthTX,TX,,,he.a
cb.a,f.a,,,cadae.a,,,fdcf.a,beheh.a,,,SEA,SeattleWA,WA,fd.a,,
b.a,,cabcbcab.a,WN,bjdjd.a,WN,NchiWN,ciji.a,bbcjc.a,bbcjcac.a,dadcf.a,DEN,DenverCO,CO,i.a,Colorado,ic.a
,b.a,cabcbcba.a,Fj,,,NjbjFR,dge.a,beijd.a,,ddbjc.a,SMF,SacramentoCA,,g.a,California,jb.a
,g.a,cabcbccc.a,,cadgg.a,,,fjag.a,bbcjc.a,,dadcf.a,DEN,DenverCO,CO,i.a,Colorado,ic.a
,d.a,cabcbcaf.a,EV,cadgg.a,,Nbefed,,bedcb.a,bedcbad.a,dedcb.a,PWM,PortlandME,,cd.a,Maine,
i.a,g.a,,,,UA,NfihUA,gii.a,,bdjdaac.a,dajhh.a,ORD,,IL,,,
,b.a,,MQ,cadji.a,,,dghh.a,bcijc.a,,dcfhf.a,LAX,LosAngelesCA,CA,g.a,California,jb.a
cg.a,,cabcbccg.a,DL,,DL,NfdjUS,,,badjhaf.a,,,,GA,bd.a,Georgia,de.a
bj.a,d.a,,OO,cadae.a,,,gdih.a,bdehg.a,,,MRY,MontereyCA,,g.a,California,
c.a,,cabcbcac.a,AS,,AS,NfjeAS,,,beafhac.a,deafh.a,PDX,PortlandOR,,,,
da.a,,cabcbcda.a,WN,,WN,NeddLV,cggi.a,,bdbfiac.a,,MAF,Midland/OdessaTX,,ei.a,,he.a
cg.a,,cabcbccg.a,DL,bjhja.a,,NjhfDL,,bdcae.a,,,MCO,OrlandoFL,,bc.a,Florida,dd.a
bb.a,c.a,,OO,,OO,NfigSW,fehe.a,,bcijcad.a,dcfhf.a,LAX,LosAngelesCA,CA,g.a,California,jb.a
cc.a,,cabcbccc.a,WN,bjdjd.a,,,ebbe.a,bdhjg.a,,,OAK,OaklandCA,,g.a,California,
bi.a,c.a,,OO,cadae.a,,,febf.a,bdace.a,,,LMT,KlamathFallsOR,OR,eb.a,Oregon,jc.a
ch.a,,cabcbcch.a,DL,,DL,NdgiNW,,,bahcbac.a,,,BostonMA,MA,cf.a,Massachusetts,bd.a
ca.a,e.a,,,bjjhh.a,,,dfd.a,bbcjc.a,,,DEN,DenverCO,CO,,,ic.a
bi.a,c.a,cabcbcbi.a,US,cadff.a,,,fb.a,bebah.a,,,PHX,PhoenixAZ,,e.a,Arizona,
g.a,e.a,,,,UA,NfjeUA,ddj.a,,bcjfdac.a,dbhad.a,LGA,NewYorkNY,,,,cc.a
f.a,d.a,,OO,,OO,NegiCA,cjcc.a,,becgcac.a,decgc.a,PSP,PalmSpringsCA,,g.a,California,
bj.a,,cabcbcbj.a,WN,bjdjd.a,,,eieg.a,bciij.a,,,LAS,LasVegasNV,NV,dc.a,Nevada,if.a
g.a,,cabcbcag.a,WN,bjdjd.a,,NjagWN,cbdi.a,beafh.a,,deafh.a,PDX,PortlandOR,,eb.a,Oregon,
cb.a,f.a,,,cadae.a,,,gceh.a,bdeih.a,,,MSP,MinneapolisMN,,ch.a,Minnesota,
bg.a,h.a,cabcbcbg.a,Bg,caeaj.a,,,,bcehi.a,,dbhad.a,JFK,NewYorkNY,,dg.a,NewYork,cc.a
ce.a,b.a,cabcbcce.a,US,cadff.a,,,ii.a,badjh.a,,,ATL,,GA,bd.a,Georgia,de.a
bc.a,,cabcbcbc.a,AA,,,NfgaAA,,,begidad.a,ddcbe.a,SAT,SanAntonioTX,,,,
,d.a,,MQ,,MQ,NgcaMQ,dcgc.a,,bbcjiad.a,dabje.a,,Dallas/FortWorthTX,TX,ei.a,,he.a
b.a,g.a,cabcbcab.a,,cbbhb.a,VX,NifdVA,eag.a,bcijc.a,bcijcad.a,dcfhf.a,LAX,LosAngelesCA,CA,g.a,California,jb.a
c.a,,cabcbcac.a,AA,,AA,NdDBAA,,,bdjdaac.a,dajhh.a,ORD,,IL,,,
bi.a,c.a,cabcbcbi.a,US,cadff.a,,,bfhb.a,bbafh.a,,,CLT,,NC,dh.a,NorthCarolina,dg.a
,h.a,cabcbcbg.a,EV,,,,,bfabg.a,,dbbcd.a,STL,St.LouisMO,MO,cj.a,Missouri,ge.a
cj.a,g.a,,,,,NfgaSW,heai.a,,bfdijac.a,,TWF,TwinFallsID,ID,bg.a,Idaho,id.a
cg.a,,cabcbccg.a,WN,bjdjd.a,,NjfeWN,dhhj.a,bciij.a,,,LAS,LasVegasNV,NV,dc.a,Nevada,if.a
db.a,b.a,cabcbcdb.a,Bg,caeaj.a,Bg,NgffJB,,beach.a,beachac.a,deach.a,PBI,WestPalmBeach/PalmBeachFL,FL,bc.a,Florida,
cc.a,,cabcbccc.a,DL,bjhja.a,,,,bcijc.a,,,LAX,LosAngelesCA,CA,,,jb.a
bi.a,,cabcbcbi.a,WN,bjdjd.a,,,dhib.a,bafjj.a,,dafjj.a,BHM,BirminghamAL,AL,b.a,Alabama,fb.a
,g.a,cabcbcai.a,,cadgg.a,EV,Nbdjbd,efje.a,bajje.a,bajjeac.a,dajje.a,,,SC,ef.a,SouthCarolina,dh.a
f.a,d.a,,OO,cadae.a,OO,NchaYV,fdjc.a,bcijc.a,bcijcad.a,dcfhf.a,LAX,LosAngelesCA,CA,g.a,California,jb.a
ci.a,,cabcbcci.a,AS,,AS,NfggAS,,,bacjjae.a,,ANC,AnchorageAK,AK,,,b.a
,c.a,cabcbccf.a,EV,cadgg.a,,,,bcaah.a,,daije.a,GTR,ColumbusMS,MS,ci.a,Mississippi,fd.a
cd.a,h.a,,UA,bjjhh.a,,,ehi.a,bciij.a,,,LAS,LasVegasNV,NV,,,if.a
cb.a,,cabcbccb.a,AA,bjiaf.a,,,,bdjda.a,,,ORD,,IL,,,
f.a,d.a,,OO,cadae.a,,NccjSW,fgaj.a,behhb.a,behhbab.a,dcefh.a,SFO,SanFranciscoCA,CA,g.a,California,
,h.a,cabcbccd.a,EV,cadgg.a,,,,bdeif.a,,ddeif.a,MSN,MadisonWI,,ff.a,,
ci.a,f.a,cabcbcci.a,,cadff.a,US,NbjfUW,hbf.a,bebaa.a,bebaaac.a,,PHL,PhiladelphiaPA,,ec.a,Pennsylvania,
d.a,b.a,,OO,,OO,NeedSW,gebj.a,,baiaaad.a,dcfhf.a,BUR,BurbankCA,CA,g.a,California,jb.a
bc.a,,cabcbcbc.a,WN,bjdjd.a,WN,NhagSW,cac.a,bafcj.a,bafcjae.a,dafcj.a,BDL,HartfordCT,CT,j.a,Connecticut,bb.a
bb.a,c.a,,UA,bjjhh.a,UA,Nbdhfa,bhdd.a,bbchi.a,bbchiac.a,daifc.a,DCA,,VA,,,di.a
be.a,f.a,,,,UA,NecbUA,ggi.a,,bdjdaac.a,dajhh.a,ORD,,IL,,,
d.a,b.a,,OO,,,NfigSW,feje.a,,begijac.a,degij.a,SBA,SantaBarbaraCA,CA,g.a,California,
bf.a,g.a,cabcbcbf.a,,,US,NediUS,bbcf.a,,bbafhad.a,dbafh.a,CLT,,NC,dh.a,NorthCarolina,dg.a
bc.a,,cabcbcbc.a,AA,,AA,NfgbAA,,,bdjdaac.a,dajhh.a,ORD,,IL,,,
b.a,,cabcbcab.a,DL,,,NfcbUS,,,begdfac.a,dbhbe.a,RSW,FortMyersFL,FL,,,
,g.a,cabcbcbf.a,,cadgg.a,EV,NghgCA,ejfc.a,bagjd.a,bagjdac.a,dagjd.a,,NashvilleTN,,eh.a,Tennessee,fe.a
,f.a,cabcbcbe.a,,cadgg.a,EV,Nbhjci,edag.a,bccgg.a,bccggad.a,dbefd.a,,HoustonTX,TX,ei.a,,he.a
,,,HA,,HA,NehgHA,ccc.a,,bcbhdab.a,dcbde.a,,HonoluluHI,HI,bf.a,Hawaii,c.a
j.a,h.a,,OO,,,NfghSW,fegd.a,,beijdac.a,ddbjc.a,SMF,SacramentoCA,,g.a,California,jb.a
j.a,h.a,,OO,cadae.a,OO,NhgeSK,geba.a,baiaa.a,baiaaad.a,dcfhf.a,BUR,BurbankCA,CA,g.a,California,jb.a
,b.a,,MQ,cadji.a,MQ,NicfMQ,ddef.a,bbcji.a,bbcjiad.a,dabje.a,,Dallas/FortWorthTX,TX,ei.a,,he.a
,h.a,cabcbccd.a,Fj,caedg.a,,,hah.a,begdf.a,,dbhbe.a,RSW,FortMyersFL,FL,bc.a,Florida,
bd.a,,cabcbcbd.a,AS,,,NfcfAS,,,behehad.a,daffj.a,SEA,SeattleWA,WA,,,
,e.a,cabcbcca.a,,cadgg.a,,,fhca.a,bccge.a,,daifc.a,IAD,,VA,fb.a,,di.a
f.a,,cabcbcaf.a,WN,bjdjd.a,WN,NhdiCB,hch.a,bcbjb.a,bcbjbac.a,dbefd.a,HOU,HoustonTX,TX,ei.a,,he.a
,h.a,,MQ,cadji.a,MQ,NgefMQ,cjgh.a,bbcji.a,bbcjiad.a,dabje.a,,Dallas/FortWorthTX,TX,ei.a,,he.a
bb.a,,cabcbcbb.a,AS,,AS,NfdeAS,,,bcbhdab.a,dcbde.a,HNL,HonoluluHI,HI,,,c.a
,c.a,,MQ,cadji.a,MQ,NifdMQ,eebg.a,bbchi.a,bbchiac.a,daifc.a,,,VA,fb.a,,di.a
bg.a,h.a,cabcbcbg.a,VX,cbbhb.a,,NiecVA,hfj.a,beheh.a,behehad.a,daffj.a,SEA,SeattleWA,WA,fd.a,,
d.a,b.a,,OO,,OO,NeddSW,eehg.a,,bdacjac.a,ddacj.a,LNK,LincolnNE,NE,db.a,Nebraska,gf.a
bj.a,d.a,,OO,cadae.a,,,ffgf.a,bbcjc.a,,,DEN,DenverCO,CO,i.a,Colorado,ic.a
ce.a,b.a,,OO,cadae.a,,,gcgb.a,begid.a,,,SAT,SanAntonioTX,,ei.a,,
,c.a,cabcbcae.a,EV,,,Nbdjjf,egfj.a,bfjbj.a,bfjbjac.a,dbide.a,XNA,FayettevilleAR,AR,f.a,Arkansas,hb.a
,d.a,cabcbccg.a,Fj,caedg.a,,NjfcFR,cab.a,bbcjc.a,,dadcf.a,DEN,DenverCO,CO,i.a,Colorado,ic.a
ci.a,,cabcbcci.a,DL,,DL,NdheeF,,,bcijcad.a,,,LosAngelesCA,CA,,,jb.a
,,,HA,,HA,NeigHA,deb.a,,bceacad.a,dceac.a,,HiloHI,HI,bf.a,Hawaii,c.a
bg.a,,cabcbcbg.a,AA,bjiaf.a,,,,bbcji.a,,dabje.a,DFW,Dallas/FortWorthTX,TX,,,he.a
cj.a,g.a,,,,UA,NecaUA,fee.a,,bdjdaac.a,,ORD,,IL,,,
,g.a,,,caedh.a,,NjdeAT,ifa.a,bcjfd.a,,dbhad.a,LGA,NewYorkNY,,dg.a,NewYork,cc.a
cg.a,,cabcbccg.a,WN,bjdjd.a,WN,NcheWN,diid.a,bdbji.a,bdbjiab.a,,MCI,KansasCityMO,MO,cj.a,Missouri,ge.a
,f.a,,,,MQ,NfPBMQ,dhei.a,,badjhaf.a,dadjh.a,,,GA,bd.a,Georgia,de.a
bd.a,,cabcbcbd.a,WN,,,NhahSA,bjic.a,beijd.a,beijdac.a,ddbjc.a,SMF,SacramentoCA,,g.a,California,jb.a
cj.a,,cabcbccj.a,WN,,,NcffWN,chih.a,bfdae.a,bfdaeac.a,,TPA,TampaFL,FL,bc.a,Florida,dd.a
ce.a,b.a,cabcbcce.a,Bg,caeaj.a,,,,bcbjb.a,,,HOU,HoustonTX,TX,ei.a,,he.a
i.a,,cabcbcai.a,DL,bjhja.a,DL,NjaeDE,,bbedd.a,bbeddac.a,dbcjf.a,,,MI,,,ed.a
,g.a,cabcbccj.a,,cadgg.a,EV,Nbjffe,ebbc.a,bbafh.a,bbafhad.a,dbafh.a,,,NC,dh.a,NorthCarolina,dg.a
cj.a,,cabcbccj.a,AS,,AS,NfgcAS,,,bcbhdab.a,,HNL,HonoluluHI,HI,,,c.a
ch.a,,cabcbcch.a,WN,bjdjd.a,,NhgiSW,eica.a,begid.a,begidad.a,,SAT,SanAntonioTX,,ei.a,,
cb.a,,cabcbccb.a,WN,bjdjd.a,,,dedb.a,bddec.a,,,MKE,MilwaukeeWI,,ff.a,,
bd.a,,cabcbcbd.a,WN,,WN,NdefSA,fha.a,,baecdac.a,daecd.a,AUS,AustinTX,TX,ei.a,,he.a
be.a,,cabcbcbe.a,AA,,AA,NdFHAA,,,bccgeac.a,daifc.a,IAD,,VA,,,di.a
d.a,,cabcbcad.a,DL,,DL,NdchNB,,,bcjfdac.a,dbhad.a,,NewYorkNY,,,,cc.a
g.a,e.a,cabcbcag.a,,cadhi.a,,NjagFJ,cicd.a,begid.a,,ddcbe.a,SAT,SanAntonioTX,,ei.a,,
,f.a,,,,MQ,NgaiMQ,ddcg.a,,bbcjiad.a,dabje.a,,Dallas/FortWorthTX,TX,ei.a,,he.a
bf.a,,cabcbcbf.a,WN,bjdjd.a,WN,NcchWN,bicb.a,bcbjb.a,bcbjbac.a,dbefd.a,HOU,HoustonTX,TX,ei.a,,he.a
ch.a,,cabcbcch.a,DL,bjhja.a,,NjhiDL,,badjh.a,,,ATL,,GA,,,de.a
ci.a,,cabcbcci.a,WN,,,NdgcSW,jbf.a,,beijdac.a,,SMF,SacramentoCA,,g.a,California,jb.a
c.a,,cabcbcac.a,WN,,WN,NeahWN,beaf.a,,bciijad.a,dccbb.a,LAS,LasVegasNV,NV,dc.a,Nevada,if.a
ce.a,b.a,cabcbcce.a,Bg,caeaj.a,,,,bbgjh.a,,,FLL,FortLauderdaleFL,FL,bc.a,Florida,dd.a
g.a,,cabcbcag.a,WN,,,NgeiSW,ifh.a,bfdae.a,bfdaeac.a,ddbjf.a,TPA,TampaFL,FL,bc.a,Florida,dd.a
ca.a,e.a,cabcbcca.a,,cadff.a,,,bhae.a,bbafh.a,,,CLT,,NC,dh.a,NorthCarolina,dg.a
ba.a,,cabcbcba.a,AA,,,NeddAA,,,beigjad.a,degbe.a,SLC,SaltLakeCityUT,,,,
e.a,c.a,,UA,bjjhh.a,UA,Nhicif,baac.a,bceac.a,bceacad.a,dceac.a,ITO,HiloHI,HI,,,c.a
,h.a,,MQ,cadji.a,,,eggc.a,bcjfd.a,,dbhad.a,LGA,NewYorkNY,,dg.a,NewYork,cc.a
bb.a,,cabcbcbb.a,AS,,,NgbdAS,,,behehad.a,daffj.a,SEA,SeattleWA,WA,,,
cb.a,,cabcbccb.a,WN,,,,eaif.a,bfabg.a,,,STL,St.LouisMO,MO,cj.a,Missouri,ge.a
,c.a,,FL,caedh.a,,,gg.a,badjh.a,,dadjh.a,ATL,,GA,bd.a,Georgia,de.a
cc.a,,cabcbccc.a,WN,bjdjd.a,,,bfdi.a,baiaa.a,,,BUR,BurbankCA,CA,g.a,California,jb.a
,g.a,cabcbccc.a,,cadgg.a,,,gaic.a,bdjda.a,,dajhh.a,ORD,,IL,bh.a,Illinois,
,g.a,cabcbcbf.a,,caedg.a,,NjafFR,fhb.a,bbcjc.a,,dadcf.a,DEN,DenverCO,CO,i.a,Colorado,ic.a
,c.a,cabcbcbi.a,EV,cadgg.a,,,fabc.a,bajia.a,,dajia.a,CHA,ChattanoogaTN,TN,eh.a,Tennessee,fe.a
h.a,,cabcbcah.a,DL,bjhja.a,,NjagDA,,bdeih.a,,dbgfa.a,MSP,MinneapolisMN,,,,
,g.a,cabcbccc.a,,cadgg.a,,,fgjj.a,bccge.a,,daifc.a,IAD,,VA,fb.a,,di.a
,b.a,cabcbcdb.a,EV,cadgg.a,EV,Nbebbh,ebfh.a,bdjda.a,bdjdaac.a,dajhh.a,,,IL,bh.a,Illinois,
cd.a,,cabcbccd.a,DL,bjhja.a,,,,bcehi.a,,,JFK,NewYorkNY,,,,cc.a
ce.a,,cabcbcce.a,AA,,,,,bfdae.a,,,TPA,TampaFL,FL,,,dd.a
i.a,,cabcbcai.a,WN,,WN,NgbiWN,biic.a,,baecdac.a,daecd.a,AUS,AustinTX,TX,ei.a,,he.a
da.a,h.a,cabcbcda.a,US,cadff.a,,NghfAW,gif.a,beghj.a,beghjad.a,,SAN,SanDiegoCA,,g.a,California,
,e.a,,,cadji.a,,,cija.a,bbcji.a,,dabje.a,DFW,Dallas/FortWorthTX,TX,ei.a,,he.a
h.a,f.a,,,cadae.a,,NcbgSW,fdbf.a,befed.a,befedac.a,defed.a,RKS,RockSpringsWY,,fg.a,,
ca.a,,cabcbcca.a,WN,,,,cbgj.a,bejai.a,,,SNA,SantaAnaCA,CA,g.a,California,jb.a
bj.a,d.a,cabcbcbj.a,Bg,caeaj.a,,,,bahcb.a,,,BOS,BostonMA,MA,cf.a,Massachusetts,bd.a
bj.a,d.a,,OO,cadae.a,,,hdgg.a,baddd.a,,,APN,,MI,cg.a,Michigan,ed.a
cg.a,d.a,,OO,cadae.a,OO,NiigAS,cjih.a,bbfea.a,bbfeaad.a,,ELP,ElPasoTX,TX,ei.a,,he.a
j.a,,cabcbcaj.a,AA,,AA,NejjAA,,,bbcjiad.a,dabje.a,DFW,Dallas/FortWorthTX,TX,,,he.a
,h.a,cabcbccd.a,EV,cadgg.a,,,ejed.a,bebaa.a,,debaa.a,PHL,PhiladelphiaPA,,ec.a,Pennsylvania,
b.a,g.a,,,bjjhh.a,,NibeUA,fhf.a,beghj.a,beghjad.a,ddfha.a,SAN,SanDiegoCA,,,,
ce.a,b.a,,UA,bjjhh.a,,,dib.a,bbgbi.a,,,EWR,NewarkNJ,,,,cb.a
e.a,c.a,cabcbcae.a,YV,cadhi.a,,NjceFJ,cgac.a,bbafh.a,,dbafh.a,CLT,,NC,dh.a,NorthCarolina,dg.a
h.a,f.a,,,bjjhh.a,,NiajUA,cjh.a,behhb.a,behhbab.a,dcefh.a,SFO,SanFranciscoCA,CA,,,
cb.a,,cabcbccb.a,DL,bjhja.a,,,,badjh.a,,,ATL,,GA,,,de.a
bg.a,h.a,,OO,cadae.a,,,cjij.a,bbfea.a,,dagbf.a,ELP,ElPasoTX,TX,ei.a,,he.a
da.a,,cabcbcda.a,AA,,AA,NfDBAA,,,bddadad.a,,MIA,MiamiFL,,,,dd.a
,g.a,cabcbccc.a,,cadgg.a,,,ffbi.a,bahib.a,,dahib.a,BTR,BatonRougeLA,LA,cc.a,Louisiana,hc.a
g.a,,cabcbcag.a,DL,,,NjfjDL,,bejig.a,,dejig.a,SRQ,Sarasota/BradentonFL,FL,,,dd.a
,h.a,,FL,caedh.a,,NjbjAT,cig.a,bbedd.a,,dbcjf.a,DTW,,MI,cg.a,Michigan,ed.a
,h.a,cabcbcbg.a,EV,cadgg.a,EV,NbigPQ,,badjh.a,badjhaf.a,dadjh.a,,,GA,bd.a,Georgia,de.a
cc.a,,cabcbccc.a,DL,bjhja.a,,,,badjh.a,,,ATL,,GA,,,de.a
db.a,,cabcbcdb.a,WN,,WN,NeaeWN,eca.a,,bdeihac.a,dbgfa.a,MSP,MinneapolisMN,,ch.a,Minnesota,
bi.a,,cabcbcbi.a,WN,bjdjd.a,,,dafg.a,bciij.a,,,LAS,LasVegasNV,NV,dc.a,Nevada,if.a
ba.a,b.a,,OO,,OO,NeeiSW,eeig.a,,bdeihac.a,dbgfa.a,MSP,MinneapolisMN,,ch.a,Minnesota,
c.a,,cabcbcac.a,WN,bjdjd.a,WN,NgieWN,bhhd.a,baecd.a,baecdac.a,daecd.a,AUS,AustinTX,TX,ei.a,,he.a
bi.a,,cabcbcbi.a,WN,bjdjd.a,,,hej.a,beheh.a,,,SEA,SeattleWA,WA,fd.a,,
g.a,,cabcbcag.a,DL,,DL,NgbiDL,,,bebahac.a,daegg.a,,PhoenixAZ,,e.a,Arizona,
bc.a,,cabcbcbc.a,WN,,,NcdeWN,ggi.a,bfdha.a,bfdhaac.a,degfd.a,TUL,TulsaOK,OK,ea.a,Oklahoma,hd.a
bf.a,,cabcbcbf.a,AS,,,NeadAS,,,behehad.a,daffj.a,SEA,SeattleWA,WA,,,
be.a,f.a,cabcbcbe.a,,,US,NecgUS,jij.a,,bbafhad.a,dbafh.a,CLT,,NC,dh.a,NorthCarolina,dg.a
bh.a,b.a,,OO,,,,gcdh.a,bfdhg.a,,daedg.a,TUS,TucsonAZ,AZ,e.a,Arizona,ib.a
h.a,f.a,cabcbcah.a,,caeaj.a,Bg,NcjcJB,ca.a,bcehi.a,bcehiac.a,dbhad.a,JFK,NewYorkNY,,dg.a,NewYork,cc.a
ba.a,b.a,,OO,cadae.a,,NjbcSW,gega.a,bbcjc.a,,dadcf.a,DEN,DenverCO,CO,i.a,Colorado,ic.a
,d.a,cabcbccg.a,EV,,EV,NdjiCA,,,badjhaf.a,dadjh.a,,,GA,bd.a,Georgia,de.a
ca.a,,cabcbcca.a,DL,bjhja.a,,,,bbchi.a,,,DCA,,VA,fb.a,,di.a
cb.a,,cabcbccb.a,AA,,,,,bejai.a,,,SNA,SantaAnaCA,CA,,,jb.a
bc.a,d.a,,UA,,UA,NfdjUA,dhb.a,,bdjdaac.a,dajhh.a,ORD,,IL,,,
c.a,,cabcbcac.a,AA,,AA,NfeiAA,,,bbcjiad.a,dabje.a,DFW,Dallas/FortWorthTX,TX,,,he.a
,g.a,,,caedh.a,,NjicAT,bggh.a,baicb.a,,daifc.a,BWI,,MD,ce.a,Maryland,df.a
h.a,,cabcbcah.a,WN,bjdjd.a,WN,NjacWN,hij.a,babea.a,babeaac.a,dabea.a,ABQ,AlbuquerqueNM,NM,df.a,NewMexico,ig.a
,d.a,cabcbccg.a,EV,,,NjdfEV,,bfcej.a,,dfcej.a,TLH,TallahasseeFL,FL,bc.a,Florida,dd.a
cj.a,g.a,,,,UA,Nddcje,bfhi.a,,bbcjcac.a,,DEN,DenverCO,CO,,,ic.a
bg.a,,cabcbcbg.a,WN,,,NcieWN,dehj.a,bfabg.a,bfabgad.a,dbbcd.a,STL,St.LouisMO,MO,cj.a,Missouri,ge.a
cj.a,g.a,cabcbccj.a,,,,NiecVA,b.a,behhb.a,behhbab.a,,SFO,SanFranciscoCA,CA,g.a,California,
,d.a,,MQ,cadji.a,,NjdbMQ,dcah.a,bcijg.a,,dcijg.a,LBB,LubbockTX,,ei.a,,he.a
bb.a,c.a,,OO,,,NdaiSW,gdcf.a,,beghjad.a,ddfha.a,SAN,SanDiegoCA,,g.a,California,
c.a,,cabcbcac.a,DL,bjhja.a,,NjcfDN,,beghj.a,,ddfha.a,SAN,SanDiegoCA,,,,
ba.a,b.a,,UA,,UA,Ndjecd,bejf.a,,bccgeac.a,daifc.a,IAD,,VA,,,di.a
,g.a,cabcbccj.a,,,,Ncbbee,ebae.a,bfgce.a,bfgceab.a,dbfae.a,VPS,ValparaisoFL,FL,bc.a,Florida,dd.a
bf.a,g.a,,,,,NfajUA,feg.a,,beghjad.a,ddfha.a,SAN,SanDiegoCA,,,,
,e.a,cabcbcbd.a,,cadgg.a,EV,Nbejjd,efcf.a,bdihb.a,bdihbac.a,dddbg.a,,OmahaNE,,db.a,Nebraska,
bb.a,,cabcbcbb.a,WN,bjdjd.a,,NjehWN,bdb.a,bebah.a,,daegg.a,PHX,PhoenixAZ,,e.a,Arizona,
ci.a,,cabcbcci.a,WN,bjdjd.a,WN,NgjhSW,dcci.a,baecd.a,baecdac.a,,AUS,AustinTX,TX,ei.a,,he.a
bf.a,,cabcbcbf.a,AA,,AA,NfafAA,,,bbcjiad.a,dabje.a,DFW,Dallas/FortWorthTX,TX,,,he.a
,h.a,,FL,caedh.a,,,gjg.a,badjh.a,,dadjh.a,ATL,,GA,bd.a,Georgia,de.a
,c.a,,FL,caedh.a,FL,NhbhJL,cfi.a,bbcgh.a,bbcghac.a,dbcgh.a,,DaytonOH,OH,dj.a,Ohio,ee.a
,g.a,cabcbcab.a,,cadgg.a,EV,Nchcaa,ebdi.a,bcefb.a,bcefbac.a,dbbdg.a,,JacksonvilleFL,FL,bc.a,Florida,dd.a
ca.a,e.a,,,,,,heaj.a,bfdij.a,,,TWF,TwinFallsID,ID,bg.a,Idaho,id.a
cg.a,,cabcbccg.a,WN,,WN,NdgaSW,gci.a,,bbcjcac.a,,DEN,DenverCO,CO,i.a,Colorado,ic.a
,c.a,,MQ,cadji.a,,,dgej.a,bdejf.a,,ddejf.a,MSY,NewOrleansLA,,cc.a,Louisiana,
ce.a,b.a,cabcbcce.a,US,cadff.a,,,bgbh.a,bbchi.a,,,DCA,,VA,fb.a,,di.a
,b.a,cabcbcba.a,EV,cadgg.a,,NjhjEV,,badjh.a,,dadjh.a,ATL,,GA,bd.a,Georgia,de.a
,h.a,cabcbcac.a,EV,,EV,Ncjjag,,,bdjdbac.a,ddggh.a,,,,fb.a,,
cc.a,,cabcbccc.a,WN,bjdjd.a,,,efbi.a,bdejf.a,,,MSY,NewOrleansLA,,cc.a,Louisiana,
,h.a,cabcbcac.a,EV,cadgg.a,EV,Nbhfga,,bbafh.a,bbafhad.a,dbafh.a,,,NC,dh.a,NorthCarolina,dg.a
,e.a,cabcbcag.a,,cadgg.a,,NjbeEV,fecb.a,badjh.a,,dadjh.a,ATL,,GA,bd.a,Georgia,de.a
c.a,h.a,,UA,,UA,NeddUA,ccg.a,,bdjdaac.a,dajhh.a,ORD,,IL,,,
bc.a,,cabcbcbc.a,DL,,DL,NdchNW,,,bddadad.a,dcegh.a,,MiamiFL,,,,dd.a
bg.a,,cabcbcbg.a,AA,bjiaf.a,,,,bbcji.a,,dabje.a,DFW,Dallas/FortWorthTX,TX,,,he.a
,h.a,,FL,caedh.a,FL,NijeAT,fjg.a,bcddj.a,bcddjae.a,dcddh.a,,,IN,bi.a,Indiana,ec.a
cg.a,d.a,,UA,bjjhh.a,,,fdg.a,bbcjc.a,,,DEN,DenverCO,CO,,,ic.a
cj.a,,cabcbccj.a,AA,,AA,NdGEAA,,,bcehiac.a,,JFK,NewYorkNY,,,,cc.a
bc.a,d.a,,OO,cadae.a,OO,NcdfSW,fdhb.a,bcijc.a,bcijcad.a,dcfhf.a,LAX,LosAngelesCA,CA,g.a,California,jb.a
be.a,f.a,,,cadae.a,OO,NhhaSK,gfch.a,bbcjc.a,bbcjcac.a,dadcf.a,DEN,DenverCO,CO,i.a,Colorado,ic.a
bc.a,,cabcbcbc.a,WN,bjdjd.a,WN,NccaWN,cfa.a,bdcdc.a,bdcdcac.a,dajhh.a,MDW,,IL,bh.a,Illinois,eb.a
,e.a,,,caedh.a,,NbieAT,iif.a,begid.a,begidad.a,ddcbe.a,SAT,SanAntonioTX,,ei.a,,
db.a,b.a,,UA,bjjhh.a,UA,NiacUA,fff.a,baicb.a,baicbad.a,daifc.a,BWI,,MD,,,df.a
,b.a,cabcbcba.a,EV,cadgg.a,EV,Nbgfeg,,bdcjg.a,bdcjgae.a,dahcb.a,,ManchesterNH,,dd.a,NewHampshire,be.a
ci.a,,cabcbcci.a,WN,bjdjd.a,WN,NhbdSW,bhcj.a,bbcjc.a,bbcjcac.a,,DEN,DenverCO,CO,i.a,Colorado,ic.a
bh.a,,cabcbcbh.a,DL,bjhja.a,,,,badjh.a,,dadjh.a,ATL,,GA,,,de.a
,c.a,,MQ,cadji.a,MQ,NghjMQ,dfae.a,bddad.a,bddadad.a,dcegh.a,,,,bc.a,Florida,dd.a
ba.a,,cabcbcba.a,WN,bjdjd.a,WN,NgedSW,hjg.a,bciij.a,bciijad.a,dccbb.a,LAS,LasVegasNV,NV,dc.a,Nevada,if.a
,g.a,cabcbcbf.a,,cadgg.a,EV,Nbcbjf,gbdh.a,bbcjc.a,bbcjcac.a,dadcf.a,,DenverCO,CO,i.a,Colorado,ic.a
,f.a,,,,MQ,NfagMQ,dgfg.a,,bccggad.a,dbefd.a,,HoustonTX,TX,ei.a,,he.a
,b.a,,MQ,cadji.a,MQ,NhdgMQ,efgh.a,bbagg.a,bbaggac.a,dbagg.a,,ColumbusOH,OH,dj.a,Ohio,ee.a
,c.a,cabcbcbb.a,EV,,,Nbdjgf,,bfabg.a,bfabgad.a,dbbcd.a,STL,St.LouisMO,MO,cj.a,Missouri,ge.a
d.a,b.a,cabcbcad.a,Bg,,Bg,NgcfJB,,,bahcbac.a,dahcb.a,BOS,BostonMA,MA,cf.a,Massachusetts,bd.a
bj.a,d.a,cabcbcbj.a,Bg,caeaj.a,,,,begdf.a,,,RSW,FortMyersFL,FL,bc.a,Florida,
,c.a,,MQ,cadji.a,,,chjg.a,bbcji.a,,dabje.a,DFW,Dallas/FortWorthTX,TX,ei.a,,he.a
bc.a,d.a,,OO,,,NgdcSK,ehbb.a,,beijdac.a,ddbjc.a,SMF,SacramentoCA,,g.a,California,jb.a
,h.a,,MQ,cadji.a,MQ,NifhMQ,dcac.a,bajje.a,bajjeac.a,dajje.a,,,SC,ef.a,SouthCarolina,dh.a
da.a,,cabcbcda.a,AS,bjjda.a,,NhhiAS,,beheh.a,behehad.a,,SEA,SeattleWA,WA,,,
ce.a,,cabcbcce.a,AA,bjiaf.a,,,,bbcji.a,,,DFW,Dallas/FortWorthTX,TX,,,he.a
ci.a,f.a,,,,UA,NfibUA,dbg.a,,bccgeac.a,,IAD,,VA,,,di.a
bf.a,,cabcbcbf.a,WN,,,NeaaWN,dbgj.a,,behdaad.a,ddaee.a,SDF,LouisvilleKY,,cb.a,Kentucky,
bd.a,,cabcbcbd.a,DL,bjhja.a,,NjceDL,,badjh.a,,dadjh.a,ATL,,GA,,,de.a
,f.a,,,caedh.a,,NjeeAT,bg.a,badjh.a,,dadjh.a,ATL,,GA,bd.a,Georgia,de.a
bf.a,,cabcbcbf.a,WN,bjdjd.a,WN,NcbaWN,ddaf.a,bciij.a,bciijad.a,dccbb.a,LAS,LasVegasNV,NV,dc.a,Nevada,if.a
bg.a,,cabcbcbg.a,AA,,AA,NdHKAA,,,bddadad.a,dcegh.a,MIA,,,,,dd.a
,e.a,,,cadji.a,,,edfd.a,bdihb.a,,dddbg.a,OMA,OmahaNE,,db.a,Nebraska,
bh.a,b.a,,OO,cadae.a,,,eefg.a,bccia.a,,dccia.a,IDA,IdahoFallsID,ID,bg.a,Idaho,id.a
,f.a,cabcbccb.a,,cadgg.a,,,edbf.a,bebcc.a,,dabji.a,PIT,PittsburghPA,,ec.a,Pennsylvania,
,d.a,cabcbcbj.a,EV,cadgg.a,,,,bccgg.a,,dbefd.a,IAH,HoustonTX,TX,ei.a,,he.a
bi.a,c.a,cabcbcbi.a,YV,cadhi.a,,,dhif.a,bdbji.a,,,MCI,KansasCityMO,MO,cj.a,Missouri,ge.a
c.a,,cabcbcac.a,AA,,AA,NfdiAA,,,bccgeac.a,daifc.a,IAD,,VA,,,di.a
bf.a,g.a,,,bjjhh.a,UA,Nhhcfi,bbji.a,beafh.a,beafhac.a,deafh.a,PDX,PortlandOR,,,,
,g.a,cabcbccj.a,,cadgg.a,EV,Nbcbjf,echc.a,bbgbi.a,bbgbiac.a,dbhad.a,,NewarkNJ,,de.a,NewJersey,cb.a
bd.a,e.a,,,,,NfjdML,fgeb.a,,behhbab.a,dcefh.a,SFO,SanFranciscoCA,CA,g.a,California,
,c.a,cabcbcae.a,EV,cadgg.a,EV,Nbdjai,,bdjda.a,bdjdaac.a,dajhh.a,,,IL,bh.a,Illinois,
,g.a,cabcbcab.a,,cadgg.a,EV,Nbibbe,efbf.a,bcefb.a,bcefbac.a,dbbdg.a,,,FL,bc.a,Florida,dd.a
d.a,b.a,,OO,cadae.a,OO,NgjdBR,fdge.a,bdjda.a,bdjdaac.a,dajhh.a,ORD,,IL,bh.a,Illinois,
ch.a,,cabcbcch.a,AA,,AA,NdDBAA,,,bcjfdac.a,,LGA,NewYorkNY,,,,cc.a
bf.a,,cabcbcbf.a,WN,bjdjd.a,WN,NhehSA,ddce.a,baicb.a,baicbad.a,daifc.a,BWI,,MD,ce.a,Maryland,df.a
c.a,,cabcbcac.a,WN,,WN,NgchSW,bdac.a,,bdejfac.a,ddejf.a,MSY,NewOrleansLA,,cc.a,Louisiana,
,h.a,cabcbcda.a,EV,cadgg.a,,NjibEV,,bbgeb.a,,dbgeb.a,FAY,,NC,dh.a,NorthCarolina,dg.a
c.a,,cabcbcac.a,WN,,,NejbWN,ejed.a,,bfdaeac.a,ddbjf.a,TPA,,FL,bc.a,Florida,dd.a
c.a,,cabcbcac.a,DL,bjhja.a,,NjbhDE,,badjh.a,,dadjh.a,ATL,,GA,bd.a,Georgia,de.a
bi.a,,cabcbcbi.a,DL,bjhja.a,,,,badjh.a,,,ATL,,GA,,,de.a
bd.a,,cabcbcbd.a,WN,bjdjd.a,WN,NcfaWN,gbj.a,bebah.a,bebahac.a,daegg.a,PHX,PhoenixAZ,,e.a,Arizona,
,d.a,,FL,caedh.a,,NjhjAT,ebg.a,bdcdc.a,,dajhh.a,MDW,,IL,bh.a,Illinois,eb.a
f.a,,cabcbcaf.a,AA,,,NdCBAA,,,behhbab.a,dcefh.a,SFO,SanFranciscoCA,CA,,,
,f.a,,,,MQ,NgddMQ,djif.a,,bcehiac.a,dbhad.a,,NewYorkNY,,dg.a,NewYork,cc.a
da.a,,cabcbbda.a,AA,,AA,NgbiAA,,,bcehiac.a,,JFK,NewYorkNY,,,,cc.a
da.a,,cabcbcda.a,AA,,AA,NfDPAA,,,bcehiac.a,,JFK,NewYorkNY,,,,cc.a
,g.a,cabcbcbf.a,,caedg.a,,NjdcFR,ghi.a,bbcjc.a,,dadcf.a,DEN,DenverCO,CO,i.a,Colorado,ic.a
i.a,g.a,,,,UA,NfccUA,jia.a,,bccgeac.a,daifc.a,IAD,,VA,,,di.a
,g.a,cabcbccc.a,,cadgg.a,,,fbea.a,badjh.a,,dadjh.a,ATL,,GA,bd.a,Georgia,de.a
bb.a,,cabcbcbb.a,AA,,AA,NfhdAA,,,bbcjiad.a,dabje.a,DFW,Dallas/FortWorthTX,TX,,,he.a
g.a,e.a,cabcbcag.a,,,US,NgdbAW,ij.a,,beafhac.a,deafh.a,PDX,PortlandOR,,eb.a,Oregon,
bd.a,,cabcbcbd.a,WN,bjdjd.a,,NjdjWN,ifg.a,bcbjb.a,,dbefd.a,HOU,HoustonTX,TX,ei.a,,he.a
f.a,,cabcbcaf.a,WN,bjdjd.a,WN,NhdaSW,cjf.a,bciij.a,bciijad.a,dccbb.a,LAS,LasVegasNV,NV,dc.a,Nevada,if.a
,h.a,,MQ,cadji.a,MQ,NiabMQ,ciie.a,bbcji.a,bbcjiad.a,dabje.a,,Dallas/FortWorthTX,TX,ei.a,,he.a
bc.a,,cabcbcbc.a,WN,bjdjd.a,WN,NchbLV,baeg.a,bciij.a,bciijad.a,dccbb.a,LAS,LasVegasNV,NV,dc.a,Nevada,if.a
,d.a,cabcbcaf.a,EV,cadgg.a,EV,Nbejea,,bccgg.a,bccggad.a,dbefd.a,,HoustonTX,TX,ei.a,,he.a
bj.a,,cabcbcbj.a,WN,bjdjd.a,,,ddgj.a,baicb.a,,,BWI,,MD,ce.a,Maryland,df.a
g.a,e.a,,,cadae.a,,NjfgSW,fdcb.a,bdjda.a,,dajhh.a,ORD,,IL,bh.a,Illinois,
i.a,,cabcbcai.a,WN,bjdjd.a,WN,NidceA,ddha.a,bbgjh.a,bbgjhad.a,dcegh.a,FLL,,FL,bc.a,Florida,dd.a
cb.a,,cabcbccb.a,AS,bjjda.a,,,,beheh.a,,,SEA,SeattleWA,WA,,,
,f.a,,,,MQ,NgdgMQ,eabd.a,,bcjefad.a,dcjef.a,,LexingtonKY,KY,cb.a,Kentucky,fc.a
bh.a,,cabcbcbh.a,AA,bjiaf.a,,,,bcijc.a,,dcfhf.a,LAX,LosAngelesCA,CA,,,jb.a
cc.a,,cabcbccc.a,AA,bjiaf.a,,,,bbcji.a,,,DFW,Dallas/FortWorthTX,TX,,,he.a
da.a,h.a,cabcbcda.a,US,,US,NeddUS,beac.a,,bbafhad.a,,CLT,,NC,dh.a,NorthCarolina,dg.a
j.a,,cabcbcaj.a,DL,,DL,NdgbNB,,,bbeddac.a,dbcjf.a,,,MI,cg.a,Michigan,ed.a
,f.a,cabcbcci.a,,cadgg.a,,NjciEV,ffcj.a,badjh.a,,dadjh.a,ATL,,GA,bd.a,Georgia,de.a
ba.a,b.a,cabcbcba.a,Bg,,Bg,NgdeJB,,,beafhac.a,deafh.a,PDX,PortlandOR,,eb.a,Oregon,
da.a,h.a,cabcbcda.a,US,,US,NeajUS,bija.a,,beachac.a,,PBI,,FL,bc.a,Florida,
bb.a,c.a,cabcbcbb.a,US,cadff.a,US,NhggUS,cbga.a,bbchi.a,bbchiac.a,daifc.a,DCA,,VA,fb.a,,di.a
bh.a,,cabcbcbh.a,WN,bjdjd.a,,,caea.a,bebah.a,,daegg.a,PHX,PhoenixAZ,,e.a,Arizona,
f.a,,cabcbcaf.a,WN,,WN,NebaWN,baec.a,,bbcjcac.a,dadcf.a,DEN,DenverCO,CO,i.a,Colorado,ic.a
cd.a,h.a,,OO,cadae.a,,,gcgb.a,begid.a,,,SAT,SanAntonioTX,,ei.a,,
b.a,g.a,cabcbcab.a,,,Bg,NfhjJB,faf.a,,bbgbiac.a,dbhad.a,EWR,NewarkNJ,,de.a,NewJersey,cb.a
,c.a,,MQ,,MQ,NgafMQ,dfgf.a,,bebccac.a,dabji.a,,PittsburghPA,,ec.a,Pennsylvania,
,b.a,,MQ,cadji.a,,,chch.a,bbcji.a,,dabje.a,DFW,Dallas/FortWorthTX,TX,ei.a,,he.a
b.a,,cabcbcab.a,WN,bjdjd.a,WN,NgfaSW,bghi.a,bebah.a,bebahac.a,daegg.a,PHX,PhoenixAZ,,e.a,Arizona,
cd.a,h.a,,OO,cadae.a,,,dehi.a,beafh.a,,,PDX,PortlandOR,,eb.a,Oregon,
ce.a,b.a,cabcbcce.a,Bg,caeaj.a,,,,bdcae.a,,,MCO,,,bc.a,Florida,dd.a
,g.a,cabcbcab.a,,cadgg.a,EV,Nbbfgf,fiie.a,bdjda.a,bdjdaac.a,dajhh.a,,,IL,bh.a,Illinois,
c.a,h.a,,UA,,UA,Ndhebj,bcai.a,,bbcjcac.a,dadcf.a,DEN,DenverCO,CO,,,ic.a
ba.a,,cabcbcba.a,WN,,WN,NeffWN,bahg.a,,baiaaad.a,dcfhf.a,BUR,BurbankCA,CA,g.a,California,jb.a
cb.a,,cabcbccb.a,AA,bjiaf.a,,,,bbcji.a,,,DFW,Dallas/FortWorthTX,TX,,,he.a
cf.a,c.a,cabcbccf.a,US,cadff.a,,,bejj.a,bbafh.a,,,CLT,,NC,dh.a,NorthCarolina,dg.a
bc.a,,cabcbcbc.a,AA,,AA,NgbdAA,,,bddadad.a,dcegh.a,MIA,,,,,dd.a
ch.a,e.a,,,,OO,NedfSW,cgia.a,,bcijcad.a,,LAX,LosAngelesCA,CA,g.a,California,jb.a
ba.a,b.a,,OO,cadae.a,OO,NhfaSK,geji.a,bcaje.a,bcajeac.a,degjj.a,HDN,HaydenCO,CO,i.a,Colorado,ic.a
,b.a,,FL,caedh.a,,,bac.a,badjh.a,,dadjh.a,ATL,,GA,bd.a,Georgia,de.a
h.a,,cabcbcah.a,AA,,AA,NdJCAA,,,bciijad.a,dccbb.a,LAS,LasVegasNV,NV,,,if.a
cg.a,,cabcbccg.a,AA,,AA,NdiaAA,,,bcijcad.a,,LAX,LosAngelesCA,CA,,,jb.a
h.a,,cabcbcah.a,WN,,WN,NdfiSW,ija.a,,bdcdcac.a,dajhh.a,MDW,,IL,bh.a,Illinois,eb.a
ba.a,,cabcbcba.a,WN,,WN,NfbaSW,bae.a,,bbfeaad.a,dagbf.a,ELP,ElPasoTX,TX,ei.a,,he.a
bj.a,d.a,,OO,cadae.a,,,egif.a,bebah.a,,,PHX,PhoenixAZ,,e.a,Arizona,
,,,HA,,,,ef.a,beidb.a,,dcefh.a,SJC,SanJoseCA,CA,g.a,California,
b.a,,cabcbcab.a,AA,,AA,NddcAA,,,bcijcad.a,dcfhf.a,LAX,LosAngelesCA,CA,,,jb.a
,g.a,cabcbcbf.a,,cadgg.a,EV,Nbdjje,ecif.a,bedah.a,bedahac.a,dahcb.a,,ProvidenceRI,,ee.a,RhodeIsland,
cj.a,g.a,,,cadae.a,OO,NhefSK,fcbh.a,bccgg.a,bccggad.a,,IAH,HoustonTX,TX,ei.a,,he.a
cb.a,,cabcbccb.a,WN,bjdjd.a,,,ehef.a,bebah.a,,,PHX,PhoenixAZ,,e.a,Arizona,
bd.a,,cabcbcbd.a,DL,,DL,NgdgDL,,,bdeihac.a,dbgfa.a,,MinneapolisMN,,ch.a,Minnesota,
cd.a,h.a,cabcbccd.a,YV,cadhi.a,,,cgie.a,bbafh.a,,,CLT,,NC,dh.a,NorthCarolina,dg.a
ca.a,,cabcbcca.a,AA,bjiaf.a,,,,bdjda.a,,,ORD,,IL,,,
bc.a,d.a,,OO,cadae.a,OO,NigcAS,cgca.a,bebah.a,bebahac.a,daegg.a,PHX,PhoenixAZ,,e.a,Arizona,
bf.a,,cabcbcbf.a,WN,bjdjd.a,WN,NidacF,ejgb.a,bdcae.a,bdcaeac.a,dbefe.a,MCO,,,bc.a,Florida,dd.a
bb.a,c.a,,UA,,UA,NfhcUA,djd.a,,bciijad.a,dccbb.a,LAS,LasVegasNV,NV,,,if.a
,e.a,cabcbcch.a,,cadgg.a,EV,Nbejjd,efdc.a,bajje.a,bajjeac.a,dajje.a,,,SC,ef.a,SouthCarolina,dh.a
bf.a,,cabcbcbf.a,WN,,WN,NedgWN,caji.a,,bdhjgab.a,dcefh.a,OAK,OaklandCA,,g.a,California,
da.a,,cabcbcda.a,WN,,,NcdaWN,ddba.a,bfdae.a,bfdaeac.a,,TPA,,FL,bc.a,Florida,dd.a
,b.a,,FL,caedh.a,,NjhhAT,db.a,badjh.a,,dadjh.a,ATL,,GA,bd.a,Georgia,de.a
db.a,b.a,cabcbcdb.a,US,,US,NeagUS,bgjg.a,,bddadad.a,dcegh.a,MIA,,,bc.a,Florida,dd.a
,d.a,,FL,caedh.a,,,efj.a,bebaa.a,,debaa.a,PHL,PhiladelphiaPA,,ec.a,Pennsylvania,
cj.a,,cabcbccj.a,WN,bjdjd.a,WN,NhfcSW,ccfh.a,bagjd.a,bagjdac.a,,BNA,NashvilleTN,,eh.a,Tennessee,fe.a
,,,HA,bjgja.a,,,dah.a,bchfi.a,,dchfi.a,KOA,KonaHI,HI,bf.a,Hawaii,c.a
b.a,g.a,cabcbcab.a,,,US,NfecUW,djb.a,,bbafhad.a,dbafh.a,CLT,,NC,dh.a,NorthCarolina,dg.a
,e.a,cabcbcca.a,,cadgg.a,,,gadg.a,bdejf.a,,ddejf.a,MSY,NewOrleansLA,,cc.a,Louisiana,
,g.a,cabcbccc.a,,cadgg.a,,,faie.a,badjh.a,,dadjh.a,ATL,,GA,bd.a,Georgia,de.a
bh.a,b.a,,UA,bjjhh.a,,,bbdd.a,bcijc.a,,dcfhf.a,LAX,LosAngelesCA,CA,,,jb.a
,e.a,,,cadji.a,MQ,NiaaMQ,ebag.a,bdjda.a,bdjdaac.a,dajhh.a,,,IL,bh.a,Illinois,
cf.a,c.a,,OO,cadae.a,,,fgaa.a,baiaa.a,,,BUR,BurbankCA,CA,g.a,California,jb.a
,d.a,cabcbcaf.a,EV,cadgg.a,EV,Nbebia,,bagjd.a,bagjdac.a,dagjd.a,,NashvilleTN,,eh.a,Tennessee,fe.a
,c.a,cabcbcae.a,EV,cadgg.a,EV,Nbgbbc,,bccgg.a,bccggad.a,dbefd.a,,HoustonTX,TX,ei.a,,he.a
ca.a,e.a,,,bjjhh.a,,,bfaf.a,beafh.a,,,PDX,PortlandOR,,,,
,b.a,cabcbcce.a,Fj,caedg.a,,,ifh.a,bbcjc.a,,dadcf.a,DEN,DenverCO,CO,i.a,Colorado,ic.a
c.a,,cabcbcac.a,WN,bjdjd.a,WN,NgejSW,efj.a,bedah.a,bedahac.a,dahcb.a,PVD,ProvidenceRI,,ee.a,RhodeIsland,
j.a,h.a,cabcbcaj.a,US,cadff.a,,NjeeUW,cbcg.a,bcjfd.a,,dbhad.a,LGA,NewYorkNY,,dg.a,NewYork,cc.a
b.a,,cabcbcab.a,DL,,DL,NdhefB,,,bdcaeac.a,dbefe.a,,,,bc.a,Florida,dd.a
da.a,,cabcbcda.a,AA,,AA,NffaAA,,,bbcjiad.a,,DFW,Dallas/FortWorthTX,TX,,,he.a
bh.a,,cabcbcbh.a,WN,bjdjd.a,,,ifb.a,bdcdc.a,,dajhh.a,MDW,,IL,bh.a,Illinois,eb.a
d.a,b.a,,UA,,UA,Ndihch,bbbj.a,,bccggad.a,dbefd.a,IAH,HoustonTX,TX,,,he.a
,b.a,cabcbcad.a,EV,cadgg.a,EV,Nbcbgd,,bccgg.a,bccggad.a,dbefd.a,,HoustonTX,TX,ei.a,,he.a
bd.a,e.a,,,cadae.a,,NcceSW,fgea.a,behhb.a,behhbab.a,dcefh.a,SFO,SanFranciscoCA,CA,g.a,California,
cf.a,c.a,,OO,cadae.a,,,feea.a,beafh.a,,,PDX,PortlandOR,,eb.a,Oregon,
,f.a,cabcbcah.a,,cadgg.a,EV,NhajEV,ejbd.a,badjh.a,badjhaf.a,dadjh.a,,,GA,bd.a,Georgia,de.a
be.a,,cabcbcbe.a,DL,,,NddeNW,,,behehad.a,daffj.a,SEA,SeattleWA,WA,fd.a,,
cj.a,,cabcbccj.a,AA,,AA,NeYGAA,,,bbcjiad.a,,DFW,Dallas/FortWorthTX,TX,,,he.a
i.a,,cabcbcai.a,DL,bjhja.a,DL,NhhaNC,,bdjda.a,bdjdaac.a,dajhh.a,,,IL,bh.a,Illinois,
,e.a,cabcbcca.a,,cadgg.a,,,fcef.a,badjh.a,,dadjh.a,ATL,,GA,bd.a,Georgia,de.a
,e.a,,,cadji.a,,NjecMQ,ecbf.a,bagjd.a,,dagjd.a,BNA,NashvilleTN,,eh.a,Tennessee,fe.a
bd.a,e.a,cabcbcbd.a,,,US,NeejUS,bjjc.a,,bbafhad.a,dbafh.a,CLT,,NC,dh.a,NorthCarolina,dg.a
c.a,h.a,,OO,cadae.a,,NjfgSW,ffgb.a,badjh.a,,dadjh.a,ATL,,GA,bd.a,Georgia,de.a
cf.a,,cabcbccf.a,WN,bjdjd.a,,,eia.a,bciij.a,,,LAS,LasVegasNV,NV,dc.a,Nevada,if.a
f.a,,cabcbcaf.a,AA,,AA,NeXGAA,,,bcefbac.a,dbbdg.a,JAX,,FL,,,dd.a
e.a,,cabcbcae.a,DL,bjhja.a,DL,NgfbDL,,bddad.a,bddadad.a,dcegh.a,,,,bc.a,Florida,dd.a
cf.a,,cabcbccf.a,WN,bjdjd.a,,,biab.a,bdijb.a,,,ONT,OntarioCA,,g.a,California,
i.a,g.a,cabcbcai.a,,cadff.a,,NibaAW,fcg.a,begid.a,begidad.a,ddcbe.a,SAT,SanAntonioTX,,ei.a,,
e.a,c.a,cabcbcae.a,YV,cadhi.a,,NjciLR,cgcg.a,baecd.a,,daecd.a,AUS,AustinTX,TX,ei.a,,he.a
,b.a,cabcbcce.a,EV,cadgg.a,,,dibj.a,bbgbi.a,,dbhad.a,EWR,NewarkNJ,,de.a,NewJersey,cb.a
,e.a,,,cadji.a,,,dded.a,bbbea.a,,dbbea.a,CRP,CorpusChristiTX,TX,ei.a,,he.a
c.a,,cabcbcac.a,AA,,AA,NdbjAA,,,bcijcad.a,dcfhf.a,LAX,LosAngelesCA,CA,,,jb.a
,h.a,,MQ,cadji.a,,,deah.a,bbjic.a,,dbjic.a,GRK,KilleenTX,TX,ei.a,,he.a
ci.a,f.a,cabcbcci.a,,cadff.a,US,NcahUW,ca.a,bebah.a,bebahac.a,,PHX,PhoenixAZ,,e.a,Arizona,
,c.a,cabcbcbb.a,EV,cadgg.a,,NjdhEV,fdfg.a,beaji.a,,ddggh.a,PHF,,,fb.a,,
,f.a,,,caedh.a,FL,NijjAT,bfj.a,badjh.a,badjhaf.a,dadjh.a,,,GA,bd.a,Georgia,de.a
da.a,,cabcbcda.a,DL,bjhja.a,,NjdcDL,,badjh.a,,,ATL,,GA,bd.a,Georgia,de.a
bh.a,,cabcbcbh.a,WN,bjdjd.a,,,cjid.a,bdifb.a,,ddifb.a,OKC,OklahomaCityOK,,ea.a,Oklahoma,
bf.a,,cabcbcbf.a,AS,,,NgchAS,,,behehad.a,daffj.a,SEA,SeattleWA,WA,,,
,h.a,,FL,caedh.a,,,faa.a,begdf.a,,dbhbe.a,RSW,,FL,bc.a,Florida,
e.a,c.a,cabcbcae.a,US,cadff.a,US,NhgiUS,cbid.a,bcjfd.a,bcjfdac.a,dbhad.a,LGA,NewYorkNY,,dg.a,NewYork,cc.a
cj.a,,cabcbccj.a,DL,bjhja.a,,NjgfDN,,badjh.a,,,ATL,,GA,bd.a,Georgia,de.a
ca.a,,cabcbcca.a,WN,bjdjd.a,,,gff.a,bdcdc.a,,,MDW,,IL,bh.a,Illinois,eb.a
,c.a,cabcbcbb.a,EV,cadgg.a,EV,Nbejjd,efgg.a,bbaec.a,bbaecac.a,dageh.a,,,OH,dj.a,Ohio,ee.a
,h.a,cabcbcaj.a,Fj,caedg.a,,NjdcFR,hge.a,bciij.a,,dccbb.a,LAS,LasVegasNV,NV,dc.a,Nevada,if.a
,d.a,,MQ,cadji.a,,,eada.a,bcchi.a,,dajci.a,ICT,WichitaKS,KS,ca.a,Kansas,gc.a
ba.a,,cabcbcba.a,AA,,AA,NejgAA,,,bdejfac.a,ddejf.a,MSY,NewOrleansLA,,,,
,b.a,,MQ,cadji.a,,,debh.a,bdbfi.a,,ddbfi.a,MAF,Midland/OdessaTX,,ei.a,,he.a
bg.a,,cabcbcbg.a,DL,bjhja.a,,,,beheh.a,,daffj.a,SEA,SeattleWA,WA,fd.a,,
cd.a,h.a,,OO,cadae.a,,,eega.a,bdbch.a,,,LWS,LewistonID,ID,bg.a,Idaho,id.a
bd.a,e.a,cabcbcbd.a,,caeaj.a,Bg,NgejJB,bebi.a,bcefb.a,bcefbac.a,dbbdg.a,JAX,,FL,bc.a,Florida,dd.a
,d.a,,MQ,cadji.a,MQ,NibiMQ,ecia.a,bdjda.a,bdjdaac.a,dajhh.a,,,IL,bh.a,Illinois,
bf.a,,cabcbcbf.a,DL,bjhja.a,DL,NgeeDL,,badjh.a,badjhaf.a,dadjh.a,,,GA,bd.a,Georgia,de.a
db.a,,cabcbcdb.a,AS,bjjda.a,AS,NhgfAS,,bacjj.a,bacjjae.a,dacjj.a,ANC,AnchorageAK,AK,,,b.a
j.a,h.a,,OO,cadae.a,OO,NhdaSK,geeh.a,beafh.a,beafhac.a,deafh.a,PDX,PortlandOR,,eb.a,Oregon,
,f.a,,,,MQ,NgbbMQ,chgh.a,,bbcjiad.a,dabje.a,,Dallas/FortWorthTX,TX,ei.a,,he.a
,b.a,cabcbcad.a,EV,cadgg.a,EV,NiieAS,ejje.a,badjh.a,badjhaf.a,dadjh.a,,,GA,bd.a,Georgia,de.a
,g.a,cabcbcab.a,,cadgg.a,EV,NgjbCA,fajg.a,bcjjc.a,bcjjcae.a,dcgaa.a,,LittleRockAR,AR,f.a,Arkansas,hb.a
cb.a,f.a,cabcbccb.a,,cadff.a,,,bbff.a,bebaa.a,,,PHL,PhiladelphiaPA,,ec.a,Pennsylvania,
,f.a,,,caedh.a,,,ged.a,bbcgh.a,,dbcgh.a,DAY,,OH,dj.a,Ohio,ee.a
,g.a,,,cadji.a,MQ,NidcMQ,dfad.a,bddad.a,bddadad.a,dcegh.a,,,,bc.a,Florida,dd.a
cg.a,d.a,,OO,,OO,NgbbSK,ehbj.a,,bcijcad.a,,LAX,LosAngelesCA,CA,g.a,California,jb.a
cj.a,,cabcbccj.a,WN,,,NdigSW,daej.a,,bfdhgac.a,,TUS,TucsonAZ,AZ,e.a,Arizona,ib.a
h.a,f.a,cabcbcah.a,,cadhi.a,,NjdcLR,cgib.a,befce.a,,defce.a,RIC,,,fb.a,,
cd.a,,cabcbccd.a,DL,bjhja.a,,,,bdeih.a,,,MSP,MinneapolisMN,,ch.a,Minnesota,
ci.a,f.a,,,,UA,Ndiead,bcda.a,,bdjdaac.a,,ORD,,IL,,,
da.a,,cabcbcda.a,WN,bjdjd.a,WN,NgegSW,babi.a,bdejf.a,bdejfac.a,,MSY,NewOrleansLA,,cc.a,Louisiana,
,g.a,,,caedh.a,,,bac.a,badjh.a,,dadjh.a,ATL,,GA,bd.a,Georgia,de.a
,b.a,cabcbcba.a,EV,cadgg.a,EV,NiiaAS,fgcd.a,bbbeg.a,bbbegad.a,dbbeg.a,,,WV,fe.a,,dj.a
e.a,,cabcbcae.a,WN,,WN,NcjeWN,baee.a,,bbcjcac.a,dadcf.a,DEN,DenverCO,CO,i.a,Colorado,ic.a
b.a,,cabcbcab.a,DL,bjhja.a,,NhbhTW,,behhb.a,behhbab.a,dcefh.a,SFO,SanFranciscoCA,CA,g.a,California,
bj.a,d.a,,UA,bjjhh.a,,,eeh.a,bebaa.a,,,PHL,PhiladelphiaPA,,,,
bf.a,,cabcbcbf.a,WN,bjdjd.a,,NjciWN,ejga.a,beafh.a,,deafh.a,PDX,PortlandOR,,eb.a,Oregon,
h.a,f.a,,,cadae.a,OO,NcjcSW,fdbh.a,bajda.a,bajdaac.a,dajda.a,CEC,CrescentCityCA,CA,g.a,California,jb.a
,d.a,cabcbcaf.a,EV,cadgg.a,EV,Nbdbbi,gbhj.a,bcdij.a,bcdijac.a,dcdij.a,,WillistonND,ND,di.a,NorthDakota,gg.a
cf.a,,cabcbccf.a,WN,bjdjd.a,,,bgda.a,bcdjb.a,,,ISP,IslipNY,NY,dg.a,NewYork,cc.a
cb.a,,cabcbccb.a,AA,bjiaf.a,,,,beghj.a,,,SAN,SanDiegoCA,,,,
h.a,f.a,cabcbcah.a,,cadff.a,US,NhebUW,bgbj.a,bbchi.a,bbchiac.a,daifc.a,DCA,,VA,fb.a,,di.a
ch.a,,cabcbcch.a,WN,,,NefdWN,effe.a,,begidad.a,,SAT,SanAntonioTX,,ei.a,,
,h.a,,MQ,cadji.a,,,ddhh.a,bachj.a,,dachj.a,AMA,AmarilloTX,TX,ei.a,,he.a
,b.a,cabcbcad.a,Fj,caedg.a,,NjchFR,fge.a,beghj.a,,ddfha.a,SAN,SanDiegoCA,,g.a,California,
bg.a,,cabcbcbg.a,AA,bjiaf.a,,,,bbcji.a,,dabje.a,DFW,Dallas/FortWorthTX,TX,,,he.a
cf.a,c.a,cabcbccf.a,Bg,caeaj.a,,,,begdf.a,,,RSW,,FL,bc.a,Florida,
d.a,,cabcbcad.a,WN,bjdjd.a,WN,NcfaWN,dai.a,bdcdc.a,bdcdcac.a,dajhh.a,MDW,,IL,bh.a,Illinois,eb.a
ce.a,b.a,cabcbcce.a,YV,cadhi.a,,,baed.a,bceac.a,,,ITO,HiloHI,HI,bf.a,Hawaii,c.a
,c.a,,FL,caedh.a,,NjejAT,bhd.a,bahcb.a,,dahcb.a,BOS,BostonMA,MA,cf.a,Massachusetts,bd.a
c.a,,cabcbcac.a,DL,,DL,NdbgUS,,,bbgjhad.a,dcegh.a,,,FL,bc.a,Florida,dd.a
da.a,,cabcbcda.a,WN,,WN,NfajSW,bcfg.a,,bebahac.a,,PHX,PhoenixAZ,,e.a,Arizona,
h.a,,cabcbcah.a,WN,bjdjd.a,WN,NcfdWN,bjhi.a,beafh.a,beafhac.a,deafh.a,PDX,PortlandOR,,eb.a,Oregon,
g.a,,cabcbcag.a,WN,,WN,NgdhSW,djcf.a,,bbcfjad.a,dabje.a,DAL,DallasTX,TX,ei.a,,he.a
,b.a,cabcbcba.a,EV,cadgg.a,EV,Nbdjgj,fjie.a,bdjda.a,bdjdaac.a,dajhh.a,,,IL,bh.a,Illinois,
da.a,h.a,cabcbcda.a,YV,,YV,Ndhbhi,baae.a,,bcbhdab.a,,HNL,HonoluluHI,HI,bf.a,Hawaii,c.a
,c.a,,MQ,cadji.a,,,dghf.a,bcijc.a,,dcfhf.a,LAX,LosAngelesCA,CA,g.a,California,jb.a
bd.a,,cabcbcbd.a,DL,,DL,NdcaNB,,,bagchac.a,dagch.a,,Bismarck/MandanND,ND,di.a,NorthDakota,gg.a
,g.a,cabcbcab.a,,cadgg.a,,Nbebgi,ehai.a,behda.a,behdaad.a,ddaee.a,SDF,LouisvilleKY,,cb.a,Kentucky,
bc.a,d.a,cabcbcbc.a,Bg,caeaj.a,Bg,NgfhJB,,bahcb.a,bahcbac.a,dahcb.a,BOS,BostonMA,MA,cf.a,Massachusetts,bd.a
cb.a,,cabcbccb.a,WN,bjdjd.a,,,eddc.a,bbcjc.a,,,DEN,DenverCO,CO,i.a,Colorado,ic.a
e.a,,cabcbcae.a,WN,,,NhhacA,dai.a,beigj.a,beigjad.a,degbe.a,SLC,SaltLakeCityUT,,ej.a,,
ch.a,e.a,,,cadae.a,OO,NcbiAG,dejb.a,bbgdi.a,bbgdiae.a,,FAT,FresnoCA,CA,g.a,California,jb.a
bd.a,,cabcbcbd.a,DL,bjhja.a,,NjbaDE,,badjh.a,,dadjh.a,ATL,,GA,bd.a,Georgia,de.a
bc.a,d.a,,UA,,UA,NeiaUA,dgg.a,,bcjfdac.a,dbhad.a,LGA,NewYorkNY,,,,cc.a
cc.a,,cabcbccc.a,WN,bjdjd.a,,,eeia.a,bbcjc.a,,,DEN,DenverCO,CO,i.a,Colorado,ic.a
e.a,c.a,,UA,,UA,Nebbea,bbib.a,,bccggad.a,dbefd.a,IAH,HoustonTX,TX,,,he.a
,h.a,,MQ,cadji.a,,,cjhb.a,baigi.a,,daigi.a,CAE,,SC,ef.a,SouthCarolina,dh.a
c.a,h.a,cabcbcac.a,US,cadff.a,US,NggfAW,bia.a,bebah.a,bebahac.a,daegg.a,PHX,PhoenixAZ,,e.a,Arizona,
bj.a,,cabcbcbj.a,AA,bjiaf.a,,,,bbgjh.a,,,FLL,,FL,,,dd.a
ba.a,b.a,,UA,bjjhh.a,UA,Ncgccg,baij.a,bdcae.a,bdcaeac.a,dbefe.a,MCO,,,,,dd.a
,d.a,cabcbcbj.a,EV,cadgg.a,,,gacb.a,bbafh.a,,dbafh.a,CLT,,NC,dh.a,NorthCarolina,dg.a
cd.a,,cabcbccd.a,WN,,,,bcge.a,bejai.a,,,SNA,SantaAnaCA,CA,g.a,California,jb.a
,b.a,cabcbcce.a,EV,,,,fadf.a,bfajg.a,,dfajg.a,SYR,SyracuseNY,NY,dg.a,NewYork,cc.a
,d.a,cabcbcaf.a,EV,cadgg.a,EV,Nbdjdf,ecgg.a,bccgg.a,bccggad.a,dbefd.a,,HoustonTX,TX,ei.a,,he.a
,g.a,cabcbcab.a,,cadgg.a,EV,NihhAS,fhcb.a,bdjda.a,bdjdaac.a,dajhh.a,,,IL,bh.a,Illinois,
,d.a,,FL,caedh.a,,,fce.a,badjh.a,,dadjh.a,ATL,,GA,bd.a,Georgia,de.a
,c.a,,MQ,cadji.a,,,ciff.a,bbcji.a,,dabje.a,DFW,Dallas/FortWorthTX,TX,ei.a,,he.a
cg.a,d.a,,UA,,UA,Nddcgc,bgfd.a,,bdjdaac.a,,ORD,,IL,,,
,b.a,,OO,cadae.a,,NjfeSW,gfda.a,bebah.a,,daegg.a,PHX,PhoenixAZ,,e.a,Arizona,
be.a,f.a,,,,UA,NecjUA,cej.a,,bccgeac.a,daifc.a,IAD,,VA,,,di.a
cb.a,,cabcbccb.a,DL,bjhja.a,,,,bahcb.a,,,BOS,BostonMA,MA,cf.a,Massachusetts,bd.a
bj.a,d.a,cabcbcbj.a,Bg,caeaj.a,,,,bafcj.a,,,BDL,HartfordCT,CT,j.a,Connecticut,bb.a
cf.a,c.a,cabcbccf.a,US,cadff.a,,,edi.a,bciij.a,,,LAS,LasVegasNV,NV,dc.a,Nevada,if.a
,b.a,cabcbcba.a,EV,cadgg.a,EV,Nbbbhg,ecih.a,bbjhh.a,bbjhhac.a,dbjhh.a,,GreenBayWI,WI,ff.a,,ef.a
bg.a,,cabcbcbg.a,DL,bjhja.a,,,,bahbd.a,,dahbd.a,BOI,BoiseID,ID,bg.a,Idaho,id.a
,b.a,cabcbcba.a,EV,cadgg.a,,NjdgEV,ffae.a,badjh.a,,dadjh.a,ATL,,GA,bd.a,Georgia,de.a
bi.a,,cabcbcbi.a,WN,bjdjd.a,,,fec.a,bdcjg.a,,dahcb.a,MHT,ManchesterNH,,dd.a,NewHampshire,be.a
bh.a,b.a,cabcbcbh.a,YV,cadhi.a,,,dhfb.a,bbedd.a,,dbcjf.a,DTW,,MI,cg.a,Michigan,ed.a
cj.a,g.a,,,,UA,NefdUA,hfi.a,,bdjdaac.a,,ORD,,IL,,,
i.a,g.a,,,bjjhh.a,,Nhhcfi,bbib.a,behhb.a,behhbab.a,dcefh.a,SFO,SanFranciscoCA,CA,,,
ci.a,,cabcbcci.a,DL,bjhja.a,,NhicNC,,behda.a,behdaad.a,,SDF,LouisvilleKY,,cb.a,Kentucky,
h.a,f.a,cabcbcah.a,,caeaj.a,Bg,NggdJB,iah.a,bahcb.a,bahcbac.a,dahcb.a,BOS,BostonMA,MA,cf.a,Massachusetts,bd.a
d.a,b.a,cabcbcad.a,YV,cadhi.a,,NjcjLR,cgfc.a,bdejf.a,,ddejf.a,MSY,NewOrleansLA,,cc.a,Louisiana,
,h.a,,OO,,OO,NfagCA,cjcb.a,,bebahac.a,daegg.a,PHX,PhoenixAZ,,e.a,Arizona,
,b.a,,OO,,,NjfdSW,efbe.a,beigj.a,,degbe.a,SLC,SaltLakeCityUT,,ej.a,,
j.a,,cabcbcaj.a,DL,bjhja.a,,NjajDE,,badjh.a,,dadjh.a,ATL,,GA,bd.a,Georgia,de.a
bg.a,,cabcbcbg.a,AA,bjiaf.a,,,,bddad.a,,dcegh.a,MIA,,,,,dd.a
cd.a,,cabcbccd.a,WN,bjdjd.a,,,cfbh.a,bdcdc.a,,,MDW,,IL,bh.a,Illinois,eb.a
,h.a,,OO,cadae.a,OO,NhieSK,fbie.a,bccgg.a,bccggad.a,dbefd.a,IAH,HoustonTX,TX,ei.a,,he.a
cb.a,,cabcbccb.a,WN,bjdjd.a,,,dihh.a,bddec.a,,,MKE,MilwaukeeWI,,ff.a,,ef.a
d.a,b.a,cabcbcad.a,US,,US,NffbUW,bc.a,,bebahac.a,daegg.a,PHX,PhoenixAZ,,e.a,Arizona,
ce.a,b.a,,UA,bjjhh.a,,,cgc.a,bccgg.a,,,IAH,HoustonTX,TX,,,he.a
bf.a,g.a,cabcbcbf.a,,,VX,NgdeVA,jh.a,,bccgeac.a,daifc.a,IAD,,VA,fb.a,,di.a
,g.a,,,cadji.a,MQ,NiciMQ,eaef.a,bdjda.a,bdjdaac.a,dajhh.a,,,IL,bh.a,Illinois,
j.a,,cabcbcaj.a,DL,,DL,NdbeUS,,,badjhaf.a,dadjh.a,,,GA,bd.a,Georgia,de.a
ci.a,f.a,cabcbcci.a,,,,NfaeJB,jie.a,,bfdaeac.a,,TPA,,FL,bc.a,Florida,dd.a
j.a,h.a,cabcbcaj.a,YV,cadhi.a,,NjccFJ,cgji.a,bbafh.a,,dbafh.a,CLT,,NC,dh.a,NorthCarolina,dg.a
cj.a,g.a,cabcbccj.a,,caeaj.a,Bg,NbjdJB,jhg.a,bbgjh.a,bbgjhad.a,,FLL,,FL,bc.a,Florida,dd.a
cj.a,,cabcbccj.a,AS,,AS,NfjcAS,,,beafhac.a,,PDX,PortlandOR,,,,
ci.a,f.a,,,,,Nbdhfa,beic.a,bface.a,bfacead.a,,STT,CharlotteAmalieVI,VI,,,e.a
cd.a,,cabcbccd.a,WN,bjdjd.a,,,dfde.a,bcijc.a,,,LAX,LosAngelesCA,CA,g.a,California,jb.a
,f.a,cabcbcah.a,,cadgg.a,EV,Nbejbg,gahf.a,bdjda.a,bdjdaac.a,dajhh.a,,,IL,bh.a,Illinois,
f.a,d.a,cabcbcaf.a,US,,,NhaiUW,bghi.a,bfdae.a,bfdaeac.a,ddbjf.a,TPA,,FL,bc.a,Florida,dd.a
,d.a,,OO,cadae.a,,,fdjc.a,bcijc.a,,dcfhf.a,LAX,LosAngelesCA,CA,g.a,California,jb.a
,c.a,cabcbcbb.a,EV,,EV,NgahLR,,,bccbhac.a,dacff.a,,HuntsvilleAL,AL,b.a,Alabama,fb.a
,h.a,,FL,caedh.a,,NjfgAT,caf.a,badjh.a,,dadjh.a,ATL,,GA,bd.a,Georgia,de.a
,c.a,cabcbcbb.a,EV,cadgg.a,EV,Nbgbhi,,bdjda.a,bdjdaac.a,dajhh.a,,,IL,bh.a,Illinois,
be.a,,cabcbcbe.a,WN,,WN,NefdWN,hda.a,,bebahac.a,daegg.a,PHX,PhoenixAZ,,e.a,Arizona,
b.a,,cabcbcab.a,AS,,AS,NfjhAS,,,bdhjgab.a,dcefh.a,OAK,OaklandCA,,,,
bd.a,e.a,cabcbcbd.a,,cadhi.a,,NjfgLR,cidb.a,babea.a,,dabea.a,ABQ,AlbuquerqueNM,NM,df.a,NewMexico,ig.a
,,,HA,,HA,NehfHA,bed.a,,bcbhdab.a,dcbde.a,,HonoluluHI,HI,bf.a,Hawaii,c.a
cc.a,g.a,cabcbccc.a,,cadhi.a,,,cgca.a,bajje.a,,,CHS,,SC,ef.a,SouthCarolina,dh.a
d.a,,cabcbcad.a,DL,bjhja.a,,NjcaDE,,badjh.a,,dadjh.a,ATL,,GA,bd.a,Georgia,de.a
ce.a,,cabcbcce.a,DL,bjhja.a,,,,bcjfd.a,,,LGA,NewYorkNY,,dg.a,NewYork,cc.a
,g.a,cabcbcbf.a,,cadgg.a,EV,NhaiEV,ejea.a,bcjjc.a,bcjjcae.a,dcgaa.a,,LittleRockAR,AR,f.a,Arkansas,hb.a
,b.a,,MQ,,MQ,NgchMQ,ecdb.a,,bbecdad.a,dbecd.a,,DesMoinesIA,IA,bj.a,Iowa,gb.a
e.a,,cabcbcae.a,DL,bjhja.a,DL,NhagTW,,bcehi.a,bcehiac.a,dbhad.a,,NewYorkNY,,dg.a,NewYork,cc.a
ci.a,,cabcbcci.a,WN,bjdjd.a,,NjdcWN,ejec.a,bdbji.a,,,MCI,KansasCityMO,MO,cj.a,Missouri,ge.a
,d.a,,OO,cadae.a,,NjeeSW,cjei.a,bebah.a,,daegg.a,PHX,PhoenixAZ,,e.a,Arizona,
,e.a,,,caedh.a,,NjgdAT,cji.a,bbgjh.a,,dcegh.a,FLL,,FL,bc.a,Florida,dd.a
cj.a,g.a,cabcbccj.a,,,Bg,NffeJB,ccj.a,,bafcjae.a,,BDL,HartfordCT,CT,j.a,Connecticut,bb.a
,c.a,,OO,cadae.a,,NccdSW,feeb.a,begji.a,begjiac.a,decdg.a,SBP,SanLuisObispoCA,CA,g.a,California,
e.a,,cabcbcae.a,DL,bjhja.a,,NjdjDL,,baicb.a,,daifc.a,BWI,,MD,ce.a,Maryland,df.a
bh.a,b.a,cabcbcbh.a,US,cadff.a,,,bgcf.a,bcjfd.a,,dbhad.a,LGA,NewYorkNY,,dg.a,NewYork,cc.a
bd.a,e.a,,,,UA,Ndeccc,bahe.a,,bebccac.a,dabji.a,PIT,PittsburghPA,,,,
ch.a,e.a,cabcbcch.a,,caeaj.a,Bg,NhhjJB,dgc.a,beach.a,beachac.a,,PBI,,FL,bc.a,Florida,
ci.a,,cabcbcci.a,DL,bjhja.a,,NjbcDE,,badjh.a,,,ATL,,GA,bd.a,Georgia,de.a
ba.a,b.a,cabcbcba.a,US,,US,NfeeUW,cfd.a,,bebaaac.a,debaa.a,PHL,PhiladelphiaPA,,ec.a,Pennsylvania,
,h.a,cabcbcaj.a,Fj,caedg.a,,NjehFR,bfh.a,bbbaj.a,,dabij.a,COS,ColoradoSpringsCO,CO,i.a,Colorado,ic.a
,f.a,cabcbcah.a,,cadgg.a,EV,Nbdjjf,efjd.a,bccag.a,bccagad.a,dccag.a,,Harlingen/SanBenitoTX,TX,ei.a,,he.a
bd.a,e.a,,,bjjhh.a,UA,Nhhcgb,bhec.a,bbcjc.a,bbcjcac.a,dadcf.a,DEN,DenverCO,CO,,,ic.a
,g.a,,,,OO,NgdcSK,egjd.a,,bdhjgab.a,dcefh.a,OAK,OaklandCA,,g.a,California,
cj.a,,cabcbccj.a,DL,bjhja.a,,NjbdDL,,bbedd.a,,,DTW,,MI,cg.a,Michigan,ed.a
cg.a,,cabcbccg.a,AA,,AA,NffbAA,,,bccgeac.a,,IAD,,VA,,,di.a
bc.a,d.a,,UA,,UA,NfjeUA,fdd.a,,bbgbiac.a,dbhad.a,EWR,NewarkNJ,,,,cb.a
cb.a,,cabcbccb.a,DL,bjhja.a,,,,bbedd.a,,,DTW,,MI,cg.a,Michigan,ed.a
j.a,h.a,cabcbcaj.a,YV,cadhi.a,,NjbhFJ,chba.a,bcdcd.a,,dcdcd.a,ILM,,NC,dh.a,NorthCarolina,dg.a
,b.a,cabcbcad.a,EV,cadgg.a,EV,NhbgEV,,bdeih.a,bdeihac.a,dbgfa.a,,MinneapolisMN,,ch.a,Minnesota,
bc.a,,cabcbcbc.a,DL,bjhja.a,DL,NhcbTW,,bcijc.a,bcijcad.a,dcfhf.a,,LosAngelesCA,CA,g.a,California,jb.a
f.a,,cabcbbaf.a,AA,,AA,NfheAA,,,bciijad.a,dccbb.a,LAS,LasVegasNV,NV,,,if.a
,e.a,cabcbcbd.a,,cadgg.a,EV,Nbcjfh,fihj.a,bccge.a,bccgeac.a,daifc.a,,,VA,fb.a,,di.a
cc.a,,cabcbccc.a,WN,bjdjd.a,,,cfgh.a,bcdjb.a,,,ISP,IslipNY,NY,dg.a,NewYork,cc.a
ba.a,b.a,,UA,bjjhh.a,UA,Nbdhfa,bbhi.a,bbgbi.a,bbgbiac.a,dbhad.a,EWR,NewarkNJ,,,,cb.a
,b.a,cabcbcbh.a,EV,cadgg.a,,,,bccgg.a,,dbefd.a,IAH,HoustonTX,TX,ei.a,,he.a
bh.a,,cabcbcbh.a,DL,bjhja.a,,,,bcehi.a,,dbhad.a,JFK,NewYorkNY,,dg.a,NewYork,cc.a
g.a,,cabcbcag.a,AA,,,NfajAA,,,beijdac.a,ddbjc.a,SMF,SacramentoCA,,,,
cb.a,,cabcbccb.a,WN,bjdjd.a,,,dihi.a,beheh.a,,,SEA,SeattleWA,WA,fd.a,,
,h.a,cabcbcda.a,EV,,,Nbdbbi,,bfabg.a,bfabgad.a,dbbcd.a,STL,St.LouisMO,MO,cj.a,Missouri,ge.a
,g.a,,,cadae.a,OO,NibcSK,ehhc.a,bciij.a,bciijad.a,dccbb.a,LAS,LasVegasNV,NV,dc.a,Nevada,if.a
i.a,g.a,,,bjjhh.a,UA,Nhdchg,bagd.a,bahcb.a,bahcbac.a,dahcb.a,BOS,BostonMA,MA,,,bd.a
f.a,d.a,,UA,bjjhh.a,UA,Nhhcjg,bbcc.a,bbgbi.a,bbgbiac.a,dbhad.a,EWR,NewarkNJ,,,,cb.a
ce.a,b.a,cabcbcce.a,US,cadff.a,,,babj.a,bbafh.a,,,CLT,,NC,dh.a,NorthCarolina,dg.a
ca.a,,cabcbcca.a,WN,bjdjd.a,,,behb.a,bdifb.a,,,OKC,OklahomaCityOK,,ea.a,Oklahoma,
bg.a,,cabcbcbg.a,AA,,AA,NdjcAA,,,bcbhdab.a,dcbde.a,HNL,HonoluluHI,HI,,,c.a
ce.a,,cabcbcce.a,WN,bjdjd.a,,,cha.a,beheh.a,,,SEA,SeattleWA,WA,fd.a,,
j.a,,cabcbbaj.a,AA,,AA,NdBLAA,,,bcijcad.a,dcfhf.a,LAX,LosAngelesCA,CA,,,jb.a
,d.a,cabcbcbc.a,EV,cadgg.a,EV,Nbgjjj,,bbgbi.a,bbgbiac.a,dbhad.a,,NewarkNJ,,de.a,NewJersey,cb.a
,h.a,cabcbcac.a,EV,cadgg.a,EV,Nbdjbd,,bdcjg.a,bdcjgae.a,dahcb.a,,ManchesterNH,,dd.a,NewHampshire,be.a
ca.a,,cabcbcca.a,WN,bjdjd.a,,,cbeg.a,bebah.a,,,PHX,PhoenixAZ,,e.a,Arizona,
bc.a,,cabcbcbc.a,DL,bjhja.a,,NjgbDL,,bbjjg.a,,dbihb.a,GSP,,SC,ef.a,SouthCarolina,dh.a
c.a,,cabcbcac.a,DL,,DL,NdgcNW,,,bddadad.a,dcegh.a,,,,bc.a,Florida,dd.a
,,,HA,,HA,NfiiHA,e.a,,bcbhdab.a,dcbde.a,,HonoluluHI,HI,bf.a,Hawaii,c.a
cj.a,g.a,cabcbccj.a,,,,NejeWN,biii.a,,bfabgad.a,,STL,St.LouisMO,MO,cj.a,Missouri,ge.a
ba.a,b.a,,UA,,UA,NfhiUA,fhg.a,,bbcjcac.a,dadcf.a,DEN,DenverCO,CO,,,ic.a
ca.a,e.a,,,bjjhh.a,,,bggg.a,bbaec.a,,,CLE,,OH,,,ee.a
ca.a,e.a,,,bjjhh.a,,,dib.a,baecd.a,,,AUS,AustinTX,TX,,,he.a
h.a,f.a,cabcbcah.a,,bjdjd.a,WN,NgfgSW,hdi.a,bbfea.a,bbfeaad.a,dagbf.a,ELP,ElPasoTX,TX,ei.a,,he.a
,g.a,,,cadji.a,MQ,NicaMQ,ddgb.a,bahib.a,bahibac.a,dahib.a,,BatonRougeLA,LA,cc.a,Louisiana,hc.a
,e.a,cabcbcag.a,,caedg.a,,NjcjFR,dfc.a,bbcjc.a,,dadcf.a,DEN,DenverCO,CO,i.a,Colorado,ic.a
,f.a,,,,OO,NejcSW,efgh.a,,bbiieac.a,dbiie.a,GEG,SpokaneWA,WA,fd.a,,jd.a
h.a,f.a,cabcbcah.a,,,,NhjaSW,dfjc.a,beigj.a,beigjad.a,degbe.a,SLC,SaltLakeCityUT,,ej.a,,
h.a,,cabcbcah.a,DL,,DL,NdhcNW,,,bdeihac.a,dbgfa.a,,MinneapolisMN,,ch.a,Minnesota,
,d.a,,OO,cadae.a,OO,NheiSK,fcca.a,bccgg.a,bccggad.a,dbefd.a,IAH,HoustonTX,TX,ei.a,,he.a
d.a,b.a,,UA,bjjhh.a,UA,Ncgcai,baja.a,bbgbi.a,bbgbiac.a,dbhad.a,EWR,NewarkNJ,,,,cb.a
,f.a,cabcbcah.a,,cadgg.a,,Nbhjie,fjif.a,begjg.a,begjgaf.a,degjg.a,SBN,,IN,bi.a,Indiana,
ch.a,e.a,cabcbcch.a,,cadff.a,US,NhfaUW,bggf.a,bcjfd.a,bcjfdac.a,,LGA,NewYorkNY,,dg.a,NewYork,cc.a
bd.a,,cabcbcbd.a,DL,bjhja.a,,NjeeDL,,bcehi.a,,dbhad.a,JFK,NewYorkNY,,dg.a,NewYork,cc.a
cb.a,f.a,cabcbccb.a,,bjdjd.a,,,diii.a,bdcdc.a,,,MDW,,IL,bh.a,Illinois,eb.a
be.a,f.a,cabcbcbe.a,,,US,NfgdUW,bhgd.a,,bbafhad.a,dbafh.a,CLT,,NC,dh.a,NorthCarolina,dg.a
,d.a,,MQ,cadji.a,MQ,NiEGMQ,diei.a,bdjda.a,bdjdaac.a,dajhh.a,,,IL,bh.a,Illinois,
cd.a,h.a,cabcbccd.a,YV,cadhi.a,,,cgaf.a,bajje.a,,,CHS,,SC,ef.a,SouthCarolina,dh.a
cj.a,,cabcbccj.a,DL,,DL,NdchNW,,,bbeddac.a,,,,MI,cg.a,Michigan,ed.a
h.a,f.a,cabcbcah.a,,bjdjd.a,WN,NcdhWN,baih.a,bciij.a,bciijad.a,dccbb.a,LAS,LasVegasNV,NV,dc.a,Nevada,if.a
,e.a,,,cadji.a,MQ,NhccMQ,efgh.a,bbagg.a,bbaggac.a,dbagg.a,,,OH,dj.a,Ohio,ee.a
,f.a,cabcbcci.a,,cadgg.a,EV,Nbebhj,ecgd.a,bddec.a,bddecaf.a,dddec.a,,MilwaukeeWI,,ff.a,,ef.a
da.a,h.a,cabcbcda.a,WN,bjdjd.a,,NjbfWN,dfgb.a,begid.a,,,SAT,SanAntonioTX,,ei.a,,
f.a,d.a,,UA,bjjhh.a,UA,Nhgfbe,bggd.a,bbgjh.a,bbgjhad.a,dcegh.a,FLL,,FL,,,dd.a
db.a,b.a,cabcbcdb.a,US,cadff.a,US,NgfiAW,g.a,bebah.a,bebahac.a,,PHX,PhoenixAZ,,e.a,Arizona,
bi.a,c.a,cabcbcbi.a,Bg,caeaj.a,,,,bcehi.a,,,JFK,NewYorkNY,,dg.a,NewYork,cc.a
d.a,,cabcbcad.a,DL,bjhja.a,DL,NgjgDL,,badjh.a,badjhaf.a,dadjh.a,,,GA,bd.a,Georgia,de.a
cc.a,g.a,cabcbccc.a,,bjdjd.a,,,egjj.a,bdbji.a,,,MCI,KansasCityMO,MO,cj.a,Missouri,ge.a
g.a,,cabcbcag.a,AA,,,NdAXAA,,,behhbab.a,dcefh.a,SFO,SanFranciscoCA,CA,,,
bb.a,,cabcbcbb.a,DL,bjhja.a,,NjfjDN,,bbedd.a,,dbcjf.a,DTW,,MI,cg.a,Michigan,ed.a
cj.a,g.a,cabcbccj.a,,,Bg,NfifJB,dfj.a,,bcehiac.a,,JFK,NewYorkNY,,dg.a,NewYork,cc.a
,e.a,,,cadji.a,,,efha.a,bbedd.a,,dbcjf.a,DTW,,MI,cg.a,Michigan,ed.a
,h.a,cabcbcac.a,EV,cadgg.a,EV,NifgAS,,bddhh.a,bddhhac.a,dddhh.a,,MonroeLA,,cc.a,Louisiana,
,b.a,,MQ,cadji.a,,,efdb.a,bbchi.a,,daifc.a,DCA,,VA,fb.a,,di.a
cc.a,g.a,cabcbccc.a,,cadhi.a,,,babh.a,bcbhd.a,,,HNL,HonoluluHI,HI,bf.a,Hawaii,c.a
cd.a,h.a,cabcbccd.a,WN,bjdjd.a,,,dgah.a,bbcfj.a,,,DAL,DallasTX,TX,ei.a,,he.a
ba.a,b.a,cabcbcba.a,WN,bjdjd.a,,NjfeWN,iij.a,beheh.a,,daffj.a,SEA,SeattleWA,WA,fd.a,,
,d.a,cabcbcaf.a,EV,cadgg.a,,Nbefha,,befce.a,befceab.a,defce.a,RIC,,,fb.a,,
cg.a,d.a,cabcbccg.a,WN,,,NebeWN,ecce.a,,beghjad.a,,SAN,SanDiegoCA,,g.a,California,
bb.a,c.a,cabcbcbb.a,US,cadff.a,,NjeiUW,cbdj.a,bahcb.a,,dahcb.a,BOS,BostonMA,MA,cf.a,Massachusetts,bd.a
c.a,,cabcbcac.a,AA,,AA,NfDCAA,,,bahcbac.a,dahcb.a,BOS,BostonMA,MA,,,bd.a
h.a,,cabcbcah.a,AA,,AA,NeXDAA,,,bdjdaac.a,dajhh.a,ORD,,IL,,,
,h.a,cabcbcda.a,EV,cadgg.a,EV,Nbcbef,,bajje.a,bajjeac.a,dajje.a,,,SC,ef.a,SouthCarolina,dh.a
ch.a,,cabcbcch.a,DL,,DL,NffaNW,,,bbcjcac.a,,,DenverCO,CO,i.a,Colorado,ic.a
,h.a,,OO,,,NgbhQX,efbf.a,,beigjad.a,degbe.a,SLC,SaltLakeCityUT,,ej.a,,
d.a,b.a,cabcbcad.a,US,,US,NgdhAW,eig.a,,bebahac.a,daegg.a,PHX,PhoenixAZ,,e.a,Arizona,
bb.a,c.a,cabcbcbb.a,US,,US,NfgbUW,bcef.a,,bebaaac.a,debaa.a,PHL,PhiladelphiaPA,,ec.a,Pennsylvania,
ba.a,,cabcbcba.a,AA,,AA,NfDNAA,,,bbcjiad.a,dabje.a,DFW,Dallas/FortWorthTX,TX,,,he.a
,d.a,cabcbccg.a,EV,cadgg.a,EV,Nbfjid,,bdjda.a,bdjdaac.a,dajhh.a,,,IL,bh.a,Illinois,
bj.a,d.a,cabcbcbj.a,WN,bjdjd.a,,,fff.a,bdcdc.a,,,MDW,,IL,bh.a,Illinois,eb.a
da.a,h.a,cabcbcda.a,YV,,YV,NfadMJ,dhic.a,,badjhaf.a,,ATL,,GA,bd.a,Georgia,de.a
,f.a,,,cadae.a,,,ffda.a,bbgdh.a,,dbgdh.a,FAR,FargoND,ND,di.a,NorthDakota,gg.a
f.a,,cabcbcaf.a,DL,bjhja.a,,NjgbDN,,bbedd.a,,dbcjf.a,DTW,,MI,cg.a,Michigan,ed.a
ba.a,,cabcbcba.a,AA,,,NfdiAA,,,beghjad.a,ddfha.a,SAN,SanDiegoCA,,,,
ce.a,b.a,,UA,bjjhh.a,,,djh.a,bcehi.a,,,JFK,NewYorkNY,,,,cc.a
ce.a,,cabcbcce.a,DL,bjhja.a,,,,badjh.a,,,ATL,,GA,,,de.a
cd.a,h.a,cabcbccd.a,WN,,,,dgcd.a,beijd.a,,,SMF,SacramentoCA,,g.a,California,jb.a
j.a,,cabcbcaj.a,AA,,AA,NdFNAA,,,baicbad.a,daifc.a,BWI,,MD,,,df.a
,h.a,,MQ,,,NfdaMQ,dhgb.a,,begidad.a,ddcbe.a,SAT,SanAntonioTX,,ei.a,,
ca.a,e.a,,,bjjhh.a,,,fcb.a,bdjda.a,,,ORD,,IL,,,
d.a,,cabcbcad.a,AA,,AA,NfebAA,,,bbcjiad.a,dabje.a,DFW,Dallas/FortWorthTX,TX,,,he.a
cb.a,f.a,cabcbccb.a,,caeaj.a,,,gbg.a,bcefb.a,,,JAX,,FL,bc.a,Florida,dd.a
,h.a,,OO,,,NjhbSW,gefj.a,bfdhg.a,,daedg.a,TUS,TucsonAZ,AZ,e.a,Arizona,ib.a
cj.a,,cabcbccj.a,DL,,,NgbaDL,,,beghjad.a,,SAN,SanDiegoCA,,,,
cj.a,g.a,cabcbccj.a,,bjdjd.a,WN,NcgbWN,ejcc.a,bciij.a,bciijad.a,,LAS,LasVegasNV,NV,dc.a,Nevada,if.a
bd.a,,cabcbcbd.a,DL,bjhja.a,,NjfhDL,,badjh.a,,dadjh.a,ATL,,GA,bd.a,Georgia,de.a
db.a,b.a,,UA,bjjhh.a,UA,Nbjbdg,bc.a,bcijc.a,bcijcad.a,,LAX,LosAngelesCA,CA,,,jb.a
c.a,h.a,cabcbcac.a,Bg,caeaj.a,Bg,NhaiJB,,bcehi.a,bcehiac.a,dbhad.a,JFK,NewYorkNY,,dg.a,NewYork,cc.a
,e.a,cabcbcag.a,,,,NidiAS,fdgc.a,beibe.a,beibeac.a,daehg.a,SHV,ShreveportLA,LA,cc.a,Louisiana,
,,,HA,bjgja.a,,,ced.a,bdida.a,,ddida.a,OGG,KahuluiHI,HI,bf.a,Hawaii,
i.a,g.a,cabcbcai.a,,,,NhjhMX,cgga.a,bejai.a,bejaiad.a,dcfhf.a,SNA,SantaAnaCA,CA,g.a,California,jb.a
cg.a,d.a,cabcbccg.a,Bg,caeaj.a,Bg,NgejJB,,bdcae.a,bdcaeac.a,,MCO,,,bc.a,Florida,dd.a
cc.a,g.a,cabcbccc.a,,cadhi.a,,,cgha.a,bdejf.a,,,MSY,NewOrleansLA,,cc.a,Louisiana,
,h.a,,OO,cadae.a,,NjbfSW,ffhd.a,bbcjc.a,,dadcf.a,DEN,DenverCO,CO,i.a,Colorado,ic.a
i.a,g.a,cabcbcai.a,,,Bg,NgdcJB,fjf.a,,bcbjhac.a,dbhad.a,HPN,WhitePlainsNY,NY,dg.a,NewYork,cc.a
bf.a,g.a,,,,UA,NfbeUA,eaf.a,,bcjfdac.a,dbhad.a,LGA,NewYorkNY,,,,cc.a
,h.a,,OO,,OO,NedjSW,efcj.a,,bdeihac.a,dbgfa.a,MSP,MinneapolisMN,,ch.a,Minnesota,
,d.a,cabcbcbc.a,EV,cadgg.a,EV,Nchbfc,,bbjhh.a,bbjhhac.a,dbjhh.a,,GreenBayWI,WI,ff.a,,ef.a
,c.a,,OO,,,NjdgSW,gfdg.a,beigj.a,,degbe.a,SLC,SaltLakeCityUT,,ej.a,,
db.a,b.a,cabcbcdb.a,US,cadff.a,US,NhddUW,bggf.a,bbafh.a,bbafhad.a,,CLT,,NC,dh.a,NorthCarolina,dg.a
,,,HA,bjgja.a,,,bbc.a,bcbhd.a,,dcbde.a,HNL,HonoluluHI,HI,bf.a,Hawaii,c.a
cb.a,f.a,cabcbccb.a,,,,,cgcf.a,bfdhg.a,,,TUS,TucsonAZ,AZ,e.a,Arizona,ib.a
bc.a,d.a,cabcbcbc.a,US,,US,NfecUW,ehi.a,,bbcjcac.a,dadcf.a,DEN,DenverCO,CO,i.a,Colorado,ic.a
g.a,e.a,cabcbcag.a,,bjdjd.a,WN,NhfgSA,fgf.a,bafcj.a,bafcjae.a,dafcj.a,BDL,HartfordCT,CT,j.a,Connecticut,bb.a
bd.a,e.a,cabcbcbd.a,,,WN,NeebWN,iij.a,,bddecaf.a,dddec.a,MKE,MilwaukeeWI,,ff.a,,ef.a
h.a,f.a,,,cadae.a,OO,NhffSK,fbhf.a,bccgg.a,bccggad.a,dbefd.a,IAH,HoustonTX,TX,ei.a,,he.a
c.a,h.a,,UA,bjjhh.a,UA,Nhfecf,bhac.a,bebaa.a,bebaaac.a,debaa.a,PHL,PhiladelphiaPA,,,,
cf.a,c.a,,OO,,,,cgee.a,beijd.a,,,SMF,SacramentoCA,,g.a,California,
f.a,d.a,,OO,,OO,NcjgSW,fcje.a,,bcijcad.a,dcfhf.a,LAX,LosAngelesCA,CA,g.a,California,jb.a
bh.a,b.a,,OO,cadae.a,,,ffje.a,behhb.a,,dcefh.a,SFO,SanFranciscoCA,CA,g.a,California,
b.a,g.a,cabcbcab.a,,bjdjd.a,WN,NhihSA,dgd.a,bciij.a,bciijad.a,dccbb.a,LAS,LasVegasNV,NV,dc.a,Nevada,if.a
cj.a,g.a,,,,OO,NfjdML,gded.a,,beafhac.a,,PDX,PortlandOR,,eb.a,Oregon,
f.a,d.a,,OO,cadae.a,,NjhfSW,gcbb.a,bcijc.a,,dcfhf.a,LAX,LosAngelesCA,CA,g.a,California,jb.a
j.a,h.a,cabcbcaj.a,US,cadff.a,US,NbhbUS,baei.a,bbafh.a,bbafhad.a,dbafh.a,CLT,,NC,dh.a,NorthCarolina,dg.a
cg.a,d.a,cabcbccg.a,WN,bjdjd.a,,,dijj.a,bciij.a,,,LAS,LasVegasNV,NV,dc.a,Nevada,if.a
be.a,f.a,,,,OO,NdabYV,gdeb.a,,bcijcad.a,dcfhf.a,LAX,LosAngelesCA,CA,g.a,California,jb.a
e.a,,cabcbbae.a,AA,,AA,NdAXAA,,,bcjfdac.a,dbhad.a,LGA,NewYorkNY,,,,cc.a
cd.a,,cabcbccd.a,AS,bjjda.a,,,,beafh.a,,,PDX,PortlandOR,,,,
bh.a,,cabcbcbh.a,AA,bjiaf.a,,,,bdjda.a,,dajhh.a,ORD,,IL,,,
da.a,,cabcbcda.a,AA,,AA,NgdiAA,,,bdjdaac.a,,ORD,,IL,,,
cc.a,g.a,cabcbccc.a,,bjdjd.a,,,egcc.a,bdcdc.a,,,MDW,,IL,bh.a,Illinois,eb.a
cc.a,g.a,cabcbccc.a,,caeaj.a,,,cig.a,bcjfe.a,,,LGB,LongBeachCA,CA,g.a,California,jb.a
be.a,f.a,cabcbcbe.a,,cadhi.a,YV,Nhfjje,baaj.a,bchfi.a,bchfiad.a,dchfi.a,KOA,KonaHI,HI,bf.a,Hawaii,c.a
bg.a,,cabcbcbg.a,DL,bjhja.a,,,,bbgjh.a,,dcegh.a,FLL,,FL,,,dd.a
cj.a,g.a,,,bjjhh.a,,Nhfedf,bcci.a,beghj.a,beghjad.a,,SAN,SanDiegoCA,,,,
cf.a,c.a,,UA,bjjhh.a,,,jfb.a,bbjig.a,,,GRR,,MI,,,ed.a
,d.a,,OO,cadae.a,,,fefj.a,begji.a,,decdg.a,SBP,SanLuisObispoCA,CA,g.a,California,
,c.a,,FL,caedh.a,,,bg.a,badjh.a,,dadjh.a,ATL,,GA,bd.a,Georgia,de.a
,h.a,,MQ,cadji.a,,,dcfd.a,behda.a,,ddaee.a,SDF,LouisvilleKY,,cb.a,Kentucky,
j.a,,cabcbcaj.a,AA,,AA,NfdhAA,,,bbcjiad.a,dabje.a,DFW,Dallas/FortWorthTX,TX,,,he.a
bh.a,b.a,,UA,bjjhh.a,,,cic.a,bcehi.a,,dbhad.a,JFK,NewYorkNY,,,,cc.a
,h.a,,MQ,cadji.a,,,eeae.a,bcehi.a,,dbhad.a,JFK,NewYorkNY,,dg.a,NewYork,cc.a
,h.a,cabcbccd.a,EV,cadgg.a,,,,bccgg.a,,dbefd.a,IAH,HoustonTX,TX,ei.a,,he.a
,e.a,,,,MQ,NfeeMQ,efig.a,,bdeihac.a,dbgfa.a,,MinneapolisMN,,ch.a,Minnesota,
cc.a,g.a,,,bjjhh.a,,,fcf.a,bccgg.a,,,IAH,HoustonTX,TX,,,he.a
cb.a,f.a,cabcbccb.a,,cadff.a,,,cbci.a,bcjfd.a,,,LGA,NewYorkNY,,dg.a,NewYork,cc.a
cd.a,,cabcbccd.a,DL,bjhja.a,,,,badjh.a,,,ATL,,GA,,,de.a
db.a,b.a,cabcbcdb.a,WN,bjdjd.a,WN,NidbfC,geh.a,bdcdc.a,bdcdcac.a,,MDW,,IL,bh.a,Illinois,eb.a
bh.a,b.a,cabcbcbh.a,Bg,caeaj.a,,,,bcefb.a,,dbbdg.a,JAX,,FL,bc.a,Florida,dd.a
bh.a,,cabcbcbh.a,DL,bjhja.a,,,,badjh.a,,dadjh.a,ATL,,GA,,,de.a
d.a,b.a,cabcbcad.a,WN,,WN,NeiiWN,dfij.a,,bdifbad.a,ddifb.a,OKC,OklahomaCityOK,,ea.a,Oklahoma,
h.a,,cabcbcah.a,DL,,,NdhdeB,,,beigjad.a,degbe.a,SLC,SaltLakeCityUT,,,,
,e.a,cabcbcca.a,,cadgg.a,,,eaja.a,bbgbi.a,,dbhad.a,EWR,NewarkNJ,,de.a,NewJersey,cb.a
,g.a,,,cadae.a,,NjcaSW,fdfa.a,bcijc.a,,dcfhf.a,LAX,LosAngelesCA,CA,g.a,California,jb.a
,f.a,,,cadae.a,,NjghSW,geae.a,bbgad.a,,dbgad.a,EUG,EugeneOR,OR,eb.a,Oregon,jc.a
f.a,,cabcbcaf.a,AA,,AA,NegiAA,,,bdcfgac.a,ddcfg.a,MFE,Mission/McAllen/EdinburgTX,,,,he.a
bj.a,d.a,cabcbcbj.a,WN,bjdjd.a,,,dcbg.a,bcjjc.a,,,LIT,LittleRockAR,AR,f.a,Arkansas,hb.a
bb.a,c.a,cabcbcbb.a,WN,,WN,NgddSW,ibf.a,,bcbjbac.a,dbefd.a,HOU,HoustonTX,TX,ei.a,,he.a
cj.a,g.a,,,,UA,NeajUA,gjf.a,,bccgeac.a,,IAD,,VA,,,di.a
ce.a,b.a,,UA,bjjhh.a,,,hjb.a,beheh.a,,,SEA,SeattleWA,WA,,,
,d.a,cabcbcaf.a,Fj,caedg.a,,NjfdFR,bgdg.a,babea.a,,dabea.a,ABQ,AlbuquerqueNM,NM,df.a,NewMexico,ig.a
bg.a,,cabcbcbg.a,DL,bjhja.a,,,,bdcae.a,,dbefe.a,MCO,,,,,dd.a
,d.a,cabcbccg.a,EV,,,Nbbbbd,,bfdhg.a,bfdhgac.a,daedg.a,TUS,TucsonAZ,AZ,e.a,Arizona,ib.a
,,,HA,bjgja.a,,,dba.a,bdida.a,,ddida.a,OGG,KahuluiHI,HI,bf.a,Hawaii,
cc.a,,cabcbccc.a,AA,bjiaf.a,,,,bddad.a,,,MIA,,,,,dd.a
bd.a,e.a,cabcbcbd.a,,,WN,NeabWN,dg.a,,bdbjiab.a,ddbji.a,MCI,KansasCityMO,MO,cj.a,Missouri,ge.a
,d.a,,MQ,cadji.a,,NjcfMQ,eaia.a,bbgdh.a,,dbgdh.a,FAR,FargoND,ND,di.a,NorthDakota,gg.a
cd.a,,cabcbccd.a,DL,bjhja.a,,,,badjh.a,,,ATL,,GA,,,de.a
i.a,,cabcbcai.a,DL,,DL,NfcbUS,,,badjhaf.a,dadjh.a,,,GA,,,de.a
,b.a,,OO,cadae.a,,,fgdj.a,bbjcb.a,,dbjcb.a,GJT,GrandJunctionCO,CO,i.a,Colorado,ic.a
ch.a,,cabcbcch.a,AS,bjjda.a,,NhjbAS,,beheh.a,behehad.a,,SEA,SeattleWA,WA,,,
,g.a,,,cadji.a,,,dcdi.a,bbcji.a,,dabje.a,DFW,Dallas/FortWorthTX,TX,ei.a,,he.a
,e.a,cabcbcch.a,,cadgg.a,EV,NgidBR,fcji.a,badjh.a,badjhaf.a,dadjh.a,,,GA,bd.a,Georgia,de.a
cb.a,f.a,,,bjjhh.a,,,bfbb.a,bccgg.a,,,IAH,HoustonTX,TX,,,he.a
g.a,e.a,cabcbcag.a,,bjdjd.a,,NcdjWN,cgji.a,beghj.a,beghjad.a,ddfha.a,SAN,SanDiegoCA,,g.a,California,
,,,HA,,HA,NeidHA,beg.a,,bcbhdab.a,dcbde.a,,HonoluluHI,HI,bf.a,Hawaii,c.a
d.a,b.a,cabcbcad.a,VX,cbbhb.a,,NieeVA,ibg.a,behhb.a,behhbab.a,dcefh.a,SFO,SanFranciscoCA,CA,g.a,California,
f.a,d.a,cabcbcaf.a,WN,bjdjd.a,WN,NgegSW,dbbh.a,bebaa.a,bebaaac.a,debaa.a,PHL,PhiladelphiaPA,,ec.a,Pennsylvania,
ca.a,,cabcbcca.a,AA,bjiaf.a,,,,bcjfd.a,,,LGA,NewYorkNY,,,,cc.a
,b.a,,MQ,cadji.a,,NjahMQ,dcjg.a,bbcji.a,,dabje.a,DFW,Dallas/FortWorthTX,TX,ei.a,,he.a
h.a,,cabcbcah.a,AA,,AA,NdHWAA,,,bcjfdac.a,dbhad.a,LGA,NewYorkNY,,,,cc.a
,g.a,,,cadae.a,OO,NibdSK,ehde.a,bccgg.a,bccggad.a,dbefd.a,IAH,HoustonTX,TX,ei.a,,he.a
,b.a,,OO,,,NibhSK,efhc.a,beigj.a,beigjad.a,degbe.a,SLC,SaltLakeCityUT,,ej.a,,
j.a,h.a,cabcbcaj.a,WN,bjdjd.a,WN,NccjWN,dddb.a,badjh.a,badjhaf.a,dadjh.a,ATL,,GA,bd.a,Georgia,de.a
,g.a,,,cadae.a,,NjbjSW,gedg.a,bdeig.a,,ddeig.a,MSO,MissoulaMT,,da.a,Montana,
bg.a,h.a,,UA,bjjhh.a,,NifdUA,hfb.a,behhb.a,behhbab.a,dcefh.a,SFO,SanFranciscoCA,CA,,,
cg.a,d.a,cabcbccg.a,WN,bjdjd.a,WN,NjadWN,cdbc.a,bdhjg.a,bdhjgab.a,,OAK,OaklandCA,,g.a,California,
d.a,b.a,cabcbcad.a,US,cadff.a,US,NhggUS,cbjb.a,bcjfd.a,bcjfdac.a,dbhad.a,LGA,NewYorkNY,,dg.a,NewYork,cc.a
bh.a,b.a,cabcbcbh.a,YV,cadhi.a,,,cgdc.a,bbafh.a,,dbafh.a,CLT,,NC,dh.a,NorthCarolina,dg.a
g.a,e.a,cabcbcag.a,,bjdjd.a,,NjcjWN,bgec.a,behhb.a,,dcefh.a,SFO,SanFranciscoCA,CA,g.a,California,
,e.a,,,cadae.a,,NhibCA,eicg.a,beghj.a,beghjad.a,ddfha.a,SAN,SanDiegoCA,,g.a,California,
cf.a,c.a,,UA,bjjhh.a,,,bgdg.a,behhb.a,,,SFO,SanFranciscoCA,CA,,,
,d.a,cabcbcaf.a,EV,cadgg.a,EV,Nbejeh,,bafjj.a,bafjjae.a,dafjj.a,,BirminghamAL,AL,b.a,Alabama,fb.a
bi.a,c.a,cabcbcbi.a,WN,bjdjd.a,,,bic.a,bebah.a,,daegg.a,PHX,PhoenixAZ,,e.a,Arizona,
,f.a,,,,,,ehih.a,beigj.a,,degbe.a,SLC,SaltLakeCityUT,,ej.a,,
ba.a,,cabcbcba.a,AA,,AA,NeYFAA,,,bbcjiad.a,dabje.a,DFW,Dallas/FortWorthTX,TX,,,he.a
cg.a,d.a,cabcbccg.a,YV,cadhi.a,,NjdaLR,cgbe.a,baecd.a,,,AUS,AustinTX,TX,ei.a,,he.a
db.a,,cabcbcdb.a,DL,bjhja.a,DL,NgehDL,,bbchi.a,bbchiac.a,,,,VA,,,di.a
f.a,d.a,cabcbcaf.a,WN,bjdjd.a,WN,NheiSW,baid.a,bcbjb.a,bcbjbac.a,dbefd.a,HOU,HoustonTX,TX,ei.a,,he.a
cb.a,,cabcbccb.a,DL,bjhja.a,,,,beheh.a,,,SEA,SeattleWA,WA,,,
,f.a,,,cadji.a,MQ,NibiMQ,cihf.a,bcjef.a,bcjefad.a,dcjef.a,,LexingtonKY,KY,cb.a,Kentucky,fc.a
,f.a,,,caedh.a,,NjhhAT,h.a,bdeih.a,,dbgfa.a,MSP,MinneapolisMN,,ch.a,Minnesota,
bj.a,d.a,cabcbcbj.a,YV,cadhi.a,,,dhhe.a,befhg.a,,,ROC,RochesterNY,,dg.a,NewYork,
j.a,,cabcbcaj.a,DL,,DL,NdhiDA,,,badjhaf.a,dadjh.a,,,GA,,,de.a
,c.a,,OO,cadae.a,,,eghe.a,bdcge.a,,ddcge.a,MFR,MedfordOR,,eb.a,Oregon,jc.a
,d.a,,OO,cadae.a,,,cgdb.a,bcijc.a,,dcfhf.a,LAX,LosAngelesCA,CA,g.a,California,jb.a
,d.a,,OO,,OO,NediSW,hhhd.a,,badddac.a,daddd.a,APN,,MI,cg.a,Michigan,ed.a
,g.a,cabcbcbf.a,,cadgg.a,EV,NjadEV,fceb.a,badjh.a,badjhaf.a,dadjh.a,,,GA,bd.a,Georgia,de.a
,b.a,,OO,,OO,NeddSW,efce.a,,bdeihac.a,dbgfa.a,MSP,MinneapolisMN,,ch.a,Minnesota,
,g.a,cabcbcbf.a,,cadgg.a,EV,NidcAS,fhdf.a,bccge.a,bccgeac.a,daifc.a,,,VA,fb.a,,di.a
j.a,,cabcbcaj.a,DL,,,NdcdNB,,,befhaac.a,defha.a,RNO,RenoNV,,,,
,e.a,cabcbcbd.a,,cadgg.a,EV,Nbdjgf,dicj.a,bbgbi.a,bbgbiac.a,dbhad.a,,NewarkNJ,,de.a,NewJersey,cb.a
cf.a,c.a,,UA,,,,gaa.a,bfdae.a,,,TPA,,FL,,,dd.a
,f.a,,,caedh.a,,,ff.a,badjh.a,,dadjh.a,ATL,,GA,bd.a,Georgia,de.a
,b.a,cabcbcba.a,EV,cadgg.a,EV,Nbcbhf,,bdjda.a,bdjdaac.a,dajhh.a,,,IL,bh.a,Illinois,
bf.a,g.a,cabcbcbf.a,,,,NhjfSW,dace.a,beijd.a,beijdac.a,ddbjc.a,SMF,SacramentoCA,,g.a,California,jb.a
,e.a,cabcbcch.a,,cadgg.a,,NjhcEV,fabc.a,badjh.a,,dadjh.a,ATL,,GA,bd.a,Georgia,de.a
cj.a,g.a,,,,UA,NedjUA,cec.a,,bcjfdac.a,,LGA,NewYorkNY,,,,cc.a
db.a,b.a,cabcbcdb.a,WN,,WN,NcjjWN,diaj.a,,bbcjcac.a,,DEN,DenverCO,CO,i.a,Colorado,ic.a
,h.a,cabcbcac.a,EV,cadgg.a,EV,Nbebgc,,bccgg.a,bccggad.a,dbefd.a,,HoustonTX,TX,ei.a,,he.a
bh.a,b.a,,UA,bjjhh.a,,,gaj.a,bdjda.a,,dajhh.a,ORD,,IL,,,
bd.a,e.a,,,,UA,NfcbUA,gch.a,,bdjdaac.a,dajhh.a,ORD,,IL,,,
ba.a,b.a,cabcbcba.a,WN,,WN,NegbWN,cci.a,,bebahac.a,daegg.a,PHX,PhoenixAZ,,e.a,Arizona,
d.a,,cabcbcad.a,AA,,AA,NfjcAA,,,bbcjiad.a,dabje.a,DFW,Dallas/FortWorthTX,TX,,,he.a
,f.a,,,cadae.a,,,eiai.a,bdeih.a,,dbgfa.a,MSP,MinneapolisMN,,ch.a,Minnesota,
,g.a,,,,,NiccMQ,dchj.a,behid.a,behidac.a,dehid.a,SGF,SpringfieldMO,MO,cj.a,Missouri,
bi.a,c.a,cabcbcbi.a,US,cadff.a,,,hbe.a,bebah.a,,daegg.a,PHX,PhoenixAZ,,e.a,Arizona,
,g.a,,,cadji.a,MQ,NghhMQ,chae.a,bbcji.a,bbcjiad.a,dabje.a,,Dallas/FortWorthTX,TX,ei.a,,he.a
bj.a,,cabcbcbj.a,DL,bjhja.a,,,,bbedd.a,,,DTW,,MI,,,ed.a
bh.a,b.a,cabcbcbh.a,WN,bjdjd.a,,,bbeh.a,bcijc.a,,dcfhf.a,LAX,LosAngelesCA,CA,g.a,California,jb.a
,c.a,cabcbcbb.a,Fj,caedg.a,,NjehFR,daa.a,bebah.a,,daegg.a,PHX,PhoenixAZ,,e.a,Arizona,
d.a,,cabcbcad.a,AA,,AA,NffgAA,,,bbcjiad.a,dabje.a,DFW,Dallas/FortWorthTX,TX,,,he.a
i.a,g.a,cabcbcai.a,,cadff.a,US,NbjcUW,haa.a,bcijc.a,bcijcad.a,dcfhf.a,LAX,LosAngelesCA,CA,g.a,California,jb.a
,h.a,,OO,cadae.a,,,ffbc.a,bcijc.a,,dcfhf.a,LAX,LosAngelesCA,CA,g.a,California,jb.a
ch.a,,cabcbcch.a,DL,bjhja.a,,NjbiDE,,bbafh.a,,,CLT,,NC,,,dg.a
cj.a,g.a,cabcbccj.a,,cadff.a,US,NgfhAW,ii.a,badjh.a,badjhaf.a,,ATL,,GA,bd.a,Georgia,de.a
ca.a,e.a,,,bjjhh.a,,,behi.a,bccgg.a,,,IAH,HoustonTX,TX,,,he.a
bi.a,c.a,cabcbcbi.a,US,cadff.a,,,bbgg.a,bbafh.a,,dbafh.a,CLT,,NC,dh.a,NorthCarolina,dg.a
bb.a,,cabcbcbb.a,AA,,AA,NeieAA,,,bbcjiad.a,dabje.a,DFW,Dallas/FortWorthTX,TX,,,he.a
cc.a,g.a,,,bjjhh.a,,,bcgg.a,beach.a,,,PBI,,FL,,,
i.a,g.a,cabcbcai.a,,cadff.a,US,NbcfUW,ije.a,bbafh.a,bbafhad.a,dbafh.a,CLT,,NC,dh.a,NorthCarolina,dg.a
c.a,h.a,cabcbcac.a,US,cadff.a,US,NgfaAW,fee.a,bebah.a,bebahac.a,daegg.a,PHX,PhoenixAZ,,e.a,Arizona,
bg.a,h.a,,UA,,UA,NegbUA,egf.a,,bbgjhad.a,dcegh.a,FLL,,FL,,,dd.a
,b.a,,FL,caedh.a,,NjdaAT,bhj.a,bahjc.a,,dahjc.a,BUF,BuffaloNY,NY,dg.a,NewYork,cc.a
g.a,e.a,cabcbcag.a,,cadff.a,US,NgfaAW,ii.a,bebah.a,bebahac.a,daegg.a,PHX,PhoenixAZ,,e.a,Arizona,
cc.a,g.a,,,,,,babe.a,beigj.a,,,SLC,SaltLakeCityUT,,,,
bg.a,,cabcbcbg.a,AA,,AA,NdGDAA,,,bddadad.a,dcegh.a,MIA,,,,,dd.a
bb.a,c.a,cabcbcbb.a,WN,,WN,NegfWN,eag.a,,bdcdcac.a,dajhh.a,MDW,,IL,bh.a,Illinois,eb.a
,b.a,,OO,cadae.a,,,fedc.a,bbgdi.a,,dbgdi.a,FAT,FresnoCA,CA,g.a,California,jb.a
cb.a,f.a,,,bjjhh.a,,,baec.a,bcjfd.a,,,LGA,NewYorkNY,,,,cc.a
cg.a,d.a,cabcbccg.a,WN,,WN,NehfWN,efga.a,,bebahac.a,,PHX,PhoenixAZ,,e.a,Arizona,
,e.a,cabcbcch.a,,,,NgbcQX,ejgg.a,,bfgceab.a,dbfae.a,VPS,,FL,bc.a,Florida,dd.a
bh.a,b.a,cabcbcbh.a,WN,bjdjd.a,,,bfjh.a,bcijc.a,,dcfhf.a,LAX,LosAngelesCA,CA,g.a,California,jb.a
e.a,c.a,cabcbcae.a,WN,,,NdgcSW,ifh.a,,bfdaeac.a,ddbjf.a,TPA,,FL,bc.a,Florida,dd.a
bb.a,c.a,cabcbcbb.a,WN,,WN,NeejWN,gfe.a,,bdcdcac.a,dajhh.a,MDW,,IL,bh.a,Illinois,eb.a
da.a,,cabcbcda.a,AS,,,NfdfAS,,,behehad.a,,SEA,SeattleWA,WA,,,
bc.a,d.a,cabcbcbc.a,WN,,,NeagWN,djj.a,,beidbad.a,dcefh.a,SJC,SanJoseCA,CA,g.a,California,
e.a,c.a,,UA,,UA,Ndfcga,bfja.a,,bbaecac.a,dageh.a,CLE,,OH,,,ee.a
,f.a,cabcbcci.a,,cadgg.a,,NjciEV,fbdj.a,bajia.a,,dajia.a,CHA,ChattanoogaTN,TN,eh.a,Tennessee,fe.a
,d.a,cabcbcaf.a,EV,cadgg.a,EV,Nbcjjg,,bdjda.a,bdjdaac.a,dajhh.a,,,IL,bh.a,Illinois,
j.a,,cabcbcaj.a,DL,,DL,NfjfNW,,,bdcaeac.a,dbefe.a,,,,,,dd.a
bc.a,,cabcbcbc.a,AA,,AA,NfBVAA,,,bbcjiad.a,dabje.a,DFW,Dallas/FortWorthTX,TX,,,he.a
,b.a,,OO,,OO,NcjfSW,fdgi.a,,bcijcad.a,dcfhf.a,LAX,LosAngelesCA,CA,g.a,California,jb.a
,d.a,,OO,cadae.a,,NjcaSW,ffdc.a,behhb.a,,dcefh.a,SFO,SanFranciscoCA,CA,g.a,California,
bi.a,,cabcbcbi.a,DL,bjhja.a,,,,badjh.a,,dadjh.a,ATL,,GA,,,de.a
bb.a,,cabcbcbb.a,DL,bjhja.a,,NjeeDL,,badjh.a,,dadjh.a,ATL,,GA,,,de.a
bh.a,,cabcbcbh.a,AA,bjiaf.a,,,,badjh.a,,dadjh.a,ATL,,GA,,,de.a
ch.a,e.a,,,cadae.a,,NjeiSW,fdef.a,bbicd.a,,,FWA,,IN,bi.a,Indiana,ec.a
bf.a,g.a,,,,OO,NefhSW,eife.a,,bdeihac.a,dbgfa.a,MSP,MinneapolisMN,,ch.a,Minnesota,
bb.a,c.a,,OO,cadae.a,OO,NccjSW,feda.a,babfh.a,babfhad.a,dabfh.a,ACV,Arcata/EurekaCA,CA,g.a,California,jb.a
g.a,e.a,cabcbcag.a,,,WN,NedfWN,ijj.a,,bdhjgab.a,dcefh.a,OAK,OaklandCA,,g.a,California,
cg.a,d.a,cabcbccg.a,WN,,WN,NdegSW,ehfc.a,,bbaggac.a,,CMH,ColumbusOH,OH,dj.a,Ohio,ee.a
,h.a,cabcbcac.a,EV,cadgg.a,,NjcfEV,,badjh.a,,dadjh.a,ATL,,GA,bd.a,Georgia,de.a
,b.a,cabcbcad.a,EV,cadgg.a,EV,NhfcEV,,bahib.a,bahibac.a,dahib.a,,BatonRougeLA,LA,cc.a,Louisiana,hc.a
ch.a,,cabcbcch.a,AA,,AA,NdHFAA,,,bbcjiad.a,,DFW,Dallas/FortWorthTX,TX,,,he.a
ce.a,b.a,cabcbcce.a,Bg,,,,,beied.a,,,SJU,SanJuanPR,PR,hc.a,,
d.a,b.a,cabcbcad.a,WN,bjdjd.a,WN,NhbhSA,ecg.a,bciij.a,bciijad.a,dccbb.a,LAS,LasVegasNV,NV,dc.a,Nevada,if.a
db.a,b.a,cabcbcdb.a,Bg,caeaj.a,Bg,NgebJB,,bcijc.a,bcijcad.a,,LAX,LosAngelesCA,CA,g.a,California,jb.a
,h.a,,FL,caedh.a,,,hc.a,badjh.a,,dadjh.a,ATL,,GA,bd.a,Georgia,de.a
be.a,f.a,cabcbcbe.a,,cadff.a,US,NbbjUS,bbcf.a,bbafh.a,bbafhad.a,dbafh.a,CLT,,NC,dh.a,NorthCarolina,dg.a
,c.a,,OO,cadae.a,OO,NibhSK,eiae.a,bcijc.a,bcijcad.a,dcfhf.a,LAX,LosAngelesCA,CA,g.a,California,jb.a
b.a,g.a,cabcbcab.a,,cadff.a,US,NcahUW,beg.a,bebah.a,bebahac.a,daegg.a,PHX,PhoenixAZ,,e.a,Arizona,
bd.a,,cabcbcbd.a,DL,bjhja.a,DL,NhicNC,,bdjdb.a,bdjdbac.a,ddggh.a,,,,,,
,f.a,,,cadji.a,,,eebh.a,bbchi.a,,daifc.a,DCA,,VA,fb.a,,di.a
cb.a,,cabcbbcb.a,AA,bjiaf.a,,,,bcijc.a,,,LAX,LosAngelesCA,CA,,,jb.a
,d.a,cabcbcbc.a,EV,cadgg.a,,NjaiEV,,begid.a,,ddcbe.a,SAT,SanAntonioTX,,ei.a,,
b.a,,cabcbcab.a,AA,,AA,NdFUAA,,,bbcjiad.a,dabje.a,DFW,Dallas/FortWorthTX,TX,,,he.a
cf.a,c.a,cabcbccf.a,Bg,caeaj.a,,,,bdcae.a,,,MCO,,,bc.a,Florida,dd.a
cb.a,f.a,cabcbccb.a,,bjdjd.a,,,edfh.a,bdbji.a,,,MCI,KansasCityMO,MO,cj.a,Missouri,ge.a
cd.a,h.a,,OO,cadae.a,,,gfci.a,bebah.a,,,PHX,PhoenixAZ,,e.a,Arizona,
cd.a,h.a,,OO,cadae.a,,,gejg.a,bbcjc.a,,,DEN,DenverCO,CO,i.a,Colorado,ic.a
,c.a,,OO,cadae.a,,NcieYV,febh.a,beheh.a,behehad.a,daffj.a,SEA,SeattleWA,WA,fd.a,,
cj.a,g.a,cabcbccj.a,,,,NfdfAS,hec.a,,behehad.a,,SEA,SeattleWA,WA,,,
d.a,b.a,,UA,bjjhh.a,UA,Nbghdc,bbje.a,bciij.a,bciijad.a,dccbb.a,LAS,LasVegasNV,NV,,,if.a
ch.a,,cabcbcch.a,DL,,DL,Ndhgh,,,bbgjhad.a,,,,FL,,,dd.a
g.a,e.a,cabcbcag.a,,bjdjd.a,WN,NcgjWN,bgd.a,bebaa.a,bebaaac.a,debaa.a,PHL,PhiladelphiaPA,,ec.a,Pennsylvania,
ba.a,b.a,cabcbcba.a,WN,bjdjd.a,,NjgfWN,jgb.a,bagjd.a,,dagjd.a,BNA,NashvilleTN,,eh.a,Tennessee,fe.a
cg.a,d.a,,UA,bjjhh.a,,Nchhcc,bebf.a,begdf.a,begdfac.a,,RSW,,FL,,,
b.a,g.a,,,,OO,NfagCA,cjdg.a,,bebahac.a,daegg.a,PHX,PhoenixAZ,,e.a,Arizona,
bc.a,d.a,,UA,,UA,NebdUA,ccc.a,,bbgbiac.a,dbhad.a,EWR,NewarkNJ,,,,cb.a
,g.a,cabcbcai.a,,cadgg.a,EV,Nbcjeg,efgi.a,bccgg.a,bccggad.a,dbefd.a,,HoustonTX,TX,ei.a,,he.a
cc.a,g.a,cabcbccc.a,,,,,eah.a,beidb.a,,,SJC,SanJoseCA,CA,,,
bh.a,,cabcbcbh.a,AA,bjiaf.a,,,,bdihb.a,,dddbg.a,OMA,OmahaNE,,,,
,f.a,,,cadji.a,MQ,NghgMQ,ddfd.a,bbcji.a,bbcjiad.a,dabje.a,,Dallas/FortWorthTX,TX,ei.a,,he.a
,h.a,,OO,cadae.a,OO,NigcAS,cgac.a,bcijc.a,bcijcad.a,dcfhf.a,LAX,LosAngelesCA,CA,g.a,California,jb.a
da.a,h.a,cabcbcda.a,Bg,,,NhggJB,,behhb.a,behhbab.a,,SFO,SanFranciscoCA,CA,g.a,California,
c.a,h.a,cabcbcac.a,US,,US,NfceUW,df.a,,bcehiac.a,dbhad.a,JFK,NewYorkNY,,dg.a,NewYork,cc.a
c.a,h.a,cabcbcac.a,WN,bjdjd.a,WN,NhfbSW,dgec.a,bdcdc.a,bdcdcac.a,dajhh.a,MDW,,IL,bh.a,Illinois,eb.a
,h.a,,OO,,OO,NgcjBR,ehah.a,,bagjdac.a,dagjd.a,BNA,NashvilleTN,,eh.a,Tennessee,fe.a
ch.a,,cabcbcch.a,AA,,,NdieAA,,,behhbab.a,,SFO,SanFranciscoCA,CA,,,
,d.a,cabcbccg.a,EV,cadgg.a,EV,Nbgfcf,,bccgg.a,bccggad.a,dbefd.a,,HoustonTX,TX,ei.a,,he.a
cd.a,h.a,cabcbccd.a,US,cadff.a,,,bbih.a,bbchi.a,,,DCA,,VA,fb.a,,di.a
bb.a,c.a,,UA,bjjhh.a,UA,NiaeUA,efc.a,bbcjc.a,bbcjcac.a,dadcf.a,DEN,DenverCO,CO,,,ic.a
cd.a,h.a,,UA,bjjhh.a,,,igf.a,bdjda.a,,,ORD,,IL,,,
,b.a,,FL,caedh.a,,,cbf.a,baicb.a,,daifc.a,BWI,,MD,ce.a,Maryland,df.a
cg.a,d.a,cabcbccg.a,US,,,NgcjAW,efi.a,,beigjad.a,,SLC,SaltLakeCityUT,,ej.a,,
be.a,f.a,cabcbcbe.a,,cadff.a,US,NbcdUW,biic.a,bbafh.a,bbafhad.a,dbafh.a,CLT,,NC,dh.a,NorthCarolina,dg.a
,c.a,,FL,,FL,NddiAT,ff.a,,badjhaf.a,dadjh.a,,,GA,bd.a,Georgia,de.a
,e.a,,,cadji.a,MQ,NiahMQ,ddce.a,bdagb.a,bdagbae.a,ddadi.a,,LaredoTX,TX,ei.a,,he.a
,d.a,,OO,,OO,NgdcSK,ehad.a,,bcijcad.a,dcfhf.a,LAX,LosAngelesCA,CA,g.a,California,jb.a
,d.a,cabcbccg.a,EV,cadgg.a,,Nbejca,,beejc.a,beejcac.a,deejc.a,RDU,,,dh.a,NorthCarolina,
ca.a,e.a,,,bjjhh.a,,,fga.a,bccgg.a,,,IAH,HoustonTX,TX,,,he.a
,e.a,,,cadji.a,MQ,NiadMQ,dehg.a,bajje.a,bajjeac.a,dajje.a,,,SC,ef.a,SouthCarolina,dh.a
h.a,f.a,cabcbcah.a,,,WN,NfchSW,dbdh.a,,bdbjiab.a,ddbji.a,MCI,KansasCityMO,MO,cj.a,Missouri,ge.a
,h.a,,OO,,,NiaaSK,egdh.a,bejai.a,bejaiad.a,dcfhf.a,SNA,SantaAnaCA,CA,g.a,California,jb.a
bc.a,d.a,cabcbcbc.a,WN,,WN,NeafWN,jec.a,,bdcdcac.a,dajhh.a,MDW,,IL,bh.a,Illinois,eb.a
,g.a,,,,OO,NeeiSW,ehci.a,,bdeihac.a,dbgfa.a,MSP,MinneapolisMN,,ch.a,Minnesota,
,b.a,cabcbcba.a,EV,cadgg.a,EV,Nbdbbi,,bbgbi.a,bbgbiac.a,dbhad.a,,NewarkNJ,,de.a,NewJersey,cb.a
,c.a,cabcbcbb.a,EV,cadgg.a,EV,Nbgjch,,bcchi.a,bcchiac.a,dajci.a,,WichitaKS,KS,ca.a,Kansas,gc.a
,g.a,,,cadji.a,MQ,NgihMQ,ciff.a,bbcji.a,bbcjiad.a,dabje.a,,Dallas/FortWorthTX,TX,ei.a,,he.a
bb.a,,cabcbcbb.a,AA,,AA,NdHXAA,,,bciijad.a,dccbb.a,LAS,LasVegasNV,NV,,,if.a
j.a,h.a,cabcbcaj.a,Bg,,Bg,NfcaJB,,,bbgjhad.a,dcegh.a,FLL,,FL,bc.a,Florida,dd.a
,g.a,,,cadae.a,,NjdhSW,fffg.a,bbbaj.a,,dabij.a,COS,ColoradoSpringsCO,CO,i.a,Colorado,ic.a
cf.a,c.a,cabcbccf.a,WN,bjdjd.a,,,bcbc.a,bahcb.a,,,BOS,BostonMA,MA,cf.a,Massachusetts,bd.a
,f.a,cabcbcci.a,,caedg.a,Fj,NcacFR,did.a,bbgjh.a,bbgjhad.a,dcegh.a,,,FL,bc.a,Florida,dd.a
ci.a,f.a,cabcbcci.a,,bjdjd.a,,NjbdWN,cghf.a,baiaa.a,,,BUR,BurbankCA,CA,g.a,California,jb.a
j.a,h.a,,UA,,,NebcUA,che.a,,behehad.a,daffj.a,SEA,SeattleWA,WA,,,
d.a,b.a,cabcbcad.a,WN,,,NgajSW,bbbe.a,,beghjad.a,ddfha.a,SAN,SanDiegoCA,,g.a,California,
bh.a,b.a,,UA,bjjhh.a,,,ida.a,bbcjc.a,,dadcf.a,DEN,DenverCO,CO,,,ic.a
cc.a,,cabcbccc.a,AA,bjiaf.a,,,,bccge.a,,,IAD,,VA,,,di.a
,d.a,,OO,cadae.a,OO,NhahSK,fejb.a,badhc.a,badhcad.a,dadhc.a,ASE,AspenCO,CO,i.a,Colorado,ic.a
be.a,,cabcbcbe.a,DL,,DL,NdhgjL,,,bbbjdac.a,ddbaf.a,,CincinnatiOH,KY,,,fc.a
,b.a,,OO,cadae.a,,,efab.a,baeai.a,,daeai.a,ATW,AppletonWI,WI,ff.a,,ef.a
,g.a,,,caedh.a,,NjceAT,cgb.a,bbcgh.a,,dbcgh.a,DAY,,OH,dj.a,Ohio,ee.a
bj.a,,cabcbcbj.a,DL,bjhja.a,,,,bcbhd.a,,,HNL,HonoluluHI,HI,,,c.a
,d.a,,OO,cadae.a,,,eefi.a,bddec.a,,dddec.a,MKE,MilwaukeeWI,,ff.a,,ef.a
bh.a,,cabcbcbh.a,AA,bjiaf.a,,,,bahcb.a,,dahcb.a,BOS,BostonMA,MA,,,bd.a
,d.a,cabcbcaf.a,EV,cadgg.a,EV,NgigBR,,badjh.a,badjhaf.a,dadjh.a,,,GA,bd.a,Georgia,de.a
i.a,g.a,cabcbcai.a,,cadff.a,US,NbchUW,bbfh.a,bebaa.a,bebaaac.a,debaa.a,PHL,PhiladelphiaPA,,ec.a,Pennsylvania,
f.a,d.a,cabcbcaf.a,WN,bjdjd.a,WN,NgfaSW,eigj.a,bcbjb.a,bcbjbac.a,dbefd.a,HOU,HoustonTX,TX,ei.a,,he.a
h.a,f.a,cabcbcah.a,,,,NfdiAS,fbe.a,,behehad.a,daffj.a,SEA,SeattleWA,WA,,,
bc.a,d.a,cabcbcbc.a,US,cadff.a,US,NiahAW,fja.a,bebah.a,bebahac.a,daegg.a,PHX,PhoenixAZ,,e.a,Arizona,
,g.a,,,cadji.a,MQ,NgEAMQ,efje.a,bcjfd.a,bcjfdac.a,dbhad.a,,NewYorkNY,,dg.a,NewYork,cc.a
d.a,,cabcbbad.a,AA,,AA,NffiAA,,,bbcjiad.a,dabje.a,DFW,Dallas/FortWorthTX,TX,,,he.a
j.a,h.a,cabcbcaj.a,WN,bjdjd.a,,NjgiWN,cihb.a,bddec.a,,dddec.a,MKE,MilwaukeeWI,,ff.a,,ef.a
,g.a,cabcbcai.a,,cadgg.a,EV,Nbbbfa,fjeh.a,bbbaj.a,bbbajac.a,dabij.a,,ColoradoSpringsCO,CO,i.a,Colorado,ic.a
i.a,,cabcbcai.a,AA,,AA,NdGFAA,,,bddadad.a,dcegh.a,MIA,,,,,dd.a
,h.a,,OO,cadae.a,OO,NhbiSK,gccg.a,bbbaj.a,bbbajac.a,dabij.a,COS,ColoradoSpringsCO,CO,i.a,Colorado,ic.a
cg.a,d.a,cabcbccg.a,US,,US,NfdjUW,bfha.a,,bbafhad.a,,CLT,,NC,dh.a,NorthCarolina,dg.a
ce.a,,cabcbcce.a,AA,bjiaf.a,,,,bcehi.a,,,JFK,NewYorkNY,,,,cc.a
bf.a,,cabcbcbf.a,DL,,DL,NdhaNB,,,badjhaf.a,dadjh.a,,,GA,,,de.a
d.a,b.a,,UA,bjjhh.a,,NieiUA,fhd.a,beghj.a,beghjad.a,ddfha.a,SAN,SanDiegoCA,,,,
cg.a,d.a,cabcbccg.a,WN,bjdjd.a,WN,NidbeL,eche.a,bbcjc.a,bbcjcac.a,,DEN,DenverCO,CO,i.a,Colorado,ic.a
cb.a,f.a,cabcbccb.a,,bjdjd.a,,,djif.a,bbjjg.a,,,GSP,,SC,ef.a,SouthCarolina,dh.a
ci.a,,cabcbcci.a,AA,,AA,NedfAA,,,bebaaac.a,,PHL,PhiladelphiaPA,,,,
cf.a,,cabcbccf.a,DL,bjhja.a,,,,badjh.a,,,ATL,,GA,,,de.a
,e.a,,,,OO,NebhSW,cgii.a,,bcijcad.a,dcfhf.a,LAX,LosAngelesCA,CA,g.a,California,jb.a
bj.a,d.a,,UA,bjjhh.a,,,bhcc.a,bccgg.a,,,IAH,HoustonTX,TX,,,he.a
,f.a,cabcbcah.a,,cadgg.a,EV,Nbcbdf,ehag.a,bccgg.a,bccggad.a,dbefd.a,,HoustonTX,TX,ei.a,,he.a
,g.a,,,caedh.a,,NjiiAT,ih.a,badjh.a,,dadjh.a,ATL,,GA,bd.a,Georgia,de.a
,h.a,,OO,cadae.a,,,deff.a,baiaa.a,,dcfhf.a,BUR,BurbankCA,CA,g.a,California,jb.a
d.a,b.a,cabcbcad.a,US,cadff.a,US,NbbcUS,baib.a,bbafh.a,bbafhad.a,dbafh.a,CLT,,NC,dh.a,NorthCarolina,dg.a
,f.a,,,cadae.a,OO,NhbcSK,ffeg.a,badhc.a,badhcad.a,dadhc.a,ASE,AspenCO,CO,i.a,Colorado,ic.a
cf.a,c.a,cabcbccf.a,WN,,,,bebd.a,beidb.a,,,SJC,SanJoseCA,CA,g.a,California,
cc.a,,cabcbccc.a,AA,bjiaf.a,,,,bagjd.a,,,BNA,NashvilleTN,,,,fe.a
cg.a,d.a,,UA,,,Nhhedb,bggj.a,behhb.a,behhbab.a,,SFO,SanFranciscoCA,CA,,,
ch.a,e.a,cabcbcch.a,,,YV,NfcbLR,diae.a,,bccgeac.a,,IAD,,VA,fb.a,,di.a
cf.a,c.a,cabcbccf.a,US,cadff.a,,,bcei.a,bbafh.a,,,CLT,,NC,dh.a,NorthCarolina,dg.a
,b.a,cabcbcbh.a,EV,cadgg.a,,,,bbaej.a,,dbaej.a,CLL,CollegeStation/BryanTX,TX,ei.a,,he.a
bg.a,h.a,cabcbcbg.a,WN,bjdjd.a,,NjajWN,bjha.a,bdhjg.a,,dcefh.a,OAK,OaklandCA,,g.a,California,
ca.a,e.a,,,bjjhh.a,,,bbha.a,bccge.a,,,IAD,,VA,,,di.a
cc.a,g.a,cabcbccc.a,,,,,ccaa.a,bfabg.a,,,STL,St.LouisMO,MO,cj.a,Missouri,ge.a
,g.a,cabcbcai.a,,cadgg.a,EV,NiicAS,fbde.a,badjh.a,badjhaf.a,dadjh.a,,,GA,bd.a,Georgia,de.a
ch.a,e.a,cabcbcch.a,,bjjda.a,AS,NhgcAS,ej.a,bacjj.a,bacjjae.a,,ANC,AnchorageAK,AK,,,b.a
cj.a,g.a,cabcbccj.a,,caeaj.a,Bg,NcdiJB,bbaj.a,bcehi.a,bcehiac.a,,JFK,NewYorkNY,,dg.a,NewYork,cc.a
c.a,h.a,cabcbcac.a,YV,cadhi.a,YV,Nchdbi,babg.a,bcjic.a,bcjicac.a,dcjic.a,LIH,LihueHI,HI,bf.a,Hawaii,c.a
,e.a,,,cadji.a,,,ecag.a,bbagh.a,,dbagh.a,CMI,,IL,bh.a,Illinois,eb.a
ce.a,b.a,cabcbcce.a,WN,bjdjd.a,,,bbb.a,bcdjb.a,,,ISP,IslipNY,NY,dg.a,NewYork,cc.a
,f.a,cabcbcci.a,,caedg.a,,NjaiFR,bce.a,bbcjc.a,,dadcf.a,DEN,DenverCO,CO,i.a,Colorado,ic.a
,g.a,,,caedh.a,,NjffAT,gbc.a,badjh.a,,dadjh.a,ATL,,GA,bd.a,Georgia,de.a
cg.a,d.a,cabcbccg.a,WN,bjdjd.a,WN,NigaeK,eibd.a,bdcdc.a,bdcdcac.a,,MDW,,IL,bh.a,Illinois,eb.a
,h.a,,OO,,,NjfbSW,efbd.a,beidb.a,,dcefh.a,SJC,SanJoseCA,CA,g.a,California,
cd.a,h.a,cabcbccd.a,WN,,,,gaa.a,bejai.a,,,SNA,SantaAnaCA,CA,g.a,California,jb.a
cd.a,,cabcbbcd.a,AA,bjiaf.a,,,,bciij.a,,,LAS,LasVegasNV,NV,,,if.a
cd.a,h.a,,UA,bjjhh.a,,,jgc.a,bbcjc.a,,,DEN,DenverCO,CO,,,ic.a
ch.a,,cabcbcch.a,AA,,AA,NfdhAA,,,bbcjiad.a,,DFW,Dallas/FortWorthTX,TX,,,he.a
d.a,b.a,,UA,bjjhh.a,UA,Ncehag,bcai.a,bbchi.a,bbchiac.a,daifc.a,DCA,,VA,,,di.a
,e.a,,,cadae.a,,NihfAS,cjia.a,begij.a,begijac.a,degij.a,SBA,SantaBarbaraCA,CA,g.a,California,
ci.a,f.a,,,,UA,NeigUA,eeg.a,,bbcjcac.a,,DEN,DenverCO,CO,,,ic.a
bj.a,d.a,,UA,bjjhh.a,,,dbe.a,behhb.a,,,SFO,SanFranciscoCA,CA,,,
f.a,d.a,cabcbcaf.a,AS,,AS,NfiiAS,,,bcijcad.a,dcfhf.a,LAX,LosAngelesCA,CA,,,jb.a
bi.a,c.a,cabcbcbi.a,YV,cadhi.a,,,chee.a,baecd.a,,,AUS,AustinTX,TX,ei.a,,he.a
cj.a,g.a,cabcbccj.a,,bjdjd.a,WN,NcaiWN,bgfb.a,bbgbi.a,bbgbiac.a,,EWR,NewarkNJ,,de.a,NewJersey,cb.a
cj.a,g.a,cabcbccj.a,,,AS,NgccAS,gbb.a,,bciijad.a,,LAS,LasVegasNV,NV,,,if.a
bf.a,g.a,cabcbcbf.a,,bjdjd.a,WN,NhbeCB,djec.a,bdcae.a,bdcaeac.a,dbefe.a,MCO,,,bc.a,Florida,dd.a
,h.a,,MQ,cadji.a,,,cihd.a,bbcji.a,,dabje.a,DFW,Dallas/FortWorthTX,TX,ei.a,,he.a
,c.a,cabcbcae.a,EV,cadgg.a,EV,Nbbbbj,,bbcjc.a,bbcjcac.a,dadcf.a,,DenverCO,CO,i.a,Colorado,ic.a
cg.a,d.a,cabcbccg.a,WN,,WN,NgahSW,jjc.a,,bcbjbac.a,,HOU,HoustonTX,TX,ei.a,,he.a
,e.a,cabcbcbd.a,,cadgg.a,EV,NhcdEV,fdca.a,badjh.a,badjhaf.a,dadjh.a,,,GA,bd.a,Georgia,de.a
cc.a,g.a,cabcbccc.a,,bjdjd.a,,,eggh.a,bbcjc.a,,,DEN,DenverCO,CO,i.a,Colorado,ic.a
,e.a,,,caedh.a,FL,NchiAT,bhfe.a,bbgjh.a,bbgjhad.a,dcegh.a,,,FL,bc.a,Florida,dd.a
bh.a,b.a,cabcbcbh.a,WN,bjdjd.a,,,dfga.a,baicb.a,,daifc.a,BWI,,MD,ce.a,Maryland,df.a
,f.a,,,caedh.a,,NjcjAT,cch.a,baicb.a,,daifc.a,BWI,,MD,ce.a,Maryland,df.a
ch.a,,cabcbcch.a,AA,,AA,NfbgAA,,,bbcjiad.a,,DFW,Dallas/FortWorthTX,TX,,,he.a
cj.a,g.a,cabcbccj.a,,,WN,NgaaWN,daad.a,,bbfeaad.a,,ELP,ElPasoTX,TX,ei.a,,he.a
,f.a,,,,OO,NegbSW,ehfj.a,,bdeihac.a,dbgfa.a,MSP,MinneapolisMN,,ch.a,Minnesota,
,e.a,cabcbcag.a,,,EV,Ndgjbf,gbab.a,,bccgeac.a,daifc.a,,,VA,fb.a,,di.a
bh.a,,cabcbcbh.a,DL,bjhja.a,,,,bddec.a,,dddec.a,MKE,MilwaukeeWI,,,,ef.a
,e.a,cabcbcch.a,,cadgg.a,EV,Nbgbbc,ecif.a,bbgbi.a,bbgbiac.a,dbhad.a,,NewarkNJ,,de.a,NewJersey,cb.a
cc.a,g.a,cabcbccc.a,,cadhi.a,,,cibb.a,baecd.a,,,AUS,AustinTX,TX,ei.a,,he.a
,c.a,,MQ,cadji.a,,,egfi.a,bcjfd.a,,dbhad.a,LGA,NewYorkNY,,dg.a,NewYork,cc.a
cc.a,g.a,cabcbccc.a,,bjdjd.a,,,eajd.a,bdcae.a,,,MCO,,,bc.a,Florida,dd.a
g.a,e.a,cabcbcag.a,,,US,NecgUS,bghj.a,,bbafhad.a,dbafh.a,CLT,,NC,dh.a,NorthCarolina,dg.a
,h.a,cabcbcac.a,EV,,,Nbbbje,,bfdia.a,bfdiaac.a,dfdia.a,TVC,,MI,cg.a,Michigan,ed.a
bf.a,,cabcbcbf.a,DL,,DL,NdhfhD,,,badjhaf.a,dadjh.a,,,GA,,,de.a
bd.a,e.a,cabcbcbd.a,,,US,NeddUS,bcib.a,,bbafhad.a,dbafh.a,CLT,,NC,dh.a,NorthCarolina,dg.a
ci.a,,cabcbcci.a,DL,bjhja.a,,NjajDL,,badjh.a,,,ATL,,GA,,,de.a
,h.a,,OO,cadae.a,,NjfhSW,ffee.a,bbjcb.a,,dbjcb.a,GJT,GrandJunctionCO,CO,i.a,Colorado,ic.a
,h.a,cabcbcac.a,EV,cadgg.a,EV,Nbdjhf,,bbgbi.a,bbgbiac.a,dbhad.a,,NewarkNJ,,de.a,NewJersey,cb.a
,b.a,,MQ,,MQ,NgcgMQ,dcce.a,,bbcjiad.a,dabje.a,,Dallas/FortWorthTX,TX,ei.a,,he.a
c.a,,cabcbcac.a,DL,bjhja.a,DL,NghaeZ,,badjh.a,badjhaf.a,dadjh.a,,,GA,,,de.a
db.a,b.a,cabcbcdb.a,US,cadff.a,US,NbbhUW,bfeb.a,bebaa.a,bebaaac.a,debaa.a,PHL,PhiladelphiaPA,,ec.a,Pennsylvania,
bi.a,,cabcbcbi.a,DL,bjhja.a,,,,bdejf.a,,ddejf.a,MSY,NewOrleansLA,,,,
,,,HA,bjgja.a,,,cbf.a,bdida.a,,ddida.a,OGG,KahuluiHI,HI,bf.a,Hawaii,
,c.a,cabcbcbb.a,EV,cadgg.a,EV,Nccjaj,,bbafh.a,bbafhad.a,dbafh.a,,,NC,dh.a,NorthCarolina,dg.a
be.a,f.a,cabcbcbe.a,,,,NjaiWN,dih.a,beijd.a,,ddbjc.a,SMF,SacramentoCA,,g.a,California,jb.a
bh.a,,cabcbcbh.a,AA,bjiaf.a,,,,bbcji.a,,dabje.a,DFW,Dallas/FortWorthTX,TX,,,he.a
d.a,b.a,cabcbcad.a,Bg,,Bg,NdbiJB,,,bcehiac.a,dbhad.a,JFK,NewYorkNY,,dg.a,NewYork,cc.a
,e.a,cabcbcch.a,,cadgg.a,,NjdfEV,fejj.a,badjh.a,,dadjh.a,ATL,,GA,bd.a,Georgia,de.a
bg.a,h.a,cabcbcbg.a,US,cadff.a,US,NhbbUW,bggh.a,bbafh.a,bbafhad.a,dbafh.a,CLT,,NC,dh.a,NorthCarolina,dg.a
d.a,,cabcbcad.a,AA,,,NegjAA,,,beidbad.a,dcefh.a,SJC,SanJoseCA,CA,,,
i.a,,cabcbcai.a,DL,,,NdgiNB,,,bejaiad.a,dcfhf.a,SNA,SantaAnaCA,CA,,,jb.a
,b.a,,OO,cadae.a,OO,NhifSK,geda.a,bdjda.a,bdjdaac.a,dajhh.a,ORD,,IL,bh.a,Illinois,
,e.a,,,,OO,NebgSW,egfj.a,,bagjdac.a,dagjd.a,BNA,NashvilleTN,,eh.a,Tennessee,fe.a
b.a,,cabcbcab.a,DL,,DL,NdciNW,,,bdcaeac.a,dbefe.a,,,,,,dd.a
,h.a,,MQ,cadji.a,,,djej.a,bdjda.a,,dajhh.a,ORD,,IL,bh.a,Illinois,
,b.a,cabcbcdb.a,EV,cadgg.a,EV,Nbcbgh,,bdjda.a,bdjdaac.a,dajhh.a,,,IL,bh.a,Illinois,
bd.a,,cabcbbbd.a,AA,,AA,NfjiAA,,,bdijbab.a,dcfhf.a,ONT,OntarioCA,,,,
bh.a,,cabcbcbh.a,AA,bjiaf.a,,,,bdjda.a,,dajhh.a,ORD,,IL,,,
c.a,h.a,cabcbcac.a,WN,bjdjd.a,WN,NcfcWN,bbgc.a,bdcdc.a,bdcdcac.a,dajhh.a,MDW,,IL,bh.a,Illinois,eb.a
bi.a,c.a,,UA,bjjhh.a,,,hid.a,bccgg.a,,dbefd.a,IAH,HoustonTX,TX,,,he.a
cb.a,f.a,cabcbccb.a,,caeaj.a,,,jfg.a,bdcae.a,,,MCO,,,bc.a,Florida,dd.a
,f.a,,,cadji.a,MQ,NhbgMQ,dcaj.a,bbcji.a,bbcjiad.a,dabje.a,,Dallas/FortWorthTX,TX,ei.a,,he.a
b.a,g.a,cabcbcab.a,,bjdjd.a,WN,NhdgSA,ceji.a,bciij.a,bciijad.a,dccbb.a,LAS,LasVegasNV,NV,dc.a,Nevada,if.a
d.a,b.a,cabcbcad.a,WN,bjdjd.a,WN,NhajSW,gcj.a,bbfea.a,bbfeaad.a,dagbf.a,ELP,ElPasoTX,TX,ei.a,,he.a
e.a,c.a,cabcbcae.a,UA,,UA,NfcbUA,had.a,,bcijcad.a,dcfhf.a,LAX,LosAngelesCA,CA,,,jb.a
i.a,,cabcbcai.a,DL,bjhja.a,DL,NbdaDL,,bdeih.a,bdeihac.a,dbgfa.a,,MinneapolisMN,,,,
,e.a,,,,,NhabBR,gejb.a,bfdhg.a,bfdhgac.a,daedg.a,TUS,TucsonAZ,AZ,e.a,Arizona,ib.a
,g.a,,,,OO,NgdcSK,ehad.a,,bcijcad.a,dcfhf.a,LAX,LosAngelesCA,CA,g.a,California,jb.a
cg.a,,cabcbccg.a,DL,bjhja.a,,NjceDN,,bddad.a,,,MIA,,,,,dd.a
bj.a,d.a,cabcbcbj.a,WN,bjdjd.a,,,ejgf.a,bbcjc.a,,,DEN,DenverCO,CO,i.a,Colorado,ic.a
,c.a,,OO,cadae.a,,,fcdh.a,bccgg.a,,dbefd.a,IAH,HoustonTX,TX,ei.a,,he.a
bd.a,,cabcbcbd.a,AA,,AA,NfffAA,,,bciijad.a,dccbb.a,LAS,LasVegasNV,NV,,,if.a
bj.a,d.a,,OO,cadae.a,,,eiab.a,bdifb.a,,,OKC,OklahomaCityOK,,ea.a,Oklahoma,
bb.a,c.a,cabcbcbb.a,WN,bjdjd.a,WN,NidbbQ,edd.a,baicb.a,baicbad.a,daifc.a,BWI,,MD,ce.a,Maryland,df.a
be.a,f.a,cabcbcbe.a,,,Bg,NffeJB,id.a,,bcehiac.a,dbhad.a,JFK,NewYorkNY,,dg.a,NewYork,cc.a
,d.a,,OO,cadae.a,,,gdae.a,bbfea.a,,dagbf.a,ELP,ElPasoTX,TX,ei.a,,he.a
,,,HA,,HA,NehfHA,bae.a,,bcjicac.a,dcjic.a,,LihueHI,HI,bf.a,Hawaii,c.a
,e.a,cabcbcag.a,,cadgg.a,,NjdcEV,ffic.a,bbbeg.a,,dbbeg.a,CRW,,WV,fe.a,,dj.a
,c.a,,OO,cadae.a,,,cjda.a,begji.a,,decdg.a,SBP,SanLuisObispoCA,CA,g.a,California,
ba.a,b.a,cabcbcba.a,AS,bjjda.a,,NhjgAS,,beheh.a,behehad.a,daffj.a,SEA,SeattleWA,WA,,,
bf.a,,cabcbbbf.a,AA,,AA,NdieAA,,,bcijcad.a,dcfhf.a,LAX,LosAngelesCA,CA,,,jb.a
cb.a,f.a,cabcbccb.a,,cadff.a,,,jfd.a,bebaa.a,,,PHL,PhiladelphiaPA,,ec.a,Pennsylvania,
,c.a,,OO,cadae.a,,,fgfi.a,bbcjc.a,,dadcf.a,DEN,DenverCO,CO,i.a,Colorado,ic.a
g.a,e.a,cabcbcag.a,,cbbhb.a,VX,NifeVA,cdg.a,bcijc.a,bcijcad.a,dcfhf.a,LAX,LosAngelesCA,CA,g.a,California,jb.a
,g.a,,,,,NiafSK,egic.a,bejai.a,bejaiad.a,dcfhf.a,SNA,SantaAnaCA,CA,g.a,California,jb.a
,c.a,cabcbcbb.a,EV,cadgg.a,,NjagEV,,badjh.a,,dadjh.a,ATL,,GA,bd.a,Georgia,de.a
ba.a,,cabcbcba.a,AA,,AA,NdCCAA,,,bddadad.a,dcegh.a,MIA,,,,,dd.a
,e.a,,,cadae.a,,,cgac.a,bcijc.a,,dcfhf.a,LAX,LosAngelesCA,CA,g.a,California,jb.a
cb.a,f.a,cabcbccb.a,,cadff.a,,,ii.a,badjh.a,,,ATL,,GA,bd.a,Georgia,de.a
ch.a,,cabcbcch.a,AA,,AA,NdCAAA,,,bccggad.a,,IAH,HoustonTX,TX,,,he.a
cg.a,d.a,cabcbccg.a,WN,bjdjd.a,WN,NhejSW,efhf.a,bbiie.a,bbiieac.a,,GEG,SpokaneWA,WA,fd.a,,jd.a
bg.a,h.a,cabcbcbg.a,WN,bjdjd.a,WN,NcbbWN,beaf.a,bciij.a,bciijad.a,dccbb.a,LAS,LasVegasNV,NV,dc.a,Nevada,if.a
,h.a,,OO,,,NiajSK,efij.a,beigj.a,beigjad.a,degbe.a,SLC,SaltLakeCityUT,,ej.a,,
db.a,b.a,cabcbcdb.a,YV,cadhi.a,,NjbdFJ,cidg.a,bebah.a,,daegg.a,PHX,PhoenixAZ,,e.a,Arizona,
da.a,h.a,,OO,cadae.a,OO,NhjdSK,gdia.a,baecd.a,baecdac.a,,AUS,AustinTX,TX,ei.a,,he.a
cg.a,d.a,cabcbccg.a,UA,,UA,NfedUA,jie.a,,bccggad.a,,IAH,HoustonTX,TX,,,he.a
c.a,h.a,,UA,,UA,Ndeega,bghf.a,,bccgeac.a,daifc.a,IAD,,VA,,,di.a
,g.a,,,caedh.a,,NjbfAT,bhg.a,bahcb.a,,dahcb.a,BOS,BostonMA,MA,cf.a,Massachusetts,bd.a
da.a,h.a,cabcbcda.a,US,cadff.a,US,NhfeUW,bjai.a,bbgjh.a,bbgjhad.a,,FLL,,FL,bc.a,Florida,dd.a
bg.a,h.a,cabcbcbg.a,Bg,,Bg,NfcjJB,,,bahcbac.a,dahcb.a,BOS,BostonMA,MA,cf.a,Massachusetts,bd.a
ch.a,e.a,,,bjjhh.a,,Ncehbf,bbii.a,begid.a,begidad.a,,SAT,SanAntonioTX,,,,
,e.a,cabcbcbd.a,,,,NdjbCA,feff.a,,beejcac.a,deejc.a,RDU,,,dh.a,NorthCarolina,
db.a,b.a,cabcbcdb.a,WN,,WN,NeeaLV,jhi.a,,bdcdcac.a,dajhh.a,MDW,,IL,bh.a,Illinois,eb.a
d.a,b.a,cabcbcad.a,AS,,AS,NfjgAS,,,beafhac.a,deafh.a,PDX,PortlandOR,,,,
,c.a,,MQ,,MQ,NfchMQ,dicj.a,,badjhaf.a,dadjh.a,,,GA,bd.a,Georgia,de.a
bd.a,,cabcbcbd.a,DL,bjhja.a,,NjgdDL,,bahjc.a,,dahjc.a,BUF,BuffaloNY,NY,,,cc.a
ba.a,,cabcbcba.a,AA,,,NefeAA,,,begidad.a,ddcbe.a,SAT,SanAntonioTX,,,,
bj.a,d.a,cabcbcbj.a,WN,bjdjd.a,,,bdac.a,bafjj.a,,,BHM,BirminghamAL,AL,b.a,Alabama,fb.a
,b.a,cabcbcba.a,Fj,caedg.a,Fj,NiadFR,fdb.a,bbcjc.a,bbcjcac.a,dadcf.a,,DenverCO,CO,i.a,Colorado,ic.a
ba.a,,cabcbcba.a,DL,bjhja.a,,NjhbDL,,badjh.a,,dadjh.a,ATL,,GA,,,de.a
g.a,e.a,cabcbcag.a,,,VX,NgdhVA,eae.a,,bcijcad.a,dcfhf.a,LAX,LosAngelesCA,CA,g.a,California,jb.a
j.a,h.a,cabcbcaj.a,US,cadff.a,US,NgehAW,fhi.a,bebah.a,bebahac.a,daegg.a,PHX,PhoenixAZ,,e.a,Arizona,
g.a,e.a,cabcbcag.a,,,WN,NeiaWN,dcc.a,,bdhjgab.a,dcefh.a,OAK,OaklandCA,,g.a,California,
bf.a,g.a,,,bjjhh.a,UA,Nbecdh,bbaa.a,bbcjc.a,bbcjcac.a,dadcf.a,DEN,DenverCO,CO,,,ic.a
ch.a,e.a,cabcbcch.a,,,,NhhdeH,edff.a,bejai.a,bejaiad.a,,SNA,SantaAnaCA,CA,g.a,California,jb.a
ce.a,b.a,cabcbcce.a,US,cadff.a,,,ieg.a,bbafh.a,,,CLT,,NC,dh.a,NorthCarolina,dg.a
bi.a,,cabcbcbi.a,DL,bjhja.a,,,,bbiie.a,,dbiie.a,GEG,SpokaneWA,WA,,,jd.a
,e.a,,,,,NfhjSW,fefc.a,,behhbab.a,dcefh.a,SFO,SanFranciscoCA,CA,g.a,California,
c.a,,cabcbcac.a,DL,,,NdhhbK,,,behehad.a,daffj.a,SEA,SeattleWA,WA,,,
,d.a,cabcbcaf.a,EV,cadgg.a,EV,NicjAS,,bccge.a,bccgeac.a,daifc.a,,,VA,fb.a,,di.a
,d.a,,MQ,cadji.a,MQ,NggiMQ,ecai.a,baicb.a,baicbad.a,daifc.a,,,MD,ce.a,Maryland,df.a
,h.a,cabcbcbg.a,EV,cadgg.a,EV,Nbgbfb,,bbcjc.a,bbcjcac.a,dadcf.a,,DenverCO,CO,i.a,Colorado,ic.a
,g.a,,,caedh.a,,,fea.a,bddec.a,,dddec.a,MKE,MilwaukeeWI,,ff.a,,
g.a,e.a,cabcbcag.a,,bjdjd.a,WN,NhaeSW,hgc.a,bciij.a,bciijad.a,dccbb.a,LAS,LasVegasNV,NV,dc.a,Nevada,if.a
h.a,,cabcbcah.a,DL,bjhja.a,DL,NbjdDN,,bcbhd.a,bcbhdab.a,dcbde.a,,HonoluluHI,HI,,,c.a
d.a,b.a,,UA,,UA,NebgUA,fhd.a,,baecdac.a,daecd.a,AUS,AustinTX,TX,,,he.a
bd.a,e.a,,,,,NfghUA,gdd.a,,behhbab.a,dcefh.a,SFO,SanFranciscoCA,CA,,,
cd.a,h.a,cabcbccd.a,Bg,caeaj.a,,,,becfe.a,,,PSE,PoncePR,,hc.a,,
db.a,b.a,cabcbcdb.a,US,,US,NgcaAW,dai.a,,badjhaf.a,dadjh.a,ATL,,GA,bd.a,Georgia,de.a
,e.a,cabcbcch.a,,cadgg.a,EV,Nchjgc,eebc.a,bdfhh.a,bdfhhac.a,dbbdf.a,,,,ef.a,SouthCarolina,
bf.a,,cabcbcbf.a,AA,,AA,NfjjAA,,,bbcjiad.a,dabje.a,DFW,Dallas/FortWorthTX,TX,,,he.a
j.a,,cabcbcaj.a,DL,,DL,NdhhbK,,,bcehiac.a,dbhad.a,,NewYorkNY,,,,cc.a
,c.a,cabcbcbi.a,EV,cadgg.a,,,,badjh.a,,dadjh.a,ATL,,GA,bd.a,Georgia,de.a
,f.a,cabcbccb.a,,cadgg.a,,,efeg.a,bdjdb.a,,ddggh.a,ORF,,,fb.a,,
bc.a,d.a,,UA,,UA,NeddUA,dag.a,,bcijcad.a,dcfhf.a,LAX,LosAngelesCA,CA,,,jb.a
,f.a,,,,MQ,NgdjMQ,ebcj.a,,bbaghac.a,dbagh.a,,,IL,bh.a,Illinois,eb.a
cc.a,g.a,cabcbccc.a,WN,bjdjd.a,,,eddg.a,bbcjc.a,,,DEN,DenverCO,CO,i.a,Colorado,ic.a
,e.a,,,cadji.a,,,djgc.a,bddec.a,,dddec.a,MKE,MilwaukeeWI,,ff.a,,
bh.a,,cabcbcbh.a,AA,bjiaf.a,,,,baecd.a,,daecd.a,AUS,AustinTX,TX,,,he.a
,h.a,cabcbcaj.a,Fj,,,NjaiFR,cjh.a,bfabg.a,,dbbcd.a,STL,St.LouisMO,MO,cj.a,Missouri,ge.a
h.a,f.a,,,,UA,NfeiUA,ejf.a,,bbcjcac.a,dadcf.a,DEN,DenverCO,CO,,,ic.a
,f.a,,,cadji.a,,,eegj.a,bbchi.a,,daifc.a,DCA,,VA,fb.a,,di.a
,c.a,,OO,cadae.a,OO,NhgiSK,fcbi.a,bdbji.a,bdbjiab.a,ddbji.a,MCI,KansasCityMO,MO,cj.a,Missouri,ge.a
,f.a,cabcbcci.a,,cadgg.a,EV,NiegAS,fadb.a,bbedd.a,bbeddac.a,dbcjf.a,,,MI,cg.a,Michigan,ed.a
bj.a,d.a,,UA,,,,dcb.a,bejai.a,,,SNA,SantaAnaCA,CA,,,jb.a
,e.a,,,cadji.a,,,dfhh.a,bcefb.a,,dbbdg.a,JAX,,FL,bc.a,Florida,dd.a
,h.a,,MQ,cadji.a,MQ,NibgMQ,dcjg.a,bbcji.a,bbcjiad.a,dabje.a,,Dallas/FortWorthTX,TX,ei.a,,he.a
,h.a,cabcbcac.a,EV,cadgg.a,EV,NjacEV,,bdcda.a,bdcdaac.a,dcaha.a,,HarrisburgPA,PA,ec.a,Pennsylvania,cd.a
f.a,d.a,cabcbcaf.a,YV,cadhi.a,,NjaiFJ,cggi.a,begid.a,,ddcbe.a,SAT,SanAntonioTX,,ei.a,,
,h.a,,MQ,cadji.a,,,echa.a,bdjda.a,,dajhh.a,ORD,,IL,bh.a,Illinois,
ci.a,,cabcbbci.a,AA,,AA,NfEGAA,,,bahcbac.a,,BOS,BostonMA,MA,,,bd.a
h.a,f.a,cabcbcah.a,,cadff.a,US,NheiUW,cbhd.a,bcjfd.a,bcjfdac.a,dbhad.a,LGA,NewYorkNY,,dg.a,NewYork,cc.a
,h.a,,OO,cadae.a,,NjghSW,fehf.a,bddec.a,,dddec.a,MKE,MilwaukeeWI,,ff.a,,
ce.a,b.a,cabcbcce.a,Bg,caeaj.a,,,,bahcb.a,,,BOS,BostonMA,MA,cf.a,Massachusetts,bd.a
b.a,g.a,cabcbcab.a,AS,bjjda.a,,NhigAS,,beheh.a,behehad.a,daffj.a,SEA,SeattleWA,WA,,,
,c.a,cabcbcbb.a,Fj,caedg.a,,NjcjFR,dgd.a,behda.a,,ddaee.a,SDF,LouisvilleKY,,cb.a,Kentucky,
bd.a,e.a,cabcbcbd.a,,bjjhh.a,UA,NidaUA,dcb.a,bccgg.a,bccggad.a,dbefd.a,IAH,HoustonTX,TX,,,he.a
g.a,e.a,cabcbcag.a,,,WN,NeeeWN,db.a,,bcbjbac.a,dbefd.a,HOU,HoustonTX,TX,ei.a,,he.a
,c.a,cabcbcae.a,EV,,,Nbejhe,,bfdha.a,bfdhaac.a,degfd.a,TUL,TulsaOK,OK,ea.a,Oklahoma,hd.a
bj.a,d.a,,UA,bjjhh.a,,,ged.a,bdcae.a,,,MCO,,,,,dd.a
,b.a,,OO,,OO,NehjCA,fgcj.a,,bcijcad.a,dcfhf.a,LAX,LosAngelesCA,CA,g.a,California,jb.a
f.a,d.a,,UA,bjjhh.a,UA,NieaUA,jgb.a,bbgbi.a,bbgbiac.a,dbhad.a,EWR,NewarkNJ,,,,cb.a
e.a,,cabcbcae.a,DL,,,NddfNB,,,beigjad.a,degbe.a,SLC,SaltLakeCityUT,,,,
bj.a,,cabcbcbj.a,AA,bjiaf.a,,,,begdf.a,,,RSW,,FL,,,
ca.a,,cabcbcca.a,DL,bjhja.a,,,,bbedd.a,,,DTW,,MI,,,ed.a
bh.a,b.a,cabcbcbh.a,WN,,,,ifb.a,bfdhg.a,,daedg.a,TUS,TucsonAZ,AZ,e.a,Arizona,ib.a
,b.a,,MQ,,MQ,NfdhMQ,dgbb.a,,bdjdaac.a,dajhh.a,,,IL,bh.a,Illinois,
f.a,d.a,cabcbcaf.a,UA,bjjhh.a,UA,NiahUA,egb.a,bdcae.a,bdcaeac.a,dbefe.a,MCO,,,,,dd.a
,d.a,cabcbcaf.a,EV,cadgg.a,EV,NihdAS,,bbgbc.a,bbgbcad.a,dbgbc.a,,,IN,bi.a,Indiana,ec.a
d.a,b.a,cabcbcad.a,WN,,WN,NdfgSW,ga.a,,bciijad.a,dccbb.a,LAS,LasVegasNV,NV,dc.a,Nevada,if.a
g.a,e.a,cabcbcag.a,,,,NeiiWN,bgdf.a,,bfdhaac.a,degfd.a,TUL,TulsaOK,OK,ea.a,Oklahoma,hd.a
ca.a,,cabcbcca.a,AA,bjiaf.a,,,,bbcji.a,,,DFW,Dallas/FortWorthTX,TX,,,he.a
,c.a,,MQ,cadji.a,,,edfj.a,bbbjd.a,,ddbaf.a,CVG,CincinnatiOH,KY,cb.a,Kentucky,fc.a
be.a,f.a,,,bjjhh.a,UA,Ncgcai,jh.a,bbgbi.a,bbgbiac.a,dbhad.a,EWR,NewarkNJ,,,,cb.a
,c.a,,OO,cadae.a,OO,NcceSW,fdeg.a,bbaeb.a,bbaebad.a,dbaeb.a,CLD,CarlsbadCA,CA,g.a,California,jb.a
,g.a,,OO,cadae.a,,,gehe.a,bbcjc.a,,dadcf.a,DEN,DenverCO,CO,i.a,Colorado,ic.a
e.a,c.a,cabcbcae.a,US,cadff.a,US,NicdAW,fbf.a,bebah.a,bebahac.a,daegg.a,PHX,PhoenixAZ,,e.a,Arizona,
bf.a,g.a,cabcbcbf.a,UA,,,NeddUA,fai.a,,behehad.a,daffj.a,SEA,SeattleWA,WA,,,
ce.a,,cabcbcce.a,DL,bjhja.a,,,,badjh.a,,,ATL,,GA,,,de.a
,g.a,,MQ,,,NghiMQ,deci.a,bfebc.a,bfebcac.a,dfebc.a,TYS,KnoxvilleTN,TN,eh.a,Tennessee,fe.a
cg.a,d.a,,UA,bjjhh.a,UA,NidcUA,heg.a,bbecd.a,bbecdad.a,,DSM,DesMoinesIA,IA,,,gb.a
ca.a,e.a,cabcbcca.a,,bjdjd.a,,,cjc.a,bbcjc.a,,,DEN,DenverCO,CO,i.a,Colorado,ic.a
bh.a,,cabcbcbh.a,AA,,,,,bfabg.a,,dbbcd.a,STL,St.LouisMO,MO,,,ge.a
ci.a,,cabcbcci.a,DL,,DL,NdeaNW,,,bbbjdac.a,,,CincinnatiOH,KY,,,fc.a
bd.a,e.a,cabcbcbd.a,,,AS,NfdgAS,gci.a,,bagggac.a,daggg.a,BLI,BellinghamWA,WA,,,jd.a
,g.a,,OO,cadae.a,,NjidCA,gdgc.a,bbgdi.a,,dbgdi.a,FAT,FresnoCA,CA,g.a,California,jb.a
,g.a,cabcbccj.a,,cadgg.a,,NjhbEV,fbgf.a,badjh.a,,dadjh.a,ATL,,GA,bd.a,Georgia,de.a
cc.a,,cabcbccc.a,AA,bjiaf.a,,,,bcijc.a,,,LAX,LosAngelesCA,CA,,,jb.a
bd.a,e.a,cabcbcbd.a,,bjdjd.a,,NjfiWN,baei.a,bdijb.a,,dcfhf.a,ONT,OntarioCA,,g.a,California,
cd.a,h.a,cabcbccd.a,WN,bjdjd.a,,,bdjj.a,bdcdc.a,,,MDW,,IL,bh.a,Illinois,eb.a
,f.a,,,caedh.a,,NjeiAT,efi.a,bebaa.a,,debaa.a,PHL,PhiladelphiaPA,,ec.a,Pennsylvania,
,b.a,,FL,caedh.a,,NjfdAT,bh.a,badjh.a,,dadjh.a,ATL,,GA,bd.a,Georgia,de.a
,,,HA,,HA,NeigHA,bhb.a,,bceacad.a,dceac.a,,HiloHI,HI,bf.a,Hawaii,c.a
,h.a,,OO,,,NjadSW,fgad.a,beigj.a,beigjad.a,degbe.a,SLC,SaltLakeCityUT,,ej.a,,
,h.a,cabcbcbg.a,EV,cadgg.a,EV,Nbejea,,bccgg.a,bccggad.a,dbefd.a,,HoustonTX,TX,ei.a,,he.a
,d.a,,OO,,OO,NgdbSK,ehjf.a,,bcijcad.a,dcfhf.a,LAX,LosAngelesCA,CA,g.a,California,jb.a
cg.a,d.a,cabcbccg.a,YV,cadhi.a,YV,Nhfjje,babh.a,bdida.a,bdidaac.a,,OGG,KahuluiHI,HI,bf.a,Hawaii,
ba.a,,cabcbcba.a,AA,,AA,NdDCAA,,,bahcbac.a,dahcb.a,BOS,BostonMA,MA,,,bd.a
cd.a,,cabcbccd.a,DL,bjhja.a,,,,bdcee.a,,,MEM,MemphisTN,,,,fe.a
cg.a,d.a,cabcbccg.a,US,cadff.a,,NjeeUW,beha.a,bebaa.a,,,PHL,PhiladelphiaPA,,ec.a,Pennsylvania,
cd.a,,cabcbccd.a,AA,bjiaf.a,,,,bbcji.a,,,DFW,Dallas/FortWorthTX,TX,,,he.a
,e.a,,,caedh.a,,,ecd.a,bdcdc.a,,dajhh.a,MDW,,IL,bh.a,Illinois,eb.a
h.a,f.a,cabcbcah.a,,bjdjd.a,,NhheSW,fbj.a,beejc.a,beejcac.a,deejc.a,RDU,,,dh.a,NorthCarolina,
bd.a,e.a,cabcbcbd.a,,cadff.a,US,NhfeUW,bjef.a,bbafh.a,bbafhad.a,dbafh.a,CLT,,NC,dh.a,NorthCarolina,dg.a
e.a,c.a,cabcbcae.a,WN,bjdjd.a,,NjbgWN,bjge.a,bddec.a,,dddec.a,MKE,MilwaukeeWI,,ff.a,,
,f.a,,,cadae.a,,,efib.a,bbiji.a,,dbiji.a,GFK,GrandForksND,ND,di.a,NorthDakota,gg.a
j.a,h.a,cabcbcaj.a,WN,,WN,NfagSW,bfba.a,,bdbfiac.a,ddbfi.a,MAF,Midland/OdessaTX,,ei.a,,he.a
ci.a,,cabcbbci.a,AA,,AA,NejdAA,,,bbcghac.a,,DAY,,OH,,,ee.a
,c.a,cabcbcbi.a,EV,cadgg.a,,,,badjh.a,,dadjh.a,ATL,,GA,bd.a,Georgia,de.a
,c.a,cabcbccf.a,EV,,,,,beibe.a,,daehg.a,SHV,ShreveportLA,LA,cc.a,Louisiana,
,h.a,,MQ,cadji.a,MQ,NiccMQ,dcag.a,bbcji.a,bbcjiad.a,dabje.a,,Dallas/FortWorthTX,TX,ei.a,,he.a
bg.a,h.a,cabcbcbg.a,AS,,AS,NgcgAS,,,becgcac.a,decgc.a,PSP,PalmSpringsCA,,,,
,b.a,,OO,cadae.a,OO,NhacSK,geca.a,becgc.a,becgcac.a,decgc.a,PSP,PalmSpringsCA,,g.a,California,
,b.a,,MQ,cadji.a,,,dfdc.a,bbafh.a,,dbafh.a,CLT,,NC,dh.a,NorthCarolina,dg.a
,d.a,,OO,,OO,NeadSW,fdfe.a,,bdjdaac.a,dajhh.a,ORD,,IL,bh.a,Illinois,
e.a,,cabcbcae.a,DL,bjhja.a,,NjfiDN,,beafh.a,,deafh.a,PDX,PortlandOR,,,,
c.a,h.a,cabcbcac.a,WN,bjdjd.a,WN,NgfaSW,ejbg.a,bdbji.a,bdbjiab.a,ddbji.a,MCI,KansasCityMO,MO,cj.a,Missouri,ge.a
ch.a,e.a,,,,UA,NfgjUA,faj.a,,bcjfdac.a,,LGA,NewYorkNY,,,,cc.a
bc.a,d.a,,UA,bjjhh.a,UA,NggaUA,chi.a,bccgg.a,bccggad.a,dbefd.a,IAH,HoustonTX,TX,,,he.a
h.a,,cabcbcah.a,DL,bjhja.a,,NjbjDE,,befhg.a,,defhg.a,ROC,RochesterNY,,,,
g.a,e.a,cabcbcag.a,,bjdjd.a,,NhfiSW,ihg.a,begid.a,begidad.a,ddcbe.a,SAT,SanAntonioTX,,ei.a,,
bj.a,d.a,cabcbcbj.a,WN,bjdjd.a,,,ifb.a,bdcdc.a,,,MDW,,IL,bh.a,Illinois,eb.a
bd.a,e.a,cabcbcbd.a,,,US,NfdfUW,cfd.a,,bebaaac.a,debaa.a,PHL,PhiladelphiaPA,,ec.a,Pennsylvania,
,g.a,,MQ,,,NfbiMQ,dhag.a,,beigjad.a,degbe.a,SLC,SaltLakeCityUT,,ej.a,,
ci.a,,cabcbcci.a,DL,,,NhacTW,,behhb.a,behhbab.a,,SFO,SanFranciscoCA,CA,,,
,e.a,,,,,NjdfSW,feaa.a,behhb.a,,dcefh.a,SFO,SanFranciscoCA,CA,g.a,California,
,f.a,,,cadae.a,OO,NhedSK,ffbg.a,bbcji.a,bbcjiad.a,dabje.a,DFW,Dallas/FortWorthTX,TX,ei.a,,he.a
,e.a,cabcbcag.a,,cadgg.a,EV,Nbcbga,efde.a,bddec.a,bddecaf.a,dddec.a,,MilwaukeeWI,,ff.a,,
ce.a,,cabcbcce.a,DL,,,,,bejai.a,,,SNA,SantaAnaCA,CA,,,jb.a
,,,HA,bjgja.a,,,bcf.a,bdida.a,,ddida.a,OGG,KahuluiHI,HI,bf.a,Hawaii,
cj.a,g.a,cabcbccj.a,,cbbhb.a,VX,NieaVA,ch.a,bcehi.a,bcehiac.a,,JFK,NewYorkNY,,dg.a,NewYork,cc.a
i.a,g.a,cabcbcai.a,,,WN,NebdWN,bgbb.a,,bebaaac.a,debaa.a,PHL,PhiladelphiaPA,,ec.a,Pennsylvania,
bb.a,c.a,cabcbcbb.a,Bg,,Bg,NfdgJB,,,bcjfeac.a,dcfhf.a,LGB,LongBeachCA,CA,g.a,California,jb.a
cb.a,f.a,cabcbccb.a,,cadhi.a,,,cibg.a,baiaa.a,,,BUR,BurbankCA,CA,g.a,California,jb.a
,c.a,cabcbcbi.a,EV,cadgg.a,,,,bbdai.a,,dbdai.a,DHN,DothanAL,AL,b.a,Alabama,fb.a
,f.a,,,caedh.a,,,di.a,badjh.a,,dadjh.a,ATL,,GA,bd.a,Georgia,de.a
bd.a,,cabcbcbd.a,DL,bjhja.a,,NjccDX,,bbagg.a,,dbagg.a,CMH,,OH,,,ee.a
e.a,c.a,cabcbcae.a,US,cadff.a,US,NbjgUW,bhdd.a,bcjfd.a,bcjfdac.a,dbhad.a,LGA,NewYorkNY,,dg.a,NewYork,cc.a
,h.a,,MQ,cadji.a,,NjcfMQ,eaja.a,bdjda.a,,dajhh.a,ORD,,IL,bh.a,Illinois,
bj.a,d.a,cabcbcbj.a,WN,,,,dedg.a,beidb.a,,,SJC,SanJoseCA,CA,g.a,California,
,c.a,cabcbcbb.a,EV,cadgg.a,EV,NhccEV,,bdeih.a,bdeihac.a,dbgfa.a,,MinneapolisMN,,ch.a,Minnesota,
,g.a,cabcbccc.a,EV,cadgg.a,,,,bccgg.a,,dbefd.a,IAH,HoustonTX,TX,ei.a,,he.a
,h.a,cabcbcac.a,EV,cadgg.a,EV,Nbefgc,,bccgg.a,bccggad.a,dbefd.a,,HoustonTX,TX,ei.a,,he.a
bd.a,e.a,cabcbcbd.a,,,,NgbiAS,dih.a,,behhbab.a,dcefh.a,SFO,SanFranciscoCA,CA,,,
,c.a,cabcbcae.a,EV,cadgg.a,EV,Nbfjdc,,bccgg.a,bccggad.a,dbefd.a,,HoustonTX,TX,ei.a,,he.a
bb.a,c.a,cabcbcbb.a,AS,,,NfbiAS,,,beijdac.a,ddbjc.a,SMF,SacramentoCA,,,,
cg.a,d.a,cabcbccg.a,WN,bjdjd.a,,,ehjc.a,bciij.a,,,LAS,LasVegasNV,NV,dc.a,Nevada,if.a
bh.a,b.a,cabcbcbh.a,WN,bjdjd.a,,,bah.a,bagjd.a,,dagjd.a,BNA,NashvilleTN,,eh.a,Tennessee,fe.a
d.a,,cabcbcad.a,AA,,AA,NeYLAA,,,bbcjiad.a,dabje.a,DFW,Dallas/FortWorthTX,TX,,,he.a
,d.a,cabcbcbj.a,EV,cadgg.a,,,,bbecd.a,,dbecd.a,DSM,DesMoinesIA,IA,bj.a,Iowa,gb.a
da.a,h.a,,UA,,UA,NfadUA,egf.a,,bbgjhad.a,,FLL,,FL,,,dd.a
bh.a,b.a,cabcbcbh.a,YV,cadhi.a,,,chbc.a,bbgdi.a,,dbgdi.a,FAT,FresnoCA,CA,g.a,California,jb.a
cj.a,g.a,cabcbccj.a,US,cadff.a,US,NgfbAW,jh.a,bdjda.a,bdjdaac.a,,ORD,,IL,bh.a,Illinois,
cf.a,c.a,cabcbccf.a,WN,bjdjd.a,,,cdd.a,baiaa.a,,,BUR,BurbankCA,CA,g.a,California,jb.a
,g.a,,OO,,OO,NgbgQX,ehib.a,,bebahac.a,daegg.a,PHX,PhoenixAZ,,e.a,Arizona,
cc.a,,cabcbccc.a,DL,bjhja.a,,,,badjh.a,,,ATL,,GA,,,de.a
,g.a,cabcbcab.a,EV,cadgg.a,EV,Nbcjgh,,bddgh.a,bddghad.a,dddgh.a,,,,bh.a,Illinois,
,h.a,,MQ,cadji.a,MQ,NgfgMQ,ebjf.a,bdjda.a,bdjdaac.a,dajhh.a,,,IL,bh.a,Illinois,
be.a,f.a,cabcbcbe.a,,bjdjd.a,WN,NidafE,ejif.a,bcijc.a,bcijcad.a,dcfhf.a,LAX,LosAngelesCA,CA,g.a,California,jb.a
bg.a,h.a,,UA,,UA,Nddcjc,bgie.a,,bbaecac.a,dageh.a,CLE,,OH,,,ee.a
,c.a,,OO,cadae.a,,,gegc.a,bcijc.a,,dcfhf.a,LAX,LosAngelesCA,CA,g.a,California,jb.a
,e.a,,,cadae.a,OO,NiacSK,eghf.a,bdeih.a,bdeihac.a,dbgfa.a,MSP,MinneapolisMN,,ch.a,Minnesota,
bb.a,c.a,cabcbcbb.a,WN,bjdjd.a,WN,NceeWN,bhja.a,bbcfj.a,bbcfjad.a,dabje.a,DAL,DallasTX,TX,ei.a,,he.a
,d.a,,OO,,,,fdbd.a,behhb.a,,dcefh.a,SFO,SanFranciscoCA,CA,g.a,California,
g.a,e.a,,,bjjhh.a,UA,NicfUA,hdf.a,bcchi.a,bcchiac.a,dajci.a,ICT,WichitaKS,KS,,,gc.a
cd.a,h.a,cabcbccd.a,WN,bjdjd.a,,,dffi.a,begid.a,,,SAT,SanAntonioTX,,ei.a,,
d.a,b.a,cabcbcad.a,WN,,,NhffSA,dh.a,bfabg.a,bfabgad.a,dbbcd.a,STL,St.LouisMO,MO,cj.a,Missouri,ge.a
,b.a,cabcbcce.a,EV,cadgg.a,,,,bbedd.a,,dbcjf.a,DTW,,MI,cg.a,Michigan,ed.a
cd.a,,cabcbccd.a,AA,bjiaf.a,,,,bbcjc.a,,,DEN,DenverCO,CO,,,ic.a
,b.a,,OO,cadae.a,,NjdaSW,fgcd.a,becfc.a,,decfc.a,PSC,Pasco/Kennewick/RichlandWA,,fd.a,,
c.a,,cabcbcac.a,DL,,DL,NddeNW,,,bdeihac.a,dbgfa.a,,MinneapolisMN,,,,
bi.a,,cabcbcbi.a,DL,,,,,bfdae.a,,ddbjf.a,TPA,,FL,,,dd.a
,f.a,cabcbccb.a,,cadgg.a,,,gahg.a,bccge.a,,daifc.a,IAD,,VA,fb.a,,di.a
bc.a,,cabcbcbc.a,DL,bjhja.a,,NjfbDL,,begif.a,,degif.a,SAV,,GA,,,
,,,HA,,HA,NehhHA,cca.a,,bcjicac.a,dcjic.a,,LihueHI,HI,bf.a,Hawaii,c.a
,b.a,,OO,,,,gejd.a,behhb.a,,dcefh.a,SFO,SanFranciscoCA,CA,g.a,California,
ba.a,b.a,cabcbcba.a,AS,bjjda.a,AS,NhjbAS,,bacjj.a,bacjjae.a,dacjj.a,ANC,AnchorageAK,AK,,,b.a
cc.a,,cabcbccc.a,AA,bjiaf.a,,,,bddad.a,,,MIA,,,,,dd.a
,e.a,,,,,NfafMQ,dhfe.a,,bfabgad.a,dbbcd.a,STL,St.LouisMO,MO,cj.a,Missouri,ge.a
,d.a,cabcbcaf.a,EV,cadgg.a,EV,Nbebgc,,bccgg.a,bccggad.a,dbefd.a,,HoustonTX,TX,ei.a,,he.a
bc.a,,cabcbcbc.a,AA,,AA,NdfgAA,,,bcijcad.a,dcfhf.a,LAX,LosAngelesCA,CA,,,jb.a
cg.a,,cabcbccg.a,AA,,AA,NfDBAA,,,bddadad.a,,MIA,,,,,dd.a
,b.a,,MQ,cadji.a,MQ,NicgMQ,chda.a,bceei.a,bceeiad.a,dceei.a,,Jackson/VicksburgMS,MS,ci.a,Mississippi,fd.a
,h.a,cabcbcaj.a,EV,cadgg.a,EV,Nbgjbj,,bafjj.a,bafjjae.a,dafjj.a,,BirminghamAL,AL,b.a,Alabama,fb.a
bj.a,d.a,cabcbcbj.a,Bg,caeaj.a,,,,bdcae.a,,,MCO,,,bc.a,Florida,dd.a
cc.a,,cabcbccc.a,AA,bjiaf.a,,,,bbcji.a,,,DFW,Dallas/FortWorthTX,TX,,,he.a
bb.a,c.a,cabcbcbb.a,US,cadff.a,US,NgghAW,ghf.a,bbgbi.a,bbgbiac.a,dbhad.a,EWR,NewarkNJ,,de.a,NewJersey,cb.a
c.a,h.a,cabcbcac.a,WN,,WN,NeabWN,ejia.a,,bdjdbac.a,ddggh.a,ORF,,,fb.a,,
cb.a,f.a,cabcbccb.a,,cadff.a,,,baca.a,bebaa.a,,,PHL,PhiladelphiaPA,,ec.a,Pennsylvania,
h.a,f.a,,,,UA,NejhUA,fbj.a,,bdeihac.a,dbgfa.a,MSP,MinneapolisMN,,,,
bd.a,e.a,,,,UA,Ndiefj,bedf.a,,bbgjhad.a,dcegh.a,FLL,FortLauderdaleFL,FL,,,dd.a
,g.a,cabcbcab.a,EV,,EV,NgbeQX,,,badjhaf.a,dadjh.a,,,GA,bd.a,Georgia,de.a
,d.a,,MQ,cadji.a,MQ,NgegMQ,cicc.a,bbcji.a,bbcjiad.a,dabje.a,,Dallas/FortWorthTX,TX,ei.a,,he.a
cg.a,d.a,cabcbccg.a,WN,,WN,NdbhWN,didg.a,,bcijcad.a,,LAX,LosAngelesCA,CA,g.a,California,jb.a
d.a,,cabcbcad.a,DL,,,NgbfDL,,,bejaiad.a,dcfhf.a,SNA,SantaAnaCA,CA,,,jb.a
,c.a,cabcbcbb.a,EV,cadgg.a,EV,Nbdjff,,bccgg.a,bccggad.a,dbefd.a,,HoustonTX,TX,ei.a,,he.a
,h.a,cabcbcbg.a,EV,cadgg.a,,NjciEV,,bdchh.a,,ddchh.a,MGM,MontgomeryAL,,b.a,Alabama,fb.a
bd.a,,cabcbcbd.a,AA,,AA,NddjAA,,,bcijcad.a,dcfhf.a,LAX,LosAngelesCA,CA,,,jb.a
ca.a,,cabcbcca.a,DL,bjhja.a,,,,badjh.a,,,ATL,,GA,,,de.a
ci.a,f.a,cabcbcci.a,,,,NidfVA,ibg.a,behhb.a,behhbab.a,,SFO,SanFranciscoCA,CA,g.a,California,
ce.a,,cabcbcce.a,DL,bjhja.a,,,,begdf.a,,,RSW,,FL,,,
,c.a,,MQ,cadji.a,,,eagi.a,bdjda.a,,dajhh.a,ORD,,IL,bh.a,Illinois,
cd.a,h.a,cabcbccd.a,WN,,,,ibd.a,beidb.a,,,SJC,SanJoseCA,CA,g.a,California,
e.a,,cabcbcae.a,DL,,DL,NdjeDA,,,bdeihac.a,dbgfa.a,,MinneapolisMN,,,,
,f.a,cabcbcah.a,,cadgg.a,EV,NhbaEV,fbda.a,bafjj.a,bafjjae.a,dafjj.a,,BirminghamAL,AL,b.a,Alabama,fb.a
cb.a,f.a,cabcbccb.a,,,,,efec.a,bfdae.a,,,TPA,TampaFL,FL,bc.a,Florida,dd.a
,h.a,,FL,,,NcidAT,bacd.a,behhb.a,behhbab.a,dcefh.a,SFO,SanFranciscoCA,CA,g.a,California,
cb.a,,cabcbccb.a,DL,bjhja.a,,,,beach.a,,,PBI,WestPalmBeach/PalmBeachFL,FL,,,
cd.a,,cabcbccd.a,DL,bjhja.a,,,,badjh.a,,,ATL,,GA,,,de.a
,b.a,,MQ,cadji.a,MQ,NiecMQ,efga.a,bbchi.a,bbchiac.a,daifc.a,,,VA,fb.a,,di.a
f.a,d.a,cabcbcaf.a,Bg,,,NfhaJB,,,beiedad.a,deibj.a,SJU,SanJuanPR,PR,hc.a,,
,c.a,,OO,cadae.a,,,ffde.a,bbjig.a,,dbjig.a,GRR,,MI,cg.a,Michigan,ed.a
f.a,,cabcbcaf.a,AA,,AA,NeXUAA,,,bdjdaac.a,dajhh.a,ORD,,IL,,,
bf.a,,cabcbcbf.a,AA,,AA,NeWLAA,,,bbcjiad.a,dabje.a,DFW,Dallas/FortWorthTX,TX,,,he.a
c.a,,cabcbcac.a,AA,,AA,NeXVAA,,,bbcjiad.a,dabje.a,DFW,Dallas/FortWorthTX,TX,,,he.a
,h.a,,MQ,,MQ,NfbcMQ,egce.a,,bagjdac.a,dagjd.a,,NashvilleTN,,eh.a,Tennessee,fe.a
da.a,,cabcbcda.a,AA,,,NdCGAA,,,beiedad.a,,SJU,SanJuanPR,PR,,,
cf.a,c.a,cabcbccf.a,WN,bjdjd.a,,,jcg.a,bcijc.a,,,LAX,LosAngelesCA,CA,g.a,California,jb.a
,d.a,,OO,,,,cgjc.a,beigj.a,,degbe.a,SLC,SaltLakeCityUT,,ej.a,,
f.a,,cabcbcaf.a,AA,,AA,NeiaAA,,,bebahac.a,daegg.a,PHX,PhoenixAZ,,,,
,b.a,,OO,cadae.a,,,gefd.a,bcijc.a,,dcfhf.a,LAX,LosAngelesCA,CA,g.a,California,jb.a
ca.a,e.a,cabcbcca.a,,bjdjd.a,,,bhga.a,bdhjg.a,,,OAK,OaklandCA,,g.a,California,
cc.a,g.a,,UA,,,,gdh.a,bejai.a,,,SNA,SantaAnaCA,CA,,,jb.a
i.a,g.a,cabcbcai.a,AS,bjjda.a,AS,NhfgAS,,bcfcd.a,bcfcdac.a,dcfcd.a,JNU,JuneauAK,AK,,,b.a
cb.a,f.a,cabcbccb.a,,bjdjd.a,,,dig.a,bbcjc.a,,,DEN,DenverCO,CO,i.a,Colorado,ic.a
,c.a,cabcbccf.a,EV,cadgg.a,,,,bceei.a,,dceei.a,JAN,Jackson/VicksburgMS,MS,ci.a,Mississippi,fd.a
bc.a,d.a,cabcbcbc.a,Bg,caeaj.a,Bg,NcbgJB,,bbchi.a,bbchiac.a,daifc.a,DCA,,VA,fb.a,,di.a
cj.a,g.a,cabcbccj.a,WN,bjdjd.a,WN,NhecSW,ddcg.a,bbcjc.a,bbcjcac.a,,DEN,DenverCO,CO,i.a,Colorado,ic.a
bc.a,d.a,,UA,,UA,NeejUA,gia.a,,bbgjhad.a,dcegh.a,FLL,FortLauderdaleFL,FL,,,dd.a
be.a,f.a,,,,OO,NeffSW,efbj.a,,bbhhfac.a,dbhhf.a,FSD,SiouxFallsSD,SD,eg.a,SouthDakota,gh.a
,h.a,,MQ,cadji.a,,,dgdd.a,bbchi.a,,daifc.a,DCA,,VA,fb.a,,di.a
bh.a,b.a,,UA,bjjhh.a,,,fhe.a,bdjda.a,,dajhh.a,ORD,,IL,,,
,b.a,,MQ,cadji.a,MQ,NghfMQ,dddh.a,babif.a,babifac.a,dabif.a,,AlexandriaLA,LA,cc.a,Louisiana,hc.a
c.a,h.a,cabcbcac.a,YV,cadhi.a,YV,NjacFJ,cieg.a,bcjfe.a,bcjfeac.a,dcfhf.a,LGB,LongBeachCA,CA,g.a,California,jb.a
,b.a,cabcbcad.a,EV,cadgg.a,EV,Nbcjfh,,bbgbi.a,bbgbiac.a,dbhad.a,,NewarkNJ,,de.a,NewJersey,cb.a
,b.a,,MQ,cadji.a,,NjbiMQ,dfdi.a,bddad.a,,dcegh.a,MIA,MiamiFL,,bc.a,Florida,dd.a
,f.a,,,,MQ,NfdeMQ,dhjd.a,,bdjdaac.a,dajhh.a,,,IL,bh.a,Illinois,
,d.a,cabcbcbc.a,EV,cadgg.a,,NjciEV,,bddgh.a,,dddgh.a,MLI,,,bh.a,Illinois,
g.a,,cabcbcag.a,AA,,AA,NdfbAA,,,bcbhdab.a,dcbde.a,HNL,HonoluluHI,HI,,,c.a
,e.a,,,cadji.a,MQ,NieaMQ,edid.a,bajja.a,bajjaac.a,dajja.a,,,VA,fb.a,,di.a
h.a,,cabcbcah.a,AA,,AA,NeXYAA,,,bbcjiad.a,dabje.a,DFW,Dallas/FortWorthTX,TX,,,he.a
,c.a,,MQ,,,,dedb.a,bfjbj.a,,dbide.a,XNA,FayettevilleAR,AR,f.a,Arkansas,hb.a
,f.a,cabcbcah.a,,cadgg.a,EV,Nbgfeg,dibe.a,bbgbi.a,bbgbiac.a,dbhad.a,,NewarkNJ,,de.a,NewJersey,cb.a
,e.a,cabcbcch.a,,cadgg.a,EV,NiegAS,faec.a,baegj.a,baegjac.a,daegj.a,,,MI,cg.a,Michigan,ed.a
bb.a,c.a,,UA,bjjhh.a,UA,Nhfeba,bajg.a,bbcji.a,bbcjiad.a,dabje.a,DFW,Dallas/FortWorthTX,TX,,,he.a
d.a,b.a,cabcbcad.a,Bg,,Bg,NffcJB,,,bcehiac.a,dbhad.a,JFK,NewYorkNY,,dg.a,NewYork,cc.a
bd.a,e.a,cabcbcbd.a,,cadhi.a,,NjchLR,cgbg.a,bbafh.a,,dbafh.a,CLT,,NC,dh.a,NorthCarolina,dg.a
cj.a,g.a,,OO,,OO,NefjSW,eehb.a,,bbjhhac.a,,GRB,GreenBayWI,WI,ff.a,,ef.a
e.a,c.a,,UA,bjjhh.a,UA,NibaUA,hic.a,babea.a,babeaac.a,dabea.a,ABQ,AlbuquerqueNM,NM,,,ig.a
,g.a,cabcbcbf.a,EV,cadgg.a,EV,Nbcjce,,bccgg.a,bccggad.a,dbefd.a,,HoustonTX,TX,ei.a,,he.a
,g.a,,MQ,cadji.a,MQ,NgidMQ,edci.a,bdjda.a,bdjdaac.a,dajhh.a,,,IL,bh.a,Illinois,
db.a,b.a,cabcbcdb.a,WN,bjdjd.a,WN,NhfaSA,biif.a,bccge.a,bccgeac.a,,IAD,,VA,fb.a,,di.a
bh.a,,cabcbcbh.a,DL,bjhja.a,,,,badjh.a,,dadjh.a,ATL,,GA,,,de.a
da.a,h.a,,UA,bjjhh.a,UA,Nhgfbf,bffe.a,bdjda.a,bdjdaac.a,,ORD,,IL,,,
bh.a,b.a,,UA,bjjhh.a,,,eb.a,bccge.a,,daifc.a,IAD,,VA,,,di.a
ca.a,e.a,cabcbcca.a,,cadhi.a,,,chai.a,bagjd.a,,,BNA,NashvilleTN,,eh.a,Tennessee,fe.a
,b.a,,MQ,cadji.a,MQ,NgfiMQ,chad.a,bbjaf.a,bbjafac.a,dbjaf.a,,LongviewTX,TX,ei.a,,he.a
,c.a,,FL,caedh.a,,,ddb.a,bcddj.a,,dcddh.a,IND,,IN,bi.a,Indiana,ec.a
,e.a,,,,MQ,NgciMQ,echa.a,,bdjdaac.a,dajhh.a,,,IL,bh.a,Illinois,
bf.a,,cabcbbbf.a,AA,,AA,NeWTAA,,,bdjdaac.a,dajhh.a,ORD,,IL,,,
b.a,g.a,,UA,,UA,Ndgcah,bbhh.a,,baicbad.a,daifc.a,BWI,,MD,,,df.a
,c.a,cabcbcae.a,EV,cadgg.a,EV,NicgAS,,bcjfd.a,bcjfdac.a,dbhad.a,,NewYorkNY,,dg.a,NewYork,cc.a
bf.a,,cabcbcbf.a,AA,,AA,NdDPAA,,,bddadad.a,dcegh.a,MIA,MiamiFL,,,,dd.a
,f.a,,,cadji.a,MQ,NicaMQ,debf.a,bddhh.a,bddhhac.a,dddhh.a,,MonroeLA,,cc.a,Louisiana,
ba.a,b.a,cabcbcba.a,Bg,caeaj.a,Bg,NhaiJB,,bcehi.a,bcehiac.a,dbhad.a,JFK,NewYorkNY,,dg.a,NewYork,cc.a
bj.a,d.a,cabcbcbj.a,WN,,,,cgjg.a,behhb.a,,,SFO,SanFranciscoCA,CA,g.a,California,
,c.a,,MQ,cadji.a,MQ,NgjiMQ,ddhc.a,bbcji.a,bbcjiad.a,dabje.a,,Dallas/FortWorthTX,TX,ei.a,,he.a
be.a,,cabcbcbe.a,DL,bjhja.a,,NhheNC,,behda.a,behdaad.a,ddaee.a,SDF,LouisvilleKY,,,,
,d.a,,OO,cadae.a,,,gddh.a,bbcjc.a,,dadcf.a,DEN,DenverCO,CO,i.a,Colorado,ic.a
,e.a,,,,OO,NedfSW,cgcc.a,,bdehgac.a,dejcc.a,MRY,MontereyCA,,g.a,California,
b.a,,cabcbcab.a,AA,,AA,NfFJAA,,,bddadad.a,dcegh.a,MIA,MiamiFL,,,,dd.a
ba.a,b.a,cabcbcba.a,WN,,,NhbbHK,ggi.a,bfdha.a,bfdhaac.a,degfd.a,TUL,TulsaOK,OK,ea.a,Oklahoma,hd.a
,c.a,,OO,cadae.a,,,cjhe.a,bebah.a,,daegg.a,PHX,PhoenixAZ,,e.a,Arizona,
,h.a,,MQ,,,,debj.a,bfcej.a,,dfcej.a,TLH,TallahasseeFL,FL,bc.a,Florida,dd.a
,c.a,cabcbcae.a,EV,cadgg.a,EV,Nbffhc,,bdjda.a,bdjdaac.a,dajhh.a,,,IL,bh.a,Illinois,
bj.a,d.a,cabcbcbj.a,WN,bjdjd.a,,,dhej.a,bciij.a,,,LAS,LasVegasNV,NV,dc.a,Nevada,if.a
,h.a,,FL,caedh.a,,NjjbAT,chd.a,bbchi.a,,daifc.a,DCA,,VA,fb.a,,di.a
cg.a,d.a,cabcbccg.a,UA,bjjhh.a,UA,Nhhfba,baid.a,bcijc.a,bcijcad.a,,LAX,LosAngelesCA,CA,,,jb.a
,b.a,,OO,cadae.a,,,gcdc.a,bdehg.a,,dejcc.a,MRY,MontereyCA,,g.a,California,
da.a,,cabcbcda.a,DL,,,NdheDA,,,beigjad.a,,SLC,SaltLakeCityUT,,,,
bb.a,c.a,cabcbcbb.a,WN,bjdjd.a,WN,NcdhWN,jee.a,badjh.a,badjhaf.a,dadjh.a,ATL,,GA,bd.a,Georgia,de.a
,f.a,,,,MQ,NfafMQ,dijd.a,,bdjdaac.a,dajhh.a,,,IL,bh.a,Illinois,
,c.a,,MQ,,,,ebgi.a,bfaei.a,,dfaei.a,SUX,SiouxCityIA,IA,bj.a,Iowa,gb.a
,f.a,,,cadae.a,,NcbgAG,deja.a,beheh.a,behehad.a,daffj.a,SEA,SeattleWA,WA,fd.a,,
,d.a,,OO,cadae.a,,,egaf.a,bdcee.a,,ddcee.a,MEM,MemphisTN,,eh.a,Tennessee,fe.a
,f.a,,,cadae.a,,,fedf.a,becfc.a,,decfc.a,PSC,Pasco/Kennewick/RichlandWA,,fd.a,,
,d.a,,FL,caedh.a,,NjicAT,cjg.a,bbgjh.a,,dcegh.a,FLL,FortLauderdaleFL,FL,bc.a,Florida,dd.a
ci.a,,cabcbcci.a,DL,bjhja.a,DL,NhigNC,,bdjda.a,bdjdaac.a,,,,IL,,,
,,,HA,,HA,NeifHA,cje.a,,bcjicac.a,dcjic.a,,LihueHI,HI,bf.a,Hawaii,c.a
cb.a,f.a,cabcbccb.a,,,,,bahi.a,beied.a,,,SJU,SanJuanPR,PR,hc.a,,
i.a,,cabcbcai.a,AA,,,NfehAA,,,bfdaeac.a,ddbjf.a,TPA,TampaFL,FL,,,dd.a
bh.a,,cabcbcbh.a,DL,bjhja.a,,,,bbbjd.a,,ddbaf.a,CVG,CincinnatiOH,KY,,,fc.a
c.a,,cabcbcac.a,AA,,AA,NdHLAA,,,bbcjiad.a,dabje.a,DFW,Dallas/FortWorthTX,TX,,,he.a
ce.a,b.a,cabcbcce.a,YV,cadhi.a,,,cgei.a,bbafh.a,,,CLT,,NC,dh.a,NorthCarolina,dg.a
,d.a,,OO,cadae.a,OO,NgijCA,ehbg.a,bbcji.a,bbcjiad.a,dabje.a,DFW,Dallas/FortWorthTX,TX,ei.a,,he.a
,h.a,,MQ,,,NgbeMQ,edhe.a,,bfaeiad.a,dfaei.a,SUX,SiouxCityIA,IA,bj.a,Iowa,gb.a
bh.a,b.a,cabcbcbh.a,US,cadff.a,,,bbfe.a,bbcji.a,,dabje.a,DFW,Dallas/FortWorthTX,TX,ei.a,,he.a
bd.a,e.a,cabcbcbd.a,,cadff.a,US,NhgcUS,bgfa.a,bdcae.a,bdcaeac.a,dbefe.a,MCO,OrlandoFL,,bc.a,Florida,dd.a
,b.a,,OO,cadae.a,,,fdci.a,bbcjc.a,,dadcf.a,DEN,DenverCO,CO,i.a,Colorado,ic.a
,h.a,,OO,cadae.a,,NjajSW,fgaj.a,bbcjc.a,,dadcf.a,DEN,DenverCO,CO,i.a,Colorado,ic.a
cg.a,,cabcbccg.a,DL,,DL,NdhfaD,,,bciijad.a,,,LasVegasNV,NV,,,if.a
,e.a,,,,MQ,NgaiMQ,dcgf.a,,bcbjbac.a,dbefd.a,,HoustonTX,TX,ei.a,,he.a
,h.a,,OO,,,,eeic.a,beigj.a,,degbe.a,SLC,SaltLakeCityUT,,ej.a,,
,h.a,,MQ,cadji.a,,NjEAMQ,efhj.a,bcjfd.a,,dbhad.a,LGA,NewYorkNY,,dg.a,NewYork,cc.a
,b.a,,OO,cadae.a,OO,NiajSK,egcb.a,bbafh.a,bbafhad.a,dbafh.a,CLT,,NC,dh.a,NorthCarolina,dg.a
,h.a,cabcbcac.a,EV,cadgg.a,EV,Nbdbbi,,bbgbi.a,bbgbiac.a,dbhad.a,,NewarkNJ,,de.a,NewJersey,cb.a
da.a,h.a,,UA,bjjhh.a,UA,Nhfecg,bae.a,bbaec.a,bbaecac.a,,CLE,,OH,,,ee.a
,c.a,cabcbcbb.a,EV,cadgg.a,EV,Nbejaf,,bdacj.a,bdacjac.a,ddacj.a,,LincolnNE,NE,db.a,Nebraska,gf.a
be.a,,cabcbcbe.a,DL,bjhja.a,DL,NgfcDL,,badjh.a,badjhaf.a,dadjh.a,,,GA,,,de.a
,c.a,,MQ,,,NgeiMQ,ddja.a,beibe.a,beibeac.a,daehg.a,SHV,ShreveportLA,LA,cc.a,Louisiana,
cc.a,,cabcbccc.a,AA,bjiaf.a,,,,bebah.a,,,PHX,PhoenixAZ,,,,
,b.a,cabcbcad.a,EV,cadgg.a,EV,NjacEV,,bdeif.a,bdeifac.a,ddeif.a,,MadisonWI,,ff.a,,
,e.a,,,cadji.a,MQ,NgiaMQ,dfdh.a,bddad.a,bddadad.a,dcegh.a,,MiamiFL,,bc.a,Florida,dd.a
ch.a,,cabcbcch.a,AA,,,NfDLAA,,,bfabgad.a,,STL,St.LouisMO,MO,,,ge.a
,b.a,cabcbcdb.a,EV,cadgg.a,EV,Nbefha,,bdjda.a,bdjdaac.a,dajhh.a,,,IL,bh.a,Illinois,
bd.a,e.a,cabcbcbd.a,,,US,NgceAW,ib.a,,bebahac.a,daegg.a,PHX,PhoenixAZ,,e.a,Arizona,
bi.a,c.a,cabcbcbi.a,US,cadff.a,,,fh.a,bdijb.a,,,ONT,OntarioCA,,g.a,California,
be.a,,cabcbcbe.a,DL,bjhja.a,,NjheDL,,bbbjd.a,,ddbaf.a,CVG,CincinnatiOH,KY,,,fc.a
b.a,,cabcbcab.a,DL,,DL,NdgaNW,,,bbjigad.a,dbjig.a,,,MI,,,ed.a
bd.a,e.a,cabcbcbd.a,,cadff.a,US,NiddAW,cia.a,bahcb.a,bahcbac.a,dahcb.a,BOS,BostonMA,MA,cf.a,Massachusetts,bd.a
,,,HA,,HA,NehgHA,bcc.a,,bcbhdab.a,dcbde.a,,HonoluluHI,HI,bf.a,Hawaii,c.a
,d.a,,FL,caedh.a,,NjdcAT,fih.a,bdcae.a,,dbefe.a,MCO,OrlandoFL,,bc.a,Florida,dd.a
ci.a,,cabcbcci.a,DL,,DL,NdheiY,,,bdeihac.a,,,MinneapolisMN,,,,
bf.a,g.a,cabcbcbf.a,WN,,WN,NefiWN,bjee.a,,bdcdcac.a,dajhh.a,MDW,,IL,bh.a,Illinois,eb.a
,b.a,,MQ,cadji.a,MQ,NgjaMQ,djag.a,bdjda.a,bdjdaac.a,dajhh.a,,,IL,bh.a,Illinois,
cb.a,f.a,cabcbccb.a,,cadff.a,,,bhbj.a,bbafh.a,,,CLT,,NC,dh.a,NorthCarolina,dg.a
bj.a,d.a,,UA,bjjhh.a,,,caa.a,bcabg.a,,,GUM,GuamTT,TT,,,f.a
bf.a,,cabcbcbf.a,AA,,AA,NdDJAA,,,bahcbac.a,dahcb.a,BOS,BostonMA,MA,,,bd.a
bb.a,c.a,,UA,,UA,NeifUA,cec.a,,bcijcad.a,dcfhf.a,LAX,LosAngelesCA,CA,,,jb.a
bg.a,,cabcbcbg.a,DL,bjhja.a,,,,bahjc.a,,dahjc.a,BUF,BuffaloNY,NY,,,cc.a
,h.a,cabcbcda.a,EV,cadgg.a,EV,Nbbbhg,,bbgbi.a,bbgbiac.a,dbhad.a,,NewarkNJ,,de.a,NewJersey,cb.a
ch.a,,cabcbcch.a,DL,,DL,NdhfNC,,,bcijcad.a,,,LosAngelesCA,CA,,,jb.a
,e.a,,,cadae.a,,,fbjc.a,bbagg.a,,dbagg.a,CMH,,OH,dj.a,Ohio,ee.a
,c.a,cabcbcbi.a,EV,cadgg.a,,,,bbgbi.a,,dbhad.a,EWR,NewarkNJ,,de.a,NewJersey,cb.a
,b.a,,MQ,cadji.a,MQ,NiedMQ,chia.a,bbcji.a,bbcjiad.a,dabje.a,,Dallas/FortWorthTX,TX,ei.a,,he.a
b.a,g.a,cabcbcab.a,US,cadff.a,US,NiabAW,gfc.a,bdbji.a,bdbjiab.a,ddbji.a,MCI,KansasCityMO,MO,cj.a,Missouri,ge.a
bj.a,d.a,cabcbcbj.a,Bg,,,,,bejig.a,,,SRQ,Sarasota/BradentonFL,FL,bc.a,Florida,dd.a
bh.a,b.a,cabcbcbh.a,WN,bjdjd.a,,,fcb.a,bcefb.a,,dbbdg.a,JAX,JacksonvilleFL,FL,bc.a,Florida,dd.a
cd.a,h.a,cabcbccd.a,US,cadff.a,,,cic.a,bebah.a,,,PHX,PhoenixAZ,,e.a,Arizona,
cj.a,,cabcbccj.a,AA,,,NdGNAA,,,behehad.a,,SEA,SeattleWA,WA,,,
,b.a,cabcbcdb.a,EV,cadgg.a,EV,Nbcfgh,,bbhhf.a,bbhhfac.a,dbhhf.a,,SiouxFallsSD,SD,eg.a,SouthDakota,gh.a
bg.a,h.a,cabcbcbg.a,US,cadff.a,US,NggfAW,eii.a,bebah.a,bebahac.a,daegg.a,PHX,PhoenixAZ,,e.a,Arizona,
c.a,h.a,cabcbcac.a,WN,,,NhcjSW,dcga.a,bfdae.a,bfdaeac.a,ddbjf.a,TPA,TampaFL,FL,bc.a,Florida,dd.a
h.a,,cabcbcah.a,AA,,AA,NdfjAA,,,bcbhdab.a,dcbde.a,HNL,HonoluluHI,HI,,,c.a
cf.a,c.a,cabcbccf.a,WN,bjdjd.a,,,cdhi.a,baecd.a,,,AUS,AustinTX,TX,ei.a,,he.a
,h.a,cabcbcbg.a,EV,,,Ndgjbf,,,befceab.a,defce.a,RIC,,,fb.a,,
,g.a,,OO,cadae.a,,,fbha.a,bccgg.a,,dbefd.a,IAH,HoustonTX,TX,ei.a,,he.a
f.a,d.a,cabcbcaf.a,WN,,WN,NeiaWN,bba.a,,bbaecac.a,dageh.a,CLE,,OH,dj.a,Ohio,ee.a
,d.a,cabcbccg.a,EV,cadgg.a,EV,Nbejji,,bdjda.a,bdjdaac.a,dajhh.a,,,IL,bh.a,Illinois,
be.a,,cabcbcbe.a,DL,bjhja.a,,NjegDL,,badjh.a,,dadjh.a,ATL,,GA,,,de.a
,f.a,cabcbcbe.a,,,EV,NgbfQX,ejdd.a,,badjhaf.a,dadjh.a,,,GA,bd.a,Georgia,de.a
,h.a,,OO,cadae.a,OO,NcdeSW,gcgi.a,bbgdi.a,bbgdiae.a,dbgdi.a,FAT,FresnoCA,CA,g.a,California,jb.a
cc.a,g.a,,UA,bjjhh.a,,,bcaa.a,bccgg.a,,,IAH,HoustonTX,TX,,,he.a
ch.a,e.a,cabcbcch.a,,bjdjd.a,,NjejWN,eeic.a,bdcdc.a,,,MDW,,IL,bh.a,Illinois,eb.a
cg.a,d.a,,UA,,,Nbghdc,bgjb.a,bejai.a,bejaiad.a,,SNA,SantaAnaCA,CA,,,jb.a
cg.a,d.a,cabcbccg.a,WN,bjdjd.a,WN,NgjeSW,effc.a,baicb.a,baicbad.a,,BWI,,MD,ce.a,Maryland,df.a
,h.a,,OO,,OO,NebgSW,efef.a,,bddghad.a,dddgh.a,MLI,,,bh.a,Illinois,
e.a,c.a,,UA,,,Ndfeah,bcbf.a,,behhbab.a,dcefh.a,SFO,SanFranciscoCA,CA,,,
f.a,,cabcbcaf.a,DL,bjhja.a,DL,NhbaTW,,bcehi.a,bcehiac.a,dbhad.a,,NewYorkNY,,,,cc.a
bf.a,g.a,cabcbcbf.a,WN,bjdjd.a,WN,NcejWN,ddda.a,beafh.a,beafhac.a,deafh.a,PDX,PortlandOR,,eb.a,Oregon,
ba.a,b.a,cabcbcba.a,YV,cadhi.a,,NjecLR,cidd.a,bebah.a,,daegg.a,PHX,PhoenixAZ,,e.a,Arizona,
db.a,,cabcbcdb.a,AA,,AA,NdhhAA,,,bddadad.a,,MIA,MiamiFL,,,,dd.a
ce.a,b.a,cabcbcce.a,WN,bjdjd.a,,,behc.a,baicb.a,,,BWI,,MD,ce.a,Maryland,df.a
,c.a,,MQ,cadji.a,MQ,NgeiMQ,dcai.a,bbcji.a,bbcjiad.a,dabje.a,,Dallas/FortWorthTX,TX,ei.a,,he.a
cj.a,,cabcbccj.a,AA,,,NfDDAA,,,beiedad.a,,SJU,SanJuanPR,PR,,,
ch.a,,cabcbcch.a,AA,,AA,NdDJAA,,,bdjdaac.a,,ORD,,IL,,,
bc.a,d.a,cabcbcbc.a,WN,,WN,NdcgSW,iie.a,,bebccac.a,dabji.a,PIT,PittsburghPA,,ec.a,Pennsylvania,
bi.a,,cabcbcbi.a,WN,bjdjd.a,,,bcgh.a,bdcdc.a,,,MDW,,IL,bh.a,Illinois,eb.a
,c.a,cabcbccf.a,EV,cadgg.a,,,,bccgg.a,,dbefd.a,IAH,HoustonTX,TX,ei.a,,he.a
,c.a,,MQ,cadji.a,,,egeg.a,bcjfd.a,,dbhad.a,LGA,NewYorkNY,,dg.a,NewYork,cc.a
cb.a,f.a,,,bjjhh.a,,,dfc.a,bccge.a,,,IAD,,VA,fb.a,,di.a
da.a,,cabcbcda.a,AA,,,NeheAA,,,bfdaeac.a,,TPA,TampaFL,FL,,,dd.a
,b.a,,MQ,cadji.a,MQ,NicdMQ,chda.a,bceei.a,bceeiad.a,dceei.a,,Jackson/VicksburgMS,MS,ci.a,Mississippi,fd.a
h.a,,cabcbcah.a,DL,bjhja.a,,NjcgDH,,bddec.a,,dddec.a,MKE,MilwaukeeWI,,ff.a,,ef.a
,c.a,,OO,,,NdaiSW,hhhj.a,,befedac.a,defed.a,RKS,RockSpringsWY,,fg.a,,
,e.a,cabcbcch.a,,cadgg.a,EV,Nbbbag,fjgd.a,bbcjc.a,bbcjcac.a,dadcf.a,,DenverCO,CO,i.a,Colorado,ic.a
cb.a,,cabcbccb.a,WN,bjdjd.a,,,ciaj.a,bebah.a,,,PHX,PhoenixAZ,,e.a,Arizona,
,d.a,cabcbcbc.a,EV,,,Ncdbdj,,bfdha.a,bfdhaac.a,degfd.a,TUL,TulsaOK,OK,ea.a,Oklahoma,hd.a
cd.a,,cabcbccd.a,DL,bjhja.a,,,,bbchi.a,,,DCA,,VA,fb.a,,di.a
,f.a,,,,,NfgbSW,feeb.a,,behhbab.a,dcefh.a,SFO,SanFranciscoCA,CA,g.a,California,
,g.a,,OO,cadae.a,OO,NiagSK,egbb.a,bcijc.a,bcijcad.a,dcfhf.a,,LosAngelesCA,CA,g.a,California,jb.a
,e.a,cabcbcbd.a,,cadgg.a,EV,Nbcjce,egia.a,bcjfb.a,bcjfbac.a,dcjfb.a,,LafayetteLA,LA,cc.a,Louisiana,hc.a
,c.a,,OO,cadae.a,,,ffdb.a,bbcjc.a,,dadcf.a,DEN,DenverCO,CO,i.a,Colorado,ic.a
cj.a,g.a,,UA,,,Ncdhah,bbch.a,behhb.a,behhbab.a,,SFO,SanFranciscoCA,CA,,,
cg.a,d.a,,UA,,UA,Ndiead,bchf.a,,beafhac.a,,PDX,PortlandOR,,,,
be.a,f.a,cabcbcbe.a,,cadhi.a,,NjdbLR,ciae.a,bebah.a,,daegg.a,PHX,PhoenixAZ,,e.a,Arizona,
h.a,f.a,cabcbcah.a,,cadff.a,US,NhadUW,bhgc.a,bbchi.a,bbchiac.a,daifc.a,DCA,,VA,fb.a,,di.a
,f.a,,,cadae.a,OO,NchbYV,fdbf.a,bbcjc.a,bbcjcac.a,dadcf.a,,DenverCO,CO,i.a,Colorado,ic.a
j.a,,cabcbcaj.a,DL,bjhja.a,,NjecDL,,bbcfc.a,,dbcfc.a,DAB,DaytonaBeachFL,FL,,,dd.a
bc.a,d.a,cabcbcbc.a,WN,,,NejdWN,bcfc.a,,begidad.a,ddcbe.a,SAT,SanAntonioTX,,ei.a,,
,c.a,,MQ,cadji.a,,NjccMQ,eaji.a,bbcad.a,,daece.a,CWA,MosineeWI,,ff.a,,ef.a
ba.a,,cabcbcba.a,AA,,,NdDJAA,,,beiedad.a,deibj.a,SJU,SanJuanPR,PR,,,
bi.a,c.a,cabcbcbi.a,WN,,,,bhhe.a,bfdae.a,,,TPA,TampaFL,FL,bc.a,Florida,dd.a
ci.a,f.a,cabcbcci.a,,,US,NfgeUW,bfdf.a,,bahcbac.a,,BOS,BostonMA,MA,cf.a,Massachusetts,bd.a
g.a,e.a,cabcbcag.a,,bjdjd.a,,NjfhWN,hgf.a,baicb.a,,daifc.a,BWI,,MD,ce.a,Maryland,df.a
ce.a,,cabcbcce.a,AA,,,,,bfabg.a,,,STL,St.LouisMO,MO,,,ge.a
ci.a,,cabcbcci.a,WN,bjdjd.a,,NjejWN,ddee.a,bciij.a,,,LAS,LasVegasNV,NV,dc.a,Nevada,if.a
,h.a,cabcbcda.a,EV,cadgg.a,EV,NiefAS,,badjh.a,badjhaf.a,dadjh.a,,,GA,bd.a,Georgia,de.a
cc.a,,cabcbccc.a,AS,,,,,bejai.a,,,SNA,SantaAnaCA,CA,,,jb.a
db.a,,cabcbcdb.a,DL,bjhja.a,,NjhjDL,,badjh.a,,dadjh.a,ATL,,GA,bd.a,Georgia,de.a
,d.a,,MQ,,MQ,NfbjMQ,dgfe.a,,bcijcad.a,dcfhf.a,,LosAngelesCA,CA,g.a,California,jb.a
cd.a,,cabcbccd.a,WN,bjdjd.a,,,bhgc.a,bdbji.a,,,MCI,KansasCityMO,MO,cj.a,Missouri,ge.a
ce.a,,cabcbcce.a,DL,bjhja.a,,,,bbedd.a,,,DTW,,MI,cg.a,Michigan,ed.a
,b.a,,OO,cadae.a,,NcbhAG,deic.a,beheh.a,behehad.a,daffj.a,SEA,SeattleWA,WA,fd.a,,
,e.a,cabcbcag.a,,cadgg.a,EV,NidgAS,fhah.a,bccge.a,bccgeac.a,daifc.a,,,VA,fb.a,,di.a
bd.a,e.a,cabcbcbd.a,,bjdjd.a,WN,NcihWN,gie.a,bciij.a,bciijad.a,dccbb.a,LAS,LasVegasNV,NV,dc.a,Nevada,if.a
g.a,e.a,cabcbcag.a,,bjdjd.a,WN,NhhbeB,iae.a,bciij.a,bciijad.a,dccbb.a,LAS,LasVegasNV,NV,dc.a,Nevada,if.a
cd.a,,cabcbccd.a,AA,bjiaf.a,,,,bdjda.a,,,ORD,,IL,,,
,d.a,cabcbccg.a,EV,cadgg.a,EV,Nbcbec,,bdfac.a,bdfacac.a,ddfac.a,,Montrose/DeltaCO,,i.a,Colorado,
,f.a,cabcbcci.a,,cadgg.a,EV,Nbefgi,eajc.a,bbgbi.a,bbgbiac.a,dbhad.a,,NewarkNJ,,de.a,NewJersey,cb.a
,b.a,cabcbcba.a,EV,cadgg.a,EV,Nbcfci,,bccgg.a,bccggad.a,dbefd.a,,HoustonTX,TX,ei.a,,he.a
,g.a,,MQ,cadji.a,MQ,NgibMQ,ebbb.a,bdjda.a,bdjdaac.a,dajhh.a,,,IL,bh.a,Illinois,
bi.a,c.a,cabcbcbi.a,WN,bjdjd.a,,,dgfd.a,bahcb.a,,dahcb.a,BOS,BostonMA,MA,cf.a,Massachusetts,bd.a
db.a,,cabcbcdb.a,DL,,,NdceNB,,,bejaiad.a,dcfhf.a,SNA,SantaAnaCA,CA,,,jb.a
,b.a,,FL,caedh.a,,NjiiAT,dji.a,bdcae.a,,dbefe.a,MCO,OrlandoFL,,bc.a,Florida,dd.a
i.a,g.a,cabcbcai.a,WN,bjdjd.a,,NjgcWN,cbgh.a,beghj.a,,ddfha.a,SAN,SanDiegoCA,,g.a,California,
ci.a,f.a,cabcbcci.a,,bjdjd.a,,NhedSW,ehi.a,beheh.a,behehad.a,,SEA,SeattleWA,WA,fd.a,,
,g.a,cabcbcbf.a,EV,cadgg.a,EV,Nbefhd,,bdcjg.a,bdcjgae.a,dahcb.a,,ManchesterNH,,dd.a,NewHampshire,be.a
bg.a,h.a,cabcbcbg.a,WN,bjdjd.a,WN,NcadWN,bhff.a,bedah.a,bedahac.a,dahcb.a,PVD,ProvidenceRI,,ee.a,RhodeIsland,
,f.a,,,,,NfagCA,cjda.a,,begjiac.a,decdg.a,SBP,SanLuisObispoCA,CA,g.a,California,
,,,HA,,HA,NeibHA,cag.a,,bcbhdab.a,dcbde.a,,HonoluluHI,HI,bf.a,Hawaii,c.a
,b.a,,MQ,cadji.a,MQ,NiejMQ,eace.a,bdjda.a,bdjdaac.a,dajhh.a,,,IL,bh.a,Illinois,
,h.a,,OO,cadae.a,,,fgbb.a,begid.a,,ddcbe.a,SAT,SanAntonioTX,,ei.a,,
bb.a,,cabcbcbb.a,AA,,AA,NdHKAA,,,bddadad.a,dcegh.a,MIA,,,,,dd.a
cd.a,,cabcbccd.a,DL,bjhja.a,,,,badjh.a,,,ATL,,GA,bd.a,Georgia,de.a
cd.a,h.a,cabcbccd.a,UA,bjjhh.a,,,ggb.a,bdcae.a,,,MCO,,,,,dd.a
cg.a,,cabcbccg.a,AA,,AA,NeWLAA,,,bbcjiad.a,,DFW,Dallas/FortWorthTX,TX,,,he.a
,d.a,,MQ,cadji.a,MQ,NhbgMQ,dcga.a,bbcji.a,bbcjiad.a,dabje.a,,Dallas/FortWorthTX,TX,ei.a,,he.a
,d.a,,MQ,cadji.a,,,cjed.a,bbcji.a,,dabje.a,DFW,Dallas/FortWorthTX,TX,ei.a,,he.a
g.a,,cabcbcag.a,AA,,AA,NdEGAA,,,bbcjiad.a,dabje.a,DFW,Dallas/FortWorthTX,TX,,,he.a
bc.a,d.a,cabcbcbc.a,WN,bjdjd.a,,NjejWN,badg.a,befha.a,,defha.a,RNO,RenoNV,,dc.a,Nevada,
ci.a,f.a,,,,,NfgfUA,dbc.a,,bfdaeac.a,,TPA,TampaFL,FL,,,dd.a
bh.a,,cabcbcbh.a,AA,,,,,bejai.a,,dcfhf.a,SNA,SantaAnaCA,CA,,,jb.a
d.a,,cabcbcad.a,DL,,,Ndhfc,,,beijdac.a,ddbjc.a,SMF,SacramentoCA,,,,
bb.a,,cabcbcbb.a,DL,,DL,NdceUS,,,bbeddac.a,dbcjf.a,,,MI,,,ed.a
ch.a,e.a,cabcbcch.a,,,,NebbUA,gja.a,,behhbab.a,,SFO,SanFranciscoCA,CA,,,
bh.a,b.a,cabcbcbh.a,AS,bjjda.a,,,,bbgda.a,,dbfbh.a,FAI,FairbanksAK,AK,,,b.a
ce.a,b.a,cabcbcce.a,Bg,,,,,beied.a,,,SJU,SanJuanPR,PR,hc.a,,
,c.a,,MQ,,,NicdMQ,chbb.a,beibe.a,beibeac.a,daehg.a,SHV,ShreveportLA,LA,cc.a,Louisiana,
,b.a,cabcbcad.a,EV,cadgg.a,EV,NihhAS,,bccge.a,bccgeac.a,daifc.a,,,VA,fb.a,,di.a
c.a,,cabcbcac.a,AA,,AA,NeicAA,,,bdbjiab.a,ddbji.a,MCI,KansasCityMO,MO,,,ge.a
g.a,e.a,cabcbcag.a,,bjdjd.a,,NjbiWN,bje.a,bbcjc.a,,dadcf.a,DEN,DenverCO,CO,i.a,Colorado,ic.a
,g.a,cabcbcbf.a,EV,cadgg.a,EV,Nbejah,,bdacj.a,bdacjac.a,ddacj.a,,LincolnNE,NE,db.a,Nebraska,gf.a
da.a,,cabcbcda.a,AA,,,NeXWAA,,,beghjad.a,,SAN,SanDiegoCA,,,,
i.a,,cabcbcai.a,AA,,AA,NfcgAA,,,baicbad.a,daifc.a,BWI,,MD,,,df.a
,c.a,cabcbcae.a,EV,cadgg.a,,NjagEV,,bdcee.a,,ddcee.a,MEM,MemphisTN,,eh.a,Tennessee,fe.a
cg.a,d.a,cabcbccg.a,US,cadff.a,US,NgeiAW,cfe.a,bebah.a,bebahac.a,,PHX,PhoenixAZ,,e.a,Arizona,
,h.a,cabcbccd.a,EV,cadgg.a,,,,bajje.a,,dajje.a,CHS,,SC,ef.a,SouthCarolina,dh.a
f.a,,cabcbcaf.a,AA,,AA,NdBKAA,,,bcijcad.a,dcfhf.a,LAX,LosAngelesCA,CA,,,jb.a
d.a,b.a,cabcbcad.a,WN,,WN,NedcWN,cgb.a,,bdcdcac.a,dajhh.a,MDW,,IL,bh.a,Illinois,eb.a
,c.a,cabcbcbi.a,EV,cadgg.a,,,,bacfh.a,,dacfh.a,ALB,AlbanyNY,NY,dg.a,NewYork,cc.a
c.a,,cabcbcac.a,AA,,AA,NfggAA,,,bbcjiad.a,dabje.a,DFW,Dallas/FortWorthTX,TX,,,he.a
cc.a,,cabcbccc.a,AA,,,,,bfabg.a,,,STL,St.LouisMO,MO,,,ge.a
,d.a,,MQ,,MQ,NfbiMQ,dhba.a,,bdjdaac.a,dajhh.a,,,IL,bh.a,Illinois,
be.a,,cabcbcbe.a,DL,,,NjcjDL,,bfgce.a,,dbfae.a,VPS,ValparaisoFL,FL,,,dd.a
,f.a,,,cadae.a,OO,NcjcSW,fedj.a,bbgad.a,bbgadac.a,dbgad.a,,EugeneOR,OR,eb.a,Oregon,jc.a
db.a,,cabcbcdb.a,AA,,AA,NdEMAA,,,bddadad.a,dcegh.a,MIA,MiamiFL,,,,dd.a
,c.a,cabcbccf.a,EV,cadgg.a,,,,bedcb.a,,dedcb.a,PWM,PortlandME,,cd.a,Maine,
,e.a,,,cadae.a,,,ehdj.a,bcijc.a,,dcfhf.a,LAX,LosAngelesCA,CA,g.a,California,jb.a
b.a,g.a,cabcbcab.a,AS,,,NdcaAS,,,behehad.a,daffj.a,SEA,SeattleWA,WA,,,
cd.a,,cabcbccd.a,DL,bjhja.a,,,,badjh.a,,,ATL,,GA,,,de.a
,b.a,,MQ,cadji.a,MQ,NgfgMQ,djif.a,bcehi.a,bcehiac.a,dbhad.a,,NewYorkNY,,dg.a,NewYork,cc.a
,b.a,,MQ,cadji.a,,,edbe.a,bebcc.a,,dabji.a,PIT,PittsburghPA,,ec.a,Pennsylvania,
e.a,c.a,cabcbcae.a,WN,,WN,NejbWN,daa.a,,baicbad.a,daifc.a,BWI,,MD,ce.a,Maryland,df.a
,h.a,cabcbcaj.a,EV,,,Nbdjej,,bfebc.a,bfebcac.a,dfebc.a,TYS,KnoxvilleTN,TN,eh.a,Tennessee,fe.a
ba.a,b.a,cabcbcba.a,YV,cadhi.a,,NjbeFJ,chgd.a,becgc.a,,decgc.a,PSP,PalmSpringsCA,,g.a,California,
,g.a,,MQ,,MQ,NgagMQ,djge.a,,baicbad.a,daifc.a,,,MD,ce.a,Maryland,df.a
be.a,f.a,cabcbcbe.a,,cadff.a,,NghjAW,ha.a,beheh.a,behehad.a,daffj.a,SEA,SeattleWA,WA,fd.a,,
,h.a,,MQ,,MQ,NfciMQ,dhgf.a,,bbcjcac.a,dadcf.a,,DenverCO,CO,i.a,Colorado,ic.a
,c.a,cabcbcae.a,EV,cadgg.a,EV,Nbbbhg,,bdifb.a,bdifbad.a,ddifb.a,,OklahomaCityOK,,ea.a,Oklahoma,
,d.a,cabcbcbj.a,Fj,,,,ifb.a,bfabg.a,,dbbcd.a,STL,St.LouisMO,MO,cj.a,Missouri,ge.a
,d.a,,FL,caedh.a,,NjfcAT,bad.a,badjh.a,,dadjh.a,ATL,,GA,bd.a,Georgia,de.a
i.a,,cabcbcai.a,AA,,AA,NeYCAA,,,beachac.a,deach.a,PBI,WestPalmBeach/PalmBeachFL,FL,,,
cb.a,f.a,,,,,,hdjf.a,behje.a,,,SGU,St.GeorgeUT,UT,ej.a,,
cg.a,d.a,cabcbccg.a,AS,,AS,NfbjAS,,,bdhjgab.a,,OAK,OaklandCA,,,,
,g.a,cabcbcbf.a,EV,cadgg.a,EV,NicjAS,,bdjda.a,bdjdaac.a,dajhh.a,,,IL,bh.a,Illinois,
bb.a,c.a,,UA,bjjhh.a,UA,Ncdhah,bgee.a,bahcb.a,bahcbac.a,dahcb.a,BOS,BostonMA,MA,,,bd.a
bg.a,,cabcbcbg.a,AA,,AA,NfebAA,,,bbcghac.a,dbcgh.a,DAY,,OH,,,ee.a
bh.a,b.a,,OO,cadae.a,,,gejb.a,bbcjc.a,,dadcf.a,DEN,DenverCO,CO,i.a,Colorado,ic.a
,c.a,,FL,caedh.a,,NjfaAT,dfi.a,begdf.a,,dbhbe.a,RSW,FortMyersFL,FL,bc.a,Florida,
,g.a,,MQ,cadji.a,,,deda.a,bbcji.a,,dabje.a,DFW,Dallas/FortWorthTX,TX,ei.a,,he.a
b.a,g.a,cabcbcab.a,WN,,,NjgaWN,bhad.a,bejai.a,,dcfhf.a,SNA,SantaAnaCA,CA,g.a,California,jb.a
cd.a,,cabcbccd.a,DL,,,,,beigj.a,,,SLC,SaltLakeCityUT,,,,
j.a,,cabcbcaj.a,DL,,,NdfjNW,,,beigjad.a,degbe.a,SLC,SaltLakeCityUT,,,,
da.a,h.a,cabcbcda.a,WN,,,NgehSW,bihf.a,bfdhg.a,bfdhgac.a,,TUS,TucsonAZ,AZ,e.a,Arizona,ib.a
db.a,b.a,cabcbcdb.a,WN,,WN,NeffWN,dech.a,,bedahac.a,dahcb.a,PVD,ProvidenceRI,,ee.a,RhodeIsland,
ba.a,,cabcbcba.a,AA,,AA,NfahAA,,,bbcjiad.a,dabje.a,DFW,Dallas/FortWorthTX,TX,,,he.a
h.a,f.a,cabcbcah.a,,,AS,NdafAS,gdj.a,,bebahac.a,daegg.a,PHX,PhoenixAZ,,,,
cf.a,c.a,,UA,bjjhh.a,,,dii.a,bbaec.a,,,CLE,,OH,,,ee.a
f.a,,cabcbcaf.a,AA,,,NdJDAA,,,behhbab.a,dcefh.a,SFO,SanFranciscoCA,CA,,,
e.a,c.a,cabcbcae.a,VX,cbbhb.a,VX,NidfVA,dcb.a,bbgjh.a,bbgjhad.a,dcegh.a,FLL,FortLauderdaleFL,FL,bc.a,Florida,dd.a
bi.a,,cabcbcbi.a,AA,bjiaf.a,,,,bcehi.a,,dbhad.a,JFK,NewYorkNY,,,,cc.a
j.a,h.a,cabcbcaj.a,AS,bjjda.a,AS,NhghAS,,bdhjg.a,bdhjgab.a,dcefh.a,OAK,OaklandCA,,,,
,d.a,,FL,caedh.a,,NjjdAT,cfg.a,bdcae.a,,dbefe.a,MCO,OrlandoFL,,bc.a,Florida,dd.a
ba.a,b.a,cabcbcba.a,WN,,WN,NeaaWN,bbad.a,,bdcaeac.a,dbefe.a,MCO,OrlandoFL,,bc.a,Florida,dd.a
bc.a,d.a,cabcbcbc.a,WN,,WN,NcjiWN,bibe.a,,bdejfac.a,ddejf.a,MSY,NewOrleansLA,,cc.a,Louisiana,
bb.a,c.a,,UA,,UA,Nfehbb,bbhh.a,,bbgbiac.a,dbhad.a,EWR,NewarkNJ,,,,cb.a
bd.a,e.a,cabcbcbd.a,,bjdjd.a,,NgihSW,cgji.a,beghj.a,beghjad.a,ddfha.a,SAN,SanDiegoCA,,g.a,California,
,d.a,cabcbccg.a,EV,cadgg.a,EV,Nbhbai,,bdbji.a,bdbjiab.a,ddbji.a,,KansasCityMO,MO,cj.a,Missouri,ge.a
,e.a,cabcbcca.a,,cadgg.a,,,eajh.a,bagjd.a,,dagjd.a,BNA,NashvilleTN,,eh.a,Tennessee,fe.a
g.a,,cabcbcag.a,AA,,AA,NfDJAA,,,bcijcad.a,dcfhf.a,LAX,LosAngelesCA,CA,,,jb.a
cj.a,g.a,cabcbccj.a,WN,,WN,NfchSW,cbcj.a,,bbcfjad.a,,DAL,DallasTX,TX,ei.a,,he.a
cd.a,h.a,cabcbccd.a,WN,bjdjd.a,,,bdcj.a,bceei.a,,,JAN,Jackson/VicksburgMS,MS,ci.a,Mississippi,fd.a
,h.a,,FL,caedh.a,,,gbb.a,bdcae.a,,dbefe.a,MCO,OrlandoFL,,bc.a,Florida,dd.a
bg.a,h.a,cabcbcbg.a,WN,bjdjd.a,,NjegWN,deec.a,bdhjg.a,,dcefh.a,OAK,OaklandCA,,g.a,California,
,e.a,,,cadji.a,MQ,NgihMQ,deae.a,bbcji.a,bbcjiad.a,dabje.a,,Dallas/FortWorthTX,TX,ei.a,,he.a
bc.a,d.a,cabcbcbc.a,YV,,YV,NfcbLR,dhfb.a,,bbeddac.a,dbcjf.a,DTW,,MI,cg.a,Michigan,ed.a
,b.a,cabcbcba.a,EV,,EV,NgafQX,,,badjhaf.a,dadjh.a,,,GA,bd.a,Georgia,de.a
c.a,,cabcbcac.a,DL,,DL,NdggNW,,,bdeihac.a,dbgfa.a,,MinneapolisMN,,,,
i.a,g.a,,OO,cadae.a,OO,NhgiSK,fcaj.a,baecd.a,baecdac.a,daecd.a,,AustinTX,TX,ei.a,,he.a
bj.a,,cabcbcbj.a,AA,bjiaf.a,,,,bebaa.a,,,PHL,PhiladelphiaPA,,,,
,d.a,,MQ,,MQ,NgahMQ,edcb.a,,bdjdaac.a,dajhh.a,,,IL,bh.a,Illinois,
,h.a,,FL,caedh.a,,NjdhAT,bca.a,badjh.a,,dadjh.a,ATL,,GA,bd.a,Georgia,de.a
cd.a,,cabcbccd.a,AA,,,,,beied.a,,,SJU,SanJuanPR,PR,,,
i.a,g.a,,OO,,,NgjdCA,ehai.a,beigj.a,beigjad.a,degbe.a,SLC,SaltLakeCityUT,,ej.a,,
cj.a,g.a,,OO,cadae.a,,NjdhSW,fgfj.a,baiaa.a,,,BUR,BurbankCA,CA,g.a,California,jb.a
ce.a,b.a,cabcbcce.a,WN,bjdjd.a,,,idh.a,bcijc.a,,,LAX,LosAngelesCA,CA,g.a,California,jb.a
d.a,b.a,,UA,bjjhh.a,UA,NicfUA,gcb.a,bbchi.a,bbchiac.a,daifc.a,DCA,,VA,,,di.a
cb.a,,cabcbccb.a,AA,bjiaf.a,,,,bddad.a,,,MIA,MiamiFL,,,,dd.a
ba.a,b.a,,OO,cadae.a,,NcieYV,fdcf.a,beheh.a,behehad.a,daffj.a,SEA,SeattleWA,WA,fd.a,,
bh.a,b.a,cabcbcbh.a,US,cadff.a,,,eih.a,bbafh.a,,dbafh.a,CLT,,NC,dh.a,NorthCarolina,dg.a
h.a,f.a,cabcbcah.a,,,,NffjAS,bcj.a,,behehad.a,daffj.a,SEA,SeattleWA,WA,,,
cd.a,h.a,cabcbccd.a,YV,cadhi.a,,,dhch.a,badjh.a,,,ATL,,GA,bd.a,Georgia,de.a
bj.a,d.a,,UA,bjjhh.a,,,bacf.a,bbiie.a,,,GEG,SpokaneWA,WA,,,jd.a
i.a,g.a,,UA,bjjhh.a,,Nbhbaf,behg.a,behhb.a,behhbab.a,dcefh.a,SFO,SanFranciscoCA,CA,,,
bh.a,b.a,cabcbcbh.a,WN,bjdjd.a,,,dhdc.a,baihe.a,,dageh.a,CAK,,OH,dj.a,Ohio,ee.a
,e.a,,,cadji.a,,,ddid.a,bbcji.a,,dabje.a,DFW,Dallas/FortWorthTX,TX,ei.a,,he.a
,c.a,,MQ,cadji.a,,,ciea.a,bachj.a,,dachj.a,AMA,AmarilloTX,TX,ei.a,,he.a
ca.a,e.a,cabcbcca.a,,cadff.a,,,bhga.a,bbafh.a,,,CLT,,NC,dh.a,NorthCarolina,dg.a
,b.a,cabcbcad.a,Fj,caedg.a,,NjaeFR,ffi.a,beghj.a,beghjad.a,ddfha.a,SAN,SanDiegoCA,,g.a,California,
ca.a,e.a,cabcbcca.a,,bjdjd.a,,,bdde.a,bebah.a,,,PHX,PhoenixAZ,,e.a,Arizona,
da.a,h.a,cabcbcda.a,AS,bjjda.a,,NhghAS,,beheh.a,behehad.a,,SEA,SeattleWA,WA,,,
i.a,g.a,cabcbcai.a,WN,bjdjd.a,,NcieWN,debd.a,beheh.a,behehad.a,daffj.a,SEA,SeattleWA,WA,fd.a,,
,f.a,,,,MQ,NgcfMQ,chac.a,,bbcjiad.a,dabje.a,,Dallas/FortWorthTX,TX,ei.a,,he.a
bg.a,h.a,cabcbcbg.a,WN,,,,bihf.a,bfdhg.a,,daedg.a,TUS,TucsonAZ,AZ,e.a,Arizona,ib.a
,g.a,cabcbcab.a,EV,cadgg.a,EV,Ncebci,,bccgg.a,bccggad.a,dbefd.a,,HoustonTX,TX,ei.a,,he.a
e.a,c.a,cabcbcae.a,US,,US,NgchAW,cj.a,,bebahac.a,daegg.a,PHX,PhoenixAZ,,e.a,Arizona,
,g.a,,OO,cadae.a,OO,NiajSK,efda.a,bddec.a,bddecaf.a,dddec.a,,MilwaukeeWI,,ff.a,,ef.a
ba.a,b.a,cabcbcba.a,WN,bjdjd.a,WN,NchiWN,idd.a,bbcjc.a,bbcjcac.a,dadcf.a,DEN,DenverCO,CO,i.a,Colorado,ic.a
cg.a,d.a,cabcbccg.a,WN,bjdjd.a,,NcieWN,cdej.a,beghj.a,beghjad.a,,SAN,SanDiegoCA,,g.a,California,
g.a,e.a,cabcbcag.a,,bjdjd.a,,NjgiWN,gii.a,bciij.a,,dccbb.a,LAS,LasVegasNV,NV,dc.a,Nevada,if.a
bd.a,,cabcbcbd.a,AA,,AA,NdeiAA,,,bddadad.a,dcegh.a,MIA,MiamiFL,,,,dd.a
,g.a,,OO,,,NfhiSW,fdah.a,,behhbab.a,dcefh.a,SFO,SanFranciscoCA,CA,g.a,California,
cf.a,c.a,cabcbccf.a,AS,bjjda.a,,,,bacjj.a,,,ANC,AnchorageAK,AK,,,b.a
,c.a,cabcbcbi.a,EV,cadgg.a,,,,bcjfb.a,,dcjfb.a,LFT,LafayetteLA,LA,cc.a,Louisiana,hc.a
ba.a,b.a,cabcbcba.a,WN,,,NedcWN,jgf.a,,begidad.a,ddcbe.a,SAT,SanAntonioTX,,ei.a,,
cj.a,,cabcbccj.a,AA,,AA,NdJVAA,,,bcijcad.a,,LAX,LosAngelesCA,CA,,,jb.a
j.a,h.a,cabcbcaj.a,Bg,,Bg,NfcaJB,,,bbgjhad.a,dcegh.a,FLL,FortLauderdaleFL,FL,bc.a,Florida,dd.a
bi.a,c.a,cabcbcbi.a,YV,cadhi.a,,,cgie.a,bajje.a,,dajje.a,CHS,,SC,ef.a,SouthCarolina,dh.a
i.a,,cabcbcai.a,AA,,,NdFKAA,,,bfdaeac.a,ddbjf.a,TPA,TampaFL,FL,,,dd.a
f.a,d.a,cabcbcaf.a,US,cadff.a,,NjefUW,biae.a,bebaa.a,,debaa.a,PHL,PhiladelphiaPA,,ec.a,Pennsylvania,
ci.a,f.a,cabcbcci.a,,bjdjd.a,WN,NhegSW,dicg.a,baicb.a,baicbad.a,,BWI,,MD,ce.a,Maryland,df.a
,g.a,cabcbcbf.a,EV,cadgg.a,EV,Nbbbjb,,bajje.a,bajjeac.a,dajje.a,,,SC,ef.a,SouthCarolina,dh.a
,g.a,,MQ,cadji.a,,,dghi.a,bbcjc.a,,dadcf.a,DEN,DenverCO,CO,i.a,Colorado,ic.a
ba.a,b.a,cabcbcba.a,WN,bjdjd.a,WN,NhgeSW,jec.a,bedah.a,bedahac.a,dahcb.a,PVD,ProvidenceRI,,ee.a,RhodeIsland,
,e.a,cabcbcbd.a,,cadgg.a,EV,NidfAS,fhaa.a,baigi.a,baigiad.a,daigi.a,,,SC,ef.a,SouthCarolina,dh.a
bf.a,g.a,cabcbcbf.a,WN,,WN,NdgaSW,cbhh.a,,bebahac.a,daegg.a,PHX,PhoenixAZ,,e.a,Arizona,
da.a,h.a,cabcbcda.a,US,,US,NeebUS,bjei.a,,bbgjhad.a,,FLL,FortLauderdaleFL,FL,bc.a,Florida,dd.a
bd.a,,cabcbcbd.a,DL,,DL,NddiNB,,,badjhaf.a,dadjh.a,,,GA,,,de.a
,f.a,,,cadae.a,,,cgaf.a,beghe.a,,deghe.a,SAF,SantaFeNM,NM,df.a,NewMexico,
cf.a,,cabcbbcf.a,AA,bjiaf.a,,,,bbcgh.a,,,DAY,,OH,,,ee.a
ce.a,,cabcbcce.a,DL,bjhja.a,,,,bahjc.a,,,BUF,BuffaloNY,NY,,,cc.a
cf.a,c.a,cabcbccf.a,WN,,,,bgda.a,beijd.a,,,SMF,SacramentoCA,,g.a,California,
da.a,,cabcbcda.a,AA,,AA,NeihAA,,,bdijbab.a,,ONT,OntarioCA,,,,
bj.a,d.a,cabcbcbj.a,WN,bjdjd.a,,,ccgc.a,bbcjc.a,,,DEN,DenverCO,CO,i.a,Colorado,ic.a
b.a,g.a,cabcbcab.a,WN,,WN,NehgWN,bjhj.a,,bahcbac.a,dahcb.a,BOS,BostonMA,MA,cf.a,Massachusetts,bd.a
,c.a,,MQ,cadji.a,MQ,NgjdMQ,ddgi.a,bcjjc.a,bcjjcae.a,dcgaa.a,,LittleRockAR,AR,f.a,Arkansas,hb.a
,h.a,,OO,,OO,NegaSW,efba.a,,bbgdhad.a,dbgdh.a,,FargoND,ND,di.a,NorthDakota,gg.a
bd.a,e.a,cabcbcbd.a,,cadff.a,US,NbgbUW,biee.a,bdcae.a,bdcaeac.a,dbefe.a,MCO,OrlandoFL,,bc.a,Florida,dd.a
,h.a,,MQ,cadji.a,MQ,NggjMQ,ddaa.a,bbcji.a,bbcjiad.a,dabje.a,,Dallas/FortWorthTX,TX,ei.a,,he.a
,d.a,cabcbcbj.a,EV,cadgg.a,,,,bbgbi.a,,dbhad.a,EWR,NewarkNJ,,de.a,NewJersey,cb.a
bf.a,g.a,cabcbcbf.a,WN,bjdjd.a,WN,NhcdSW,cija.a,bbgbi.a,bbgbiac.a,dbhad.a,EWR,NewarkNJ,,de.a,NewJersey,cb.a
ca.a,,cabcbcca.a,DL,bjhja.a,,,,bbbjd.a,,,CVG,CincinnatiOH,KY,,,fc.a
,e.a,,,caedh.a,,NjfhAT,bjd.a,baicb.a,,daifc.a,BWI,,MD,ce.a,Maryland,df.a
bb.a,c.a,cabcbcbb.a,WN,bjdjd.a,WN,NgegSW,dc.a,bbcjc.a,bbcjcac.a,dadcf.a,DEN,DenverCO,CO,i.a,Colorado,ic.a
db.a,b.a,cabcbcdb.a,WN,bjdjd.a,WN,NcciWN,dig.a,bbfea.a,bbfeaad.a,dagbf.a,ELP,ElPasoTX,TX,ei.a,,he.a
e.a,c.a,,UA,bjjhh.a,UA,Nbhcdd,bahg.a,bdcae.a,bdcaeac.a,dbefe.a,MCO,OrlandoFL,,,,dd.a
,g.a,,MQ,,MQ,NgddMQ,dfgd.a,,badjhaf.a,dadjh.a,,,GA,bd.a,Georgia,de.a
bc.a,d.a,cabcbcbc.a,US,,US,NgddAW,efe.a,,bebahac.a,daegg.a,PHX,PhoenixAZ,,e.a,Arizona,
c.a,h.a,cabcbcac.a,YV,cadhi.a,,NjbdFJ,cgic.a,bdejf.a,,ddejf.a,MSY,NewOrleansLA,,cc.a,Louisiana,
db.a,,cabcbcdb.a,DL,,,NjbhDN,,beijd.a,,ddbjc.a,SMF,SacramentoCA,,,,
h.a,f.a,cabcbcah.a,,,AS,NffbAS,egd.a,,bcijcad.a,dcfhf.a,LAX,LosAngelesCA,CA,,,jb.a
,h.a,,FL,caedh.a,,NjfhAT,gjc.a,begdf.a,,dbhbe.a,RSW,FortMyersFL,FL,bc.a,Florida,
,f.a,,,cadae.a,OO,NicdSK,eicc.a,bccgg.a,bccggad.a,dbefd.a,,HoustonTX,TX,ei.a,,he.a
ch.a,e.a,,,,UA,NfiaUA,gae.a,,bbcjcac.a,,DEN,DenverCO,CO,,,ic.a
,c.a,,MQ,cadji.a,,,ebbf.a,baicb.a,,daifc.a,BWI,,MD,ce.a,Maryland,df.a
,e.a,cabcbcca.a,,cadgg.a,,,gahb.a,behda.a,,ddaee.a,SDF,LouisvilleKY,,cb.a,Kentucky,
bj.a,d.a,,UA,bjjhh.a,,,baig.a,bccge.a,,,IAD,,VA,,,di.a
j.a,,cabcbcaj.a,DL,,DL,NdcbNB,,,bdeihac.a,dbgfa.a,,MinneapolisMN,,,,
ba.a,,cabcbcba.a,AA,,AA,NdHRAA,,,bbcjiad.a,dabje.a,DFW,Dallas/FortWorthTX,TX,,,he.a
,h.a,,MQ,cadji.a,MQ,NgffMQ,deag.a,bbcji.a,bbcjiad.a,dabje.a,,Dallas/FortWorthTX,TX,ei.a,,he.a
h.a,f.a,,,,UA,Nefeea,bhcc.a,,bdejfac.a,ddejf.a,MSY,NewOrleansLA,,,,
ch.a,e.a,cabcbcch.a,,,WN,NeaaWN,cfgh.a,,bciijad.a,,LAS,LasVegasNV,NV,dc.a,Nevada,if.a
,c.a,,FL,caedh.a,,,fjf.a,begdf.a,,dbhbe.a,RSW,FortMyersFL,FL,bc.a,Florida,
,f.a,cabcbcbe.a,,cadgg.a,EV,Nbdjgf,ebdb.a,bbgbi.a,bbgbiac.a,dbhad.a,,NewarkNJ,,de.a,NewJersey,cb.a
bb.a,,cabcbcbb.a,DL,,DL,NdbfNB,,,bdhjgab.a,dcefh.a,,OaklandCA,,,,
ba.a,b.a,,UA,,,NedaUA,edf.a,,bfabgad.a,dbbcd.a,STL,St.LouisMO,MO,,,ge.a
cj.a,,cabcbccj.a,DL,,DL,NdidDN,,,bebahac.a,,,PhoenixAZ,,,,
,e.a,cabcbcca.a,,cadgg.a,,,fhfg.a,bccge.a,,daifc.a,IAD,,VA,fb.a,,di.a
,b.a,,MQ,cadji.a,,,diif.a,badhc.a,,dadhc.a,ASE,AspenCO,CO,i.a,Colorado,ic.a
bg.a,,cabcbcbg.a,DL,,DL,NdbcUS,,,bbeddac.a,dbcjf.a,,,MI,,,ed.a
,h.a,,OO,cadae.a,OO,NhbaSK,ffej.a,bciij.a,bciijad.a,dccbb.a,,LasVegasNV,NV,dc.a,Nevada,if.a
,f.a,,,,MQ,NgadMQ,echg.a,,bbcadac.a,daece.a,,MosineeWI,,ff.a,,ef.a
cd.a,h.a,cabcbccd.a,WN,bjdjd.a,,,cfh.a,bbcfj.a,,,DAL,DallasTX,TX,ei.a,,he.a
c.a,,cabcbcac.a,AA,,AA,NdCAAA,,,bbcjiad.a,dabje.a,DFW,Dallas/FortWorthTX,TX,,,he.a
,d.a,,OO,,,NibcSK,ehfd.a,beigj.a,beigjad.a,degbe.a,SLC,SaltLakeCityUT,,ej.a,,
b.a,g.a,,UA,bjjhh.a,UA,NidhUA,eeb.a,bebah.a,bebahac.a,daegg.a,PHX,PhoenixAZ,,,,
bj.a,d.a,cabcbcbj.a,US,,,,bgia.a,bfdae.a,,,TPA,TampaFL,FL,bc.a,Florida,dd.a
,d.a,,OO,,,NfhjSW,feeg.a,,behhbab.a,dcefh.a,SFO,SanFranciscoCA,CA,g.a,California,
f.a,d.a,,UA,,,NfifUA,eac.a,,behehad.a,daffj.a,SEA,SeattleWA,WA,,,
bc.a,d.a,cabcbcbc.a,WN,bjdjd.a,WN,NchjWN,da.a,bdcdc.a,bdcdcac.a,dajhh.a,MDW,,IL,bh.a,Illinois,eb.a
,h.a,,OO,cadae.a,,NcbgAG,deib.a,begij.a,begijac.a,degij.a,SBA,SantaBarbaraCA,CA,g.a,California,
,d.a,cabcbccg.a,EV,cadgg.a,EV,Nbgbid,,bccgg.a,bccggad.a,dbefd.a,,HoustonTX,TX,ei.a,,he.a
,b.a,cabcbcba.a,EV,cadgg.a,EV,Nbejda,,bccgg.a,bccggad.a,dbefd.a,,HoustonTX,TX,ei.a,,he.a
,e.a,,,cadae.a,,NjgeSW,fdjd.a,bddec.a,,dddec.a,MKE,MilwaukeeWI,,ff.a,,ef.a
,e.a,cabcbcag.a,,,,Nbffhe,gbia.a,bfjbj.a,bfjbjac.a,dbide.a,XNA,FayettevilleAR,AR,f.a,Arkansas,hb.a
,c.a,,MQ,cadji.a,MQ,NibdMQ,eccf.a,bdjda.a,bdjdaac.a,dajhh.a,,,IL,bh.a,Illinois,
,b.a,,FL,caedh.a,,,fg.a,badjh.a,,dadjh.a,ATL,,GA,bd.a,Georgia,de.a
ch.a,e.a,,,,UA,NefjUA,iei.a,,baicbad.a,,BWI,,MD,,,df.a
bh.a,b.a,cabcbcbh.a,WN,bjdjd.a,,,bcaj.a,bcijc.a,,dcfhf.a,LAX,LosAngelesCA,CA,g.a,California,jb.a
,g.a,,OO,cadae.a,OO,NjadSW,fdcb.a,bdjda.a,bdjdaac.a,dajhh.a,,,IL,bh.a,Illinois,
,g.a,cabcbcab.a,EV,cadgg.a,EV,Nbcjcc,,bdjdb.a,bdjdbac.a,ddggh.a,,,,fb.a,,
,e.a,cabcbcca.a,,cadgg.a,,,fefd.a,bbafh.a,,dbafh.a,CLT,,NC,dh.a,NorthCarolina,dg.a
bd.a,e.a,,,,UA,NecaUA,gcf.a,,bbchiac.a,daifc.a,DCA,,VA,,,di.a
e.a,c.a,,UA,,UA,NfefUA,icf.a,,bcjicac.a,dcjic.a,LIH,LihueHI,HI,,,c.a
ba.a,b.a,cabcbcba.a,WN,bjdjd.a,WN,NhahSA,edf.a,bcijc.a,bcijcad.a,dcfhf.a,LAX,LosAngelesCA,CA,g.a,California,jb.a
cf.a,c.a,,UA,,,,bceh.a,bfdae.a,,,TPA,TampaFL,FL,,,dd.a
,b.a,cabcbcad.a,EV,cadgg.a,EV,Nbbfcg,,bccgg.a,bccggad.a,dbefd.a,,HoustonTX,TX,ei.a,,he.a
g.a,e.a,cabcbcag.a,,,,NcdcWN,cfc.a,beijd.a,beijdac.a,ddbjc.a,SMF,SacramentoCA,,g.a,California,
g.a,e.a,cabcbcag.a,,cadff.a,US,NhbdUW,beha.a,badjh.a,badjhaf.a,dadjh.a,ATL,,GA,bd.a,Georgia,de.a
,,,HA,,HA,NeibHA,ccc.a,,bcbhdab.a,dcbde.a,,HonoluluHI,HI,bf.a,Hawaii,c.a
bg.a,,cabcbcbg.a,DL,,,,,bfabg.a,,dbbcd.a,STL,St.LouisMO,MO,,,ge.a
,d.a,,MQ,cadji.a,MQ,NgijMQ,cice.a,bbcji.a,bbcjiad.a,dabje.a,,Dallas/FortWorthTX,TX,ei.a,,he.a
,c.a,,OO,,,NihfAS,cjff.a,bgcbi.a,bgcbiab.a,ddhif.a,YUM,YumaAZ,AZ,e.a,Arizona,ib.a
ci.a,f.a,cabcbcci.a,,bjdjd.a,WN,NcbgWR,bbeg.a,bccge.a,bccgeac.a,,IAD,,VA,fb.a,,di.a
be.a,,cabcbcbe.a,AA,,AA,NfDGAA,,,bcjicac.a,dcjic.a,LIH,LihueHI,HI,,,c.a
ba.a,b.a,cabcbcba.a,WN,,WN,NeidWN,edh.a,,bebahac.a,daegg.a,PHX,PhoenixAZ,,e.a,Arizona,
,h.a,cabcbcda.a,EV,cadgg.a,EV,NidfAS,,baigi.a,baigiad.a,daigi.a,,,SC,ef.a,SouthCarolina,dh.a
,c.a,,FL,caedh.a,,NjecAT,ifb.a,bddec.a,,dddec.a,MKE,MilwaukeeWI,,ff.a,,ef.a
i.a,,cabcbcai.a,DL,bjhja.a,DL,NhgeNC,,bajje.a,bajjeac.a,dajje.a,,,SC,,,dh.a
bi.a,c.a,cabcbcbi.a,WN,bjdjd.a,,,diai.a,bdifb.a,,,OKC,OklahomaCityOK,,ea.a,Oklahoma,
d.a,b.a,cabcbcad.a,WN,bjdjd.a,WN,NgejSW,jhg.a,baicb.a,baicbad.a,daifc.a,BWI,,MD,ce.a,Maryland,df.a
cg.a,,cabcbccg.a,AA,,AA,NfifAA,,,bbcjiad.a,,DFW,Dallas/FortWorthTX,TX,,,he.a
,b.a,,OO,cadae.a,OO,NhceSK,fgfb.a,bdjda.a,bdjdaac.a,dajhh.a,,,IL,bh.a,Illinois,
cj.a,,cabcbccj.a,DL,,DL,NdcdNB,,,bbgbiac.a,,,NewarkNJ,,,,cb.a
j.a,h.a,cabcbcaj.a,WN,,WN,NgcaSW,ejbe.a,,beafhac.a,deafh.a,PDX,PortlandOR,,eb.a,Oregon,
cj.a,g.a,cabcbccj.a,VX,cbbhb.a,VX,NidiVA,cf.a,bcehi.a,bcehiac.a,,JFK,NewYorkNY,,dg.a,NewYork,cc.a
bj.a,d.a,cabcbcbj.a,WN,bjdjd.a,,,ehi.a,beheh.a,,,SEA,SeattleWA,WA,fd.a,,
,e.a,cabcbcch.a,,cadgg.a,EV,Nbbbjd,fjgd.a,bbjcb.a,bbjcbac.a,dbjcb.a,,GrandJunctionCO,CO,i.a,Colorado,ic.a
cd.a,h.a,cabcbccd.a,US,cadff.a,,,baci.a,bebaa.a,,,PHL,PhiladelphiaPA,,ec.a,Pennsylvania,
h.a,,cabcbcah.a,AA,,AA,NfggAA,,,baecdac.a,daecd.a,AUS,AustinTX,TX,,,he.a
,c.a,cabcbcbb.a,EV,,EV,Ncjjag,,,bbbjdac.a,ddbaf.a,,CincinnatiOH,KY,cb.a,Kentucky,fc.a
g.a,e.a,cabcbcag.a,,,WN,NfcdSW,ch.a,,bbfeaad.a,dagbf.a,ELP,ElPasoTX,TX,ei.a,,he.a
cd.a,h.a,cabcbccd.a,US,cadff.a,,,ccf.a,bebah.a,,,PHX,PhoenixAZ,,e.a,Arizona,
bg.a,,cabcbcbg.a,AA,bjiaf.a,,,,beejc.a,,deejc.a,RDU,,,,,
db.a,b.a,cabcbcdb.a,WN,,WN,NebaWN,jjc.a,,bcijcad.a,,LAX,LosAngelesCA,CA,g.a,California,jb.a
cd.a,h.a,cabcbccd.a,US,cadff.a,,,jfb.a,bbchi.a,,,DCA,,VA,fb.a,,di.a
ce.a,b.a,cabcbcce.a,WN,bjdjd.a,,,jej.a,bdcdc.a,,,MDW,,IL,bh.a,Illinois,eb.a
,h.a,,MQ,cadji.a,MQ,NhbcMQ,dcei.a,bbjic.a,bbjicac.a,dbjic.a,,KilleenTX,TX,ei.a,,he.a
cj.a,g.a,cabcbccj.a,WN,bjdjd.a,,NhifSW,dchi.a,beejc.a,beejcac.a,,RDU,,,dh.a,NorthCarolina,
ce.a,b.a,,UA,bjjhh.a,,,igf.a,bccge.a,,,IAD,,VA,,,di.a
cg.a,d.a,cabcbccg.a,Bg,,,NgebJB,,beied.a,beiedad.a,,SJU,SanJuanPR,PR,hc.a,,
cg.a,d.a,cabcbccg.a,WN,bjdjd.a,WN,NhaeSW,dhhj.a,bdifb.a,bdifbad.a,,OKC,OklahomaCityOK,,ea.a,Oklahoma,
i.a,,cabcbcai.a,AA,,AA,NfESAA,,,bbcjiad.a,dabje.a,DFW,Dallas/FortWorthTX,TX,,,he.a
cf.a,c.a,,UA,bjjhh.a,,,badd.a,bccgg.a,,,IAH,HoustonTX,TX,,,he.a
j.a,,cabcbcaj.a,AA,,AA,NdEXAA,,,bbchiac.a,daifc.a,DCA,,VA,,,di.a
,,,HA,,HA,NejbHA,bec.a,,bcbhdab.a,dcbde.a,,HonoluluHI,HI,bf.a,Hawaii,c.a
ch.a,,cabcbcch.a,AA,,AA,NdDNAA,,,bdeihac.a,,MSP,MinneapolisMN,,,,
,d.a,,OO,cadae.a,OO,NhhbSK,gceh.a,bdjda.a,bdjdaac.a,dajhh.a,,,IL,bh.a,Illinois,
d.a,b.a,cabcbcad.a,WN,bjdjd.a,WN,NcdbWN,bchc.a,bebaa.a,bebaaac.a,debaa.a,PHL,PhiladelphiaPA,,ec.a,Pennsylvania,
bg.a,h.a,,UA,,UA,NfbeUA,hdb.a,,bccggad.a,dbefd.a,IAH,HoustonTX,TX,,,he.a
,e.a,cabcbcag.a,,cadgg.a,EV,Nbhfce,fgie.a,bccgg.a,bccggad.a,dbefd.a,,HoustonTX,TX,ei.a,,he.a
ci.a,f.a,cabcbcci.a,,,Bg,NffgJB,hbh.a,,bcehiac.a,,JFK,NewYorkNY,,dg.a,NewYork,cc.a
cg.a,,cabcbccg.a,DL,,DL,NdhdNW,,,badjhaf.a,,,,GA,,,de.a
be.a,f.a,,,,UA,Nfhigc,bfgg.a,,bcijcad.a,dcfhf.a,LAX,LosAngelesCA,CA,,,jb.a
ci.a,f.a,cabcbcci.a,,bjdjd.a,WN,NhhdjA,cdba.a,bebah.a,bebahac.a,,PHX,PhoenixAZ,,e.a,Arizona,
bh.a,b.a,,UA,bjjhh.a,,,bfei.a,beach.a,,deach.a,PBI,,FL,,,
ca.a,e.a,cabcbcca.a,,bjdjd.a,,,dfbj.a,behda.a,,,SDF,LouisvilleKY,,cb.a,Kentucky,
be.a,f.a,,,bjjhh.a,UA,Nhhedb,bgga.a,bdjda.a,bdjdaac.a,dajhh.a,ORD,,IL,,,
,f.a,,,cadji.a,MQ,NhbgMQ,cigb.a,bbaad.a,bbaadad.a,dbaad.a,,CedarRapids/IowaCityIA,IA,bj.a,Iowa,gb.a
bf.a,g.a,,UA,,UA,NffcUA,hbg.a,,bdidaac.a,ddida.a,OGG,KahuluiHI,HI,,,
cg.a,d.a,cabcbccg.a,WN,,WN,NecfLV,dgdc.a,,bebahac.a,,PHX,PhoenixAZ,,e.a,Arizona,
cb.a,f.a,,,bjjhh.a,,,behg.a,beheh.a,,,SEA,SeattleWA,WA,,,
,c.a,cabcbccf.a,Fj,caedg.a,,,cgc.a,bbcjc.a,,dadcf.a,DEN,DenverCO,CO,i.a,Colorado,ic.a
ch.a,,cabcbbch.a,AA,,AA,NfFBAA,,,bcjicac.a,,LIH,LihueHI,HI,,,c.a
ch.a,,cabcbcch.a,DL,bjhja.a,,NjfjDN,,bdeih.a,,,MSP,MinneapolisMN,,,,
,b.a,,OO,cadae.a,,,gcja.a,behhb.a,,dcefh.a,SFO,SanFranciscoCA,CA,g.a,California,
bi.a,c.a,cabcbcbi.a,WN,bjdjd.a,,,bdde.a,bciij.a,,,LAS,LasVegasNV,NV,dc.a,Nevada,if.a
db.a,b.a,cabcbcdb.a,WN,bjdjd.a,WN,NhajSW,ieb.a,bdhjg.a,bdhjgab.a,,OAK,OaklandCA,,g.a,California,
f.a,d.a,cabcbcaf.a,Bg,caeaj.a,Bg,NhcjJB,,beach.a,beachac.a,deach.a,PBI,,FL,bc.a,Florida,
,c.a,cabcbccf.a,EV,cadgg.a,,,fegi.a,bdihb.a,,dddbg.a,OMA,OmahaNE,,db.a,Nebraska,
,g.a,,MQ,,MQ,NgbjMQ,dfcd.a,,bagjdac.a,dagjd.a,,NashvilleTN,,eh.a,Tennessee,fe.a
b.a,g.a,cabcbcab.a,WN,bjdjd.a,WN,NcajWN,dgga.a,babea.a,babeaac.a,dabea.a,ABQ,AlbuquerqueNM,NM,df.a,NewMexico,ig.a
da.a,h.a,cabcbcda.a,US,cadff.a,,NjfiUW,bbid.a,bebaa.a,,,PHL,PhiladelphiaPA,,ec.a,Pennsylvania,
,f.a,,,cadji.a,,NgjfMQ,ddaf.a,behda.a,behdaad.a,ddaee.a,SDF,LouisvilleKY,,cb.a,Kentucky,
bi.a,,cabcbcbi.a,DL,bjhja.a,,,,baigi.a,,,CAE,,SC,,,dh.a
cg.a,d.a,cabcbccg.a,AS,,,NfjeAS,,,behehad.a,,SEA,SeattleWA,WA,,,
,b.a,cabcbcad.a,EV,cadgg.a,EV,Nbcbdf,gbfg.a,bajje.a,bajjeac.a,dajje.a,,,SC,ef.a,SouthCarolina,dh.a
,c.a,cabcbcbb.a,EV,cadgg.a,EV,Nbbbcb,eggc.a,bbgbi.a,bbgbiac.a,dbhad.a,,NewarkNJ,,de.a,NewJersey,cb.a
,e.a,,,cadji.a,,,dchh.a,bbcji.a,,dabje.a,DFW,Dallas/FortWorthTX,TX,ei.a,,he.a
cf.a,c.a,cabcbccf.a,VX,cbbhb.a,,,de.a,behhb.a,,,SFO,SanFranciscoCA,CA,g.a,California,
bd.a,,cabcbcbd.a,AA,,AA,NfcgAA,,,babeaac.a,dabea.a,ABQ,AlbuquerqueNM,NM,,,ig.a
b.a,g.a,cabcbcab.a,YV,cadhi.a,,NjceFJ,chca.a,baecd.a,,daecd.a,AUS,AustinTX,TX,ei.a,,he.a
,h.a,,MQ,cadji.a,MQ,NhdjMQ,eehd.a,bbagg.a,bbaggac.a,dbagg.a,,,OH,dj.a,Ohio,ee.a
bi.a,,cabcbcbi.a,DL,,,,,bfdae.a,,,TPA,,FL,,,dd.a
bd.a,e.a,cabcbcbd.a,,bjdjd.a,WN,NgfgSW,c.a,bdifb.a,bdifbad.a,ddifb.a,OKC,OklahomaCityOK,,ea.a,Oklahoma,
f.a,,cabcbcaf.a,DL,bjhja.a,,NjcaDE,,badjh.a,,dadjh.a,ATL,,GA,,,de.a
cd.a,h.a,cabcbccd.a,WN,bjdjd.a,,,bcje.a,bbgjh.a,,,FLL,,FL,bc.a,Florida,dd.a
h.a,,cabcbcah.a,DL,bjhja.a,DL,NghgDL,,bcjfd.a,bcjfdac.a,dbhad.a,,NewYorkNY,,,,cc.a
cj.a,g.a,cabcbccj.a,Bg,,Bg,NdajJB,,,bcehiac.a,,JFK,NewYorkNY,,dg.a,NewYork,cc.a
ba.a,,cabcbcba.a,DL,bjhja.a,DL,NgfjDL,,bdeih.a,bdeihac.a,dbgfa.a,,MinneapolisMN,,,,
cc.a,g.a,cabcbccc.a,WN,,,,bj.a,bfabg.a,,,STL,St.LouisMO,MO,cj.a,Missouri,ge.a
cg.a,d.a,,UA,bjjhh.a,,,hgj.a,bdjda.a,,,ORD,,IL,,,
db.a,b.a,cabcbcdb.a,US,,,NgacAW,fhh.a,,bfdaeac.a,,TPA,,FL,bc.a,Florida,dd.a
,e.a,cabcbcbd.a,,cadgg.a,,NjibEV,eiie.a,bcjef.a,,dcjef.a,LEX,LexingtonKY,KY,cb.a,Kentucky,fc.a
,d.a,cabcbccg.a,EV,cadgg.a,,,gaac.a,bbcjc.a,,dadcf.a,DEN,DenverCO,CO,i.a,Colorado,ic.a
,c.a,,FL,caedh.a,,,deg.a,bcjfd.a,,dbhad.a,LGA,NewYorkNY,,dg.a,NewYork,cc.a
,g.a,,OO,cadae.a,OO,NhbcSK,gegh.a,bbcjc.a,bbcjcac.a,dadcf.a,,DenverCO,CO,i.a,Colorado,ic.a
ca.a,,cabcbcca.a,DL,bjhja.a,,,,badjh.a,,,ATL,,GA,,,de.a
be.a,f.a,cabcbcbe.a,,,US,NfejUW,d.a,,bebahac.a,daegg.a,PHX,PhoenixAZ,,e.a,Arizona,
bb.a,,cabcbcbb.a,AA,,AA,NfajAA,,,bbcjiad.a,dabje.a,DFW,Dallas/FortWorthTX,TX,,,he.a
bc.a,d.a,,UA,,UA,NeafUA,iie.a,,bdjdaac.a,dajhh.a,ORD,,IL,,,
ch.a,,cabcbcch.a,DL,,,NghaDN,,beigj.a,beigjad.a,,SLC,SaltLakeCityUT,,,,
,c.a,cabcbccf.a,EV,cadgg.a,,,,badjh.a,,dadjh.a,ATL,,GA,bd.a,Georgia,de.a
f.a,d.a,cabcbcaf.a,YV,cadhi.a,YV,Nchdbi,babg.a,bcbhd.a,bcbhdab.a,dcbde.a,HNL,HonoluluHI,HI,bf.a,Hawaii,c.a
g.a,e.a,,,bjjhh.a,,NidiUA,ehc.a,behhb.a,behhbab.a,dcefh.a,SFO,SanFranciscoCA,CA,,,
,h.a,cabcbcaj.a,EV,,EV,NefbCA,,,bacaiad.a,dacai.a,,,GA,bd.a,Georgia,de.a
f.a,d.a,cabcbcaf.a,Bg,,Bg,NfhaJB,,,bciijad.a,dccbb.a,LAS,LasVegasNV,NV,dc.a,Nevada,if.a
,f.a,cabcbcah.a,,caedg.a,Fj,NcaeFR,ebg.a,bcijc.a,bcijcad.a,dcfhf.a,,LosAngelesCA,CA,g.a,California,jb.a
cc.a,g.a,cabcbccc.a,WN,bjdjd.a,,,eebf.a,bebaa.a,,,PHL,PhiladelphiaPA,,ec.a,Pennsylvania,
,c.a,cabcbcbi.a,EV,cadgg.a,,,,bagjd.a,,dagjd.a,BNA,NashvilleTN,,eh.a,Tennessee,fe.a
c.a,,cabcbcac.a,DL,,DL,NdfdNW,,,bcijcad.a,dcfhf.a,,LosAngelesCA,CA,,,jb.a
j.a,h.a,cabcbcaj.a,US,cadff.a,,NjfaUW,caci.a,bbchi.a,,daifc.a,DCA,,VA,fb.a,,di.a
,c.a,,OO,cadae.a,,,fgfh.a,bdeig.a,,ddeig.a,MSO,MissoulaMT,,da.a,Montana,
cf.a,c.a,cabcbccf.a,US,cadff.a,,,cff.a,bebaa.a,,,PHL,PhiladelphiaPA,,ec.a,Pennsylvania,
g.a,e.a,,,,,NehgUA,jhb.a,,behhbab.a,dcefh.a,SFO,SanFranciscoCA,CA,,,
,h.a,cabcbcda.a,EV,cadgg.a,EV,Nbcjcc,,bdjda.a,bdjdaac.a,dajhh.a,,,IL,bh.a,Illinois,
cg.a,,cabcbccg.a,DL,bjhja.a,,,,badjh.a,,,ATL,,GA,,,de.a
j.a,,cabcbcaj.a,AA,,AA,NfhdAA,,,bdjdaac.a,dajhh.a,ORD,,IL,,,
bi.a,,cabcbcbi.a,DL,bjhja.a,,,,bbafh.a,,dbafh.a,CLT,,NC,,,dg.a
f.a,d.a,,UA,,UA,NfbdUA,gid.a,,bdjdaac.a,dajhh.a,ORD,,IL,,,
bh.a,b.a,cabcbcbh.a,Bg,caeaj.a,,,,bbgbi.a,,dbhad.a,EWR,NewarkNJ,,de.a,NewJersey,cb.a
,d.a,,FL,caedh.a,,NjbfAT,dfh.a,badjh.a,,dadjh.a,ATL,,GA,bd.a,Georgia,de.a
bb.a,c.a,cabcbcbb.a,US,cadff.a,,NjfaUW,cbcc.a,bcjfd.a,,dbhad.a,LGA,NewYorkNY,,dg.a,NewYork,cc.a
cj.a,g.a,,UA,bjjhh.a,,NibgUA,cih.a,befce.a,befceab.a,,RIC,,,,,
cb.a,f.a,cabcbccb.a,,cadff.a,,,badg.a,baicb.a,,,BWI,,MD,ce.a,Maryland,df.a
cc.a,g.a,cabcbccc.a,US,cadff.a,,,dad.a,bbafh.a,,,CLT,,NC,dh.a,NorthCarolina,dg.a
b.a,,cabcbcab.a,DL,bjhja.a,,NjaiDE,,bbhcb.a,,dbhcb.a,FNT,,MI,,,ed.a
ch.a,e.a,,,cadae.a,OO,NcceSW,fehi.a,bbcjc.a,bbcjcac.a,,,DenverCO,CO,i.a,Colorado,ic.a
bb.a,c.a,cabcbcbb.a,WN,bjdjd.a,WN,NgifSW,djfe.a,bdeih.a,bdeihac.a,dbgfa.a,MSP,MinneapolisMN,,ch.a,Minnesota,
bi.a,c.a,cabcbcbi.a,Bg,caeaj.a,,,,beach.a,,deach.a,PBI,,FL,bc.a,Florida,
d.a,,cabcbcad.a,AA,,,NejgAA,,,bfabgad.a,dbbcd.a,STL,St.LouisMO,MO,,,ge.a
bg.a,h.a,,UA,bjjhh.a,,,bfhj.a,bdjda.a,,dajhh.a,ORD,,IL,,,
be.a,,cabcbcbe.a,DL,bjhja.a,,NjbbDE,,badjh.a,,dadjh.a,ATL,,GA,,,de.a
ce.a,b.a,cabcbcce.a,US,cadff.a,,,ghf.a,bbgbi.a,,,EWR,NewarkNJ,,de.a,NewJersey,cb.a
cd.a,,cabcbccd.a,AA,bjiaf.a,,,,bcbhd.a,,,HNL,HonoluluHI,HI,,,c.a
cf.a,c.a,cabcbccf.a,YV,cadhi.a,,,dhfd.a,bccge.a,,,IAD,,VA,fb.a,,di.a
be.a,f.a,,,bjjhh.a,,Nhdcfj,bgdh.a,beheh.a,behehad.a,daffj.a,SEA,SeattleWA,WA,,,
bg.a,h.a,cabcbcbg.a,WN,bjdjd.a,,,bdgb.a,bcbjb.a,,dbefd.a,HOU,HoustonTX,TX,ei.a,,he.a
,h.a,,MQ,,MQ,NgccMQ,cjdi.a,,bbcjiad.a,dabje.a,,Dallas/FortWorthTX,TX,ei.a,,he.a
,b.a,,MQ,,MQ,NgchMQ,deja.a,,bbjjfac.a,dbjjf.a,,,NC,dh.a,NorthCarolina,dg.a
,,,HA,,HA,NeiaHA,bbi.a,,bcbhdab.a,dcbde.a,,HonoluluHI,HI,bf.a,Hawaii,c.a
h.a,,cabcbbah.a,AA,,AA,NfCHAA,,,bbcjiad.a,dabje.a,DFW,Dallas/FortWorthTX,TX,,,he.a
,h.a,cabcbccd.a,EV,cadgg.a,,,,babea.a,,dabea.a,ABQ,AlbuquerqueNM,NM,df.a,NewMexico,ig.a
h.a,f.a,cabcbcah.a,,bjdjd.a,WN,NhhhQC,hih.a,bcijg.a,bcijgaf.a,dcijg.a,LBB,LubbockTX,,ei.a,,he.a
bj.a,d.a,,OO,cadae.a,,,gece.a,bcijc.a,,,LAX,LosAngelesCA,CA,g.a,California,jb.a
bf.a,g.a,cabcbcbf.a,Bg,,Bg,NgchJB,,,bciijad.a,dccbb.a,LAS,LasVegasNV,NV,dc.a,Nevada,if.a
,c.a,cabcbcae.a,EV,cadgg.a,EV,Nbbbag,,bedcb.a,bedcbad.a,dedcb.a,,PortlandME,,cd.a,Maine,
j.a,h.a,,OO,cadae.a,,NiafSK,ehef.a,begid.a,begidad.a,ddcbe.a,SAT,SanAntonioTX,,ei.a,,
ci.a,f.a,cabcbcci.a,,,WN,NdcdSW,diga.a,,bebahac.a,,PHX,PhoenixAZ,,e.a,Arizona,
,h.a,,MQ,cadji.a,,,cidg.a,bcjjc.a,,dcgaa.a,LIT,LittleRockAR,AR,f.a,Arkansas,hb.a
,e.a,,,,MQ,NgceMQ,dffb.a,,bdjdbac.a,ddggh.a,,,,fb.a,,
bb.a,c.a,cabcbcbb.a,WN,bjdjd.a,,NjbeWN,decb.a,bciij.a,,dccbb.a,LAS,LasVegasNV,NV,dc.a,Nevada,if.a
i.a,,cabcbcai.a,DL,bjhja.a,DL,Nghaa,,badjh.a,badjhaf.a,dadjh.a,,,GA,,,de.a
cb.a,f.a,,,bjjhh.a,,,dgi.a,bdejf.a,,,MSY,NewOrleansLA,,,,
bd.a,e.a,cabcbcbd.a,,bjdjd.a,,NhbaSW,gaf.a,beghj.a,beghjad.a,ddfha.a,SAN,SanDiegoCA,,g.a,California,
,f.a,cabcbcah.a,,cadgg.a,EV,Nbgfeb,fjfj.a,bdjda.a,bdjdaac.a,dajhh.a,,,IL,bh.a,Illinois,
j.a,h.a,,UA,,UA,NegcUA,ehd.a,,bedahac.a,dahcb.a,PVD,ProvidenceRI,,,,
c.a,h.a,,OO,,,NgajSK,efad.a,,beghjad.a,ddfha.a,SAN,SanDiegoCA,,g.a,California,
ba.a,b.a,,OO,,OO,NeffCA,hhhf.a,,bbbccac.a,dbbcc.a,,CasperWY,WY,fg.a,,ii.a
bf.a,g.a,cabcbcbf.a,US,cadff.a,US,NhfeUW,bfef.a,bcjfd.a,bcjfdac.a,dbhad.a,LGA,NewYorkNY,,dg.a,NewYork,cc.a
,f.a,,,cadji.a,MQ,NicgMQ,cigj.a,bbjia.a,bbjiaac.a,dbjia.a,,GrandIslandNE,NE,db.a,Nebraska,gf.a
,b.a,cabcbcbh.a,Fj,caedg.a,,,dhb.a,bddec.a,,dddec.a,MKE,MilwaukeeWI,,ff.a,,ef.a
da.a,,cabcbcda.a,DL,bjhja.a,,NjagDE,,badjh.a,,,ATL,,GA,,,de.a
cd.a,,cabcbccd.a,AA,bjiaf.a,,,,baecd.a,,,AUS,AustinTX,TX,,,he.a
,d.a,cabcbcbj.a,EV,cadgg.a,,,,bdbji.a,,ddbji.a,MCI,KansasCityMO,MO,cj.a,Missouri,ge.a
ba.a,,cabcbcba.a,AA,,AA,NdgdAA,,,bcehiac.a,dbhad.a,JFK,NewYorkNY,,,,cc.a
,e.a,,,,MQ,NgdeMQ,eaac.a,,bdbjiab.a,ddbji.a,,KansasCityMO,MO,cj.a,Missouri,ge.a
bf.a,,cabcbcbf.a,AA,,AA,NfdgAA,,,bbcjiad.a,dabje.a,DFW,Dallas/FortWorthTX,TX,,,he.a
cc.a,g.a,,UA,bjjhh.a,,,bbcc.a,beghj.a,,,SAN,SanDiegoCA,,,,
ca.a,,cabcbcca.a,DL,bjhja.a,,,,badjh.a,,,ATL,,GA,,,de.a
bc.a,d.a,cabcbcbc.a,US,cadff.a,US,NhafUW,bbgg.a,bbafh.a,bbafhad.a,dbafh.a,CLT,,NC,dh.a,NorthCarolina,dg.a
e.a,c.a,cabcbcae.a,WN,,WN,NgcgSW,jfh.a,,bahcbac.a,dahcb.a,BOS,BostonMA,MA,cf.a,Massachusetts,bd.a
ce.a,b.a,cabcbcce.a,YV,cadhi.a,,,diac.a,bbafh.a,,,CLT,,NC,dh.a,NorthCarolina,dg.a
bb.a,c.a,cabcbcbb.a,WN,,,NdeaLV,dhg.a,,beidbad.a,dcefh.a,SJC,SanJoseCA,CA,g.a,California,
ce.a,b.a,cabcbcce.a,WN,,,,cbgj.a,bejai.a,,,SNA,SantaAnaCA,CA,g.a,California,jb.a
ci.a,f.a,cabcbcci.a,,cadff.a,US,NhbaUW,bedc.a,bbafh.a,bbafhad.a,,CLT,,NC,dh.a,NorthCarolina,dg.a
cg.a,d.a,cabcbccg.a,WN,,WN,NgcaSW,eeed.a,,bdhjgab.a,,OAK,OaklandCA,,g.a,California,
b.a,g.a,,UA,bjjhh.a,UA,NiefUA,cee.a,bccgg.a,bccggad.a,dbefd.a,IAH,HoustonTX,TX,,,he.a
cc.a,g.a,cabcbccc.a,AS,bjjda.a,,,,beheh.a,,,SEA,SeattleWA,WA,,,
cg.a,d.a,,UA,bjjhh.a,UA,Nbjbeb,bgeb.a,bbgbi.a,bbgbiac.a,,EWR,NewarkNJ,,,,cb.a
d.a,b.a,cabcbcad.a,US,,,NffeUW,jec.a,,behhbab.a,dcefh.a,SFO,SanFranciscoCA,CA,g.a,California,
,g.a,,MQ,,MQ,NfacMQ,dhid.a,,bcehiac.a,dbhad.a,,NewYorkNY,,dg.a,NewYork,cc.a
j.a,h.a,cabcbcaj.a,VX,,,NgdfVA,hei.a,,behhbab.a,dcefh.a,SFO,SanFranciscoCA,CA,g.a,California,
h.a,f.a,,,,UA,NeibUA,hci.a,,bdjdaac.a,dajhh.a,ORD,,IL,,,
,b.a,cabcbcdb.a,EV,cadgg.a,,Nbbbch,,befce.a,befceab.a,defce.a,RIC,,,fb.a,,
,h.a,,FL,caedh.a,,NjbfAT,gjh.a,bdcae.a,,dbefe.a,MCO,,,bc.a,Florida,dd.a
i.a,,cabcbcai.a,DL,,DL,NdgbNW,,,bbeddac.a,dbcjf.a,,,MI,,,ed.a
g.a,e.a,,,bjjhh.a,UA,Nbgcde,begb.a,bbgbi.a,bbgbiac.a,dbhad.a,EWR,NewarkNJ,,,,cb.a
,h.a,,FL,caedh.a,,NjciAT,bab.a,badjh.a,,dadjh.a,ATL,,GA,bd.a,Georgia,de.a
be.a,f.a,,,,UA,NeacUA,cii.a,,bahcbac.a,dahcb.a,BOS,BostonMA,MA,,,bd.a
cd.a,,cabcbccd.a,DL,bjhja.a,,,,badjh.a,,,ATL,,GA,,,de.a
j.a,h.a,cabcbcaj.a,WN,,WN,NefbWN,icf.a,,bdcaeac.a,dbefe.a,MCO,,,bc.a,Florida,dd.a
be.a,f.a,,,cadae.a,,NjhiSW,gcfe.a,bbcjc.a,,dadcf.a,DEN,DenverCO,CO,i.a,Colorado,ic.a
,f.a,cabcbccb.a,,cadgg.a,,,fbeg.a,bcbjh.a,,dbhad.a,HPN,WhitePlainsNY,NY,dg.a,NewYork,cc.a
bc.a,,cabcbcbc.a,DL,,DL,NdebNB,,,bcehiac.a,dbhad.a,,NewYorkNY,,,,cc.a
cj.a,,cabcbccj.a,DL,,,NdheaC,,,beijdac.a,,SMF,SacramentoCA,,,,
,d.a,cabcbcbc.a,EV,cadgg.a,EV,NieeAS,,babif.a,babifac.a,dabif.a,,AlexandriaLA,LA,cc.a,Louisiana,hc.a
d.a,b.a,,UA,bjjhh.a,,NieeUA,dgh.a,behhb.a,behhbab.a,dcefh.a,SFO,SanFranciscoCA,CA,,,
h.a,f.a,cabcbcah.a,,cadhi.a,,NjafFJ,chch.a,bebah.a,,daegg.a,PHX,PhoenixAZ,,e.a,Arizona,
ce.a,b.a,cabcbcce.a,Bg,caeaj.a,,,,befhg.a,,,ROC,RochesterNY,,dg.a,NewYork,
bc.a,d.a,cabcbcbc.a,WN,,WN,NehcWN,hdg.a,,bciijad.a,dccbb.a,LAS,LasVegasNV,NV,dc.a,Nevada,if.a
bb.a,c.a,cabcbcbb.a,WN,,WN,NeifWN,fbh.a,,bdcdcac.a,dajhh.a,MDW,,IL,bh.a,Illinois,eb.a
bb.a,,cabcbcbb.a,DL,bjhja.a,DL,NbigDN,,bcehi.a,bcehiac.a,dbhad.a,,NewYorkNY,,,,cc.a
d.a,b.a,cabcbcad.a,VX,,,NgcdVA,jaa.a,,behhbab.a,dcefh.a,SFO,SanFranciscoCA,CA,g.a,California,
,f.a,cabcbcci.a,,cadgg.a,,Nbdjjh,edcc.a,befce.a,befceab.a,defce.a,RIC,,,fb.a,,
bb.a,c.a,cabcbcbb.a,AS,,,NfjcAS,,,behehad.a,daffj.a,SEA,SeattleWA,WA,,,
bf.a,g.a,cabcbcbf.a,WN,bjdjd.a,WN,NceeWN,cfeh.a,bdhjg.a,bdhjgab.a,dcefh.a,OAK,OaklandCA,,g.a,California,
be.a,f.a,cabcbcbe.a,,cadff.a,US,NbihUS,bebg.a,bcijc.a,bcijcad.a,dcfhf.a,LAX,LosAngelesCA,CA,g.a,California,jb.a
cj.a,g.a,cabcbccj.a,VX,,,NfccVA,jac.a,,behhbab.a,,SFO,SanFranciscoCA,CA,g.a,California,
bh.a,b.a,,OO,cadae.a,,,cjee.a,bafgb.a,,dafgb.a,BFL,BakersfieldCA,CA,g.a,California,jb.a
cj.a,,cabcbccj.a,AA,,,NdDRAA,,,bejaiad.a,,SNA,SantaAnaCA,CA,,,jb.a
h.a,f.a,,,,OO,NfigSW,gceg.a,,bcijcad.a,dcfhf.a,,LosAngelesCA,CA,g.a,California,jb.a
cd.a,h.a,cabcbccd.a,WN,,,,ciad.a,beigj.a,,,SLC,SaltLakeCityUT,,ej.a,,
f.a,,cabcbcaf.a,AA,,AA,NeggAA,,,bbcjiad.a,dabje.a,DFW,Dallas/FortWorthTX,TX,,,he.a
g.a,e.a,cabcbcag.a,,caeaj.a,Bg,NhjeJB,dhg.a,bbgjh.a,bbgjhad.a,dcegh.a,FLL,,FL,bc.a,Florida,dd.a
,g.a,cabcbcab.a,EV,,,NjchEV,faah.a,beibe.a,,daehg.a,SHV,ShreveportLA,LA,cc.a,Louisiana,
db.a,b.a,cabcbcdb.a,WN,bjdjd.a,,NjegWN,gjc.a,baiaa.a,,,BUR,BurbankCA,CA,g.a,California,jb.a
e.a,c.a,cabcbcae.a,WN,bjdjd.a,WN,NgffWN,c.a,bciij.a,bciijad.a,dccbb.a,LAS,LasVegasNV,NV,dc.a,Nevada,if.a
,b.a,,MQ,cadji.a,,,edgh.a,bdjda.a,,dajhh.a,ORD,,IL,bh.a,Illinois,
db.a,b.a,cabcbcdb.a,US,cadff.a,US,NibeAW,ig.a,bebah.a,bebahac.a,,PHX,PhoenixAZ,,e.a,Arizona,
,g.a,,MQ,,MQ,NgdcMQ,dfbe.a,,bddadad.a,dcegh.a,,,,bc.a,Florida,dd.a
i.a,g.a,,OO,cadae.a,OO,NhacSK,ffff.a,bbcjc.a,bbcjcac.a,dadcf.a,,DenverCO,CO,i.a,Colorado,ic.a
,c.a,cabcbcae.a,EV,cadgg.a,EV,Nbejfd,fjeb.a,bdjda.a,bdjdaac.a,dajhh.a,,,IL,bh.a,Illinois,
cf.a,c.a,cabcbccf.a,YV,cadhi.a,,,chjj.a,bdjdb.a,,,ORF,,,fb.a,,
b.a,g.a,cabcbcab.a,WN,,WN,NeaaWN,bfih.a,,bdcdcac.a,dajhh.a,MDW,,IL,bh.a,Illinois,eb.a
bi.a,c.a,cabcbcbi.a,WN,bjdjd.a,,,bbfa.a,bdhjg.a,,dcefh.a,OAK,OaklandCA,,g.a,California,
e.a,,cabcbcae.a,DL,,DL,NdgjNB,,,bdceeac.a,ddcee.a,,MemphisTN,,,,fe.a
cf.a,,cabcbccf.a,AA,bjiaf.a,,,,bbchi.a,,,DCA,,VA,,,di.a
e.a,c.a,,UA,bjjhh.a,UA,NiefUA,ece.a,bccgg.a,bccggad.a,dbefd.a,IAH,HoustonTX,TX,,,he.a
,e.a,cabcbcbd.a,,cadgg.a,EV,Nbbffb,gbbg.a,bdjda.a,bdjdaac.a,dajhh.a,,,IL,bh.a,Illinois,
,f.a,cabcbccb.a,,cadgg.a,,,egfh.a,bccgg.a,,dbefd.a,IAH,HoustonTX,TX,ei.a,,he.a
bf.a,g.a,,OO,,,NfhiSW,fddf.a,,beijdac.a,ddbjc.a,SMF,SacramentoCA,,g.a,California,
cb.a,,cabcbccb.a,AA,bjiaf.a,,,,bbcji.a,,,DFW,Dallas/FortWorthTX,TX,,,he.a
ch.a,,cabcbcch.a,DL,,DL,NdajUS,,,bdeihac.a,,,MinneapolisMN,,,,
j.a,,cabcbbaj.a,AA,,AA,NdETAA,,,bcijcad.a,dcfhf.a,LAX,LosAngelesCA,CA,,,jb.a
bj.a,,cabcbcbj.a,AA,bjiaf.a,,,,bcaje.a,,,HDN,HaydenCO,CO,,,ic.a
ce.a,b.a,cabcbcce.a,WN,bjdjd.a,,,hcd.a,bebah.a,,,PHX,PhoenixAZ,,e.a,Arizona,
ch.a,e.a,cabcbcch.a,,bjdjd.a,WN,NcgjWN,cfid.a,bcbjb.a,bcbjbac.a,,HOU,HoustonTX,TX,ei.a,,he.a
b.a,g.a,,OO,,,NecgSW,egdg.a,,beigjad.a,degbe.a,SLC,SaltLakeCityUT,,ej.a,,
g.a,e.a,cabcbcag.a,,bjdjd.a,,NjdfWN,ebd.a,bbfea.a,,dagbf.a,ELP,ElPasoTX,TX,ei.a,,he.a
ba.a,b.a,cabcbcba.a,US,cadff.a,US,NghhAW,fee.a,bcijc.a,bcijcad.a,dcfhf.a,LAX,LosAngelesCA,CA,g.a,California,jb.a
,c.a,cabcbcae.a,EV,cadgg.a,EV,Nbefgi,fife.a,bbhhf.a,bbhhfac.a,dbhhf.a,,SiouxFallsSD,SD,eg.a,SouthDakota,gh.a
,h.a,,FL,caedh.a,,,daf.a,bbhcb.a,,dbhcb.a,FNT,,MI,cg.a,Michigan,ed.a
d.a,b.a,cabcbcad.a,US,,US,NffgUW,bbic.a,,bbcjcac.a,dadcf.a,DEN,DenverCO,CO,i.a,Colorado,ic.a
bj.a,,cabcbcbj.a,DL,bjhja.a,,,,begif.a,,,SAV,,GA,,,
,f.a,cabcbcci.a,,cadgg.a,EV,NbdbEV,eihg.a,bbafh.a,bbafhad.a,dbafh.a,,,NC,dh.a,NorthCarolina,dg.a
c.a,h.a,cabcbcac.a,WN,bjdjd.a,WN,NhieSW,bdab.a,bdejf.a,bdejfac.a,ddejf.a,MSY,NewOrleansLA,,cc.a,Louisiana,
db.a,b.a,cabcbcdb.a,WN,bjdjd.a,WN,NgeaSW,dhif.a,bagjd.a,bagjdac.a,,BNA,NashvilleTN,,eh.a,Tennessee,fe.a
,f.a,cabcbcci.a,,,,NifbAS,fcfa.a,bfdcd.a,bfdcdac.a,dfdcd.a,TRI,Bristol/JohnsonCity/KingsportTN,TN,eh.a,Tennessee,fe.a
bj.a,d.a,,UA,bjjhh.a,,,ifj.a,bcijc.a,,,LAX,LosAngelesCA,CA,,,jb.a
d.a,b.a,cabcbcad.a,WN,,,NfciSW,jfi.a,,begidad.a,ddcbe.a,SAT,SanAntonioTX,,ei.a,,
bg.a,h.a,cabcbcbg.a,US,cadff.a,,,bid.a,beheh.a,,daffj.a,SEA,SeattleWA,WA,fd.a,,
bb.a,,cabcbcbb.a,AA,,AA,NdHXAA,,,bcijcad.a,dcfhf.a,LAX,LosAngelesCA,CA,,,jb.a
,f.a,,,caedh.a,,NjjdAT,ebj.a,bdcdc.a,,dajhh.a,MDW,,IL,bh.a,Illinois,eb.a
bd.a,e.a,cabcbcbd.a,,,YV,NfbaMJ,dhfb.a,,bbeddac.a,dbcjf.a,DTW,,MI,cg.a,Michigan,ed.a
f.a,,cabcbcaf.a,AA,,AA,NfdhAA,,,bbcjiad.a,dabje.a,DFW,Dallas/FortWorthTX,TX,,,he.a
f.a,d.a,cabcbcaf.a,WN,,WN,NgbjSW,hih.a,,bcijgaf.a,dcijg.a,LBB,LubbockTX,,ei.a,,he.a
cb.a,f.a,cabcbccb.a,,,,,eafg.a,bfabg.a,,,STL,St.LouisMO,MO,cj.a,Missouri,ge.a
ci.a,,cabcbcci.a,DL,bjhja.a,DL,NghfMC,,badjh.a,badjhaf.a,,,,GA,,,de.a
,b.a,cabcbcba.a,EV,cadgg.a,,NjiaEV,,bdcda.a,,dcaha.a,MDT,HarrisburgPA,PA,ec.a,Pennsylvania,cd.a
db.a,b.a,cabcbcdb.a,Bg,caeaj.a,Bg,NbjhJB,,bbgjh.a,bbgjhad.a,,FLL,,FL,bc.a,Florida,dd.a
bb.a,,cabcbcbb.a,AA,,AA,NeijAA,,,bbcjiad.a,dabje.a,DFW,Dallas/FortWorthTX,TX,,,he.a
,e.a,,,,MQ,NgbaMQ,ebbb.a,,bdjdaac.a,dajhh.a,,,IL,bh.a,Illinois,
bb.a,c.a,,UA,,UA,NefjUA,ddg.a,,bcijcad.a,dcfhf.a,LAX,LosAngelesCA,CA,,,jb.a
c.a,h.a,,OO,cadae.a,OO,NghjCA,egdi.a,bdjda.a,bdjdaac.a,dajhh.a,,,IL,bh.a,Illinois,
bh.a,b.a,cabcbcbh.a,WN,bjdjd.a,,,ccbb.a,bcijc.a,,dcfhf.a,LAX,LosAngelesCA,CA,g.a,California,jb.a
cf.a,,cabcbccf.a,AA,bjiaf.a,,,,bbcji.a,,,DFW,Dallas/FortWorthTX,TX,,,he.a
,h.a,,MQ,cadji.a,MQ,NgebMQ,eccj.a,bebcc.a,bebccac.a,dabji.a,,PittsburghPA,,ec.a,Pennsylvania,
ch.a,e.a,,,bjjhh.a,,NgggUA,hdg.a,behhb.a,behhbab.a,,SFO,SanFranciscoCA,CA,,,
,h.a,cabcbcac.a,Fj,caedg.a,,NjagFR,gai.a,bbcjc.a,,dadcf.a,DEN,DenverCO,CO,i.a,Colorado,ic.a
ci.a,,cabcbcci.a,AA,,AA,NdDWAA,,,bddadad.a,,MIA,,,,,dd.a
f.a,d.a,,OO,,OO,NgaeSK,ehii.a,,bebahac.a,daegg.a,,PhoenixAZ,,e.a,Arizona,
,c.a,,MQ,cadji.a,,NjccMQ,ecgj.a,bdjda.a,,dajhh.a,ORD,,IL,bh.a,Illinois,
ca.a,e.a,,,cadae.a,,,gddg.a,bcijc.a,,,LAX,LosAngelesCA,CA,g.a,California,jb.a
g.a,,cabcbcag.a,DL,bjhja.a,,NjgaDL,,badjh.a,,dadjh.a,ATL,,GA,,,de.a
cj.a,g.a,,OO,,,NefcSW,egae.a,,beigjad.a,,SLC,SaltLakeCityUT,,ej.a,,
,g.a,cabcbccc.a,EV,cadgg.a,,,,bdeih.a,,dbgfa.a,MSP,MinneapolisMN,,ch.a,Minnesota,
h.a,f.a,cabcbcah.a,,cadff.a,US,NieaAW,ffb.a,bebah.a,bebahac.a,daegg.a,PHX,PhoenixAZ,,e.a,Arizona,
bb.a,c.a,,OO,cadae.a,OO,NhjhSK,gfcf.a,bdjda.a,bdjdaac.a,dajhh.a,,,IL,bh.a,Illinois,
,h.a,cabcbccd.a,EV,cadgg.a,,,,bccge.a,,daifc.a,IAD,,VA,fb.a,,di.a
,d.a,,MQ,cadji.a,MQ,NiehMQ,cjhd.a,bbcji.a,bbcjiad.a,dabje.a,,Dallas/FortWorthTX,TX,ei.a,,he.a
ca.a,e.a,cabcbcca.a,,,,,dcga.a,bfdae.a,,,TPA,,FL,bc.a,Florida,dd.a
g.a,,cabcbcag.a,DL,,DL,NfjdNW,,,badjhaf.a,dadjh.a,,,GA,,,de.a
c.a,h.a,,UA,,UA,NfgfUA,hdf.a,,bdcaeac.a,dbefe.a,MCO,,,,,dd.a
,d.a,,FL,caedh.a,,,gfc.a,bbchi.a,,daifc.a,DCA,,VA,fb.a,,di.a
f.a,,cabcbcaf.a,AS,bjjda.a,AS,NhgeAS,,bacjj.a,bacjjae.a,dacjj.a,ANC,AnchorageAK,AK,,,b.a
ca.a,e.a,cabcbcca.a,,bjdjd.a,,,ddi.a,bdcae.a,,,MCO,,,bc.a,Florida,dd.a
g.a,e.a,cabcbcag.a,,bjdjd.a,WN,NcedWN,ejj.a,bbgjh.a,bbgjhad.a,dcegh.a,FLL,,FL,bc.a,Florida,dd.a
,b.a,cabcbcce.a,EV,cadgg.a,,,,bbgbi.a,,dbhad.a,EWR,NewarkNJ,,de.a,NewJersey,cb.a
bh.a,,cabcbcbh.a,AA,bjiaf.a,,,,bciij.a,,dccbb.a,LAS,LasVegasNV,NV,,,if.a
g.a,e.a,cabcbcag.a,,,WN,NeijWN,hig.a,,bebahac.a,daegg.a,PHX,PhoenixAZ,,e.a,Arizona,
ci.a,,cabcbcci.a,DL,,DL,NddfNB,,,bdeihac.a,,,MinneapolisMN,,,,
,e.a,,,caedh.a,,NjghAT,dhe.a,bdcae.a,,dbefe.a,MCO,,,bc.a,Florida,dd.a
cj.a,g.a,cabcbccj.a,US,,US,NeecUS,bbga.a,,bddadad.a,,MIA,,,bc.a,Florida,dd.a
c.a,,cabcbcac.a,AA,,AA,NeYKAA,,,bdifbad.a,ddifb.a,OKC,OklahomaCityOK,,,,
bj.a,,cabcbcbj.a,DL,bjhja.a,,,,bdeih.a,,,MSP,MinneapolisMN,,,,
,b.a,,FL,caedh.a,,NjhjAT,ddb.a,bcddj.a,,dcddh.a,IND,,IN,bi.a,Indiana,ec.a
ce.a,,cabcbcce.a,AA,bjiaf.a,,,,bbcji.a,,,DFW,Dallas/FortWorthTX,TX,,,he.a
d.a,b.a,cabcbcad.a,US,cadff.a,US,NhbaUW,bchh.a,bcjfd.a,bcjfdac.a,dbhad.a,LGA,NewYorkNY,,dg.a,NewYork,cc.a
c.a,,cabcbcac.a,AA,,AA,NfESAA,,,bbcjiad.a,dabje.a,DFW,Dallas/FortWorthTX,TX,,,he.a
cf.a,c.a,cabcbccf.a,US,cadff.a,,,eji.a,bbcjc.a,,,DEN,DenverCO,CO,i.a,Colorado,ic.a
,c.a,,MQ,cadji.a,MQ,NhcdMQ,efah.a,bcjfd.a,bcjfdac.a,dbhad.a,,NewYorkNY,,dg.a,NewYork,cc.a
e.a,,cabcbcae.a,AA,,AA,NdJSAA,,,bbcjiad.a,dabje.a,DFW,Dallas/FortWorthTX,TX,,,he.a
,d.a,,FL,caedh.a,,NjhbAT,ead.a,bdcae.a,,dbefe.a,MCO,,,bc.a,Florida,dd.a
bj.a,d.a,cabcbcbj.a,VX,cbbhb.a,,,jfd.a,beghj.a,,,SAN,SanDiegoCA,,g.a,California,
cb.a,,cabcbccb.a,AA,bjiaf.a,,,,bbcji.a,,,DFW,Dallas/FortWorthTX,TX,,,he.a
,g.a,cabcbcbf.a,EV,cadgg.a,EV,Nbbbag,,bagjd.a,bagjdac.a,dagjd.a,,NashvilleTN,,eh.a,Tennessee,fe.a
cd.a,,cabcbccd.a,DL,bjhja.a,,,,badjh.a,,,ATL,,GA,,,de.a
bj.a,d.a,,UA,,,,eea.a,bejai.a,,,SNA,SantaAnaCA,CA,,,jb.a
d.a,b.a,cabcbcad.a,YV,cadhi.a,,NjcfFJ,chdh.a,bcddj.a,,dcddh.a,IND,,IN,bi.a,Indiana,ec.a
h.a,,cabcbcah.a,AA,,AA,NdjiAA,,,bcijcad.a,dcfhf.a,LAX,LosAngelesCA,CA,,,jb.a
ch.a,e.a,cabcbcch.a,,,WN,NfagSW,ehhg.a,,bcbjbac.a,,HOU,HoustonTX,TX,ei.a,,he.a
d.a,b.a,cabcbcad.a,WN,,WN,NedfWN,bhd.a,,bciijad.a,dccbb.a,LAS,LasVegasNV,NV,dc.a,Nevada,if.a
,h.a,,MQ,,MQ,NfahMQ,dhab.a,,bcijcad.a,dcfhf.a,,LosAngelesCA,CA,g.a,California,jb.a
,d.a,cabcbcbj.a,EV,cadgg.a,,,,bccgg.a,,dbefd.a,IAH,HoustonTX,TX,ei.a,,he.a
bj.a,d.a,,OO,cadae.a,,,fdfd.a,beafh.a,,,PDX,PortlandOR,,eb.a,Oregon,
cd.a,,cabcbccd.a,DL,bjhja.a,,,,bbedd.a,,,DTW,,MI,,,ed.a
,g.a,,MQ,,MQ,NfaiMQ,dhci.a,,bbgbiac.a,dbhad.a,,NewarkNJ,,de.a,NewJersey,cb.a
da.a,,cabcbcda.a,AA,,AA,NehfAA,,,bbcjiad.a,,DFW,Dallas/FortWorthTX,TX,,,he.a
h.a,,cabcbcah.a,AA,,AA,NeWTAA,,,bbcjiad.a,dabje.a,DFW,Dallas/FortWorthTX,TX,,,he.a
,b.a,,FL,,FL,NcjjAT,fhj.a,,bddecaf.a,dddec.a,,MilwaukeeWI,,ff.a,,ef.a
bg.a,h.a,,OO,,OO,NfifSW,ffad.a,,bdehgac.a,dejcc.a,,MontereyCA,,g.a,California,
,d.a,cabcbcbj.a,EV,,,,,bfebc.a,,dfebc.a,TYS,KnoxvilleTN,TN,eh.a,Tennessee,fe.a
cj.a,,cabcbbcj.a,AA,,AA,NfghAA,,,bbcjiad.a,,DFW,Dallas/FortWorthTX,TX,,,he.a
c.a,h.a,,OO,cadae.a,OO,NhjgSK,ffjh.a,bbcji.a,bbcjiad.a,dabje.a,,Dallas/FortWorthTX,TX,ei.a,,he.a
cg.a,d.a,,OO,cadae.a,,NjhfSW,fgag.a,bcbjh.a,,,HPN,WhitePlainsNY,NY,dg.a,NewYork,cc.a
j.a,,cabcbcaj.a,DL,bjhja.a,,NjbdDE,,bdbji.a,,ddbji.a,MCI,KansasCityMO,MO,,,ge.a
,c.a,cabcbcae.a,EV,cadgg.a,EV,NbdbEV,,bbedd.a,bbeddac.a,dbcjf.a,,,MI,cg.a,Michigan,ed.a
cc.a,,cabcbccc.a,AA,bjiaf.a,,,,bebaa.a,,,PHL,PhiladelphiaPA,,,,
,b.a,cabcbcad.a,EV,cadgg.a,EV,Nbibbe,,bbgbi.a,bbgbiac.a,dbhad.a,,NewarkNJ,,de.a,NewJersey,cb.a
da.a,h.a,cabcbcda.a,WN,bjdjd.a,WN,NgeeSW,ejfh.a,bcdjb.a,bcdjbac.a,,ISP,IslipNY,NY,dg.a,NewYork,cc.a
bc.a,d.a,cabcbcbc.a,YV,cadhi.a,,NjdiLR,chdh.a,bcddj.a,,dcddh.a,IND,,IN,bi.a,Indiana,ec.a
ci.a,,cabcbcci.a,DL,,DL,Ndhgf,,,bcehiac.a,,,NewYorkNY,,,,cc.a
j.a,,cabcbcaj.a,AA,,AA,NfejAA,,,bdjdaac.a,dajhh.a,ORD,,IL,,,
ch.a,e.a,cabcbcch.a,,cadff.a,US,NiddAW,geh.a,bebah.a,bebahac.a,,PHX,PhoenixAZ,,e.a,Arizona,
f.a,d.a,cabcbcaf.a,US,cadff.a,US,NhhaUW,cadf.a,bahcb.a,bahcbac.a,dahcb.a,BOS,BostonMA,MA,cf.a,Massachusetts,bd.a
f.a,d.a,cabcbcaf.a,WN,bjdjd.a,WN,NcefWN,jej.a,bdcdc.a,bdcdcac.a,dajhh.a,MDW,,IL,bh.a,Illinois,eb.a
j.a,h.a,cabcbcaj.a,YV,cadhi.a,,NjecLR,cicd.a,begid.a,,ddcbe.a,SAT,SanAntonioTX,,ei.a,,
bc.a,,cabcbcbc.a,AA,,AA,NeXTAA,,,bbcjiad.a,dabje.a,DFW,Dallas/FortWorthTX,TX,,,he.a
,g.a,,MQ,cadji.a,MQ,NhceMQ,dcgd.a,bbcji.a,bbcjiad.a,dabje.a,,Dallas/FortWorthTX,TX,ei.a,,he.a
j.a,,cabcbcaj.a,DL,bjhja.a,DL,NifjNW,,badjh.a,badjhaf.a,dadjh.a,,,GA,,,de.a
,e.a,,,,,NcjfAT,fdi.a,,beiedad.a,deibj.a,SJU,SanJuanPR,PR,hc.a,,
cd.a,,cabcbccd.a,AA,bjiaf.a,,,,bbcji.a,,,DFW,Dallas/FortWorthTX,TX,,,he.a
bi.a,,cabcbcbi.a,DL,bjhja.a,,,,badjh.a,,,ATL,,GA,,,de.a
d.a,b.a,cabcbcad.a,US,cadff.a,US,NbidUW,bfbe.a,bcijc.a,bcijcad.a,dcfhf.a,LAX,LosAngelesCA,CA,g.a,California,jb.a
h.a,f.a,cabcbcah.a,,cadhi.a,,NjbcFJ,chfa.a,bebah.a,,daegg.a,PHX,PhoenixAZ,,e.a,Arizona,
,f.a,cabcbcci.a,,cadgg.a,EV,Nchbja,eged.a,bdbji.a,bdbjiab.a,ddbji.a,,KansasCityMO,MO,cj.a,Missouri,ge.a
h.a,f.a,cabcbcah.a,,bjdjd.a,WN,NceiWN,jdj.a,bdcdc.a,bdcdcac.a,dajhh.a,MDW,,IL,bh.a,Illinois,eb.a
g.a,e.a,cabcbcag.a,,cadff.a,US,NhgeUS,biid.a,bbedd.a,bbeddac.a,dbcjf.a,DTW,,MI,cg.a,Michigan,ed.a
,f.a,cabcbccb.a,,,,,fhc.a,beigj.a,,degbe.a,SLC,SaltLakeCityUT,,ej.a,,
cd.a,h.a,cabcbccd.a,US,,,,hgi.a,bfdae.a,,,TPA,,FL,bc.a,Florida,dd.a
,f.a,,,,,NieaMQ,echc.a,bfdia.a,bfdiaac.a,dfdia.a,TVC,,MI,cg.a,Michigan,ed.a
,,,HA,,HA,NehgHA,dhd.a,,bcbhdab.a,dcbde.a,,HonoluluHI,HI,bf.a,Hawaii,c.a
,g.a,,FL,,,NdciAT,fde.a,,beiedad.a,deibj.a,SJU,SanJuanPR,PR,hc.a,,
bg.a,h.a,cabcbcbg.a,US,cadff.a,,NjfcUW,bcfd.a,bdcjg.a,,dahcb.a,MHT,ManchesterNH,,dd.a,NewHampshire,be.a
,f.a,,,cadji.a,MQ,NgfhMQ,edgi.a,bbbjd.a,bbbjdac.a,ddbaf.a,,CincinnatiOH,KY,cb.a,Kentucky,fc.a
bi.a,c.a,,UA,bjjhh.a,,,fbj.a,bdeih.a,,,MSP,MinneapolisMN,,,,
bh.a,b.a,,UA,bjjhh.a,,,bfhh.a,bdjda.a,,dajhh.a,ORD,,IL,,,
h.a,,cabcbcah.a,AS,,AS,NfdfAS,,,bchfiad.a,dchfi.a,KOA,KonaHI,HI,,,c.a
cj.a,g.a,cabcbccj.a,WN,bjdjd.a,,NjefWN,bjjj.a,bdcae.a,,,MCO,,,bc.a,Florida,dd.a
,b.a,cabcbcba.a,EV,cadgg.a,EV,Nbbbbd,,bbgbi.a,bbgbiac.a,dbhad.a,,NewarkNJ,,de.a,NewJersey,cb.a
bd.a,e.a,cabcbcbd.a,,bjdjd.a,WN,NcfgWN,difa.a,bdcdc.a,bdcdcac.a,dajhh.a,MDW,,IL,bh.a,Illinois,eb.a
bh.a,b.a,,OO,cadae.a,,,fgfa.a,badhc.a,,dadhc.a,ASE,AspenCO,CO,i.a,Colorado,ic.a
,d.a,cabcbcbj.a,EV,cadgg.a,,,,bccgg.a,,dbefd.a,IAH,HoustonTX,TX,ei.a,,he.a
cg.a,d.a,cabcbccg.a,VX,,,NgcjVA,jci.a,,behhbab.a,,SFO,SanFranciscoCA,CA,g.a,California,
bf.a,g.a,cabcbcbf.a,WN,bjdjd.a,WN,NhfcSW,cidh.a,bcijc.a,bcijcad.a,dcfhf.a,LAX,LosAngelesCA,CA,g.a,California,jb.a
c.a,h.a,cabcbcac.a,US,cadff.a,US,NbajUW,jhi.a,badjh.a,badjhaf.a,dadjh.a,ATL,,GA,bd.a,Georgia,de.a
e.a,c.a,cabcbcae.a,Bg,,Bg,NfggJB,,,bahcbac.a,dahcb.a,BOS,BostonMA,MA,cf.a,Massachusetts,bd.a
,g.a,cabcbcbf.a,EV,cadgg.a,EV,Nbgbbc,,bdjda.a,bdjdaac.a,dajhh.a,,,IL,bh.a,Illinois,
,d.a,cabcbcaf.a,EV,cadgg.a,,Nbgjfe,,behda.a,behdaad.a,ddaee.a,SDF,LouisvilleKY,,cb.a,Kentucky,
bh.a,,cabcbcbh.a,AA,bjiaf.a,,,,bddad.a,,dcegh.a,MIA,,,,,dd.a
h.a,f.a,,,,UA,NfdgUA,hjg.a,,bccgeac.a,daifc.a,IAD,,VA,,,di.a
,d.a,,MQ,cadji.a,MQ,NicdMQ,ddie.a,bajje.a,bajjeac.a,dajje.a,,,SC,ef.a,SouthCarolina,dh.a
ca.a,e.a,,,,,,eief.a,beigj.a,,,SLC,SaltLakeCityUT,,ej.a,,
g.a,,cabcbcag.a,DL,bjhja.a,DL,NbdaDL,,bcijc.a,bcijcad.a,dcfhf.a,,LosAngelesCA,CA,,,jb.a
bd.a,e.a,cabcbcbd.a,,cadff.a,US,NbceUS,bgac.a,bbedd.a,bbeddac.a,dbcjf.a,DTW,,MI,cg.a,Michigan,ed.a
bd.a,,cabcbcbd.a,DL,,DL,NgdfDL,,,badjhaf.a,dadjh.a,,,GA,,,de.a
h.a,f.a,cabcbcah.a,,cadff.a,US,NgecAW,efh.a,bebah.a,bebahac.a,daegg.a,PHX,PhoenixAZ,,e.a,Arizona,
,b.a,cabcbcba.a,EV,cadgg.a,EV,NhahEV,,badjh.a,badjhaf.a,dadjh.a,,,GA,bd.a,Georgia,de.a
,h.a,,MQ,cadji.a,MQ,NgidMQ,djbg.a,bafcj.a,bafcjae.a,dafcj.a,,HartfordCT,CT,j.a,Connecticut,bb.a
,b.a,,FL,caedh.a,,NjfhAT,dcj.a,bcddj.a,,dcddh.a,IND,,IN,bi.a,Indiana,ec.a
f.a,d.a,cabcbcaf.a,Bg,,Bg,NfbgJB,,,bcjfdac.a,dbhad.a,LGA,NewYorkNY,,dg.a,NewYork,cc.a
bg.a,,cabcbcbg.a,AA,,AA,NdDAAA,,,bdjdaac.a,dajhh.a,ORD,,IL,,,
,c.a,,FL,caedh.a,,,beb.a,badjh.a,,dadjh.a,ATL,,GA,bd.a,Georgia,de.a
db.a,b.a,cabcbcdb.a,US,cadff.a,,NhfeUW,bech.a,befhg.a,befhgae.a,,ROC,RochesterNY,,dg.a,NewYork,
bd.a,e.a,,,bjjhh.a,UA,NiebUA,faf.a,bdijb.a,bdijbab.a,dcfhf.a,ONT,OntarioCA,,,,
bb.a,,cabcbcbb.a,AA,,AA,NdJUAA,,,bcijcad.a,dcfhf.a,LAX,LosAngelesCA,CA,,,jb.a
,c.a,cabcbcbb.a,EV,cadgg.a,EV,Nbejhc,,bbafh.a,bbafhad.a,dbafh.a,,,NC,dh.a,NorthCarolina,dg.a
ce.a,b.a,cabcbcce.a,Bg,caeaj.a,,,,bahcb.a,,,BOS,BostonMA,MA,cf.a,Massachusetts,bd.a
ba.a,,cabcbcba.a,DL,bjhja.a,,NjahDE,,bcjfd.a,,dbhad.a,LGA,NewYorkNY,,dg.a,NewYork,cc.a
ca.a,e.a,,,bjjhh.a,,,dhe.a,beafh.a,,,PDX,PortlandOR,,,,
db.a,,cabcbcdb.a,AA,,AA,NeYNAA,,,bdbjiab.a,,MCI,KansasCityMO,MO,,,ge.a
,d.a,,MQ,cadji.a,MQ,NhcbMQ,dche.a,bbcji.a,bbcjiad.a,dabje.a,,Dallas/FortWorthTX,TX,ei.a,,he.a
cf.a,,cabcbccf.a,DL,bjhja.a,,,,badjh.a,,,ATL,,GA,bd.a,Georgia,de.a
cg.a,d.a,cabcbccg.a,YV,,YV,NfbaMJ,dhii.a,,bdjdaac.a,,ORD,,IL,bh.a,Illinois,
bi.a,c.a,cabcbcbi.a,WN,bjdjd.a,,,bdji.a,bbcfj.a,,,DAL,DallasTX,TX,ei.a,,he.a
bb.a,c.a,,UA,,UA,NediUA,ceh.a,,bbaecac.a,dageh.a,CLE,,OH,,,ee.a
bd.a,e.a,,,,,Nhfecj,bbhc.a,behhb.a,behhbab.a,dcefh.a,SFO,SanFranciscoCA,CA,,,
bj.a,,cabcbcbj.a,DL,bjhja.a,,,,badjh.a,,,ATL,,GA,,,de.a
bh.a,b.a,,UA,bjjhh.a,,,chc.a,bbcji.a,,dabje.a,DFW,Dallas/FortWorthTX,TX,,,he.a
bc.a,,cabcbcbc.a,AA,,AA,NfFAAA,,,bbgbiac.a,dbhad.a,EWR,NewarkNJ,,,,cb.a
h.a,f.a,cabcbcah.a,,cadff.a,US,NbhiUS,bede.a,bbafh.a,bbafhad.a,dbafh.a,CLT,,NC,dh.a,NorthCarolina,dg.a
cc.a,g.a,,UA,bjjhh.a,,,eaa.a,bbcjc.a,,,DEN,DenverCO,CO,,,ic.a
be.a,f.a,,,,UA,NehcUA,chc.a,,bbcjiad.a,dabje.a,DFW,Dallas/FortWorthTX,TX,,,he.a
bc.a,d.a,cabcbcbc.a,WN,bjdjd.a,,NhedSW,bcig.a,beheh.a,behehad.a,daffj.a,SEA,SeattleWA,WA,fd.a,,
ce.a,b.a,,OO,cadae.a,,,feeg.a,bcijc.a,,,LAX,LosAngelesCA,CA,g.a,California,jb.a
cf.a,c.a,,UA,,,,bfcd.a,behhb.a,,,SFO,SanFranciscoCA,CA,,,
da.a,h.a,,UA,bjjhh.a,UA,Ncecac,bcia.a,bccgg.a,bccggad.a,,IAH,HoustonTX,TX,,,he.a
,h.a,,MQ,cadji.a,,NjccMQ,ecdf.a,bdjda.a,,dajhh.a,ORD,,IL,bh.a,Illinois,
,e.a,,,cadji.a,,,digh.a,bebaa.a,,debaa.a,PHL,PhiladelphiaPA,,ec.a,Pennsylvania,
db.a,,cabcbcdb.a,DL,bjhja.a,,NjbhDL,,bcjfd.a,,,LGA,NewYorkNY,,dg.a,NewYork,cc.a
b.a,,cabcbcab.a,WN,,WN,NgdeSW,ejdg.a,,baicbad.a,daifc.a,BWI,,MD,ce.a,Maryland,df.a
b.a,,cabcbcab.a,DL,,,NdcjNW,,,bfdaeac.a,ddbjf.a,TPA,,FL,bc.a,Florida,dd.a
bj.a,d.a,cabcbcbj.a,WN,bjdjd.a,,,beaa.a,bdcdc.a,,,MDW,,IL,bh.a,Illinois,eb.a
,f.a,cabcbcci.a,,cadgg.a,EV,Nbcfgj,ebfb.a,bbgbi.a,bbgbiac.a,dbhad.a,,NewarkNJ,,de.a,NewJersey,cb.a
e.a,c.a,cabcbcae.a,US,cadff.a,US,NhfhUW,bbbg.a,bdbji.a,bdbjiab.a,ddbji.a,MCI,KansasCityMO,MO,cj.a,Missouri,ge.a
,h.a,,MQ,,MQ,NfcdMQ,dgbc.a,,babeaac.a,dabea.a,,AlbuquerqueNM,NM,df.a,NewMexico,ig.a
bg.a,h.a,cabcbcbg.a,YV,cadhi.a,,NjcaFJ,cgcg.a,bbafh.a,,dbafh.a,CLT,,NC,dh.a,NorthCarolina,dg.a
da.a,h.a,cabcbcda.a,WN,,WN,NcjhWN,cfij.a,,bedahac.a,,PVD,ProvidenceRI,,ee.a,RhodeIsland,
c.a,h.a,cabcbcac.a,WN,,,NfbeSW,chjd.a,,begidad.a,ddcbe.a,SAT,SanAntonioTX,,ei.a,,
bf.a,,cabcbbbf.a,AA,,AA,NfjfAA,,,bbcjiad.a,dabje.a,DFW,Dallas/FortWorthTX,TX,,,he.a
bj.a,,cabcbcbj.a,DL,bjhja.a,,,,badjh.a,,,ATL,,GA,bd.a,Georgia,de.a
bh.a,b.a,cabcbcbh.a,Bg,caeaj.a,,,,bbgbi.a,,dbhad.a,EWR,NewarkNJ,,de.a,NewJersey,cb.a
,g.a,,MQ,cadji.a,,,dcef.a,bcfbb.a,,dcfbb.a,JLN,JoplinMO,MO,cj.a,Missouri,ge.a
,,,HA,,HA,NdibHA,j.a,,bcijcad.a,dcfhf.a,,LosAngelesCA,CA,g.a,California,jb.a
ca.a,,cabcbcca.a,WN,bjdjd.a,,,ejda.a,bdcdc.a,,,MDW,,IL,bh.a,Illinois,eb.a
cj.a,,cabcbccj.a,DL,bjhja.a,,NjegDL,,badjh.a,,,ATL,,GA,bd.a,Georgia,de.a
,h.a,,FL,caedh.a,,NjedAT,bcd.a,badjh.a,,dadjh.a,ATL,,GA,bd.a,Georgia,de.a
db.a,,cabcbcdb.a,DL,bjhja.a,,NjfdDL,,bajje.a,,,CHS,,SC,ef.a,SouthCarolina,dh.a
cd.a,,cabcbccd.a,DL,bjhja.a,,,,badjh.a,,,ATL,,GA,bd.a,Georgia,de.a
bb.a,,cabcbcbb.a,DL,,DL,NdhdfD,,,baicbad.a,daifc.a,,,MD,ce.a,Maryland,df.a
cf.a,,cabcbccf.a,DL,bjhja.a,,,,beghj.a,,,SAN,SanDiegoCA,,g.a,California,
,g.a,cabcbcab.a,EV,,,Nbbbih,,bfdha.a,bfdhaac.a,degfd.a,TUL,TulsaOK,OK,ea.a,Oklahoma,hd.a
,e.a,,,cadji.a,MQ,NhbbMQ,eehh.a,bbedd.a,bbeddac.a,dbcjf.a,,,MI,cg.a,Michigan,ed.a
,f.a,cabcbcbe.a,,cadgg.a,EV,Nbbbih,efdi.a,bbjig.a,bbjigad.a,dbjig.a,,,MI,cg.a,Michigan,ed.a
b.a,g.a,,UA,bjjhh.a,UA,Nhgfaf,bbfa.a,bdcae.a,bdcaeac.a,dbefe.a,MCO,,,,,dd.a
,f.a,cabcbcci.a,,,,NgbfQX,ejcb.a,,behdaad.a,ddaee.a,SDF,LouisvilleKY,,cb.a,Kentucky,
da.a,,cabcbcda.a,AS,bjjda.a,,NhfeAS,,beheh.a,behehad.a,,SEA,SeattleWA,WA,,,
cc.a,g.a,,OO,,,,efgj.a,beigj.a,,,SLC,SaltLakeCityUT,,ej.a,,
,g.a,cabcbccj.a,EV,,,Nbebhb,gada.a,beigj.a,beigjad.a,degbe.a,SLC,SaltLakeCityUT,,ej.a,,
b.a,g.a,cabcbcab.a,Bg,caeaj.a,Bg,NcehJB,,bbgjh.a,bbgjhad.a,dcegh.a,FLL,,FL,bc.a,Florida,dd.a
b.a,g.a,cabcbcab.a,US,,US,NecfUS,bjdi.a,,bbafhad.a,dbafh.a,CLT,,NC,dh.a,NorthCarolina,dg.a
h.a,f.a,,,,OO,NefhSW,eggg.a,,bbgdhad.a,dbgdh.a,,FargoND,ND,di.a,NorthDakota,gg.a
ci.a,f.a,cabcbcci.a,,cadhi.a,,NjecLR,chfh.a,bebah.a,,,PHX,PhoenixAZ,,e.a,Arizona,
bi.a,,cabcbcbi.a,WN,,,,bbj.a,beidb.a,,,SJC,SanJoseCA,CA,g.a,California,
,e.a,,,,MQ,NgdjMQ,edcg.a,,bbaecac.a,dageh.a,,,OH,dj.a,Ohio,ee.a
,g.a,cabcbcab.a,EV,cadgg.a,,NjhfEV,,bbbfa.a,,dbbfa.a,CSG,,GA,bd.a,Georgia,de.a
f.a,d.a,cabcbcaf.a,,,Bg,NdfdJB,dc.a,,bcehiac.a,dbhad.a,JFK,NewYorkNY,,dg.a,NewYork,cc.a
bj.a,d.a,,,cadae.a,,,fbjd.a,bdjda.a,,,ORD,,IL,bh.a,Illinois,
e.a,c.a,,UA,bjjhh.a,,Nihfah,bbid.a,begdf.a,begdfac.a,dbhbe.a,RSW,,FL,,,
be.a,f.a,,,cadae.a,,NjdfSW,gcdf.a,beafh.a,,deafh.a,PDX,PortlandOR,,eb.a,Oregon,
g.a,,cabcbcag.a,DL,bjhja.a,,NjbbDE,,bccgg.a,,dbefd.a,IAH,HoustonTX,TX,ei.a,,he.a
cg.a,d.a,,,,UA,NebdUA,gaa.a,,bdjdaac.a,,ORD,,IL,,,
,c.a,cabcbcbb.a,EV,cadgg.a,EV,Nbcjde,edfj.a,bbebf.a,bbebfab.a,dbddf.a,,DelRioTX,TX,ei.a,,he.a
cd.a,,cabcbccd.a,WN,bjdjd.a,,,cidc.a,bdcdc.a,,,MDW,,IL,bh.a,Illinois,eb.a
g.a,,cabcbcag.a,WN,bjdjd.a,WN,NcfgWN,baac.a,bbiie.a,bbiieac.a,dbiie.a,GEG,SpokaneWA,WA,fd.a,,jd.a
ca.a,,cabcbcca.a,DL,bjhja.a,,,,beach.a,,,PBI,,FL,bc.a,Florida,
c.a,,cabcbcac.a,WN,bjdjd.a,WN,NhhdSA,dbad.a,bebah.a,bebahac.a,daegg.a,PHX,PhoenixAZ,,e.a,Arizona,
cd.a,,cabcbccd.a,DL,bjhja.a,,,,bbedd.a,,,DTW,,MI,cg.a,Michigan,ed.a
bj.a,,cabcbcbj.a,DL,bjhja.a,,,,bdifb.a,,,OKC,OklahomaCityOK,,ea.a,Oklahoma,
cc.a,,cabcbccc.a,WN,bjdjd.a,,,egbd.a,bdcae.a,,,MCO,,,bc.a,Florida,dd.a
,e.a,,,,MQ,NfbcMQ,egba.a,,bcjfdac.a,dbhad.a,,NewYorkNY,,dg.a,NewYork,cc.a
ca.a,e.a,,,bjjhh.a,,,heg.a,bbcjc.a,,,DEN,DenverCO,CO,,,ic.a
bh.a,b.a,cabcbcbh.a,US,cadff.a,,,ejd.a,bebah.a,,daegg.a,PHX,PhoenixAZ,,e.a,Arizona,
,e.a,,,,MQ,NfcdMQ,dhbc.a,,bdjdaac.a,dajhh.a,,,IL,bh.a,Illinois,
bc.a,,cabcbcbc.a,AA,,,NdCVAA,,,beiedad.a,deibj.a,SJU,SanJuanPR,PR,,,
cj.a,,cabcbccj.a,WN,bjdjd.a,WN,NhcjSW,behb.a,bciij.a,bciijad.a,,LAS,LasVegasNV,NV,dc.a,Nevada,if.a
ba.a,,cabcbcba.a,DL,bjhja.a,DL,NjaeDL,,bedah.a,bedahac.a,dahcb.a,,ProvidenceRI,,ee.a,RhodeIsland,
bh.a,b.a,,UA,,,,fcf.a,behhb.a,,dcefh.a,SFO,SanFranciscoCA,CA,,,
ci.a,,cabcbcci.a,AA,,AA,NdJKAA,,,bagjdac.a,,BNA,NashvilleTN,,,,fe.a
da.a,h.a,cabcbcda.a,Bg,caeaj.a,Bg,NggcJB,,bbcjc.a,bbcjcac.a,,DEN,DenverCO,CO,i.a,Colorado,ic.a
bc.a,d.a,cabcbcbc.a,,,VX,NfdaVA,jaj.a,,bciijad.a,dccbb.a,LAS,LasVegasNV,NV,dc.a,Nevada,if.a
ch.a,e.a,cabcbcch.a,,caeaj.a,Bg,NbjcJB,eac.a,bdejf.a,bdejfac.a,,MSY,NewOrleansLA,,cc.a,Louisiana,
j.a,h.a,,OO,,OO,NfagCA,cjfd.a,,bbgjfac.a,dbgjf.a,,FlagstaffAZ,AZ,e.a,Arizona,ib.a
i.a,g.a,,OO,cadae.a,OO,NhijSK,gdci.a,bbjcb.a,bbjcbac.a,dbjcb.a,,GrandJunctionCO,CO,i.a,Colorado,ic.a
,f.a,,,,MQ,NgchMQ,dfac.a,,bddadad.a,dcegh.a,,,,bc.a,Florida,dd.a
be.a,,cabcbcbe.a,DL,bjhja.a,,NjijDL,,bdjda.a,,dajhh.a,ORD,,IL,bh.a,Illinois,
,f.a,cabcbcbe.a,,cadgg.a,EV,Nbejdj,ebhi.a,bahib.a,bahibac.a,dahib.a,,BatonRougeLA,LA,cc.a,Louisiana,hc.a
f.a,d.a,,,,UA,NedbUA,ihb.a,,bdjdaac.a,dajhh.a,ORD,,IL,,,
ca.a,,cabcbcca.a,AA,bjiaf.a,,,,bahcb.a,,,BOS,BostonMA,MA,,,bd.a
e.a,c.a,,UA,,UA,NediUA,ccd.a,,bccggad.a,dbefd.a,IAH,HoustonTX,TX,,,he.a
,b.a,,MQ,cadji.a,,,cjff.a,bbcji.a,,dabje.a,DFW,Dallas/FortWorthTX,TX,ei.a,,he.a
,,,HA,,HA,NfibHA,da.a,,bdidaac.a,ddida.a,,KahuluiHI,HI,bf.a,Hawaii,
h.a,f.a,cabcbcah.a,,,Bg,NdagJB,bcef.a,,bahcbac.a,dahcb.a,BOS,BostonMA,MA,cf.a,Massachusetts,bd.a
bf.a,,cabcbcbf.a,DL,,DL,NdcaNB,,,bdeihac.a,dbgfa.a,,MinneapolisMN,,ch.a,Minnesota,
da.a,,cabcbcda.a,WN,,,NffgWN,bddi.a,,befhaac.a,,RNO,RenoNV,,dc.a,Nevada,
e.a,,cabcbcae.a,AS,,AS,NgcdAS,,,beafhac.a,deafh.a,PDX,PortlandOR,,,,
ci.a,,cabcbcci.a,WN,,WN,NfcfSW,eijh.a,,bcbjbac.a,,HOU,HoustonTX,TX,ei.a,,he.a
,e.a,,,cadji.a,,,chga.a,bbcji.a,,dabje.a,DFW,Dallas/FortWorthTX,TX,ei.a,,he.a
bi.a,c.a,,UA,bjjhh.a,,,bggf.a,bciij.a,,,LAS,LasVegasNV,NV,,,if.a
h.a,,cabcbcah.a,WN,,WN,NebeWN,ech.a,,bagjdac.a,dagjd.a,BNA,NashvilleTN,,eh.a,Tennessee,fe.a
,f.a,,,cadji.a,MQ,NggiMQ,djjb.a,bdjda.a,bdjdaac.a,dajhh.a,,,IL,bh.a,Illinois,
,g.a,,MQ,cadji.a,,,djjg.a,bdjda.a,,dajhh.a,ORD,,IL,bh.a,Illinois,
bb.a,,cabcbcbb.a,AA,,,NdBMAA,,,bfdaeac.a,ddbjf.a,TPA,TampaFL,FL,,,dd.a
,,,HA,bjgja.a,,,cjg.a,bcbhd.a,,dcbde.a,HNL,HonoluluHI,HI,bf.a,Hawaii,c.a
,e.a,,,cadji.a,,,dcic.a,bbcji.a,,dabje.a,DFW,Dallas/FortWorthTX,TX,ei.a,,he.a
,d.a,cabcbcbj.a,,,,,ffab.a,bfgah.a,,dfffa.a,VLD,,GA,bd.a,Georgia,de.a
,e.a,cabcbcch.a,,cadgg.a,EV,Nbffhc,gbhb.a,bbgdh.a,bbgdhad.a,dbgdh.a,,FargoND,ND,di.a,NorthDakota,gg.a
cg.a,,cabcbccg.a,DL,,DL,NdihDA,,,bbeddac.a,,,,MI,cg.a,Michigan,ed.a
j.a,,cabcbcaj.a,AA,,AA,NffeAA,,,bbcjiad.a,dabje.a,DFW,Dallas/FortWorthTX,TX,,,he.a
,c.a,cabcbcae.a,EV,cadgg.a,,NifcAS,fdac.a,beejc.a,beejcac.a,deejc.a,RDU,,,dh.a,NorthCarolina,
,,,HA,,HA,NeidHA,dgh.a,,bchfiad.a,dchfi.a,,KonaHI,HI,bf.a,Hawaii,c.a
ca.a,,cabcbcca.a,AA,bjiaf.a,,,,bbcji.a,,,DFW,Dallas/FortWorthTX,TX,,,he.a
ca.a,,cabcbcca.a,DL,bjhja.a,,,,bbagg.a,,,CMH,ColumbusOH,OH,dj.a,Ohio,ee.a
,f.a,cabcbcah.a,,cadgg.a,EV,Nbbfeh,dcfh.a,bccgg.a,bccggad.a,dbefd.a,,HoustonTX,TX,ei.a,,he.a
,g.a,,FL,caedh.a,FL,NijfAT,dba.a,bbjig.a,bbjigad.a,dbjig.a,,,MI,cg.a,Michigan,ed.a
,b.a,cabcbcce.a,EV,cadgg.a,,,gaeh.a,bbcfj.a,,dabje.a,DAL,DallasTX,TX,ei.a,,he.a
,h.a,,MQ,cadji.a,MQ,NhbcMQ,deec.a,bbcji.a,bbcjiad.a,dabje.a,,Dallas/FortWorthTX,TX,ei.a,,he.a
,d.a,,,cadji.a,,,dhdb.a,bdjda.a,,dajhh.a,ORD,,IL,bh.a,Illinois,
d.a,,cabcbcad.a,DL,,DL,NdedNB,,,badjhaf.a,dadjh.a,,,GA,bd.a,Georgia,de.a
cg.a,,cabcbccg.a,DL,,,NdhfhD,,,beejcac.a,,RDU,,,dh.a,NorthCarolina,
f.a,,cabcbcaf.a,AA,,AA,NeXYAA,,,baecdac.a,daecd.a,AUS,AustinTX,TX,,,he.a
i.a,,cabcbcai.a,AA,,AA,NdCSAA,,,bbcjiad.a,dabje.a,DFW,Dallas/FortWorthTX,TX,,,he.a
cc.a,g.a,cabcbccc.a,US,cadff.a,,,dhe.a,bbafh.a,,,CLT,,NC,dh.a,NorthCarolina,dg.a
ch.a,,cabcbcch.a,WN,bjdjd.a,WN,NgjdSW,eeea.a,bcbjb.a,bcbjbac.a,,HOU,HoustonTX,TX,ei.a,,he.a
,f.a,cabcbcbe.a,,cadgg.a,EV,NigiAS,ejag.a,bdecc.a,bdeccac.a,dafgc.a,,MobileAL,,b.a,Alabama,
ca.a,e.a,cabcbcca.a,,cadff.a,,,bgid.a,bbafh.a,,,CLT,,NC,dh.a,NorthCarolina,dg.a
bf.a,g.a,,UA,,UA,NebfUA,jif.a,,bddadad.a,dcegh.a,MIA,MiamiFL,,,,dd.a
cg.a,,cabcbccg.a,WN,bjdjd.a,WN,NcjdWN,efbd.a,bciij.a,bciijad.a,,LAS,LasVegasNV,NV,dc.a,Nevada,if.a
,c.a,,MQ,,MQ,NdAEMQ,eggc.a,,bcjfdac.a,dbhad.a,,NewYorkNY,,dg.a,NewYork,cc.a
da.a,,cabcbcda.a,WN,bjdjd.a,WN,NggdSW,bdjg.a,bebah.a,bebahac.a,,PHX,PhoenixAZ,,e.a,Arizona,
cg.a,,cabcbccg.a,WN,,WN,NdifSW,dcfg.a,,bedahac.a,,PVD,ProvidenceRI,,ee.a,RhodeIsland,
d.a,,cabcbcad.a,AS,,,NdajAS,,,behehad.a,daffj.a,SEA,SeattleWA,WA,,,
cj.a,g.a,,OO,,,NebcSW,ehic.a,,beigjad.a,,SLC,SaltLakeCityUT,,ej.a,,
bg.a,h.a,,OO,,OO,NdabYV,gcge.a,,bbgdiae.a,dbgdi.a,,FresnoCA,CA,g.a,California,jb.a
,e.a,,,cadji.a,MQ,NgfeMQ,ddbd.a,bbcji.a,bbcjiad.a,dabje.a,,Dallas/FortWorthTX,TX,ei.a,,he.a
ch.a,e.a,cabcbcch.a,,cadhi.a,YV,Nchdbi,baaf.a,bcbhd.a,bcbhdab.a,,HNL,HonoluluHI,HI,bf.a,Hawaii,c.a
bh.a,b.a,,OO,cadae.a,,,ffdd.a,bbcjc.a,,dadcf.a,DEN,DenverCO,CO,i.a,Colorado,ic.a
,d.a,cabcbcaf.a,,cadgg.a,EV,Nbejhe,fied.a,bdjda.a,bdjdaac.a,dajhh.a,,,IL,bh.a,Illinois,
cb.a,,cabcbccb.a,WN,,,,dfcf.a,beidb.a,,,SJC,SanJoseCA,CA,g.a,California,
,c.a,,MQ,cadji.a,MQ,NgejMQ,djdf.a,bdjda.a,bdjdaac.a,dajhh.a,,,IL,bh.a,Illinois,
cb.a,,cabcbccb.a,DL,bjhja.a,,,,bcjfd.a,,,LGA,NewYorkNY,,dg.a,NewYork,cc.a
b.a,g.a,cabcbcab.a,US,cadff.a,US,NbgbUW,bgac.a,bbafh.a,bbafhad.a,dbafh.a,CLT,,NC,dh.a,NorthCarolina,dg.a
cd.a,h.a,,UA,bjjhh.a,,,bfaf.a,bdjda.a,,,ORD,,IL,,,
bh.a,b.a,cabcbcbh.a,US,cadff.a,,,hdj.a,bebaa.a,,debaa.a,PHL,PhiladelphiaPA,,ec.a,Pennsylvania,
,b.a,cabcbcba.a,EV,cadgg.a,EV,Nbdjge,eefe.a,bccbh.a,bccbhac.a,dacff.a,,HuntsvilleAL,AL,b.a,Alabama,fb.a
,b.a,cabcbcbh.a,EV,cadgg.a,,,dide.a,bddec.a,,dddec.a,MKE,MilwaukeeWI,,ff.a,,ef.a
db.a,b.a,,UA,,UA,Ndjebi,baec.a,,bccggad.a,dbefd.a,IAH,HoustonTX,TX,,,he.a
ca.a,e.a,cabcbcca.a,,cadhi.a,,,cgaf.a,bbafh.a,,,CLT,,NC,dh.a,NorthCarolina,dg.a
b.a,,cabcbcab.a,AA,,AA,NeicAA,,,babeaac.a,dabea.a,ABQ,AlbuquerqueNM,NM,,,ig.a
,h.a,cabcbcac.a,Fj,caedg.a,,NjeiFR,cga.a,bbcjc.a,,dadcf.a,DEN,DenverCO,CO,i.a,Colorado,ic.a
ci.a,,cabcbcci.a,WN,bjdjd.a,WN,NidbbQ,dead.a,bdcdc.a,bdcdcac.a,,MDW,,IL,bh.a,Illinois,eb.a
,g.a,cabcbcai.a,EV,cadgg.a,EV,Nbefgi,fjgc.a,bbjig.a,bbjigad.a,dbjig.a,,,MI,cg.a,Michigan,ed.a
db.a,,cabcbcdb.a,DL,bjhja.a,,NjiaDL,,baicb.a,,daifc.a,BWI,,MD,ce.a,Maryland,df.a
ch.a,e.a,cabcbcch.a,,,Bg,NfdgJB,eef.a,,bahcbac.a,,BOS,BostonMA,MA,cf.a,Massachusetts,bd.a
da.a,h.a,,UA,,,Ndhech,bgif.a,,behhbab.a,,SFO,SanFranciscoCA,CA,,,
,e.a,cabcbcch.a,,caedg.a,,NjafFR,ffh.a,bbcjc.a,,dadcf.a,DEN,DenverCO,CO,i.a,Colorado,ic.a
cd.a,h.a,cabcbccd.a,US,,,,efi.a,beigj.a,,,SLC,SaltLakeCityUT,,ej.a,,
g.a,e.a,cabcbcag.a,,cadff.a,US,NbghUS,beif.a,bbafh.a,bbafhad.a,dbafh.a,CLT,,NC,dh.a,NorthCarolina,dg.a
,e.a,,,cadji.a,,,cjdd.a,bcbjb.a,,dbefd.a,HOU,HoustonTX,TX,ei.a,,he.a
j.a,,cabcbcaj.a,DL,bjhja.a,DL,NhadTW,,bcijc.a,bcijcad.a,dcfhf.a,LAX,LosAngelesCA,CA,g.a,California,jb.a
bg.a,h.a,,OO,cadae.a,,NjcaSW,gcig.a,behhb.a,,dcefh.a,SFO,SanFranciscoCA,CA,g.a,California,
,f.a,cabcbcah.a,,,EV,NgaeQX,fdbg.a,,bbeddac.a,dbcjf.a,,,MI,cg.a,Michigan,ed.a
,f.a,,,cadji.a,,NgehMQ,dcfd.a,behda.a,behdaad.a,ddaee.a,SDF,LouisvilleKY,,cb.a,Kentucky,
,h.a,cabcbccd.a,EV,cadgg.a,,,,bccgg.a,,dbefd.a,IAH,HoustonTX,TX,ei.a,,he.a
cb.a,f.a,cabcbccb.a,,cadhi.a,,,cgfe.a,bdcee.a,,,MEM,MemphisTN,,eh.a,Tennessee,fe.a
db.a,,cabcbcdb.a,WN,bjdjd.a,WN,NidbaC,jed.a,bbcjc.a,bbcjcac.a,dadcf.a,DEN,DenverCO,CO,i.a,Colorado,ic.a
ci.a,f.a,,,cadae.a,,NjdcSW,fcgh.a,bccgg.a,,,IAH,HoustonTX,TX,ei.a,,he.a
da.a,,cabcbcda.a,WN,bjdjd.a,WN,NhjiSW,dbhh.a,bdihb.a,bdihbac.a,,OMA,OmahaNE,,db.a,Nebraska,
,b.a,,MQ,cadji.a,,,cjah.a,bbcji.a,,dabje.a,DFW,Dallas/FortWorthTX,TX,ei.a,,he.a
,c.a,cabcbccf.a,EV,cadgg.a,,,,bbgbi.a,,dbhad.a,EWR,NewarkNJ,,de.a,NewJersey,cb.a
bd.a,e.a,,,cadae.a,,NigjAS,cgah.a,befha.a,befhaac.a,defha.a,RNO,RenoNV,,dc.a,Nevada,
bg.a,,cabcbcbg.a,DL,bjhja.a,DL,NhfaAT,,bdida.a,bdidaac.a,ddida.a,,KahuluiHI,HI,bf.a,Hawaii,
,f.a,cabcbcah.a,,,,Nbejea,ebbc.a,bfdha.a,bfdhaac.a,degfd.a,TUL,TulsaOK,OK,ea.a,Oklahoma,hd.a
bf.a,g.a,,OO,,OO,NgadSK,egjb.a,,bebahac.a,daegg.a,,PhoenixAZ,,e.a,Arizona,
,e.a,,,,MQ,NgbgMQ,deaa.a,,bcbjbac.a,dbefd.a,,HoustonTX,TX,ei.a,,he.a
,g.a,cabcbccc.a,EV,cadgg.a,,,,badjh.a,,dadjh.a,ATL,,GA,bd.a,Georgia,de.a
bi.a,,cabcbcbi.a,WN,bjdjd.a,,,befc.a,babea.a,,,ABQ,AlbuquerqueNM,NM,df.a,NewMexico,ig.a
bc.a,,cabcbbbc.a,AA,,,NffgAA,,,bfdhaac.a,degfd.a,TUL,TulsaOK,OK,,,hd.a
,h.a,,MQ,,MQ,NgbaMQ,dfhj.a,,bddadad.a,dcegh.a,,MiamiFL,,bc.a,Florida,dd.a
bf.a,g.a,,UA,bjjhh.a,UA,Nbjbbh,bhee.a,bbcjc.a,bbcjcac.a,dadcf.a,DEN,DenverCO,CO,,,ic.a
bi.a,c.a,,OO,cadae.a,,,ehbj.a,bcijc.a,,,LAX,LosAngelesCA,CA,g.a,California,jb.a
bi.a,,cabcbcbi.a,WN,bjdjd.a,,,dhbe.a,bdbji.a,,,MCI,KansasCityMO,MO,cj.a,Missouri,ge.a
,,,HA,,HA,NeiaHA,bab.a,,bceacad.a,dceac.a,,HiloHI,HI,bf.a,Hawaii,c.a
g.a,e.a,cabcbcag.a,,,US,NfffAY,beeg.a,,bcijcad.a,dcfhf.a,LAX,LosAngelesCA,CA,g.a,California,jb.a
bg.a,,cabcbcbg.a,AA,,AA,NeggAA,,,bbcjiad.a,dabje.a,DFW,Dallas/FortWorthTX,TX,,,he.a
bi.a,,cabcbcbi.a,AA,,,,,beigj.a,,,SLC,SaltLakeCityUT,,,,
ba.a,,cabcbcba.a,DL,bjhja.a,,NjgjDL,,bahjc.a,,dahjc.a,BUF,BuffaloNY,NY,dg.a,NewYork,cc.a
cg.a,,cabcbccg.a,DL,,DL,NfjbNW,,,bdeihac.a,,,MinneapolisMN,,ch.a,Minnesota,
d.a,,cabcbcad.a,WN,bjdjd.a,WN,NhbgSW,jgg.a,bbedd.a,bbeddac.a,dbcjf.a,DTW,,MI,cg.a,Michigan,ed.a
bc.a,,cabcbcbc.a,AS,,,NfgfAS,,,behehad.a,daffj.a,SEA,SeattleWA,WA,,,
cd.a,,cabcbccd.a,DL,bjhja.a,,,,beghj.a,,,SAN,SanDiegoCA,,g.a,California,
,b.a,cabcbcce.a,EV,cadgg.a,,,ebgi.a,bccgg.a,,dbefd.a,IAH,HoustonTX,TX,ei.a,,he.a
,e.a,cabcbcch.a,,cadgg.a,EV,Nbcjde,efif.a,bebjd.a,bebjdad.a,ddhci.a,,PensacolaFL,,bc.a,Florida,
cg.a,,cabcbccg.a,AA,,,NeYPAA,,,beijdac.a,,SMF,SacramentoCA,,,,jb.a
,g.a,cabcbcai.a,EV,cadgg.a,EV,NgibBR,eiic.a,bbedd.a,bbeddac.a,dbcjf.a,,,MI,cg.a,Michigan,ed.a
,d.a,,,caedh.a,,NjjeAT,bgi.a,bahcb.a,,dahcb.a,BOS,BostonMA,MA,cf.a,Massachusetts,bd.a
cc.a,,cabcbccc.a,WN,bjdjd.a,,,dhhi.a,bbfea.a,,,ELP,ElPasoTX,TX,ei.a,,he.a
f.a,,cabcbcaf.a,WN,bjdjd.a,WN,NhhiSW,bbcc.a,bdcdc.a,bdcdcac.a,dajhh.a,MDW,,IL,bh.a,Illinois,eb.a
bg.a,h.a,,OO,cadae.a,,,eege.a,bbcji.a,,dabje.a,DFW,Dallas/FortWorthTX,TX,ei.a,,he.a
bh.a,,cabcbcbh.a,DL,,,,,beigj.a,,degbe.a,SLC,SaltLakeCityUT,,ej.a,,
bj.a,d.a,,,cadae.a,,,fffg.a,bddii.a,,,MMH,MammothLakesCA,,g.a,California,
,c.a,cabcbcae.a,EV,cadgg.a,EV,Nbfjid,egbf.a,bdcfg.a,bdcfgac.a,ddcfg.a,,Mission/McAllen/EdinburgTX,,ei.a,,he.a
be.a,,cabcbcbe.a,DL,,,NhfaAT,,beigj.a,beigjad.a,degbe.a,SLC,SaltLakeCityUT,,ej.a,,
cb.a,f.a,,,bjjhh.a,,,bbha.a,bccge.a,,,IAD,,VA,,,di.a
,f.a,,,cadji.a,MQ,NiadMQ,deib.a,bddad.a,bddadad.a,dcegh.a,,MiamiFL,,bc.a,Florida,dd.a
ci.a,,cabcbcci.a,AA,,AA,NdAYAA,,,bcijcad.a,,LAX,LosAngelesCA,CA,,,jb.a
cf.a,,cabcbccf.a,WN,bjdjd.a,,,gji.a,bafcj.a,,,BDL,HartfordCT,CT,j.a,Connecticut,bb.a
bb.a,c.a,cabcbcbb.a,Bg,,Bg,NfcbJB,,,bcehiac.a,dbhad.a,JFK,NewYorkNY,,dg.a,NewYork,cc.a
cb.a,,cabcbccb.a,AA,bjiaf.a,,,,bbcji.a,,,DFW,Dallas/FortWorthTX,TX,,,he.a
,h.a,cabcbcac.a,EV,cadgg.a,EV,Nbejcf,egaj.a,bccgg.a,bccggad.a,dbefd.a,,HoustonTX,TX,ei.a,,he.a
h.a,f.a,,,bjjhh.a,UA,Nhfifb,bfhb.a,bcijc.a,bcijcad.a,dcfhf.a,LAX,LosAngelesCA,CA,,,jb.a
be.a,,cabcbcbe.a,WN,,WN,NfcfSW,dfgc.a,,baecdac.a,daecd.a,AUS,AustinTX,TX,ei.a,,he.a
ca.a,e.a,,,bjjhh.a,,,cjj.a,bbgbi.a,,,EWR,NewarkNJ,,,,cb.a
ci.a,f.a,,,,,NiceSK,egea.a,beigj.a,beigjad.a,,SLC,SaltLakeCityUT,,ej.a,,
,e.a,,,,FL,NgaiAT,baa.a,,badjhaf.a,dadjh.a,,,GA,bd.a,Georgia,de.a
,f.a,cabcbcci.a,,,,NcajFR,fhc.a,beigj.a,beigjad.a,degbe.a,SLC,SaltLakeCityUT,,ej.a,,
,f.a,cabcbcah.a,,cadgg.a,EV,Nccjhb,ebcj.a,bbgbi.a,bbgbiac.a,dbhad.a,,NewarkNJ,,de.a,NewJersey,cb.a
bf.a,g.a,cabcbcbf.a,YV,cadhi.a,,NjfgLR,chga.a,babea.a,,dabea.a,ABQ,AlbuquerqueNM,NM,df.a,NewMexico,ig.a
,c.a,cabcbccf.a,EV,cadgg.a,,,gbii.a,bdjda.a,,dajhh.a,ORD,,IL,bh.a,Illinois,
,g.a,cabcbccj.a,EV,cadgg.a,EV,Nccjaj,dcgh.a,bbaec.a,bbaecac.a,dageh.a,,,OH,dj.a,Ohio,ee.a
e.a,,cabcbcae.a,WN,,WN,NgdiSW,bajb.a,,bebahac.a,daegg.a,PHX,PhoenixAZ,,e.a,Arizona,
j.a,h.a,,OO,,OO,NfgcSW,gcdi.a,,babfhad.a,dabfh.a,,Arcata/EurekaCA,CA,g.a,California,jb.a
cf.a,c.a,cabcbccf.a,YV,cadhi.a,,,dheg.a,bdjda.a,,,ORD,,IL,bh.a,Illinois,
d.a,,cabcbcad.a,WN,bjdjd.a,WN,NccgWN,baee.a,bbcjc.a,bbcjcac.a,dadcf.a,DEN,DenverCO,CO,i.a,Colorado,ic.a
ba.a,,cabcbcba.a,DL,bjhja.a,,NgejDL,,beejc.a,beejcac.a,deejc.a,RDU,,,,,
cj.a,,cabcbccj.a,DL,bjhja.a,DL,NghbfC,,badjh.a,badjhaf.a,,,,GA,bd.a,Georgia,de.a
bj.a,d.a,,,bjjhh.a,,,bahi.a,bccgg.a,,,IAH,HoustonTX,TX,,,he.a
bi.a,,cabcbcbi.a,AA,bjiaf.a,,,,bbchi.a,,,DCA,,VA,,,di.a
d.a,,cabcbcad.a,WN,bjdjd.a,WN,NgijSW,e.a,bcbjb.a,bcbjbac.a,dbefd.a,HOU,HoustonTX,TX,ei.a,,he.a
,c.a,,MQ,cadji.a,MQ,NgehMQ,cjfj.a,bbcji.a,bbcjiad.a,dabje.a,,Dallas/FortWorthTX,TX,ei.a,,he.a
da.a,h.a,,OO,,OO,NfeiCA,eeig.a,,bbeddac.a,,,,MI,cg.a,Michigan,ed.a
cb.a,f.a,cabcbccb.a,,cadff.a,,,bajd.a,beejc.a,,,RDU,,,dh.a,NorthCarolina,
cb.a,f.a,,,cadae.a,,,cjif.a,babea.a,,,ABQ,AlbuquerqueNM,NM,df.a,NewMexico,ig.a
h.a,,cabcbcah.a,AA,,AA,NeXYAA,,,babeaac.a,dabea.a,ABQ,AlbuquerqueNM,NM,,,ig.a
ci.a,,cabcbcci.a,DL,bjhja.a,,NjhbDL,,badjh.a,,,ATL,,GA,,,de.a
ci.a,,cabcbcci.a,WN,,,NgccSW,bbja.a,,begidad.a,,SAT,SanAntonioTX,,ei.a,,
ch.a,,cabcbcch.a,AA,,AA,NfgfAA,,,bdcfgac.a,,MFE,Mission/McAllen/EdinburgTX,,,,he.a
bb.a,,cabcbcbb.a,DL,,DL,NdgbNB,,,bbeddac.a,dbcjf.a,,,MI,,,ed.a
bi.a,,cabcbcbi.a,DL,bjhja.a,,,,baicb.a,,,BWI,,MD,,,df.a
g.a,,cabcbcag.a,WN,,WN,NdbhWN,bbai.a,,bdbjiab.a,ddbji.a,MCI,KansasCityMO,MO,cj.a,Missouri,ge.a
d.a,b.a,cabcbcad.a,Bg,,Bg,NfjiJB,,,bdcaeac.a,dbefe.a,MCO,,,bc.a,Florida,dd.a
da.a,,cabcbcda.a,WN,,WN,NecjWN,edj.a,,bdcdcac.a,,MDW,,IL,bh.a,Illinois,eb.a
c.a,,cabcbcac.a,AA,,AA,NfgaAA,,,bdjdaac.a,dajhh.a,ORD,,IL,,,
bc.a,,cabcbcbc.a,DL,,DL,NdcbNB,,,bdeihac.a,dbgfa.a,,MinneapolisMN,,,,
cf.a,c.a,cabcbccf.a,Bg,caeaj.a,,,,bdcae.a,,,MCO,,,bc.a,Florida,dd.a
be.a,f.a,,,,UA,NfahUA,fhg.a,,bbcjcac.a,dadcf.a,DEN,DenverCO,CO,,,ic.a
cb.a,,cabcbccb.a,AA,bjiaf.a,,,bgid.a,bbcji.a,,,DFW,Dallas/FortWorthTX,TX,,,he.a
ba.a,,cabcbcba.a,AA,,AA,NfhbAA,fab.a,,bbcjiad.a,dabje.a,DFW,Dallas/FortWorthTX,TX,,,he.a
ci.a,,cabcbcci.a,DL,,DL,NddeNB,,,badjhaf.a,,,,GA,,,de.a
ba.a,,cabcbcba.a,DL,bjhja.a,DL,NgjjDL,,badjh.a,badjhaf.a,dadjh.a,,,GA,,,de.a
bj.a,d.a,,,cadae.a,,,ffaa.a,bbcjc.a,,,DEN,DenverCO,CO,i.a,Colorado,ic.a
,h.a,cabcbcac.a,EV,cadgg.a,EV,Nbdjij,,bbgbi.a,bbgbiac.a,dbhad.a,,NewarkNJ,,de.a,NewJersey,cb.a
f.a,,cabcbbaf.a,AA,,AA,NfjjAA,bfd.a,,bdcaeac.a,dbefe.a,MCO,OrlandoFL,,,,dd.a
bi.a,c.a,,OO,cadae.a,,,fdhi.a,bdjda.a,,,ORD,,IL,bh.a,Illinois,
,,,HA,bjgja.a,,,bca.a,bcbhd.a,,dcbde.a,HNL,HonoluluHI,HI,bf.a,Hawaii,c.a
ca.a,,cabcbcca.a,DL,bjhja.a,,,,bdcae.a,,,MCO,OrlandoFL,,,,dd.a
cb.a,,cabcbccb.a,WN,bjdjd.a,,,dghg.a,bbcfj.a,,,DAL,DallasTX,TX,ei.a,,he.a
cg.a,,cabcbccg.a,WN,,WN,NgdfSW,eedi.a,,bciijad.a,,LAS,LasVegasNV,NV,dc.a,Nevada,if.a
i.a,,cabcbcai.a,AA,,AA,NdGGAA,bicb.a,,bddadad.a,dcegh.a,MIA,MiamiFL,,,,dd.a
c.a,,cabcbcac.a,WN,,WN,NeiaWN,cfeg.a,,bbeddac.a,dbcjf.a,DTW,,MI,cg.a,Michigan,ed.a
ce.a,b.a,,OO,cadae.a,,,fgbj.a,bbcjc.a,,,DEN,DenverCO,CO,i.a,Colorado,ic.a
cf.a,c.a,cabcbccf.a,US,cadff.a,,,bfha.a,bbafh.a,,,CLT,,NC,dh.a,NorthCarolina,dg.a
bh.a,,cabcbcbh.a,WN,bjdjd.a,,,bcjc.a,bdcdc.a,,dajhh.a,MDW,,IL,bh.a,Illinois,eb.a
bc.a,d.a,cabcbcbc.a,,,Bg,NgdcJB,ehg.a,,bdcaeac.a,dbefe.a,MCO,OrlandoFL,,bc.a,Florida,dd.a
,f.a,cabcbcah.a,,cadgg.a,EV,NiiaAS,fcjj.a,bbbjd.a,bbbjdac.a,ddbaf.a,,CincinnatiOH,KY,cb.a,Kentucky,fc.a
,c.a,,MQ,,,,djaj.a,bfebc.a,,dfebc.a,TYS,KnoxvilleTN,TN,eh.a,Tennessee,fe.a
be.a,,cabcbcbe.a,AA,,AA,NeWPAA,bacg.a,,bbcjiad.a,dabje.a,DFW,Dallas/FortWorthTX,TX,,,he.a
,e.a,cabcbcag.a,,cadgg.a,EV,Nbiffh,gacb.a,bbjjg.a,bbjjgad.a,dbihb.a,,,SC,ef.a,SouthCarolina,dh.a
cj.a,,cabcbccj.a,WN,,WN,NeeaLV,cajd.a,,bcijcad.a,,LAX,LosAngelesCA,CA,g.a,California,jb.a
d.a,,cabcbcad.a,DL,bjhja.a,,NjcgDL,,bafjj.a,,dafjj.a,BHM,BirminghamAL,AL,,,fb.a
cf.a,c.a,cabcbccf.a,US,cadff.a,,,fje.a,befha.a,,,RNO,RenoNV,,dc.a,Nevada,
ci.a,f.a,,,,OO,NfgcSW,gede.a,,bafgbad.a,,,BakersfieldCA,CA,g.a,California,jb.a
bc.a,,cabcbcbc.a,WN,bjdjd.a,WN,NgidSW,dibe.a,baicb.a,baicbad.a,daifc.a,BWI,,MD,ce.a,Maryland,df.a
e.a,c.a,,UA,,,NechUA,dge.a,,beidbad.a,dcefh.a,SJC,SanJoseCA,CA,,,
i.a,,cabcbcai.a,WN,bjdjd.a,WN,NhfeSW,eiid.a,baecd.a,baecdac.a,daecd.a,AUS,AustinTX,TX,ei.a,,he.a
,,,HA,bjgja.a,,,cjg.a,bcbhd.a,,dcbde.a,HNL,HonoluluHI,HI,bf.a,Hawaii,c.a
db.a,b.a,,UA,,UA,NehfUA,efd.a,,bbcjcac.a,dadcf.a,DEN,DenverCO,CO,,,ic.a
da.a,,cabcbcda.a,WN,bjdjd.a,WN,NhhcgA,cfee.a,bbcjc.a,bbcjcac.a,,DEN,DenverCO,CO,i.a,Colorado,ic.a
cj.a,g.a,cabcbccj.a,Bg,caeaj.a,Bg,NcheJB,,bcehi.a,bcehiac.a,,JFK,NewYorkNY,,dg.a,NewYork,cc.a
,e.a,cabcbcch.a,,cadgg.a,EV,Nbebgc,dicc.a,bbaec.a,bbaecac.a,dageh.a,,,OH,dj.a,Ohio,ee.a
bh.a,,cabcbcbh.a,AA,bjiaf.a,,,bhbj.a,baicb.a,,daifc.a,BWI,,MD,,,df.a
,d.a,,,cadji.a,MQ,NiadMQ,eehj.a,bcjfd.a,bcjfdac.a,dbhad.a,,NewYorkNY,,dg.a,NewYork,cc.a
ci.a,,cabcbbci.a,AA,,AA,NdbjAA,cb.a,,bcehiac.a,,JFK,NewYorkNY,,,,cc.a
f.a,,cabcbcaf.a,DL,,DL,NdhbNW,,,bdcaeac.a,dbefe.a,,,,,,dd.a
,,,HA,,HA,NeiaHA,fjf.a,,bdidaac.a,ddida.a,,KahuluiHI,HI,bf.a,Hawaii,
,d.a,cabcbcbj.a,,,,,fdhe.a,beibe.a,,daehg.a,SHV,ShreveportLA,LA,cc.a,Louisiana,
,c.a,,FL,,,,fei.a,bfdae.a,,ddbjf.a,TPA,,FL,bc.a,Florida,dd.a
ch.a,e.a,cabcbcch.a,,caeaj.a,Bg,NicbJB,ceh.a,bdhjg.a,bdhjgab.a,,OAK,OaklandCA,,g.a,California,
,h.a,cabcbcac.a,EV,cadgg.a,EV,Nbejea,,bccgg.a,bccggad.a,dbefd.a,,HoustonTX,TX,ei.a,,he.a
,g.a,,FL,caedh.a,,NjhbAT,gaf.a,bdcae.a,,dbefe.a,MCO,,,bc.a,Florida,dd.a
bg.a,h.a,,OO,cadae.a,,,gefc.a,bbgdi.a,,dbgdi.a,FAT,FresnoCA,CA,g.a,California,jb.a
ci.a,,cabcbcci.a,WN,,WN,NedcWN,eai.a,,bbgbiac.a,,EWR,NewarkNJ,,de.a,NewJersey,cb.a
bi.a,,cabcbcbi.a,WN,bjdjd.a,,,bbbc.a,bdcdc.a,,,MDW,,IL,bh.a,Illinois,eb.a
h.a,f.a,cabcbcah.a,,cadff.a,US,NiaiAW,ggi.a,bebah.a,bebahac.a,daegg.a,PHX,PhoenixAZ,,e.a,Arizona,
,e.a,,,caedh.a,,NjdgAT,bhd.a,bahcb.a,,dahcb.a,BOS,BostonMA,MA,cf.a,Massachusetts,bd.a
,f.a,cabcbcci.a,,cadgg.a,,NjdfEV,fdhb.a,badjh.a,,dadjh.a,ATL,,GA,bd.a,Georgia,de.a
cc.a,,cabcbccc.a,WN,bjdjd.a,,,djgc.a,bcijc.a,,,LAX,LosAngelesCA,CA,g.a,California,jb.a
bb.a,c.a,,UA,,UA,Nddcge,bgah.a,,baecdac.a,daecd.a,AUS,AustinTX,TX,,,he.a
cg.a,,cabcbccg.a,WN,,WN,NeghWN,eide.a,,bdcdcac.a,,MDW,,IL,bh.a,Illinois,eb.a
f.a,d.a,,,,OO,NfifSW,gcjd.a,,babfhad.a,dabfh.a,,Arcata/EurekaCA,CA,g.a,California,jb.a
cf.a,,cabcbccf.a,AA,bjiaf.a,,,bcbf.a,bccbh.a,,,HSV,HuntsvilleAL,AL,,,fb.a
d.a,,cabcbcad.a,AS,,AS,NgbfAS,,,bcijcad.a,dcfhf.a,LAX,LosAngelesCA,CA,,,jb.a
,c.a,cabcbcbi.a,EV,cadgg.a,,,,bccge.a,,daifc.a,IAD,,VA,fb.a,,di.a
ch.a,,cabcbcch.a,WN,bjdjd.a,WN,NcgiWN,fdd.a,bdbji.a,bdbjiab.a,,MCI,KansasCityMO,MO,cj.a,Missouri,ge.a
,h.a,cabcbcac.a,EV,cadgg.a,EV,NhfiEV,,bbbjd.a,bbbjdac.a,ddbaf.a,,CincinnatiOH,KY,cb.a,Kentucky,fc.a
cf.a,,cabcbccf.a,WN,bjdjd.a,,,igj.a,bdeih.a,,,MSP,MinneapolisMN,,ch.a,Minnesota,
b.a,g.a,,UA,,,NecaUA,ifd.a,,bfdaeac.a,ddbjf.a,TPA,,FL,,,dd.a
cc.a,,cabcbccc.a,DL,,,,,bfdae.a,,,TPA,,FL,,,dd.a
cj.a,,cabcbccj.a,DL,bjhja.a,DL,NgfbDL,,bacjj.a,bacjjae.a,,,AnchorageAK,AK,,,b.a
be.a,,cabcbcbe.a,DL,,DL,NfabUS,,,badjhaf.a,dadjh.a,,,GA,,,de.a
db.a,b.a,cabcbcdb.a,US,,US,NgcgAW,ja.a,,badjhaf.a,dadjh.a,ATL,,GA,bd.a,Georgia,de.a
b.a,,cabcbcab.a,AA,,AA,NdJEAA,bicb.a,,bddadad.a,dcegh.a,MIA,,,,,dd.a
e.a,c.a,,UA,,UA,Ndgeee,bgjc.a,,bdejfac.a,ddejf.a,MSY,NewOrleansLA,,,,
,g.a,,MQ,cadji.a,,,dgdc.a,bbafh.a,,dbafh.a,CLT,,NC,dh.a,NorthCarolina,dg.a
e.a,,cabcbcae.a,AA,,AA,NfCGAA,cajj.a,,bcjfdac.a,dbhad.a,LGA,NewYorkNY,,,,cc.a
cc.a,,cabcbccc.a,DL,bjhja.a,,,,badjh.a,,,ATL,,GA,,,de.a
cd.a,h.a,cabcbccd.a,Bg,caeaj.a,,,,bdcae.a,,,MCO,,,bc.a,Florida,dd.a
e.a,,cabcbcae.a,AA,,,NdceAA,ca.a,,behhbab.a,dcefh.a,SFO,SanFranciscoCA,CA,,,
,h.a,,FL,caedh.a,,NjcgAT,dji.a,bdcae.a,,dbefe.a,MCO,,,bc.a,Florida,dd.a
bd.a,,cabcbcbd.a,WN,bjdjd.a,WN,NidafE,jhe.a,bdcae.a,bdcaeac.a,dbefe.a,MCO,,,bc.a,Florida,dd.a
b.a,g.a,cabcbcab.a,US,,US,NefdUW,bghj.a,,bbafhad.a,dbafh.a,CLT,,NC,dh.a,NorthCarolina,dg.a
f.a,,cabcbcaf.a,AS,,,NfgiAS,,,bejaiad.a,dcfhf.a,SNA,SantaAnaCA,CA,,,jb.a
db.a,b.a,,UA,bjjhh.a,UA,Nhgfai,bag.a,baecd.a,baecdac.a,daecd.a,AUS,AustinTX,TX,,,he.a
f.a,,cabcbcaf.a,AA,,AA,NfefAA,ccia.a,,bbcjiad.a,dabje.a,DFW,Dallas/FortWorthTX,TX,,,he.a
d.a,b.a,,OO,cadae.a,,NiacSK,egfa.a,begid.a,begidad.a,ddcbe.a,SAT,SanAntonioTX,,ei.a,,
g.a,e.a,,,cadae.a,,NjgaSW,geif.a,bahbd.a,,dahbd.a,BOI,BoiseID,ID,bg.a,Idaho,id.a
,c.a,,MQ,cadji.a,,,ddfd.a,bbcji.a,,dabje.a,DFW,Dallas/FortWorthTX,TX,ei.a,,he.a
,e.a,,,,MQ,NfcaMQ,dhbh.a,,bccggad.a,dbefd.a,,HoustonTX,TX,ei.a,,he.a
cj.a,,cabcbccj.a,WN,bjdjd.a,WN,NcciWN,bgeh.a,bciij.a,bciijad.a,,LAS,LasVegasNV,NV,dc.a,Nevada,if.a
bj.a,,cabcbcbj.a,DL,bjhja.a,,,,bdejf.a,,,MSY,NewOrleansLA,,,,
d.a,,cabcbcad.a,DL,bjhja.a,DL,NghbfC,,beafh.a,beafhac.a,deafh.a,,PortlandOR,,,,
cc.a,g.a,,OO,cadae.a,,,ffah.a,bbcjc.a,,,DEN,DenverCO,CO,i.a,Colorado,ic.a
e.a,,cabcbcae.a,WN,bjdjd.a,WN,NcebWN,haj.a,badjh.a,badjhaf.a,dadjh.a,ATL,,GA,bd.a,Georgia,de.a
cb.a,f.a,cabcbccb.a,,caeaj.a,,,becc.a,bcjfe.a,,,LGB,LongBeachCA,CA,g.a,California,jb.a
cb.a,f.a,cabcbccb.a,,caeaj.a,,,eig.a,bcijc.a,,,LAX,LosAngelesCA,CA,g.a,California,jb.a
cf.a,,cabcbccf.a,WN,bjdjd.a,,,cci.a,bebah.a,,,PHX,PhoenixAZ,,e.a,Arizona,
c.a,,cabcbcac.a,AA,,,NfbaAA,bhea.a,,beghjad.a,ddfha.a,SAN,SanDiegoCA,,,,
i.a,g.a,,OO,cadae.a,OO,NcjcSW,fefh.a,bbaac.a,bbaacac.a,dbaac.a,,ChicoCA,CA,g.a,California,jb.a
,d.a,cabcbcaf.a,,cadgg.a,EV,Nbgjch,eeec.a,bceei.a,bceeiad.a,dceei.a,,Jackson/VicksburgMS,MS,ci.a,Mississippi,fd.a
cd.a,,cabcbccd.a,AS,bjjda.a,,,,bdjda.a,,,ORD,,IL,,,
ce.a,b.a,cabcbcce.a,Bg,caeaj.a,,,,bdcae.a,,,MCO,,,bc.a,Florida,dd.a
cc.a,g.a,cabcbccc.a,,cadff.a,,,bccf.a,bbafh.a,,,CLT,,NC,dh.a,NorthCarolina,dg.a
,h.a,cabcbcbg.a,EV,cadgg.a,EV,Nbfjif,,bccge.a,bccgeac.a,daifc.a,,,VA,fb.a,,di.a
bc.a,d.a,,,,UA,NfjfUA,ieb.a,,bccggad.a,dbefd.a,IAH,HoustonTX,TX,,,he.a
g.a,,cabcbcag.a,WN,,,NebdWN,dcea.a,,bejaiad.a,dcfhf.a,SNA,SantaAnaCA,CA,g.a,California,jb.a
cb.a,,cabcbccb.a,WN,bjdjd.a,,,ehfg.a,bagjd.a,,,BNA,NashvilleTN,,eh.a,Tennessee,fe.a
d.a,b.a,cabcbcad.a,YV,cadhi.a,YV,Nhfjje,bahe.a,bcbhd.a,bcbhdab.a,dcbde.a,HNL,HonoluluHI,HI,bf.a,Hawaii,c.a
cf.a,c.a,cabcbccf.a,Bg,caeaj.a,,,,bcjfe.a,,,LGB,LongBeachCA,CA,g.a,California,jb.a
cf.a,c.a,cabcbccf.a,Bg,caeaj.a,,,,bahcb.a,,,BOS,BostonMA,MA,cf.a,Massachusetts,bd.a
c.a,,cabcbcac.a,WN,bjdjd.a,,NjbeWN,eai.a,bbgbi.a,,dbhad.a,EWR,NewarkNJ,,de.a,NewJersey,cb.a
ba.a,b.a,,OO,,OO,NfhiSW,gdac.a,,bcijcad.a,dcfhf.a,,LosAngelesCA,CA,g.a,California,jb.a
j.a,h.a,cabcbcaj.a,YV,cadhi.a,,NjbaFJ,cgaj.a,bbafh.a,,dbafh.a,CLT,,NC,dh.a,NorthCarolina,dg.a
h.a,f.a,,,bjjhh.a,,NiafUA,gci.a,behhb.a,behhbab.a,dcefh.a,SFO,SanFranciscoCA,CA,,,
ba.a,,cabcbcba.a,DL,,DL,NdiiDA,,,badjhaf.a,dadjh.a,,,GA,,,de.a
,e.a,cabcbcbd.a,,caedg.a,Fj,NiadFR,fdf.a,bbcjc.a,bbcjcac.a,dadcf.a,,DenverCO,CO,i.a,Colorado,ic.a
cj.a,g.a,,,bjjhh.a,UA,Nhhfda,bjf.a,beach.a,beachac.a,,PBI,,FL,,,
cj.a,g.a,,OO,cadae.a,,NjefSW,fgde.a,bebah.a,,,PHX,PhoenixAZ,,e.a,Arizona,
db.a,b.a,cabcbcdb.a,Bg,,,NfidJB,,,behehad.a,daffj.a,SEA,SeattleWA,WA,fd.a,,
cf.a,,cabcbccf.a,DL,bjhja.a,,,,bbbjd.a,,,CVG,CincinnatiOH,KY,,,fc.a
,d.a,,,cadji.a,MQ,NgghMQ,eaea.a,bdcee.a,bdceeac.a,ddcee.a,,MemphisTN,,eh.a,Tennessee,fe.a
,c.a,,FL,caedh.a,,,bfi.a,badjh.a,,dadjh.a,ATL,,GA,bd.a,Georgia,de.a
bc.a,d.a,cabcbcbc.a,,,Bg,NgaiJB,ej.a,,bcehiac.a,dbhad.a,JFK,NewYorkNY,,dg.a,NewYork,cc.a
be.a,,cabcbcbe.a,AA,,,NdGAAA,bfeb.a,,beejcac.a,deejc.a,RDU,,,,,
ce.a,b.a,,UA,bjjhh.a,,,dbi.a,behhb.a,,,SFO,SanFranciscoCA,CA,,,
bh.a,,cabcbcbh.a,AA,bjiaf.a,,,bgef.a,beejc.a,,deejc.a,RDU,,,,,
b.a,,cabcbcab.a,AA,,,NeXMAA,bbie.a,,beidbad.a,dcefh.a,SJC,SanJoseCA,CA,,,
ce.a,b.a,cabcbcce.a,US,cadff.a,,,begc.a,bbafh.a,,,CLT,,NC,dh.a,NorthCarolina,dg.a
cb.a,f.a,,,cadae.a,,,cgdb.a,bcijc.a,,,LAX,LosAngelesCA,CA,g.a,California,jb.a
,f.a,cabcbcci.a,,cadgg.a,,NjccEV,fbbd.a,bbdai.a,,dbdai.a,DHN,DothanAL,AL,b.a,Alabama,fb.a
cb.a,f.a,,,bjjhh.a,,,eae.a,bcijc.a,,,LAX,LosAngelesCA,CA,,,jb.a
,b.a,,FL,,FL,NgadAT,eef.a,,bdeihac.a,dbgfa.a,,MinneapolisMN,,ch.a,Minnesota,
,h.a,cabcbcbg.a,EV,cadgg.a,EV,Nbbfdf,,bccgg.a,bccggad.a,dbefd.a,,HoustonTX,TX,ei.a,,he.a
bh.a,b.a,cabcbcbh.a,US,cadff.a,,,bebj.a,bebaa.a,,debaa.a,PHL,PhiladelphiaPA,,ec.a,Pennsylvania,
ba.a,,cabcbcba.a,AA,,AA,NeadAA,bhdb.a,,bbcjiad.a,dabje.a,DFW,Dallas/FortWorthTX,TX,,,he.a
b.a,,cabcbcab.a,WN,,WN,NgddSW,dgeg.a,,bddecaf.a,dddec.a,MKE,MilwaukeeWI,,ff.a,,
g.a,e.a,,,,OO,NfgjSW,gehe.a,,becgcac.a,decgc.a,,PalmSpringsCA,,g.a,California,
,g.a,cabcbccc.a,EV,cadgg.a,,,,bccgg.a,,dbefd.a,IAH,HoustonTX,TX,ei.a,,he.a
ci.a,f.a,cabcbcci.a,,cbbhb.a,VX,NiegVA,bcb.a,bebaa.a,bebaaac.a,,PHL,PhiladelphiaPA,,ec.a,Pennsylvania,
bf.a,g.a,,UA,bjjhh.a,UA,Nhhihb,bgdg.a,bcbhd.a,bcbhdab.a,dcbde.a,HNL,HonoluluHI,HI,,,c.a
bf.a,g.a,cabcbcbf.a,US,,US,NefaUW,bibf.a,,bebaaac.a,debaa.a,PHL,PhiladelphiaPA,,ec.a,Pennsylvania,
cg.a,,cabcbccg.a,WN,bjdjd.a,WN,NidceA,bfhc.a,baecd.a,baecdac.a,,AUS,AustinTX,TX,ei.a,,he.a
,e.a,cabcbcca.a,,cadgg.a,,,fjff.a,bcddj.a,,dcddh.a,IND,,IN,bi.a,Indiana,ec.a
,c.a,cabcbcae.a,EV,cadgg.a,EV,Nbdjad,,bdagb.a,bdagbae.a,ddadi.a,,LaredoTX,TX,ei.a,,he.a
ch.a,,cabcbcch.a,DL,,DL,NdbiNB,,,badjhaf.a,,,,GA,,,de.a
,c.a,cabcbccf.a,EV,,,,,bfdia.a,,dfdia.a,TVC,,MI,cg.a,Michigan,ed.a
cc.a,,cabcbccc.a,WN,bjdjd.a,,,bjff.a,baecd.a,,,AUS,AustinTX,TX,ei.a,,he.a
j.a,,cabcbcaj.a,DL,,,NdhehD,,,beigjad.a,degbe.a,SLC,SaltLakeCityUT,,,,
be.a,,cabcbcbe.a,DL,bjhja.a,,NjhhDL,,bcbjb.a,,dbefd.a,HOU,HoustonTX,TX,,,he.a
b.a,,cabcbcab.a,AA,,AA,NdASAA,baid.a,,bdcaeac.a,dbefe.a,MCO,,,,,dd.a
,h.a,cabcbcaj.a,EV,cadgg.a,EV,Nbdjff,,bbjjf.a,bbjjfac.a,dbjjf.a,,,NC,dh.a,NorthCarolina,dg.a
,c.a,cabcbcbb.a,EV,cadgg.a,EV,Nbdjfi,,bccgg.a,bccggad.a,dbefd.a,,HoustonTX,TX,ei.a,,he.a
bj.a,d.a,cabcbcbj.a,,cadff.a,,,efa.a,bebah.a,,,PHX,PhoenixAZ,,e.a,Arizona,
be.a,,cabcbcbe.a,AA,,AA,NfdjAA,biai.a,,bbcjiad.a,dabje.a,DFW,Dallas/FortWorthTX,TX,,,he.a
,b.a,cabcbcba.a,EV,cadgg.a,EV,Nbbbjd,,bbgbi.a,bbgbiac.a,dbhad.a,,NewarkNJ,,de.a,NewJersey,cb.a
ch.a,,cabcbcch.a,WN,bjdjd.a,WN,NgidSW,eead.a,bbfea.a,bbfeaad.a,,ELP,ElPasoTX,TX,ei.a,,he.a
cb.a,,cabcbccb.a,AS,,,,,beidb.a,,,SJC,SanJoseCA,CA,,,
,b.a,,FL,caedh.a,,NjidAT,cbe.a,baicb.a,,daifc.a,BWI,,MD,ce.a,Maryland,df.a
bh.a,,cabcbcbh.a,DL,bjhja.a,,,,bbafh.a,,dbafh.a,CLT,,NC,,,dg.a
,c.a,cabcbccf.a,EV,cadgg.a,,,,bbgbi.a,,dbhad.a,EWR,NewarkNJ,,de.a,NewJersey,cb.a
ch.a,,cabcbcch.a,WN,bjdjd.a,WN,NidchA,egaa.a,bcbjb.a,bcbjbac.a,,HOU,HoustonTX,TX,ei.a,,he.a
cb.a,,cabcbccb.a,DL,bjhja.a,,,,bcjfd.a,,,LGA,NewYorkNY,,,,cc.a
cb.a,f.a,,,cadae.a,,,fgef.a,begij.a,,,SBA,SantaBarbaraCA,CA,g.a,California,
bg.a,h.a,cabcbcbg.a,YV,cadhi.a,,,cgif.a,bbafh.a,,dbafh.a,CLT,,NC,dh.a,NorthCarolina,dg.a
ci.a,,cabcbcci.a,WN,,,NcidWN,bbjc.a,bfdae.a,bfdaeac.a,,TPA,,FL,bc.a,Florida,dd.a
cf.a,,cabcbccf.a,AA,bjiaf.a,,,bghc.a,bbcji.a,,,DFW,Dallas/FortWorthTX,TX,,,he.a
,f.a,cabcbcbe.a,,caedg.a,,NjcaFR,dad.a,bbcjc.a,,dadcf.a,DEN,DenverCO,CO,i.a,Colorado,ic.a
,f.a,,,cadji.a,,,chja.a,bbcji.a,,dabje.a,DFW,Dallas/FortWorthTX,TX,ei.a,,he.a
bg.a,,cabcbcbg.a,WN,bjdjd.a,,,fja.a,baicb.a,,daifc.a,BWI,,MD,ce.a,Maryland,df.a
be.a,,cabcbcbe.a,AA,,,NeXPAA,cajb.a,,befceab.a,defce.a,RIC,,,,,
bj.a,d.a,cabcbcbj.a,,caeaj.a,,,bia.a,bebah.a,,,PHX,PhoenixAZ,,e.a,Arizona,
,c.a,,MQ,,MQ,NfdcMQ,dhaj.a,,bdjdaac.a,dajhh.a,,,IL,bh.a,Illinois,
be.a,f.a,cabcbcbe.a,,,Bg,NfgbJB,i.a,,bcehiac.a,dbhad.a,JFK,NewYorkNY,,dg.a,NewYork,cc.a
ca.a,e.a,,,cadae.a,,,gcha.a,befha.a,,,RNO,RenoNV,,dc.a,Nevada,
j.a,,cabcbcaj.a,AA,,AA,NehfAA,beeh.a,,bbfeaad.a,dagbf.a,ELP,ElPasoTX,TX,,,he.a
j.a,h.a,,OO,,OO,NehhCA,eehd.a,,bcbfgac.a,dcbfg.a,,HelenaMT,MT,da.a,Montana,ie.a
,e.a,,,cadji.a,MQ,NhcaMQ,dchi.a,bbcji.a,bbcjiad.a,dabje.a,,Dallas/FortWorthTX,TX,ei.a,,he.a
da.a,h.a,cabcbcda.a,US,,,NgcaAW,gbe.a,,behehad.a,,SEA,SeattleWA,WA,fd.a,,
ci.a,,cabcbcci.a,AA,,AA,NfjhAA,bihc.a,,bdjdaac.a,,ORD,,IL,,,
f.a,d.a,cabcbcaf.a,,,Bg,NfifJB,hdb.a,,bdcaeac.a,dbefe.a,MCO,,,bc.a,Florida,dd.a
db.a,b.a,,UA,,UA,NfhbUA,hjd.a,,bdcaeac.a,dbefe.a,MCO,,,,,dd.a
cg.a,,cabcbccg.a,WN,,,NefcWN,effj.a,,begidad.a,,SAT,SanAntonioTX,,ei.a,,
,h.a,cabcbcda.a,EV,cadgg.a,EV,Nbgjee,,bccgg.a,bccggad.a,dbefd.a,,HoustonTX,TX,ei.a,,he.a
ca.a,e.a,,,bjjhh.a,,,gcb.a,bcehi.a,,,JFK,NewYorkNY,,,,cc.a
ch.a,e.a,cabcbcch.a,,cadhi.a,YV,Nhfjjf,bafe.a,bcbhd.a,bcbhdab.a,,HNL,HonoluluHI,HI,bf.a,Hawaii,c.a
ba.a,,cabcbcba.a,DL,bjhja.a,,NjafDA,,badjh.a,,dadjh.a,ATL,,GA,bd.a,Georgia,de.a
cd.a,,cabcbccd.a,DL,,,,,beijd.a,,,SMF,SacramentoCA,,g.a,California,
ci.a,,cabcbcci.a,WN,,,NjbgWN,cgda.a,bejai.a,,,SNA,SantaAnaCA,CA,g.a,California,jb.a
ca.a,e.a,cabcbcca.a,,,,,cghi.a,bejig.a,,,SRQ,,FL,bc.a,Florida,dd.a
e.a,c.a,cabcbcae.a,US,cadff.a,US,NbgbUW,biab.a,bahcb.a,bahcbac.a,dahcb.a,BOS,BostonMA,MA,cf.a,Massachusetts,bd.a
da.a,h.a,cabcbcda.a,VX,,,NgcdVA,jdc.a,,behhbab.a,,SFO,SanFranciscoCA,CA,g.a,California,
b.a,g.a,,OO,,OO,NcjfSW,fegg.a,,bbaebad.a,dbaeb.a,,CarlsbadCA,CA,g.a,California,jb.a
,e.a,cabcbcag.a,,,EV,Ncjjag,edii.a,,bbjigad.a,dbjig.a,,,MI,cg.a,Michigan,ed.a
cf.a,c.a,,OO,cadae.a,,,feei.a,beeij.a,,,RDM,Bend/RedmondOR,OR,eb.a,Oregon,
cj.a,,cabcbccj.a,AS,,AS,NfdcAS,,,bagggac.a,,BLI,BellinghamWA,WA,,,jd.a
bi.a,c.a,cabcbcbi.a,Bg,caeaj.a,,,,bdhjg.a,,dcefh.a,OAK,OaklandCA,,g.a,California,
bg.a,,cabcbcbg.a,DL,bjhja.a,,,,bacai.a,,dacai.a,AGS,,GA,bd.a,Georgia,de.a
cd.a,h.a,,UA,bjjhh.a,,,ddg.a,bccgg.a,,,IAH,HoustonTX,TX,,,he.a
,b.a,,MQ,cadji.a,,,eafa.a,bebcc.a,,dabji.a,PIT,PittsburghPA,,ec.a,Pennsylvania,
cb.a,,cabcbccb.a,WN,bjdjd.a,,,dcaf.a,bafcj.a,,,BDL,HartfordCT,CT,j.a,Connecticut,bb.a
f.a,,cabcbcaf.a,DL,bjhja.a,DL,NggiDN,,bbedd.a,bbeddac.a,dbcjf.a,,,MI,cg.a,Michigan,ed.a
,,,HA,bjgja.a,,,bjc.a,bcbhd.a,,dcbde.a,HNL,HonoluluHI,HI,bf.a,Hawaii,c.a
,f.a,cabcbccb.a,,cadgg.a,,,egcc.a,bccgg.a,,dbefd.a,IAH,HoustonTX,TX,ei.a,,he.a
bj.a,d.a,,,bjjhh.a,,,gdb.a,bbchi.a,,,DCA,,VA,,,di.a
,d.a,cabcbcaf.a,,,,Nbejcd,eehh.a,bfabg.a,bfabgad.a,dbbcd.a,STL,St.LouisMO,MO,cj.a,Missouri,ge.a
bi.a,c.a,cabcbcbi.a,Bg,caeaj.a,,,,bbgbi.a,,dbhad.a,EWR,NewarkNJ,,de.a,NewJersey,cb.a
bb.a,c.a,,OO,,OO,NgadSK,efab.a,,bcijcad.a,dcfhf.a,,LosAngelesCA,CA,g.a,California,jb.a
cj.a,g.a,,OO,cadae.a,,NcbjAG,dehe.a,beheh.a,behehad.a,,SEA,SeattleWA,WA,fd.a,,
d.a,b.a,cabcbcad.a,US,,US,NedeUS,babh.a,,baicbad.a,daifc.a,BWI,,MD,ce.a,Maryland,df.a
e.a,,cabcbcae.a,WN,,,NeffWN,fda.a,,bfabgad.a,dbbcd.a,STL,St.LouisMO,MO,cj.a,Missouri,ge.a
ba.a,b.a,,UA,,UA,Nfhige,bbfj.a,,bcbhdab.a,dcbde.a,HNL,HonoluluHI,HI,,,c.a
,b.a,,MQ,cadji.a,,,cich.a,bbcji.a,,dabje.a,DFW,Dallas/FortWorthTX,TX,ei.a,,he.a
,c.a,,MQ,cadji.a,MQ,NggbMQ,ebda.a,bdcda.a,bdcdaac.a,dcaha.a,,HarrisburgPA,PA,ec.a,Pennsylvania,cd.a
,b.a,,MQ,cadji.a,,NjdbMQ,chfb.a,bbcji.a,,dabje.a,DFW,Dallas/FortWorthTX,TX,ei.a,,he.a
cd.a,,cabcbccd.a,DL,bjhja.a,,,,badjh.a,,,ATL,,GA,bd.a,Georgia,de.a
j.a,,cabcbcaj.a,WN,bjdjd.a,WN,NcfeWN,dcej.a,bahjc.a,bahjcae.a,dahjc.a,BUF,BuffaloNY,NY,dg.a,NewYork,cc.a
be.a,f.a,cabcbcbe.a,,,US,NeedUS,bgjh.a,,bbafhad.a,dbafh.a,CLT,,NC,dh.a,NorthCarolina,dg.a
h.a,f.a,,,,,Ndgeee,bgfj.a,,behhbab.a,dcefh.a,SFO,SanFranciscoCA,CA,,,
,c.a,cabcbccf.a,EV,cadgg.a,,,,bdcfg.a,,ddcfg.a,MFE,Mission/McAllen/EdinburgTX,,ei.a,,he.a
,c.a,,MQ,,MQ,NfbcMQ,egfd.a,,bagjdac.a,dagjd.a,,NashvilleTN,,eh.a,Tennessee,fe.a
bg.a,h.a,,OO,cadae.a,,,fcga.a,bbbaj.a,,dabij.a,COS,ColoradoSpringsCO,CO,i.a,Colorado,ic.a
cj.a,,cabcbccj.a,DL,,DL,NfdjUS,,,bcefbac.a,,,,FL,bc.a,Florida,dd.a
j.a,,cabcbcaj.a,DL,,DL,NdeaNB,,,bbgbiac.a,dbhad.a,,NewarkNJ,,de.a,NewJersey,cb.a
ca.a,e.a,cabcbcca.a,,cadff.a,,,cbca.a,bcjfd.a,,,LGA,NewYorkNY,,dg.a,NewYork,cc.a
bh.a,b.a,,OO,cadae.a,,,gejj.a,bdjda.a,,dajhh.a,ORD,,IL,bh.a,Illinois,
bf.a,,cabcbcbf.a,WN,,WN,NdggSW,cihc.a,,bbaecac.a,dageh.a,CLE,,OH,dj.a,Ohio,ee.a
g.a,,cabcbcag.a,WN,bjdjd.a,,NjccWN,ied.a,bdhjg.a,,dcefh.a,OAK,OaklandCA,,g.a,California,
cf.a,c.a,cabcbccf.a,Bg,caeaj.a,,,,bdcae.a,,,MCO,,,bc.a,Florida,dd.a
f.a,d.a,cabcbcaf.a,,,Bg,NfdgJB,fjf.a,,bcbjhac.a,dbhad.a,HPN,WhitePlainsNY,NY,dg.a,NewYork,cc.a
b.a,,cabcbcab.a,DL,,DL,NdcfNB,,,bahcbac.a,dahcb.a,,BostonMA,MA,cf.a,Massachusetts,bd.a
bc.a,,cabcbcbc.a,AA,,AA,NfggAA,bcfi.a,,bcijcad.a,dcfhf.a,LAX,LosAngelesCA,CA,,,jb.a
db.a,,cabcbcdb.a,WN,,WN,NdfcSW,ggi.a,,bcbjbac.a,,HOU,HoustonTX,TX,ei.a,,he.a
ce.a,b.a,,UA,bjjhh.a,,,gbe.a,bdeih.a,,,MSP,MinneapolisMN,,,,
cb.a,,cabcbccb.a,WN,bjdjd.a,,,gci.a,bahcb.a,,,BOS,BostonMA,MA,cf.a,Massachusetts,bd.a
,f.a,cabcbcah.a,,cadgg.a,EV,NideAS,fgjb.a,bccge.a,bccgeac.a,daifc.a,,,VA,fb.a,,di.a
,e.a,,,cadji.a,MQ,NidcMQ,ebfi.a,bdbji.a,bdbjiab.a,ddbji.a,,KansasCityMO,MO,cj.a,Missouri,ge.a
,d.a,cabcbcbj.a,,cadgg.a,,,fbcc.a,bddhh.a,,dddhh.a,MLU,MonroeLA,,cc.a,Louisiana,
bd.a,,cabcbcbd.a,AA,,AA,NeYCAA,dje.a,,bdjdaac.a,dajhh.a,ORD,,IL,,,
ba.a,b.a,cabcbcba.a,US,cadff.a,US,NbieUS,bhjh.a,bebaa.a,bebaaac.a,debaa.a,PHL,PhiladelphiaPA,,ec.a,Pennsylvania,
bc.a,d.a,,,,UA,NefbUA,hgf.a,,bahcbac.a,dahcb.a,BOS,BostonMA,MA,,,bd.a
bj.a,,cabcbcbj.a,DL,bjhja.a,,,,badjh.a,,,ATL,,GA,bd.a,Georgia,de.a
db.a,b.a,,UA,,UA,Nfhedj,bgag.a,,bbgbiac.a,,EWR,NewarkNJ,,,,cb.a
,d.a,cabcbcbc.a,,cadgg.a,EV,Nbhbjg,ebab.a,bedcb.a,bedcbad.a,dedcb.a,,PortlandME,,cd.a,Maine,
,f.a,,,,MQ,NfagMQ,diba.a,,bdeihac.a,dbgfa.a,,MinneapolisMN,,ch.a,Minnesota,
,,,HA,bjgja.a,,,bia.a,bcjic.a,,dcjic.a,LIH,LihueHI,HI,bf.a,Hawaii,c.a
bi.a,c.a,cabcbcbi.a,Bg,caeaj.a,,,,bbcjc.a,,dadcf.a,DEN,DenverCO,CO,i.a,Colorado,ic.a
cf.a,,cabcbccf.a,AA,bjiaf.a,,,bccg.a,bddad.a,,,MIA,MiamiFL,,,,dd.a
,d.a,cabcbcbc.a,,cadgg.a,EV,Nbibca,ebib.a,bbgbi.a,bbgbiac.a,dbhad.a,,NewarkNJ,,de.a,NewJersey,cb.a
g.a,,cabcbcag.a,AS,,,NfhhAS,,,behehad.a,daffj.a,SEA,SeattleWA,WA,,,
cg.a,,cabcbccg.a,WN,,,NcgiWN,eahe.a,beijd.a,beijdac.a,,SMF,SacramentoCA,,g.a,California,
,f.a,,,cadji.a,MQ,NiajMQ,eabc.a,bagif.a,bagifac.a,dagif.a,,,IL,bh.a,Illinois,eb.a
bj.a,,cabcbcbj.a,DL,bjhja.a,,,,badjh.a,,,ATL,,GA,bd.a,Georgia,de.a
ba.a,b.a,cabcbcba.a,Bg,caeaj.a,Bg,NcdgJB,,bbgjh.a,bbgjhad.a,dcegh.a,FLL,FortLauderdaleFL,FL,bc.a,Florida,dd.a
,b.a,,MQ,,MQ,NgbbMQ,cjcj.a,,bbcjiad.a,dabje.a,,Dallas/FortWorthTX,TX,ei.a,,he.a
ba.a,b.a,,OO,,,NfigSW,fefb.a,,begjiac.a,decdg.a,SBP,SanLuisObispoCA,CA,g.a,California,
,f.a,,,caedh.a,,NjcbAT,eac.a,bdcae.a,,dbefe.a,MCO,OrlandoFL,,bc.a,Florida,dd.a
cg.a,,cabcbccg.a,DL,,DL,NdjeDA,,,bbgbiac.a,,,NewarkNJ,,de.a,NewJersey,cb.a
ba.a,,cabcbcba.a,AA,,AA,NfccAA,bbcj.a,,bcddjae.a,dcddh.a,IND,,IN,,,ec.a
cd.a,,cabcbccd.a,WN,bjdjd.a,,,cbcc.a,bbgjh.a,,,FLL,FortLauderdaleFL,FL,bc.a,Florida,dd.a
,c.a,,MQ,cadji.a,,,djjg.a,bdjda.a,,dajhh.a,ORD,,IL,bh.a,Illinois,
d.a,b.a,,OO,,OO,NfifSW,fcjd.a,,bcdgdad.a,dcdgd.a,,ElCentroCA,CA,g.a,California,jb.a
e.a,,cabcbcae.a,WN,,WN,NgdcSW,jgj.a,,bbcjcac.a,dadcf.a,DEN,DenverCO,CO,i.a,Colorado,ic.a
ci.a,,cabcbbci.a,AA,,AA,NeghAA,dhg.a,,bcefbac.a,,JAX,JacksonvilleFL,FL,,,dd.a
bg.a,h.a,,UA,bjjhh.a,UA,Nchcbd,bfaf.a,bahcb.a,bahcbac.a,dahcb.a,BOS,BostonMA,MA,,,bd.a
da.a,,cabcbcda.a,AA,,AA,NdJFAA,edf.a,,bbcjiad.a,,DFW,Dallas/FortWorthTX,TX,,,he.a
cg.a,d.a,cabcbccg.a,,,Bg,NdegJB,jea.a,,bdcaeac.a,,MCO,OrlandoFL,,bc.a,Florida,dd.a
,e.a,cabcbcca.a,,cadgg.a,,,dchc.a,bahjc.a,,dahjc.a,BUF,BuffaloNY,NY,dg.a,NewYork,cc.a
bi.a,,cabcbcbi.a,WN,,,,dcjc.a,bejai.a,,dcfhf.a,SNA,SantaAnaCA,CA,g.a,California,jb.a
f.a,,cabcbcaf.a,AA,,AA,NegjAA,bhbi.a,,babeaac.a,dabea.a,ABQ,AlbuquerqueNM,NM,,,ig.a
cd.a,h.a,,OO,,,,ffjd.a,behhb.a,,,SFO,SanFranciscoCA,CA,g.a,California,
,f.a,cabcbccb.a,,cadgg.a,,,ffeb.a,badjh.a,,dadjh.a,ATL,,GA,bd.a,Georgia,de.a
,g.a,cabcbcbf.a,EV,cadgg.a,,Nbabfg,,beejc.a,beejcac.a,deejc.a,RDU,,,dh.a,NorthCarolina,
d.a,b.a,,UA,,UA,NejiUA,fia.a,,bbgbiac.a,dbhad.a,EWR,NewarkNJ,,,,cb.a
,h.a,cabcbcac.a,EV,cadgg.a,,Ncdbdj,,befce.a,befceab.a,defce.a,RIC,,,fb.a,,
bd.a,,cabcbcbd.a,WN,,WN,NeibWN,dgig.a,,bebahac.a,daegg.a,PHX,PhoenixAZ,,e.a,Arizona,
,c.a,,MQ,cadji.a,,NjahMQ,debf.a,bddhh.a,,dddhh.a,MLU,MonroeLA,,cc.a,Louisiana,
ba.a,,cabcbcba.a,DL,,DL,NfedUS,,,bbcjiad.a,dabje.a,,Dallas/FortWorthTX,TX,ei.a,,he.a
be.a,,cabcbcbe.a,WN,bjdjd.a,WN,NchdWN,cjb.a,bebah.a,bebahac.a,daegg.a,PHX,PhoenixAZ,,e.a,Arizona,
bb.a,,cabcbcbb.a,DL,,DL,NdefNW,,,bdeihac.a,dbgfa.a,,MinneapolisMN,,ch.a,Minnesota,
,b.a,cabcbcbh.a,EV,cadgg.a,,,,bccgg.a,,dbefd.a,IAH,HoustonTX,TX,ei.a,,he.a
,e.a,,,cadji.a,MQ,NiceMQ,djih.a,bbhhf.a,bbhhfac.a,dbhhf.a,,SiouxFallsSD,SD,eg.a,SouthDakota,gh.a
i.a,g.a,cabcbcai.a,US,,US,NebjUS,bcib.a,,bbafhad.a,dbafh.a,CLT,,NC,dh.a,NorthCarolina,dg.a
cg.a,,cabcbccg.a,AA,,AA,NfigAA,bace.a,,bbcjiad.a,,DFW,Dallas/FortWorthTX,TX,,,he.a
b.a,,cabcbcab.a,AA,,AA,NeXCAA,bdig.a,,bbcjiad.a,dabje.a,DFW,Dallas/FortWorthTX,TX,,,he.a
,d.a,,,caedh.a,,NjicAT,bab.a,badjh.a,,dadjh.a,ATL,,GA,bd.a,Georgia,de.a
bc.a,,cabcbcbc.a,AA,,AA,NdJBAA,ccci.a,,bbcjiad.a,dabje.a,DFW,Dallas/FortWorthTX,TX,,,he.a
,h.a,cabcbcbg.a,EV,cadgg.a,,Nbgjgb,,begif.a,begifac.a,degif.a,SAV,,GA,bd.a,Georgia,
cg.a,,cabcbccg.a,DL,,DL,NficNW,,,bdcaeac.a,,,OrlandoFL,,bc.a,Florida,dd.a
bh.a,b.a,,UA,bjjhh.a,,,dhh.a,beafh.a,,deafh.a,PDX,PortlandOR,,,,
,d.a,,,cadji.a,MQ,NbEAMQ,dgaa.a,bccgg.a,bccggad.a,dbefd.a,,HoustonTX,TX,ei.a,,he.a
bi.a,c.a,,UA,bjjhh.a,,,ccb.a,beghj.a,,ddfha.a,SAN,SanDiegoCA,,,,
ba.a,,cabcbcba.a,DL,,DL,NfcbUS,,,badjhaf.a,dadjh.a,,,GA,bd.a,Georgia,de.a
bg.a,h.a,cabcbcbg.a,Bg,,Bg,NddeJB,,,bcehiac.a,dbhad.a,JFK,NewYorkNY,,dg.a,NewYork,cc.a
cf.a,c.a,cabcbccf.a,US,cadff.a,,,bcc.a,bcijc.a,,,LAX,LosAngelesCA,CA,g.a,California,jb.a
,h.a,,MQ,cadji.a,,,cigg.a,bbcji.a,,dabje.a,DFW,Dallas/FortWorthTX,TX,ei.a,,he.a
j.a,h.a,,OO,cadae.a,OO,NhajSK,fbhb.a,bccgg.a,bccggad.a,dbefd.a,,HoustonTX,TX,ei.a,,he.a
f.a,,cabcbcaf.a,WN,bjdjd.a,,NcagWN,bhae.a,beghj.a,beghjad.a,ddfha.a,SAN,SanDiegoCA,,g.a,California,
bg.a,h.a,,OO,cadae.a,,NjafSW,fcfe.a,bbcfj.a,,dabje.a,DAL,DallasTX,TX,ei.a,,he.a
h.a,f.a,cabcbcah.a,,cadff.a,US,NhffUS,beai.a,bdeih.a,bdeihac.a,dbgfa.a,MSP,MinneapolisMN,,ch.a,Minnesota,
bd.a,e.a,,,cadae.a,OO,NiggAS,cggb.a,bcijc.a,bcijcad.a,dcfhf.a,,LosAngelesCA,CA,g.a,California,jb.a
,c.a,cabcbcbi.a,EV,cadgg.a,,,fafj.a,bbjfd.a,,dbjfd.a,GNV,,FL,bc.a,Florida,dd.a
bi.a,,cabcbcbi.a,AA,bjiaf.a,,,bdjg.a,bbcji.a,,dabje.a,DFW,Dallas/FortWorthTX,TX,,,he.a
,d.a,cabcbcbc.a,,cadgg.a,EV,NghiCA,ejcg.a,bbedd.a,bbeddac.a,dbcjf.a,,,MI,cg.a,Michigan,ed.a
c.a,,cabcbcac.a,DL,,DL,NdhehD,,,bajjeac.a,dajje.a,,,SC,ef.a,SouthCarolina,dh.a
j.a,,cabcbcaj.a,WN,,,NhhdeH,cffi.a,bejai.a,bejaiad.a,dcfhf.a,SNA,SantaAnaCA,CA,g.a,California,jb.a
ch.a,,cabcbcch.a,DL,,,NdgcNW,,,beigjad.a,,SLC,SaltLakeCityUT,,ej.a,,
j.a,,cabcbcaj.a,AA,,AA,NdDLAA,ich.a,,bdjdaac.a,dajhh.a,ORD,,IL,,,
,b.a,,MQ,,MQ,NgdbMQ,edcd.a,,bcehiac.a,dbhad.a,,NewYorkNY,,dg.a,NewYork,cc.a
bc.a,,cabcbcbc.a,WN,bjdjd.a,WN,NidbcC,cae.a,bdcdc.a,bdcdcac.a,dajhh.a,MDW,,IL,bh.a,Illinois,eb.a
d.a,b.a,cabcbcad.a,Bg,caeaj.a,Bg,NggdJB,,bahcb.a,bahcbac.a,dahcb.a,BOS,BostonMA,MA,cf.a,Massachusetts,bd.a
da.a,h.a,cabcbcda.a,YV,,,NfbiLR,dhhi.a,,beejcac.a,,RDU,,,dh.a,NorthCarolina,
cd.a,,cabcbccd.a,WN,bjdjd.a,,,ddba.a,bebaa.a,,,PHL,PhiladelphiaPA,,ec.a,Pennsylvania,
e.a,,cabcbcae.a,WN,,WN,NfaiSW,ef.a,,bcbjbac.a,dbefd.a,HOU,HoustonTX,TX,ei.a,,he.a
ba.a,,cabcbcba.a,DL,bjhja.a,DL,NgeeDL,,bbchi.a,bbchiac.a,daifc.a,,,VA,fb.a,,di.a
,g.a,cabcbcbf.a,Fj,caedg.a,Fj,NcbgFR,ejb.a,bbcjc.a,bbcjcac.a,dadcf.a,,DenverCO,CO,i.a,Colorado,ic.a
bb.a,c.a,,OO,,,NficSW,gcdi.a,,behhbab.a,dcefh.a,SFO,SanFranciscoCA,CA,g.a,California,
,d.a,cabcbcbj.a,,cadgg.a,,,eefj.a,bccgg.a,,dbefd.a,IAH,HoustonTX,TX,ei.a,,he.a
bi.a,,cabcbcbi.a,AS,bjjda.a,,,,bdcae.a,,dbefe.a,MCO,,,,,dd.a
cj.a,g.a,,UA,bjjhh.a,UA,Nhfedg,bgef.a,bbaec.a,bbaecac.a,,CLE,,OH,,,ee.a
be.a,,cabcbcbe.a,AA,bjiaf.a,AA,NcacAA,bfdf.a,bdbji.a,bdbjiab.a,ddbji.a,MCI,KansasCityMO,MO,,,ge.a
ch.a,e.a,cabcbcch.a,,cadff.a,US,NhghUW,bjfb.a,bbchi.a,bbchiac.a,,DCA,,VA,fb.a,,di.a
,d.a,cabcbcbc.a,,cadgg.a,EV,Nbcbhf,egac.a,bbgbi.a,bbgbiac.a,dbhad.a,,NewarkNJ,,de.a,NewJersey,cb.a
cb.a,,cabcbccb.a,DL,bjhja.a,,,,bcehi.a,,,JFK,NewYorkNY,,dg.a,NewYork,cc.a
,g.a,,MQ,cadji.a,,,chai.a,bbbjd.a,,ddbaf.a,CVG,CincinnatiOH,KY,cb.a,Kentucky,fc.a
bh.a,b.a,cabcbcbh.a,YV,cadhi.a,,,cgij.a,bdjdb.a,,ddggh.a,ORF,,,fb.a,,
,e.a,,,caedh.a,,NjhjAT,bgaa.a,badjh.a,,dadjh.a,ATL,,GA,bd.a,Georgia,de.a
,g.a,,MQ,cadji.a,,,eggj.a,bcjfd.a,,dbhad.a,LGA,NewYorkNY,,dg.a,NewYork,cc.a
be.a,,cabcbcbe.a,DL,bjhja.a,,NjdaDL,,badjh.a,,dadjh.a,ATL,,GA,bd.a,Georgia,de.a
ch.a,,cabcbbch.a,AA,,AA,NdAJAA,cii.a,,bdjdaac.a,,ORD,,IL,,,
bd.a,,cabcbcbd.a,DL,bjhja.a,,NjahDA,,bddec.a,,dddec.a,MKE,MilwaukeeWI,,ff.a,,ef.a
ch.a,e.a,,,,,Nhdcfb,bbgg.a,bfdae.a,bfdaeac.a,,TPA,,FL,,,dd.a
cc.a,g.a,,OO,cadae.a,,,ffdg.a,bafgb.a,,,BFL,BakersfieldCA,CA,g.a,California,jb.a
cb.a,f.a,cabcbccb.a,,cadhi.a,,,dhde.a,bdjda.a,,,ORD,,IL,bh.a,Illinois,
,c.a,cabcbcae.a,EV,,EV,Ncjjbh,ecig.a,,bcddjae.a,dcddh.a,,,IN,bi.a,Indiana,ec.a
bi.a,c.a,,OO,,,,efcg.a,beigj.a,,degbe.a,SLC,SaltLakeCityUT,,ej.a,,
e.a,c.a,,OO,cadae.a,OO,NibgSK,eegc.a,babea.a,babeaac.a,dabea.a,,AlbuquerqueNM,NM,df.a,NewMexico,ig.a
cg.a,,cabcbccg.a,AA,,,NfEWAA,bdcc.a,,beiedad.a,,SJU,SanJuanPR,PR,,,
cf.a,c.a,,OO,cadae.a,,,ffgc.a,bbcji.a,,,DFW,Dallas/FortWorthTX,TX,ei.a,,he.a
,b.a,,MQ,cadji.a,,NjciMQ,cheh.a,bbcji.a,,dabje.a,DFW,Dallas/FortWorthTX,TX,ei.a,,he.a
,d.a,,,cadji.a,MQ,NhbjMQ,eecg.a,bcjfd.a,bcjfdac.a,dbhad.a,,NewYorkNY,,dg.a,NewYork,cc.a
,b.a,,MQ,cadji.a,,,edgc.a,bdjda.a,,dajhh.a,ORD,,IL,bh.a,Illinois,
ch.a,e.a,,,cadae.a,OO,NcdeSW,gdih.a,bdehg.a,bdehgac.a,,,MontereyCA,,g.a,California,
cg.a,,cabcbccg.a,AA,,AA,NdjbAA,bcd.a,,bbcjiad.a,,DFW,Dallas/FortWorthTX,TX,,,he.a
cb.a,,cabcbccb.a,AA,bjiaf.a,,,heb.a,behhb.a,,,SFO,SanFranciscoCA,CA,,,
cf.a,c.a,,OO,cadae.a,,,feab.a,bciij.a,,,LAS,LasVegasNV,NV,dc.a,Nevada,if.a
d.a,,cabcbcad.a,DL,,,NdeeNB,,,beigjad.a,degbe.a,SLC,SaltLakeCityUT,,ej.a,,
,b.a,cabcbcce.a,EV,cadgg.a,,,feda.a,badjh.a,,dadjh.a,ATL,,GA,bd.a,Georgia,de.a
ba.a,,cabcbcba.a,DL,,DL,NdfcNW,,,bdcdcac.a,dajhh.a,,,IL,bh.a,Illinois,eb.a
i.a,,cabcbcai.a,AA,bjiaf.a,AA,NcacAA,bihe.a,bbcji.a,bbcjiad.a,dabje.a,DFW,Dallas/FortWorthTX,TX,,,he.a
ch.a,,cabcbcch.a,AA,,AA,NdBRAA,hba.a,,bbcjiad.a,,DFW,Dallas/FortWorthTX,TX,,,he.a
ba.a,,cabcbcba.a,DL,bjhja.a,,NjajDL,,bdeih.a,,dbgfa.a,MSP,MinneapolisMN,,ch.a,Minnesota,
g.a,,cabcbcag.a,AA,,,NffjAA,bgfe.a,,bfdhgac.a,daedg.a,TUS,TucsonAZ,AZ,,,ib.a
bh.a,,cabcbcbh.a,WN,bjdjd.a,,,bbee.a,bebah.a,,daegg.a,PHX,PhoenixAZ,,e.a,Arizona,
cb.a,f.a,,,cadae.a,,,egid.a,bbgad.a,,,EUG,EugeneOR,OR,eb.a,Oregon,jc.a
bd.a,,cabcbcbd.a,WN,bjdjd.a,WN,NcfiWN,ghf.a,bdcae.a,bdcaeac.a,dbefe.a,MCO,,,bc.a,Florida,dd.a
cc.a,g.a,cabcbccc.a,US,cadff.a,,,ejf.a,bbafh.a,,,CLT,,NC,dh.a,NorthCarolina,dg.a
,f.a,cabcbcci.a,,cadgg.a,,NjhgEV,face.a,badjh.a,,dadjh.a,ATL,,GA,bd.a,Georgia,de.a
bc.a,,cabcbcbc.a,AA,,AA,NdFVAA,bdef.a,,bbcjiad.a,dabje.a,DFW,Dallas/FortWorthTX,TX,,,he.a
ba.a,,cabcbcba.a,DL,bjhja.a,DL,NgihDL,,bddad.a,bddadad.a,dcegh.a,,,,bc.a,Florida,dd.a
ce.a,b.a,,UA,bjjhh.a,,,ecf.a,bdida.a,,,OGG,KahuluiHI,HI,,,
,g.a,cabcbccj.a,EV,cadgg.a,EV,Nbgfeb,eggd.a,bccgg.a,bccggad.a,dbefd.a,,HoustonTX,TX,ei.a,,he.a
ci.a,f.a,,,,,NcbgSW,fech.a,behhb.a,behhbab.a,,SFO,SanFranciscoCA,CA,g.a,California,
bg.a,h.a,cabcbcbg.a,US,cadff.a,US,NhgcUS,bgeh.a,bbafh.a,bbafhad.a,dbafh.a,CLT,,NC,dh.a,NorthCarolina,dg.a
,g.a,cabcbcai.a,EV,cadgg.a,EV,Nbdjje,edcb.a,bccgg.a,bccggad.a,dbefd.a,,HoustonTX,TX,ei.a,,he.a
g.a,,cabcbcag.a,WN,bjdjd.a,WN,NhdaSW,bgcd.a,bcijc.a,bcijcad.a,dcfhf.a,LAX,LosAngelesCA,CA,g.a,California,jb.a
,d.a,cabcbccg.a,,cadgg.a,EV,Nbcfgh,fjee.a,bbjig.a,bbjigad.a,dbjig.a,,,MI,cg.a,Michigan,ed.a
bc.a,d.a,cabcbcbc.a,,,US,NeeeUS,babh.a,,baicbad.a,daifc.a,BWI,,MD,ce.a,Maryland,df.a
ci.a,,cabcbcci.a,WN,bjdjd.a,WN,NcieWN,bhdb.a,bafcj.a,bafcjae.a,,BDL,HartfordCT,CT,j.a,Connecticut,bb.a
d.a,,cabcbcad.a,DL,,DL,NdfdNB,,,bbgjhad.a,dcegh.a,,FortLauderdaleFL,FL,bc.a,Florida,dd.a
bi.a,,cabcbcbi.a,AA,,,,fdf.a,beied.a,,deibj.a,SJU,SanJuanPR,PR,,,
i.a,,cabcbcai.a,AA,,AA,NfCDAA,bdhb.a,,bddadad.a,dcegh.a,MIA,MiamiFL,,,,dd.a
ba.a,,cabcbbba.a,AA,,AA,NedjAA,dia.a,,bdjdaac.a,dajhh.a,ORD,,IL,,,
,e.a,cabcbcag.a,,,,Nbcbdf,diba.a,bfabg.a,bfabgad.a,dbbcd.a,STL,St.LouisMO,MO,cj.a,Missouri,ge.a
cd.a,h.a,,UA,bjjhh.a,,,bgfg.a,bbcjc.a,,,DEN,DenverCO,CO,,,ic.a
bf.a,,cabcbcbf.a,WN,,,NdcdSW,dfai.a,,bfabgad.a,dbbcd.a,STL,St.LouisMO,MO,cj.a,Missouri,ge.a
bd.a,,cabcbcbd.a,AA,,AA,NeXCAA,becc.a,,beachac.a,deach.a,PBI,WestPalmBeach/PalmBeachFL,FL,,,
,e.a,,,,,,ddeg.a,beiec.a,,deiec.a,SJT,SanAngeloTX,,ei.a,,
,h.a,,MQ,cadji.a,MQ,NiagMQ,edga.a,bcchi.a,bcchiac.a,dajci.a,,WichitaKS,KS,ca.a,Kansas,gc.a
be.a,f.a,cabcbcbe.a,,bjjda.a,AS,NhfeAS,bfc.a,bdjha.a,bdjhaac.a,ddjha.a,OTZ,KotzebueAK,AK,,,
cf.a,,cabcbccf.a,AA,bjiaf.a,,,bchb.a,bbchi.a,,,DCA,,VA,,,di.a
cf.a,c.a,,OO,cadae.a,,,cjig.a,bebah.a,,,PHX,PhoenixAZ,,e.a,Arizona,
,b.a,cabcbcbh.a,EV,cadgg.a,,,feie.a,bbbjd.a,,ddbaf.a,CVG,CincinnatiOH,KY,cb.a,Kentucky,fc.a
bi.a,c.a,,UA,bjjhh.a,,,dai.a,bdjda.a,,dajhh.a,ORD,,IL,,,
d.a,,cabcbcad.a,AA,,AA,NeggAA,bghd.a,,bbcjiad.a,dabje.a,DFW,Dallas/FortWorthTX,TX,,,he.a
,h.a,,MQ,cadji.a,MQ,NggbMQ,defe.a,bddad.a,bddadad.a,dcegh.a,,MiamiFL,,bc.a,Florida,dd.a
bg.a,h.a,,OO,cadae.a,,,defj.a,bcjfe.a,,dcfhf.a,LGB,LongBeachCA,CA,g.a,California,jb.a
db.a,,cabcbcdb.a,DL,bjhja.a,,NjfgDN,,bahcb.a,,,BOS,BostonMA,MA,cf.a,Massachusetts,bd.a
bd.a,e.a,cabcbcbd.a,,cadff.a,US,NhgeUS,bcec.a,bbgjh.a,bbgjhad.a,dcegh.a,FLL,FortLauderdaleFL,FL,bc.a,Florida,dd.a
g.a,e.a,cabcbcag.a,,,,NhagJB,bhga.a,beied.a,beiedad.a,deibj.a,SJU,SanJuanPR,PR,hc.a,,
cf.a,c.a,cabcbccf.a,Bg,caeaj.a,,,,bbgjh.a,,,FLL,FortLauderdaleFL,FL,bc.a,Florida,dd.a
be.a,,cabcbcbe.a,WN,bjdjd.a,WN,NhhdjA,ifi.a,bahjc.a,bahjcae.a,dahjc.a,BUF,BuffaloNY,NY,dg.a,NewYork,cc.a
bd.a,,cabcbcbd.a,DL,,DL,NfdbUS,,,badjhaf.a,dadjh.a,,,GA,bd.a,Georgia,de.a
ba.a,b.a,,UA,bjjhh.a,UA,Nbdhfa,bcbh.a,bbgbi.a,bbgbiac.a,dbhad.a,EWR,NewarkNJ,,,,cb.a
,g.a,cabcbccj.a,EV,cadgg.a,EV,Nbejdi,ebfj.a,bccgg.a,bccggad.a,dbefd.a,,HoustonTX,TX,ei.a,,he.a
e.a,,cabcbcae.a,WN,bjdjd.a,,NjgaWN,cafi.a,bdcjg.a,,dahcb.a,MHT,ManchesterNH,,dd.a,NewHampshire,be.a
ch.a,e.a,,,cadae.a,OO,NghfBR,ehaf.a,bdcee.a,bdceeac.a,,,MemphisTN,,eh.a,Tennessee,fe.a
bb.a,,cabcbcbb.a,DL,,,NdgcNW,,,beigjad.a,degbe.a,SLC,SaltLakeCityUT,,ej.a,,
bj.a,d.a,,,bjjhh.a,,,bebg.a,bbgbi.a,,,EWR,NewarkNJ,,,,cb.a
be.a,,cabcbcbe.a,DL,bjhja.a,,NjajDL,,bceei.a,,dceei.a,JAN,Jackson/VicksburgMS,MS,ci.a,Mississippi,fd.a
,f.a,cabcbcah.a,,cadgg.a,EV,Nbcjfh,fida.a,bccge.a,bccgeac.a,daifc.a,,,VA,fb.a,,di.a
be.a,,cabcbcbe.a,AA,,,NeWVAA,bgji.a,,bfdhgac.a,daedg.a,TUS,TucsonAZ,AZ,,,ib.a
cf.a,,cabcbbcf.a,AA,bjiaf.a,,,edf.a,bbcji.a,,,DFW,Dallas/FortWorthTX,TX,,,he.a
da.a,,cabcbcda.a,WN,,WN,NeeeWN,cgic.a,,bcijcad.a,,LAX,LosAngelesCA,CA,g.a,California,jb.a
bf.a,g.a,,OO,,,NfgaSW,heai.a,,bfdijac.a,dfdij.a,TWF,TwinFallsID,ID,bg.a,Idaho,id.a
,d.a,cabcbccg.a,,cadgg.a,EV,Nbbfei,ebgg.a,bbjjg.a,bbjjgad.a,dbihb.a,,,SC,ef.a,SouthCarolina,dh.a
,b.a,cabcbcad.a,EV,cadgg.a,EV,NicaAS,fhch.a,bccge.a,bccgeac.a,daifc.a,,,VA,fb.a,,di.a
g.a,,cabcbcag.a,DL,,DL,NdgjNB,,,bdejfac.a,ddejf.a,,NewOrleansLA,,cc.a,Louisiana,
c.a,h.a,cabcbcac.a,YV,cadhi.a,,NjbcFJ,cgji.a,bdcee.a,,ddcee.a,MEM,MemphisTN,,eh.a,Tennessee,fe.a
cb.a,f.a,cabcbccb.a,,cadff.a,,,bgic.a,bbgjh.a,,,FLL,FortLauderdaleFL,FL,bc.a,Florida,dd.a
c.a,h.a,cabcbcac.a,YV,,YV,NfbgLR,dhia.a,,bbcjiad.a,dabje.a,DFW,Dallas/FortWorthTX,TX,ei.a,,he.a
c.a,,cabcbbac.a,AA,,AA,NfbbAA,dad.a,,bcjfdac.a,dbhad.a,LGA,NewYorkNY,,,,cc.a
bb.a,,cabcbcbb.a,AA,,AA,NeXEAA,ccdb.a,,bebaaac.a,debaa.a,PHL,PhiladelphiaPA,,,,
g.a,,cabcbcag.a,DL,,DL,NgbgDL,,,bebahac.a,daegg.a,,PhoenixAZ,,e.a,Arizona,
ca.a,,cabcbbca.a,AA,bjiaf.a,,,bid.a,bciij.a,,,LAS,LasVegasNV,NV,,,if.a
h.a,,cabcbcah.a,AA,,,NegjAA,bddi.a,,begidad.a,ddcbe.a,SAT,SanAntonioTX,,,,
cb.a,f.a,,,,,,head.a,beigj.a,,,SLC,SaltLakeCityUT,,ej.a,,
bd.a,,cabcbcbd.a,DL,bjhja.a,,NjehDL,,badjh.a,,dadjh.a,ATL,,GA,bd.a,Georgia,de.a
d.a,b.a,cabcbcad.a,AS,,AS,NfdfAS,,,bdidaac.a,ddida.a,OGG,KahuluiHI,HI,,,
,g.a,cabcbcai.a,Fj,caedg.a,Fj,NiadFR,fdf.a,bbcjc.a,bbcjcac.a,dadcf.a,,DenverCO,CO,i.a,Colorado,ic.a
bb.a,,cabcbcbb.a,DL,,DL,NdeeNW,,,bdeihac.a,dbgfa.a,,MinneapolisMN,,ch.a,Minnesota,
be.a,,cabcbcbe.a,DL,bjhja.a,DL,NgjiDL,,bdeih.a,bdeihac.a,dbgfa.a,,MinneapolisMN,,ch.a,Minnesota,
ch.a,e.a,,,,OO,NeggSW,cghf.a,,bcijcad.a,,,LosAngelesCA,,g.a,California,jb.a
bj.a,,cabcbcbj.a,AA,,,,ghc.a,bface.a,,,STT,CharlotteAmalieVI,VI,,,e.a
ca.a,,cabcbcca.a,AA,bjiaf.a,,,bacg.a,bbcji.a,,,DFW,Dallas/FortWorthTX,TX,,,he.a
,b.a,,MQ,cadji.a,MQ,NgfbMQ,ddde.a,bbcji.a,bbcjiad.a,dabje.a,,Dallas/FortWorthTX,TX,ei.a,,he.a
c.a,h.a,,OO,cadae.a,OO,NiaaSK,efeg.a,bbgdh.a,bbgdhad.a,dbgdh.a,FAR,FargoND,ND,di.a,NorthDakota,gg.a
bh.a,b.a,cabcbcbh.a,Bg,caeaj.a,,,,bcijc.a,,dcfhf.a,LAX,LosAngelesCA,CA,g.a,California,jb.a
cd.a,h.a,cabcbccd.a,Bg,,,,,beied.a,,,SJU,SanJuanPR,PR,hc.a,,
ba.a,b.a,,UA,bjjhh.a,UA,Nhgfae,bcaa.a,bbgbi.a,bbgbiac.a,dbhad.a,EWR,NewarkNJ,,,,cb.a
j.a,,cabcbbaj.a,AA,,AA,NehiAA,fdi.a,,bbcjiad.a,dabje.a,DFW,Dallas/FortWorthTX,TX,,,he.a
cd.a,h.a,,OO,cadae.a,,,efab.a,baeai.a,,,ATW,AppletonWI,WI,ff.a,,ef.a
c.a,h.a,,OO,cadae.a,OO,NiafSK,efjh.a,bdeih.a,bdeihac.a,dbgfa.a,,MinneapolisMN,,ch.a,Minnesota,
bh.a,,cabcbcbh.a,DL,bjhja.a,,,,bdcae.a,,dbefe.a,MCO,,,bc.a,Florida,dd.a
,e.a,cabcbcca.a,,cadgg.a,,,ecej.a,bbagg.a,,dbagg.a,CMH,,OH,dj.a,Ohio,ee.a
,h.a,,MQ,cadji.a,,,eehf.a,bcjfd.a,,dbhad.a,LGA,NewYorkNY,,dg.a,NewYork,cc.a
,e.a,,,,,,fdi.a,beied.a,,deibj.a,SJU,SanJuanPR,PR,hc.a,,
be.a,f.a,cabcbcbe.a,,,,NgbcAS,fag.a,,behehad.a,daffj.a,SEA,SeattleWA,WA,,,
,h.a,,MQ,cadji.a,,NjajMQ,chfb.a,bbcji.a,,dabje.a,DFW,Dallas/FortWorthTX,TX,ei.a,,he.a
c.a,,cabcbcac.a,DL,bjhja.a,DL,NgjdDL,,bddad.a,bddadad.a,dcegh.a,,,,bc.a,Florida,dd.a
h.a,f.a,,,bjjhh.a,UA,Nchcaf,bebf.a,bcijc.a,bcijcad.a,dcfhf.a,LAX,LosAngelesCA,CA,,,jb.a
bg.a,h.a,,OO,,,,fffg.a,behhb.a,,dcefh.a,SFO,SanFranciscoCA,CA,g.a,California,
cb.a,,cabcbccb.a,WN,bjdjd.a,,,dgje.a,bbcfj.a,,,DAL,DallasTX,TX,ei.a,,he.a
j.a,,cabcbcaj.a,DL,,DL,NdfbNW,,,bbbjdac.a,ddbaf.a,,CincinnatiOH,KY,cb.a,Kentucky,fc.a
d.a,,cabcbcad.a,WN,,WN,NdhdSW,eba.a,,bagjdac.a,dagjd.a,BNA,NashvilleTN,,eh.a,Tennessee,fe.a
,g.a,,MQ,cadji.a,MQ,NggcMQ,chjc.a,bbcji.a,bbcjiad.a,dabje.a,,Dallas/FortWorthTX,TX,ei.a,,he.a
i.a,,cabcbcai.a,AA,,AA,NfDAAA,bfja.a,,bdjdaac.a,dajhh.a,ORD,,IL,,,
bd.a,,cabcbcbd.a,DL,,DL,NgeaDL,,,badjhaf.a,dadjh.a,,,GA,bd.a,Georgia,de.a
be.a,f.a,,,,UA,NeijUA,gai.a,,bdjdaac.a,dajhh.a,ORD,,IL,,,
g.a,e.a,cabcbcag.a,,,Bg,NfjiJB,fcd.a,,bbgbiac.a,dbhad.a,EWR,NewarkNJ,,de.a,NewJersey,cb.a
,h.a,,MQ,cadji.a,MQ,NibdMQ,ecba.a,bdjda.a,bdjdaac.a,dajhh.a,,,IL,bh.a,Illinois,
cc.a,g.a,,OO,cadae.a,,,fdfe.a,bdjda.a,,,ORD,,IL,bh.a,Illinois,
cj.a,,cabcbccj.a,DL,bjhja.a,,NjghDL,,badjh.a,,,ATL,,GA,bd.a,Georgia,de.a
cb.a,f.a,cabcbccb.a,,bjjda.a,,,gc.a,bbgda.a,,,FAI,FairbanksAK,AK,,,b.a
,h.a,,MQ,,,NjddMQ,ddbc.a,bejga.a,,dejga.a,SPS,WichitaFallsTX,TX,ei.a,,he.a
i.a,g.a,cabcbcai.a,YV,cadhi.a,,NjafFJ,cida.a,bebah.a,,daegg.a,PHX,PhoenixAZ,,e.a,Arizona,
g.a,,cabcbcag.a,DL,,,NjcbDL,,bejig.a,,dejig.a,SRQ,,FL,bc.a,Florida,dd.a
i.a,g.a,,OO,cadae.a,OO,NiijAS,cjhg.a,baiaa.a,baiaaad.a,dcfhf.a,,BurbankCA,CA,g.a,California,jb.a
,b.a,,MQ,cadji.a,,,effh.a,bbagg.a,,dbagg.a,CMH,,OH,dj.a,Ohio,ee.a
cf.a,,cabcbccf.a,AA,bjiaf.a,,,cebj.a,bbcji.a,,,DFW,Dallas/FortWorthTX,TX,,,he.a
h.a,f.a,,,bjjhh.a,UA,Nhdcid,bahg.a,bdcae.a,bdcaeac.a,dbefe.a,MCO,,,,,dd.a
bf.a,g.a,cabcbcbf.a,Bg,,,NgdjJB,,,beiedad.a,deibj.a,SJU,SanJuanPR,PR,hc.a,,
bh.a,,cabcbcbh.a,AA,bjiaf.a,,,iec.a,bbcji.a,,dabje.a,DFW,Dallas/FortWorthTX,TX,,,he.a
bb.a,,cabcbcbb.a,WN,bjdjd.a,WN,NhaeSW,hjb.a,bdhjg.a,bdhjgab.a,dcefh.a,OAK,OaklandCA,,g.a,California,
cb.a,f.a,,,,,,bgb.a,behhb.a,,,SFO,SanFranciscoCA,CA,,,
bb.a,,cabcbcbb.a,WN,,,NdhgSW,bibg.a,,bfdhgac.a,daedg.a,TUS,TucsonAZ,AZ,e.a,Arizona,ib.a
,c.a,cabcbcbi.a,EV,cadgg.a,,,fibb.a,befhe.a,,defhe.a,ROA,,,fb.a,,
ci.a,,cabcbcci.a,AA,,AA,NdCLAA,bhaj.a,,bcjfdac.a,,LGA,NewYorkNY,,,,cc.a
cb.a,,cabcbccb.a,AA,bjiaf.a,,,ife.a,bbcji.a,,,DFW,Dallas/FortWorthTX,TX,,,he.a
cj.a,,cabcbccj.a,WN,bjdjd.a,WN,NhdhJW,dheb.a,baicb.a,baicbad.a,,BWI,,MD,ce.a,Maryland,df.a
ba.a,,cabcbcba.a,AA,,AA,NdBNAA,bigh.a,,bcijcad.a,dcfhf.a,LAX,LosAngelesCA,CA,,,jb.a
i.a,,cabcbcai.a,AA,,AA,NfffAA,bfaf.a,,bbcjiad.a,dabje.a,DFW,Dallas/FortWorthTX,TX,,,he.a
e.a,,cabcbcae.a,WN,,WN,NdgeSW,caf.a,,bdcdcac.a,dajhh.a,MDW,,IL,bh.a,Illinois,eb.a
d.a,b.a,,OO,,,NhacBR,ehid.a,beigj.a,beigjad.a,degbe.a,SLC,SaltLakeCityUT,,ej.a,,
,f.a,cabcbcci.a,,cadgg.a,EV,Nbbfeh,edha.a,bbgbi.a,bbgbiac.a,dbhad.a,,NewarkNJ,,de.a,NewJersey,cb.a
,b.a,,MQ,,MQ,NgdhMQ,cieg.a,,bbcjiad.a,dabje.a,,Dallas/FortWorthTX,TX,ei.a,,he.a
cj.a,,cabcbccj.a,DL,bjhja.a,DL,NgjdDL,,badjh.a,badjhaf.a,,,,GA,bd.a,Georgia,de.a
c.a,h.a,cabcbcac.a,US,cadff.a,US,NbhbUS,bbaf.a,bbafh.a,bbafhad.a,dbafh.a,CLT,,NC,dh.a,NorthCarolina,dg.a
,b.a,cabcbcba.a,EV,cadgg.a,EV,NihcAS,fchb.a,badjh.a,badjhaf.a,dadjh.a,,,GA,bd.a,Georgia,de.a
da.a,,cabcbbda.a,AA,,,NdHMAA,fdf.a,,beiedad.a,,SJU,SanJuanPR,PR,,,
,f.a,cabcbcci.a,,cadgg.a,EV,Nbfjeb,fgge.a,bccgg.a,bccggad.a,dbefd.a,,HoustonTX,TX,ei.a,,he.a
cc.a,,cabcbccc.a,WN,bjdjd.a,,,ebig.a,bciij.a,,,LAS,LasVegasNV,NV,dc.a,Nevada,if.a
bh.a,b.a,,OO,cadae.a,,,fdia.a,bbgdi.a,,dbgdi.a,FAT,FresnoCA,CA,g.a,California,jb.a
,f.a,,,caedh.a,,,ebi.a,bdcdc.a,,dajhh.a,MDW,,IL,bh.a,Illinois,eb.a
ca.a,,cabcbcca.a,AA,bjiaf.a,,,dgg.a,bdjda.a,,,ORD,,IL,,,
ba.a,,cabcbcba.a,DL,,DL,NfcbUS,,,badjhaf.a,dadjh.a,,,GA,bd.a,Georgia,de.a
d.a,b.a,cabcbcad.a,AS,,AS,NfifAS,,,bdidaac.a,ddida.a,OGG,KahuluiHI,HI,,,
cb.a,,cabcbccb.a,AA,bjiaf.a,,,ccag.a,bceeb.a,,,JAC,JacksonWY,WY,,,ii.a
,f.a,cabcbcbe.a,,cadgg.a,EV,Nbdjgi,fihh.a,bdjda.a,bdjdaac.a,dajhh.a,,,IL,bh.a,Illinois,
bf.a,,cabcbcbf.a,AA,,AA,NdEDAA,bhfg.a,,bccggad.a,dbefd.a,IAH,HoustonTX,TX,,,he.a
,c.a,,FL,caedh.a,,,gcc.a,badjh.a,,dadjh.a,ATL,,GA,bd.a,Georgia,de.a
f.a,d.a,cabcbcaf.a,,bjdjd.a,,NjbjWN,cejf.a,bafjj.a,,dafjj.a,BHM,BirminghamAL,AL,b.a,Alabama,fb.a
,e.a,,,cadji.a,MQ,NgjjMQ,ebji.a,bdjda.a,bdjdaac.a,dajhh.a,,,IL,bh.a,Illinois,
bg.a,h.a,cabcbcbg.a,WN,bjdjd.a,,NjghWN,ejig.a,bbedd.a,,dbcjf.a,DTW,,MI,cg.a,Michigan,ed.a
cg.a,d.a,,,,UA,Ndhede,bcjg.a,,baecdac.a,,AUS,AustinTX,TX,,,he.a
da.a,h.a,cabcbcda.a,WN,,WN,NebbWN,eff.a,,bddecaf.a,,MKE,MilwaukeeWI,,ff.a,,
db.a,b.a,cabcbcdb.a,WN,,WN,NecdWN,hea.a,,bbcjcac.a,,DEN,DenverCO,CO,i.a,Colorado,ic.a
d.a,b.a,cabcbcad.a,WN,,WN,NeaeWN,baec.a,,bbcjcac.a,dadcf.a,DEN,DenverCO,CO,i.a,Colorado,ic.a
cb.a,f.a,,,cadae.a,,,fdja.a,bbcjc.a,,,DEN,DenverCO,CO,i.a,Colorado,ic.a
db.a,,cabcbcdb.a,DL,,DL,NffdNW,,,badjhaf.a,,,,GA,bd.a,Georgia,de.a
bi.a,c.a,,UA,bjjhh.a,,,dib.a,bebah.a,,daegg.a,PHX,PhoenixAZ,,,,
,e.a,cabcbcca.a,,cadgg.a,,,fdag.a,bajia.a,,dajia.a,CHA,ChattanoogaTN,TN,eh.a,Tennessee,fe.a
da.a,h.a,cabcbcda.a,WN,bjdjd.a,WN,NcebWN,cgaj.a,bdijb.a,bdijbab.a,,ONT,OntarioCA,,g.a,California,
cd.a,h.a,cabcbccd.a,WN,bjdjd.a,,,bbgh.a,bebah.a,,,PHX,PhoenixAZ,,e.a,Arizona,
cd.a,,cabcbccd.a,DL,bjhja.a,,,,badjh.a,,,ATL,,GA,bd.a,Georgia,de.a
bc.a,d.a,cabcbcbc.a,,,,NeeeWN,cjib.a,,bfdaeac.a,ddbjf.a,TPA,,FL,bc.a,Florida,dd.a
,g.a,cabcbcai.a,EV,cadgg.a,EV,Nbhjie,,bdjda.a,bdjdaac.a,dajhh.a,,,IL,bh.a,Illinois,
ca.a,e.a,cabcbcca.a,,bjjda.a,,,hg.a,bcfcd.a,,,JNU,JuneauAK,AK,,,b.a
,d.a,,,,MQ,NfahMQ,dhhc.a,,babeaac.a,dabea.a,,AlbuquerqueNM,NM,df.a,NewMexico,ig.a
,f.a,cabcbcbe.a,,cadgg.a,EV,Nchjgc,ehag.a,bbbea.a,bbbeaac.a,dbbea.a,,CorpusChristiTX,TX,ei.a,,he.a
,e.a,cabcbcch.a,,cadgg.a,EV,Nbejhe,efjf.a,bccge.a,bccgeac.a,daifc.a,,,VA,fb.a,,di.a
ba.a,b.a,cabcbcba.a,WN,,WN,NcjiWN,bijb.a,,bbcjcac.a,dadcf.a,DEN,DenverCO,CO,i.a,Colorado,ic.a
,e.a,,,,MQ,NgbcMQ,eaea.a,,bdceeac.a,ddcee.a,,MemphisTN,,eh.a,Tennessee,fe.a
j.a,h.a,cabcbcaj.a,VX,,VX,NgdbVA,cga.a,,bciijad.a,dccbb.a,LAS,LasVegasNV,NV,dc.a,Nevada,if.a
f.a,,cabcbcaf.a,AA,,AA,NeggAA,bcdd.a,,bagjdac.a,dagjd.a,BNA,NashvilleTN,,,,fe.a
,d.a,cabcbcbc.a,,cadgg.a,EV,Nbbbie,fjgh.a,bagjd.a,bagjdac.a,dagjd.a,,NashvilleTN,,eh.a,Tennessee,fe.a
,f.a,cabcbcci.a,,cadgg.a,EV,Nbfjia,fjid.a,bbgdh.a,bbgdhad.a,dbgdh.a,,FargoND,ND,di.a,NorthDakota,gg.a
e.a,c.a,cabcbcae.a,US,cadff.a,US,NhejUS,caec.a,bbchi.a,bbchiac.a,daifc.a,DCA,,VA,fb.a,,di.a
f.a,d.a,cabcbcaf.a,,,Bg,NfbgJB,dgb.a,,bcjfdac.a,dbhad.a,LGA,NewYorkNY,,dg.a,NewYork,cc.a
,c.a,,MQ,cadji.a,,,djeh.a,bdjda.a,,dajhh.a,ORD,,IL,bh.a,Illinois,
e.a,c.a,cabcbcae.a,WN,bjdjd.a,,NjgfWN,cagc.a,bcbjb.a,,dbefd.a,HOU,HoustonTX,TX,ei.a,,he.a
cd.a,h.a,,UA,bjjhh.a,,,cej.a,bccgg.a,,,IAH,HoustonTX,TX,,,he.a
f.a,d.a,cabcbcaf.a,,,WN,NgaaWN,ibf.a,,bcbjbac.a,dbefd.a,HOU,HoustonTX,TX,ei.a,,he.a
i.a,g.a,cabcbcai.a,US,cadff.a,,NbaeUW,begc.a,beejc.a,beejcac.a,deejc.a,RDU,,,dh.a,NorthCarolina,
bf.a,,cabcbcbf.a,AA,,,NdCVAA,beje.a,,behhbab.a,dcefh.a,SFO,SanFranciscoCA,CA,,,
ch.a,,cabcbcch.a,DL,,DL,NgcdDL,,,bbgjhad.a,,,,FL,bc.a,Florida,dd.a
bb.a,c.a,,UA,bjjhh.a,UA,NcbfUA,daa.a,bdjda.a,bdjdaac.a,dajhh.a,ORD,,IL,,,
,,,HA,,HA,NfigHA,bg.a,,bcbhdab.a,dcbde.a,,HonoluluHI,HI,bf.a,Hawaii,c.a
bg.a,h.a,cabcbcbg.a,WN,bjdjd.a,WN,NidahK,ccag.a,bdcdc.a,bdcdcac.a,dajhh.a,MDW,,IL,bh.a,Illinois,eb.a
bb.a,c.a,,UA,,UA,Ndjegb,bbbc.a,,bbcjcac.a,dadcf.a,DEN,DenverCO,CO,,,ic.a
bf.a,g.a,cabcbcbf.a,WN,,WN,NejiWN,bgfb.a,,bbgbiac.a,dbhad.a,EWR,NewarkNJ,,de.a,NewJersey,cb.a
bc.a,,cabcbcbc.a,DL,,DL,NdhaNW,,,bdjdaac.a,dajhh.a,,,IL,,,
,f.a,,,caedh.a,,,bhf.a,bahcb.a,,dahcb.a,BOS,BostonMA,MA,cf.a,Massachusetts,bd.a
i.a,g.a,,OO,cadae.a,OO,NhcgSK,fbjh.a,bdeih.a,bdeihac.a,dbgfa.a,,MinneapolisMN,,ch.a,Minnesota,
,h.a,cabcbcac.a,EV,cadgg.a,EV,Nbdjfi,,bccgg.a,bccggad.a,dbefd.a,,HoustonTX,TX,ei.a,,he.a
ci.a,,cabcbcci.a,DL,bjhja.a,,NjhbDL,,badjh.a,,,ATL,,GA,,,de.a
be.a,f.a,cabcbcbe.a,,caeaj.a,Bg,NhgiJB,ebf.a,bahcb.a,bahcbac.a,dahcb.a,BOS,BostonMA,MA,cf.a,Massachusetts,bd.a
b.a,g.a,,UA,,UA,NedjUA,ibf.a,,bahcbac.a,dahcb.a,BOS,BostonMA,MA,,,bd.a
bi.a,c.a,cabcbcbi.a,WN,bjdjd.a,,,bdei.a,bcijc.a,,dcfhf.a,LAX,LosAngelesCA,CA,g.a,California,jb.a
,b.a,,MQ,cadji.a,,,chci.a,babdg.a,,dabdg.a,ABI,AbileneTX,TX,ei.a,,he.a
db.a,,cabcbcdb.a,DL,bjhja.a,,NjjeDL,,bdejf.a,,ddejf.a,MSY,NewOrleansLA,,,,
db.a,b.a,cabcbcdb.a,WN,bjdjd.a,,NhbjSW,babd.a,beheh.a,behehad.a,daffj.a,SEA,SeattleWA,WA,fd.a,,
g.a,,cabcbcag.a,AA,,AA,NedgAA,bhg.a,,bbcjiad.a,dabje.a,DFW,Dallas/FortWorthTX,TX,,,he.a
,f.a,,,caedh.a,,NjgiAT,ejj.a,befhg.a,,defhg.a,ROC,RochesterNY,,dg.a,NewYork,
bi.a,,cabcbcbi.a,DL,bjhja.a,,,,badjh.a,,dadjh.a,ATL,,GA,,,de.a
da.a,,cabcbcda.a,AA,,AA,NffgAA,ccab.a,,bdjdaac.a,,ORD,,IL,,,
cd.a,h.a,cabcbccd.a,Bg,,,,,bfdae.a,,,TPA,,FL,bc.a,Florida,dd.a
h.a,,cabcbcah.a,AA,,AA,NeXNAA,bejf.a,,bdifbad.a,ddifb.a,OKC,OklahomaCityOK,,,,
,b.a,cabcbcce.a,EV,cadgg.a,,,,bccgg.a,,dbefd.a,IAH,HoustonTX,TX,ei.a,,he.a
ca.a,e.a,cabcbcca.a,,cadff.a,,,jbe.a,bebah.a,,,PHX,PhoenixAZ,,e.a,Arizona,
da.a,h.a,cabcbcda.a,Bg,,,NfdhJB,,,behhbab.a,,SFO,SanFranciscoCA,CA,g.a,California,
be.a,f.a,,,cadae.a,OO,NhifSK,gefd.a,bcijc.a,bcijcad.a,dcfhf.a,,LosAngelesCA,CA,g.a,California,jb.a
cb.a,f.a,,,,,,cgdd.a,beijd.a,,,SMF,SacramentoCA,,g.a,California,jb.a
f.a,,cabcbcaf.a,AA,,,NedhAA,bgfe.a,,bfdhgac.a,daedg.a,TUS,TucsonAZ,AZ,,,ib.a
cd.a,,cabcbccd.a,DL,bjhja.a,,,,bcehi.a,,,JFK,NewYorkNY,,,,cc.a
bg.a,h.a,cabcbcbg.a,WN,bjdjd.a,,,dfhe.a,bbcfj.a,,dabje.a,DAL,DallasTX,TX,ei.a,,he.a
h.a,f.a,,,cadae.a,OO,NigiCA,cgca.a,bebah.a,bebahac.a,daegg.a,,PhoenixAZ,,e.a,Arizona,
cg.a,d.a,,,cadae.a,OO,NhbjSK,gcfd.a,bdjda.a,bdjdaac.a,,,,IL,bh.a,Illinois,
ch.a,,cabcbcch.a,DL,bjhja.a,DL,NhchTW,,bcijc.a,bcijcad.a,,,LosAngelesCA,CA,,,jb.a
cb.a,f.a,cabcbccb.a,,bjdjd.a,,,efce.a,bdeih.a,,,MSP,MinneapolisMN,,ch.a,Minnesota,
,g.a,,MQ,cadji.a,MQ,NhdeMQ,eeie.a,bcjfd.a,bcjfdac.a,dbhad.a,,NewYorkNY,,dg.a,NewYork,cc.a
cb.a,,cabcbccb.a,DL,bjhja.a,,,,badjh.a,,,ATL,,GA,,,de.a
bd.a,e.a,cabcbcbd.a,,cadff.a,US,NiajAW,gfe.a,bebah.a,bebahac.a,daegg.a,PHX,PhoenixAZ,,e.a,Arizona,
cj.a,,cabcbccj.a,DL,,DL,NdefNB,,,bcehiac.a,,,NewYorkNY,,,,cc.a
bf.a,g.a,,UA,bjjhh.a,UA,Nbdcei,bbfe.a,bccge.a,bccgeac.a,daifc.a,IAD,,VA,,,di.a
b.a,g.a,,OO,,,NfgdSW,gbja.a,,behhbab.a,dcefh.a,SFO,SanFranciscoCA,CA,g.a,California,
cj.a,,cabcbccj.a,AA,,AA,NeXSAA,fij.a,,bdjdaac.a,,ORD,,IL,,,
f.a,d.a,cabcbcaf.a,,cadff.a,,NjfjUW,biag.a,bccgg.a,,dbefd.a,IAH,HoustonTX,TX,ei.a,,he.a
,g.a,,MQ,cadji.a,MQ,NgfgMQ,ebec.a,bbcgh.a,bbcghac.a,dbcgh.a,,,OH,dj.a,Ohio,ee.a
be.a,f.a,cabcbcbe.a,,,VX,NgcgVA,ihe.a,,bcijcad.a,dcfhf.a,LAX,LosAngelesCA,CA,g.a,California,jb.a
,f.a,,,cadji.a,MQ,NghaMQ,djbh.a,bdjda.a,bdjdaac.a,dajhh.a,,,IL,bh.a,Illinois,
g.a,e.a,cabcbcag.a,,caeaj.a,Bg,NhijJB,ghd.a,bcehi.a,bcehiac.a,dbhad.a,JFK,NewYorkNY,,dg.a,NewYork,cc.a
ce.a,b.a,cabcbcce.a,US,cadff.a,,,baaf.a,bbafh.a,,,CLT,,NC,dh.a,NorthCarolina,dg.a
bc.a,d.a,cabcbcbc.a,,bjdjd.a,WN,NhajSW,bbaa.a,bcddj.a,bcddjae.a,dcddh.a,IND,,IN,bi.a,Indiana,ec.a
,h.a,cabcbcda.a,Fj,caedg.a,,NjaiFR,haf.a,begdf.a,,dbhbe.a,RSW,FortMyersFL,FL,bc.a,Florida,
,e.a,,,caedh.a,,NjgjAT,gic.a,badjh.a,,dadjh.a,ATL,,GA,bd.a,Georgia,de.a
,g.a,cabcbcai.a,EV,cadgg.a,EV,Nbafhf,,bdeif.a,bdeifac.a,ddeif.a,,MadisonWI,,ff.a,,
,f.a,cabcbcah.a,,cadgg.a,EV,Nbbbij,fjgh.a,bdjda.a,bdjdaac.a,dajhh.a,,,IL,bh.a,Illinois,
cf.a,,cabcbccf.a,DL,bjhja.a,,,,beafh.a,,,PDX,PortlandOR,,,,
i.a,g.a,,OO,cadae.a,OO,NheiSK,fgeb.a,bbiie.a,bbiieac.a,dbiie.a,,SpokaneWA,WA,fd.a,,jd.a
bh.a,,cabcbcbh.a,AS,bjjda.a,,,,beafh.a,,deafh.a,PDX,PortlandOR,,,,
e.a,c.a,cabcbcae.a,YV,cadhi.a,,NjbiFJ,cgif.a,befce.a,,defce.a,RIC,,,fb.a,,
bf.a,g.a,cabcbcbf.a,WN,bjdjd.a,WN,NheaSW,cbai.a,bdcdc.a,bdcdcac.a,dajhh.a,MDW,,IL,bh.a,Illinois,eb.a
b.a,g.a,cabcbcab.a,WN,,,NdifSW,bhif.a,,bfabgad.a,dbbcd.a,STL,St.LouisMO,MO,cj.a,Missouri,ge.a
ci.a,,cabcbbci.a,AA,,AA,NeXPAA,dif.a,,bbcjiad.a,,DFW,Dallas/FortWorthTX,TX,,,he.a
b.a,,cabcbcab.a,DL,,,NdeeNW,,,behhbab.a,dcefh.a,SFO,SanFranciscoCA,CA,,,
cj.a,g.a,cabcbccj.a,WN,,WN,NdfcSW,deci.a,,bebahac.a,,PHX,PhoenixAZ,,e.a,Arizona,
b.a,,cabcbcab.a,AA,,,NgbiAA,igi.a,,beiedad.a,deibj.a,SJU,SanJuanPR,PR,,,
be.a,f.a,,,,UA,NefiUA,iih.a,,bdjdaac.a,dajhh.a,ORD,,IL,,,
cb.a,f.a,cabcbccb.a,,cadff.a,,,bcdj.a,bebaa.a,,,PHL,PhiladelphiaPA,,ec.a,Pennsylvania,
bf.a,g.a,,UA,bjjhh.a,UA,NibiUA,fhd.a,bbcjc.a,bbcjcac.a,dadcf.a,DEN,DenverCO,CO,,,ic.a
bd.a,e.a,cabcbcbd.a,,,YV,NfbaMJ,dhhc.a,,bdjdaac.a,dajhh.a,ORD,,IL,bh.a,Illinois,
ci.a,f.a,cabcbcci.a,,bjdjd.a,,NjbcWN,fcd.a,bddec.a,,,MKE,MilwaukeeWI,,ff.a,,ef.a
db.a,b.a,,UA,,UA,NebiUA,cha.a,,baicbad.a,,BWI,,MD,,,df.a
c.a,h.a,cabcbcac.a,WN,,WN,NefgWN,ciig.a,,bcdjbac.a,dbhad.a,ISP,IslipNY,NY,dg.a,NewYork,cc.a
,g.a,,FL,caedh.a,,,gah.a,badjh.a,,dadjh.a,ATL,,GA,bd.a,Georgia,de.a
be.a,f.a,,,cadae.a,,NjigSW,gdbb.a,bcijc.a,,dcfhf.a,LAX,LosAngelesCA,CA,g.a,California,jb.a
f.a,,cabcbcaf.a,AA,,AA,NfggAA,baic.a,,bciijad.a,dccbb.a,LAS,LasVegasNV,NV,,,if.a
ba.a,b.a,cabcbcba.a,YV,,YV,NfbdMJ,diab.a,,bccgeac.a,daifc.a,IAD,,VA,fb.a,,di.a
i.a,g.a,,UA,bjjhh.a,,NiebUA,fcc.a,beghj.a,beghjad.a,ddfha.a,SAN,SanDiegoCA,,,,
da.a,,cabcbcda.a,AA,,AA,NdDEAA,bdeb.a,,bdjdaac.a,,ORD,,IL,,,
ci.a,,cabcbcci.a,DL,bjhja.a,,NjghDL,,badjh.a,,,ATL,,GA,,,de.a
cg.a,d.a,,,,UA,NfhjUA,fce.a,,bdjdaac.a,,ORD,,IL,,,
da.a,h.a,cabcbcda.a,WN,,WN,NffcWN,chfh.a,,bcdjbac.a,,ISP,IslipNY,NY,dg.a,NewYork,cc.a
da.a,h.a,cabcbcda.a,WN,,WN,NebaWN,gcb.a,,bdcdcac.a,,MDW,,IL,bh.a,Illinois,eb.a
,h.a,,FL,caedh.a,,,cfd.a,badjh.a,,dadjh.a,ATL,,GA,bd.a,Georgia,de.a
g.a,,cabcbcag.a,AA,,AA,NgeaAA,beac.a,,bddadad.a,dcegh.a,MIA,MiamiFL,,,,dd.a
ba.a,b.a,,UA,bjjhh.a,UA,Nhdcjj,bgfg.a,bccgg.a,bccggad.a,dbefd.a,IAH,HoustonTX,TX,,,he.a
bd.a,,cabcbcbd.a,DL,bjhja.a,,NjhfDL,,bdeif.a,,ddeif.a,MSN,MadisonWI,,,,
cj.a,,cabcbccj.a,AA,,AA,NdBSAA,eej.a,,bbchiac.a,,DCA,,VA,,,di.a
ba.a,,cabcbcba.a,AS,,AS,NfibAS,,,bciijad.a,dccbb.a,LAS,LasVegasNV,NV,,,if.a
ca.a,,cabcbcca.a,AA,bjiaf.a,,,ceff.a,bbcji.a,,,DFW,Dallas/FortWorthTX,TX,,,he.a
d.a,b.a,,UA,,UA,NfjiUA,dde.a,,bccggad.a,dbefd.a,IAH,HoustonTX,TX,,,he.a
cc.a,,cabcbccc.a,DL,,,,,beigj.a,,,SLC,SaltLakeCityUT,,,,
bd.a,e.a,cabcbcbd.a,,,WN,NdijSW,cad.a,,bdcdcac.a,dajhh.a,MDW,,IL,bh.a,Illinois,eb.a
,b.a,,MQ,cadji.a,,,efha.a,bbedd.a,,dbcjf.a,DTW,,MI,cg.a,Michigan,ed.a
be.a,,cabcbcbe.a,DL,bjhja.a,,NjbhDL,,bbedd.a,,dbcjf.a,DTW,,MI,,,ed.a
,e.a,cabcbcch.a,,cadgg.a,,NhebEV,fdeh.a,beejc.a,beejcac.a,deejc.a,RDU,,,dh.a,NorthCarolina,
bd.a,,cabcbcbd.a,AS,,AS,NfbdAS,,,bcijcad.a,dcfhf.a,LAX,LosAngelesCA,CA,,,jb.a
ch.a,,cabcbcch.a,AA,,,NejeAA,bghj.a,,bfdaeac.a,,TPA,TampaFL,FL,,,dd.a
ci.a,f.a,cabcbcci.a,,bjdjd.a,,NhgeSW,ddch.a,beghj.a,beghjad.a,,SAN,SanDiegoCA,,g.a,California,
bj.a,d.a,,,bjjhh.a,,,cij.a,bahcb.a,,,BOS,BostonMA,MA,,,bd.a
,g.a,cabcbccj.a,EV,cadgg.a,EV,NiejAS,,bbjhd.a,bbjhdac.a,dbjhd.a,,Gulfport/BiloxiMS,MS,ci.a,Mississippi,fd.a
bd.a,e.a,cabcbcbd.a,,,VX,NgdgVA,dgd.a,,bahcbac.a,dahcb.a,BOS,BostonMA,MA,cf.a,Massachusetts,bd.a
bd.a,e.a,cabcbcbd.a,,cadff.a,,NjfdUW,bgah.a,bebaa.a,,debaa.a,PHL,PhiladelphiaPA,,ec.a,Pennsylvania,
j.a,h.a,,OO,cadae.a,,NigjAS,cgae.a,begij.a,begijac.a,degij.a,SBA,SantaBarbaraCA,CA,g.a,California,
,d.a,cabcbcaf.a,,cadgg.a,EV,Ncifcj,echf.a,bddhh.a,bddhhac.a,dddhh.a,,MonroeLA,,cc.a,Louisiana,
cg.a,d.a,cabcbccg.a,,bjdjd.a,WN,NccfWN,eajb.a,bedah.a,bedahac.a,,PVD,ProvidenceRI,,ee.a,RhodeIsland,
e.a,c.a,,OO,cadae.a,OO,NjadSW,fcjh.a,bddec.a,bddecaf.a,dddec.a,,MilwaukeeWI,,ff.a,,ef.a
h.a,,cabcbcah.a,AA,,AA,NddiAA,dc.a,,bcijcad.a,dcfhf.a,LAX,LosAngelesCA,CA,,,jb.a
bi.a,,cabcbcbi.a,DL,bjhja.a,,,,bdeih.a,,dbgfa.a,MSP,MinneapolisMN,,,,
,f.a,cabcbcbe.a,,cadgg.a,EV,Nbibca,eeeh.a,bbcji.a,bbcjiad.a,dabje.a,,Dallas/FortWorthTX,TX,ei.a,,he.a
bj.a,d.a,cabcbcbj.a,,,,,gfe.a,beied.a,,,SJU,SanJuanPR,PR,hc.a,,
cb.a,f.a,cabcbccb.a,,caeaj.a,,,bbe.a,bdejf.a,,,MSY,NewOrleansLA,,cc.a,Louisiana,
f.a,d.a,,,bjjhh.a,,Nbccbi,bcbh.a,begid.a,begidad.a,ddcbe.a,SAT,SanAntonioTX,,,,
c.a,,cabcbcac.a,DL,,DL,NdcgUS,,,bdceeac.a,ddcee.a,,MemphisTN,,,,fe.a
ba.a,b.a,cabcbcba.a,WN,,,NdbhWN,ee.a,,beghjad.a,ddfha.a,SAN,SanDiegoCA,,g.a,California,
cg.a,d.a,cabcbccg.a,,,Bg,NfieJB,bhfj.a,,bbgjhad.a,,FLL,,FL,bc.a,Florida,dd.a
g.a,e.a,,,bjjhh.a,UA,Nhgfcg,bajh.a,bccgg.a,bccggad.a,dbefd.a,IAH,HoustonTX,TX,,,he.a
d.a,b.a,,OO,cadae.a,OO,NhafSK,geda.a,bcijc.a,bcijcad.a,dcfhf.a,,LosAngelesCA,CA,g.a,California,jb.a
cj.a,g.a,cabcbccj.a,YV,cadhi.a,YV,Nchdbi,bafj.a,bchfi.a,bchfiad.a,,KOA,KonaHI,HI,bf.a,Hawaii,c.a
bg.a,,cabcbcbg.a,DL,,DL,NfibNW,,,bcijcad.a,dcfhf.a,,LosAngelesCA,CA,,,jb.a
d.a,,cabcbcad.a,AA,,AA,NdJTAA,fgf.a,,bcehiac.a,dbhad.a,JFK,NewYorkNY,,,,cc.a
,d.a,,,cadji.a,MQ,NideMQ,edha.a,bdjda.a,bdjdaac.a,dajhh.a,,,IL,bh.a,Illinois,
bh.a,,cabcbcbh.a,AA,bjiaf.a,,,beeh.a,bbfea.a,,dagbf.a,ELP,ElPasoTX,TX,,,he.a
,c.a,,MQ,,MQ,NgciMQ,dfac.a,,bddadad.a,dcegh.a,,MiamiFL,,bc.a,Florida,dd.a
,c.a,cabcbcae.a,EV,cadgg.a,EV,Nbdjje,,bbafh.a,bbafhad.a,dbafh.a,,,NC,dh.a,NorthCarolina,dg.a
ch.a,e.a,cabcbcch.a,,,WN,NehaWN,edbg.a,,bdhjgab.a,,OAK,OaklandCA,,g.a,California,
f.a,d.a,cabcbcaf.a,,bjdjd.a,WN,NhfjGS,ggi.a,bcbjb.a,bcbjbac.a,dbefd.a,HOU,HoustonTX,TX,ei.a,,he.a
ch.a,,cabcbcch.a,DL,bjhja.a,DL,NhfbAT,,bcijc.a,bcijcad.a,,,LosAngelesCA,CA,,,jb.a
,f.a,cabcbcah.a,,cadgg.a,EV,Nbejji,ecaf.a,bagjd.a,bagjdac.a,dagjd.a,,NashvilleTN,,eh.a,Tennessee,fe.a
bd.a,e.a,,,,,NiccUA,ddf.a,bejai.a,bejaiad.a,dcfhf.a,SNA,SantaAnaCA,CA,,,jb.a
,h.a,,MQ,,MQ,NfbjMQ,eggd.a,,badjhaf.a,dadjh.a,,,GA,bd.a,Georgia,de.a
cj.a,g.a,cabcbccj.a,Bg,,Bg,NfbjJB,,,bdcaeac.a,,MCO,OrlandoFL,,bc.a,Florida,dd.a
cc.a,,cabcbccc.a,DL,bjhja.a,,,,bdeih.a,,,MSP,MinneapolisMN,,,,
ce.a,b.a,cabcbcce.a,WN,bjdjd.a,,,iea.a,bebah.a,,,PHX,PhoenixAZ,,e.a,Arizona,
,b.a,,FL,caedh.a,,NjdhAT,eab.a,bdcae.a,,dbefe.a,MCO,OrlandoFL,,bc.a,Florida,dd.a
da.a,h.a,cabcbcda.a,WN,,WN,NebjWN,deee.a,,bcijcad.a,,LAX,LosAngelesCA,CA,g.a,California,jb.a
bh.a,,cabcbcbh.a,AA,bjiaf.a,,,bgci.a,becgc.a,,decgc.a,PSP,PalmSpringsCA,,,,
bf.a,,cabcbcbf.a,DL,,DL,NdccNB,,,bcjfdac.a,dbhad.a,,NewYorkNY,,,,cc.a
j.a,,cabcbcaj.a,AA,,AA,NeiiAA,gdi.a,,babeaac.a,dabea.a,ABQ,AlbuquerqueNM,NM,,,ig.a
,d.a,,,cadji.a,MQ,NidcMQ,djfd.a,bdjda.a,bdjdaac.a,dajhh.a,,,IL,bh.a,Illinois,
i.a,g.a,cabcbcai.a,US,,US,NfeiUW,ehi.a,,bbcjcac.a,dadcf.a,DEN,DenverCO,CO,i.a,Colorado,ic.a
,b.a,,FL,caedh.a,,,gah.a,badjh.a,,dadjh.a,ATL,,GA,bd.a,Georgia,de.a
ci.a,f.a,,,cadae.a,OO,NhhaSK,fgac.a,bcaje.a,bcajeac.a,,HDN,HaydenCO,CO,i.a,Colorado,ic.a
,d.a,cabcbcbc.a,,cadgg.a,EV,Nchbfc,efdi.a,bbaec.a,bbaecac.a,dageh.a,,,OH,dj.a,Ohio,ee.a
,d.a,cabcbcbj.a,,cadgg.a,,,fjed.a,bbcjc.a,,dadcf.a,DEN,DenverCO,CO,i.a,Colorado,ic.a
bf.a,g.a,cabcbcbf.a,WN,bjdjd.a,WN,NgeaSW,cbef.a,baicb.a,baicbad.a,daifc.a,BWI,,MD,ce.a,Maryland,df.a
e.a,,cabcbcae.a,AA,,AA,NeYSAA,cddi.a,,bbcjiad.a,dabje.a,DFW,Dallas/FortWorthTX,TX,,,he.a
,b.a,,MQ,cadji.a,,,edja.a,bajja.a,,dajja.a,CHO,,VA,fb.a,,di.a
,e.a,,,,,NiabMQ,dedd.a,behid.a,behidac.a,dehid.a,SGF,SpringfieldMO,MO,cj.a,Missouri,
bi.a,c.a,,OO,cadae.a,,,fdhd.a,bcijc.a,,dcfhf.a,LAX,LosAngelesCA,CA,g.a,California,jb.a
bg.a,h.a,,OO,,OO,NgbhQX,efee.a,,bagcaac.a,dagca.a,BIL,BillingsMT,MT,da.a,Montana,ie.a
,d.a,cabcbcbc.a,,cadgg.a,EV,Nbbbag,ehai.a,bdeih.a,bdeihac.a,dbgfa.a,,MinneapolisMN,,ch.a,Minnesota,
bc.a,d.a,,,,OO,NgadSK,efae.a,,bcijcad.a,dcfhf.a,LAX,LosAngelesCA,CA,g.a,California,jb.a
h.a,f.a,,,bjjhh.a,UA,Ncgbcd,bfeg.a,bccgg.a,bccggad.a,dbefd.a,IAH,HoustonTX,TX,,,he.a
h.a,,cabcbcah.a,DL,bjhja.a,,NjbhDE,,bccbh.a,,dacff.a,HSV,HuntsvilleAL,AL,,,fb.a
bi.a,c.a,cabcbcbi.a,WN,,,,bbci.a,beidb.a,,dcefh.a,SJC,SanJoseCA,CA,g.a,California,
d.a,,cabcbcad.a,DL,bjhja.a,,NjeaDL,,badjh.a,,dadjh.a,ATL,,GA,,,de.a
bb.a,c.a,,OO,cadae.a,,NjiaSW,fgag.a,bdjda.a,,dajhh.a,ORD,,IL,bh.a,Illinois,
,c.a,,MQ,cadji.a,,,dfad.a,bddad.a,,dcegh.a,MIA,MiamiFL,,bc.a,Florida,dd.a
f.a,d.a,cabcbcaf.a,,,WN,NcjhWN,bbb.a,,bagjdac.a,dagjd.a,BNA,NashvilleTN,,eh.a,Tennessee,fe.a
bf.a,g.a,,UA,,UA,NehbUA,ihc.a,,bbcjcac.a,dadcf.a,DEN,DenverCO,CO,,,ic.a
bi.a,c.a,,UA,bjjhh.a,,,bchg.a,bbgbi.a,,dbhad.a,EWR,NewarkNJ,,,,cb.a
j.a,h.a,cabcbcaj.a,US,cadff.a,,NidcAW,fcd.a,befha.a,befhaac.a,defha.a,RNO,RenoNV,,dc.a,Nevada,
j.a,h.a,,UA,,UA,NebjUA,hbc.a,,bdjdaac.a,dajhh.a,ORD,,IL,,,
,c.a,cabcbcbb.a,EV,cadgg.a,EV,Nbdjij,,bccgg.a,bccggad.a,dbefd.a,,HoustonTX,TX,ei.a,,he.a
cg.a,d.a,cabcbccg.a,,,,NdjeSW,dfcf.a,,beghjad.a,,SAN,SanDiegoCA,,g.a,California,
bj.a,d.a,,,cadae.a,,,gcef.a,bbbaj.a,,,COS,ColoradoSpringsCO,CO,i.a,Colorado,ic.a
bi.a,c.a,cabcbcbi.a,WN,bjdjd.a,,,bgaa.a,behhb.a,,dcefh.a,SFO,SanFranciscoCA,CA,g.a,California,
bg.a,h.a,,OO,cadae.a,,NcddSW,feha.a,behhb.a,behhbab.a,dcefh.a,SFO,SanFranciscoCA,CA,g.a,California,
,d.a,cabcbcaf.a,,cadgg.a,EV,Nbbfdg,efdd.a,bbgbi.a,bbgbiac.a,dbhad.a,,NewarkNJ,,de.a,NewJersey,cb.a
bi.a,c.a,cabcbcbi.a,US,cadff.a,,,bbfj.a,bbchi.a,,daifc.a,DCA,,VA,fb.a,,di.a
ce.a,b.a,,UA,bjjhh.a,,,ece.a,bcijc.a,,,LAX,LosAngelesCA,CA,,,jb.a
,e.a,cabcbcag.a,,cadgg.a,EV,Nbcjaa,egig.a,bbbjd.a,bbbjdac.a,ddbaf.a,,CincinnatiOH,KY,cb.a,Kentucky,fc.a
,h.a,cabcbcda.a,FL,,FL,NdbfAT,cj.a,,bciijad.a,dccbb.a,,LasVegasNV,NV,dc.a,Nevada,if.a
,e.a,cabcbcbd.a,,cadgg.a,EV,Nbebig,egca.a,bccgg.a,bccggad.a,dbefd.a,,HoustonTX,TX,ei.a,,he.a
bj.a,d.a,cabcbcbj.a,,,,,ciad.a,beigj.a,,,SLC,SaltLakeCityUT,,ej.a,,
bb.a,c.a,,UA,bjjhh.a,UA,Nbcccf,bgie.a,bebaa.a,bebaaac.a,debaa.a,PHL,PhiladelphiaPA,,,,
db.a,b.a,cabcbcdb.a,YV,cadhi.a,,NjcaFJ,cich.a,begid.a,,,SAT,SanAntonioTX,,ei.a,,
,d.a,,,cadji.a,,NjbiMQ,djbg.a,bafcj.a,,dafcj.a,BDL,HartfordCT,CT,j.a,Connecticut,bb.a
da.a,h.a,cabcbcda.a,Bg,,,NfcjJB,,,begdfac.a,,RSW,FortMyersFL,FL,bc.a,Florida,
bg.a,,cabcbcbg.a,DL,bjhja.a,,NjagDE,,badjh.a,,dadjh.a,ATL,,GA,,,de.a
bg.a,,cabcbcbg.a,AA,,AA,NffaAA,bchf.a,,bcchiac.a,dajci.a,ICT,WichitaKS,KS,,,gc.a
bb.a,,cabcbcbb.a,DL,bjhja.a,DL,NgegDL,,bdcae.a,bdcaeac.a,dbefe.a,MCO,OrlandoFL,,,,dd.a
cb.a,,cabcbccb.a,AA,bjiaf.a,,,gef.a,badjh.a,,,ATL,,GA,,,de.a
f.a,,cabcbcaf.a,AA,,AA,NfDXAA,bhaj.a,,bcjfdac.a,dbhad.a,LGA,NewYorkNY,,,,cc.a
,h.a,cabcbcbg.a,EV,cadgg.a,EV,Nbefgi,,bbcji.a,bbcjiad.a,dabje.a,,Dallas/FortWorthTX,TX,ei.a,,he.a
ch.a,,cabcbcch.a,AS,,,NgccAS,,,behehad.a,,SEA,SeattleWA,WA,,,
e.a,,cabcbbae.a,AA,,AA,NeigAA,ede.a,,bbcjiad.a,dabje.a,DFW,Dallas/FortWorthTX,TX,,,he.a
c.a,,cabcbcac.a,AA,,AA,NdDFAA,bhhf.a,,bdjdaac.a,dajhh.a,ORD,,IL,,,
bd.a,e.a,cabcbcbd.a,,bjdjd.a,WN,NhejSW,dhe.a,bbcjc.a,bbcjcac.a,dadcf.a,DEN,DenverCO,CO,i.a,Colorado,ic.a
cd.a,h.a,cabcbccd.a,US,cadff.a,,,hba.a,bdjda.a,,,ORD,,IL,bh.a,Illinois,
bb.a,,cabcbcbb.a,AA,,AA,NeWTAA,gij.a,,bbcjiad.a,dabje.a,DFW,Dallas/FortWorthTX,TX,,,he.a
g.a,e.a,cabcbcag.a,,,WN,NcjhWN,idh.a,,bedahac.a,dahcb.a,PVD,ProvidenceRI,,ee.a,RhodeIsland,
ch.a,e.a,cabcbcch.a,,bjdjd.a,,NjahWN,eiad.a,bdcdc.a,,,MDW,,IL,bh.a,Illinois,eb.a
cc.a,,cabcbbcc.a,AA,bjiaf.a,,,cgd.a,bccge.a,,,IAD,,VA,,,di.a
,b.a,,MQ,cadji.a,,,ddcb.a,bbcji.a,,dabje.a,DFW,Dallas/FortWorthTX,TX,ei.a,,he.a
cj.a,g.a,cabcbccj.a,US,cadff.a,US,NhejUS,bjfb.a,bbchi.a,bbchiac.a,,DCA,,VA,fb.a,,di.a
bg.a,h.a,,OO,cadae.a,,,gefj.a,bbcjc.a,,dadcf.a,DEN,DenverCO,CO,i.a,Colorado,ic.a
bd.a,e.a,cabcbcbd.a,,bjdjd.a,,NjgbWN,cgb.a,bebah.a,,daegg.a,PHX,PhoenixAZ,,e.a,Arizona,
cf.a,c.a,,UA,bjjhh.a,,,bbie.a,bciij.a,,,LAS,LasVegasNV,NV,,,if.a
,b.a,cabcbcdb.a,FL,caedh.a,FL,NchcAT,gif.a,bebah.a,bebahac.a,daegg.a,,PhoenixAZ,,e.a,Arizona,
i.a,g.a,cabcbcai.a,WN,bjdjd.a,WN,NhdhJW,cdha.a,bcdjb.a,bcdjbac.a,dbhad.a,ISP,IslipNY,NY,dg.a,NewYork,cc.a
c.a,h.a,cabcbcac.a,WN,bjdjd.a,WN,NjghWN,bcfe.a,bbcfj.a,,dabje.a,DAL,DallasTX,TX,ei.a,,he.a
ba.a,b.a,cabcbcba.a,WN,bjdjd.a,WN,NhcgSW,hic.a,bbcfj.a,bbcfjad.a,dabje.a,DAL,DallasTX,TX,ei.a,,he.a
db.a,b.a,cabcbcdb.a,US,cadff.a,US,NjfhUW,bhbg.a,bebaa.a,,,PHL,PhiladelphiaPA,,ec.a,Pennsylvania,
cb.a,f.a,cabcbccb.a,,,US,,bafd.a,bfabg.a,,,STL,St.LouisMO,MO,cj.a,Missouri,ge.a
cf.a,c.a,,OO,cadae.a,OO,,ffji.a,bbbaj.a,,,,ColoradoSpringsCO,CO,i.a,Colorado,ic.a
,e.a,,,cadji.a,MQ,,eajg.a,bdbji.a,,ddbji.a,,KansasCityMO,MO,cj.a,Missouri,ge.a
da.a,,cabcbcda.a,AA,,AA,NeidAA,cajg.a,,bbcjiad.a,,DFW,Dallas/FortWorthTX,TX,,,he.a
ca.a,,cabcbcca.a,DL,bjhja.a,DL,,,badjh.a,,,ATL,,GA,,,de.a
,e.a,cabcbcbd.a,,cadgg.a,EV,Nbdjge,egai.a,bbgbi.a,bbgbiac.a,dbhad.a,,NewarkNJ,,de.a,NewJersey,cb.a
i.a,,cabcbcai.a,AA,,AA,NdFYAA,hbh.a,,bcjfdac.a,dbhad.a,LGA,NewYorkNY,,,,cc.a
b.a,g.a,,UA,,UA,NefcUA,ejd.a,,bebccac.a,dabji.a,PIT,PittsburghPA,,,,
cb.a,,cabcbccb.a,DL,bjhja.a,DL,,,bcehi.a,,,,NewYorkNY,,,,cc.a
ba.a,b.a,,UA,bjjhh.a,UA,Nhiaac,bgje.a,bcijc.a,bcijcad.a,dcfhf.a,LAX,LosAngelesCA,CA,,,jb.a
cc.a,,cabcbccc.a,DL,bjhja.a,DL,,,bcefb.a,,,,JacksonvilleFL,FL,,,dd.a
ce.a,b.a,cabcbcce.a,US,cadff.a,US,,bfjh.a,bbgjh.a,,,FLL,,FL,bc.a,Florida,dd.a
,g.a,,MQ,cadji.a,MQ,NghgMQ,ebai.a,bbbjd.a,bbbjdac.a,ddbaf.a,,CincinnatiOH,KY,cb.a,Kentucky,fc.a
,e.a,cabcbcch.a,,cadgg.a,EV,NiefAS,fbac.a,bdchh.a,bdchhac.a,ddchh.a,,MontgomeryAL,,b.a,Alabama,fb.a
be.a,f.a,,,cadae.a,OO,NjgaSW,geag.a,behhb.a,,dcefh.a,,SanFranciscoCA,CA,g.a,California,
cb.a,f.a,cabcbccb.a,,bjdjd.a,WN,,bjff.a,baecd.a,,,AUS,AustinTX,TX,ei.a,,he.a
bg.a,h.a,cabcbcbg.a,WN,bjdjd.a,WN,,cdhc.a,bedah.a,,dahcb.a,PVD,ProvidenceRI,,ee.a,RhodeIsland,
,h.a,cabcbcaj.a,EV,cadgg.a,EV,NideAS,,bcehi.a,bcehiac.a,dbhad.a,,NewYorkNY,,dg.a,NewYork,cc.a
g.a,e.a,cabcbcag.a,,,WN,NfacSW,baej.a,,bachjad.a,dachj.a,AMA,AmarilloTX,TX,ei.a,,he.a
e.a,c.a,cabcbcae.a,YV,cadhi.a,YV,NjacFJ,ciae.a,bebah.a,bebahac.a,daegg.a,PHX,PhoenixAZ,,e.a,Arizona,
cg.a,,cabcbccg.a,DL,bjhja.a,DL,NjffDN,,bdeih.a,,,,MinneapolisMN,,,,
,d.a,cabcbcbc.a,,cadgg.a,EV,Nbgfcf,eeff.a,bcchi.a,bcchiac.a,dajci.a,,WichitaKS,KS,ca.a,Kansas,gc.a
bg.a,,cabcbcbg.a,AS,bjjda.a,AS,,,behaj.a,,daahd.a,SCC,DeadhorseAK,AK,,,
,e.a,cabcbcca.a,,cadgg.a,EV,,ejgc.a,bccbh.a,,dacff.a,,HuntsvilleAL,AL,b.a,Alabama,fb.a
ba.a,b.a,cabcbcba.a,WN,bjdjd.a,WN,NheaSW,iic.a,bbcjc.a,bbcjcac.a,dadcf.a,DEN,DenverCO,CO,i.a,Colorado,ic.a
,b.a,,MQ,,MQ,NgabMQ,dfej.a,,bddadad.a,dcegh.a,,,,bc.a,Florida,dd.a
,f.a,,,cadji.a,MQ,NiahMQ,dcbj.a,bbcji.a,bbcjiad.a,dabje.a,,Dallas/FortWorthTX,TX,ei.a,,he.a
bc.a,d.a,cabcbcbc.a,,,WN,NgcjSW,bdh.a,,bbcjcac.a,dadcf.a,DEN,DenverCO,CO,i.a,Colorado,ic.a
ca.a,,cabcbbca.a,AA,bjiaf.a,AA,,edi.a,bddad.a,,,MIA,,,,,dd.a
ba.a,,cabcbbba.a,AA,,AA,NdgfAA,bac.a,,bcbhdab.a,dcbde.a,HNL,HonoluluHI,HI,,,c.a
cc.a,g.a,cabcbccc.a,VX,cbbhb.a,VX,,iaj.a,beafh.a,,,PDX,PortlandOR,,eb.a,Oregon,
bc.a,d.a,,,,OO,NgcjBR,efja.a,,bcdedac.a,dcded.a,,InternationalFallsMN,MN,ch.a,Minnesota,gd.a
f.a,d.a,cabcbcaf.a,,,US,NgcfAW,efg.a,,bebahac.a,daegg.a,PHX,PhoenixAZ,,e.a,Arizona,
,c.a,,MQ,cadji.a,MQ,,dgaa.a,bccgg.a,,dbefd.a,,HoustonTX,TX,ei.a,,he.a
,c.a,cabcbcae.a,EV,cadgg.a,EV,NjcfEV,,badjh.a,,dadjh.a,,,GA,bd.a,Georgia,de.a
g.a,e.a,,,bjjhh.a,UA,Ncehac,bbdj.a,bbgbi.a,bbgbiac.a,dbhad.a,EWR,NewarkNJ,,,,cb.a
,b.a,cabcbcba.a,EV,cadgg.a,EV,NjajEV,,bccge.a,,daifc.a,,,VA,fb.a,,di.a
ba.a,,cabcbcba.a,DL,,DL,NfjfNW,,,bdcaeac.a,dbefe.a,,,,,,dd.a
,h.a,cabcbccd.a,EV,cadgg.a,EV,,,bbaec.a,,dageh.a,,,OH,dj.a,Ohio,ee.a
cf.a,c.a,,OO,cadae.a,OO,,cjij.a,bbfea.a,,,,ElPasoTX,TX,ei.a,,he.a
j.a,h.a,cabcbcaj.a,Bg,,Bg,NfjfJB,,,beachac.a,deach.a,PBI,,FL,bc.a,Florida,
,g.a,,MQ,cadji.a,MQ,NgifMQ,defc.a,bbjfd.a,bbjfdac.a,dbjfd.a,,,FL,bc.a,Florida,dd.a
be.a,f.a,,,cadae.a,OO,NjagSW,cjfa.a,begij.a,,degij.a,,SantaBarbaraCA,CA,g.a,California,
ba.a,b.a,cabcbcba.a,WN,,WN,NjdbWN,cbfc.a,beijd.a,,ddbjc.a,SMF,SacramentoCA,,g.a,California,
ca.a,,cabcbbca.a,AA,bjiaf.a,AA,,if.a,bcehi.a,,,JFK,NewYorkNY,,,,cc.a
cb.a,f.a,cabcbccb.a,,cbbhb.a,VX,,dgh.a,bahcb.a,,,BOS,BostonMA,MA,cf.a,Massachusetts,bd.a
,d.a,,,cadji.a,MQ,,dchh.a,bbcji.a,,dabje.a,,Dallas/FortWorthTX,TX,ei.a,,he.a
,h.a,cabcbcda.a,EV,cadgg.a,EV,NheeEV,,bbedd.a,bbeddac.a,dbcjf.a,,,MI,cg.a,Michigan,ed.a
,b.a,,MQ,cadji.a,MQ,,dfbe.a,bddad.a,,dcegh.a,,,,bc.a,Florida,dd.a
c.a,h.a,cabcbcac.a,WN,,WN,NdfiSW,dcgb.a,,bciijad.a,dccbb.a,LAS,LasVegasNV,NV,dc.a,Nevada,if.a
c.a,,cabcbcac.a,AA,,,NdecAA,ce.a,,behhbab.a,dcefh.a,SFO,SanFranciscoCA,CA,,,
,h.a,cabcbcbg.a,EV,cadgg.a,EV,,,bbedd.a,,dbcjf.a,,,MI,cg.a,Michigan,ed.a
bf.a,,cabcbcbf.a,DL,bjhja.a,DL,NjchDA,,badjh.a,,dadjh.a,,,GA,,,de.a
bj.a,,cabcbcbj.a,DL,bjhja.a,DL,,,badjh.a,,,,,GA,,,de.a
cf.a,c.a,cabcbccf.a,WN,bjdjd.a,WN,,edf.a,bdhjg.a,,,OAK,OaklandCA,,g.a,California,
ch.a,e.a,cabcbcch.a,,,WN,NgdgWN,ccgj.a,,baicbad.a,,BWI,,MD,ce.a,Maryland,df.a
cd.a,h.a,,OO,cadae.a,OO,,fgfa.a,badhc.a,,,,AspenCO,CO,i.a,Colorado,ic.a
,e.a,,,cadji.a,MQ,NgiaMQ,dfaa.a,bebjd.a,bebjdad.a,ddhci.a,,,,bc.a,Florida,
cg.a,d.a,cabcbccg.a,,,WN,,dhba.a,bejai.a,,,SNA,SantaAnaCA,CA,g.a,California,jb.a
,g.a,cabcbcab.a,EV,cadgg.a,EV,NjbeEV,,badjh.a,,dadjh.a,,,GA,bd.a,Georgia,de.a
,g.a,,MQ,,MQ,NgajMQ,ebeh.a,,bbaggac.a,dbagg.a,,,OH,dj.a,Ohio,ee.a
bb.a,,cabcbcbb.a,AS,bjjda.a,AS,NhhbAS,,beafh.a,beafhac.a,deafh.a,PDX,PortlandOR,,,,
cg.a,d.a,,,bjjhh.a,UA,,bcfi.a,bccgg.a,,,IAH,HoustonTX,TX,,,he.a
ch.a,,cabcbcch.a,AS,bjjda.a,,NhjjAS,,beheh.a,behehad.a,,SEA,SeattleWA,WA,,,
c.a,h.a,,UA,bjjhh.a,UA,Nhfecj,bgah.a,bcijc.a,bcijcad.a,dcfhf.a,LAX,LosAngelesCA,CA,,,jb.a
,e.a,,,cadji.a,MQ,NgeiMQ,ddah.a,bbcji.a,bbcjiad.a,dabje.a,,Dallas/FortWorthTX,TX,ei.a,,he.a
cj.a,,cabcbccj.a,DL,,DL,NdggNW,,,badjhaf.a,,,,GA,,,de.a
cg.a,d.a,,,,UA,NegjUA,ehc.a,,bdcaeac.a,,MCO,,,,,dd.a
bi.a,c.a,cabcbcbi.a,WN,bjdjd.a,WN,,bddf.a,bbcjc.a,,,DEN,DenverCO,CO,i.a,Colorado,ic.a
,g.a,cabcbcab.a,EV,cadgg.a,EV,Nbbffb,,bccgg.a,bccggad.a,dbefd.a,,HoustonTX,TX,ei.a,,he.a
ci.a,f.a,cabcbcci.a,,bjdjd.a,WN,NhiiSA,dfaa.a,bebah.a,bebahac.a,,PHX,PhoenixAZ,,e.a,Arizona,
b.a,,cabcbcab.a,DL,,,NdeeNB,,,beigjad.a,degbe.a,SLC,SaltLakeCityUT,,,,
,f.a,,,,MQ,NfdbMQ,dhdb.a,,bdjdaac.a,dajhh.a,,,IL,bh.a,Illinois,
h.a,,cabcbcah.a,DL,bjhja.a,DL,NjghDL,,badjh.a,,dadjh.a,,,GA,,,de.a
ba.a,,cabcbcba.a,AA,bjiaf.a,AA,NcabAA,gba.a,bbcji.a,bbcjiad.a,dabje.a,DFW,Dallas/FortWorthTX,TX,,,he.a
,f.a,cabcbcci.a,,caedh.a,FL,NjegAT,bcj.a,badjh.a,,dadjh.a,,,GA,bd.a,Georgia,de.a
ba.a,b.a,,OO,cadae.a,OO,NjffSW,cjig.a,bebah.a,,daegg.a,,PhoenixAZ,,e.a,Arizona,
,d.a,,,,,NghdMQ,djdc.a,behid.a,behidac.a,dehid.a,SGF,SpringfieldMO,MO,cj.a,Missouri,
,c.a,cabcbcbi.a,EV,cadgg.a,EV,,,bdjda.a,,dajhh.a,,,IL,bh.a,Illinois,
,b.a,cabcbcbh.a,EV,cadgg.a,EV,,,bdifb.a,,ddifb.a,,OklahomaCityOK,,ea.a,Oklahoma,
,c.a,,MQ,cadji.a,MQ,,ebia.a,bdeif.a,,ddeif.a,,MadisonWI,,ff.a,,
h.a,,cabcbcah.a,DL,bjhja.a,DL,NjchDA,,badjh.a,,dadjh.a,,,GA,,,de.a
h.a,f.a,,,,UA,NebhUA,gia.a,,bbaecac.a,dageh.a,CLE,,OH,,,ee.a
cg.a,d.a,cabcbccg.a,,bjdjd.a,WN,NhhaSA,egfi.a,bebaa.a,bebaaac.a,,PHL,PhiladelphiaPA,,ec.a,Pennsylvania,
be.a,f.a,,,cadae.a,OO,NgfjBR,eegj.a,bcddf.a,bcddfac.a,dcddf.a,,,MI,cg.a,Michigan,ed.a
,g.a,cabcbcbf.a,EV,cadgg.a,EV,Nbcjde,,bccgg.a,bccggad.a,dbefd.a,,HoustonTX,TX,ei.a,,he.a
be.a,f.a,,,cadae.a,OO,NiajSK,eeea.a,bagjd.a,bagjdac.a,dagjd.a,,NashvilleTN,,eh.a,Tennessee,fe.a
j.a,h.a,cabcbcaj.a,Bg,caeaj.a,Bg,NbhiJB,,bcbjb.a,bcbjbac.a,dbefd.a,HOU,HoustonTX,TX,ei.a,,he.a
,b.a,cabcbcad.a,EV,cadgg.a,EV,Nbebfd,,bagjd.a,bagjdac.a,dagjd.a,,NashvilleTN,,eh.a,Tennessee,fe.a
h.a,,cabcbcah.a,AA,,AA,NdFWAA,bhgd.a,,bahcbac.a,dahcb.a,BOS,BostonMA,MA,,,bd.a
b.a,g.a,,OO,cadae.a,OO,NhhbSK,gbjb.a,bccge.a,bccgeac.a,daifc.a,,,VA,fb.a,,di.a
,g.a,cabcbcai.a,EV,cadgg.a,EV,Nbejdh,,bccgg.a,bccggad.a,dbefd.a,,HoustonTX,TX,ei.a,,he.a
db.a,,cabcbcdb.a,DL,bjhja.a,DL,NjfiDN,,badjh.a,,,,,GA,,,de.a
,f.a,,,,MQ,NgeaMQ,dedj.a,,bbhhiab.a,dbhhi.a,,FortSmithAR,AR,f.a,Arkansas,hb.a
da.a,h.a,,OO,,,NiadSK,eehj.a,beigj.a,beigjad.a,,SLC,SaltLakeCityUT,,ej.a,,
bb.a,,cabcbcbb.a,AA,,AA,NfidAA,cdde.a,,bbcjiad.a,dabje.a,DFW,Dallas/FortWorthTX,TX,,,he.a
,g.a,,MQ,cadji.a,MQ,NhcfMQ,eedb.a,bcjfd.a,bcjfdac.a,dbhad.a,,NewYorkNY,,dg.a,NewYork,cc.a
,f.a,cabcbcci.a,,caedh.a,FL,NijdAT,fih.a,bdcae.a,bdcaeac.a,dbefe.a,,OrlandoFL,,bc.a,Florida,dd.a
da.a,h.a,cabcbcda.a,US,cadff.a,US,NhbfUW,bcjf.a,bebaa.a,bebaaac.a,,PHL,PhiladelphiaPA,,ec.a,Pennsylvania,
bf.a,g.a,cabcbcbf.a,WN,,,NeegWN,bege.a,,behhbab.a,dcefh.a,SFO,SanFranciscoCA,CA,g.a,California,
bb.a,,cabcbcbb.a,DL,,DL,NdcdNB,,,bbgjhad.a,dcegh.a,,,FL,,,dd.a
be.a,f.a,cabcbcbe.a,,bjdjd.a,WN,NhdjGB,fgj.a,bbcfj.a,bbcfjad.a,dabje.a,DAL,DallasTX,TX,ei.a,,he.a
bc.a,,cabcbcbc.a,DL,,DL,NfccUS,,,badjhaf.a,dadjh.a,,,GA,,,de.a
,c.a,cabcbcbi.a,EV,cadgg.a,EV,,,badjh.a,,dadjh.a,,,GA,bd.a,Georgia,de.a
cc.a,g.a,,UA,bjjhh.a,UA,,bbib.a,bdcae.a,,,MCO,,,,,dd.a
cd.a,h.a,,OO,cadae.a,OO,,gcjf.a,bcijc.a,,,,LosAngelesCA,CA,g.a,California,jb.a
cj.a,g.a,cabcbccj.a,US,cadff.a,US,NhaiUW,bigj.a,bahcb.a,bahcbac.a,,BOS,BostonMA,MA,cf.a,Massachusetts,bd.a
bh.a,,cabcbcbh.a,AA,bjiaf.a,AA,,bfci.a,bddad.a,,dcegh.a,MIA,,,,,dd.a
b.a,g.a,cabcbcab.a,WN,,WN,NdheSW,cieg.a,,bbeddac.a,dbcjf.a,DTW,,MI,cg.a,Michigan,ed.a
ci.a,f.a,,,,,NeafSW,fffh.a,,befhaac.a,,RNO,RenoNV,,dc.a,Nevada,
ch.a,,cabcbcch.a,DL,,DL,NdgcNW,,,bebahac.a,,,PhoenixAZ,,,,
da.a,,cabcbcda.a,AA,,AA,NejdAA,gba.a,,bbcjiad.a,,DFW,Dallas/FortWorthTX,TX,,,he.a
bc.a,d.a,,,cadae.a,OO,NhfdSK,fbhc.a,bdifb.a,bdifbad.a,ddifb.a,,OklahomaCityOK,,ea.a,Oklahoma,
bi.a,c.a,,OO,cadae.a,OO,,egdf.a,bdeih.a,,,,MinneapolisMN,,ch.a,Minnesota,
,h.a,,MQ,cadji.a,MQ,NgjeMQ,ecfg.a,bdjda.a,bdjdaac.a,dajhh.a,,,IL,bh.a,Illinois,
j.a,h.a,cabcbcaj.a,Bg,caeaj.a,Bg,NcgfJB,,bebcc.a,bebccac.a,dabji.a,PIT,PittsburghPA,,ec.a,Pennsylvania,
,b.a,cabcbcba.a,FL,caedh.a,FL,NjcfAT,gd.a,badjh.a,,dadjh.a,,,GA,bd.a,Georgia,de.a
j.a,h.a,,OO,,,NgaiSK,efaa.a,,beghjad.a,ddfha.a,SAN,SanDiegoCA,,g.a,California,
i.a,g.a,cabcbcai.a,US,,US,NfejUW,ch.a,,bebahac.a,daegg.a,PHX,PhoenixAZ,,e.a,Arizona,
f.a,d.a,,,cadae.a,OO,NjceSW,fgad.a,behhb.a,,dcefh.a,,SanFranciscoCA,,g.a,California,
cb.a,,cabcbccb.a,DL,bjhja.a,DL,,,badjh.a,,,,,GA,,,de.a
ba.a,b.a,,OO,,,NedfSW,cgfe.a,,beghjad.a,ddfha.a,SAN,SanDiegoCA,,g.a,California,
b.a,,cabcbbab.a,AA,,AA,NfacAA,fcc.a,,bbcjiad.a,dabje.a,DFW,Dallas/FortWorthTX,TX,,,he.a
,h.a,cabcbcac.a,FL,caedh.a,FL,NjeaAT,cge.a,bbcgh.a,,dbcgh.a,,,OH,dj.a,Ohio,ee.a
c.a,h.a,cabcbcac.a,WN,bjdjd.a,WN,NidacF,ibb.a,bdbji.a,bdbjiab.a,ddbji.a,MCI,KansasCityMO,MO,cj.a,Missouri,ge.a
b.a,g.a,cabcbcab.a,US,cadff.a,US,NjefUW,begd.a,bbedd.a,,dbcjf.a,DTW,,MI,cg.a,Michigan,ed.a
bi.a,c.a,cabcbcbi.a,WN,bjdjd.a,WN,,gff.a,bdcae.a,,,MCO,,,bc.a,Florida,dd.a
,g.a,,MQ,cadji.a,MQ,NgjbMQ,deac.a,babff.a,babffac.a,dabff.a,,WacoTX,TX,ei.a,,he.a
ce.a,b.a,,OO,cadae.a,OO,,gdih.a,behhb.a,,,SFO,SanFranciscoCA,CA,g.a,California,
cg.a,d.a,cabcbccg.a,,,WN,NgajSW,biaf.a,,bdcaeac.a,,MCO,,,bc.a,Florida,dd.a
i.a,,cabcbcai.a,DL,,DL,NjdcDN,,bfdae.a,,ddbjf.a,TPA,,FL,,,dd.a
db.a,,cabcbcdb.a,AA,,AA,NeWRAA,cdci.a,,bbcjiad.a,,DFW,Dallas/FortWorthTX,TX,,,he.a
h.a,f.a,,,,OO,NfahCA,ffjc.a,,baiejad.a,daiej.a,,BozemanMT,MT,da.a,Montana,ie.a
cj.a,g.a,cabcbccj.a,Bg,,Bg,NfagJB,,,bbgjhad.a,,FLL,,FL,bc.a,Florida,dd.a
,f.a,cabcbcci.a,,caedh.a,FL,NjjaAT,fid.a,bbcjc.a,,dadcf.a,,DenverCO,CO,i.a,Colorado,ic.a
d.a,b.a,,OO,cadae.a,OO,NjigSW,gcja.a,behhb.a,,dcefh.a,,SanFranciscoCA,CA,g.a,California,
bi.a,c.a,cabcbcbi.a,VX,cbbhb.a,VX,,ij.a,bccge.a,,,IAD,,VA,fb.a,,di.a
,e.a,,,cadji.a,MQ,NhddMQ,cjeg.a,bcjbf.a,bcjbfad.a,dbcaf.a,,LakeCharlesLA,LA,cc.a,Louisiana,hc.a
,g.a,cabcbcab.a,EV,cadgg.a,EV,Nbffch,,bccgg.a,bccggad.a,dbefd.a,,HoustonTX,TX,ei.a,,he.a
,e.a,cabcbcbd.a,,cadgg.a,EV,Nbgjbb,ecda.a,bedcb.a,bedcbad.a,dedcb.a,,PortlandME,,cd.a,Maine,
,c.a,cabcbcbb.a,EV,cadgg.a,EV,NjhcEV,,badjh.a,,dadjh.a,,,GA,bd.a,Georgia,de.a
,b.a,cabcbcbh.a,EV,cadgg.a,EV,,,baeai.a,,daeai.a,,AppletonWI,WI,ff.a,,ef.a
,,,HA,,HA,NeibHA,bej.a,,bchfiad.a,dchfi.a,,KonaHI,HI,bf.a,Hawaii,c.a
,e.a,,,,MQ,NgbdMQ,eajd.a,,bdjdaac.a,dajhh.a,,,IL,bh.a,Illinois,
,h.a,cabcbcaj.a,EV,cadgg.a,EV,Nbcfda,,bbebf.a,bbebfab.a,dbddf.a,,DelRioTX,TX,ei.a,,he.a
cf.a,,cabcbccf.a,AA,bjiaf.a,AA,,dab.a,bcjfd.a,,,LGA,NewYorkNY,,,,cc.a
,e.a,cabcbcch.a,,,EV,Ndgjbf,dibf.a,,bbaecac.a,dageh.a,,,OH,dj.a,Ohio,ee.a
da.a,,cabcbcda.a,AA,,AA,NdFNAA,badb.a,,bbgjhad.a,,FLL,,FL,,,dd.a
,c.a,,MQ,cadji.a,MQ,,ecaj.a,bdjda.a,,dajhh.a,,,IL,bh.a,Illinois,
cj.a,g.a,,UA,bjjhh.a,UA,NgfdUA,dci.a,bdjda.a,bdjdaac.a,,ORD,,IL,,,
ce.a,b.a,,UA,bjjhh.a,UA,,fdf.a,bccgg.a,,,IAH,HoustonTX,TX,,,he.a
e.a,,cabcbcae.a,AA,,AA,NeYGAA,bihj.a,,bbcjiad.a,dabje.a,DFW,Dallas/FortWorthTX,TX,,,he.a
cb.a,f.a,cabcbccb.a,,bjdjd.a,WN,,ehda.a,beheh.a,,,SEA,SeattleWA,WA,fd.a,,
ch.a,,cabcbcch.a,AS,bjjda.a,AS,NhffAS,,bcibj.a,bcibjac.a,,KTN,KetchikanAK,AK,,,b.a
h.a,f.a,cabcbcah.a,,,,NecgWN,dcec.a,,beghjad.a,ddfha.a,SAN,SanDiegoCA,,g.a,California,
bj.a,d.a,cabcbcbj.a,,,WN,,cdee.a,bejai.a,,,SNA,SantaAnaCA,CA,g.a,California,jb.a
be.a,f.a,,,,,NhbiSK,gfag.a,behhb.a,behhbab.a,dcefh.a,SFO,SanFranciscoCA,CA,g.a,California,
c.a,h.a,cabcbcac.a,WN,bjdjd.a,WN,NhhaeB,cibi.a,bbcjc.a,bbcjcac.a,dadcf.a,DEN,DenverCO,CO,i.a,Colorado,ic.a
ci.a,f.a,cabcbcci.a,,caeaj.a,Bg,NhafJB,dgj.a,bcjfd.a,bcjfdac.a,,LGA,NewYorkNY,,dg.a,NewYork,cc.a
bg.a,h.a,,OO,,OO,NgahSK,ehbd.a,,bcijcad.a,dcfhf.a,,LosAngelesCA,CA,g.a,California,jb.a
cg.a,d.a,cabcbccg.a,,bjdjd.a,WN,NjecWN,ecea.a,bciij.a,,,LAS,LasVegasNV,NV,dc.a,Nevada,if.a
cd.a,,cabcbbcd.a,AA,bjiaf.a,AA,,e.a,bcijc.a,,,LAX,LosAngelesCA,CA,,,jb.a
bj.a,,cabcbcbj.a,AA,bjiaf.a,AA,,beie.a,bbcji.a,,,DFW,Dallas/FortWorthTX,TX,,,he.a
,d.a,cabcbcbj.a,,cadgg.a,EV,,efeg.a,bdjdb.a,,ddggh.a,,,,fb.a,,
cg.a,d.a,,,bjjhh.a,UA,Nhhfbi,gc.a,baecd.a,baecdac.a,,AUS,AustinTX,TX,,,he.a
h.a,f.a,cabcbcah.a,,cadhi.a,YV,NjciLR,cgdf.a,bbafh.a,,dbafh.a,CLT,,NC,dh.a,NorthCarolina,dg.a
cd.a,h.a,cabcbccd.a,US,cadff.a,US,,bfgf.a,bebaa.a,,,PHL,PhiladelphiaPA,,ec.a,Pennsylvania,
bh.a,b.a,cabcbcbh.a,US,,US,,jae.a,bfdae.a,,ddbjf.a,TPA,,FL,bc.a,Florida,dd.a
be.a,,cabcbcbe.a,AA,,AA,NdDYAA,bgej.a,,bbcjiad.a,dabje.a,DFW,Dallas/FortWorthTX,TX,,,he.a
cb.a,f.a,cabcbccb.a,,bjdjd.a,WN,,egge.a,bciij.a,,,LAS,LasVegasNV,NV,dc.a,Nevada,if.a
be.a,f.a,cabcbcbe.a,,,,NdihSW,jfg.a,,beijdac.a,ddbjc.a,SMF,SacramentoCA,,g.a,California,
d.a,,cabcbcad.a,AA,,,NdJKAA,bjhi.a,,behhbab.a,dcefh.a,SFO,SanFranciscoCA,CA,,,
d.a,b.a,cabcbcad.a,WN,,WN,NjeiWN,bcj.a,behhb.a,,dcefh.a,SFO,SanFranciscoCA,CA,g.a,California,
h.a,,cabcbcah.a,AA,,,NeYBAA,gbd.a,,bfabgad.a,dbbcd.a,STL,St.LouisMO,MO,,,ge.a
f.a,d.a,cabcbcaf.a,US,,US,NgciAW,fei.a,,beafhac.a,deafh.a,PDX,PortlandOR,,eb.a,Oregon,
db.a,,cabcbcdb.a,DL,,DL,NdehNB,,,badjhaf.a,dadjh.a,,,GA,,,de.a
bc.a,,cabcbbbc.a,AA,,AA,NejcAA,eda.a,,bbcjiad.a,dabje.a,DFW,Dallas/FortWorthTX,TX,,,he.a
,d.a,cabcbcbj.a,EV,cadgg.a,EV,,,bebjd.a,,ddhci.a,,PensacolaFL,,bc.a,Florida,
bh.a,,cabcbcbh.a,AA,bjiaf.a,AA,,bjif.a,bdjda.a,,dajhh.a,ORD,,IL,,,
da.a,h.a,cabcbcda.a,WN,bjdjd.a,WN,NgjeSW,dhbh.a,bdejf.a,bdejfac.a,,MSY,NewOrleansLA,,cc.a,Louisiana,
,d.a,cabcbcbc.a,EV,cadgg.a,EV,Nbdfdi,,bbjhh.a,bbjhhac.a,dbjhh.a,,GreenBayWI,WI,ff.a,,ef.a
f.a,d.a,,UA,bjjhh.a,UA,NiccUA,gjc.a,bdjda.a,bdjdaac.a,dajhh.a,ORD,,IL,,,
cg.a,d.a,cabcbccg.a,WN,bjdjd.a,WN,NcceWN,ccdg.a,bdcae.a,bdcaeac.a,,MCO,,,bc.a,Florida,dd.a
ch.a,,cabcbcch.a,AA,,AA,NeieAA,gge.a,,bbcjcac.a,,DEN,DenverCO,CO,,,ic.a
d.a,b.a,cabcbcad.a,US,cadff.a,US,NcffAY,jfc.a,bbgjh.a,bbgjhad.a,dcegh.a,FLL,,FL,bc.a,Florida,dd.a
c.a,,cabcbcac.a,AA,,AA,NdEMAA,bfhb.a,,badjhaf.a,dadjh.a,ATL,,GA,,,de.a
bf.a,g.a,,OO,cadae.a,OO,NccjSW,fddg.a,bcijc.a,bcijcad.a,dcfhf.a,,LosAngelesCA,CA,g.a,California,jb.a
bf.a,g.a,cabcbcbf.a,WN,bjdjd.a,WN,NhhdiA,ddcg.a,bbcjc.a,bbcjcac.a,dadcf.a,DEN,DenverCO,CO,i.a,Colorado,ic.a
,h.a,cabcbcda.a,EV,cadgg.a,EV,NiddAS,,baigi.a,baigiad.a,daigi.a,,,SC,ef.a,SouthCarolina,dh.a
,f.a,,,cadji.a,MQ,NgfdMQ,each.a,bbcgh.a,bbcghac.a,dbcgh.a,,,OH,dj.a,Ohio,ee.a
,e.a,,,cadji.a,MQ,,eaif.a,bccbh.a,,dacff.a,,HuntsvilleAL,AL,b.a,Alabama,fb.a
bj.a,,cabcbcbj.a,DL,bjhja.a,DL,,,bddec.a,,,,MilwaukeeWI,,,,ef.a
bj.a,d.a,,,cadae.a,OO,,gchf.a,bcijc.a,,,,LosAngelesCA,CA,g.a,California,jb.a
f.a,,cabcbcaf.a,DL,bjhja.a,DL,NhheNC,,badjh.a,badjhaf.a,dadjh.a,,,GA,,,de.a
cc.a,,cabcbccc.a,AA,bjiaf.a,AA,,bieb.a,bbcji.a,,,DFW,Dallas/FortWorthTX,TX,,,he.a
,d.a,cabcbcbc.a,,cadgg.a,EV,Nbbbea,gabb.a,bdeif.a,bdeifac.a,ddeif.a,,MadisonWI,,ff.a,,
,f.a,,,cadji.a,MQ,NhcbMQ,chfc.a,bbcji.a,bbcjiad.a,dabje.a,,Dallas/FortWorthTX,TX,ei.a,,he.a
ba.a,b.a,cabcbcba.a,WN,bjdjd.a,WN,NhdgSA,cjhf.a,bcijc.a,bcijcad.a,dcfhf.a,LAX,LosAngelesCA,CA,g.a,California,jb.a
,d.a,,FL,caedh.a,FL,,dj.a,badjh.a,,dadjh.a,,,GA,bd.a,Georgia,de.a
e.a,c.a,,OO,cadae.a,OO,NjhjSW,fgbj.a,bbcjc.a,,dadcf.a,,DenverCO,CO,i.a,Colorado,ic.a
,h.a,cabcbcbg.a,EV,cadgg.a,EV,,,bccgg.a,,dbefd.a,,HoustonTX,TX,ei.a,,he.a
da.a,,cabcbcda.a,AA,,AA,NdedAA,bcd.a,,bbcjiad.a,,DFW,Dallas/FortWorthTX,TX,,,he.a
,b.a,,FL,caedh.a,FL,NjhhAT,dfe.a,bcjfd.a,,dbhad.a,,NewYorkNY,,dg.a,NewYork,cc.a
bb.a,c.a,cabcbcbb.a,WN,bjdjd.a,WN,NhdaSW,baei.a,bbiie.a,bbiieac.a,dbiie.a,GEG,SpokaneWA,WA,fd.a,,jd.a
bd.a,e.a,cabcbcbd.a,,cadff.a,US,NbcdUW,bchf.a,bbchi.a,bbchiac.a,daifc.a,DCA,,VA,fb.a,,di.a
,b.a,cabcbcba.a,EV,,,Nbejcf,,bfdha.a,bfdhaac.a,degfd.a,TUL,TulsaOK,OK,ea.a,Oklahoma,hd.a
bg.a,,cabcbcbg.a,AA,bjiaf.a,AA,,ged.a,beejc.a,,deejc.a,RDU,,,,,
c.a,,cabcbcac.a,AA,,AA,NdABAA,ebd.a,,bcehiac.a,dbhad.a,JFK,NewYorkNY,,,,cc.a
,d.a,cabcbcbc.a,EV,cadgg.a,EV,Nbebhh,,bahjc.a,bahjcae.a,dahjc.a,,BuffaloNY,NY,dg.a,NewYork,cc.a
bi.a,c.a,,OO,cadae.a,OO,,egic.a,bcijc.a,,,,LosAngelesCA,CA,g.a,California,jb.a
cc.a,g.a,cabcbccc.a,WN,bjdjd.a,WN,,diji.a,bdeih.a,,,MSP,MinneapolisMN,,ch.a,Minnesota,
cg.a,d.a,,UA,bjjhh.a,UA,Nbecbe,bgij.a,bdjda.a,bdjdaac.a,,ORD,,IL,,,
ba.a,,cabcbcba.a,AA,,AA,NffdAA,dbd.a,,bcjfdac.a,dbhad.a,LGA,NewYorkNY,,,,cc.a
b.a,g.a,cabcbcab.a,WN,bjdjd.a,WN,NhbbHK,ccff.a,bbcfj.a,bbcfjad.a,dabje.a,DAL,DallasTX,TX,ei.a,,he.a
,g.a,cabcbccj.a,EV,cadgg.a,EV,Nbcffc,,bdcjg.a,bdcjgae.a,dahcb.a,,ManchesterNH,,dd.a,NewHampshire,be.a
bi.a,c.a,cabcbcbi.a,WN,bjdjd.a,WN,,ijd.a,bbcfj.a,,,DAL,DallasTX,TX,ei.a,,he.a
ch.a,,cabcbcch.a,DL,,DL,NdgaNB,,,bbcjiad.a,,,Dallas/FortWorthTX,TX,,,he.a
e.a,c.a,cabcbcae.a,US,cadff.a,US,NiceAW,bif.a,bdhjg.a,bdhjgab.a,dcefh.a,OAK,OaklandCA,,g.a,California,
ca.a,,cabcbcca.a,AA,bjiaf.a,AA,,bfed.a,bbcji.a,,,DFW,Dallas/FortWorthTX,TX,,,he.a
bg.a,h.a,,OO,cadae.a,OO,,gfaf.a,bbcjc.a,,dadcf.a,,DenverCO,CO,i.a,Colorado,ic.a
,b.a,,MQ,cadji.a,MQ,,ciag.a,bbcji.a,,dabje.a,,Dallas/FortWorthTX,TX,ei.a,,he.a
bg.a,,cabcbcbg.a,AA,,AA,,edg.a,beigj.a,,degbe.a,SLC,SaltLakeCityUT,,,,
cj.a,g.a,cabcbccj.a,WN,bjdjd.a,WN,NcbaWN,cbch.a,bbgbi.a,bbgbiac.a,,EWR,NewarkNJ,,de.a,NewJersey,cb.a
ba.a,b.a,cabcbcba.a,US,cadff.a,US,NheeP,beed.a,bcehi.a,bcehiac.a,dbhad.a,JFK,NewYorkNY,,dg.a,NewYork,cc.a
g.a,e.a,,,cadae.a,OO,NhcgSK,fcag.a,bdbfi.a,bdbfiac.a,ddbfi.a,,Midland/OdessaTX,,ei.a,,he.a
,g.a,cabcbccj.a,EV,cadgg.a,EV,Nbgjch,,bccgg.a,bccggad.a,dbefd.a,,HoustonTX,TX,ei.a,,he.a
bc.a,,cabcbcbc.a,AA,,AA,NeXRAA,icd.a,,bbcjiad.a,dabje.a,DFW,Dallas/FortWorthTX,TX,,,he.a
,f.a,,,cadji.a,MQ,NideMQ,ebbi.a,bdjda.a,bdjdaac.a,dajhh.a,,,IL,bh.a,Illinois,
,f.a,cabcbcbe.a,,caedh.a,FL,NjigAT,gdb.a,bcbjb.a,,dbefd.a,,HoustonTX,TX,ei.a,,he.a
ci.a,f.a,,,,,NfgjSW,febi.a,,behhbab.a,,SFO,SanFranciscoCA,CA,g.a,California,
ba.a,b.a,,OO,cadae.a,OO,NjigSW,gejc.a,babea.a,,dabea.a,,AlbuquerqueNM,NM,df.a,NewMexico,ig.a
bb.a,c.a,,UA,,UA,NeecUA,ihc.a,,bccggad.a,dbefd.a,IAH,HoustonTX,TX,,,he.a
bi.a,c.a,,UA,bjjhh.a,UA,,chg.a,bcijc.a,,,LAX,LosAngelesCA,CA,,,jb.a
b.a,g.a,cabcbcab.a,WN,,WN,NdiaSW,dbgg.a,,bdcdcac.a,dajhh.a,MDW,,IL,bh.a,Illinois,eb.a
c.a,h.a,cabcbcac.a,Bg,,,NdbiJB,,,beejcac.a,deejc.a,RDU,,,dh.a,NorthCarolina,
bc.a,d.a,,UA,bjjhh.a,UA,Nbccbg,bcha.a,bbgbi.a,bbgbiac.a,dbhad.a,EWR,NewarkNJ,,,,cb.a
bb.a,c.a,cabcbcbb.a,US,cadff.a,US,NggfAW,hf.a,bbgbi.a,bbgbiac.a,dbhad.a,EWR,NewarkNJ,,de.a,NewJersey,cb.a
bf.a,g.a,cabcbcbf.a,WN,bjdjd.a,WN,NjejWN,cjdh.a,bafjj.a,,dafjj.a,BHM,BirminghamAL,AL,b.a,Alabama,fb.a
ba.a,b.a,,OO,cadae.a,OO,NiggAS,cgcb.a,bcijc.a,bcijcad.a,dcfhf.a,,LosAngelesCA,CA,g.a,California,jb.a
ba.a,,cabcbcba.a,AA,,AA,NdAUAA,ehh.a,,bdeihac.a,dbgfa.a,MSP,MinneapolisMN,,,,
cf.a,,cabcbccf.a,AA,bjiaf.a,AA,,bhba.a,beghj.a,,,SAN,SanDiegoCA,,,,
d.a,b.a,cabcbcad.a,WN,bjdjd.a,WN,NcjcWN,digj.a,bebah.a,bebahac.a,daegg.a,PHX,PhoenixAZ,,e.a,Arizona,
b.a,g.a,,OO,,OO,NegeSW,cgad.a,,bcijcad.a,dcfhf.a,,LosAngelesCA,CA,g.a,California,jb.a
ch.a,e.a,cabcbcch.a,,cadff.a,US,NjdfUW,bhcj.a,bbafh.a,,,CLT,,NC,dh.a,NorthCarolina,dg.a
,,,HA,bjgja.a,HA,,bfh.a,bdida.a,,ddida.a,,KahuluiHI,HI,bf.a,Hawaii,
,h.a,cabcbcda.a,FL,caedh.a,FL,NjehAT,cgg.a,bbchi.a,,daifc.a,,,VA,fb.a,,di.a
cg.a,,cabcbccg.a,AA,,AA,NeicAA,bjhb.a,,bbaggac.a,,CMH,,OH,,,ee.a
bj.a,d.a,,OO,cadae.a,OO,,efbj.a,bbddh.a,,,,DuluthMN,MN,ch.a,Minnesota,gd.a
cj.a,g.a,,UA,,,NebcUA,edh.a,,begdfac.a,,RSW,FortMyersFL,FL,,,
f.a,d.a,cabcbcaf.a,Bg,caeaj.a,Bg,NiahJB,,bcijc.a,bcijcad.a,dcfhf.a,LAX,LosAngelesCA,CA,g.a,California,jb.a
,g.a,cabcbccj.a,EV,cadgg.a,EV,NheiEV,,baicb.a,baicbad.a,daifc.a,,,MD,ce.a,Maryland,df.a
h.a,f.a,cabcbcah.a,,bjdjd.a,WN,NcagWN,hjj.a,bbcfj.a,bbcfjad.a,dabje.a,DAL,DallasTX,TX,ei.a,,he.a
,g.a,,MQ,cadji.a,MQ,NgihMQ,cjaf.a,bbcji.a,bbcjiad.a,dabje.a,,Dallas/FortWorthTX,TX,ei.a,,he.a
ba.a,b.a,cabcbcba.a,WN,,WN,NeifWN,iec.a,,bcbjbac.a,dbefd.a,HOU,HoustonTX,TX,ei.a,,he.a
c.a,,cabcbcac.a,DL,,DL,NfdaUS,,,badjhaf.a,dadjh.a,,,GA,,,de.a
,,,HA,,HA,NehiHA,dae.a,,bcjicac.a,dcjic.a,,LihueHI,HI,bf.a,Hawaii,c.a
bc.a,d.a,cabcbcbc.a,US,cadff.a,US,NbjgUW,haa.a,bcijc.a,bcijcad.a,dcfhf.a,LAX,LosAngelesCA,CA,g.a,California,jb.a
,h.a,,MQ,cadji.a,MQ,,ddcj.a,baheh.a,,daheh.a,,BrownsvilleTX,TX,ei.a,,he.a
ch.a,,cabcbbch.a,AA,,AA,NeghAA,eef.a,,bbchiac.a,,DCA,,VA,,,di.a
bb.a,c.a,cabcbcbb.a,WN,bjdjd.a,WN,NhceSW,bij.a,bajje.a,bajjeac.a,dajje.a,CHS,,SC,ef.a,SouthCarolina,dh.a
,g.a,cabcbccj.a,FL,caedh.a,FL,NjcdAT,fgh.a,badjh.a,,dadjh.a,,,GA,bd.a,Georgia,de.a
cf.a,,cabcbccf.a,AS,bjjda.a,AS,,,bebah.a,,,PHX,PhoenixAZ,,,,
be.a,,cabcbcbe.a,DL,,DL,NdgeNB,,,bbeddac.a,dbcjf.a,,,MI,,,ed.a
g.a,e.a,,,,UA,NfibUA,ged.a,,bdjdaac.a,dajhh.a,ORD,,IL,,,
,f.a,cabcbcah.a,,cadgg.a,EV,NgjbCA,febd.a,badjh.a,badjhaf.a,dadjh.a,,,GA,bd.a,Georgia,de.a
cj.a,g.a,cabcbccj.a,WN,,WN,NefjWN,chhe.a,,bbcfjad.a,,DAL,DallasTX,TX,ei.a,,he.a
cg.a,d.a,cabcbccg.a,WN,bjdjd.a,WN,NcbjWN,ebgf.a,bebah.a,bebahac.a,,PHX,PhoenixAZ,,e.a,Arizona,
be.a,f.a,,,cadae.a,OO,NhcgSK,gcaj.a,bbcjc.a,bbcjcac.a,dadcf.a,,DenverCO,CO,i.a,Colorado,ic.a
bg.a,h.a,,OO,,OO,,hdjf.a,beigj.a,,degbe.a,,SaltLakeCityUT,,ej.a,,
cf.a,,cabcbbcf.a,AA,bjiaf.a,AA,,ecd.a,bbcgh.a,,,DAY,,OH,,,ee.a
cd.a,h.a,,OO,cadae.a,OO,,fdeb.a,bbgdi.a,,,,FresnoCA,CA,g.a,California,jb.a
cb.a,,cabcbccb.a,AA,bjiaf.a,AA,,iag.a,bbcjc.a,,,DEN,DenverCO,CO,,,ic.a
cf.a,,cabcbccf.a,DL,bjhja.a,DL,,,bbafh.a,,,,,NC,,,dg.a
bc.a,d.a,cabcbcbc.a,Bg,,Bg,NgbdJB,,,baecdac.a,daecd.a,AUS,AustinTX,TX,ei.a,,he.a
ci.a,f.a,cabcbcci.a,,,,NhbeCB,bfca.a,beidb.a,beidbad.a,,SJC,SanJoseCA,CA,g.a,California,
cc.a,g.a,,UA,bjjhh.a,UA,,hbh.a,bbgbi.a,,,EWR,NewarkNJ,,,,cb.a
cb.a,,cabcbccb.a,DL,bjhja.a,DL,,,beheh.a,,,,SeattleWA,WA,,,
j.a,,cabcbbaj.a,AA,,AA,NfifAA,daf.a,,bdjdaac.a,dajhh.a,ORD,,IL,,,
c.a,h.a,,UA,bjjhh.a,UA,NiahUA,dfj.a,bcjfd.a,bcjfdac.a,dbhad.a,LGA,NewYorkNY,,,,cc.a
cf.a,c.a,cabcbccf.a,YV,cadhi.a,YV,,cgeg.a,baecd.a,,,AUS,AustinTX,TX,ei.a,,he.a
cb.a,f.a,cabcbccb.a,,bjjda.a,AS,,cch.a,beghj.a,,,SAN,SanDiegoCA,,,,
bd.a,e.a,cabcbcbd.a,,,,NhafJB,dcj.a,beied.a,beiedad.a,deibj.a,SJU,SanJuanPR,PR,hc.a,,
bj.a,d.a,cabcbcbj.a,Bg,caeaj.a,Bg,,,bcehi.a,,,JFK,NewYorkNY,,dg.a,NewYork,cc.a
bj.a,,cabcbcbj.a,DL,bjhja.a,DL,,,bcjfd.a,,,,NewYorkNY,,,,cc.a
db.a,b.a,,OO,cadae.a,OO,NcbfAG,dehf.a,bcjfe.a,bcjfeac.a,dcfhf.a,,LongBeachCA,CA,g.a,California,jb.a
bc.a,,cabcbcbc.a,AA,,AA,NgdeAA,cedc.a,,bcijcad.a,dcfhf.a,LAX,LosAngelesCA,CA,,,jb.a
bg.a,,cabcbcbg.a,AS,,,NfbgAS,,,behehad.a,daffj.a,SEA,SeattleWA,WA,,,
,f.a,cabcbcci.a,,caedg.a,Fj,NiacFR,cgi.a,bdcdc.a,bdcdcac.a,dajhh.a,,,IL,bh.a,Illinois,eb.a
ce.a,b.a,,UA,bjjhh.a,UA,,ffi.a,bciij.a,,,LAS,LasVegasNV,NV,,,if.a
g.a,e.a,cabcbcag.a,,bjjda.a,,NhagAS,dbi.a,beheh.a,behehad.a,daffj.a,SEA,SeattleWA,WA,,,
,f.a,,,cadji.a,MQ,NjajMQ,cibf.a,bbcji.a,,dabje.a,,Dallas/FortWorthTX,TX,ei.a,,he.a
h.a,f.a,,,,,NiacSK,ehbd.a,bejai.a,bejaiad.a,dcfhf.a,SNA,SantaAnaCA,CA,g.a,California,jb.a
ba.a,b.a,,OO,,,NebdSW,efdc.a,,begjgaf.a,degjg.a,SBN,,IN,bi.a,Indiana,
,e.a,cabcbcca.a,,cadgg.a,EV,,fbdb.a,badjh.a,,dadjh.a,,,GA,bd.a,Georgia,de.a
cc.a,,cabcbccc.a,DL,bjhja.a,DL,,,badjh.a,,,,,GA,,,de.a
,b.a,,MQ,cadji.a,MQ,NhbdMQ,eeii.a,bbbeg.a,bbbegad.a,dbbeg.a,,,WV,fe.a,,dj.a
ca.a,e.a,,,cadae.a,OO,,fefd.a,behhb.a,,,,SanFranciscoCA,CA,g.a,California,
bh.a,b.a,,OO,cadae.a,OO,,ehec.a,bcijc.a,,dcfhf.a,,LosAngelesCA,CA,g.a,California,jb.a
cf.a,,cabcbccf.a,DL,bjhja.a,DL,,,beghj.a,,,,SanDiegoCA,,,,
i.a,g.a,cabcbcai.a,Bg,,Bg,NdaeJB,,,bdcaeac.a,dbefe.a,MCO,,,bc.a,Florida,dd.a
g.a,e.a,,,,UA,NfeeUA,cjb.a,,bbgbiac.a,dbhad.a,EWR,NewarkNJ,,,,cb.a
ci.a,f.a,cabcbcci.a,,cadff.a,US,NjfdUW,biej.a,bebaa.a,,,PHL,PhiladelphiaPA,,ec.a,Pennsylvania,
,f.a,,,cadji.a,MQ,NgfgMQ,edbg.a,bdjda.a,bdjdaac.a,dajhh.a,,,IL,bh.a,Illinois,
,h.a,cabcbccd.a,FL,caedh.a,FL,,dhc.a,bdcae.a,,dbefe.a,,,,bc.a,Florida,dd.a
d.a,b.a,,UA,,UA,NfcjUA,chc.a,,bbcjiad.a,dabje.a,DFW,Dallas/FortWorthTX,TX,,,he.a
bi.a,c.a,,OO,cadae.a,OO,,ffdd.a,bdeih.a,,,MSP,MinneapolisMN,,ch.a,Minnesota,
cg.a,d.a,cabcbccg.a,YV,,YV,NfacMJ,dhga.a,,bcddjae.a,,IND,,IN,bi.a,Indiana,ec.a
ci.a,f.a,,,,UA,Nfehbb,bbig.a,,bdjdaac.a,,ORD,,IL,,,
,b.a,cabcbcbh.a,EV,cadgg.a,EV,,,badjh.a,,dadjh.a,,,GA,bd.a,Georgia,de.a
cc.a,,cabcbccc.a,DL,bjhja.a,DL,,,badjh.a,,,,,GA,,,de.a
bj.a,d.a,cabcbcbj.a,AS,bjjda.a,AS,,,beghj.a,,,SAN,SanDiegoCA,,,,
ba.a,,cabcbcba.a,AA,,AA,NdBTAA,bcea.a,,bbcjiad.a,dabje.a,DFW,Dallas/FortWorthTX,TX,,,he.a
f.a,d.a,,OO,cadae.a,OO,NiifAS,cjdc.a,bebah.a,bebahac.a,daegg.a,PHX,PhoenixAZ,,e.a,Arizona,
,c.a,cabcbcbi.a,EV,cadgg.a,EV,,,bebaa.a,,debaa.a,,PhiladelphiaPA,,ec.a,Pennsylvania,
,g.a,,MQ,cadji.a,MQ,NiciMQ,ciij.a,bcjfb.a,bcjfbac.a,dcjfb.a,,LafayetteLA,LA,cc.a,Louisiana,hc.a
,f.a,cabcbcci.a,,cadgg.a,EV,NidiAS,ffeb.a,badjh.a,badjhaf.a,dadjh.a,,,GA,bd.a,Georgia,de.a
bc.a,d.a,cabcbcbc.a,WN,bjdjd.a,WN,NjebWN,bjd.a,behhb.a,,dcefh.a,SFO,SanFranciscoCA,CA,g.a,California,
cg.a,,cabcbccg.a,AA,,AA,NeYNAA,bded.a,,bbafhad.a,,CLT,,NC,,,dg.a
bj.a,,cabcbcbj.a,AA,bjiaf.a,AA,,bajg.a,beghj.a,,,SAN,SanDiegoCA,,,,
bc.a,d.a,cabcbcbc.a,WN,bjdjd.a,WN,NgieWN,gbj.a,babea.a,babeaac.a,dabea.a,ABQ,AlbuquerqueNM,NM,df.a,NewMexico,ig.a
,h.a,,MQ,cadji.a,MQ,,efhj.a,bcjfd.a,,dbhad.a,,NewYorkNY,,dg.a,NewYork,cc.a
be.a,f.a,cabcbcbe.a,,,,NhbfJB,iga.a,beied.a,beiedad.a,deibj.a,SJU,SanJuanPR,PR,hc.a,,
ce.a,b.a,,OO,cadae.a,OO,,gdac.a,bahbd.a,,,BOI,BoiseID,ID,bg.a,Idaho,id.a
,h.a,cabcbcda.a,EV,cadgg.a,EV,NjdbEV,,bccbh.a,,dacff.a,,HuntsvilleAL,AL,b.a,Alabama,fb.a
bg.a,,cabcbcbg.a,DL,bjhja.a,DL,NhfhAT,,bchfi.a,bchfiad.a,dchfi.a,,KonaHI,HI,,,c.a
bd.a,,cabcbcbd.a,DL,,DL,NdibDN,,,bdceeac.a,ddcee.a,,MemphisTN,,,,fe.a
j.a,h.a,cabcbcaj.a,WN,bjdjd.a,,NcajWN,bcag.a,beghj.a,beghjad.a,ddfha.a,SAN,SanDiegoCA,,g.a,California,
j.a,h.a,cabcbcaj.a,WN,bjdjd.a,WN,NjfdWN,bid.a,bebah.a,,daegg.a,PHX,PhoenixAZ,,e.a,Arizona,
,c.a,cabcbcbb.a,FL,,FL,NgaiAT,ddb.a,,bcddjae.a,dcddh.a,,,IN,bi.a,Indiana,ec.a
i.a,g.a,cabcbcai.a,WN,bjdjd.a,WN,NhdaSW,dfdf.a,bbcjc.a,bbcjcac.a,dadcf.a,DEN,DenverCO,CO,i.a,Colorado,ic.a
ba.a,b.a,,UA,bjjhh.a,UA,Nhjchj,bcca.a,bbgbi.a,bbgbiac.a,dbhad.a,EWR,NewarkNJ,,,,cb.a
,c.a,cabcbcae.a,Fj,caedg.a,Fj,NjacFR,fji.a,bbcjc.a,bbcjcac.a,dadcf.a,,DenverCO,CO,i.a,Colorado,ic.a
bc.a,d.a,,OO,cadae.a,OO,NhacBR,gejc.a,babea.a,babeaac.a,dabea.a,ABQ,AlbuquerqueNM,NM,df.a,NewMexico,ig.a
c.a,h.a,,OO,,OO,NecjSW,efja.a,,bcbcjad.a,dcbcj.a,HIB,HibbingMN,MN,ch.a,Minnesota,gd.a
ce.a,,cabcbcce.a,DL,bjhja.a,DL,,,badjh.a,,,,,GA,,,de.a
c.a,h.a,,OO,cadae.a,OO,NjfiSW,fcee.a,bccgg.a,,dbefd.a,IAH,HoustonTX,TX,ei.a,,he.a
g.a,,cabcbcag.a,DL,bjhja.a,DL,NjbiDE,,baicb.a,,daifc.a,,,MD,,,df.a
,e.a,cabcbcbd.a,,caedh.a,FL,NijeAT,gfc.a,bbchi.a,bbchiac.a,daifc.a,,,VA,fb.a,,di.a
bj.a,d.a,,UA,bjjhh.a,UA,,bbjj.a,bbgbi.a,,,EWR,NewarkNJ,,,,cb.a
cb.a,f.a,,,cadae.a,OO,,fgaf.a,badhc.a,,,ASE,AspenCO,CO,i.a,Colorado,ic.a
,b.a,,MQ,cadji.a,MQ,NgfcMQ,cjcj.a,bbcji.a,bbcjiad.a,dabje.a,,Dallas/FortWorthTX,TX,ei.a,,he.a
cf.a,c.a,,OO,cadae.a,OO,,ffej.a,bcijc.a,,,LAX,LosAngelesCA,CA,g.a,California,jb.a
,c.a,cabcbcbb.a,EV,cadgg.a,EV,Nbhfce,,bccgg.a,bccggad.a,dbefd.a,,HoustonTX,TX,ei.a,,he.a
i.a,g.a,cabcbcai.a,,,WN,NebaWN,baja.a,,bcbjbac.a,dbefd.a,HOU,HoustonTX,TX,ei.a,,he.a
c.a,h.a,cabcbcac.a,WN,bjdjd.a,WN,NjgaWN,bifh.a,bcijc.a,,dcfhf.a,LAX,LosAngelesCA,CA,g.a,California,jb.a
c.a,,cabcbcac.a,AA,,AA,NdEGAA,bcec.a,,bbcjcac.a,dadcf.a,DEN,DenverCO,CO,,,ic.a
bc.a,d.a,cabcbcbc.a,WN,bjdjd.a,WN,NhifSW,ddai.a,bcbjb.a,bcbjbac.a,dbefd.a,HOU,HoustonTX,TX,ei.a,,he.a
bc.a,d.a,,OO,cadae.a,OO,NibdSK,egii.a,bahbd.a,bahbdac.a,dahbd.a,BOI,BoiseID,ID,bg.a,Idaho,id.a
cd.a,,cabcbccd.a,DL,bjhja.a,DL,,,badjh.a,,,,,GA,,,de.a
,e.a,,,cadji.a,MQ,NgjfMQ,djai.a,bdjda.a,bdjdaac.a,dajhh.a,,,IL,bh.a,Illinois,
h.a,f.a,cabcbcah.a,,cadff.a,US,NggeAW,fb.a,bebah.a,bebahac.a,daegg.a,PHX,PhoenixAZ,,e.a,Arizona,
,f.a,cabcbccb.a,,caedg.a,Fj,,hif.a,bbcjc.a,,dadcf.a,,DenverCO,CO,i.a,Colorado,ic.a
,f.a,cabcbccb.a,,caedh.a,FL,,bgac.a,baihe.a,,dageh.a,,,OH,dj.a,Ohio,ee.a
cf.a,,cabcbccf.a,AA,bjiaf.a,AA,,hf.a,bccge.a,,,IAD,,VA,,,di.a
ch.a,e.a,,,,OO,NejeCA,gfbf.a,,bbcjcac.a,,DEN,DenverCO,CO,i.a,Colorado,ic.a
be.a,f.a,cabcbcbe.a,,cadff.a,,NggbAW,bfh.a,beghj.a,beghjad.a,ddfha.a,SAN,SanDiegoCA,,g.a,California,
,f.a,cabcbccb.a,,cadgg.a,EV,,fcei.a,bbicd.a,,dbicd.a,,,IN,bi.a,Indiana,ec.a
bg.a,,cabcbcbg.a,DL,,,NgedDL,,bfdae.a,bfdaeac.a,ddbjf.a,TPA,TampaFL,FL,,,dd.a
,b.a,cabcbcad.a,EV,cadgg.a,EV,Nbcbfh,,bdcjg.a,bdcjgae.a,dahcb.a,,ManchesterNH,,dd.a,NewHampshire,be.a
d.a,,cabcbcad.a,AA,,AA,NfghAA,bchh.a,,baicbad.a,daifc.a,BWI,,MD,,,df.a
bd.a,e.a,,,,,NgifBR,ehfc.a,beigj.a,beigjad.a,degbe.a,SLC,SaltLakeCityUT,,ej.a,,
bd.a,e.a,,,,,NhbcSK,gcaj.a,bejai.a,bejaiad.a,dcfhf.a,SNA,SantaAnaCA,CA,g.a,California,jb.a
bc.a,,cabcbcbc.a,DL,,DL,NdjeDA,,,badjhaf.a,dadjh.a,,,GA,,,de.a
i.a,g.a,,,cadae.a,,NhhaSK,gedb.a,begid.a,begidad.a,ddcbe.a,SAT,SanAntonioTX,,ei.a,,
,f.a,cabcbcbe.a,,caedh.a,FL,NbhdAT,ej.a,badjh.a,badjhaf.a,dadjh.a,,,GA,bd.a,Georgia,de.a
bh.a,b.a,cabcbcbh.a,WN,,WN,,cge.a,beidb.a,,dcefh.a,SJC,SanJoseCA,CA,g.a,California,
bf.a,g.a,cabcbcbf.a,,cadff.a,US,NiajAW,ghh.a,bebah.a,bebahac.a,daegg.a,PHX,PhoenixAZ,,e.a,Arizona,
h.a,f.a,,,,OO,NeehSW,egdc.a,,bdeigac.a,ddeig.a,MSO,MissoulaMT,,da.a,Montana,
ci.a,f.a,cabcbcci.a,,,,NcgeLV,ifb.a,bfdhg.a,bfdhgac.a,,TUS,TucsonAZ,AZ,e.a,Arizona,ib.a
da.a,h.a,cabcbcda.a,US,,,NgcjAW,gbc.a,,behehad.a,,SEA,SeattleWA,WA,fd.a,,
,b.a,cabcbcce.a,FL,caedh.a,FL,,fae.a,begdf.a,,dbhbe.a,,FortMyersFL,FL,bc.a,Florida,
bc.a,d.a,,UA,bjjhh.a,UA,Nbhbcg,bcge.a,bbcjc.a,bbcjcac.a,dadcf.a,DEN,DenverCO,CO,,,ic.a
bf.a,g.a,cabcbcbf.a,,,US,NeedUS,hdj.a,,bebaaac.a,debaa.a,PHL,PhiladelphiaPA,,ec.a,Pennsylvania,
e.a,c.a,cabcbcae.a,WN,bjdjd.a,WN,NidcdC,dgb.a,bahcb.a,bahcbac.a,dahcb.a,BOS,BostonMA,MA,cf.a,Massachusetts,bd.a
g.a,e.a,cabcbcag.a,,caeaj.a,Bg,NcbgJB,deh.a,bcehi.a,bcehiac.a,dbhad.a,JFK,NewYorkNY,,dg.a,NewYork,cc.a
cg.a,,cabcbccg.a,DL,,,NdegNB,,,beigjad.a,,SLC,SaltLakeCityUT,,,,
,f.a,cabcbcah.a,,cadgg.a,EV,Nbbbag,efed.a,bdcjg.a,bdcjgae.a,dahcb.a,,ManchesterNH,,dd.a,NewHampshire,be.a
cb.a,f.a,cabcbccb.a,,,WN,,eehh.a,beigj.a,,,SLC,SaltLakeCityUT,,ej.a,,
,h.a,cabcbcbg.a,EV,cadgg.a,EV,Nbdjje,,bccge.a,bccgeac.a,daifc.a,,,VA,fb.a,,di.a
,h.a,,MQ,,MQ,NgdbMQ,eajc.a,,bdifbad.a,ddifb.a,,OklahomaCityOK,,ea.a,Oklahoma,
bi.a,,cabcbcbi.a,DL,bjhja.a,DL,,,bbbjd.a,,,,CincinnatiOH,KY,,,fc.a
bj.a,d.a,,UA,bjjhh.a,UA,,ggd.a,behhb.a,,,SFO,SanFranciscoCA,CA,,,
,b.a,cabcbcba.a,FL,caedh.a,FL,NjhiAT,ejg.a,befhg.a,,defhg.a,,RochesterNY,,dg.a,NewYork,
bc.a,,cabcbcbc.a,DL,,DL,NdjjDA,,,bcehiac.a,dbhad.a,,NewYorkNY,,,,cc.a
b.a,,cabcbcab.a,AA,,AA,NfCBAA,bdhb.a,,bddadad.a,dcegh.a,MIA,MiamiFL,,,,dd.a
ca.a,e.a,cabcbcca.a,,cadff.a,US,,gif.a,bebah.a,,,PHX,PhoenixAZ,,e.a,Arizona,
,h.a,,MQ,cadji.a,MQ,NghjMQ,ebia.a,bdeif.a,bdeifac.a,ddeif.a,,MadisonWI,,ff.a,,
ch.a,e.a,cabcbcch.a,,bjjda.a,AS,NhfgAS,bgb.a,babgf.a,babgfac.a,,ADK,AdakIslandAK,AK,,,b.a
cd.a,h.a,,UA,bjjhh.a,UA,,hac.a,bdjda.a,,,ORD,,IL,,,
bg.a,h.a,,UA,bjjhh.a,UA,Nbggdc,bggb.a,bccgg.a,bccggad.a,dbefd.a,IAH,HoustonTX,TX,,,he.a
bj.a,d.a,cabcbcbj.a,WN,bjdjd.a,WN,,dhch.a,behda.a,,,SDF,LouisvilleKY,,cb.a,Kentucky,
da.a,h.a,cabcbcda.a,YV,,YV,NfaiMJ,dhda.a,,bccgeac.a,,IAD,,VA,fb.a,,di.a
bd.a,e.a,,,,UA,Ndiece,bbdh.a,,bccggad.a,dbefd.a,IAH,HoustonTX,TX,,,he.a
cd.a,h.a,cabcbccd.a,WN,bjdjd.a,WN,,cbgi.a,bcijc.a,,,LAX,LosAngelesCA,CA,g.a,California,jb.a
bi.a,c.a,,OO,,OO,,fech.a,beijd.a,,,SMF,SacramentoCA,,g.a,California,
,c.a,cabcbcae.a,FL,caedh.a,FL,NjjdAT,gjf.a,bbgjh.a,,dcegh.a,,FortLauderdaleFL,FL,bc.a,Florida,dd.a
,h.a,cabcbcac.a,EV,cadgg.a,EV,Nbbbjb,,bdbji.a,bdbjiab.a,ddbji.a,,KansasCityMO,MO,cj.a,Missouri,ge.a
,e.a,,,cadji.a,MQ,NgfjMQ,dfgb.a,bddad.a,bddadad.a,dcegh.a,,MiamiFL,,bc.a,Florida,dd.a
f.a,d.a,,OO,cadae.a,OO,NjigSW,gcbc.a,bbcjc.a,,dadcf.a,DEN,DenverCO,CO,i.a,Colorado,ic.a
,h.a,cabcbcbg.a,EV,cadgg.a,EV,NhccEV,,bccgg.a,bccggad.a,dbefd.a,,HoustonTX,TX,ei.a,,he.a
,h.a,,MQ,cadji.a,MQ,NiefMQ,edid.a,bajja.a,bajjaac.a,dajja.a,,,VA,fb.a,,di.a
,,,HA,bjgja.a,HA,,fbf.a,bdida.a,,ddida.a,,KahuluiHI,HI,bf.a,Hawaii,
e.a,c.a,cabcbcae.a,Bg,,Bg,NfjfJB,,,bcjfdac.a,dbhad.a,LGA,NewYorkNY,,dg.a,NewYork,cc.a
h.a,f.a,cabcbcah.a,,,WN,NfcaSW,bbif.a,,bcbjbac.a,dbefd.a,HOU,HoustonTX,TX,ei.a,,he.a
bc.a,,cabcbbbc.a,AA,,AA,NdjiAA,f.a,,bbcjiad.a,dabje.a,DFW,Dallas/FortWorthTX,TX,,,he.a
,b.a,,MQ,cadji.a,MQ,NidjMQ,ebjf.a,bdjda.a,bdjdaac.a,dajhh.a,,,IL,bh.a,Illinois,
i.a,g.a,cabcbcai.a,,bjdjd.a,WN,NciaWN,gb.a,bbcjc.a,bbcjcac.a,dadcf.a,DEN,DenverCO,CO,i.a,Colorado,ic.a
,g.a,,,cadji.a,MQ,,dhbc.a,bdjda.a,,dajhh.a,,,IL,bh.a,Illinois,
db.a,b.a,cabcbcdb.a,WN,,WN,NejhWN,ddc.a,,bdejfac.a,ddejf.a,MSY,NewOrleansLA,,cc.a,Louisiana,
,h.a,cabcbccd.a,EV,cadgg.a,EV,,,badjh.a,,dadjh.a,,,GA,bd.a,Georgia,de.a
ci.a,f.a,,,cadae.a,OO,NhhgSK,gdej.a,bccge.a,bccgeac.a,,IAD,,VA,fb.a,,di.a
e.a,c.a,,UA,bjjhh.a,,NicjUA,ffi.a,behhb.a,behhbab.a,dcefh.a,SFO,SanFranciscoCA,CA,,,
cd.a,h.a,cabcbccd.a,WN,bjdjd.a,WN,,biei.a,bciij.a,,,LAS,LasVegasNV,NV,dc.a,Nevada,if.a
i.a,g.a,cabcbcai.a,,bjdjd.a,WN,NcecWN,cifb.a,bbcjc.a,bbcjcac.a,dadcf.a,DEN,DenverCO,CO,i.a,Colorado,ic.a
be.a,,cabcbcbe.a,DL,bjhja.a,DL,NjehDL,,befhg.a,,defhg.a,,RochesterNY,,,,
,g.a,,,cadji.a,MQ,NjagMQ,ecif.a,baicb.a,,daifc.a,,,MD,ce.a,Maryland,df.a
g.a,e.a,cabcbcag.a,,,WN,NgbgSW,db.a,,bebahac.a,daegg.a,PHX,PhoenixAZ,,e.a,Arizona,
,g.a,,,cadji.a,MQ,NieaMQ,ebfa.a,bdjda.a,bdjdaac.a,dajhh.a,,,IL,bh.a,Illinois,
,h.a,cabcbccd.a,EV,cadgg.a,EV,,,bccge.a,,daifc.a,,,VA,fb.a,,di.a
e.a,,cabcbcae.a,DL,bjhja.a,DL,NjgfDL,,badjh.a,,dadjh.a,,,GA,,,de.a
c.a,,cabcbcac.a,AA,,,NegiAA,,,beejcac.a,deejc.a,RDU,,,,,
bi.a,c.a,cabcbcbi.a,WN,bjdjd.a,WN,,bcef.a,bdcdc.a,,,MDW,,IL,bh.a,Illinois,eb.a
ba.a,b.a,,OO,cadae.a,OO,NccjSW,gcgi.a,bbgdi.a,bbgdiae.a,dbgdi.a,FAT,FresnoCA,CA,g.a,California,jb.a
ci.a,f.a,,,cadae.a,,NcbhAG,deja.a,beheh.a,behehad.a,,SEA,SeattleWA,WA,fd.a,,
bj.a,,cabcbcbj.a,AA,bjiaf.a,AA,,,bbgjh.a,,,FLL,,FL,,,dd.a
bf.a,g.a,cabcbcbf.a,,cadff.a,US,NibgAW,bda.a,bbedd.a,bbeddac.a,dbcjf.a,DTW,,MI,cg.a,Michigan,ed.a
ba.a,b.a,cabcbcba.a,WN,bjdjd.a,WN,NgfeSW,dcd.a,bdeih.a,bdeihac.a,dbgfa.a,MSP,MinneapolisMN,,ch.a,Minnesota,
,e.a,,,cadji.a,MQ,NhbdMQ,eehh.a,bbedd.a,bbeddac.a,dbcjf.a,,,MI,cg.a,Michigan,ed.a
bi.a,c.a,cabcbcbi.a,Bg,caeaj.a,Bg,,,bahcb.a,,,BOS,BostonMA,MA,cf.a,Massachusetts,bd.a
,h.a,cabcbcaj.a,EV,cadgg.a,EV,NjciEV,,babif.a,,dabif.a,,AlexandriaLA,LA,cc.a,Louisiana,hc.a
,e.a,,,,MQ,NfcfMQ,dgjh.a,,bbgbiac.a,dbhad.a,,NewarkNJ,,de.a,NewJersey,cb.a
ch.a,,cabcbcch.a,AA,,AA,NfdjAA,,,bbcjiad.a,,DFW,Dallas/FortWorthTX,TX,,,he.a
bb.a,c.a,cabcbcbb.a,WN,bjdjd.a,WN,NchgWN,bgj.a,bdcae.a,bdcaeac.a,dbefe.a,MCO,,,bc.a,Florida,dd.a
cb.a,f.a,,,cadae.a,OO,,ffjd.a,behhb.a,,,SFO,SanFranciscoCA,CA,g.a,California,
da.a,h.a,cabcbcda.a,WN,bjdjd.a,WN,NgfbSW,gba.a,bbcjc.a,bbcjcac.a,,DEN,DenverCO,CO,i.a,Colorado,ic.a
e.a,,cabcbbae.a,AA,,AA,NdGPAA,,,bcijcad.a,dcfhf.a,LAX,LosAngelesCA,CA,,,jb.a
ci.a,f.a,cabcbcci.a,,bjdjd.a,WN,NhbbHK,ejbd.a,bciij.a,bciijad.a,,LAS,LasVegasNV,NV,dc.a,Nevada,if.a
c.a,h.a,,OO,,,NfeiCA,efji.a,,beigjad.a,degbe.a,SLC,SaltLakeCityUT,,ej.a,,
cd.a,h.a,cabcbccd.a,Bg,caeaj.a,Bg,,,behhb.a,,,SFO,SanFranciscoCA,CA,g.a,California,
da.a,h.a,,UA,,UA,NeigUA,eba.a,,bdjdaac.a,,ORD,,IL,,,
,c.a,cabcbcae.a,Fj,caedg.a,Fj,NjfcFR,gfj.a,bbcjc.a,,dadcf.a,,DenverCO,CO,i.a,Colorado,ic.a
bi.a,,cabcbcbi.a,DL,bjhja.a,DL,,,bcefb.a,,,,,FL,,,dd.a
j.a,h.a,,UA,,UA,Ndfeah,bgdd.a,,bbcjcac.a,dadcf.a,DEN,DenverCO,CO,,,ic.a
cb.a,f.a,cabcbccb.a,,caeaj.a,Bg,,bebj.a,bahcb.a,,,BOS,BostonMA,MA,cf.a,Massachusetts,bd.a
,d.a,cabcbcaf.a,EV,cadgg.a,EV,Nccjhb,,bbgbi.a,bbgbiac.a,dbhad.a,,NewarkNJ,,de.a,NewJersey,cb.a
h.a,,cabcbcah.a,AA,,AA,NfhdAA,,,bdjdaac.a,dajhh.a,ORD,,IL,,,
cj.a,g.a,cabcbccj.a,,,WN,NeedWN,cjbb.a,,bajjeac.a,,CHS,,SC,ef.a,SouthCarolina,dh.a
c.a,,cabcbcac.a,DL,bjhja.a,DL,NjbeDL,,badjh.a,,dadjh.a,,,GA,,,de.a
e.a,c.a,,OO,cadae.a,OO,NhciSK,gehg.a,baecd.a,baecdac.a,daecd.a,AUS,AustinTX,TX,ei.a,,he.a
f.a,d.a,,UA,bjjhh.a,UA,Nbghab,baba.a,bbgbi.a,bbgbiac.a,dbhad.a,EWR,NewarkNJ,,,,cb.a
,g.a,cabcbcbf.a,,cadgg.a,EV,Nbbbgf,edjh.a,bbgbi.a,bbgbiac.a,dbhad.a,,NewarkNJ,,de.a,NewJersey,cb.a
c.a,h.a,cabcbcac.a,US,cadff.a,US,NhceUW,bgbi.a,bdbji.a,bdbjiab.a,ddbji.a,MCI,KansasCityMO,MO,cj.a,Missouri,ge.a
cc.a,g.a,,,bjjhh.a,UA,,bhbj.a,begdf.a,,,RSW,,FL,,,
f.a,d.a,cabcbcaf.a,WN,bjdjd.a,WN,NcifWN,bbbf.a,baiaa.a,baiaaad.a,dcfhf.a,BUR,BurbankCA,CA,g.a,California,jb.a
,g.a,cabcbccj.a,,cadgg.a,EV,Nbibac,fjcg.a,bbcjc.a,bbcjcac.a,dadcf.a,,DenverCO,CO,i.a,Colorado,ic.a
cd.a,,cabcbccd.a,AA,bjiaf.a,AA,,,bdcae.a,,,MCO,,,,,dd.a
,d.a,cabcbccg.a,FL,caedh.a,FL,NjcaAT,eij.a,befce.a,,defce.a,,,,fb.a,,
bb.a,c.a,cabcbcbb.a,WN,,WN,NegbWN,gec.a,,bdhjgab.a,dcefh.a,OAK,OaklandCA,,g.a,California,
ch.a,,cabcbcch.a,DL,,DL,NdaiDE,,,badjhaf.a,,,,GA,,,de.a
bj.a,,cabcbcbj.a,DL,bjhja.a,DL,,,bdbji.a,,,,KansasCityMO,MO,,,ge.a
,h.a,cabcbcac.a,EV,cadgg.a,EV,NhajEV,,bbedd.a,bbeddac.a,dbcjf.a,,,MI,cg.a,Michigan,ed.a
,d.a,cabcbcbj.a,EV,cadgg.a,EV,,,bedcb.a,,dedcb.a,,PortlandME,,cd.a,Maine,
ch.a,e.a,,,cadae.a,OO,NiheAS,cjab.a,bebah.a,bebahac.a,,PHX,PhoenixAZ,,e.a,Arizona,
cd.a,h.a,cabcbccd.a,US,,US,,cee.a,bfabg.a,,,STL,St.LouisMO,MO,cj.a,Missouri,ge.a
bi.a,,cabcbcbi.a,AA,,AA,,,bfdae.a,,,TPA,,FL,,,dd.a
bi.a,c.a,,UA,bjjhh.a,UA,,cfh.a,bdjda.a,,,ORD,,IL,,,
h.a,f.a,,,bjjhh.a,UA,Nhfedf,bbfb.a,bccgg.a,bccggad.a,dbefd.a,IAH,HoustonTX,TX,,,he.a
,h.a,,MQ,cadji.a,MQ,NieaMQ,ebfd.a,bdjda.a,bdjdaac.a,dajhh.a,,,IL,bh.a,Illinois,
bi.a,c.a,cabcbcbi.a,US,cadff.a,US,,gfi.a,behhb.a,,,SFO,SanFranciscoCA,CA,g.a,California,
cb.a,f.a,cabcbccb.a,,bjdjd.a,WN,,eadf.a,beheh.a,,,SEA,SeattleWA,WA,fd.a,,
da.a,h.a,,OO,cadae.a,OO,NjieCA,fdjd.a,bddec.a,,,MKE,MilwaukeeWI,,ff.a,,ef.a
ch.a,e.a,,,cadae.a,,NhagSK,gejd.a,beheh.a,behehad.a,,SEA,SeattleWA,WA,fd.a,,
da.a,h.a,,OO,,,NcdgSW,heaf.a,beigj.a,beigjad.a,,SLC,SaltLakeCityUT,,ej.a,,
i.a,g.a,cabcbcai.a,,,,NgaeSW,jid.a,,beijdac.a,ddbjc.a,SMF,SacramentoCA,,g.a,California,
,f.a,cabcbcbe.a,,,,NdjbCA,ffhd.a,,beejcac.a,deejc.a,RDU,,,dh.a,NorthCarolina,
c.a,h.a,,UA,,UA,Ndiece,bhec.a,,bbcjcac.a,dadcf.a,DEN,DenverCO,CO,,,ic.a
cg.a,d.a,,OO,cadae.a,,NhbdSK,fgfb.a,behhb.a,behhbab.a,,SFO,SanFranciscoCA,CA,g.a,California,
bj.a,d.a,,UA,bjjhh.a,UA,,gac.a,bbchi.a,,,DCA,,VA,,,di.a
,g.a,cabcbcai.a,,cadgg.a,EV,NiceAS,ejfa.a,badjh.a,badjhaf.a,dadjh.a,,,GA,bd.a,Georgia,de.a
,g.a,cabcbccj.a,,cadgg.a,EV,NjccEV,fcgf.a,badjh.a,,dadjh.a,,,GA,bd.a,Georgia,de.a
,b.a,cabcbcad.a,FL,caedh.a,FL,NjegAT,cdj.a,bbafh.a,,dbafh.a,,,NC,dh.a,NorthCarolina,dg.a
be.a,f.a,,,cadae.a,OO,NhadSK,fcca.a,bccgg.a,bccggad.a,dbefd.a,IAH,HoustonTX,TX,ei.a,,he.a
ca.a,,cabcbcca.a,AA,bjiaf.a,AA,,,bebah.a,,,PHX,PhoenixAZ,,,,
f.a,d.a,,OO,cadae.a,OO,NhhdSK,gejb.a,bbbjd.a,bbbjdac.a,ddbaf.a,CVG,CincinnatiOH,KY,cb.a,Kentucky,fc.a
b.a,,cabcbcab.a,AA,,AA,NfjcAA,,,bddecaf.a,dddec.a,MKE,MilwaukeeWI,,,,ef.a
bj.a,d.a,cabcbcbj.a,WN,bjdjd.a,WN,,bcde.a,baiaa.a,,,BUR,BurbankCA,CA,g.a,California,jb.a
be.a,,cabcbcbe.a,DL,,DL,NdggNB,,,bdeihac.a,dbgfa.a,,MinneapolisMN,,,,
,c.a,cabcbccf.a,EV,cadgg.a,EV,,,bbaec.a,,dageh.a,,ClevelandOH,OH,dj.a,Ohio,ee.a
ca.a,,cabcbcca.a,DL,bjhja.a,DL,,,bcjfe.a,,,,LongBeachCA,CA,,,jb.a
be.a,f.a,cabcbcbe.a,,,YV,NjajFJ,chcj.a,bfdhg.a,,daedg.a,TUS,TucsonAZ,AZ,e.a,Arizona,ib.a
,b.a,,MQ,cadji.a,MQ,,eacf.a,baegj.a,,daegj.a,,,MI,cg.a,Michigan,ed.a
cd.a,h.a,,UA,bjjhh.a,UA,,bcff.a,bcijc.a,,,LAX,LosAngelesCA,CA,,,jb.a
cf.a,c.a,,OO,cadae.a,OO,,fgbj.a,bbcjc.a,,,DEN,DenverCO,CO,i.a,Colorado,ic.a
,c.a,cabcbcae.a,FL,caedh.a,FL,NjbaAT,bad.a,badjh.a,,dadjh.a,,,GA,bd.a,Georgia,de.a
,c.a,,MQ,cadji.a,MQ,,ciha.a,bbcji.a,,dabje.a,,Dallas/FortWorthTX,TX,ei.a,,he.a
,h.a,cabcbcac.a,FL,caedh.a,FL,NjfjAT,eie.a,bedcb.a,,dedcb.a,,PortlandME,,cd.a,Maine,
,h.a,cabcbcac.a,EV,cadgg.a,EV,Nbcjce,,bbgbi.a,bbgbiac.a,dbhad.a,,NewarkNJ,,de.a,NewJersey,cb.a
c.a,h.a,cabcbcac.a,US,cadff.a,US,NicdAW,cgj.a,bbecd.a,bbecdad.a,dbecd.a,DSM,DesMoinesIA,IA,bj.a,Iowa,gb.a
cc.a,g.a,cabcbccc.a,,cadff.a,US,,daf.a,bbafh.a,,,CLT,,NC,dh.a,NorthCarolina,dg.a
bj.a,,cabcbcbj.a,AA,bjiaf.a,AA,,,bdjda.a,,,ORD,,IL,,,
,h.a,cabcbcda.a,EV,cadgg.a,EV,NbdeEV,,bcbjh.a,bcbjhac.a,dbhad.a,,WhitePlainsNY,NY,dg.a,NewYork,cc.a
,g.a,,,cadji.a,MQ,NghfMQ,ddga.a,babff.a,babffac.a,dabff.a,,WacoTX,TX,ei.a,,he.a
ce.a,,cabcbcce.a,AA,bjiaf.a,AA,,fj.a,bcehi.a,,,JFK,NewYorkNY,,,,cc.a
d.a,b.a,cabcbcad.a,WN,bjdjd.a,WN,NcehWN,dddd.a,baiaa.a,baiaaad.a,dcfhf.a,BUR,BurbankCA,CA,g.a,California,jb.a
da.a,h.a,,OO,,OO,NjhjSW,febg.a,behhb.a,,,SFO,SanFranciscoCA,CA,g.a,California,
bi.a,,cabcbcbi.a,AA,bjiaf.a,AA,,bbfi.a,beach.a,,,PBI,,FL,,,
g.a,e.a,,,bjjhh.a,UA,NiefUA,fbj.a,bbchi.a,bbchiac.a,daifc.a,DCA,,VA,,,di.a
j.a,h.a,cabcbcaj.a,US,,US,NfceUW,eic.a,,bbcjcac.a,dadcf.a,DEN,DenverCO,CO,i.a,Colorado,ic.a
bh.a,b.a,cabcbcbh.a,US,cadff.a,US,,begh.a,bebaa.a,,debaa.a,PHL,PhiladelphiaPA,,ec.a,Pennsylvania,
ba.a,,cabcbcba.a,AA,,AA,NdHVAA,,,bbcjiad.a,dabje.a,DFW,Dallas/FortWorthTX,TX,,,he.a
,e.a,,,,MQ,NfchMQ,egfd.a,,bagjdac.a,dagjd.a,,NashvilleTN,,eh.a,Tennessee,fe.a
i.a,g.a,cabcbcai.a,,cadff.a,US,NhaiUW,bhge.a,bbafh.a,bbafhad.a,dbafh.a,CLT,,NC,dh.a,NorthCarolina,dg.a
bj.a,d.a,cabcbcbj.a,WN,bjdjd.a,WN,,dfid.a,bcijc.a,,,LAX,LosAngelesCA,CA,g.a,California,jb.a
h.a,,cabcbcah.a,AA,,AA,NfhjAA,bjjd.a,,bdihbac.a,dddbg.a,OMA,OmahaNE,,,,
cf.a,c.a,,UA,bjjhh.a,UA,,bbfj.a,bcbhd.a,,,HNL,HonoluluHI,HI,,,c.a
,h.a,,FL,caedh.a,FL,,gcg.a,baicb.a,,daifc.a,,,MD,ce.a,Maryland,df.a
,h.a,cabcbcaj.a,EV,cadgg.a,EV,NghiCA,,bdeih.a,bdeihac.a,dbgfa.a,,MinneapolisMN,,ch.a,Minnesota,
bf.a,g.a,,,,UA,Ndfcga,bcga.a,,bccggad.a,dbefd.a,IAH,HoustonTX,TX,,,he.a
,d.a,cabcbcbc.a,EV,,EV,Nebbae,,,bbgbiac.a,dbhad.a,,NewarkNJ,,de.a,NewJersey,cb.a
ca.a,,cabcbcca.a,AA,bjiaf.a,AA,,eje.a,bbcji.a,,,DFW,Dallas/FortWorthTX,TX,,,he.a
,g.a,,,cadji.a,MQ,,cibf.a,bbcji.a,,dabje.a,,Dallas/FortWorthTX,TX,ei.a,,he.a
bb.a,c.a,cabcbcbb.a,US,,US,NffgUW,bijf.a,,bbafhad.a,dbafh.a,CLT,,NC,dh.a,NorthCarolina,dg.a
,f.a,cabcbcbe.a,,cadgg.a,EV,Nbgfcf,dcff.a,bcjbf.a,bcjbfad.a,dbcaf.a,,LakeCharlesLA,LA,cc.a,Louisiana,hc.a
i.a,g.a,cabcbcai.a,,,,NhhgWN,bhfe.a,behhb.a,behhbab.a,dcefh.a,SFO,SanFranciscoCA,CA,g.a,California,
bg.a,h.a,cabcbcbg.a,WN,bjdjd.a,,NccfWN,bihd.a,beghj.a,beghjad.a,ddfha.a,SAN,SanDiegoCA,,g.a,California,
,f.a,cabcbcci.a,,caedg.a,Fj,NjbiFR,hji.a,beafh.a,,deafh.a,,PortlandOR,,eb.a,Oregon,
g.a,e.a,cabcbcag.a,,bjdjd.a,WN,NhheaA,cdej.a,bcbjb.a,bcbjbac.a,dbefd.a,HOU,HoustonTX,TX,ei.a,,he.a
bh.a,b.a,cabcbcbh.a,WN,,WN,,bcbb.a,behhb.a,,dcefh.a,SFO,SanFranciscoCA,CA,g.a,California,
cj.a,g.a,cabcbccj.a,,,US,NfffAY,bfhg.a,,bbafhad.a,,CLT,,NC,dh.a,NorthCarolina,dg.a
ca.a,,cabcbcca.a,DL,bjhja.a,DL,,,bbcgh.a,,,,,OH,,,ee.a
,f.a,cabcbcah.a,,cadgg.a,EV,NjchEV,fbid.a,bdchh.a,,ddchh.a,,MontgomeryAL,,b.a,Alabama,fb.a
ca.a,e.a,cabcbcca.a,,bjdjd.a,WN,,bjdb.a,bcijc.a,,,LAX,LosAngelesCA,CA,g.a,California,jb.a
,h.a,cabcbcda.a,Fj,caedg.a,Fj,NjdiFR,hgg.a,bciij.a,,dccbb.a,,LasVegasNV,NV,dc.a,Nevada,if.a
bi.a,c.a,cabcbcbi.a,WN,bjdjd.a,WN,,bbhi.a,bbgjh.a,,,FLL,,FL,bc.a,Florida,dd.a
g.a,,cabcbcag.a,AA,,,NejgAA,bbgg.a,,bfabgad.a,dbbcd.a,STL,St.LouisMO,MO,,,ge.a
,f.a,,,cadji.a,MQ,NhdiMQ,ciha.a,bbcji.a,bbcjiad.a,dabje.a,,Dallas/FortWorthTX,TX,ei.a,,he.a
,,,HA,bjgja.a,HA,,bhi.a,bcbhd.a,,dcbde.a,,HonoluluHI,HI,bf.a,Hawaii,c.a
ci.a,,cabcbcci.a,DL,bjhja.a,DL,NhhdNC,,bdcee.a,bdceeac.a,,,MemphisTN,,,,fe.a
e.a,c.a,cabcbcae.a,Bg,,Bg,NfcaJB,,,bcehiac.a,dbhad.a,JFK,NewYorkNY,,dg.a,NewYork,cc.a
d.a,b.a,cabcbcad.a,US,cadff.a,,NbbeUW,begc.a,beejc.a,beejcac.a,deejc.a,RDU,,,dh.a,NorthCarolina,
,f.a,cabcbcbe.a,,cadgg.a,EV,Nbdjge,ecih.a,bbjhh.a,bbjhhac.a,dbjhh.a,,GreenBayWI,WI,ff.a,,ef.a
h.a,f.a,cabcbcah.a,,caeaj.a,Bg,NchdJB,baga.a,baecd.a,baecdac.a,daecd.a,AUS,AustinTX,TX,ei.a,,he.a
i.a,g.a,cabcbcai.a,,cadff.a,US,NgejAW,efh.a,bebah.a,bebahac.a,daegg.a,PHX,PhoenixAZ,,e.a,Arizona,
db.a,b.a,cabcbcdb.a,Bg,caeaj.a,Bg,NchjJB,,bcehi.a,bcehiac.a,dbhad.a,JFK,NewYorkNY,,dg.a,NewYork,cc.a
cd.a,,cabcbbcd.a,AA,bjiaf.a,AA,,fde.a,bbcji.a,,,DFW,Dallas/FortWorthTX,TX,,,he.a
,f.a,cabcbcbe.a,,cadgg.a,EV,Nbejjb,egid.a,bbgbi.a,bbgbiac.a,dbhad.a,,NewarkNJ,,de.a,NewJersey,cb.a
cd.a,h.a,cabcbccd.a,Bg,caeaj.a,Bg,,,bahcb.a,,,BOS,BostonMA,MA,cf.a,Massachusetts,bd.a
ci.a,f.a,,,cadae.a,OO,NgjdCA,eicc.a,bbcji.a,bbcjiad.a,,DFW,Dallas/FortWorthTX,TX,ei.a,,he.a
b.a,,cabcbcab.a,AA,,AA,NdGHAA,babc.a,,bddadad.a,dcegh.a,MIA,MiamiFL,,,,dd.a
f.a,,cabcbcaf.a,AA,,AA,NfgjAA,bcfi.a,,bcijcad.a,dcfhf.a,LAX,LosAngelesCA,CA,,,jb.a
e.a,c.a,,UA,bjjhh.a,UA,Nhfedf,bfeh.a,bbgjh.a,bbgjhad.a,dcegh.a,FLL,,FL,,,dd.a
,c.a,cabcbcbb.a,Fj,caedg.a,,NcgdAV,ieg.a,beheh.a,behehad.a,daffj.a,SEA,SeattleWA,WA,fd.a,,
,g.a,,,cadji.a,MQ,NgecMQ,dcfc.a,bbcji.a,bbcjiad.a,dabje.a,,Dallas/FortWorthTX,TX,ei.a,,he.a
da.a,,cabcbcda.a,DL,,DL,NdhedH,,,bahcbac.a,,,BostonMA,MA,,,bd.a
db.a,b.a,cabcbcdb.a,YV,,YV,NfadMJ,dhia.a,,bdjdaac.a,dajhh.a,ORD,,IL,bh.a,Illinois,
,c.a,cabcbcbb.a,EV,cadgg.a,EV,Nbcfci,,bccgg.a,bccggad.a,dbefd.a,,HoustonTX,TX,ei.a,,he.a
,b.a,cabcbcad.a,EV,cadgg.a,EV,NbdgEV,,badjh.a,badjhaf.a,dadjh.a,,,GA,bd.a,Georgia,de.a
f.a,d.a,cabcbcaf.a,Bg,,Bg,NgdaJB,,,bcehiac.a,dbhad.a,JFK,NewYorkNY,,dg.a,NewYork,cc.a
,c.a,cabcbccf.a,EV,cadgg.a,EV,,,behda.a,,ddaee.a,,LouisvilleKY,,cb.a,Kentucky,
cg.a,,cabcbccg.a,DL,,DL,NdfdNB,,,badjhaf.a,,,,GA,,,de.a
bc.a,,cabcbcbc.a,AA,,AA,NeihAA,bhaf.a,,bbcjiad.a,dabje.a,DFW,Dallas/FortWorthTX,TX,,,he.a
,f.a,cabcbcbe.a,,cadgg.a,EV,Nbcfci,eecg.a,bddhh.a,bddhhac.a,dddhh.a,,MonroeLA,,cc.a,Louisiana,
,f.a,cabcbcbe.a,,cadgg.a,EV,Nbdjcj,dcfh.a,bccgg.a,bccggad.a,dbefd.a,,HoustonTX,TX,ei.a,,he.a
cg.a,d.a,cabcbccg.a,YV,cadhi.a,YV,NjchLR,cghe.a,bdbji.a,,,MCI,KansasCityMO,MO,cj.a,Missouri,ge.a
,,,HA,,HA,NejbHA,bfh.a,,bdidaac.a,ddida.a,,KahuluiHI,HI,bf.a,Hawaii,
h.a,,cabcbcah.a,AA,,AA,NffgAA,beig.a,,bbcjiad.a,dabje.a,DFW,Dallas/FortWorthTX,TX,,,he.a
cb.a,,cabcbccb.a,DL,bjhja.a,DL,,,bciij.a,,,,LasVegasNV,NV,,,if.a
e.a,c.a,,UA,bjjhh.a,UA,Nbhccj,beib.a,bbgbi.a,bbgbiac.a,dbhad.a,EWR,NewarkNJ,,,,cb.a
,h.a,cabcbcda.a,EV,cadgg.a,EV,NjdhEV,,badjh.a,,dadjh.a,,,GA,bd.a,Georgia,de.a
d.a,b.a,cabcbcad.a,WN,bjdjd.a,WN,NcgeLV,bbib.a,bahjc.a,bahjcae.a,dahjc.a,BUF,BuffaloNY,NY,dg.a,NewYork,cc.a
,g.a,cabcbcab.a,,cadgg.a,EV,NicjAS,fhgb.a,bccge.a,bccgeac.a,daifc.a,,,VA,fb.a,,di.a
g.a,e.a,cabcbcag.a,,cadff.a,US,NhggUS,caec.a,bbchi.a,bbchiac.a,daifc.a,DCA,,VA,fb.a,,di.a
cg.a,,cabcbccg.a,AA,,AA,NdDSAA,fde.a,,bbcjiad.a,,DFW,Dallas/FortWorthTX,TX,,,he.a
,e.a,,,cadji.a,MQ,,ddcj.a,bbcji.a,,dabje.a,,Dallas/FortWorthTX,TX,ei.a,,he.a
b.a,g.a,cabcbcab.a,,bjdjd.a,WN,NchhWN,ddea.a,bbgjh.a,bbgjhad.a,dcegh.a,FLL,FortLauderdaleFL,FL,bc.a,Florida,dd.a
d.a,b.a,cabcbcad.a,US,cadff.a,US,NbheUS,bgbg.a,bbafh.a,bbafhad.a,dbafh.a,CLT,,NC,dh.a,NorthCarolina,dg.a
,h.a,,MQ,cadji.a,MQ,NicgMQ,chfd.a,bbcji.a,bbcjiad.a,dabje.a,,Dallas/FortWorthTX,TX,ei.a,,he.a
,c.a,cabcbcbi.a,FL,caedh.a,FL,,def.a,bcjfd.a,,dbhad.a,,NewYorkNY,,dg.a,NewYork,cc.a
be.a,f.a,cabcbcbe.a,,bjdjd.a,WN,NidcbD,dib.a,bciij.a,bciijad.a,dccbb.a,LAS,LasVegasNV,NV,dc.a,Nevada,if.a
cb.a,f.a,,,,OO,,egbb.a,beigj.a,,,SLC,SaltLakeCityUT,,ej.a,,
h.a,,cabcbcah.a,DL,,,NffgNW,,,beejcac.a,deejc.a,RDU,,,dh.a,NorthCarolina,
ch.a,e.a,cabcbcch.a,,,,NeedUS,bjjg.a,,bfdaeac.a,,TPA,,FL,bc.a,Florida,dd.a
ch.a,,cabcbcch.a,DL,bjhja.a,DL,NjehDL,,bahcb.a,,,,BostonMA,MA,cf.a,Massachusetts,bd.a
cb.a,f.a,,,bjjhh.a,UA,,bjf.a,bdjda.a,,,ORD,,IL,,,
f.a,,cabcbcaf.a,WN,bjdjd.a,WN,NidbgH,bbd.a,bdcae.a,bdcaeac.a,dbefe.a,MCO,,,bc.a,Florida,dd.a
g.a,,cabcbcag.a,DL,,DL,NdjdDA,,,badjhaf.a,dadjh.a,,,GA,,,de.a
ci.a,,cabcbcci.a,DL,bjhja.a,DL,NjbjDL,,badjh.a,,,,,GA,,,de.a
bh.a,,cabcbcbh.a,WN,bjdjd.a,WN,,ddeh.a,beejc.a,,deejc.a,RDU,,,dh.a,NorthCarolina,
g.a,e.a,,,,UA,NfeiUA,fjh.a,,bciijad.a,dccbb.a,LAS,LasVegasNV,NV,,,if.a
ba.a,b.a,,OO,,,NgifBR,ehfi.a,beigj.a,beigjad.a,degbe.a,SLC,SaltLakeCityUT,,ej.a,,
,f.a,,,,,NifcMQ,cjhh.a,bfjbj.a,bfjbjac.a,dbide.a,XNA,FayettevilleAR,AR,f.a,Arkansas,hb.a
c.a,,cabcbcac.a,DL,,DL,NdgeNW,,,bcijcad.a,dcfhf.a,,LosAngelesCA,CA,,,jb.a
,f.a,cabcbcbe.a,,cadgg.a,EV,Nbcbhc,ebib.a,bdbji.a,bdbjiab.a,ddbji.a,,KansasCityMO,MO,cj.a,Missouri,ge.a
cb.a,,cabcbccb.a,DL,bjhja.a,DL,,,bdeih.a,,,,MinneapolisMN,,ch.a,Minnesota,
,g.a,cabcbccj.a,,cadgg.a,EV,NhfeEV,eiif.a,bbedd.a,bbeddac.a,dbcjf.a,,,MI,cg.a,Michigan,ed.a
ci.a,,cabcbcci.a,DL,bjhja.a,DL,NjiaDL,,badjh.a,,,,,GA,bd.a,Georgia,de.a
cd.a,,cabcbbcd.a,AA,bjiaf.a,AA,,edh.a,bbchi.a,,,DCA,,VA,,,di.a
ce.a,b.a,cabcbcce.a,WN,bjdjd.a,WN,,hjf.a,bcddj.a,,,IND,,IN,bi.a,Indiana,ec.a
ba.a,b.a,cabcbcba.a,WN,bjdjd.a,WN,NidceA,dhd.a,bebah.a,bebahac.a,daegg.a,PHX,PhoenixAZ,,e.a,Arizona,
,b.a,,MQ,cadji.a,MQ,NhcdMQ,eehi.a,bcjfd.a,bcjfdac.a,dbhad.a,,NewYorkNY,,dg.a,NewYork,cc.a
ca.a,,cabcbcca.a,AA,bjiaf.a,AA,,cajd.a,bbcji.a,,,DFW,Dallas/FortWorthTX,TX,,,he.a
bg.a,h.a,cabcbcbg.a,WN,bjdjd.a,WN,,cjch.a,bcijc.a,,dcfhf.a,LAX,LosAngelesCA,CA,g.a,California,jb.a
h.a,,cabcbcah.a,AA,,AA,NdFUAA,bjcb.a,,bcijcad.a,dcfhf.a,LAX,LosAngelesCA,CA,,,jb.a
d.a,,cabcbcad.a,AA,,,NfbfAA,biaa.a,,beghjad.a,ddfha.a,SAN,SanDiegoCA,,,,
,g.a,,,cadji.a,MQ,NiedMQ,ddbj.a,bbcji.a,bbcjiad.a,dabje.a,,Dallas/FortWorthTX,TX,ei.a,,he.a
j.a,h.a,cabcbcaj.a,US,cadff.a,US,NhbhUW,jdj.a,bdjdb.a,bdjdbac.a,ddggh.a,ORF,,,fb.a,,
ce.a,b.a,cabcbcce.a,WN,bjdjd.a,WN,,jeh.a,bdbji.a,,,MCI,KansasCityMO,MO,cj.a,Missouri,ge.a
,b.a,cabcbcba.a,EV,cadgg.a,EV,NihbAS,,bcdcd.a,bcdcdac.a,dcdcd.a,,,NC,dh.a,NorthCarolina,dg.a
bc.a,d.a,cabcbcbc.a,Bg,,Bg,NdfbJB,,,bahcbac.a,dahcb.a,BOS,BostonMA,MA,cf.a,Massachusetts,bd.a
bd.a,e.a,,,,UA,NfggUA,fai.a,,bdcaeac.a,dbefe.a,MCO,,,,,dd.a
ca.a,e.a,cabcbcca.a,,bjdjd.a,WN,,gef.a,bcefb.a,,,JAX,,FL,bc.a,Florida,dd.a
bc.a,d.a,cabcbcbc.a,WN,,WN,NeecWN,dda.a,,bbcjcac.a,dadcf.a,DEN,DenverCO,CO,i.a,Colorado,ic.a
cd.a,,cabcbccd.a,AA,bjiaf.a,AA,,dci.a,bbcjc.a,,,DEN,DenverCO,CO,,,ic.a
f.a,d.a,cabcbcaf.a,WN,,,NdbhWN,bicj.a,,bfabgad.a,dbbcd.a,STL,St.LouisMO,MO,cj.a,Missouri,ge.a
ba.a,,cabcbcba.a,DL,bjhja.a,DL,NjddDN,,badjh.a,,dadjh.a,,,GA,bd.a,Georgia,de.a
ce.a,b.a,cabcbcce.a,US,cadff.a,US,,bfhb.a,bbafh.a,,,CLT,,NC,dh.a,NorthCarolina,dg.a
be.a,,cabcbcbe.a,DL,bjhja.a,DL,NjcgDL,,bbcgh.a,,dbcgh.a,,,OH,dj.a,Ohio,ee.a
,d.a,,FL,caedh.a,,NcjbAT,fcd.a,begid.a,begidad.a,ddcbe.a,SAT,SanAntonioTX,,ei.a,,
bj.a,d.a,,OO,,OO,,egad.a,behhb.a,,,SFO,SanFranciscoCA,CA,g.a,California,
ba.a,b.a,,OO,,OO,NfidSW,fdfd.a,,beafhac.a,deafh.a,PDX,PortlandOR,,eb.a,Oregon,
bj.a,,cabcbcbj.a,WN,bjdjd.a,WN,,ejgf.a,bdhjg.a,,,OAK,OaklandCA,,g.a,California,
db.a,b.a,,UA,,UA,NeejUA,iie.a,,bdjdaac.a,dajhh.a,ORD,,IL,,,
g.a,,cabcbcag.a,DL,,DL,NdhfiY,,,bbchiac.a,daifc.a,,,VA,fb.a,,di.a
cd.a,,cabcbccd.a,AA,bjiaf.a,AA,,bcjd.a,beejc.a,,,RDU,,,,,
j.a,h.a,cabcbcaj.a,US,cadff.a,US,NiddAW,fc.a,bdeih.a,bdeihac.a,dbgfa.a,MSP,MinneapolisMN,,ch.a,Minnesota,
cj.a,g.a,,,,,NehjCA,feei.a,,beeijac.a,,RDM,Bend/RedmondOR,OR,eb.a,Oregon,
bf.a,,cabcbcbf.a,WN,,WN,NfbbSW,ddhh.a,,baecdac.a,daecd.a,AUS,AustinTX,TX,ei.a,,he.a
,e.a,,,,MQ,NfacMQ,dhjg.a,,bdjdaac.a,dajhh.a,,,IL,bh.a,Illinois,
,h.a,cabcbcda.a,Fj,caedg.a,Fj,NcacFR,hcf.a,bbchi.a,bbchiac.a,daifc.a,,,VA,fb.a,,di.a
bh.a,b.a,,OO,cadae.a,OO,,gfbj.a,bcijc.a,,dcfhf.a,LAX,LosAngelesCA,CA,g.a,California,jb.a
ce.a,b.a,cabcbcce.a,US,cadff.a,US,,gdc.a,bebah.a,,,PHX,PhoenixAZ,,e.a,Arizona,
cc.a,,cabcbccc.a,WN,bjdjd.a,WN,,ehbc.a,bbcjc.a,,,DEN,DenverCO,CO,i.a,Colorado,ic.a
ch.a,,cabcbcch.a,DL,,,Ndhgh,,,beghjad.a,,SAN,SanDiegoCA,,g.a,California,
bi.a,,cabcbcbi.a,AA,,AA,,ce.a,behhb.a,,,SFO,SanFranciscoCA,CA,,,
bd.a,,cabcbcbd.a,DL,,DL,NdgeNW,,,bbcjiad.a,dabje.a,,Dallas/FortWorthTX,TX,ei.a,,he.a
,b.a,,FL,caedh.a,FL,NbheAT,beh.a,badjh.a,badjhaf.a,dadjh.a,,,GA,bd.a,Georgia,de.a
bj.a,,cabcbcbj.a,WN,bjdjd.a,WN,,dcii.a,bdcdc.a,,,MDW,,IL,bh.a,Illinois,eb.a
,h.a,cabcbccd.a,EV,cadgg.a,EV,,,bbagg.a,,dbagg.a,,,OH,dj.a,Ohio,ee.a
d.a,,cabcbcad.a,AA,,AA,NdHAAA,cge.a,,bciijad.a,dccbb.a,LAS,LasVegasNV,NV,,,if.a
,b.a,cabcbcbh.a,EV,cadgg.a,EV,,,bdjda.a,,dajhh.a,,,IL,bh.a,Illinois,
cb.a,f.a,,,cadae.a,OO,,fgfj.a,bbcjc.a,,,DEN,DenverCO,CO,i.a,Colorado,ic.a
bg.a,,cabcbcbg.a,AA,bjiaf.a,AA,,if.a,bcehi.a,,dbhad.a,JFK,NewYorkNY,,,,cc.a
h.a,,cabcbcah.a,DL,bjhja.a,DL,NjijDL,,bafcj.a,,dafcj.a,,HartfordCT,CT,,,bb.a
bf.a,g.a,,,,,NfidSW,feha.a,,behhbab.a,dcefh.a,SFO,SanFranciscoCA,CA,g.a,California,
ch.a,e.a,,,cadae.a,OO,NjhfSW,fdej.a,bdjda.a,,,ORD,,IL,bh.a,Illinois,
cj.a,,cabcbccj.a,AA,,AA,NdAYAA,bidb.a,,bddadad.a,,MIA,,,,,dd.a
ch.a,e.a,cabcbcch.a,,,,NfejAS,hda.a,,behehad.a,,SEA,SeattleWA,WA,,,
cf.a,c.a,cabcbccf.a,YV,cadhi.a,YV,,cidd.a,begid.a,,,SAT,SanAntonioTX,,ei.a,,
cd.a,h.a,cabcbccd.a,VX,cbbhb.a,VX,,jdd.a,bcijc.a,,,LAX,LosAngelesCA,CA,g.a,California,jb.a
cd.a,h.a,,OO,cadae.a,OO,,cjbg.a,begij.a,,,SBA,SantaBarbaraCA,CA,g.a,California,
,,,HA,,HA,NehfHA,dgi.a,,bcbhdab.a,dcbde.a,,HonoluluHI,HI,bf.a,Hawaii,c.a
bg.a,h.a,,OO,,OO,,gdaj.a,bejaf.a,,dejaf.a,SMX,SantaMariaCA,CA,g.a,California,jb.a
bh.a,,cabcbcbh.a,AA,bjiaf.a,AA,,idi.a,bbcji.a,,dabje.a,DFW,Dallas/FortWorthTX,TX,,,he.a
c.a,h.a,cabcbcac.a,US,cadff.a,US,NhdcUS,bagc.a,bbafh.a,bbafhad.a,dbafh.a,CLT,,NC,dh.a,NorthCarolina,dg.a
bh.a,b.a,,OO,cadae.a,OO,,gdee.a,bcijc.a,,dcfhf.a,LAX,LosAngelesCA,CA,g.a,California,jb.a
c.a,h.a,cabcbcac.a,WN,bjdjd.a,WN,NidbiF,cfia.a,bbcjc.a,bbcjcac.a,dadcf.a,DEN,DenverCO,CO,i.a,Colorado,ic.a
da.a,h.a,,OO,,OO,NgbeSK,ehfg.a,,bdijbab.a,,ONT,OntarioCA,,g.a,California,
be.a,f.a,cabcbcbe.a,,bjdjd.a,WN,NigabC,ffb.a,bciij.a,bciijad.a,dccbb.a,LAS,LasVegasNV,NV,dc.a,Nevada,if.a
ch.a,e.a,,,,OO,NfgjSW,fehh.a,,bcijcad.a,,LAX,LosAngelesCA,CA,g.a,California,jb.a
bh.a,,cabcbcbh.a,AA,bjiaf.a,AA,,bejd.a,bagjd.a,,dagjd.a,BNA,NashvilleTN,,,,fe.a
,h.a,cabcbcac.a,EV,cadgg.a,EV,Nbgjfe,,bbgbi.a,bbgbiac.a,dbhad.a,,NewarkNJ,,de.a,NewJersey,cb.a
c.a,h.a,cabcbcac.a,WN,bjdjd.a,WN,NjfjWN,dgdd.a,bdcdc.a,,dajhh.a,MDW,,IL,bh.a,Illinois,eb.a
ci.a,,cabcbcci.a,AA,,AA,NdDAAA,eha.a,,bbcjiad.a,,DFW,Dallas/FortWorthTX,TX,,,he.a
ba.a,b.a,cabcbcba.a,Bg,,Bg,NfafJB,,,bcjfdac.a,dbhad.a,LGA,NewYorkNY,,dg.a,NewYork,cc.a
f.a,d.a,cabcbcaf.a,WN,bjdjd.a,WN,NidajC,jhe.a,bebah.a,bebahac.a,daegg.a,PHX,PhoenixAZ,,e.a,Arizona,
,g.a,cabcbccc.a,,cadgg.a,EV,,fbah.a,badjh.a,,dadjh.a,,,GA,bd.a,Georgia,de.a
c.a,,cabcbcac.a,DL,,,NdiiDA,,,beidbad.a,dcefh.a,SJC,SanJoseCA,CA,,,
f.a,,cabcbcaf.a,DL,,,NddaNW,,,beigjad.a,degbe.a,SLC,SaltLakeCityUT,,,,
cg.a,,cabcbccg.a,AA,,AA,NeYDAA,befb.a,,bdjdaac.a,,ORD,,IL,,,
cc.a,,cabcbccc.a,DL,bjhja.a,DL,,,bcjfd.a,,,,NewYorkNY,,,,cc.a
cg.a,,cabcbccg.a,DL,,DL,NgbgDL,,,bbfadac.a,,,EagleCO,CO,,,ic.a
h.a,f.a,,,cadae.a,OO,NiccSK,efdi.a,bdeih.a,bdeihac.a,dbgfa.a,MSP,MinneapolisMN,,ch.a,Minnesota,
ci.a,,cabcbcci.a,AA,,,NdBLAA,bjcj.a,,behhbab.a,,SFO,SanFranciscoCA,CA,,,
,d.a,cabcbccg.a,FL,caedh.a,,NbhfAT,fbf.a,begdf.a,begdfac.a,dbhbe.a,RSW,FortMyersFL,FL,bc.a,Florida,
,b.a,cabcbcbh.a,EV,cadgg.a,EV,,,bceei.a,,dceei.a,,Jackson/VicksburgMS,MS,ci.a,Mississippi,fd.a
,h.a,cabcbcaj.a,Fj,caedg.a,Fj,NiacFR,cgi.a,bdcdc.a,bdcdcac.a,dajhh.a,,,IL,bh.a,Illinois,eb.a
g.a,e.a,cabcbcag.a,,cadff.a,US,NbceUS,baei.a,bbafh.a,bbafhad.a,dbafh.a,CLT,,NC,dh.a,NorthCarolina,dg.a
db.a,b.a,,UA,bjjhh.a,UA,Nhfifd,bcie.a,bccgg.a,bccggad.a,,IAH,HoustonTX,TX,,,he.a
,d.a,,MQ,cadji.a,MQ,NiEGMQ,dgaa.a,bccgg.a,bccggad.a,dbefd.a,,HoustonTX,TX,ei.a,,he.a
ca.a,e.a,,,bjjhh.a,UA,,bchc.a,bccgg.a,,,IAH,HoustonTX,TX,,,he.a
cd.a,h.a,,OO,cadae.a,OO,,fejh.a,bdjda.a,,,ORD,,IL,bh.a,Illinois,
ca.a,e.a,,,cadae.a,OO,,gcgj.a,behhb.a,,,SFO,SanFranciscoCA,CA,g.a,California,
bj.a,d.a,cabcbcbj.a,US,cadff.a,US,,bfd.a,bebaa.a,,,PHL,PhiladelphiaPA,,ec.a,Pennsylvania,
,g.a,cabcbccc.a,,cadgg.a,EV,,dibj.a,bbgbi.a,,dbhad.a,,NewarkNJ,,de.a,NewJersey,cb.a
,b.a,cabcbcba.a,EV,cadgg.a,,Nbgfeb,,behda.a,behdaad.a,ddaee.a,SDF,LouisvilleKY,,cb.a,Kentucky,
h.a,,cabcbcah.a,AA,,AA,NdHEAA,gja.a,,bddadad.a,dcegh.a,MIA,MiamiFL,,,,dd.a
bb.a,c.a,cabcbcbb.a,Bg,caeaj.a,Bg,NhadJB,,bbgbi.a,bbgbiac.a,dbhad.a,EWR,NewarkNJ,,de.a,NewJersey,cb.a
cb.a,,cabcbccb.a,AA,,AA,,bbfg.a,bfabg.a,,,STL,St.LouisMO,MO,,,ge.a
,h.a,cabcbcbg.a,FL,caedh.a,FL,,gcg.a,baicb.a,,daifc.a,,,MD,ce.a,Maryland,df.a
d.a,,cabcbbad.a,AA,,AA,NdhcAA,bid.a,,bbcjiad.a,dabje.a,DFW,Dallas/FortWorthTX,TX,,,he.a
da.a,h.a,,OO,cadae.a,OO,NjcgSW,fcdg.a,bccgg.a,,,IAH,HoustonTX,TX,ei.a,,he.a
ch.a,,cabcbcch.a,AA,,AA,NfieAA,befa.a,,bbcjiad.a,,DFW,Dallas/FortWorthTX,TX,,,he.a
cd.a,h.a,,OO,cadae.a,OO,,fdjc.a,bcijc.a,,,LAX,LosAngelesCA,CA,g.a,California,jb.a
,e.a,cabcbcag.a,,caedg.a,Fj,NjcaFR,fge.a,beghj.a,,ddfha.a,,SanDiegoCA,,g.a,California,
cf.a,c.a,,UA,bjjhh.a,UA,,hic.a,babea.a,,,ABQ,AlbuquerqueNM,NM,,,ig.a
ch.a,e.a,cabcbcch.a,,,Bg,NfgeJB,he.a,,bcehiac.a,,JFK,NewYorkNY,,dg.a,NewYork,cc.a
bh.a,b.a,,OO,cadae.a,OO,,fgeb.a,bbcjc.a,,dadcf.a,DEN,DenverCO,CO,i.a,Colorado,ic.a
,b.a,,MQ,cadji.a,MQ,NhceMQ,ciib.a,bbcji.a,bbcjiad.a,dabje.a,,Dallas/FortWorthTX,TX,ei.a,,he.a
bf.a,g.a,,,,OO,NcjgSW,gdda.a,,bbgdiae.a,dbgdi.a,FAT,FresnoCA,CA,g.a,California,jb.a
bb.a,c.a,,UA,bjjhh.a,,NiejUA,dbj.a,begid.a,begidad.a,ddcbe.a,SAT,SanAntonioTX,,,,
ba.a,b.a,cabcbcba.a,Bg,,Bg,NfcaJB,,,bcjfdac.a,dbhad.a,LGA,NewYorkNY,,dg.a,NewYork,cc.a
ch.a,e.a,cabcbcch.a,,cadff.a,US,NghdAW,dde.a,bddec.a,bddecaf.a,,MKE,MilwaukeeWI,,ff.a,,ef.a
ch.a,,cabcbcch.a,AA,,AA,NfjeAA,bhdb.a,,bbcjiad.a,,DFW,Dallas/FortWorthTX,TX,,,he.a
h.a,f.a,,,,,NfigSW,feje.a,,behhbab.a,dcefh.a,SFO,SanFranciscoCA,CA,g.a,California,
bd.a,e.a,cabcbcbd.a,,bjdjd.a,WN,NcbfWN,cejd.a,bdcdc.a,bdcdcac.a,dajhh.a,MDW,,IL,bh.a,Illinois,eb.a
bi.a,,cabcbcbi.a,DL,bjhja.a,DL,,,badjh.a,,,,,GA,,,de.a
bi.a,,cabcbcbi.a,AA,bjiaf.a,AA,,bcbf.a,bccbh.a,,,HSV,HuntsvilleAL,AL,,,fb.a
cd.a,h.a,cabcbccd.a,WN,bjdjd.a,WN,,iba.a,bciij.a,,,LAS,LasVegasNV,NV,dc.a,Nevada,if.a
cb.a,f.a,,,bjjhh.a,UA,,baad.a,bddad.a,,,MIA,,,,,dd.a
ci.a,f.a,cabcbcci.a,,bjdjd.a,WN,NgefSW,cibd.a,bcefb.a,bcefbac.a,,JAX,,FL,bc.a,Florida,dd.a
da.a,h.a,cabcbcda.a,US,,US,NfffAY,bijf.a,,bbafhad.a,,CLT,,NC,dh.a,NorthCarolina,dg.a
ba.a,b.a,,UA,bjjhh.a,UA,Nbfhba,bebh.a,bccgg.a,bccggad.a,dbefd.a,IAH,HoustonTX,TX,,,he.a
h.a,f.a,,,,UA,NebdUA,fae.a,,bcijcad.a,dcfhf.a,LAX,LosAngelesCA,CA,,,jb.a
,f.a,cabcbccb.a,,caedh.a,FL,,dic.a,badjh.a,,dadjh.a,,,GA,bd.a,Georgia,de.a
e.a,,cabcbcae.a,DL,,,NgeaDL,,,beghjad.a,ddfha.a,SAN,SanDiegoCA,,,,
,f.a,,,cadji.a,MQ,,djja.a,bdjda.a,,dajhh.a,,,IL,bh.a,Illinois,
,e.a,cabcbcag.a,,,EV,NgafQX,ejfi.a,,badjhaf.a,dadjh.a,,,GA,bd.a,Georgia,de.a
h.a,f.a,cabcbcah.a,,,WN,NgdgWN,bjbc.a,,bcijcad.a,dcfhf.a,LAX,LosAngelesCA,CA,g.a,California,jb.a
,b.a,cabcbcad.a,EV,cadgg.a,EV,Nbejea,,bccgg.a,bccggad.a,dbefd.a,,HoustonTX,TX,ei.a,,he.a
,h.a,,MQ,cadji.a,MQ,NieiMQ,cijd.a,bceei.a,bceeiad.a,dceei.a,,Jackson/VicksburgMS,MS,ci.a,Mississippi,fd.a
ca.a,e.a,cabcbcca.a,,bjdjd.a,WN,,ccja.a,baicb.a,,,BWI,,MD,ce.a,Maryland,df.a
b.a,g.a,cabcbcab.a,,cbbhb.a,VX,NidjVA,dga.a,bcijc.a,bcijcad.a,dcfhf.a,LAX,LosAngelesCA,CA,g.a,California,jb.a
cf.a,c.a,,UA,bjjhh.a,UA,,hid.a,bccgg.a,,,IAH,HoustonTX,TX,,,he.a
,g.a,cabcbcbf.a,,caedh.a,FL,NjjcAT,cjf.a,bbgjh.a,,dcegh.a,,FortLauderdaleFL,FL,bc.a,Florida,dd.a
bi.a,c.a,,UA,bjjhh.a,UA,,bbgb.a,bccgg.a,,dbefd.a,IAH,HoustonTX,TX,,,he.a
e.a,c.a,cabcbcae.a,YV,cadhi.a,YV,NjccFJ,chcg.a,bbfea.a,,dagbf.a,ELP,ElPasoTX,TX,ei.a,,he.a
bf.a,,cabcbcbf.a,AA,,,NfjiAA,bgag.a,,bfdhgac.a,daedg.a,TUS,TucsonAZ,AZ,,,ib.a
ca.a,e.a,cabcbcca.a,,caeaj.a,Bg,,beid.a,bbchi.a,,,DCA,,VA,fb.a,,di.a
,g.a,cabcbcbf.a,,cadgg.a,EV,Nbejhc,gabi.a,baede.a,baedeac.a,daede.a,,Scranton/Wilkes-BarrePA,PA,ec.a,Pennsylvania,cd.a
cj.a,g.a,,,,UA,Ndaeab,bbfb.a,,bbgjhad.a,,FLL,,FL,,,dd.a
ca.a,e.a,cabcbcca.a,,bjdjd.a,WN,,dchh.a,bdhjg.a,,,OAK,OaklandCA,,g.a,California,
,b.a,cabcbcce.a,EV,cadgg.a,EV,,,badjh.a,,dadjh.a,,,GA,bd.a,Georgia,de.a
bh.a,b.a,cabcbcbh.a,WN,bjdjd.a,WN,,dfe.a,bbcjc.a,,dadcf.a,DEN,DenverCO,CO,i.a,Colorado,ic.a
bg.a,h.a,cabcbcbg.a,WN,bjdjd.a,WN,,dedh.a,baicb.a,,daifc.a,BWI,,MD,ce.a,Maryland,df.a
h.a,,cabcbcah.a,DL,,DL,NgdhDL,,,badjhaf.a,dadjh.a,,,GA,,,de.a
cb.a,f.a,,,,OO,,eghd.a,beigj.a,,,SLC,SaltLakeCityUT,,ej.a,,
,c.a,cabcbcae.a,FL,caedh.a,FL,NjcjAT,hae.a,bbgjh.a,,dcegh.a,,FortLauderdaleFL,FL,bc.a,Florida,dd.a
bd.a,e.a,cabcbcbd.a,,bjdjd.a,WN,NcagWN,ecf.a,bebah.a,bebahac.a,daegg.a,PHX,PhoenixAZ,,e.a,Arizona,
i.a,,cabcbcai.a,DL,,DL,NdbjUS,,,bcjfdac.a,dbhad.a,,NewYorkNY,,,,cc.a
j.a,h.a,,OO,cadae.a,OO,NiaaSK,efia.a,bcijc.a,bcijcad.a,dcfhf.a,LAX,LosAngelesCA,CA,g.a,California,jb.a
da.a,,cabcbcda.a,AA,,AA,NdAAAA,baje.a,,bddadad.a,,MIA,MiamiFL,,,,dd.a
bf.a,g.a,cabcbcbf.a,,,WN,NeifWN,bici.a,,bdjdbac.a,ddggh.a,ORF,,,fb.a,,
bd.a,e.a,,,cadae.a,OO,NiajCA,eeed.a,bbbjd.a,bbbjdac.a,ddbaf.a,CVG,CincinnatiOH,KY,cb.a,Kentucky,fc.a
e.a,,cabcbcae.a,DL,bjhja.a,DL,NhihNC,,bbjhd.a,bbjhdac.a,dbjhd.a,,Gulfport/BiloxiMS,MS,,,fd.a
cb.a,,cabcbccb.a,AA,bjiaf.a,AA,,ehb.a,bbcji.a,,,DFW,Dallas/FortWorthTX,TX,,,he.a
,b.a,,MQ,cadji.a,MQ,,edhd.a,bbagh.a,,dbagh.a,,,IL,bh.a,Illinois,eb.a
cj.a,,cabcbccj.a,DL,bjhja.a,DL,NjibDL,,bdejf.a,,,,NewOrleansLA,,,,
c.a,h.a,cabcbcac.a,US,,,NgeeAW,efi.a,beigj.a,beigjad.a,degbe.a,SLC,SaltLakeCityUT,,ej.a,,
j.a,h.a,,UA,,UA,NeieUA,ced.a,,bebahac.a,daegg.a,PHX,PhoenixAZ,,,,
cc.a,g.a,cabcbccc.a,,,WN,,eeij.a,bfabg.a,,,STL,St.LouisMO,MO,cj.a,Missouri,ge.a
,b.a,,MQ,cadji.a,MQ,,dcgg.a,bahib.a,,dahib.a,,BatonRougeLA,LA,cc.a,Louisiana,hc.a
c.a,h.a,cabcbcac.a,WN,bjdjd.a,WN,NcgjWN,chbc.a,bcbjb.a,bcbjbac.a,dbefd.a,HOU,HoustonTX,TX,ei.a,,he.a
db.a,b.a,cabcbcdb.a,WN,bjdjd.a,WN,NjaaWN,bafi.a,baicb.a,baicbad.a,,BWI,,MD,ce.a,Maryland,df.a
bj.a,,cabcbcbj.a,DL,,DL,,,beied.a,,,,SanJuanPR,PR,,,
i.a,,cabcbcai.a,DL,bjhja.a,DL,NjafDA,,badjh.a,,dadjh.a,,,GA,,,de.a
j.a,h.a,cabcbcaj.a,Bg,,Bg,NfifJB,,,bahcbac.a,dahcb.a,BOS,BostonMA,MA,cf.a,Massachusetts,bd.a
i.a,,cabcbcai.a,DL,bjhja.a,DL,NghfMC,,bagjd.a,bagjdac.a,dagjd.a,,NashvilleTN,,,,fe.a
bh.a,b.a,cabcbcbh.a,AS,bjjda.a,AS,,,bbgda.a,,dbfbh.a,FAI,FairbanksAK,AK,,,b.a
,,,HA,bjgja.a,HA,,bia.a,bcjic.a,,dcjic.a,,LihueHI,HI,bf.a,Hawaii,c.a
i.a,g.a,cabcbcai.a,,,Bg,NfieJB,bjj.a,,bcehiac.a,dbhad.a,JFK,NewYorkNY,,dg.a,NewYork,cc.a
c.a,h.a,,UA,bjjhh.a,UA,NiejUA,gei.a,bbcjc.a,bbcjcac.a,dadcf.a,DEN,DenverCO,CO,,,ic.a
,f.a,,,cadji.a,MQ,,dcdj.a,bbcji.a,,dabje.a,,Dallas/FortWorthTX,TX,ei.a,,he.a
d.a,,cabcbcad.a,DL,,,NdgjNB,,,bejaiad.a,dcfhf.a,SNA,SantaAnaCA,CA,,,jb.a
bf.a,g.a,cabcbcbf.a,,bjdjd.a,,NhddSA,bhge.a,beghj.a,beghjad.a,ddfha.a,SAN,SanDiegoCA,,g.a,California,
,h.a,cabcbcac.a,Fj,,Fj,NjaiFR,iah.a,beiac.a,,deiac.a,,,VA,fb.a,,
cj.a,g.a,,,,OO,NeegSW,ehhi.a,,becfcac.a,,PSC,Pasco/Kennewick/RichlandWA,,fd.a,,
,f.a,cabcbcah.a,,cadgg.a,EV,Nbcjaa,eehb.a,bbafh.a,bbafhad.a,dbafh.a,,,NC,dh.a,NorthCarolina,dg.a
f.a,d.a,,UA,,UA,NefjUA,hai.a,,beachac.a,deach.a,PBI,WestPalmBeach/PalmBeachFL,FL,,,
,e.a,cabcbcbd.a,,cadgg.a,EV,Nbejga,edeh.a,bccgg.a,bccggad.a,dbefd.a,,HoustonTX,TX,ei.a,,he.a
,e.a,cabcbcag.a,,cadgg.a,EV,NjhhEV,ffgf.a,bdhjf.a,,ddhjf.a,,,NC,dh.a,NorthCarolina,
db.a,b.a,cabcbcdb.a,US,cadff.a,US,NbjdUW,bbij.a,bebaa.a,bebaaac.a,,PHL,PhiladelphiaPA,,ec.a,Pennsylvania,
g.a,,cabcbcag.a,DL,bjhja.a,DL,NhfhAT,,bdida.a,bdidaac.a,ddida.a,,KahuluiHI,HI,,,
,g.a,cabcbcab.a,,caedh.a,FL,NbejAT,dec.a,bcijc.a,bcijcad.a,dcfhf.a,,LosAngelesCA,CA,g.a,California,jb.a
h.a,f.a,cabcbcah.a,,cadff.a,US,NhfeUW,bjab.a,bbchi.a,bbchiac.a,daifc.a,DCA,,VA,fb.a,,di.a
,d.a,cabcbcbc.a,EV,cadgg.a,EV,Nbgjhg,,bbgbi.a,bbgbiac.a,dbhad.a,,NewarkNJ,,de.a,NewJersey,cb.a
e.a,,cabcbcae.a,AA,,AA,NfEBAA,hab.a,,bddadad.a,dcegh.a,MIA,MiamiFL,,,,dd.a
db.a,,cabcbcdb.a,DL,,DL,NgceAG,,,bcbhdab.a,,,HonoluluHI,HI,,,c.a
,h.a,,MQ,cadji.a,MQ,,dcdd.a,bbcji.a,,dabje.a,,Dallas/FortWorthTX,TX,ei.a,,he.a
j.a,h.a,cabcbcaj.a,Bg,,Bg,NgbcJB,,,bdcaeac.a,dbefe.a,MCO,OrlandoFL,,bc.a,Florida,dd.a
bh.a,b.a,,UA,,UA,,ieb.a,bfdae.a,,ddbjf.a,TPA,TampaFL,FL,,,dd.a
be.a,f.a,cabcbcbe.a,,,YV,NfbiLR,dhfb.a,,bbeddac.a,dbcjf.a,DTW,,MI,cg.a,Michigan,ed.a
bg.a,h.a,cabcbcbg.a,WN,bjdjd.a,WN,,cffi.a,bciij.a,,dccbb.a,LAS,LasVegasNV,NV,dc.a,Nevada,if.a
f.a,,cabcbcaf.a,AA,,AA,NfcgAA,fce.a,,bbcjiad.a,dabje.a,DFW,Dallas/FortWorthTX,TX,,,he.a
,d.a,,FL,caedh.a,FL,NhbhJL,bce.a,badjh.a,badjhaf.a,dadjh.a,,,GA,bd.a,Georgia,de.a
bg.a,h.a,,UA,bjjhh.a,UA,,bedj.a,bccge.a,,daifc.a,IAD,,VA,,,di.a
bc.a,d.a,cabcbcbc.a,WN,bjdjd.a,WN,NhjhMX,cfif.a,baiaa.a,baiaaad.a,dcfhf.a,BUR,BurbankCA,CA,g.a,California,jb.a
cc.a,g.a,,,bjjhh.a,UA,,ghe.a,bbgbi.a,,,EWR,NewarkNJ,,,,cb.a
bc.a,,cabcbcbc.a,AA,,,NeXHAA,cceh.a,,befceab.a,defce.a,RIC,,,,,
,b.a,cabcbcdb.a,FL,caedh.a,FL,NjfeAT,daj.a,bbjig.a,,dbjig.a,,,MI,cg.a,Michigan,ed.a
cj.a,,cabcbccj.a,AA,,AA,NgdfAA,iab.a,,bahcbac.a,,BOS,BostonMA,MA,,,bd.a
,,,HA,,HA,NeihHA,djc.a,,bcbhdab.a,dcbde.a,,HonoluluHI,HI,bf.a,Hawaii,c.a
cc.a,g.a,,,bjjhh.a,UA,,hbb.a,bdjda.a,,,ORD,,IL,,,
bg.a,h.a,cabcbcbg.a,Bg,caeaj.a,Bg,,,baecd.a,,daecd.a,AUS,AustinTX,TX,ei.a,,he.a
,e.a,cabcbcag.a,,,EV,NdjbCA,ffhe.a,,bahcbac.a,dahcb.a,,BostonMA,MA,cf.a,Massachusetts,bd.a
db.a,,cabcbcdb.a,AA,,,NdGLAA,ifc.a,,beghjad.a,,SAN,SanDiegoCA,,,,
e.a,,cabcbcae.a,DL,bjhja.a,DL,NjfgDL,,bbafh.a,,dbafh.a,,,NC,,,dg.a
ci.a,f.a,cabcbcci.a,,cadff.a,US,NidgAW,cgf.a,bdeih.a,bdeihac.a,,MSP,MinneapolisMN,,ch.a,Minnesota,
cj.a,g.a,,,,UA,NefhUA,fdc.a,,bdeihac.a,,MSP,MinneapolisMN,,,,
bi.a,c.a,,UA,bjjhh.a,UA,,gji.a,bbchi.a,,daifc.a,DCA,,VA,,,di.a
ch.a,e.a,cabcbcch.a,,bjdjd.a,WN,NcfhWN,ebig.a,bdhjg.a,bdhjgab.a,,OAK,OaklandCA,,g.a,California,
cc.a,,cabcbccc.a,DL,bjhja.a,DL,,,badjh.a,,,,,GA,,,de.a
,c.a,cabcbcbi.a,EV,cadgg.a,EV,,,bcddj.a,,dcddh.a,,,IN,bi.a,Indiana,ec.a
bj.a,d.a,cabcbcbj.a,WN,bjdjd.a,WN,,bjgb.a,beghj.a,,,SAN,SanDiegoCA,,g.a,California,
,h.a,cabcbcda.a,EV,cadgg.a,EV,Nbejae,,bccgg.a,bccggad.a,dbefd.a,,HoustonTX,TX,ei.a,,he.a
bj.a,d.a,,OO,cadae.a,OO,,fefg.a,beeij.a,,,RDM,Bend/RedmondOR,OR,eb.a,Oregon,
ca.a,e.a,cabcbcca.a,,,US,,bahc.a,beied.a,,,SJU,SanJuanPR,PR,hc.a,,
cg.a,,cabcbccg.a,DL,,DL,NdfiNB,,,bbeddac.a,,,,MI,,,ed.a
h.a,f.a,,,,,NcdeSW,fefe.a,beijd.a,beijdac.a,ddbjc.a,SMF,SacramentoCA,,g.a,California,
ce.a,b.a,cabcbcce.a,Bg,caeaj.a,Bg,,,bcijc.a,,,LAX,LosAngelesCA,CA,g.a,California,jb.a
b.a,,cabcbcab.a,DL,bjhja.a,DL,NjjfDL,,bdjdb.a,,ddggh.a,,,,,,
j.a,h.a,,OO,cadae.a,OO,NhadSK,ffaj.a,badhc.a,badhcad.a,dadhc.a,ASE,AspenCO,CO,i.a,Colorado,ic.a
be.a,f.a,,,,UA,Nfhigj,bgaj.a,,bccggad.a,dbefd.a,IAH,HoustonTX,TX,,,he.a
be.a,f.a,cabcbcbe.a,,bjdjd.a,WN,NjcbWN,bafb.a,bebah.a,,daegg.a,PHX,PhoenixAZ,,e.a,Arizona,
ci.a,f.a,cabcbcci.a,,,Bg,NfgeJB,jjc.a,,beachac.a,,PBI,WestPalmBeach/PalmBeachFL,FL,bc.a,Florida,
,g.a,,,,MQ,NgbfMQ,ebeb.a,,bdjdaac.a,dajhh.a,,,IL,bh.a,Illinois,
d.a,b.a,cabcbcad.a,US,cadff.a,US,NhccUS,bgcg.a,bbafh.a,bbafhad.a,dbafh.a,CLT,,NC,dh.a,NorthCarolina,dg.a
,f.a,cabcbcbe.a,,cadgg.a,EV,Nbafhf,egff.a,bdihb.a,bdihbac.a,dddbg.a,,OmahaNE,,db.a,Nebraska,
f.a,d.a,,OO,cadae.a,OO,NjidSW,gdea.a,behhb.a,,dcefh.a,SFO,SanFranciscoCA,CA,g.a,California,
ch.a,e.a,cabcbcch.a,,cadff.a,US,NbhaUS,hca.a,bbgbi.a,bbgbiac.a,,EWR,NewarkNJ,,de.a,NewJersey,cb.a
e.a,c.a,cabcbcae.a,YV,,YV,NfafMJ,dhhh.a,,bccgeac.a,daifc.a,IAD,,VA,fb.a,,di.a
cf.a,c.a,,OO,cadae.a,OO,,ffjh.a,bcijc.a,,,LAX,LosAngelesCA,CA,g.a,California,jb.a
ca.a,e.a,cabcbcca.a,,cadhi.a,YV,,cgbc.a,bbjjf.a,,,GSO,,NC,dh.a,NorthCarolina,dg.a
,d.a,cabcbcaf.a,EV,cadgg.a,EV,NhgaEV,,badjh.a,badjhaf.a,dadjh.a,,,GA,bd.a,Georgia,de.a
ce.a,b.a,,OO,,OO,,eghf.a,beigj.a,,,SLC,SaltLakeCityUT,,ej.a,,
h.a,f.a,cabcbcah.a,,bjdjd.a,,NhjgSW,bcid.a,beghj.a,beghjad.a,ddfha.a,SAN,SanDiegoCA,,g.a,California,
ba.a,b.a,cabcbcba.a,US,cadff.a,US,NbceUS,jic.a,bbafh.a,bbafhad.a,dbafh.a,CLT,,NC,dh.a,NorthCarolina,dg.a
h.a,,cabcbcah.a,AA,,AA,NdGVAA,bdfi.a,,bdjdaac.a,dajhh.a,ORD,,IL,,,
g.a,e.a,cabcbcag.a,,,Bg,NfgeJB,dhb.a,,bcjfdac.a,dbhad.a,LGA,NewYorkNY,,dg.a,NewYork,cc.a
bh.a,,cabcbcbh.a,AA,bjiaf.a,AA,,bffg.a,bdjda.a,,dajhh.a,ORD,,IL,,,
bi.a,,cabcbcbi.a,AA,,AA,,fei.a,bfdha.a,,degfd.a,TUL,TulsaOK,OK,,,hd.a
,d.a,cabcbccg.a,FL,caedh.a,FL,NjcjAT,gig.a,baicb.a,,daifc.a,,,MD,ce.a,Maryland,df.a
j.a,h.a,cabcbcaj.a,WN,,,NdffSW,bagj.a,,behhbab.a,dcefh.a,SFO,SanFranciscoCA,CA,g.a,California,
,f.a,cabcbcci.a,,caedg.a,Fj,NjcbFR,dai.a,bbiie.a,,dbiie.a,,SpokaneWA,WA,fd.a,,jd.a
bb.a,,cabcbcbb.a,DL,bjhja.a,DL,NjhjDL,,bbagg.a,,dbagg.a,,,OH,,,ee.a
c.a,h.a,cabcbcac.a,AS,,AS,NfjhAS,,,bdidaac.a,ddida.a,OGG,KahuluiHI,HI,,,
ch.a,e.a,cabcbcch.a,,cadhi.a,YV,NjbeFJ,chfc.a,bdejf.a,,,MSY,NewOrleansLA,,cc.a,Louisiana,
,b.a,cabcbcce.a,EV,cadgg.a,EV,,,bbgbi.a,,dbhad.a,,NewarkNJ,,de.a,NewJersey,cb.a
cb.a,,cabcbccb.a,DL,bjhja.a,DL,,,baicb.a,,,,,MD,,,df.a
cj.a,,cabcbccj.a,DL,bjhja.a,DL,NgfjDL,,bbedd.a,bbeddac.a,,,,MI,,,ed.a
ba.a,b.a,cabcbcba.a,WN,,WN,NffgWN,bbbf.a,,bdhjgab.a,dcefh.a,OAK,OaklandCA,,g.a,California,
bf.a,g.a,,,cadae.a,OO,NiijAS,cjej.a,bebah.a,bebahac.a,daegg.a,PHX,PhoenixAZ,,e.a,Arizona,
,d.a,,MQ,cadji.a,MQ,NgghMQ,eaac.a,bdbji.a,bdbjiab.a,ddbji.a,,KansasCityMO,MO,cj.a,Missouri,ge.a
,d.a,cabcbcaf.a,EV,cadgg.a,EV,Nbefhd,,bccgg.a,bccggad.a,dbefd.a,,HoustonTX,TX,ei.a,,he.a
ca.a,e.a,,,cadae.a,OO,,ffdb.a,bbcjc.a,,,DEN,DenverCO,CO,i.a,Colorado,ic.a
i.a,g.a,cabcbcai.a,,,WN,NfbfSW,bfdd.a,,bbfeaad.a,dagbf.a,ELP,ElPasoTX,TX,ei.a,,he.a
g.a,e.a,cabcbcag.a,,cadff.a,US,NgehAW,cce.a,bebah.a,bebahac.a,daegg.a,PHX,PhoenixAZ,,e.a,Arizona,
,f.a,,,cadji.a,MQ,NiahMQ,ciaa.a,bbcji.a,bbcjiad.a,dabje.a,,Dallas/FortWorthTX,TX,ei.a,,he.a
ca.a,e.a,cabcbcca.a,,cadff.a,US,,bcaf.a,baicb.a,,,BWI,,MD,ce.a,Maryland,df.a
bi.a,c.a,,OO,cadae.a,OO,,fdjj.a,bbaeb.a,,dbaeb.a,CLD,CarlsbadCA,CA,g.a,California,jb.a
ci.a,,cabcbcci.a,AA,,AA,NfDSAA,bbeb.a,,bcehiac.a,,JFK,NewYorkNY,,,,cc.a
ba.a,,cabcbcba.a,AA,,AA,NfBSAA,bbad.a,,bddadad.a,dcegh.a,MIA,MiamiFL,,,,dd.a
,g.a,,,cadji.a,MQ,,dcij.a,bbcji.a,,dabje.a,,Dallas/FortWorthTX,TX,ei.a,,he.a
,d.a,cabcbcaf.a,Fj,caedg.a,Fj,NcbdFR,die.a,bbcjc.a,bbcjcac.a,dadcf.a,,DenverCO,CO,i.a,Colorado,ic.a
bb.a,c.a,,UA,bjjhh.a,UA,Nhifce,bfd.a,bdjda.a,bdjdaac.a,dajhh.a,ORD,,IL,,,
bg.a,h.a,cabcbcbg.a,WN,bjdjd.a,WN,,cij.a,bcijg.a,,dcijg.a,LBB,LubbockTX,,ei.a,,he.a
cc.a,g.a,cabcbccc.a,,cadff.a,US,,eaj.a,bebah.a,,,PHX,PhoenixAZ,,e.a,Arizona,
cd.a,h.a,,OO,cadae.a,OO,,gfad.a,bahbd.a,,,BOI,BoiseID,ID,bg.a,Idaho,id.a
cg.a,d.a,,OO,,,NfggSW,fgef.a,,behhbab.a,,SFO,SanFranciscoCA,CA,g.a,California,
cj.a,,cabcbccj.a,DL,,DL,NgajDL,,,bahbdac.a,,,BoiseID,ID,,,id.a
cg.a,,cabcbccg.a,DL,bjhja.a,DL,NjaeDL,,bdcae.a,bdcaeac.a,,,OrlandoFL,,,,dd.a
cg.a,,cabcbccg.a,DL,,DL,NdjaDA,,,badjhaf.a,,,,GA,,,de.a
cd.a,h.a,,OO,cadae.a,OO,,cjfa.a,bebah.a,,,PHX,PhoenixAZ,,e.a,Arizona,
bd.a,e.a,cabcbcbd.a,,cadff.a,US,NbicUW,bfed.a,bbafh.a,bbafhad.a,dbafh.a,CLT,,NC,dh.a,NorthCarolina,dg.a
bc.a,d.a,cabcbcbc.a,US,cadff.a,US,NhgdUS,cacj.a,bahcb.a,bahcbac.a,dahcb.a,BOS,BostonMA,MA,cf.a,Massachusetts,bd.a
ch.a,,cabcbcch.a,DL,,DL,NgdjDL,,,badjhaf.a,,,,GA,,,de.a
f.a,,cabcbcaf.a,DL,,DL,NdhejD,,,bcehiac.a,dbhad.a,,NewYorkNY,,,,cc.a
,e.a,cabcbcag.a,,cadgg.a,EV,Nbdjad,efje.a,bbgbi.a,bbgbiac.a,dbhad.a,,NewarkNJ,,de.a,NewJersey,cb.a
bf.a,g.a,cabcbcbf.a,,,,NceiAY,badd.a,beied.a,beiedad.a,deibj.a,SJU,SanJuanPR,PR,hc.a,,
g.a,e.a,,,bjjhh.a,,Nchecb,bahe.a,behhb.a,behhbab.a,dcefh.a,SFO,SanFranciscoCA,CA,,,
ci.a,f.a,,,cadae.a,OO,NjcfSW,febc.a,bdjda.a,,,ORD,,IL,bh.a,Illinois,
d.a,,cabcbcad.a,DL,bjhja.a,DL,NjfiDL,,badjh.a,,dadjh.a,,,GA,,,de.a
,c.a,,MQ,cadji.a,MQ,,cjdb.a,bbaej.a,,dbaej.a,,CollegeStation/BryanTX,TX,ei.a,,he.a
,h.a,cabcbcda.a,Fj,caedg.a,Fj,NjdaFR,ccb.a,bbcjc.a,,dadcf.a,,DenverCO,CO,i.a,Colorado,ic.a
e.a,c.a,,OO,cadae.a,OO,NiggAS,cghj.a,bcijc.a,bcijcad.a,dcfhf.a,LAX,LosAngelesCA,CA,g.a,California,jb.a
,h.a,cabcbccd.a,EV,,EV,,,bfebc.a,,dfebc.a,,KnoxvilleTN,TN,eh.a,Tennessee,fe.a
e.a,c.a,cabcbcae.a,WN,,WN,NgdiSW,bajb.a,,bcijcad.a,dcfhf.a,LAX,LosAngelesCA,CA,g.a,California,jb.a
da.a,h.a,cabcbcda.a,WN,,WN,NehaWN,bghh.a,,bedahac.a,,PVD,ProvidenceRI,,ee.a,RhodeIsland,
bi.a,c.a,cabcbcbi.a,WN,,WN,,bgfa.a,beijd.a,,ddbjc.a,SMF,SacramentoCA,,g.a,California,jb.a
cg.a,d.a,cabcbccg.a,YV,cadhi.a,YV,NjdaLR,chjj.a,bbafh.a,,,CLT,,NC,dh.a,NorthCarolina,dg.a
cc.a,g.a,cabcbccc.a,,cadff.a,US,,gia.a,bebah.a,,,PHX,PhoenixAZ,,e.a,Arizona,
cd.a,h.a,,OO,cadae.a,OO,,fdfb.a,bdjda.a,,,ORD,,IL,bh.a,Illinois,
,h.a,cabcbcaj.a,EV,cadgg.a,EV,Nbejef,,baecd.a,baecdac.a,daecd.a,,AustinTX,TX,ei.a,,he.a
f.a,,cabcbcaf.a,AA,,AA,NdGLAA,dbc.a,,bbcjiad.a,dabje.a,DFW,Dallas/FortWorthTX,TX,,,he.a
cj.a,,cabcbccj.a,AA,,AA,NdEGAA,biaj.a,,bahcbac.a,,BOS,BostonMA,MA,,,bd.a
i.a,g.a,cabcbcai.a,,bjdjd.a,WN,NhejSW,ccec.a,bcefb.a,bcefbac.a,dbbdg.a,JAX,JacksonvilleFL,FL,bc.a,Florida,dd.a
,h.a,cabcbcac.a,EV,cadgg.a,EV,NhgaEV,,bbedd.a,bbeddac.a,dbcjf.a,,,MI,cg.a,Michigan,ed.a
,b.a,,MQ,cadji.a,MQ,,dfgb.a,bddad.a,,dcegh.a,,MiamiFL,,bc.a,Florida,dd.a
cg.a,,cabcbccg.a,DL,bjhja.a,DL,NjbiDL,,baicb.a,,,,,MD,,,df.a
bf.a,g.a,,,cadae.a,OO,NhaiSK,fbge.a,bccgg.a,bccggad.a,dbefd.a,IAH,HoustonTX,TX,ei.a,,he.a
ci.a,f.a,,,,UA,Nfhedj,bajc.a,,bccgeac.a,,IAD,,VA,,,di.a
ch.a,e.a,,,bjjhh.a,UA,NidcUA,chg.a,baicb.a,baicbad.a,,BWI,,MD,,,df.a
h.a,f.a,,,,,NfggSW,feed.a,,behhbab.a,dcefh.a,SFO,SanFranciscoCA,CA,g.a,California,
,h.a,cabcbcaj.a,Fj,caedg.a,Fj,NjbcFR,bdf.a,bbcji.a,,dabje.a,,Dallas/FortWorthTX,TX,ei.a,,he.a
da.a,,cabcbcda.a,AA,,AA,NfjfAA,bjje.a,,bbcjiad.a,,DFW,Dallas/FortWorthTX,TX,,,he.a
,b.a,,MQ,cadji.a,MQ,,eeji.a,bbchi.a,,daifc.a,,,VA,fb.a,,di.a
cf.a,c.a,cabcbccf.a,WN,bjdjd.a,WN,,dfb.a,bciij.a,,,LAS,LasVegasNV,NV,dc.a,Nevada,if.a
bg.a,h.a,,OO,,OO,NedaSW,eegi.a,,bcbfgac.a,dcbfg.a,HLN,HelenaMT,MT,da.a,Montana,ie.a
cc.a,g.a,cabcbccc.a,,caeaj.a,Bg,,bgjf.a,bahcb.a,,,BOS,BostonMA,MA,cf.a,Massachusetts,bd.a
cg.a,d.a,cabcbccg.a,AS,,,NfdcAS,,,beijdac.a,,SMF,SacramentoCA,,,,jb.a
,h.a,cabcbcac.a,EV,cadgg.a,EV,Nbffff,,bbgbi.a,bbgbiac.a,dbhad.a,,NewarkNJ,,de.a,NewJersey,cb.a
bh.a,,cabcbcbh.a,DL,,DL,,,beigj.a,,degbe.a,,SaltLakeCityUT,,,,
g.a,e.a,,,,,NfghSW,gdcc.a,,beghjad.a,ddfha.a,SAN,SanDiegoCA,,g.a,California,
,d.a,,MQ,,MQ,NfdbMQ,efic.a,,bcjfdac.a,dbhad.a,,NewYorkNY,,dg.a,NewYork,cc.a
cj.a,g.a,cabcbccj.a,,,WN,NfahSW,dhbc.a,,bcbjbac.a,,HOU,HoustonTX,TX,ei.a,,he.a
cg.a,d.a,cabcbccg.a,YV,cadhi.a,YV,NjcgLR,cggj.a,bdcee.a,,,MEM,MemphisTN,,eh.a,Tennessee,fe.a
cc.a,,cabcbccc.a,DL,bjhja.a,DL,,,bdejf.a,,,,NewOrleansLA,,,,
cd.a,h.a,cabcbccd.a,WN,bjdjd.a,WN,,ccjf.a,bdijb.a,,,ONT,OntarioCA,,g.a,California,
bf.a,g.a,,,,UA,NfcgUA,feh.a,,bdjdaac.a,dajhh.a,ORD,,IL,,,
h.a,f.a,cabcbcah.a,,cadff.a,US,NicaAW,cgh.a,bbcji.a,bbcjiad.a,dabje.a,DFW,Dallas/FortWorthTX,TX,ei.a,,he.a
cg.a,d.a,cabcbccg.a,WN,bjdjd.a,,NcibWN,djjd.a,beheh.a,behehad.a,,SEA,SeattleWA,WA,fd.a,,
cg.a,d.a,,OO,,OO,NgbdQX,ehbb.a,,bcijcad.a,,LAX,LosAngelesCA,CA,g.a,California,jb.a
da.a,h.a,cabcbcda.a,US,,,NghcAW,gfb.a,behhb.a,behhbab.a,,SFO,SanFranciscoCA,CA,g.a,California,
f.a,d.a,cabcbcaf.a,YV,cadhi.a,YV,NjdcLR,cicb.a,bebah.a,,daegg.a,PHX,PhoenixAZ,,e.a,Arizona,
cd.a,,cabcbccd.a,DL,,DL,,,beigj.a,,,,SaltLakeCityUT,,,,
c.a,,cabcbcac.a,DL,bjhja.a,DL,NjcaDE,,badjh.a,,dadjh.a,,,GA,,,de.a
,e.a,cabcbcbd.a,,cadgg.a,EV,Ncgfej,gbii.a,bbbeg.a,bbbegad.a,dbbeg.a,,,WV,fe.a,,dj.a
,d.a,,MQ,cadji.a,MQ,NibaMQ,eabc.a,bagif.a,bagifac.a,dagif.a,,,IL,bh.a,Illinois,eb.a
be.a,f.a,cabcbcbe.a,,,WN,NdfaSW,iai.a,,bdejfac.a,ddejf.a,MSY,NewOrleansLA,,cc.a,Louisiana,
db.a,b.a,cabcbcdb.a,US,,US,NeeeUS,bhae.a,,bbgjhad.a,,FLL,FortLauderdaleFL,FL,bc.a,Florida,dd.a
bb.a,,cabcbcbb.a,DL,bjhja.a,DL,NjdfDN,,bdeih.a,,dbgfa.a,,MinneapolisMN,,,,
cc.a,g.a,,,bjjhh.a,UA,,bgcb.a,bccgg.a,,,IAH,HoustonTX,TX,,,he.a
g.a,,cabcbcag.a,AA,,AA,NeYTAA,bbah.a,,bbcjiad.a,dabje.a,DFW,Dallas/FortWorthTX,TX,,,he.a
bc.a,d.a,,OO,cadae.a,OO,NiijAS,cjhd.a,bebah.a,bebahac.a,daegg.a,PHX,PhoenixAZ,,e.a,Arizona,
cc.a,g.a,,,bjjhh.a,UA,,ghe.a,bahcb.a,,,BOS,BostonMA,MA,,,bd.a
bb.a,,cabcbcbb.a,AA,,,NeigAA,bjdd.a,,bfabgad.a,dbbcd.a,STL,St.LouisMO,MO,,,ge.a
,b.a,cabcbcbh.a,FL,,FL,,gdi.a,bfdae.a,,ddbjf.a,,TampaFL,FL,bc.a,Florida,dd.a
ce.a,b.a,,OO,cadae.a,OO,,ffii.a,behhb.a,,,SFO,SanFranciscoCA,CA,g.a,California,
ch.a,e.a,cabcbcch.a,,bjdjd.a,WN,NhbdSW,dibh.a,bcijc.a,bcijcad.a,,LAX,LosAngelesCA,CA,g.a,California,jb.a
i.a,g.a,cabcbcai.a,,,WN,NedbWN,cdgj.a,,bcbjbac.a,dbefd.a,HOU,HoustonTX,TX,ei.a,,he.a
cj.a,g.a,,,,OO,NediSW,efga.a,,bdeihac.a,,MSP,MinneapolisMN,,ch.a,Minnesota,
ca.a,e.a,,,cadae.a,OO,,cihj.a,bebah.a,,,PHX,PhoenixAZ,,e.a,Arizona,
bi.a,c.a,cabcbcbi.a,US,cadff.a,US,,eih.a,bbafh.a,,dbafh.a,CLT,,NC,dh.a,NorthCarolina,dg.a
e.a,c.a,,UA,bjjhh.a,UA,NieeUA,ddf.a,bbcjc.a,bbcjcac.a,dadcf.a,DEN,DenverCO,CO,,,ic.a
,,,HA,,HA,NehfHA,dgi.a,,bcbhdab.a,dcbde.a,,HonoluluHI,HI,bf.a,Hawaii,c.a
,h.a,cabcbcda.a,EV,cadgg.a,EV,Nbejdd,,bdcfg.a,bdcfgac.a,ddcfg.a,,Mission/McAllen/EdinburgTX,,ei.a,,he.a
bh.a,,cabcbcbh.a,AA,bjiaf.a,AA,,caif.a,bdbji.a,,ddbji.a,MCI,KansasCityMO,MO,,,ge.a
bh.a,b.a,,UA,,UA,,cig.a,behhb.a,,dcefh.a,SFO,SanFranciscoCA,CA,,,
,g.a,cabcbccj.a,,cadgg.a,EV,Nbejcf,edbf.a,bahib.a,bahibac.a,dahib.a,,BatonRougeLA,LA,cc.a,Louisiana,hc.a
cb.a,,cabcbccb.a,AA,bjiaf.a,AA,,bfhg.a,bddad.a,,,MIA,,,,,dd.a
,h.a,,MQ,cadji.a,MQ,,ecfg.a,bdjda.a,,dajhh.a,,,IL,bh.a,Illinois,
f.a,d.a,cabcbcaf.a,WN,,WN,NgdiSW,deaa.a,,bbeddac.a,dbcjf.a,DTW,,MI,cg.a,Michigan,ed.a
d.a,b.a,cabcbcad.a,WN,,WN,NedjWN,cja.a,,bdcdcac.a,dajhh.a,MDW,,IL,bh.a,Illinois,eb.a
cc.a,,cabcbccc.a,AA,bjiaf.a,AA,,bjic.a,bbcji.a,,,DFW,Dallas/FortWorthTX,TX,,,he.a
bh.a,b.a,,OO,cadae.a,OO,,feag.a,becgc.a,,decgc.a,PSP,PalmSpringsCA,,g.a,California,
c.a,h.a,cabcbcac.a,WN,,WN,NdjfSW,jbf.a,,beafhac.a,deafh.a,PDX,PortlandOR,,eb.a,Oregon,
,f.a,cabcbccb.a,,caedh.a,FL,,fhe.a,badjh.a,,dadjh.a,,,GA,bd.a,Georgia,de.a
be.a,f.a,cabcbcbe.a,,,WN,NeffWN,hce.a,,bdcaeac.a,dbefe.a,MCO,,,bc.a,Florida,dd.a
da.a,h.a,,UA,,UA,Ndeccc,beib.a,,bccgeac.a,,IAD,,VA,,,di.a
cd.a,h.a,,OO,cadae.a,OO,,gdch.a,bcijc.a,,,LAX,LosAngelesCA,CA,g.a,California,jb.a
bh.a,,cabcbcbh.a,AA,bjiaf.a,AA,,ibh.a,bdcee.a,,ddcee.a,MEM,MemphisTN,,,,fe.a
ba.a,,cabcbcba.a,DL,bjhja.a,DL,NjdfDL,,badjh.a,,dadjh.a,,,GA,,Georgia,de.a
h.a,f.a,cabcbcah.a,,bjdjd.a,WN,NhbjSW,cgb.a,bdcdc.a,bdcdcac.a,dajhh.a,MDW,,IL,bh.a,Illinois,eb.a
b.a,g.a,,,,UA,NehhUA,faj.a,,baecdac.a,daecd.a,AUS,AustinTX,TX,,Texas,he.a
ba.a,b.a,cabcbcba.a,WN,,WN,NgcdSW,bgb.a,,bdbjiab.a,ddbji.a,MCI,KansasCityMO,MO,cj.a,Missouri,ge.a
cc.a,g.a,,,cadae.a,OO,,ffia.a,bcijc.a,,,LAX,LosAngelesCA,CA,g.a,California,jb.a
ca.a,,cabcbcca.a,DL,bjhja.a,DL,,,bcbhd.a,,,,HonoluluHI,HI,,Hawaii,c.a
ci.a,,cabcbcci.a,AA,,AA,NfEDAA,cie.a,,bcbhdab.a,,HNL,HonoluluHI,HI,,Hawaii,c.a
,d.a,,MQ,cadji.a,MQ,NbEAMQ,efie.a,bcjfd.a,bcjfdac.a,dbhad.a,,NewYorkNY,,dg.a,NewYork,cc.a
,g.a,,,,MQ,NfedMQ,dgie.a,,bdjdaac.a,dajhh.a,,,IL,bh.a,Illinois,
bj.a,d.a,cabcbcbj.a,Bg,caeaj.a,Bg,,,bcehi.a,,,JFK,NewYorkNY,,dg.a,NewYork,cc.a
bi.a,,cabcbcbi.a,DL,bjhja.a,DL,,,bdeih.a,,dbgfa.a,,MinneapolisMN,,,Minnesota,
bd.a,,cabcbcbd.a,AA,,AA,NfibAA,bfii.a,,bbcjcac.a,dadcf.a,DEN,DenverCO,CO,,Colorado,ic.a
,b.a,cabcbcbh.a,EV,cadgg.a,EV,,,bccgg.a,,dbefd.a,,HoustonTX,TX,ei.a,,he.a
bd.a,e.a,cabcbcbd.a,,bjdjd.a,WN,NhibWN,bcid.a,bbcfj.a,bbcfjad.a,dabje.a,DAL,DallasTX,TX,ei.a,,he.a
cd.a,,cabcbccd.a,AA,bjiaf.a,AA,,bfii.a,bbcjc.a,,,DEN,DenverCO,CO,,Colorado,ic.a
,g.a,,,,MQ,NfchMQ,efje.a,,bcjfdac.a,dbhad.a,,NewYorkNY,,dg.a,NewYork,cc.a
be.a,f.a,cabcbcbe.a,,,Bg,NfbaJB,fca.a,,bdcaeac.a,dbefe.a,MCO,,,bc.a,Florida,dd.a
bc.a,d.a,cabcbcbc.a,WN,,WN,NefdWN,daci.a,,bcijcad.a,dcfhf.a,LAX,LosAngelesCA,CA,g.a,California,jb.a
h.a,f.a,,,,,NefcSW,efgh.a,,beigjad.a,degbe.a,SLC,SaltLakeCityUT,,ej.a,,
e.a,c.a,,OO,cadae.a,OO,NjbiSW,fecj.a,beaag.a,,deaag.a,PAH,PaducahKY,,cb.a,Kentucky,
bc.a,,cabcbcbc.a,DL,bjhja.a,DL,NggaDL,,bbedd.a,bbeddac.a,dbcjf.a,,,MI,,Michigan,ed.a
bd.a,e.a,cabcbcbd.a,,,WN,NejjWN,cbei.a,,bahcbac.a,dahcb.a,BOS,BostonMA,MA,cf.a,Massachusetts,bd.a
b.a,g.a,cabcbcab.a,,cadhi.a,YV,NjagFJ,cgdc.a,babdf.a,,dabdf.a,ABE,Allentown/Bethlehem/EastonPA,PA,ec.a,Pennsylvania,cd.a
cf.a,,cabcbccf.a,DL,bjhja.a,DL,,,badjh.a,,,,,GA,,Georgia,de.a
bi.a,c.a,,OO,cadae.a,OO,,gfci.a,bebah.a,,daegg.a,PHX,PhoenixAZ,,e.a,Arizona,
,b.a,,MQ,,MQ,NfecMQ,egeg.a,,bcjfdac.a,dbhad.a,,NewYorkNY,,dg.a,NewYork,cc.a
ci.a,f.a,cabcbcci.a,,caeaj.a,Bg,NgejJB,bagh.a,bahcb.a,bahcbac.a,,BOS,BostonMA,MA,cf.a,Massachusetts,bd.a
cf.a,c.a,cabcbccf.a,US,cadff.a,US,,bech.a,befhg.a,,,ROC,RochesterNY,,dg.a,NewYork,
cd.a,,cabcbccd.a,DL,bjhja.a,DL,,,badjh.a,,,,,GA,,Georgia,de.a
,,,HA,bjgja.a,HA,,cgh.a,bchfi.a,,dchfi.a,,KonaHI,HI,bf.a,Hawaii,c.a
bg.a,,cabcbcbg.a,DL,,,NgaeDL,,,beigjad.a,degbe.a,SLC,SaltLakeCityUT,,,Utah,
ba.a,b.a,cabcbcba.a,WN,bjdjd.a,WN,NcchWN,cec.a,bddec.a,bddecaf.a,dddec.a,MKE,MilwaukeeWI,,ff.a,,ef.a
,d.a,cabcbccg.a,EV,cadgg.a,EV,NjiaEV,,bbaad.a,,dbaad.a,,CedarRapids/IowaCityIA,IA,bj.a,Iowa,gb.a
i.a,,cabcbcai.a,AA,,AA,NfehAA,bbeh.a,,bbcjiad.a,dabje.a,DFW,Dallas/FortWorthTX,TX,,Texas,he.a
cc.a,,cabcbccc.a,DL,,DL,,,bejai.a,,,,SantaAnaCA,CA,,California,jb.a
b.a,,cabcbcab.a,AA,,AA,NfcaAA,ija.a,,bbcjiad.a,dabje.a,DFW,Dallas/FortWorthTX,TX,,Texas,he.a
,h.a,,MQ,cadji.a,MQ,NgecMQ,dcgd.a,babff.a,babffac.a,dabff.a,,WacoTX,TX,ei.a,,he.a
g.a,e.a,cabcbcag.a,,,,NgfbAW,gfi.a,behhb.a,behhbab.a,dcefh.a,SFO,SanFranciscoCA,CA,g.a,California,
,b.a,cabcbcdb.a,EV,cadgg.a,EV,NgicBR,,bccbh.a,bccbhac.a,dacff.a,,HuntsvilleAL,AL,b.a,Alabama,fb.a
,d.a,cabcbcbj.a,FL,caedh.a,FL,,fg.a,badjh.a,,dadjh.a,,,GA,bd.a,Georgia,de.a
bg.a,,cabcbcbg.a,AA,,,NeYPAA,bgff.a,,begidad.a,ddcbe.a,SAT,SanAntonioTX,,,Texas,
cd.a,h.a,,UA,bjjhh.a,UA,,babf.a,bccgg.a,,,IAH,HoustonTX,TX,,Texas,he.a
bh.a,b.a,,OO,cadae.a,OO,,gddi.a,beghj.a,,ddfha.a,SAN,SanDiegoCA,,g.a,California,
f.a,d.a,cabcbcaf.a,WN,,,NgaeSW,ee.a,,beidbad.a,dcefh.a,SJC,SanJoseCA,CA,g.a,California,
ce.a,,cabcbcce.a,DL,bjhja.a,DL,,,begdf.a,,,,,FL,,Florida,
ba.a,b.a,cabcbcba.a,WN,bjdjd.a,WN,NhjgSW,dhc.a,bdbji.a,bdbjiab.a,ddbji.a,MCI,KansasCityMO,MO,cj.a,Missouri,ge.a
b.a,g.a,cabcbcab.a,,,,NeigWN,dcbb.a,,begidad.a,ddcbe.a,SAT,SanAntonioTX,,ei.a,,
cg.a,d.a,cabcbccg.a,VX,cbbhb.a,,NiedVA,hba.a,behhb.a,behhbab.a,,SFO,SanFranciscoCA,CA,g.a,California,
ba.a,,cabcbcba.a,DL,bjhja.a,DL,NjjcDL,,badjh.a,,dadjh.a,,,GA,,Georgia,de.a
bg.a,,cabcbcbg.a,DL,bjhja.a,DL,,,badjh.a,,dadjh.a,,,GA,,Georgia,de.a
ba.a,b.a,,UA,,,NebiUA,cde.a,,behhbab.a,dcefh.a,SFO,SanFranciscoCA,CA,,California,
bg.a,h.a,cabcbcbg.a,US,,US,NfceUW,dag.a,,bebahac.a,daegg.a,PHX,PhoenixAZ,,e.a,Arizona,
,b.a,,MQ,cadji.a,MQ,,ddaf.a,behda.a,,ddaee.a,,LouisvilleKY,,cb.a,Kentucky,
,h.a,cabcbcac.a,FL,caedh.a,FL,NjfiAT,eff.a,badjh.a,,dadjh.a,,,GA,bd.a,Georgia,de.a
bi.a,c.a,,OO,cadae.a,OO,,gcfi.a,bbjcb.a,,,GJT,GrandJunctionCO,CO,i.a,Colorado,ic.a
,h.a,cabcbccd.a,Fj,caedg.a,Fj,,ieh.a,bbcjc.a,,dadcf.a,,DenverCO,CO,i.a,Colorado,ic.a
bb.a,,cabcbcbb.a,DL,,DL,NdajDE,,,badjhaf.a,dadjh.a,,,GA,,Georgia,de.a
cj.a,g.a,cabcbccj.a,,bjdjd.a,WN,NceaWN,eifh.a,bbcfj.a,bbcfjad.a,,DAL,DallasTX,TX,ei.a,,he.a
,,,HA,bjgja.a,HA,,eg.a,bdida.a,,ddida.a,,KahuluiHI,HI,bf.a,Hawaii,
ca.a,e.a,,,cadae.a,OO,,ffaa.a,badhc.a,,,ASE,AspenCO,CO,i.a,Colorado,ic.a
g.a,e.a,,,,OO,NfghSW,fdhf.a,,bcijcad.a,dcfhf.a,LAX,LosAngelesCA,CA,g.a,California,jb.a
ch.a,e.a,cabcbcch.a,,,WN,NeccWN,cgcf.a,,bacfhac.a,,ALB,AlbanyNY,NY,dg.a,NewYork,cc.a
,h.a,,MQ,,MQ,NgdaMQ,eajg.a,,bdbjiab.a,ddbji.a,,KansasCityMO,MO,cj.a,Missouri,ge.a
cb.a,,cabcbccb.a,AA,bjiaf.a,AA,,gjf.a,bcehi.a,,,JFK,NewYorkNY,,,NewYork,cc.a
,h.a,cabcbcda.a,EV,cadgg.a,EV,Nbejcf,,bccgg.a,bccggad.a,dbefd.a,,HoustonTX,TX,ei.a,,he.a
cb.a,f.a,,,bjjhh.a,UA,,bbje.a,bdjda.a,,,ORD,,IL,,Illinois,
ci.a,f.a,,,,,Ndjebf,bda.a,,behhbab.a,,SFO,SanFranciscoCA,CA,,California,
,d.a,cabcbcaf.a,FL,caedh.a,FL,NjeaAT,gai.a,badjh.a,,dadjh.a,,,GA,bd.a,Georgia,de.a
cb.a,f.a,cabcbccb.a,,bjdjd.a,WN,,eddb.a,bdcae.a,,,MCO,,,bc.a,Florida,dd.a
f.a,,cabcbcaf.a,DL,bjhja.a,DL,NhcdTW,,bcijc.a,bcijcad.a,dcfhf.a,,LosAngelesCA,CA,,California,jb.a
j.a,h.a,,OO,cadae.a,OO,NhhdSK,gfcj.a,bbebd.a,bbebdad.a,dacif.a,DRO,DurangoCO,CO,i.a,Colorado,ic.a
,b.a,,MQ,,MQ,NfbjMQ,dgac.a,,bbgdiae.a,dbgdi.a,,FresnoCA,CA,g.a,California,jb.a
,g.a,cabcbcai.a,,cadgg.a,,Nbbbhg,ehae.a,begid.a,begidad.a,ddcbe.a,SAT,SanAntonioTX,,ei.a,,
j.a,h.a,,OO,cadae.a,OO,NhajSK,gcjh.a,bbcjc.a,bbcjcac.a,dadcf.a,DEN,DenverCO,CO,i.a,Colorado,ic.a
,d.a,cabcbcaf.a,EV,cadgg.a,EV,NifeAS,,bahib.a,bahibac.a,dahib.a,,BatonRougeLA,LA,cc.a,Louisiana,hc.a
bg.a,,cabcbcbg.a,DL,bjhja.a,DL,,,beach.a,,deach.a,,,FL,,Florida,
bd.a,e.a,cabcbcbd.a,,,Bg,NgdfJB,ggc.a,,bdcaeac.a,dbefe.a,MCO,,,bc.a,Florida,dd.a
f.a,d.a,,OO,cadae.a,OO,NiccSK,eibg.a,bcijc.a,bcijcad.a,dcfhf.a,LAX,LosAngelesCA,CA,g.a,California,jb.a
cf.a,c.a,cabcbccf.a,WN,bjdjd.a,WN,,deaa.a,bebah.a,,,PHX,PhoenixAZ,,e.a,Arizona,
,b.a,cabcbcbh.a,EV,cadgg.a,EV,,,bddec.a,,dddec.a,,MilwaukeeWI,,ff.a,,ef.a
,d.a,cabcbcbc.a,FL,caedh.a,FL,NjccAT,gde.a,bdeih.a,,dbgfa.a,,MinneapolisMN,,ch.a,Minnesota,
g.a,e.a,cabcbcag.a,,bjdjd.a,,NhiaSW,cebb.a,behhb.a,behhbab.a,dcefh.a,SFO,SanFranciscoCA,CA,g.a,California,
,f.a,,,cadji.a,MQ,NghdMQ,ebef.a,bbagg.a,bbaggac.a,dbagg.a,,,OH,dj.a,Ohio,ee.a
bf.a,g.a,cabcbcbf.a,,,,NcccWN,bdid.a,bfabg.a,bfabgad.a,dbbcd.a,STL,St.LouisMO,MO,cj.a,Missouri,ge.a
ca.a,e.a,,,cadae.a,OO,,efjd.a,befha.a,,,RNO,RenoNV,,dc.a,Nevada,
ba.a,b.a,cabcbcba.a,WN,,,NebiWN,bjji.a,,bejaiad.a,dcfhf.a,SNA,SantaAnaCA,CA,g.a,California,jb.a
ba.a,,cabcbcba.a,AA,,AA,NfjfAA,cabd.a,,bdjdaac.a,dajhh.a,ORD,,IL,,Illinois,
f.a,,cabcbcaf.a,DL,,DL,NdfjNW,,,bbbjdac.a,ddbaf.a,,CincinnatiOH,KY,,Kentucky,fc.a
,c.a,cabcbcae.a,EV,cadgg.a,EV,Nbbbhg,,bbgbi.a,bbgbiac.a,dbhad.a,,NewarkNJ,,de.a,NewJersey,cb.a
da.a,,cabcbcda.a,DL,bjhja.a,DL,NjdiDL,,bbchi.a,,,,,VA,,Virginia,di.a
,e.a,cabcbcag.a,,cadgg.a,EV,NjccEV,ejdg.a,badjh.a,,dadjh.a,,,GA,bd.a,Georgia,de.a
,c.a,cabcbcbb.a,EV,cadgg.a,EV,NieaAS,,bdfhh.a,bdfhhac.a,dbbdf.a,,,,ef.a,SouthCarolina,
ba.a,b.a,,OO,cadae.a,OO,NjhjSW,fgcd.a,becfc.a,,decfc.a,PSC,Pasco/Kennewick/RichlandWA,,fd.a,,
,e.a,cabcbcca.a,,caedh.a,FL,,eaa.a,bdcae.a,,dbefe.a,,,,bc.a,Florida,dd.a
bg.a,,cabcbcbg.a,AS,bjjda.a,AS,,,bbgda.a,,dbfbh.a,FAI,FairbanksAK,AK,,Alaska,b.a
ba.a,,cabcbcba.a,DL,,,Nghaj,,beigj.a,beigjad.a,degbe.a,SLC,SaltLakeCityUT,,,Utah,
,g.a,,,cadji.a,MQ,NiaiMQ,cjca.a,babdg.a,babdgad.a,dabdg.a,,AbileneTX,TX,ei.a,,he.a
d.a,,cabcbcad.a,DL,,DL,NfadUS,,,badjhaf.a,dadjh.a,,,GA,,Georgia,de.a
db.a,b.a,,OO,,,NfhgSW,hebd.a,,befedac.a,defed.a,RKS,RockSpringsWY,,fg.a,,
,h.a,cabcbcaj.a,FL,caedh.a,FL,NjeiAT,ghc.a,baicb.a,,daifc.a,,,MD,ce.a,Maryland,df.a
c.a,h.a,,OO,,,NibhSK,eegc.a,beigj.a,beigjad.a,degbe.a,SLC,SaltLakeCityUT,,ej.a,,
d.a,b.a,,OO,,OO,NfejCA,egaj.a,,bcijcad.a,dcfhf.a,LAX,LosAngelesCA,CA,g.a,California,jb.a
d.a,b.a,cabcbcad.a,WN,bjdjd.a,WN,NcdaWN,dcai.a,bahbd.a,bahbdac.a,dahbd.a,BOI,BoiseID,ID,bg.a,Idaho,id.a
cg.a,d.a,cabcbccg.a,WN,,,NeeaLV,eia.a,,bfdhaac.a,,TUL,TulsaOK,OK,ea.a,Oklahoma,hd.a
ba.a,b.a,cabcbcba.a,US,cadff.a,US,NjfhUW,bhbg.a,bebaa.a,,debaa.a,PHL,PhiladelphiaPA,,ec.a,Pennsylvania,
bi.a,c.a,,UA,bjjhh.a,UA,,jgb.a,beheh.a,,,SEA,SeattleWA,WA,,Washington,
da.a,,cabcbcda.a,DL,,DL,Ndhfd,,,badjhaf.a,,,,GA,,Georgia,de.a
cc.a,g.a,,,cadae.a,OO,,fcdf.a,bccgg.a,,,IAH,HoustonTX,TX,ei.a,,he.a
ci.a,f.a,cabcbcci.a,,bjdjd.a,WN,NjadWN,dbjb.a,bcijg.a,bcijgaf.a,,LBB,LubbockTX,,ei.a,,he.a
ca.a,e.a,cabcbcca.a,,cadhi.a,YV,,cgdb.a,bbagg.a,,,CMH,,OH,dj.a,Ohio,ee.a
cf.a,c.a,cabcbccf.a,US,cadff.a,US,,egf.a,bbafh.a,,,CLT,,NC,dh.a,NorthCarolina,dg.a
cg.a,,cabcbccg.a,AA,bjiaf.a,AA,,cadh.a,bdifb.a,,,OKC,OklahomaCityOK,,,Oklahoma,
bc.a,,cabcbcbc.a,DL,bjhja.a,DL,NjifDL,,bbcfc.a,,dbcfc.a,,,FL,,Florida,dd.a
c.a,,cabcbcac.a,DL,bjhja.a,DL,NjeaDL,,begdf.a,,dbhbe.a,,,FL,,Florida,
cf.a,,cabcbccf.a,AS,bjjda.a,AS,,,beheh.a,,,SEA,SeattleWA,WA,,Washington,
,c.a,,MQ,cadji.a,MQ,NiacMQ,ebgf.a,bdjda.a,bdjdaac.a,dajhh.a,,,IL,bh.a,Illinois,
bh.a,b.a,cabcbcbh.a,WN,bjdjd.a,WN,,ibi.a,bcijc.a,,dcfhf.a,LAX,LosAngelesCA,CA,g.a,California,jb.a
be.a,f.a,,,cadae.a,OO,NibgSK,efdg.a,bccgg.a,bccggad.a,dbefd.a,IAH,HoustonTX,TX,ei.a,,he.a
bb.a,c.a,cabcbcbb.a,US,cadff.a,US,NgfcAW,gf.a,bbchi.a,bbchiac.a,daifc.a,DCA,,VA,fb.a,,di.a
e.a,c.a,,OO,,OO,NjgfSW,gdgc.a,bfdhg.a,,daedg.a,TUS,TucsonAZ,AZ,e.a,Arizona,ib.a
e.a,c.a,cabcbcae.a,WN,bjdjd.a,WN,NjggWN,igi.a,bdcdc.a,,dajhh.a,MDW,,IL,bh.a,Illinois,eb.a
cf.a,c.a,cabcbccf.a,US,cadff.a,US,,bgid.a,bbafh.a,,,CLT,,NC,dh.a,NorthCarolina,dg.a
cd.a,,cabcbccd.a,AA,bjiaf.a,AA,,bdgh.a,bdjda.a,,,ORD,,IL,,Illinois,
i.a,,cabcbcai.a,DL,bjhja.a,DL,NjcfDL,,badjh.a,,dadjh.a,,,GA,,Georgia,de.a
cc.a,,cabcbccc.a,AS,bjjda.a,AS,,,beghj.a,,,SAN,SanDiegoCA,,,California,
j.a,h.a,cabcbcaj.a,US,,US,NffeUW,beci.a,,bdcaeac.a,dbefe.a,MCO,,,bc.a,Florida,dd.a
be.a,f.a,cabcbcbe.a,,,WN,NdieSW,dibe.a,,badjhaf.a,dadjh.a,ATL,,GA,bd.a,Georgia,de.a
be.a,,cabcbcbe.a,DL,,DL,NdhgbR,,,bdceeac.a,ddcee.a,,MemphisTN,,,Tennessee,fe.a
,h.a,cabcbcaj.a,EV,cadgg.a,EV,Nbgfgb,,bccgg.a,bccggad.a,dbefd.a,,HoustonTX,TX,ei.a,,he.a
bg.a,h.a,cabcbcbg.a,YV,cadhi.a,YV,,dhge.a,badjh.a,,dadjh.a,ATL,,GA,bd.a,Georgia,de.a
bi.a,,cabcbcbi.a,DL,bjhja.a,DL,,,badjh.a,,,,,GA,,Georgia,de.a
g.a,,cabcbcag.a,DL,,DL,NdcaUS,,,bcjfdac.a,dbhad.a,,NewYorkNY,,,NewYork,cc.a
cg.a,,cabcbccg.a,DL,bjhja.a,DL,NhhfNC,,bdcee.a,bdceeac.a,,,MemphisTN,,,Tennessee,fe.a
c.a,h.a,cabcbcac.a,WN,bjdjd.a,WN,NidacF,jhj.a,bciij.a,bciijad.a,dccbb.a,LAS,LasVegasNV,NV,dc.a,Nevada,if.a
,h.a,cabcbccd.a,FL,caedh.a,FL,,dic.a,badjh.a,,dadjh.a,,,GA,bd.a,Georgia,de.a
cd.a,h.a,cabcbccd.a,US,cadff.a,US,,bbjj.a,bebaa.a,,,PHL,PhiladelphiaPA,,ec.a,Pennsylvania,
,e.a,cabcbcca.a,,caedh.a,FL,,dag.a,bbhcb.a,,dbhcb.a,,,MI,cg.a,Michigan,ed.a
,d.a,,MQ,cadji.a,MQ,,deii.a,bafjj.a,,dafjj.a,,BirminghamAL,AL,b.a,Alabama,fb.a
f.a,,cabcbcaf.a,AA,,AA,NfebAA,bhde.a,,bebahac.a,daegg.a,PHX,PhoenixAZ,,,Arizona,
bh.a,,cabcbcbh.a,AS,bjjda.a,AS,,,bbchi.a,,daifc.a,DCA,,VA,,Virginia,di.a
ce.a,b.a,,OO,cadae.a,OO,,ffeh.a,behhb.a,,,SFO,SanFranciscoCA,CA,g.a,California,
ch.a,e.a,cabcbcch.a,,,WN,NjchWN,ebhg.a,beidb.a,,,SJC,SanJoseCA,CA,g.a,California,
,c.a,,MQ,cadji.a,MQ,NidcMQ,ecei.a,bbecd.a,bbecdad.a,dbecd.a,,DesMoinesIA,IA,bj.a,Iowa,gb.a
cb.a,f.a,,,bjjhh.a,UA,,gfc.a,bciij.a,,,LAS,LasVegasNV,NV,,Nevada,if.a
be.a,,cabcbcbe.a,DL,bjhja.a,DL,NjfgDN,,badjh.a,,dadjh.a,,,GA,,Georgia,de.a
bh.a,,cabcbcbh.a,DL,,DL,,,beigj.a,,degbe.a,,SaltLakeCityUT,,,Utah,
ci.a,f.a,,,bjjhh.a,,Nhhigh,beef.a,behhb.a,behhbab.a,,SFO,SanFranciscoCA,CA,,California,
db.a,b.a,,OO,,OO,NgadQX,egie.a,,baecdac.a,daecd.a,AUS,AustinTX,TX,ei.a,,he.a
cj.a,g.a,cabcbccj.a,,,US,NebjUS,bedg.a,,baicbad.a,,BWI,,MD,ce.a,Maryland,df.a
ce.a,b.a,cabcbcce.a,WN,bjdjd.a,WN,,jha.a,baicb.a,,,BWI,,MD,ce.a,Maryland,df.a
ch.a,e.a,,,bjjhh.a,UA,NifcUA,cfi.a,bcijc.a,bcijcad.a,,LAX,LosAngelesCA,CA,,California,jb.a
ch.a,e.a,,,bjjhh.a,UA,Nbggdc,bcia.a,bccgg.a,bccggad.a,,IAH,HoustonTX,TX,,Texas,he.a
,f.a,cabcbcbe.a,,cadgg.a,EV,NjbjEV,ejej.a,badjh.a,,dadjh.a,,,GA,bd.a,Georgia,de.a
i.a,g.a,cabcbcai.a,,bjdjd.a,WN,NhdcSW,bhbg.a,bcjfd.a,bcjfdac.a,dbhad.a,LGA,NewYorkNY,,dg.a,NewYork,cc.a
cg.a,,cabcbccg.a,AA,bjiaf.a,AA,NhBBAA,chh.a,bddad.a,bddadad.a,,MIA,,,,Florida,dd.a
cc.a,g.a,cabcbccc.a,,bjdjd.a,WN,,cig.a,bebah.a,,,PHX,PhoenixAZ,,e.a,Arizona,
,f.a,cabcbcah.a,,cadgg.a,EV,Nbebgc,gbdf.a,bbcjc.a,bbcjcac.a,dadcf.a,,DenverCO,CO,i.a,Colorado,ic.a
,g.a,cabcbccc.a,,cadgg.a,EV,,fbei.a,bahib.a,,dahib.a,,BatonRougeLA,LA,cc.a,Louisiana,hc.a
cj.a,,cabcbccj.a,AA,,AA,NedjAA,cdaf.a,,bdjdaac.a,,ORD,,IL,,Illinois,
ce.a,,cabcbcce.a,AA,bjiaf.a,AA,,bgic.a,bbcji.a,,,DFW,Dallas/FortWorthTX,TX,,Texas,he.a
,c.a,cabcbcbi.a,EV,cadgg.a,EV,,,bddgh.a,,dddgh.a,,,,bh.a,Illinois,
ci.a,f.a,cabcbcci.a,,caeaj.a,Bg,NhagJB,dhc.a,bbgjh.a,bbgjhad.a,,FLL,,FL,bc.a,Florida,dd.a
g.a,e.a,cabcbcag.a,,cadff.a,US,NhajUW,bedc.a,bbafh.a,bbafhad.a,dbafh.a,CLT,,NC,dh.a,NorthCarolina,dg.a
bi.a,c.a,cabcbcbi.a,US,cadff.a,US,,gij.a,bebah.a,,daegg.a,PHX,PhoenixAZ,,e.a,Arizona,
,e.a,,,,MQ,NgbfMQ,ebhj.a,,bdjdaac.a,dajhh.a,,,IL,bh.a,Illinois,
ba.a,b.a,cabcbcba.a,WN,,WN,NdjjWN,badd.a,,babeaac.a,dabea.a,ABQ,AlbuquerqueNM,NM,df.a,NewMexico,ig.a
be.a,,cabcbcbe.a,DL,,,NddbNW,,,bfdaeac.a,ddbjf.a,TPA,,FL,,Florida,dd.a
cf.a,c.a,,OO,cadae.a,OO,,ffdg.a,bbcjc.a,,,DEN,DenverCO,CO,i.a,Colorado,ic.a
cj.a,g.a,cabcbccj.a,,,Bg,NfihJB,biag.a,,bcehiac.a,,JFK,NewYorkNY,,dg.a,NewYork,cc.a
cc.a,,cabcbccc.a,DL,bjhja.a,DL,,,badjh.a,,,,,GA,,Georgia,de.a
c.a,h.a,cabcbcac.a,WN,,,NdefSA,ejfi.a,,beghjad.a,ddfha.a,SAN,SanDiegoCA,,g.a,California,
bh.a,b.a,,UA,bjjhh.a,UA,,bgfd.a,bccgg.a,,dbefd.a,IAH,HoustonTX,TX,,Texas,he.a
cg.a,d.a,cabcbccg.a,WN,bjdjd.a,WN,NjecWN,ecea.a,behhb.a,,,SFO,SanFranciscoCA,CA,g.a,California,
,b.a,,MQ,cadji.a,MQ,NgjgMQ,edaj.a,bcehi.a,bcehiac.a,dbhad.a,,NewYorkNY,,dg.a,NewYork,cc.a
cd.a,,cabcbccd.a,DL,bjhja.a,DL,,,badjh.a,,,,,GA,,Georgia,de.a
bh.a,b.a,cabcbcbh.a,US,cadff.a,US,,ggi.a,bebah.a,,daegg.a,PHX,PhoenixAZ,,e.a,Arizona,
,d.a,,MQ,cadji.a,MQ,NghcMQ,dfjj.a,bddad.a,bddadad.a,dcegh.a,,,,bc.a,Florida,dd.a
bh.a,b.a,,UA,bjjhh.a,UA,,bhcb.a,bbgbi.a,,dbhad.a,EWR,NewarkNJ,,,NewJersey,cb.a
f.a,d.a,,OO,cadae.a,OO,NhagSK,gfcb.a,bdeih.a,bdeihac.a,dbgfa.a,MSP,MinneapolisMN,,ch.a,Minnesota,
h.a,f.a,,,,UA,Nfjgda,bcfe.a,,baicbad.a,daifc.a,BWI,,MD,,Maryland,df.a
bd.a,e.a,cabcbcbd.a,,,WN,NeacWN,bbaa.a,,bbaggac.a,dbagg.a,CMH,,OH,dj.a,Ohio,ee.a
,h.a,cabcbcaj.a,EV,cadgg.a,EV,NhgaEV,,bbbjd.a,bbbjdac.a,ddbaf.a,,CincinnatiOH,KY,cb.a,Kentucky,fc.a
be.a,f.a,cabcbcbe.a,,bjdjd.a,WN,NjedWN,cahi.a,bebah.a,,daegg.a,PHX,PhoenixAZ,,e.a,Arizona,
bf.a,g.a,,,cadae.a,OO,NhadSK,gfbd.a,bbcjc.a,bbcjcac.a,dadcf.a,DEN,DenverCO,CO,i.a,Colorado,ic.a
ca.a,e.a,,,bjjhh.a,UA,,gdi.a,bdjda.a,,,ORD,,IL,,Illinois,
e.a,c.a,cabcbcae.a,WN,,WN,NfcbSW,gib.a,,bcbjbac.a,dbefd.a,HOU,HoustonTX,TX,ei.a,,he.a
d.a,b.a,,UA,,UA,NfdgUA,chb.a,,bbgbiac.a,dbhad.a,EWR,NewarkNJ,,,NewJersey,cb.a
h.a,,cabcbcah.a,AA,,AA,NfDJAA,bdgg.a,,bbcjiad.a,dabje.a,DFW,Dallas/FortWorthTX,TX,,Texas,he.a
db.a,b.a,cabcbcdb.a,Bg,,Bg,NfcgJB,,,bcjfeac.a,dcfhf.a,LGB,LongBeachCA,CA,g.a,California,jb.a
bc.a,d.a,cabcbcbc.a,WN,bjdjd.a,WN,NchiWN,gbh.a,bcijc.a,bcijcad.a,dcfhf.a,LAX,LosAngelesCA,CA,g.a,California,jb.a
,c.a,cabcbcbb.a,EV,cadgg.a,EV,Nbbbie,,bccgg.a,bccggad.a,dbefd.a,,HoustonTX,TX,ei.a,,he.a
bj.a,d.a,,OO,cadae.a,OO,,fbgg.a,bbcji.a,,,DFW,Dallas/FortWorthTX,TX,ei.a,,he.a
ch.a,,cabcbcch.a,DL,bjhja.a,DL,NhbcTW,,bcehi.a,bcehiac.a,,,NewYorkNY,,,NewYork,cc.a
bi.a,,cabcbcbi.a,DL,bjhja.a,DL,,,badjh.a,,,,,GA,,Georgia,de.a
bh.a,,cabcbcbh.a,DL,bjhja.a,DL,,,badjh.a,,dadjh.a,,,GA,,Georgia,de.a
,c.a,cabcbcbb.a,EV,cadgg.a,EV,NiecAS,feda.a,bbjfd.a,bbjfdac.a,dbjfd.a,,,FL,bc.a,Florida,dd.a
cd.a,h.a,cabcbccd.a,VX,cbbhb.a,VX,,cd.a,bcehi.a,,,JFK,NewYorkNY,,dg.a,NewYork,cc.a
cg.a,d.a,cabcbccg.a,WN,bjdjd.a,WN,NhhbeB,ehch.a,bdcdc.a,bdcdcac.a,,MDW,,IL,bh.a,Illinois,eb.a
cg.a,d.a,cabcbccg.a,Bg,,,NfiiJB,,,beijdac.a,,SMF,SacramentoCA,,g.a,California,jb.a
ce.a,b.a,,UA,bjjhh.a,UA,,hjf.a,behhb.a,,,SFO,SanFranciscoCA,CA,,California,
f.a,,cabcbcaf.a,DL,,DL,NdacDQ,,,bahcbac.a,dahcb.a,,BostonMA,MA,,Massachusetts,bd.a
be.a,f.a,,,,OO,NehcCA,fceg.a,,bccggad.a,dbefd.a,IAH,HoustonTX,TX,ei.a,,he.a
ca.a,e.a,cabcbcca.a,,cadff.a,US,,dhi.a,bbcjc.a,,,DEN,DenverCO,CO,i.a,Colorado,ic.a
,e.a,cabcbcch.a,,caedh.a,FL,NjhiAT,ddh.a,bcefb.a,,dbbdg.a,,,FL,bc.a,Florida,dd.a
,c.a,,MQ,cadji.a,MQ,NiacMQ,edhb.a,bbgbc.a,bbgbcad.a,dbgbc.a,,,IN,bi.a,Indiana,ec.a
ba.a,b.a,cabcbcba.a,Bg,,Bg,NfigJB,,,bcehiac.a,dbhad.a,JFK,NewYorkNY,,dg.a,NewYork,cc.a
bf.a,g.a,,,,UA,Ndheai,bbfc.a,,bccggad.a,dbefd.a,IAH,HoustonTX,TX,,Texas,he.a
,b.a,cabcbcbh.a,EV,cadgg.a,EV,,,bbcjc.a,,dadcf.a,,DenverCO,CO,i.a,Colorado,ic.a
cg.a,d.a,cabcbccg.a,US,,US,NfajAY,bjf.a,,bebahac.a,,PHX,PhoenixAZ,,e.a,Arizona,
,f.a,,,cadji.a,MQ,NiEGMQ,dhjc.a,bcehi.a,bcehiac.a,dbhad.a,,NewYorkNY,,dg.a,NewYork,cc.a
j.a,h.a,,UA,,UA,NecfUA,gig.a,,bbcjiad.a,dabje.a,DFW,Dallas/FortWorthTX,TX,,Texas,he.a
i.a,,cabcbcai.a,AA,,AA,NeYUAA,bdcg.a,,bdbjiab.a,ddbji.a,MCI,KansasCityMO,MO,,Missouri,ge.a
,d.a,cabcbccg.a,EV,,,NieeAS,,behid.a,behidac.a,dehid.a,SGF,SpringfieldMO,MO,cj.a,Missouri,
,g.a,,,cadji.a,MQ,NgigMQ,cjaf.a,bbcji.a,bbcjiad.a,dabje.a,,Dallas/FortWorthTX,TX,ei.a,,he.a
cf.a,c.a,cabcbccf.a,WN,bjdjd.a,WN,,cfdb.a,bbfea.a,,,ELP,ElPasoTX,TX,ei.a,,he.a
ce.a,,cabcbcce.a,DL,,DL,,,beigj.a,,,,SaltLakeCityUT,,,Utah,
,c.a,,MQ,cadji.a,MQ,,chgc.a,bachj.a,,dachj.a,,AmarilloTX,TX,ei.a,,he.a
b.a,g.a,cabcbcab.a,,bjdjd.a,WN,NjdgWN,dfji.a,bbcjc.a,,dadcf.a,DEN,DenverCO,CO,i.a,Colorado,ic.a
cc.a,g.a,cabcbccc.a,,bjdjd.a,WN,,efcj.a,bebah.a,,,PHX,PhoenixAZ,,e.a,Arizona,
c.a,h.a,,UA,,,NegjUA,dbc.a,,behhbab.a,dcefh.a,SFO,SanFranciscoCA,CA,,California,
bf.a,g.a,cabcbcbf.a,,bjdjd.a,WN,NhffSA,eijb.a,bcbjb.a,bcbjbac.a,dbefd.a,HOU,HoustonTX,TX,ei.a,,he.a
,d.a,,MQ,cadji.a,MQ,NggaMQ,ebda.a,bdcda.a,bdcdaac.a,dcaha.a,,HarrisburgPA,PA,ec.a,Pennsylvania,cd.a
bc.a,,cabcbcbc.a,DL,,DL,NfibNW,,,bdeihac.a,dbgfa.a,,MinneapolisMN,,,Minnesota,
ce.a,b.a,,UA,bjjhh.a,UA,,gef.a,bccge.a,,,IAD,,VA,,Virginia,di.a
f.a,d.a,cabcbcaf.a,US,cadff.a,US,NjeiUW,bjch.a,bedah.a,,dahcb.a,PVD,ProvidenceRI,,ee.a,RhodeIsland,
bg.a,h.a,cabcbcbg.a,WN,bjdjd.a,WN,NjdcWN,bdcd.a,bahjc.a,,dahjc.a,BUF,BuffaloNY,NY,dg.a,NewYork,cc.a
,c.a,cabcbcbi.a,EV,cadgg.a,EV,,,bccgg.a,,dbefd.a,,HoustonTX,TX,ei.a,,he.a
bg.a,,cabcbcbg.a,DL,bjhja.a,DL,,,bcddj.a,,dcddh.a,,,IN,,Indiana,ec.a
be.a,,cabcbcbe.a,DL,,DL,NjbjDE,,bfdae.a,,ddbjf.a,,,FL,,Florida,dd.a
cb.a,f.a,,,bjjhh.a,UA,,becg.a,bcijc.a,,,LAX,LosAngelesCA,CA,,California,jb.a
,c.a,,MQ,cadji.a,MQ,,dejj.a,bddad.a,,dcegh.a,,,,bc.a,Florida,dd.a
ba.a,b.a,,UA,bjjhh.a,UA,Nhdchi,bhcg.a,bdjda.a,bdjdaac.a,dajhh.a,ORD,,IL,,Illinois,
j.a,h.a,cabcbcaj.a,WN,,,NcjdWN,bdia.a,beidb.a,beidbad.a,dcefh.a,SJC,SanJoseCA,CA,g.a,California,
,f.a,cabcbccb.a,,caedh.a,FL,,bed.a,badjh.a,,dadjh.a,,,GA,bd.a,Georgia,de.a
,b.a,,MQ,cadji.a,MQ,,ebae.a,bdjda.a,,dajhh.a,,,IL,bh.a,Illinois,
ca.a,e.a,cabcbcca.a,,bjdjd.a,WN,,bjha.a,bdejf.a,,,MSY,NewOrleansLA,,cc.a,Louisiana,
be.a,,cabcbcbe.a,AA,,AA,NdJJAA,cegi.a,,bcijcad.a,dcfhf.a,LAX,LosAngelesCA,CA,,California,jb.a
,e.a,cabcbcch.a,,cadgg.a,EV,Nbebhe,efih.a,bccgg.a,bccggad.a,dbefd.a,,HoustonTX,TX,ei.a,,he.a
,e.a,cabcbcag.a,,cadgg.a,EV,Nbejfd,edhh.a,bcefb.a,bcefbac.a,dbbdg.a,,,FL,bc.a,Florida,dd.a
cf.a,,cabcbccf.a,AA,bjiaf.a,AA,,cadj.a,bccge.a,,,IAD,,VA,,Virginia,di.a
bi.a,,cabcbcbi.a,AA,bjiaf.a,AA,,cfh.a,bcehi.a,,,JFK,NewYorkNY,,,NewYork,cc.a
cg.a,d.a,,OO,cadae.a,,NhabBR,gchf.a,befha.a,befhaac.a,,RNO,RenoNV,,dc.a,Nevada,
cc.a,g.a,cabcbccc.a,,bjdjd.a,WN,,edih.a,babea.a,,,ABQ,AlbuquerqueNM,NM,df.a,NewMexico,ig.a
bg.a,,cabcbcbg.a,AA,bjiaf.a,AA,NcabAA,bfbb.a,bbcji.a,bbcjiad.a,dabje.a,DFW,Dallas/FortWorthTX,TX,,Texas,he.a
,g.a,,,,,NfbiMQ,dgaf.a,,beidbad.a,dcefh.a,SJC,SanJoseCA,CA,g.a,California,
,g.a,cabcbcai.a,,cadgg.a,EV,NigbAS,fdjc.a,bbedd.a,bbeddac.a,dbcjf.a,,,MI,cg.a,Michigan,ed.a
,h.a,,MQ,,MQ,NgafMQ,ebda.a,,bdcdaac.a,dcaha.a,,HarrisburgPA,PA,ec.a,Pennsylvania,cd.a
cj.a,g.a,cabcbccj.a,,bjdjd.a,WN,NgfjSW,dffb.a,bdifb.a,bdifbad.a,,OKC,OklahomaCityOK,,ea.a,Oklahoma,
,b.a,cabcbcba.a,EV,,,NgicBR,,bfgah.a,bfgahac.a,dfffa.a,VLD,,GA,bd.a,Georgia,de.a
e.a,c.a,,UA,,UA,Nddcjc,bfjb.a,,bccggad.a,dbefd.a,IAH,HoustonTX,TX,,Texas,he.a
,h.a,cabcbccd.a,EV,cadgg.a,EV,,,bbjig.a,,dbjig.a,,,MI,cg.a,Michigan,ed.a
c.a,h.a,,OO,cadae.a,OO,NhabBR,gccc.a,bciij.a,bciijad.a,dccbb.a,LAS,LasVegasNV,NV,dc.a,Nevada,if.a
,e.a,,,,MQ,NgccMQ,ciej.a,,bbcjiad.a,dabje.a,,Dallas/FortWorthTX,TX,ei.a,,he.a
bb.a,c.a,cabcbcbb.a,US,,US,NfgcUW,befj.a,,bcjfdac.a,dbhad.a,LGA,NewYorkNY,,dg.a,NewYork,cc.a
cf.a,,cabcbccf.a,DL,bjhja.a,DL,,,bcijc.a,,,,LosAngelesCA,CA,,California,jb.a
,d.a,cabcbccg.a,EV,cadgg.a,EV,NicfAS,,bccge.a,bccgeac.a,daifc.a,,,VA,fb.a,,di.a
cf.a,,cabcbbcf.a,AA,bjiaf.a,AA,,,bbcji.a,,,DFW,Dallas/FortWorthTX,TX,,Texas,he.a
,d.a,cabcbcbj.a,FL,caedh.a,FL,,jf.a,badjh.a,,dadjh.a,,,GA,bd.a,Georgia,de.a
h.a,f.a,cabcbcah.a,,,,NfcdUW,egg.a,,behhbab.a,dcefh.a,SFO,SanFranciscoCA,CA,g.a,California,
bh.a,,cabcbcbh.a,AS,bjjda.a,AS,,,beheh.a,,daffj.a,SEA,SeattleWA,WA,,Washington,
g.a,e.a,,,cadae.a,OO,NigdAS,cgcg.a,bcijc.a,bcijcad.a,dcfhf.a,LAX,LosAngelesCA,CA,g.a,California,jb.a
b.a,g.a,cabcbcab.a,,,,NdfcSW,cfig.a,,beejcac.a,deejc.a,RDU,,,dh.a,NorthCarolina,
ca.a,,cabcbcca.a,DL,bjhja.a,DL,,,bbchi.a,,,,,VA,,Virginia,di.a
,h.a,cabcbccd.a,Fj,caedg.a,Fj,,hcb.a,bbchi.a,,daifc.a,,,VA,fb.a,,di.a
cf.a,c.a,,UA,bjjhh.a,UA,,hde.a,bbgjh.a,,,FLL,FortLauderdaleFL,FL,,Florida,dd.a
,d.a,cabcbcaf.a,EV,cadgg.a,EV,Nbebgi,,bdeih.a,bdeihac.a,dbgfa.a,,MinneapolisMN,,ch.a,Minnesota,
bh.a,,cabcbcbh.a,DL,bjhja.a,DL,,,badjh.a,,dadjh.a,,,GA,,Georgia,de.a
,h.a,cabcbcac.a,EV,cadgg.a,EV,NiejAS,,bacai.a,bacaiad.a,dacai.a,,,GA,bd.a,Georgia,de.a
,b.a,cabcbcba.a,EV,cadgg.a,,Nbcbdf,,beejc.a,beejcac.a,deejc.a,RDU,,,dh.a,NorthCarolina,
db.a,b.a,cabcbcdb.a,WN,bjdjd.a,WN,NcgjWN,iae.a,bciij.a,bciijad.a,dccbb.a,LAS,LasVegasNV,NV,dc.a,Nevada,if.a
,d.a,cabcbcaf.a,Fj,caedg.a,Fj,NjebFR,cgc.a,bbcjc.a,,dadcf.a,,DenverCO,CO,i.a,Colorado,ic.a
ce.a,b.a,cabcbcce.a,WN,bjdjd.a,WN,,eg.a,bbcfj.a,,,DAL,DallasTX,TX,ei.a,,he.a
h.a,f.a,,,,UA,NeacUA,cfd.a,,bdjdaac.a,dajhh.a,ORD,,IL,,Illinois,
g.a,,cabcbcag.a,DL,bjhja.a,DL,NgjgDL,,bebah.a,bebahac.a,daegg.a,,PhoenixAZ,,,Arizona,
,b.a,,MQ,cadji.a,MQ,NghhMQ,deei.a,bbcji.a,bbcjiad.a,dabje.a,,Dallas/FortWorthTX,TX,ei.a,,he.a
g.a,e.a,,,,,Nbegci,bhae.a,beidb.a,beidbad.a,dcefh.a,SJC,SanJoseCA,CA,,California,
bh.a,b.a,cabcbcbh.a,WN,bjdjd.a,WN,,eje.a,beheh.a,,daffj.a,SEA,SeattleWA,WA,fd.a,,
,h.a,cabcbcda.a,FL,caedh.a,FL,NijgAT,gcd.a,bcjfd.a,bcjfdac.a,dbhad.a,,NewYorkNY,,dg.a,NewYork,cc.a
bf.a,,cabcbcbf.a,DL,bjhja.a,DL,NjjdDL,,bdcae.a,,dbefe.a,,,,,Florida,dd.a
bd.a,e.a,,,,OO,NeeiSW,egih.a,,bcciaac.a,dccia.a,IDA,IdahoFallsID,ID,bg.a,Idaho,id.a
,e.a,cabcbcag.a,,cadgg.a,EV,Nbgjfe,fjhh.a,bciie.a,bciiead.a,dciie.a,,,MI,cg.a,Michigan,ed.a
,f.a,,,cadji.a,MQ,NicbMQ,ddje.a,bahib.a,bahibac.a,dahib.a,,BatonRougeLA,LA,cc.a,Louisiana,hc.a
bb.a,,cabcbcbb.a,DL,,,NdicDA,,,beigjad.a,degbe.a,SLC,SaltLakeCityUT,,,Utah,
,g.a,,,cadji.a,MQ,NgiaMQ,djfc.a,bdjda.a,bdjdaac.a,dajhh.a,,,IL,bh.a,Illinois,
bg.a,h.a,,UA,bjjhh.a,UA,Nbhgch,bbfh.a,bdjda.a,bdjdaac.a,dajhh.a,ORD,,IL,,Illinois,
db.a,b.a,cabcbcdb.a,US,,US,NgceAW,gdj.a,,bebahac.a,,PHX,PhoenixAZ,,e.a,Arizona,
g.a,e.a,cabcbcag.a,,,,NfijJB,eba.a,,bfdaeac.a,ddbjf.a,TPA,,FL,bc.a,Florida,dd.a
bf.a,g.a,cabcbcbf.a,,bjdjd.a,WN,NidccX,daih.a,baicb.a,baicbad.a,daifc.a,BWI,,MD,ce.a,Maryland,df.a
ch.a,e.a,cabcbcch.a,,bjdjd.a,WN,NcjaWN,beac.a,bedah.a,bedahac.a,,PVD,ProvidenceRI,,ee.a,RhodeIsland,
bg.a,h.a,cabcbcbg.a,US,cadff.a,US,NbihUS,biif.a,bebaa.a,bebaaac.a,debaa.a,PHL,PhiladelphiaPA,,ec.a,Pennsylvania,
g.a,,cabcbcag.a,AA,,AA,NdjiAA,,,bdcaeac.a,dbefe.a,MCO,,,,Florida,dd.a
ca.a,e.a,cabcbcca.a,,cadff.a,US,,baeh.a,befce.a,,,RIC,,,fb.a,,
,e.a,,,cadji.a,MQ,,dcfb.a,bebai.a,,debai.a,,,,bh.a,Illinois,
bh.a,b.a,cabcbcbh.a,WN,bjdjd.a,WN,,eigf.a,bciij.a,,dccbb.a,LAS,LasVegasNV,NV,dc.a,Nevada,if.a
,g.a,cabcbcbf.a,,cadgg.a,EV,Nbcjce,efch.a,bcddj.a,bcddjae.a,dcddh.a,,,IN,bi.a,Indiana,ec.a
db.a,b.a,,UA,,UA,NfgcUA,dec.a,,bbgbiac.a,dbhad.a,EWR,NewarkNJ,,,NewJersey,cb.a
cc.a,,cabcbccc.a,AS,bjjda.a,AS,,,beghj.a,,,SAN,SanDiegoCA,,,California,
g.a,,cabcbcag.a,DL,bjhja.a,DL,NggeDN,,badjh.a,badjhaf.a,dadjh.a,,,GA,,Georgia,de.a
h.a,f.a,cabcbcah.a,,caeaj.a,,NcjcJB,fd.a,befhg.a,befhgae.a,defhg.a,ROC,RochesterNY,,dg.a,NewYork,
da.a,h.a,,OO,cadae.a,OO,NjieCA,geeb.a,bdjda.a,,,ORD,,IL,bh.a,Illinois,
,h.a,,MQ,,MQ,NfagMQ,dhai.a,,bcijcad.a,dcfhf.a,,LosAngelesCA,CA,g.a,California,jb.a
cj.a,g.a,,,cadae.a,OO,NjbjSW,fcfc.a,bccgg.a,,,IAH,HoustonTX,TX,ei.a,,he.a
cb.a,f.a,cabcbccb.a,,,US,,dbj.a,beigj.a,,,SLC,SaltLakeCityUT,,ej.a,,
cb.a,f.a,cabcbccb.a,,cadff.a,US,,cdd.a,bebah.a,,,PHX,PhoenixAZ,,e.a,Arizona,
e.a,c.a,cabcbcae.a,WN,bjdjd.a,WN,NhgdSW,cifg.a,bdcae.a,bdcaeac.a,dbefe.a,MCO,,,bc.a,Florida,dd.a
,g.a,cabcbcai.a,,cadgg.a,EV,Nbgfhb,fied.a,bagjd.a,bagjdac.a,dagjd.a,,NashvilleTN,,eh.a,Tennessee,fe.a
bc.a,,cabcbcbc.a,AA,,AA,NdJEAA,,,bcijcad.a,dcfhf.a,LAX,LosAngelesCA,CA,,California,jb.a
bi.a,c.a,cabcbcbi.a,Bg,caeaj.a,Bg,,,bedcb.a,,,PWM,PortlandME,,cd.a,Maine,
c.a,,cabcbcac.a,DL,,DL,NgchDL,,,bcjfdac.a,dbhad.a,,NewYorkNY,,,NewYork,cc.a
bi.a,,cabcbcbi.a,AA,bjiaf.a,AA,,,badjh.a,,,ATL,,GA,,Georgia,de.a
ba.a,,cabcbcba.a,AS,,AS,NfggAS,,,bacjjae.a,dacjj.a,ANC,AnchorageAK,AK,,Alaska,b.a
f.a,d.a,,UA,,UA,Nddcie,bfde.a,,bddadad.a,dcegh.a,MIA,,,,Florida,dd.a
cb.a,,cabcbccb.a,DL,bjhja.a,DL,,,beach.a,,,,,FL,,Florida,
cf.a,c.a,,OO,,OO,,gcge.a,beigj.a,,,SLC,SaltLakeCityUT,,ej.a,,
,h.a,cabcbccd.a,EV,cadgg.a,EV,,,bbcji.a,,dabje.a,,Dallas/FortWorthTX,TX,ei.a,,he.a
,d.a,cabcbcaf.a,EV,cadgg.a,EV,Nbefgc,,bddec.a,bddecaf.a,dddec.a,,MilwaukeeWI,,ff.a,,
ci.a,f.a,cabcbcci.a,,bjdjd.a,WN,NcbeWN,bcdh.a,beach.a,beachac.a,,PBI,,FL,bc.a,Florida,
j.a,h.a,cabcbcaj.a,YV,,YV,NfbbMJ,dhcf.a,,bdjdaac.a,dajhh.a,ORD,,IL,bh.a,Illinois,
,h.a,cabcbcac.a,EV,cadgg.a,EV,NgidBR,,bbicd.a,bbicdae.a,dbicd.a,,,IN,bi.a,Indiana,ec.a
cj.a,g.a,cabcbccj.a,,cadhi.a,YV,NjdcLR,cgej.a,bdjdb.a,,,ORF,,,fb.a,,
bd.a,,cabcbcbd.a,DL,bjhja.a,DL,NjacDE,,badjh.a,badjhaf.a,dadjh.a,,,GA,,Georgia,de.a
e.a,,cabcbbae.a,AA,,AA,NeWRAA,,,bdijbab.a,dcfhf.a,ONT,OntarioCA,,,California,
cj.a,,cabcbccj.a,DL,,,NgjaDL,,bface.a,bfacead.a,,STT,CharlotteAmalieVI,VI,,U.S.VirginIslands,e.a
bd.a,,cabcbcbd.a,DL,bjhja.a,DL,NjaiDE,,badjh.a,,dadjh.a,,,GA,,Georgia,de.a
cg.a,,cabcbccg.a,DL,,DL,NdjfDN,,,badjhaf.a,,,,GA,,Georgia,de.a
da.a,,cabcbcda.a,AA,,AA,NeiaAA,,,bdjdaac.a,,ORD,,IL,,Illinois,
ba.a,b.a,cabcbcba.a,WN,bjdjd.a,WN,NhgbRR,dbi.a,bddec.a,bddecaf.a,dddec.a,MKE,MilwaukeeWI,,ff.a,,
,d.a,,MQ,,MQ,NfaeMQ,eggh.a,,bagjdac.a,dagjd.a,,NashvilleTN,,eh.a,Tennessee,fe.a
cd.a,h.a,,UA,bjjhh.a,UA,,cia.a,behhb.a,,,SFO,SanFranciscoCA,CA,,California,
,,,HA,,HA,NeiiHA,dac.a,,bcbhdab.a,dcbde.a,,HonoluluHI,HI,bf.a,Hawaii,c.a
ca.a,e.a,,,cadae.a,OO,,fdch.a,bdbfi.a,,,MAF,Midland/OdessaTX,,ei.a,,he.a
i.a,,cabcbcai.a,DL,bjhja.a,,NjaeDE,,beejc.a,beejcac.a,deejc.a,RDU,,,,NorthCarolina,
d.a,b.a,cabcbcad.a,WN,,WN,NdgfSW,bdc.a,,bdjdbac.a,ddggh.a,ORF,,,fb.a,,
b.a,g.a,,,cadae.a,OO,NjchSW,geae.a,behhb.a,,dcefh.a,SFO,SanFranciscoCA,CA,g.a,California,
ca.a,e.a,,,cadae.a,OO,,eeji.a,bagca.a,,,BIL,BillingsMT,MT,da.a,Montana,ie.a
,c.a,,MQ,,MQ,,dejb.a,bfcej.a,,dfcej.a,,,FL,bc.a,Florida,dd.a
,b.a,,MQ,cadji.a,MQ,,eejc.a,bbchi.a,,daifc.a,,,VA,fb.a,,di.a
ce.a,b.a,cabcbcce.a,WN,bjdjd.a,WN,,ddhd.a,begid.a,,,SAT,SanAntonioTX,,ei.a,,
cc.a,,cabcbccc.a,AA,bjiaf.a,AA,,,bbbaj.a,,,COS,ColoradoSpringsCO,CO,,Colorado,ic.a
,b.a,cabcbcce.a,EV,cadgg.a,EV,,,bccgg.a,,dbefd.a,,HoustonTX,TX,ei.a,,he.a
ch.a,e.a,,,bjjhh.a,UA,Nhgfbe,bcgc.a,bccge.a,bccgeac.a,,IAD,,VA,,Virginia,di.a
cd.a,h.a,cabcbccd.a,Bg,caeaj.a,Bg,,,bcehi.a,,,JFK,NewYorkNY,,dg.a,NewYork,cc.a
e.a,c.a,cabcbcae.a,WN,bjdjd.a,WN,NhdcSW,efe.a,bebah.a,bebahac.a,daegg.a,PHX,PhoenixAZ,,e.a,Arizona,
bh.a,,cabcbcbh.a,AA,bjiaf.a,AA,,,bddad.a,,dcegh.a,MIA,,,,Florida,dd.a
,c.a,cabcbcae.a,EV,cadgg.a,EV,Nbhbif,,bcchi.a,bcchiac.a,dajci.a,,WichitaKS,KS,ca.a,Kansas,gc.a
bj.a,,cabcbcbj.a,DL,bjhja.a,DL,,,bbiie.a,,,,SpokaneWA,WA,,Washington,jd.a
,c.a,cabcbcae.a,EV,cadgg.a,EV,Nbjjgg,,bbgbi.a,bbgbiac.a,dbhad.a,,NewarkNJ,,de.a,NewJersey,cb.a
,f.a,cabcbcbe.a,,caedh.a,FL,NjceAT,ead.a,bdcae.a,,dbefe.a,,,,bc.a,Florida,dd.a
bc.a,,cabcbcbc.a,AA,,AA,NeWJAA,,,bbcjiad.a,dabje.a,DFW,Dallas/FortWorthTX,TX,,Texas,he.a
g.a,e.a,,,,OO,NeedSW,ffee.a,,bbgdhad.a,dbgdh.a,FAR,FargoND,ND,di.a,NorthDakota,gg.a
,c.a,,MQ,cadji.a,MQ,,ddcf.a,bddhh.a,,dddhh.a,,MonroeLA,,cc.a,Louisiana,
,b.a,cabcbcbh.a,Fj,caedg.a,Fj,,idf.a,bbcjc.a,,dadcf.a,,DenverCO,CO,i.a,Colorado,ic.a
bc.a,d.a,cabcbcbc.a,YV,,YV,NfafMJ,dhha.a,,bacfhac.a,dacfh.a,ALB,AlbanyNY,NY,dg.a,NewYork,cc.a
ba.a,b.a,,UA,,UA,NfbbUA,ege.a,,beafhac.a,deafh.a,PDX,PortlandOR,,,Oregon,
bg.a,,cabcbcbg.a,AS,,AS,NffgAS,,,bahcbac.a,dahcb.a,BOS,BostonMA,MA,,Massachusetts,bd.a
db.a,b.a,cabcbcdb.a,WN,bjdjd.a,,NcjbWN,bbgc.a,beheh.a,behehad.a,daffj.a,SEA,SeattleWA,WA,fd.a,,
,e.a,,,cadji.a,MQ,NidfMQ,djed.a,bahjc.a,bahjcae.a,dahjc.a,,BuffaloNY,NY,dg.a,NewYork,cc.a
,f.a,cabcbcah.a,,cadgg.a,,Nbdjgi,ecef.a,behda.a,behdaad.a,ddaee.a,SDF,LouisvilleKY,,cb.a,Kentucky,
c.a,,cabcbcac.a,AS,,AS,NfdhAS,,,bagggac.a,daggg.a,BLI,BellinghamWA,WA,,Washington,jd.a
h.a,f.a,cabcbcah.a,,,,NcjiWN,cdfj.a,,beghjad.a,ddfha.a,SAN,SanDiegoCA,,g.a,California,
ci.a,,cabcbcci.a,AS,,,NdadAS,,,bfdhgac.a,,TUS,TucsonAZ,AZ,,Arizona,ib.a
,c.a,,MQ,cadji.a,MQ,NggiMQ,eajf.a,bdjda.a,bdjdaac.a,dajhh.a,,,IL,bh.a,Illinois,
cg.a,d.a,,OO,cadae.a,OO,NjcfSW,gcfe.a,bdjda.a,,,ORD,,IL,bh.a,Illinois,
cg.a,d.a,,OO,cadae.a,OO,NjceSW,fedg.a,bdjda.a,,,ORD,,IL,bh.a,Illinois,
b.a,g.a,cabcbcab.a,,cadff.a,US,NiafAW,eja.a,bebah.a,bebahac.a,daegg.a,PHX,PhoenixAZ,,e.a,Arizona,
,g.a,,,cadji.a,MQ,,ebhf.a,bdjda.a,,dajhh.a,,,IL,bh.a,Illinois,
bd.a,,cabcbcbd.a,DL,bjhja.a,DL,NjgdDN,,bebaa.a,,debaa.a,,PhiladelphiaPA,,,Pennsylvania,
ba.a,,cabcbcba.a,DL,bjhja.a,DL,NjaeDA,,badjh.a,badjhaf.a,dadjh.a,,,GA,,Georgia,de.a
bh.a,,cabcbcbh.a,DL,,DL,,,beigj.a,,degbe.a,,SaltLakeCityUT,,,Utah,
c.a,h.a,cabcbcac.a,Bg,caeaj.a,Bg,NgfdJB,,bcehi.a,bcehiac.a,dbhad.a,JFK,NewYorkNY,,dg.a,NewYork,cc.a
da.a,,cabcbcda.a,AA,,AA,NdHYAA,,,bbcjiad.a,,DFW,Dallas/FortWorthTX,TX,,Texas,he.a
da.a,h.a,,UA,bjjhh.a,UA,Nhfecj,behg.a,bdjda.a,bdjdaac.a,,ORD,,IL,,Illinois,
f.a,d.a,cabcbcaf.a,WN,,WN,NjebWN,cdbg.a,beidb.a,,dcefh.a,SJC,SanJoseCA,CA,g.a,California,
i.a,,cabcbcai.a,DL,bjhja.a,DL,NggaDL,,bdeih.a,bdeihac.a,dbgfa.a,,MinneapolisMN,,,Minnesota,
i.a,g.a,cabcbcai.a,,,WN,NdgcSW,dfgd.a,,bbcjcac.a,dadcf.a,DEN,DenverCO,CO,i.a,Colorado,ic.a
ci.a,f.a,cabcbcci.a,,cadff.a,US,NicgAW,gij.a,bebah.a,bebahac.a,,PHX,PhoenixAZ,,e.a,Arizona,
cc.a,,cabcbccc.a,AA,,AA,,,bfach.a,,,STX,ChristianstedVI,VI,,U.S.VirginIslands,e.a
bb.a,c.a,cabcbcbb.a,WN,,WN,NfchSW,cgac.a,,bdbfiac.a,ddbfi.a,MAF,Midland/OdessaTX,,ei.a,,he.a
i.a,,cabcbcai.a,AS,,AS,NfcgAS,,,bbchiac.a,daifc.a,DCA,,VA,,Virginia,di.a
cc.a,g.a,cabcbccc.a,,bjdjd.a,WN,,eadf.a,bbcfj.a,,,DAL,DallasTX,TX,ei.a,,he.a
db.a,b.a,,OO,cadae.a,OO,NhfcSK,ffgh.a,badhc.a,badhcad.a,dadhc.a,ASE,AspenCO,CO,i.a,Colorado,ic.a
bg.a,h.a,cabcbcbg.a,WN,,WN,NdihSW,ihc.a,,baicbad.a,daifc.a,BWI,,MD,ce.a,Maryland,df.a
ce.a,,cabcbcce.a,DL,bjhja.a,DL,,,bcjfd.a,,,,NewYorkNY,,,NewYork,cc.a
ca.a,e.a,,,bjjhh.a,UA,,ccj.a,bccge.a,,,IAD,,VA,,Virginia,di.a
b.a,g.a,,,,,NeebSW,egec.a,,begddad.a,dcfeh.a,RST,RochesterMN,,ch.a,Minnesota,
,e.a,cabcbcca.a,,cadgg.a,EV,,ebdf.a,bbafh.a,,dbafh.a,,,NC,dh.a,NorthCarolina,dg.a
,c.a,,MQ,cadji.a,MQ,,dgie.a,bdjda.a,,dajhh.a,,,IL,bh.a,Illinois,
ci.a,,cabcbcci.a,AA,,AA,NdBRAA,,,bbcjiad.a,,DFW,Dallas/FortWorthTX,TX,,Texas,he.a
ca.a,e.a,cabcbcca.a,,caeaj.a,Bg,,ghe.a,bcijc.a,,,LAX,LosAngelesCA,CA,g.a,California,jb.a
j.a,,cabcbcaj.a,DL,bjhja.a,DL,NgffDL,,beafh.a,beafhac.a,deafh.a,,PortlandOR,,,Oregon,
,h.a,,MQ,cadji.a,MQ,NidiMQ,cjeh.a,bbcji.a,bbcjiad.a,dabje.a,,Dallas/FortWorthTX,TX,ei.a,,he.a
cc.a,g.a,,,bjjhh.a,UA,,bgjc.a,beheh.a,,,SEA,SeattleWA,WA,,Washington,
cg.a,,cabcbccg.a,DL,,DL,NddbNW,,,bdcaeac.a,,,,,,Florida,dd.a
f.a,,cabcbcaf.a,AS,bjjda.a,AS,NhagAS,,bacjj.a,bacjjae.a,dacjj.a,ANC,AnchorageAK,AK,,Alaska,b.a
cf.a,c.a,cabcbccf.a,US,cadff.a,US,,di.a,bcijc.a,,,LAX,LosAngelesCA,CA,g.a,California,jb.a
cj.a,,cabcbccj.a,DL,,,NdehNW,,,beijdac.a,,SMF,SacramentoCA,,,California,jb.a
,b.a,cabcbcba.a,EV,,EV,NefbCA,,,badjhaf.a,dadjh.a,,,GA,bd.a,Georgia,de.a
bb.a,,cabcbcbb.a,DL,bjhja.a,DL,NjcfDL,,bdeih.a,,dbgfa.a,,MinneapolisMN,,,Minnesota,
ba.a,b.a,,OO,,,NibdSK,egaf.a,behhb.a,behhbab.a,dcefh.a,SFO,SanFranciscoCA,CA,g.a,California,
c.a,h.a,cabcbcac.a,WN,,,NdfiSW,dec.a,,bfdhaac.a,degfd.a,TUL,TulsaOK,OK,ea.a,Oklahoma,hd.a
,b.a,cabcbcce.a,EV,,EV,,,beibe.a,,daehg.a,,ShreveportLA,LA,cc.a,Louisiana,
bd.a,e.a,,,,OO,NjebSW,gehe.a,beidb.a,,dcefh.a,SJC,SanJoseCA,CA,g.a,California,
cg.a,d.a,,OO,cadae.a,,NheeSK,gcfb.a,befha.a,befhaac.a,,RNO,RenoNV,,dc.a,Nevada,
,h.a,,MQ,cadji.a,MQ,NghdMQ,dffd.a,bddad.a,bddadad.a,dcegh.a,,,,bc.a,Florida,dd.a
,h.a,cabcbcbg.a,FL,caedh.a,FL,NjbfAT,ecc.a,bdcdc.a,,dajhh.a,,,IL,bh.a,Illinois,eb.a
bh.a,,cabcbcbh.a,AA,bjiaf.a,AA,,,bcijc.a,,dcfhf.a,LAX,LosAngelesCA,CA,,California,jb.a
,f.a,cabcbcci.a,,,,Ndgjbf,fjdj.a,,bedcbad.a,dedcb.a,PWM,PortlandME,,cd.a,Maine,
bc.a,d.a,cabcbcbc.a,WN,,,NegdWN,bafj.a,,beghjad.a,ddfha.a,SAN,SanDiegoCA,,g.a,California,
c.a,,cabcbcac.a,AA,,,NdHFAA,,,befhaac.a,defha.a,RNO,RenoNV,,,Nevada,
,g.a,cabcbcai.a,,caedg.a,Fj,NjdcFR,cab.a,bbcjc.a,,dadcf.a,,DenverCO,CO,i.a,Colorado,ic.a
,g.a,cabcbccc.a,,cadgg.a,EV,,fiig.a,bdjda.a,,dajhh.a,,,IL,bh.a,Illinois,
,f.a,cabcbccb.a,,cadgg.a,EV,,ecaf.a,bagjd.a,,dagjd.a,,NashvilleTN,,eh.a,Tennessee,fe.a
db.a,,cabcbcdb.a,AA,,,NdHWAA,,,behhbab.a,dcefh.a,SFO,SanFranciscoCA,CA,,California,
ci.a,f.a,cabcbcci.a,,,WN,NefhWN,bbid.a,,bdcdcac.a,,MDW,,IL,bh.a,Illinois,eb.a
j.a,,cabcbcaj.a,DL,bjhja.a,DL,NjaaDE,,bebjd.a,bebjdad.a,ddhci.a,,,,,Florida,
c.a,h.a,,UA,,,NfgiUA,eaa.a,,behhbab.a,dcefh.a,SFO,SanFranciscoCA,CA,,California,
be.a,f.a,,,cadae.a,OO,NcdfSW,fdai.a,bafgb.a,bafgbad.a,dafgb.a,BFL,BakersfieldCA,CA,g.a,California,jb.a
j.a,h.a,cabcbcaj.a,WN,bjdjd.a,WN,NceiWN,bhbb.a,bbcjc.a,bbcjcac.a,dadcf.a,DEN,DenverCO,CO,i.a,Colorado,ic.a
i.a,,cabcbcai.a,AS,,,NfjgAS,,,beidbad.a,dcefh.a,SJC,SanJoseCA,CA,,California,
cf.a,,cabcbccf.a,AS,,AS,,,beijd.a,,,SMF,SacramentoCA,,,California,
bi.a,c.a,,OO,cadae.a,OO,,gegj.a,bbecd.a,,dbecd.a,DSM,DesMoinesIA,IA,bj.a,Iowa,gb.a
i.a,g.a,cabcbcai.a,,bjdjd.a,WN,NcffWN,cija.a,baicb.a,baicbad.a,daifc.a,BWI,,MD,ce.a,Maryland,df.a
,,,HA,,HA,NejbHA,ccb.a,,bdidaac.a,ddida.a,,KahuluiHI,HI,bf.a,Hawaii,
ci.a,f.a,,,bjjhh.a,UA,Nchhdd,bhbi.a,bbgbi.a,bbgbiac.a,,EWR,NewarkNJ,,,NewJersey,cb.a
bf.a,g.a,,,bjjhh.a,UA,Nbcccb,bfih.a,bbcjc.a,bbcjcac.a,dadcf.a,DEN,DenverCO,CO,,Colorado,ic.a
cb.a,,cabcbccb.a,DL,,DL,,,beigj.a,,,,SaltLakeCityUT,,,Utah,
ca.a,e.a,,,bjjhh.a,UA,,feg.a,beghj.a,,,SAN,SanDiegoCA,,,California,
bh.a,b.a,cabcbcbh.a,WN,bjdjd.a,WN,,deej.a,bahjc.a,,dahjc.a,BUF,BuffaloNY,NY,dg.a,NewYork,cc.a
,e.a,,,cadji.a,MQ,NggdMQ,dcbe.a,bbcji.a,bbcjiad.a,dabje.a,,Dallas/FortWorthTX,TX,ei.a,,he.a
ch.a,e.a,,,cadae.a,OO,NjgcSW,fejj.a,bbiji.a,,,GFK,GrandForksND,ND,di.a,NorthDakota,gg.a
,h.a,,MQ,cadji.a,MQ,NibjMQ,ecdd.a,bdihb.a,bdihbac.a,dddbg.a,,OmahaNE,,db.a,Nebraska,
be.a,f.a,cabcbcbe.a,,,WN,NecdWN,badg.a,,bcijcad.a,dcfhf.a,LAX,LosAngelesCA,CA,g.a,California,jb.a
,h.a,,MQ,cadji.a,MQ,NifaMQ,chfa.a,bceei.a,bceeiad.a,dceei.a,,Jackson/VicksburgMS,MS,ci.a,Mississippi,fd.a
j.a,,cabcbcaj.a,DL,bjhja.a,DL,NjcfDL,,bdcae.a,,dbefe.a,,,,bc.a,Florida,dd.a
,d.a,cabcbcbj.a,FL,caedh.a,FL,,gga.a,bbgjh.a,,dcegh.a,,,FL,bc.a,Florida,dd.a
ca.a,e.a,cabcbcca.a,,cadff.a,US,,eic.a,bbcjc.a,,,DEN,DenverCO,CO,i.a,Colorado,ic.a
g.a,,cabcbcag.a,DL,bjhja.a,DL,NjbbDL,,bdcae.a,,dbefe.a,,,,bc.a,Florida,dd.a
ba.a,b.a,cabcbcba.a,WN,,WN,NgceSW,bibg.a,,bciijad.a,dccbb.a,LAS,LasVegasNV,NV,dc.a,Nevada,if.a
cf.a,c.a,cabcbccf.a,WN,bjdjd.a,WN,,bahi.a,bbcjc.a,,,DEN,DenverCO,CO,i.a,Colorado,ic.a
cj.a,,cabcbccj.a,AA,,,NdAXAA,,,behhbab.a,,SFO,SanFranciscoCA,CA,,California,
cc.a,g.a,,,bjjhh.a,UA,,bhcb.a,bbgbi.a,,,EWR,NewarkNJ,,,NewJersey,cb.a
,e.a,cabcbcca.a,,cadgg.a,EV,,fcea.a,bdcee.a,,ddcee.a,,MemphisTN,,eh.a,Tennessee,fe.a
bi.a,c.a,cabcbcbi.a,WN,bjdjd.a,WN,,bcae.a,bcbjb.a,,dbefd.a,HOU,HoustonTX,TX,ei.a,,he.a
cg.a,,cabcbccg.a,AA,,AA,NfFHAA,,,bahcbac.a,,BOS,BostonMA,MA,,Massachusetts,bd.a
cg.a,d.a,,OO,cadae.a,OO,NjbjSW,gcga.a,bbcjc.a,,,DEN,DenverCO,CO,i.a,Colorado,ic.a
,b.a,,MQ,,MQ,NgcbMQ,cjja.a,,bbcjiad.a,dabje.a,,Dallas/FortWorthTX,TX,ei.a,,he.a
,b.a,cabcbcad.a,EV,cadgg.a,EV,Nbcfgd,,bbgbi.a,bbgbiac.a,dbhad.a,,NewarkNJ,,de.a,NewJersey,cb.a
c.a,,cabcbcac.a,AS,bjjda.a,AS,NhbdAS,,bacjj.a,bacjjae.a,dacjj.a,ANC,AnchorageAK,AK,,Alaska,b.a
cj.a,,cabcbccj.a,DL,bjhja.a,DL,NjabDA,,badjh.a,badjhaf.a,,,,GA,bd.a,Georgia,de.a
bi.a,c.a,,OO,cadae.a,OO,,fecg.a,beeih.a,,ddhjc.a,RDD,ReddingCA,,g.a,California,
,b.a,cabcbcce.a,FL,caedh.a,FL,,dj.a,badjh.a,,dadjh.a,,,GA,bd.a,Georgia,de.a
bd.a,e.a,,,cadae.a,OO,NjhdSW,fgee.a,bdihb.a,,dddbg.a,OMA,OmahaNE,,db.a,Nebraska,
d.a,,cabcbcad.a,AA,,AA,NfeiAA,,,bbcjiad.a,dabje.a,DFW,Dallas/FortWorthTX,TX,,Texas,he.a
cj.a,g.a,cabcbccj.a,,,WN,NegdWN,becj.a,,bdcdcac.a,,MDW,,IL,bh.a,Illinois,eb.a
cb.a,f.a,cabcbccb.a,,bjdjd.a,WN,,edii.a,baicb.a,,,BWI,,MD,ce.a,Maryland,df.a
d.a,b.a,cabcbcad.a,VX,,VX,NgceVA,ceb.a,,bdjdaac.a,dajhh.a,ORD,,IL,bh.a,Illinois,
be.a,,cabcbcbe.a,DL,bjhja.a,DL,NjdiDL,,begif.a,,degif.a,,,GA,bd.a,Georgia,
c.a,h.a,,UA,bjjhh.a,UA,Nchhdd,bbgc.a,bbgbi.a,bbgbiac.a,dbhad.a,EWR,NewarkNJ,,,NewJersey,cb.a
cg.a,d.a,cabcbccg.a,WN,,WN,NebiWN,eajd.a,,bdbjiab.a,,MCI,KansasCityMO,MO,cj.a,Missouri,ge.a
,d.a,cabcbcbj.a,EV,cadgg.a,EV,,,bccgg.a,,dbefd.a,,HoustonTX,TX,ei.a,,he.a
,c.a,cabcbcae.a,EV,cadgg.a,EV,Nbgfeb,,bdjda.a,bdjdaac.a,dajhh.a,,,IL,bh.a,Illinois,
ba.a,b.a,cabcbcba.a,WN,bjdjd.a,WN,NjccWN,ihd.a,bdejf.a,,ddejf.a,MSY,NewOrleansLA,,cc.a,Louisiana,
,e.a,cabcbcbd.a,,cadgg.a,EV,Nbgjhg,ebfg.a,bccgg.a,bccggad.a,dbefd.a,,HoustonTX,TX,ei.a,,he.a
bi.a,c.a,cabcbcbi.a,WN,bjdjd.a,WN,,cccf.a,bdhjg.a,,dcefh.a,OAK,OaklandCA,,g.a,California,
ci.a,f.a,cabcbcci.a,,cadff.a,US,NiacAW,chf.a,bebah.a,bebahac.a,,PHX,PhoenixAZ,,e.a,Arizona,
bb.a,c.a,,OO,cadae.a,OO,NhabBR,fffd.a,bdeig.a,bdeigac.a,ddeig.a,MSO,MissoulaMT,,da.a,Montana,
,h.a,cabcbcaj.a,EV,cadgg.a,EV,Nbebig,,bdcfg.a,bdcfgac.a,ddcfg.a,,Mission/McAllen/EdinburgTX,,ei.a,,he.a
da.a,,cabcbcda.a,AA,,AA,NfhjAA,,,bbcjiad.a,,DFW,Dallas/FortWorthTX,TX,,Texas,he.a
da.a,,cabcbcda.a,DL,,DL,NfadUS,,,badjhaf.a,,,,GA,bd.a,Georgia,de.a
ba.a,b.a,cabcbcba.a,VX,,,NgcfVA,jfg.a,,behhbab.a,dcefh.a,SFO,SanFranciscoCA,,g.a,California,
e.a,c.a,cabcbcae.a,WN,bjdjd.a,WN,NhjfSW,bacb.a,baicb.a,baicbad.a,daifc.a,BWI,,MD,ce.a,Maryland,df.a
cj.a,g.a,,,,,NigjAS,cggd.a,bfdhg.a,bfdhgac.a,,TUS,TucsonAZ,AZ,e.a,Arizona,ib.a
f.a,d.a,,OO,,OO,NfeiCA,eiab.a,,bciijad.a,dccbb.a,LAS,LasVegasNV,NV,dc.a,Nevada,if.a
g.a,e.a,,,cadae.a,OO,NgijCA,eibg.a,bcijc.a,bcijcad.a,dcfhf.a,LAX,LosAngelesCA,CA,g.a,California,jb.a
ca.a,e.a,cabcbcca.a,,caeaj.a,Bg,,hab.a,bcehi.a,,,JFK,NewYorkNY,,dg.a,NewYork,cc.a
,g.a,cabcbcbf.a,,cadgg.a,EV,Nbdjhj,fjgd.a,bdjda.a,bdjdaac.a,dajhh.a,,,IL,bh.a,Illinois,
bi.a,c.a,cabcbcbi.a,Bg,,Bg,,,beied.a,,deibj.a,SJU,SanJuanPR,PR,hc.a,,
cj.a,,cabcbccj.a,AA,,AA,NfgaAA,,,bbcjiad.a,,DFW,Dallas/FortWorthTX,TX,,Texas,he.a
f.a,,cabcbcaf.a,AA,,AA,NfccAA,,,bbcjiad.a,dabje.a,DFW,Dallas/FortWorthTX,TX,,Texas,he.a
bd.a,,cabcbcbd.a,DL,bjhja.a,DL,NjbhDL,,bbedd.a,,dbcjf.a,,,MI,cg.a,Michigan,ed.a
,c.a,,MQ,,,NgbaMQ,eccd.a,,befhgae.a,defhg.a,ROC,RochesterNY,,dg.a,NewYork,
,c.a,,OO,cadae.a,OO,NjgfSW,gdah.a,bbcjc.a,,dadcf.a,DEN,DenverCO,CO,i.a,Colorado,ic.a
ci.a,f.a,cabcbcci.a,,,,NfdaAS,bah.a,,behehad.a,,SEA,SeattleWA,WA,,Washington,
,d.a,,OO,cadae.a,OO,NgjdBR,fecb.a,bddec.a,bddecaf.a,dddec.a,MKE,MilwaukeeWI,,ff.a,,ef.a
,c.a,,OO,cadae.a,OO,NjdfSW,gdid.a,beafh.a,,deafh.a,PDX,PortlandOR,,eb.a,Oregon,
b.a,,cabcbcab.a,DL,,DL,NdhhNW,,,badjhaf.a,dadjh.a,,,GA,bd.a,Georgia,de.a
bc.a,,cabcbcbc.a,DL,bjhja.a,DL,NjbcDN,,bebcc.a,,dabji.a,,PittsburghPA,,ec.a,Pennsylvania,
ce.a,,cabcbcce.a,AA,bjiaf.a,AA,,,bddad.a,,,MIA,,,,Florida,dd.a
i.a,,cabcbcai.a,WN,,WN,NebaWN,baja.a,,bdeihac.a,dbgfa.a,MSP,MinneapolisMN,,ch.a,Minnesota,
e.a,,cabcbcae.a,WN,,WN,NeadWN,jec.a,,bdcdcac.a,dajhh.a,MDW,,IL,bh.a,Illinois,eb.a
,b.a,cabcbcba.a,EV,cadgg.a,EV,Nbdjcj,,bccgg.a,bccggad.a,dbefd.a,,HoustonTX,TX,ei.a,,he.a
,b.a,cabcbcce.a,EV,cadgg.a,EV,,,bcjef.a,,dcjef.a,,LexingtonKY,KY,cb.a,Kentucky,fc.a
cg.a,,cabcbccg.a,WN,bjdjd.a,WN,NhhdeH,ecjb.a,babea.a,babeaac.a,,ABQ,AlbuquerqueNM,NM,df.a,NewMexico,ig.a
cb.a,f.a,cabcbccb.a,,bjjda.a,AS,,gec.a,beheh.a,,,SEA,SeattleWA,WA,,Washington,
,e.a,cabcbcag.a,,cadgg.a,EV,Nbejdj,ebba.a,bccgg.a,bccggad.a,dbefd.a,,HoustonTX,TX,ei.a,,he.a
,f.a,,,,OO,NgbeSK,egab.a,,bahbdac.a,dahbd.a,BOI,BoiseID,ID,bg.a,Idaho,id.a
ch.a,e.a,cabcbcch.a,,,,NfceVA,bdg.a,,behhbab.a,,SFO,SanFranciscoCA,CA,g.a,California,
,f.a,cabcbccb.a,,cadgg.a,EV,,ebhg.a,bafjj.a,,dafjj.a,,BirminghamAL,AL,b.a,Alabama,fb.a
,h.a,,MQ,,MQ,NfcbMQ,difd.a,,bdjdaac.a,dajhh.a,,,IL,bh.a,Illinois,
g.a,,cabcbcag.a,AA,,AA,NdGSAA,,,bciijad.a,dccbb.a,LAS,LasVegasNV,NV,,Nevada,if.a
j.a,,cabcbcaj.a,DL,bjhja.a,DL,NjaaDE,,badjh.a,badjhaf.a,dadjh.a,,,GA,bd.a,Georgia,de.a
ba.a,,cabcbcba.a,WN,bjdjd.a,WN,NcbcWN,djf.a,bbcjc.a,bbcjcac.a,dadcf.a,DEN,DenverCO,CO,i.a,Colorado,ic.a
,d.a,,OO,cadae.a,OO,,gcag.a,bbcjc.a,,dadcf.a,DEN,DenverCO,CO,i.a,Colorado,ic.a
ci.a,f.a,cabcbcci.a,,,US,NffeUW,jia.a,,bbafhad.a,,CLT,,NC,dh.a,NorthCarolina,dg.a
h.a,,cabcbcah.a,WN,,,NdgeSW,cda.a,,begidad.a,ddcbe.a,SAT,SanAntonioTX,,ei.a,,
,c.a,,OO,,OO,,fefd.a,behhb.a,,dcefh.a,SFO,SanFranciscoCA,CA,g.a,California,
d.a,b.a,cabcbcad.a,Bg,,,NffiJB,,,beiedad.a,deibj.a,SJU,SanJuanPR,PR,hc.a,,
be.a,,cabcbcbe.a,AA,,AA,NfdgAA,,,bagjdac.a,dagjd.a,BNA,NashvilleTN,,,Tennessee,fe.a
h.a,f.a,cabcbcah.a,,cadhi.a,YV,NjbdFJ,cgif.a,bbafh.a,,dbafh.a,CLT,,NC,dh.a,NorthCarolina,dg.a
f.a,d.a,cabcbcaf.a,AS,,AS,NfbjAS,,,bacjjae.a,dacjj.a,ANC,AnchorageAK,AK,,Alaska,b.a
b.a,g.a,,,bjjhh.a,UA,NideUA,hgj.a,bebcc.a,bebccac.a,dabji.a,PIT,PittsburghPA,,,Pennsylvania,
,f.a,cabcbcci.a,,cadgg.a,EV,Ncbbee,efdc.a,bajje.a,bajjeac.a,dajje.a,,,SC,ef.a,SouthCarolina,dh.a
,e.a,,,cadji.a,MQ,NjccMQ,ecdb.a,bbecd.a,,dbecd.a,,DesMoinesIA,IA,bj.a,Iowa,gb.a
,e.a,cabcbcag.a,,cadgg.a,EV,NjajEV,fhea.a,bajje.a,,dajje.a,,,SC,ef.a,SouthCarolina,dh.a
,f.a,cabcbcbe.a,,cadgg.a,EV,Nbefgc,ebdg.a,bccgg.a,bccggad.a,dbefd.a,,HoustonTX,TX,ei.a,,he.a
da.a,,cabcbcda.a,DL,,DL,NdgiNB,,,bcjfdac.a,,,NewYorkNY,,dg.a,NewYork,cc.a
cb.a,f.a,cabcbccb.a,,cadff.a,US,,iif.a,bdeih.a,,,MSP,MinneapolisMN,,ch.a,Minnesota,
g.a,,cabcbcag.a,WN,bjdjd.a,WN,NchbLV,ggf.a,baiaa.a,baiaaad.a,dcfhf.a,BUR,BurbankCA,CA,g.a,California,jb.a
,d.a,cabcbcbc.a,EV,cadgg.a,EV,NjcbEV,,baihe.a,,dageh.a,,,OH,dj.a,Ohio,ee.a
ba.a,,cabcbcba.a,DL,bjhja.a,DL,NghjDA,,bcijc.a,bcijcad.a,dcfhf.a,,LosAngelesCA,CA,g.a,California,jb.a
ci.a,f.a,cabcbcci.a,,cadff.a,US,NhejUS,bffb.a,bbgjh.a,bbgjhad.a,,FLL,,FL,bc.a,Florida,dd.a
,g.a,,,cadae.a,OO,,ehbc.a,bcijc.a,,dcfhf.a,LAX,LosAngelesCA,CA,g.a,California,jb.a
bf.a,g.a,cabcbcbf.a,,,Bg,NfihJB,jfe.a,,bdcaeac.a,dbefe.a,MCO,,,bc.a,Florida,dd.a
bg.a,h.a,,UA,,UA,NeahUA,egf.a,,bbcjcac.a,dadcf.a,DEN,DenverCO,CO,,Colorado,ic.a
,d.a,,MQ,cadji.a,MQ,NiegMQ,echb.a,bdjda.a,bdjdaac.a,dajhh.a,,,IL,bh.a,Illinois,
cc.a,,cabcbccc.a,WN,bjdjd.a,WN,,ebcj.a,bcijc.a,,,LAX,LosAngelesCA,CA,g.a,California,jb.a
cg.a,,cabcbccg.a,DL,bjhja.a,DL,NjahDL,,bedah.a,,,,ProvidenceRI,,ee.a,RhodeIsland,
h.a,,cabcbcah.a,WN,bjdjd.a,,NhhdSA,ggc.a,begid.a,begidad.a,ddcbe.a,SAT,SanAntonioTX,,ei.a,,
bc.a,,cabcbcbc.a,AA,,AA,NdHJAA,,,bcjfdac.a,dbhad.a,LGA,NewYorkNY,,,NewYork,cc.a
ci.a,,cabcbcci.a,WN,bjdjd.a,WN,NhdaSW,dfbj.a,bdihb.a,bdihbac.a,,OMA,OmahaNE,,db.a,Nebraska,
e.a,c.a,cabcbcae.a,US,cadff.a,US,NjefUW,bbdf.a,bebaa.a,,debaa.a,PHL,PhiladelphiaPA,,ec.a,Pennsylvania,
ca.a,e.a,cabcbcca.a,,cadff.a,US,,bbjj.a,bebah.a,,,PHX,PhoenixAZ,,e.a,Arizona,
db.a,,cabcbcdb.a,AA,,AA,NfCKAA,,,bddadad.a,,MIA,,,,Florida,dd.a
,b.a,,OO,cadae.a,OO,NjieCA,fdbb.a,bdjda.a,,dajhh.a,ORD,,IL,bh.a,Illinois,
,d.a,,MQ,,MQ,NfagMQ,dgjc.a,,bcijcad.a,dcfhf.a,,LosAngelesCA,CA,g.a,California,jb.a
cc.a,,cabcbccc.a,WN,bjdjd.a,WN,,ehfg.a,bdcae.a,,,MCO,,,bc.a,Florida,dd.a
g.a,,cabcbcag.a,WN,bjdjd.a,WN,NhceSW,bgf.a,baicb.a,baicbad.a,daifc.a,BWI,,MD,ce.a,Maryland,df.a
,c.a,cabcbcbi.a,FL,caedh.a,FL,,ij.a,badjh.a,,dadjh.a,,,GA,bd.a,Georgia,de.a
g.a,,cabcbcag.a,DL,,,NddjNB,,,beigjad.a,degbe.a,SLC,SaltLakeCityUT,,ej.a,,
,b.a,,OO,cadae.a,OO,NcjeSW,feci.a,beafh.a,beafhac.a,deafh.a,PDX,PortlandOR,,eb.a,Oregon,
j.a,,cabcbcaj.a,WN,bjdjd.a,WN,NjadWN,bjaj.a,baicb.a,baicbad.a,daifc.a,BWI,,MD,ce.a,Maryland,df.a
bc.a,,cabcbcbc.a,WN,,WN,NebgWN,eag.a,,bbgjhad.a,dcegh.a,FLL,,FL,bc.a,Florida,dd.a
bh.a,,cabcbcbh.a,AA,bjiaf.a,AA,,,bbcji.a,,dabje.a,DFW,Dallas/FortWorthTX,TX,,Texas,he.a
,g.a,cabcbcbf.a,,caedh.a,FL,NijcAT,dag.a,bbhcb.a,bbhcbac.a,dbhcb.a,,,MI,cg.a,Michigan,ed.a
bh.a,b.a,cabcbcbh.a,Bg,caeaj.a,Bg,,,bedah.a,,dahcb.a,PVD,ProvidenceRI,,ee.a,RhodeIsland,
bf.a,,cabcbcbf.a,AA,,AA,NdGHAA,,,bddadad.a,dcegh.a,MIA,MiamiFL,,,Florida,dd.a
,h.a,cabcbcac.a,FL,caedh.a,FL,NjiiAT,ejh.a,befhg.a,,defhg.a,,RochesterNY,,dg.a,NewYork,
bd.a,e.a,cabcbcbd.a,,,US,NedeUS,hbj.a,,bebaaac.a,debaa.a,PHL,PhiladelphiaPA,,ec.a,Pennsylvania,
e.a,c.a,cabcbcae.a,Bg,,Bg,NdbiJB,,,bahcbac.a,dahcb.a,BOS,BostonMA,MA,cf.a,Massachusetts,bd.a
,e.a,cabcbcch.a,,caedg.a,Fj,NcajFR,fbg.a,bciij.a,bciijad.a,dccbb.a,,LasVegasNV,NV,dc.a,Nevada,if.a
g.a,,cabcbcag.a,AA,,AA,NfhdAA,,,bcjfdac.a,dbhad.a,LGA,NewYorkNY,,,NewYork,cc.a
bh.a,,cabcbcbh.a,WN,,WN,,ejbd.a,beijd.a,,ddbjc.a,SMF,SacramentoCA,,g.a,California,jb.a
,e.a,,,,MQ,NgahMQ,dfaj.a,,bcefbac.a,dbbdg.a,,JacksonvilleFL,FL,bc.a,Florida,dd.a
bh.a,,cabcbcbh.a,WN,bjdjd.a,WN,,bbfj.a,bebah.a,,daegg.a,PHX,PhoenixAZ,,e.a,Arizona,
ch.a,,cabcbcch.a,AA,,AA,NfbdAA,,,bcddjae.a,,IND,,IN,,Indiana,ec.a
,c.a,,MQ,cadji.a,MQ,,edaa.a,bdjda.a,,dajhh.a,,,IL,bh.a,Illinois,
,,,HA,,HA,NehfHA,djh.a,,bchfiad.a,dchfi.a,,KonaHI,HI,bf.a,Hawaii,c.a
,,,HA,,HA,NeidHA,bbd.a,,bcbhdab.a,dcbde.a,,HonoluluHI,HI,bf.a,Hawaii,c.a
bh.a,,cabcbcbh.a,WN,bjdjd.a,WN,,deih.a,bbcfj.a,,dabje.a,DAL,DallasTX,TX,ei.a,,he.a
i.a,g.a,,,,UA,NeedUA,gbh.a,,bbcjiad.a,dabje.a,DFW,Dallas/FortWorthTX,TX,,Texas,he.a
da.a,,cabcbcda.a,WN,,WN,NgdhSW,cbdf.a,,baicbad.a,,BWI,,MD,ce.a,Maryland,df.a
bg.a,h.a,cabcbcbg.a,US,cadff.a,US,,bfeh.a,bebaa.a,,debaa.a,PHL,PhiladelphiaPA,,ec.a,Pennsylvania,
da.a,h.a,,UA,,UA,Ndhecc,baad.a,,bddadad.a,,MIA,MiamiFL,,,Florida,dd.a
,f.a,cabcbcci.a,,cadgg.a,EV,Nbibbe,gbic.a,bccge.a,bccgeac.a,daifc.a,,,VA,fb.a,,di.a
cf.a,,cabcbccf.a,DL,bjhja.a,DL,,,bdcae.a,,,,OrlandoFL,,bc.a,Florida,dd.a
,f.a,,,cadji.a,MQ,NghaMQ,ecej.a,bdjda.a,bdjdaac.a,dajhh.a,,,IL,bh.a,Illinois,
,d.a,,MQ,cadji.a,MQ,NgijMQ,cjif.a,bbaej.a,bbaejac.a,dbaej.a,,CollegeStation/BryanTX,TX,ei.a,Texas,he.a
ci.a,f.a,cabcbcci.a,,caeaj.a,Bg,NcagJB,gja.a,bbchi.a,bbchiac.a,,DCA,,VA,fb.a,,di.a
g.a,,cabcbcag.a,AA,,AA,NeXNAA,,,bbcjiad.a,dabje.a,DFW,Dallas/FortWorthTX,TX,,Texas,he.a
bh.a,,cabcbcbh.a,WN,bjdjd.a,WN,,dfef.a,bdcdc.a,,dajhh.a,MDW,,IL,bh.a,Illinois,eb.a
bj.a,d.a,,UA,bjjhh.a,UA,,cbj.a,bccgg.a,,,IAH,HoustonTX,TX,,Texas,he.a
ca.a,,cabcbcca.a,WN,bjdjd.a,WN,,cadi.a,bdhjg.a,,,OAK,OaklandCA,,g.a,California,
h.a,f.a,,,bjjhh.a,UA,NcbdUA,hce.a,bcbhd.a,bcbhdab.a,dcbde.a,HNL,HonoluluHI,HI,,Hawaii,c.a
cj.a,g.a,cabcbccj.a,,,Bg,NfbjJB,bei.a,,beachac.a,,PBI,WestPalmBeach/PalmBeachFL,FL,bc.a,Florida,
bg.a,h.a,cabcbcbg.a,Bg,caeaj.a,Bg,,,behhb.a,,dcefh.a,SFO,SanFranciscoCA,CA,g.a,California,
cc.a,g.a,cabcbccc.a,,cadff.a,US,,bhii.a,bbafh.a,,,CLT,,NC,dh.a,NorthCarolina,dg.a
cb.a,,cabcbccb.a,DL,bjhja.a,DL,,,badjh.a,,,,,GA,bd.a,Georgia,de.a
db.a,,cabcbcdb.a,DL,,DL,NdeeNW,,,badjhaf.a,,,,GA,bd.a,Georgia,de.a
ba.a,b.a,,UA,,UA,Ndceae,fc.a,,bdjdaac.a,dajhh.a,ORD,,IL,,Illinois,
ca.a,e.a,cabcbcca.a,,caeaj.a,Bg,,ceg.a,bcjfe.a,,,LGB,LongBeachCA,CA,g.a,California,jb.a
ce.a,,cabcbcce.a,WN,bjdjd.a,WN,,dfjj.a,bdhjg.a,,,OAK,OaklandCA,,g.a,California,
,g.a,,,cadae.a,OO,NjbgSW,fcjc.a,bbddh.a,,dbddh.a,DLH,DuluthMN,MN,ch.a,Minnesota,gd.a
,e.a,cabcbcch.a,,caedg.a,Fj,NjdaFR,cbe.a,bbcjc.a,,dadcf.a,,DenverCO,CO,i.a,Colorado,ic.a
,h.a,,MQ,cadji.a,MQ,,chgi.a,bbcji.a,,dabje.a,,Dallas/FortWorthTX,TX,ei.a,Texas,he.a
,b.a,,MQ,,MQ,,deaf.a,bejga.a,,dejga.a,,WichitaFallsTX,TX,ei.a,Texas,he.a
ca.a,,cabcbcca.a,AA,bjiaf.a,AA,,,bdcae.a,,,MCO,OrlandoFL,,,Florida,dd.a
,h.a,cabcbcac.a,EV,,EV,Ndebbb,,,bccggad.a,dbefd.a,,HoustonTX,TX,ei.a,Texas,he.a
e.a,c.a,cabcbcae.a,Bg,caeaj.a,Bg,NggcJB,,bbcji.a,bbcjiad.a,dabje.a,DFW,Dallas/FortWorthTX,TX,ei.a,,he.a
bj.a,,cabcbcbj.a,AS,bjjda.a,AS,,,beheh.a,,,SEA,SeattleWA,WA,,Washington,
db.a,,cabcbcdb.a,WN,bjdjd.a,WN,NcefWN,bhfh.a,bciij.a,bciijad.a,,LAS,LasVegasNV,NV,dc.a,Nevada,if.a
bf.a,,cabcbcbf.a,WN,,WN,NeifWN,cjcg.a,,baicbad.a,daifc.a,BWI,,MD,ce.a,Maryland,df.a
bc.a,,cabcbcbc.a,DL,bjhja.a,DL,NjhcDL,,bbchi.a,,daifc.a,,,VA,fb.a,,di.a
e.a,,cabcbcae.a,AA,,,NfacAA,,,befceab.a,defce.a,RIC,,,,Virginia,
be.a,f.a,,,bjjhh.a,UA,Ncegdd,bghg.a,bccgg.a,bccggad.a,dbefd.a,IAH,HoustonTX,TX,,Texas,he.a
,e.a,cabcbcca.a,,caedh.a,FL,,eac.a,bdcae.a,,dbefe.a,,OrlandoFL,,bc.a,Florida,dd.a
,,,HA,,HA,NejaHA,fca.a,,bcbhdab.a,dcbde.a,,HonoluluHI,HI,bf.a,Hawaii,c.a
cb.a,,cabcbccb.a,AS,,AS,,,beici.a,,,SIT,SitkaAK,AK,,Alaska,
cj.a,,cabcbccj.a,AA,,AA,NdDVAA,,,bcehiac.a,,JFK,NewYorkNY,,,NewYork,cc.a
b.a,,cabcbcab.a,WN,,WN,NfbbSW,dbec.a,,bdhjgab.a,dcefh.a,OAK,OaklandCA,,g.a,California,
,,,HA,bjgja.a,HA,,bfh.a,bdida.a,,ddida.a,,KahuluiHI,HI,bf.a,Hawaii,
bj.a,d.a,cabcbcbj.a,US,cadff.a,US,,cacc.a,bbchi.a,,,DCA,,VA,fb.a,,di.a
,,,HA,bjgja.a,HA,,cdg.a,bcbhd.a,,dcbde.a,,HonoluluHI,HI,bf.a,Hawaii,c.a
cd.a,,cabcbccd.a,AA,bjiaf.a,AA,,,bbcji.a,,,DFW,Dallas/FortWorthTX,TX,,Texas,he.a
,e.a,cabcbcag.a,,cadgg.a,EV,Nbcfea,ebhb.a,bbgbi.a,bbgbiac.a,dbhad.a,,NewarkNJ,,de.a,NewJersey,cb.a
,h.a,,OO,,OO,,gdbj.a,behhb.a,,dcefh.a,SFO,SanFranciscoCA,CA,g.a,California,
,e.a,cabcbcch.a,,cadgg.a,EV,Nbejjd,dide.a,bbgbi.a,bbgbiac.a,dbhad.a,,NewarkNJ,,de.a,NewJersey,cb.a
,f.a,,,,MQ,NfdaMQ,dgjc.a,,bcijcad.a,dcfhf.a,,LosAngelesCA,CA,g.a,California,jb.a
cj.a,g.a,cabcbccj.a,,,,NggaAW,fd.a,beigj.a,beigjad.a,,SLC,SaltLakeCityUT,,ej.a,,
,d.a,,OO,cadae.a,OO,NjigCA,fdbj.a,bdjda.a,,dajhh.a,ORD,,IL,bh.a,Illinois,
,g.a,cabcbcab.a,,caedh.a,FL,NijdAT,cfj.a,bbcgh.a,bbcghac.a,dbcgh.a,,,OH,dj.a,Ohio,ee.a
bh.a,b.a,cabcbcbh.a,US,cadff.a,US,,bfad.a,bbafh.a,,dbafh.a,CLT,,NC,dh.a,NorthCarolina,dg.a
,c.a,,OO,,,NeffCA,eibe.a,,beijdac.a,ddbjc.a,SMF,SacramentoCA,,g.a,California,jb.a
ba.a,,cabcbcba.a,DL,bjhja.a,DL,NjcaDE,,badjh.a,,dadjh.a,,,GA,bd.a,Georgia,de.a
bh.a,,cabcbcbh.a,DL,bjhja.a,DL,,,badjh.a,,dadjh.a,,,GA,bd.a,Georgia,de.a
c.a,,cabcbcac.a,DL,bjhja.a,DL,NjfdDN,,bdeih.a,,dbgfa.a,,MinneapolisMN,,ch.a,Minnesota,
j.a,,cabcbcaj.a,AA,,AA,NdEYAA,,,bddadad.a,dcegh.a,MIA,MiamiFL,,,Florida,dd.a
da.a,,cabcbcda.a,WN,,WN,NeieWN,gbb.a,,bcddjae.a,,IND,,IN,bi.a,Indiana,ec.a
b.a,,cabcbcab.a,DL,,DL,NddgNW,,,bahcbac.a,dahcb.a,,BostonMA,MA,cf.a,Massachusetts,bd.a
ch.a,,cabcbcch.a,WN,,,NccgWN,ehda.a,beijd.a,beijdac.a,,SMF,SacramentoCA,,g.a,California,jb.a
b.a,,cabcbcab.a,DL,,DL,NdfdNB,,,bdceeac.a,ddcee.a,,MemphisTN,,eh.a,Tennessee,fe.a
,c.a,cabcbcae.a,FL,caedh.a,FL,NjecAT,dhe.a,bdcae.a,,dbefe.a,,OrlandoFL,,bc.a,Florida,dd.a
,b.a,,OO,cadae.a,OO,,cgjg.a,bcijc.a,,dcfhf.a,LAX,LosAngelesCA,CA,g.a,California,jb.a
,h.a,cabcbcaj.a,Fj,,Fj,NjagFR,iah.a,beiac.a,,deiac.a,,,VA,fb.a,,
,b.a,,MQ,,MQ,NfdcMQ,difc.a,,bdjdaac.a,dajhh.a,,,IL,bh.a,Illinois,
,e.a,cabcbcbd.a,,cadgg.a,EV,Nbgjch,egig.a,bccgg.a,bccggad.a,dbefd.a,,HoustonTX,TX,ei.a,,he.a
,f.a,,,cadji.a,MQ,NhddMQ,cigi.a,babdg.a,babdgad.a,dabdg.a,,AbileneTX,TX,ei.a,,he.a
cc.a,,cabcbccc.a,WN,bjdjd.a,WN,,egjf.a,bdcae.a,,,MCO,OrlandoFL,,bc.a,Florida,dd.a
cc.a,g.a,cabcbccc.a,,caeaj.a,Bg,,fii.a,bbgjh.a,,,FLL,FortLauderdaleFL,FL,bc.a,Florida,dd.a
d.a,b.a,,UA,bjjhh.a,UA,Nbhccj,bebc.a,bdcae.a,bdcaeac.a,dbefe.a,MCO,OrlandoFL,,,Florida,dd.a
d.a,,cabcbcad.a,WN,bjdjd.a,WN,NgfgSW,bbh.a,bafjj.a,bafjjae.a,dafjj.a,BHM,BirminghamAL,AL,b.a,Alabama,fb.a
ce.a,,cabcbcce.a,WN,bjdjd.a,WN,,dfjg.a,bebah.a,,,PHX,PhoenixAZ,,e.a,Arizona,
cb.a,,cabcbccb.a,AA,bjiaf.a,AA,,,bbcji.a,,,DFW,Dallas/FortWorthTX,TX,,Texas,he.a
cj.a,g.a,cabcbccj.a,,,,NieaVA,bc.a,behhb.a,behhbab.a,,SFO,SanFranciscoCA,CA,g.a,California,
ci.a,,cabcbcci.a,AS,,AS,NfjdAS,,,bbchiac.a,,DCA,,VA,,Virginia,di.a
,c.a,cabcbcae.a,EV,,EV,NfciCA,,,bahibac.a,dahib.a,,BatonRougeLA,LA,cc.a,Louisiana,hc.a
bd.a,e.a,cabcbcbd.a,,caeaj.a,Bg,NcieJB,jhh.a,bahjc.a,bahjcae.a,dahjc.a,BUF,BuffaloNY,NY,dg.a,NewYork,cc.a
da.a,,cabcbcda.a,WN,,WN,NgbfSW,bbdj.a,,bebccac.a,,PIT,PittsburghPA,,ec.a,Pennsylvania,
ce.a,,cabcbcce.a,AA,bjiaf.a,AA,,,bbcji.a,,,DFW,Dallas/FortWorthTX,TX,,Texas,he.a
h.a,,cabcbcah.a,AA,,AA,NdGVAA,,,bbgjhad.a,dcegh.a,FLL,FortLauderdaleFL,FL,,Florida,dd.a
db.a,b.a,,UA,,UA,Nfhedj,bbcg.a,,bahcbac.a,,BOS,BostonMA,MA,,Massachusetts,bd.a
,d.a,,MQ,,MQ,NfcbMQ,eged.a,,bbaggac.a,dbagg.a,,,OH,dj.a,Ohio,ee.a
e.a,,cabcbcae.a,AS,,AS,NfjgAS,,,bacjjae.a,dacjj.a,ANC,AnchorageAK,AK,,Alaska,b.a
e.a,,cabcbcae.a,WN,,WN,NdjfSW,ggi.a,,bcbjbac.a,dbefd.a,HOU,HoustonTX,TX,ei.a,,he.a
ci.a,f.a,cabcbcci.a,,,Bg,NfdgJB,df.a,,bcehiac.a,,JFK,NewYorkNY,,dg.a,NewYork,cc.a
bd.a,e.a,cabcbcbd.a,,caeaj.a,Bg,NhegJB,caa.a,bciij.a,bciijad.a,dccbb.a,LAS,LasVegasNV,NV,dc.a,Nevada,if.a
cc.a,g.a,,,bjjhh.a,UA,,bbja.a,bdjda.a,,,ORD,,IL,,Illinois,
bj.a,,cabcbcbj.a,AA,bjiaf.a,AA,,,bdjda.a,,,ORD,,IL,,Illinois,
cf.a,,cabcbccf.a,AA,bjiaf.a,AA,,,bddec.a,,,MKE,MilwaukeeWI,,,Wisconsin,ef.a
bf.a,g.a,cabcbcbf.a,,,Bg,NfdhJB,jgg.a,,bbgjhad.a,dcegh.a,FLL,FortLauderdaleFL,FL,bc.a,Florida,dd.a
,g.a,cabcbccj.a,,cadgg.a,EV,NhbaEV,ejfe.a,badjh.a,badjhaf.a,dadjh.a,,,GA,bd.a,Georgia,de.a
,h.a,,MQ,,MQ,NgbfMQ,defd.a,,bbbjdac.a,ddbaf.a,,CincinnatiOH,KY,cb.a,Kentucky,fc.a
,c.a,cabcbcbb.a,EV,cadgg.a,EV,Nbbbbd,,bedah.a,bedahac.a,dahcb.a,,ProvidenceRI,,ee.a,RhodeIsland,
b.a,,cabcbcab.a,WN,bjdjd.a,WN,NcfaWN,bidf.a,babea.a,babeaac.a,dabea.a,ABQ,AlbuquerqueNM,NM,df.a,NewMexico,ig.a
,c.a,cabcbcae.a,FL,,,NdeeAT,ci.a,,bejaiad.a,dcfhf.a,SNA,SantaAnaCA,CA,g.a,California,jb.a
cg.a,,cabcbccg.a,WN,,,NcfhWN,edjf.a,beigj.a,beigjad.a,,SLC,SaltLakeCityUT,,ej.a,,
b.a,g.a,,,,UA,NebeUA,fcj.a,,bdjdaac.a,dajhh.a,ORD,,IL,,Illinois,
cf.a,,cabcbbcf.a,AA,bjiaf.a,AA,,,bdbji.a,,,MCI,KansasCityMO,MO,,Missouri,ge.a
cg.a,d.a,cabcbccg.a,YV,cadhi.a,YV,NjdfLR,ciej.a,bebah.a,,,PHX,PhoenixAZ,,e.a,Arizona,
cd.a,,cabcbccd.a,AA,bjiaf.a,AA,,,bccgg.a,,,IAH,HoustonTX,TX,,Texas,he.a
d.a,,cabcbcad.a,WN,,WN,NdifSW,hbi.a,,bcbjbac.a,dbefd.a,HOU,HoustonTX,TX,ei.a,,he.a
c.a,,cabcbcac.a,DL,bjhja.a,DL,NjccDX,,badjh.a,,dadjh.a,,,GA,bd.a,Georgia,de.a
cj.a,g.a,,,,UA,Ndiece,bejd.a,,baecdac.a,,AUS,AustinTX,TX,,Texas,he.a
bd.a,,cabcbcbd.a,WN,bjdjd.a,WN,NcdeWN,fgd.a,bdhjg.a,bdhjgab.a,dcefh.a,OAK,OaklandCA,,g.a,California,
d.a,,cabcbcad.a,DL,,,NdgjNB,,,beigjad.a,degbe.a,SLC,SaltLakeCityUT,,ej.a,,
bb.a,c.a,cabcbcbb.a,Bg,caeaj.a,Bg,NiafJB,,bbgjh.a,bbgjhad.a,dcegh.a,FLL,FortLauderdaleFL,FL,bc.a,Florida,dd.a
,e.a,,,cadae.a,OO,NhjeSK,gfcj.a,bbcji.a,bbcjiad.a,dabje.a,DFW,Dallas/FortWorthTX,TX,ei.a,,he.a
e.a,c.a,cabcbcae.a,US,cadff.a,,NbhbUS,biba.a,begdf.a,begdfac.a,dbhbe.a,RSW,FortMyersFL,FL,bc.a,Florida,
bh.a,,cabcbcbh.a,WN,bjdjd.a,WN,,baie.a,bebah.a,,daegg.a,PHX,PhoenixAZ,,e.a,Arizona,
cj.a,,cabcbccj.a,WN,,WN,NeccWN,bhhi.a,,bbfeaad.a,,ELP,ElPasoTX,TX,ei.a,,he.a
cd.a,h.a,cabcbccd.a,VX,cbbhb.a,VX,,bda.a,bcijc.a,,,LAX,LosAngelesCA,CA,g.a,California,jb.a
,d.a,,MQ,,,NgcbMQ,cicd.a,,bfgceab.a,dbfae.a,VPS,ValparaisoFL,FL,bc.a,Florida,dd.a
cb.a,,cabcbccb.a,WN,bjdjd.a,WN,,djgb.a,bciij.a,,,LAS,LasVegasNV,NV,dc.a,Nevada,if.a
,g.a,,,,,NiagSK,egbi.a,beigj.a,beigjad.a,degbe.a,SLC,SaltLakeCityUT,,ej.a,,
,c.a,cabcbccf.a,FL,caedh.a,FL,,ecb.a,bdcdc.a,,dajhh.a,,,IL,bh.a,Illinois,eb.a
bh.a,b.a,cabcbcbh.a,YV,cadhi.a,YV,,ciag.a,bebah.a,,daegg.a,PHX,PhoenixAZ,,e.a,Arizona,
db.a,b.a,,UA,,UA,NebhUA,hjd.a,,bdjdaac.a,,ORD,,IL,,Illinois,
j.a,h.a,cabcbcaj.a,US,cadff.a,US,NhaaUW,behh.a,bebaa.a,bebaaac.a,debaa.a,PHL,PhiladelphiaPA,,ec.a,Pennsylvania,
,d.a,cabcbcbc.a,FL,caedh.a,FL,NijbAT,gee.a,bbgjh.a,bbgjhad.a,dcegh.a,,FortLauderdaleFL,FL,bc.a,Florida,dd.a
d.a,,cabcbcad.a,WN,bjdjd.a,WN,NjceWN,cigi.a,bdcdc.a,,dajhh.a,MDW,,IL,bh.a,Illinois,eb.a
bc.a,,cabcbcbc.a,WN,bjdjd.a,WN,NjbaWN,hch.a,bcbjb.a,,dbefd.a,HOU,HoustonTX,TX,ei.a,,he.a
bh.a,,cabcbcbh.a,WN,bjdjd.a,WN,,bbih.a,bebah.a,,daegg.a,PHX,PhoenixAZ,,e.a,Arizona,
,b.a,cabcbcce.a,FL,caedh.a,FL,,cie.a,bbedd.a,,dbcjf.a,,,MI,cg.a,Michigan,ed.a
bi.a,c.a,,UA,bjjhh.a,UA,,baid.a,bdjda.a,,,ORD,,IL,,Illinois,
g.a,e.a,cabcbcag.a,,cbbhb.a,VX,NiffVA,jbd.a,bciij.a,bciijad.a,dccbb.a,LAS,LasVegasNV,NV,dc.a,Nevada,if.a
bd.a,,cabcbcbd.a,AS,,AS,NgcgAS,,,beafhac.a,deafh.a,PDX,PortlandOR,,,Oregon,
,g.a,,,,,NeefSW,efbe.a,,beigjad.a,degbe.a,SLC,SaltLakeCityUT,,ej.a,,
ca.a,,cabcbcca.a,WN,bjdjd.a,WN,,cjai.a,beheh.a,,,SEA,SeattleWA,WA,fd.a,,
,f.a,cabcbccb.a,,,Fj,,ifb.a,bfabg.a,,dbbcd.a,,St.LouisMO,MO,cj.a,Missouri,ge.a
d.a,,cabcbcad.a,AA,,AA,NdHNAA,,,baecdac.a,daecd.a,AUS,AustinTX,TX,,Texas,he.a
bh.a,b.a,cabcbcbh.a,US,cadff.a,US,,bhe.a,bebah.a,,daegg.a,PHX,PhoenixAZ,,e.a,Arizona,
,h.a,cabcbccd.a,EV,cadgg.a,EV,,,badjh.a,,dadjh.a,,,GA,bd.a,Georgia,de.a
c.a,,cabcbcac.a,AS,bjjda.a,,NhjgAS,,beheh.a,behehad.a,daffj.a,SEA,SeattleWA,WA,,Washington,
be.a,f.a,,,,UA,Ndhcja,bgga.a,,bbaggac.a,dbagg.a,CMH,,OH,,Ohio,ee.a
,e.a,cabcbcbd.a,,cadgg.a,EV,Nbdjhf,didi.a,baedb.a,baedbac.a,daedb.a,,,NC,dh.a,NorthCarolina,dg.a
bd.a,,cabcbcbd.a,WN,,,NcjbWN,gei.a,bfdha.a,bfdhaac.a,degfd.a,TUL,TulsaOK,OK,ea.a,Oklahoma,hd.a
bg.a,,cabcbcbg.a,WN,bjdjd.a,WN,,chfi.a,bebaa.a,,debaa.a,PHL,PhiladelphiaPA,,ec.a,Pennsylvania,
ce.a,,cabcbcce.a,WN,bjdjd.a,WN,,bhah.a,bcbjb.a,,,HOU,HoustonTX,TX,ei.a,,he.a
bi.a,c.a,cabcbcbi.a,Bg,caeaj.a,Bg,,,bcjfd.a,,dbhad.a,LGA,NewYorkNY,,dg.a,NewYork,cc.a
,h.a,,MQ,cadji.a,MQ,,ddjh.a,bdbfi.a,,ddbfi.a,,Midland/OdessaTX,,ei.a,,he.a
,h.a,,MQ,cadji.a,MQ,NghcMQ,cjfe.a,bbcji.a,bbcjiad.a,dabje.a,,Dallas/FortWorthTX,TX,ei.a,,he.a
,f.a,cabcbcah.a,,caedh.a,FL,NjicAT,gec.a,beejc.a,,deejc.a,,,,dh.a,NorthCarolina,
,c.a,cabcbcbb.a,EV,cadgg.a,EV,Nbgjbb,,bdcjg.a,bdcjgae.a,dahcb.a,,ManchesterNH,,dd.a,NewHampshire,be.a
db.a,,cabcbcdb.a,DL,bjhja.a,,NhghNC,,begif.a,begifac.a,degif.a,SAV,,GA,bd.a,Georgia,
ch.a,e.a,cabcbcch.a,,cadhi.a,YV,NjbjFJ,ciag.a,bdhjg.a,,,OAK,OaklandCA,,g.a,California,
c.a,,cabcbcac.a,AA,,AA,NecgAA,,,bbchiac.a,daifc.a,DCA,,VA,,Virginia,di.a
,e.a,cabcbcbd.a,,caedg.a,Fj,NjccFR,ife.a,bebah.a,,daegg.a,,PhoenixAZ,,e.a,Arizona,
bc.a,,cabcbcbc.a,AA,,AA,NfBSAA,,,bdcaeac.a,dbefe.a,MCO,,,,Florida,dd.a
bd.a,,cabcbcbd.a,AA,,AA,NdCJAA,,,bcjfdac.a,dbhad.a,LGA,NewYorkNY,,,NewYork,cc.a
cf.a,,cabcbccf.a,DL,bjhja.a,DL,,,badjh.a,,,,,GA,bd.a,Georgia,de.a
ci.a,,cabcbcci.a,WN,,WN,NgagSW,dhag.a,,bbcfjad.a,,DAL,DallasTX,TX,ei.a,,he.a
,f.a,cabcbcci.a,,,EV,NgaiQX,fdca.a,,badjhaf.a,dadjh.a,,,GA,bd.a,Georgia,de.a
,c.a,cabcbcae.a,EV,cadgg.a,EV,NieeAS,,bbgeb.a,bbgebac.a,dbgeb.a,,,NC,dh.a,NorthCarolina,dg.a
,h.a,,MQ,cadji.a,MQ,NiegMQ,eabg.a,bacgi.a,bacgiac.a,dacgi.a,,WaterlooIA,IA,bj.a,Iowa,gb.a
ch.a,,cabcbcch.a,AA,,AA,NeceAA,,,bciijad.a,,LAS,LasVegasNV,NV,,Nevada,if.a
bi.a,,cabcbcbi.a,WN,bjdjd.a,WN,,bfac.a,beach.a,,,PBI,,FL,bc.a,Florida,
bb.a,c.a,cabcbcbb.a,YV,cadhi.a,YV,NjcjLR,chdc.a,bbbjd.a,,ddbaf.a,CVG,CincinnatiOH,KY,cb.a,Kentucky,fc.a
d.a,,cabcbcad.a,DL,,DL,NgbaDL,,,bdeihac.a,dbgfa.a,,MinneapolisMN,,ch.a,Minnesota,
ce.a,b.a,,UA,bjjhh.a,UA,,baa.a,bdjda.a,,,ORD,,IL,,Illinois,
,h.a,cabcbcbg.a,Fj,caedg.a,Fj,,gfd.a,bddec.a,,dddec.a,,MilwaukeeWI,,ff.a,,ef.a
bd.a,,cabcbcbd.a,AS,,AS,NfjgAS,,,becgcac.a,decgc.a,PSP,PalmSpringsCA,,,California,
h.a,f.a,,,,,Nbdhfa,bcba.a,bfdae.a,bfdaeac.a,ddbjf.a,TPA,TampaFL,FL,,Florida,dd.a
,h.a,,OO,cadae.a,OO,,fgcf.a,behhb.a,,dcefh.a,SFO,SanFranciscoCA,CA,g.a,California,
,c.a,cabcbcbb.a,EV,cadgg.a,EV,NieeAS,,badjh.a,badjhaf.a,dadjh.a,,,GA,bd.a,Georgia,de.a
ch.a,e.a,,,bjjhh.a,UA,Ncecbb,bgbf.a,bbgbi.a,bbgbiac.a,,EWR,NewarkNJ,,,NewJersey,cb.a
bd.a,e.a,cabcbcbd.a,,,VX,NgddVA,iaj.a,,beafhac.a,deafh.a,PDX,PortlandOR,,eb.a,Oregon,
,f.a,,,,OO,NfgfSW,gcic.a,,bcedgac.a,dcedg.a,IYK,InyokernCA,CA,g.a,California,jb.a
ca.a,,cabcbcca.a,AS,bjjda.a,AS,,,bcbhd.a,,,HNL,HonoluluHI,HI,,Hawaii,c.a
bj.a,d.a,cabcbcbj.a,Bg,caeaj.a,Bg,,,bbgbi.a,,,EWR,NewarkNJ,,de.a,NewJersey,cb.a
,d.a,,OO,,OO,NfejCA,efdi.a,,bdeihac.a,dbgfa.a,MSP,MinneapolisMN,,ch.a,Minnesota,
bc.a,,cabcbcbc.a,AA,,,NdDCAA,,,behhbab.a,dcefh.a,SFO,SanFranciscoCA,CA,,California,
cg.a,,cabcbccg.a,AA,,AA,NdDXAA,,,bbcjiad.a,,DFW,Dallas/FortWorthTX,TX,,Texas,he.a
,e.a,cabcbcca.a,,cadgg.a,EV,,fjjc.a,bdbji.a,,ddbji.a,,KansasCityMO,MO,cj.a,Missouri,ge.a
cj.a,g.a,cabcbccj.a,,cadhi.a,YV,NjajFJ,ciej.a,bdhjg.a,,,OAK,OaklandCA,,g.a,California,
,h.a,,OO,cadae.a,OO,NjgjSW,fgda.a,bahbd.a,,dahbd.a,BOI,BoiseID,ID,bg.a,Idaho,id.a
ch.a,,cabcbcch.a,AA,,AA,NeceAA,,,bbcjiad.a,,DFW,Dallas/FortWorthTX,TX,,Texas,he.a
,h.a,cabcbcac.a,EV,cadgg.a,EV,Nbcfda,,bbebf.a,bbebfab.a,dbddf.a,,DelRioTX,TX,ei.a,,he.a
,g.a,,,cadae.a,OO,NhbjSK,gcaj.a,bbcjc.a,bbcjcac.a,dadcf.a,DEN,DenverCO,CO,i.a,Colorado,ic.a
bh.a,,cabcbcbh.a,WN,bjdjd.a,WN,,dedh.a,baicb.a,,daifc.a,BWI,,MD,ce.a,Maryland,df.a
ba.a,,cabcbcba.a,WN,bjdjd.a,WN,NcdhWN,bdgg.a,bcdjb.a,bcdjbac.a,dbhad.a,ISP,IslipNY,NY,dg.a,NewYork,cc.a
ba.a,,cabcbcba.a,AA,,AA,NdFEAA,,,bccgeac.a,daifc.a,IAD,,VA,,Virginia,di.a
,c.a,cabcbcae.a,EV,cadgg.a,EV,NbdfEV,,badjh.a,badjhaf.a,dadjh.a,,,GA,bd.a,Georgia,de.a
cg.a,d.a,cabcbccg.a,,cadff.a,,NghfAW,ebi.a,behhb.a,behhbab.a,,SFO,SanFranciscoCA,CA,g.a,California,
b.a,,cabcbcab.a,AA,,AA,NdBAAA,,,bddadad.a,dcegh.a,MIA,MiamiFL,,,Florida,dd.a
f.a,d.a,cabcbcaf.a,US,cadff.a,US,NhecPS,bcgi.a,bbcji.a,bbcjiad.a,dabje.a,DFW,Dallas/FortWorthTX,TX,ei.a,,he.a
,b.a,,OO,,OO,NficSW,fdah.a,,bbaacac.a,dbaac.a,CIC,ChicoCA,CA,g.a,California,jb.a
bc.a,,cabcbcbc.a,WN,bjdjd.a,WN,NhhdfA,bacj.a,bebah.a,bebahac.a,daegg.a,PHX,PhoenixAZ,,e.a,Arizona,
bj.a,d.a,,UA,bjjhh.a,UA,,hib.a,bebaa.a,,,PHL,PhiladelphiaPA,,,Pennsylvania,
bh.a,b.a,,UA,bjjhh.a,UA,,bgfd.a,bdjda.a,,dajhh.a,ORD,,IL,,Illinois,
ci.a,f.a,,,bjjhh.a,UA,Nhdcfg,bgdc.a,babea.a,babeaac.a,,ABQ,AlbuquerqueNM,NM,,NewMexico,ig.a
bd.a,,cabcbcbd.a,WN,,WN,NfcdSW,cbb.a,,baicbad.a,daifc.a,BWI,,MD,ce.a,Maryland,df.a
ch.a,,cabcbcch.a,DL,bjhja.a,DL,NjbgDE,,beach.a,,,,WestPalmBeach/PalmBeachFL,FL,bc.a,Florida,
j.a,h.a,cabcbcaj.a,YV,cadhi.a,YV,NjcaFJ,chaf.a,bbafh.a,,dbafh.a,CLT,,NC,dh.a,NorthCarolina,dg.a
cb.a,f.a,,,bjjhh.a,UA,,edc.a,bdjda.a,,,ORD,,IL,,Illinois,
ce.a,b.a,cabcbcce.a,Bg,caeaj.a,Bg,,,bcjfd.a,,,LGA,NewYorkNY,,dg.a,NewYork,cc.a
i.a,,cabcbcai.a,WN,,,NgceSW,bije.a,,beijdac.a,ddbjc.a,SMF,SacramentoCA,,g.a,California,jb.a
bb.a,c.a,,UA,,UA,Nddcjc,bbbg.a,,bbcjcac.a,dadcf.a,DEN,DenverCO,CO,,Colorado,ic.a
ba.a,,cabcbcba.a,AA,,AA,NedhAA,,,bbcjiad.a,dabje.a,DFW,Dallas/FortWorthTX,TX,,Texas,he.a
d.a,,cabcbcad.a,AA,,AA,NdDNAA,,,bbcjiad.a,dabje.a,DFW,Dallas/FortWorthTX,TX,,Texas,he.a
,c.a,cabcbcbb.a,EV,cadgg.a,EV,Nbfjeb,,bccgg.a,bccggad.a,dbefd.a,,HoustonTX,TX,ei.a,,he.a
bj.a,d.a,,UA,bjjhh.a,UA,,bffe.a,bccgg.a,,,IAH,HoustonTX,TX,,Texas,he.a
,f.a,,,cadae.a,OO,NibfSK,eeie.a,bccgg.a,bccggad.a,dbefd.a,IAH,HoustonTX,TX,ei.a,,he.a
cb.a,,cabcbccb.a,DL,bjhja.a,DL,,,badjh.a,,,,,GA,,Georgia,de.a
i.a,,cabcbcai.a,WN,,WN,NdfeSW,bhhc.a,,bbeddac.a,dbcjf.a,DTW,,MI,cg.a,Michigan,ed.a
,e.a,,,,MQ,NgabMQ,eajd.a,,bdjdaac.a,dajhh.a,,,IL,bh.a,Illinois,
c.a,,cabcbcac.a,AA,,AA,NdDAAA,,,bdjdaac.a,dajhh.a,ORD,,IL,,Illinois,
ca.a,,cabcbcca.a,AS,bjjda.a,AS,,,bdeih.a,,,MSP,MinneapolisMN,,,Minnesota,
i.a,g.a,cabcbcai.a,,caeaj.a,,NbieJB,bbbf.a,befce.a,befceab.a,defce.a,RIC,,,fb.a,,
cb.a,,cabcbccb.a,WN,bjdjd.a,WN,,ehja.a,bebaa.a,,,PHL,PhiladelphiaPA,,ec.a,Pennsylvania,
cd.a,h.a,cabcbccd.a,YV,cadhi.a,YV,,cicb.a,bebah.a,,,PHX,PhoenixAZ,,e.a,Arizona,
,h.a,,MQ,cadji.a,MQ,,eeih.a,beejc.a,,deejc.a,,,,dh.a,NorthCarolina,
cg.a,,cabcbccg.a,WN,,WN,NdhdSW,eibg.a,,bbcfjad.a,,DAL,DallasTX,TX,ei.a,,he.a
f.a,,cabcbcaf.a,WN,bjdjd.a,WN,NcefWN,dfg.a,bdcdc.a,bdcdcac.a,dajhh.a,MDW,,IL,bh.a,Illinois,eb.a
e.a,,cabcbcae.a,WN,bjdjd.a,WN,NggcSW,hji.a,bbcjc.a,bbcjcac.a,dadcf.a,DEN,DenverCO,CO,i.a,Colorado,ic.a
bi.a,c.a,,OO,cadae.a,OO,,ehcj.a,beefh.a,,,RAP,RapidCitySD,,eg.a,SouthDakota,
bd.a,,cabcbcbd.a,DL,,DL,NddgNW,,,badjhaf.a,dadjh.a,,,GA,,Georgia,de.a
cb.a,,cabcbccb.a,DL,bjhja.a,DL,,,bdeih.a,,,,MinneapolisMN,,,Minnesota,
ch.a,,cabcbcch.a,DL,bjhja.a,DL,NjigDL,,bebjd.a,,,,PensacolaFL,,,Florida,
,g.a,,,,MQ,NgbbMQ,chic.a,,bbcjiad.a,dabje.a,,Dallas/FortWorthTX,TX,ei.a,,he.a
be.a,f.a,cabcbcbe.a,,caeaj.a,Bg,NhafJB,cfj.a,bahcb.a,bahcbac.a,dahcb.a,BOS,BostonMA,MA,cf.a,Massachusetts,bd.a
,f.a,cabcbcbe.a,,caedh.a,FL,NjcgAT,fhb.a,bebjd.a,,ddhci.a,,PensacolaFL,,bc.a,Florida,
be.a,f.a,,,,UA,NeecUA,hea.a,,bbcjcac.a,dadcf.a,DEN,DenverCO,CO,,Colorado,ic.a
,d.a,cabcbcbc.a,,cadgg.a,EV,Nbbbhg,fjhg.a,bdihb.a,bdihbac.a,dddbg.a,,OmahaNE,,db.a,Nebraska,
cc.a,g.a,cabcbccc.a,,cadff.a,US,,fb.a,behhb.a,,,SFO,SanFranciscoCA,CA,g.a,California,
,g.a,cabcbcai.a,,caedg.a,Fj,NjdaFR,ggb.a,bbcjc.a,,dadcf.a,,DenverCO,CO,i.a,Colorado,ic.a
,h.a,,MQ,cadji.a,MQ,NiecMQ,eahd.a,bdjda.a,bdjdaac.a,dajhh.a,,,IL,bh.a,Illinois,
cj.a,g.a,,,cadae.a,OO,NhigSK,gcje.a,bbjcb.a,bbjcbac.a,,GJT,GrandJunctionCO,CO,i.a,Colorado,ic.a
ca.a,e.a,,,cadae.a,OO,,gehg.a,behhb.a,,,SFO,SanFranciscoCA,CA,g.a,California,
cj.a,g.a,,,,UA,NfejUA,gbh.a,,bdidaac.a,,OGG,KahuluiHI,HI,,Hawaii,
c.a,h.a,,OO,,OO,NfagCA,cjgf.a,,bebahac.a,daegg.a,PHX,PhoenixAZ,,e.a,Arizona,
cg.a,d.a,cabcbccg.a,,,Bg,NfgbJB,jdj.a,,bafcjae.a,,BDL,HartfordCT,CT,j.a,Connecticut,bb.a
ce.a,,cabcbcce.a,WN,bjdjd.a,WN,,bbda.a,bebah.a,,,PHX,PhoenixAZ,,e.a,Arizona,
c.a,,cabcbcac.a,DL,bjhja.a,DL,NjfcDL,,bbedd.a,,dbcjf.a,,,MI,,Michigan,ed.a
,d.a,cabcbcbj.a,,cadgg.a,EV,,ecdc.a,bbaec.a,,dageh.a,,,OH,dj.a,Ohio,ee.a
,b.a,,MQ,cadji.a,MQ,,dici.a,bdjda.a,,dajhh.a,,,IL,bh.a,Illinois,
ca.a,,cabcbcca.a,AA,bjiaf.a,AA,,,bddad.a,,,MIA,MiamiFL,,,Florida,dd.a
ba.a,,cabcbcba.a,DL,,DL,NfdeUS,,,badjhaf.a,dadjh.a,,,GA,,Georgia,de.a
,d.a,,,,MQ,NfadMQ,eggi.a,,badjhaf.a,dadjh.a,,,GA,bd.a,Georgia,de.a
bi.a,,cabcbcbi.a,DL,bjhja.a,DL,,,bcddj.a,,,,,IN,,Indiana,ec.a
bc.a,d.a,,,cadae.a,,NcjeSW,fgbf.a,begij.a,begijac.a,degij.a,SBA,SantaBarbaraCA,CA,g.a,California,
,,,HA,,HA,NehhHA,dib.a,,bceacad.a,dceac.a,,HiloHI,HI,bf.a,Hawaii,c.a
bb.a,,cabcbcbb.a,DL,bjhja.a,DL,NjhbDL,,behda.a,,ddaee.a,,LouisvilleKY,,,Kentucky,
,e.a,,,cadji.a,MQ,NiaaMQ,eabg.a,bacgi.a,bacgiac.a,dacgi.a,,WaterlooIA,IA,bj.a,Iowa,gb.a
bh.a,,cabcbcbh.a,WN,bjdjd.a,WN,,jac.a,bbagg.a,,dbagg.a,CMH,,OH,dj.a,Ohio,ee.a
ca.a,,cabcbcca.a,AA,bjiaf.a,AA,,,bbcji.a,,,DFW,Dallas/FortWorthTX,TX,,Texas,he.a
bf.a,,cabcbcbf.a,WN,bjdjd.a,WN,NcafWN,bgje.a,bdijb.a,bdijbab.a,dcfhf.a,ONT,OntarioCA,,g.a,California,
ba.a,b.a,,UA,bjjhh.a,UA,Nhhcjg,bbge.a,bdjda.a,bdjdaac.a,dajhh.a,ORD,,IL,,Illinois,
bg.a,h.a,,OO,,,NeedSW,efie.a,,beefhac.a,deefh.a,RAP,RapidCitySD,,eg.a,SouthDakota,
,f.a,,,cadji.a,MQ,,dedf.a,bajia.a,,dajia.a,,ChattanoogaTN,TN,eh.a,Tennessee,fe.a
da.a,h.a,,UA,,UA,NeiaUA,ide.a,,bbgbiac.a,,EWR,NewarkNJ,,,NewJersey,cb.a
,g.a,cabcbccj.a,,caedh.a,FL,NjehAT,gff.a,bdcae.a,,dbefe.a,,OrlandoFL,,bc.a,Florida,dd.a
bc.a,,cabcbbbc.a,AA,,AA,NddcAA,,,bcehiac.a,dbhad.a,JFK,NewYorkNY,,,NewYork,cc.a
,d.a,,,,,NgjeMQ,eaee.a,bfjbj.a,bfjbjac.a,dbide.a,XNA,FayettevilleAR,AR,f.a,Arkansas,hb.a
i.a,g.a,,,,UA,NfbeUA,hib.a,,bbcjcac.a,dadcf.a,DEN,DenverCO,CO,,Colorado,ic.a
cj.a,,cabcbccj.a,AS,bjjda.a,AS,NhjdAS,,bacjj.a,bacjjae.a,,ANC,AnchorageAK,AK,,Alaska,b.a
e.a,c.a,cabcbcae.a,Bg,,Bg,NdajJB,,,bdcaeac.a,dbefe.a,MCO,,,bc.a,Florida,dd.a
,g.a,cabcbcab.a,,caedg.a,Fj,NjcgFR,hgb.a,bagjd.a,,dagjd.a,,NashvilleTN,,eh.a,Tennessee,fe.a
,b.a,,OO,cadae.a,OO,NjbcSW,gdfi.a,bccia.a,,dccia.a,IDA,IdahoFallsID,ID,bg.a,Idaho,id.a
b.a,,cabcbcab.a,DL,bjhja.a,DL,NjaaPC,,badjh.a,badjhaf.a,dadjh.a,,,GA,,Georgia,de.a
cc.a,,cabcbccc.a,AS,bjjda.a,AS,,,bdjha.a,,,OTZ,KotzebueAK,AK,,Alaska,
db.a,,cabcbcdb.a,AA,,AA,NfhiAA,,,bbcjiad.a,dabje.a,DFW,Dallas/FortWorthTX,TX,,Texas,he.a
,h.a,cabcbcda.a,EV,cadgg.a,EV,Nbebia,,bccgg.a,bccggad.a,dbefd.a,,HoustonTX,TX,ei.a,,he.a
bf.a,,cabcbcbf.a,AA,,AA,NdEPAA,,,bbcjiad.a,dabje.a,DFW,Dallas/FortWorthTX,TX,,Texas,he.a
i.a,g.a,,,bjjhh.a,,NicbUA,fhd.a,beghj.a,beghjad.a,ddfha.a,SAN,SanDiegoCA,,,California,
ba.a,b.a,,UA,,UA,NfddUA,ehg.a,,bdjdaac.a,dajhh.a,ORD,,IL,,Illinois,
da.a,,cabcbcda.a,DL,bjhja.a,DL,NjgaDN,,bddad.a,,,,MiamiFL,,,Florida,dd.a
bi.a,,cabcbcbi.a,DL,bjhja.a,DL,,,badjh.a,,,,,GA,,Georgia,de.a
,f.a,cabcbccb.a,,cadgg.a,EV,,edda.a,bccgg.a,,dbefd.a,,HoustonTX,TX,ei.a,,he.a
,e.a,cabcbcag.a,,cadgg.a,EV,Nbhjci,ecbi.a,bccgg.a,bccggad.a,dbefd.a,,HoustonTX,TX,ei.a,,he.a
,f.a,cabcbcah.a,,cadgg.a,,Nbbbhg,ecdb.a,beejc.a,beejcac.a,deejc.a,RDU,,,dh.a,NorthCarolina,
,b.a,,MQ,cadji.a,MQ,,dgig.a,begid.a,,ddcbe.a,,SanAntonioTX,,ei.a,,
,f.a,cabcbcah.a,,cadgg.a,EV,NicfAS,fgjh.a,bdjdb.a,bdjdbac.a,ddggh.a,,,,fb.a,,
,h.a,,MQ,cadji.a,MQ,,dfgd.a,badjh.a,,dadjh.a,,,GA,bd.a,Georgia,de.a
cb.a,,cabcbccb.a,AA,,AA,,,beigj.a,,,SLC,SaltLakeCityUT,,,Utah,
,c.a,,OO,,OO,NjcaSW,gejb.a,bfdhg.a,,daedg.a,TUS,TucsonAZ,AZ,e.a,Arizona,ib.a
bd.a,,cabcbcbd.a,WN,,WN,NgchSW,fed.a,,bdbjiab.a,ddbji.a,MCI,KansasCityMO,MO,cj.a,Missouri,ge.a
,b.a,cabcbcba.a,EV,cadgg.a,EV,NihaAS,,badjh.a,badjhaf.a,dadjh.a,,,GA,bd.a,Georgia,de.a
cb.a,,cabcbccb.a,AA,bjiaf.a,AA,,,bbchi.a,,,DCA,,VA,,Virginia,di.a
cd.a,h.a,cabcbccd.a,US,cadff.a,US,,bhba.a,bbafh.a,,,CLT,,NC,dh.a,NorthCarolina,dg.a
bb.a,,cabcbcbb.a,AS,,,NgccAS,,,bejaiad.a,dcfhf.a,SNA,SantaAnaCA,CA,,California,jb.a
cg.a,,cabcbccg.a,DL,,DL,NdheDA,,,bbeddac.a,,,,MI,,Michigan,ed.a
,f.a,,,cadji.a,MQ,NiejMQ,djhe.a,bagjd.a,bagjdac.a,dagjd.a,,NashvilleTN,,eh.a,Tennessee,fe.a
be.a,,cabcbcbe.a,WN,,,NejeWN,bffe.a,,beghjad.a,ddfha.a,SAN,SanDiegoCA,,g.a,California,
ci.a,,cabcbcci.a,DL,bjhja.a,DL,NghbfC,,bdeih.a,bdeihac.a,,,MinneapolisMN,,,Minnesota,
d.a,,cabcbcad.a,AA,,,NeYSAA,,,bfabgad.a,dbbcd.a,STL,St.LouisMO,MO,,Missouri,ge.a
ca.a,,cabcbcca.a,DL,bjhja.a,DL,,,bdeih.a,,,,MinneapolisMN,,,Minnesota,
be.a,f.a,cabcbcbe.a,,cadff.a,US,NhcfUW,bfga.a,bcehi.a,bcehiac.a,dbhad.a,JFK,NewYorkNY,,dg.a,NewYork,cc.a
f.a,,cabcbcaf.a,DL,bjhja.a,,NgieDA,,beejc.a,beejcac.a,deejc.a,RDU,,,,NorthCarolina,
f.a,,cabcbcaf.a,AA,,AA,NdAEAA,,,bddadad.a,dcegh.a,MIA,MiamiFL,,,Florida,dd.a
be.a,,cabcbcbe.a,DL,bjhja.a,DL,NhihNC,,bdjda.a,bdjdaac.a,dajhh.a,,,IL,,Illinois,
,f.a,,,cadji.a,MQ,,dfge.a,bddad.a,,dcegh.a,,MiamiFL,,bc.a,Florida,dd.a
,d.a,,,cadji.a,MQ,NiaaMQ,eahj.a,bbaec.a,bbaecac.a,dageh.a,,,OH,dj.a,Ohio,ee.a
be.a,f.a,,,bjjhh.a,,NiafUA,dgh.a,behhb.a,behhbab.a,dcefh.a,SFO,SanFranciscoCA,CA,,California,
f.a,d.a,cabcbcaf.a,,caeaj.a,Bg,NcejJB,gia.a,bbchi.a,bbchiac.a,daifc.a,DCA,,VA,fb.a,,di.a
ci.a,f.a,,,bjjhh.a,UA,NiegUA,fab.a,bbcji.a,bbcjiad.a,,DFW,Dallas/FortWorthTX,TX,,Texas,he.a
ci.a,f.a,,,cadae.a,,NhbiSK,geai.a,behhb.a,behhbab.a,,SFO,SanFranciscoCA,CA,g.a,California,
bb.a,,cabcbcbb.a,WN,bjdjd.a,,NhfjGS,jdb.a,beghj.a,beghjad.a,ddfha.a,SAN,SanDiegoCA,,g.a,California,
bd.a,e.a,,,,OO,NeeaSW,efbj.a,,bbhhfac.a,dbhhf.a,FSD,SiouxFallsSD,SD,eg.a,SouthDakota,gh.a
,g.a,cabcbccc.a,,cadgg.a,EV,,fade.a,badjh.a,,dadjh.a,,,GA,bd.a,Georgia,de.a
cb.a,f.a,,,cadae.a,OO,,cgbe.a,beghj.a,,,SAN,SanDiegoCA,,g.a,California,
,,,HA,bjgja.a,HA,,cfb.a,bchfi.a,,dchfi.a,,KonaHI,HI,bf.a,Hawaii,c.a
,e.a,,,cadji.a,MQ,,edib.a,bbbjd.a,,ddbaf.a,,CincinnatiOH,KY,cb.a,Kentucky,fc.a
,c.a,cabcbcbi.a,Fj,caedg.a,Fj,,ghc.a,bbcjc.a,,dadcf.a,,DenverCO,CO,i.a,Colorado,ic.a
,f.a,cabcbcci.a,,,EV,Ndbbdb,ecdj.a,,bccggad.a,dbefd.a,,HoustonTX,TX,ei.a,,he.a
,e.a,,,,OO,NeedSW,hebi.a,,bcddfac.a,dcddf.a,IMT,,MI,cg.a,Michigan,ed.a
cb.a,f.a,cabcbccb.a,,cadhi.a,YV,,chdb.a,bebah.a,,,PHX,PhoenixAZ,,e.a,Arizona,
,e.a,,,,,NgadSK,efad.a,,beghjad.a,ddfha.a,SAN,SanDiegoCA,,g.a,California,
bc.a,d.a,cabcbcbc.a,,cadff.a,US,NbcgUW,bceb.a,bebaa.a,bebaaac.a,debaa.a,PHL,PhiladelphiaPA,,ec.a,Pennsylvania,
cf.a,c.a,,UA,,UA,,bbff.a,beied.a,,,SJU,SanJuanPR,PR,,PuertoRico,
i.a,g.a,,,,UA,NeeiUA,dgi.a,,bdejfac.a,ddejf.a,MSY,NewOrleansLA,,,Louisiana,
e.a,,cabcbcae.a,DL,,,NdecNW,,,bfdaeac.a,ddbjf.a,TPA,TampaFL,FL,,Florida,dd.a
db.a,,cabcbcdb.a,WN,bjdjd.a,WN,NhifSW,gag.a,bcefb.a,bcefbac.a,dbbdg.a,JAX,JacksonvilleFL,FL,bc.a,Florida,dd.a
bc.a,d.a,cabcbcbc.a,,cadhi.a,YV,NjdcLR,cgbg.a,bdfhh.a,,dbbdf.a,MYR,,,ef.a,SouthCarolina,
bd.a,,cabcbcbd.a,WN,bjdjd.a,WN,NcjcWN,iga.a,bciij.a,bciijad.a,dccbb.a,LAS,LasVegasNV,NV,dc.a,Nevada,if.a
,,,HA,,HA,NehjHA,def.a,,bcbhdab.a,dcbde.a,,HonoluluHI,HI,bf.a,Hawaii,c.a
bh.a,,cabcbcbh.a,DL,bjhja.a,DL,,,bdcae.a,,dbefe.a,,OrlandoFL,,,Florida,dd.a
,d.a,,,cadae.a,OO,NcceSW,fcje.a,bbaeb.a,bbaebad.a,dbaeb.a,CLD,CarlsbadCA,CA,g.a,California,jb.a
,h.a,cabcbcac.a,EV,cadgg.a,EV,NifgAS,,bajja.a,bajjaac.a,dajja.a,,,VA,fb.a,,di.a
bj.a,d.a,cabcbcbj.a,,bjjhh.a,UA,,bah.a,bcijc.a,,,LAX,LosAngelesCA,CA,,California,jb.a
,g.a,cabcbccj.a,,cadgg.a,EV,NiciAS,fhga.a,bccge.a,bccgeac.a,daifc.a,,,VA,fb.a,,di.a
db.a,b.a,cabcbcdb.a,US,cadff.a,US,NidhAW,ghj.a,bebcc.a,bebccac.a,dabji.a,PIT,PittsburghPA,,ec.a,Pennsylvania,
,g.a,cabcbcai.a,,cadgg.a,EV,Nbejhc,diag.a,bbaec.a,bbaecac.a,dageh.a,,,OH,dj.a,Ohio,ee.a
,h.a,cabcbcbg.a,EV,cadgg.a,EV,Nbcbfh,,bbafh.a,bbafhad.a,dbafh.a,,,NC,dh.a,NorthCarolina,dg.a
,b.a,,FL,caedh.a,FL,NjgdAT,fhf.a,badjh.a,,dadjh.a,,,GA,bd.a,Georgia,de.a
,b.a,,OO,cadae.a,OO,NiheAS,cjje.a,becgc.a,becgcac.a,decgc.a,PSP,PalmSpringsCA,,g.a,California,
,,,HA,,HA,NehjHA,cbf.a,,bdidaac.a,ddida.a,,KahuluiHI,HI,bf.a,Hawaii,
,e.a,,,cadji.a,MQ,,edhh.a,bdjda.a,,dajhh.a,,,IL,bh.a,Illinois,
cf.a,c.a,cabcbccf.a,Bg,caeaj.a,Bg,,,bdcae.a,,,MCO,OrlandoFL,,bc.a,Florida,dd.a
bb.a,,cabcbcbb.a,DL,,DL,NfcbUS,,,badjhaf.a,dadjh.a,,,GA,,Georgia,de.a
bi.a,c.a,cabcbcbi.a,UA,bjjhh.a,UA,,bafe.a,behhb.a,,,SFO,SanFranciscoCA,CA,,California,
b.a,g.a,cabcbcab.a,,,,NehgUA,hhj.a,,behehad.a,daffj.a,SEA,SeattleWA,WA,,Washington,
bj.a,,cabcbcbj.a,WN,bjdjd.a,WN,,debj.a,bcbjb.a,,,HOU,HoustonTX,TX,ei.a,,he.a
,e.a,,,cadae.a,OO,,ehbb.a,bcijc.a,,dcfhf.a,LAX,LosAngelesCA,CA,g.a,California,jb.a
j.a,h.a,cabcbcaj.a,YV,cadhi.a,YV,NjceFJ,cgdf.a,bccge.a,,daifc.a,IAD,,VA,fb.a,,di.a
bg.a,h.a,cabcbcbg.a,YV,,YV,,cgii.a,bfabg.a,,dbbcd.a,STL,St.LouisMO,MO,cj.a,Missouri,ge.a
,g.a,,,,MQ,NgceMQ,dffd.a,,bddadad.a,dcegh.a,,MiamiFL,,bc.a,Florida,dd.a
f.a,d.a,cabcbcaf.a,,,Bg,NfgeJB,dic.a,,bbgjhad.a,dcegh.a,FLL,FortLauderdaleFL,FL,bc.a,Florida,dd.a
bg.a,h.a,,UA,,,NegdUA,jhb.a,,bfdaeac.a,ddbjf.a,TPA,TampaFL,FL,,Florida,dd.a
cg.a,,cabcbccg.a,AS,bjjda.a,AS,NhjdAS,,bcfcd.a,bcfcdac.a,,JNU,JuneauAK,AK,,Alaska,b.a
,g.a,cabcbccc.a,,cadgg.a,EV,,edgg.a,bccgg.a,,dbefd.a,,HoustonTX,TX,ei.a,,he.a
,e.a,,,cadji.a,MQ,NhccMQ,efcb.a,bcjfd.a,bcjfdac.a,dbhad.a,,NewYorkNY,,dg.a,NewYork,cc.a
,h.a,cabcbcbg.a,EV,cadgg.a,EV,Nbejfa,,bdjda.a,bdjdaac.a,dajhh.a,,,IL,bh.a,Illinois,
cj.a,,cabcbbcj.a,AA,,AA,NdhbAA,,,bbcjiad.a,,DFW,Dallas/FortWorthTX,TX,,Texas,he.a
e.a,,cabcbcae.a,DL,bjhja.a,DL,NghaiD,,bbedd.a,bbeddac.a,dbcjf.a,,,MI,cg.a,Michigan,ed.a
,c.a,cabcbcbb.a,EV,,,Nbgfhb,,bfebc.a,bfebcac.a,dfebc.a,TYS,KnoxvilleTN,TN,eh.a,Tennessee,fe.a
f.a,,cabcbcaf.a,DL,bjhja.a,DL,NhhjNC,,bbeib.a,bbeibac.a,dbeib.a,,PanamaCityFL,,bc.a,Florida,dd.a
ca.a,e.a,cabcbcca.a,,cadff.a,US,,bcbj.a,bbafh.a,,,CLT,,NC,dh.a,NorthCarolina,dg.a
,g.a,,,,,NdeeAT,gcf.a,,beiedad.a,deibj.a,SJU,SanJuanPR,PR,hc.a,,
ca.a,,cabcbcca.a,WN,bjdjd.a,WN,,bfhg.a,befha.a,,,RNO,RenoNV,,dc.a,Nevada,
,d.a,cabcbcbj.a,,cadgg.a,EV,,egcg.a,bccgg.a,,dbefd.a,,HoustonTX,TX,ei.a,,he.a
ch.a,,cabcbcch.a,WN,,WN,NdefSA,ejad.a,,bdcdcac.a,,MDW,,IL,bh.a,Illinois,eb.a
f.a,d.a,cabcbcaf.a,,,US,NfeeUW,df.a,,bebahac.a,daegg.a,PHX,PhoenixAZ,,e.a,Arizona,
b.a,,cabcbcab.a,WN,bjdjd.a,WN,NjajWN,beji.a,beafh.a,,deafh.a,PDX,PortlandOR,,eb.a,Oregon,
,f.a,,,caedh.a,FL,NjceAT,ga.a,badjh.a,,dadjh.a,,,GA,bd.a,Georgia,de.a
cf.a,,cabcbccf.a,WN,bjdjd.a,WN,,cga.a,bdcdc.a,,,MDW,,IL,bh.a,Illinois,eb.a
bj.a,d.a,cabcbcbj.a,,,Bg,,iga.a,beied.a,,,SJU,SanJuanPR,PR,hc.a,,
i.a,g.a,cabcbcai.a,,cadff.a,US,NhceUW,hdi.a,bbafh.a,bbafhad.a,dbafh.a,CLT,,NC,dh.a,NorthCarolina,dg.a
bd.a,,cabcbbbd.a,AA,,AA,NdCTAA,,,bdjdaac.a,dajhh.a,ORD,,IL,,Illinois,
cg.a,,cabcbccg.a,AA,,AA,NfCCAA,,,bbcjiad.a,,DFW,Dallas/FortWorthTX,TX,,Texas,he.a
,f.a,,,cadae.a,OO,NjdcSW,fceg.a,bbcji.a,,dabje.a,DFW,Dallas/FortWorthTX,TX,ei.a,,he.a
j.a,h.a,cabcbcaj.a,US,cadff.a,US,NibdAW,fh.a,bebah.a,bebahac.a,daegg.a,PHX,PhoenixAZ,,e.a,Arizona,
,h.a,cabcbcbg.a,EV,cadgg.a,EV,NbdgEV,,bbhcb.a,bbhcbac.a,dbhcb.a,,,MI,cg.a,Michigan,ed.a
,d.a,cabcbcbj.a,,cadgg.a,EV,,fbee.a,bccgg.a,,dbefd.a,,HoustonTX,TX,ei.a,,he.a
bb.a,,cabcbcbb.a,WN,,WN,NfafSW,ff.a,,bebahac.a,daegg.a,PHX,PhoenixAZ,,e.a,Arizona,
b.a,g.a,cabcbcab.a,,cadhi.a,YV,NjdbLR,ciai.a,bdfhh.a,,dbbdf.a,MYR,,,ef.a,SouthCarolina,
cg.a,d.a,cabcbccg.a,,,YV,NjbdFJ,chjc.a,bfdhg.a,,,TUS,TucsonAZ,AZ,e.a,Arizona,ib.a
,b.a,cabcbcce.a,EV,cadgg.a,EV,,,bbcjc.a,,dadcf.a,,DenverCO,CO,i.a,Colorado,ic.a
bf.a,g.a,cabcbcbf.a,,cadff.a,US,NbhdUS,bhfd.a,bbafh.a,bbafhad.a,dbafh.a,CLT,,NC,dh.a,NorthCarolina,dg.a
ca.a,,cabcbcca.a,AA,bjiaf.a,AA,,,bbgbi.a,,,EWR,NewarkNJ,,,NewJersey,cb.a
,d.a,cabcbcbc.a,,caedh.a,FL,NcibAT,gbc.a,badjh.a,badjhaf.a,dadjh.a,,,GA,bd.a,Georgia,de.a
ci.a,,cabcbcci.a,AA,,AA,NeicAA,,,bbcjiad.a,,DFW,Dallas/FortWorthTX,TX,,Texas,he.a
bg.a,,cabcbcbg.a,DL,bjhja.a,DL,,,badjh.a,,dadjh.a,,,GA,,Georgia,de.a
,e.a,cabcbcca.a,,cadgg.a,EV,,fbef.a,bbedd.a,,dbcjf.a,,,MI,cg.a,Michigan,ed.a
bg.a,h.a,cabcbcbg.a,US,,US,NgccAW,f.a,,bdjdaac.a,dajhh.a,ORD,,IL,bh.a,Illinois,
cf.a,,cabcbccf.a,DL,bjhja.a,DL,,,bdbji.a,,,,KansasCityMO,MO,cj.a,Missouri,ge.a
cg.a,,cabcbccg.a,WN,bjdjd.a,WN,NhbeCB,beac.a,bedah.a,bedahac.a,,PVD,ProvidenceRI,,ee.a,RhodeIsland,
f.a,,cabcbcaf.a,AS,,,NgahAS,,,behehad.a,daffj.a,SEA,SeattleWA,WA,,Washington,
bj.a,,cabcbcbj.a,WN,,WN,,gce.a,beijd.a,,,SMF,SacramentoCA,,g.a,California,jb.a
be.a,f.a,cabcbcbe.a,,,,NfjfJB,egc.a,,begdfac.a,dbhbe.a,RSW,FortMyersFL,FL,bc.a,Florida,
db.a,,cabcbcdb.a,WN,,WN,NeiiWN,cdjh.a,,bafjjae.a,dafjj.a,BHM,BirminghamAL,AL,b.a,Alabama,fb.a
cg.a,,cabcbccg.a,DL,,DL,NdafDQ,,,bbgbiac.a,,,NewarkNJ,,de.a,NewJersey,cb.a
,e.a,,,,OO,NfgiSW,gede.a,,bcijcad.a,dcfhf.a,LAX,LosAngelesCA,CA,g.a,California,jb.a
ca.a,e.a,cabcbcca.a,,cadff.a,US,,cbij.a,bcjfd.a,,,LGA,NewYorkNY,,dg.a,NewYork,cc.a
h.a,,cabcbbah.a,AA,,,NdbjAA,,,behhbab.a,dcefh.a,SFO,SanFranciscoCA,CA,,California,
cg.a,,cabcbccg.a,WN,,WN,NeciWN,dcdf.a,,bcijcad.a,,LAX,LosAngelesCA,CA,g.a,California,jb.a
i.a,g.a,,,bjjhh.a,UA,NidgUA,fje.a,bdjda.a,bdjdaac.a,dajhh.a,ORD,,IL,,Illinois,
,b.a,cabcbcad.a,EV,cadgg.a,EV,Nbejda,,bbjhd.a,bbjhdac.a,dbjhd.a,,Gulfport/BiloxiMS,MS,ci.a,Mississippi,fd.a
,g.a,,,cadae.a,OO,NjcjSW,ffeb.a,bbgad.a,,dbgad.a,EUG,EugeneOR,OR,eb.a,Oregon,jc.a
,e.a,,,cadae.a,OO,,cgaj.a,befha.a,,defha.a,RNO,RenoNV,,dc.a,Nevada,
cj.a,,cabcbccj.a,DL,bjhja.a,DL,NjffDN,,bdeih.a,,,,MinneapolisMN,,ch.a,Minnesota,
f.a,,cabcbcaf.a,DL,bjhja.a,DL,NjciDN,,badjh.a,,dadjh.a,,,GA,bd.a,Georgia,de.a
bd.a,,cabcbcbd.a,WN,bjdjd.a,WN,NhbcSW,baj.a,bcbjb.a,bcbjbac.a,dbefd.a,HOU,HoustonTX,TX,ei.a,,he.a
bb.a,,cabcbcbb.a,DL,bjhja.a,DL,NggcDN,,bciij.a,bciijad.a,dccbb.a,,LasVegasNV,NV,dc.a,Nevada,if.a
,g.a,cabcbcai.a,,caedh.a,FL,NjgeAT,eda.a,bddec.a,,dddec.a,,MilwaukeeWI,,ff.a,,ef.a
ba.a,,cabcbcba.a,WN,bjdjd.a,WN,NidbhM,dgb.a,baicb.a,baicbad.a,daifc.a,BWI,,MD,ce.a,Maryland,df.a
,f.a,,,cadae.a,OO,NjdjSW,fcec.a,bddec.a,,dddec.a,MKE,MilwaukeeWI,,ff.a,,ef.a
c.a,,cabcbcac.a,AA,,AA,NdigAA,,,bcijcad.a,dcfhf.a,LAX,LosAngelesCA,CA,,California,jb.a
,c.a,cabcbcbi.a,EV,cadgg.a,EV,,,badjh.a,,dadjh.a,,,GA,bd.a,Georgia,de.a
,d.a,,,cadae.a,OO,NgebCA,egic.a,bdhjg.a,bdhjgab.a,dcefh.a,OAK,OaklandCA,,g.a,California,
,h.a,cabcbcac.a,EV,,,NigaAS,,behid.a,behidac.a,dehid.a,SGF,SpringfieldMO,MO,cj.a,Missouri,
,h.a,,OO,cadae.a,OO,,ehhc.a,bcijc.a,,dcfhf.a,LAX,LosAngelesCA,CA,g.a,California,jb.a
,f.a,cabcbccb.a,,cadgg.a,EV,,gagc.a,bdjda.a,,dajhh.a,,,IL,bh.a,Illinois,
cg.a,,cabcbccg.a,AS,,AS,NfbcAS,,,badjhaf.a,,ATL,,GA,,Georgia,de.a
be.a,,cabcbcbe.a,AS,,AS,NfhhAS,,,bdhjgab.a,dcefh.a,OAK,OaklandCA,,,California,
,b.a,,OO,cadae.a,OO,,hdha.a,bagdb.a,,dagdb.a,BJI,BemidjiMN,MN,ch.a,Minnesota,gd.a
,h.a,cabcbcda.a,FL,caedh.a,FL,NjhbAT,gdb.a,bcbjb.a,,dbefd.a,,HoustonTX,TX,ei.a,,he.a
,b.a,cabcbcbh.a,EV,cadgg.a,EV,,,bbcgh.a,,dbcgh.a,,,OH,dj.a,Ohio,ee.a
,d.a,,,,MQ,NfdjMQ,dhda.a,,bbgbiac.a,dbhad.a,,NewarkNJ,,de.a,NewJersey,cb.a
bj.a,d.a,,,bjjhh.a,UA,,ccg.a,beach.a,,,PBI,WestPalmBeach/PalmBeachFL,FL,,Florida,
,c.a,cabcbcbb.a,EV,cadgg.a,EV,NighAS,,beaji.a,beajiad.a,ddggh.a,,,,fb.a,,
bg.a,,cabcbcbg.a,WN,bjdjd.a,WN,,biee.a,baecd.a,,daecd.a,AUS,AustinTX,TX,ei.a,,he.a
h.a,,cabcbcah.a,DL,,DL,NdgbNB,,,bcehiac.a,dbhad.a,,NewYorkNY,,dg.a,NewYork,cc.a
,b.a,cabcbcdb.a,FL,caedh.a,FL,NjehAT,gcj.a,begdf.a,,dbhbe.a,,FortMyersFL,FL,bc.a,Florida,
,,,HA,,HA,NeiiHA,dih.a,,bchfiad.a,dchfi.a,,KonaHI,HI,bf.a,Hawaii,c.a
g.a,,cabcbcag.a,WN,,WN,NgdbSW,bc.a,,bcbjbac.a,dbefd.a,HOU,HoustonTX,TX,ei.a,,he.a
bb.a,,cabcbcbb.a,AA,,AA,NfFBAA,,,bcijcad.a,dcfhf.a,LAX,LosAngelesCA,CA,,California,jb.a
bc.a,,cabcbcbc.a,AA,,AA,NdDBAA,,,bcjfdac.a,dbhad.a,LGA,NewYorkNY,,,NewYork,cc.a
h.a,,cabcbcah.a,DL,bjhja.a,DL,NjajDE,,badjh.a,,dadjh.a,,,GA,bd.a,Georgia,de.a
,f.a,,,cadae.a,OO,NhhgSK,fbga.a,bbcjc.a,bbcjcac.a,dadcf.a,DEN,DenverCO,CO,i.a,Colorado,ic.a
,b.a,cabcbcad.a,EV,cadgg.a,EV,Nbebii,,badjh.a,badjhaf.a,dadjh.a,,,GA,bd.a,Georgia,de.a
,d.a,cabcbcbj.a,,cadgg.a,EV,,ebfc.a,bccgg.a,,dbefd.a,,HoustonTX,TX,ei.a,,he.a
ca.a,,cabcbcca.a,WN,bjdjd.a,WN,,dbhh.a,bahcb.a,,,BOS,BostonMA,MA,cf.a,Massachusetts,bd.a
bc.a,,cabcbcbc.a,WN,,WN,NdiaSW,fgj.a,,bbcfjad.a,dabje.a,DAL,DallasTX,TX,ei.a,,he.a
be.a,,cabcbcbe.a,DL,,DL,NdjfDN,,,bahbdac.a,dahbd.a,,BoiseID,ID,bg.a,Idaho,id.a
h.a,,cabcbcah.a,AA,,AA,NfjeAA,,,bbcjiad.a,dabje.a,DFW,Dallas/FortWorthTX,TX,,Texas,he.a
,f.a,cabcbcci.a,,caedh.a,FL,NjfiAT,fec.a,befce.a,,defce.a,,,,fb.a,,
,c.a,,OO,,,NfgdSW,ffih.a,,behhbab.a,dcefh.a,SFO,SanFranciscoCA,CA,g.a,California,
,b.a,,OO,,,NeeiSW,hhjg.a,,beigjad.a,degbe.a,SLC,SaltLakeCityUT,,ej.a,,
,,,HA,,HA,NehfHA,dbh.a,,bchfiad.a,dchfi.a,,KonaHI,HI,bf.a,Hawaii,c.a
f.a,d.a,cabcbcaf.a,,caeaj.a,Bg,NcjeJB,ihe.a,bdcae.a,bdcaeac.a,dbefe.a,MCO,OrlandoFL,,bc.a,Florida,dd.a
,g.a,,,,,NhbjSK,gdaa.a,beidb.a,beidbad.a,dcefh.a,SJC,SanJoseCA,CA,g.a,California,
c.a,,cabcbcac.a,DL,,DL,NdhgDA,,,bcijcad.a,dcfhf.a,,LosAngelesCA,CA,g.a,California,jb.a
ba.a,,cabcbcba.a,AA,,AA,NdFKAA,,,bbcjiad.a,dabje.a,DFW,Dallas/FortWorthTX,TX,,Texas,he.a
cg.a,d.a,,,bjjhh.a,UA,Nchcbd,bcjc.a,bbgbi.a,bbgbiac.a,,EWR,NewarkNJ,,,NewJersey,cb.a
cj.a,,cabcbccj.a,AS,,,NdagAS,,,behehad.a,,SEA,SeattleWA,WA,,Washington,
,d.a,cabcbccg.a,,cadgg.a,EV,Nbebhe,edde.a,bbagg.a,bbaggac.a,dbagg.a,,,OH,dj.a,Ohio,ee.a
,f.a,,,cadji.a,MQ,NhdhMQ,eehh.a,bbedd.a,bbeddac.a,dbcjf.a,,,MI,cg.a,Michigan,ed.a
cd.a,h.a,cabcbccd.a,YV,cadhi.a,YV,,dhjc.a,bdjda.a,,,ORD,,IL,bh.a,Illinois,
da.a,,cabcbcda.a,WN,bjdjd.a,WN,NidadR,cheg.a,bcbjb.a,bcbjbac.a,,HOU,HoustonTX,TX,ei.a,,he.a
ca.a,e.a,cabcbcca.a,,cadff.a,US,,beci.a,bdcae.a,,,MCO,OrlandoFL,,bc.a,Florida,dd.a
,,,HA,,HA,NeihHA,bgc.a,,bcbhdab.a,dcbde.a,,HonoluluHI,HI,bf.a,Hawaii,c.a
,e.a,,,,MQ,NgdgMQ,ebje.a,,bdjdaac.a,dajhh.a,,,IL,bh.a,Illinois,
bd.a,,cabcbcbd.a,AA,,AA,NdAKAA,,,bdjdaac.a,dajhh.a,ORD,,IL,,Illinois,
,f.a,cabcbccb.a,,cadgg.a,EV,,dieg.a,bagjd.a,,dagjd.a,,NashvilleTN,,eh.a,Tennessee,fe.a
bi.a,,cabcbcbi.a,AA,bjiaf.a,AA,,,bdjda.a,,,ORD,,IL,,Illinois,
h.a,,cabcbcah.a,AA,,AA,NdAAAA,,,bcijcad.a,dcfhf.a,LAX,LosAngelesCA,CA,,California,jb.a
,f.a,cabcbcah.a,,,EV,Ndebba,ecje.a,,bccgeac.a,daifc.a,,,VA,fb.a,,di.a
cg.a,d.a,cabcbccg.a,,,Bg,NgchJB,hed.a,,bdcaeac.a,,MCO,OrlandoFL,,bc.a,Florida,dd.a
,g.a,cabcbcab.a,,cadgg.a,EV,Nbbbje,fjii.a,bdjda.a,bdjdaac.a,dajhh.a,,,IL,bh.a,Illinois,
bc.a,,cabcbcbc.a,AA,,AA,NfibAA,,,bbchiac.a,daifc.a,DCA,,VA,,Virginia,di.a
,e.a,,,,MQ,NfdcMQ,dhfh.a,,bdjdaac.a,dajhh.a,,,IL,bh.a,Illinois,
cd.a,,cabcbccd.a,DL,bjhja.a,DL,,,badjh.a,,,,,GA,bd.a,Georgia,de.a
bf.a,,cabcbcbf.a,AS,,AS,NfigAS,,,bchfiad.a,dchfi.a,KOA,KonaHI,HI,,Hawaii,c.a
ba.a,b.a,cabcbcba.a,Bg,,Bg,NgbdJB,,,bdcaeac.a,dbefe.a,MCO,OrlandoFL,,bc.a,Florida,dd.a
i.a,g.a,,,,UA,NehgUA,efc.a,,bdjdaac.a,dajhh.a,ORD,,IL,,Illinois,
bd.a,e.a,,,,UA,NfhbUA,gbi.a,,bbgbiac.a,dbhad.a,EWR,NewarkNJ,,,NewJersey,cb.a
d.a,,cabcbcad.a,AS,,,NdafAS,,,behehad.a,daffj.a,SEA,SeattleWA,WA,,Washington,
ci.a,,cabcbcci.a,AS,bjjda.a,AS,NhgiAS,,bacjj.a,bacjjae.a,,ANC,AnchorageAK,AK,,Alaska,b.a
,c.a,,OO,,,NgadSK,ehac.a,,beijdac.a,ddbjc.a,SMF,SacramentoCA,,g.a,California,jb.a
cb.a,f.a,cabcbccb.a,,cadff.a,US,,biif.a,bebaa.a,,,PHL,PhiladelphiaPA,,ec.a,Pennsylvania,
i.a,g.a,cabcbcai.a,,cbbhb.a,VX,NiefVA,jbd.a,bciij.a,bciijad.a,dccbb.a,LAS,LasVegasNV,NV,dc.a,Nevada,if.a
,b.a,cabcbcdb.a,Fj,caedg.a,Fj,NjbcFR,fgb.a,bbcjc.a,,dadcf.a,,DenverCO,CO,i.a,Colorado,ic.a
,b.a,,OO,cadae.a,OO,,efdc.a,bbhhf.a,,dbhhf.a,FSD,SiouxFallsSD,SD,eg.a,SouthDakota,gh.a
,e.a,cabcbcca.a,,cadgg.a,EV,,fbjh.a,bccbh.a,,dacff.a,,HuntsvilleAL,AL,b.a,Alabama,fb.a
da.a,,cabcbcda.a,DL,bjhja.a,DL,NjigDL,,badjh.a,,,,,GA,bd.a,Georgia,de.a
cd.a,h.a,cabcbccd.a,Bg,caeaj.a,Bg,,,bcehi.a,,,JFK,NewYorkNY,,dg.a,NewYork,cc.a
bc.a,,cabcbcbc.a,WN,,WN,NgdaWN,ee.a,,bciijad.a,dccbb.a,LAS,LasVegasNV,NV,dc.a,Nevada,if.a
ce.a,b.a,,UA,bjjhh.a,UA,,ffi.a,bdjda.a,,,ORD,,IL,,Illinois,
ch.a,e.a,,,,UA,Ndjhci,bejd.a,,bbcjiad.a,,DFW,Dallas/FortWorthTX,TX,,Texas,he.a
cf.a,,cabcbccf.a,WN,bjdjd.a,WN,,caab.a,bciij.a,,,LAS,LasVegasNV,NV,dc.a,Nevada,if.a
g.a,e.a,cabcbcag.a,,,Bg,NgcbJB,bebh.a,,bdcaeac.a,dbefe.a,MCO,OrlandoFL,,bc.a,Florida,dd.a
,h.a,cabcbcac.a,EV,cadgg.a,EV,Nbgjbi,,bbgbi.a,bbgbiac.a,dbhad.a,,NewarkNJ,,de.a,NewJersey,cb.a
bh.a,,cabcbcbh.a,AS,,AS,,,beidb.a,,dcefh.a,SJC,SanJoseCA,CA,,California,
cb.a,f.a,cabcbccb.a,,caeaj.a,Bg,,beda.a,bcjfe.a,,,LGB,LongBeachCA,CA,g.a,California,jb.a
,h.a,,OO,cadae.a,OO,NhhgSK,gcdj.a,bebah.a,bebahac.a,daegg.a,PHX,PhoenixAZ,,e.a,Arizona,
,d.a,,,cadji.a,MQ,NgjhMQ,cjfe.a,bbcji.a,bbcjiad.a,dabje.a,,Dallas/FortWorthTX,TX,ei.a,,he.a
,g.a,,,cadji.a,MQ,NicjMQ,eefh.a,bbchi.a,bbchiac.a,daifc.a,,,VA,fb.a,,di.a
bb.a,,cabcbcbb.a,AA,,AA,NfDXAA,,,bddadad.a,dcegh.a,MIA,MiamiFL,,,Florida,dd.a
,e.a,,,,OO,NeffSW,eibb.a,,bagjdac.a,dagjd.a,BNA,NashvilleTN,,eh.a,Tennessee,fe.a
cd.a,,cabcbccd.a,WN,,,,cedh.a,behhb.a,behhbab.a,,SFO,SanFranciscoCA,CA,g.a,California,
i.a,g.a,cabcbcai.a,,caeaj.a,Bg,NgefJB,did.a,bcjfd.a,bcjfdac.a,dbhad.a,LGA,NewYorkNY,,dg.a,NewYork,cc.a
ba.a,b.a,cabcbcba.a,Bg,,Bg,NgdhJB,,,bahcbac.a,dahcb.a,BOS,BostonMA,MA,cf.a,Massachusetts,bd.a
bh.a,,cabcbcbh.a,AA,bjiaf.a,AA,,,bbcji.a,bbcjiad.a,dabje.a,DFW,Dallas/FortWorthTX,TX,,Texas,he.a
,d.a,,,cadae.a,OO,NcbhSW,fdff.a,bcijc.a,bcijcad.a,dcfhf.a,LAX,LosAngelesCA,CA,g.a,California,jb.a
bb.a,,cabcbcbb.a,WN,,WN,NgbfSW,e.a,,bbcfjad.a,dabje.a,DAL,DallasTX,TX,ei.a,,he.a
,d.a,,,,MQ,NgbfMQ,eafj.a,,bdjdaac.a,dajhh.a,,,IL,bh.a,Illinois,
,b.a,,MQ,cadji.a,MQ,,eaai.a,bdjda.a,bdjdaac.a,dajhh.a,,,IL,bh.a,Illinois,
ci.a,,cabcbcci.a,WN,,WN,NdeeSW,diai.a,,bdifbad.a,,OKC,OklahomaCityOK,,ea.a,Oklahoma,
ch.a,e.a,cabcbcch.a,,caeaj.a,Bg,NcdiJB,bage.a,baecd.a,baecdac.a,,AUS,AustinTX,TX,ei.a,,he.a
,f.a,cabcbcah.a,,cadgg.a,EV,NhfdEV,ejcj.a,bcddj.a,bcddjae.a,dcddh.a,,,IN,bi.a,Indiana,ec.a
,f.a,cabcbcah.a,,caedh.a,FL,NjhiAT,bjg.a,badjh.a,,dadjh.a,,,GA,bd.a,Georgia,de.a
ch.a,e.a,,,,,Nfdeeb,bafd.a,,bfdaeac.a,,TPA,TampaFL,FL,,Florida,dd.a
db.a,b.a,,UA,,,Ncgcba,bfhc.a,behhb.a,behhbab.a,dcefh.a,SFO,SanFranciscoCA,CA,,California,
e.a,,cabcbcae.a,WN,,,NdihSW,dggh.a,,behhbab.a,dcefh.a,SFO,SanFranciscoCA,CA,g.a,California,
ci.a,f.a,cabcbcci.a,,bjjhh.a,UA,Ncegdd,bhbe.a,bbedd.a,bbeddac.a,,DTW,,MI,,Michigan,ed.a
,h.a,cabcbcaj.a,FL,caedh.a,FL,NjeaAT,cbg.a,begdf.a,,dbhbe.a,,FortMyersFL,FL,bc.a,Florida,
,b.a,,MQ,cadji.a,MQ,NiebMQ,cjbe.a,bbjia.a,bbjiaac.a,dbjia.a,,GrandIslandNE,NE,db.a,Nebraska,gf.a
bj.a,d.a,,,bjjhh.a,UA,,bccj.a,bcjfd.a,bcjfdac.a,,LGA,NewYorkNY,,,NewYork,cc.a
g.a,,cabcbcag.a,WN,,WN,NjbcWN,bbdb.a,bfabg.a,,dbbcd.a,STL,St.LouisMO,MO,cj.a,Missouri,ge.a
g.a,e.a,,,,UA,Ndfchb,bbda.a,,bccggad.a,dbefd.a,IAH,HoustonTX,TX,,Texas,he.a
,f.a,,,,,NchaYV,hhjj.a,beigj.a,beigjad.a,degbe.a,SLC,SaltLakeCityUT,,ej.a,,
,g.a,,,cadji.a,MQ,NggaMQ,djif.a,bcehi.a,bcehiac.a,dbhad.a,,NewYorkNY,,dg.a,NewYork,cc.a
ci.a,,cabcbcci.a,WN,,WN,NebdWN,cedh.a,,bdejfac.a,,MSY,NewOrleansLA,,cc.a,Louisiana,
,f.a,cabcbcci.a,,cadgg.a,EV,NjcbEV,fceh.a,badjh.a,,dadjh.a,,,GA,bd.a,Georgia,de.a
cd.a,h.a,cabcbccd.a,UA,bjjhh.a,UA,,ieb.a,bccgg.a,bccggad.a,,IAH,HoustonTX,TX,,Texas,he.a
c.a,h.a,cabcbcac.a,YV,,YV,NfbbMJ,dhjf.a,,bdbjiab.a,ddbji.a,MCI,KansasCityMO,MO,cj.a,Missouri,ge.a
ba.a,,cabcbcba.a,WN,,WN,NdjaSW,gdg.a,,bbaggac.a,dbagg.a,CMH,,OH,dj.a,Ohio,ee.a
cf.a,c.a,cabcbccf.a,Bg,caeaj.a,Bg,,,bebcc.a,bebccac.a,,PIT,PittsburghPA,,ec.a,Pennsylvania,
,f.a,cabcbccb.a,,cadgg.a,EV,,fafi.a,badjh.a,badjhaf.a,dadjh.a,,,GA,bd.a,Georgia,de.a
cc.a,,cabcbccc.a,WN,bjdjd.a,WN,,egad.a,bahcb.a,bahcbac.a,,BOS,BostonMA,MA,cf.a,Massachusetts,bd.a
,h.a,cabcbcbg.a,EV,cadgg.a,EV,,,bbgbi.a,bbgbiac.a,dbhad.a,,NewarkNJ,,de.a,NewJersey,cb.a
bd.a,,cabcbcbd.a,DL,,DL,NdeeNW,,,bcjfdac.a,dbhad.a,,NewYorkNY,,dg.a,NewYork,cc.a
,b.a,,OO,,,,ehbi.a,beigj.a,beigjad.a,degbe.a,SLC,SaltLakeCityUT,,ej.a,,
cd.a,,cabcbccd.a,DL,bjhja.a,DL,,,badjh.a,badjhaf.a,,,,GA,bd.a,Georgia,de.a
,h.a,,MQ,cadji.a,MQ,,eabh.a,bdjda.a,bdjdaac.a,dajhh.a,,,IL,bh.a,Illinois,
d.a,,cabcbcad.a,WN,,WN,NfcbSW,deid.a,,bagjdac.a,dagjd.a,BNA,NashvilleTN,,eh.a,Tennessee,fe.a
f.a,d.a,cabcbcaf.a,,,US,NefeUW,bfgf.a,,bebaaac.a,debaa.a,PHL,PhiladelphiaPA,,ec.a,Pennsylvania,
f.a,d.a,cabcbcaf.a,,,YV,NfafMJ,dhia.a,,bbcjiad.a,dabje.a,DFW,Dallas/FortWorthTX,TX,ei.a,,he.a
ch.a,e.a,,,cadae.a,OO,NhiiSK,gejg.a,baecd.a,baecdac.a,,AUS,AustinTX,TX,ei.a,,he.a
,h.a,,OO,,,NejeCA,efbc.a,,beigjad.a,degbe.a,SLC,SaltLakeCityUT,,ej.a,,
,g.a,,,cadae.a,OO,NhgfSK,gcdj.a,badhc.a,badhcad.a,dadhc.a,ASE,AspenCO,CO,i.a,Colorado,ic.a
cb.a,,cabcbccb.a,WN,bjdjd.a,WN,,djii.a,bdcdc.a,bdcdcac.a,,MDW,,IL,bh.a,Illinois,eb.a
,c.a,cabcbcbb.a,EV,,,Nbefgi,,bfjbj.a,bfjbjac.a,dbide.a,XNA,FayettevilleAR,AR,f.a,Arkansas,hb.a
,f.a,cabcbcci.a,,cadgg.a,EV,Nbdbcd,gajc.a,bdjda.a,bdjdaac.a,dajhh.a,,,IL,bh.a,Illinois,
b.a,g.a,cabcbcab.a,,cadff.a,US,NhejUS,bbbi.a,bbafh.a,bbafhad.a,dbafh.a,CLT,,NC,dh.a,NorthCarolina,dg.a
bh.a,b.a,cabcbcbh.a,YV,cadhi.a,YV,,baaf.a,bdida.a,bdidaac.a,ddida.a,OGG,KahuluiHI,HI,bf.a,Hawaii,
,g.a,,,cadae.a,OO,NjiiCA,gcdg.a,bdjda.a,,dajhh.a,ORD,,IL,bh.a,Illinois,
c.a,h.a,,UA,,,Ndgcah,bcfj.a,,behhbab.a,dcefh.a,SFO,SanFranciscoCA,CA,,California,
cc.a,g.a,cabcbccc.a,,cadhi.a,YV,,cgeb.a,bbafh.a,bbafhad.a,,CLT,,NC,dh.a,NorthCarolina,dg.a
ba.a,,cabcbcba.a,AA,,AA,NgdbAA,,,bddadad.a,dcegh.a,MIA,MiamiFL,,,Florida,dd.a
cf.a,,cabcbccf.a,WN,bjdjd.a,,,ggj.a,beejc.a,beejcac.a,,RDU,,,dh.a,NorthCarolina,
be.a,,cabcbcbe.a,WN,bjdjd.a,WN,NggfWN,bafc.a,beafh.a,beafhac.a,deafh.a,PDX,PortlandOR,,eb.a,Oregon,
,b.a,,MQ,,MQ,NfbfMQ,efhg.a,,bcjfdac.a,dbhad.a,,NewYorkNY,,dg.a,NewYork,cc.a
,b.a,cabcbcbh.a,EV,cadgg.a,EV,,,bbedd.a,bbeddac.a,dbcjf.a,,,MI,cg.a,Michigan,ed.a
,e.a,,,cadji.a,,NiadMQ,eefb.a,beejc.a,beejcac.a,deejc.a,RDU,,,dh.a,NorthCarolina,
c.a,,cabcbcac.a,WN,bjdjd.a,WN,NidbcC,edi.a,bdcdc.a,bdcdcac.a,dajhh.a,MDW,,IL,bh.a,Illinois,eb.a
,b.a,,OO,,,NfidSW,fecd.a,,behehad.a,daffj.a,SEA,SeattleWA,WA,fd.a,,
,e.a,,,cadae.a,OO,,ehcc.a,bcjfe.a,bcjfeac.a,dcfhf.a,LGB,LongBeachCA,CA,g.a,California,jb.a
ba.a,,cabcbcba.a,AA,,AA,NfabAA,,,bbcjiad.a,dabje.a,DFW,Dallas/FortWorthTX,TX,,Texas,he.a
bg.a,,cabcbcbg.a,DL,bjhja.a,DL,,,baecd.a,baecdac.a,daecd.a,,AustinTX,TX,ei.a,,he.a
,d.a,,,cadae.a,OO,NhfcSK,fbhf.a,bbaec.a,bbaecac.a,dageh.a,CLE,,OH,dj.a,Ohio,ee.a
ca.a,,cabcbcca.a,WN,,,,bcff.a,beijd.a,beijdac.a,,SMF,SacramentoCA,,g.a,California,
db.a,b.a,cabcbcdb.a,US,cadff.a,,NibhAW,bfg.a,befha.a,befhaac.a,,RNO,RenoNV,,dc.a,Nevada,
,b.a,cabcbcad.a,EV,cadgg.a,EV,NjhiEV,,badjh.a,,dadjh.a,,,GA,bd.a,Georgia,de.a
,g.a,cabcbccc.a,,cadgg.a,EV,,ejaf.a,badjh.a,badjhaf.a,dadjh.a,,,GA,bd.a,Georgia,de.a
bf.a,g.a,cabcbcbf.a,,caeaj.a,Bg,NhaiJB,fag.a,bbgjh.a,bbgjhad.a,dcegh.a,FLL,,FL,bc.a,Florida,dd.a
d.a,b.a,cabcbcad.a,UA,bjjhh.a,UA,Nciefh,bbgc.a,bbaec.a,bbaecac.a,dageh.a,CLE,,OH,,Ohio,ee.a
bc.a,,cabcbcbc.a,AA,,AA,NdJTAA,,,bciijad.a,dccbb.a,LAS,LasVegasNV,NV,,Nevada,if.a
d.a,b.a,,UA,,UA,NebbUA,jja.a,,bdjdaac.a,dajhh.a,ORD,,IL,,Illinois,
bf.a,g.a,,,cadae.a,OO,NhjhSK,fbii.a,bdjdb.a,bdjdbac.a,ddggh.a,ORF,,,fb.a,,
,b.a,cabcbcba.a,FL,caedh.a,FL,NjchAT,bgg.a,bahcb.a,,dahcb.a,,BostonMA,MA,cf.a,Massachusetts,bd.a
ba.a,,cabcbcba.a,WN,,WN,NdfiSW,fie.a,,bdbfiac.a,ddbfi.a,MAF,Midland/OdessaTX,,ei.a,,he.a
cf.a,,cabcbccf.a,DL,bjhja.a,DL,,,badjh.a,badjhaf.a,,,,GA,bd.a,Georgia,de.a
,c.a,cabcbcbi.a,EV,cadgg.a,EV,,,bbgbi.a,bbgbiac.a,dbhad.a,,NewarkNJ,,de.a,NewJersey,cb.a
g.a,,cabcbcag.a,AS,,AS,NfbjAS,,,bbgdaac.a,dbfbh.a,FAI,FairbanksAK,AK,,Alaska,b.a
i.a,g.a,,,,OO,NehhCA,egbe.a,,bbjcbac.a,dbjcb.a,GJT,GrandJunctionCO,CO,i.a,Colorado,ic.a
j.a,h.a,,UA,,,NedbUA,dij.a,,behhbab.a,dcefh.a,SFO,SanFranciscoCA,CA,,California,
d.a,b.a,,UA,bjjhh.a,UA,Nhgfbj,bgda.a,bbaec.a,bbaecac.a,dageh.a,CLE,,OH,,Ohio,ee.a
cg.a,,cabcbccg.a,WN,bjdjd.a,WN,NidadR,fce.a,baecd.a,baecdac.a,,AUS,AustinTX,TX,ei.a,,he.a
da.a,,cabcbcda.a,WN,bjdjd.a,WN,NjaaWN,cdbf.a,baicb.a,baicbad.a,,BWI,,MD,ce.a,Maryland,df.a
,d.a,cabcbccg.a,,cadgg.a,EV,Nbefec,fjaf.a,bdjda.a,bdjdaac.a,dajhh.a,,,IL,bh.a,Illinois,
,,,HA,,HA,NejcHA,dbc.a,,bcbhdab.a,dcbde.a,,HonoluluHI,HI,bf.a,Hawaii,c.a
cc.a,,cabcbccc.a,AA,bjiaf.a,AA,,,bebaa.a,bebaaac.a,,PHL,PhiladelphiaPA,,,Pennsylvania,
cc.a,,cabcbccc.a,DL,bjhja.a,DL,,,bdeih.a,bdeihac.a,,,MinneapolisMN,,ch.a,Minnesota,
i.a,,cabcbcai.a,WN,,WN,NejgWN,cadc.a,,bedahac.a,dahcb.a,PVD,ProvidenceRI,,ee.a,RhodeIsland,
,b.a,,MQ,cadji.a,MQ,,edea.a,bbedd.a,bbeddac.a,dbcjf.a,,,MI,cg.a,Michigan,ed.a
,h.a,cabcbcda.a,EV,cadgg.a,EV,NgibBR,,badjh.a,badjhaf.a,dadjh.a,,,GA,bd.a,Georgia,de.a
,d.a,,,cadji.a,MQ,NgijMQ,cjaj.a,bbcji.a,bbcjiad.a,dabje.a,,Dallas/FortWorthTX,TX,ei.a,,he.a
,f.a,,,,MQ,NgdfMQ,ebba.a,,bdcdaac.a,dcaha.a,,HarrisburgPA,PA,ec.a,Pennsylvania,cd.a
db.a,,cabcbcdb.a,WN,bjdjd.a,WN,NjfjWN,bhja.a,baecd.a,,,AUS,AustinTX,TX,ei.a,,he.a
bf.a,g.a,cabcbcbf.a,,cadff.a,US,NidiAW,bid.a,bebah.a,bebahac.a,daegg.a,PHX,PhoenixAZ,,e.a,Arizona,
e.a,,cabcbcae.a,WN,,WN,NfcdSW,deib.a,,bcbjbac.a,dbefd.a,HOU,HoustonTX,TX,ei.a,,he.a
bj.a,,cabcbcbj.a,AA,bjiaf.a,AA,,,bcijc.a,bcijcad.a,,LAX,LosAngelesCA,CA,,California,jb.a
,h.a,cabcbcac.a,Fj,,Fj,NjbeFR,dge.a,beijd.a,,ddbjc.a,,SacramentoCA,,g.a,California,jb.a
cc.a,,cabcbccc.a,WN,,,,dbae.a,bfdae.a,bfdaeac.a,,TPA,,FL,bc.a,Florida,dd.a
,d.a,cabcbcbj.a,,caedh.a,FL,,cdb.a,baihe.a,baiheac.a,dageh.a,,,OH,dj.a,Ohio,ee.a
g.a,,cabcbcag.a,DL,,DL,NeabEA,,,badjhaf.a,dadjh.a,,,GA,bd.a,Georgia,de.a
j.a,,cabcbcaj.a,WN,bjdjd.a,WN,NcjdWN,bcha.a,bbagg.a,bbaggac.a,dbagg.a,CMH,,OH,dj.a,Ohio,ee.a
db.a,b.a,,UA,bjjhh.a,UA,Nhhcfi,bcji.a,bebah.a,bebahac.a,,PHX,PhoenixAZ,,,Arizona,
,b.a,,MQ,cadji.a,MQ,NgefMQ,ddah.a,bbcji.a,bbcjiad.a,dabje.a,,Dallas/FortWorthTX,TX,ei.a,,he.a
c.a,,cabcbcac.a,DL,,,NdjbDA,,,beejcac.a,deejc.a,RDU,,,dh.a,NorthCarolina,
,e.a,cabcbcag.a,,cadgg.a,EV,NjbeEV,feab.a,bacai.a,,dacai.a,,,GA,bd.a,Georgia,de.a
cc.a,g.a,cabcbccc.a,,cadff.a,US,,bfi.a,bciij.a,bciijad.a,,LAS,LasVegasNV,NV,dc.a,Nevada,if.a
ca.a,,cabcbcca.a,DL,bjhja.a,DL,,,bdcdc.a,bdcdcac.a,,,,IL,bh.a,Illinois,eb.a
bd.a,,cabcbcbd.a,WN,bjdjd.a,WN,NhejSW,jhf.a,bcbjb.a,bcbjbac.a,dbefd.a,HOU,HoustonTX,TX,ei.a,,he.a
,,,HA,bjgja.a,HA,,b.a,bcijc.a,bcijcad.a,dcfhf.a,,LosAngelesCA,CA,g.a,California,jb.a
,g.a,cabcbccc.a,,cadgg.a,EV,,efia.a,bccgg.a,bccggad.a,dbefd.a,,HoustonTX,TX,ei.a,,he.a
cb.a,f.a,cabcbccb.a,,,,,ffi.a,bfdae.a,bfdaeac.a,,TPA,,FL,bc.a,Florida,dd.a
,h.a,cabcbcda.a,EV,cadgg.a,EV,NidaAS,,bdjda.a,bdjdaac.a,dajhh.a,,,IL,bh.a,Illinois,
bi.a,c.a,,UA,bjjhh.a,UA,,bccc.a,bbgbi.a,bbgbiac.a,,EWR,NewarkNJ,,,NewJersey,cb.a
c.a,h.a,,OO,cadae.a,,NhfgSK,gdji.a,begid.a,begidad.a,ddcbe.a,SAT,SanAntonioTX,,ei.a,,
bi.a,,cabcbcbi.a,AA,bjiaf.a,AA,,,bbcji.a,bbcjiad.a,,DFW,Dallas/FortWorthTX,TX,,Texas,he.a
,b.a,,MQ,cadji.a,MQ,NjafMQ,dccc.a,bbcji.a,,dabje.a,,Dallas/FortWorthTX,TX,ei.a,,he.a
,c.a,cabcbcbi.a,FL,caedh.a,FL,,bac.a,badjh.a,badjhaf.a,dadjh.a,,,GA,bd.a,Georgia,de.a
g.a,,cabcbcag.a,DL,bjhja.a,DL,NibbNW,,badjh.a,badjhaf.a,dadjh.a,,,GA,bd.a,Georgia,de.a
bb.a,c.a,cabcbcbb.a,WN,,,NejfWN,eji.a,,bfabgad.a,dbbcd.a,STL,St.LouisMO,MO,cj.a,Missouri,ge.a
i.a,,cabcbcai.a,AA,,,NfciAA,,,begdfac.a,dbhbe.a,RSW,,FL,,Florida,
ca.a,,cabcbcca.a,AA,bjiaf.a,AA,,,bcehi.a,bcehiac.a,,JFK,NewYorkNY,,,NewYork,cc.a
,h.a,cabcbccd.a,EV,cadgg.a,EV,,,bccag.a,bccagad.a,dccag.a,,Harlingen/SanBenitoTX,TX,ei.a,,he.a
bg.a,h.a,,OO,cadae.a,OO,,cjig.a,bebah.a,bebahac.a,daegg.a,PHX,PhoenixAZ,,e.a,Arizona,
bj.a,d.a,,,cadae.a,OO,,cjcd.a,bebah.a,bebahac.a,,PHX,PhoenixAZ,,e.a,Arizona,
,c.a,cabcbcbb.a,Fj,caedg.a,Fj,NcbgFR,ied.a,bbcjc.a,bbcjcac.a,dadcf.a,,DenverCO,CO,i.a,Colorado,ic.a
ba.a,,cabcbcba.a,AA,,AA,NfDTAA,,,bbcjiad.a,dabje.a,DFW,Dallas/FortWorthTX,TX,,Texas,he.a
,d.a,cabcbcbj.a,,caedg.a,Fj,,hjb.a,bbcjc.a,bbcjcac.a,dadcf.a,,DenverCO,CO,i.a,Colorado,ic.a
,f.a,cabcbccb.a,,cadgg.a,EV,,eecj.a,bccgg.a,bccggad.a,dbefd.a,,HoustonTX,TX,ei.a,,he.a
c.a,h.a,cabcbcac.a,US,,US,NfeaUW,bfcb.a,,bbafhad.a,dbafh.a,CLT,,NC,dh.a,NorthCarolina,dg.a
,g.a,,,cadae.a,,,ffac.a,behhb.a,behhbab.a,dcefh.a,SFO,SanFranciscoCA,CA,g.a,California,
,h.a,,MQ,cadji.a,MQ,,chjj.a,bbcji.a,bbcjiad.a,dabje.a,,Dallas/FortWorthTX,TX,ei.a,,he.a
ch.a,,cabcbcch.a,AA,,AA,NdFMAA,,,bbgjhad.a,,FLL,,FL,,Florida,dd.a
ca.a,,cabcbcca.a,AA,bjiaf.a,,,,beheh.a,behehad.a,,SEA,SeattleWA,WA,,Washington,
f.a,d.a,,,bjjhh.a,,NicfUA,dgh.a,behhb.a,behhbab.a,dcefh.a,SFO,SanFranciscoCA,CA,,California,
bi.a,c.a,cabcbcbi.a,WN,bjdjd.a,WN,,gaa.a,bbcjc.a,bbcjcac.a,,DEN,DenverCO,CO,i.a,Colorado,ic.a
cf.a,c.a,cabcbccf.a,WN,bjdjd.a,WN,,iaf.a,bebah.a,bebahac.a,,PHX,PhoenixAZ,,e.a,Arizona,
d.a,,cabcbbad.a,AA,,AA,NffaAA,,,bdjdaac.a,dajhh.a,ORD,,IL,,Illinois,
db.a,,cabcbcdb.a,AA,,AA,NehaAA,,,bbcjiad.a,,DFW,Dallas/FortWorthTX,TX,,Texas,he.a
,c.a,cabcbcbi.a,EV,cadgg.a,EV,,,bbgbi.a,bbgbiac.a,dbhad.a,,NewarkNJ,,de.a,NewJersey,cb.a
ca.a,e.a,cabcbcca.a,,bjdjd.a,WN,,dhdf.a,bdcdc.a,bdcdcac.a,,MDW,,IL,bh.a,Illinois,eb.a
,e.a,cabcbcag.a,,cadgg.a,EV,Nbcfea,efha.a,bbaec.a,bbaecac.a,dageh.a,,,OH,dj.a,Ohio,ee.a
g.a,e.a,cabcbcag.a,,,WN,NgbeSW,bibg.a,,bciijad.a,dccbb.a,LAS,LasVegasNV,NV,dc.a,Nevada,if.a
ba.a,b.a,,UA,,UA,NfeaUA,def.a,,bbgbiac.a,dbhad.a,EWR,NewarkNJ,,,NewJersey,cb.a
f.a,,cabcbcaf.a,AA,,AA,NfejAA,,,bbafhad.a,dbafh.a,CLT,,NC,,NorthCarolina,dg.a
,c.a,,MQ,,MQ,NfdeMQ,egfa.a,,bcjfdac.a,dbhad.a,,NewYorkNY,,dg.a,NewYork,cc.a
d.a,,cabcbcad.a,DL,bjhja.a,DL,NjcfDN,,baicb.a,,daifc.a,,,MD,,Maryland,df.a
bi.a,c.a,,UA,bjjhh.a,UA,,bf.a,bbgbi.a,bbgbiac.a,,EWR,NewarkNJ,,,NewJersey,cb.a
,c.a,cabcbcbb.a,FL,caedh.a,FL,NjcbAT,bai.a,badjh.a,,dadjh.a,,,GA,bd.a,Georgia,de.a
bd.a,e.a,cabcbcbd.a,,cadff.a,US,NhadUW,bbgg.a,bdejf.a,bdejfac.a,ddejf.a,MSY,NewOrleansLA,,cc.a,Louisiana,
,f.a,cabcbcah.a,,caedg.a,Fj,NjcaFR,dhh.a,bddec.a,,dddec.a,,MilwaukeeWI,,ff.a,,ef.a
bi.a,c.a,cabcbcbi.a,WN,bjdjd.a,WN,,bghj.a,bbgjh.a,bbgjhad.a,,FLL,,FL,bc.a,Florida,dd.a
bf.a,,cabcbcbf.a,AA,,AA,NfffAA,,,bbbajac.a,dabij.a,COS,ColoradoSpringsCO,CO,,Colorado,ic.a
,d.a,,,cadae.a,OO,NhfaSK,ffbg.a,badhc.a,badhcad.a,dadhc.a,ASE,AspenCO,CO,i.a,Colorado,ic.a
,b.a,cabcbcce.a,FL,,,,fde.a,beied.a,beiedad.a,deibj.a,SJU,SanJuanPR,PR,hc.a,,
,g.a,cabcbcbf.a,,caedh.a,FL,NjcaAT,eef.a,bdeih.a,,dbgfa.a,,MinneapolisMN,,ch.a,Minnesota,
,e.a,,,cadji.a,MQ,NgidMQ,ddcj.a,bbcji.a,bbcjiad.a,dabje.a,,Dallas/FortWorthTX,TX,ei.a,,he.a
ba.a,,cabcbcba.a,AS,,AS,NgahAS,,,beafhac.a,deafh.a,PDX,PortlandOR,,,Oregon,
bb.a,,cabcbcbb.a,DL,,DL,NdajUS,,,bcjfdac.a,dbhad.a,,NewYorkNY,,dg.a,NewYork,cc.a
bd.a,e.a,cabcbcbd.a,,,WN,NgddSW,gej.a,,bdcaeac.a,dbefe.a,MCO,,,bc.a,Florida,dd.a
,b.a,cabcbcba.a,FL,caedh.a,FL,NjjdAT,fjc.a,badjh.a,,dadjh.a,,,GA,bd.a,Georgia,de.a
bj.a,,cabcbcbj.a,AA,bjiaf.a,AA,,,babea.a,babeaac.a,,ABQ,AlbuquerqueNM,NM,,NewMexico,ig.a
,d.a,,,,,NcbgSW,hiaa.a,beigj.a,beigjad.a,degbe.a,SLC,SaltLakeCityUT,,ej.a,,
,d.a,cabcbcbj.a,,cadgg.a,EV,,gbfa.a,bdifb.a,bdifbad.a,ddifb.a,,OklahomaCityOK,,ea.a,Oklahoma,
,b.a,,OO,cadae.a,OO,,geea.a,bcijc.a,bcijcad.a,dcfhf.a,LAX,LosAngelesCA,CA,g.a,California,jb.a
cj.a,,cabcbccj.a,AA,,,NdCHAA,,,behhbab.a,,SFO,SanFranciscoCA,CA,,California,
,c.a,,OO,cadae.a,,,ffha.a,behhb.a,behhbab.a,dcefh.a,SFO,SanFranciscoCA,CA,g.a,California,
bd.a,e.a,cabcbcbd.a,,,Bg,NgbcJB,dg.a,,bcehiac.a,dbhad.a,JFK,NewYorkNY,,dg.a,NewYork,cc.a
cb.a,,cabcbccb.a,AS,bjjda.a,,,,beheh.a,behehad.a,,SEA,SeattleWA,WA,,Washington,
ca.a,,cabcbcca.a,AS,bjjda.a,AS,,,bacjj.a,bacjjae.a,,ANC,AnchorageAK,AK,,Alaska,b.a
,b.a,,OO,cadae.a,OO,,gcij.a,bbbaj.a,bbbajac.a,dabij.a,COS,ColoradoSpringsCO,CO,i.a,Colorado,ic.a
j.a,,cabcbcaj.a,DL,,DL,NdhdfD,,,bbcjcac.a,dadcf.a,,DenverCO,CO,,Colorado,ic.a
cg.a,d.a,,,,UA,NecjUA,ech.a,,bccggad.a,,IAH,HoustonTX,TX,,Texas,he.a
db.a,,cabcbcdb.a,DL,,DL,NdacNB,,,badjhaf.a,,,,GA,,Georgia,de.a
,b.a,,MQ,cadji.a,MQ,,ebfa.a,bdjda.a,bdjdaac.a,dajhh.a,,,IL,bh.a,Illinois,
ch.a,,cabcbcch.a,DL,bjhja.a,DL,NjabDE,,baicb.a,baicbad.a,,,,MD,,Maryland,df.a
,e.a,,,cadae.a,OO,NiajCA,eibb.a,bagjd.a,bagjdac.a,dagjd.a,BNA,NashvilleTN,,eh.a,Tennessee,fe.a
h.a,,cabcbcah.a,DL,bjhja.a,DL,NjjaDL,,badjh.a,,dadjh.a,,,GA,,Georgia,de.a
,e.a,cabcbcag.a,,cadgg.a,EV,Nbffch,eega.a,bccgg.a,bccggad.a,dbefd.a,,HoustonTX,TX,ei.a,,he.a
,c.a,,MQ,,MQ,NgcbMQ,ddhi.a,,bbjhdac.a,dbjhd.a,,Gulfport/BiloxiMS,MS,ci.a,Mississippi,fd.a
,c.a,,OO,,,NfhgSW,hhja.a,,beigjad.a,degbe.a,SLC,SaltLakeCityUT,,ej.a,,
cg.a,d.a,cabcbccg.a,,,,NidccX,edjc.a,bfdae.a,bfdaeac.a,,TPA,,FL,bc.a,Florida,dd.a
c.a,h.a,cabcbcac.a,WN,bjdjd.a,,NhedSW,dgad.a,befha.a,befhaac.a,defha.a,RNO,RenoNV,,dc.a,Nevada,
bb.a,c.a,cabcbcbb.a,US,,US,NfehUW,h.a,,bcijcad.a,dcfhf.a,LAX,LosAngelesCA,CA,g.a,California,jb.a
,c.a,,MQ,,MQ,NgchMQ,ecai.a,,baicbad.a,daifc.a,,,MD,ce.a,Maryland,df.a
,,,HA,,HA,NeidHA,bbc.a,,bcbhdab.a,dcbde.a,,HonoluluHI,HI,bf.a,Hawaii,c.a
,d.a,,,cadji.a,MQ,,dgie.a,bdjda.a,bdjdaac.a,dajhh.a,,,IL,bh.a,Illinois,
cg.a,,cabcbccg.a,AA,,AA,NeYFAA,,,bbcjiad.a,,DFW,Dallas/FortWorthTX,TX,,Texas,he.a
,h.a,cabcbccd.a,EV,cadgg.a,EV,,,bbcjc.a,bbcjcac.a,dadcf.a,,DenverCO,CO,i.a,Colorado,ic.a
cd.a,h.a,cabcbccd.a,WN,bjdjd.a,WN,,dhbh.a,babea.a,babeaac.a,,ABQ,AlbuquerqueNM,NM,df.a,NewMexico,ig.a
ce.a,b.a,cabcbcce.a,WN,bjdjd.a,WN,,baac.a,bbiie.a,bbiieac.a,,GEG,SpokaneWA,WA,fd.a,,jd.a
,h.a,,OO,,OO,NeafSW,ffje.a,,beafhac.a,deafh.a,PDX,PortlandOR,,eb.a,Oregon,
bc.a,d.a,cabcbcbc.a,,bjdjd.a,WN,NcfjWN,baei.a,bdijb.a,bdijbab.a,dcfhf.a,ONT,OntarioCA,,g.a,California,
,f.a,,,,MQ,NgdbMQ,dfch.a,,bddadad.a,dcegh.a,,,,bc.a,Florida,dd.a
cc.a,,cabcbccc.a,AA,bjiaf.a,AA,,,bdcae.a,bdcaeac.a,,MCO,,,,Florida,dd.a
ca.a,e.a,,,bjjhh.a,,,bcjg.a,begid.a,begidad.a,,SAT,SanAntonioTX,,,Texas,
b.a,,cabcbcab.a,DL,bjhja.a,DL,NjciDN,,bbedd.a,,dbcjf.a,,,MI,,Michigan,ed.a
,c.a,cabcbcae.a,EV,cadgg.a,,Nccjhb,,befhg.a,befhgae.a,defhg.a,ROC,RochesterNY,,dg.a,NewYork,
,g.a,cabcbcab.a,,cadgg.a,EV,Nbbbjd,egag.a,bbgbi.a,bbgbiac.a,dbhad.a,,NewarkNJ,,de.a,NewJersey,cb.a
f.a,,cabcbcaf.a,AA,,AA,NdASAA,,,bbcjiad.a,dabje.a,DFW,Dallas/FortWorthTX,TX,,Texas,he.a
bb.a,c.a,cabcbcbb.a,WN,bjdjd.a,WN,NhdfSA,ecd.a,beach.a,beachac.a,deach.a,PBI,,FL,bc.a,Florida,
db.a,,cabcbcdb.a,AA,,AA,NfccAA,,,bbcjiad.a,,DFW,Dallas/FortWorthTX,TX,,Texas,he.a
,h.a,cabcbcbg.a,EV,cadgg.a,EV,Nbefha,,bdjda.a,bdjdaac.a,dajhh.a,,,IL,bh.a,Illinois,
bi.a,c.a,,UA,bjjhh.a,UA,,bbfc.a,bbgbi.a,bbgbiac.a,dbhad.a,EWR,NewarkNJ,,,NewJersey,cb.a
bc.a,,cabcbcbc.a,DL,bjhja.a,DL,NjfjDN,,badjh.a,,dadjh.a,,,GA,,Georgia,de.a
h.a,f.a,cabcbcah.a,,bjdjd.a,WN,NhigSW,baca.a,bagjd.a,bagjdac.a,dagjd.a,BNA,NashvilleTN,,eh.a,Tennessee,fe.a
bf.a,g.a,cabcbcbf.a,,,WN,NgadSW,cacj.a,,bahbdac.a,dahbd.a,BOI,BoiseID,ID,bg.a,Idaho,id.a
,h.a,cabcbcac.a,EV,cadgg.a,EV,Nbdjij,,bbaec.a,bbaecac.a,dageh.a,,,OH,dj.a,Ohio,ee.a
bb.a,,cabcbcbb.a,AS,,AS,NdbiAS,,,bebaaac.a,debaa.a,PHL,PhiladelphiaPA,,,Pennsylvania,
bh.a,,cabcbcbh.a,DL,bjhja.a,DL,,,bcefb.a,bcefbac.a,dbbdg.a,,,FL,,Florida,dd.a
bb.a,c.a,cabcbcbb.a,WN,bjdjd.a,WN,NcdaWN,cec.a,bcijc.a,bcijcad.a,dcfhf.a,LAX,LosAngelesCA,CA,g.a,California,jb.a
ci.a,f.a,cabcbcci.a,,bjdjd.a,WN,NcfaWN,ddgj.a,bcdjb.a,bcdjbac.a,,ISP,IslipNY,NY,dg.a,NewYork,cc.a
,f.a,cabcbccb.a,,caedg.a,Fj,,ebh.a,bbcjc.a,bbcjcac.a,dadcf.a,,DenverCO,CO,i.a,Colorado,ic.a
cj.a,g.a,cabcbccj.a,,bjdjd.a,,NcgiWN,bgic.a,behda.a,behdaad.a,,SDF,LouisvilleKY,,cb.a,Kentucky,
,b.a,,OO,cadae.a,OO,,gcbh.a,bbcjc.a,bbcjcac.a,dadcf.a,DEN,DenverCO,CO,i.a,Colorado,ic.a
bb.a,,cabcbcbb.a,AA,,AA,NdGPAA,,,bddadad.a,dcegh.a,MIA,,,,Florida,dd.a
bd.a,e.a,cabcbcbd.a,,bjdjd.a,WN,NchjWN,cecg.a,baicb.a,baicbad.a,daifc.a,BWI,,MD,ce.a,Maryland,df.a
bd.a,e.a,cabcbcbd.a,,,Bg,NfjaJB,bhj.a,,bcehiac.a,dbhad.a,JFK,NewYorkNY,,dg.a,NewYork,cc.a
,d.a,cabcbcbc.a,,cadgg.a,EV,NjcbEV,fcij.a,bajia.a,,dajia.a,,ChattanoogaTN,TN,eh.a,Tennessee,fe.a
bb.a,,cabcbcbb.a,DL,,DL,NfdeUS,,,bbeddac.a,dbcjf.a,,,MI,,Michigan,ed.a
,f.a,,,cadji.a,MQ,NhbdMQ,efgh.a,bbagg.a,bbaggac.a,dbagg.a,,,OH,dj.a,Ohio,ee.a
bi.a,c.a,cabcbcbi.a,Bg,caeaj.a,Bg,,,bbgjh.a,bbgjhad.a,dcegh.a,FLL,,FL,bc.a,Florida,dd.a
,e.a,,,cadji.a,MQ,NgjbMQ,cheh.a,bbcji.a,bbcjiad.a,dabje.a,,Dallas/FortWorthTX,TX,ei.a,,he.a
,c.a,,OO,,OO,NeajSW,eehi.a,,bdeihac.a,dbgfa.a,MSP,MinneapolisMN,,ch.a,Minnesota,
,c.a,,MQ,cadji.a,MQ,,dgea.a,bcijc.a,bcijcad.a,dcfhf.a,,LosAngelesCA,CA,g.a,California,jb.a
,e.a,cabcbcbd.a,,cadgg.a,EV,NjhaEV,fehe.a,bbbfa.a,,dbbfa.a,,,GA,bd.a,Georgia,de.a
cc.a,,cabcbccc.a,DL,bjhja.a,DL,,,bbafh.a,bbafhad.a,,,,NC,,NorthCarolina,dg.a
b.a,g.a,cabcbcab.a,,,Bg,NdbgJB,bccj.a,,bahcbac.a,dahcb.a,BOS,BostonMA,MA,cf.a,Massachusetts,bd.a
bc.a,,cabcbcbc.a,AA,,,NeUBAA,,,begidad.a,ddcbe.a,SAT,SanAntonioTX,,,Texas,
cd.a,h.a,cabcbccd.a,Bg,caeaj.a,Bg,,,bdcae.a,bdcaeac.a,,MCO,,,bc.a,Florida,dd.a
,h.a,cabcbcda.a,EV,cadgg.a,EV,Nbgjee,,bdifb.a,bdifbad.a,ddifb.a,,OklahomaCityOK,,ea.a,Oklahoma,
da.a,h.a,cabcbcda.a,WN,,WN,NeffWN,dabc.a,,bagjdac.a,,BNA,NashvilleTN,,eh.a,Tennessee,fe.a
bh.a,,cabcbcbh.a,DL,bjhja.a,DL,,,bagjd.a,bagjdac.a,dagjd.a,,NashvilleTN,,,Tennessee,fe.a
,b.a,cabcbcba.a,EV,cadgg.a,EV,NbdbEV,,bbedd.a,bbeddac.a,dbcjf.a,,,MI,cg.a,Michigan,ed.a
,b.a,cabcbcbh.a,EV,cadgg.a,EV,,,bdchh.a,bdchhac.a,ddchh.a,,MontgomeryAL,,b.a,Alabama,fb.a
bh.a,,cabcbcbh.a,AS,bjjda.a,,,,beheh.a,behehad.a,daffj.a,SEA,SeattleWA,WA,,Washington,
,e.a,,,cadji.a,MQ,NidgMQ,ebhi.a,bdjda.a,bdjdaac.a,dajhh.a,,,IL,bh.a,Illinois,
,d.a,cabcbccg.a,,cadgg.a,EV,NgjfCA,fgae.a,bdfhh.a,bdfhhac.a,dbbdf.a,,,,ef.a,SouthCarolina,
,h.a,cabcbcaj.a,EV,cadgg.a,EV,Nbcjcc,,bdjda.a,bdjdaac.a,dajhh.a,,,IL,bh.a,Illinois,
,g.a,cabcbcab.a,,cadgg.a,EV,NhgbND,ejdj.a,bbjjf.a,bbjjfac.a,dbjjf.a,,,NC,dh.a,NorthCarolina,dg.a
,f.a,cabcbccb.a,,cadgg.a,EV,,fdhf.a,bdeih.a,bdeihac.a,dbgfa.a,,MinneapolisMN,,ch.a,Minnesota,
f.a,,cabcbcaf.a,AS,,,NfbgAS,,,behehad.a,daffj.a,SEA,SeattleWA,WA,,Washington,
,d.a,cabcbccg.a,,cadgg.a,,Nbcbdg,edci.a,beejc.a,beejcac.a,deejc.a,RDU,,,dh.a,NorthCarolina,
cj.a,,cabcbccj.a,AS,,,NdagAS,,,behehad.a,,SEA,SeattleWA,WA,,Washington,
i.a,,cabcbcai.a,DL,bjhja.a,DL,NjbdDN,,badjh.a,,dadjh.a,,,GA,,Georgia,de.a
c.a,h.a,cabcbcac.a,YV,cadhi.a,YV,Nhfjje,baac.a,bdida.a,bdidaac.a,ddida.a,OGG,KahuluiHI,HI,bf.a,Hawaii,
bi.a,c.a,cabcbcbi.a,WN,bjdjd.a,WN,,dfaa.a,bbcjc.a,bbcjcac.a,dadcf.a,DEN,DenverCO,CO,i.a,Colorado,ic.a
ch.a,e.a,,,,,Ndecic,bhdi.a,,behhbab.a,,SFO,SanFranciscoCA,CA,,California,
h.a,f.a,,,bjjhh.a,UA,Nhdcid,bahg.a,bbaec.a,bbaecac.a,dageh.a,CLE,,OH,,Ohio,ee.a
,c.a,cabcbcbb.a,FL,caedh.a,FL,NijcAT,dc.a,badjh.a,badjhaf.a,dadjh.a,,,GA,bd.a,Georgia,de.a
,h.a,,MQ,cadji.a,MQ,NgeiMQ,dcae.a,bebjd.a,bebjdad.a,ddhci.a,,,,bc.a,Florida,
,d.a,cabcbccg.a,,,FL,NddgAT,efj.a,,bebaaac.a,debaa.a,,PhiladelphiaPA,,ec.a,Pennsylvania,
bi.a,,cabcbcbi.a,AA,bjiaf.a,AA,,,bbcji.a,bbcjiad.a,dabje.a,DFW,Dallas/FortWorthTX,TX,,Texas,he.a
cj.a,g.a,cabcbccj.a,,caeaj.a,Bg,NgebJB,ghd.a,bcehi.a,bcehiac.a,,JFK,NewYorkNY,,dg.a,NewYork,cc.a
,,,HA,bjgja.a,HA,,ced.a,bdida.a,bdidaac.a,ddida.a,,KahuluiHI,HI,bf.a,Hawaii,
d.a,b.a,cabcbcad.a,WN,,,NdfcSW,bab.a,,beejcac.a,deejc.a,RDU,,,dh.a,NorthCarolina,
h.a,,cabcbcah.a,DL,,DL,NdiiDA,,,bbeddac.a,dbcjf.a,,,MI,,Michigan,ed.a
ce.a,,cabcbcce.a,AA,bjiaf.a,AA,,,bahcb.a,bahcbac.a,,BOS,BostonMA,MA,,Massachusetts,bd.a
bg.a,,cabcbcbg.a,AS,,AS,NfcdAS,,,badjhaf.a,dadjh.a,ATL,,GA,,Georgia,de.a
,h.a,cabcbcda.a,EV,cadgg.a,EV,NiciAS,,bccge.a,bccgeac.a,daifc.a,,,VA,fb.a,,di.a
,d.a,cabcbccg.a,,cadgg.a,EV,Nbgbid,efcg.a,bccgg.a,bccggad.a,dbefd.a,,HoustonTX,TX,ei.a,,he.a
g.a,,cabcbcag.a,AA,,AA,NeXUAA,,,bdjdaac.a,dajhh.a,ORD,,IL,,Illinois,
h.a,,cabcbcah.a,AA,,AA,NfciAA,,,badjhaf.a,dadjh.a,ATL,,GA,,Georgia,de.a
,d.a,cabcbcbj.a,,caedh.a,FL,,gcb.a,bdcae.a,bdcaeac.a,dbefe.a,,,,bc.a,Florida,dd.a
cb.a,f.a,cabcbccb.a,,bjjhh.a,UA,,cgb.a,beafh.a,beafhac.a,,PDX,PortlandOR,,,Oregon,
cg.a,d.a,cabcbccg.a,,,Bg,NcjiJB,fij.a,,bcbjhac.a,,HPN,WhitePlainsNY,NY,dg.a,NewYork,cc.a
cf.a,c.a,cabcbccf.a,Bg,caeaj.a,Bg,,,bcehi.a,bcehiac.a,,JFK,NewYorkNY,,dg.a,NewYork,cc.a
f.a,,cabcbcaf.a,DL,bjhja.a,DL,NjheDL,,badjh.a,,dadjh.a,,,GA,,Georgia,de.a
d.a,,cabcbbad.a,AA,bjiaf.a,AA,NcacAA,,bcijc.a,bcijcad.a,dcfhf.a,LAX,LosAngelesCA,CA,,California,jb.a
bb.a,,cabcbcbb.a,DL,,DL,NfacUS,,,badjhaf.a,dadjh.a,,,GA,,Georgia,de.a
ce.a,b.a,,UA,bjjhh.a,UA,,bgba.a,beafh.a,beafhac.a,,PDX,PortlandOR,,,Oregon,
,f.a,,,cadae.a,OO,NjdeSW,gejc.a,bbcjc.a,,dadcf.a,DEN,DenverCO,CO,i.a,Colorado,ic.a
,h.a,,MQ,cadji.a,MQ,NideMQ,ebbi.a,bdjda.a,bdjdaac.a,dajhh.a,,,IL,bh.a,Illinois,
bf.a,,cabcbcbf.a,AA,,AA,NfFDAA,,,bdcaeac.a,dbefe.a,MCO,,,,Florida,dd.a
,h.a,cabcbccd.a,EV,cadgg.a,EV,,,bciie.a,bciiead.a,dciie.a,,,MI,cg.a,Michigan,ed.a
be.a,,cabcbcbe.a,AA,,AA,NdJHAA,,,bddadad.a,dcegh.a,MIA,,,,Florida,dd.a
ba.a,b.a,cabcbcba.a,WN,bjdjd.a,WN,NhhcSW,geg.a,bciij.a,bciijad.a,dccbb.a,LAS,LasVegasNV,NV,dc.a,Nevada,if.a
bc.a,d.a,cabcbcbc.a,,bjjhh.a,,NiegUA,dje.a,behhb.a,behhbab.a,dcefh.a,SFO,SanFranciscoCA,CA,,California,
,b.a,cabcbcbh.a,EV,cadgg.a,EV,,,badjh.a,badjhaf.a,dadjh.a,,,GA,bd.a,Georgia,de.a
db.a,,cabcbcdb.a,DL,bjhja.a,DL,NgheDL,,badjh.a,badjhaf.a,,,,GA,,Georgia,de.a
,c.a,cabcbcae.a,EV,cadgg.a,EV,Nbfjei,,bahib.a,bahibac.a,dahib.a,,BatonRougeLA,LA,cc.a,Louisiana,hc.a
,c.a,cabcbcae.a,Fj,caedg.a,Fj,NjehFR,cbb.a,baecd.a,,daecd.a,,AustinTX,TX,ei.a,,he.a
bf.a,g.a,cabcbcbf.a,,,WN,NegfWN,ejhh.a,,bciijad.a,dccbb.a,LAS,LasVegasNV,NV,dc.a,Nevada,if.a
,e.a,,,cadji.a,MQ,NjdfMQ,ddaj.a,bdecc.a,,dafgc.a,,MobileAL,,b.a,Alabama,
h.a,f.a,cabcbcah.a,,,Bg,NfgiJB,jja.a,,bbgjhad.a,dcegh.a,FLL,,FL,bc.a,Florida,dd.a
be.a,f.a,cabcbcbe.a,,,US,NgdhAW,f.a,,bebahac.a,daegg.a,PHX,PhoenixAZ,,e.a,Arizona,
da.a,,cabcbcda.a,AA,,AA,NdGSAA,,,bddadad.a,,MIA,,,,Florida,dd.a
,h.a,,MQ,,MQ,NgahMQ,edgb.a,,bdjdaac.a,dajhh.a,,,IL,bh.a,Illinois,
cc.a,,cabcbccc.a,AA,bjiaf.a,AA,,,bbagg.a,bbaggac.a,,CMH,,OH,,Ohio,ee.a
cf.a,,cabcbbcf.a,AA,bjiaf.a,,,,behhb.a,behhbab.a,,SFO,SanFranciscoCA,CA,,California,
ce.a,b.a,cabcbcce.a,VX,cbbhb.a,VX,,def.a,bbgjh.a,bbgjhad.a,,FLL,,FL,bc.a,Florida,dd.a
db.a,b.a,cabcbcdb.a,Bg,caeaj.a,Bg,NhgiJB,,bbgjh.a,bbgjhad.a,,FLL,,FL,bc.a,Florida,dd.a
,c.a,,MQ,cadji.a,MQ,,dcdj.a,bbcji.a,bbcjiad.a,dabje.a,,Dallas/FortWorthTX,TX,ei.a,,he.a
bj.a,d.a,cabcbcbj.a,,bjdjd.a,WN,,cffj.a,bagjd.a,bagjdac.a,,BNA,NashvilleTN,,eh.a,Tennessee,fe.a
,e.a,,,cadae.a,OO,NheeSK,fbgh.a,bccgg.a,bccggad.a,dbefd.a,IAH,HoustonTX,TX,ei.a,,he.a
bi.a,,cabcbcbi.a,AA,bjiaf.a,AA,,,bbcji.a,bbcjiad.a,dabje.a,DFW,Dallas/FortWorthTX,TX,,Texas,he.a
,,,HA,bjgja.a,HA,,bbj.a,bchfi.a,bchfiad.a,dchfi.a,,KonaHI,HI,bf.a,Hawaii,c.a
db.a,b.a,cabcbcdb.a,UA,bjjhh.a,UA,Nhiigg,bbdb.a,bdida.a,bdidaac.a,,OGG,KahuluiHI,HI,,Hawaii,
,b.a,cabcbcbh.a,EV,cadgg.a,EV,,,bbjhh.a,bbjhhac.a,dbjhh.a,,GreenBayWI,WI,ff.a,,ef.a
da.a,h.a,cabcbcda.a,UA,,UA,NfdiUA,igf.a,,bbgbiac.a,,EWR,NewarkNJ,,,NewJersey,cb.a
,h.a,,MQ,cadji.a,MQ,,diih.a,bbcji.a,bbcjiad.a,dabje.a,,Dallas/FortWorthTX,TX,ei.a,,he.a
bf.a,,cabcbcbf.a,DL,bjhja.a,DL,NjahDE,,badjh.a,,dadjh.a,,,GA,,Georgia,de.a
cj.a,g.a,cabcbccj.a,,cadhi.a,YV,NjcjLR,cgjf.a,bbafh.a,,,CLT,,NC,dh.a,NorthCarolina,dg.a
,h.a,,OO,cadae.a,OO,NigiCA,cgja.a,babea.a,babeaac.a,dabea.a,ABQ,AlbuquerqueNM,NM,df.a,NewMexico,ig.a
,h.a,,OO,,,NcjfSW,gcih.a,,behhbab.a,dcefh.a,SFO,SanFranciscoCA,CA,g.a,California,
,e.a,,,cadji.a,MQ,NidjMQ,edfh.a,bdjda.a,bdjdaac.a,dajhh.a,,,IL,bh.a,Illinois,
d.a,b.a,cabcbcad.a,WN,bjdjd.a,WN,NjfjWN,ei.a,bbedd.a,,dbcjf.a,DTW,,MI,cg.a,Michigan,ed.a
cc.a,,cabcbccc.a,DL,bjhja.a,DL,,,bcjfd.a,bcjfdac.a,,,NewYorkNY,,,NewYork,cc.a
,c.a,,MQ,cadji.a,MQ,,eccf.a,bdjda.a,bdjdaac.a,dajhh.a,,,IL,bh.a,Illinois,
bh.a,,cabcbcbh.a,AA,bjiaf.a,AA,,,bbcji.a,bbcjiad.a,dabje.a,DFW,Dallas/FortWorthTX,TX,,Texas,he.a
cg.a,,cabcbccg.a,AA,,AA,NdHDAA,,,bbcjiad.a,,DFW,Dallas/FortWorthTX,TX,,Texas,he.a
be.a,,cabcbcbe.a,DL,bjhja.a,DL,NjgcDL,,bccgg.a,,dbefd.a,,HoustonTX,TX,,Texas,he.a
,g.a,cabcbccc.a,,cadgg.a,EV,,edgc.a,bdeih.a,bdeihac.a,dbgfa.a,,MinneapolisMN,,ch.a,Minnesota,
d.a,b.a,cabcbcad.a,Bg,,Bg,NfjjJB,,,bcehiac.a,dbhad.a,JFK,NewYorkNY,,dg.a,NewYork,cc.a
,h.a,cabcbcda.a,EV,cadgg.a,EV,Nbejac,,bdjda.a,bdjdaac.a,dajhh.a,,,IL,bh.a,Illinois,
cg.a,,cabcbccg.a,AA,,AA,NdDFAA,,,bdjdaac.a,,ORD,,IL,,Illinois,
,h.a,cabcbcac.a,FL,caedh.a,FL,NcihAT,djc.a,badjh.a,badjhaf.a,dadjh.a,,,GA,bd.a,Georgia,de.a
ca.a,e.a,cabcbcca.a,,cadff.a,US,,bafj.a,bedcb.a,bedcbad.a,,PWM,PortlandME,,cd.a,Maine,
db.a,b.a,cabcbcdb.a,US,cadff.a,US,NbiiUS,bbac.a,bbcji.a,bbcjiad.a,,DFW,Dallas/FortWorthTX,TX,ei.a,,he.a
bd.a,,cabcbcbd.a,DL,,DL,NdhdNW,,,bbeddac.a,dbcjf.a,,,MI,,Michigan,ed.a
,b.a,,OO,cadae.a,OO,NiijAS,cjhj.a,bebah.a,bebahac.a,daegg.a,PHX,PhoenixAZ,,e.a,Arizona,
c.a,h.a,cabcbcac.a,Bg,,Bg,NgahJB,,,bahcbac.a,dahcb.a,BOS,BostonMA,MA,cf.a,Massachusetts,bd.a
g.a,,cabcbcag.a,AA,,,NdCVAA,,,befhaac.a,defha.a,RNO,RenoNV,,,Nevada,
,b.a,,OO,cadae.a,OO,NhbgSK,ffhi.a,bbcjc.a,bbcjcac.a,dadcf.a,DEN,DenverCO,CO,i.a,Colorado,ic.a
db.a,b.a,cabcbcdb.a,YV,,YV,NfahMJ,dheb.a,,bccgeac.a,,IAD,,VA,fb.a,,di.a
,g.a,,,,,NegaSW,eich.a,,beigjad.a,degbe.a,SLC,SaltLakeCityUT,,ej.a,,
ce.a,b.a,cabcbcce.a,Bg,caeaj.a,Bg,,,bcjfe.a,bcjfeac.a,,LGB,LongBeachCA,CA,g.a,California,jb.a
b.a,g.a,,,,UA,Ndeega,bbea.a,,bcijcad.a,dcfhf.a,LAX,LosAngelesCA,CA,,California,jb.a
e.a,,cabcbcae.a,AA,,AA,NfdaAA,,,bbcjiad.a,dabje.a,DFW,Dallas/FortWorthTX,TX,,Texas,he.a
c.a,h.a,cabcbcac.a,WN,,WN,NejgWN,dcbg.a,,bbcfjad.a,dabje.a,DAL,DallasTX,TX,ei.a,,he.a
f.a,d.a,cabcbcaf.a,,,WN,NdgfSW,ffa.a,,baicbad.a,daifc.a,BWI,,MD,ce.a,Maryland,df.a
,g.a,cabcbcab.a,,,EV,NdhbCA,fcfa.a,,bbecdad.a,dbecd.a,,DesMoinesIA,IA,bj.a,Iowa,gb.a
f.a,,cabcbcaf.a,AA,,AA,NdBAAA,,,bddadad.a,dcegh.a,MIA,,,,Florida,dd.a
ca.a,,cabcbcca.a,DL,bjhja.a,DL,,,bbedd.a,bbeddac.a,,,,MI,,Michigan,ed.a
be.a,f.a,,,bjjhh.a,UA,Nhhcjg,baee.a,bbcjc.a,bbcjcac.a,dadcf.a,DEN,DenverCO,CO,,Colorado,ic.a
cj.a,g.a,cabcbccj.a,,,WN,NdjcSW,cdgh.a,,bdcaeac.a,,MCO,,,bc.a,Florida,dd.a
c.a,,cabcbcac.a,DL,,DL,NdciNW,,,bcjfdac.a,dbhad.a,,NewYorkNY,,,NewYork,cc.a
ba.a,b.a,,UA,bjjhh.a,UA,Nhifbb,baad.a,bahcb.a,bahcbac.a,dahcb.a,BOS,BostonMA,MA,,Massachusetts,bd.a
cc.a,g.a,cabcbccc.a,,bjdjd.a,WN,,cgej.a,bcjjc.a,bcjjcae.a,,LIT,LittleRockAR,AR,f.a,Arkansas,hb.a
,c.a,cabcbcae.a,EV,cadgg.a,EV,Nbffhc,,bbaad.a,bbaadad.a,dbaad.a,,CedarRapids/IowaCityIA,IA,bj.a,Iowa,gb.a
,f.a,cabcbccb.a,,cadgg.a,EV,,egia.a,bccgg.a,bccggad.a,dbefd.a,,HoustonTX,TX,ei.a,,he.a
,,,HA,,,NfihHA,ed.a,,beidbad.a,dcefh.a,SJC,SanJoseCA,CA,g.a,California,
c.a,h.a,cabcbcac.a,WN,,WN,NgadSW,bbba.a,,bedahac.a,dahcb.a,PVD,ProvidenceRI,,ee.a,RhodeIsland,
ba.a,b.a,,UA,,UA,NefeUA,ehe.a,,bdjdaac.a,dajhh.a,ORD,,IL,,Illinois,
da.a,h.a,cabcbcda.a,WN,,WN,NdhiSW,cijd.a,,bdifbad.a,,OKC,OklahomaCityOK,,ea.a,Oklahoma,
c.a,h.a,,UA,,UA,Ndhcjd,bbid.a,,bbgbiac.a,dbhad.a,EWR,NewarkNJ,,,NewJersey,cb.a
,b.a,,OO,,,NedbSW,eicj.a,,beigjad.a,degbe.a,SLC,SaltLakeCityUT,,ej.a,,
,b.a,cabcbcad.a,EV,cadgg.a,EV,NiecAS,,bajja.a,bajjaac.a,dajja.a,,,VA,fb.a,,di.a
c.a,,cabcbcac.a,AA,,AA,NfbeAA,,,bdcfgac.a,ddcfg.a,MFE,Mission/McAllen/EdinburgTX,,,Texas,he.a
,f.a,,,,OO,NffeCA,eeha.a,,bdjdaac.a,dajhh.a,,,IL,bh.a,Illinois,
be.a,f.a,,,,UA,NeeaUA,dac.a,,bdeihac.a,dbgfa.a,MSP,MinneapolisMN,,,Minnesota,
j.a,h.a,cabcbcaj.a,WN,bjdjd.a,WN,NjfbWN,bjgf.a,bciij.a,,dccbb.a,LAS,LasVegasNV,NV,dc.a,Nevada,if.a
i.a,,cabcbbai.a,AA,,AA,NdgeAA,,,bcbhdab.a,dcbde.a,HNL,HonoluluHI,HI,,Hawaii,c.a
,b.a,,OO,cadae.a,OO,NiijAS,cjej.a,bbjcb.a,bbjcbac.a,dbjcb.a,,GrandJunctionCO,CO,i.a,Colorado,ic.a
cg.a,d.a,,,,,NejfUA,cei.a,,beghjad.a,,SAN,SanDiegoCA,,,California,
,f.a,cabcbcah.a,,cadgg.a,EV,NiehAS,ffba.a,bceei.a,bceeiad.a,dceei.a,,Jackson/VicksburgMS,MS,ci.a,Mississippi,fd.a
j.a,h.a,,UA,,UA,NeghUA,dab.a,,bcchiac.a,dajci.a,ICT,WichitaKS,KS,,Kansas,gc.a
cj.a,,cabcbccj.a,DL,,DL,NddjNB,,,bdeihac.a,,,MinneapolisMN,,,Minnesota,
,d.a,cabcbcbj.a,,cadgg.a,EV,,edgg.a,bbcfj.a,bbcfjad.a,dabje.a,,DallasTX,TX,ei.a,,he.a
,c.a,,OO,,,,fegd.a,beijd.a,beijdac.a,ddbjc.a,SMF,SacramentoCA,,g.a,California,
,h.a,cabcbcbg.a,Fj,caedg.a,Fj,NjafFR,fhf.a,bbcjc.a,,dadcf.a,,DenverCO,CO,i.a,Colorado,ic.a
,c.a,,OO,cadae.a,OO,,gchf.a,bcijc.a,bcijcad.a,dcfhf.a,,LosAngelesCA,CA,g.a,California,jb.a
cd.a,h.a,cabcbccd.a,AS,bjjda.a,AS,,,bcbhd.a,bcbhdab.a,,HNL,HonoluluHI,HI,,Hawaii,c.a
f.a,d.a,cabcbcaf.a,,,AS,NdbhAS,gcg.a,,beafhac.a,deafh.a,PDX,PortlandOR,,,Oregon,
,e.a,cabcbcbd.a,,cadgg.a,EV,Ncifcj,edaf.a,bccgg.a,bccggad.a,dbefd.a,,HoustonTX,TX,ei.a,,he.a
c.a,,cabcbcac.a,AA,,AA,NfbiAA,,,bbcjiad.a,dabje.a,DFW,Dallas/FortWorthTX,TX,,Texas,he.a
cc.a,,cabcbccc.a,DL,,,,,beied.a,beiedad.a,,SJU,SanJuanPR,PR,,PuertoRico,
,b.a,cabcbcbh.a,EV,cadgg.a,EV,,,bahjc.a,bahjcae.a,dahjc.a,,BuffaloNY,NY,dg.a,NewYork,cc.a
bd.a,e.a,cabcbcbd.a,,,,NedeWN,chhi.a,,bejaiad.a,dcfhf.a,SNA,SantaAnaCA,CA,g.a,California,jb.a
,h.a,,MQ,cadji.a,MQ,NgicMQ,ecja.a,bagjd.a,bagjdac.a,dagjd.a,,NashvilleTN,,eh.a,Tennessee,fe.a
ce.a,b.a,cabcbcce.a,US,cadff.a,US,,bhbh.a,bebaa.a,bebaaac.a,,PHL,PhiladelphiaPA,,ec.a,Pennsylvania,
,f.a,cabcbcci.a,,cadgg.a,EV,Nbgfhb,ehaj.a,bahjc.a,bahjcae.a,dahjc.a,,BuffaloNY,NY,dg.a,NewYork,cc.a
bj.a,d.a,cabcbcbj.a,,cadff.a,US,,hca.a,bbgbi.a,bbgbiac.a,,EWR,NewarkNJ,,de.a,NewJersey,cb.a
,f.a,,,,OO,NjgdSW,gfdg.a,beigj.a,,degbe.a,,SaltLakeCityUT,,ej.a,,
bd.a,e.a,cabcbcbd.a,,cadff.a,US,NbjdUW,bhii.a,bahcb.a,bahcbac.a,dahcb.a,BOS,BostonMA,MA,cf.a,Massachusetts,bd.a
g.a,,cabcbcag.a,DL,,DL,NddhNW,,,bddecaf.a,dddec.a,,MilwaukeeWI,,,Wisconsin,ef.a
be.a,f.a,cabcbcbe.a,,,WN,NfcgSW,fb.a,,bbcfjad.a,dabje.a,DAL,DallasTX,TX,ei.a,,he.a
,e.a,,,cadae.a,OO,NhjeSK,fbgb.a,bccgg.a,bccggad.a,dbefd.a,,HoustonTX,TX,ei.a,,he.a
bg.a,h.a,cabcbcbg.a,WN,,WN,NcjgWN,dcbg.a,,bdcdcac.a,dajhh.a,MDW,,IL,bh.a,Illinois,eb.a
,h.a,,MQ,cadji.a,MQ,,dfdf.a,bddad.a,bddadad.a,dcegh.a,,,,bc.a,Florida,dd.a
da.a,h.a,cabcbcda.a,WN,bjdjd.a,WN,NcceWN,cffb.a,bebaa.a,bebaaac.a,,PHL,PhiladelphiaPA,,ec.a,Pennsylvania,
j.a,,cabcbcaj.a,DL,,DL,NdhfeA,,,bcjfdac.a,dbhad.a,,NewYorkNY,,,NewYork,cc.a
j.a,h.a,cabcbcaj.a,US,cadff.a,US,NiacAW,cia.a,bebah.a,bebahac.a,daegg.a,PHX,PhoenixAZ,,e.a,Arizona,
g.a,e.a,cabcbcag.a,,,WN,NddeSW,chi.a,,baicbad.a,daifc.a,BWI,,MD,ce.a,Maryland,df.a
ca.a,e.a,,,bjjhh.a,UA,,cej.a,bccgg.a,bccggad.a,,IAH,HoustonTX,TX,,Texas,he.a
c.a,,cabcbcac.a,DL,bjhja.a,DL,NjacDE,,badjh.a,badjhaf.a,dadjh.a,,,GA,,Georgia,de.a
e.a,c.a,cabcbcae.a,WN,,WN,NdhdSW,bgg.a,,bbcjcac.a,dadcf.a,DEN,DenverCO,CO,i.a,Colorado,ic.a
,c.a,,OO,cadae.a,OO,,gfaf.a,bbiji.a,bbijiac.a,dbiji.a,,GrandForksND,ND,di.a,NorthDakota,gg.a
,b.a,,FL,caedh.a,FL,,hhe.a,badjh.a,badjhaf.a,dadjh.a,,,GA,bd.a,Georgia,de.a
,e.a,,,cadji.a,MQ,NjcfMQ,dcci.a,babif.a,,dabif.a,,AlexandriaLA,LA,cc.a,Louisiana,hc.a
ca.a,e.a,,,bjjhh.a,UA,,dcd.a,bbaec.a,bbaecac.a,,CLE,,OH,,Ohio,ee.a
,f.a,,,cadae.a,OO,NhbaSK,fbfh.a,bccgg.a,bccggad.a,dbefd.a,,HoustonTX,TX,ei.a,,he.a
,b.a,,OO,cadae.a,OO,NhjfSK,fbjf.a,bbcji.a,bbcjiad.a,dabje.a,,Dallas/FortWorthTX,TX,ei.a,,he.a
cf.a,,cabcbccf.a,AA,bjiaf.a,AA,,,bddad.a,bddadad.a,,MIA,,,,Florida,dd.a
bh.a,b.a,cabcbcbh.a,WN,bjdjd.a,WN,,ccag.a,beafh.a,beafhac.a,deafh.a,PDX,PortlandOR,,eb.a,Oregon,
c.a,,cabcbcac.a,DL,,DL,NdddNB,,,badjhaf.a,dadjh.a,,,GA,,Georgia,de.a
h.a,,cabcbcah.a,AA,,,NeXDAA,,,beejcac.a,deejc.a,RDU,,,,NorthCarolina,
e.a,,cabcbcae.a,AA,,AA,NeWRAA,,,bdjdaac.a,dajhh.a,ORD,,IL,,Illinois,
bd.a,,cabcbcbd.a,DL,bjhja.a,DL,NhbiTW,,bcehi.a,bcehiac.a,dbhad.a,,NewYorkNY,,,NewYork,cc.a
i.a,g.a,cabcbcai.a,WN,,WN,NecjWN,ejfd.a,,bdihbac.a,dddbg.a,OMA,OmahaNE,,db.a,Nebraska,
g.a,,cabcbcag.a,AA,,AA,NdBBAA,,,bcjfdac.a,dbhad.a,LGA,NewYorkNY,,,NewYork,cc.a
ch.a,,cabcbcch.a,DL,bjhja.a,DL,NggiDN,,bdcae.a,bdcaeac.a,,,,,,Florida,dd.a
bi.a,c.a,cabcbcbi.a,WN,bjdjd.a,WN,,bice.a,baicb.a,baicbad.a,daifc.a,BWI,,MD,ce.a,Maryland,df.a
bb.a,c.a,cabcbcbb.a,YV,,YV,NjahFJ,chfe.a,beigj.a,,degbe.a,SLC,SaltLakeCityUT,,ej.a,,
bb.a,c.a,cabcbcbb.a,WN,bjdjd.a,WN,NcagWN,gcd.a,bdcdc.a,bdcdcac.a,dajhh.a,MDW,,IL,bh.a,Illinois,eb.a
,h.a,cabcbcaj.a,FL,caedh.a,FL,NjfdAT,ejd.a,befhg.a,,defhg.a,,RochesterNY,,dg.a,NewYork,
ci.a,f.a,,,bjjhh.a,UA,Nhjfcb,bfid.a,bbcjc.a,bbcjcac.a,,DEN,DenverCO,CO,,Colorado,ic.a
,b.a,cabcbcba.a,EV,cadgg.a,EV,NhcaEV,,bbedd.a,bbeddac.a,dbcjf.a,,,MI,cg.a,Michigan,ed.a
cc.a,,cabcbccc.a,DL,bjhja.a,DL,,,bcijc.a,bcijcad.a,,,LosAngelesCA,CA,,California,jb.a
,e.a,cabcbcca.a,,caedg.a,Fj,,ebb.a,bbcjc.a,bbcjcac.a,dadcf.a,,DenverCO,CO,i.a,Colorado,ic.a
ci.a,f.a,,,bjjhh.a,UA,NieaUA,dgh.a,bbcjc.a,bbcjcac.a,,DEN,DenverCO,CO,,Colorado,ic.a
ba.a,b.a,cabcbcba.a,US,cadff.a,US,NiafAW,chf.a,bebah.a,bebahac.a,daegg.a,PHX,PhoenixAZ,,e.a,Arizona,
cb.a,,cabcbccb.a,AA,bjiaf.a,AA,,,bbcji.a,bbcjiad.a,,DFW,Dallas/FortWorthTX,TX,,Texas,he.a
j.a,h.a,,UA,,UA,NfcjUA,efb.a,,bdjdaac.a,dajhh.a,ORD,,IL,,Illinois,
ce.a,,cabcbcce.a,DL,bjhja.a,DL,,,badjh.a,badjhaf.a,,,,GA,,Georgia,de.a
j.a,,cabcbcaj.a,DL,bjhja.a,DL,NjcaDE,,bbchi.a,,daifc.a,,,VA,,Virginia,di.a
ci.a,f.a,cabcbcci.a,,bjdjd.a,WN,NhhcSW,bcfe.a,bcjjc.a,bcjjcae.a,,LIT,LittleRockAR,AR,f.a,Arkansas,hb.a
cc.a,g.a,cabcbccc.a,WN,bjdjd.a,,,bcd.a,beghj.a,beghjad.a,,SAN,SanDiegoCA,,g.a,California,
ci.a,f.a,cabcbcci.a,,,,NeaaWN,dfed.a,,beghjad.a,,SAN,SanDiegoCA,,g.a,California,
,,,HA,,,NdidHA,bb.a,,behhbab.a,dcefh.a,SFO,SanFranciscoCA,CA,g.a,California,
cj.a,g.a,,UA,bjjhh.a,,NifaUA,dhj.a,begdf.a,begdfac.a,,RSW,,FL,,Florida,
b.a,g.a,cabcbcab.a,Bg,,Bg,NfbjJB,,,bcehiac.a,dbhad.a,JFK,NewYorkNY,,dg.a,NewYork,cc.a
,b.a,,OO,cadae.a,OO,,ehfa.a,bcijc.a,bcijcad.a,dcfhf.a,,LosAngelesCA,CA,g.a,California,jb.a
bj.a,d.a,,,bjjhh.a,UA,,ggf.a,bdjda.a,bdjdaac.a,,ORD,,IL,,Illinois,
ch.a,,cabcbcch.a,AA,,AA,NeYJAA,,,bbcjiad.a,,DFW,Dallas/FortWorthTX,TX,,Texas,he.a
ch.a,,cabcbcch.a,AA,,AA,NdCHAA,,,bbcjiad.a,,DFW,Dallas/FortWorthTX,TX,,Texas,he.a
h.a,f.a,cabcbcah.a,,,US,NeeeUS,bfgi.a,,bebaaac.a,debaa.a,PHL,PhiladelphiaPA,,ec.a,Pennsylvania,
cf.a,c.a,cabcbccf.a,WN,bjdjd.a,WN,,bbi.a,babea.a,babeaac.a,,ABQ,AlbuquerqueNM,NM,df.a,NewMexico,ig.a
d.a,b.a,cabcbcad.a,US,cadff.a,US,NbahUS,bgac.a,bbedd.a,bbeddac.a,dbcjf.a,DTW,,MI,cg.a,Michigan,ed.a
,f.a,cabcbcci.a,,cadgg.a,EV,Nbhbgj,egfa.a,bccgg.a,bccggad.a,dbefd.a,,HoustonTX,TX,ei.a,,he.a
cj.a,g.a,cabcbccj.a,US,cadff.a,US,NhdcUS,baeh.a,bbafh.a,bbafhad.a,,CLT,,NC,dh.a,NorthCarolina,dg.a
bc.a,,cabcbcbc.a,DL,,DL,NdhdaB,,,bahcbac.a,dahcb.a,,BostonMA,MA,,Massachusetts,bd.a
bj.a,d.a,cabcbcbj.a,,cadff.a,US,,beje.a,bbafh.a,bbafhad.a,,CLT,,NC,dh.a,NorthCarolina,dg.a
,h.a,,OO,cadae.a,OO,NjgeSW,fddc.a,bdjda.a,,dajhh.a,,,IL,bh.a,Illinois,
f.a,,cabcbcaf.a,DL,bjhja.a,DL,NjihDL,,badjh.a,,dadjh.a,,,GA,,Georgia,de.a
ba.a,b.a,cabcbcba.a,US,,US,NeebUS,bgja.a,,bbafhad.a,dbafh.a,CLT,,NC,dh.a,NorthCarolina,dg.a
cf.a,c.a,cabcbccf.a,WN,bjdjd.a,WN,,bjha.a,bdhjg.a,bdhjgab.a,,OAK,OaklandCA,,g.a,California,
,e.a,,,cadae.a,OO,,ffcb.a,bdeig.a,bdeigac.a,ddeig.a,,MissoulaMT,,da.a,Montana,
ch.a,e.a,cabcbcch.a,,,Bg,NdcdJB,bcfi.a,,bccgeac.a,,IAD,,VA,fb.a,,di.a
cb.a,f.a,cabcbccb.a,,bjdjd.a,WN,,diie.a,badjh.a,badjhaf.a,,ATL,,GA,bd.a,Georgia,de.a
,h.a,,OO,,,NfghSW,fdji.a,,behhbab.a,dcefh.a,SFO,SanFranciscoCA,CA,g.a,California,
,e.a,cabcbcag.a,,caedg.a,Fj,NcafFR,hjc.a,beafh.a,beafhac.a,deafh.a,,PortlandOR,,eb.a,Oregon,
da.a,h.a,cabcbcda.a,WN,,WN,NebeWN,bejg.a,,bdcjgae.a,,MHT,ManchesterNH,,dd.a,NewHampshire,be.a
cg.a,,cabcbccg.a,DL,bjhja.a,DL,NjbbDA,,bcddj.a,,,,,IN,,Indiana,ec.a
ca.a,e.a,cabcbcca.a,,cadff.a,US,,jf.a,beafh.a,beafhac.a,,PDX,PortlandOR,,eb.a,Oregon,
db.a,,cabcbcdb.a,AA,,AA,NeWYAA,,,bdeihac.a,,MSP,MinneapolisMN,,,Minnesota,
bc.a,d.a,cabcbcbc.a,,,,NfjgAS,dde.a,,behehad.a,daffj.a,SEA,SeattleWA,WA,,Washington,
bc.a,d.a,cabcbcbc.a,,,WN,NeiaWN,fjb.a,,baicbad.a,daifc.a,BWI,,MD,ce.a,Maryland,df.a
,c.a,cabcbcbb.a,EV,cadgg.a,EV,Nbbffb,,bccge.a,bccgeac.a,daifc.a,,,VA,fb.a,,di.a
cj.a,,cabcbccj.a,DL,,DL,NdefNW,,,beachac.a,,,,FL,,Florida,
,f.a,,,cadji.a,MQ,,dgfj.a,bcijc.a,bcijcad.a,dcfhf.a,,LosAngelesCA,CA,g.a,California,jb.a
cg.a,d.a,cabcbccg.a,,,WN,NeejWN,eced.a,,bebahac.a,,PHX,PhoenixAZ,,e.a,Arizona,
,b.a,cabcbcba.a,EV,cadgg.a,EV,NjchEV,,bcjef.a,,dcjef.a,,LexingtonKY,KY,cb.a,Kentucky,fc.a
,f.a,,,cadae.a,OO,NhecSK,gedb.a,bcijc.a,bcijcad.a,dcfhf.a,,LosAngelesCA,CA,g.a,California,jb.a
,b.a,cabcbcce.a,FL,caedh.a,FL,,did.a,bdcae.a,bdcaeac.a,dbefe.a,,,,bc.a,Florida,dd.a
h.a,f.a,cabcbcah.a,,,WN,NeadWN,bibc.a,,bebaaac.a,debaa.a,PHL,PhiladelphiaPA,,ec.a,Pennsylvania,
bh.a,,cabcbcbh.a,AA,bjiaf.a,AA,,,bbcji.a,bbcjiad.a,dabje.a,DFW,Dallas/FortWorthTX,TX,,Texas,he.a
bd.a,e.a,cabcbcbd.a,,cadff.a,US,NggaAW,gfg.a,bbgbi.a,bbgbiac.a,dbhad.a,EWR,NewarkNJ,,de.a,NewJersey,cb.a
da.a,,cabcbcda.a,AA,,AA,NdFUAA,,,bddadad.a,,MIA,,,,Florida,dd.a
cf.a,c.a,cabcbccf.a,Bg,caeaj.a,Bg,,,bahcb.a,bahcbac.a,,BOS,BostonMA,MA,cf.a,Massachusetts,bd.a
,e.a,cabcbcbd.a,,cadgg.a,EV,NbdgEV,eijg.a,badjh.a,badjhaf.a,dadjh.a,,,GA,bd.a,Georgia,de.a
,c.a,,MQ,cadji.a,MQ,NghcMQ,ddid.a,bbcji.a,bbcjiad.a,dabje.a,,Dallas/FortWorthTX,TX,ei.a,,he.a
e.a,c.a,cabcbcae.a,US,,,NicdAW,fbf.a,bejai.a,bejaiad.a,dcfhf.a,SNA,SantaAnaCA,CA,g.a,California,jb.a
be.a,f.a,cabcbcbe.a,,,US,NgdcAW,efe.a,,badjhaf.a,dadjh.a,ATL,,GA,bd.a,Georgia,de.a
c.a,,cabcbcac.a,DL,,DL,NdhaNW,,,baicbad.a,daifc.a,,,MD,,Maryland,df.a
,d.a,cabcbcbj.a,,caedh.a,FL,,gc.a,badjh.a,badjhaf.a,dadjh.a,,,GA,bd.a,Georgia,de.a
,h.a,cabcbcbg.a,EV,cadgg.a,EV,Nbgjfb,,bccgg.a,bccggad.a,dbefd.a,,HoustonTX,TX,ei.a,,he.a
,d.a,cabcbcbj.a,,caedh.a,FL,,gih.a,badjh.a,badjhaf.a,dadjh.a,,,GA,bd.a,Georgia,de.a
cb.a,,cabcbccb.a,DL,bjhja.a,DL,,,bdejf.a,bdejfac.a,,,NewOrleansLA,,,Louisiana,
,d.a,cabcbcbj.a,,cadgg.a,EV,,edbh.a,bbagg.a,bbaggac.a,dbagg.a,,,OH,dj.a,Ohio,ee.a
ce.a,b.a,cabcbcce.a,WN,,,,cfje.a,bejai.a,bejaiad.a,,SNA,SantaAnaCA,CA,g.a,California,jb.a
,g.a,cabcbcai.a,,caedh.a,FL,NjfgAT,fg.a,badjh.a,,dadjh.a,,,GA,bd.a,Georgia,de.a
bc.a,,cabcbcbc.a,DL,bjhja.a,DL,NjehDL,,bbhcb.a,,dbhcb.a,,,MI,,Michigan,ed.a
e.a,c.a,,UA,,UA,NffiUA,fci.a,,bcijcad.a,dcfhf.a,LAX,LosAngelesCA,CA,,California,jb.a
cg.a,d.a,cabcbccg.a,,,WN,NgciSW,efgh.a,,bcbjbac.a,,HOU,HoustonTX,TX,ei.a,,he.a
,b.a,cabcbcad.a,EV,,EV,NgaaQX,,,bbfdhad.a,dbfdh.a,,Elmira/CorningNY,NY,dg.a,NewYork,cc.a
h.a,,cabcbcah.a,AA,,AA,NfDYAA,,,bddadad.a,dcegh.a,MIA,,,,Florida,dd.a
,f.a,,,cadae.a,OO,NhbgSK,geii.a,bbcjc.a,bbcjcac.a,dadcf.a,,DenverCO,CO,i.a,Colorado,ic.a
j.a,,cabcbcaj.a,DL,bjhja.a,DL,NjjjDN,,bbbjd.a,,ddbaf.a,,CincinnatiOH,KY,,Kentucky,fc.a
,b.a,,MQ,cadji.a,MQ,NggeMQ,ddae.a,bbcji.a,bbcjiad.a,dabje.a,,Dallas/FortWorthTX,TX,ei.a,,he.a
,f.a,cabcbcah.a,,cadgg.a,EV,Nbgbbc,egdh.a,bbgbi.a,bbgbiac.a,dbhad.a,,NewarkNJ,,de.a,NewJersey,cb.a
cj.a,,cabcbccj.a,AA,,AA,NehhAA,,,bdjdaac.a,,ORD,,IL,,Illinois,
be.a,f.a,cabcbcbe.a,,bjdjd.a,,NhcfSW,jfa.a,befha.a,befhaac.a,defha.a,RNO,RenoNV,,dc.a,Nevada,
,f.a,cabcbcci.a,,cadgg.a,EV,Nbgjih,fifh.a,bagjd.a,bagjdac.a,dagjd.a,,NashvilleTN,,eh.a,Tennessee,fe.a
ci.a,,cabcbcci.a,DL,bjhja.a,DL,NjcbDL,,bebcc.a,,,,PittsburghPA,,,Pennsylvania,
,c.a,,OO,cadae.a,OO,,egfb.a,bbddh.a,bbddhad.a,dbddh.a,,DuluthMN,MN,ch.a,Minnesota,gd.a
cj.a,,cabcbbcj.a,AA,,,NdCCAA,,,behehad.a,,SEA,SeattleWA,WA,,Washington,
,g.a,cabcbccj.a,,cadgg.a,EV,Nbbbjj,gacg.a,bbjcb.a,bbjcbac.a,dbjcb.a,,GrandJunctionCO,CO,i.a,Colorado,ic.a
,f.a,,,,,,gcjd.a,behhb.a,behhbab.a,dcefh.a,SFO,SanFranciscoCA,CA,g.a,California,
ca.a,e.a,cabcbcca.a,,caeaj.a,Bg,,faj.a,bbgbi.a,bbgbiac.a,,EWR,NewarkNJ,,de.a,NewJersey,cb.a
g.a,e.a,cabcbcag.a,,bjdjd.a,WN,NcabLV,bbbd.a,bdcdc.a,bdcdcac.a,dajhh.a,MDW,,IL,bh.a,Illinois,eb.a
,g.a,cabcbccj.a,,caedh.a,FL,NjgaAT,fcb.a,begid.a,,ddcbe.a,,SanAntonioTX,,ei.a,,
,e.a,,,,,NhhcSK,gdbf.a,behhb.a,behhbab.a,dcefh.a,SFO,SanFranciscoCA,CA,g.a,California,
,h.a,,MQ,cadji.a,,NichMQ,djji.a,befce.a,befceab.a,defce.a,RIC,,,fb.a,,
e.a,c.a,cabcbcae.a,Bg,,Bg,NgbiJB,,,bbgjhad.a,dcegh.a,FLL,,FL,bc.a,Florida,dd.a
da.a,h.a,cabcbcda.a,WN,,WN,NgbcSW,dhdf.a,,bdcdcac.a,,MDW,,IL,bh.a,Illinois,eb.a
,d.a,,,cadae.a,OO,NhajSK,ffaf.a,bbgdi.a,bbgdiae.a,dbgdi.a,,FresnoCA,CA,g.a,California,jb.a
,h.a,cabcbcaj.a,EV,cadgg.a,EV,Nbfjid,,bdjda.a,bdjdaac.a,dajhh.a,,,IL,bh.a,Illinois,
,g.a,cabcbcbf.a,,,FL,NddaAT,haf.a,,badjhaf.a,dadjh.a,,,GA,bd.a,Georgia,de.a
,d.a,cabcbcaf.a,EV,cadgg.a,EV,Nbefed,,bccge.a,bccgeac.a,daifc.a,,,VA,fb.a,,di.a
f.a,d.a,cabcbcaf.a,WN,bjdjd.a,,NggcSW,fbj.a,beejc.a,beejcac.a,deejc.a,RDU,,,dh.a,NorthCarolina,
,,,HA,,HA,NehfHA,bhf.a,,bdidaac.a,ddida.a,,KahuluiHI,HI,bf.a,Hawaii,
ch.a,,cabcbcch.a,DL,bjhja.a,DL,NjeeDL,,bccgg.a,,,IAH,HoustonTX,TX,,Texas,he.a
i.a,g.a,cabcbcai.a,,,WN,NecjWN,ejfd.a,,bciijad.a,dccbb.a,LAS,LasVegasNV,NV,dc.a,Nevada,if.a
ce.a,,cabcbcce.a,AA,,,,,behhb.a,behhbab.a,,SFO,SanFranciscoCA,CA,,California,
bb.a,,cabcbcbb.a,AA,,AA,NegiAA,,,bebaaac.a,debaa.a,PHL,PhiladelphiaPA,,,Pennsylvania,
bd.a,e.a,cabcbcbd.a,,bjdjd.a,WN,NhheaA,cjib.a,bagjd.a,bagjdac.a,dagjd.a,BNA,NashvilleTN,,eh.a,Tennessee,fe.a
,b.a,,OO,,OO,NediSW,efaf.a,,bagchac.a,dagch.a,,Bismarck/MandanND,ND,di.a,NorthDakota,gg.a
,g.a,,,cadae.a,OO,,ehab.a,bbcji.a,bbcjiad.a,dabje.a,,Dallas/FortWorthTX,TX,ei.a,,he.a
,e.a,,,cadae.a,OO,,cggi.a,bcijc.a,bcijcad.a,dcfhf.a,,LosAngelesCA,CA,g.a,California,jb.a
,g.a,cabcbcbf.a,,,FL,NgaiAT,daf.a,,bbhcbac.a,dbhcb.a,,,MI,cg.a,Michigan,ed.a
,b.a,,OO,cadae.a,OO,,geaj.a,baiaa.a,baiaaad.a,dcfhf.a,,BurbankCA,CA,g.a,California,jb.a
,h.a,cabcbcbg.a,Fj,caedg.a,Fj,NjcdFR,gbc.a,bbcjc.a,,dadcf.a,,DenverCO,CO,i.a,Colorado,ic.a
cj.a,g.a,,,,,NefbUA,dch.a,,bfdaeac.a,,TPA,,FL,,Florida,dd.a
ba.a,b.a,cabcbcba.a,AS,,,NfjcAS,,,behehad.a,daffj.a,SEA,SeattleWA,WA,,Washington,
ce.a,b.a,cabcbcce.a,WN,bjdjd.a,WN,,cceh.a,bbcfj.a,bbcfjad.a,,DAL,DallasTX,TX,ei.a,,he.a
,g.a,,,,MQ,NgcgMQ,dccc.a,,bbcjiad.a,dabje.a,,Dallas/FortWorthTX,TX,ei.a,,he.a
,,,HA,,HA,NdieHA,d.a,,bcijcad.a,dcfhf.a,,LosAngelesCA,CA,g.a,California,jb.a
cd.a,h.a,cabcbccd.a,Bg,caeaj.a,Bg,,,bahcb.a,bahcbac.a,,BOS,BostonMA,MA,cf.a,Massachusetts,bd.a
j.a,,cabcbcaj.a,DL,bjhja.a,DL,NjehDL,,bbgjh.a,,dcegh.a,,,FL,,Florida,dd.a
g.a,e.a,cabcbcag.a,,cadff.a,US,NhdaUS,bieb.a,badjh.a,badjhaf.a,dadjh.a,ATL,,GA,bd.a,Georgia,de.a
c.a,,cabcbcac.a,AA,,AA,NeYTAA,,,bebahac.a,daegg.a,PHX,PhoenixAZ,,,Arizona,
bj.a,d.a,,,bjjhh.a,,,bach.a,beghj.a,beghjad.a,,SAN,SanDiegoCA,,,California,
,e.a,cabcbcch.a,,,FL,NdcjAT,che.a,,bbchiac.a,daifc.a,,,VA,fb.a,,di.a
ci.a,,cabcbcci.a,AA,,AA,NeYBAA,,,bebahac.a,,PHX,PhoenixAZ,,,Arizona,
,h.a,cabcbcda.a,FL,caedh.a,FL,NjijAT,ejh.a,befhg.a,,defhg.a,,RochesterNY,,dg.a,NewYork,
,g.a,cabcbccc.a,,caedh.a,FL,,cca.a,baicb.a,baicbad.a,daifc.a,,,MD,ce.a,Maryland,df.a
cb.a,f.a,cabcbccb.a,,caeaj.a,Bg,,jhc.a,bbgjh.a,bbgjhad.a,,FLL,,FL,bc.a,Florida,dd.a
,d.a,,,cadae.a,OO,NicaSK,ehhe.a,bcijc.a,bcijcad.a,dcfhf.a,,LosAngelesCA,CA,g.a,California,jb.a
ci.a,f.a,cabcbcci.a,,,,NfigJB,gei.a,,behhbab.a,,SFO,SanFranciscoCA,CA,g.a,California,
,h.a,cabcbcda.a,Fj,caedg.a,Fj,NjccFR,dad.a,bbcjc.a,,dadcf.a,,DenverCO,CO,i.a,Colorado,ic.a
cb.a,f.a,cabcbccb.a,,cadhi.a,YV,,dhih.a,bdjdb.a,bdjdbac.a,,ORF,,,fb.a,,
be.a,,cabcbcbe.a,AA,,AA,NdAAAA,,,bcehiac.a,dbhad.a,JFK,NewYorkNY,,,NewYork,cc.a
cj.a,g.a,cabcbccj.a,,,US,NfffAY,hcb.a,,bbafhad.a,,CLT,,NC,dh.a,NorthCarolina,dg.a
,d.a,cabcbcbj.a,,cadgg.a,EV,,edhh.a,bagjd.a,bagjdac.a,dagjd.a,,NashvilleTN,,eh.a,Tennessee,fe.a
,e.a,,,cadae.a,,NcjcSW,fecd.a,beheh.a,behehad.a,daffj.a,SEA,SeattleWA,WA,fd.a,,
,e.a,cabcbcag.a,,,EV,NjhbEV,ejej.a,bfebc.a,,dfebc.a,,KnoxvilleTN,TN,eh.a,Tennessee,fe.a
h.a,f.a,cabcbcah.a,,,WN,NdhcSW,fdf.a,,bebahac.a,daegg.a,PHX,PhoenixAZ,,e.a,Arizona,
ce.a,b.a,cabcbcce.a,US,cadff.a,US,,chd.a,bebah.a,bebahac.a,,PHX,PhoenixAZ,,e.a,Arizona,
db.a,b.a,cabcbcdb.a,VX,,VX,NgccVA,ihj.a,,bbcjiad.a,,DFW,Dallas/FortWorthTX,TX,ei.a,,he.a
bi.a,,cabcbcbi.a,DL,bjhja.a,DL,,,badjh.a,badjhaf.a,dadjh.a,,,GA,,Georgia,de.a
i.a,g.a,cabcbcai.a,WN,bjdjd.a,WN,NcfbWN,beji.a,beafh.a,beafhac.a,deafh.a,PDX,PortlandOR,,eb.a,Oregon,
da.a,h.a,cabcbcda.a,YV,,,NfajMJ,dhhe.a,,befhgae.a,,ROC,RochesterNY,,dg.a,NewYork,
,c.a,,OO,,,NhafSK,gccg.a,bfdha.a,bfdhaac.a,degfd.a,TUL,TulsaOK,OK,ea.a,Oklahoma,hd.a
,d.a,,,,,NgfaMQ,dcfi.a,beiec.a,beiecac.a,deiec.a,SJT,SanAngeloTX,,ei.a,,
bc.a,d.a,cabcbcbc.a,,bjdjd.a,WN,NjfiWN,bff.a,bbcjc.a,,dadcf.a,DEN,DenverCO,CO,i.a,Colorado,ic.a
bh.a,,cabcbcbh.a,AA,bjiaf.a,AA,,,bddad.a,bddadad.a,dcegh.a,MIA,,,,Florida,dd.a
,h.a,cabcbcda.a,EV,cadgg.a,EV,NjhfEV,,bbhhi.a,,dbhhi.a,,FortSmithAR,AR,f.a,Arkansas,hb.a
bc.a,d.a,,,bjjhh.a,UA,Nbfhba,bgdc.a,bccgg.a,bccggad.a,dbefd.a,IAH,HoustonTX,TX,,Texas,he.a
,f.a,,,,OO,NjbfEV,eejd.a,beigj.a,,degbe.a,,SaltLakeCityUT,,ej.a,,
d.a,b.a,cabcbcad.a,WN,,WN,NedbWN,jic.a,,baicbad.a,daifc.a,BWI,,MD,ce.a,Maryland,df.a
,c.a,cabcbcbb.a,EV,,EV,NjhjEV,,bfcej.a,,dfcej.a,,,FL,bc.a,Florida,dd.a
,b.a,cabcbcce.a,EV,cadgg.a,EV,,,bbgbi.a,bbgbiac.a,dbhad.a,,NewarkNJ,,de.a,NewJersey,cb.a
cb.a,,cabcbccb.a,AA,bjiaf.a,AA,,,bdida.a,bdidaac.a,,OGG,KahuluiHI,HI,,Hawaii,
cd.a,,cabcbccd.a,DL,bjhja.a,,,,beheh.a,behehad.a,,SEA,SeattleWA,WA,,Washington,
,h.a,cabcbcbg.a,EV,cadgg.a,EV,Nbdjii,,bbjjg.a,bbjjgad.a,dbihb.a,,,SC,ef.a,SouthCarolina,dh.a
,h.a,,MQ,cadji.a,MQ,,dhab.a,bcijc.a,bcijcad.a,dcfhf.a,,LosAngelesCA,CA,g.a,California,jb.a
b.a,g.a,,,,,Ndfeah,bejj.a,,behhbab.a,dcefh.a,SFO,SanFranciscoCA,CA,,California,
bd.a,e.a,cabcbcbd.a,,,WN,NebfWN,ied.a,,baecdac.a,daecd.a,AUS,AustinTX,TX,ei.a,,he.a
,c.a,,MQ,cadji.a,MQ,,dcef.a,bcfbb.a,bcfbbac.a,dcfbb.a,,JoplinMO,MO,cj.a,Missouri,ge.a
ce.a,b.a,cabcbcce.a,WN,bjdjd.a,,,cbi.a,beghj.a,beghjad.a,,SAN,SanDiegoCA,,g.a,California,
cf.a,,cabcbccf.a,AA,bjiaf.a,AA,,,bbgbi.a,bbgbiac.a,,EWR,NewarkNJ,,,NewJersey,cb.a
h.a,f.a,,,bjjhh.a,UA,NidjUA,fgj.a,bbgbi.a,bbgbiac.a,dbhad.a,EWR,NewarkNJ,,,NewJersey,cb.a
,b.a,,MQ,cadji.a,MQ,NicgMQ,dcea.a,bbcji.a,bbcjiad.a,dabje.a,,Dallas/FortWorthTX,TX,ei.a,,he.a
bd.a,e.a,,,,UA,NejhUA,gcb.a,,bbchiac.a,daifc.a,DCA,,VA,,Virginia,di.a
ce.a,,cabcbcce.a,AA,bjiaf.a,AA,,,bbgbi.a,bbgbiac.a,,EWR,NewarkNJ,,,NewJersey,cb.a
ch.a,e.a,,,,,NfihUA,fai.a,,behhbab.a,,SFO,SanFranciscoCA,CA,,California,
bi.a,c.a,cabcbcbi.a,VX,cbbhb.a,VX,,caf.a,bdjda.a,bdjdaac.a,dajhh.a,ORD,,IL,bh.a,Illinois,
,h.a,,OO,,OO,NeeaSW,eiaf.a,,bdceeac.a,ddcee.a,,MemphisTN,,eh.a,Tennessee,fe.a
,f.a,,,,,NhgeSK,gcea.a,behhb.a,behhbab.a,dcefh.a,SFO,SanFranciscoCA,CA,g.a,California,
c.a,,cabcbcac.a,DL,bjhja.a,DL,NjgeDL,,bddec.a,,dddec.a,,MilwaukeeWI,,,Wisconsin,ef.a
,c.a,,OO,cadae.a,OO,NiheAS,cjfb.a,bebah.a,bebahac.a,daegg.a,,PhoenixAZ,,e.a,Arizona,
da.a,h.a,cabcbcda.a,AS,,,NfdcAS,,,beijdac.a,,SMF,SacramentoCA,,,California,
db.a,,cabcbcdb.a,DL,bjhja.a,DL,NjihDL,,bdcee.a,,,,MemphisTN,,,Tennessee,fe.a
d.a,,cabcbbad.a,AA,,AA,NdHAAA,,,bbcjiad.a,dabje.a,DFW,Dallas/FortWorthTX,TX,,Texas,he.a
da.a,h.a,,UA,bjjhh.a,UA,Nbcccf,bada.a,bccge.a,bccgeac.a,,IAD,,VA,,Virginia,di.a
cf.a,,cabcbbcf.a,AA,bjiaf.a,AA,,,bddad.a,bddadad.a,,MIA,,,,Florida,dd.a
,c.a,cabcbccf.a,EV,cadgg.a,EV,,,bbjhh.a,bbjhhac.a,dbjhh.a,,GreenBayWI,WI,ff.a,,ef.a
db.a,b.a,cabcbcdb.a,VX,,VX,NgccVA,hjf.a,,bcijcad.a,,LAX,LosAngelesCA,CA,g.a,California,jb.a
bi.a,c.a,,UA,bjjhh.a,UA,,bbjg.a,bbcjc.a,bbcjcac.a,dadcf.a,DEN,DenverCO,CO,,Colorado,ic.a
,h.a,cabcbcda.a,Fj,caedg.a,Fj,NjbiFR,beg.a,bbcjc.a,,dadcf.a,,DenverCO,CO,i.a,Colorado,ic.a
g.a,e.a,cabcbcag.a,,,WN,NfbaSW,fjh.a,,bbcfjad.a,dabje.a,DAL,DallasTX,TX,ei.a,,he.a
,f.a,cabcbcci.a,,cadgg.a,EV,Nbgbhi,egje.a,bccgg.a,bccggad.a,dbefd.a,,HoustonTX,TX,ei.a,,he.a
d.a,b.a,cabcbcad.a,WN,,WN,NdijSW,ehe.a,,bdejfac.a,ddejf.a,MSY,NewOrleansLA,,cc.a,Louisiana,
e.a,c.a,cabcbcae.a,WN,bjdjd.a,,NcbbWN,fah.a,beghj.a,beghjad.a,ddfha.a,SAN,SanDiegoCA,,g.a,California,
bd.a,,cabcbcbd.a,AA,,,NdFMAA,,,behhbab.a,dcefh.a,SFO,SanFranciscoCA,CA,,California,
bh.a,b.a,,UA,bjjhh.a,UA,,bfie.a,bbaec.a,bbaecac.a,dageh.a,CLE,ClevelandOH,OH,,Ohio,ee.a
db.a,b.a,cabcbcdb.a,US,cadff.a,US,NghhAW,eda.a,bebaa.a,bebaaac.a,debaa.a,PHL,PhiladelphiaPA,,ec.a,Pennsylvania,
,h.a,,MQ,cadji.a,MQ,NhdhMQ,eehh.a,bbedd.a,bbeddac.a,dbcjf.a,,,MI,cg.a,Michigan,ed.a
,d.a,,,cadji.a,MQ,NhdgMQ,eeif.a,bcjfd.a,bcjfdac.a,dbhad.a,,NewYorkNY,,dg.a,NewYork,cc.a
be.a,f.a,,,,UA,Nfdeeb,bcga.a,,bccggad.a,dbefd.a,IAH,HoustonTX,TX,,Texas,he.a
,f.a,,,cadae.a,OO,NhacSK,ffef.a,bdjda.a,bdjdaac.a,dajhh.a,,,IL,bh.a,Illinois,
e.a,,cabcbcae.a,DL,bjhja.a,DL,NjbbDE,,bedah.a,,dahcb.a,,ProvidenceRI,,,RhodeIsland,
,f.a,cabcbcah.a,,cadgg.a,EV,Nbbbaj,fjge.a,bbcjc.a,bbcjcac.a,dadcf.a,,DenverCO,CO,i.a,Colorado,ic.a
,c.a,cabcbcae.a,FL,caedh.a,FL,NchgAT,cbd.a,badjh.a,badjhaf.a,dadjh.a,,,GA,bd.a,Georgia,de.a
g.a,,cabcbcag.a,AA,,AA,NfhfAA,,,bbcjiad.a,dabje.a,DFW,Dallas/FortWorthTX,TX,,Texas,he.a
j.a,h.a,cabcbcaj.a,WN,,WN,NgcaSW,ejbe.a,,bbfeaad.a,dagbf.a,ELP,ElPasoTX,TX,ei.a,,he.a
bi.a,c.a,cabcbcbi.a,WN,,,,cdf.a,bfdae.a,bfdaeac.a,ddbjf.a,TPA,,FL,bc.a,Florida,dd.a
cg.a,d.a,cabcbccg.a,,bjdjd.a,WN,NgjhSW,bcjg.a,bciij.a,bciijad.a,,LAS,LasVegasNV,NV,dc.a,Nevada,if.a
,e.a,cabcbcch.a,,caedg.a,Fj,NcafFR,bjh.a,bcijc.a,bcijcad.a,dcfhf.a,,LosAngelesCA,CA,g.a,California,jb.a
d.a,b.a,cabcbcad.a,WN,,,NgbcSW,bahb.a,,beigjad.a,degbe.a,SLC,SaltLakeCityUT,,ej.a,,
,f.a,cabcbccb.a,,caedh.a,FL,,fig.a,baicb.a,baicbad.a,daifc.a,,,MD,ce.a,Maryland,df.a
,d.a,cabcbcbc.a,,cadgg.a,EV,NjbjEV,fdah.a,badjh.a,,dadjh.a,,,GA,bd.a,Georgia,de.a
f.a,d.a,cabcbcaf.a,,cadhi.a,YV,Nhfjje,baba.a,bcjic.a,bcjicac.a,dcjic.a,LIH,LihueHI,HI,bf.a,Hawaii,c.a
bg.a,h.a,,UA,bjjhh.a,UA,NicjUA,ifg.a,bbgbi.a,bbgbiac.a,dbhad.a,EWR,NewarkNJ,,,NewJersey,cb.a
bb.a,c.a,cabcbcbb.a,US,cadff.a,US,NggaAW,cgf.a,bdeih.a,bdeihac.a,dbgfa.a,MSP,MinneapolisMN,,ch.a,Minnesota,
db.a,b.a,,UA,bjjhh.a,,NibeUA,eij.a,behhb.a,behhbab.a,dcefh.a,SFO,SanFranciscoCA,CA,,California,
,f.a,cabcbcci.a,,caedh.a,FL,NjgdAT,edh.a,bddec.a,,dddec.a,,MilwaukeeWI,,ff.a,,ef.a
,e.a,cabcbcch.a,,,EV,NgbfQX,faed.a,,bcchiac.a,dajci.a,,WichitaKS,KS,ca.a,Kansas,gc.a
,h.a,cabcbcac.a,FL,caedh.a,FL,NjdiAT,efe.a,badjh.a,,dadjh.a,,,GA,bd.a,Georgia,de.a
c.a,h.a,cabcbcac.a,WN,,WN,NejdWN,bcje.a,,bbgjhad.a,dcegh.a,FLL,,FL,bc.a,Florida,dd.a
bf.a,,cabcbcbf.a,AA,,,NdAXAA,,,bejaiad.a,dcfhf.a,SNA,SantaAnaCA,CA,,California,jb.a
d.a,b.a,cabcbcad.a,WN,,WN,NgdbSW,df.a,,bcefbac.a,dbbdg.a,JAX,,FL,bc.a,Florida,dd.a
,e.a,cabcbcbd.a,,caedh.a,FL,NjdcAT,daj.a,bbjig.a,,dbjig.a,,,MI,cg.a,Michigan,ed.a
ba.a,b.a,cabcbcba.a,US,cadff.a,US,NhfhUW,jef.a,bbafh.a,bbafhad.a,dbafh.a,CLT,,NC,dh.a,NorthCarolina,dg.a
cc.a,g.a,,,bjjhh.a,UA,,gac.a,bcjfd.a,bcjfdac.a,,LGA,NewYorkNY,,,NewYork,cc.a
bh.a,b.a,cabcbcbh.a,WN,bjdjd.a,WN,,dhab.a,bcbjb.a,bcbjbac.a,dbefd.a,HOU,HoustonTX,TX,ei.a,,he.a
db.a,b.a,cabcbcdb.a,WN,,WN,NdeaLV,ci.a,,bcbjbac.a,dbefd.a,HOU,HoustonTX,TX,ei.a,,he.a
cf.a,,cabcbccf.a,DL,bjhja.a,DL,,,bdcae.a,bdcaeac.a,,,,,,Florida,dd.a
,e.a,,,cadae.a,OO,,geji.a,bahbd.a,bahbdac.a,dahbd.a,,BoiseID,ID,bg.a,Idaho,id.a
,e.a,,,cadji.a,MQ,NjccMQ,ecdf.a,bdjda.a,,dajhh.a,,,IL,bh.a,Illinois,
cc.a,g.a,cabcbccc.a,,bjdjd.a,WN,,eddc.a,baecd.a,baecdac.a,,AUS,AustinTX,TX,ei.a,,he.a
,c.a,cabcbcbi.a,FL,caedh.a,FL,,dfj.a,bdbji.a,bdbjiab.a,ddbji.a,,KansasCityMO,MO,cj.a,Missouri,ge.a
g.a,e.a,cabcbcag.a,,cadff.a,US,NjfdUW,bajd.a,beejc.a,,deejc.a,RDU,,,dh.a,NorthCarolina,
cc.a,g.a,,,bjjhh.a,UA,,bebg.a,bbgbi.a,bbgbiac.a,,EWR,NewarkNJ,,,NewJersey,cb.a
b.a,,cabcbcab.a,DL,,DL,NjegDL,,bfabg.a,,dbbcd.a,,St.LouisMO,MO,,Missouri,ge.a
cf.a,c.a,cabcbccf.a,WN,bjdjd.a,,,cfj.a,beejc.a,beejcac.a,,RDU,,,dh.a,NorthCarolina,
,d.a,cabcbcaf.a,,cadgg.a,EV,Nbhbjg,eeei.a,bccgg.a,bccggad.a,dbefd.a,,HoustonTX,TX,ei.a,,he.a
ce.a,b.a,cabcbcce.a,WN,bjdjd.a,WN,,bebj.a,bcijc.a,bcijcad.a,,LAX,LosAngelesCA,CA,g.a,California,jb.a
ba.a,b.a,,UA,bjjhh.a,UA,Nbecfa,bcbc.a,bacjj.a,bacjjae.a,dacjj.a,ANC,AnchorageAK,AK,,Alaska,b.a
,e.a,,,cadji.a,MQ,NiecMQ,eeeg.a,bbchi.a,bbchiac.a,daifc.a,,,VA,fb.a,,di.a
,b.a,,OO,,,,egfi.a,beigj.a,beigjad.a,degbe.a,SLC,SaltLakeCityUT,,ej.a,,
cb.a,f.a,cabcbccb.a,,bjdjd.a,WN,,egid.a,bebah.a,bebahac.a,,PHX,PhoenixAZ,,e.a,Arizona,
bd.a,e.a,cabcbcbd.a,,,WN,NeecWN,jdg.a,,beafhac.a,deafh.a,PDX,PortlandOR,,eb.a,Oregon,
h.a,,cabcbcah.a,DL,,DL,NfdbUS,,,bcefbac.a,dbbdg.a,,,FL,,Florida,dd.a
d.a,,cabcbcad.a,DL,bjhja.a,DL,NjggDL,,bcehi.a,,dbhad.a,,NewYorkNY,,,NewYork,cc.a
ca.a,,cabcbcca.a,AA,bjiaf.a,AA,,,bdcae.a,bdcaeac.a,,MCO,,,,Florida,dd.a
,b.a,cabcbcad.a,EV,cadgg.a,EV,Nbejcf,,babif.a,babifac.a,dabif.a,,AlexandriaLA,LA,cc.a,Louisiana,hc.a
bg.a,h.a,,UA,bjjhh.a,,,bghh.a,behhb.a,behhbab.a,dcefh.a,SFO,SanFranciscoCA,CA,,California,
,f.a,cabcbcah.a,,cadgg.a,EV,NidfAS,fgig.a,bbjjg.a,bbjjgad.a,dbihb.a,,,SC,ef.a,SouthCarolina,dh.a
,f.a,cabcbcah.a,,cadgg.a,EV,NiieAS,faja.a,bbcfj.a,bbcfjad.a,dabje.a,,DallasTX,TX,ei.a,,he.a
ba.a,,cabcbcba.a,AA,,AA,NdHGAA,,,bdjdaac.a,dajhh.a,ORD,,IL,,Illinois,
,e.a,,,cadji.a,MQ,NggfMQ,ddcf.a,bddhh.a,bddhhac.a,dddhh.a,,MonroeLA,,cc.a,Louisiana,
,f.a,cabcbcah.a,,,EV,Ndbbdb,ecec.a,,bccggad.a,dbefd.a,,HoustonTX,TX,ei.a,,he.a
ci.a,,cabcbcci.a,DL,,DL,NjbbDE,,bfdae.a,,,,,FL,,Florida,dd.a
ce.a,b.a,cabcbcce.a,Bg,,,,,beied.a,beiedad.a,,SJU,SanJuanPR,PR,hc.a,,
da.a,h.a,,UA,,UA,NefjUA,fia.a,,bbcjcac.a,,DEN,DenverCO,CO,,Colorado,ic.a
,b.a,cabcbcdb.a,EV,cadgg.a,EV,NghiCA,,bccgg.a,bccggad.a,dbefd.a,,HoustonTX,TX,ei.a,,he.a
bc.a,d.a,cabcbcbc.a,,bjdjd.a,WN,NchdWN,hgf.a,bdbji.a,bdbjiab.a,ddbji.a,MCI,KansasCityMO,MO,cj.a,Missouri,ge.a
,b.a,,OO,,OO,NfhiSW,gdeb.a,,bcijcad.a,dcfhf.a,,LosAngelesCA,CA,g.a,California,jb.a
ce.a,b.a,,UA,bjjhh.a,UA,,hbj.a,bahcb.a,bahcbac.a,,BOS,BostonMA,MA,,Massachusetts,bd.a
bj.a,,cabcbcbj.a,DL,bjhja.a,DL,,,bbedd.a,bbeddac.a,,,,MI,,Michigan,ed.a
,h.a,,MQ,cadji.a,MQ,,eddd.a,bcehi.a,bcehiac.a,dbhad.a,,NewYorkNY,,dg.a,NewYork,cc.a
bb.a,c.a,cabcbcbb.a,VX,cbbhb.a,,NidjVA,bjfb.a,beghj.a,beghjad.a,ddfha.a,SAN,SanDiegoCA,,g.a,California,
ba.a,b.a,,UA,,,Nbcccb,bcei.a,bfdae.a,bfdaeac.a,ddbjf.a,TPA,,FL,,Florida,dd.a
bf.a,g.a,cabcbcbf.a,,bjdjd.a,WN,NhheaA,ccic.a,bdcdc.a,bdcdcac.a,dajhh.a,MDW,,IL,bh.a,Illinois,eb.a
,h.a,,MQ,,MQ,NgcgMQ,deag.a,,bbhhiab.a,dbhhi.a,,FortSmithAR,AR,f.a,Arkansas,hb.a
d.a,,cabcbbad.a,AA,,AA,NfEAAA,,,bddadad.a,dcegh.a,MIA,,,,Florida,dd.a
cf.a,,cabcbccf.a,AA,bjiaf.a,AA,,,bbcji.a,bbcjiad.a,,DFW,Dallas/FortWorthTX,TX,,Texas,he.a
,b.a,,MQ,cadji.a,MQ,NjcdMQ,dfdd.a,bddad.a,,dcegh.a,,,,bc.a,Florida,dd.a
ci.a,f.a,,,cadae.a,,NhecSK,ffic.a,behhb.a,behhbab.a,,SFO,SanFranciscoCA,CA,g.a,California,
cb.a,f.a,,,cadae.a,OO,,gcfi.a,bbhhf.a,bbhhfac.a,,,SiouxFallsSD,SD,eg.a,SouthDakota,gh.a
ce.a,b.a,cabcbcce.a,WN,bjdjd.a,WN,,becf.a,bciij.a,bciijad.a,,LAS,LasVegasNV,NV,dc.a,Nevada,if.a
,f.a,,,cadji.a,MQ,NjafMQ,deei.a,bbcji.a,,dabje.a,,Dallas/FortWorthTX,TX,ei.a,,he.a
,c.a,cabcbcbb.a,FL,,FL,NdfdAT,cf.a,,badjhaf.a,dadjh.a,,,GA,bd.a,Georgia,de.a
db.a,b.a,cabcbcdb.a,WN,,,NcjhWN,bfb.a,,bejaiad.a,dcfhf.a,SNA,SantaAnaCA,CA,g.a,California,jb.a
,f.a,cabcbcci.a,,cadgg.a,EV,Nbgbej,fjgf.a,bcabc.a,bcabcac.a,dcabc.a,,GunnisonCO,CO,i.a,Colorado,ic.a
,h.a,cabcbcaj.a,EV,cadgg.a,EV,Nbdjii,,bccgg.a,bccggad.a,dbefd.a,,HoustonTX,TX,ei.a,,he.a
j.a,h.a,,UA,,,Ndhcfc,bbgb.a,,behhbab.a,dcefh.a,SFO,SanFranciscoCA,CA,,California,
c.a,h.a,cabcbcac.a,US,cadff.a,US,NcaeUW,hgj.a,bebaa.a,bebaaac.a,debaa.a,PHL,PhiladelphiaPA,,ec.a,Pennsylvania,
,d.a,,,cadji.a,MQ,NghbMQ,edbc.a,bdjda.a,bdjdaac.a,dajhh.a,,,IL,bh.a,Illinois,
cd.a,h.a,cabcbccd.a,WN,bjdjd.a,WN,,dabe.a,bbfea.a,bbfeaad.a,,ELP,ElPasoTX,TX,ei.a,,he.a
cj.a,g.a,cabcbccj.a,,bjdjd.a,WN,NidchA,cjhc.a,bciij.a,bciijad.a,,LAS,LasVegasNV,NV,dc.a,Nevada,if.a
h.a,f.a,cabcbcah.a,,,US,NfedUW,beja.a,,bbafhad.a,dbafh.a,CLT,,NC,dh.a,NorthCarolina,dg.a
,g.a,cabcbccj.a,,cadgg.a,EV,NihhAS,fhdh.a,bccge.a,bccgeac.a,daifc.a,,,VA,fb.a,,di.a
,g.a,cabcbccc.a,,caedh.a,FL,,ih.a,badjh.a,badjhaf.a,dadjh.a,,,GA,bd.a,Georgia,de.a
,h.a,cabcbcac.a,EV,cadgg.a,EV,Nbbbcb,,bdjdb.a,bdjdbac.a,ddggh.a,,,,fb.a,,
be.a,f.a,cabcbcbe.a,,bjdjd.a,WN,NcibWN,bejc.a,bciij.a,bciijad.a,dccbb.a,LAS,LasVegasNV,NV,dc.a,Nevada,if.a
,c.a,,MQ,,MQ,NgdcMQ,eaab.a,,bdcjaac.a,ddcja.a,,Manhattan/Ft.RileyKS,,ca.a,Kansas,gc.a
be.a,f.a,cabcbcbe.a,,,WN,NfbbSW,ddad.a,,bccagad.a,dccag.a,HRL,Harlingen/SanBenitoTX,TX,ei.a,,he.a
bd.a,,cabcbcbd.a,AA,,,NdGYAA,,,bfdaeac.a,ddbjf.a,TPA,,FL,,Florida,dd.a
j.a,h.a,cabcbcaj.a,WN,,WN,NfagSW,dgbi.a,,bagjdac.a,dagjd.a,BNA,NashvilleTN,,eh.a,Tennessee,fe.a
bj.a,d.a,cabcbcbj.a,,cadhi.a,YV,,chbf.a,babea.a,babeaac.a,,ABQ,AlbuquerqueNM,NM,df.a,NewMexico,ig.a
cg.a,,cabcbccg.a,DL,,DL,NdhhNW,,,bbbjdac.a,,CVG,CincinnatiOH,KY,,Kentucky,fc.a
bj.a,,cabcbcbj.a,AA,bjiaf.a,AA,,,bbcji.a,bbcjiad.a,,DFW,Dallas/FortWorthTX,TX,,Texas,he.a
d.a,b.a,cabcbcad.a,WN,,WN,NfbfSW,ba.a,,bachjad.a,dachj.a,AMA,AmarilloTX,TX,ei.a,,he.a
bh.a,,cabcbcbh.a,AA,,,,,bfdhg.a,bfdhgac.a,daedg.a,TUS,TucsonAZ,AZ,,Arizona,ib.a
,h.a,cabcbcbg.a,EV,cadgg.a,EV,Nchjgc,,bbbjd.a,bbbjdac.a,ddbaf.a,,CincinnatiOH,KY,cb.a,Kentucky,fc.a
,f.a,cabcbcbe.a,,cadgg.a,EV,NiegAS,fffc.a,badjh.a,badjhaf.a,dadjh.a,,,GA,bd.a,Georgia,de.a
b.a,g.a,,,cadae.a,OO,NjfdSW,egfe.a,bcbfg.a,,dcbfg.a,,HelenaMT,MT,da.a,Montana,ie.a
db.a,,cabcbcdb.a,DL,,,NgbhDL,,,beiedad.a,deibj.a,SJU,SanJuanPR,PR,,PuertoRico,
,h.a,,OO,,OO,NfgjSW,ffgh.a,,bafgbad.a,dafgb.a,,BakersfieldCA,CA,g.a,California,jb.a
,b.a,,OO,,OO,NfhgSW,fdfg.a,,bbigfac.a,dbigf.a,,GilletteWY,WY,fg.a,,ii.a
bb.a,,cabcbcbb.a,DL,bjhja.a,DL,NjfiDL,,badjh.a,,dadjh.a,ATL,,GA,,Georgia,de.a
,b.a,,OO,,OO,NdaiSW,fehd.a,,bdaceac.a,ddace.a,,KlamathFallsOR,OR,eb.a,Oregon,jc.a
g.a,,cabcbcag.a,AA,,,NeXHAA,,,bfabgad.a,dbbcd.a,STL,St.LouisMO,MO,,Missouri,ge.a
ci.a,,cabcbcci.a,AA,,AA,NdCYAA,,,bdjdaac.a,,ORD,,IL,,Illinois,
,h.a,cabcbcaj.a,EV,cadgg.a,EV,Nbgbeh,,bdjda.a,bdjdaac.a,dajhh.a,,,IL,bh.a,Illinois,
,d.a,cabcbcbc.a,,,FL,NdcjAT,gg.a,,badjhaf.a,dadjh.a,,,GA,bd.a,Georgia,de.a
cd.a,h.a,cabcbccd.a,VX,cbbhb.a,VX,,jcf.a,bcijc.a,bcijcad.a,,LAX,LosAngelesCA,CA,g.a,California,jb.a
cf.a,c.a,cabcbccf.a,WN,bjdjd.a,WN,,begb.a,babea.a,babeaac.a,,ABQ,AlbuquerqueNM,NM,df.a,NewMexico,ig.a
bb.a,,cabcbcbb.a,AA,,AA,NfFDAA,,,bcijcad.a,dcfhf.a,LAX,LosAngelesCA,CA,,California,jb.a
g.a,e.a,cabcbcag.a,,bjdjd.a,WN,NjefWN,bbaa.a,bcbjb.a,,dbefd.a,HOU,HoustonTX,TX,ei.a,,he.a
,h.a,cabcbccd.a,EV,cadgg.a,EV,,,bedcb.a,bedcbad.a,dedcb.a,,PortlandME,,cd.a,Maine,
cg.a,,cabcbccg.a,DL,bjhja.a,DL,NjdbDN,,badjh.a,,,ATL,,GA,,Georgia,de.a
,e.a,,,cadae.a,OO,,ejgj.a,bccgg.a,bccggad.a,dbefd.a,,HoustonTX,TX,ei.a,,he.a
,f.a,cabcbccb.a,,cadgg.a,EV,,ejje.a,bdhjf.a,bdhjfac.a,ddhjf.a,,,NC,dh.a,NorthCarolina,
,,,HA,,HA,NehiHA,cje.a,,bcjicac.a,dcjic.a,,LihueHI,HI,bf.a,Hawaii,c.a
,g.a,,,cadae.a,OO,NjigSW,fdbj.a,bbddh.a,,dbddh.a,,DuluthMN,MN,ch.a,Minnesota,gd.a
cj.a,g.a,cabcbccj.a,,,WN,NfcdSW,biej.a,,bcbjbac.a,,HOU,HoustonTX,TX,ei.a,,he.a
bd.a,,cabcbcbd.a,DL,,DL,NddfNW,,,bcjfdac.a,dbhad.a,LGA,NewYorkNY,,,NewYork,cc.a
,b.a,cabcbcbh.a,EV,cadgg.a,,,,beejc.a,beejcac.a,deejc.a,RDU,,,dh.a,NorthCarolina,
,g.a,cabcbcab.a,,cadgg.a,EV,NigbAS,ejjc.a,badjh.a,badjhaf.a,dadjh.a,,,GA,bd.a,Georgia,de.a
c.a,,cabcbcac.a,DL,bjhja.a,DL,NjhgDL,,bceei.a,,dceei.a,JAN,Jackson/VicksburgMS,MS,,Mississippi,fd.a
cb.a,,cabcbccb.a,DL,,,,,beigj.a,beigjad.a,,SLC,SaltLakeCityUT,,,Utah,
da.a,h.a,cabcbcda.a,WN,bjdjd.a,,NchgWN,bfch.a,behda.a,behdaad.a,,SDF,LouisvilleKY,,cb.a,Kentucky,
,e.a,,,cadae.a,OO,NhecSK,fgfb.a,bciij.a,bciijad.a,dccbb.a,,LasVegasNV,NV,dc.a,Nevada,if.a
,e.a,cabcbcbd.a,,,FL,NjhaAT,fed.a,bfabg.a,,dbbcd.a,,St.LouisMO,MO,cj.a,Missouri,ge.a
ch.a,,cabcbbch.a,AA,,AA,NfECAA,,,bcijcad.a,,LAX,LosAngelesCA,CA,,California,jb.a
,b.a,,MQ,,,NgjaMQ,ddjc.a,bfeab.a,bfeabad.a,dfeab.a,TXK,TexarkanaAR,AR,f.a,Arkansas,hb.a
cd.a,h.a,cabcbccd.a,US,cadff.a,US,,bcc.a,bebah.a,bebahac.a,,PHX,PhoenixAZ,,e.a,Arizona,
,h.a,cabcbcbg.a,FL,caedh.a,FL,,edi.a,bddec.a,bddecaf.a,dddec.a,,MilwaukeeWI,,ff.a,,ef.a
,d.a,,,cadae.a,OO,NiggAS,cgci.a,bcijc.a,bcijcad.a,dcfhf.a,,LosAngelesCA,CA,g.a,California,jb.a
,d.a,cabcbcbj.a,,cadgg.a,EV,,edgg.a,bccgg.a,bccggad.a,dbefd.a,,HoustonTX,TX,ei.a,,he.a
,b.a,cabcbcdb.a,EV,cadgg.a,EV,Nbbbie,,bbecd.a,bbecdad.a,dbecd.a,,DesMoinesIA,IA,bj.a,Iowa,gb.a
ch.a,,cabcbcch.a,WN,bjdjd.a,WN,NchiWN,idj.a,bebah.a,bebahac.a,,PHX,PhoenixAZ,,e.a,Arizona,
,d.a,cabcbcbc.a,,caedh.a,FL,NjhjAT,fbf.a,begdf.a,,dbhbe.a,,,FL,bc.a,Florida,
da.a,,cabcbcda.a,WN,bjdjd.a,,NgeiSW,jfi.a,begid.a,begidad.a,,SAT,SanAntonioTX,,ei.a,,
,h.a,,OO,cadae.a,,,ehcj.a,beefh.a,beefhac.a,deefh.a,RAP,RapidCitySD,,eg.a,SouthDakota,
g.a,,cabcbcag.a,WN,,,NgfdSW,jja.a,beijd.a,beijdac.a,ddbjc.a,SMF,SacramentoCA,,g.a,California,
,f.a,,,cadae.a,OO,NhjhSK,fbgd.a,bbaec.a,bbaecac.a,dageh.a,,,OH,dj.a,Ohio,ee.a
bh.a,,cabcbcbh.a,AA,bjiaf.a,,,,begid.a,begidad.a,ddcbe.a,SAT,SanAntonioTX,,,Texas,
,g.a,,,cadae.a,OO,NicbSK,efcb.a,bcddj.a,bcddjae.a,dcddh.a,,,IN,bi.a,Indiana,ec.a
d.a,b.a,,UA,bjjhh.a,UA,NifeUA,cjj.a,bbgbi.a,bbgbiac.a,dbhad.a,EWR,NewarkNJ,,,NewJersey,cb.a
bg.a,,cabcbcbg.a,DL,,,NdchNW,,,begdfac.a,dbhbe.a,RSW,,FL,bc.a,Florida,
bf.a,,cabcbbbf.a,AA,,AA,NddcAA,,,bcehiac.a,dbhad.a,JFK,NewYorkNY,,,NewYork,cc.a
cg.a,,cabcbccg.a,AA,,AA,NedhAA,,,bbcjiad.a,,DFW,Dallas/FortWorthTX,TX,,Texas,he.a
,e.a,,,,,NeaiSW,eehd.a,,beigjad.a,degbe.a,SLC,SaltLakeCityUT,,ej.a,,
,c.a,,MQ,cadji.a,MQ,NgegMQ,cjah.a,bbcji.a,bbcjiad.a,dabje.a,,Dallas/FortWorthTX,TX,ei.a,,he.a
bh.a,,cabcbcbh.a,AA,bjiaf.a,AA,,,bbchi.a,bbchiac.a,daifc.a,DCA,,VA,,Virginia,di.a
,b.a,cabcbcba.a,EV,cadgg.a,EV,NiidAS,,bbgeb.a,bbgebac.a,dbgeb.a,,,NC,dh.a,NorthCarolina,dg.a
,b.a,cabcbcba.a,EV,cadgg.a,EV,Nbjjgg,,bbgbi.a,bbgbiac.a,dbhad.a,,NewarkNJ,,de.a,NewJersey,cb.a
b.a,,cabcbcab.a,WN,bjdjd.a,WN,NhffSA,bgdg.a,bcbjb.a,bcbjbac.a,dbefd.a,HOU,HoustonTX,TX,ei.a,,he.a
,h.a,,MQ,cadji.a,MQ,NgheMQ,deca.a,bbcji.a,bbcjiad.a,dabje.a,,Dallas/FortWorthTX,TX,ei.a,,he.a
,g.a,,,,,NfjdML,gdih.a,,behhbab.a,dcefh.a,SFO,SanFranciscoCA,CA,g.a,California,
ch.a,,cabcbcch.a,WN,bjdjd.a,WN,NjffWN,ehad.a,bdcdc.a,,,MDW,,IL,bh.a,Illinois,eb.a
db.a,,cabcbcdb.a,DL,,DL,Ndhgf,,,bdeihac.a,dbgfa.a,MSP,MinneapolisMN,,ch.a,Minnesota,
d.a,,cabcbcad.a,WN,,WN,NegeWN,bhbh.a,,bebahac.a,daegg.a,PHX,PhoenixAZ,,e.a,Arizona,
,d.a,,,,,,egcf.a,bfabg.a,bfabgad.a,dbbcd.a,STL,St.LouisMO,MO,cj.a,Missouri,ge.a
,d.a,,,cadae.a,OO,NhfgSK,gfbb.a,bcijc.a,bcijcad.a,dcfhf.a,,LosAngelesCA,CA,g.a,California,jb.a
be.a,f.a,cabcbcbe.a,,cadff.a,US,NcidAY,bfij.a,bebaa.a,bebaaac.a,debaa.a,PHL,PhiladelphiaPA,,ec.a,Pennsylvania,
,f.a,,,cadji.a,MQ,,defi.a,bddad.a,bddadad.a,dcegh.a,,,,bc.a,Florida,dd.a
be.a,f.a,,,bjjhh.a,UA,Ngjagd,be.a,bcbhd.a,bcbhdab.a,dcbde.a,HNL,HonoluluHI,HI,bf.a,Hawaii,c.a
c.a,,cabcbcac.a,DL,bjhja.a,DL,NjhcDL,,badjh.a,,dadjh.a,ATL,,GA,,Georgia,de.a
bc.a,,cabcbcbc.a,DL,bjhja.a,DL,NjaiDE,,begif.a,,degif.a,,,GA,,Georgia,
,h.a,cabcbcac.a,EV,cadgg.a,EV,Nbejeh,,bafjj.a,bafjjae.a,dafjj.a,,BirminghamAL,AL,b.a,Alabama,fb.a
ci.a,f.a,cabcbcci.a,,,US,NeebUS,bbhb.a,,bbafhad.a,,CLT,,NC,dh.a,NorthCarolina,dg.a
,b.a,cabcbcba.a,FL,,,NijbAT,fja.a,bfdae.a,bfdaeac.a,ddbjf.a,TPA,,FL,bc.a,Florida,dd.a
j.a,h.a,cabcbcaj.a,WN,bjdjd.a,WN,NjcfWN,ejhf.a,badjh.a,,dadjh.a,ATL,,GA,bd.a,Georgia,de.a
da.a,h.a,cabcbcda.a,WN,,,NeghWN,dghh.a,,beidbad.a,,SJC,SanJoseCA,CA,g.a,California,
,b.a,,MQ,cadji.a,MQ,,defe.a,bddad.a,bddadad.a,dcegh.a,,,,bc.a,Florida,dd.a
cg.a,d.a,cabcbccg.a,,cadff.a,US,NicaAW,cea.a,bbagg.a,bbaggac.a,,CMH,,OH,dj.a,Ohio,ee.a
,,,HA,bjgja.a,HA,,fee.a,bcbhd.a,bcbhdab.a,dcbde.a,,HonoluluHI,HI,bf.a,Hawaii,c.a
,f.a,cabcbccb.a,,cadgg.a,EV,,egij.a,bagjd.a,bagjdac.a,dagjd.a,,NashvilleTN,,eh.a,Tennessee,fe.a
ca.a,e.a,cabcbcca.a,,cadff.a,US,,chf.a,bebah.a,bebahac.a,,PHX,PhoenixAZ,,e.a,Arizona,
h.a,f.a,,,bjjhh.a,UA,Nbebah,bged.a,bbgbi.a,bbgbiac.a,dbhad.a,EWR,NewarkNJ,,,NewJersey,cb.a
,h.a,cabcbcbg.a,EV,cadgg.a,EV,Nbejhc,,baede.a,baedeac.a,daede.a,,Scranton/Wilkes-BarrePA,PA,ec.a,Pennsylvania,cd.a
i.a,g.a,cabcbcai.a,,,Bg,NfcbJB,dhc.a,,bbgjhad.a,dcegh.a,FLL,,FL,bc.a,Florida,dd.a
,h.a,,OO,cadae.a,OO,,egfd.a,bbiji.a,bbijiac.a,dbiji.a,,GrandForksND,ND,di.a,NorthDakota,gg.a
b.a,g.a,cabcbcab.a,,bjdjd.a,WN,NhhdeH,chei.a,bbcjc.a,bbcjcac.a,dadcf.a,DEN,DenverCO,CO,i.a,Colorado,ic.a
,c.a,,MQ,,MQ,NgeaMQ,deaj.a,,bbebdad.a,dacif.a,,DurangoCO,CO,i.a,Colorado,ic.a
bb.a,c.a,,UA,,,NhieUA,dff.a,behhb.a,behhbab.a,dcefh.a,SFO,SanFranciscoCA,CA,g.a,California,
,h.a,,MQ,,MQ,NgbjMQ,eaai.a,,bdjdaac.a,dajhh.a,,,IL,bh.a,Illinois,
,,,HA,,HA,NehfHA,ced.a,,bdidaac.a,ddida.a,,KahuluiHI,HI,bf.a,Hawaii,
cf.a,,cabcbccf.a,AA,bjiaf.a,AA,,,bccgg.a,bccggad.a,,IAH,HoustonTX,TX,,Texas,he.a
bi.a,,cabcbcbi.a,DL,bjhja.a,,,,begdf.a,begdfac.a,,RSW,,FL,,Florida,
cg.a,,cabcbccg.a,DL,,DL,NgaeDL,,,bciijad.a,,,LasVegasNV,NV,,Nevada,if.a
f.a,,cabcbcaf.a,DL,,DL,NdiiDA,,,bdceeac.a,ddcee.a,,MemphisTN,,,Tennessee,fe.a
h.a,,cabcbcah.a,AA,,AA,NfdhAA,,,bbcjiad.a,dabje.a,DFW,Dallas/FortWorthTX,TX,,Texas,he.a
f.a,d.a,cabcbcaf.a,,cadff.a,,NhbhUW,bjii.a,begdf.a,begdfac.a,dbhbe.a,RSW,,FL,bc.a,Florida,
ci.a,f.a,,,,UA,NedjUA,fhj.a,,bbcjcac.a,,DEN,DenverCO,CO,,Colorado,ic.a
c.a,,cabcbcac.a,AA,,AA,NfbeAA,,,bbcjiad.a,dabje.a,DFW,Dallas/FortWorthTX,TX,,Texas,he.a
,h.a,,OO,,OO,NeajSW,egdj.a,,baiejad.a,daiej.a,,BozemanMT,MT,da.a,Montana,ie.a
,,,HA,,HA,NeigHA,bbf.a,,bdidaac.a,ddida.a,,KahuluiHI,HI,bf.a,Hawaii,
,h.a,cabcbcda.a,Fj,caedg.a,Fj,NjehFR,daa.a,bebah.a,,daegg.a,,PhoenixAZ,,e.a,Arizona,
,e.a,cabcbcag.a,,cadgg.a,EV,NihgAS,fddf.a,badjh.a,badjhaf.a,dadjh.a,,,GA,bd.a,Georgia,de.a
f.a,d.a,cabcbcaf.a,,cbbhb.a,VX,NgecVA,hjh.a,bcijc.a,bcijcad.a,dcfhf.a,LAX,LosAngelesCA,CA,g.a,California,jb.a
j.a,h.a,cabcbcaj.a,AS,,,NffiAS,,,behehad.a,daffj.a,SEA,SeattleWA,WA,,Washington,
i.a,,cabcbcai.a,DL,,DL,NjcgDL,,bfabg.a,,dbbcd.a,,St.LouisMO,MO,cj.a,Missouri,ge.a
,d.a,,,,MQ,NgacMQ,djfj.a,,bcjjcae.a,dcgaa.a,,LittleRockAR,AR,f.a,Arkansas,hb.a
,b.a,,OO,,OO,NficSW,fgdg.a,,bdcgead.a,ddcge.a,,MedfordOR,,eb.a,Oregon,jc.a
,f.a,cabcbcbe.a,,,,Nbccab,eedg.a,bfdha.a,bfdhaac.a,degfd.a,TUL,TulsaOK,OK,ea.a,Oklahoma,hd.a
bb.a,,cabcbbbb.a,AA,,AA,NfDEAA,,,bcbhdab.a,dcbde.a,HNL,HonoluluHI,HI,,Hawaii,c.a
,h.a,cabcbcbg.a,EV,cadgg.a,,Nbcbec,,befce.a,befceab.a,defce.a,RIC,,,fb.a,,
,h.a,,OO,cadae.a,OO,NjdaSW,febc.a,bdjda.a,,dajhh.a,,,IL,bh.a,Illinois,
,b.a,cabcbcce.a,Fj,caedg.a,Fj,,ejb.a,bbcjc.a,bbcjcac.a,dadcf.a,,DenverCO,CO,i.a,Colorado,ic.a
e.a,c.a,,UA,,UA,Nfhedj,bceg.a,,bccggad.a,dbefd.a,IAH,HoustonTX,TX,,Texas,he.a
cj.a,,cabcbccj.a,AA,,AA,NfhjAA,,,bdbjiab.a,,MCI,KansasCityMO,MO,,Missouri,ge.a
,h.a,cabcbcaj.a,Fj,caedg.a,Fj,NjafFR,fif.a,bbcjc.a,,dadcf.a,,DenverCO,CO,i.a,Colorado,ic.a
cd.a,,cabcbccd.a,AA,bjiaf.a,AA,,,bbcji.a,bbcjiad.a,,DFW,Dallas/FortWorthTX,TX,,Texas,he.a
,c.a,cabcbcbb.a,FL,caedh.a,FL,NjedAT,hab.a,bdcae.a,,dbefe.a,,,,bc.a,Florida,dd.a
ci.a,f.a,cabcbcci.a,,,WN,NehfWN,cibb.a,,bdcdcac.a,,MDW,,IL,bh.a,Illinois,eb.a
e.a,c.a,cabcbcae.a,WN,bjdjd.a,WN,NgjdSW,hcd.a,bebah.a,bebahac.a,daegg.a,PHX,PhoenixAZ,,e.a,Arizona,
,e.a,,,,,NedbSW,ehga.a,,beigjad.a,degbe.a,SLC,SaltLakeCityUT,,ej.a,,
da.a,,cabcbcda.a,AA,,AA,NdDSAA,,,bddadad.a,,MIA,,,,Florida,dd.a
bc.a,,cabcbbbc.a,AA,,AA,NdCNAA,,,bbcjiad.a,dabje.a,DFW,Dallas/FortWorthTX,TX,,Texas,he.a
,e.a,cabcbcag.a,,caedg.a,Fj,NiacFR,cgi.a,bdcdc.a,bdcdcac.a,dajhh.a,,,IL,bh.a,Illinois,eb.a
bj.a,d.a,cabcbcbj.a,,,,,ccjf.a,beijd.a,beijdac.a,,SMF,SacramentoCA,,g.a,California,jb.a
bf.a,,cabcbcbf.a,AA,,AA,NdDCAA,,,bdjdaac.a,dajhh.a,ORD,,IL,,Illinois,
ci.a,f.a,cabcbcci.a,,,YV,NfbiLR,dhdb.a,,bdjdaac.a,,ORD,,IL,bh.a,Illinois,
,h.a,cabcbcda.a,EV,cadgg.a,EV,NideAS,,bccge.a,bccgeac.a,daifc.a,,,VA,fb.a,,di.a
bc.a,d.a,cabcbcbc.a,,,WN,NgabWN,cdci.a,,bacfhac.a,dacfh.a,ALB,AlbanyNY,NY,dg.a,NewYork,cc.a
da.a,h.a,cabcbcda.a,WN,,,NcbaWN,fci.a,beidb.a,beidbad.a,,SJC,SanJoseCA,CA,g.a,California,
,g.a,cabcbccj.a,,,FL,NjeeAT,fie.a,bfdae.a,,ddbjf.a,,,FL,bc.a,Florida,dd.a
,d.a,,,cadae.a,,NcjcSW,fdgc.a,begij.a,begijac.a,degij.a,SBA,SantaBarbaraCA,CA,g.a,California,
,d.a,cabcbcbj.a,,cadgg.a,EV,,eeab.a,bccgg.a,bccggad.a,dbefd.a,,HoustonTX,TX,ei.a,,he.a
,h.a,,OO,cadae.a,OO,,geec.a,bdjda.a,bdjdaac.a,dajhh.a,,,IL,bh.a,Illinois,
cj.a,,cabcbbcj.a,AA,,AA,NdccAA,,,bcehiac.a,,JFK,NewYorkNY,,,NewYork,cc.a
da.a,h.a,,UA,,UA,Nfhige,fc.a,,bcbhdab.a,,HNL,HonoluluHI,HI,,Hawaii,c.a
be.a,f.a,,,bjjhh.a,UA,Nbecbj,bfcg.a,bbaec.a,bbaecac.a,dageh.a,CLE,,OH,,Ohio,ee.a
,h.a,cabcbccd.a,Fj,caedg.a,Fj,,ejb.a,bbcjc.a,bbcjcac.a,dadcf.a,,DenverCO,CO,i.a,Colorado,ic.a
f.a,d.a,cabcbcaf.a,YV,cadhi.a,YV,NjafFJ,chfa.a,bebah.a,,daegg.a,PHX,PhoenixAZ,,e.a,Arizona,
,c.a,cabcbcbb.a,FL,caedh.a,FL,NchcAT,bggh.a,baicb.a,baicbad.a,daifc.a,,,MD,ce.a,Maryland,df.a
,f.a,,,cadae.a,OO,NjcjSW,fgfj.a,beefh.a,,deefh.a,,RapidCitySD,,eg.a,SouthDakota,
f.a,,cabcbcaf.a,DL,bjhja.a,DL,NjgcDL,,badjh.a,,dadjh.a,,,GA,,Georgia,de.a
c.a,h.a,cabcbcac.a,WN,bjdjd.a,WN,NcdiWN,dad.a,bciij.a,bciijad.a,dccbb.a,LAS,LasVegasNV,NV,dc.a,Nevada,if.a
,c.a,,OO,cadae.a,OO,NhacSK,geaf.a,bbcjc.a,bbcjcac.a,dadcf.a,,DenverCO,CO,i.a,Colorado,ic.a
c.a,,cabcbcac.a,DL,bjhja.a,DL,NjceDN,,baicb.a,,daifc.a,,,MD,,Maryland,df.a
,f.a,cabcbcbe.a,,cadgg.a,,Nbejae,egie.a,behda.a,behdaad.a,ddaee.a,SDF,LouisvilleKY,,cb.a,Kentucky,
,b.a,,OO,cadae.a,OO,NigeAS,cgha.a,bbgdi.a,bbgdiae.a,dbgdi.a,,FresnoCA,CA,g.a,California,jb.a
,b.a,,OO,cadae.a,OO,,efhg.a,bdeih.a,bdeihac.a,dbgfa.a,,MinneapolisMN,,ch.a,Minnesota,
f.a,,cabcbcaf.a,AA,,AA,NfEAAA,,,bdjdaac.a,dajhh.a,ORD,,IL,,Illinois,
g.a,e.a,,,,UA,NeffUA,ege.a,,bdjdaac.a,dajhh.a,ORD,,IL,,Illinois,
bj.a,d.a,cabcbcbj.a,Bg,caeaj.a,Bg,,,bcehi.a,bcehiac.a,,JFK,NewYorkNY,,dg.a,NewYork,cc.a
bf.a,g.a,cabcbcbf.a,,bjdjd.a,WN,NidbjF,dhfi.a,bdcae.a,bdcaeac.a,dbefe.a,MCO,,,bc.a,Florida,dd.a
g.a,,cabcbcag.a,AA,,AA,NgdbAA,,,bddadad.a,dcegh.a,MIA,,,,Florida,dd.a
d.a,b.a,,UA,bjjhh.a,UA,Nhdcfb,bbad.a,bccge.a,bccgeac.a,daifc.a,IAD,,VA,,Virginia,di.a
ca.a,,cabcbcca.a,AA,bjiaf.a,AA,,,bddad.a,bddadad.a,,MIA,,,,Florida,dd.a
,e.a,cabcbcbd.a,,caedg.a,Fj,NjddFR,dee.a,bcijc.a,,dcfhf.a,,LosAngelesCA,CA,g.a,California,jb.a
,h.a,,OO,cadae.a,,,fdgf.a,begji.a,begjiac.a,decdg.a,SBP,SanLuisObispoCA,CA,g.a,California,
,c.a,,OO,cadae.a,OO,NjfeSW,gcei.a,bbecd.a,,dbecd.a,,DesMoinesIA,IA,bj.a,Iowa,gb.a
,f.a,cabcbcbe.a,,,EV,Neijab,fjgd.a,,baedeac.a,daede.a,,Scranton/Wilkes-BarrePA,PA,ec.a,Pennsylvania,cd.a
,b.a,,OO,cadae.a,,,feei.a,beeij.a,beeijac.a,deeij.a,RDM,Bend/RedmondOR,OR,eb.a,Oregon,
,d.a,,OO,cadae.a,OO,NiacSK,efbb.a,bddec.a,bddecaf.a,dddec.a,,MilwaukeeWI,,ff.a,,ef.a
h.a,,cabcbcah.a,AA,,,NdGSAA,,,behhbab.a,dcefh.a,SFO,SanFranciscoCA,CA,,California,
e.a,c.a,cabcbcae.a,WN,bjdjd.a,WN,NhdjGB,ijj.a,bdijb.a,bdijbab.a,dcfhf.a,ONT,OntarioCA,,g.a,California,
,e.a,,,cadae.a,OO,,fbfg.a,bbaec.a,bbaecac.a,dageh.a,,,OH,dj.a,Ohio,ee.a
,b.a,,OO,cadae.a,OO,NjagSW,cjdi.a,bebah.a,,daegg.a,,PhoenixAZ,,e.a,Arizona,
,c.a,cabcbcae.a,EV,cadgg.a,EV,Nbhjie,,bbaec.a,bbaecac.a,dageh.a,,,OH,dj.a,Ohio,ee.a
,d.a,,MQ,,MQ,NgcfMQ,chff.a,,bagifac.a,dagif.a,,,IL,bh.a,Illinois,eb.a
bi.a,c.a,,OO,cadae.a,OO,,feji.a,bbgdh.a,bbgdhad.a,,,FargoND,ND,di.a,NorthDakota,gg.a
j.a,h.a,,UA,bjjhh.a,UA,NibjUA,fbb.a,bahcb.a,bahcbac.a,dahcb.a,BOS,BostonMA,MA,,Massachusetts,bd.a
bf.a,g.a,cabcbcbf.a,,,,NgagJB,cdf.a,,beigjad.a,degbe.a,SLC,SaltLakeCityUT,,ej.a,,
bd.a,,cabcbcbd.a,DL,bjhja.a,DL,NgheDL,,badjh.a,badjhaf.a,dadjh.a,,,GA,,Georgia,de.a
,d.a,,MQ,cadji.a,MQ,,efbh.a,bcjfd.a,bcjfdac.a,dbhad.a,,NewYorkNY,,dg.a,NewYork,cc.a
cg.a,d.a,cabcbccg.a,AS,bjjda.a,AS,NhghAS,,becgc.a,becgcac.a,,PSP,PalmSpringsCA,,,California,
cj.a,g.a,cabcbccj.a,,caeaj.a,Bg,NhjgJB,chb.a,bciij.a,bciijad.a,,LAS,LasVegasNV,NV,dc.a,Nevada,if.a
ci.a,f.a,cabcbcci.a,,bjdjd.a,WN,NcdiWN,cdih.a,bebah.a,bebahac.a,,PHX,PhoenixAZ,,e.a,Arizona,
c.a,h.a,,UA,bjjhh.a,UA,Nhifab,bbih.a,bccge.a,bccgeac.a,daifc.a,IAD,,VA,,Virginia,di.a
,e.a,,,cadae.a,OO,NjchSW,gcai.a,bbgdh.a,,dbgdh.a,,FargoND,ND,di.a,NorthDakota,gg.a
h.a,f.a,cabcbcah.a,,,,NdahAS,ca.a,,behehad.a,daffj.a,SEA,SeattleWA,WA,,Washington,
bh.a,b.a,cabcbcbh.a,AS,bjjda.a,AS,,,bcbhd.a,bcbhdab.a,dcbde.a,HNL,HonoluluHI,HI,,Hawaii,c.a
h.a,f.a,,,,UA,NfaiUA,gec.a,,bcehiac.a,dbhad.a,JFK,NewYorkNY,,,NewYork,cc.a
d.a,b.a,cabcbcad.a,WN,bjdjd.a,WN,NhihSA,dddf.a,bdhjg.a,bdhjgab.a,dcefh.a,OAK,OaklandCA,,g.a,California,
,f.a,cabcbcbe.a,,,EV,Nebbae,fiig.a,,bdjdaac.a,dajhh.a,,,IL,bh.a,Illinois,
bc.a,d.a,cabcbcbc.a,AS,,AS,NfgcAS,,,bbchiac.a,daifc.a,DCA,,VA,,Virginia,di.a
ch.a,e.a,cabcbcch.a,,,Bg,NdciJB,bced.a,,bahcbac.a,,BOS,BostonMA,MA,cf.a,Massachusetts,bd.a
,g.a,cabcbcab.a,,cadgg.a,EV,Nbdjhi,edjh.a,baicb.a,baicbad.a,daifc.a,,,MD,ce.a,Maryland,df.a
e.a,c.a,cabcbcae.a,WN,,WN,NcjiWN,fij.a,,baiaaad.a,dcfhf.a,BUR,BurbankCA,CA,g.a,California,jb.a
ca.a,e.a,cabcbcca.a,,,,,jag.a,behhb.a,behhbab.a,,SFO,SanFranciscoCA,CA,g.a,California,
h.a,f.a,cabcbcah.a,,,WN,NehiWN,dddb.a,,badjhaf.a,dadjh.a,ATL,,GA,bd.a,Georgia,de.a
bg.a,,cabcbcbg.a,DL,,,,,bfabg.a,bfabgad.a,dbbcd.a,STL,St.LouisMO,MO,,Missouri,ge.a
,h.a,cabcbcaj.a,EV,cadgg.a,EV,Nbgbid,,bddgh.a,bddghad.a,dddgh.a,,,,bh.a,Illinois,
,g.a,cabcbccj.a,,cadgg.a,EV,Nbebed,gafg.a,bccge.a,bccgeac.a,daifc.a,,,VA,fb.a,,di.a
da.a,,cabcbcda.a,AA,,AA,NfaiAA,,,bdihbac.a,,OMA,OmahaNE,,,Nebraska,
,c.a,,MQ,cadji.a,MQ,NgeeMQ,edbi.a,bdjda.a,bdjdaac.a,dajhh.a,,,IL,bh.a,Illinois,
d.a,b.a,cabcbcad.a,Bg,caeaj.a,Bg,NggbJB,,bbgjh.a,bbgjhad.a,dcegh.a,FLL,,FL,bc.a,Florida,dd.a
,h.a,cabcbcda.a,EV,cadgg.a,EV,Nbbbje,,bdjda.a,bdjdaac.a,dajhh.a,,,IL,bh.a,Illinois,
bh.a,b.a,cabcbcbh.a,US,cadff.a,US,,hj.a,bbcji.a,bbcjiad.a,dabje.a,DFW,Dallas/FortWorthTX,TX,ei.a,,he.a
cc.a,g.a,,,cadae.a,,,fecg.a,beeih.a,beeihac.a,,RDD,ReddingCA,,g.a,California,
bh.a,b.a,cabcbcbh.a,Bg,,,,,bfdae.a,bfdaeac.a,ddbjf.a,TPA,,FL,bc.a,Florida,dd.a
,,,HA,,HA,NehfHA,cjb.a,,bceacad.a,dceac.a,,HiloHI,HI,bf.a,Hawaii,c.a
f.a,d.a,cabcbcaf.a,WN,bjdjd.a,WN,NjfdWN,eja.a,bdcae.a,,dbefe.a,MCO,,,bc.a,Florida,dd.a
j.a,h.a,cabcbcaj.a,WN,bjdjd.a,WN,NcahWN,bbeb.a,bahbd.a,bahbdac.a,dahbd.a,BOI,BoiseID,ID,bg.a,Idaho,id.a
,b.a,cabcbcbh.a,EV,cadgg.a,EV,,,badjh.a,badjhaf.a,dadjh.a,,,GA,bd.a,Georgia,de.a
cj.a,g.a,cabcbccj.a,,bjdjd.a,,NcfaWN,bhge.a,beghj.a,beghjad.a,,SAN,SanDiegoCA,,g.a,California,
ba.a,b.a,,OO,,OO,NfgjSW,ffad.a,,bdehgac.a,dejcc.a,,MontereyCA,,g.a,California,
bb.a,c.a,cabcbcbb.a,US,cadff.a,US,NbjdUW,hbb.a,bebaa.a,bebaaac.a,debaa.a,PHL,PhiladelphiaPA,,ec.a,Pennsylvania,
g.a,e.a,cabcbcag.a,,cadff.a,,NbaeUW,jhi.a,beejc.a,beejcac.a,deejc.a,RDU,,,dh.a,NorthCarolina,
,b.a,cabcbcba.a,EV,cadgg.a,EV,Nbgjhg,,bddec.a,bddecaf.a,dddec.a,,MilwaukeeWI,,ff.a,,
cj.a,g.a,cabcbccj.a,,bjdjd.a,WN,NhhbeB,bfcb.a,bdhjg.a,bdhjgab.a,,OAK,OaklandCA,,g.a,California,
h.a,,cabcbcah.a,DL,,,NdheeF,,,beigjad.a,degbe.a,SLC,SaltLakeCityUT,,,Utah,
,e.a,cabcbcag.a,,cadgg.a,EV,NihiAS,fcge.a,bbgeb.a,bbgebac.a,dbgeb.a,,,NC,dh.a,NorthCarolina,dg.a
cc.a,g.a,cabcbccc.a,,cadff.a,US,,dhe.a,bbcji.a,bbcjiad.a,,DFW,Dallas/FortWorthTX,TX,ei.a,,he.a
ca.a,e.a,,,bjjhh.a,UA,,gjh.a,bciij.a,bciijad.a,,LAS,LasVegasNV,NV,,Nevada,if.a
bi.a,c.a,cabcbcbi.a,WN,bjdjd.a,WN,,dbag.a,bagjd.a,bagjdac.a,,BNA,NashvilleTN,,eh.a,Tennessee,fe.a
cj.a,g.a,cabcbccj.a,,cadff.a,US,NibdAW,ej.a,bciij.a,bciijad.a,,LAS,LasVegasNV,NV,dc.a,Nevada,if.a
b.a,g.a,cabcbcab.a,,bjdjd.a,WN,NjceWN,caei.a,bdejf.a,,ddejf.a,MSY,NewOrleansLA,,cc.a,Louisiana,
h.a,,cabcbcah.a,AA,,AA,NeXHAA,,,bdjdaac.a,dajhh.a,ORD,,IL,,Illinois,
cd.a,h.a,,OO,cadae.a,OO,,ffdg.a,bbcjc.a,bbcjcac.a,,,DenverCO,CO,i.a,Colorado,ic.a
,b.a,,MQ,,MQ,NgaiMQ,chai.a,,bbbjdac.a,ddbaf.a,,CincinnatiOH,KY,cb.a,Kentucky,fc.a
bh.a,b.a,cabcbcbh.a,WN,bjdjd.a,WN,,edb.a,bdbji.a,bdbjiab.a,ddbji.a,MCI,KansasCityMO,MO,cj.a,Missouri,ge.a
bi.a,c.a,cabcbcbi.a,Bg,caeaj.a,Bg,,,bdcae.a,bdcaeac.a,,MCO,,,bc.a,Florida,dd.a
ce.a,b.a,cabcbcce.a,Bg,caeaj.a,Bg,,,bdcae.a,bdcaeac.a,,MCO,,,bc.a,Florida,dd.a
g.a,,cabcbcag.a,DL,,DL,NfadUS,,,badjhaf.a,dadjh.a,,,GA,,Georgia,de.a
e.a,,cabcbcae.a,DL,,DL,NdjiDA,,,bciijad.a,dccbb.a,,LasVegasNV,NV,,Nevada,if.a
,,,HA,,HA,NeiaHA,bcd.a,,bcbhdab.a,dcbde.a,,HonoluluHI,HI,bf.a,Hawaii,c.a
bg.a,h.a,cabcbcbg.a,US,cadff.a,US,,bfja.a,bdcae.a,bdcaeac.a,dbefe.a,MCO,,,bc.a,Florida,dd.a
da.a,,cabcbcda.a,AA,,,NdDDAA,,,bfdhaac.a,,TUL,TulsaOK,OK,,Oklahoma,hd.a
d.a,,cabcbcad.a,DL,,,NjacDA,,bfabg.a,bfabgad.a,dbbcd.a,STL,St.LouisMO,MO,,Missouri,ge.a
i.a,g.a,cabcbcai.a,,bjdjd.a,WN,NhibWN,daja.a,bdcdc.a,bdcdcac.a,dajhh.a,MDW,,IL,bh.a,Illinois,eb.a
cc.a,g.a,,,bjjhh.a,UA,,bcba.a,bbgbi.a,bbgbiac.a,,EWR,NewarkNJ,,,NewJersey,cb.a
,b.a,,OO,cadae.a,OO,NjbjSW,gfad.a,bcijc.a,,dcfhf.a,,LosAngelesCA,CA,g.a,California,jb.a
ce.a,,cabcbbce.a,AA,,,,,behhb.a,behhbab.a,,SFO,SanFranciscoCA,CA,,California,
cj.a,g.a,cabcbccj.a,,,,NeahAS,hdb.a,,behehad.a,,SEA,SeattleWA,WA,,Washington,
ce.a,,cabcbcce.a,AA,bjiaf.a,AA,,,baecd.a,baecdac.a,,AUS,AustinTX,TX,,Texas,he.a
ba.a,,cabcbcba.a,DL,,DL,NdcfNB,,,bbgbiac.a,dbhad.a,,NewarkNJ,,,NewJersey,cb.a
d.a,,cabcbcad.a,DL,bjhja.a,DL,NhghNC,,badjh.a,badjhaf.a,dadjh.a,,,GA,,Georgia,de.a
,c.a,,MQ,cadji.a,MQ,NidiMQ,cjeh.a,bbcji.a,bbcjiad.a,dabje.a,,Dallas/FortWorthTX,TX,ei.a,,he.a
d.a,,cabcbcad.a,DL,,DL,NdhfhD,,,badjhaf.a,dadjh.a,,,GA,,Georgia,de.a
h.a,,cabcbcah.a,AA,,AA,NfibAA,,,bebahac.a,daegg.a,PHX,PhoenixAZ,,,Arizona,
g.a,e.a,cabcbcag.a,,,WN,NeicWN,bbi.a,,bebahac.a,daegg.a,PHX,PhoenixAZ,,e.a,Arizona,
,f.a,,,,,NgbaMQ,djce.a,,bfjbjac.a,dbide.a,XNA,FayettevilleAR,AR,f.a,Arkansas,hb.a
i.a,g.a,cabcbcai.a,,bjdjd.a,WN,NigaaF,ejid.a,bbcjc.a,bbcjcac.a,dadcf.a,DEN,DenverCO,CO,i.a,Colorado,ic.a
,f.a,,,cadji.a,MQ,,dgcb.a,bdjda.a,bdjdaac.a,dajhh.a,,,IL,bh.a,Illinois,
be.a,f.a,,,,UA,NfhcUA,ieb.a,,bcijcad.a,dcfhf.a,LAX,LosAngelesCA,CA,,California,jb.a
,f.a,cabcbcci.a,,caedh.a,FL,NjfjAT,gbh.a,bdejf.a,,ddejf.a,,NewOrleansLA,,cc.a,Louisiana,
,e.a,,,cadae.a,OO,,gdge.a,bbcjc.a,bbcjcac.a,dadcf.a,,DenverCO,CO,i.a,Colorado,ic.a
e.a,c.a,cabcbcae.a,WN,bjdjd.a,WN,NgijSW,baej.a,bbcfj.a,bbcfjad.a,dabje.a,DAL,DallasTX,TX,ei.a,,he.a
,d.a,cabcbcbj.a,EV,cadgg.a,EV,,,bccbh.a,bccbhac.a,dacff.a,,HuntsvilleAL,AL,b.a,Alabama,fb.a
,c.a,,OO,cadae.a,OO,,gdfd.a,bbbaj.a,bbbajac.a,dabij.a,,ColoradoSpringsCO,CO,i.a,Colorado,ic.a
j.a,h.a,cabcbcaj.a,Bg,caeaj.a,Bg,NbjdJB,,bbchi.a,bbchiac.a,daifc.a,DCA,,VA,fb.a,,di.a
da.a,,cabcbcda.a,DL,,DL,NfidNW,,,bcijcad.a,,,LosAngelesCA,CA,,California,jb.a
bh.a,,cabcbcbh.a,DL,bjhja.a,DL,,,bahjc.a,bahjcae.a,dahjc.a,,BuffaloNY,NY,,NewYork,cc.a
,b.a,cabcbcdb.a,EV,cadgg.a,EV,Nbdfgg,,bbgbi.a,bbgbiac.a,dbhad.a,,NewarkNJ,,de.a,NewJersey,cb.a
,b.a,,OO,cadae.a,OO,,fbji.a,bafgb.a,bafgbad.a,dafgb.a,,BakersfieldCA,CA,g.a,California,jb.a
,e.a,,,,,NgbbSK,eiej.a,,beijdac.a,ddbjc.a,SMF,SacramentoCA,,g.a,California,jb.a
bd.a,e.a,cabcbcbd.a,,,WN,NdgbSW,eb.a,,bdijbab.a,dcfhf.a,ONT,OntarioCA,,g.a,California,
,b.a,cabcbcba.a,FL,caedh.a,FL,NjgjAT,gca.a,bcjfd.a,,dbhad.a,,NewYorkNY,,dg.a,NewYork,cc.a
bi.a,,cabcbcbi.a,DL,bjhja.a,DL,,,beach.a,beachac.a,,,,FL,,Florida,
cc.a,,cabcbccc.a,DL,bjhja.a,DL,,,babea.a,babeaac.a,,,AlbuquerqueNM,NM,,NewMexico,ig.a
,d.a,,OO,,OO,NebbSW,fcff.a,,bdjdaac.a,dajhh.a,,,IL,bh.a,Illinois,
db.a,b.a,cabcbcdb.a,US,cadff.a,US,NhbdUW,becj.a,bbafh.a,bbafhad.a,dbafh.a,CLT,,NC,dh.a,NorthCarolina,dg.a
ce.a,b.a,cabcbcce.a,Bg,caeaj.a,Bg,,,bcehi.a,bcehiac.a,,JFK,NewYorkNY,,dg.a,NewYork,cc.a
,h.a,cabcbcbg.a,EV,cadgg.a,EV,,,badjh.a,badjhaf.a,dadjh.a,,,GA,bd.a,Georgia,de.a
,e.a,cabcbcag.a,,caedh.a,FL,NjejAT,haa.a,baihe.a,,dageh.a,,,OH,dj.a,Ohio,ee.a
cg.a,,cabcbccg.a,DL,,DL,NdheDA,,,bcijcad.a,,,LosAngelesCA,CA,,California,jb.a
cb.a,f.a,,,bjjhh.a,UA,,fji.a,bagca.a,bagcaac.a,,BIL,BillingsMT,MT,,Montana,ie.a
,b.a,cabcbcdb.a,FL,,FL,NdaiAT,geb.a,,bciijad.a,dccbb.a,,LasVegasNV,NV,dc.a,Nevada,if.a
g.a,,cabcbcag.a,DL,bjhja.a,DL,NbeaLL,,badjh.a,badjhaf.a,dadjh.a,,,GA,,Georgia,de.a
i.a,,cabcbcai.a,DL,bjhja.a,DL,NhhaNC,,badjh.a,badjhaf.a,dadjh.a,,,GA,,Georgia,de.a
d.a,b.a,cabcbcad.a,YV,cadhi.a,YV,NjaeFJ,ciae.a,bebah.a,bebahac.a,daegg.a,PHX,PhoenixAZ,,e.a,Arizona,
bd.a,e.a,cabcbcbd.a,,caeaj.a,Bg,NggfJB,cda.a,beach.a,beachac.a,deach.a,PBI,,FL,bc.a,Florida,
f.a,d.a,cabcbcaf.a,US,,US,NgcaAW,gdj.a,,bebahac.a,daegg.a,PHX,PhoenixAZ,,e.a,Arizona,
h.a,f.a,,,bjjhh.a,UA,Nhhfba,bda.a,bccgg.a,bccggad.a,dbefd.a,IAH,HoustonTX,TX,,Texas,he.a
b.a,g.a,,,,,Ncehag,bac.a,behhb.a,behhbab.a,dcefh.a,SFO,SanFranciscoCA,CA,,California,
,d.a,cabcbcbc.a,EV,cadgg.a,EV,Nbgjjj,,bbafh.a,bbafhad.a,dbafh.a,,,NC,dh.a,NorthCarolina,dg.a
bf.a,g.a,cabcbcbf.a,,bjdjd.a,WN,NigacF,dgef.a,bdcae.a,bdcaeac.a,dbefe.a,MCO,,,bc.a,Florida,dd.a
,g.a,,,cadae.a,OO,,ehca.a,bcijc.a,bcijcad.a,dcfhf.a,,LosAngelesCA,CA,g.a,California,jb.a
,b.a,,OO,cadae.a,OO,NjadSW,gegj.a,bbecd.a,bbecdad.a,dbecd.a,,DesMoinesIA,IA,bj.a,Iowa,gb.a
ch.a,,cabcbcch.a,DL,,DL,NdfdNB,,,bdjdaac.a,,,,IL,,Illinois,
,e.a,cabcbcch.a,,cadgg.a,EV,Nbebia,efch.a,bccgg.a,bccggad.a,dbefd.a,,HoustonTX,TX,ei.a,,he.a
,g.a,cabcbcbf.a,,cadgg.a,EV,Nbejhc,gbaj.a,bdjda.a,bdjdaac.a,dajhh.a,,,IL,bh.a,Illinois,
c.a,,cabcbcac.a,AA,,AA,NfFGAA,,,bddadad.a,dcegh.a,MIA,,,,Florida,dd.a
ba.a,b.a,cabcbcba.a,WN,bjdjd.a,WN,NcejWN,bahj.a,bbaec.a,bbaecac.a,dageh.a,CLE,,OH,dj.a,Ohio,ee.a
b.a,g.a,cabcbcab.a,,,WN,NdhcSW,ccdf.a,,bacfhac.a,dacfh.a,ALB,AlbanyNY,NY,dg.a,NewYork,cc.a
g.a,,cabcbcag.a,DL,bjhja.a,DL,NgjhDL,,bbchi.a,bbchiac.a,daifc.a,,,VA,,Virginia,di.a
,d.a,,MQ,cadji.a,MQ,NjajMQ,ddhc.a,bbcji.a,,dabje.a,,Dallas/FortWorthTX,TX,ei.a,,he.a
ci.a,f.a,cabcbcci.a,,bjdjd.a,WN,NjcjWN,dedh.a,baicb.a,,,BWI,,MD,ce.a,Maryland,df.a
cj.a,g.a,cabcbccj.a,,bjdjd.a,WN,NcdgWN,dabf.a,bbagg.a,bbaggac.a,,CMH,,OH,dj.a,Ohio,ee.a
ba.a,b.a,cabcbcba.a,WN,,WN,NfagSW,fjh.a,,bcijgaf.a,dcijg.a,LBB,LubbockTX,,ei.a,,he.a
db.a,b.a,cabcbcdb.a,WN,,,NchjWN,bia.a,bejai.a,bejaiad.a,dcfhf.a,SNA,SantaAnaCA,CA,g.a,California,jb.a
,d.a,,MQ,,MQ,NfbiMQ,dgad.a,,baecdac.a,daecd.a,,AustinTX,TX,ei.a,,he.a
cf.a,c.a,cabcbccf.a,YV,cadhi.a,YV,,baac.a,bdida.a,bdidaac.a,,OGG,KahuluiHI,HI,bf.a,Hawaii,
cg.a,d.a,cabcbccg.a,WN,,WN,NebfWN,ebeh.a,,bdcdcac.a,,MDW,,IL,bh.a,Illinois,eb.a
db.a,b.a,,UA,,UA,Ndjebf,bfib.a,,bccggad.a,dbefd.a,IAH,HoustonTX,TX,,Texas,he.a
,h.a,,OO,cadae.a,OO,NjedSW,fcee.a,bbaec.a,,dageh.a,,,OH,dj.a,Ohio,ee.a
,b.a,,OO,cadae.a,OO,,gcgg.a,bbcjc.a,bbcjcac.a,dadcf.a,,DenverCO,CO,i.a,Colorado,ic.a
ba.a,b.a,cabcbcba.a,Bg,,Bg,NdciJB,,,bahcbac.a,dahcb.a,BOS,BostonMA,MA,cf.a,Massachusetts,bd.a
cf.a,,cabcbccf.a,DL,bjhja.a,DL,,,bebaa.a,bebaaac.a,,,PhiladelphiaPA,,,Pennsylvania,
g.a,,cabcbcag.a,AA,,AA,NdAUAA,,,bbchiac.a,daifc.a,DCA,,VA,,Virginia,di.a
bi.a,c.a,cabcbcbi.a,AS,bjjda.a,,,,beheh.a,behehad.a,,SEA,SeattleWA,WA,,Washington,
bd.a,,cabcbcbd.a,AA,,AA,NfEPAA,,,bddadad.a,dcegh.a,MIA,,,,Florida,dd.a
cb.a,f.a,cabcbccb.a,,cadff.a,US,,bicc.a,bbafh.a,bbafhad.a,,CLT,,NC,dh.a,NorthCarolina,dg.a
ci.a,f.a,cabcbcci.a,,,,NgbaWN,bbge.a,,beijdac.a,,SMF,SacramentoCA,,g.a,California,jb.a
ba.a,,cabcbcba.a,DL,bjhja.a,DL,NjddDL,,begif.a,,degif.a,,,GA,,Georgia,
bc.a,,cabcbcbc.a,DL,,DL,NjagDE,,bejig.a,,dejig.a,,,FL,,Florida,dd.a
,c.a,,MQ,,MQ,NfaiMQ,egba.a,,bcjfdac.a,dbhad.a,,NewYorkNY,,dg.a,NewYork,cc.a
,f.a,,,cadae.a,OO,NhajBR,gefc.a,bcijc.a,bcijcad.a,dcfhf.a,,LosAngelesCA,CA,g.a,California,jb.a
bg.a,h.a,,UA,,UA,NeadUA,ehh.a,,bccgeac.a,daifc.a,IAD,,VA,,Virginia,di.a
,,,HA,,HA,NehjHA,faj.a,,bcbhdab.a,dcbde.a,,HonoluluHI,HI,bf.a,Hawaii,c.a
ca.a,e.a,,,bjjhh.a,UA,,bhec.a,bciij.a,bciijad.a,,LAS,LasVegasNV,NV,,Nevada,if.a
,f.a,cabcbccb.a,,cadgg.a,,,gafb.a,befce.a,befceab.a,defce.a,RIC,,,fb.a,,
,c.a,,OO,cadae.a,OO,,geji.a,becgc.a,becgcac.a,decgc.a,,PalmSpringsCA,,g.a,California,
b.a,,cabcbcab.a,AA,,AA,NeYPAA,,,bcchiac.a,dajci.a,ICT,WichitaKS,KS,,Kansas,gc.a
,f.a,,,,OO,NegfSW,cgjh.a,,bcijcad.a,dcfhf.a,,LosAngelesCA,CA,g.a,California,jb.a
,f.a,cabcbcbe.a,,cadgg.a,EV,NhfiEV,fadf.a,bbedd.a,bbeddac.a,dbcjf.a,,,MI,cg.a,Michigan,ed.a
,h.a,cabcbccd.a,EV,cadgg.a,EV,,,bccgg.a,bccggad.a,dbefd.a,,HoustonTX,TX,ei.a,,he.a
,f.a,cabcbccb.a,,caedg.a,Fj,,def.a,bbbaj.a,bbbajac.a,dabij.a,,ColoradoSpringsCO,CO,i.a,Colorado,ic.a
be.a,f.a,cabcbcbe.a,,,,NhjdAS,hd.a,beici.a,beiciac.a,deici.a,SIT,SitkaAK,AK,,Alaska,
ci.a,f.a,cabcbcci.a,,bjdjd.a,WN,NhjiSW,bigd.a,bcjjc.a,bcjjcae.a,,LIT,LittleRockAR,AR,f.a,Arkansas,hb.a
db.a,b.a,cabcbcdb.a,Bg,caeaj.a,,NcjeJB,,beejc.a,beejcac.a,deejc.a,RDU,,,dh.a,NorthCarolina,
,e.a,,,caedh.a,FL,NjjhAT,ejj.a,befhg.a,,defhg.a,,RochesterNY,,dg.a,NewYork,
cf.a,,cabcbccf.a,AA,bjiaf.a,AA,,,babea.a,babeaac.a,,ABQ,AlbuquerqueNM,NM,,NewMexico,ig.a
,d.a,,OO,cadae.a,OO,,ffic.a,bceeb.a,bceebac.a,dceeb.a,,JacksonWY,WY,fg.a,,ii.a
cg.a,,cabcbccg.a,AA,,AA,NeYEAA,,,bdjdaac.a,,ORD,,IL,,Illinois,
ch.a,,cabcbcch.a,AA,,AA,NdJUAA,,,bebahac.a,,PHX,PhoenixAZ,,,Arizona,
,h.a,,OO,,,NhibCA,ehej.a,beigj.a,beigjad.a,degbe.a,SLC,SaltLakeCityUT,,ej.a,,
,b.a,cabcbcad.a,FL,caedh.a,FL,NchdAT,bebb.a,bbgjh.a,bbgjhad.a,dcegh.a,,,FL,bc.a,Florida,dd.a
bd.a,e.a,cabcbcbd.a,,bjdjd.a,WN,NhejSW,jhf.a,bdcjg.a,bdcjgae.a,dahcb.a,MHT,ManchesterNH,,dd.a,NewHampshire,be.a
ch.a,,cabcbcch.a,DL,bjhja.a,DL,NjfgDL,,bcjfd.a,,,,NewYorkNY,,,NewYork,cc.a
bf.a,g.a,cabcbcbf.a,,cbbhb.a,VX,NifcVA,dde.a,bcijc.a,bcijcad.a,dcfhf.a,LAX,LosAngelesCA,CA,g.a,California,jb.a
,g.a,,,,OO,NfigSW,fefd.a,,bdeceac.a,ddece.a,,ModestoCA,,g.a,California,
bj.a,,cabcbcbj.a,DL,,,,,bfdae.a,bfdaeac.a,,TPA,,FL,,Florida,dd.a
,f.a,,,,,,eehd.a,beigj.a,beigjad.a,degbe.a,SLC,SaltLakeCityUT,,ej.a,,
cg.a,d.a,cabcbccg.a,US,cadff.a,US,NbifUW,bfcj.a,bbafh.a,bbafhad.a,,CLT,,NC,dh.a,NorthCarolina,dg.a
,h.a,,MQ,cadji.a,MQ,,ddgc.a,bbcji.a,bbcjiad.a,dabje.a,,Dallas/FortWorthTX,TX,ei.a,Texas,he.a
b.a,,cabcbcab.a,AA,,AA,NeYPAA,,,bbcjiad.a,dabje.a,DFW,Dallas/FortWorthTX,TX,,Texas,he.a
,d.a,,OO,cadae.a,OO,NcdgSW,ffeb.a,babfh.a,babfhad.a,dabfh.a,,Arcata/EurekaCA,CA,g.a,California,jb.a
ci.a,f.a,,,bjjhh.a,UA,Nbhgch,bfhc.a,bccgg.a,bccggad.a,,IAH,HoustonTX,TX,,Texas,he.a
b.a,g.a,cabcbcab.a,,cadff.a,US,NgfgAW,cfe.a,bebah.a,bebahac.a,daegg.a,PHX,PhoenixAZ,,e.a,Arizona,
,e.a,cabcbcch.a,,caedg.a,Fj,NjafFR,gaj.a,bcddj.a,,dcddh.a,,,IN,bi.a,Indiana,ec.a
bd.a,e.a,cabcbcbd.a,,,WN,NegdWN,bdd.a,,bbgbiac.a,dbhad.a,EWR,NewarkNJ,,de.a,NewJersey,cb.a
ci.a,f.a,cabcbcci.a,,,US,NffbUW,cfb.a,,bebaaac.a,,PHL,PhiladelphiaPA,,ec.a,Pennsylvania,
ci.a,,cabcbcci.a,AA,,AA,NgcbAA,,,bddadad.a,,MIA,,,,Florida,dd.a
,c.a,,MQ,,,NiejMQ,echc.a,bfdia.a,bfdiaac.a,dfdia.a,TVC,,MI,cg.a,Michigan,ed.a
bd.a,,cabcbcbd.a,DL,,DL,NdejNB,,,badjhaf.a,dadjh.a,,,GA,,Georgia,de.a
bf.a,g.a,cabcbcbf.a,,bjdjd.a,WN,NjdaWN,cjca.a,bciij.a,,dccbb.a,LAS,LasVegasNV,NV,dc.a,Nevada,if.a
,f.a,,,cadae.a,OO,NjbaSW,fdbi.a,bbahg.a,,dbahg.a,,,MI,cg.a,Michigan,ed.a
h.a,f.a,cabcbcah.a,,,Bg,NgcjJB,bebh.a,,baecdac.a,daecd.a,AUS,AustinTX,TX,ei.a,,he.a
da.a,,cabcbcda.a,DL,bjhja.a,DL,NjbfDL,,badjh.a,,,,,GA,,Georgia,de.a
,,,HA,,HA,NeiaHA,bfi.a,,bcbhdab.a,dcbde.a,,HonoluluHI,HI,bf.a,Hawaii,c.a
,c.a,,MQ,cadji.a,MQ,NgehMQ,dceb.a,bccbh.a,bccbhac.a,dacff.a,,HuntsvilleAL,AL,b.a,Alabama,fb.a
bc.a,,cabcbbbc.a,AA,,AA,NdEVAA,,,bbcjiad.a,dabje.a,DFW,Dallas/FortWorthTX,TX,,Texas,he.a
f.a,,cabcbcaf.a,DL,,DL,NdghNW,,,bbeddac.a,dbcjf.a,,,MI,,Michigan,ed.a
g.a,e.a,cabcbcag.a,,bjdjd.a,WN,NghaSW,jdi.a,bebah.a,bebahac.a,daegg.a,PHX,PhoenixAZ,,e.a,Arizona,
d.a,b.a,cabcbcad.a,WN,,WN,NecjWN,hgj.a,,bbcjcac.a,dadcf.a,DEN,DenverCO,CO,i.a,Colorado,ic.a
ca.a,e.a,cabcbcca.a,,,,,befb.a,bfabg.a,bfabgad.a,,STL,St.LouisMO,MO,cj.a,Missouri,ge.a
,g.a,,,cadae.a,OO,NiahSK,eiec.a,bdihb.a,bdihbac.a,dddbg.a,,OmahaNE,,db.a,Nebraska,
,h.a,cabcbcaj.a,EV,cadgg.a,EV,NjdfEV,,bcjef.a,,dcjef.a,,LexingtonKY,KY,cb.a,Kentucky,fc.a
bc.a,,cabcbcbc.a,AA,,AA,NfEJAA,,,bbcjiad.a,dabje.a,DFW,Dallas/FortWorthTX,TX,,Texas,he.a
bi.a,,cabcbcbi.a,DL,bjhja.a,DL,,,bcehi.a,bcehiac.a,,,NewYorkNY,,,NewYork,cc.a
ci.a,f.a,cabcbcci.a,,bjdjd.a,WN,NidbcC,bcii.a,bcbjb.a,bcbjbac.a,,HOU,HoustonTX,TX,ei.a,,he.a
cg.a,d.a,cabcbccg.a,Bg,caeaj.a,Bg,NccjJB,,bcbjb.a,bcbjbac.a,,HOU,HoustonTX,TX,ei.a,,he.a
,h.a,cabcbcaj.a,Fj,caedg.a,Fj,NjdiFR,daj.a,bbcjc.a,,dadcf.a,,DenverCO,CO,i.a,Colorado,ic.a
bg.a,h.a,,UA,bjjhh.a,UA,,bacc.a,bbgbi.a,bbgbiac.a,dbhad.a,EWR,NewarkNJ,,,NewJersey,cb.a
bj.a,d.a,,UA,bjjhh.a,UA,,fdg.a,bbcjc.a,bbcjcac.a,,DEN,DenverCO,CO,,Colorado,ic.a
bd.a,e.a,cabcbcbd.a,,cadff.a,US,NhhaUW,cbga.a,bbchi.a,bbchiac.a,daifc.a,DCA,,VA,fb.a,,di.a
,f.a,cabcbccb.a,,cadgg.a,EV,,fhdf.a,bccge.a,bccgeac.a,daifc.a,,,VA,fb.a,,di.a
,g.a,cabcbcbf.a,,,EV,NgafQX,fece.a,,bdifbad.a,ddifb.a,,OklahomaCityOK,,ea.a,Oklahoma,
ca.a,e.a,cabcbcca.a,,cadhi.a,YV,,cidb.a,babea.a,babeaac.a,,ABQ,AlbuquerqueNM,NM,df.a,NewMexico,ig.a
bg.a,h.a,,UA,bjjhh.a,UA,,babi.a,bbaec.a,bbaecac.a,dageh.a,CLE,,OH,,Ohio,ee.a
,d.a,,MQ,cadji.a,MQ,NifcMQ,cici.a,bbcji.a,bbcjiad.a,dabje.a,,Dallas/FortWorthTX,TX,ei.a,,he.a
,e.a,cabcbcch.a,,cadgg.a,EV,Nbdjha,edcf.a,bagjd.a,bagjdac.a,dagjd.a,,NashvilleTN,,eh.a,Tennessee,fe.a
ce.a,b.a,cabcbcce.a,WN,,,,fig.a,bfdae.a,bfdaeac.a,,TPA,,FL,bc.a,Florida,dd.a
,c.a,cabcbccf.a,Fj,,,,cgj.a,bejai.a,bejaiad.a,dcfhf.a,SNA,SantaAnaCA,CA,g.a,California,jb.a
,g.a,cabcbcai.a,,cadgg.a,EV,Nbcjcc,gbaa.a,bccge.a,bccgeac.a,daifc.a,,,VA,fb.a,,di.a
b.a,,cabcbcab.a,DL,bjhja.a,DL,NjdiDL,,badjh.a,,dadjh.a,,,GA,,Georgia,de.a
ch.a,e.a,cabcbcch.a,,cadff.a,US,NbbbUS,hig.a,bebcc.a,bebccac.a,,PIT,PittsburghPA,,ec.a,Pennsylvania,
bi.a,c.a,cabcbcbi.a,YV,cadhi.a,YV,,chaj.a,bbafh.a,bbafhad.a,,CLT,,NC,dh.a,NorthCarolina,dg.a
f.a,d.a,,UA,,UA,NeiaUA,fgd.a,,bahcbac.a,dahcb.a,BOS,BostonMA,MA,,Massachusetts,bd.a
ch.a,,cabcbcch.a,AA,,AA,NfgaAA,,,bbcjiad.a,,DFW,Dallas/FortWorthTX,TX,,Texas,he.a
,g.a,cabcbcai.a,,cadgg.a,EV,Nbfjhd,gabi.a,baede.a,baedeac.a,daede.a,,Scranton/Wilkes-BarrePA,PA,ec.a,Pennsylvania,cd.a
ca.a,e.a,,,bjjhh.a,UA,,bejj.a,bbchi.a,bbchiac.a,,DCA,,VA,,Virginia,di.a
e.a,,cabcbcae.a,AA,,,NdHLAA,,,behhbab.a,dcefh.a,SFO,SanFranciscoCA,CA,,California,
,h.a,cabcbcbg.a,EV,cadgg.a,EV,,,bdjda.a,bdjdaac.a,dajhh.a,,,IL,bh.a,Illinois,
cd.a,h.a,cabcbccd.a,WN,bjdjd.a,WN,,hba.a,bbcjc.a,bbcjcac.a,,DEN,DenverCO,CO,i.a,Colorado,ic.a
c.a,,cabcbcac.a,DL,bjhja.a,DL,NbhcDN,,bcbhd.a,bcbhdab.a,dcbde.a,,HonoluluHI,HI,,Hawaii,c.a
ce.a,b.a,,UA,bjjhh.a,UA,,bgba.a,bddad.a,bddadad.a,,MIA,,,,Florida,dd.a
,c.a,,OO,cadae.a,OO,,fdfi.a,bcijc.a,bcijcad.a,dcfhf.a,,LosAngelesCA,CA,g.a,California,jb.a
,b.a,cabcbcdb.a,Fj,caedg.a,Fj,NjbjFR,hje.a,beafh.a,,deafh.a,,PortlandOR,,eb.a,Oregon,
,c.a,cabcbccf.a,FL,,,,gdi.a,bfdae.a,bfdaeac.a,ddbjf.a,TPA,,FL,bc.a,Florida,dd.a
be.a,,cabcbcbe.a,AA,,AA,NfjjAA,,,bbcjiad.a,dabje.a,DFW,Dallas/FortWorthTX,TX,,Texas,he.a
,d.a,cabcbcbc.a,FL,caedh.a,FL,NjjdAT,gh.a,badjh.a,,dadjh.a,,,GA,bd.a,Georgia,de.a
bc.a,d.a,cabcbcbc.a,WN,,WN,NfbcSW,dhea.a,,bdejfac.a,ddejf.a,MSY,NewOrleansLA,,cc.a,Louisiana,
cg.a,,cabcbccg.a,AA,,AA,NdDDAA,,,bdjdaac.a,,ORD,,IL,,Illinois,
,h.a,cabcbcaj.a,EV,cadgg.a,EV,Nbffhc,,bbgbi.a,bbgbiac.a,dbhad.a,,NewarkNJ,,de.a,NewJersey,cb.a
bb.a,c.a,cabcbcbb.a,WN,bjdjd.a,WN,NcehWN,fbd.a,bdjdb.a,bdjdbac.a,ddggh.a,ORF,,,fb.a,,
j.a,h.a,cabcbcaj.a,VX,,VX,NgcdVA,eae.a,,bcijcad.a,dcfhf.a,LAX,LosAngelesCA,CA,g.a,California,jb.a
ci.a,,cabcbcci.a,DL,bjhja.a,DL,NjbbDE,,bdeih.a,,,,MinneapolisMN,,,Minnesota,
bd.a,e.a,cabcbcbd.a,,,,NfbgAS,ief.a,,behehad.a,daffj.a,SEA,SeattleWA,WA,,Washington,
f.a,d.a,cabcbcaf.a,WN,,,NdhgSW,ihh.a,,bfdhgac.a,daedg.a,TUS,TucsonAZ,AZ,e.a,Arizona,ib.a
bf.a,g.a,cabcbcbf.a,,cadhi.a,YV,NjcjLR,cghe.a,bdihb.a,,dddbg.a,OMA,OmahaNE,,db.a,Nebraska,
,g.a,,,,,,fcjg.a,behhb.a,behhbab.a,dcefh.a,SFO,SanFranciscoCA,CA,g.a,California,
db.a,b.a,cabcbcdb.a,YV,cadhi.a,YV,NjdiLR,cgji.a,bbafh.a,,,CLT,,NC,dh.a,NorthCarolina,dg.a
i.a,,cabcbcai.a,AA,,AA,NdEBAA,,,bcjfdac.a,dbhad.a,LGA,NewYorkNY,,,NewYork,cc.a
bb.a,,cabcbcbb.a,AA,,AA,NdELAA,,,bbcjiad.a,dabje.a,DFW,Dallas/FortWorthTX,TX,,Texas,he.a
cj.a,,cabcbccj.a,AA,,AA,NfbcAA,,,bbcjiad.a,,DFW,Dallas/FortWorthTX,TX,,Texas,he.a
cg.a,d.a,cabcbccg.a,Bg,,,NfehJB,,,bfdaeac.a,,TPA,,FL,bc.a,Florida,dd.a
ch.a,e.a,,,bjjhh.a,UA,Nhfeci,bcga.a,bccgg.a,bccggad.a,,IAH,HoustonTX,TX,,Texas,he.a
,d.a,cabcbcaf.a,FL,caedh.a,FL,NjcfAT,ggc.a,begdf.a,,dbhbe.a,,,FL,bc.a,Florida,
cf.a,,cabcbccf.a,AA,bjiaf.a,AA,,,bcehi.a,bcehiac.a,,JFK,NewYorkNY,,,NewYork,cc.a
bh.a,,cabcbbbh.a,AA,bjiaf.a,AA,,,bcijc.a,bcijcad.a,dcfhf.a,LAX,LosAngelesCA,CA,,California,jb.a
,b.a,cabcbcce.a,EV,cadgg.a,EV,,,badjh.a,badjhaf.a,dadjh.a,,,GA,bd.a,Georgia,de.a
bb.a,,cabcbbbb.a,AA,,AA,NdjhAA,,,bbcjiad.a,dabje.a,DFW,Dallas/FortWorthTX,TX,,Texas,he.a
,h.a,,MQ,,MQ,NgbdMQ,djjc.a,,bdjdaac.a,dajhh.a,,,IL,bh.a,Illinois,
c.a,h.a,cabcbcac.a,US,,US,NefiUW,bhbh.a,,bebaaac.a,debaa.a,PHL,PhiladelphiaPA,,ec.a,Pennsylvania,
bb.a,,cabcbcbb.a,DL,,,NdcjNW,,,beigjad.a,degbe.a,SLC,SaltLakeCityUT,,,Utah,
cc.a,g.a,cabcbccc.a,,bjdjd.a,WN,,ebif.a,bcijc.a,bcijcad.a,,LAX,LosAngelesCA,CA,g.a,California,jb.a
e.a,c.a,cabcbcae.a,WN,,,NcdeWN,dbfa.a,bejai.a,bejaiad.a,dcfhf.a,SNA,SantaAnaCA,CA,g.a,California,jb.a
g.a,e.a,cabcbcag.a,,bjdjd.a,,NhaeSW,bcj.a,behhb.a,behhbab.a,dcefh.a,SFO,SanFranciscoCA,CA,g.a,California,
bf.a,,cabcbcbf.a,AA,,,NcabAA,,bfabg.a,bfabgad.a,dbbcd.a,STL,St.LouisMO,MO,,Missouri,ge.a
b.a,g.a,cabcbcab.a,,,WN,NfchSW,dffc.a,,bbfeaad.a,dagbf.a,ELP,ElPasoTX,TX,ei.a,,he.a
,d.a,cabcbcbc.a,FL,caedh.a,FL,NjcbAT,gge.a,bebaa.a,,debaa.a,,PhiladelphiaPA,,ec.a,Pennsylvania,
,d.a,cabcbcbc.a,FL,caedh.a,FL,NcijAT,big.a,baicb.a,baicbad.a,daifc.a,,,MD,ce.a,Maryland,df.a
be.a,f.a,,,,,Nfhige,bhdg.a,,behhbab.a,dcefh.a,SFO,SanFranciscoCA,CA,,California,
ce.a,,cabcbcce.a,DL,bjhja.a,DL,,,bbgjh.a,bbgjhad.a,,,,FL,,Florida,dd.a
,c.a,,MQ,cadji.a,MQ,,cjgj.a,bbcji.a,bbcjiad.a,dabje.a,,Dallas/FortWorthTX,TX,ei.a,Texas,he.a
da.a,h.a,cabcbcda.a,WN,,WN,NeeiWN,cgjh.a,,bcijcad.a,,LAX,LosAngelesCA,CA,g.a,California,jb.a
,f.a,cabcbcbe.a,,,,Nbffch,egfc.a,bfjbj.a,bfjbjac.a,dbide.a,XNA,FayettevilleAR,AR,f.a,Arkansas,hb.a
bc.a,,cabcbcbc.a,AA,,AA,NdCFAA,,,bcijcad.a,dcfhf.a,LAX,LosAngelesCA,CA,,California,jb.a
cj.a,,cabcbccj.a,AA,,AA,NfccAA,,,bbcjiad.a,,DFW,Dallas/FortWorthTX,TX,,Texas,he.a
ci.a,,cabcbcci.a,DL,bjhja.a,DL,NjbeDL,,bdeih.a,,,,MinneapolisMN,,,Minnesota,
c.a,h.a,cabcbcac.a,WN,bjdjd.a,WN,NghaSW,cbea.a,bdcdc.a,bdcdcac.a,dajhh.a,MDW,,IL,bh.a,Illinois,eb.a
db.a,b.a,,UA,,UA,NehcUA,ggj.a,,bbaecac.a,,CLE,,OH,,Ohio,ee.a
,h.a,cabcbccd.a,EV,,,,,bfdia.a,bfdiaac.a,dfdia.a,TVC,,MI,cg.a,Michigan,ed.a
ba.a,b.a,,OO,cadae.a,OO,NhgaSK,gfaa.a,bbgad.a,bbgadac.a,dbgad.a,,EugeneOR,OR,eb.a,Oregon,jc.a
,d.a,,MQ,cadji.a,MQ,NiacMQ,ebdg.a,bdjda.a,bdjdaac.a,dajhh.a,,,IL,bh.a,Illinois,
bb.a,c.a,cabcbcbb.a,AS,,AS,NfbhAS,,,bcjicac.a,dcjic.a,LIH,LihueHI,HI,,Hawaii,c.a
ba.a,b.a,,OO,,,NdabYV,hhja.a,,beigjad.a,degbe.a,SLC,SaltLakeCityUT,,ej.a,,
,g.a,,,cadji.a,MQ,NgihMQ,ddid.a,bbcji.a,bbcjiad.a,dabje.a,,Dallas/FortWorthTX,TX,ei.a,,he.a
cg.a,d.a,cabcbccg.a,WN,,WN,NebcWN,ebbi.a,,baicbad.a,,BWI,,MD,ce.a,Maryland,df.a
bg.a,,cabcbcbg.a,DL,,DL,NdfiNW,,,bciijad.a,dccbb.a,,LasVegasNV,NV,,Nevada,if.a
d.a,b.a,,OO,cadae.a,OO,NiajCA,egfg.a,bdifb.a,bdifbad.a,ddifb.a,,OklahomaCityOK,,ea.a,Oklahoma,
f.a,d.a,cabcbcaf.a,WN,bjdjd.a,WN,NhdjGB,bjch.a,bebah.a,bebahac.a,daegg.a,PHX,PhoenixAZ,,e.a,Arizona,
cc.a,,cabcbccc.a,DL,bjhja.a,DL,,,bebah.a,bebahac.a,,,PhoenixAZ,,,Arizona,
,c.a,,MQ,cadji.a,MQ,,cjgi.a,bbjic.a,bbjicac.a,dbjic.a,,KilleenTX,TX,ei.a,,he.a
c.a,,cabcbcac.a,DL,,,NdcjNW,,,beigjad.a,degbe.a,SLC,SaltLakeCityUT,,,Utah,
,h.a,cabcbcac.a,EV,cadgg.a,EV,Ncebci,,bdbji.a,bdbjiab.a,ddbji.a,,KansasCityMO,MO,cj.a,Missouri,ge.a
cf.a,c.a,cabcbccf.a,WN,bjdjd.a,,,jab.a,beejc.a,beejcac.a,,RDU,,,dh.a,NorthCarolina,
h.a,f.a,cabcbcah.a,,,,NeajWN,ifj.a,,behhbab.a,dcefh.a,SFO,SanFranciscoCA,CA,g.a,California,
,e.a,,,,,NgdgMQ,edhe.a,,bfaeiad.a,dfaei.a,SUX,SiouxCityIA,IA,bj.a,Iowa,gb.a
,g.a,,,cadji.a,MQ,NgeiMQ,ddhg.a,bbcji.a,bbcjiad.a,dabje.a,,Dallas/FortWorthTX,TX,ei.a,,he.a
cg.a,,cabcbccg.a,DL,bjhja.a,DL,,,baecd.a,baecdac.a,,,AustinTX,TX,,Texas,he.a
d.a,,cabcbcad.a,AA,,AA,NfbfAA,,,bbcjiad.a,dabje.a,DFW,Dallas/FortWorthTX,TX,,Texas,he.a
ba.a,b.a,,UA,bjjhh.a,UA,NibcUA,dda.a,bbcjc.a,bbcjcac.a,dadcf.a,DEN,DenverCO,CO,,Colorado,ic.a
,b.a,,MQ,cadji.a,MQ,,cjif.a,bbcji.a,bbcjiad.a,dabje.a,,Dallas/FortWorthTX,TX,ei.a,,he.a
da.a,h.a,cabcbcda.a,WN,,,NgaiSW,bfhi.a,,behhbab.a,,SFO,SanFranciscoCA,CA,g.a,California,
db.a,,cabcbcdb.a,AA,,AA,NdhiAA,,,bddadad.a,,MIA,,,,Florida,dd.a
h.a,f.a,,,bjjhh.a,UA,Ncjbce,badh.a,bcijc.a,bcijcad.a,dcfhf.a,LAX,LosAngelesCA,CA,,California,jb.a
ca.a,e.a,cabcbcca.a,,bjdjd.a,WN,,bdbh.a,bbcjc.a,bbcjcac.a,,DEN,DenverCO,CO,i.a,Colorado,ic.a
,h.a,cabcbcda.a,EV,cadgg.a,EV,NidhAS,,badjh.a,badjhaf.a,dadjh.a,,,GA,bd.a,Georgia,de.a
g.a,,cabcbbag.a,AA,,AA,NdFKAA,,,bbcjiad.a,dabje.a,DFW,Dallas/FortWorthTX,TX,,Texas,he.a
ci.a,f.a,,,,OO,NejfCA,cjdi.a,,bebahac.a,,,PhoenixAZ,,e.a,Arizona,
db.a,,cabcbcdb.a,DL,,DL,NjjhDL,,bfdae.a,,,,,FL,,Florida,dd.a
cc.a,,cabcbccc.a,DL,bjhja.a,DL,,,badjh.a,badjhaf.a,,,,GA,,Georgia,de.a
,e.a,cabcbcag.a,,,FL,NdfeAT,id.a,,badjhaf.a,dadjh.a,,,GA,bd.a,Georgia,de.a
cj.a,g.a,,,bjjhh.a,UA,NicgUA,jfd.a,bebaa.a,bebaaac.a,,PHL,PhiladelphiaPA,,,Pennsylvania,
cd.a,h.a,cabcbccd.a,VX,cbbhb.a,VX,,ibh.a,beafh.a,beafhac.a,,PDX,PortlandOR,,eb.a,Oregon,
cc.a,g.a,cabcbccc.a,,bjdjd.a,WN,,ecie.a,baicb.a,baicbad.a,,BWI,,MD,ce.a,Maryland,df.a
,e.a,cabcbcbd.a,,,FL,NgadAT,cdc.a,,baiheac.a,dageh.a,,,OH,dj.a,Ohio,ee.a
ca.a,,cabcbcca.a,AA,bjiaf.a,AA,,,bccgg.a,bccggad.a,,IAH,HoustonTX,TX,,Texas,he.a
cj.a,g.a,,,,,NeegSW,efie.a,,beefhac.a,,RAP,RapidCitySD,,eg.a,SouthDakota,
,b.a,cabcbcbh.a,EV,,,,,bfjbj.a,bfjbjac.a,dbide.a,XNA,FayettevilleAR,AR,f.a,Arkansas,hb.a
bc.a,d.a,cabcbcbc.a,WN,bjdjd.a,,NhdbSA,jff.a,behhb.a,behhbab.a,dcefh.a,SFO,SanFranciscoCA,CA,g.a,California,
ch.a,e.a,cabcbcch.a,,cadff.a,US,NhefVJ,bfbj.a,bcddj.a,bcddjae.a,,IND,,IN,bi.a,Indiana,ec.a
h.a,,cabcbcah.a,AA,,AA,NfchAA,,,bbchiac.a,daifc.a,DCA,,VA,,Virginia,di.a
cd.a,,cabcbccd.a,DL,bjhja.a,DL,,,badjh.a,badjhaf.a,,,,GA,,Georgia,de.a
bh.a,,cabcbcbh.a,AA,bjiaf.a,AA,,,bdjda.a,bdjdaac.a,dajhh.a,ORD,,IL,,Illinois,
g.a,e.a,cabcbcag.a,,,,NgbeSW,bibg.a,,beejcac.a,deejc.a,RDU,,,dh.a,NorthCarolina,
h.a,f.a,cabcbcah.a,,,US,NedcUS,bjja.a,,bbgjhad.a,dcegh.a,FLL,,FL,bc.a,Florida,dd.a
,b.a,cabcbcad.a,EV,cadgg.a,EV,Nbbbdh,,bccgg.a,bccggad.a,dbefd.a,,HoustonTX,TX,ei.a,,he.a
bj.a,d.a,cabcbcbj.a,AS,bjjda.a,AS,,,bdjda.a,bdjdaac.a,,ORD,,IL,,Illinois,
bg.a,h.a,,UA,,UA,Nfjgda,bajg.a,,bbcjiad.a,dabje.a,DFW,Dallas/FortWorthTX,TX,,Texas,he.a
ca.a,e.a,cabcbcca.a,,bjdjd.a,WN,,bagd.a,bdejf.a,bdejfac.a,,MSY,NewOrleansLA,,cc.a,Louisiana,
bb.a,c.a,cabcbcbb.a,AS,bjjda.a,,NhgjAS,,beheh.a,behehad.a,daffj.a,SEA,SeattleWA,WA,,Washington,
bb.a,c.a,cabcbcbb.a,AS,,,NfhhAS,,,beidbad.a,dcefh.a,SJC,SanJoseCA,CA,,California,
j.a,h.a,cabcbcaj.a,WN,,WN,NffgWN,dicg.a,,baicbad.a,daifc.a,BWI,,MD,ce.a,Maryland,df.a
ce.a,b.a,cabcbcce.a,US,cadff.a,US,,cjj.a,bbafh.a,bbafhad.a,,CLT,,NC,dh.a,NorthCarolina,dg.a
i.a,g.a,,,cadae.a,OO,NjefSW,gfcg.a,bcijc.a,,dcfhf.a,,LosAngelesCA,CA,g.a,California,jb.a
,d.a,,MQ,,MQ,NfciMQ,dghd.a,,bcijcad.a,dcfhf.a,,LosAngelesCA,CA,g.a,California,jb.a
cf.a,,cabcbccf.a,AA,bjiaf.a,AA,,,bdjdb.a,bdjdbac.a,,ORF,,,,Virginia,
,,,HA,,HA,NehfHA,bee.a,,bcjicac.a,dcjic.a,,LihueHI,HI,bf.a,Hawaii,c.a
cf.a,c.a,cabcbccf.a,WN,bjdjd.a,WN,,efaa.a,bciij.a,bciijad.a,,LAS,LasVegasNV,NV,dc.a,Nevada,if.a
,f.a,cabcbccb.a,,cadgg.a,EV,,fjgd.a,bbcjc.a,bbcjcac.a,dadcf.a,,DenverCO,CO,i.a,Colorado,ic.a
ca.a,e.a,cabcbcca.a,,bjdjd.a,WN,,dhbf.a,baecd.a,baecdac.a,,AUS,AustinTX,TX,ei.a,,he.a
cj.a,g.a,cabcbccj.a,,,,NfcgAS,ffc.a,,behehad.a,,SEA,SeattleWA,WA,,Washington,
bg.a,h.a,cabcbcbg.a,WN,,WN,NcjfWN,bagb.a,,bdeihac.a,dbgfa.a,MSP,MinneapolisMN,,ch.a,Minnesota,
da.a,h.a,,OO,cadae.a,,NcdfSW,fdfi.a,begij.a,begijac.a,,SBA,SantaBarbaraCA,CA,g.a,California,
,,,HA,,HA,NejaHA,bie.a,,bcbhdab.a,dcbde.a,,HonoluluHI,HI,bf.a,Hawaii,c.a
bb.a,c.a,,UA,,UA,NfgjUA,jje.a,,bdjdaac.a,dajhh.a,ORD,,IL,,Illinois,
,b.a,cabcbcad.a,EV,cadgg.a,EV,Nbhfga,,bdcjg.a,bdcjgae.a,dahcb.a,,ManchesterNH,,dd.a,NewHampshire,be.a
be.a,f.a,,,cadae.a,OO,NjbcEV,egce.a,bbgdi.a,,dbgdi.a,,FresnoCA,CA,g.a,California,jb.a
cb.a,f.a,cabcbccb.a,,,,,faj.a,bejai.a,bejaiad.a,,SNA,SantaAnaCA,CA,,California,jb.a
ca.a,e.a,,,bjjhh.a,UA,,dac.a,bdjda.a,bdjdaac.a,,ORD,,IL,,Illinois,
b.a,,cabcbcab.a,DL,,DL,NddgNB,,,bdeihac.a,dbgfa.a,,MinneapolisMN,,,Minnesota,
bi.a,,cabcbcbi.a,DL,bjhja.a,DL,,,bebah.a,bebahac.a,daegg.a,,PhoenixAZ,,,Arizona,
g.a,e.a,cabcbcag.a,,,,NgefSW,bbh.a,bfabg.a,bfabgad.a,dbbcd.a,STL,St.LouisMO,MO,cj.a,Missouri,ge.a
be.a,,cabcbcbe.a,DL,bjhja.a,DL,NjbbDL,,bdejf.a,,ddejf.a,,NewOrleansLA,,,Louisiana,
h.a,f.a,,,cadae.a,OO,NcjcSW,febf.a,bdace.a,bdaceac.a,ddace.a,,KlamathFallsOR,OR,eb.a,Oregon,jc.a
bf.a,g.a,cabcbcbf.a,,,Bg,NfjdJB,babh.a,,bahcbac.a,dahcb.a,BOS,BostonMA,MA,cf.a,Massachusetts,bd.a
,h.a,cabcbcac.a,EV,cadgg.a,EV,NjhiEV,,badjh.a,,dadjh.a,,,GA,bd.a,Georgia,de.a
cd.a,h.a,cabcbccd.a,WN,bjdjd.a,WN,,cjh.a,bbcfj.a,bbcfjad.a,,DAL,DallasTX,TX,ei.a,,he.a
cc.a,g.a,,,cadae.a,OO,,feaf.a,bcijc.a,bcijcad.a,,,LosAngelesCA,CA,g.a,California,jb.a
bb.a,c.a,cabcbcbb.a,WN,bjdjd.a,WN,NhfeSW,baba.a,bbcjc.a,bbcjcac.a,dadcf.a,DEN,DenverCO,CO,i.a,Colorado,ic.a
bg.a,,cabcbcbg.a,DL,bjhja.a,DL,,,badjh.a,badjhaf.a,dadjh.a,,,GA,,Georgia,de.a
bc.a,d.a,cabcbcbc.a,WN,bjdjd.a,WN,NhdgSA,cceg.a,bdijb.a,bdijbab.a,dcfhf.a,ONT,OntarioCA,,g.a,California,
cc.a,g.a,cabcbccc.a,,bjdjd.a,WN,,djhj.a,bbagg.a,bbaggac.a,,CMH,,OH,dj.a,Ohio,ee.a
bd.a,e.a,cabcbcbd.a,,bjdjd.a,WN,NjcjWN,dgfg.a,baicb.a,,daifc.a,BWI,,MD,ce.a,Maryland,df.a
e.a,c.a,,UA,bjjhh.a,UA,NidbUA,idc.a,bccge.a,bccgeac.a,daifc.a,IAD,,VA,,Virginia,di.a
,c.a,cabcbccf.a,EV,cadgg.a,EV,,,bcjjc.a,bcjjcae.a,dcgaa.a,,LittleRockAR,AR,f.a,Arkansas,hb.a
,,,HA,,HA,NfigHA,e.a,,bcbhdab.a,dcbde.a,,HonoluluHI,HI,bf.a,Hawaii,c.a
,f.a,cabcbcbe.a,,,,NdaiAT,fde.a,,beiedad.a,deibj.a,SJU,SanJuanPR,PR,hc.a,,
ci.a,f.a,,,,OO,NeejSW,egjj.a,,bdeihac.a,,,MinneapolisMN,,ch.a,Minnesota,
ch.a,e.a,,,cadae.a,OO,NjhdSW,fdbj.a,bdjda.a,,,,,IL,bh.a,Illinois,
da.a,,cabcbcda.a,DL,,DL,NgbgDL,,,bcjfdac.a,,,NewYorkNY,,,NewYork,cc.a
,e.a,cabcbcag.a,,cadgg.a,EV,Nbbbbd,egfd.a,bdecc.a,bdeccac.a,dafgc.a,,MobileAL,,b.a,Alabama,
,g.a,cabcbcab.a,,,,Nbcfci,efgc.a,bfebb.a,bfebbad.a,dfebb.a,TYR,TylerTX,TX,ei.a,,he.a
bg.a,h.a,cabcbcbg.a,WN,,,NeieWN,baji.a,,bfabgad.a,dbbcd.a,STL,St.LouisMO,MO,cj.a,Missouri,ge.a
be.a,,cabcbcbe.a,DL,,DL,NddjNB,,,beachac.a,deach.a,,,FL,,Florida,
bc.a,d.a,cabcbcbc.a,AS,,,NdacAS,,,behehad.a,daffj.a,SEA,SeattleWA,WA,,Washington,
ba.a,b.a,cabcbcba.a,YV,,YV,NfafMJ,dhhj.a,,bdjdaac.a,dajhh.a,ORD,,IL,bh.a,Illinois,
bj.a,d.a,cabcbcbj.a,Bg,caeaj.a,Bg,,,bcehi.a,bcehiac.a,,JFK,NewYorkNY,,dg.a,NewYork,cc.a
be.a,,cabcbcbe.a,DL,,,NgbgDL,,,bfdaeac.a,ddbjf.a,TPA,,FL,,Florida,dd.a
ch.a,e.a,cabcbcch.a,,bjdjd.a,WN,NcbiWN,ecjb.a,bdhjg.a,bdhjgab.a,,OAK,OaklandCA,,g.a,California,
,e.a,cabcbcag.a,,,EV,NdjiCA,eiij.a,,badjhaf.a,dadjh.a,,,GA,bd.a,Georgia,de.a
bb.a,c.a,,OO,,OO,NebhSW,cgic.a,,bbgdiae.a,dbgdi.a,,FresnoCA,CA,g.a,California,jb.a
,f.a,,,cadji.a,MQ,NicaMQ,ddje.a,bahib.a,bahibac.a,dahib.a,,BatonRougeLA,LA,cc.a,Louisiana,hc.a
c.a,h.a,,OO,cadae.a,OO,NhjhSK,ffac.a,bbcjc.a,bbcjcac.a,dadcf.a,,DenverCO,CO,i.a,Colorado,ic.a
ba.a,b.a,cabcbcba.a,WN,bjdjd.a,WN,NcdfWN,ifc.a,baecd.a,baecdac.a,daecd.a,AUS,AustinTX,TX,ei.a,,he.a
,g.a,cabcbccc.a,,cadgg.a,EV,,eija.a,bafcj.a,bafcjae.a,dafcj.a,,HartfordCT,CT,j.a,Connecticut,bb.a
cb.a,f.a,,,cadae.a,,,gddi.a,beghj.a,beghjad.a,,SAN,SanDiegoCA,,g.a,California,
h.a,f.a,cabcbcah.a,,cadhi.a,YV,NjchLR,ciag.a,bebah.a,,daegg.a,PHX,PhoenixAZ,,e.a,Arizona,
bd.a,e.a,cabcbcbd.a,,cadff.a,US,NbadUS,baib.a,bbafh.a,bbafhad.a,dbafh.a,CLT,,NC,dh.a,NorthCarolina,dg.a
,d.a,cabcbcbc.a,EV,cadgg.a,EV,NiffAS,,bcjef.a,bcjefad.a,dcjef.a,,LexingtonKY,KY,cb.a,Kentucky,fc.a
,f.a,cabcbcci.a,,cadgg.a,EV,NidaAS,fhdi.a,bacfh.a,bacfhac.a,dacfh.a,,AlbanyNY,NY,dg.a,NewYork,cc.a
ch.a,,cabcbcch.a,AA,,AA,NdHKAA,,,bddadad.a,,MIA,,,,Florida,dd.a
,g.a,,,,,NgihMQ,ddeg.a,beiec.a,beiecac.a,deiec.a,SJT,SanAngeloTX,,ei.a,,
cg.a,,cabcbccg.a,DL,,DL,NdchNB,,,bcjfdac.a,,,NewYorkNY,,,NewYork,cc.a
ba.a,b.a,cabcbcba.a,WN,,,NhfeSW,ccej.a,bfdhg.a,bfdhgac.a,daedg.a,TUS,TucsonAZ,AZ,e.a,Arizona,ib.a
cf.a,,cabcbccf.a,AA,bjiaf.a,AA,,,bebah.a,bebahac.a,,PHX,PhoenixAZ,,,Arizona,
cc.a,g.a,cabcbccc.a,,bjdjd.a,,,edfc.a,beghj.a,beghjad.a,,SAN,SanDiegoCA,,g.a,California,
,d.a,cabcbcbj.a,EV,cadgg.a,EV,,,bcchi.a,bcchiac.a,dajci.a,,WichitaKS,KS,ca.a,Kansas,gc.a
,f.a,cabcbcbe.a,,caedh.a,FL,NcifAT,ec.a,badjh.a,badjhaf.a,dadjh.a,,,GA,bd.a,Georgia,de.a
g.a,e.a,,,,OO,NehjCA,gdgi.a,,bbcjcac.a,dadcf.a,,DenverCO,CO,i.a,Colorado,ic.a
db.a,b.a,,OO,,OO,NfhgSW,fdbf.a,,bbcjcac.a,,,DenverCO,CO,i.a,Colorado,ic.a
,b.a,cabcbcba.a,FL,caedh.a,FL,NjidAT,bac.a,badjh.a,,dadjh.a,,,GA,bd.a,Georgia,de.a
c.a,,cabcbcac.a,AA,,AA,NdBKAA,,,bddadad.a,dcegh.a,MIA,,,,Florida,dd.a
bf.a,g.a,cabcbcbf.a,,bjjda.a,AS,NhaiAS,gj.a,bcibj.a,bcibjac.a,dbeab.a,KTN,KetchikanAK,AK,,Alaska,b.a
bj.a,d.a,cabcbcbj.a,US,cadff.a,US,,bccf.a,bahcb.a,bahcbac.a,,BOS,BostonMA,MA,cf.a,Massachusetts,bd.a
,e.a,,,cadji.a,MQ,NjddMQ,cjjd.a,bbcji.a,,dabje.a,,Dallas/FortWorthTX,TX,ei.a,,he.a
c.a,,cabcbcac.a,DL,,DL,NdfhNW,,,bdeihac.a,dbgfa.a,,MinneapolisMN,,,Minnesota,
cc.a,g.a,,,bjjhh.a,UA,,bad.a,bcaje.a,bcajeac.a,,HDN,HaydenCO,CO,,Colorado,ic.a
f.a,d.a,,OO,,OO,NeddSW,egdf.a,,bbjhhac.a,dbjhh.a,,GreenBayWI,WI,ff.a,,ef.a
,d.a,cabcbcbc.a,FL,,FL,NdeeAT,ebf.a,,bdcdcac.a,dajhh.a,,,IL,bh.a,Illinois,eb.a
,b.a,,MQ,cadji.a,MQ,,ddfd.a,bbcji.a,bbcjiad.a,dabje.a,,Dallas/FortWorthTX,TX,ei.a,,he.a
b.a,g.a,,,cadae.a,OO,NghjCA,egbd.a,bbgdh.a,bbgdhad.a,dbgdh.a,,FargoND,ND,di.a,NorthDakota,gg.a
,c.a,cabcbcae.a,EV,,EV,NficCA,,,bbeddac.a,dbcjf.a,,,MI,cg.a,Michigan,ed.a
ca.a,e.a,cabcbcca.a,,cadhi.a,YV,,dhhd.a,bccge.a,bccgeac.a,,IAD,,VA,fb.a,,di.a
bc.a,d.a,cabcbcbc.a,Bg,,Bg,NfceJB,,,bahcbac.a,dahcb.a,BOS,BostonMA,MA,cf.a,Massachusetts,bd.a
ba.a,b.a,cabcbcba.a,WN,,WN,NeedWN,bcc.a,,bcbjbac.a,dbefd.a,HOU,HoustonTX,TX,ei.a,,he.a
cc.a,g.a,cabcbccc.a,,cadhi.a,YV,,chia.a,baecd.a,baecdac.a,,AUS,AustinTX,TX,ei.a,,he.a
,h.a,,MQ,,MQ,NgajMQ,edgi.a,,bbbjdac.a,ddbaf.a,,CincinnatiOH,KY,cb.a,Kentucky,fc.a
h.a,f.a,,,,UA,NejgUA,gfe.a,,bdifbad.a,ddifb.a,OKC,OklahomaCityOK,,,Oklahoma,
,h.a,cabcbcac.a,FL,,FL,NdbfAT,dad.a,,bbgjhad.a,dcegh.a,,,FL,bc.a,Florida,dd.a
g.a,e.a,,,,UA,NebaUA,gjj.a,,bccgeac.a,daifc.a,IAD,,VA,,Virginia,di.a
,d.a,cabcbccg.a,EV,cadgg.a,EV,Nbejdd,,bceei.a,bceeiad.a,dceei.a,,Jackson/VicksburgMS,MS,ci.a,Mississippi,fd.a
ch.a,e.a,,,,OO,NefhSW,hdgj.a,,bdeihac.a,,,MinneapolisMN,,ch.a,Minnesota,
bd.a,e.a,,,cadae.a,OO,NjdiSW,febc.a,bdjda.a,,dajhh.a,,,IL,bh.a,Illinois,
be.a,f.a,cabcbcbe.a,,bjdjd.a,WN,NigadF,dgb.a,baicb.a,baicbad.a,daifc.a,BWI,,MD,ce.a,Maryland,df.a
cj.a,g.a,cabcbccj.a,,caeaj.a,Bg,NiaeJB,ghf.a,bcehi.a,bcehiac.a,,JFK,NewYorkNY,,dg.a,NewYork,cc.a
cg.a,d.a,,OO,cadae.a,,NgjjBR,gcha.a,befha.a,befhaac.a,,RNO,RenoNV,,dc.a,Nevada,
cc.a,g.a,,,cadae.a,OO,,gcef.a,bbbcc.a,bbbccac.a,,,CasperWY,WY,fg.a,,ii.a
,f.a,cabcbcah.a,,caedg.a,Fj,NjdcFR,ifg.a,bebah.a,,daegg.a,,PhoenixAZ,,e.a,Arizona,
,f.a,,,cadji.a,MQ,NgfcMQ,cibf.a,bbcji.a,bbcjiad.a,dabje.a,,Dallas/FortWorthTX,TX,ei.a,,he.a
,d.a,cabcbcbj.a,EV,cadgg.a,EV,,,bdjda.a,bdjdaac.a,dajhh.a,,,IL,bh.a,Illinois,
b.a,g.a,cabcbcab.a,,,WN,NgdfSW,cagj.a,,bdcaeac.a,dbefe.a,MCO,,,bc.a,Florida,dd.a
bj.a,d.a,,OO,cadae.a,,,ffad.a,behhb.a,behhbab.a,,SFO,SanFranciscoCA,CA,g.a,California,
ch.a,e.a,cabcbcch.a,,cbbhb.a,VX,NiebVA,jbj.a,bciij.a,bciijad.a,,LAS,LasVegasNV,NV,dc.a,Nevada,if.a
bj.a,d.a,cabcbcbj.a,WN,bjdjd.a,WN,,ciig.a,bbgjh.a,bbgjhad.a,,FLL,,FL,bc.a,Florida,dd.a
bd.a,e.a,cabcbcbd.a,,,VX,NgcfVA,gj.a,,bccgeac.a,daifc.a,IAD,,VA,fb.a,,di.a
g.a,,cabcbcag.a,DL,bjhja.a,DL,NghiDL,,badjh.a,badjhaf.a,dadjh.a,,,GA,,Georgia,de.a
e.a,c.a,cabcbcae.a,WN,,,NhdeSA,ghf.a,beijd.a,beijdac.a,ddbjc.a,SMF,SacramentoCA,,g.a,California,jb.a
cd.a,,cabcbccd.a,DL,bjhja.a,DL,,,bdjda.a,bdjdaac.a,,,,IL,,Illinois,
,h.a,cabcbcaj.a,EV,cadgg.a,EV,NjhhEV,,bajja.a,,dajja.a,,,VA,fb.a,,di.a
,c.a,cabcbccf.a,EV,cadgg.a,EV,,,badjh.a,badjhaf.a,dadjh.a,,,GA,bd.a,Georgia,de.a
c.a,h.a,,OO,cadae.a,OO,NhbjSK,gbjg.a,bbebd.a,bbebdad.a,dacif.a,,DurangoCO,CO,i.a,Colorado,ic.a
da.a,h.a,,OO,,,NibfSK,eeej.a,beigj.a,beigjad.a,,SLC,SaltLakeCityUT,,ej.a,,
ch.a,e.a,,,,OO,NegiCA,cjfb.a,,bbebdad.a,,,DurangoCO,CO,i.a,Colorado,ic.a
,e.a,cabcbcag.a,,cadgg.a,EV,Nbejcf,effe.a,bccgg.a,bccggad.a,dbefd.a,,HoustonTX,TX,ei.a,,he.a
ba.a,,cabcbcba.a,DL,,DL,NddcNB,,,bbafhad.a,dbafh.a,,,NC,,NorthCarolina,dg.a
,d.a,cabcbcaf.a,FL,,FL,NdajAT,fhe.a,,badjhaf.a,dadjh.a,,,GA,bd.a,Georgia,de.a
cb.a,,cabcbccb.a,AA,bjiaf.a,AA,,,bddad.a,bddadad.a,,MIA,,,,Florida,dd.a
ce.a,b.a,cabcbcce.a,US,cadff.a,US,,biia.a,bdcae.a,bdcaeac.a,,MCO,,,bc.a,Florida,dd.a
,b.a,cabcbcdb.a,EV,cadgg.a,EV,Nbejfc,,bdbji.a,bdbjiab.a,ddbji.a,,KansasCityMO,MO,cj.a,Missouri,ge.a
,f.a,cabcbcah.a,,caedh.a,FL,NjcdAT,cig.a,bbedd.a,,dbcjf.a,,,MI,cg.a,Michigan,ed.a
da.a,h.a,cabcbcda.a,WN,,WN,NfccSW,cjh.a,,bbfeaad.a,,ELP,ElPasoTX,TX,ei.a,,he.a
,c.a,cabcbcbi.a,EV,cadgg.a,EV,,,bbgbi.a,bbgbiac.a,dbhad.a,,NewarkNJ,,de.a,NewJersey,cb.a
bi.a,c.a,cabcbcbi.a,WN,bjdjd.a,WN,,ddih.a,bciij.a,bciijad.a,,LAS,LasVegasNV,NV,dc.a,Nevada,if.a
bd.a,e.a,,,,UA,NfhaUA,gid.a,,bdjdaac.a,dajhh.a,ORD,,IL,,Illinois,
,d.a,,MQ,cadji.a,MQ,,dfde.a,bbafh.a,bbafhad.a,dbafh.a,,,NC,dh.a,NorthCarolina,dg.a
,f.a,cabcbcbe.a,,,FL,NdfeAT,haf.a,,badjhaf.a,dadjh.a,,,GA,bd.a,Georgia,de.a
i.a,g.a,cabcbcai.a,,bjdjd.a,WN,NjcbWN,ddhb.a,bcijc.a,,dcfhf.a,LAX,LosAngelesCA,CA,g.a,California,jb.a
c.a,h.a,cabcbcac.a,WN,,WN,NgchSW,bdac.a,,bafjjae.a,dafjj.a,BHM,BirminghamAL,AL,b.a,Alabama,fb.a
f.a,,cabcbbaf.a,AA,,AA,NehfAA,,,bbcjiad.a,dabje.a,DFW,Dallas/FortWorthTX,TX,,Texas,he.a
,e.a,cabcbcca.a,,cadgg.a,EV,,ecba.a,bccgg.a,bccggad.a,dbefd.a,,HoustonTX,TX,ei.a,,he.a
bb.a,,cabcbcbb.a,DL,,,NdfhNB,,,beghjad.a,ddfha.a,SAN,SanDiegoCA,,,California,
bf.a,g.a,,,,UA,NeigUA,gce.a,,bdihbac.a,dddbg.a,OMA,OmahaNE,,,Nebraska,
bg.a,h.a,cabcbcbg.a,WN,bjdjd.a,WN,NjdeWN,dgab.a,beafh.a,,deafh.a,PDX,PortlandOR,,eb.a,Oregon,
,b.a,,MQ,,MQ,NfcfMQ,egab.a,,bcjfdac.a,dbhad.a,,NewYorkNY,,dg.a,NewYork,cc.a
,f.a,cabcbcah.a,,cadgg.a,EV,NjhcEV,fchb.a,bacai.a,,dacai.a,,,GA,bd.a,Georgia,de.a
db.a,b.a,cabcbcdb.a,US,cadff.a,US,NiacAW,ejg.a,bebah.a,bebahac.a,,PHX,PhoenixAZ,,e.a,Arizona,
ca.a,e.a,,,bjjhh.a,UA,,hjj.a,bccgg.a,bccggad.a,,IAH,HoustonTX,TX,,Texas,he.a
,c.a,,MQ,,MQ,NdAEMQ,dgae.a,,bcijcad.a,dcfhf.a,,LosAngelesCA,CA,g.a,California,jb.a
f.a,,cabcbcaf.a,DL,bjhja.a,DL,NghfMC,,bdjda.a,bdjdaac.a,dajhh.a,,,IL,,Illinois,
ch.a,,cabcbcch.a,DL,,DL,NfjeNW,,,bdeihac.a,,,MinneapolisMN,,,Minnesota,
cg.a,d.a,,UA,bjjhh.a,UA,Nhifab,bgcg.a,bbgbi.a,bbgbiac.a,,EWR,NewarkNJ,,,NewJersey,cb.a
f.a,,cabcbcaf.a,AA,,AA,NeUBAA,,,bcddjae.a,dcddh.a,IND,,IN,,Indiana,ec.a
cg.a,d.a,cabcbccg.a,US,cadff.a,US,NjefUW,bieb.a,badjh.a,,,ATL,,GA,bd.a,Georgia,de.a
,d.a,,MQ,,,NgcbMQ,deeg.a,,bfgceab.a,dbfae.a,VPS,,FL,bc.a,Florida,dd.a
db.a,,cabcbcdb.a,DL,bjhja.a,DL,NjbhDN,,bdjda.a,,,,,IL,,Illinois,
cj.a,g.a,cabcbccj.a,,,,NgdbSW,bhjg.a,,bfdaeac.a,,TPA,,FL,bc.a,Florida,dd.a
cg.a,d.a,,OO,cadae.a,OO,NiheAS,cjic.a,bebah.a,bebahac.a,,,PhoenixAZ,,e.a,Arizona,
b.a,g.a,,,bjjhh.a,UA,Nhdcid,bcah.a,bbaec.a,bbaecac.a,dageh.a,CLE,,OH,,Ohio,ee.a
bb.a,,cabcbcbb.a,DL,bjhja.a,DL,NhacTW,,bcehi.a,bcehiac.a,dbhad.a,,NewYorkNY,,,NewYork,cc.a
i.a,,cabcbbai.a,AA,,AA,NfgbAA,,,bdijbab.a,dcfhf.a,ONT,OntarioCA,,,California,
d.a,b.a,,UA,,,Nhdeag,bcdi.a,beijd.a,beijdac.a,ddbjc.a,SMF,SacramentoCA,,,California,jb.a
bc.a,,cabcbcbc.a,DL,,DL,NdhdaB,,,bdcaeac.a,dbefe.a,,OrlandoFL,,,Florida,dd.a
b.a,g.a,,,cadae.a,OO,NjdgSW,fejd.a,bdbji.a,,ddbji.a,,KansasCityMO,MO,cj.a,Missouri,ge.a
,e.a,cabcbcch.a,,cadgg.a,EV,Nbejcf,ecfj.a,bccgg.a,bccggad.a,dbefd.a,,HoustonTX,TX,ei.a,,he.a
db.a,b.a,cabcbcdb.a,US,cadff.a,US,NcaaUU,jfe.a,bbgjh.a,bbgjhad.a,,FLL,,FL,bc.a,Florida,dd.a
,c.a,cabcbcbb.a,EV,cadgg.a,EV,Nbdbgb,,bbgbi.a,bbgbiac.a,dbhad.a,,NewarkNJ,,de.a,NewJersey,cb.a
h.a,f.a,cabcbcah.a,,,US,NgcjAW,cif.a,,bebahac.a,daegg.a,PHX,PhoenixAZ,,e.a,Arizona,
bi.a,c.a,cabcbcbi.a,Bg,caeaj.a,Bg,,,bcehi.a,bcehiac.a,,JFK,NewYorkNY,,dg.a,NewYork,cc.a
bd.a,,cabcbcbd.a,DL,,DL,NdjcDA,,,beafhac.a,deafh.a,,PortlandOR,,,Oregon,
c.a,h.a,cabcbcac.a,WN,,WN,NehfWN,cehj.a,,bcefbac.a,dbbdg.a,JAX,,FL,bc.a,Florida,dd.a
ba.a,,cabcbcba.a,AA,,AA,NeWNAA,,,bbgdiae.a,dbgdi.a,FAT,FresnoCA,CA,,California,jb.a
d.a,,cabcbcad.a,DL,,DL,NdbgNB,,,bbgbiac.a,dbhad.a,,NewarkNJ,,,NewJersey,cb.a
,,,HA,bjgja.a,HA,,cag.a,bcbhd.a,bcbhdab.a,dcbde.a,,HonoluluHI,HI,bf.a,Hawaii,c.a
j.a,h.a,cabcbcaj.a,US,cadff.a,US,NghcAW,ghf.a,bbgbi.a,bbgbiac.a,dbhad.a,EWR,NewarkNJ,,de.a,NewJersey,cb.a
bf.a,,cabcbcbf.a,AA,,AA,NeffAA,,,badjhaf.a,dadjh.a,ATL,,GA,,Georgia,de.a
db.a,b.a,cabcbcdb.a,WN,bjdjd.a,,NhhdiA,bgd.a,begdf.a,begdfac.a,dbhbe.a,RSW,,FL,bc.a,Florida,
bi.a,c.a,cabcbcbi.a,AS,bjjda.a,AS,,,bacjj.a,bacjjae.a,dacjj.a,ANC,AnchorageAK,AK,,Alaska,b.a
,b.a,cabcbcbh.a,EV,cadgg.a,EV,,,bccgg.a,bccggad.a,dbefd.a,,HoustonTX,TX,ei.a,,he.a
ba.a,b.a,cabcbcba.a,WN,,,NgdcSW,dc.a,,beigjad.a,degbe.a,SLC,SaltLakeCityUT,,ej.a,,
bf.a,,cabcbcbf.a,DL,bjhja.a,DL,NjahDL,,badjh.a,,dadjh.a,,,GA,,Georgia,de.a
cd.a,h.a,cabcbccd.a,US,cadff.a,US,,bjgf.a,bdeih.a,bdeihac.a,,MSP,MinneapolisMN,,ch.a,Minnesota,
e.a,c.a,,UA,bjjhh.a,UA,Nhdcfb,bbie.a,bbchi.a,bbchiac.a,daifc.a,DCA,,VA,,Virginia,di.a
i.a,,cabcbcai.a,DL,,,NfacUS,,,bfdaeac.a,ddbjf.a,TPA,,FL,,Florida,dd.a
cf.a,c.a,,OO,cadae.a,OO,,heda.a,bebbd.a,bebbdac.a,,,PocatelloID,,bg.a,Idaho,
h.a,,cabcbcah.a,DL,,DL,NdheeF,,,bciijad.a,dccbb.a,,LasVegasNV,NV,,Nevada,if.a
be.a,,cabcbcbe.a,AA,,AA,NfdhAA,,,bcijcad.a,dcfhf.a,LAX,LosAngelesCA,CA,,California,jb.a
,f.a,cabcbcbe.a,,cadgg.a,EV,NiecAS,fdji.a,badjh.a,badjhaf.a,dadjh.a,,,GA,bd.a,Georgia,de.a
cj.a,g.a,cabcbccj.a,,bjdjd.a,WN,NhbeCB,dajc.a,bbcjc.a,bbcjcac.a,,DEN,DenverCO,CO,i.a,Colorado,ic.a
j.a,h.a,cabcbcaj.a,WN,,,NdjgSW,bddi.a,,befhaac.a,defha.a,RNO,RenoNV,,dc.a,Nevada,
bi.a,c.a,cabcbcbi.a,WN,bjdjd.a,WN,,djji.a,bdbji.a,bdbjiab.a,ddbji.a,MCI,KansasCityMO,MO,cj.a,Missouri,ge.a
ce.a,b.a,cabcbcce.a,WN,bjdjd.a,WN,,bahe.a,bahjc.a,bahjcae.a,,BUF,BuffaloNY,NY,dg.a,NewYork,cc.a
ca.a,,cabcbcca.a,DL,bjhja.a,DL,,,bbedd.a,bbeddac.a,,,,MI,,Michigan,ed.a
f.a,,cabcbcaf.a,AA,,AA,NfdhAA,,,bbafhad.a,dbafh.a,CLT,,NC,,NorthCarolina,dg.a
g.a,e.a,,,cadae.a,OO,NjigCA,gfdd.a,bccia.a,,dccia.a,,IdahoFallsID,ID,bg.a,Idaho,id.a
,c.a,,MQ,cadji.a,MQ,,edhh.a,bdjda.a,bdjdaac.a,dajhh.a,,,IL,bh.a,Illinois,
bc.a,,cabcbcbc.a,AA,,AA,NdidAA,,,bdidaac.a,ddida.a,OGG,KahuluiHI,HI,,Hawaii,
cd.a,h.a,,OO,cadae.a,OO,,ffbe.a,bdehg.a,bdehgac.a,,,MontereyCA,,g.a,California,
cd.a,h.a,cabcbccd.a,VX,cbbhb.a,,,cac.a,behhb.a,behhbab.a,,SFO,SanFranciscoCA,,g.a,California,
bh.a,b.a,cabcbcbh.a,WN,,,,bied.a,beijd.a,beijdac.a,ddbjc.a,SMF,SacramentoCA,,g.a,California,jb.a
,h.a,cabcbcda.a,FL,caedh.a,FL,NchjAT,geb.a,bciij.a,bciijad.a,dccbb.a,,LasVegasNV,NV,dc.a,Nevada,if.a
ci.a,,cabcbcci.a,DL,bjhja.a,DL,NjaiDA,,bdeih.a,,,,MinneapolisMN,,,Minnesota,
,e.a,cabcbcca.a,,,,,fdee.a,bfdcd.a,bfdcdac.a,dfdcd.a,TRI,Bristol/JohnsonCity/KingsportTN,TN,eh.a,Tennessee,fe.a
cg.a,d.a,cabcbccg.a,WN,,,NegcWN,eghj.a,,behhbab.a,,SFO,SanFranciscoCA,CA,g.a,California,
h.a,f.a,,,,OO,NfejCA,efei.a,,bdeihac.a,dbgfa.a,,MinneapolisMN,,ch.a,Minnesota,
bh.a,b.a,cabcbcbh.a,WN,bjdjd.a,WN,,ddeh.a,bbcjc.a,bbcjcac.a,dadcf.a,DEN,DenverCO,CO,i.a,Colorado,ic.a
j.a,h.a,cabcbcaj.a,WN,bjdjd.a,WN,NcccWN,chfh.a,bcdjb.a,bcdjbac.a,dbhad.a,ISP,IslipNY,NY,dg.a,NewYork,cc.a
bg.a,h.a,,UA,bjjhh.a,UA,,bgij.a,bafcj.a,bafcjae.a,dafcj.a,BDL,HartfordCT,CT,,Connecticut,bb.a
,c.a,cabcbccf.a,EV,cadgg.a,EV,,,bedcb.a,bedcbad.a,dedcb.a,,PortlandME,,cd.a,Maine,
h.a,f.a,cabcbcah.a,,,US,NefhUW,bjce.a,,bbafhad.a,dbafh.a,CLT,,NC,dh.a,NorthCarolina,dg.a
i.a,g.a,cabcbcai.a,,bjdjd.a,WN,NcbfWN,cjcd.a,baiaa.a,baiaaad.a,dcfhf.a,BUR,BurbankCA,CA,g.a,California,jb.a
cf.a,c.a,cabcbccf.a,WN,bjdjd.a,WN,,bgej.a,bacfh.a,bacfhac.a,,ALB,AlbanyNY,NY,dg.a,NewYork,cc.a
cg.a,d.a,,OO,cadae.a,OO,NhbdSK,fged.a,bdcge.a,bdcgead.a,,,MedfordOR,,eb.a,Oregon,jc.a
bh.a,,cabcbcbh.a,DL,bjhja.a,DL,,,bdeih.a,bdeihac.a,dbgfa.a,,MinneapolisMN,,,Minnesota,
,h.a,cabcbcac.a,FL,caedh.a,FL,NjecAT,ei.a,badjh.a,,dadjh.a,,,GA,bd.a,Georgia,de.a
cg.a,,cabcbccg.a,AA,,AA,NfEDAA,,,bcijcad.a,,LAX,LosAngelesCA,CA,,California,jb.a
,e.a,cabcbcca.a,,caedh.a,FL,,caj.a,baicb.a,baicbad.a,daifc.a,,,MD,ce.a,Maryland,df.a
bi.a,c.a,cabcbcbi.a,US,cadff.a,US,,jia.a,bbafh.a,bbafhad.a,dbafh.a,CLT,,NC,dh.a,NorthCarolina,dg.a
be.a,,cabcbcbe.a,DL,,DL,NdfiNB,,,bcehiac.a,dbhad.a,,NewYorkNY,,,NewYork,cc.a
,h.a,,MQ,cadji.a,MQ,,ecib.a,bdjda.a,bdjdaac.a,dajhh.a,,,IL,bh.a,Illinois,
bg.a,h.a,cabcbcbg.a,Bg,,,,,behhb.a,behhbab.a,dcefh.a,SFO,SanFranciscoCA,CA,g.a,California,
h.a,f.a,,,,UA,NeheUA,fej.a,,bdjdaac.a,dajhh.a,ORD,,IL,,Illinois,
d.a,,cabcbcad.a,AA,,,NfEHAA,,,beiedad.a,deibj.a,SJU,SanJuanPR,PR,,PuertoRico,
ci.a,f.a,,,,,NfhiSW,gdfj.a,,behhbab.a,,SFO,SanFranciscoCA,CA,g.a,California,
,b.a,cabcbcbh.a,EV,cadgg.a,EV,,,bccgg.a,bccggad.a,dbefd.a,,HoustonTX,TX,ei.a,,he.a
,f.a,cabcbcbe.a,,,FL,NdajAT,ecj.a,,badjhaf.a,dadjh.a,,,GA,bd.a,Georgia,de.a
g.a,e.a,cabcbcag.a,,,US,NeagUS,bjeg.a,,bbafhad.a,dbafh.a,CLT,,NC,dh.a,NorthCarolina,dg.a
db.a,b.a,,UA,,UA,NeacUA,dfc.a,,bccggad.a,dbefd.a,IAH,HoustonTX,TX,,Texas,he.a
bh.a,,cabcbcbh.a,AA,bjiaf.a,AA,,,bahcb.a,bahcbac.a,dahcb.a,BOS,BostonMA,MA,,Massachusetts,bd.a
,h.a,cabcbcbg.a,EV,cadgg.a,EV,,,babif.a,babifac.a,dabif.a,,AlexandriaLA,LA,cc.a,Louisiana,hc.a
ba.a,b.a,,OO,cadae.a,OO,NiajCA,eidf.a,bdeih.a,bdeihac.a,dbgfa.a,,MinneapolisMN,,ch.a,Minnesota,
,f.a,cabcbcci.a,,caedg.a,Fj,NjfdFR,hjg.a,beafh.a,,deafh.a,,PortlandOR,,eb.a,Oregon,
cg.a,,cabcbccg.a,AA,,AA,NeijAA,,,bbcjiad.a,,DFW,Dallas/FortWorthTX,TX,,Texas,he.a
,c.a,cabcbcbb.a,EV,,,NihiAS,,behid.a,behidac.a,dehid.a,SGF,SpringfieldMO,MO,cj.a,Missouri,
ca.a,e.a,cabcbcca.a,,cadff.a,US,,efg.a,bebah.a,bebahac.a,,PHX,PhoenixAZ,,e.a,Arizona,
ce.a,,cabcbcce.a,DL,bjhja.a,DL,,,bbgjh.a,bbgjhad.a,,,FortLauderdaleFL,FL,,Florida,dd.a
be.a,f.a,cabcbcbe.a,,,WN,NcjiWN,cafi.a,,bbcjcac.a,dadcf.a,DEN,DenverCO,CO,i.a,Colorado,ic.a
e.a,,cabcbcae.a,DL,,DL,NgbhDL,,,bbchiac.a,daifc.a,,,VA,,Virginia,di.a
cb.a,,cabcbccb.a,AS,bjjda.a,AS,,,bcjic.a,bcjicac.a,,LIH,LihueHI,HI,,Hawaii,c.a
,b.a,,MQ,cadji.a,MQ,,dfhe.a,bddad.a,bddadad.a,dcegh.a,,MiamiFL,,bc.a,Florida,dd.a
b.a,g.a,,UA,,,Ndjebf,bcdi.a,,beijdac.a,ddbjc.a,SMF,SacramentoCA,,,California,jb.a
ci.a,,cabcbcci.a,DL,bjhja.a,DL,NgiiDL,,badjh.a,badjhaf.a,,,,GA,,Georgia,de.a
j.a,h.a,,OO,cadae.a,OO,NcjeSW,ffbg.a,,bbgdiae.a,dbgdi.a,,FresnoCA,CA,g.a,California,jb.a
f.a,d.a,cabcbcaf.a,US,cadff.a,US,NhddUW,cade.a,bbchi.a,bbchiac.a,daifc.a,DCA,,VA,fb.a,,di.a
,d.a,,MQ,cadji.a,MQ,NgfcMQ,decc.a,bddec.a,bddecaf.a,dddec.a,,MilwaukeeWI,,ff.a,,
,h.a,cabcbcac.a,FL,caedh.a,FL,NjdcAT,hb.a,badjh.a,,dadjh.a,,,GA,bd.a,Georgia,de.a
bf.a,g.a,cabcbcbf.a,,bjdjd.a,WN,NhbjSW,dfce.a,bcijc.a,bcijcad.a,dcfhf.a,LAX,LosAngelesCA,CA,g.a,California,jb.a
bg.a,,cabcbcbg.a,DL,bjhja.a,DL,NjaaPC,,baecd.a,baecdac.a,daecd.a,,AustinTX,TX,,Texas,he.a
bb.a,c.a,cabcbcbb.a,US,cadff.a,US,NgeeAW,fei.a,beafh.a,beafhac.a,deafh.a,PDX,PortlandOR,,eb.a,Oregon,
bj.a,d.a,,OO,cadae.a,,,gebc.a,begid.a,begidad.a,,SAT,SanAntonioTX,,ei.a,,
cd.a,h.a,cabcbccd.a,Bg,caeaj.a,Bg,,,bcbjh.a,bcbjhac.a,,HPN,WhitePlainsNY,NY,dg.a,NewYork,cc.a
,e.a,cabcbcag.a,,cadgg.a,EV,Nebbae,eajh.a,,bccggad.a,dbefd.a,,HoustonTX,TX,ei.a,,he.a
,b.a,cabcbcba.a,EV,cadgg.a,EV,Nbcbgh,,bbecd.a,bbecdad.a,dbecd.a,,DesMoinesIA,IA,bj.a,Iowa,gb.a
bf.a,g.a,cabcbcbf.a,US,cadff.a,US,NfdeUW,gfe.a,,bebccac.a,dabji.a,PIT,PittsburghPA,,ec.a,Pennsylvania,
i.a,,cabcbcai.a,DL,bjhja.a,DL,NjgaDL,,badjh.a,,dadjh.a,,,GA,,Georgia,de.a
,g.a,cabcbcbf.a,FL,caedh.a,FL,NjfaAT,eih.a,beejc.a,,deejc.a,,,,dh.a,NorthCarolina,
bc.a,d.a,cabcbcbc.a,WN,bjdjd.a,WN,NhggSW,iif.a,bagjd.a,bagjdac.a,dagjd.a,BNA,NashvilleTN,,eh.a,Tennessee,fe.a
ci.a,f.a,cabcbcci.a,,caeaj.a,,NhbcJB,eji.a,beheh.a,behehad.a,,SEA,SeattleWA,WA,fd.a,,
bb.a,c.a,cabcbcbb.a,Bg,caeaj.a,Bg,NddhJB,,,bahcbac.a,dahcb.a,BOS,BostonMA,MA,cf.a,Massachusetts,bd.a
cc.a,g.a,,OO,cadae.a,OO,,fddb.a,bbgad.a,bbgadac.a,,,EugeneOR,OR,eb.a,Oregon,jc.a
g.a,e.a,cabcbcag.a,,cbbhb.a,,NfccVA,bc.a,,behhbab.a,dcefh.a,SFO,SanFranciscoCA,CA,g.a,California,
,e.a,,,cadji.a,MQ,NgbdMQ,dfeg.a,,bbafhad.a,dbafh.a,,,NC,dh.a,NorthCarolina,dg.a
da.a,h.a,cabcbcda.a,WN,bjdjd.a,WN,NhfcSW,hgf.a,baicb.a,baicbad.a,,BWI,,MD,ce.a,Maryland,df.a
c.a,,cabcbcac.a,AA,bjiaf.a,AA,NfhiAA,,,bbcjiad.a,dabje.a,DFW,Dallas/FortWorthTX,TX,,Texas,he.a
bb.a,,cabcbcbb.a,AA,bjiaf.a,AA,NehhAA,,,bbbajac.a,dabij.a,COS,ColoradoSpringsCO,CO,,Colorado,ic.a
,c.a,,MQ,cadji.a,MQ,NhddMQ,ddfj.a,bcijb.a,bcijbac.a,dcijb.a,,Lawton/FortSillOK,OK,ea.a,Oklahoma,hd.a
bj.a,,cabcbcbj.a,AA,bjiaf.a,AA,,,bccge.a,bccgeac.a,,IAD,,VA,,Virginia,di.a
h.a,,cabcbcah.a,DL,bjhja.a,DL,NjhaDL,,bagjd.a,,dagjd.a,,NashvilleTN,,,Tennessee,fe.a
da.a,h.a,,UA,bjjhh.a,UA,NehdUA,djc.a,,bdcaeac.a,,MCO,OrlandoFL,,,Florida,dd.a
bg.a,h.a,,UA,bjjhh.a,UA,,bghj.a,bccge.a,bccgeac.a,daifc.a,IAD,,VA,,Virginia,di.a
c.a,h.a,,OO,cadae.a,OO,NjdjSW,ffah.a,beejc.a,,deejc.a,,,,dh.a,NorthCarolina,
j.a,h.a,cabcbcaj.a,WN,bjdjd.a,WN,NjdcWN,bbgh.a,bciij.a,,dccbb.a,LAS,LasVegasNV,NV,dc.a,Nevada,if.a
d.a,b.a,cabcbcad.a,WN,bjdjd.a,,NcjaWN,hge.a,beghj.a,beghjad.a,ddfha.a,SAN,SanDiegoCA,,g.a,California,
,h.a,,MQ,cadji.a,MQ,NiceMQ,eada.a,bcchi.a,bcchiac.a,dajci.a,,WichitaKS,KS,ca.a,Kansas,gc.a
cd.a,h.a,,OO,,,,cgdj.a,beidb.a,beidbad.a,,SJC,SanJoseCA,CA,g.a,California,
bj.a,d.a,cabcbcbj.a,YV,cadhi.a,YV,,cgjc.a,bbafh.a,bbafhad.a,,CLT,,NC,dh.a,NorthCarolina,dg.a
,b.a,cabcbcad.a,EV,,,Nbbbie,,bfabg.a,bfabgad.a,dbbcd.a,STL,St.LouisMO,MO,cj.a,Missouri,ge.a
,c.a,cabcbcbb.a,EV,cadgg.a,EV,Nbdjbd,,bdcjg.a,bdcjgae.a,dahcb.a,,ManchesterNH,,dd.a,NewHampshire,be.a
be.a,,cabcbcbe.a,DL,bjhja.a,,NdbfUS,,,bfdaeac.a,ddbjf.a,TPA,TampaFL,FL,,Florida,dd.a
bj.a,d.a,,UA,bjjhh.a,UA,,ch.a,bccge.a,bccgeac.a,,IAD,,VA,,Virginia,di.a
ca.a,e.a,,,,,,ffhe.a,behhb.a,behhbab.a,,SFO,SanFranciscoCA,CA,g.a,California,
,b.a,cabcbcba.a,FL,caedh.a,FL,NchiAT,chi.a,bbcjc.a,bbcjcac.a,dadcf.a,,DenverCO,CO,i.a,Colorado,ic.a
ch.a,e.a,cabcbcch.a,,caeaj.a,Bg,NfbaJB,jdj.a,,bafcjae.a,,BDL,HartfordCT,CT,j.a,Connecticut,bb.a
da.a,h.a,cabcbcda.a,WN,bjdjd.a,WN,NdffSW,baai.a,,baecdac.a,,AUS,AustinTX,TX,ei.a,,he.a
bh.a,b.a,,UA,bjjhh.a,UA,,fgf.a,bccgg.a,bccggad.a,dbefd.a,IAH,HoustonTX,TX,,Texas,he.a
ci.a,f.a,cabcbcci.a,,bjdjd.a,WN,NcghWN,dfga.a,bbcfj.a,bbcfjad.a,,DAL,DallasTX,TX,ei.a,,he.a
ba.a,b.a,cabcbcba.a,WN,bjdjd.a,,NjadWN,jab.a,beejc.a,beejcac.a,deejc.a,RDU,,,dh.a,NorthCarolina,
,c.a,cabcbcbb.a,EV,cadgg.a,EV,Nbebfd,,bccgg.a,bccggad.a,dbefd.a,,HoustonTX,TX,ei.a,,he.a
,e.a,,,cadji.a,MQ,,ddig.a,bbaad.a,bbaadad.a,dbaad.a,,CedarRapids/IowaCityIA,IA,bj.a,Iowa,gb.a
g.a,,cabcbcag.a,AA,bjiaf.a,,NeXKAA,,,bfdhgac.a,daedg.a,TUS,TucsonAZ,AZ,,Arizona,ib.a
e.a,c.a,cabcbcae.a,WN,bjdjd.a,WN,NgejSW,badh.a,bdcae.a,bdcaeac.a,dbefe.a,MCO,OrlandoFL,,bc.a,Florida,dd.a
cc.a,g.a,cabcbccc.a,WN,bjdjd.a,WN,,ebbi.a,beafh.a,beafhac.a,,PDX,PortlandOR,,eb.a,Oregon,
bf.a,,cabcbcbf.a,AS,bjjda.a,,NhadAS,,behhb.a,behhbab.a,dcefh.a,SFO,SanFranciscoCA,CA,,California,
be.a,f.a,cabcbcbe.a,,bjdjd.a,WN,NcfbWN,gif.a,bdcae.a,bdcaeac.a,dbefe.a,MCO,OrlandoFL,,bc.a,Florida,dd.a
,e.a,cabcbcca.a,,cadgg.a,EV,,fiie.a,bdjda.a,bdjdaac.a,dajhh.a,,,IL,bh.a,Illinois,
i.a,g.a,,OO,cadae.a,,NehhCA,ehfd.a,,beigjad.a,degbe.a,SLC,SaltLakeCityUT,,ej.a,,
,e.a,,,cadji.a,MQ,,cihd.a,bbcji.a,bbcjiad.a,dabje.a,,Dallas/FortWorthTX,TX,ei.a,,he.a
cb.a,,cabcbccb.a,DL,bjhja.a,DL,,,bbgjh.a,bbgjhad.a,,FLL,FortLauderdaleFL,FL,,Florida,dd.a
i.a,g.a,cabcbcai.a,Bg,caeaj.a,Bg,NhhjJB,,bcijc.a,bcijcad.a,dcfhf.a,LAX,LosAngelesCA,CA,g.a,California,jb.a
cj.a,g.a,cabcbccj.a,US,cadff.a,US,NhgiUS,bbhb.a,bbafh.a,bbafhad.a,,CLT,,NC,dh.a,NorthCarolina,dg.a
ce.a,,cabcbcce.a,AA,bjiaf.a,AA,,,bbcji.a,bbcjiad.a,,DFW,Dallas/FortWorthTX,TX,,Texas,he.a
,b.a,,MQ,cadji.a,MQ,,eehe.a,bbchi.a,bbchiac.a,daifc.a,,,VA,fb.a,,di.a
ch.a,e.a,,,cadae.a,OO,NhgcSK,gcfg.a,becgc.a,becgcac.a,,,PalmSpringsCA,,g.a,California,
bg.a,h.a,,OO,cadae.a,OO,NjhaSW,fcei.a,bbaec.a,,dageh.a,,,OH,dj.a,Ohio,ee.a
bg.a,h.a,,UA,bjjhh.a,,NeihUA,dfe.a,,beghjad.a,ddfha.a,SAN,SanDiegoCA,,,California,
db.a,,cabcbcdb.a,AA,bjiaf.a,AA,NfBSAA,,,bddadad.a,,MIA,MiamiFL,,,Florida,dd.a
bd.a,,cabcbcbd.a,AA,bjiaf.a,AA,NdFAAA,,,bddadad.a,dcegh.a,MIA,MiamiFL,,,Florida,dd.a
c.a,h.a,cabcbcac.a,WN,bjdjd.a,WN,NjggWN,dhde.a,bbcfj.a,,dabje.a,DAL,DallasTX,TX,ei.a,,he.a
,h.a,cabcbcbg.a,EV,cadgg.a,EV,Nbdjfi,,bbgbi.a,bbgbiac.a,dbhad.a,,NewarkNJ,,de.a,NewJersey,cb.a
i.a,g.a,cabcbcai.a,Bg,caeaj.a,Bg,NcdgJB,,bcefb.a,bcefbac.a,dbbdg.a,JAX,JacksonvilleFL,FL,bc.a,Florida,dd.a
,f.a,,,cadji.a,MQ,NgjdMQ,cjac.a,bbcji.a,bbcjiad.a,dabje.a,,Dallas/FortWorthTX,TX,ei.a,,he.a
bd.a,,cabcbcbd.a,AA,bjiaf.a,AA,NfgjAA,,,bdcfgac.a,ddcfg.a,MFE,Mission/McAllen/EdinburgTX,,,Texas,he.a
h.a,f.a,cabcbcah.a,,caeaj.a,Bg,NgdjJB,chj.a,,bciijad.a,dccbb.a,LAS,LasVegasNV,NV,dc.a,Nevada,if.a
,b.a,cabcbcba.a,EV,cadgg.a,EV,Nbdjge,,bbaec.a,bbaecac.a,dageh.a,,,OH,dj.a,Ohio,ee.a
i.a,g.a,cabcbcai.a,WN,bjdjd.a,WN,NhfbSW,dada.a,bciij.a,bciijad.a,dccbb.a,LAS,LasVegasNV,NV,dc.a,Nevada,if.a
,h.a,,FL,caedh.a,FL,,cha.a,bbchi.a,bbchiac.a,daifc.a,,,VA,fb.a,,di.a
,b.a,cabcbcdb.a,EV,,,Nbgfcf,,beibe.a,beibeac.a,daehg.a,SHV,ShreveportLA,LA,cc.a,Louisiana,
,f.a,,,caedh.a,FL,NjcgAT,ceg.a,bbagg.a,,dbagg.a,,,OH,dj.a,Ohio,ee.a
bi.a,c.a,cabcbcbi.a,WN,,,,ddgc.a,beijd.a,beijdac.a,ddbjc.a,SMF,SacramentoCA,,g.a,California,jb.a
,e.a,cabcbcch.a,,cadgg.a,EV,Nbhbdi,fjbg.a,bdjda.a,bdjdaac.a,dajhh.a,,,IL,bh.a,Illinois,
,b.a,cabcbcba.a,EV,cadgg.a,EV,Nbbfeh,,bdjda.a,bdjdaac.a,dajhh.a,,,IL,bh.a,Illinois,
ci.a,,cabcbcci.a,DL,bjhja.a,DL,NjacDA,,badjh.a,badjhaf.a,,,,GA,,Georgia,de.a
bf.a,,cabcbcbf.a,DL,bjhja.a,DL,NbdgDL,,bcijc.a,bcijcad.a,dcfhf.a,,LosAngelesCA,CA,,California,jb.a
,d.a,cabcbcaf.a,,cadgg.a,EV,NgahLR,fbbf.a,,badjhaf.a,dadjh.a,,,GA,bd.a,Georgia,de.a
bf.a,g.a,cabcbcbf.a,WN,bjdjd.a,WN,NeagWN,dbbj.a,,bcijcad.a,dcfhf.a,LAX,LosAngelesCA,CA,g.a,California,jb.a
cj.a,,cabcbccj.a,DL,bjhja.a,DL,NfdbUS,,,badjhaf.a,,,,GA,,Georgia,de.a
bc.a,d.a,,,cadae.a,OO,NjcgSW,geji.a,bbcjc.a,,dadcf.a,,DenverCO,CO,i.a,Colorado,ic.a
ba.a,b.a,,OO,cadae.a,OO,NgaeSK,eefb.a,,bcijcad.a,dcfhf.a,,LosAngelesCA,CA,g.a,California,jb.a
,c.a,cabcbccf.a,EV,cadgg.a,EV,,,badjh.a,badjhaf.a,dadjh.a,,,GA,bd.a,Georgia,de.a
ca.a,e.a,,,bjjhh.a,UA,,deh.a,baicb.a,baicbad.a,,BWI,,MD,,Maryland,df.a
ca.a,e.a,cabcbcca.a,,cadhi.a,YV,,cgaj.a,bbafh.a,bbafhad.a,,CLT,,NC,dh.a,NorthCarolina,dg.a
,b.a,cabcbcba.a,EV,cadgg.a,EV,Nbffhe,,bccge.a,bccgeac.a,daifc.a,,,VA,fb.a,,di.a
bg.a,h.a,,OO,cadae.a,,,ffbf.a,beghj.a,beghjad.a,ddfha.a,SAN,SanDiegoCA,,g.a,California,
,h.a,cabcbccd.a,EV,cadgg.a,EV,,,bbgbi.a,bbgbiac.a,dbhad.a,,NewarkNJ,,de.a,NewJersey,cb.a
cf.a,c.a,,OO,cadae.a,,,cgae.a,begij.a,begijac.a,,SBA,SantaBarbaraCA,CA,g.a,California,
bh.a,,cabcbcbh.a,AA,,,,,beidb.a,beidbad.a,dcefh.a,SJC,SanJoseCA,CA,,California,
,f.a,cabcbccb.a,,cadgg.a,EV,,ecga.a,bccgg.a,bccggad.a,dbefd.a,,HoustonTX,TX,ei.a,,he.a
ch.a,e.a,cabcbcch.a,,bjdjd.a,WN,NeebWN,ehff.a,,bbgbiac.a,,EWR,NewarkNJ,,de.a,NewJersey,cb.a
,g.a,cabcbcai.a,EV,cadgg.a,EV,Nbgjbi,,bdjda.a,bdjdaac.a,dajhh.a,,,IL,bh.a,Illinois,
d.a,,cabcbcad.a,AA,bjiaf.a,AA,NdCUAA,,,bdjdaac.a,dajhh.a,ORD,,IL,,Illinois,
j.a,h.a,,OO,cadae.a,OO,NhhbSK,gbjb.a,bafgb.a,bafgbad.a,dafgb.a,,BakersfieldCA,CA,g.a,California,jb.a
,b.a,,MQ,,MQ,NjdbMQ,ddbi.a,bejfc.a,,dejfc.a,,,IL,bh.a,Illinois,eb.a
ce.a,,cabcbcce.a,DL,bjhja.a,DL,,,badjh.a,badjhaf.a,,,,GA,,Georgia,de.a
cg.a,d.a,cabcbccg.a,,,,NhfhLV,eeei.a,bfabg.a,bfabgad.a,,STL,St.LouisMO,MO,cj.a,Missouri,ge.a
,h.a,cabcbcbg.a,EV,cadgg.a,EV,,,bdjda.a,bdjdaac.a,dajhh.a,,,IL,bh.a,Illinois,
,f.a,cabcbccb.a,,cadgg.a,EV,,edcd.a,bcchi.a,bcchiac.a,dajci.a,,WichitaKS,KS,ca.a,Kansas,gc.a
db.a,b.a,,UA,bjjhh.a,UA,Ncajae,bcej.a,bdjda.a,bdjdaac.a,,ORD,,IL,,Illinois,
,d.a,cabcbcbc.a,,caedg.a,Fj,NjbiFR,cdc.a,bbcjc.a,,dadcf.a,,DenverCO,CO,i.a,Colorado,ic.a
bb.a,c.a,cabcbcbb.a,WN,bjdjd.a,WN,NedjWN,idd.a,,bbiieac.a,dbiie.a,GEG,SpokaneWA,WA,fd.a,,jd.a
da.a,h.a,cabcbcda.a,US,cadff.a,US,NjfeUW,jfd.a,bebaa.a,,,PHL,PhiladelphiaPA,,ec.a,Pennsylvania,
cf.a,c.a,cabcbccf.a,WN,bjdjd.a,WN,,cge.a,bcijc.a,bcijcad.a,,LAX,LosAngelesCA,CA,g.a,California,jb.a
j.a,,cabcbcaj.a,AA,bjiaf.a,AA,NdGXAA,,,bddadad.a,dcegh.a,MIA,MiamiFL,,,Florida,dd.a
,d.a,,,caedh.a,FL,NbhgAT,fhe.a,badjh.a,badjhaf.a,dadjh.a,,,GA,bd.a,Georgia,de.a
cj.a,g.a,cabcbccj.a,WN,bjdjd.a,WN,NchiWN,bjjd.a,bafcj.a,bafcjae.a,,BDL,HartfordCT,CT,j.a,Connecticut,bb.a
cd.a,h.a,cabcbccd.a,WN,bjdjd.a,WN,,cjdi.a,bbbea.a,bbbeaac.a,,CRP,CorpusChristiTX,TX,ei.a,,he.a
,e.a,,,caedh.a,FL,NjheAT,ebj.a,bdcdc.a,,dajhh.a,,,IL,bh.a,Illinois,eb.a
b.a,,cabcbcab.a,DL,bjhja.a,DL,NjaeDE,,bdjda.a,bdjdaac.a,dajhh.a,,,IL,,Illinois,
f.a,d.a,cabcbcaf.a,,cadff.a,US,NefdUW,bjjg.a,,bbafhad.a,dbafh.a,CLT,,NC,dh.a,NorthCarolina,dg.a
,h.a,cabcbcac.a,EV,cadgg.a,EV,Nbcbgd,,bccbh.a,bccbhac.a,dacff.a,,HuntsvilleAL,AL,b.a,Alabama,fb.a
cf.a,,cabcbccf.a,DL,bjhja.a,DL,,,bbedd.a,bbeddac.a,,,,MI,,Michigan,ed.a
j.a,h.a,cabcbcaj.a,WN,bjdjd.a,WN,NdejSW,dhad.a,,bbcfjad.a,dabje.a,DAL,DallasTX,TX,ei.a,,he.a
ch.a,e.a,cabcbcch.a,,caeaj.a,,NfgiJB,bdc.a,,begdfac.a,,RSW,FortMyersFL,FL,bc.a,Florida,
h.a,,cabcbcah.a,DL,bjhja.a,DL,NghjDA,,badjh.a,badjhaf.a,dadjh.a,,,GA,,Georgia,de.a
,g.a,cabcbccj.a,EV,cadgg.a,EV,NjbeEV,,bahdb.a,,dahdb.a,,,GA,bd.a,Georgia,de.a
ci.a,f.a,,,cadae.a,OO,NiijAS,cjhb.a,bbebd.a,bbebdad.a,,,DurangoCO,CO,i.a,Colorado,ic.a
be.a,f.a,,,,,NiagSK,eghb.a,beigj.a,beigjad.a,degbe.a,SLC,SaltLakeCityUT,,ej.a,,
,f.a,,,cadji.a,MQ,NibcMQ,eacj.a,badgb.a,badgbac.a,dadgb.a,,WatertownNY,NY,dg.a,NewYork,cc.a
,b.a,cabcbcce.a,EV,cadgg.a,EV,,,bccgg.a,bccggad.a,dbefd.a,,HoustonTX,TX,ei.a,,he.a
cd.a,,cabcbccd.a,AS,bjjda.a,AS,,,bcbhd.a,bcbhdab.a,,HNL,HonoluluHI,HI,,Hawaii,c.a
,h.a,,MQ,cadji.a,MQ,NjdjMQ,cjbg.a,bbcji.a,,dabje.a,,Dallas/FortWorthTX,TX,ei.a,,he.a
bi.a,,cabcbcbi.a,AA,bjiaf.a,AA,,,bddad.a,bddadad.a,dcegh.a,MIA,MiamiFL,,,Florida,dd.a
ce.a,,cabcbcce.a,AA,bjiaf.a,AA,,,bahcb.a,bahcbac.a,,BOS,BostonMA,MA,,Massachusetts,bd.a
h.a,f.a,cabcbcah.a,,,WN,NjfcWN,cihj.a,beigj.a,,degbe.a,SLC,SaltLakeCityUT,,ej.a,,
be.a,f.a,cabcbcbe.a,,cadff.a,US,NhfaUW,cacj.a,bahcb.a,bahcbac.a,dahcb.a,BOS,BostonMA,MA,cf.a,Massachusetts,bd.a
bc.a,,cabcbcbc.a,AA,bjiaf.a,AA,NdAMAA,,,bdjdaac.a,dajhh.a,ORD,,IL,,Illinois,
,h.a,cabcbcda.a,FL,caedh.a,FL,NjifAT,djf.a,bdcae.a,,dbefe.a,,OrlandoFL,,bc.a,Florida,dd.a
cg.a,,cabcbccg.a,AA,bjiaf.a,AA,NfgfAA,,,bdjdaac.a,,ORD,,IL,,Illinois,
,f.a,cabcbcah.a,,caedh.a,FL,NjcdAT,fea.a,bddec.a,,dddec.a,,MilwaukeeWI,,ff.a,,ef.a
bd.a,e.a,cabcbcbd.a,,bjdjd.a,WN,NhdaSW,bdb.a,bebah.a,bebahac.a,daegg.a,PHX,PhoenixAZ,,e.a,Arizona,
bh.a,,cabcbcbh.a,AA,bjiaf.a,AA,,,bbcji.a,bbcjiad.a,dabje.a,DFW,Dallas/FortWorthTX,TX,,Texas,he.a
,d.a,,,,,,diii.a,bfjbj.a,bfjbjac.a,dbide.a,XNA,FayettevilleAR,AR,f.a,Arkansas,hb.a
j.a,,cabcbcaj.a,DL,bjhja.a,DL,NdcgUS,,,bahcbac.a,dahcb.a,,BostonMA,MA,,Massachusetts,bd.a
ca.a,,cabcbcca.a,DL,bjhja.a,DL,,,bcehi.a,bcehiac.a,,,NewYorkNY,,,NewYork,cc.a
bf.a,g.a,,UA,bjjhh.a,,Ndhchh,bfej.a,,behhbab.a,dcefh.a,SFO,SanFranciscoCA,CA,,California,
bb.a,c.a,cabcbcbb.a,US,cadff.a,US,NgcbAW,eah.a,,bebahac.a,daegg.a,PHX,PhoenixAZ,,e.a,Arizona,
,f.a,cabcbcah.a,,caedh.a,FL,NdeeAT,cjc.a,,bbgjhad.a,dcegh.a,,FortLauderdaleFL,FL,bc.a,Florida,dd.a
d.a,b.a,,OO,cadae.a,OO,NeadSW,ffdd.a,,bbcjcac.a,dadcf.a,,DenverCO,CO,i.a,Colorado,ic.a
g.a,e.a,,,cadae.a,,NeebSW,ehdd.a,,beigjad.a,degbe.a,SLC,SaltLakeCityUT,,ej.a,,
db.a,b.a,,OO,cadae.a,OO,NeeiSW,hdic.a,,bbbccac.a,,,CasperWY,WY,fg.a,,ii.a
,c.a,cabcbcbi.a,EV,cadgg.a,EV,,,badjh.a,badjhaf.a,dadjh.a,,,GA,bd.a,Georgia,de.a
j.a,h.a,,UA,bjjhh.a,UA,NeidUA,efh.a,,bdcaeac.a,dbefe.a,MCO,OrlandoFL,,,Florida,dd.a
,d.a,cabcbccg.a,,,,Nbebii,efbh.a,bfdha.a,bfdhaac.a,degfd.a,TUL,TulsaOK,OK,ea.a,Oklahoma,hd.a
,c.a,cabcbcae.a,EV,cadgg.a,EV,Nbgbhi,,bccgg.a,bccggad.a,dbefd.a,,HoustonTX,TX,ei.a,,he.a
bf.a,,cabcbcbf.a,DL,,,NhchTW,,beigj.a,beigjad.a,degbe.a,SLC,SaltLakeCityUT,,ej.a,,
,f.a,,,,MQ,NjajMQ,dcfi.a,beiec.a,,deiec.a,,SanAngeloTX,,ei.a,,
,g.a,cabcbcab.a,FL,caedh.a,FL,NddaAT,fhh.a,,bbgjhad.a,dcegh.a,,FortLauderdaleFL,FL,bc.a,Florida,dd.a
j.a,h.a,cabcbcaj.a,VX,cbbhb.a,VX,NieeVA,dfh.a,bahcb.a,bahcbac.a,dahcb.a,BOS,BostonMA,MA,cf.a,Massachusetts,bd.a
e.a,,cabcbcae.a,AA,bjiaf.a,AA,NfjcAA,,,bbcjiad.a,dabje.a,DFW,Dallas/FortWorthTX,TX,,Texas,he.a
bj.a,d.a,cabcbcbj.a,,bjdjd.a,WN,,gcb.a,bdcdc.a,bdcdcac.a,,MDW,,IL,bh.a,Illinois,eb.a
j.a,h.a,,OO,cadae.a,OO,NhbdSK,fbjd.a,bccgg.a,bccggad.a,dbefd.a,,HoustonTX,TX,ei.a,,he.a
,g.a,,MQ,cadji.a,MQ,NfaaMQ,dghe.a,,bbcjcac.a,dadcf.a,,DenverCO,CO,i.a,Colorado,ic.a
,d.a,,,cadji.a,MQ,NggaMQ,edib.a,bbbjd.a,bbbjdac.a,ddbaf.a,,CincinnatiOH,KY,cb.a,Kentucky,fc.a
j.a,h.a,cabcbcaj.a,Bg,caeaj.a,,NfhbJB,,,beghjad.a,ddfha.a,SAN,SanDiegoCA,,g.a,California,
,g.a,,MQ,cadji.a,MQ,NghhMQ,cibf.a,bbcji.a,bbcjiad.a,dabje.a,,Dallas/FortWorthTX,TX,ei.a,,he.a
h.a,,cabcbcah.a,AA,bjiaf.a,AA,NdANAA,,,bbcjiad.a,dabje.a,DFW,Dallas/FortWorthTX,TX,,Texas,he.a
cj.a,g.a,cabcbccj.a,WN,bjdjd.a,WN,NghaSW,bdbc.a,bbaec.a,bbaecac.a,,CLE,,OH,dj.a,Ohio,ee.a
ce.a,b.a,,OO,cadae.a,OO,,deii.a,beafh.a,beafhac.a,,,PortlandOR,,eb.a,Oregon,
f.a,d.a,cabcbcaf.a,,caeaj.a,Bg,NffgJB,bib.a,,bcehiac.a,dbhad.a,JFK,NewYorkNY,,dg.a,NewYork,cc.a
bi.a,c.a,,OO,cadae.a,OO,,fdcc.a,bbicd.a,bbicdae.a,dbicd.a,,,IN,bi.a,Indiana,ec.a
bc.a,d.a,cabcbcbc.a,,bjdjd.a,WN,NcccWN,bij.a,bbcjc.a,bbcjcac.a,dadcf.a,DEN,DenverCO,CO,i.a,Colorado,ic.a
bd.a,e.a,,,cadae.a,OO,NedfSW,cgih.a,,bcijcad.a,dcfhf.a,,LosAngelesCA,CA,g.a,California,jb.a
cg.a,d.a,cabcbccg.a,,bjdjd.a,WN,NeiiWN,bdai.a,,bcbjbac.a,,HOU,HoustonTX,TX,ei.a,,he.a
bb.a,,cabcbcbb.a,AA,bjiaf.a,AA,NfbaAA,,,bebaaac.a,debaa.a,PHL,PhiladelphiaPA,,,Pennsylvania,
be.a,f.a,cabcbcbe.a,,,,NhefSW,cfic.a,bfdae.a,bfdaeac.a,ddbjf.a,TPA,TampaFL,FL,bc.a,Florida,dd.a
bj.a,d.a,cabcbcbj.a,,bjdjd.a,WN,,deej.a,bahjc.a,bahjcae.a,,BUF,BuffaloNY,NY,dg.a,NewYork,cc.a
d.a,b.a,,OO,cadae.a,OO,NhgfSK,fbjg.a,bccgg.a,bccggad.a,dbefd.a,,HoustonTX,TX,ei.a,,he.a
bg.a,,cabcbcbg.a,DL,bjhja.a,DL,NdhehD,,,bbbjdac.a,ddbaf.a,,CincinnatiOH,KY,cb.a,Kentucky,fc.a
d.a,b.a,,OO,cadae.a,OO,NjbaSW,fgbb.a,bbagg.a,,dbagg.a,,,OH,dj.a,Ohio,ee.a
,e.a,cabcbcag.a,,cadgg.a,EV,Nbebgi,egbi.a,bccgg.a,bccggad.a,dbefd.a,,HoustonTX,TX,ei.a,,he.a
cb.a,f.a,cabcbccb.a,,bjdjd.a,WN,,bcaf.a,bdbji.a,bdbjiab.a,,MCI,KansasCityMO,MO,cj.a,Missouri,ge.a
cb.a,f.a,,,,,,febi.a,behhb.a,behhbab.a,,SFO,SanFranciscoCA,CA,g.a,California,
b.a,g.a,,UA,bjjhh.a,UA,NfcbUA,gfd.a,,bccggad.a,dbefd.a,IAH,HoustonTX,TX,,Texas,he.a
,d.a,,,cadji.a,MQ,NgecMQ,chad.a,bbcji.a,bbcjiad.a,dabje.a,,Dallas/FortWorthTX,TX,ei.a,,he.a
i.a,,cabcbcai.a,DL,bjhja.a,DL,NjecDL,,badjh.a,,dadjh.a,,,GA,bd.a,Georgia,de.a
ch.a,e.a,,,,,NiadSK,eeif.a,bejai.a,bejaiad.a,,SNA,SantaAnaCA,CA,g.a,California,jb.a
,h.a,cabcbcaj.a,EV,cadgg.a,EV,NifbAS,,badjh.a,badjhaf.a,dadjh.a,,,GA,bd.a,Georgia,de.a
,g.a,cabcbcai.a,EV,cadgg.a,EV,Nbgffj,,bbaec.a,bbaecac.a,dageh.a,,,OH,dj.a,Ohio,ee.a
bb.a,c.a,,OO,cadae.a,OO,NebgSW,eief.a,,bdeihac.a,dbgfa.a,,MinneapolisMN,,ch.a,Minnesota,
ca.a,e.a,cabcbcca.a,,bjdjd.a,WN,,bdga.a,baicb.a,baicbad.a,,BWI,,MD,ce.a,Maryland,df.a
,c.a,cabcbcbb.a,EV,cadgg.a,EV,Nbgjgb,,bbbeg.a,bbbegad.a,dbbeg.a,,,WV,fe.a,,dj.a
ce.a,b.a,,OO,cadae.a,OO,,fdcd.a,bajda.a,bajdaac.a,,,CrescentCityCA,CA,g.a,California,jb.a
,f.a,cabcbcci.a,,caedh.a,FL,NjigAT,gjf.a,bbgjh.a,,dcegh.a,,FortLauderdaleFL,FL,bc.a,Florida,dd.a
,d.a,cabcbccg.a,,cadgg.a,EV,NbdgEV,eihf.a,bbedd.a,bbeddac.a,dbcjf.a,,,MI,cg.a,Michigan,ed.a
bg.a,h.a,,OO,cadae.a,OO,NcdeSW,fdia.a,bbgdi.a,bbgdiae.a,dbgdi.a,,FresnoCA,CA,g.a,California,jb.a
be.a,,cabcbcbe.a,DL,bjhja.a,DL,NgfbDL,,beafh.a,beafhac.a,deafh.a,,PortlandOR,,eb.a,Oregon,
bb.a,,cabcbbbb.a,AA,bjiaf.a,AA,NfhdAA,,,bcjfdac.a,dbhad.a,LGA,NewYorkNY,,,NewYork,cc.a
ch.a,,cabcbcch.a,AA,bjiaf.a,AA,NfESAA,,,bbcjiad.a,,DFW,Dallas/FortWorthTX,TX,,Texas,he.a
cc.a,g.a,cabcbccc.a,WN,bjdjd.a,WN,,ecec.a,bdcdc.a,bdcdcac.a,,MDW,,IL,bh.a,Illinois,eb.a
,h.a,cabcbccd.a,FL,caedh.a,FL,,cgh.a,bbchi.a,bbchiac.a,daifc.a,,,VA,fb.a,,di.a
j.a,,cabcbcaj.a,DL,bjhja.a,DL,NdgfNW,,,bbeddac.a,dbcjf.a,,,MI,cg.a,Michigan,ed.a
cj.a,g.a,,OO,cadae.a,OO,NheaSK,gcch.a,bdjda.a,bdjdaac.a,,ORD,,IL,bh.a,Illinois,
cb.a,,cabcbccb.a,AA,bjiaf.a,AA,,,bdjda.a,bdjdaac.a,,ORD,,IL,,Illinois,
ca.a,e.a,cabcbcca.a,,cadff.a,US,,haj.a,bebaa.a,bebaaac.a,,PHL,PhiladelphiaPA,,ec.a,Pennsylvania,
cc.a,,cabcbccc.a,WN,bjdjd.a,WN,,ehfb.a,bdcdc.a,bdcdcac.a,,MDW,,IL,bh.a,Illinois,eb.a
bj.a,,cabcbcbj.a,WN,,,,eigd.a,beidb.a,beidbad.a,,SJC,SanJoseCA,CA,g.a,California,
g.a,,cabcbcag.a,AS,bjjda.a,AS,NgeeAS,,beafh.a,beafhac.a,deafh.a,PDX,PortlandOR,,,Oregon,
cb.a,,cabcbccb.a,WN,bjdjd.a,WN,,eegd.a,baicb.a,baicbad.a,,BWI,,MD,ce.a,Maryland,df.a
f.a,,cabcbcaf.a,WN,bjdjd.a,WN,NgchSW,bdh.a,,bdhjgab.a,dcefh.a,OAK,OaklandCA,,g.a,California,
bj.a,,cabcbcbj.a,AA,bjiaf.a,AA,,,bbcji.a,bbcjiad.a,,DFW,Dallas/FortWorthTX,TX,,Texas,he.a
cf.a,,cabcbccf.a,AA,bjiaf.a,AA,,,bbcji.a,bbcjiad.a,,DFW,Dallas/FortWorthTX,TX,,Texas,he.a
bb.a,,cabcbcbb.a,WN,bjdjd.a,,NcjfWN,bfb.a,,bejaiad.a,dcfhf.a,SNA,SantaAnaCA,CA,g.a,California,jb.a
bj.a,,cabcbcbj.a,WN,bjdjd.a,,,eija.a,begid.a,begidad.a,,SAT,SanAntonioTX,,ei.a,Texas,
b.a,g.a,,OO,cadae.a,,NgjdCA,egaj.a,behhb.a,behhbab.a,dcefh.a,SFO,SanFranciscoCA,CA,g.a,California,
bb.a,,cabcbcbb.a,DL,bjhja.a,DL,NjdaDL,,badjh.a,,dadjh.a,,,GA,bd.a,Georgia,de.a
,g.a,,MQ,cadji.a,MQ,NjdcMQ,djfc.a,bdjda.a,,dajhh.a,,,IL,bh.a,Illinois,
bj.a,,cabcbcbj.a,DL,bjhja.a,DL,,,badjh.a,badjhaf.a,,ATL,,GA,bd.a,Georgia,de.a
b.a,g.a,,UA,bjjhh.a,UA,NfebUA,dfg.a,,bdjdaac.a,dajhh.a,ORD,,IL,,Illinois,
be.a,,cabcbcbe.a,WN,bjdjd.a,WN,NehgWN,jca.a,,baicbad.a,daifc.a,BWI,,MD,ce.a,Maryland,df.a
da.a,,cabcbcda.a,WN,bjdjd.a,,NcggWN,dhbj.a,beghj.a,beghjad.a,,SAN,SanDiegoCA,,g.a,California,
,b.a,,MQ,cadji.a,MQ,,degf.a,bddad.a,bddadad.a,dcegh.a,,MiamiFL,,bc.a,Florida,dd.a
ch.a,e.a,,,bjjhh.a,,Nhfeci,d.a,begid.a,begidad.a,,SAT,SanAntonioTX,,,Texas,
ca.a,,cabcbcca.a,WN,bjdjd.a,WN,,dfje.a,bebah.a,bebahac.a,,PHX,PhoenixAZ,,e.a,Arizona,
bi.a,,cabcbcbi.a,WN,bjdjd.a,WN,,degj.a,bdhjg.a,bdhjgab.a,dcefh.a,OAK,OaklandCA,,g.a,California,
ce.a,,cabcbcce.a,AA,bjiaf.a,AA,,,bbcji.a,bbcjiad.a,,DFW,Dallas/FortWorthTX,TX,,Texas,he.a
,g.a,,MQ,cadji.a,MQ,NgfcMQ,chji.a,bbcji.a,bbcjiad.a,dabje.a,,Dallas/FortWorthTX,TX,ei.a,Texas,he.a
be.a,,cabcbcbe.a,DL,bjhja.a,DL,NgjhDL,,beafh.a,beafhac.a,deafh.a,,PortlandOR,,eb.a,Oregon,
,c.a,cabcbcae.a,EV,cadgg.a,EV,Nbcffc,,bbgbi.a,bbgbiac.a,dbhad.a,,NewarkNJ,,de.a,NewJersey,cb.a
,d.a,cabcbcbj.a,,cadgg.a,EV,,fcei.a,bbicd.a,bbicdae.a,dbicd.a,,,IN,bi.a,Indiana,ec.a
bj.a,,cabcbcbj.a,AA,bjiaf.a,AA,,,bcjfd.a,bcjfdac.a,,LGA,NewYorkNY,,,NewYork,cc.a
cd.a,,cabcbbcd.a,AA,bjiaf.a,AA,,,bbcji.a,bbcjiad.a,,DFW,Dallas/FortWorthTX,TX,,Texas,he.a
g.a,,cabcbcag.a,AA,bjiaf.a,AA,NeYKAA,,,bdjdaac.a,dajhh.a,ORD,,IL,,Illinois,
c.a,h.a,cabcbcac.a,VX,cbbhb.a,,NgdcVA,dfc.a,,behhbab.a,dcefh.a,SFO,SanFranciscoCA,CA,g.a,California,
,d.a,,,cadji.a,MQ,NfbaMQ,diea.a,,bdjdaac.a,dajhh.a,,,IL,bh.a,Illinois,
,d.a,,,cadji.a,MQ,NieeMQ,ciij.a,bcjfb.a,bcjfbac.a,dcjfb.a,,LafayetteLA,LA,cc.a,Louisiana,hc.a
ce.a,b.a,,UA,bjjhh.a,UA,,bcaa.a,bcijc.a,bcijcad.a,,LAX,LosAngelesCA,CA,,California,jb.a
cd.a,h.a,cabcbccd.a,US,cadff.a,US,,jeh.a,bdjdb.a,bdjdbac.a,,ORF,,,fb.a,,
ci.a,f.a,cabcbcci.a,,caeaj.a,Bg,NgeeJB,jia.a,bbgjh.a,bbgjhad.a,,FLL,FortLauderdaleFL,FL,bc.a,Florida,dd.a
b.a,,cabcbcab.a,AA,bjiaf.a,,NdEWAA,,,bfdaeac.a,ddbjf.a,TPA,,FL,,Florida,dd.a
,h.a,cabcbcda.a,FL,caedh.a,FL,NjdjAT,dce.a,bcddj.a,,dcddh.a,,,IN,bi.a,Indiana,ec.a
ca.a,,cabcbcca.a,AA,bjiaf.a,AA,,,bdjda.a,bdjdaac.a,,ORD,,IL,,Illinois,
bg.a,h.a,,OO,cadae.a,,NcbhSW,hdij.a,befed.a,befedac.a,defed.a,RKS,RockSpringsWY,,fg.a,,
ch.a,,cabcbcch.a,AA,bjiaf.a,AA,NdBLAA,,,bbcjiad.a,,DFW,Dallas/FortWorthTX,TX,,Texas,he.a
bb.a,c.a,,UA,bjjhh.a,UA,NfdcUA,cdh.a,,bcehiac.a,dbhad.a,JFK,NewYorkNY,,,NewYork,cc.a
ba.a,b.a,,OO,cadae.a,OO,NhhjCA,egbg.a,bdcee.a,bdceeac.a,ddcee.a,,MemphisTN,,eh.a,Tennessee,fe.a
h.a,f.a,,,bjjhh.a,UA,NejeUA,cge.a,,baicbad.a,daifc.a,BWI,,MD,,Maryland,df.a
,h.a,,MQ,cadji.a,MQ,NiEGMQ,diaf.a,bbagg.a,bbaggac.a,dbagg.a,,,OH,dj.a,Ohio,ee.a
ca.a,e.a,cabcbcca.a,,caeaj.a,Bg,,fg.a,bcehi.a,bcehiac.a,,JFK,NewYorkNY,,dg.a,NewYork,cc.a
f.a,,cabcbcaf.a,WN,bjdjd.a,WN,NjbgWN,bhd.a,bciij.a,,dccbb.a,LAS,LasVegasNV,NV,dc.a,Nevada,if.a
cj.a,,cabcbccj.a,WN,bjdjd.a,WN,NgciSW,bfgf.a,,bdcdcac.a,,MDW,,IL,bh.a,Illinois,eb.a
,c.a,cabcbcbi.a,FL,caedh.a,,,faa.a,begdf.a,begdfac.a,dbhbe.a,RSW,,FL,bc.a,Florida,
,h.a,cabcbcac.a,EV,cadgg.a,,Nbfjia,,befce.a,befceab.a,defce.a,RIC,,,fb.a,,
,g.a,cabcbcbf.a,EV,cadgg.a,EV,Nbgbfb,,baeai.a,baeaiac.a,daeai.a,,AppletonWI,WI,ff.a,,ef.a
f.a,d.a,cabcbcaf.a,,caeaj.a,Bg,NhajJB,hea.a,becfe.a,becfead.a,decfe.a,PSE,PoncePR,,hc.a,,
bg.a,h.a,,OO,cadae.a,,,fejd.a,behhb.a,behhbab.a,dcefh.a,SFO,SanFranciscoCA,CA,g.a,California,
da.a,,cabcbcda.a,DL,bjhja.a,DL,NhhjNC,,bbcgh.a,bbcghac.a,,,,OH,dj.a,Ohio,ee.a
,e.a,,,cadji.a,MQ,NhbdMQ,eejb.a,bcjfd.a,bcjfdac.a,dbhad.a,,NewYorkNY,,dg.a,NewYork,cc.a
be.a,,cabcbbbe.a,AA,bjiaf.a,AA,NffaAA,,,bbafhad.a,dbafh.a,CLT,,NC,,NorthCarolina,dg.a
j.a,,cabcbcaj.a,AS,bjjda.a,AS,NfciAS,,,bahcbac.a,dahcb.a,BOS,BostonMA,MA,,Massachusetts,bd.a
,b.a,cabcbcce.a,EV,cadgg.a,EV,,,badjh.a,badjhaf.a,dadjh.a,,,GA,bd.a,Georgia,de.a
g.a,e.a,,,cadae.a,OO,NgdaSK,ehdh.a,,bdhjgab.a,dcefh.a,,OaklandCA,,g.a,California,
cj.a,,cabcbccj.a,WN,bjdjd.a,WN,NjfcWN,cfdh.a,bddec.a,,,MKE,MilwaukeeWI,,ff.a,,ef.a
,h.a,cabcbcbg.a,EV,cadgg.a,EV,,,bccge.a,bccgeac.a,daifc.a,,,VA,fb.a,,di.a
cf.a,c.a,cabcbccf.a,US,cadff.a,US,,jda.a,bbafh.a,bbafhad.a,,CLT,,NC,dh.a,NorthCarolina,dg.a
bf.a,,cabcbcbf.a,AA,bjiaf.a,AA,NfFFAA,,,bddadad.a,dcegh.a,MIA,MiamiFL,,,Florida,dd.a
,f.a,cabcbcci.a,,cadgg.a,EV,Nbdbcd,efgb.a,bccgg.a,bccggad.a,dbefd.a,,HoustonTX,TX,ei.a,,he.a
d.a,b.a,cabcbcad.a,US,cadff.a,US,NhbgUW,bcba.a,bbcji.a,bbcjiad.a,dabje.a,DFW,Dallas/FortWorthTX,TX,ei.a,,he.a
bb.a,,cabcbcbb.a,DL,bjhja.a,DL,NjibDL,,bbedd.a,,dbcjf.a,,,MI,cg.a,Michigan,ed.a
,b.a,cabcbcba.a,EV,cadgg.a,,NidiAS,,begid.a,begidad.a,ddcbe.a,SAT,SanAntonioTX,,ei.a,,
bd.a,e.a,,,bjjhh.a,UA,NfbhUA,dad.a,,bcehiac.a,dbhad.a,JFK,NewYorkNY,,,NewYork,cc.a
,b.a,cabcbcbh.a,EV,cadgg.a,EV,,,bdjda.a,bdjdaac.a,dajhh.a,,,IL,bh.a,Illinois,
be.a,,cabcbcbe.a,DL,bjhja.a,DL,NjbdDN,,bdeih.a,,dbgfa.a,,MinneapolisMN,,ch.a,Minnesota,
ba.a,,cabcbcba.a,DL,bjhja.a,DL,NgfiDL,,baicb.a,baicbad.a,daifc.a,,,MD,ce.a,Maryland,df.a
bi.a,c.a,cabcbcbi.a,VX,cbbhb.a,VX,,bb.a,bcehi.a,bcehiac.a,,JFK,NewYorkNY,,dg.a,NewYork,cc.a
,h.a,cabcbcaj.a,EV,cadgg.a,EV,NhfjEV,,bbgce.a,bbgceac.a,dbgce.a,,,FL,bc.a,Florida,dd.a
i.a,,cabcbcai.a,WN,bjdjd.a,WN,NhhdeH,dbih.a,bebah.a,bebahac.a,daegg.a,PHX,PhoenixAZ,,e.a,Arizona,
j.a,,cabcbcaj.a,WN,bjdjd.a,WN,NciaWN,bbij.a,bcjfd.a,bcjfdac.a,dbhad.a,LGA,NewYorkNY,,dg.a,NewYork,cc.a
h.a,f.a,cabcbcah.a,,cadff.a,US,NjejUW,cbcd.a,bahcb.a,,dahcb.a,BOS,BostonMA,MA,cf.a,Massachusetts,bd.a
cg.a,d.a,,,cadae.a,OO,NibhSK,eedj.a,bbedd.a,bbeddac.a,,,,MI,cg.a,Michigan,ed.a
be.a,,cabcbcbe.a,DL,bjhja.a,DL,NhgcNC,,badjh.a,badjhaf.a,dadjh.a,,,GA,bd.a,Georgia,de.a
g.a,,cabcbcag.a,WN,bjdjd.a,WN,NhdjGB,cigb.a,bbgjh.a,bbgjhad.a,dcegh.a,FLL,,FL,bc.a,Florida,dd.a
bj.a,d.a,,,bjjhh.a,UA,,eii.a,bccgg.a,bccggad.a,,IAH,HoustonTX,TX,,Texas,he.a
,g.a,,MQ,cadji.a,MQ,,dgei.a,bdjda.a,bdjdaac.a,dajhh.a,,,IL,bh.a,Illinois,
cf.a,,cabcbccf.a,AA,bjiaf.a,AA,,,bagjd.a,bagjdac.a,,BNA,NashvilleTN,,,Tennessee,fe.a
ce.a,,cabcbcce.a,WN,bjdjd.a,WN,,ebd.a,bbfea.a,bbfeaad.a,,ELP,ElPasoTX,TX,ei.a,,he.a
ce.a,,cabcbcce.a,AA,bjiaf.a,AA,,,bbcji.a,bbcjiad.a,,DFW,Dallas/FortWorthTX,TX,,Texas,he.a
bc.a,,cabcbcbc.a,AA,bjiaf.a,AA,NdCDAA,,,bdejfac.a,ddejf.a,MSY,NewOrleansLA,,,Louisiana,
c.a,,cabcbbac.a,AA,bjiaf.a,AA,NdBBAA,,,bcjfdac.a,dbhad.a,LGA,NewYorkNY,,,NewYork,cc.a
bc.a,,cabcbcbc.a,WN,,,NhjgSW,ecd.a,bfdae.a,bfdaeac.a,ddbjf.a,TPA,TampaFL,FL,bc.a,Florida,dd.a
ci.a,,cabcbcci.a,WN,bjdjd.a,WN,NebaWN,bchi.a,,bcijcad.a,,LAX,LosAngelesCA,CA,g.a,California,jb.a
cc.a,g.a,cabcbccc.a,US,cadff.a,US,,bbga.a,bddad.a,bddadad.a,,MIA,MiamiFL,,bc.a,Florida,dd.a
cd.a,h.a,,OO,cadae.a,OO,,fdch.a,bdbfi.a,bdbfiac.a,,,Midland/OdessaTX,,ei.a,,he.a
c.a,h.a,cabcbcac.a,Bg,caeaj.a,Bg,NfbhJB,,,bbgbiac.a,dbhad.a,EWR,NewarkNJ,,de.a,NewJersey,cb.a
,g.a,,MQ,cadji.a,MQ,NiajMQ,eeae.a,bcehi.a,bcehiac.a,dbhad.a,,NewYorkNY,,dg.a,NewYork,cc.a
da.a,,cabcbcda.a,WN,bjdjd.a,WN,NfbcSW,dgdf.a,,babeaac.a,,ABQ,AlbuquerqueNM,NM,df.a,NewMexico,ig.a
be.a,f.a,,,bjjhh.a,UA,Nhhihb,baae.a,bdjda.a,bdjdaac.a,dajhh.a,ORD,,IL,,Illinois,
cj.a,,cabcbbcj.a,AA,bjiaf.a,AA,NfdaAA,,,bdbjiab.a,,MCI,KansasCityMO,MO,,Missouri,ge.a
be.a,,cabcbcbe.a,AS,bjjda.a,AS,NfifAS,,,bahcbac.a,dahcb.a,BOS,BostonMA,MA,,Massachusetts,bd.a
,c.a,cabcbcbb.a,EV,cadgg.a,EV,NhfiEV,,bbjhh.a,bbjhhac.a,dbjhh.a,,GreenBayWI,WI,ff.a,,ef.a
ci.a,,cabcbcci.a,DL,bjhja.a,,NdgbNW,,,beigjad.a,,SLC,SaltLakeCityUT,,ej.a,,
bi.a,,cabcbcbi.a,WN,bjdjd.a,WN,,fgg.a,bebah.a,bebahac.a,,PHX,PhoenixAZ,,e.a,Arizona,
cj.a,g.a,,UA,bjjhh.a,UA,NedbUA,dcg.a,,bccggad.a,,IAH,HoustonTX,TX,,Texas,he.a
bi.a,,cabcbcbi.a,WN,bjdjd.a,,,cfaa.a,beghj.a,beghjad.a,ddfha.a,SAN,SanDiegoCA,,g.a,California,
,b.a,,MQ,cadji.a,MQ,NggdMQ,chdh.a,bbcji.a,bbcjiad.a,dabje.a,,Dallas/FortWorthTX,TX,ei.a,,he.a
f.a,d.a,,,cadae.a,OO,NjgcSW,fdda.a,bbehb.a,,dbehb.a,,EauClaireWI,WI,ff.a,,ef.a
i.a,,cabcbcai.a,WN,bjdjd.a,WN,NcgdWN,bfde.a,bbcfj.a,bbcfjad.a,dabje.a,DAL,DallasTX,TX,ei.a,,he.a
bf.a,,cabcbcbf.a,DL,bjhja.a,DL,NfdeUS,,,badjhaf.a,dadjh.a,,,GA,bd.a,Georgia,de.a
f.a,,cabcbcaf.a,DL,bjhja.a,DL,NjjcDL,,befce.a,,defce.a,,,,fb.a,,
e.a,,cabcbcae.a,AA,bjiaf.a,,NdFRAA,,,beghjad.a,ddfha.a,SAN,SanDiegoCA,,,California,
e.a,c.a,,OO,cadae.a,OO,NjdaSW,febj.a,bddec.a,,dddec.a,,MilwaukeeWI,,ff.a,,ef.a
ca.a,,cabcbcca.a,DL,bjhja.a,DL,,,bcijc.a,bcijcad.a,,,LosAngelesCA,CA,g.a,California,jb.a
ci.a,,cabcbcci.a,AS,bjjda.a,,NhffAS,,beheh.a,behehad.a,,SEA,SeattleWA,WA,,Washington,
e.a,c.a,,OO,cadae.a,OO,NgbbSK,ehha.a,,bdifbad.a,ddifb.a,,OklahomaCityOK,,ea.a,Oklahoma,
,,,HA,bjgja.a,HA,NeihHA,cbb.a,,bdidaac.a,ddida.a,,KahuluiHI,HI,bf.a,Hawaii,
bh.a,b.a,,OO,cadae.a,OO,,fdaf.a,beafh.a,beafhac.a,deafh.a,,PortlandOR,,eb.a,Oregon,
,b.a,cabcbcba.a,EV,cadgg.a,EV,Nbdjdg,ebfg.a,bbbea.a,bbbeaac.a,dbbea.a,,CorpusChristiTX,TX,ei.a,,he.a
c.a,,cabcbcac.a,WN,bjdjd.a,WN,NgbgSW,ejhg.a,,bagjdac.a,dagjd.a,BNA,NashvilleTN,,eh.a,Tennessee,fe.a
,h.a,,MQ,cadji.a,MQ,,eaie.a,bddgh.a,bddghad.a,dddgh.a,,,,bh.a,Illinois,
cc.a,g.a,,OO,,,,gcjd.a,behhb.a,behhbab.a,,SFO,SanFranciscoCA,CA,g.a,California,
d.a,,cabcbcad.a,WN,bjdjd.a,WN,NfcdSW,ch.a,,bbfeaad.a,dagbf.a,ELP,ElPasoTX,TX,ei.a,,he.a
,e.a,cabcbcag.a,,cadgg.a,,NgicBR,fbhi.a,beejc.a,beejcac.a,deejc.a,RDU,,,dh.a,NorthCarolina,
h.a,f.a,,,cadae.a,OO,NegbSW,efja.a,,bcbcjad.a,dcbcj.a,,HibbingMN,MN,ch.a,Minnesota,gd.a
bc.a,d.a,,,bjjhh.a,UA,NfggUA,ebj.a,,bccgeac.a,daifc.a,IAD,,VA,,Virginia,di.a
cb.a,f.a,,,,,,fgbc.a,beigj.a,beigjad.a,,SLC,SaltLakeCityUT,,ej.a,,
i.a,,cabcbbai.a,AA,bjiaf.a,AA,NfFCAA,,,bchfiad.a,dchfi.a,KOA,KonaHI,HI,,Hawaii,c.a
bg.a,,cabcbcbg.a,WN,bjdjd.a,WN,,dccb.a,bebah.a,bebahac.a,daegg.a,PHX,PhoenixAZ,,e.a,Arizona,
,d.a,cabcbcbc.a,,cadgg.a,EV,NighAS,fbdj.a,bajia.a,bajiaac.a,dajia.a,,ChattanoogaTN,TN,eh.a,Tennessee,fe.a
f.a,,cabcbcaf.a,DL,bjhja.a,DL,NjbdDE,,bafjj.a,,dafjj.a,,BirminghamAL,AL,b.a,Alabama,fb.a
,g.a,cabcbcai.a,EV,cadgg.a,EV,NihcAS,fchb.a,bacai.a,bacaiad.a,dacai.a,,,GA,bd.a,Georgia,de.a
cd.a,,cabcbccd.a,WN,bjdjd.a,WN,,dgec.a,bbgjh.a,bbgjhad.a,,FLL,FortLauderdaleFL,FL,bc.a,Florida,dd.a
cc.a,,cabcbccc.a,AA,bjiaf.a,AA,,,bciij.a,bciijad.a,,LAS,LasVegasNV,NV,,Nevada,if.a
cd.a,,cabcbccd.a,WN,bjdjd.a,WN,,bchf.a,bbcjc.a,bbcjcac.a,,DEN,DenverCO,CO,i.a,Colorado,ic.a
cg.a,,cabcbccg.a,DL,bjhja.a,,NgbfDL,,,behhbab.a,,SFO,SanFranciscoCA,CA,g.a,California,
cd.a,,cabcbccd.a,DL,bjhja.a,DL,,,bddad.a,bddadad.a,,,MiamiFL,,bc.a,Florida,dd.a
cj.a,,cabcbccj.a,WN,bjdjd.a,WN,NhdjGB,daib.a,baiaa.a,baiaaad.a,,BUR,BurbankCA,CA,g.a,California,jb.a
,g.a,,MQ,cadji.a,MQ,,eggc.a,bcjfd.a,bcjfdac.a,dbhad.a,,NewYorkNY,,dg.a,NewYork,cc.a
bc.a,,cabcbcbc.a,DL,bjhja.a,DL,NdhhbK,,,badjhaf.a,dadjh.a,,,GA,bd.a,Georgia,de.a
,d.a,cabcbcbj.a,,cadgg.a,EV,,fjfi.a,bcdij.a,bcdijac.a,dcdij.a,,WillistonND,ND,di.a,NorthDakota,gg.a
bb.a,,cabcbcbb.a,AA,bjiaf.a,AA,NdFVAA,,,bbcjiad.a,dabje.a,DFW,Dallas/FortWorthTX,TX,,Texas,he.a
bf.a,,cabcbcbf.a,WN,bjdjd.a,,NcehWN,bgbc.a,beghj.a,beghjad.a,ddfha.a,SAN,SanDiegoCA,,g.a,California,
ch.a,,cabcbcch.a,WN,bjdjd.a,WN,NhgcSW,chfg.a,bdcdc.a,bdcdcac.a,,MDW,,IL,bh.a,Illinois,eb.a
i.a,,cabcbcai.a,AS,bjjda.a,AS,NgbjAS,,,beafhac.a,deafh.a,PDX,PortlandOR,,,Oregon,
,e.a,cabcbcch.a,,cadgg.a,EV,NihcAS,fbdg.a,bbbbb.a,bbbbbac.a,dcehe.a,,ColumbiaMO,MO,cj.a,Missouri,ge.a
,h.a,cabcbccd.a,EV,cadgg.a,EV,,fcce.a,badjh.a,badjhaf.a,dadjh.a,,,GA,bd.a,Georgia,de.a
i.a,g.a,,UA,bjjhh.a,UA,Ndjebg,bbgh.a,,bccgeac.a,daifc.a,IAD,,VA,,Virginia,di.a
bi.a,,cabcbcbi.a,DL,bjhja.a,,,,befhg.a,befhgae.a,,ROC,RochesterNY,,dg.a,NewYork,
bg.a,h.a,,OO,,,,ehfd.a,beigj.a,beigjad.a,degbe.a,SLC,SaltLakeCityUT,,ej.a,,
i.a,,cabcbcai.a,DL,bjhja.a,,NghaeZ,,beheh.a,behehad.a,daffj.a,SEA,SeattleWA,WA,fd.a,,
,h.a,cabcbcbg.a,EV,cadgg.a,EV,,fefj.a,badjh.a,badjhaf.a,dadjh.a,,,GA,bd.a,Georgia,de.a
bb.a,,cabcbcbb.a,AS,bjjda.a,,NhfgAS,,beheh.a,behehad.a,daffj.a,SEA,SeattleWA,WA,,Washington,
bc.a,d.a,,,cadae.a,OO,NhceSK,fbgd.a,bccge.a,bccgeac.a,daifc.a,,,VA,fb.a,,di.a
bc.a,,cabcbcbc.a,AS,bjjda.a,,NfgiAS,,,behehad.a,daffj.a,SEA,SeattleWA,WA,,Washington,
,f.a,cabcbcah.a,,cadgg.a,EV,NihdAS,fdfd.a,bcjfb.a,bcjfbac.a,dcjfb.a,,LafayetteLA,LA,cc.a,Louisiana,hc.a
db.a,b.a,cabcbcdb.a,VX,,,NiecVA,hba.a,behhb.a,behhbab.a,,SFO,SanFranciscoCA,CA,g.a,California,
c.a,h.a,cabcbcac.a,US,cadff.a,US,NgceAW,gfe.a,,bebahac.a,daegg.a,PHX,PhoenixAZ,,e.a,Arizona,
ci.a,f.a,cabcbcci.a,,cadff.a,US,NeajUS,bjcg.a,,bdcaeac.a,,MCO,OrlandoFL,,bc.a,Florida,dd.a
cg.a,d.a,cabcbccg.a,,cadff.a,US,NhacUW,bhia.a,bbafh.a,bbafhad.a,,CLT,,NC,dh.a,NorthCarolina,dg.a
bg.a,h.a,,UA,bjjhh.a,UA,,bhch.a,bddad.a,bddadad.a,dcegh.a,MIA,MiamiFL,,,Florida,dd.a
bj.a,d.a,,,cadae.a,OO,,eghg.a,bdihb.a,bdihbac.a,,,OmahaNE,,db.a,Nebraska,
,e.a,,,cadji.a,MQ,NgeaMQ,deac.a,babff.a,babffac.a,dabff.a,,WacoTX,TX,ei.a,,he.a
i.a,g.a,,UA,bjjhh.a,UA,Ncecac,bgdg.a,bcbhd.a,bcbhdab.a,dcbde.a,HNL,HonoluluHI,HI,,Hawaii,c.a
ch.a,,cabcbcch.a,DL,bjhja.a,DL,NjahDL,,badjh.a,,,,,GA,bd.a,Georgia,de.a
cf.a,,cabcbccf.a,WN,bjdjd.a,WN,,hgb.a,bagjd.a,bagjdac.a,,BNA,NashvilleTN,,eh.a,Tennessee,fe.a
ca.a,e.a,,,cadae.a,OO,,gfcf.a,bbcjc.a,bbcjcac.a,,,DenverCO,CO,i.a,Colorado,ic.a
ce.a,b.a,,OO,cadae.a,OO,,fddh.a,bdbfi.a,bdbfiac.a,,,Midland/OdessaTX,,ei.a,,he.a
ca.a,,cabcbcca.a,WN,bjdjd.a,WN,,eija.a,bcijc.a,bcijcad.a,,LAX,LosAngelesCA,CA,g.a,California,jb.a
,g.a,cabcbcbf.a,EV,,EV,NjhdEV,fcaf.a,bfcej.a,,dfcej.a,,TallahasseeFL,FL,bc.a,Florida,dd.a
g.a,e.a,,,,,Nchecb,baha.a,behhb.a,behhbab.a,dcefh.a,SFO,SanFranciscoCA,CA,,California,
bb.a,,cabcbcbb.a,WN,bjdjd.a,WN,NjceWN,da.a,bcbjb.a,,dbefd.a,HOU,HoustonTX,TX,ei.a,,he.a
,g.a,cabcbccc.a,EV,cadgg.a,EV,,ebdj.a,bbjig.a,bbjigad.a,dbjig.a,,,MI,cg.a,Michigan,ed.a
,c.a,cabcbcae.a,Fj,caedg.a,Fj,NiacFR,hhd.a,bbcjc.a,bbcjcac.a,dadcf.a,,DenverCO,CO,i.a,Colorado,ic.a
,h.a,,MQ,,,,deea.a,beiec.a,beiecac.a,deiec.a,SJT,SanAngeloTX,,ei.a,,
j.a,,cabcbcaj.a,WN,bjdjd.a,WN,NfciSW,ec.a,,bbcfjad.a,dabje.a,DAL,DallasTX,TX,ei.a,,he.a
c.a,h.a,cabcbcac.a,US,cadff.a,US,NgghAW,gfh.a,bebaa.a,bebaaac.a,debaa.a,PHL,PhiladelphiaPA,,ec.a,Pennsylvania,
c.a,,cabcbcac.a,DL,bjhja.a,DL,NgjhDL,,bbchi.a,bbchiac.a,daifc.a,,,VA,fb.a,,di.a
b.a,g.a,,OO,cadae.a,,NhjcSK,ffhj.a,befha.a,befhaac.a,defha.a,RNO,RenoNV,,dc.a,Nevada,
bj.a,,cabcbcbj.a,WN,bjdjd.a,WN,,bbgf.a,bafjj.a,bafjjae.a,,BHM,BirminghamAL,AL,b.a,Alabama,fb.a
,f.a,cabcbcah.a,,caedh.a,FL,NcghAT,cag.a,badjh.a,badjhaf.a,dadjh.a,,,GA,bd.a,Georgia,de.a
,f.a,,,,,,degb.a,bfcej.a,bfcejac.a,dfcej.a,TLH,TallahasseeFL,FL,bc.a,Florida,dd.a
,d.a,cabcbcbj.a,,cadgg.a,EV,,ecej.a,bbgbi.a,bbgbiac.a,dbhad.a,,NewarkNJ,,de.a,NewJersey,cb.a
,g.a,cabcbcab.a,EV,cadgg.a,EV,NfciCA,fceg.a,,badjhaf.a,dadjh.a,,,GA,bd.a,Georgia,de.a
cg.a,,cabcbccg.a,WN,bjdjd.a,,NhhfSW,ehcc.a,beghj.a,beghjad.a,,SAN,SanDiegoCA,,g.a,California,
b.a,,cabcbcab.a,DL,bjhja.a,DL,NjbfDE,,baicb.a,,daifc.a,,,MD,ce.a,Maryland,df.a
g.a,,cabcbcag.a,WN,,,NgehSW,bdeg.a,beigj.a,beigjad.a,degbe.a,SLC,SaltLakeCityUT,,ej.a,,
,c.a,,MQ,cadji.a,MQ,,ddgh.a,bbcji.a,bbcjiad.a,dabje.a,,Dallas/FortWorthTX,TX,ei.a,,he.a
,h.a,,MQ,cadji.a,MQ,,ecbi.a,bdjda.a,bdjdaac.a,dajhh.a,,,IL,bh.a,Illinois,
cd.a,,cabcbccd.a,WN,,,,ceja.a,bfdha.a,bfdhaac.a,,TUL,TulsaOK,OK,ea.a,Oklahoma,hd.a
,b.a,,MQ,cadji.a,MQ,NfchMQ,egga.a,,bcjfdac.a,dbhad.a,,NewYorkNY,,dg.a,NewYork,cc.a
,f.a,cabcbcbe.a,,caedh.a,FL,NjfjAT,eia.a,badjh.a,,dadjh.a,,,GA,bd.a,Georgia,de.a
bj.a,d.a,,,cadae.a,OO,,eeff.a,bccgg.a,bccggad.a,,,HoustonTX,TX,ei.a,,he.a
i.a,,cabcbcai.a,DL,bjhja.a,DL,NjfdDN,,bcddj.a,,dcddh.a,,,IN,bi.a,Indiana,ec.a
cc.a,,cabcbccc.a,WN,bjdjd.a,WN,,egbd.a,bbcjc.a,bbcjcac.a,,DEN,DenverCO,CO,i.a,Colorado,ic.a
,b.a,cabcbcad.a,FL,caedh.a,FL,NjgbAT,hag.a,bbgjh.a,,dcegh.a,,,FL,bc.a,Florida,dd.a
cj.a,g.a,,OO,cadae.a,OO,NhjaSK,fcaa.a,bccgg.a,bccggad.a,,,HoustonTX,TX,ei.a,,he.a
,f.a,cabcbcci.a,,caedg.a,Fj,NcaeFR,bjh.a,bcijc.a,bcijcad.a,dcfhf.a,,LosAngelesCA,CA,g.a,California,jb.a
bj.a,d.a,cabcbcbj.a,,caeaj.a,Bg,,bdcb.a,bahcb.a,bahcbac.a,,BOS,BostonMA,MA,cf.a,Massachusetts,bd.a
d.a,b.a,cabcbcad.a,YV,cadhi.a,YV,NfbeMJ,dhgg.a,,bbeddac.a,dbcjf.a,DTW,,MI,cg.a,Michigan,ed.a
,c.a,,MQ,cadji.a,MQ,,dfgc.a,bddad.a,bddadad.a,dcegh.a,,,,bc.a,Florida,dd.a
bg.a,,cabcbcbg.a,AA,bjiaf.a,,,,behhb.a,behhbab.a,dcefh.a,SFO,SanFranciscoCA,CA,,California,
ba.a,b.a,cabcbcba.a,US,cadff.a,US,NiahAW,fja.a,bebah.a,bebahac.a,daegg.a,PHX,PhoenixAZ,,e.a,Arizona,
bj.a,,cabcbcbj.a,DL,bjhja.a,DL,,,badjh.a,badjhaf.a,,,,GA,bd.a,Georgia,de.a
,e.a,cabcbcbd.a,,caedg.a,Fj,NjaiFR,dha.a,beghj.a,,ddfha.a,,SanDiegoCA,,g.a,California,
da.a,h.a,cabcbcda.a,US,cadff.a,US,NggbAW,ccb.a,bebah.a,bebahac.a,,PHX,PhoenixAZ,,e.a,Arizona,
,,,HA,bjgja.a,HA,NeiiHA,fai.a,,bcjicac.a,dcjic.a,,LihueHI,HI,bf.a,Hawaii,c.a
bi.a,,cabcbcbi.a,WN,bjdjd.a,WN,,dhib.a,baicb.a,baicbad.a,,BWI,,MD,ce.a,Maryland,df.a
db.a,b.a,,OO,cadae.a,OO,NjeiSW,fdch.a,bbcjc.a,,,,DenverCO,CO,i.a,Colorado,ic.a
bb.a,,cabcbcbb.a,AA,bjiaf.a,AA,NdGNAA,,,bciijad.a,dccbb.a,LAS,LasVegasNV,NV,,Nevada,if.a
h.a,,cabcbcah.a,AA,bjiaf.a,AA,NeddAA,,,bbcjiad.a,dabje.a,DFW,Dallas/FortWorthTX,TX,,Texas,he.a
,c.a,cabcbcbb.a,EV,cadgg.a,EV,Nbgfeg,fjcg.a,bbcgh.a,bbcghac.a,dbcgh.a,,,OH,dj.a,Ohio,ee.a
,f.a,,,cadji.a,MQ,NhdiMQ,cjhb.a,baigi.a,baigiad.a,daigi.a,,,SC,ef.a,SouthCarolina,dh.a
f.a,d.a,cabcbcaf.a,,caeaj.a,Bg,NfgiJB,bebh.a,,baecdac.a,daecd.a,AUS,AustinTX,TX,ei.a,,he.a
,h.a,cabcbcda.a,EV,cadgg.a,EV,Nbebfd,gbeb.a,bbcjc.a,bbcjcac.a,dadcf.a,,DenverCO,CO,i.a,Colorado,ic.a
bh.a,b.a,,OO,cadae.a,OO,,fddi.a,bdehg.a,bdehgac.a,dejcc.a,,MontereyCA,,g.a,California,
bi.a,,cabcbcbi.a,DL,,,,,bfcej.a,bfcejac.a,,TLH,TallahasseeFL,FL,bc.a,Florida,dd.a
g.a,,cabcbcag.a,DL,bjhja.a,DL,NdggNW,,,bbcjcac.a,dadcf.a,,DenverCO,CO,i.a,Colorado,ic.a
cb.a,f.a,,,bjjhh.a,UA,,fid.a,bccgg.a,bccggad.a,,IAH,HoustonTX,TX,,Texas,he.a
ch.a,e.a,cabcbcch.a,,cbbhb.a,VX,NfcdVA,deh.a,,bbgjhad.a,,FLL,,FL,bc.a,Florida,dd.a
cd.a,,cabcbccd.a,AA,bjiaf.a,AA,,,beach.a,beachac.a,,PBI,,FL,,Florida,
ba.a,,cabcbcba.a,DL,bjhja.a,DL,NghbaE,,badjh.a,badjhaf.a,dadjh.a,,,GA,bd.a,Georgia,de.a
bj.a,d.a,,,bjjhh.a,UA,,bbfj.a,bcbhd.a,bcbhdab.a,,HNL,HonoluluHI,HI,,Hawaii,c.a
bi.a,,cabcbcbi.a,AA,bjiaf.a,,,,begid.a,begidad.a,,SAT,SanAntonioTX,,,Texas,
,g.a,cabcbccj.a,EV,cadgg.a,EV,NidcAS,fhbe.a,bccge.a,bccgeac.a,daifc.a,,,VA,fb.a,,di.a
cd.a,,cabcbccd.a,AA,bjiaf.a,AA,,,bdjda.a,bdjdaac.a,,ORD,,IL,,Illinois,
,,,HA,bjgja.a,HA,NehgHA,djb.a,,bceacad.a,dceac.a,,HiloHI,HI,bf.a,Hawaii,c.a
da.a,h.a,,OO,,,NhheSK,fgbc.a,beigj.a,beigjad.a,,SLC,SaltLakeCityUT,,ej.a,,
cb.a,,cabcbccb.a,DL,bjhja.a,,,,begid.a,begidad.a,,SAT,SanAntonioTX,,ei.a,,
c.a,,cabcbcac.a,DL,bjhja.a,DL,NhadTW,,bcijc.a,bcijcad.a,dcfhf.a,,LosAngelesCA,CA,g.a,California,jb.a
d.a,b.a,cabcbcad.a,Bg,caeaj.a,Bg,NfjiJB,,,bcjfdac.a,dbhad.a,LGA,NewYorkNY,,dg.a,NewYork,cc.a
cd.a,,cabcbccd.a,DL,bjhja.a,DL,,,badjh.a,badjhaf.a,,,,GA,bd.a,Georgia,de.a
h.a,,cabcbcah.a,AA,bjiaf.a,,NdDHAA,,,behehad.a,daffj.a,SEA,SeattleWA,WA,,Washington,
,h.a,,MQ,cadji.a,MQ,NidfMQ,cjbe.a,bbjia.a,bbjiaac.a,dbjia.a,,GrandIslandNE,NE,db.a,Nebraska,gf.a
cb.a,,cabcbccb.a,DL,bjhja.a,DL,,,badjh.a,badjhaf.a,,,,GA,bd.a,Georgia,de.a
cj.a,,cabcbccj.a,DL,bjhja.a,,NdacNB,,,bedcbad.a,,PWM,PortlandME,,cd.a,Maine,
f.a,d.a,cabcbcaf.a,,cadhi.a,YV,NjceFJ,cgdd.a,bbafh.a,,dbafh.a,CLT,,NC,dh.a,NorthCarolina,dg.a
ci.a,,cabcbcci.a,WN,bjdjd.a,WN,NchhWN,baed.a,bciij.a,bciijad.a,,LAS,LasVegasNV,NV,dc.a,Nevada,if.a
i.a,g.a,,UA,bjjhh.a,UA,NiacUA,cej.a,bccge.a,bccgeac.a,daifc.a,IAD,,VA,,Virginia,di.a
i.a,g.a,cabcbcai.a,Bg,caeaj.a,Bg,NhjdJB,,bcehi.a,bcehiac.a,dbhad.a,JFK,NewYorkNY,,dg.a,NewYork,cc.a
bd.a,e.a,,,bjjhh.a,UA,Nbhcef,bgii.a,bbaec.a,bbaecac.a,dageh.a,CLE,,OH,,Ohio,ee.a
e.a,,cabcbcae.a,DL,bjhja.a,DL,NdhgNW,,,bddecaf.a,dddec.a,,MilwaukeeWI,,ff.a,,ef.a
h.a,,cabcbcah.a,AA,bjiaf.a,AA,NfhaAA,,,bbcjcac.a,dadcf.a,DEN,DenverCO,CO,,Colorado,ic.a
be.a,f.a,,,bjjhh.a,UA,NiceUA,gde.a,bdjda.a,bdjdaac.a,dajhh.a,ORD,,IL,,Illinois,
cc.a,,cabcbccc.a,WN,bjdjd.a,WN,,ebjb.a,bebah.a,bebahac.a,,PHX,PhoenixAZ,,e.a,Arizona,
bf.a,,cabcbcbf.a,DL,bjhja.a,DL,NjjgDL,,bdcae.a,,dbefe.a,,,,bc.a,Florida,dd.a
,e.a,,,cadji.a,MQ,NgacMQ,djbh.a,,bdjdaac.a,dajhh.a,,,IL,bh.a,Illinois,
,h.a,cabcbccd.a,FL,caedh.a,FL,,ehi.a,bebjd.a,bebjdad.a,ddhci.a,,,,bc.a,Florida,
c.a,h.a,cabcbcac.a,VX,cbbhb.a,VX,NieaVA,iaj.a,beafh.a,beafhac.a,deafh.a,PDX,PortlandOR,,eb.a,Oregon,
bd.a,,cabcbcbd.a,WN,bjdjd.a,WN,NjfhWN,cjee.a,bcjfd.a,,dbhad.a,LGA,NewYorkNY,,dg.a,NewYork,cc.a
be.a,,cabcbcbe.a,DL,bjhja.a,DL,NdciNW,,,bebahac.a,daegg.a,,PhoenixAZ,,e.a,Arizona,
ch.a,e.a,cabcbcch.a,,cadff.a,US,NbcfUW,bbah.a,bbafh.a,bbafhad.a,,CLT,,NC,dh.a,NorthCarolina,dg.a
bg.a,h.a,,OO,cadae.a,OO,,ehaa.a,bdedd.a,bdeddac.a,dddae.a,,MinotND,,di.a,NorthDakota,
c.a,h.a,cabcbcac.a,US,cadff.a,US,NjefUW,cbdi.a,bcjfd.a,,dbhad.a,LGA,NewYorkNY,,dg.a,NewYork,cc.a
bi.a,c.a,,UA,bjjhh.a,UA,,beja.a,bccgg.a,bccggad.a,dbefd.a,IAH,HoustonTX,TX,,Texas,he.a
bh.a,,cabcbcbh.a,WN,bjdjd.a,WN,,cidj.a,bbcjc.a,bbcjcac.a,dadcf.a,DEN,DenverCO,CO,i.a,Colorado,ic.a
,f.a,cabcbcah.a,,cadgg.a,EV,Nbejea,effe.a,bccgg.a,bccggad.a,dbefd.a,,HoustonTX,TX,ei.a,,he.a
i.a,g.a,cabcbcai.a,US,cadff.a,US,NhgfUS,bidf.a,bebaa.a,bebaaac.a,debaa.a,PHL,PhiladelphiaPA,,ec.a,Pennsylvania,
cj.a,,cabcbccj.a,AA,bjiaf.a,AA,NedgAA,,,bbcjiad.a,,DFW,Dallas/FortWorthTX,TX,,Texas,he.a
bf.a,g.a,,UA,bjjhh.a,UA,NebiUA,cic.a,,bdcaeac.a,dbefe.a,MCO,,,,Florida,dd.a
d.a,b.a,cabcbcad.a,US,cadff.a,US,NbchUW,bbfh.a,bebcc.a,bebccac.a,dabji.a,PIT,PittsburghPA,,ec.a,Pennsylvania,
bf.a,,cabcbcbf.a,AA,bjiaf.a,AA,NeYFAA,,,bbcjiad.a,dabje.a,DFW,Dallas/FortWorthTX,TX,,Texas,he.a
bi.a,,cabcbcbi.a,WN,bjdjd.a,WN,,dbgf.a,bdcdc.a,bdcdcac.a,dajhh.a,MDW,,IL,bh.a,Illinois,eb.a
i.a,g.a,,OO,cadae.a,,NgbhQX,eejf.a,,beigjad.a,degbe.a,SLC,SaltLakeCityUT,,ej.a,,
ca.a,e.a,,,bjjhh.a,UA,,dgg.a,bccgg.a,bccggad.a,,IAH,HoustonTX,TX,,Texas,he.a
,c.a,cabcbcbi.a,EV,cadgg.a,EV,,effi.a,bbaec.a,bbaecac.a,dageh.a,,,OH,dj.a,Ohio,ee.a
cg.a,d.a,cabcbccg.a,,caeaj.a,Bg,NhcjJB,dhe.a,bbgjh.a,bbgjhad.a,,FLL,,FL,bc.a,Florida,dd.a
bf.a,g.a,cabcbcbf.a,Bg,caeaj.a,Bg,NcadJB,,bahcb.a,bahcbac.a,dahcb.a,BOS,BostonMA,MA,cf.a,Massachusetts,bd.a
bh.a,,cabcbcbh.a,WN,bjdjd.a,WN,,dcih.a,bciij.a,bciijad.a,dccbb.a,LAS,LasVegasNV,NV,dc.a,Nevada,if.a
ca.a,,cabcbcca.a,DL,bjhja.a,DL,,,bdeih.a,bdeihac.a,,MSP,MinneapolisMN,,ch.a,Minnesota,
,e.a,cabcbcbd.a,,cadgg.a,EV,Nbdjff,effj.a,bbaec.a,bbaecac.a,dageh.a,,,OH,dj.a,Ohio,ee.a
bc.a,,cabcbcbc.a,WN,bjdjd.a,WN,NedjWN,ieh.a,,baicbad.a,daifc.a,BWI,,MD,ce.a,Maryland,df.a
,e.a,,,cadji.a,MQ,NgfeMQ,cidg.a,bcjjc.a,bcjjcae.a,dcgaa.a,,LittleRockAR,AR,f.a,Arkansas,hb.a
,h.a,,MQ,cadji.a,MQ,,dhhc.a,babea.a,babeaac.a,dabea.a,,AlbuquerqueNM,NM,df.a,NewMexico,ig.a
bi.a,,cabcbcbi.a,DL,bjhja.a,DL,,,bahcb.a,bahcbac.a,dahcb.a,,BostonMA,MA,,Massachusetts,bd.a
db.a,b.a,cabcbcdb.a,Bg,caeaj.a,Bg,NiagJB,,bcehi.a,bcehiac.a,,JFK,NewYorkNY,,dg.a,NewYork,cc.a
bh.a,b.a,cabcbcbh.a,Bg,caeaj.a,Bg,,,bdcae.a,bdcaeac.a,dbefe.a,MCO,,,bc.a,Florida,dd.a
b.a,g.a,cabcbcab.a,Bg,caeaj.a,Bg,NgegJB,,bahif.a,bahifac.a,dahif.a,BTV,BurlingtonVT,VT,fa.a,,bg.a
bj.a,d.a,,,bjjhh.a,UA,,bghi.a,bccgg.a,bccggad.a,,IAH,HoustonTX,TX,,Texas,he.a
,f.a,cabcbccb.a,,cadgg.a,EV,,eccf.a,bbcgh.a,bbcghac.a,dbcgh.a,,,OH,dj.a,Ohio,ee.a
db.a,,cabcbcdb.a,AS,bjjda.a,,NhjfAS,,beheh.a,behehad.a,,SEA,SeattleWA,WA,,Washington,
ca.a,,cabcbcca.a,DL,bjhja.a,,,,beghj.a,beghjad.a,,SAN,SanDiegoCA,,,California,
,f.a,,,cadji.a,MQ,NifiMQ,ddbj.a,bbcji.a,bbcjiad.a,dabje.a,,Dallas/FortWorthTX,TX,ei.a,,he.a
j.a,,cabcbcaj.a,WN,bjdjd.a,,NgejSW,dfeb.a,beghj.a,beghjad.a,ddfha.a,SAN,SanDiegoCA,,g.a,California,
cj.a,g.a,,OO,cadae.a,OO,NefjSW,eehb.a,,bbeddac.a,,,,MI,cg.a,Michigan,ed.a
g.a,,cabcbcag.a,DL,bjhja.a,DL,NjfgDL,,bcjfd.a,,dbhad.a,,NewYorkNY,,,NewYork,cc.a
,g.a,cabcbcai.a,,cadgg.a,EV,Nbeffi,fiih.a,bdjda.a,bdjdaac.a,dajhh.a,,,IL,bh.a,Illinois,
,d.a,,,cadji.a,MQ,NgihMQ,cjbh.a,bbcji.a,bbcjiad.a,dabje.a,,Dallas/FortWorthTX,TX,ei.a,,he.a
,d.a,cabcbcbj.a,,cadgg.a,EV,,eeff.a,bccgg.a,bccggad.a,dbefd.a,,HoustonTX,TX,ei.a,,he.a
,d.a,cabcbccg.a,,cadgg.a,EV,NbdbEV,fecd.a,bdifb.a,bdifbad.a,ddifb.a,,OklahomaCityOK,,ea.a,Oklahoma,
bj.a,d.a,,,bjjhh.a,,,bcfj.a,behhb.a,behhbab.a,,SFO,SanFranciscoCA,CA,,California,
d.a,,cabcbcad.a,DL,bjhja.a,DL,NjhfDL,,behda.a,,ddaee.a,,LouisvilleKY,,,Kentucky,
cc.a,g.a,,OO,cadae.a,OO,,gchj.a,bbcjc.a,bbcjcac.a,,,DenverCO,CO,i.a,Colorado,ic.a
,e.a,cabcbcbd.a,,caedh.a,FL,NddiAT,che.a,,bbchiac.a,daifc.a,,,VA,fb.a,,di.a
f.a,d.a,cabcbcaf.a,,cadff.a,US,NgejAW,cfe.a,bebah.a,bebahac.a,daegg.a,PHX,PhoenixAZ,,e.a,Arizona,
h.a,,cabcbcah.a,AA,bjiaf.a,AA,NeWMAA,,,bbcjiad.a,dabje.a,DFW,Dallas/FortWorthTX,TX,,Texas,he.a
bd.a,,cabcbcbd.a,DL,bjhja.a,DL,NjfdDL,,bdcae.a,,dbefe.a,,,,,Florida,dd.a
f.a,,cabcbcaf.a,DL,bjhja.a,DL,NjbgDL,,badjh.a,,dadjh.a,,,GA,,Georgia,de.a
bg.a,h.a,cabcbcbg.a,US,cadff.a,US,NghdAW,gif.a,beafh.a,beafhac.a,deafh.a,PDX,PortlandOR,,eb.a,Oregon,
,d.a,,,cadji.a,MQ,,dcah.a,bcijg.a,bcijgaf.a,dcijg.a,,LubbockTX,,ei.a,,he.a
f.a,,cabcbcaf.a,DL,bjhja.a,DL,NdadDQ,,,bbgbiac.a,dbhad.a,,NewarkNJ,,,NewJersey,cb.a
bg.a,,cabcbcbg.a,WN,bjdjd.a,WN,NgdcSW,deei.a,,bcbjbac.a,dbefd.a,HOU,HoustonTX,TX,ei.a,,he.a
bh.a,b.a,,OO,cadae.a,OO,,gcia.a,baecd.a,baecdac.a,daecd.a,AUS,AustinTX,TX,ei.a,,he.a
cc.a,,cabcbccc.a,WN,bjdjd.a,WN,,efeb.a,bagjd.a,bagjdac.a,,BNA,NashvilleTN,,eh.a,Tennessee,fe.a
ce.a,b.a,,UA,bjjhh.a,UA,,bggg.a,bbgjh.a,bbgjhad.a,,FLL,,FL,,Florida,dd.a
bh.a,,cabcbcbh.a,AS,bjjda.a,AS,,,bdjha.a,bdjhaac.a,ddjha.a,OTZ,KotzebueAK,AK,,Alaska,
bg.a,h.a,cabcbcbg.a,Bg,caeaj.a,Bg,,,bdcae.a,bdcaeac.a,dbefe.a,MCO,,,bc.a,Florida,dd.a
bh.a,b.a,,UA,bjjhh.a,UA,,bbbb.a,bciij.a,bciijad.a,dccbb.a,LAS,LasVegasNV,NV,,Nevada,if.a
h.a,f.a,cabcbcah.a,,cadff.a,US,NhfcUS,cbbe.a,bcjfd.a,bcjfdac.a,dbhad.a,LGA,NewYorkNY,,dg.a,NewYork,cc.a
bb.a,,cabcbcbb.a,AA,bjiaf.a,AA,NfjeAA,,,bcjfdac.a,dbhad.a,LGA,NewYorkNY,,,NewYork,cc.a
,e.a,,,cadji.a,MQ,NggeMQ,cjhg.a,bbcji.a,bbcjiad.a,dabje.a,,Dallas/FortWorthTX,TX,ei.a,,he.a
,f.a,cabcbcah.a,,cadgg.a,,NbddEV,fadi.a,befhg.a,befhgae.a,defhg.a,ROC,RochesterNY,,dg.a,NewYork,
db.a,b.a,cabcbcdb.a,Bg,caeaj.a,Bg,NfceJB,,,bcehiac.a,,JFK,NewYorkNY,,dg.a,NewYork,cc.a
f.a,d.a,,,cadae.a,OO,NedfSW,cgia.a,,bcijcad.a,dcfhf.a,,LosAngelesCA,CA,g.a,California,jb.a
da.a,,cabcbcda.a,WN,bjdjd.a,WN,NcdiWN,cdhg.a,bebcc.a,bebccac.a,,PIT,PittsburghPA,,ec.a,Pennsylvania,
,h.a,cabcbcaj.a,EV,cadgg.a,EV,NjhaEV,fcib.a,badjh.a,,dadjh.a,,,GA,bd.a,Georgia,de.a
,h.a,cabcbcda.a,EV,cadgg.a,EV,Nbdjdg,eech.a,bceei.a,bceeiad.a,dceei.a,,Jackson/VicksburgMS,MS,ci.a,Mississippi,fd.a
j.a,h.a,,OO,cadae.a,,NegeSW,cgch.a,,beigjad.a,degbe.a,SLC,SaltLakeCityUT,,ej.a,,
db.a,,cabcbcdb.a,AA,bjiaf.a,AA,NeceAA,,,bbcjiad.a,,DFW,Dallas/FortWorthTX,TX,,Texas,he.a
,g.a,cabcbcbf.a,FL,caedh.a,FL,NjjfAT,eid.a,bedcb.a,,dedcb.a,,PortlandME,,cd.a,Maine,
,g.a,cabcbcab.a,EV,cadgg.a,EV,Nchjgc,ecif.a,bbgbi.a,bbgbiac.a,dbhad.a,,NewarkNJ,,de.a,NewJersey,cb.a
cf.a,c.a,,UA,bjjhh.a,UA,,bcjf.a,bdjda.a,bdjdaac.a,,ORD,,IL,,Illinois,
cb.a,,cabcbccb.a,WN,bjdjd.a,WN,,eghc.a,bccag.a,bccagad.a,,HRL,Harlingen/SanBenitoTX,TX,ei.a,,he.a
,f.a,cabcbcci.a,,cadgg.a,EV,Nbejeh,eceh.a,bceei.a,bceeiad.a,dceei.a,,Jackson/VicksburgMS,MS,ci.a,Mississippi,fd.a
cd.a,,cabcbccd.a,DL,bjhja.a,,,,begid.a,begidad.a,,SAT,SanAntonioTX,,,Texas,
bc.a,d.a,,,bjjhh.a,UA,NfeaUA,ehh.a,,bahcbac.a,dahcb.a,BOS,BostonMA,MA,,Massachusetts,bd.a
ca.a,e.a,,,bjjhh.a,,,bahd.a,beghj.a,beghjad.a,,SAN,SanDiegoCA,,,California,
bd.a,,cabcbcbd.a,WN,bjdjd.a,WN,NcifWN,bejc.a,bdcae.a,bdcaeac.a,dbefe.a,MCO,,,bc.a,Florida,dd.a
db.a,b.a,cabcbcdb.a,US,cadff.a,US,NhgaUS,bhda.a,bbaec.a,bbaecac.a,,CLE,,OH,dj.a,Ohio,ee.a
be.a,f.a,,,cadae.a,OO,NjfjSW,ffee.a,bbgdh.a,,dbgdh.a,,FargoND,ND,di.a,NorthDakota,gg.a
ci.a,f.a,cabcbcci.a,,cadff.a,US,NbhhUS,jda.a,bbafh.a,bbafhad.a,,CLT,,NC,dh.a,NorthCarolina,dg.a
j.a,h.a,,OO,cadae.a,OO,NfejCA,eegh.a,,bagjdac.a,dagjd.a,,NashvilleTN,,eh.a,Tennessee,fe.a
,d.a,cabcbcaf.a,,cadgg.a,EV,NhfaEV,ejbd.a,bcbjh.a,bcbjhac.a,dbhad.a,,WhitePlainsNY,NY,dg.a,NewYork,cc.a
,b.a,cabcbcbh.a,EV,cadgg.a,EV,,gaec.a,bdacj.a,bdacjac.a,ddacj.a,,LincolnNE,NE,db.a,Nebraska,gf.a
g.a,e.a,,,cadae.a,,NfhiSW,fefe.a,,behhbab.a,dcefh.a,SFO,SanFranciscoCA,CA,g.a,California,
bg.a,,cabcbcbg.a,WN,bjdjd.a,WN,,bccb.a,bdcae.a,bdcaeac.a,dbefe.a,MCO,,,bc.a,Florida,dd.a
ba.a,,cabcbcba.a,DL,bjhja.a,DL,NfieNW,,,bcbhdab.a,dcbde.a,,HonoluluHI,HI,,Hawaii,c.a
ba.a,b.a,,UA,bjjhh.a,UA,Ncgcai,beed.a,bcijc.a,bcijcad.a,dcfhf.a,LAX,LosAngelesCA,CA,,California,jb.a
bi.a,,cabcbbbi.a,AA,bjiaf.a,AA,,,bcjfd.a,bcjfdac.a,,LGA,NewYorkNY,,,NewYork,cc.a
da.a,h.a,cabcbcda.a,Bg,caeaj.a,Bg,NgcjJB,,,bdcaeac.a,,MCO,,,bc.a,Florida,dd.a
,f.a,,,cadji.a,MQ,NiajMQ,eace.a,bdjda.a,bdjdaac.a,dajhh.a,,,IL,bh.a,Illinois,
bj.a,d.a,cabcbcbj.a,,caeaj.a,Bg,,cfa.a,bcjfe.a,bcjfeac.a,,LGB,LongBeachCA,CA,g.a,California,jb.a
da.a,h.a,cabcbcda.a,US,cadff.a,US,NhgcUS,bffb.a,bbgjh.a,bbgjhad.a,,FLL,,FL,bc.a,Florida,dd.a
cd.a,h.a,cabcbccd.a,Bg,caeaj.a,Bg,,,bcjfd.a,bcjfdac.a,,LGA,NewYorkNY,,dg.a,NewYork,cc.a
f.a,d.a,,,cadae.a,OO,NhifSK,gefd.a,bcijc.a,bcijcad.a,dcfhf.a,,LosAngelesCA,CA,g.a,California,jb.a
bf.a,g.a,,OO,cadae.a,,NcjhSW,gfcg.a,,bejafad.a,dejaf.a,SMX,SantaMariaCA,CA,g.a,California,jb.a
cg.a,,cabcbccg.a,WN,bjdjd.a,WN,NgafSW,eide.a,,baicbad.a,,BWI,,MD,ce.a,Maryland,df.a
be.a,f.a,cabcbcbe.a,,cadff.a,US,NjeiUW,biae.a,bebaa.a,,debaa.a,PHL,PhiladelphiaPA,,ec.a,Pennsylvania,
,g.a,cabcbccc.a,Fj,caedg.a,Fj,,caa.a,baegg.a,baeggac.a,daegg.a,,PhoenixAZ,,e.a,Arizona,ib.a
i.a,g.a,cabcbcai.a,YV,cadhi.a,YV,NjbcFJ,cgje.a,bcjfe.a,,dcfhf.a,LGB,LongBeachCA,CA,g.a,California,jb.a
,f.a,cabcbcbe.a,,cadgg.a,EV,Nbgjch,eded.a,bebjd.a,bebjdad.a,ddhci.a,,,,bc.a,Florida,
,b.a,cabcbcad.a,EV,cadgg.a,EV,NihiAS,feec.a,badjh.a,badjhaf.a,dadjh.a,,,GA,bd.a,Georgia,de.a
e.a,c.a,cabcbcae.a,YV,cadhi.a,YV,NjdbLR,cgfc.a,bdejf.a,,ddejf.a,MSY,NewOrleansLA,,cc.a,Louisiana,
bj.a,,cabcbcbj.a,WN,bjdjd.a,WN,,bcef.a,bbaec.a,bbaecac.a,,CLE,ClevelandOH,OH,dj.a,Ohio,ee.a
,f.a,cabcbcci.a,,cadgg.a,EV,Nbgfhb,ehaj.a,bbgbi.a,bbgbiac.a,dbhad.a,,NewarkNJ,,de.a,NewJersey,cb.a
,b.a,cabcbcdb.a,EV,cadgg.a,EV,Ncfbde,eeej.a,bbjhd.a,bbjhdac.a,dbjhd.a,,Gulfport/BiloxiMS,MS,ci.a,Mississippi,fd.a
bj.a,d.a,,,,,,ehcg.a,beigj.a,beigjad.a,,SLC,SaltLakeCityUT,,ej.a,,
b.a,,cabcbcab.a,WN,bjdjd.a,WN,NjdiWN,bgje.a,bcbjb.a,,dbefd.a,HOU,HoustonTX,TX,ei.a,,he.a
,f.a,cabcbccb.a,,cadgg.a,EV,,fjja.a,bdacj.a,bdacjac.a,ddacj.a,,LincolnNE,NE,db.a,Nebraska,gf.a
be.a,,cabcbcbe.a,DL,bjhja.a,DL,NdhiDA,,,bcjfdac.a,dbhad.a,,NewYorkNY,,,NewYork,cc.a
cg.a,,cabcbccg.a,AA,bjiaf.a,AA,NecfAA,,,bbgbiac.a,,EWR,NewarkNJ,,,NewJersey,cb.a
ba.a,,cabcbcba.a,WN,bjdjd.a,WN,NeegWN,dgfg.a,,bafjjae.a,dafjj.a,BHM,BirminghamAL,AL,b.a,Alabama,fb.a
bf.a,,cabcbcbf.a,AS,bjjda.a,AS,NfbeAS,,,bagggac.a,daggg.a,BLI,BellinghamWA,WA,,Washington,jd.a
ce.a,b.a,,UA,bjjhh.a,UA,,bgci.a,bccgg.a,bccggad.a,,IAH,HoustonTX,TX,,Texas,he.a
bf.a,,cabcbcbf.a,AA,bjiaf.a,AA,NdCYAA,,,bdjdaac.a,dajhh.a,ORD,,IL,,Illinois,
bb.a,,cabcbcbb.a,WN,,,NcijCT,gcf.a,bfdae.a,bfdaeac.a,ddbjf.a,TPA,,FL,bc.a,Florida,dd.a
cc.a,,cabcbccc.a,DL,bjhja.a,DL,,,bbafh.a,bbafhad.a,,,,NC,,NorthCarolina,dg.a
b.a,g.a,,OO,cadae.a,OO,NjieCA,gbjh.a,baiaa.a,,dcfhf.a,,BurbankCA,CA,g.a,California,jb.a
cj.a,,cabcbccj.a,DL,bjhja.a,DL,NjbaDL,,badjh.a,,,,,GA,,Georgia,de.a
,d.a,cabcbccg.a,,cadgg.a,EV,NidjAS,ejig.a,bdihb.a,bdihbac.a,dddbg.a,,OmahaNE,,db.a,Nebraska,
,b.a,cabcbcce.a,EV,cadgg.a,EV,,fjii.a,bccge.a,bccgeac.a,daifc.a,,,VA,fb.a,,di.a
cf.a,,cabcbbcf.a,AA,bjiaf.a,AA,,,bbcjc.a,bbcjcac.a,,DEN,DenverCO,CO,,Colorado,ic.a
d.a,b.a,cabcbcad.a,YV,,YV,NjbbFJ,chja.a,bfdhg.a,,daedg.a,TUS,TucsonAZ,AZ,e.a,Arizona,ib.a
j.a,h.a,cabcbcaj.a,US,cadff.a,US,NiafAW,cdj.a,bebah.a,bebahac.a,daegg.a,PHX,PhoenixAZ,,e.a,Arizona,
,b.a,,MQ,cadji.a,MQ,NidhMQ,ebii.a,bdjda.a,bdjdaac.a,dajhh.a,,,IL,bh.a,Illinois,
db.a,,cabcbcdb.a,WN,bjdjd.a,WN,NcjgWN,dcd.a,,bdeihac.a,,MSP,MinneapolisMN,,ch.a,Minnesota,
bc.a,d.a,,,cadae.a,OO,NfhiSW,gcge.a,,bbgdiae.a,dbgdi.a,,FresnoCA,CA,g.a,California,jb.a
ca.a,,cabcbcca.a,WN,,,,ddei.a,bfdae.a,bfdaeac.a,,TPA,,FL,bc.a,Florida,dd.a
e.a,c.a,,OO,cadae.a,OO,NhjdSK,fcbb.a,bafgb.a,bafgbad.a,dafgb.a,,BakersfieldCA,CA,g.a,California,jb.a
,d.a,,,cadji.a,MQ,NjaiMQ,cicj.a,bdchh.a,,ddchh.a,,MontgomeryAL,,b.a,Alabama,fb.a
c.a,h.a,cabcbcac.a,US,cadff.a,US,NhgfUS,hcf.a,bbafh.a,bbafhad.a,dbafh.a,CLT,,NC,dh.a,NorthCarolina,dg.a
,e.a,,,cadji.a,,NghbMQ,djji.a,befce.a,befceab.a,defce.a,RIC,,,fb.a,,
ce.a,,cabcbcce.a,DL,bjhja.a,DL,,,bcbhd.a,bcbhdab.a,,,HonoluluHI,HI,,Hawaii,c.a
d.a,,cabcbcad.a,AA,bjiaf.a,AA,NfjcAA,,,bbcjiad.a,dabje.a,DFW,Dallas/FortWorthTX,TX,,Texas,he.a
ba.a,b.a,,OO,cadae.a,OO,NjiiCA,gfbb.a,bdjda.a,,dajhh.a,,,IL,bh.a,Illinois,
ch.a,e.a,cabcbcch.a,,cadhi.a,YV,Nhfjje,baee.a,bceac.a,bceacad.a,,ITO,HiloHI,HI,bf.a,Hawaii,c.a
,d.a,cabcbcbc.a,EV,cadgg.a,EV,Nbejga,fice.a,babdf.a,babdfad.a,dabdf.a,,Allentown/Bethlehem/EastonPA,PA,ec.a,Pennsylvania,cd.a
bj.a,,cabcbcbj.a,AA,bjiaf.a,AA,,,bdjda.a,bdjdaac.a,,ORD,,IL,,Illinois,
ch.a,,cabcbcch.a,AS,bjjda.a,,NfbeAS,,,behehad.a,,SEA,SeattleWA,WA,,Washington,
cf.a,,cabcbccf.a,AA,bjiaf.a,AA,,,bbcji.a,bbcjiad.a,,DFW,Dallas/FortWorthTX,TX,,Texas,he.a
,b.a,cabcbcdb.a,EV,cadgg.a,EV,Nbdjgf,ecbg.a,bbgbi.a,bbgbiac.a,dbhad.a,,NewarkNJ,,de.a,NewJersey,cb.a
,g.a,cabcbccc.a,EV,cadgg.a,EV,,fjfj.a,bbcjc.a,bbcjcac.a,dadcf.a,,DenverCO,CO,i.a,Colorado,ic.a
c.a,h.a,cabcbcac.a,US,cadff.a,US,NfffAY,bbja.a,,bdcaeac.a,dbefe.a,MCO,,,bc.a,Florida,dd.a
ci.a,,cabcbcci.a,WN,bjdjd.a,WN,NhdbSA,dhcg.a,bciij.a,bciijad.a,,LAS,LasVegasNV,NV,dc.a,Nevada,if.a
cc.a,,cabcbccc.a,DL,bjhja.a,DL,,,bbedd.a,bbeddac.a,,,,MI,,Michigan,ed.a
be.a,f.a,,,bjjhh.a,UA,NidfUA,dgg.a,bbaec.a,bbaecac.a,dageh.a,CLE,,OH,,Ohio,ee.a
cc.a,,cabcbccc.a,WN,bjdjd.a,WN,,ccdg.a,bciij.a,bciijad.a,,LAS,LasVegasNV,NV,dc.a,Nevada,if.a
d.a,,cabcbcad.a,WN,bjdjd.a,WN,NgbbSW,ief.a,,bagjdac.a,dagjd.a,BNA,NashvilleTN,,eh.a,Tennessee,fe.a
,h.a,cabcbcaj.a,EV,cadgg.a,EV,NichAS,fhda.a,bccge.a,bccgeac.a,daifc.a,,,VA,fb.a,,di.a
,d.a,cabcbcbj.a,EV,cadgg.a,EV,,ebha.a,baicb.a,baicbad.a,daifc.a,,,MD,ce.a,Maryland,df.a
,b.a,,MQ,cadji.a,MQ,NfciMQ,dgii.a,,bdejfac.a,ddejf.a,,NewOrleansLA,,cc.a,Louisiana,
bg.a,,cabcbcbg.a,WN,bjdjd.a,,NeihWN,dgad.a,,befhaac.a,defha.a,RNO,RenoNV,,dc.a,Nevada,
j.a,h.a,,UA,bjjhh.a,UA,Nihfch,bgab.a,bciij.a,bciijad.a,dccbb.a,LAS,LasVegasNV,NV,,Nevada,if.a
ca.a,e.a,cabcbcca.a,,cadhi.a,YV,,cghc.a,bbafh.a,bbafhad.a,,CLT,,NC,dh.a,NorthCarolina,dg.a
f.a,,cabcbcaf.a,AA,bjiaf.a,AA,NfchAA,,,bbcjiad.a,dabje.a,DFW,Dallas/FortWorthTX,TX,,Texas,he.a
i.a,,cabcbcai.a,DL,bjhja.a,DL,NdfjNW,,,bbcjcac.a,dadcf.a,,DenverCO,CO,i.a,Colorado,ic.a
,h.a,,MQ,cadji.a,MQ,NhdeMQ,efea.a,bcjfd.a,bcjfdac.a,dbhad.a,,NewYorkNY,,dg.a,NewYork,cc.a
,d.a,cabcbcbc.a,EV,,,NhahEV,fcfj.a,bfcej.a,bfcejac.a,dfcej.a,TLH,,FL,bc.a,Florida,dd.a
ch.a,e.a,cabcbcch.a,,cbbhb.a,VX,NiecVA,cf.a,bcehi.a,bcehiac.a,,JFK,NewYorkNY,,dg.a,NewYork,cc.a
ci.a,f.a,,,cadae.a,OO,NcddSW,gebh.a,bcijc.a,bcijcad.a,,LAX,LosAngelesCA,CA,g.a,California,jb.a
b.a,,cabcbcab.a,AA,bjiaf.a,AA,NdBMAA,,,bcjfdac.a,dbhad.a,LGA,NewYorkNY,,,NewYork,cc.a
,f.a,,,cadji.a,MQ,NghbMQ,deji.a,bcefb.a,bcefbac.a,dbbdg.a,,,FL,bc.a,Florida,dd.a
,,,HA,bjgja.a,HA,,cea.a,bcjic.a,bcjicac.a,dcjic.a,,LihueHI,HI,bf.a,Hawaii,c.a
,b.a,cabcbcba.a,EV,cadgg.a,EV,Neijab,egij.a,,badjhaf.a,dadjh.a,,,GA,bd.a,Georgia,de.a
cg.a,,cabcbccg.a,DL,bjhja.a,DL,Ndhgf,,,bcehiac.a,,,NewYorkNY,,,NewYork,cc.a
g.a,e.a,,,,,NibaSK,efhc.a,beigj.a,beigjad.a,degbe.a,SLC,SaltLakeCityUT,,ej.a,,
ch.a,,cabcbcch.a,AA,bjiaf.a,AA,NeWNAA,,,bbcjiad.a,,DFW,Dallas/FortWorthTX,TX,,Texas,he.a
b.a,g.a,cabcbcab.a,US,cadff.a,US,NecfUS,beee.a,,bbafhad.a,dbafh.a,CLT,,NC,dh.a,NorthCarolina,dg.a
be.a,f.a,cabcbcbe.a,,caeaj.a,Bg,NcgfJB,ffj.a,bcbjh.a,bcbjhac.a,dbhad.a,HPN,WhitePlainsNY,NY,dg.a,NewYork,cc.a
cj.a,,cabcbccj.a,DL,bjhja.a,DL,NjfiDN,,badjh.a,,,,,GA,,Georgia,de.a
cd.a,,cabcbccd.a,AA,bjiaf.a,AA,,,bbcji.a,bbcjiad.a,,DFW,Dallas/FortWorthTX,TX,,Texas,he.a
f.a,,cabcbcaf.a,AS,bjjda.a,AS,NhigAS,,bacjj.a,bacjjae.a,dacjj.a,ANC,AnchorageAK,AK,,Alaska,b.a
,e.a,,,cadji.a,MQ,,cjfe.a,bbcji.a,bbcjiad.a,dabje.a,,Dallas/FortWorthTX,TX,ei.a,,he.a
cj.a,g.a,cabcbccj.a,US,cadff.a,US,NgeiAW,eah.a,bebah.a,bebahac.a,,PHX,PhoenixAZ,,e.a,Arizona,
bb.a,,cabcbcbb.a,DL,bjhja.a,DL,NdcdUS,,,bdceeac.a,ddcee.a,,MemphisTN,,,Tennessee,fe.a
d.a,b.a,cabcbcad.a,US,cadff.a,US,NhddUW,bggh.a,bbafh.a,bbafhad.a,dbafh.a,CLT,,NC,dh.a,NorthCarolina,dg.a
,e.a,cabcbcag.a,,cadgg.a,EV,Nbbbcb,edff.a,bcefb.a,bcefbac.a,dbbdg.a,,,FL,bc.a,Florida,dd.a
be.a,f.a,,,cadae.a,,NeajSW,efec.a,,beigjad.a,degbe.a,SLC,SaltLakeCityUT,,ej.a,,
bg.a,,cabcbcbg.a,WN,bjdjd.a,WN,,dgah.a,bdbji.a,bdbjiab.a,ddbji.a,MCI,KansasCityMO,MO,cj.a,Missouri,ge.a
bd.a,e.a,,,bjjhh.a,UA,Ncbbai,bgja.a,bbgbi.a,bbgbiac.a,dbhad.a,EWR,NewarkNJ,,,NewJersey,cb.a
db.a,,cabcbcdb.a,WN,bjdjd.a,WN,NediWN,gah.a,,bbaecac.a,dageh.a,CLE,,OH,dj.a,Ohio,ee.a
b.a,,cabcbbab.a,AA,bjiaf.a,AA,NdECAA,,,bciijad.a,dccbb.a,LAS,LasVegasNV,NV,,Nevada,if.a
i.a,g.a,cabcbcai.a,VX,cbbhb.a,VX,NidfVA,cf.a,bcehi.a,bcehiac.a,dbhad.a,JFK,NewYorkNY,,dg.a,NewYork,cc.a
cd.a,h.a,,OO,cadae.a,OO,,ffbg.a,bahbd.a,bahbdac.a,,BOI,BoiseID,ID,bg.a,Idaho,id.a
db.a,b.a,,OO,cadae.a,OO,NjcaSW,fgda.a,bbfea.a,,,ELP,ElPasoTX,TX,ei.a,,he.a
i.a,g.a,,OO,cadae.a,OO,NicbSK,efef.a,bdeih.a,bdeihac.a,dbgfa.a,MSP,MinneapolisMN,,ch.a,Minnesota,
,d.a,cabcbcbj.a,EV,cadgg.a,EV,,fjcj.a,bdjda.a,bdjdaac.a,dajhh.a,,,IL,bh.a,Illinois,
ch.a,e.a,,,bjjhh.a,,Nbghdc,bfcd.a,behhb.a,behhbab.a,,SFO,SanFranciscoCA,CA,,California,
da.a,h.a,,OO,,,NicfSK,efdh.a,beigj.a,beigjad.a,,SLC,SaltLakeCityUT,,ej.a,,
bd.a,,cabcbcbd.a,AA,bjiaf.a,AA,NfdgAA,,,bbcjiad.a,dabje.a,DFW,Dallas/FortWorthTX,TX,,Texas,he.a
,,,HA,bjgja.a,HA,NehjHA,caf.a,,bdidaac.a,ddida.a,,KahuluiHI,HI,bf.a,Hawaii,
bf.a,,cabcbcbf.a,AA,bjiaf.a,AA,NfcaAA,,,bbcjiad.a,dabje.a,DFW,Dallas/FortWorthTX,TX,,Texas,he.a
,b.a,,MQ,cadji.a,MQ,NieiMQ,cijd.a,bceei.a,bceeiad.a,dceei.a,,Jackson/VicksburgMS,MS,ci.a,Mississippi,fd.a
c.a,h.a,,OO,cadae.a,,NcieYV,fgfe.a,behhb.a,behhbab.a,dcefh.a,SFO,SanFranciscoCA,CA,g.a,California,
c.a,h.a,,UA,bjjhh.a,UA,NfigUA,hgd.a,,bcjfdac.a,dbhad.a,LGA,NewYorkNY,,,NewYork,cc.a
cb.a,,cabcbccb.a,WN,bjdjd.a,WN,,hgd.a,bddec.a,bddecaf.a,,MKE,MilwaukeeWI,,ff.a,,ef.a
cg.a,,cabcbccg.a,DL,bjhja.a,DL,NjahDL,,badjh.a,,,,,GA,,Georgia,de.a
g.a,,cabcbcag.a,AA,bjiaf.a,AA,NfaeAA,,,bbcjiad.a,dabje.a,DFW,Dallas/FortWorthTX,TX,,Texas,he.a
b.a,g.a,,OO,cadae.a,OO,NjahSW,cjib.a,bebah.a,,daegg.a,PHX,PhoenixAZ,,e.a,Arizona,
cf.a,c.a,cabcbccf.a,US,cadff.a,US,,bgjh.a,bbafh.a,bbafhad.a,,CLT,,NC,dh.a,NorthCarolina,dg.a
j.a,h.a,cabcbcaj.a,YV,cadhi.a,YV,NfbbMJ,dhdf.a,,badjhaf.a,dadjh.a,ATL,,GA,bd.a,Georgia,de.a
,b.a,cabcbcba.a,EV,cadgg.a,EV,NhffEV,fdjh.a,badjh.a,badjhaf.a,dadjh.a,,,GA,bd.a,Georgia,de.a
h.a,,cabcbbah.a,AA,bjiaf.a,AA,NfgiAA,,,bdijbab.a,dcfhf.a,ONT,OntarioCA,,,California,
,c.a,cabcbcbi.a,EV,cadgg.a,EV,,eeeg.a,bccgg.a,bccggad.a,dbefd.a,,HoustonTX,TX,ei.a,,he.a
bc.a,,cabcbcbc.a,DL,bjhja.a,,NhccTW,,behhb.a,behhbab.a,dcefh.a,SFO,SanFranciscoCA,CA,,California,
h.a,f.a,,,bjjhh.a,,NeccUA,gfa.a,,behehad.a,daffj.a,SEA,SeattleWA,WA,,Washington,
f.a,,cabcbcaf.a,WN,bjdjd.a,WN,NebeWN,iij.a,,bddecaf.a,dddec.a,MKE,MilwaukeeWI,,ff.a,,ef.a
cg.a,d.a,,OO,cadae.a,OO,NiacSK,eefb.a,bdeih.a,bdeihac.a,,MSP,MinneapolisMN,,ch.a,Minnesota,
da.a,,cabcbcda.a,WN,,,NgehSW,bihf.a,bfabg.a,bfabgad.a,,STL,St.LouisMO,MO,cj.a,Missouri,ge.a
cb.a,,cabcbccb.a,DL,bjhja.a,DL,,,babea.a,babeaac.a,,,AlbuquerqueNM,NM,,NewMexico,ig.a
cg.a,d.a,cabcbccg.a,US,cadff.a,US,NecaUS,bghf.a,,bbafhad.a,,CLT,,NC,dh.a,NorthCarolina,dg.a
,g.a,cabcbccc.a,EV,cadgg.a,EV,,eije.a,badjh.a,badjhaf.a,dadjh.a,,,GA,bd.a,Georgia,de.a
e.a,c.a,cabcbcae.a,US,,,NhddUW,bcfb.a,bfabg.a,bfabgad.a,dbbcd.a,STL,St.LouisMO,MO,cj.a,Missouri,ge.a
,c.a,cabcbcae.a,EV,cadgg.a,EV,NifcAS,ejhi.a,bbbjd.a,bbbjdac.a,ddbaf.a,,CincinnatiOH,KY,cb.a,Kentucky,fc.a
bg.a,h.a,cabcbcbg.a,US,cadff.a,US,,bif.a,bebah.a,bebahac.a,daegg.a,PHX,PhoenixAZ,,e.a,Arizona,
,,,HA,bjgja.a,HA,NehhHA,dag.a,,bcbhdab.a,dcbde.a,,HonoluluHI,HI,bf.a,Hawaii,c.a
cd.a,h.a,,OO,cadae.a,OO,,fbib.a,bccgg.a,bccggad.a,,IAH,HoustonTX,TX,ei.a,,he.a
cd.a,,cabcbccd.a,WN,bjdjd.a,WN,,bb.a,bcbjb.a,bcbjbac.a,,HOU,HoustonTX,TX,ei.a,,he.a
bd.a,,cabcbcbd.a,WN,bjdjd.a,WN,NcbdWN,cfic.a,bcbjb.a,bcbjbac.a,dbefd.a,HOU,HoustonTX,TX,ei.a,,he.a
bj.a,,cabcbcbj.a,WN,bjdjd.a,WN,,chgj.a,bbcjc.a,bbcjcac.a,,DEN,DenverCO,CO,i.a,Colorado,ic.a
bj.a,d.a,,OO,cadae.a,OO,,hdia.a,bajbi.a,bajbiac.a,,CDC,CedarCityUT,UT,ej.a,,ih.a
,c.a,cabcbcbi.a,EV,cadgg.a,EV,,edea.a,bcjfb.a,bcjfbac.a,dcjfb.a,,LafayetteLA,LA,cc.a,Louisiana,hc.a
bd.a,e.a,,,bjjhh.a,,NhhcUA,dff.a,behhb.a,behhbab.a,dcefh.a,SFO,SanFranciscoCA,CA,,California,
ca.a,,cabcbcca.a,AA,bjiaf.a,AA,,,bbcji.a,bbcjiad.a,,DFW,Dallas/FortWorthTX,TX,,Texas,he.a
cf.a,c.a,,UA,bjjhh.a,UA,,ehg.a,bbcjc.a,bbcjcac.a,,DEN,DenverCO,CO,,Colorado,ic.a
b.a,g.a,cabcbcab.a,US,cadff.a,US,NibjAW,fid.a,bcijc.a,bcijcad.a,dcfhf.a,LAX,LosAngelesCA,CA,g.a,California,jb.a
ce.a,,cabcbcce.a,WN,bjdjd.a,WN,,bcgf.a,baicb.a,baicbad.a,,BWI,,MD,ce.a,Maryland,df.a
cf.a,c.a,,OO,cadae.a,OO,,ejgj.a,badjh.a,badjhaf.a,,ATL,,GA,bd.a,Georgia,de.a
d.a,,cabcbcad.a,WN,bjdjd.a,WN,NidcfD,dadb.a,bahjc.a,bahjcae.a,dahjc.a,BUF,BuffaloNY,NY,dg.a,NewYork,cc.a
j.a,,cabcbcaj.a,AS,bjjda.a,AS,NfejAS,,,bdcaeac.a,dbefe.a,MCO,,,,Florida,dd.a
c.a,,cabcbcac.a,DL,bjhja.a,DL,NjdcDL,,badjh.a,,dadjh.a,,,GA,,Georgia,de.a
cc.a,,cabcbccc.a,WN,,,,ehag.a,beidb.a,beidbad.a,,SJC,SanJoseCA,CA,g.a,California,
bh.a,b.a,,OO,cadae.a,OO,,efcc.a,bbgei.a,bbgeiac.a,dbgei.a,FCA,KalispellMT,MT,da.a,Montana,ie.a
ca.a,,cabcbcca.a,WN,,,,ceja.a,bfdha.a,bfdhaac.a,,TUL,TulsaOK,OK,ea.a,Oklahoma,hd.a
cb.a,,cabcbccb.a,AS,bjjda.a,AS,,,beafh.a,beafhac.a,,PDX,PortlandOR,,,Oregon,
,h.a,cabcbcaj.a,EV,cadgg.a,EV,NideAS,fhbe.a,bccge.a,bccgeac.a,daifc.a,,,VA,fb.a,,di.a
d.a,,cabcbcad.a,WN,,WN,NjccWN,bgbh.a,beijd.a,,ddbjc.a,SMF,SacramentoCA,,g.a,California,
g.a,e.a,,,bjjhh.a,UA,NfjiUA,hij.a,,bcbhdab.a,dcbde.a,HNL,HonoluluHI,HI,,Hawaii,c.a
bi.a,c.a,,OO,cadae.a,OO,,egaf.a,bdcee.a,bdceeac.a,,MEM,MemphisTN,,eh.a,Tennessee,fe.a
,e.a,cabcbcca.a,,caedh.a,FL,,bed.a,badjh.a,badjhaf.a,dadjh.a,,,GA,bd.a,Georgia,de.a
,f.a,,,cadji.a,MQ,NiabMQ,cidh.a,bbcji.a,bbcjiad.a,dabje.a,,Dallas/FortWorthTX,TX,ei.a,,he.a
,g.a,,MQ,cadji.a,MQ,,dfcg.a,bebjd.a,bebjdad.a,ddhci.a,,,,bc.a,Florida,
,h.a,cabcbcda.a,Fj,caedg.a,Fj,NcadFR,ghj.a,bdcae.a,bdcaeac.a,dbefe.a,,,,bc.a,Florida,dd.a
e.a,,cabcbcae.a,WN,bjdjd.a,WN,NecbLV,eji.a,,bdbjiab.a,ddbji.a,MCI,KansasCityMO,MO,cj.a,Missouri,ge.a
cd.a,,cabcbccd.a,WN,,,,bbef.a,bfabg.a,bfabgad.a,,STL,St.LouisMO,MO,cj.a,Missouri,ge.a
e.a,c.a,,UA,bjjhh.a,UA,NiedUA,fgd.a,bdjda.a,bdjdaac.a,dajhh.a,ORD,,IL,,Illinois,
bg.a,,cabcbcbg.a,WN,bjdjd.a,WN,NhfcSW,cfg.a,bcbjb.a,bcbjbac.a,dbefd.a,HOU,HoustonTX,TX,ei.a,,he.a
cf.a,c.a,,UA,bjjhh.a,UA,,icc.a,bccge.a,bccgeac.a,,IAD,,VA,,Virginia,di.a
bd.a,e.a,,,cadae.a,OO,NjhfSW,gbjc.a,bbcjc.a,,dadcf.a,DEN,DenverCO,CO,i.a,Colorado,ic.a
,b.a,,MQ,cadji.a,MQ,NgjgMQ,dffg.a,bebcc.a,bebccac.a,dabji.a,,PittsburghPA,,ec.a,Pennsylvania,
bc.a,,cabcbcbc.a,WN,bjdjd.a,WN,NjdeWN,die.a,babea.a,,dabea.a,ABQ,AlbuquerqueNM,NM,df.a,NewMexico,ig.a
ce.a,b.a,cabcbcce.a,Bg,,,,,beied.a,beiedad.a,,SJU,SanJuanPR,PR,hc.a,,
,c.a,cabcbcae.a,EV,cadgg.a,EV,Nbdjbe,ebdf.a,bbafh.a,bbafhad.a,dbafh.a,,,NC,dh.a,NorthCarolina,dg.a
b.a,,cabcbcab.a,WN,bjdjd.a,WN,NhfiSW,ccec.a,badjh.a,badjhaf.a,dadjh.a,ATL,,GA,bd.a,Georgia,de.a
be.a,,cabcbcbe.a,DL,bjhja.a,DL,NjgcDL,,bajje.a,,dajje.a,,,SC,,SouthCarolina,dh.a
,b.a,,MQ,cadji.a,MQ,NicfMQ,chbb.a,bbcji.a,bbcjiad.a,dabje.a,,Dallas/FortWorthTX,TX,ei.a,,he.a
,d.a,,MQ,cadji.a,MQ,NiadMQ,ddfh.a,bdecc.a,bdeccac.a,dafgc.a,,MobileAL,,b.a,Alabama,
i.a,g.a,,UA,bjjhh.a,UA,Nhhihb,bgd.a,bcbhd.a,bcbhdab.a,dcbde.a,HNL,HonoluluHI,HI,,Hawaii,c.a
cd.a,,cabcbccd.a,WN,bjdjd.a,WN,,dghf.a,bcbjb.a,bcbjbac.a,,HOU,HoustonTX,TX,ei.a,,he.a
,,,HA,bjgja.a,HA,NehhHA,bfg.a,,bcbhdab.a,dcbde.a,,HonoluluHI,HI,bf.a,Hawaii,c.a
bf.a,,cabcbcbf.a,AS,bjjda.a,,NgbdAS,,,behehad.a,daffj.a,SEA,SeattleWA,WA,,Washington,
g.a,,cabcbbag.a,AA,bjiaf.a,AA,NdbjAA,,,bcijcad.a,dcfhf.a,LAX,LosAngelesCA,CA,,California,jb.a
,d.a,cabcbccg.a,EV,cadgg.a,EV,NiedAS,fbce.a,bbgbh.a,bbgbhaf.a,dbgbh.a,,,,dh.a,NorthCarolina,dg.a
,f.a,cabcbcah.a,,cadgg.a,EV,Nbjffe,fjfj.a,bbcad.a,bbcadac.a,daece.a,,MosineeWI,,ff.a,,ef.a
bc.a,d.a,,OO,cadae.a,OO,NgdaSK,eidd.a,,becfcac.a,decfc.a,PSC,Pasco/Kennewick/RichlandWA,,fd.a,,
cb.a,f.a,,,cadae.a,OO,,geae.a,bbgad.a,bbgadac.a,,EUG,EugeneOR,OR,eb.a,Oregon,jc.a
,h.a,cabcbccd.a,EV,cadgg.a,EV,,fcde.a,bbagg.a,bbaggac.a,dbagg.a,,,OH,dj.a,Ohio,ee.a
cd.a,,cabcbccd.a,AA,bjiaf.a,AA,,,bciij.a,bciijad.a,,LAS,LasVegasNV,NV,,Nevada,if.a
cj.a,,cabcbccj.a,DL,bjhja.a,DL,NjaeDE,,bcehi.a,bcehiac.a,,,NewYorkNY,,,NewYork,cc.a
,f.a,cabcbccb.a,,cadgg.a,EV,,fjfe.a,bbcjc.a,bbcjcac.a,dadcf.a,,DenverCO,CO,i.a,Colorado,ic.a
,g.a,,MQ,cadji.a,MQ,NgciMQ,dfhe.a,,bddadad.a,dcegh.a,,,,bc.a,Florida,dd.a
bh.a,,cabcbcbh.a,DL,bjhja.a,DL,,,badjh.a,badjhaf.a,dadjh.a,,,GA,,Georgia,de.a
h.a,f.a,,,bjjhh.a,UA,Ngiefc,bcfd.a,bcijc.a,bcijcad.a,dcfhf.a,LAX,LosAngelesCA,CA,,California,jb.a
bd.a,e.a,cabcbcbd.a,,cadff.a,US,NiddAW,fhe.a,bebah.a,bebahac.a,daegg.a,PHX,PhoenixAZ,,e.a,Arizona,
bb.a,c.a,,UA,bjjhh.a,UA,Ndgceh,bacd.a,,bdjdaac.a,dajhh.a,ORD,,IL,,Illinois,
i.a,g.a,,OO,cadae.a,OO,NjfbSW,eehh.a,bdeih.a,,dbgfa.a,MSP,MinneapolisMN,,ch.a,Minnesota,
e.a,c.a,,UA,bjjhh.a,UA,Nhgfae,bcec.a,bbgbi.a,bbgbiac.a,dbhad.a,EWR,NewarkNJ,,,NewJersey,cb.a
ce.a,,cabcbcce.a,WN,bjdjd.a,WN,,ddj.a,bbcjc.a,bbcjcac.a,,DEN,DenverCO,CO,i.a,Colorado,ic.a
,c.a,cabcbcbi.a,EV,cadgg.a,EV,,egje.a,bddec.a,bddecaf.a,dddec.a,,MilwaukeeWI,,ff.a,,ef.a
ci.a,,cabcbcci.a,DL,bjhja.a,DL,NjfhDL,,bbafh.a,,,,,NC,,NorthCarolina,dg.a
e.a,,cabcbcae.a,WN,bjdjd.a,,NhegSW,ihg.a,begid.a,begidad.a,ddcbe.a,SAT,SanAntonioTX,,ei.a,,
cj.a,g.a,cabcbccj.a,US,cadff.a,US,NfeeUW,cjj.a,,bbafhad.a,,CLT,,NC,dh.a,NorthCarolina,dg.a
bf.a,g.a,cabcbcbf.a,YV,cadhi.a,YV,NfaiMJ,dhda.a,,bdjdaac.a,dajhh.a,ORD,,IL,bh.a,Illinois,
bc.a,,cabcbcbc.a,AA,bjiaf.a,AA,NdGBAA,,,bddadad.a,dcegh.a,MIA,,,,Florida,dd.a
da.a,,cabcbcda.a,WN,bjdjd.a,WN,NhgiSW,ejfa.a,bdcae.a,bdcaeac.a,,MCO,,,bc.a,Florida,dd.a
ba.a,b.a,cabcbcba.a,Bg,,,NcidJB,,bfaha.a,bfahaac.a,dbhad.a,SWF,Newburgh/PoughkeepsieNY,,dg.a,NewYork,cc.a
h.a,,cabcbcah.a,DL,bjhja.a,DL,NddjNW,,,bbeddac.a,dbcjf.a,,,MI,cg.a,Michigan,ed.a
cg.a,,cabcbccg.a,DL,bjhja.a,DL,NgihDL,,bbedd.a,bbeddac.a,,,,MI,cg.a,Michigan,ed.a
ca.a,e.a,,,bjjhh.a,UA,,cfd.a,bbgbi.a,bbgbiac.a,,EWR,NewarkNJ,,,NewJersey,cb.a
,h.a,,MQ,cadji.a,MQ,NibeMQ,eead.a,bcehi.a,bcehiac.a,dbhad.a,,NewYorkNY,,dg.a,NewYork,cc.a
da.a,h.a,cabcbcda.a,US,cadff.a,US,NhdhUS,jbe.a,bebah.a,bebahac.a,,PHX,PhoenixAZ,,e.a,Arizona,
bj.a,d.a,,OO,cadae.a,OO,,geba.a,baiaa.a,baiaaad.a,,BUR,BurbankCA,CA,g.a,California,jb.a
c.a,,cabcbcac.a,WN,bjdjd.a,WN,NcaiWN,cfhb.a,bcbjb.a,bcbjbac.a,dbefd.a,HOU,HoustonTX,TX,ei.a,,he.a
,g.a,cabcbcai.a,EV,cadgg.a,EV,Nbcbfh,gaie.a,bbcjc.a,bbcjcac.a,dadcf.a,,DenverCO,CO,i.a,Colorado,ic.a
,f.a,cabcbcah.a,,cadgg.a,EV,Ncjjbh,fjae.a,,badjhaf.a,dadjh.a,,,GA,bd.a,Georgia,de.a
bb.a,,cabcbcbb.a,WN,bjdjd.a,WN,NcdjWN,ije.a,baiaa.a,baiaaad.a,dcfhf.a,BUR,BurbankCA,CA,g.a,California,jb.a
ce.a,b.a,,UA,bjjhh.a,UA,,beih.a,bdejf.a,bdejfac.a,,MSY,NewOrleansLA,,,Louisiana,
bi.a,c.a,cabcbcbi.a,US,cadff.a,,,gbe.a,beheh.a,behehad.a,,SEA,SeattleWA,WA,fd.a,,
i.a,,cabcbcai.a,WN,bjdjd.a,WN,NegdWN,cjbi.a,,bebahac.a,daegg.a,PHX,PhoenixAZ,,e.a,Arizona,
,c.a,,FL,caedh.a,FL,,cb.a,badjh.a,badjhaf.a,dadjh.a,,,GA,bd.a,Georgia,de.a
i.a,,cabcbcai.a,AA,bjiaf.a,AA,NdGNAA,,,bbcjiad.a,dabje.a,DFW,Dallas/FortWorthTX,TX,,Texas,he.a
,h.a,cabcbcac.a,EV,cadgg.a,EV,NjcdEV,feac.a,bcjjc.a,,dcgaa.a,,LittleRockAR,AR,f.a,Arkansas,hb.a
,f.a,cabcbccb.a,,caedh.a,FL,,efe.a,badjh.a,badjhaf.a,dadjh.a,,,GA,bd.a,Georgia,de.a
,f.a,cabcbcci.a,,cadgg.a,EV,Nbbbij,gagg.a,bbcjc.a,bbcjcac.a,dadcf.a,,DenverCO,CO,i.a,Colorado,ic.a
,b.a,cabcbcdb.a,EV,cadgg.a,EV,Nbfjia,,bccgg.a,bccggad.a,dbefd.a,,HoustonTX,TX,ei.a,,he.a
cb.a,f.a,,,cadae.a,OO,,fbjc.a,bccgg.a,bccggad.a,,IAH,HoustonTX,TX,ei.a,,he.a
e.a,c.a,cabcbcae.a,US,cadff.a,,NgfhAW,bih.a,beghj.a,beghjad.a,ddfha.a,SAN,SanDiegoCA,,g.a,California,
ci.a,,cabcbbci.a,AA,bjiaf.a,AA,NeXNAA,,,bbcjiad.a,,DFW,Dallas/FortWorthTX,TX,,Texas,he.a
h.a,,cabcbcah.a,AS,bjjda.a,,NgccAS,,,behehad.a,daffj.a,SEA,SeattleWA,WA,,Washington,
,f.a,,,,,NgjbMQ,ddja.a,beibe.a,beibeac.a,daehg.a,SHV,ShreveportLA,LA,cc.a,Louisiana,
ce.a,b.a,,UA,bjjhh.a,UA,,gii.a,bbcjc.a,bbcjcac.a,,DEN,DenverCO,CO,,Colorado,ic.a
bi.a,,cabcbcbi.a,AA,bjiaf.a,AA,,,bddad.a,bddadad.a,,MIA,,,,Florida,dd.a
bj.a,,cabcbcbj.a,AA,bjiaf.a,AA,,,bbcji.a,bbcjiad.a,,DFW,Dallas/FortWorthTX,TX,,Texas,he.a
bf.a,,cabcbcbf.a,WN,bjdjd.a,WN,NefbWN,cidi.a,,bdbjiab.a,ddbji.a,MCI,KansasCityMO,MO,cj.a,Missouri,ge.a
cd.a,,cabcbccd.a,AA,bjiaf.a,AA,,,bbcji.a,bbcjiad.a,,DFW,Dallas/FortWorthTX,TX,,Texas,he.a
,g.a,cabcbcbf.a,FL,caedh.a,,NcjfAT,fdi.a,,beiedad.a,deibj.a,SJU,SanJuanPR,PR,hc.a,,
,b.a,cabcbcad.a,EV,cadgg.a,EV,NiibAS,,bccbh.a,bccbhac.a,dacff.a,,HuntsvilleAL,AL,b.a,Alabama,fb.a
ba.a,,cabcbcba.a,WN,bjdjd.a,WN,NhafSW,bbib.a,bdcdc.a,bdcdcac.a,dajhh.a,MDW,,IL,bh.a,Illinois,eb.a
h.a,,cabcbcah.a,DL,bjhja.a,DL,NjchDN,,badjh.a,,dadjh.a,,,GA,bd.a,Georgia,de.a
,d.a,,MQ,cadji.a,MQ,NgibMQ,chdb.a,bebjd.a,bebjdad.a,ddhci.a,,,,bc.a,Florida,
bj.a,,cabcbcbj.a,WN,bjdjd.a,WN,,dehj.a,bebaa.a,bebaaac.a,,PHL,PhiladelphiaPA,,ec.a,Pennsylvania,
bb.a,c.a,cabcbcbb.a,Bg,caeaj.a,Bg,NdegJB,,,bbgjhad.a,dcegh.a,FLL,,FL,bc.a,Florida,dd.a
,f.a,cabcbcbe.a,,cadgg.a,EV,Nbdjjf,fjaj.a,bdjda.a,bdjdaac.a,dajhh.a,,,IL,bh.a,Illinois,
bg.a,,cabcbcbg.a,WN,bjdjd.a,,,cefg.a,befha.a,befhaac.a,defha.a,RNO,RenoNV,,dc.a,Nevada,
ba.a,b.a,,UA,bjjhh.a,UA,Nbcbbe,bhbc.a,bbgbi.a,bbgbiac.a,dbhad.a,EWR,NewarkNJ,,,NewJersey,cb.a
cc.a,,cabcbccc.a,WN,bjdjd.a,WN,,dghg.a,bbcfj.a,bbcfjad.a,,DAL,DallasTX,TX,ei.a,,he.a
cg.a,,cabcbccg.a,WN,bjdjd.a,,NgbhSW,eedj.a,,beghjad.a,,SAN,SanDiegoCA,,g.a,California,
,g.a,cabcbccj.a,EV,cadgg.a,,Nbebig,,begif.a,begifac.a,degif.a,SAV,,GA,bd.a,Georgia,
e.a,,cabcbcae.a,WN,bjdjd.a,WN,NcjbWN,cjgj.a,bcijc.a,bcijcad.a,dcfhf.a,LAX,LosAngelesCA,CA,g.a,California,jb.a
bf.a,,cabcbcbf.a,AA,bjiaf.a,AA,NdJKAA,,,bbgjhad.a,dcegh.a,FLL,,FL,,Florida,dd.a
,e.a,cabcbcbd.a,,cadgg.a,EV,NhfbEV,fdeh.a,bbbjd.a,bbbjdac.a,ddbaf.a,,CincinnatiOH,KY,cb.a,Kentucky,fc.a
,g.a,,MQ,cadji.a,MQ,NggjMQ,edja.a,bajja.a,bajjaac.a,dajja.a,,,VA,fb.a,,di.a
bi.a,,cabcbcbi.a,DL,bjhja.a,DL,,,bebah.a,bebahac.a,,,PhoenixAZ,,e.a,Arizona,
ca.a,e.a,,,cadae.a,OO,,geed.a,beafh.a,beafhac.a,,PDX,PortlandOR,,eb.a,Oregon,
,,,HA,bjgja.a,HA,NeiiHA,bjg.a,,bcbhdab.a,dcbde.a,,HonoluluHI,HI,bf.a,Hawaii,c.a
bi.a,,cabcbcbi.a,WN,bjdjd.a,WN,,cjbf.a,bebah.a,bebahac.a,,PHX,PhoenixAZ,,e.a,Arizona,
cf.a,c.a,cabcbccf.a,Bg,caeaj.a,Bg,,,bbgjh.a,bbgjhad.a,,FLL,,FL,bc.a,Florida,dd.a
be.a,,cabcbcbe.a,WN,bjdjd.a,WN,NgfeSW,cjbc.a,bbbea.a,bbbeaac.a,dbbea.a,CRP,CorpusChristiTX,TX,ei.a,,he.a
,e.a,cabcbcbd.a,,cadgg.a,EV,Nbfjia,ecai.a,bccgg.a,bccggad.a,dbefd.a,,HoustonTX,TX,ei.a,,he.a
,,,HA,bjgja.a,HA,NehfHA,cdj.a,,bcbhdab.a,dcbde.a,,HonoluluHI,HI,bf.a,Hawaii,c.a
cc.a,,cabcbccc.a,AA,bjiaf.a,AA,,,bbcji.a,bbcjiad.a,,DFW,Dallas/FortWorthTX,TX,,Texas,he.a
ch.a,e.a,,,bjjhh.a,UA,NfhdUA,iec.a,,bahcbac.a,,BOS,BostonMA,MA,,Massachusetts,bd.a
c.a,,cabcbcac.a,DL,bjhja.a,DL,NjhcDL,,bdjdb.a,,ddggh.a,,,,fb.a,,
be.a,,cabcbcbe.a,WN,bjdjd.a,WN,NeafWN,cagf.a,,bciijad.a,dccbb.a,LAS,LasVegasNV,NV,dc.a,Nevada,if.a
ch.a,,cabcbcch.a,WN,bjdjd.a,WN,NdhbSW,eeag.a,,bbfeaad.a,,ELP,ElPasoTX,TX,ei.a,,he.a
bh.a,b.a,cabcbcbh.a,YV,cadhi.a,YV,,chcj.a,bebah.a,bebahac.a,daegg.a,PHX,PhoenixAZ,,e.a,Arizona,
da.a,h.a,cabcbcda.a,YV,cadhi.a,YV,NfaiMJ,dhgb.a,,bccgeac.a,,IAD,,VA,fb.a,,di.a
,b.a,cabcbcdb.a,FL,caedh.a,FL,NjegAT,fij.a,badjh.a,,dadjh.a,,,GA,bd.a,Georgia,de.a
cj.a,g.a,,OO,cadae.a,OO,NiheAS,cjif.a,babea.a,babeaac.a,,ABQ,AlbuquerqueNM,NM,df.a,NewMexico,ig.a
ce.a,b.a,cabcbcce.a,US,cadff.a,US,,bchj.a,bbafh.a,bbafhad.a,,CLT,,NC,dh.a,NorthCarolina,dg.a
,d.a,cabcbccg.a,EV,cadgg.a,EV,Nbdjge,,bahjc.a,bahjcae.a,dahjc.a,,BuffaloNY,NY,dg.a,NewYork,cc.a
ce.a,b.a,cabcbcce.a,US,cadff.a,US,,bfec.a,bdejf.a,bdejfac.a,,MSY,NewOrleansLA,,cc.a,Louisiana,
cj.a,g.a,cabcbccj.a,Bg,caeaj.a,,NfahJB,,,beiedad.a,,SJU,SanJuanPR,PR,hc.a,,
cj.a,,cabcbccj.a,WN,bjdjd.a,WN,NgedSW,ceia.a,bbcjc.a,bbcjcac.a,,DEN,DenverCO,CO,i.a,Colorado,ic.a
cc.a,,cabcbccc.a,WN,bjdjd.a,WN,,cei.a,bbcfj.a,bbcfjad.a,,DAL,DallasTX,TX,ei.a,,he.a
,h.a,cabcbcda.a,EV,cadgg.a,EV,Nbdjge,,bdjda.a,bdjdaac.a,dajhh.a,,,IL,bh.a,Illinois,
,h.a,cabcbcbg.a,FL,caedh.a,FL,NjffAT,beb.a,badjh.a,,dadjh.a,,,GA,bd.a,Georgia,de.a
,b.a,cabcbcad.a,EV,cadgg.a,EV,NjbhEV,,begjg.a,,degjg.a,,,IN,bi.a,Indiana,
,f.a,cabcbcbe.a,,caedh.a,FL,NdbfAT,ff.a,,badjhaf.a,dadjh.a,,,GA,bd.a,Georgia,de.a
f.a,d.a,cabcbcaf.a,VX,cbbhb.a,,NfciVA,jei.a,,behhbab.a,dcefh.a,SFO,SanFranciscoCA,CA,g.a,California,
,g.a,,MQ,cadji.a,MQ,,dgib.a,bdifb.a,bdifbad.a,ddifb.a,,OklahomaCityOK,,ea.a,Oklahoma,
cg.a,,cabcbccg.a,WN,bjdjd.a,WN,NfciSW,ecdc.a,,bcijgaf.a,,LBB,LubbockTX,,ei.a,,he.a
,h.a,cabcbcbg.a,EV,cadgg.a,EV,,,bbchi.a,bbchiac.a,daifc.a,,,VA,fb.a,,di.a
,f.a,,,cadji.a,MQ,,dcci.a,babif.a,babifac.a,dabif.a,,AlexandriaLA,LA,cc.a,Louisiana,hc.a
b.a,,cabcbcab.a,DL,bjhja.a,DL,NjicDL,,badjh.a,,dadjh.a,,,GA,bd.a,Georgia,de.a
be.a,f.a,,,bjjhh.a,UA,Nhhigh,bgdg.a,bcbhd.a,bcbhdab.a,dcbde.a,HNL,HonoluluHI,HI,,Hawaii,c.a
i.a,,cabcbcai.a,WN,bjdjd.a,,NejiWN,ccfb.a,,bejaiad.a,dcfhf.a,SNA,SantaAnaCA,CA,g.a,California,jb.a
cf.a,c.a,cabcbccf.a,VX,cbbhb.a,VX,,ddi.a,bcijc.a,bcijcad.a,,LAX,LosAngelesCA,CA,g.a,California,jb.a
,h.a,,MQ,cadji.a,MQ,NicbMQ,dcbj.a,bbcji.a,bbcjiad.a,dabje.a,,Dallas/FortWorthTX,TX,ei.a,,he.a
cj.a,,cabcbccj.a,WN,bjdjd.a,WN,NcdcWN,cjbi.a,bebah.a,bebahac.a,,PHX,PhoenixAZ,,e.a,Arizona,
b.a,,cabcbcab.a,DL,bjhja.a,DL,NjgbDN,,bdeih.a,,dbgfa.a,,MinneapolisMN,,ch.a,Minnesota,
ca.a,,cabcbcca.a,DL,bjhja.a,DL,,,badjh.a,badjhaf.a,,,,GA,bd.a,Georgia,de.a
,b.a,cabcbcad.a,EV,cadgg.a,EV,Nbebfd,,baigi.a,baigiad.a,daigi.a,,,SC,ef.a,SouthCarolina,dh.a
d.a,,cabcbcad.a,AA,bjiaf.a,AA,NfjeAA,,,bbcjiad.a,dabje.a,DFW,Dallas/FortWorthTX,TX,,Texas,he.a
bc.a,d.a,cabcbcbc.a,YV,cadhi.a,YV,NjecLR,chgh.a,bdjdb.a,,ddggh.a,ORF,,,fb.a,,
bb.a,,cabcbcbb.a,AS,bjjda.a,,NfdaAS,,,beghjad.a,ddfha.a,SAN,SanDiegoCA,,,California,
,e.a,,,cadji.a,MQ,NgjhMQ,ddde.a,bbcji.a,bbcjiad.a,dabje.a,,Dallas/FortWorthTX,TX,ei.a,,he.a
bj.a,,cabcbcbj.a,WN,bjdjd.a,WN,,dgej.a,bdhjg.a,bdhjgab.a,,OAK,OaklandCA,,g.a,California,
,g.a,cabcbcbf.a,FL,caedh.a,FL,NjdeAT,dc.a,badjh.a,,dadjh.a,,,GA,bd.a,Georgia,de.a
ba.a,,cabcbcba.a,DL,bjhja.a,DL,NjicDL,,bebcc.a,,dabji.a,,PittsburghPA,,ec.a,Pennsylvania,
ch.a,,cabcbcch.a,WN,bjdjd.a,WN,NeffWN,efeg.a,,bbcjcac.a,,DEN,DenverCO,CO,i.a,Colorado,ic.a
bi.a,c.a,,OO,cadae.a,,,gdbb.a,begid.a,begidad.a,,SAT,SanAntonioTX,,ei.a,,
,b.a,cabcbcce.a,EV,cadgg.a,EV,,,bdjda.a,bdjdaac.a,dajhh.a,,,IL,bh.a,Illinois,
h.a,f.a,,,cadae.a,OO,NigcAS,cgfh.a,bcijc.a,bcijcad.a,dcfhf.a,LAX,LosAngelesCA,CA,g.a,California,jb.a
e.a,,cabcbcae.a,AA,bjiaf.a,AA,NedeAA,,,bbcjiad.a,dabje.a,DFW,Dallas/FortWorthTX,TX,,Texas,he.a
ch.a,,cabcbbch.a,AA,bjiaf.a,AA,NdHXAA,,,bcehiac.a,,JFK,NewYorkNY,,,NewYork,cc.a
bh.a,,cabcbcbh.a,WN,bjdjd.a,,,dhdh.a,beheh.a,behehad.a,daffj.a,SEA,SeattleWA,WA,fd.a,,
h.a,f.a,,,cadae.a,OO,NhegSK,fbij.a,bbcji.a,bbcjiad.a,dabje.a,DFW,Dallas/FortWorthTX,TX,ei.a,,he.a
cb.a,f.a,,,cadae.a,OO,,fgac.a,bcaje.a,bcajeac.a,,HDN,HaydenCO,CO,i.a,Colorado,ic.a
db.a,b.a,,OO,cadae.a,OO,NfgjSW,fdjc.a,,bcijcad.a,dcfhf.a,LAX,LosAngelesCA,,g.a,California,jb.a
i.a,,cabcbcai.a,DL,bjhja.a,DL,NdhfbB,,,bcehiac.a,dbhad.a,,NewYorkNY,,dg.a,NewYork,cc.a
,g.a,cabcbccc.a,FL,,,,fhi.a,bfdae.a,bfdaeac.a,ddbjf.a,TPA,,FL,bc.a,Florida,dd.a
cc.a,g.a,cabcbccc.a,Bg,caeaj.a,Bg,,,bahcb.a,bahcbac.a,,BOS,BostonMA,MA,cf.a,Massachusetts,bd.a
cg.a,d.a,,UA,bjjhh.a,UA,Ndiefi,bcij.a,,bccggad.a,,IAH,HoustonTX,TX,,Texas,he.a
bf.a,g.a,,UA,bjjhh.a,UA,Nfhigi,bhee.a,,bccggad.a,dbefd.a,IAH,HoustonTX,TX,,Texas,he.a
,,,HA,bjgja.a,HA,NejbHA,bdc.a,,bdidaac.a,ddida.a,,KahuluiHI,HI,bf.a,Hawaii,
,f.a,cabcbcbe.a,,caedh.a,FL,NdciAT,ecd.a,,bdcdcac.a,dajhh.a,,,IL,bh.a,Illinois,eb.a
ch.a,e.a,,,bjjhh.a,UA,Ndiead,bgfi.a,,bdcaeac.a,,MCO,,,,Florida,dd.a
bc.a,,cabcbcbc.a,WN,bjdjd.a,WN,NfciSW,gae.a,,bebahac.a,daegg.a,PHX,PhoenixAZ,,e.a,Arizona,
j.a,h.a,cabcbcaj.a,US,cadff.a,US,NediUS,bjbf.a,,bacfhac.a,dacfh.a,ALB,AlbanyNY,NY,dg.a,NewYork,cc.a
ci.a,,cabcbcci.a,WN,bjdjd.a,WN,NeedWN,eaf.a,,bahcbac.a,,BOS,BostonMA,MA,cf.a,Massachusetts,bd.a
j.a,h.a,,OO,cadae.a,OO,NebhSW,cgcd.a,,bcijcad.a,dcfhf.a,LAX,LosAngelesCA,,g.a,California,jb.a
bj.a,d.a,,OO,cadae.a,OO,,fdba.a,bbcjc.a,bbcjcac.a,,DEN,DenverCO,CO,i.a,Colorado,ic.a
b.a,g.a,cabcbcab.a,YV,cadhi.a,YV,NfafMJ,dhej.a,,bdbjiab.a,ddbji.a,MCI,KansasCityMO,MO,cj.a,Missouri,ge.a
ch.a,,cabcbcch.a,DL,bjhja.a,DL,NjbaDL,,beaji.a,,,,,,fb.a,,
cd.a,,cabcbccd.a,WN,bjdjd.a,WN,,dhdf.a,bdcae.a,bdcaeac.a,,MCO,,,bc.a,Florida,dd.a
bf.a,,cabcbcbf.a,DL,bjhja.a,DL,NdbfNB,,,badjhaf.a,dadjh.a,,,GA,bd.a,Georgia,de.a
bc.a,,cabcbcbc.a,AA,bjiaf.a,AA,NeYPAA,,,bbcjiad.a,dabje.a,DFW,Dallas/FortWorthTX,TX,,Texas,he.a
f.a,,cabcbcaf.a,AA,bjiaf.a,AA,NdDWAA,,,bddadad.a,dcegh.a,MIA,,,,Florida,dd.a
cd.a,h.a,,UA,bjjhh.a,,,bc.a,behhb.a,behhbab.a,,SFO,SanFranciscoCA,CA,,California,
bh.a,b.a,,UA,bjjhh.a,UA,,bgbb.a,bahcb.a,bahcbac.a,dahcb.a,BOS,BostonMA,MA,,Massachusetts,bd.a
d.a,b.a,,OO,cadae.a,OO,NhjcSK,fbhe.a,bccge.a,bccgeac.a,daifc.a,IAD,,VA,fb.a,,di.a
j.a,,cabcbcaj.a,WN,bjdjd.a,,NgbjSW,dea.a,,beejcac.a,deejc.a,RDU,,,dh.a,NorthCarolina,
,g.a,,MQ,cadji.a,MQ,NfaiMQ,egad.a,,bbafhad.a,dbafh.a,,,NC,dh.a,NorthCarolina,dg.a
ca.a,,cabcbcca.a,DL,bjhja.a,DL,,,bdejf.a,bdejfac.a,,,NewOrleansLA,,cc.a,Louisiana,
ch.a,,cabcbcch.a,WN,bjdjd.a,WN,NebbWN,eega.a,,bdeihac.a,,MSP,MinneapolisMN,,ch.a,Minnesota,
d.a,b.a,,OO,cadae.a,OO,NcddSW,gddj.a,bcijc.a,bcijcad.a,dcfhf.a,LAX,LosAngelesCA,CA,g.a,California,jb.a
bc.a,d.a,cabcbcbc.a,US,cadff.a,US,NhejUS,bjad.a,bebcc.a,bebccac.a,dabji.a,PIT,PittsburghPA,,ec.a,Pennsylvania,
ci.a,,cabcbcci.a,WN,bjdjd.a,,NeaiWN,ejhf.a,,behhbab.a,,SFO,SanFranciscoCA,CA,g.a,California,
db.a,,cabcbcdb.a,WN,bjdjd.a,WN,NccfWN,djfb.a,baicb.a,baicbad.a,daifc.a,BWI,,MD,ce.a,Maryland,df.a
c.a,h.a,,UA,bjjhh.a,UA,NibaUA,dij.a,bbcjc.a,bbcjcac.a,dadcf.a,DEN,DenverCO,CO,,Colorado,ic.a
bf.a,,cabcbcbf.a,WN,bjdjd.a,WN,NhigSW,bgea.a,bahbd.a,bahbdac.a,dahbd.a,BOI,BoiseID,ID,bg.a,Idaho,id.a
,f.a,cabcbccb.a,,cadgg.a,EV,,eeci.a,bbaec.a,bbaecac.a,dageh.a,,,OH,dj.a,Ohio,ee.a
bc.a,,cabcbbbc.a,AA,bjiaf.a,AA,NhBYAA,,bcijc.a,bcijcad.a,dcfhf.a,LAX,LosAngelesCA,CA,,California,jb.a
f.a,d.a,cabcbcaf.a,US,cadff.a,US,NbhcUS,hag.a,bcijc.a,bcijcad.a,dcfhf.a,LAX,LosAngelesCA,CA,g.a,California,jb.a
bc.a,,cabcbcbc.a,DL,bjhja.a,DL,NjciDN,,bdeih.a,,dbgfa.a,,MinneapolisMN,,ch.a,Minnesota,
cd.a,,cabcbccd.a,AA,bjiaf.a,AA,,,bbcji.a,bbcjiad.a,,DFW,Dallas/FortWorthTX,TX,,Texas,he.a
d.a,b.a,cabcbcad.a,YV,cadhi.a,YV,NjcdFJ,chbg.a,bbaec.a,,dageh.a,CLE,,OH,dj.a,Ohio,ee.a
ce.a,,cabcbcce.a,WN,bjdjd.a,WN,,bbfd.a,bebah.a,bebahac.a,,PHX,PhoenixAZ,,e.a,Arizona,
cd.a,,cabcbccd.a,DL,,,,,bfdae.a,bfdaeac.a,,TPA,,FL,bc.a,Florida,dd.a
,d.a,cabcbccg.a,EV,cadgg.a,EV,Nbcffc,,bccgg.a,bccggad.a,dbefd.a,,HoustonTX,TX,ei.a,,he.a
cb.a,,cabcbccb.a,DL,bjhja.a,DL,,,bdeih.a,bdeihac.a,,,MinneapolisMN,,ch.a,Minnesota,
cj.a,,cabcbccj.a,DL,bjhja.a,DL,NgcdDL,,,badjhaf.a,,,,GA,bd.a,Georgia,de.a
,b.a,cabcbcdb.a,EV,cadgg.a,EV,NhccEV,,badjh.a,badjhaf.a,dadjh.a,,,GA,bd.a,Georgia,de.a
,e.a,,,cadji.a,MQ,NgfaMQ,dchc.a,bbhhi.a,bbhhiab.a,dbhhi.a,,FortSmithAR,AR,f.a,Arkansas,hb.a
ch.a,e.a,,,cadae.a,OO,NegeSW,cgid.a,,bcijcad.a,,LAX,LosAngelesCA,CA,g.a,California,jb.a
bf.a,,cabcbcbf.a,WN,bjdjd.a,WN,NhadSW,ccfb.a,bdhjg.a,bdhjgab.a,dcefh.a,OAK,OaklandCA,,g.a,California,
,h.a,cabcbcac.a,EV,cadgg.a,EV,Nbgfeb,,bccbh.a,bccbhac.a,dacff.a,,HuntsvilleAL,AL,b.a,Alabama,fb.a
ce.a,b.a,,OO,,,,eeef.a,beigj.a,beigjad.a,,SLC,SaltLakeCityUT,,ej.a,,
i.a,,cabcbcai.a,WN,bjdjd.a,WN,NgdeSW,bhif.a,,bcjjcae.a,dcgaa.a,LIT,LittleRockAR,AR,f.a,Arkansas,hb.a
bb.a,c.a,,OO,cadae.a,OO,NhahSK,fbhb.a,bccgg.a,bccggad.a,dbefd.a,IAH,HoustonTX,TX,ei.a,,he.a
,b.a,cabcbcbh.a,EV,cadgg.a,EV,,,bdjda.a,bdjdaac.a,dajhh.a,,,IL,bh.a,Illinois,
cb.a,,cabcbccb.a,WN,,,,dijc.a,bfabg.a,bfabgad.a,,STL,St.LouisMO,MO,cj.a,Missouri,ge.a
cc.a,g.a,,OO,cadae.a,OO,,eedj.a,bbedd.a,bbeddac.a,,DTW,,MI,cg.a,Michigan,ed.a
cg.a,d.a,,UA,bjjhh.a,UA,NideUA,cha.a,bbcjc.a,bbcjcac.a,,DEN,DenverCO,CO,,Colorado,ic.a
g.a,e.a,,,bjjhh.a,UA,Nhheda,bgcd.a,bahcb.a,bahcbac.a,dahcb.a,BOS,BostonMA,MA,,Massachusetts,bd.a
cg.a,d.a,,OO,cadae.a,OO,NhggSK,fgaf.a,badhc.a,badhcad.a,,ASE,AspenCO,CO,i.a,Colorado,ic.a
ci.a,,cabcbcci.a,DL,bjhja.a,DL,NgbgDL,,,bbcfcad.a,,,,FL,bc.a,Florida,dd.a
be.a,,cabcbcbe.a,WN,bjdjd.a,WN,NcfaWN,dg.a,badjh.a,badjhaf.a,dadjh.a,ATL,,GA,bd.a,Georgia,de.a
,c.a,cabcbcbb.a,EV,cadgg.a,EV,Nbgjbb,,bccge.a,bccgeac.a,daifc.a,,,VA,fb.a,,di.a
j.a,,cabcbcaj.a,WN,bjdjd.a,WN,NejfWN,dccd.a,,bddecaf.a,dddec.a,MKE,MilwaukeeWI,,ff.a,,ef.a
f.a,,cabcbcaf.a,WN,bjdjd.a,WN,NgfdSW,cgg.a,bdejf.a,bdejfac.a,ddejf.a,MSY,NewOrleansLA,,cc.a,Louisiana,
be.a,f.a,,,cadae.a,,NfgjSW,gcdc.a,,behhbab.a,dcefh.a,SFO,SanFranciscoCA,CA,g.a,California,
cc.a,,cabcbccc.a,WN,bjdjd.a,WN,,eceh.a,bbedd.a,bbeddac.a,,DTW,,MI,cg.a,Michigan,ed.a
cd.a,,cabcbccd.a,AA,bjiaf.a,AA,,,bbfea.a,bbfeaad.a,,ELP,ElPasoTX,TX,,Texas,he.a
cb.a,,cabcbbcb.a,AA,bjiaf.a,AA,,,bdida.a,bdidaac.a,,OGG,KahuluiHI,HI,,Hawaii,
ba.a,,cabcbcba.a,AA,bjiaf.a,AA,NfBVAA,,,bddadad.a,dcegh.a,MIA,,,,Florida,dd.a
,b.a,cabcbcce.a,EV,cadgg.a,EV,,,bbfdh.a,bbfdhad.a,dbfdh.a,,Elmira/CorningNY,NY,dg.a,NewYork,cc.a
bh.a,b.a,cabcbcbh.a,US,cadff.a,US,,bibj.a,bahcb.a,bahcbac.a,dahcb.a,BOS,BostonMA,MA,cf.a,Massachusetts,bd.a
be.a,f.a,cabcbcbe.a,,caeaj.a,Bg,NgafJB,bece.a,,bcjfeac.a,dcfhf.a,LGB,LongBeachCA,CA,g.a,California,jb.a
cd.a,,cabcbccd.a,WN,bjdjd.a,WN,,bgie.a,bciij.a,bciijad.a,,LAS,LasVegasNV,NV,dc.a,Nevada,if.a
cd.a,,cabcbccd.a,WN,bjdjd.a,WN,,dhag.a,bbcfj.a,bbcfjad.a,,DAL,DallasTX,TX,ei.a,,he.a
cg.a,d.a,,UA,bjjhh.a,UA,NcbdUA,cab.a,bcbhd.a,bcbhdab.a,,HNL,HonoluluHI,HI,,Hawaii,c.a
b.a,,cabcbcab.a,AA,bjiaf.a,AA,NeheAA,,,bbcjiad.a,dabje.a,DFW,Dallas/FortWorthTX,TX,,Texas,he.a
cj.a,g.a,,OO,cadae.a,OO,NefhSW,hdge.a,,babebac.a,,ABR,AberdeenSD,SD,eg.a,SouthDakota,gh.a
bi.a,,cabcbcbi.a,WN,bjdjd.a,WN,,cdcd.a,bebah.a,bebahac.a,,PHX,PhoenixAZ,,e.a,Arizona,
ci.a,,cabcbcci.a,WN,bjdjd.a,WN,NhhbSA,dfbi.a,bbcjc.a,bbcjcac.a,,DEN,DenverCO,CO,i.a,Colorado,ic.a
cf.a,c.a,,UA,bjjhh.a,UA,,bbab.a,beafh.a,beafhac.a,,PDX,PortlandOR,,,Oregon,
i.a,g.a,,UA,bjjhh.a,UA,NfcdUA,icc.a,,bccgeac.a,daifc.a,IAD,,VA,,Virginia,di.a
c.a,h.a,,UA,bjjhh.a,UA,NiddUA,dee.a,bccge.a,bccgeac.a,daifc.a,IAD,,VA,,Virginia,di.a
g.a,,cabcbcag.a,WN,bjdjd.a,WN,NdjgSW,hhj.a,,bcjjcae.a,dcgaa.a,LIT,LittleRockAR,AR,f.a,Arkansas,hb.a
e.a,,cabcbcae.a,WN,bjdjd.a,WN,NhifSW,igj.a,bciij.a,bciijad.a,dccbb.a,LAS,LasVegasNV,NV,dc.a,Nevada,if.a
,b.a,cabcbcad.a,EV,cadgg.a,EV,Ncgfej,,bbgbi.a,bbgbiac.a,dbhad.a,,NewarkNJ,,de.a,NewJersey,cb.a
ce.a,b.a,,UA,bjjhh.a,UA,,badh.a,bccge.a,bccgeac.a,,IAD,,VA,,Virginia,di.a
,d.a,cabcbcaf.a,EV,cadgg.a,EV,Nbefed,,bccge.a,bccgeac.a,daifc.a,,,VA,fb.a,,di.a
,e.a,cabcbcag.a,,cadgg.a,EV,NighAS,fafc.a,badjh.a,badjhaf.a,dadjh.a,,,GA,bd.a,Georgia,de.a
bb.a,,cabcbcbb.a,AA,bjiaf.a,,NdEHAA,,,bfachae.a,dejjc.a,STX,ChristianstedVI,VI,,U.S.VirginIslands,e.a
bg.a,,cabcbcbg.a,AA,bjiaf.a,AA,NdCSAA,,,bbcjiad.a,dabje.a,DFW,Dallas/FortWorthTX,TX,,Texas,he.a
,f.a,cabcbccb.a,,cadgg.a,EV,,gagg.a,bbcjc.a,bbcjcac.a,dadcf.a,,DenverCO,CO,i.a,Colorado,ic.a
cj.a,g.a,,OO,cadae.a,OO,NcjhSW,fdde.a,,bbcjcac.a,,DEN,DenverCO,CO,i.a,Colorado,ic.a
,g.a,cabcbcai.a,Fj,caedg.a,Fj,NjddFR,cgc.a,bbcjc.a,,dadcf.a,,DenverCO,CO,i.a,Colorado,ic.a
,e.a,cabcbcag.a,,cadgg.a,,Nbcfgh,efid.a,bedcb.a,bedcbad.a,dedcb.a,PWM,PortlandME,,cd.a,Maine,
cg.a,d.a,,UA,bjjhh.a,UA,NeadUA,ggf.a,,bdjdaac.a,,ORD,,IL,,Illinois,
bi.a,,cabcbcbi.a,AA,bjiaf.a,AA,,,bafcj.a,bafcjae.a,,BDL,HartfordCT,CT,,Connecticut,bb.a
i.a,g.a,,OO,cadae.a,OO,NjgjSW,ffhb.a,bbcjc.a,,dadcf.a,DEN,DenverCO,CO,i.a,Colorado,ic.a
da.a,,cabcbcda.a,DL,bjhja.a,,NdegNB,,,beigjad.a,,SLC,SaltLakeCityUT,,ej.a,,
cg.a,,cabcbccg.a,AA,bjiaf.a,AA,NeWVAA,,,bcddjae.a,,IND,,IN,,Indiana,ec.a
cb.a,f.a,cabcbccb.a,,caeaj.a,Bg,,cef.a,bdhjg.a,bdhjgab.a,,OAK,OaklandCA,,g.a,California,
bf.a,g.a,cabcbcbf.a,US,cadff.a,US,NbjdUW,bcjd.a,bbafh.a,bbafhad.a,dbafh.a,CLT,,NC,dh.a,NorthCarolina,dg.a
ca.a,,cabcbcca.a,WN,bjdjd.a,,,ggj.a,beejc.a,beejcac.a,,RDU,,,dh.a,NorthCarolina,
ba.a,,cabcbcba.a,WN,bjdjd.a,WN,NfafSW,d.a,,bbcfjad.a,dabje.a,DAL,DallasTX,TX,ei.a,,he.a
,d.a,cabcbccg.a,EV,cadgg.a,EV,Nbffch,,bccgg.a,bccggad.a,dbefd.a,,HoustonTX,TX,ei.a,,he.a
,h.a,cabcbcaj.a,EV,cadgg.a,EV,NjdeEV,,badjh.a,,dadjh.a,,,GA,bd.a,Georgia,de.a
be.a,,cabcbcbe.a,AA,bjiaf.a,AA,NdAVAA,,,bcijcad.a,dcfhf.a,LAX,LosAngelesCA,CA,,California,jb.a
,e.a,cabcbcag.a,,cadgg.a,EV,Nbdjfi,efga.a,bachj.a,bachjad.a,dachj.a,,AmarilloTX,TX,ei.a,,he.a
ci.a,f.a,,,cadae.a,OO,NjigCA,gcag.a,bbcjc.a,,,DEN,DenverCO,CO,i.a,Colorado,ic.a
f.a,,cabcbcaf.a,AA,bjiaf.a,AA,NefgAA,,,bbeddac.a,dbcjf.a,DTW,,MI,,Michigan,ed.a
cd.a,h.a,cabcbccd.a,US,cadff.a,US,,bheb.a,bbchi.a,bbchiac.a,,DCA,,VA,fb.a,,di.a
bc.a,d.a,,UA,bjjhh.a,UA,Nchcaf,bgce.a,bbcjc.a,bbcjcac.a,dadcf.a,DEN,DenverCO,CO,,Colorado,ic.a
,e.a,cabcbcbd.a,,cadgg.a,,NgbfQX,fdae.a,,beejcac.a,deejc.a,RDU,,,dh.a,NorthCarolina,
cc.a,g.a,cabcbccc.a,AS,bjjda.a,AS,,,bciij.a,bciijad.a,,LAS,LasVegasNV,NV,,Nevada,if.a
bi.a,,cabcbcbi.a,DL,bjhja.a,DL,,,bbgjh.a,bbgjhad.a,,,FortLauderdaleFL,FL,bc.a,Florida,dd.a
,e.a,cabcbcbd.a,,cadgg.a,EV,NiedAS,ffeb.a,badjh.a,badjhaf.a,dadjh.a,,,GA,bd.a,Georgia,de.a
cg.a,,cabcbccg.a,WN,bjdjd.a,WN,NhbdSW,efac.a,bagjd.a,bagjdac.a,,BNA,NashvilleTN,,eh.a,Tennessee,fe.a
,f.a,cabcbcbe.a,,caedh.a,FL,NchiAT,dad.a,bbgjh.a,bbgjhad.a,dcegh.a,,FortLauderdaleFL,FL,bc.a,Florida,dd.a
db.a,,cabcbcdb.a,DL,bjhja.a,DL,NgdiDL,,,bbchiac.a,,,,VA,fb.a,,di.a
b.a,,cabcbcab.a,AA,bjiaf.a,AA,NfBTAA,,,bcehiac.a,dbhad.a,JFK,NewYorkNY,,,NewYork,cc.a
,,,HA,bjgja.a,HA,NeihHA,cfi.a,,bcbhdab.a,dcbde.a,,HonoluluHI,HI,bf.a,Hawaii,c.a
,b.a,cabcbcad.a,EV,cadgg.a,EV,Nbfjid,,bbgbi.a,bbgbiac.a,dbhad.a,,NewarkNJ,,de.a,NewJersey,cb.a
d.a,b.a,cabcbcad.a,VX,cbbhb.a,VX,NgchVA,jeh.a,,bcijcad.a,dcfhf.a,LAX,LosAngelesCA,CA,g.a,California,jb.a
bh.a,,cabcbcbh.a,WN,bjdjd.a,WN,,g.a,bbcfj.a,bbcfjad.a,dabje.a,DAL,DallasTX,TX,ei.a,,he.a
be.a,,cabcbcbe.a,WN,bjdjd.a,WN,NefhWN,baea.a,,bebahac.a,daegg.a,PHX,PhoenixAZ,,e.a,Arizona,
cb.a,,cabcbccb.a,DL,,,,,beigj.a,beigjad.a,,SLC,SaltLakeCityUT,,ej.a,,
,h.a,cabcbcaj.a,EV,cadgg.a,EV,NiejAS,,bceei.a,bceeiad.a,dceei.a,,Jackson/VicksburgMS,MS,ci.a,Mississippi,fd.a
bd.a,e.a,cabcbcbd.a,,cadhi.a,YV,NfabMJ,dhgj.a,,bccgeac.a,daifc.a,IAD,,VA,fb.a,,di.a
ce.a,b.a,cabcbcce.a,Bg,caeaj.a,Bg,,,bcbjh.a,bcbjhac.a,,HPN,WhitePlainsNY,NY,dg.a,NewYork,cc.a
ba.a,,cabcbcba.a,AA,bjiaf.a,AA,NehgAA,,,bdjdaac.a,dajhh.a,ORD,,IL,,Illinois,
cb.a,,cabcbccb.a,AA,bjiaf.a,AA,,,bdcae.a,bdcaeac.a,,MCO,OrlandoFL,,,Florida,dd.a
cj.a,g.a,,OO,cadae.a,OO,NhbdSK,gcbj.a,bbfea.a,bbfeaad.a,,ELP,ElPasoTX,TX,ei.a,,he.a
,d.a,cabcbccg.a,EV,cadgg.a,EV,NiedAS,,badjh.a,badjhaf.a,dadjh.a,,,GA,bd.a,Georgia,de.a
j.a,h.a,cabcbcaj.a,YV,cadhi.a,YV,NfadMJ,dheg.a,,bccgeac.a,daifc.a,IAD,,VA,fb.a,,di.a
cc.a,g.a,cabcbccc.a,Bg,caeaj.a,Bg,,,bahcb.a,bahcbac.a,,BOS,BostonMA,MA,cf.a,Massachusetts,bd.a
d.a,,cabcbcad.a,WN,bjdjd.a,WN,NjedWN,dab.a,bdcdc.a,,dajhh.a,MDW,,IL,bh.a,Illinois,eb.a
,g.a,,MQ,cadji.a,MQ,NgchMQ,eafg.a,,bdjdaac.a,dajhh.a,,,IL,bh.a,Illinois,
db.a,b.a,,UA,bjjhh.a,UA,Nhhagg,bef.a,bccge.a,bccgeac.a,,IAD,,VA,,Virginia,di.a
bj.a,d.a,cabcbcbj.a,Bg,caeaj.a,Bg,,,bcehi.a,bcehiac.a,,JFK,NewYorkNY,,dg.a,NewYork,cc.a
b.a,,cabcbcab.a,DL,bjhja.a,DL,NdffNB,,,bdejfac.a,ddejf.a,,NewOrleansLA,,cc.a,Louisiana,
ci.a,,cabcbcci.a,WN,bjdjd.a,WN,NeejWN,bcha.a,,bbaggac.a,,CMH,,OH,dj.a,Ohio,ee.a
g.a,,cabcbbag.a,AA,bjiaf.a,AA,NfbdAA,,,baecdac.a,daecd.a,AUS,AustinTX,TX,,Texas,he.a
bj.a,,cabcbcbj.a,WN,bjdjd.a,WN,,bhi.a,bdcdc.a,bdcdcac.a,,MDW,,IL,bh.a,Illinois,eb.a
ch.a,e.a,,,bjjhh.a,UA,NedeUA,ecg.a,,bcijcad.a,,LAX,LosAngelesCA,CA,,California,jb.a
da.a,h.a,cabcbcda.a,Bg,caeaj.a,Bg,NhajJB,,bcjfd.a,bcjfdac.a,,LGA,NewYorkNY,,dg.a,NewYork,cc.a
j.a,,cabcbcaj.a,WN,bjdjd.a,,NefeWN,bhcj.a,,beijdac.a,ddbjc.a,SMF,SacramentoCA,,g.a,California,
ba.a,b.a,,UA,bjjhh.a,UA,Nhiedi,bhdj.a,bdjda.a,bdjdaac.a,dajhh.a,ORD,,IL,,Illinois,
j.a,,cabcbcaj.a,WN,bjdjd.a,WN,NgcdSW,did.a,,bciijad.a,dccbb.a,LAS,LasVegasNV,NV,dc.a,Nevada,if.a
ba.a,,cabcbcba.a,AA,bjiaf.a,AA,NfjgAA,,,bbcjiad.a,dabje.a,DFW,Dallas/FortWorthTX,TX,,Texas,he.a
bg.a,h.a,,UA,bjjhh.a,UA,,ba.a,bccgg.a,bccggad.a,dbefd.a,IAH,HoustonTX,TX,,Texas,he.a
cc.a,g.a,cabcbccc.a,VX,cbbhb.a,VX,,ebg.a,bcijc.a,bcijcad.a,,LAX,LosAngelesCA,CA,g.a,California,jb.a
bg.a,,cabcbcbg.a,DL,bjhja.a,DL,,,bbbjd.a,bbbjdac.a,ddbaf.a,,CincinnatiOH,KY,cb.a,Kentucky,fc.a
bj.a,,cabcbcbj.a,WN,bjdjd.a,WN,,ciga.a,bafcj.a,bafcjae.a,,BDL,HartfordCT,CT,j.a,Connecticut,bb.a
cd.a,h.a,,OO,,,,hdjf.a,beigj.a,beigjad.a,,SLC,SaltLakeCityUT,,ej.a,,
ba.a,b.a,,OO,cadae.a,,NechSW,ehcj.a,,beefhac.a,deefh.a,RAP,RapidCitySD,,eg.a,SouthDakota,
j.a,h.a,cabcbcaj.a,US,cadff.a,US,NjegUW,cbdi.a,bcjfd.a,,dbhad.a,LGA,NewYorkNY,,dg.a,NewYork,cc.a
ca.a,e.a,,,bjjhh.a,UA,,bbff.a,bbgbi.a,bbgbiac.a,,EWR,NewarkNJ,,,NewJersey,cb.a
,d.a,cabcbcbj.a,EV,cadgg.a,EV,,,bafcj.a,bafcjae.a,dafcj.a,,HartfordCT,CT,j.a,Connecticut,bb.a
be.a,,cabcbcbe.a,DL,bjhja.a,DL,NhggNC,,badjh.a,badjhaf.a,dadjh.a,,,GA,bd.a,Georgia,de.a
da.a,,cabcbcda.a,DL,bjhja.a,DL,NghbcB,,badjh.a,badjhaf.a,,,,GA,bd.a,Georgia,de.a
,g.a,,MQ,cadji.a,MQ,NgjeMQ,ecdf.a,bdjda.a,bdjdaac.a,dajhh.a,,,IL,bh.a,Illinois,
,f.a,cabcbcah.a,,caedh.a,FL,NijdAT,dfg.a,badjh.a,badjhaf.a,dadjh.a,,,GA,bd.a,Georgia,de.a
j.a,h.a,,UA,bjjhh.a,UA,Ndiefb,bejj.a,,baicbad.a,daifc.a,BWI,,MD,,Maryland,df.a
,f.a,cabcbcah.a,,cadgg.a,EV,NjhhEV,feei.a,begid.a,,ddcbe.a,,SanAntonioTX,,ei.a,,
bj.a,d.a,,OO,,,,gchj.a,beigj.a,beigjad.a,,SLC,SaltLakeCityUT,,ej.a,,
be.a,f.a,cabcbcbe.a,,bjjda.a,AS,NhffAS,fgd.a,bcijc.a,bcijcad.a,dcfhf.a,LAX,LosAngelesCA,CA,,California,jb.a
,h.a,,MQ,cadji.a,MQ,,cjea.a,babdg.a,babdgad.a,dabdg.a,,AbileneTX,TX,ei.a,,he.a
,h.a,cabcbcac.a,Fj,caedg.a,Fj,NjfcFR,cbe.a,bbcjc.a,,dadcf.a,,DenverCO,CO,i.a,Colorado,ic.a
ch.a,,cabcbcch.a,AA,bjiaf.a,AA,NdDXAA,,,bbchiac.a,,DCA,,VA,,Virginia,di.a
,h.a,cabcbcac.a,EV,cadgg.a,EV,NjaeEV,,bbedd.a,bbeddac.a,dbcjf.a,,,MI,cg.a,Michigan,ed.a
bd.a,e.a,cabcbcbd.a,,,,NhaiAS,gh.a,beici.a,beiciac.a,deici.a,SIT,SitkaAK,AK,,Alaska,
,h.a,cabcbcbg.a,EV,cadgg.a,EV,,,bahcb.a,bahcbac.a,dahcb.a,,BostonMA,MA,cf.a,Massachusetts,bd.a
da.a,h.a,cabcbcda.a,AS,bjjda.a,AS,NgbeAS,,,beafhac.a,,PDX,PortlandOR,,,Oregon,
,c.a,cabcbcae.a,EV,cadgg.a,EV,Nbfjhd,,bccge.a,bccgeac.a,daifc.a,,,VA,fb.a,,di.a
,c.a,cabcbcbb.a,FL,caedh.a,FL,NjicAT,cid.a,bbedd.a,,dbcjf.a,,,MI,cg.a,Michigan,ed.a
bd.a,,cabcbcbd.a,WN,bjdjd.a,WN,NchbLV,cgh.a,bebah.a,bebahac.a,daegg.a,PHX,PhoenixAZ,,e.a,Arizona,
ci.a,f.a,,,bjjhh.a,UA,NehdUA,fdj.a,,bdjdaac.a,,ORD,,IL,,Illinois,
,g.a,,MQ,cadji.a,MQ,NgcaMQ,dchh.a,,bbcjiad.a,dabje.a,,Dallas/FortWorthTX,TX,ei.a,,he.a
h.a,f.a,,,cadae.a,OO,NjbfSW,gbjh.a,behhb.a,,dcefh.a,SFO,SanFranciscoCA,CA,g.a,California,
,h.a,,MQ,cadji.a,MQ,NfbbMQ,eggi.a,,badjhaf.a,dadjh.a,,,GA,bd.a,Georgia,de.a
cb.a,,cabcbccb.a,AA,bjiaf.a,,,,beheh.a,behehad.a,,SEA,SeattleWA,WA,,Washington,
i.a,,cabcbcai.a,AA,bjiaf.a,AA,NejbAA,,,bbcjiad.a,dabje.a,DFW,Dallas/FortWorthTX,TX,,Texas,he.a
cd.a,,cabcbccd.a,DL,bjhja.a,DL,,,bedcb.a,bedcbad.a,,,PortlandME,,cd.a,Maine,
,d.a,cabcbccg.a,Fj,,Fj,NjcbFR,ifb.a,bfabg.a,,dbbcd.a,,St.LouisMO,MO,cj.a,Missouri,ge.a
,h.a,cabcbccd.a,EV,cadgg.a,EV,,,badjh.a,badjhaf.a,dadjh.a,,,GA,bd.a,Georgia,de.a
e.a,c.a,cabcbcae.a,US,cadff.a,US,NhfaUW,bide.a,bdeih.a,bdeihac.a,dbgfa.a,MSP,MinneapolisMN,,ch.a,Minnesota,
bg.a,,cabcbcbg.a,WN,bjdjd.a,WN,NjeiWN,efa.a,beafh.a,,deafh.a,PDX,PortlandOR,,eb.a,Oregon,
bd.a,,cabcbbbd.a,AA,bjiaf.a,AA,NdDEAA,,,bdjdaac.a,dajhh.a,ORD,,IL,,Illinois,
cd.a,,cabcbccd.a,WN,bjdjd.a,WN,,cief.a,bcbjb.a,bcbjbac.a,,HOU,HoustonTX,TX,ei.a,,he.a
,e.a,cabcbcag.a,,cadgg.a,EV,NjaaEV,ffaf.a,badjh.a,badjhaf.a,dadjh.a,,,GA,bd.a,Georgia,de.a
ci.a,f.a,cabcbcci.a,,cadff.a,US,NbcdUW,bedh.a,bbafh.a,bbafhad.a,,CLT,,NC,dh.a,NorthCarolina,dg.a
be.a,,cabcbcbe.a,DL,bjhja.a,DL,NjcfDL,,badjh.a,,dadjh.a,,,GA,bd.a,Georgia,de.a
cb.a,,cabcbccb.a,DL,bjhja.a,DL,,,bbedd.a,bbeddac.a,,,,MI,cg.a,Michigan,ed.a
ca.a,e.a,cabcbcca.a,,cadhi.a,YV,,cggd.a,bccge.a,bccgeac.a,,IAD,,VA,fb.a,,di.a
,c.a,cabcbcbb.a,FL,caedh.a,FL,NjedAT,eij.a,befce.a,,defce.a,,,,fb.a,,
bb.a,c.a,,UA,bjjhh.a,UA,NiagUA,gci.a,baicb.a,baicbad.a,daifc.a,BWI,,MD,,Maryland,df.a
,h.a,cabcbcaj.a,EV,cadgg.a,EV,NbdeEV,,bcbjb.a,bcbjbac.a,dbefd.a,,HoustonTX,TX,ei.a,,he.a
cc.a,g.a,,UA,bjjhh.a,UA,,ide.a,bcijc.a,bcijcad.a,,LAX,LosAngelesCA,CA,,California,jb.a
ba.a,,cabcbcba.a,DL,bjhja.a,DL,NjaiDA,,bdeih.a,,dbgfa.a,,MinneapolisMN,,ch.a,Minnesota,
db.a,,cabcbcdb.a,DL,bjhja.a,DL,NdieDA,,,badjhaf.a,,,,GA,bd.a,Georgia,de.a
be.a,,cabcbcbe.a,DL,bjhja.a,DL,NjcfDL,,badjh.a,,dadjh.a,,,GA,bd.a,Georgia,de.a
,c.a,cabcbccf.a,EV,cadgg.a,EV,,,bdjda.a,bdjdaac.a,dajhh.a,,,IL,bh.a,Illinois,
bd.a,,cabcbcbd.a,DL,bjhja.a,DL,NggfDN,,bcjfd.a,bcjfdac.a,dbhad.a,,NewYorkNY,,dg.a,NewYork,cc.a
bi.a,c.a,,OO,cadae.a,OO,,fejh.a,bagch.a,bagchac.a,dagch.a,BIS,Bismarck/MandanND,ND,di.a,NorthDakota,gg.a
ca.a,e.a,cabcbcca.a,,cadff.a,US,,eih.a,bbafh.a,bbafhad.a,,CLT,,NC,dh.a,NorthCarolina,dg.a
bh.a,,cabcbcbh.a,WN,bjdjd.a,,,bbdd.a,beghj.a,beghjad.a,ddfha.a,SAN,SanDiegoCA,,g.a,California,
bj.a,d.a,,OO,,,,eggc.a,beigj.a,beigjad.a,,SLC,SaltLakeCityUT,,ej.a,,
bh.a,,cabcbcbh.a,AA,bjiaf.a,AA,,,bdcee.a,bdceeac.a,ddcee.a,MEM,MemphisTN,,,Tennessee,fe.a
bb.a,,cabcbcbb.a,WN,bjdjd.a,WN,NegfWN,dehg.a,,baicbad.a,daifc.a,BWI,,MD,ce.a,Maryland,df.a
,f.a,cabcbcbe.a,,cadgg.a,EV,Nbdjhf,ebhf.a,bbgbi.a,bbgbiac.a,dbhad.a,,NewarkNJ,,de.a,NewJersey,cb.a
cd.a,h.a,,OO,,,,efbd.a,beigj.a,beigjad.a,,SLC,SaltLakeCityUT,,ej.a,,
cd.a,h.a,cabcbccd.a,Bg,caeaj.a,Bg,,,bahcb.a,bahcbac.a,,BOS,BostonMA,MA,cf.a,Massachusetts,bd.a
ci.a,,cabcbcci.a,AA,bjiaf.a,AA,NdHJAA,,,bbcjiad.a,,DFW,Dallas/FortWorthTX,TX,,Texas,he.a
bg.a,,cabcbcbg.a,AA,,,,,beigj.a,beigjad.a,degbe.a,SLC,SaltLakeCityUT,,,Utah,
cd.a,h.a,,UA,bjjhh.a,UA,,bffg.a,bcijc.a,bcijcad.a,,LAX,LosAngelesCA,CA,,California,jb.a
,g.a,,MQ,cadji.a,MQ,NgdgMQ,edcg.a,,bbaecac.a,dageh.a,,,OH,dj.a,Ohio,ee.a
g.a,e.a,cabcbcag.a,,cadhi.a,YV,NjcdFJ,cidf.a,bebah.a,,daegg.a,PHX,PhoenixAZ,,e.a,Arizona,
cg.a,d.a,,OO,cadae.a,OO,NgjcCA,eheg.a,bcijc.a,bcijcad.a,,LAX,LosAngelesCA,CA,g.a,California,jb.a
b.a,g.a,,,cadae.a,OO,NhfbSK,gcef.a,bbcjc.a,bbcjcac.a,dadcf.a,DEN,DenverCO,CO,i.a,Colorado,ic.a
ca.a,e.a,,,bjjhh.a,UA,,efh.a,bccge.a,bccgeac.a,,IAD,,VA,,Virginia,di.a
h.a,,cabcbcah.a,WN,bjdjd.a,WN,NgebSW,gah.a,bdcdc.a,bdcdcac.a,dajhh.a,MDW,,IL,bh.a,Illinois,eb.a
cc.a,,cabcbccc.a,WN,bjdjd.a,WN,,djgb.a,bciij.a,bciijad.a,,LAS,LasVegasNV,NV,dc.a,Nevada,if.a
d.a,b.a,,OO,cadae.a,OO,NjdcSW,gcbc.a,bbcjc.a,,dadcf.a,DEN,DenverCO,CO,i.a,Colorado,ic.a
bb.a,,cabcbcbb.a,WN,bjdjd.a,WN,NhiiSA,cgcd.a,bcijc.a,bcijcad.a,dcfhf.a,LAX,LosAngelesCA,CA,g.a,California,jb.a
,f.a,cabcbcah.a,,cadgg.a,EV,NifaAS,fejg.a,badjh.a,badjhaf.a,dadjh.a,,,GA,bd.a,Georgia,de.a
b.a,g.a,cabcbcab.a,,cbbhb.a,VX,NfdaVA,def.a,,bbgjhad.a,dcegh.a,FLL,FortLauderdaleFL,FL,bc.a,Florida,dd.a
,,,HA,bjgja.a,HA,NejdHA,bfj.a,,bdidaac.a,ddida.a,,KahuluiHI,HI,bf.a,Hawaii,
ci.a,f.a,cabcbcci.a,,cadff.a,US,NbijUW,jjh.a,bdjda.a,bdjdaac.a,,ORD,,IL,bh.a,Illinois,
,c.a,cabcbcbb.a,FL,caedh.a,FL,NcieAT,gdc.a,bdcdc.a,bdcdcac.a,dajhh.a,,,IL,bh.a,Illinois,eb.a
db.a,,cabcbcdb.a,DL,bjhja.a,DL,NjafDA,,badjh.a,badjhaf.a,,,,GA,bd.a,Georgia,de.a
,b.a,,MQ,cadji.a,MQ,NjEAMQ,dgej.a,bdejf.a,,ddejf.a,,NewOrleansLA,,cc.a,Louisiana,
cd.a,h.a,cabcbccd.a,US,cadff.a,US,,bgii.a,bdbji.a,bdbjiab.a,,MCI,KansasCityMO,MO,cj.a,Missouri,ge.a
,b.a,,MQ,cadji.a,MQ,,dijc.a,bebaa.a,bebaaac.a,debaa.a,,PhiladelphiaPA,,ec.a,Pennsylvania,
,b.a,,MQ,cadji.a,MQ,,dfjh.a,bbjjf.a,bbjjfac.a,dbjjf.a,,,NC,dh.a,NorthCarolina,dg.a
h.a,f.a,,,cadae.a,OO,NfgiSW,gehe.a,,becgcac.a,decgc.a,PSP,PalmSpringsCA,,g.a,California,
,g.a,cabcbccj.a,,cadgg.a,EV,Nbhbfj,efed.a,bbgbi.a,bbgbiac.a,dbhad.a,,NewarkNJ,,de.a,NewJersey,cb.a
ce.a,b.a,,OO,cadae.a,OO,,ehef.a,bciij.a,bciijad.a,,LAS,LasVegasNV,NV,dc.a,Nevada,if.a
g.a,e.a,cabcbcag.a,,cadff.a,,NgacAW,gba.a,,beijdac.a,ddbjc.a,SMF,SacramentoCA,,g.a,California,
cd.a,,cabcbccd.a,AA,bjiaf.a,AA,,,bbgjh.a,bbgjhad.a,,FLL,,FL,,Florida,dd.a
ba.a,b.a,cabcbcba.a,YV,cadhi.a,YV,NfbeMJ,dhgf.a,,bbafhad.a,dbafh.a,CLT,,NC,dh.a,NorthCarolina,dg.a
f.a,d.a,cabcbcaf.a,AS,bjjda.a,AS,NfibAS,,,bbgbiac.a,dbhad.a,EWR,NewarkNJ,,,NewJersey,cb.a
cj.a,g.a,cabcbccj.a,,bjdjd.a,WN,NedjWN,ccbj.a,,bacfhac.a,,ALB,AlbanyNY,NY,dg.a,NewYork,cc.a
,b.a,cabcbcad.a,EV,cadgg.a,EV,Nbbbfa,,bdifb.a,bdifbad.a,ddifb.a,,OklahomaCityOK,,ea.a,Oklahoma,
ba.a,b.a,,OO,cadae.a,OO,NjghSW,ffhd.a,bbbcc.a,,dbbcc.a,CPR,CasperWY,WY,fg.a,,ii.a
,g.a,cabcbcbf.a,,,FL,NjedAT,fej.a,bfdae.a,,ddbjf.a,,TampaFL,FL,bc.a,Florida,dd.a
h.a,f.a,cabcbcah.a,,bjdjd.a,WN,NeffWN,chab.a,,bdhjgab.a,dcefh.a,OAK,OaklandCA,,g.a,California,
,g.a,cabcbcab.a,,cadgg.a,EV,NgjfCA,feaj.a,badjh.a,badjhaf.a,dadjh.a,,,GA,bd.a,Georgia,de.a
,h.a,,OO,cadae.a,OO,,geia.a,bbcjc.a,bbcjcac.a,dadcf.a,DEN,DenverCO,CO,i.a,Colorado,ic.a
bj.a,d.a,,UA,bjjhh.a,UA,,dde.a,bccgg.a,bccggad.a,,IAH,HoustonTX,TX,,Texas,he.a
,g.a,,OO,cadae.a,OO,NiggAS,cgia.a,bcijc.a,bcijcad.a,dcfhf.a,LAX,LosAngelesCA,CA,g.a,California,jb.a
bg.a,,cabcbcbg.a,WN,bjdjd.a,,NhfaSA,cgge.a,behhb.a,behhbab.a,dcefh.a,SFO,SanFranciscoCA,CA,g.a,California,
cb.a,f.a,cabcbccb.a,,cadff.a,US,,bjjg.a,bbafh.a,bbafhad.a,,CLT,,NC,dh.a,NorthCarolina,dg.a
g.a,,cabcbcag.a,WN,bjdjd.a,WN,NeeiWN,hdc.a,,bdbjiab.a,ddbji.a,MCI,KansasCityMO,MO,cj.a,Missouri,ge.a
bj.a,,cabcbcbj.a,AA,bjiaf.a,AA,,,bbcji.a,bbcjiad.a,,DFW,Dallas/FortWorthTX,TX,,Texas,he.a
,b.a,,OO,cadae.a,OO,,ehge.a,bdeig.a,bdeigac.a,ddeig.a,MSO,MissoulaMT,,da.a,Montana,
,f.a,,,cadji.a,,,eebj.a,beejc.a,beejcac.a,deejc.a,RDU,,,dh.a,NorthCarolina,
cb.a,f.a,cabcbccb.a,,bjjda.a,,,bcb.a,beheh.a,behehad.a,,SEA,SeattleWA,WA,,Washington,
,d.a,cabcbcbc.a,Fj,caedg.a,Fj,NjaiFR,gfd.a,bbcjc.a,,dadcf.a,,DenverCO,CO,i.a,Colorado,ic.a
,d.a,cabcbcbj.a,FL,caedh.a,FL,,had.a,badjh.a,badjhaf.a,dadjh.a,,,GA,bd.a,Georgia,de.a
,b.a,,MQ,cadji.a,MQ,NggeMQ,dddf.a,bbaad.a,bbaadad.a,dbaad.a,,CedarRapids/IowaCityIA,IA,bj.a,Iowa,gb.a
bg.a,,cabcbcbg.a,AA,bjiaf.a,,NeihAA,,,bfdaeac.a,ddbjf.a,TPA,,FL,,Florida,dd.a
ch.a,,cabcbcch.a,DL,bjhja.a,DL,NdgeNW,,,bdeihac.a,,,MinneapolisMN,,ch.a,Minnesota,
be.a,f.a,,,bjjhh.a,UA,NiebUA,dbj.a,baicb.a,baicbad.a,daifc.a,BWI,,MD,,Maryland,df.a
,f.a,,,cadae.a,OO,,gfdj.a,bbbaj.a,bbbajac.a,dabij.a,COS,ColoradoSpringsCO,CO,i.a,Colorado,ic.a
ba.a,b.a,cabcbcba.a,Bg,,,NbjdJB,,bfajg.a,bfajgac.a,dfajg.a,SYR,SyracuseNY,NY,dg.a,NewYork,cc.a
b.a,,cabcbcab.a,DL,bjhja.a,DL,NgfeDL,,badjh.a,badjhaf.a,dadjh.a,,,GA,bd.a,Georgia,de.a
,c.a,,MQ,cadji.a,MQ,,eacd.a,bdjda.a,bdjdaac.a,dajhh.a,,,IL,bh.a,Illinois,
db.a,b.a,cabcbcdb.a,YV,cadhi.a,YV,NjdfLR,cieh.a,baiaa.a,,,BUR,BurbankCA,CA,g.a,California,jb.a
f.a,d.a,cabcbcaf.a,Bg,caeaj.a,,NfahJB,,,beiedad.a,deibj.a,SJU,SanJuanPR,PR,hc.a,,
bi.a,c.a,cabcbcbi.a,US,cadff.a,,,bjij.a,befce.a,befceab.a,defce.a,RIC,,,fb.a,,
g.a,e.a,cabcbcag.a,,bjdjd.a,WN,NefdWN,ief.a,,bdcaeac.a,dbefe.a,MCO,,,bc.a,Florida,dd.a
cc.a,g.a,cabcbccc.a,,cadff.a,US,,bhfa.a,bciij.a,bciijad.a,,LAS,LasVegasNV,NV,dc.a,Nevada,if.a
,g.a,,,cadji.a,MQ,NjahMQ,dcfh.a,bbcji.a,,dabje.a,,Dallas/FortWorthTX,TX,ei.a,,he.a
j.a,h.a,cabcbcaj.a,WN,bjdjd.a,WN,NcjdWN,bcha.a,bebah.a,bebahac.a,daegg.a,PHX,PhoenixAZ,,e.a,Arizona,
,c.a,cabcbcbb.a,EV,cadgg.a,EV,NifiAS,,bdcee.a,bdceeac.a,ddcee.a,,MemphisTN,,eh.a,Tennessee,fe.a
b.a,g.a,cabcbcab.a,,caeaj.a,Bg,NgfcJB,cec.a,bcjfe.a,bcjfeac.a,dcfhf.a,LGB,LongBeachCA,CA,g.a,California,jb.a
bg.a,h.a,cabcbcbg.a,WN,bjdjd.a,WN,NcdjWN,cfce.a,bbagg.a,bbaggac.a,dbagg.a,CMH,,OH,dj.a,Ohio,ee.a
,h.a,cabcbcaj.a,EV,cadgg.a,EV,NihiAS,,badjh.a,badjhaf.a,dadjh.a,,,GA,bd.a,Georgia,de.a
i.a,g.a,cabcbcai.a,,bjdjd.a,WN,NcbhJC,caaj.a,bdcdc.a,bdcdcac.a,dajhh.a,MDW,,IL,bh.a,Illinois,eb.a
,f.a,cabcbcah.a,,cadgg.a,EV,Nbcfgh,ecje.a,bbgbi.a,bbgbiac.a,dbhad.a,,NewarkNJ,,de.a,NewJersey,cb.a
b.a,g.a,cabcbcab.a,,bjjda.a,,NhgaAS,cdf.a,behhb.a,behhbab.a,dcefh.a,SFO,SanFranciscoCA,CA,,California,
cg.a,d.a,cabcbccg.a,WN,bjdjd.a,WN,NfbfSW,edai.a,,bbfeaad.a,,ELP,ElPasoTX,TX,ei.a,,he.a
cf.a,,cabcbccf.a,AA,bjiaf.a,AA,,,bbcji.a,bbcjiad.a,,DFW,Dallas/FortWorthTX,TX,,Texas,he.a
bj.a,d.a,cabcbcbj.a,WN,,,,bcff.a,beijd.a,beijdac.a,,SMF,SacramentoCA,,g.a,California,
,d.a,,OO,cadae.a,OO,NefjSW,eeji.a,,bagcaac.a,dagca.a,BIL,BillingsMT,MT,da.a,Montana,ie.a
,e.a,cabcbcag.a,,caedh.a,FL,NjceAT,cff.a,badjh.a,,dadjh.a,,,GA,bd.a,Georgia,de.a
,h.a,cabcbcaj.a,EV,,,Nbdjcj,,bfebc.a,bfebcac.a,dfebc.a,TYS,KnoxvilleTN,TN,eh.a,Tennessee,fe.a
,h.a,,MQ,cadji.a,MQ,,chaa.a,bbcji.a,bbcjiad.a,dabje.a,,Dallas/FortWorthTX,TX,ei.a,,he.a
bh.a,b.a,cabcbcbh.a,Bg,caeaj.a,Bg,,,bdcae.a,bdcaeac.a,dbefe.a,MCO,,,bc.a,Florida,dd.a
,b.a,,MQ,cadji.a,MQ,NiaiMQ,cidd.a,bbcji.a,bbcjiad.a,dabje.a,,Dallas/FortWorthTX,TX,ei.a,,he.a
bj.a,d.a,,UA,bjjhh.a,UA,,ifc.a,bahbd.a,bahbdac.a,,BOI,BoiseID,ID,,Idaho,id.a
,f.a,cabcbcbe.a,,caedh.a,FL,NjjgAT,efa.a,bdejf.a,,ddejf.a,,NewOrleansLA,,cc.a,Louisiana,
,g.a,cabcbccc.a,,cadgg.a,EV,,eece.a,bbgbi.a,bbgbiac.a,dbhad.a,,NewarkNJ,,de.a,NewJersey,cb.a
be.a,,cabcbcbe.a,AA,bjiaf.a,AA,NffjAA,,,bciijad.a,dccbb.a,LAS,LasVegasNV,NV,,Nevada,if.a
,h.a,,OO,cadae.a,OO,,efdb.a,bbgei.a,bbgeiac.a,dbgei.a,FCA,KalispellMT,MT,da.a,Montana,ie.a
,h.a,,OO,,,NhidCA,efgh.a,beigj.a,beigjad.a,degbe.a,SLC,SaltLakeCityUT,,ej.a,,
db.a,,cabcbcdb.a,DL,bjhja.a,DL,NdaeDQ,,,bbbjdac.a,ddbaf.a,,CincinnatiOH,KY,cb.a,Kentucky,fc.a
bg.a,h.a,cabcbcbg.a,WN,bjdjd.a,WN,NgjdSW,ibc.a,bagjd.a,bagjdac.a,dagjd.a,BNA,NashvilleTN,,eh.a,Tennessee,fe.a
cg.a,,cabcbccg.a,DL,bjhja.a,DL,NficNW,,,badjhaf.a,,,,GA,bd.a,Georgia,de.a
bj.a,d.a,cabcbcbj.a,US,,,,cee.a,bfabg.a,bfabgad.a,,STL,St.LouisMO,MO,cj.a,Missouri,ge.a
cj.a,,cabcbccj.a,AS,bjjda.a,,NfdaAS,,,behehad.a,,SEA,SeattleWA,WA,,Washington,
,h.a,cabcbcda.a,EV,cadgg.a,EV,Nbefgc,,bdeif.a,bdeifac.a,ddeif.a,,MadisonWI,,ff.a,,
,d.a,,OO,cadae.a,OO,NhabSK,fccc.a,bdeih.a,bdeihac.a,dbgfa.a,MSP,MinneapolisMN,,ch.a,Minnesota,
bd.a,e.a,,,bjjhh.a,UA,NegbUA,cff.a,,bebccac.a,dabji.a,PIT,PittsburghPA,,,Pennsylvania,
cj.a,,cabcbccj.a,AA,bjiaf.a,AA,NdFNAA,,,bbcjiad.a,,DFW,Dallas/FortWorthTX,TX,,Texas,he.a
,f.a,cabcbcah.a,,,,Nbejef,egbb.a,bfdha.a,bfdhaac.a,degfd.a,TUL,TulsaOK,OK,ea.a,Oklahoma,hd.a
bj.a,d.a,,UA,,,,bgci.a,beijd.a,beijdac.a,,SMF,SacramentoCA,,,California,
bj.a,,cabcbcbj.a,DL,bjhja.a,DL,,,bdeih.a,bdeihac.a,,,MinneapolisMN,,,Minnesota,
bb.a,c.a,cabcbcbb.a,WN,bjdjd.a,,NggdSW,bcig.a,behhb.a,behhbab.a,dcefh.a,SFO,SanFranciscoCA,CA,g.a,California,
e.a,,cabcbcae.a,DL,bjhja.a,DL,NghbcB,,bcijc.a,bcijcad.a,dcfhf.a,,LosAngelesCA,CA,,California,jb.a
ba.a,,cabcbcba.a,AA,bjiaf.a,AA,NfDAAA,,,bddadad.a,dcegh.a,MIA,,,,Florida,dd.a
c.a,,cabcbcac.a,DL,bjhja.a,DL,NddeNW,,,bdeihac.a,dbgfa.a,,MinneapolisMN,,,Minnesota,
,g.a,cabcbccc.a,,cadgg.a,EV,,fich.a,bdjda.a,bdjdaac.a,dajhh.a,,,IL,bh.a,Illinois,
ci.a,,cabcbcci.a,DL,bjhja.a,DL,NjghDL,,badjh.a,,,,,GA,,Georgia,de.a
,d.a,,OO,cadae.a,OO,NigjAS,cgfb.a,bcijc.a,bcijcad.a,dcfhf.a,LAX,LosAngelesCA,CA,g.a,California,jb.a
,e.a,,,cadji.a,MQ,NgigMQ,chbi.a,bbcji.a,bbcjiad.a,dabje.a,,Dallas/FortWorthTX,TX,ei.a,,he.a
,g.a,,,cadji.a,MQ,NjcfMQ,edif.a,bcjef.a,,dcjef.a,,LexingtonKY,KY,cb.a,Kentucky,fc.a
,h.a,,MQ,cadji.a,,NiadMQ,efdh.a,beejc.a,beejcac.a,deejc.a,RDU,,,dh.a,NorthCarolina,
bf.a,,cabcbcbf.a,AS,bjjda.a,AS,NfcgAS,,,bcijcad.a,dcfhf.a,LAX,LosAngelesCA,CA,,California,jb.a
,h.a,cabcbcaj.a,EV,cadgg.a,EV,Nbejdj,,bafjj.a,bafjjae.a,dafjj.a,,BirminghamAL,AL,b.a,Alabama,fb.a
,b.a,,OO,cadae.a,OO,,gega.a,becgc.a,becgcac.a,decgc.a,PSP,PalmSpringsCA,,g.a,California,
bb.a,c.a,cabcbcbb.a,WN,bjdjd.a,WN,NcjfWN,dgg.a,,bciijad.a,dccbb.a,LAS,LasVegasNV,NV,dc.a,Nevada,if.a
cd.a,h.a,cabcbccd.a,Bg,caeaj.a,Bg,,,bahcb.a,bahcbac.a,,BOS,BostonMA,MA,cf.a,Massachusetts,bd.a
,b.a,,OO,cadae.a,OO,,fdcj.a,bdjda.a,bdjdaac.a,dajhh.a,ORD,,IL,bh.a,Illinois,
db.a,b.a,cabcbcdb.a,Bg,caeaj.a,Bg,NdajJB,,,bahcbac.a,dahcb.a,BOS,BostonMA,MA,cf.a,Massachusetts,bd.a
,c.a,cabcbcbb.a,EV,cadgg.a,EV,NjaaEV,,bbedd.a,bbeddac.a,dbcjf.a,,,MI,cg.a,Michigan,ed.a
ci.a,f.a,cabcbcci.a,,bjdjd.a,WN,NhebSA,dejf.a,bebah.a,bebahac.a,,PHX,PhoenixAZ,,e.a,Arizona,
cc.a,g.a,cabcbccc.a,,cadff.a,US,,gbj.a,bdijb.a,bdijbab.a,,ONT,OntarioCA,,g.a,California,
,g.a,cabcbccj.a,,cadgg.a,EV,NiceAS,fbci.a,bdchh.a,bdchhac.a,ddchh.a,,MontgomeryAL,,b.a,Alabama,fb.a
cb.a,,cabcbccb.a,DL,,,,,beigj.a,beigjad.a,,SLC,SaltLakeCityUT,,ej.a,,
h.a,f.a,cabcbcah.a,,caeaj.a,Bg,NfdeJB,cji.a,,bciijad.a,dccbb.a,LAS,LasVegasNV,NV,dc.a,Nevada,if.a
,e.a,cabcbcch.a,,caedg.a,Fj,NjcaFR,cda.a,bbcjc.a,,dadcf.a,,DenverCO,CO,i.a,Colorado,ic.a
bb.a,c.a,cabcbcbb.a,WN,bjdjd.a,WN,NgdeSW,hjb.a,,bdijbab.a,dcfhf.a,ONT,OntarioCA,,g.a,California,
cj.a,g.a,cabcbccj.a,,cadhi.a,YV,NfbjLR,dhfg.a,,bdjdaac.a,,ORD,,IL,bh.a,Illinois,
,b.a,,MQ,cadji.a,MQ,NfcdMQ,dhgf.a,,bbcjcac.a,dadcf.a,,DenverCO,CO,i.a,Colorado,ic.a
,d.a,cabcbcbc.a,EV,cadgg.a,EV,Nbcbhf,,bdjda.a,bdjdaac.a,dajhh.a,,,IL,bh.a,Illinois,
g.a,e.a,,,cadae.a,OO,NhgiSK,fbib.a,bbafh.a,bbafhad.a,dbafh.a,CLT,,NC,dh.a,NorthCarolina,dg.a
,d.a,,OO,cadae.a,,,fdac.a,behhb.a,behhbab.a,dcefh.a,SFO,SanFranciscoCA,CA,g.a,California,
bh.a,,cabcbcbh.a,AA,bjiaf.a,AA,,,bcijc.a,bcijcad.a,dcfhf.a,LAX,LosAngelesCA,CA,,California,jb.a
bf.a,g.a,cabcbcbf.a,,,,NhhfSW,cgga.a,bejai.a,bejaiad.a,dcfhf.a,SNA,SantaAnaCA,CA,g.a,California,jb.a
bd.a,,cabcbcbd.a,DL,bjhja.a,DL,NdfcNW,,,bbeddac.a,dbcjf.a,,,MI,,Michigan,ed.a
ba.a,b.a,cabcbcba.a,WN,bjdjd.a,,NffgWN,bach.a,,bfabgad.a,dbbcd.a,STL,St.LouisMO,MO,cj.a,Missouri,ge.a
,f.a,,,cadae.a,OO,,ehjb.a,bagjd.a,bagjdac.a,dagjd.a,BNA,NashvilleTN,,eh.a,Tennessee,fe.a
,f.a,cabcbcci.a,,caedh.a,FL,NjcbAT,dja.a,bdcae.a,,dbefe.a,,,,bc.a,Florida,dd.a
,b.a,,MQ,cadji.a,MQ,,cijh.a,bbbea.a,bbbeaac.a,dbbea.a,,CorpusChristiTX,TX,ei.a,,he.a
be.a,f.a,cabcbcbe.a,,bjdjd.a,WN,NhhdfA,eaj.a,bdcdc.a,bdcdcac.a,dajhh.a,MDW,,IL,bh.a,Illinois,eb.a
ba.a,,cabcbcba.a,DL,bjhja.a,,NdgiNW,,,beigjad.a,degbe.a,SLC,SaltLakeCityUT,,,Utah,
da.a,,cabcbcda.a,AA,bjiaf.a,AA,NeYMAA,,,babeaac.a,,ABQ,AlbuquerqueNM,NM,,NewMexico,ig.a
ch.a,e.a,cabcbcch.a,,bjdjd.a,,NejcWN,ebc.a,,beidbad.a,,SJC,SanJoseCA,CA,g.a,California,
bg.a,,cabcbcbg.a,DL,bjhja.a,DL,,,bdeih.a,bdeihac.a,dbgfa.a,,MinneapolisMN,,,Minnesota,
cf.a,c.a,cabcbccf.a,WN,bjdjd.a,WN,,ebg.a,bebah.a,bebahac.a,,PHX,PhoenixAZ,,e.a,Arizona,
ci.a,,cabcbcci.a,DL,bjhja.a,DL,NjgaDN,,badjh.a,,,,,GA,,Georgia,de.a
ch.a,e.a,cabcbcch.a,,caeaj.a,Bg,NgeiJB,bcb.a,bahcb.a,bahcbac.a,,BOS,BostonMA,MA,cf.a,Massachusetts,bd.a
cf.a,c.a,cabcbccf.a,YV,cadhi.a,YV,,dhhg.a,bdjda.a,bdjdaac.a,,ORD,,IL,bh.a,Illinois,
bh.a,b.a,cabcbcbh.a,WN,bjdjd.a,,,bcdj.a,beheh.a,behehad.a,daffj.a,SEA,SeattleWA,WA,fd.a,,
bb.a,c.a,cabcbcbb.a,WN,bjdjd.a,WN,NfccSW,ba.a,,bbcjcac.a,dadcf.a,DEN,DenverCO,CO,i.a,Colorado,ic.a
db.a,,cabcbcdb.a,AA,bjiaf.a,AA,NdATAA,,,bbcjiad.a,,DFW,Dallas/FortWorthTX,TX,,Texas,he.a
,h.a,cabcbcbg.a,FL,caedh.a,FL,NjfbAT,fgh.a,badjh.a,,dadjh.a,,,GA,bd.a,Georgia,de.a
,b.a,,OO,cadae.a,OO,NfigSW,gdcj.a,,babfhad.a,dabfh.a,ACV,Arcata/EurekaCA,CA,g.a,California,jb.a
h.a,f.a,cabcbcah.a,,bjdjd.a,WN,NjabWN,iga.a,bbcfj.a,bbcfjad.a,dabje.a,DAL,DallasTX,TX,ei.a,,he.a
cg.a,,cabcbccg.a,DL,bjhja.a,DL,NjhcDL,,badjh.a,,,,,GA,,Georgia,de.a
c.a,h.a,cabcbcac.a,WN,bjdjd.a,WN,NjehWN,bgbf.a,bebah.a,,daegg.a,PHX,PhoenixAZ,,e.a,Arizona,
bi.a,,cabcbbbi.a,AA,bjiaf.a,AA,,,bcehi.a,bcehiac.a,dbhad.a,JFK,NewYorkNY,,,NewYork,cc.a
e.a,,cabcbbae.a,AA,bjiaf.a,AA,NfDNAA,,,bcijcad.a,dcfhf.a,LAX,LosAngelesCA,CA,,California,jb.a
,e.a,,,cadji.a,MQ,NjcfMQ,djja.a,bdjda.a,,dajhh.a,,,IL,bh.a,Illinois,
f.a,,cabcbcaf.a,AA,bjiaf.a,AA,NeXKAA,,,bbcjiad.a,dabje.a,DFW,Dallas/FortWorthTX,TX,,Texas,he.a
,e.a,cabcbcbd.a,,cadgg.a,EV,Nbbfdg,edic.a,bbedd.a,bbeddac.a,dbcjf.a,,,MI,cg.a,Michigan,ed.a
ch.a,,cabcbcch.a,AA,bjiaf.a,AA,NfhhAA,,,bbcjiad.a,,DFW,Dallas/FortWorthTX,TX,,Texas,he.a
cb.a,f.a,cabcbccb.a,,bjdjd.a,WN,,gef.a,bebcc.a,bebccac.a,,PIT,PittsburghPA,,ec.a,Pennsylvania,
i.a,,cabcbcai.a,DL,bjhja.a,DL,Ndhfd,,,bdeihac.a,dbgfa.a,,MinneapolisMN,,,Minnesota,
bc.a,,cabcbcbc.a,AA,bjiaf.a,,NdceAA,,,behhbab.a,dcefh.a,SFO,SanFranciscoCA,CA,,California,
cc.a,g.a,cabcbccc.a,,cadff.a,US,,jib.a,bebaa.a,bebaaac.a,,PHL,PhiladelphiaPA,,ec.a,Pennsylvania,
bg.a,,cabcbcbg.a,DL,bjhja.a,DL,NdgeNW,,,bcjfdac.a,dbhad.a,,NewYorkNY,,,NewYork,cc.a
,b.a,,OO,cadae.a,OO,,ehhi.a,becfc.a,becfcac.a,decfc.a,,Pasco/Kennewick/RichlandWA,,fd.a,,
bb.a,c.a,cabcbcbb.a,US,cadff.a,US,NiddAW,cgd.a,bebah.a,bebahac.a,daegg.a,PHX,PhoenixAZ,,e.a,Arizona,
,f.a,cabcbcci.a,,cadgg.a,EV,NidhAS,fbci.a,bdchh.a,bdchhac.a,ddchh.a,,MontgomeryAL,,b.a,Alabama,fb.a
cb.a,f.a,cabcbccb.a,,cadff.a,US,,bbie.a,baicb.a,baicbad.a,,BWI,,MD,ce.a,Maryland,df.a
ch.a,,cabcbcch.a,AA,bjiaf.a,AA,NdHPAA,,,bbcjiad.a,,DFW,Dallas/FortWorthTX,TX,,Texas,he.a
,h.a,,OO,cadae.a,OO,NeehSW,egeh.a,,bcaadac.a,dbijf.a,,GreatFallsMT,MT,da.a,Montana,ie.a
ba.a,,cabcbcba.a,AA,bjiaf.a,AA,NdAMAA,,,bdjdaac.a,dajhh.a,ORD,,IL,,Illinois,
bb.a,,cabcbcbb.a,AA,bjiaf.a,AA,NeXFAA,,,bbcjiad.a,dabje.a,DFW,Dallas/FortWorthTX,TX,,Texas,he.a
bh.a,b.a,cabcbcbh.a,WN,bjdjd.a,WN,,eije.a,bdcdc.a,bdcdcac.a,dajhh.a,MDW,,IL,bh.a,Illinois,eb.a
j.a,h.a,cabcbcaj.a,WN,bjdjd.a,WN,NhahSA,cfbc.a,bddec.a,bddecaf.a,dddec.a,MKE,MilwaukeeWI,,ff.a,,ef.a
h.a,f.a,cabcbcah.a,,bjdjd.a,WN,NeijWN,ddbi.a,,bbcfjad.a,dabje.a,DAL,DallasTX,TX,ei.a,,he.a
bf.a,,cabcbbbf.a,AA,bjiaf.a,AA,NdhjAA,,,bcbhdab.a,dcbde.a,HNL,HonoluluHI,HI,,Hawaii,c.a
cd.a,,cabcbbcd.a,AA,bjiaf.a,AA,,,bcehi.a,bcehiac.a,,JFK,NewYorkNY,,,NewYork,cc.a
j.a,h.a,cabcbcaj.a,WN,bjdjd.a,WN,NcajWN,cffc.a,bbecd.a,bbecdad.a,dbecd.a,DSM,DesMoinesIA,IA,bj.a,Iowa,gb.a
,g.a,cabcbccc.a,,caedh.a,FL,,ggb.a,baicb.a,baicbad.a,daifc.a,,,MD,ce.a,Maryland,df.a
i.a,g.a,cabcbcai.a,,cadff.a,US,NefaUW,bcjb.a,,bbafhad.a,dbafh.a,CLT,,NC,dh.a,NorthCarolina,dg.a
d.a,,cabcbcad.a,AA,bjiaf.a,AA,NgcfAA,,,bddadad.a,dcegh.a,MIA,,,,Florida,dd.a
cc.a,g.a,cabcbccc.a,,bjdjd.a,WN,,c.a,bciij.a,bciijad.a,,LAS,LasVegasNV,NV,dc.a,Nevada,if.a
bj.a,d.a,cabcbcbj.a,US,cadff.a,US,,ii.a,badjh.a,badjhaf.a,,ATL,,GA,bd.a,Georgia,de.a
bc.a,,cabcbcbc.a,AA,bjiaf.a,AA,NejdAA,,,bbcjiad.a,dabje.a,DFW,Dallas/FortWorthTX,TX,,Texas,he.a
bg.a,,cabcbcbg.a,AA,bjiaf.a,AA,NehcAA,,,bbcjiad.a,dabje.a,DFW,Dallas/FortWorthTX,TX,,Texas,he.a
,e.a,cabcbcch.a,,caedg.a,Fj,NjcgFR,bci.a,bbcjc.a,,dadcf.a,,DenverCO,CO,i.a,Colorado,ic.a
ce.a,,cabcbcce.a,AA,bjiaf.a,AA,,,bddad.a,bddadad.a,,MIA,,,,Florida,dd.a
,g.a,cabcbcai.a,,caedh.a,FL,NjjdAT,eij.a,befce.a,,defce.a,,,,fb.a,,
,e.a,,,cadji.a,MQ,NfbbMQ,dgfe.a,,bcijcad.a,dcfhf.a,,LosAngelesCA,CA,g.a,California,jb.a
cg.a,,cabcbccg.a,AA,bjiaf.a,,NfhfAA,,,beigjad.a,,SLC,SaltLakeCityUT,,,Utah,
,f.a,,,cadji.a,MQ,NgEAMQ,egei.a,badjh.a,badjhaf.a,dadjh.a,,,GA,bd.a,Georgia,de.a
bg.a,,cabcbcbg.a,AA,bjiaf.a,AA,NdFSAA,,,bbcjiad.a,dabje.a,DFW,Dallas/FortWorthTX,TX,,Texas,he.a
ci.a,f.a,,,bjjhh.a,UA,NebbUA,gah.a,,bcijcad.a,,LAX,LosAngelesCA,CA,,California,jb.a
da.a,,cabcbcda.a,DL,bjhja.a,DL,NjchDA,,bebcc.a,,,,PittsburghPA,,,Pennsylvania,
f.a,d.a,cabcbcaf.a,WN,bjdjd.a,WN,NcebWN,cdej.a,bcbjb.a,bcbjbac.a,dbefd.a,HOU,HoustonTX,TX,ei.a,,he.a
bf.a,g.a,cabcbcbf.a,,cadhi.a,YV,Nhfjje,baad.a,bdida.a,bdidaac.a,ddida.a,OGG,KahuluiHI,HI,bf.a,Hawaii,
da.a,h.a,,OO,cadae.a,OO,NehhCA,egdc.a,,bdeigac.a,,,MissoulaMT,,da.a,Montana,
db.a,b.a,cabcbcdb.a,WN,bjdjd.a,WN,NhheSW,dhif.a,bbeib.a,bbeibac.a,,ECP,,,bc.a,Florida,dd.a
,h.a,cabcbcda.a,Fj,caedg.a,Fj,NcagFR,eeg.a,bbcjc.a,bbcjcac.a,dadcf.a,,DenverCO,CO,i.a,Colorado,ic.a
,f.a,cabcbcci.a,,cadgg.a,EV,Nbgbeh,effe.a,babea.a,babeaac.a,dabea.a,,AlbuquerqueNM,NM,df.a,NewMexico,ig.a
,b.a,cabcbcba.a,EV,cadgg.a,EV,NjcjEV,,badjh.a,,dadjh.a,,,GA,bd.a,Georgia,de.a
i.a,g.a,cabcbcai.a,,cadff.a,US,NbafUW,jjc.a,bbafh.a,bbafhad.a,dbafh.a,CLT,,NC,dh.a,NorthCarolina,dg.a
da.a,h.a,cabcbcda.a,WN,bjdjd.a,WN,NdjbSW,fdc.a,,bajjeac.a,,CHS,,SC,ef.a,SouthCarolina,dh.a
,h.a,cabcbcda.a,Fj,caedg.a,Fj,NjchFR,dai.a,bbiie.a,,dbiie.a,,SpokaneWA,WA,fd.a,,jd.a
e.a,,cabcbcae.a,DL,bjhja.a,DL,NhfcAT,,bcijc.a,bcijcad.a,dcfhf.a,,LosAngelesCA,CA,,California,jb.a
bi.a,c.a,cabcbcbi.a,Bg,caeaj.a,Bg,,,bahcb.a,bahcbac.a,dahcb.a,BOS,BostonMA,MA,cf.a,Massachusetts,bd.a
be.a,,cabcbcbe.a,AS,bjjda.a,AS,NfgcAS,,,bagggac.a,daggg.a,BLI,BellinghamWA,WA,,Washington,jd.a
,,,HA,bjgja.a,HA,NeieHA,bii.a,,bcbhdab.a,dcbde.a,,HonoluluHI,HI,bf.a,Hawaii,c.a
,e.a,cabcbcca.a,,caedh.a,FL,,dgd.a,bdcae.a,bdcaeac.a,dbefe.a,,,,bc.a,Florida,dd.a
,e.a,,,cadae.a,OO,NeeiSW,egce.a,,bbgdiae.a,dbgdi.a,,FresnoCA,CA,g.a,California,jb.a
,h.a,,MQ,cadji.a,MQ,,ddae.a,bbcji.a,bbcjiad.a,dabje.a,,Dallas/FortWorthTX,TX,ei.a,,he.a
h.a,f.a,cabcbcah.a,,bjdjd.a,WN,NgaeSW,fai.a,,bafjjae.a,dafjj.a,BHM,BirminghamAL,AL,b.a,Alabama,fb.a
ch.a,e.a,,,bjjhh.a,UA,NebfUA,dde.a,,bccggad.a,,IAH,HoustonTX,TX,,Texas,he.a
j.a,,cabcbcaj.a,AA,bjiaf.a,AA,NeWLAA,,,bbcjiad.a,dabje.a,DFW,Dallas/FortWorthTX,TX,,Texas,he.a
cc.a,g.a,cabcbccc.a,,bjdjd.a,WN,,djbg.a,baiaa.a,baiaaad.a,,BUR,BurbankCA,CA,g.a,California,jb.a
,g.a,cabcbcbf.a,,,,Nbffch,efaa.a,beibe.a,beibeac.a,daehg.a,SHV,ShreveportLA,LA,cc.a,Louisiana,
da.a,,cabcbcda.a,DL,bjhja.a,DL,NjdcDL,,baicb.a,,,,,MD,,Maryland,df.a
,f.a,,,cadae.a,OO,NjbcSW,fcdj.a,bccgg.a,,dbefd.a,,HoustonTX,TX,ei.a,,he.a
b.a,g.a,cabcbcab.a,,bjdjd.a,WN,NeagWN,ccfb.a,,bciijad.a,dccbb.a,LAS,LasVegasNV,NV,dc.a,Nevada,if.a
,f.a,cabcbcci.a,,caedg.a,Fj,NjcfFR,cgg.a,bbcjc.a,,dadcf.a,,DenverCO,CO,i.a,Colorado,ic.a
,f.a,cabcbcbe.a,,cadgg.a,EV,Nbbbie,gbhj.a,bbcjc.a,bbcjcac.a,dadcf.a,,DenverCO,CO,i.a,Colorado,ic.a
cj.a,g.a,cabcbccj.a,,cadff.a,US,NcejAU,bffi.a,bbgjh.a,bbgjhad.a,,FLL,,FL,bc.a,Florida,dd.a
da.a,,cabcbcda.a,DL,bjhja.a,DL,NjdjDL,,bbchi.a,,,,,VA,,Virginia,di.a
cd.a,h.a,cabcbccd.a,WN,bjdjd.a,WN,,bddf.a,bbcjc.a,bbcjcac.a,,DEN,DenverCO,CO,i.a,Colorado,ic.a
da.a,,cabcbcda.a,DL,bjhja.a,DL,NdhaNB,,,bddecaf.a,,,MilwaukeeWI,,,Wisconsin,ef.a
g.a,e.a,cabcbcag.a,,bjdjd.a,,NdffSW,jcb.a,,bfabgad.a,dbbcd.a,STL,St.LouisMO,MO,cj.a,Missouri,ge.a
bf.a,g.a,cabcbcbf.a,,,,NcbjWN,eaab.a,bfabg.a,bfabgad.a,dbbcd.a,STL,St.LouisMO,MO,cj.a,Missouri,ge.a
,f.a,,,,,NiceSK,eefe.a,beigj.a,beigjad.a,degbe.a,SLC,SaltLakeCityUT,,ej.a,,
,e.a,,,cadji.a,,NifdMQ,efdh.a,beejc.a,beejcac.a,deejc.a,RDU,,,dh.a,NorthCarolina,
ca.a,,cabcbcca.a,DL,bjhja.a,DL,,,badjh.a,badjhaf.a,,,,GA,,Georgia,de.a
f.a,d.a,,UA,bjjhh.a,UA,NfegUA,fec.a,,bdjdaac.a,dajhh.a,ORD,,IL,,Illinois,
da.a,h.a,,UA,bjjhh.a,UA,Ndeega,bbic.a,,bcijcad.a,,LAX,LosAngelesCA,CA,,California,jb.a
,e.a,cabcbcbd.a,,cadgg.a,EV,Nbcjgh,gabb.a,bdeif.a,bdeifac.a,ddeif.a,,MadisonWI,,ff.a,,
cg.a,d.a,cabcbccg.a,WN,bjdjd.a,,NjaaWN,dhcd.a,befha.a,befhaac.a,,RNO,RenoNV,,dc.a,Nevada,
,f.a,,,caedh.a,FL,NjfeAT,ggc.a,begdf.a,,dbhbe.a,,,FL,bc.a,Florida,
c.a,h.a,cabcbcac.a,Bg,caeaj.a,Bg,NfijJB,,,bbgjhad.a,dcegh.a,FLL,,FL,bc.a,Florida,dd.a
ch.a,,cabcbcch.a,DL,bjhja.a,DL,NhfaAT,,bcjic.a,bcjicac.a,,,LihueHI,HI,,Hawaii,c.a
,h.a,,MQ,cadji.a,MQ,,ddgi.a,bcjjc.a,bcjjcae.a,dcgaa.a,,LittleRockAR,AR,f.a,Arkansas,hb.a
f.a,,cabcbcaf.a,AA,bjiaf.a,AA,NeXLAA,,,bbgbiac.a,dbhad.a,EWR,NewarkNJ,,,NewJersey,cb.a
bh.a,b.a,,UA,bjjhh.a,UA,,cii.a,bahcb.a,bahcbac.a,dahcb.a,BOS,BostonMA,MA,,Massachusetts,bd.a
bd.a,e.a,cabcbcbd.a,,bjdjd.a,WN,NidahK,ccag.a,beafh.a,beafhac.a,deafh.a,PDX,PortlandOR,,eb.a,Oregon,
,e.a,cabcbcca.a,,cadgg.a,EV,,efga.a,bachj.a,bachjad.a,dachj.a,,AmarilloTX,TX,ei.a,,he.a
bd.a,,cabcbcbd.a,DL,bjhja.a,,NgjjDL,,beheh.a,behehad.a,daffj.a,SEA,SeattleWA,WA,,Washington,
d.a,b.a,cabcbcad.a,WN,bjdjd.a,,NgbgSW,bcgi.a,,bfabgad.a,dbbcd.a,STL,St.LouisMO,MO,cj.a,Missouri,ge.a
cd.a,h.a,,UA,bjjhh.a,,,bbjc.a,beheh.a,behehad.a,,SEA,SeattleWA,WA,,Washington,
cb.a,f.a,cabcbccb.a,,bjdjd.a,WN,,dhfj.a,bbgjh.a,bbgjhad.a,,FLL,,FL,bc.a,Florida,dd.a
b.a,,cabcbcab.a,AA,bjiaf.a,AA,NdcdAA,,,bcehiac.a,dbhad.a,JFK,NewYorkNY,,,NewYork,cc.a
g.a,e.a,cabcbcag.a,,cadff.a,US,NbahUS,bedh.a,bbafh.a,bbafhad.a,dbafh.a,CLT,,NC,dh.a,NorthCarolina,dg.a
,h.a,,OO,cadae.a,OO,NeebSW,hhjf.a,,bahhjac.a,dahhj.a,,ButteMT,MT,da.a,Montana,ie.a
,d.a,,OO,cadae.a,OO,,gcdf.a,beafh.a,beafhac.a,deafh.a,,PortlandOR,,eb.a,Oregon,
bb.a,c.a,cabcbcbb.a,WN,,,NhaaGS,jch.a,beidb.a,beidbad.a,dcefh.a,SJC,SanJoseCA,CA,g.a,California,
bh.a,,cabcbcbh.a,AA,bjiaf.a,AA,,,bdejf.a,bdejfac.a,ddejf.a,MSY,NewOrleansLA,,,Louisiana,
,e.a,cabcbcbd.a,,,,Nbbbib,eebi.a,beigj.a,beigjad.a,degbe.a,SLC,SaltLakeCityUT,,ej.a,,
,f.a,,,cadae.a,OO,NgijCA,eiad.a,bcijc.a,bcijcad.a,dcfhf.a,,LosAngelesCA,CA,g.a,California,jb.a
,f.a,cabcbcci.a,,,,NbggPQ,ffjg.a,bfdha.a,bfdhaac.a,degfd.a,TUL,TulsaOK,OK,ea.a,Oklahoma,hd.a
,c.a,cabcbcbb.a,EV,,,Nbcfgj,,bfajg.a,bfajgac.a,dfajg.a,SYR,SyracuseNY,NY,dg.a,NewYork,cc.a
h.a,f.a,cabcbcah.a,,cadff.a,US,NjegUW,bgaa.a,bebaa.a,,debaa.a,PHL,PhiladelphiaPA,,ec.a,Pennsylvania,
,d.a,,MQ,cadji.a,MQ,,dicg.a,bbchi.a,bbchiac.a,daifc.a,,,VA,fb.a,,di.a
,c.a,cabcbcbi.a,EV,cadgg.a,EV,,,bdbji.a,bdbjiab.a,ddbji.a,,KansasCityMO,MO,cj.a,Missouri,ge.a
bh.a,b.a,cabcbcbh.a,WN,,,,dbid.a,beijd.a,beijdac.a,ddbjc.a,SMF,SacramentoCA,,g.a,California,jb.a
bh.a,b.a,cabcbcbh.a,WN,bjdjd.a,WN,,dgih.a,beafh.a,beafhac.a,deafh.a,PDX,PortlandOR,,eb.a,Oregon,
bf.a,g.a,,,cadae.a,OO,NefjSW,egfj.a,,bbhhfac.a,dbhhf.a,,SiouxFallsSD,SD,eg.a,SouthDakota,gh.a
f.a,d.a,,OO,cadae.a,OO,NejgCA,cifa.a,,bebahac.a,daegg.a,,PhoenixAZ,,e.a,Arizona,
cf.a,c.a,cabcbccf.a,WN,bjdjd.a,WN,,bafb.a,bdijb.a,bdijbab.a,,ONT,OntarioCA,,g.a,California,
,g.a,cabcbcbf.a,,cadgg.a,EV,Nbgjbj,fjji.a,bccge.a,bccgeac.a,daifc.a,,,VA,fb.a,,di.a
cb.a,f.a,cabcbccb.a,,bjdjd.a,WN,,eebb.a,bcjjc.a,bcjjcae.a,,LIT,LittleRockAR,AR,f.a,Arkansas,hb.a
,f.a,,,caedh.a,,,eih.a,beejc.a,beejcac.a,deejc.a,RDU,,,dh.a,NorthCarolina,
cg.a,,cabcbccg.a,AA,bjiaf.a,AA,NfFKAA,,,bddadad.a,,MIA,,,,Florida,dd.a
be.a,f.a,,,cadae.a,,NecdSW,cgee.a,,beijdac.a,ddbjc.a,SMF,SacramentoCA,,g.a,California,jb.a
,b.a,cabcbcba.a,EV,cadgg.a,EV,Nbejjd,,bccge.a,bccgeac.a,daifc.a,,,VA,fb.a,,di.a
,e.a,,,cadae.a,OO,NjfdSW,egei.a,bbbjd.a,,ddbaf.a,,CincinnatiOH,KY,cb.a,Kentucky,fc.a
,f.a,cabcbcci.a,,cadgg.a,EV,NhebEV,fdie.a,bbfdh.a,bbfdhad.a,dbfdh.a,,Elmira/CorningNY,NY,dg.a,NewYork,cc.a
,,,HA,bjgja.a,HA,NeibHA,cbf.a,,bdidaac.a,ddida.a,,KahuluiHI,HI,bf.a,Hawaii,
ca.a,e.a,cabcbcca.a,,bjdjd.a,WN,,ebh.a,baicb.a,baicbad.a,,BWI,,MD,ce.a,Maryland,df.a
da.a,,cabcbcda.a,AS,bjjda.a,AS,NffhAS,,,bdidaac.a,,OGG,KahuluiHI,HI,,Hawaii,
bf.a,,cabcbcbf.a,AS,bjjda.a,,NgbiAS,,,behehad.a,daffj.a,SEA,SeattleWA,WA,,Washington,
,e.a,,,cadji.a,MQ,NfbgMQ,dhhc.a,,babeaac.a,dabea.a,,AlbuquerqueNM,NM,df.a,NewMexico,ig.a
,f.a,cabcbccb.a,,,,,fjeh.a,bfdia.a,bfdiaac.a,dfdia.a,TVC,,MI,cg.a,Michigan,ed.a
ch.a,,cabcbcch.a,AA,bjiaf.a,,NfhfAA,,,bfjbjac.a,,XNA,FayettevilleAR,AR,,Arkansas,hb.a
c.a,,cabcbcac.a,DL,bjhja.a,DL,NjdcDL,,badjh.a,,dadjh.a,,,GA,,Georgia,de.a
da.a,,cabcbcda.a,DL,bjhja.a,DL,NfcdUS,,,badjhaf.a,,,,GA,,Georgia,de.a
i.a,g.a,cabcbcai.a,,cadff.a,US,NbceUS,biea.a,badjh.a,badjhaf.a,dadjh.a,ATL,,GA,bd.a,Georgia,de.a
,e.a,cabcbcag.a,,cadgg.a,EV,NjdhEV,fbdj.a,bajia.a,,dajia.a,,ChattanoogaTN,TN,eh.a,Tennessee,fe.a
cg.a,d.a,,UA,bjjhh.a,UA,NeciUA,cgd.a,,bccggad.a,,IAH,HoustonTX,TX,,Texas,he.a
,,,HA,bjgja.a,HA,NeibHA,dji.a,,bcbhdab.a,dcbde.a,,HonoluluHI,HI,bf.a,Hawaii,c.a
,b.a,,FL,caedh.a,FL,,bad.a,badjh.a,badjhaf.a,dadjh.a,,,GA,bd.a,Georgia,de.a
da.a,h.a,cabcbcda.a,WN,,,NgfcSW,dec.a,beidb.a,beidbad.a,,SJC,SanJoseCA,CA,g.a,California,
bf.a,g.a,cabcbcbf.a,,bjdjd.a,WN,NcjdWN,bfbh.a,bahbd.a,bahbdac.a,dahbd.a,BOI,BoiseID,ID,bg.a,Idaho,id.a
ch.a,e.a,,,bjjhh.a,UA,Nbcccb,baae.a,bcijc.a,bcijcad.a,,LAX,LosAngelesCA,CA,,California,jb.a
ce.a,b.a,cabcbcce.a,YV,cadhi.a,YV,,dhdi.a,bdjda.a,bdjdaac.a,,ORD,,IL,bh.a,Illinois,
,h.a,cabcbcaj.a,EV,cadgg.a,EV,Nchjgc,,bahjc.a,bahjcae.a,dahjc.a,,BuffaloNY,NY,dg.a,NewYork,cc.a
bd.a,e.a,cabcbcbd.a,,cadff.a,US,NjfjUW,bich.a,bahcb.a,,dahcb.a,BOS,BostonMA,MA,cf.a,Massachusetts,bd.a
,e.a,,,cadji.a,MQ,,ebic.a,bdjda.a,bdjdaac.a,dajhh.a,,,IL,bh.a,Illinois,
bd.a,e.a,cabcbcbd.a,,bjdjd.a,WN,NfaiSW,dhea.a,,bbcfjad.a,dabje.a,DAL,DallasTX,TX,ei.a,,he.a
c.a,,cabcbcac.a,AA,bjiaf.a,AA,NeYKAA,,,bbfeaad.a,dagbf.a,ELP,ElPasoTX,TX,,Texas,he.a
,d.a,,OO,,,,eeic.a,beigj.a,beigjad.a,degbe.a,SLC,SaltLakeCityUT,,ej.a,,
,b.a,,FL,caedh.a,FL,,cbj.a,baicb.a,baicbad.a,daifc.a,,,MD,ce.a,Maryland,df.a
,d.a,cabcbcaf.a,EV,cadgg.a,EV,NihgAS,,badjh.a,badjhaf.a,dadjh.a,,,GA,bd.a,Georgia,de.a
,g.a,,,,FL,NjdhAT,fej.a,bfdae.a,,ddbjf.a,,TampaFL,FL,bc.a,Florida,dd.a
,g.a,,,cadji.a,MQ,,ciaa.a,bbcji.a,bbcjiad.a,dabje.a,,Dallas/FortWorthTX,TX,ei.a,,he.a
c.a,,cabcbcac.a,DL,bjhja.a,DL,NjigDL,,bedah.a,,dahcb.a,,ProvidenceRI,,,RhodeIsland,
j.a,,cabcbcaj.a,AA,bjiaf.a,AA,NfbhAA,,,bbcjiad.a,dabje.a,DFW,Dallas/FortWorthTX,TX,,Texas,he.a
ci.a,,cabcbbci.a,AA,bjiaf.a,AA,NdARAA,,,bdjdaac.a,,ORD,,IL,,Illinois,
bi.a,,cabcbcbi.a,AA,bjiaf.a,AA,,,bddad.a,bddadad.a,dcegh.a,MIA,MiamiFL,,,Florida,dd.a
,e.a,,,caedh.a,FL,NjdjAT,cba.a,baicb.a,,daifc.a,,,MD,ce.a,Maryland,df.a
da.a,h.a,cabcbcda.a,WN,bjdjd.a,WN,NheaSW,ciba.a,bcijc.a,bcijcad.a,,LAX,LosAngelesCA,CA,g.a,California,jb.a
bj.a,d.a,cabcbcbj.a,US,cadff.a,US,,eig.a,bebah.a,bebahac.a,,PHX,PhoenixAZ,,e.a,Arizona,
bj.a,d.a,cabcbcbj.a,WN,bjdjd.a,WN,,dcbg.a,baicb.a,baicbad.a,,BWI,,MD,ce.a,Maryland,df.a
ce.a,,cabcbcce.a,AA,bjiaf.a,AA,,,bddad.a,bddadad.a,,MIA,MiamiFL,,,Florida,dd.a
c.a,,cabcbcac.a,AA,bjiaf.a,AA,NgciAA,,,bbcjiad.a,dabje.a,DFW,Dallas/FortWorthTX,TX,,Texas,he.a
,g.a,cabcbcbf.a,,cadgg.a,EV,NhaiEV,ejgf.a,bcbjh.a,bcbjhac.a,dbhad.a,,WhitePlainsNY,NY,dg.a,NewYork,cc.a
bf.a,g.a,,,bjjhh.a,UA,NibgUA,cfe.a,bbcjc.a,bbcjcac.a,dadcf.a,DEN,DenverCO,CO,,Colorado,ic.a
cf.a,,cabcbccf.a,AS,bjjda.a,AS,,,beafh.a,beafhac.a,,PDX,PortlandOR,,,Oregon,
bc.a,,cabcbcbc.a,DL,bjhja.a,DL,NjdbDL,,badjh.a,,dadjh.a,,,GA,,Georgia,de.a
bj.a,d.a,cabcbcbj.a,WN,bjdjd.a,WN,,dcdh.a,bbbea.a,bbbeaac.a,,CRP,CorpusChristiTX,TX,ei.a,,he.a
,f.a,,,cadae.a,OO,NjfbSW,eggd.a,bbfih.a,,dbfih.a,,,MI,cg.a,Michigan,ed.a
cc.a,,cabcbccc.a,DL,bjhja.a,DL,,,bedah.a,bedahac.a,,,ProvidenceRI,,,RhodeIsland,
bj.a,d.a,cabcbcbj.a,WN,bjdjd.a,WN,,cacb.a,bbiie.a,bbiieac.a,,GEG,SpokaneWA,WA,fd.a,,jd.a
e.a,c.a,cabcbcae.a,US,cadff.a,US,NgfjAW,eaa.a,bebah.a,bebahac.a,daegg.a,PHX,PhoenixAZ,,e.a,Arizona,
,c.a,cabcbcbb.a,Fj,caedg.a,Fj,NcahFR,idh.a,bcjfd.a,bcjfdac.a,dbhad.a,,NewYorkNY,,dg.a,NewYork,cc.a
ci.a,,cabcbcci.a,DL,bjhja.a,DL,NdhebS,,,badjhaf.a,,,,GA,,Georgia,de.a
,h.a,,OO,cadae.a,,NhefSK,gdij.a,behhb.a,behhbab.a,dcefh.a,SFO,SanFranciscoCA,,g.a,California,
,d.a,cabcbcbc.a,EV,cadgg.a,EV,Nbbfei,,bbaec.a,bbaecac.a,dageh.a,,,OH,dj.a,Ohio,ee.a
cc.a,g.a,cabcbccc.a,,bjdjd.a,WN,,hgc.a,bdhjg.a,bdhjgab.a,,OAK,OaklandCA,,g.a,California,
j.a,h.a,cabcbcaj.a,UA,bjjhh.a,UA,Nhgfac,bcec.a,beafh.a,beafhac.a,deafh.a,PDX,PortlandOR,,,Oregon,
e.a,c.a,cabcbcae.a,WN,bjdjd.a,WN,NgdhSW,dfh.a,,bebahac.a,daegg.a,PHX,PhoenixAZ,,e.a,Arizona,
,f.a,cabcbcbe.a,,cadgg.a,,Nbhjie,ebcc.a,behda.a,behdaad.a,ddaee.a,SDF,LouisvilleKY,,cb.a,Kentucky,
,e.a,cabcbcca.a,,cadgg.a,EV,,fbji.a,bceei.a,bceeiad.a,dceei.a,,Jackson/VicksburgMS,MS,ci.a,Mississippi,fd.a
b.a,g.a,,,bjjhh.a,,Ndheaj,baaa.a,,behhbab.a,dcefh.a,SFO,SanFranciscoCA,CA,,California,
ci.a,f.a,cabcbcci.a,,bjdjd.a,WN,NgefSW,bbgf.a,baicb.a,baicbad.a,,BWI,,MD,ce.a,Maryland,df.a
,e.a,cabcbcag.a,,cadgg.a,EV,NicjAS,fhaf.a,bbjjf.a,bbjjfac.a,dbjjf.a,,,NC,dh.a,NorthCarolina,dg.a
,b.a,,OO,cadae.a,OO,NjdhSW,fcfa.a,bccgg.a,,dbefd.a,,HoustonTX,TX,ei.a,,he.a
j.a,h.a,cabcbcaj.a,WN,bjdjd.a,WN,NchaWN,igd.a,bafcj.a,bafcjae.a,dafcj.a,BDL,HartfordCT,CT,j.a,Connecticut,bb.a
cd.a,h.a,cabcbccd.a,WN,bjdjd.a,WN,,ejgd.a,bcddj.a,bcddjae.a,,IND,,IN,bi.a,Indiana,ec.a
cg.a,,cabcbccg.a,AA,bjiaf.a,AA,NdANAA,,,bbcjiad.a,,DFW,Dallas/FortWorthTX,TX,,Texas,he.a
,e.a,cabcbcbd.a,,caedg.a,Fj,NcagFR,dhe.a,bbcjc.a,bbcjcac.a,dadcf.a,,DenverCO,CO,i.a,Colorado,ic.a
,e.a,,,cadji.a,MQ,NjaiMQ,deef.a,bbcji.a,,dabje.a,,Dallas/FortWorthTX,TX,ei.a,,he.a
db.a,b.a,cabcbcdb.a,WN,,,NhhdaA,ecd.a,bfdae.a,bfdaeac.a,,TPA,TampaFL,FL,bc.a,Florida,dd.a
bd.a,,cabcbcbd.a,DL,bjhja.a,DL,NbjeDN,,bcbhd.a,bcbhdab.a,dcbde.a,,HonoluluHI,HI,,Hawaii,c.a
,g.a,,,cadae.a,OO,NjfhSW,gcfa.a,beafh.a,,deafh.a,,PortlandOR,,eb.a,Oregon,
,f.a,,,,,NgjhMQ,chej.a,beibe.a,beibeac.a,daehg.a,SHV,ShreveportLA,LA,cc.a,Louisiana,
be.a,f.a,cabcbcbe.a,,cadff.a,US,NjfbUW,bich.a,bebaa.a,,debaa.a,PHL,PhiladelphiaPA,,ec.a,Pennsylvania,
,g.a,cabcbcbf.a,,cadgg.a,EV,Nbejda,egdf.a,bafjj.a,bafjjae.a,dafjj.a,,BirminghamAL,AL,b.a,Alabama,fb.a
,c.a,cabcbcbb.a,EV,cadgg.a,EV,Nbfjid,,bafjj.a,bafjjae.a,dafjj.a,,BirminghamAL,AL,b.a,Alabama,fb.a
bj.a,d.a,cabcbcbj.a,US,cadff.a,US,,beag.a,bebaa.a,bebaaac.a,,PHL,PhiladelphiaPA,,ec.a,Pennsylvania,
,d.a,cabcbcbc.a,EV,cadgg.a,EV,Nbgjih,,bbcji.a,bbcjiad.a,dabje.a,,Dallas/FortWorthTX,TX,ei.a,,he.a
,,,HA,bjgja.a,HA,NeihHA,dhc.a,,bcbhdab.a,dcbde.a,,HonoluluHI,HI,bf.a,Hawaii,c.a
db.a,,cabcbcdb.a,DL,bjhja.a,DL,NdhgNW,,,bbcjcac.a,,,DenverCO,CO,,Colorado,ic.a
db.a,b.a,cabcbcdb.a,WN,bjdjd.a,WN,NcdbWN,fhh.a,bebah.a,bebahac.a,,PHX,PhoenixAZ,,e.a,Arizona,
bc.a,d.a,cabcbcbc.a,US,cadff.a,US,NeebUS,bccb.a,,bbgjhad.a,dcegh.a,FLL,FortLauderdaleFL,FL,bc.a,Florida,dd.a
,g.a,cabcbcai.a,,cadgg.a,,NhbaEV,fcjj.a,beejc.a,beejcac.a,deejc.a,RDU,,,dh.a,NorthCarolina,
bb.a,c.a,cabcbcbb.a,US,cadff.a,US,NbhhUS,jhd.a,bbafh.a,bbafhad.a,dbafh.a,CLT,,NC,dh.a,NorthCarolina,dg.a
bf.a,g.a,,,bjjhh.a,UA,NediUA,faf.a,,beafhac.a,deafh.a,PDX,PortlandOR,,,Oregon,
cc.a,g.a,cabcbccc.a,,cadff.a,US,,bjg.a,bcehi.a,bcehiac.a,,JFK,NewYorkNY,,dg.a,NewYork,cc.a
,d.a,cabcbccg.a,EV,cadgg.a,EV,,,badjh.a,badjhaf.a,dadjh.a,,,GA,bd.a,Georgia,de.a
,b.a,cabcbcba.a,EV,cadgg.a,EV,Nbebbh,,bbcjc.a,bbcjcac.a,dadcf.a,,DenverCO,CO,i.a,Colorado,ic.a
,h.a,,OO,cadae.a,,,ehje.a,beghj.a,beghjad.a,ddfha.a,SAN,SanDiegoCA,,g.a,California,
,d.a,cabcbccg.a,EV,cadgg.a,EV,,,bbjjg.a,bbjjgad.a,dbihb.a,,,SC,ef.a,SouthCarolina,dh.a
,h.a,,OO,cadae.a,OO,,fcej.a,bdjda.a,bdjdaac.a,dajhh.a,,,IL,bh.a,Illinois,
be.a,f.a,,,bjjhh.a,UA,NfebUA,cac.a,,bdjdaac.a,dajhh.a,ORD,,IL,,Illinois,
ch.a,,cabcbcch.a,DL,bjhja.a,DL,NjbgDE,,badjh.a,,,,,GA,,Georgia,de.a
,c.a,cabcbcae.a,EV,cadgg.a,EV,Nbdfgg,,bbecd.a,bbecdad.a,dbecd.a,,DesMoinesIA,IA,bj.a,Iowa,gb.a
ca.a,e.a,cabcbcca.a,,cadff.a,US,,cacb.a,bahcb.a,bahcbac.a,,BOS,BostonMA,MA,cf.a,Massachusetts,bd.a
ce.a,,cabcbcce.a,AA,bjiaf.a,AA,,,bbgjh.a,bbgjhad.a,,FLL,FortLauderdaleFL,FL,,Florida,dd.a
bc.a,d.a,cabcbcbc.a,WN,bjdjd.a,WN,NchhWN,bcf.a,bddec.a,bddecaf.a,dddec.a,MKE,MilwaukeeWI,,ff.a,,
bi.a,c.a,cabcbcbi.a,WN,bjdjd.a,WN,,bfdg.a,bbiie.a,bbiieac.a,dbiie.a,GEG,SpokaneWA,WA,fd.a,,jd.a
,b.a,cabcbcbh.a,EV,cadgg.a,EV,,gaaj.a,bdeif.a,bdeifac.a,ddeif.a,,MadisonWI,,ff.a,,
cb.a,,cabcbccb.a,DL,bjhja.a,DL,,,bbgjh.a,bbgjhad.a,,,FortLauderdaleFL,FL,,Florida,dd.a
ca.a,e.a,cabcbcca.a,,bjdjd.a,WN,,eci.a,bcijc.a,bcijcad.a,,LAX,LosAngelesCA,CA,g.a,California,jb.a
be.a,f.a,cabcbcbe.a,,cadff.a,US,NidiAW,fjg.a,bebah.a,bebahac.a,daegg.a,PHX,PhoenixAZ,,e.a,Arizona,
,f.a,,,cadae.a,OO,NhbcSK,fbii.a,bccgg.a,bccggad.a,dbefd.a,,HoustonTX,TX,ei.a,,he.a
,d.a,,MQ,cadji.a,MQ,NieaMQ,eahd.a,bdjda.a,bdjdaac.a,dajhh.a,,,IL,bh.a,Illinois,
bi.a,,cabcbcbi.a,AA,bjiaf.a,AA,,,bdjda.a,bdjdaac.a,dajhh.a,ORD,,IL,,Illinois,
,f.a,,,cadji.a,MQ,NhdhMQ,efha.a,bbedd.a,bbeddac.a,dbcjf.a,,,MI,cg.a,Michigan,ed.a
bf.a,g.a,cabcbcbf.a,,cbbhb.a,,NgdiVA,bdg.a,,behhbab.a,dcefh.a,SFO,SanFranciscoCA,CA,g.a,California,
bf.a,g.a,,,cadae.a,OO,NfhgSW,fdhd.a,,bbcjcac.a,dadcf.a,,DenverCO,CO,i.a,Colorado,ic.a
g.a,e.a,cabcbcag.a,,bjdjd.a,WN,NdeeSW,hbi.a,,bdcaeac.a,dbefe.a,MCO,OrlandoFL,,bc.a,Florida,dd.a
b.a,g.a,,,bjjhh.a,UA,NejiUA,dcf.a,,bddadad.a,dcegh.a,MIA,MiamiFL,,,Florida,dd.a
,c.a,cabcbcbb.a,EV,cadgg.a,EV,Nbafhf,efdd.a,bahjc.a,bahjcae.a,dahjc.a,,BuffaloNY,NY,dg.a,NewYork,cc.a
ca.a,e.a,cabcbcca.a,,caeaj.a,Bg,,dhj.a,bahcb.a,bahcbac.a,,BOS,BostonMA,MA,cf.a,Massachusetts,bd.a
f.a,,cabcbcaf.a,DL,bjhja.a,DL,NjfdDL,,bbcgh.a,,dbcgh.a,DAY,,OH,,Ohio,ee.a
bd.a,e.a,,,bjjhh.a,UA,NeeiUA,hcj.a,,bccggad.a,dbefd.a,IAH,HoustonTX,TX,,Texas,he.a
,b.a,,OO,cadae.a,,NgbhQX,ehcg.a,,beigjad.a,degbe.a,SLC,SaltLakeCityUT,,ej.a,,
,d.a,cabcbcaf.a,EV,cadgg.a,EV,NgafQX,faca.a,,badjhaf.a,dadjh.a,,,GA,bd.a,Georgia,de.a
,e.a,cabcbcbd.a,,cadgg.a,EV,Nbfjei,eaji.a,babif.a,babifac.a,dabif.a,,AlexandriaLA,LA,cc.a,Louisiana,hc.a
bf.a,,cabcbcbf.a,AA,bjiaf.a,AA,NeYHAA,,,bbcjiad.a,dabje.a,DFW,Dallas/FortWorthTX,TX,,Texas,he.a
ce.a,b.a,cabcbcce.a,US,cadff.a,US,,bcc.a,bebah.a,bebahac.a,,PHX,PhoenixAZ,,e.a,Arizona,
,c.a,,OO,cadae.a,OO,NjidCA,fded.a,bdjda.a,,dajhh.a,,,IL,bh.a,Illinois,
,e.a,,,cadae.a,OO,NgddSK,eidd.a,,becfcac.a,decfc.a,,Pasco/Kennewick/RichlandWA,,fd.a,,
,b.a,cabcbcba.a,Fj,caedg.a,Fj,NcgdAV,ejb.a,bbcjc.a,bbcjcac.a,dadcf.a,,DenverCO,CO,i.a,Colorado,ic.a
,c.a,,OO,cadae.a,OO,,eeej.a,bcjfe.a,bcjfeac.a,dcfhf.a,,LongBeachCA,CA,g.a,California,jb.a
,,,HA,bjgja.a,HA,NehjHA,dad.a,,bcbhdab.a,dcbde.a,,HonoluluHI,HI,bf.a,Hawaii,c.a
bh.a,,cabcbcbh.a,AA,bjiaf.a,AA,,,bcjic.a,bcjicac.a,dcjic.a,LIH,LihueHI,HI,,Hawaii,c.a
cb.a,f.a,cabcbccb.a,,bjdjd.a,WN,,bdgj.a,bdihb.a,bdihbac.a,,OMA,OmahaNE,,db.a,Nebraska,
cd.a,,cabcbccd.a,AA,bjiaf.a,AA,,,bcijc.a,bcijcad.a,,LAX,LosAngelesCA,CA,,California,jb.a
e.a,,cabcbbae.a,AA,bjiaf.a,AA,NfFBAA,,,bcijcad.a,dcfhf.a,LAX,LosAngelesCA,CA,,California,jb.a
da.a,,cabcbcda.a,AS,bjjda.a,,NdajAS,,,behehad.a,,SEA,SeattleWA,WA,,Washington,
d.a,,cabcbcad.a,AA,bjiaf.a,AA,NeYKAA,,,bdjdaac.a,dajhh.a,ORD,,IL,,Illinois,
bf.a,g.a,cabcbcbf.a,,bjdjd.a,WN,NcfgWN,dahf.a,bdcdc.a,bdcdcac.a,dajhh.a,MDW,,IL,bh.a,Illinois,eb.a
,c.a,cabcbcbi.a,FL,caedh.a,FL,,bggh.a,baicb.a,baicbad.a,daifc.a,,,MD,ce.a,Maryland,df.a
,d.a,,OO,cadae.a,OO,NjbhSW,ffjj.a,beefh.a,,deefh.a,,RapidCitySD,,eg.a,SouthDakota,
,e.a,,,cadae.a,,NccdSW,gcig.a,begij.a,begijac.a,degij.a,SBA,SantaBarbaraCA,CA,g.a,California,
db.a,b.a,cabcbcdb.a,WN,bjdjd.a,WN,NfbeSW,gie.a,,beafhac.a,deafh.a,PDX,PortlandOR,,eb.a,Oregon,
ca.a,e.a,cabcbcca.a,,bjjhh.a,UA,,caa.a,bcbhd.a,bcbhdab.a,,HNL,HonoluluHI,HI,,Hawaii,c.a
bh.a,b.a,cabcbcbh.a,WN,bjdjd.a,WN,,bgec.a,bdcdc.a,bdcdcac.a,dajhh.a,MDW,,IL,bh.a,Illinois,eb.a
,e.a,,,cadae.a,,NfgjSW,gddd.a,,beghjad.a,ddfha.a,SAN,SanDiegoCA,,g.a,California,
,b.a,,MQ,cadji.a,MQ,,ebbd.a,bdjda.a,bdjdaac.a,dajhh.a,,,IL,bh.a,Illinois,
ba.a,,cabcbcba.a,AA,bjiaf.a,AA,NffeAA,,,bebccac.a,dabji.a,PIT,PittsburghPA,,,Pennsylvania,
cj.a,,cabcbccj.a,AA,bjiaf.a,,NeWSAA,,,befceab.a,,RIC,,,,Virginia,
da.a,h.a,,UA,bjjhh.a,UA,NeacUA,gda.a,,bbcjcac.a,,DEN,DenverCO,CO,,Colorado,ic.a
,h.a,cabcbcac.a,EV,cadgg.a,EV,Nbcbfh,efed.a,bdcjg.a,bdcjgae.a,dahcb.a,,ManchesterNH,,dd.a,NewHampshire,be.a
,h.a,,MQ,cadji.a,MQ,NjdcMQ,djeb.a,bafcj.a,,dafcj.a,,HartfordCT,CT,j.a,Connecticut,bb.a
ba.a,b.a,cabcbcba.a,WN,,,NhggSW,cjgb.a,bfabg.a,bfabgad.a,dbbcd.a,STL,St.LouisMO,MO,cj.a,Missouri,ge.a
,b.a,cabcbcba.a,FL,caedh.a,FL,NchgAT,fce.a,badjh.a,badjhaf.a,dadjh.a,,,GA,bd.a,Georgia,de.a
,f.a,cabcbccb.a,,,,,ci.a,bejai.a,bejaiad.a,dcfhf.a,SNA,SantaAnaCA,CA,g.a,California,jb.a
be.a,f.a,cabcbcbe.a,,bjdjd.a,WN,NccdWN,bafi.a,bagjd.a,bagjdac.a,dagjd.a,BNA,NashvilleTN,,eh.a,Tennessee,fe.a
,e.a,,,cadae.a,OO,NjfhSW,gcaf.a,bdjda.a,,dajhh.a,,,IL,bh.a,Illinois,
,e.a,cabcbcag.a,,caedh.a,FL,NjjiAT,bbj.a,badjh.a,,dadjh.a,,,GA,bd.a,Georgia,de.a
bi.a,c.a,cabcbcbi.a,WN,,,,bfbe.a,beidb.a,beidbad.a,,SJC,SanJoseCA,CA,g.a,California,
c.a,h.a,cabcbcac.a,WN,bjdjd.a,WN,NchfWN,cfee.a,bdbji.a,bdbjiab.a,ddbji.a,MCI,KansasCityMO,MO,cj.a,Missouri,ge.a
,g.a,cabcbccc.a,,caedh.a,FL,,chi.a,bbcjc.a,bbcjcac.a,dadcf.a,,DenverCO,CO,i.a,Colorado,ic.a
e.a,,cabcbcae.a,AA,bjiaf.a,,NfEYAA,,,bfacead.a,dejef.a,STT,CharlotteAmalieVI,VI,,U.S.VirginIslands,e.a
ba.a,,cabcbcba.a,DL,bjhja.a,DL,NhihNC,,bbaec.a,bbaecac.a,dageh.a,,,OH,,Ohio,ee.a
da.a,h.a,cabcbcda.a,WN,bjdjd.a,WN,NhhaeB,dfhd.a,bdcdc.a,bdcdcac.a,,MDW,,IL,bh.a,Illinois,eb.a
f.a,,cabcbcaf.a,AA,bjiaf.a,AA,NdJLAA,,,bddadad.a,dcegh.a,MIA,MiamiFL,,,Florida,dd.a
,h.a,,OO,cadae.a,OO,NjdjSW,fdej.a,bbddh.a,,dbddh.a,,DuluthMN,MN,ch.a,Minnesota,gd.a
bh.a,,cabcbcbh.a,AA,bjiaf.a,AA,,,bbcji.a,bbcjiad.a,dabje.a,DFW,Dallas/FortWorthTX,TX,,Texas,he.a
bi.a,c.a,cabcbcbi.a,VX,cbbhb.a,,,hfd.a,beheh.a,behehad.a,,SEA,SeattleWA,WA,fd.a,,
cb.a,,cabcbccb.a,AA,bjiaf.a,AA,,,bbcji.a,bbcjiad.a,,DFW,Dallas/FortWorthTX,TX,,Texas,he.a
,f.a,cabcbccb.a,,cadgg.a,EV,,eigj.a,bbchi.a,bbchiac.a,daifc.a,,,VA,fb.a,,di.a
ce.a,b.a,cabcbcce.a,WN,bjdjd.a,WN,,eca.a,bcbjb.a,bcbjbac.a,,HOU,HoustonTX,TX,ei.a,,he.a
bc.a,d.a,cabcbcbc.a,WN,bjdjd.a,WN,NeejWN,ddj.a,,bebaaac.a,debaa.a,PHL,PhiladelphiaPA,,ec.a,Pennsylvania,
,b.a,cabcbcba.a,EV,cadgg.a,,Nbgbeh,,begid.a,begidad.a,ddcbe.a,SAT,SanAntonioTX,,ei.a,,
bd.a,,cabcbcbd.a,DL,bjhja.a,DL,NjbbDA,,bbedd.a,,dbcjf.a,,,MI,,Michigan,ed.a
cf.a,,cabcbccf.a,DL,bjhja.a,DL,,,bdejf.a,bdejfac.a,,,NewOrleansLA,,,Louisiana,
,f.a,,,,,NgjaMQ,chhc.a,bfjbj.a,bfjbjac.a,dbide.a,XNA,FayettevilleAR,AR,f.a,Arkansas,hb.a
da.a,h.a,cabcbcda.a,US,cadff.a,US,NhacUW,bbgi.a,bbafh.a,bbafhad.a,,CLT,,NC,dh.a,NorthCarolina,dg.a
ca.a,,cabcbcca.a,DL,bjhja.a,DL,,,bbedd.a,bbeddac.a,,,,MI,,Michigan,ed.a
cg.a,d.a,cabcbccg.a,WN,bjdjd.a,WN,NgfgSW,eghh.a,bbiie.a,bbiieac.a,,GEG,SpokaneWA,WA,fd.a,,jd.a
i.a,g.a,cabcbcai.a,,bjdjd.a,WN,NjebWN,cdif.a,bciij.a,,dccbb.a,LAS,LasVegasNV,NV,dc.a,Nevada,if.a
,d.a,cabcbcbc.a,EV,cadgg.a,EV,Nbafhf,,bccge.a,bccgeac.a,daifc.a,,,VA,fb.a,,di.a
d.a,b.a,cabcbcad.a,WN,bjdjd.a,WN,NgfjSW,baci.a,bcjjc.a,bcjjcae.a,dcgaa.a,LIT,LittleRockAR,AR,f.a,Arkansas,hb.a
,b.a,,OO,cadae.a,OO,NecgSW,egfj.a,,bbhhfac.a,dbhhf.a,,SiouxFallsSD,SD,eg.a,SouthDakota,gh.a
,,,HA,bjgja.a,HA,,bgi.a,bcbhd.a,bcbhdab.a,dcbde.a,,HonoluluHI,HI,bf.a,Hawaii,c.a
bc.a,d.a,cabcbcbc.a,WN,bjdjd.a,WN,NhedSW,bcig.a,bciij.a,bciijad.a,dccbb.a,LAS,LasVegasNV,NV,dc.a,Nevada,if.a
,d.a,,OO,cadae.a,OO,,fcdi.a,bccgg.a,bccggad.a,dbefd.a,,HoustonTX,TX,ei.a,,he.a
,d.a,,OO,cadae.a,OO,NiajCA,ehih.a,bbhhf.a,bbhhfac.a,dbhhf.a,,SiouxFallsSD,SD,eg.a,SouthDakota,gh.a
,h.a,,OO,cadae.a,OO,NegiCA,cjii.a,,bebahac.a,daegg.a,,PhoenixAZ,,e.a,Arizona,
,d.a,,MQ,cadji.a,MQ,NgadMQ,djjj.a,,bbgdhad.a,dbgdh.a,,FargoND,ND,di.a,NorthDakota,gg.a
,g.a,,,cadae.a,OO,NjdeSW,geca.a,bbcjc.a,,dadcf.a,,DenverCO,CO,i.a,Colorado,ic.a
i.a,g.a,cabcbcai.a,,bjdjd.a,WN,NjehWN,djec.a,bceei.a,,dceei.a,JAN,Jackson/VicksburgMS,MS,ci.a,Mississippi,fd.a
ch.a,,cabcbcch.a,DL,bjhja.a,DL,NjchDN,,begid.a,,,,SanAntonioTX,,,Texas,
bd.a,e.a,cabcbcbd.a,,bjdjd.a,WN,NceaWN,dae.a,bdcae.a,bdcaeac.a,dbefe.a,MCO,OrlandoFL,,bc.a,Florida,dd.a
cf.a,,cabcbccf.a,DL,bjhja.a,,,,begdf.a,begdfac.a,,RSW,FortMyersFL,FL,,Florida,
f.a,d.a,cabcbcaf.a,US,cadff.a,US,NjaeAW,edc.a,bebah.a,bebahac.a,daegg.a,PHX,PhoenixAZ,,e.a,Arizona,
i.a,,cabcbcai.a,AA,bjiaf.a,AA,NdJLAA,,,bcjfdac.a,dbhad.a,LGA,NewYorkNY,,,NewYork,cc.a
cf.a,c.a,cabcbccf.a,WN,bjdjd.a,,,cfca.a,behda.a,behdaad.a,,SDF,LouisvilleKY,,cb.a,Kentucky,
g.a,e.a,cabcbcag.a,,bjdjd.a,WN,NjbjWN,jaa.a,bciij.a,,dccbb.a,LAS,LasVegasNV,NV,dc.a,Nevada,if.a
,h.a,,OO,cadae.a,OO,,hecj.a,bebbd.a,bebbdac.a,debbd.a,,PocatelloID,,bg.a,Idaho,
,f.a,,,cadji.a,MQ,NfdbMQ,egfi.a,,bcjfdac.a,dbhad.a,,NewYorkNY,,dg.a,NewYork,cc.a
e.a,c.a,cabcbcae.a,WN,bjdjd.a,WN,NegjWN,dbd.a,,bdcdcac.a,dajhh.a,MDW,,IL,bh.a,Illinois,eb.a
ce.a,b.a,cabcbcce.a,WN,bjdjd.a,WN,,fjd.a,bbedd.a,bbeddac.a,,DTW,,MI,cg.a,Michigan,ed.a
,h.a,,MQ,cadji.a,MQ,NjcdMQ,ecaa.a,bbafh.a,,dbafh.a,,,NC,dh.a,NorthCarolina,dg.a
h.a,f.a,cabcbcah.a,,bjdjd.a,,NccaWN,hib.a,beheh.a,behehad.a,daffj.a,SEA,SeattleWA,WA,fd.a,,
bh.a,,cabcbcbh.a,DL,bjhja.a,DL,,,badjh.a,badjhaf.a,dadjh.a,,,GA,,Georgia,de.a
cf.a,c.a,cabcbccf.a,Bg,caeaj.a,Bg,,,bcehi.a,bcehiac.a,,JFK,NewYorkNY,,dg.a,NewYork,cc.a
bf.a,g.a,,,bjjhh.a,UA,NeggUA,fja.a,,bbgbiac.a,dbhad.a,EWR,NewarkNJ,,,NewJersey,cb.a
,b.a,cabcbcad.a,Fj,caedg.a,Fj,NcbeFR,hce.a,bbcjc.a,bbcjcac.a,dadcf.a,,DenverCO,CO,i.a,Colorado,ic.a
da.a,h.a,cabcbcda.a,US,cadff.a,US,NibjAW,cdf.a,bbedd.a,bbeddac.a,,DTW,,MI,cg.a,Michigan,ed.a
h.a,f.a,,,cadae.a,OO,NhihSK,fcab.a,bdjda.a,bdjdaac.a,dajhh.a,,,IL,bh.a,Illinois,
ci.a,f.a,,,cadae.a,OO,NjebSW,fcfh.a,bddec.a,,,,MilwaukeeWI,,ff.a,,ef.a
h.a,,cabcbcah.a,AA,bjiaf.a,AA,NegjAA,,,bbcjcac.a,dadcf.a,DEN,DenverCO,CO,,Colorado,ic.a
cg.a,d.a,cabcbccg.a,Bg,caeaj.a,,NfijJB,,,beiedad.a,,SJU,SanJuanPR,PR,hc.a,,
j.a,,cabcbcaj.a,AA,bjiaf.a,AA,NfbhAA,,,bbcjiad.a,dabje.a,DFW,Dallas/FortWorthTX,TX,,Texas,he.a
i.a,,cabcbcai.a,DL,bjhja.a,DL,NjagDL,,bagjd.a,,dagjd.a,,NashvilleTN,,,Tennessee,fe.a
,g.a,cabcbcbf.a,,caedh.a,FL,NjegAT,eje.a,befhg.a,,defhg.a,,RochesterNY,,dg.a,NewYork,
,b.a,cabcbcdb.a,Fj,caedg.a,Fj,NjebFR,gfd.a,bbcjc.a,,dadcf.a,,DenverCO,CO,i.a,Colorado,ic.a
bj.a,d.a,cabcbcbj.a,WN,bjdjd.a,WN,,dhic.a,bciij.a,bciijad.a,,LAS,LasVegasNV,NV,dc.a,Nevada,if.a
cg.a,,cabcbccg.a,AA,bjiaf.a,AA,NfBYAA,,,bbgbiac.a,,EWR,NewarkNJ,,,NewJersey,cb.a
h.a,f.a,,,bjjhh.a,,NeaiUA,gji.a,,bfdaeac.a,ddbjf.a,TPA,,FL,,Florida,dd.a
bg.a,h.a,cabcbcbg.a,WN,bjdjd.a,WN,NcbiWN,bgei.a,bcijc.a,bcijcad.a,dcfhf.a,LAX,LosAngelesCA,CA,g.a,California,jb.a
da.a,h.a,cabcbcda.a,US,cadff.a,US,NechUS,bjfc.a,,bbafhad.a,,CLT,,NC,dh.a,NorthCarolina,dg.a
bd.a,e.a,cabcbcbd.a,,cbbhb.a,VX,NieeVA,jh.a,bccge.a,bccgeac.a,daifc.a,IAD,,VA,fb.a,,di.a
ce.a,,cabcbcce.a,AS,bjjda.a,,,,beheh.a,behehad.a,,SEA,SeattleWA,WA,,Washington,
bh.a,,cabcbcbh.a,DL,bjhja.a,DL,,,bccgg.a,bccggad.a,dbefd.a,,HoustonTX,TX,,Texas,he.a
,c.a,,MQ,cadji.a,MQ,NhddMQ,chjf.a,bahib.a,bahibac.a,dahib.a,,BatonRougeLA,LA,cc.a,Louisiana,hc.a
ca.a,e.a,cabcbcca.a,,cadff.a,US,,bcbg.a,bbafh.a,bbafhad.a,,CLT,,NC,dh.a,NorthCarolina,dg.a
j.a,h.a,cabcbcaj.a,WN,bjdjd.a,WN,NgdfSW,dejg.a,,baecdac.a,daecd.a,AUS,AustinTX,TX,ei.a,,he.a
cg.a,d.a,cabcbccg.a,WN,bjdjd.a,WN,NcajWN,egae.a,baicb.a,baicbad.a,,BWI,,MD,ce.a,Maryland,df.a
,c.a,cabcbcbb.a,FL,caedh.a,FL,NbejAT,gia.a,bbcjc.a,bbcjcac.a,dadcf.a,,DenverCO,CO,i.a,Colorado,ic.a
i.a,,cabcbcai.a,AA,bjiaf.a,AA,NeiiAA,,,bcjfdac.a,dbhad.a,LGA,NewYorkNY,,,NewYork,cc.a
cf.a,c.a,,OO,cadae.a,OO,,fdfa.a,bcijc.a,bcijcad.a,,,LosAngelesCA,CA,g.a,California,jb.a
d.a,b.a,cabcbcad.a,WN,bjdjd.a,WN,NgcjSW,ffj.a,,bahcbac.a,dahcb.a,BOS,BostonMA,MA,cf.a,Massachusetts,bd.a
,d.a,cabcbcbc.a,Fj,caedg.a,Fj,NjagFR,fji.a,bbcjc.a,,dadcf.a,,DenverCO,CO,i.a,Colorado,ic.a
,h.a,,MQ,cadji.a,MQ,,ecdb.a,bbecd.a,bbecdad.a,dbecd.a,,DesMoinesIA,IA,bj.a,Iowa,gb.a
be.a,,cabcbcbe.a,DL,bjhja.a,DL,NdfeNW,,,bbbjdac.a,ddbaf.a,,CincinnatiOH,KY,,Kentucky,fc.a
h.a,f.a,cabcbcah.a,,bjdjd.a,WN,NdhbSW,g.a,,bbcfjad.a,dabje.a,DAL,DallasTX,TX,ei.a,,he.a
da.a,h.a,cabcbcda.a,Bg,caeaj.a,Bg,NgcdJB,,,bcehiac.a,,JFK,NewYorkNY,,dg.a,NewYork,cc.a
,,,HA,bjgja.a,HA,NeigHA,dhd.a,,bcbhdab.a,dcbde.a,,HonoluluHI,HI,bf.a,Hawaii,c.a
,d.a,,MQ,cadji.a,MQ,NfbgMQ,diee.a,,bdjdaac.a,dajhh.a,,,IL,bh.a,Illinois,
f.a,d.a,cabcbcaf.a,US,cadff.a,US,NjajAW,bcf.a,bcbhd.a,,dcbde.a,HNL,HonoluluHI,HI,bf.a,Hawaii,c.a
bd.a,e.a,cabcbcbd.a,,bjdjd.a,,NdihSW,hde.a,,beigjad.a,degbe.a,SLC,SaltLakeCityUT,,ej.a,,
b.a,,cabcbbab.a,AA,bjiaf.a,AA,NfDKAA,,,bcbhdab.a,dcbde.a,HNL,HonoluluHI,HI,,Hawaii,c.a
cb.a,,cabcbccb.a,DL,,,,,beigj.a,beigjad.a,,SLC,SaltLakeCityUT,,,Utah,
be.a,,cabcbcbe.a,AS,,,NhghAS,,beijd.a,beijdac.a,ddbjc.a,SMF,SacramentoCA,,,California,
j.a,h.a,cabcbcaj.a,Bg,caeaj.a,Bg,NcadJB,,bahcb.a,bahcbac.a,dahcb.a,BOS,BostonMA,MA,cf.a,Massachusetts,bd.a
ci.a,,cabcbcci.a,AA,bjiaf.a,,NeYDAA,,,beejcac.a,,RDU,,,,NorthCarolina,
bj.a,,cabcbcbj.a,DL,bjhja.a,DL,,,bahcb.a,bahcbac.a,,,BostonMA,MA,,Massachusetts,bd.a
bg.a,,cabcbbbg.a,AA,bjiaf.a,AA,NdCXAA,,,bdjdaac.a,dajhh.a,ORD,,IL,,Illinois,
ba.a,b.a,,UA,bjjhh.a,UA,NeifUA,gea.a,,bciijad.a,dccbb.a,LAS,LasVegasNV,NV,,Nevada,if.a
ch.a,e.a,cabcbcch.a,,,,NhhaSA,eebf.a,bfdae.a,bfdaeac.a,,TPA,,FL,bc.a,Florida,dd.a
ch.a,e.a,cabcbcch.a,,cadff.a,US,NbgbUW,beef.a,bcjfd.a,bcjfdac.a,,LGA,NewYorkNY,,dg.a,NewYork,cc.a
,d.a,cabcbcbc.a,EV,cadgg.a,EV,Nbbffb,eegb.a,bbaec.a,bbaecac.a,dageh.a,,,OH,dj.a,Ohio,ee.a
cg.a,d.a,cabcbccg.a,VX,cbbhb.a,VX,NfchVA,hbd.a,,bbcjiad.a,,DFW,Dallas/FortWorthTX,TX,ei.a,,he.a
,c.a,cabcbccf.a,EV,,,,fefb.a,bfgce.a,bfgceab.a,dbfae.a,VPS,,FL,bc.a,Florida,dd.a
b.a,,cabcbcab.a,AA,bjiaf.a,AA,NfgiAA,,,bdcfgac.a,ddcfg.a,MFE,Mission/McAllen/EdinburgTX,,,Texas,he.a
,e.a,,,cadji.a,,NhcdMQ,eeac.a,beejc.a,beejcac.a,deejc.a,RDU,,,dh.a,NorthCarolina,
da.a,h.a,cabcbcda.a,WN,bjdjd.a,WN,NhehSA,egg.a,bddec.a,bddecaf.a,,MKE,MilwaukeeWI,,ff.a,,ef.a
h.a,f.a,,,bjjhh.a,UA,Ncgcba,bgcg.a,bbgbi.a,bbgbiac.a,dbhad.a,EWR,NewarkNJ,,,NewJersey,cb.a
,f.a,cabcbcci.a,,cadgg.a,EV,Nbejdh,egei.a,bdecc.a,bdeccac.a,dafgc.a,,MobileAL,,b.a,Alabama,
ce.a,,cabcbcce.a,DL,bjhja.a,,,,begdf.a,begdfac.a,,RSW,,FL,,Florida,
cb.a,f.a,cabcbccb.a,,bjdjd.a,WN,,ddjg.a,bdcae.a,bdcaeac.a,,MCO,,,bc.a,Florida,dd.a
,c.a,cabcbcbi.a,Fj,caedg.a,,,ejb.a,beheh.a,behehad.a,daffj.a,SEA,SeattleWA,WA,fd.a,,
,g.a,,,,,NhgcSK,gchf.a,bfdha.a,bfdhaac.a,degfd.a,TUL,TulsaOK,OK,ea.a,Oklahoma,hd.a
,d.a,cabcbcbc.a,EV,cadgg.a,EV,Nbhbif,egfa.a,bccgg.a,bccggad.a,dbefd.a,,HoustonTX,TX,ei.a,,he.a
h.a,f.a,cabcbcah.a,,,WN,NjahWN,bafh.a,bfabg.a,,dbbcd.a,STL,St.LouisMO,MO,cj.a,Missouri,ge.a
ch.a,,cabcbcch.a,AA,bjiaf.a,AA,NdFMAA,,,bbchiac.a,,DCA,,VA,,Virginia,di.a
,b.a,cabcbcad.a,EV,cadgg.a,EV,Nbbbie,fihj.a,bccge.a,bccgeac.a,daifc.a,,,VA,fb.a,,di.a
,h.a,,MQ,cadji.a,MQ,NiajMQ,djfd.a,bdjda.a,bdjdaac.a,dajhh.a,,,IL,bh.a,Illinois,
d.a,,cabcbcad.a,DL,bjhja.a,DL,NjjjDN,,bbbjd.a,,ddbaf.a,,CincinnatiOH,KY,,Kentucky,fc.a
,b.a,,OO,cadae.a,OO,,fbgf.a,bbcji.a,bbcjiad.a,dabje.a,,Dallas/FortWorthTX,TX,ei.a,,he.a
,f.a,,,,,NiehMQ,chfg.a,bfebc.a,bfebcac.a,dfebc.a,TYS,KnoxvilleTN,TN,eh.a,Tennessee,fe.a
,c.a,,MQ,cadji.a,MQ,NgiaMQ,eabc.a,bagif.a,bagifac.a,dagif.a,,,IL,bh.a,Illinois,eb.a
,c.a,cabcbcbb.a,EV,cadgg.a,EV,NidcAS,fhbb.a,bccge.a,bccgeac.a,daifc.a,,,VA,fb.a,,di.a
da.a,,cabcbcda.a,DL,bjhja.a,DL,NdceUS,,,badjhaf.a,,,,GA,,Georgia,de.a
,f.a,cabcbcah.a,,cadgg.a,EV,NhfeEV,fbfe.a,bbgbi.a,bbgbiac.a,dbhad.a,,NewarkNJ,,de.a,NewJersey,cb.a
bi.a,c.a,cabcbcbi.a,WN,bjdjd.a,WN,,cedh.a,bdejf.a,bdejfac.a,,MSY,NewOrleansLA,,cc.a,Louisiana,
bc.a,,cabcbcbc.a,AA,bjiaf.a,AA,NfedAA,,,bbcjiad.a,dabje.a,DFW,Dallas/FortWorthTX,TX,,Texas,he.a
,b.a,,OO,cadae.a,OO,NfieSW,fgfe.a,,babfhad.a,dabfh.a,,Arcata/EurekaCA,CA,g.a,California,jb.a
,b.a,cabcbcbh.a,EV,cadgg.a,EV,,fddf.a,badjh.a,badjhaf.a,dadjh.a,,,GA,bd.a,Georgia,de.a
ci.a,f.a,,,bjjhh.a,UA,NebhUA,fad.a,,bcijcad.a,,LAX,LosAngelesCA,CA,,California,jb.a
j.a,,cabcbcaj.a,AA,bjiaf.a,AA,NeceAA,,,bbcjiad.a,dabje.a,DFW,Dallas/FortWorthTX,TX,,Texas,he.a
ch.a,e.a,cabcbcch.a,,caeaj.a,Bg,NhijJB,eae.a,bcjfe.a,bcjfeac.a,,LGB,LongBeachCA,CA,g.a,California,jb.a
ba.a,,cabcbcba.a,DL,bjhja.a,DL,NdieDA,,,bdeihac.a,dbgfa.a,,MinneapolisMN,,,Minnesota,
bg.a,,cabcbcbg.a,DL,bjhja.a,DL,NdcjNB,,,bdejfac.a,ddejf.a,,NewOrleansLA,,,Louisiana,
cb.a,,cabcbccb.a,DL,bjhja.a,DL,,,badjh.a,badjhaf.a,,,,GA,,Georgia,de.a
cc.a,g.a,cabcbccc.a,,bjdjd.a,,,edgd.a,beghj.a,beghjad.a,,SAN,SanDiegoCA,,g.a,California,
ca.a,e.a,cabcbcca.a,,caeaj.a,,,bde.a,begdf.a,begdfac.a,,RSW,,FL,bc.a,Florida,
ca.a,,cabcbcca.a,AS,bjjda.a,AS,,,bdjha.a,bdjhaac.a,,OTZ,KotzebueAK,AK,,Alaska,
be.a,f.a,cabcbcbe.a,,,,NcfcAU,badf.a,beied.a,beiedad.a,deibj.a,SJU,SanJuanPR,PR,hc.a,,
,b.a,cabcbcad.a,EV,cadgg.a,EV,NideAS,fhah.a,bccge.a,bccgeac.a,daifc.a,,,VA,fb.a,,di.a
ch.a,e.a,cabcbcch.a,,bjdjd.a,WN,NcjjWN,edib.a,,bciijad.a,,LAS,LasVegasNV,NV,dc.a,Nevada,if.a
ca.a,e.a,,,bjjhh.a,UA,,bffg.a,bcijc.a,bcijcad.a,,LAX,LosAngelesCA,CA,,California,jb.a
ce.a,b.a,cabcbcce.a,WN,bjdjd.a,WN,,bhja.a,bdbfi.a,bdbfiac.a,,MAF,Midland/OdessaTX,,ei.a,,he.a
cd.a,h.a,cabcbccd.a,WN,bjdjd.a,WN,,did.a,bciij.a,bciijad.a,,LAS,LasVegasNV,NV,dc.a,Nevada,if.a
bb.a,,cabcbcbb.a,DL,bjhja.a,DL,NfcbUS,,,bbcjiad.a,dabje.a,,Dallas/FortWorthTX,TX,,Texas,he.a
,d.a,cabcbcbc.a,EV,cadgg.a,EV,NhahEV,eiij.a,badjh.a,badjhaf.a,dadjh.a,,,GA,bd.a,Georgia,de.a
cb.a,f.a,cabcbccb.a,,bjdjd.a,,,eaif.a,begid.a,begidad.a,,SAT,SanAntonioTX,,ei.a,,
ca.a,e.a,cabcbcca.a,,bjdjd.a,WN,,dhab.a,bcbjb.a,bcbjbac.a,,HOU,HoustonTX,TX,ei.a,,he.a
db.a,b.a,cabcbcdb.a,Bg,caeaj.a,Bg,NgcbJB,,,bbgbiac.a,dbhad.a,EWR,NewarkNJ,,de.a,NewJersey,cb.a
bd.a,,cabcbcbd.a,AA,bjiaf.a,AA,NfhbAA,,,bdejfac.a,ddejf.a,MSY,NewOrleansLA,,,Louisiana,
,c.a,cabcbcbb.a,FL,caedh.a,FL,NjhcAT,daf.a,bbhcb.a,,dbhcb.a,,,MI,cg.a,Michigan,ed.a
h.a,,cabcbcah.a,AA,bjiaf.a,AA,NdDBAA,,,bdjdaac.a,dajhh.a,ORD,,IL,,Illinois,
be.a,,cabcbcbe.a,DL,bjhja.a,DL,NjfgDL,,bahcb.a,,dahcb.a,,BostonMA,MA,,Massachusetts,bd.a
,h.a,,MQ,cadji.a,MQ,NgihMQ,cjic.a,bbcji.a,bbcjiad.a,dabje.a,,Dallas/FortWorthTX,TX,ei.a,,he.a
da.a,h.a,,UA,bjjhh.a,UA,NiehUA,jdg.a,bdcae.a,bdcaeac.a,,MCO,,,,Florida,dd.a
,h.a,cabcbcac.a,EV,,,Nbdjfg,eecd.a,beibe.a,beibeac.a,daehg.a,SHV,ShreveportLA,LA,cc.a,Louisiana,
f.a,,cabcbcaf.a,DL,bjhja.a,DL,NjhiDL,,badjh.a,,dadjh.a,,,GA,,Georgia,de.a
,,,HA,bjgja.a,HA,NeiiHA,cdg.a,,bcbhdab.a,dcbde.a,,HonoluluHI,HI,bf.a,Hawaii,c.a
cc.a,g.a,cabcbccc.a,,bjdjd.a,WN,,hhb.a,bebcc.a,bebccac.a,,PIT,PittsburghPA,,ec.a,Pennsylvania,
b.a,g.a,cabcbcab.a,,bjdjd.a,WN,NdfcSW,cfig.a,,bbgjhad.a,dcegh.a,FLL,,FL,bc.a,Florida,dd.a
bc.a,,cabcbcbc.a,AA,bjiaf.a,AA,NfCBAA,,,bddadad.a,dcegh.a,MIA,,,,Florida,dd.a
cb.a,,cabcbccb.a,AS,bjjda.a,AS,,,bcibj.a,bcibjac.a,,KTN,KetchikanAK,AK,,Alaska,b.a
cj.a,,cabcbccj.a,AA,bjiaf.a,,NeWPAA,,,beijdac.a,,SMF,SacramentoCA,,,California,jb.a
bb.a,c.a,cabcbcbb.a,WN,bjdjd.a,WN,NcccWN,iji.a,bbcfj.a,bbcfjad.a,dabje.a,DAL,DallasTX,TX,ei.a,,he.a
cj.a,,cabcbccj.a,AA,bjiaf.a,AA,NdAUAA,,,bdjdaac.a,,ORD,,IL,,Illinois,
bc.a,,cabcbcbc.a,AA,bjiaf.a,AA,NdJSAA,,,bddadad.a,dcegh.a,MIA,,,,Florida,dd.a
ci.a,f.a,cabcbcci.a,,caeaj.a,Bg,NdceJB,baia.a,,bbafhad.a,,CLT,,NC,dh.a,NorthCarolina,dg.a
,h.a,,MQ,cadji.a,MQ,,cica.a,bbjic.a,bbjicac.a,dbjic.a,,KilleenTX,TX,ei.a,,he.a
bj.a,d.a,cabcbcbj.a,Bg,caeaj.a,Bg,,,bbgjh.a,bbgjhad.a,,FLL,,FL,bc.a,Florida,dd.a
h.a,f.a,cabcbcah.a,,caeaj.a,Bg,NfifJB,fa.a,,bbgjhad.a,dcegh.a,FLL,,FL,bc.a,Florida,dd.a
ca.a,e.a,cabcbcca.a,,bjdjd.a,WN,,eea.a,bdcae.a,bdcaeac.a,,MCO,,,bc.a,Florida,dd.a
bh.a,b.a,,UA,,,,bafd.a,bfdae.a,bfdaeac.a,ddbjf.a,TPA,,FL,,Florida,dd.a
,h.a,,MQ,cadji.a,MQ,,cjdi.a,bbcji.a,bbcjiad.a,dabje.a,,Dallas/FortWorthTX,TX,ei.a,,he.a
bc.a,d.a,cabcbcbc.a,YV,cadhi.a,YV,NjcfFJ,chaj.a,bbafh.a,,dbafh.a,CLT,,NC,dh.a,NorthCarolina,dg.a
,h.a,,MQ,cadji.a,MQ,NgghMQ,djjc.a,bdjda.a,bdjdaac.a,dajhh.a,,,IL,bh.a,Illinois,
,h.a,,MQ,cadji.a,MQ,,eehi.a,bcjfd.a,bcjfdac.a,dbhad.a,,NewYorkNY,,dg.a,NewYork,cc.a
ca.a,e.a,cabcbcca.a,,bjdjd.a,WN,,dea.a,bahjc.a,bahjcae.a,,BUF,BuffaloNY,NY,dg.a,NewYork,cc.a
ca.a,e.a,cabcbcca.a,,,,,dfbj.a,bfdae.a,bfdaeac.a,,TPA,,FL,bc.a,Florida,dd.a
cc.a,g.a,cabcbccc.a,,bjdjd.a,WN,,fa.a,bcjjc.a,bcjjcae.a,,LIT,LittleRockAR,AR,f.a,Arkansas,hb.a
cb.a,f.a,cabcbccb.a,,bjdjd.a,WN,,ehgb.a,bbgjh.a,bbgjhad.a,,FLL,,FL,bc.a,Florida,dd.a
,h.a,,OO,cadae.a,OO,,ehdb.a,bdcge.a,bdcgead.a,ddcge.a,MFR,MedfordOR,,eb.a,Oregon,jc.a
bh.a,b.a,cabcbcbh.a,US,cadff.a,US,,bghj.a,bbafh.a,bbafhad.a,dbafh.a,CLT,,NC,dh.a,NorthCarolina,dg.a
cf.a,c.a,,UA,bjjhh.a,UA,,cif.a,baecd.a,baecdac.a,,AUS,AustinTX,TX,,Texas,he.a
,e.a,cabcbcca.a,,caedh.a,FL,,gcg.a,baicb.a,baicbad.a,daifc.a,,,MD,ce.a,Maryland,df.a
,f.a,cabcbcci.a,,cadgg.a,EV,Nbibac,fjga.a,bbcjc.a,bbcjcac.a,dadcf.a,,DenverCO,CO,i.a,Colorado,ic.a
cb.a,,cabcbccb.a,DL,bjhja.a,DL,,,bbchi.a,bbchiac.a,,,,VA,,Virginia,di.a
bd.a,e.a,cabcbcbd.a,,bjdjd.a,WN,NhbbHK,cigg.a,bdhjg.a,bdhjgab.a,dcefh.a,OAK,OaklandCA,,g.a,California,
,e.a,,,cadji.a,MQ,NgbcMQ,dcdj.a,,bbcjiad.a,dabje.a,,Dallas/FortWorthTX,TX,ei.a,,he.a
ci.a,,cabcbcci.a,DL,bjhja.a,DL,NffbNW,,,bdcaeac.a,,,,,,Florida,dd.a
,d.a,,,cadji.a,MQ,NfceMQ,diic.a,,bdjdaac.a,dajhh.a,,,IL,bh.a,Illinois,
j.a,h.a,cabcbcaj.a,WN,bjdjd.a,WN,NidadR,dfjd.a,bdcae.a,bdcaeac.a,dbefe.a,MCO,,,bc.a,Florida,dd.a
,f.a,cabcbccb.a,,cadgg.a,,,fief.a,befhe.a,befheac.a,defhe.a,ROA,,,fb.a,,
bg.a,h.a,,OO,cadae.a,OO,,fdgd.a,bcijc.a,bcijcad.a,dcfhf.a,LAX,LosAngelesCA,,g.a,California,jb.a
bf.a,g.a,cabcbcbf.a,,bjdjd.a,WN,NfbcSW,dced.a,,bcbjbac.a,dbefd.a,HOU,HoustonTX,TX,ei.a,,he.a
,e.a,cabcbcag.a,,cadgg.a,EV,NhceEV,fbbi.a,bdeih.a,bdeihac.a,dbgfa.a,,MinneapolisMN,,ch.a,Minnesota,
cg.a,d.a,cabcbccg.a,,cadff.a,US,NidaAW,fej.a,bebah.a,bebahac.a,,PHX,PhoenixAZ,,e.a,Arizona,
be.a,f.a,,,cadae.a,OO,NhefSK,fbii.a,bbedd.a,bbeddac.a,dbcjf.a,DTW,,MI,cg.a,Michigan,ed.a
cb.a,f.a,,,,,,egfc.a,beigj.a,beigjad.a,,SLC,SaltLakeCityUT,,ej.a,,
bf.a,g.a,cabcbcbf.a,,cadff.a,US,NedfUS,bhbh.a,,bebaaac.a,debaa.a,PHL,PhiladelphiaPA,,ec.a,Pennsylvania,
d.a,b.a,,OO,cadae.a,,NeihCA,eifh.a,,beigjad.a,degbe.a,SLC,SaltLakeCityUT,,ej.a,,
ci.a,f.a,,,cadae.a,OO,NhgiSK,ffhf.a,baecd.a,baecdac.a,,AUS,AustinTX,TX,ei.a,,he.a
cc.a,,cabcbccc.a,DL,bjhja.a,DL,,,bcjfd.a,bcjfdac.a,,,NewYorkNY,,,NewYork,cc.a
cb.a,,cabcbccb.a,DL,bjhja.a,DL,,,bciij.a,bciijad.a,,,LasVegasNV,NV,,Nevada,if.a
cg.a,d.a,,,bjjhh.a,UA,Nddcad,bgdc.a,,babeaac.a,,ABQ,AlbuquerqueNM,NM,,NewMexico,ig.a
,f.a,cabcbccb.a,,caedh.a,FL,,cag.a,badjh.a,badjhaf.a,dadjh.a,,,GA,bd.a,Georgia,de.a
bj.a,d.a,cabcbcbj.a,,cadff.a,US,,bifg.a,bdcae.a,bdcaeac.a,,MCO,,,bc.a,Florida,dd.a
h.a,f.a,cabcbcah.a,,cadff.a,,NhbbUW,jef.a,begid.a,begidad.a,ddcbe.a,SAT,SanAntonioTX,,ei.a,,
bg.a,h.a,,UA,,,NidgUA,cjh.a,behhb.a,behhbab.a,dcefh.a,SFO,SanFranciscoCA,CA,,California,
,d.a,,,cadji.a,MQ,NgebMQ,dfea.a,bebjd.a,bebjdad.a,ddhci.a,,,,bc.a,Florida,
,e.a,cabcbcch.a,,caedh.a,FL,NjfhAT,dca.a,badjh.a,,dadjh.a,,,GA,bd.a,Georgia,de.a
cg.a,d.a,cabcbccg.a,,bjdjd.a,WN,,eced.a,bafjj.a,bafjjae.a,,BHM,BirminghamAL,AL,b.a,Alabama,fb.a
,e.a,,,cadji.a,MQ,,eeif.a,bcjfd.a,bcjfdac.a,dbhad.a,,NewYorkNY,,dg.a,NewYork,cc.a
db.a,b.a,cabcbcdb.a,US,cadff.a,US,NfdfUW,eic.a,,bbcjcac.a,dadcf.a,DEN,DenverCO,CO,i.a,Colorado,ic.a
bf.a,g.a,cabcbcbf.a,,bjdjd.a,WN,NffbWN,bjaa.a,,bahcbac.a,dahcb.a,BOS,BostonMA,MA,cf.a,Massachusetts,bd.a
f.a,,cabcbcaf.a,AS,bjjda.a,,NhghAS,,beheh.a,behehad.a,daffj.a,SEA,SeattleWA,WA,,Washington,
f.a,d.a,,,cadae.a,OO,NcjgSW,fdgf.a,,bcijcad.a,dcfhf.a,LAX,LosAngelesCA,CA,g.a,California,jb.a
da.a,h.a,cabcbcda.a,YV,cadhi.a,YV,NjdbLR,cgef.a,begid.a,,,SAT,SanAntonioTX,,ei.a,,
be.a,,cabcbcbe.a,DL,bjhja.a,DL,Nghbhb,,bciij.a,bciijad.a,dccbb.a,,LasVegasNV,NV,,Nevada,if.a
j.a,h.a,,UA,bjjhh.a,UA,Ndfcga,bfhd.a,,baecdac.a,daecd.a,AUS,AustinTX,TX,,Texas,he.a
cb.a,f.a,cabcbccb.a,,bjdjd.a,WN,,edch.a,bbcjc.a,bbcjcac.a,,DEN,DenverCO,CO,i.a,Colorado,ic.a
bc.a,,cabcbbbc.a,AA,bjiaf.a,AA,NgccAA,,,bcijcad.a,dcfhf.a,LAX,LosAngelesCA,CA,,California,jb.a
cj.a,g.a,,,bjjhh.a,UA,Nfhigd,beba.a,,bcijcad.a,,LAX,LosAngelesCA,CA,,California,jb.a
,g.a,cabcbccc.a,,cadgg.a,EV,,fdcb.a,bbjhd.a,bbjhdac.a,dbjhd.a,,Gulfport/BiloxiMS,MS,ci.a,Mississippi,fd.a
da.a,,cabcbcda.a,AS,bjjda.a,,NfgdAS,,,behehad.a,,SEA,SeattleWA,WA,,Washington,
bd.a,e.a,cabcbcbd.a,,bjdjd.a,WN,NcdiWN,bceh.a,babea.a,babeaac.a,dabea.a,ABQ,AlbuquerqueNM,NM,df.a,NewMexico,ig.a
d.a,,cabcbcad.a,DL,bjhja.a,DL,NjgbDL,,bceei.a,,dceei.a,,Jackson/VicksburgMS,MS,,Mississippi,fd.a
bh.a,b.a,cabcbcbh.a,WN,bjdjd.a,,,cf.a,beheh.a,behehad.a,daffj.a,SEA,SeattleWA,WA,fd.a,,
ca.a,e.a,,,bjjhh.a,UA,,hfi.a,bdeih.a,bdeihac.a,,MSP,MinneapolisMN,,,Minnesota,
c.a,,cabcbcac.a,AA,bjiaf.a,AA,NfCAAA,,,bddadad.a,dcegh.a,MIA,,,,Florida,dd.a
f.a,d.a,cabcbcaf.a,,cadff.a,US,NgcjAW,chd.a,,bebahac.a,daegg.a,PHX,PhoenixAZ,,e.a,Arizona,
bh.a,,cabcbcbh.a,DL,bjhja.a,DL,,,bdeih.a,bdeihac.a,dbgfa.a,,MinneapolisMN,,,Minnesota,
be.a,,cabcbcbe.a,DL,bjhja.a,DL,NfdaUS,,,bbeddac.a,dbcjf.a,,,MI,,Michigan,ed.a
,f.a,cabcbcah.a,,cadgg.a,EV,Ndgjbf,gbef.a,,bccgeac.a,daifc.a,,,VA,fb.a,,di.a
bg.a,h.a,,UA,bjjhh.a,UA,,bfig.a,bccge.a,bccgeac.a,daifc.a,IAD,,VA,,Virginia,di.a
ci.a,,cabcbcci.a,AS,bjjda.a,,NfbhAS,,,beghjad.a,,SAN,SanDiegoCA,,,California,
bg.a,h.a,,OO,cadae.a,OO,,fbia.a,bccgg.a,bccggad.a,dbefd.a,IAH,HoustonTX,TX,ei.a,,he.a
,b.a,,MQ,cadji.a,MQ,NjcdMQ,dfai.a,badjh.a,,dadjh.a,,,GA,bd.a,Georgia,de.a
be.a,f.a,,,bjjhh.a,UA,Nhhihb,becf.a,bcijc.a,bcijcad.a,dcfhf.a,LAX,LosAngelesCA,CA,,California,jb.a
cg.a,d.a,cabcbccg.a,,cadff.a,US,NfegUW,d.a,,bebahac.a,,PHX,PhoenixAZ,,e.a,Arizona,
,e.a,cabcbcbd.a,,cadgg.a,EV,Nbfjei,eaji.a,bccgg.a,bccggad.a,dbefd.a,,HoustonTX,TX,ei.a,,he.a
bh.a,b.a,,OO,cadae.a,OO,,efgi.a,bdeih.a,bdeihac.a,dbgfa.a,MSP,MinneapolisMN,,ch.a,Minnesota,
ch.a,,cabcbcch.a,AA,bjiaf.a,,NfDNAA,,,beiedad.a,,SJU,SanJuanPR,PR,,PuertoRico,
be.a,f.a,,,bjjhh.a,UA,NfafUA,jch.a,,bcehiac.a,dbhad.a,JFK,NewYorkNY,,,NewYork,cc.a
cc.a,,cabcbccc.a,DL,bjhja.a,DL,,,bbedd.a,bbeddac.a,,,,MI,,Michigan,ed.a
bh.a,b.a,,OO,cadae.a,OO,,eega.a,bdbch.a,bdbchac.a,ddbch.a,LWS,LewistonID,ID,bg.a,Idaho,id.a
da.a,,cabcbcda.a,AA,bjiaf.a,AA,NfjcAA,,,bbgdiae.a,,FAT,FresnoCA,CA,,California,jb.a
i.a,g.a,cabcbcai.a,,bjdjd.a,WN,NcjeWN,cdai.a,,bebccac.a,dabji.a,PIT,PittsburghPA,,ec.a,Pennsylvania,
,b.a,cabcbcbh.a,EV,cadgg.a,EV,,fjic.a,bdjda.a,bdjdaac.a,dajhh.a,,,IL,bh.a,Illinois,
ch.a,e.a,,,bjjhh.a,UA,NiciUA,dab.a,bccgg.a,bccggad.a,,IAH,HoustonTX,TX,,Texas,he.a
bb.a,c.a,cabcbcbb.a,WN,bjdjd.a,WN,NgaeSW,jfc.a,,bdijbab.a,dcfhf.a,ONT,OntarioCA,,g.a,California,
bh.a,b.a,cabcbcbh.a,WN,,,,chbb.a,beijd.a,beijdac.a,ddbjc.a,SMF,SacramentoCA,,g.a,California,jb.a
,e.a,,,cadji.a,MQ,,dced.a,bbcji.a,bbcjiad.a,dabje.a,,Dallas/FortWorthTX,TX,ei.a,,he.a
db.a,b.a,cabcbcdb.a,WN,bjdjd.a,WN,NhieSW,dcef.a,bdijb.a,bdijbab.a,dcfhf.a,ONT,OntarioCA,,g.a,California,
ci.a,f.a,cabcbcci.a,,caeaj.a,,NgeaJB,iga.a,,beiedad.a,,SJU,SanJuanPR,PR,hc.a,,
h.a,f.a,cabcbcah.a,,bjdjd.a,WN,NehcWN,iji.a,,bafjjae.a,dafjj.a,BHM,BirminghamAL,AL,b.a,Alabama,fb.a
,h.a,cabcbccd.a,EV,cadgg.a,EV,,egfa.a,bccgg.a,bccggad.a,dbefd.a,,HoustonTX,TX,ei.a,,he.a
,g.a,,,cadji.a,MQ,NgieMQ,defe.a,bddad.a,bddadad.a,dcegh.a,,,,bc.a,Florida,dd.a
,c.a,cabcbcae.a,FL,caedh.a,FL,NdaiAT,fhj.a,,bddecaf.a,dddec.a,,MilwaukeeWI,,ff.a,,
,g.a,cabcbcai.a,,cadgg.a,,Nbcjcb,fjcc.a,befhe.a,befheac.a,defhe.a,ROA,,,fb.a,,
h.a,f.a,cabcbcah.a,,cadhi.a,YV,NjbjFJ,cghg.a,bbafh.a,,dbafh.a,CLT,,NC,dh.a,NorthCarolina,dg.a
,d.a,cabcbcbc.a,,cadgg.a,EV,Nbdbgb,efac.a,bagjd.a,bagjdac.a,dagjd.a,,NashvilleTN,,eh.a,Tennessee,fe.a
be.a,,cabcbcbe.a,AA,bjiaf.a,,NfigAA,,,bfdhaac.a,degfd.a,TUL,TulsaOK,OK,,Oklahoma,hd.a
e.a,c.a,cabcbcae.a,Bg,caeaj.a,Bg,NbihJB,,bdcae.a,bdcaeac.a,dbefe.a,MCO,,,bc.a,Florida,dd.a
bd.a,e.a,cabcbcbd.a,,bjdjd.a,,NdjaSW,bgeb.a,,beghjad.a,ddfha.a,SAN,SanDiegoCA,,g.a,California,
ch.a,e.a,cabcbcch.a,,bjdjd.a,WN,NeceWN,digd.a,,bdcaeac.a,,MCO,,,bc.a,Florida,dd.a
bc.a,d.a,cabcbcbc.a,,bjdjd.a,WN,NcajWN,gjd.a,bdcdc.a,bdcdcac.a,dajhh.a,MDW,,IL,bh.a,Illinois,eb.a
bc.a,d.a,,,bjjhh.a,UA,NicbUA,dij.a,bbcjc.a,bbcjcac.a,dadcf.a,DEN,DenverCO,CO,,Colorado,ic.a
c.a,h.a,cabcbcac.a,YV,cadhi.a,YV,NjfgLR,chca.a,baecd.a,,daecd.a,AUS,AustinTX,TX,ei.a,,he.a
cb.a,,cabcbccb.a,DL,bjhja.a,DL,,,badjh.a,badjhaf.a,,,,GA,,Georgia,de.a
cb.a,f.a,cabcbccb.a,,bjdjd.a,WN,,djah.a,bcdjb.a,bcdjbac.a,,ISP,IslipNY,NY,dg.a,NewYork,cc.a
ba.a,b.a,cabcbcba.a,WN,bjdjd.a,WN,NidafE,bcib.a,bebcc.a,bebccac.a,dabji.a,PIT,PittsburghPA,,ec.a,Pennsylvania,
ca.a,,cabcbcca.a,AA,bjiaf.a,AA,,,bddad.a,bddadad.a,,MIA,,,,Florida,dd.a
cg.a,d.a,cabcbccg.a,,cadhi.a,YV,NjbbFJ,cidf.a,bebah.a,,,PHX,PhoenixAZ,,e.a,Arizona,
bf.a,g.a,cabcbcbf.a,,,,NiefVA,jci.a,behhb.a,behhbab.a,dcefh.a,SFO,SanFranciscoCA,CA,g.a,California,
b.a,g.a,,,bjjhh.a,,Ndfchb,bbig.a,,begidad.a,ddcbe.a,SAT,SanAntonioTX,,,Texas,
,b.a,cabcbcba.a,EV,cadgg.a,EV,Nchjgc,gbci.a,bdjda.a,bdjdaac.a,dajhh.a,,,IL,bh.a,Illinois,
f.a,d.a,,,cadae.a,OO,NhgeSK,fgfb.a,bbcjc.a,bbcjcac.a,dadcf.a,DEN,DenverCO,CO,i.a,Colorado,ic.a
ce.a,,cabcbcce.a,AA,bjiaf.a,AA,,,bcjjc.a,bcjjcae.a,,LIT,LittleRockAR,AR,,Arkansas,hb.a
,c.a,,MQ,cadji.a,MQ,,dgjc.a,bcijc.a,bcijcad.a,dcfhf.a,,LosAngelesCA,CA,g.a,California,jb.a
,d.a,cabcbccg.a,,cadgg.a,EV,NicdAS,fcgf.a,bbicd.a,bbicdae.a,dbicd.a,,,IN,bi.a,Indiana,ec.a
be.a,f.a,cabcbcbe.a,,bjdjd.a,WN,NgddSW,bibg.a,,bciijad.a,dccbb.a,LAS,LasVegasNV,NV,dc.a,Nevada,if.a
ci.a,f.a,,,cadae.a,OO,NjidCA,fdfe.a,bdbie.a,,,MBS,,,cg.a,Michigan,ed.a
,f.a,,,cadji.a,MQ,NgahMQ,ebfj.a,,bdjdaac.a,dajhh.a,,,IL,bh.a,Illinois,
be.a,f.a,,,bjjhh.a,UA,Nfhigi,bfhb.a,,bcijcad.a,dcfhf.a,LAX,LosAngelesCA,CA,,California,jb.a
e.a,c.a,cabcbcae.a,WN,bjdjd.a,WN,NhggSW,beef.a,bcjjc.a,bcjjcae.a,dcgaa.a,LIT,LittleRockAR,AR,f.a,Arkansas,hb.a
bh.a,b.a,cabcbcbh.a,WN,bjdjd.a,WN,,dia.a,bdhjg.a,bdhjgab.a,dcefh.a,OAK,OaklandCA,,g.a,California,
cb.a,,cabcbccb.a,AA,bjiaf.a,AA,,,bcijc.a,bcijcad.a,,LAX,LosAngelesCA,CA,,California,jb.a
cf.a,c.a,,UA,bjjhh.a,,,fh.a,beejc.a,beejcac.a,,RDU,,,,NorthCarolina,
cf.a,c.a,,OO,cadae.a,OO,,cghg.a,bdehg.a,bdehgac.a,,MRY,MontereyCA,,g.a,California,
f.a,d.a,cabcbcaf.a,,bjdjd.a,,NdfaSW,bcif.a,,behehad.a,daffj.a,SEA,SeattleWA,WA,fd.a,,
da.a,,cabcbcda.a,DL,bjhja.a,DL,NjgdDN,,badjh.a,,,,,GA,,Georgia,de.a
bb.a,,cabcbcbb.a,AA,bjiaf.a,AA,NfFDAA,,,bchfiad.a,dchfi.a,KOA,KonaHI,HI,,Hawaii,c.a
cc.a,g.a,cabcbccc.a,,cadff.a,,,bgb.a,beghj.a,beghjad.a,,SAN,SanDiegoCA,,g.a,California,
,b.a,,MQ,cadji.a,MQ,NiebMQ,dede.a,bbigh.a,bbighad.a,dbigh.a,,GardenCityKS,KS,ca.a,Kansas,gc.a
,f.a,cabcbccb.a,,cadgg.a,EV,,fdfd.a,badjh.a,badjhaf.a,dadjh.a,,,GA,bd.a,Georgia,de.a
db.a,b.a,cabcbcdb.a,US,cadff.a,US,NjejUW,bicf.a,bebaa.a,,,PHL,PhiladelphiaPA,,ec.a,Pennsylvania,
bh.a,,cabcbcbh.a,DL,bjhja.a,DL,,,bbjig.a,bbjigad.a,dbjig.a,,,MI,,Michigan,ed.a
i.a,g.a,cabcbcai.a,,bjdjd.a,WN,NebiWN,ddej.a,,bafcjae.a,dafcj.a,BDL,HartfordCT,CT,j.a,Connecticut,bb.a
c.a,h.a,,OO,cadae.a,OO,NjdhSW,fceh.a,bdbji.a,,ddbji.a,MCI,KansasCityMO,MO,cj.a,Missouri,ge.a
d.a,b.a,cabcbcad.a,US,cadff.a,US,NjfiUW,iia.a,bebaa.a,,debaa.a,PHL,PhiladelphiaPA,,ec.a,Pennsylvania,
ca.a,e.a,cabcbcca.a,,bjdjd.a,WN,,dia.a,bdhjg.a,bdhjgab.a,,OAK,OaklandCA,,g.a,California,
,d.a,cabcbcbj.a,,cadgg.a,EV,,fcie.a,baede.a,baedeac.a,daede.a,,Scranton/Wilkes-BarrePA,PA,ec.a,Pennsylvania,cd.a
e.a,,cabcbcae.a,DL,bjhja.a,DL,NjciDN,,badjh.a,,dadjh.a,,,GA,,Georgia,de.a
h.a,f.a,,,cadae.a,OO,NehjCA,gcai.a,,bdeddac.a,dddae.a,MOT,MinotND,,di.a,NorthDakota,
,b.a,cabcbcdb.a,FL,caedh.a,FL,NjibAT,cgi.a,bbchi.a,,daifc.a,,,VA,fb.a,,di.a
bf.a,g.a,,,bjjhh.a,UA,NehjUA,gjf.a,,bdjdaac.a,dajhh.a,ORD,,IL,,Illinois,
bd.a,,cabcbcbd.a,AA,bjiaf.a,AA,NeWSAA,,,bcjfdac.a,dbhad.a,LGA,NewYorkNY,,,NewYork,cc.a
bg.a,h.a,,UA,bjjhh.a,UA,,bfjd.a,bccge.a,bccgeac.a,daifc.a,IAD,,VA,,Virginia,di.a
b.a,g.a,cabcbcab.a,,cadff.a,US,NgccAW,dah.a,,badjhaf.a,dadjh.a,ATL,,GA,bd.a,Georgia,de.a
bc.a,d.a,cabcbcbc.a,,bjdjd.a,WN,NeccWN,ebg.a,,bcjjcae.a,dcgaa.a,LIT,LittleRockAR,AR,f.a,Arkansas,hb.a
,f.a,cabcbcci.a,,cadgg.a,EV,NjcjEV,ejjd.a,bceei.a,,dceei.a,,Jackson/VicksburgMS,MS,ci.a,Mississippi,fd.a
bg.a,h.a,cabcbcbg.a,WN,bjdjd.a,WN,,ccbb.a,bcijc.a,bcijcad.a,dcfhf.a,LAX,LosAngelesCA,CA,g.a,California,jb.a
,g.a,cabcbcbf.a,,cadgg.a,EV,NjbhEV,fcfe.a,badjh.a,,dadjh.a,,,GA,bd.a,Georgia,de.a
,e.a,cabcbcca.a,,cadgg.a,EV,,ehab.a,bccgg.a,bccggad.a,dbefd.a,,HoustonTX,TX,ei.a,,he.a
be.a,,cabcbcbe.a,DL,bjhja.a,DL,NbeacA,,badjh.a,badjhaf.a,dadjh.a,,,GA,,Georgia,de.a
cj.a,g.a,,,bjjhh.a,UA,Nhgage,bf.a,bbgbi.a,bbgbiac.a,,EWR,NewarkNJ,,,NewJersey,cb.a
ca.a,,cabcbcca.a,AA,,,,,behhb.a,behhbab.a,,SFO,SanFranciscoCA,CA,,California,
bd.a,,cabcbcbd.a,AA,bjiaf.a,AA,NfFBAA,,,bcijcad.a,dcfhf.a,LAX,LosAngelesCA,CA,,California,jb.a
ci.a,,cabcbcci.a,DL,bjhja.a,,NdhgaC,,,behhbab.a,,SFO,SanFranciscoCA,CA,,California,
d.a,,cabcbcad.a,DL,bjhja.a,DL,NgdjDL,,,badjhaf.a,dadjh.a,,,GA,,Georgia,de.a
d.a,b.a,cabcbcad.a,WN,bjdjd.a,WN,NceaWN,cbb.a,bdijb.a,bdijbab.a,dcfhf.a,ONT,OntarioCA,,g.a,California,
cc.a,g.a,,,cadae.a,OO,,feab.a,bbgdi.a,bbgdiae.a,,FAT,FresnoCA,CA,g.a,California,jb.a
ce.a,,cabcbcce.a,AA,,,,,beied.a,beiedad.a,,SJU,SanJuanPR,PR,,PuertoRico,
bj.a,d.a,cabcbcbj.a,,caeaj.a,Bg,,ejd.a,bahcb.a,bahcbac.a,,BOS,BostonMA,MA,cf.a,Massachusetts,bd.a
f.a,d.a,cabcbcaf.a,,cadff.a,US,NfdhUW,bgce.a,,badjhaf.a,dadjh.a,ATL,,GA,bd.a,Georgia,de.a
e.a,,cabcbcae.a,DL,bjhja.a,DL,NdbjNB,,,bcjfdac.a,dbhad.a,,NewYorkNY,,,NewYork,cc.a
e.a,,cabcbcae.a,DL,bjhja.a,DL,NjbgDN,,bdeih.a,,dbgfa.a,,MinneapolisMN,,,Minnesota,
,h.a,,MQ,cadji.a,MQ,NgcgMQ,cjhd.a,,bbcjiad.a,dabje.a,,Dallas/FortWorthTX,TX,ei.a,,he.a
ca.a,e.a,cabcbcca.a,,caeaj.a,Bg,,ca.a,bcehi.a,bcehiac.a,,JFK,NewYorkNY,,dg.a,NewYork,cc.a
j.a,,cabcbcaj.a,DL,bjhja.a,DL,NjigDL,,bbagg.a,,dbagg.a,,ColumbusOH,OH,,Ohio,ee.a
db.a,,cabcbcdb.a,AA,bjiaf.a,AA,NdBFAA,,,bbcjiad.a,,DFW,Dallas/FortWorthTX,TX,,Texas,he.a
,f.a,cabcbccb.a,,,,,eeai.a,beibe.a,beibeac.a,daehg.a,SHV,ShreveportLA,LA,cc.a,Louisiana,
d.a,b.a,,OO,cadae.a,OO,NjagSW,cjig.a,bdehg.a,,dejcc.a,MRY,MontereyCA,,g.a,California,
db.a,b.a,cabcbcdb.a,WN,bjdjd.a,,NdgdSW,bbad.a,,bfabgad.a,,STL,St.LouisMO,MO,cj.a,Missouri,ge.a
,d.a,,,cadji.a,MQ,,eehj.a,bcjfd.a,bcjfdac.a,dbhad.a,,NewYorkNY,,dg.a,NewYork,cc.a
cf.a,,cabcbccf.a,AA,bjiaf.a,AA,,,bbcji.a,bbcjiad.a,,DFW,Dallas/FortWorthTX,TX,,Texas,he.a
bj.a,d.a,cabcbcbj.a,,cadff.a,US,,eja.a,bebah.a,bebahac.a,,PHX,PhoenixAZ,,e.a,Arizona,
cb.a,f.a,cabcbccb.a,,cadff.a,US,,bhgh.a,bbafh.a,bbafhad.a,,CLT,,NC,dh.a,NorthCarolina,dg.a
ce.a,b.a,,OO,cadae.a,OO,,ffbe.a,bbcjc.a,bbcjcac.a,,DEN,DenverCO,CO,i.a,Colorado,ic.a
b.a,,cabcbcab.a,DL,bjhja.a,DL,NjfgDN,,bbagg.a,,dbagg.a,,,OH,,Ohio,ee.a
f.a,d.a,cabcbcaf.a,,cadff.a,,NhbcUS,baig.a,beejc.a,beejcac.a,deejc.a,RDU,,,dh.a,NorthCarolina,
ce.a,,cabcbcce.a,DL,bjhja.a,DL,,,badjh.a,badjhaf.a,,,,GA,,Georgia,de.a
ce.a,b.a,cabcbcce.a,WN,bjdjd.a,WN,,bagd.a,baecd.a,baecdac.a,,AUS,AustinTX,TX,ei.a,,he.a
c.a,h.a,,OO,cadae.a,OO,NeehSW,effe.a,,bcaadac.a,dbijf.a,GTF,GreatFallsMT,MT,da.a,Montana,ie.a
g.a,,cabcbcag.a,DL,bjhja.a,DL,NdcbNB,,,bbgbiac.a,dbhad.a,,NewarkNJ,,,NewJersey,cb.a
cj.a,g.a,cabcbccj.a,,,WN,NjbeWN,cajj.a,bejai.a,,,SNA,SantaAnaCA,CA,g.a,California,jb.a
bb.a,,cabcbcbb.a,AA,bjiaf.a,AA,NfdhAA,,,bciijad.a,dccbb.a,LAS,LasVegasNV,NV,,Nevada,if.a
bj.a,,cabcbcbj.a,AA,bjiaf.a,AA,,,baecd.a,baecdac.a,,AUS,AustinTX,TX,,Texas,he.a
d.a,,cabcbcad.a,AA,bjiaf.a,AA,NeWNAA,,,bafjjae.a,dafjj.a,BHM,BirminghamAL,AL,,Alabama,fb.a
,d.a,cabcbcaf.a,,cadgg.a,EV,NjbjEV,fbia.a,bccgg.a,,dbefd.a,,HoustonTX,TX,ei.a,,he.a
ci.a,f.a,cabcbcci.a,,bjdjd.a,WN,NhhaSA,ibi.a,bcijc.a,bcijcad.a,,LAX,LosAngelesCA,CA,g.a,California,jb.a
,h.a,cabcbcda.a,EV,cadgg.a,EV,Nbgjjj,,bbgbi.a,bbgbiac.a,dbhad.a,,NewarkNJ,,de.a,NewJersey,cb.a
ce.a,b.a,cabcbcce.a,AS,bjjda.a,,,,beheh.a,behehad.a,,SEA,SeattleWA,WA,,Washington,
db.a,b.a,,UA,bjjhh.a,UA,NibbUA,ecb.a,bbgbi.a,bbgbiac.a,,EWR,NewarkNJ,,,NewJersey,cb.a
d.a,b.a,cabcbcad.a,WN,bjdjd.a,WN,NggdSW,g.a,babea.a,babeaac.a,dabea.a,ABQ,AlbuquerqueNM,NM,df.a,NewMexico,ig.a
bd.a,e.a,cabcbcbd.a,,caeaj.a,Bg,NfceJB,eef.a,,bahcbac.a,dahcb.a,BOS,BostonMA,MA,cf.a,Massachusetts,bd.a
j.a,,cabcbcaj.a,DL,bjhja.a,DL,NhhhNC,,badjh.a,badjhaf.a,dadjh.a,,,GA,,Georgia,de.a
cg.a,d.a,,,bjjhh.a,UA,Ndjhcg,bgaj.a,,bccgeac.a,,IAD,,VA,,Virginia,di.a
bc.a,d.a,,,cadae.a,OO,NjgaSW,gcdg.a,bdjda.a,,dajhh.a,ORD,,IL,bh.a,Illinois,
cd.a,h.a,cabcbccd.a,AS,bjjda.a,AS,,,bciij.a,bciijad.a,,LAS,LasVegasNV,NV,,Nevada,if.a
cj.a,g.a,cabcbccj.a,,bjdjd.a,WN,NcjjWN,hab.a,,baicbad.a,,BWI,,MD,ce.a,Maryland,df.a
bj.a,d.a,,,cadae.a,OO,,gfdd.a,bccia.a,bcciaac.a,,IDA,IdahoFallsID,ID,bg.a,Idaho,id.a
bg.a,h.a,,UA,bjjhh.a,UA,NeeaUA,eci.a,,bbgbiac.a,dbhad.a,EWR,NewarkNJ,,,NewJersey,cb.a
,h.a,cabcbcac.a,EV,cadgg.a,EV,NifjAS,,bbcfj.a,bbcfjad.a,dabje.a,,DallasTX,TX,ei.a,,he.a
g.a,e.a,,,bjjhh.a,UA,Nhifab,jg.a,bbcjc.a,bbcjcac.a,dadcf.a,DEN,DenverCO,CO,,Colorado,ic.a
b.a,g.a,,,cadae.a,OO,NefjSW,eeib.a,,bdeihac.a,dbgfa.a,MSP,MinneapolisMN,,ch.a,Minnesota,
i.a,g.a,,,cadae.a,OO,NejcSW,hhhf.a,,bbbccac.a,dbbcc.a,CPR,CasperWY,WY,fg.a,,ii.a
bf.a,g.a,cabcbcbf.a,,caeaj.a,Bg,NiahJB,ghe.a,bcijc.a,bcijcad.a,dcfhf.a,LAX,LosAngelesCA,CA,g.a,California,jb.a
,f.a,cabcbcah.a,,cadgg.a,EV,Nbjffe,ehac.a,bahjc.a,bahjcae.a,dahjc.a,,BuffaloNY,NY,dg.a,NewYork,cc.a
bg.a,h.a,,OO,cadae.a,,NhheSK,gdbf.a,behhb.a,behhbab.a,dcefh.a,SFO,SanFranciscoCA,CA,g.a,California,
,b.a,cabcbcbh.a,FL,caedh.a,,,ejj.a,befhg.a,befhgae.a,defhg.a,ROC,RochesterNY,,dg.a,NewYork,
,f.a,cabcbcci.a,,,FL,NjgaAT,fei.a,bfdae.a,,ddbjf.a,,,FL,bc.a,Florida,dd.a
,h.a,cabcbcda.a,EV,cadgg.a,EV,NiidAS,,bddhh.a,bddhhac.a,dddhh.a,,MonroeLA,,cc.a,Louisiana,
ch.a,e.a,,,cadae.a,OO,NediSW,hdhf.a,,bdeihac.a,,MSP,MinneapolisMN,,ch.a,Minnesota,
cj.a,,cabcbccj.a,DL,bjhja.a,DL,NdeiNW,,,bbeddac.a,,,,MI,,Michigan,ed.a
bg.a,,cabcbbbg.a,AA,bjiaf.a,AA,,,bcehi.a,bcehiac.a,dbhad.a,JFK,NewYorkNY,,,NewYork,cc.a
,d.a,cabcbcbc.a,,cadgg.a,EV,NhceEV,fabg.a,bbcji.a,bbcjiad.a,dabje.a,,Dallas/FortWorthTX,TX,ei.a,,he.a
h.a,f.a,cabcbcah.a,,bjdjd.a,WN,NeibWN,bdgi.a,,baiaaad.a,dcfhf.a,BUR,BurbankCA,CA,g.a,California,jb.a
bb.a,c.a,,OO,,,NiccSK,egia.a,beigj.a,beigjad.a,degbe.a,SLC,SaltLakeCityUT,,ej.a,,
cg.a,,cabcbccg.a,DL,bjhja.a,DL,NdgjNW,,,bcehiac.a,,,NewYorkNY,,,NewYork,cc.a
be.a,f.a,,,cadae.a,,NhijSK,gcca.a,behhb.a,behhbab.a,dcefh.a,SFO,SanFranciscoCA,CA,g.a,California,
ci.a,f.a,cabcbcci.a,,bjdjd.a,WN,NgahSW,bied.a,,beafhac.a,,PDX,PortlandOR,,eb.a,Oregon,
b.a,g.a,cabcbcab.a,,bjdjd.a,WN,NdfcSW,cfig.a,,bdcaeac.a,dbefe.a,MCO,,,bc.a,Florida,dd.a
,g.a,cabcbcbf.a,,cadgg.a,EV,NigiAS,fbch.a,bcjjc.a,bcjjcae.a,dcgaa.a,,LittleRockAR,AR,f.a,Arkansas,hb.a
,e.a,,,cadji.a,MQ,,cjgj.a,bbcji.a,bbcjiad.a,dabje.a,,Dallas/FortWorthTX,TX,ei.a,,he.a
,f.a,cabcbccb.a,,cadgg.a,EV,,feha.a,bahcb.a,bahcbac.a,dahcb.a,,BostonMA,MA,cf.a,Massachusetts,bd.a
cd.a,,cabcbbcd.a,AA,bjiaf.a,AA,,,bcjfd.a,bcjfdac.a,,LGA,NewYorkNY,,,NewYork,cc.a
da.a,,cabcbcda.a,AA,bjiaf.a,AA,NddgAA,,,bcijcad.a,,LAX,LosAngelesCA,CA,,California,jb.a
db.a,b.a,cabcbcdb.a,WN,bjdjd.a,WN,NchjWN,bia.a,bebah.a,bebahac.a,,PHX,PhoenixAZ,,e.a,Arizona,
e.a,c.a,cabcbcae.a,US,cadff.a,US,NedjUS,jfb.a,,bbchiac.a,daifc.a,DCA,,VA,fb.a,,di.a
,f.a,,,caedh.a,FL,NddgAT,chi.a,,bbcjcac.a,dadcf.a,,DenverCO,CO,i.a,Colorado,ic.a
,g.a,cabcbcai.a,,cadgg.a,EV,Nbebfi,fiif.a,bdjda.a,bdjdaac.a,dajhh.a,,,IL,bh.a,Illinois,
d.a,b.a,,OO,cadae.a,OO,NicdSK,egjc.a,bciij.a,bciijad.a,dccbb.a,LAS,LasVegasNV,NV,dc.a,Nevada,if.a
,c.a,cabcbcbb.a,EV,cadgg.a,EV,Nbbbea,,bbgbi.a,bbgbiac.a,dbhad.a,,NewarkNJ,,de.a,NewJersey,cb.a
i.a,g.a,,,bjjhh.a,UA,Nhfeba,bggc.a,bbgbi.a,bbgbiac.a,dbhad.a,EWR,NewarkNJ,,,NewJersey,cb.a
cg.a,,cabcbccg.a,DL,bjhja.a,DL,NjchDA,,bahcb.a,,,,BostonMA,MA,,Massachusetts,bd.a
,e.a,,,cadji.a,MQ,NgadMQ,defc.a,,bbjfdac.a,dbjfd.a,,,FL,bc.a,Florida,dd.a
be.a,f.a,,,bjjhh.a,,NeibUA,hee.a,,bejaiad.a,dcfhf.a,SNA,SantaAnaCA,CA,,California,jb.a
i.a,,cabcbcai.a,DL,bjhja.a,DL,NggcDN,,badjh.a,badjhaf.a,dadjh.a,,,GA,,Georgia,de.a
,d.a,cabcbcaf.a,,cadgg.a,EV,Nbbbgf,eebh.a,bbgbi.a,bbgbiac.a,dbhad.a,,NewarkNJ,,de.a,NewJersey,cb.a
cc.a,g.a,cabcbccc.a,,bjdjd.a,WN,,cfcg.a,bagjd.a,bagjdac.a,,BNA,NashvilleTN,,eh.a,Tennessee,fe.a
cd.a,h.a,,UA,bjjhh.a,UA,,bgai.a,bbgbi.a,bbgbiac.a,,EWR,NewarkNJ,,,NewJersey,cb.a
cb.a,f.a,,,bjjhh.a,UA,,fad.a,bcijc.a,bcijcad.a,,LAX,LosAngelesCA,CA,,California,jb.a
,g.a,,,,FL,NjjfAT,fgb.a,bfdae.a,,ddbjf.a,,,FL,bc.a,Florida,dd.a
f.a,d.a,,,cadae.a,OO,NjagSW,cjda.a,bebah.a,,daegg.a,PHX,PhoenixAZ,,e.a,Arizona,
ca.a,e.a,cabcbcca.a,,bjdjd.a,WN,,ejgi.a,bdhjg.a,bdhjgab.a,,OAK,OaklandCA,,g.a,California,
bh.a,,cabcbcbh.a,DL,,,,,bfabg.a,bfabgad.a,dbbcd.a,STL,St.LouisMO,MO,,Missouri,ge.a
,f.a,,,caedh.a,FL,NdciAT,dg.a,,badjhaf.a,dadjh.a,,,GA,bd.a,Georgia,de.a
,c.a,cabcbcbi.a,EV,cadgg.a,EV,,,bccgg.a,bccggad.a,dbefd.a,,HoustonTX,TX,ei.a,,he.a
cd.a,,cabcbccd.a,DL,bjhja.a,DL,,,bagjd.a,bagjdac.a,,,NashvilleTN,,,Tennessee,fe.a
,b.a,cabcbcdb.a,EV,cadgg.a,EV,Neijab,,,bdjdaac.a,dajhh.a,,,IL,bh.a,Illinois,
,b.a,,MQ,cadji.a,MQ,NjecMQ,eccd.a,befhg.a,,defhg.a,,RochesterNY,,dg.a,NewYork,
bd.a,,cabcbcbd.a,DL,bjhja.a,DL,NjfaDL,,badjh.a,,dadjh.a,,,GA,,Georgia,de.a
bi.a,c.a,cabcbcbi.a,WN,bjdjd.a,WN,,dfeh.a,bafjj.a,bafjjae.a,dafjj.a,BHM,BirminghamAL,AL,b.a,Alabama,fb.a
cd.a,h.a,cabcbccd.a,VX,cbbhb.a,VX,,cdb.a,bdjda.a,bdjdaac.a,,ORD,,IL,bh.a,Illinois,
cj.a,g.a,cabcbccj.a,,cadff.a,US,NggcAW,gif.a,bebah.a,bebahac.a,,PHX,PhoenixAZ,,e.a,Arizona,
ch.a,e.a,,,cadae.a,OO,NhjhSK,ffje.a,badhc.a,badhcad.a,,ASE,AspenCO,CO,i.a,Colorado,ic.a
g.a,e.a,,,cadae.a,OO,NjhfSW,fgce.a,becfc.a,,decfc.a,PSC,Pasco/Kennewick/RichlandWA,,fd.a,,
e.a,c.a,cabcbcae.a,WN,bjdjd.a,WN,NdfdSW,dgaa.a,,bcijcad.a,dcfhf.a,LAX,LosAngelesCA,CA,g.a,California,jb.a
ce.a,b.a,cabcbcce.a,WN,bjdjd.a,,,cda.a,beghj.a,beghjad.a,,SAN,SanDiegoCA,,g.a,California,
ca.a,e.a,cabcbcca.a,,bjdjd.a,WN,,bdji.a,bdhjg.a,bdhjgab.a,,OAK,OaklandCA,,g.a,California,
,c.a,,MQ,cadji.a,MQ,NgjiMQ,cjba.a,bdchh.a,bdchhac.a,ddchh.a,,MontgomeryAL,,b.a,Alabama,fb.a
b.a,g.a,cabcbcab.a,,bjdjd.a,,NgdfSW,cadg.a,,beigjad.a,degbe.a,SLC,SaltLakeCityUT,,ej.a,,
bc.a,,cabcbcbc.a,DL,bjhja.a,DL,NdggNW,,,bcjfdac.a,dbhad.a,,NewYorkNY,,,NewYork,cc.a
bi.a,,cabcbcbi.a,DL,bjhja.a,DL,,,bdcee.a,bdceeac.a,ddcee.a,,MemphisTN,,,Tennessee,fe.a
ce.a,,cabcbcce.a,DL,bjhja.a,DL,,,badjh.a,badjhaf.a,,,,GA,,Georgia,de.a
bc.a,,cabcbcbc.a,DL,bjhja.a,,NggbDN,,behhb.a,behhbab.a,dcefh.a,SFO,SanFranciscoCA,CA,,California,
h.a,,cabcbcah.a,AA,bjiaf.a,AA,NeYRAA,,,bbcjiad.a,dabje.a,DFW,Dallas/FortWorthTX,TX,,Texas,he.a
,h.a,cabcbcac.a,EV,cadgg.a,,NifcAS,,befhe.a,befheac.a,defhe.a,ROA,,,fb.a,,
,f.a,cabcbcci.a,,cadgg.a,EV,NjcaEV,fagg.a,bbdai.a,,dbdai.a,,DothanAL,AL,b.a,Alabama,fb.a
bc.a,d.a,,,bjjhh.a,UA,NicgUA,fhj.a,bccge.a,bccgeac.a,daifc.a,IAD,,VA,,Virginia,di.a
ca.a,,cabcbbca.a,AA,bjiaf.a,AA,,,bbgbi.a,bbgbiac.a,,EWR,NewarkNJ,,,NewJersey,cb.a
ba.a,b.a,,OO,cadae.a,OO,NhidSK,fbic.a,bccgg.a,bccggad.a,dbefd.a,IAH,HoustonTX,TX,ei.a,,he.a
ch.a,e.a,cabcbcch.a,,bjdjd.a,WN,NhbdSW,eddg.a,baicb.a,baicbad.a,,BWI,,MD,ce.a,Maryland,df.a
d.a,b.a,,OO,cadae.a,,NgbdSK,efae.a,,beghjad.a,ddfha.a,SAN,SanDiegoCA,,g.a,California,
bh.a,,cabcbcbh.a,AA,bjiaf.a,AA,,,bddad.a,bddadad.a,dcegh.a,MIA,,,,Florida,dd.a
ch.a,e.a,,,cadae.a,OO,NegfSW,cgci.a,,bcijcad.a,,LAX,LosAngelesCA,CA,g.a,California,jb.a
bj.a,d.a,,,cadae.a,OO,,gdhg.a,bdcge.a,bdcgead.a,,MFR,MedfordOR,,eb.a,Oregon,jc.a
,f.a,cabcbcah.a,,cadgg.a,EV,Nebbae,eebi.a,,bccggad.a,dbefd.a,,HoustonTX,TX,ei.a,,he.a
d.a,,cabcbcad.a,AA,bjiaf.a,AA,NgbdAA,,,bddadad.a,dcegh.a,MIA,,,,Florida,dd.a
,f.a,cabcbcbe.a,,caedh.a,FL,NjghAT,hae.a,bbgjh.a,,dcegh.a,,,FL,bc.a,Florida,dd.a
ce.a,b.a,cabcbcce.a,US,cadff.a,US,,bcij.a,bahcb.a,bahcbac.a,,BOS,BostonMA,MA,cf.a,Massachusetts,bd.a
d.a,b.a,,UA,bjjhh.a,,Nddcie,bfie.a,,bfdaeac.a,ddbjf.a,TPA,,FL,,Florida,dd.a
,e.a,cabcbcag.a,,cadgg.a,EV,Nbejcf,eccc.a,baheh.a,bahehac.a,daheh.a,,BrownsvilleTX,TX,ei.a,,he.a
bb.a,c.a,cabcbcbb.a,AS,bjjda.a,AS,NfcgAS,,,bcijcad.a,dcfhf.a,LAX,LosAngelesCA,CA,,California,jb.a
bh.a,b.a,cabcbcbh.a,AS,bjjda.a,AS,,,bdhjg.a,bdhjgab.a,dcefh.a,OAK,OaklandCA,,,California,
be.a,f.a,cabcbcbe.a,,cadff.a,US,NefhUW,bidb.a,,bbaecac.a,dageh.a,CLE,,OH,dj.a,Ohio,ee.a
e.a,c.a,cabcbcae.a,VX,cbbhb.a,,NfcbVA,hie.a,,behehad.a,daffj.a,SEA,SeattleWA,WA,fd.a,,
cc.a,g.a,cabcbccc.a,,bjdjd.a,WN,,ebde.a,badjh.a,badjhaf.a,,ATL,,GA,bd.a,Georgia,de.a
,b.a,cabcbcad.a,EV,cadgg.a,EV,Nbdbdc,,bbgbi.a,bbgbiac.a,dbhad.a,,NewarkNJ,,de.a,NewJersey,cb.a
cg.a,d.a,,,bjjhh.a,UA,Nfibab,bgaa.a,,bbgbiac.a,,EWR,NewarkNJ,,,NewJersey,cb.a
e.a,c.a,cabcbcae.a,WN,bjdjd.a,WN,NgfiSW,ghc.a,bachj.a,bachjad.a,dachj.a,AMA,AmarilloTX,TX,ei.a,,he.a
ce.a,b.a,cabcbcce.a,WN,bjdjd.a,WN,,bbib.a,bagjd.a,bagjdac.a,,BNA,NashvilleTN,,eh.a,Tennessee,fe.a
,b.a,,MQ,cadji.a,MQ,NggeMQ,dcjj.a,bbcji.a,bbcjiad.a,dabje.a,,Dallas/FortWorthTX,TX,ei.a,,he.a
bc.a,,cabcbcbc.a,AA,bjiaf.a,AA,NdcfAA,,,bcehiac.a,dbhad.a,JFK,NewYorkNY,,,NewYork,cc.a
c.a,h.a,cabcbcac.a,US,cadff.a,US,NjejUW,cbcg.a,bcjfd.a,,dbhad.a,LGA,NewYorkNY,,dg.a,NewYork,cc.a
,e.a,cabcbcag.a,,cadgg.a,EV,Nbffhe,gaei.a,bccge.a,bccgeac.a,daifc.a,,,VA,fb.a,,di.a
,e.a,cabcbcca.a,,cadgg.a,EV,,fcie.a,baede.a,baedeac.a,daede.a,,Scranton/Wilkes-BarrePA,PA,ec.a,Pennsylvania,cd.a
,d.a,cabcbccg.a,,cadgg.a,EV,Nbbbij,gahh.a,bbcjc.a,bbcjcac.a,dadcf.a,,DenverCO,CO,i.a,Colorado,ic.a
f.a,d.a,cabcbcaf.a,,bjdjd.a,WN,NhifSW,fgd.a,bdhjg.a,bdhjgab.a,dcefh.a,OAK,OaklandCA,,g.a,California,
,,,HA,bjgja.a,HA,NejdHA,cca.a,,bcjicac.a,dcjic.a,,LihueHI,HI,bf.a,Hawaii,c.a
bh.a,b.a,,UA,bjjhh.a,UA,,bcjf.a,bccgg.a,bccggad.a,dbefd.a,IAH,HoustonTX,TX,,Texas,he.a
bb.a,,cabcbcbb.a,AA,bjiaf.a,AA,NdDBAA,,,bdjdaac.a,dajhh.a,ORD,,IL,,Illinois,
,d.a,,,cadji.a,MQ,NgebMQ,eadh.a,bdjda.a,bdjdaac.a,dajhh.a,,,IL,bh.a,Illinois,
,g.a,,,cadji.a,MQ,NgefMQ,chda.a,bceei.a,bceeiad.a,dceei.a,,Jackson/VicksburgMS,MS,ci.a,Mississippi,fd.a
,f.a,cabcbccb.a,,cadgg.a,EV,,ejaa.a,badjh.a,badjhaf.a,dadjh.a,,,GA,bd.a,Georgia,de.a
,c.a,,MQ,cadji.a,MQ,NjaaMQ,dccg.a,bbbea.a,bbbeaac.a,dbbea.a,,CorpusChristiTX,TX,ei.a,,he.a
da.a,h.a,cabcbcda.a,AS,bjjda.a,AS,NfifAS,,,bbgdaac.a,,FAI,FairbanksAK,AK,,Alaska,b.a
cc.a,g.a,cabcbccc.a,,bjdjd.a,WN,,edfj.a,bdhjg.a,bdhjgab.a,,OAK,OaklandCA,,g.a,California,
cc.a,g.a,cabcbccc.a,,bjdjd.a,WN,,ecfh.a,babea.a,babeaac.a,,ABQ,AlbuquerqueNM,NM,df.a,NewMexico,ig.a
,d.a,cabcbccg.a,,cadgg.a,EV,Nbcjcc,egif.a,baheh.a,bahehac.a,daheh.a,,BrownsvilleTX,TX,ei.a,,he.a
ci.a,,cabcbcci.a,AA,bjiaf.a,AA,NfdaAA,,,bbcjiad.a,,DFW,Dallas/FortWorthTX,TX,,Texas,he.a
db.a,b.a,cabcbcdb.a,WN,bjdjd.a,WN,NjgcWN,bij.a,bajje.a,,,CHS,,SC,ef.a,SouthCarolina,dh.a
bg.a,,cabcbcbg.a,AA,bjiaf.a,AA,NedhAA,,,bccggad.a,dbefd.a,IAH,HoustonTX,TX,,Texas,he.a
,g.a,,,cadji.a,MQ,NidcMQ,ecib.a,bdjda.a,bdjdaac.a,dajhh.a,,,IL,bh.a,Illinois,
h.a,,cabcbcah.a,AA,bjiaf.a,,NeXVAA,,,begidad.a,ddcbe.a,SAT,SanAntonioTX,,,Texas,
,d.a,cabcbcbj.a,,cadgg.a,EV,,ecdj.a,bccgg.a,bccggad.a,dbefd.a,,HoustonTX,TX,ei.a,,he.a
e.a,c.a,cabcbcae.a,AS,bjjda.a,AS,NeadAS,,,bbcjcac.a,dadcf.a,DEN,DenverCO,CO,,Colorado,ic.a
bj.a,d.a,cabcbcbj.a,,caeaj.a,Bg,,dhg.a,bbgjh.a,bbgjhad.a,,FLL,,FL,bc.a,Florida,dd.a
bi.a,c.a,cabcbcbi.a,WN,bjdjd.a,WN,,feg.a,bdejf.a,bdejfac.a,ddejf.a,MSY,NewOrleansLA,,cc.a,Louisiana,
j.a,h.a,cabcbcaj.a,WN,bjdjd.a,WN,NjgjWN,bggf.a,bcjjc.a,,dcgaa.a,LIT,LittleRockAR,AR,f.a,Arkansas,hb.a
cc.a,,cabcbccc.a,AA,bjiaf.a,AA,,,bbcji.a,bbcjiad.a,,DFW,Dallas/FortWorthTX,TX,,Texas,he.a
,b.a,cabcbcad.a,EV,cadgg.a,EV,Nbdjhi,,bbgbi.a,bbgbiac.a,dbhad.a,,NewarkNJ,,de.a,NewJersey,cb.a
,,cabcbcai.a,DL,bjhja.a,DL,NjhdDL,,badjh.a,,dadjh.a,,,GA,,Georgia,de.a
,f.a,cabcbcbe.a,,cadgg.a,EV,NjdcEV,feic.a,badjh.a,,dadjh.a,,,GA,bd.a,Georgia,de.a
f.a,d.a,,,cadae.a,OO,NjfeSW,fceb.a,bbbaj.a,,dabij.a,,ColoradoSpringsCO,CO,i.a,Colorado,ic.a
ch.a,e.a,cabcbcch.a,,bjdjd.a,,NgahSW,gic.a,,bfdhaac.a,,TUL,TulsaOK,OK,ea.a,Oklahoma,hd.a
g.a,e.a,,,cadae.a,OO,NchaYV,hhge.a,bebbd.a,bebbdac.a,debbd.a,,PocatelloID,,bg.a,Idaho,
,c.a,cabcbcbb.a,EV,cadgg.a,EV,Nbbfdj,,bdeif.a,bdeifac.a,ddeif.a,,MadisonWI,,ff.a,,
,g.a,,,cadji.a,MQ,NhbbMQ,eehf.a,bcjfd.a,bcjfdac.a,dbhad.a,,NewYorkNY,,dg.a,NewYork,cc.a
da.a,h.a,,UA,bjjhh.a,UA,NebhUA,ibf.a,,bccggad.a,,IAH,HoustonTX,TX,,Texas,he.a
,d.a,cabcbcbj.a,,cadgg.a,EV,,fdbh.a,bebcc.a,bebccac.a,dabji.a,,PittsburghPA,,ec.a,Pennsylvania,
bc.a,,cabcbcbc.a,AA,bjiaf.a,AA,NfdjAA,,,baecdac.a,daecd.a,AUS,AustinTX,TX,,Texas,he.a
ci.a,f.a,,,bjjhh.a,,NfeiUA,fbf.a,,behhbab.a,,SFO,SanFranciscoCA,CA,,California,
g.a,e.a,cabcbcag.a,,bjdjd.a,,NebiWN,hge.a,,beidbad.a,dcefh.a,SJC,SanJoseCA,CA,g.a,California,
h.a,f.a,,,cadae.a,OO,NjfiSW,gcfd.a,bbcjc.a,,dadcf.a,,DenverCO,CO,i.a,Colorado,ic.a
,f.a,cabcbccb.a,,caedg.a,Fj,,ebb.a,bbcjc.a,bbcjcac.a,dadcf.a,,DenverCO,CO,i.a,Colorado,ic.a
cj.a,g.a,,,bjjhh.a,UA,Ngibfj,bge.a,bbgbi.a,bbgbiac.a,,EWR,NewarkNJ,,,NewJersey,cb.a
ca.a,e.a,cabcbcca.a,,cadhi.a,YV,,dhci.a,bcefb.a,bcefbac.a,,JAX,JacksonvilleFL,FL,bc.a,Florida,dd.a
g.a,,cabcbcag.a,DL,bjhja.a,DL,NjbeDL,,badjh.a,,dadjh.a,,,GA,,Georgia,de.a
cc.a,,cabcbccc.a,AA,bjiaf.a,AA,,,bcjic.a,bcjicac.a,,LIH,LihueHI,HI,,Hawaii,c.a
cb.a,,cabcbccb.a,AA,bjiaf.a,AA,,,bbcji.a,bbcjiad.a,,DFW,Dallas/FortWorthTX,TX,,Texas,he.a
cf.a,c.a,,UA,bjjhh.a,UA,,gce.a,bdihb.a,bdihbac.a,,OMA,OmahaNE,,,Nebraska,
j.a,h.a,cabcbcaj.a,WN,bjdjd.a,WN,NcafWN,bcca.a,bbcfj.a,bbcfjad.a,dabje.a,DAL,DallasTX,TX,ei.a,,he.a
,h.a,cabcbcaj.a,FL,caedh.a,FL,NjdaAT,cee.a,bbafh.a,,dbafh.a,,,NC,dh.a,NorthCarolina,dg.a
h.a,f.a,cabcbcah.a,,cbbhb.a,VX,NgdfVA,dha.a,,bcijcad.a,dcfhf.a,LAX,LosAngelesCA,CA,g.a,California,jb.a
e.a,c.a,cabcbcae.a,US,cadff.a,US,NibgAW,ggi.a,bebah.a,bebahac.a,daegg.a,PHX,PhoenixAZ,,e.a,Arizona,
db.a,b.a,cabcbcdb.a,WN,bjdjd.a,WN,NeahWN,hgf.a,,bdcaeac.a,dbefe.a,MCO,OrlandoFL,,bc.a,Florida,dd.a
bf.a,g.a,cabcbcbf.a,,bjdjd.a,WN,NdieSW,cagj.a,,bdcaeac.a,dbefe.a,MCO,OrlandoFL,,bc.a,Florida,dd.a
ch.a,e.a,cabcbcch.a,,,WN,NjaiWN,bfgj.a,bfdae.a,,,TPA,,FL,bc.a,Florida,dd.a
cb.a,f.a,,,bjjhh.a,UA,,dgf.a,bcjfd.a,bcjfdac.a,,LGA,NewYorkNY,,,NewYork,cc.a
bd.a,e.a,,,bjjhh.a,UA,NicbUA,hid.a,bccge.a,bccgeac.a,daifc.a,IAD,,VA,,Virginia,di.a
c.a,h.a,cabcbcac.a,WN,bjdjd.a,WN,NfcaSW,bdbe.a,,bcbjbac.a,dbefd.a,HOU,HoustonTX,TX,ei.a,,he.a
,b.a,,MQ,cadji.a,MQ,NghbMQ,dfgb.a,bddad.a,bddadad.a,dcegh.a,,MiamiFL,,bc.a,Florida,dd.a
j.a,h.a,cabcbcaj.a,WN,bjdjd.a,WN,NidagH,djde.a,bdcdc.a,bdcdcac.a,dajhh.a,MDW,,IL,bh.a,Illinois,eb.a
bd.a,,cabcbcbd.a,DL,bjhja.a,DL,NdhgNW,,,bbeddac.a,dbcjf.a,,,MI,,Michigan,ed.a
i.a,,cabcbcai.a,DL,bjhja.a,DL,NdeiNW,,,bebahac.a,daegg.a,,PhoenixAZ,,,Arizona,
,g.a,cabcbcab.a,,caedh.a,FL,NjgfAT,cfh.a,bebcc.a,,dabji.a,,PittsburghPA,,ec.a,Pennsylvania,
,b.a,cabcbcad.a,EV,cadgg.a,EV,Nbjffe,,bbcgh.a,bbcghac.a,dbcgh.a,,,OH,dj.a,Ohio,ee.a
ce.a,b.a,cabcbcce.a,US,cadff.a,US,,bedc.a,badjh.a,badjhaf.a,,ATL,,GA,bd.a,Georgia,de.a
cg.a,d.a,cabcbccg.a,,bjjda.a,,NdbhAS,eij.a,,beghjad.a,,SAN,SanDiegoCA,,,California,
be.a,f.a,cabcbcbe.a,,cadff.a,US,NefjUW,bjfc.a,,bbafhad.a,dbafh.a,CLT,,NC,dh.a,NorthCarolina,dg.a
cd.a,,cabcbccd.a,DL,bjhja.a,DL,,,bcijc.a,bcijcad.a,,,LosAngelesCA,CA,,California,jb.a
i.a,g.a,,,bjjhh.a,UA,Nghbde,bbfa.a,bbgbi.a,bbgbiac.a,dbhad.a,EWR,NewarkNJ,,,NewJersey,cb.a
cd.a,,cabcbccd.a,AA,bjiaf.a,AA,,,bbcji.a,bbcjiad.a,,DFW,Dallas/FortWorthTX,TX,,Texas,he.a
g.a,e.a,cabcbcag.a,,cadff.a,US,NhfhUW,jdj.a,bdjdb.a,bdjdbac.a,ddggh.a,ORF,,,fb.a,,
bj.a,d.a,cabcbcbj.a,,bjdjd.a,WN,,caib.a,babea.a,babeaac.a,,ABQ,AlbuquerqueNM,NM,df.a,NewMexico,ig.a
d.a,,cabcbcad.a,DL,bjhja.a,,NgfeDL,,beghj.a,beghjad.a,ddfha.a,SAN,SanDiegoCA,,,California,
bd.a,e.a,cabcbcbd.a,,caeaj.a,Bg,NfcjJB,hdb.a,,bdcaeac.a,dbefe.a,MCO,OrlandoFL,,bc.a,Florida,dd.a
cj.a,,cabcbccj.a,DL,bjhja.a,DL,Ndhhaa,,,bbeddac.a,,,,MI,,Michigan,ed.a
,g.a,cabcbccj.a,,cadgg.a,EV,NiejAS,ejai.a,badjh.a,badjhaf.a,dadjh.a,,,GA,bd.a,Georgia,de.a
e.a,,cabcbcae.a,DL,bjhja.a,DL,NhggNC,,badjh.a,badjhaf.a,dadjh.a,,,GA,,Georgia,de.a
bi.a,,cabcbcbi.a,AA,,,,,bfdae.a,bfdaeac.a,,TPA,TampaFL,FL,,Florida,dd.a
ce.a,b.a,cabcbcce.a,WN,bjdjd.a,WN,,ggj.a,bdcdc.a,bdcdcac.a,,MDW,,IL,bh.a,Illinois,eb.a
bb.a,,cabcbcbb.a,DL,bjhja.a,DL,NjheDL,,badjh.a,,dadjh.a,,,GA,,Georgia,de.a
ch.a,e.a,,,bjjhh.a,,NfegUA,fbf.a,,behhbab.a,,SFO,SanFranciscoCA,CA,,California,
cf.a,c.a,cabcbccf.a,Bg,,,,,beied.a,beiedad.a,,SJU,SanJuanPR,PR,hc.a,,
,g.a,cabcbccj.a,,cadgg.a,EV,Nbfjig,egjg.a,bbgbi.a,bbgbiac.a,dbhad.a,,NewarkNJ,,de.a,NewJersey,cb.a
c.a,,cabcbbac.a,AA,bjiaf.a,AA,NdDWAA,,,bcijcad.a,dcfhf.a,LAX,LosAngelesCA,CA,,California,jb.a
i.a,g.a,,,bjjhh.a,UA,NiccUA,jcg.a,bebcc.a,bebccac.a,dabji.a,PIT,PittsburghPA,,,Pennsylvania,
cc.a,g.a,cabcbccc.a,,bjdjd.a,WN,,ebce.a,bbcjc.a,bbcjcac.a,,DEN,DenverCO,CO,i.a,Colorado,ic.a
cd.a,h.a,,OO,cadae.a,,,feee.a,beeih.a,beeihac.a,,RDD,ReddingCA,,g.a,California,
e.a,c.a,,UA,bjjhh.a,UA,Ndebdh,bhdh.a,,bbgbiac.a,dbhad.a,EWR,NewarkNJ,,,NewJersey,cb.a
cg.a,d.a,,,bjjhh.a,,Ndhech,bbhg.a,,beiedad.a,,SJU,SanJuanPR,PR,,PuertoRico,
,b.a,,MQ,cadji.a,MQ,NgefMQ,ebhj.a,bdjda.a,bdjdaac.a,dajhh.a,,,IL,bh.a,Illinois,
ch.a,e.a,cabcbcch.a,,bjdjd.a,WN,NhdeSA,ehhb.a,bdejf.a,bdejfac.a,,MSY,NewOrleansLA,,cc.a,Louisiana,
h.a,,cabcbbah.a,AA,bjiaf.a,AA,NeWMAA,,,bdjdaac.a,dajhh.a,ORD,,IL,,Illinois,
j.a,,cabcbcaj.a,AA,bjiaf.a,AA,NeUBAA,,,bbcjiad.a,dabje.a,DFW,Dallas/FortWorthTX,TX,,Texas,he.a
ch.a,,cabcbcch.a,AA,bjiaf.a,AA,NdEUAA,,,bebaaac.a,,PHL,PhiladelphiaPA,,,Pennsylvania,
cd.a,h.a,,OO,,,,egcd.a,beigj.a,beigjad.a,,SLC,SaltLakeCityUT,,ej.a,,
,c.a,cabcbcae.a,EV,cadgg.a,EV,NihgAS,,babif.a,babifac.a,dabif.a,,AlexandriaLA,LA,cc.a,Louisiana,hc.a
cc.a,,cabcbccc.a,AA,bjiaf.a,AA,,,bbcji.a,bbcjiad.a,,DFW,Dallas/FortWorthTX,TX,,Texas,he.a
be.a,f.a,cabcbcbe.a,,cadff.a,US,NeajUS,bjea.a,,bddadad.a,dcegh.a,MIA,MiamiFL,,bc.a,Florida,dd.a
ci.a,,cabcbcci.a,DL,bjhja.a,DL,NjcbDL,,badjh.a,,,,,GA,,Georgia,de.a
ci.a,f.a,cabcbcci.a,,bjjda.a,AS,NgbeAS,gcg.a,,beafhac.a,,PDX,PortlandOR,,,Oregon,
ci.a,f.a,cabcbcci.a,,cadhi.a,YV,NjbfFJ,chdh.a,bbafh.a,,,CLT,,NC,dh.a,NorthCarolina,dg.a
cb.a,f.a,,,cadae.a,OO,,geei.a,bcijc.a,bcijcad.a,,LAX,LosAngelesCA,CA,g.a,California,jb.a
bh.a,,cabcbcbh.a,AA,,,,,bfdhg.a,bfdhgac.a,daedg.a,TUS,TucsonAZ,AZ,,Arizona,ib.a
db.a,,cabcbcdb.a,AA,bjiaf.a,AA,NdJGAA,,,bddadad.a,dcegh.a,MIA,MiamiFL,,,Florida,dd.a
,b.a,,MQ,cadji.a,MQ,NbEAMQ,dgdg.a,bbfea.a,bbfeaad.a,dagbf.a,,ElPasoTX,TX,ei.a,,he.a
da.a,,cabcbcda.a,AA,bjiaf.a,AA,NfcgAA,,,bdijbab.a,,ONT,OntarioCA,,,California,
bf.a,g.a,,OO,cadae.a,OO,NeefSW,hdhe.a,,bahdjaf.a,dahdj.a,,BrainerdMN,MN,ch.a,Minnesota,gd.a
,,,HA,bjgja.a,HA,NeidHA,dca.a,,bdidaac.a,ddida.a,,KahuluiHI,HI,bf.a,Hawaii,
da.a,h.a,cabcbcda.a,AS,,,NhjcAS,,behhb.a,behhbab.a,,SFO,SanFranciscoCA,CA,,California,
cc.a,g.a,cabcbccc.a,YV,cadhi.a,YV,,cgef.a,bbafh.a,bbafhad.a,,CLT,,NC,dh.a,NorthCarolina,dg.a
,b.a,,MQ,cadji.a,MQ,,dceb.a,bccbh.a,bccbhac.a,dacff.a,,HuntsvilleAL,AL,b.a,Alabama,fb.a
cc.a,,cabcbccc.a,AA,bjiaf.a,AA,,,bebah.a,bebahac.a,,PHX,PhoenixAZ,,,Arizona,
bb.a,c.a,cabcbcbb.a,WN,,,NhbaSW,ggd.a,bfdae.a,bfdaeac.a,ddbjf.a,TPA,,FL,bc.a,Florida,dd.a
bg.a,h.a,,OO,cadae.a,OO,NiceSK,egdd.a,bdeig.a,bdeigac.a,ddeig.a,,MissoulaMT,,da.a,Montana,
b.a,,cabcbcab.a,AA,bjiaf.a,,NdJAAA,,,bejaiad.a,dcfhf.a,SNA,SantaAnaCA,CA,,California,jb.a
cb.a,f.a,,,bjjhh.a,UA,,cge.a,bebah.a,bebahac.a,,PHX,PhoenixAZ,,,Arizona,
cb.a,f.a,cabcbccb.a,,bjdjd.a,WN,,eibc.a,bciij.a,bciijad.a,,LAS,LasVegasNV,NV,dc.a,Nevada,if.a
da.a,,cabcbcda.a,AA,bjiaf.a,AA,NdHNAA,,,bbcjiad.a,,DFW,Dallas/FortWorthTX,TX,,Texas,he.a
cc.a,g.a,,,cadae.a,OO,,eejh.a,bbgei.a,bbgeiac.a,,,KalispellMT,MT,da.a,Montana,ie.a
,d.a,cabcbcaf.a,,cadgg.a,EV,Nbfjbc,gbii.a,bbbeg.a,bbbegad.a,dbbeg.a,,,WV,fe.a,,dj.a
,g.a,,,cadji.a,MQ,NgehMQ,chgc.a,bachj.a,bachjad.a,dachj.a,,AmarilloTX,TX,ei.a,,he.a
,h.a,cabcbcaj.a,FL,caedh.a,FL,NjjbAT,fij.a,bbedd.a,,dbcjf.a,,,MI,cg.a,Michigan,ed.a
b.a,g.a,,,cadae.a,,NgdaSK,efjf.a,,beigjad.a,degbe.a,SLC,SaltLakeCityUT,,ej.a,,
cj.a,,cabcbccj.a,DL,bjhja.a,DL,NjgfDL,,badjh.a,,,,,GA,,Georgia,de.a
bi.a,c.a,cabcbcbi.a,WN,bjdjd.a,,,bagc.a,beghj.a,beghjad.a,,SAN,SanDiegoCA,,g.a,California,
,e.a,,,cadji.a,MQ,,efea.a,bcjfd.a,bcjfdac.a,dbhad.a,,NewYorkNY,,dg.a,NewYork,cc.a
ba.a,b.a,cabcbcba.a,WN,bjdjd.a,WN,NhihSA,icb.a,baecd.a,baecdac.a,daecd.a,AUS,AustinTX,TX,ei.a,,he.a
f.a,d.a,,,bjjhh.a,UA,NejbUA,hhi.a,,bccgeac.a,daifc.a,IAD,,VA,,Virginia,di.a
e.a,c.a,cabcbcae.a,WN,bjdjd.a,WN,NdfcSW,hje.a,,bciijad.a,dccbb.a,LAS,LasVegasNV,NV,dc.a,Nevada,if.a
i.a,,cabcbcai.a,AA,bjiaf.a,AA,NfgeAA,,,bbcjiad.a,dabje.a,DFW,Dallas/FortWorthTX,TX,,Texas,he.a
j.a,h.a,,UA,bjjhh.a,UA,Ndgceh,bda.a,,bccggad.a,dbefd.a,IAH,HoustonTX,TX,,Texas,he.a
,f.a,cabcbcah.a,,cadgg.a,EV,NhfdEV,ffib.a,bbedd.a,bbeddac.a,dbcjf.a,,,MI,cg.a,Michigan,ed.a
,e.a,cabcbcca.a,,caedh.a,FL,,bhg.a,bahcb.a,bahcbac.a,dahcb.a,,BostonMA,MA,cf.a,Massachusetts,bd.a
bj.a,,cabcbcbj.a,AA,bjiaf.a,AA,,,bdjda.a,bdjdaac.a,,ORD,,IL,,Illinois,
bg.a,h.a,cabcbcbg.a,US,cadff.a,US,,caec.a,bbchi.a,bbchiac.a,daifc.a,DCA,,VA,fb.a,,di.a
d.a,b.a,cabcbcad.a,YV,cadhi.a,YV,NjahFJ,cicb.a,bebah.a,,daegg.a,PHX,PhoenixAZ,,e.a,Arizona,
ch.a,e.a,cabcbcch.a,,bjdjd.a,WN,NjbaWN,egca.a,bbedd.a,,,DTW,,MI,cg.a,Michigan,ed.a
bc.a,,cabcbcbc.a,DL,bjhja.a,DL,NjbaDN,,bdeih.a,,dbgfa.a,,MinneapolisMN,,ch.a,Minnesota,
,b.a,cabcbcbh.a,FL,caedh.a,FL,,bji.a,baicb.a,baicbad.a,daifc.a,,,MD,ce.a,Maryland,df.a
j.a,h.a,,UA,bjjhh.a,UA,NicgUA,fci.a,bccgg.a,bccggad.a,dbefd.a,IAH,HoustonTX,TX,,Texas,he.a
bi.a,c.a,cabcbcbi.a,WN,bjdjd.a,WN,,ddga.a,bbcjc.a,bbcjcac.a,,DEN,DenverCO,CO,i.a,Colorado,ic.a
h.a,,cabcbcah.a,DL,bjhja.a,DL,NgbdDL,,,badjhaf.a,dadjh.a,,,GA,,Georgia,de.a
bf.a,g.a,,,cadae.a,OO,NcjfSW,gdfj.a,,bdehgac.a,dejcc.a,,MontereyCA,,g.a,California,
,h.a,cabcbcac.a,EV,cadgg.a,EV,NjceEV,,bacai.a,,dacai.a,,,GA,bd.a,Georgia,de.a
,f.a,cabcbccb.a,,cadgg.a,,,efei.a,beejc.a,beejcac.a,deejc.a,RDU,,,dh.a,NorthCarolina,
,f.a,,,cadji.a,MQ,NgegMQ,chjj.a,bbcji.a,bbcjiad.a,dabje.a,,Dallas/FortWorthTX,TX,ei.a,,he.a
,b.a,cabcbcce.a,Fj,caedg.a,Fj,,dhh.a,bddec.a,bddecaf.a,dddec.a,,MilwaukeeWI,,ff.a,,ef.a
g.a,e.a,,,bjjhh.a,,NegbUA,cii.a,,bfdaeac.a,ddbjf.a,TPA,,FL,,Florida,dd.a
,d.a,cabcbcbj.a,,cadgg.a,EV,,ejbe.a,bbhhi.a,bbhhiab.a,dbhhi.a,,FortSmithAR,AR,f.a,Arkansas,hb.a
bh.a,b.a,cabcbcbh.a,YV,cadhi.a,YV,,dhgg.a,bbedd.a,bbeddac.a,dbcjf.a,DTW,,MI,cg.a,Michigan,ed.a
ci.a,f.a,,,cadae.a,OO,NiigAS,cjjd.a,bebah.a,bebahac.a,,,PhoenixAZ,,e.a,Arizona,
cb.a,f.a,,,cadae.a,OO,,fdhg.a,bbgdi.a,bbgdiae.a,,,FresnoCA,CA,g.a,California,jb.a
,h.a,,MQ,cadji.a,,,eedf.a,beejc.a,beejcac.a,deejc.a,RDU,,,dh.a,NorthCarolina,
i.a,g.a,,,cadae.a,OO,NcdgSW,gegg.a,bcedg.a,bcedgac.a,dcedg.a,,InyokernCA,CA,g.a,California,jb.a
,b.a,cabcbcbh.a,EV,cadgg.a,EV,,,bcjfb.a,bcjfbac.a,dcjfb.a,,LafayetteLA,LA,cc.a,Louisiana,hc.a
bi.a,c.a,,OO,cadae.a,OO,,cjgf.a,bdehg.a,bdehgac.a,dejcc.a,,MontereyCA,,g.a,California,
bi.a,c.a,,OO,cadae.a,OO,,gefc.a,bcijc.a,bcijcad.a,,,LosAngelesCA,CA,g.a,California,jb.a
bg.a,h.a,,UA,bjjhh.a,UA,,dfh.a,bdjda.a,bdjdaac.a,dajhh.a,ORD,,IL,,Illinois,
g.a,e.a,,,bjjhh.a,UA,Ncdhcb,bchg.a,baecd.a,baecdac.a,daecd.a,AUS,AustinTX,TX,,Texas,he.a
,e.a,cabcbcca.a,,caedg.a,Fj,,ebd.a,bbcjc.a,bbcjcac.a,dadcf.a,,DenverCO,CO,i.a,Colorado,ic.a
,h.a,cabcbcbg.a,EV,cadgg.a,EV,NhdiEV,,badjh.a,badjhaf.a,dadjh.a,,,GA,bd.a,Georgia,de.a
b.a,g.a,cabcbcab.a,WN,bjdjd.a,WN,NjaeWN,bjhg.a,bddec.a,bddecaf.a,dddec.a,MKE,MilwaukeeWI,,ff.a,,ef.a
,e.a,,,cadji.a,MQ,NgbdMQ,djdf.a,,bdjdaac.a,dajhh.a,,,IL,bh.a,Illinois,
h.a,f.a,cabcbcah.a,,bjdjd.a,WN,NffgWN,jgg.a,,bdcdcac.a,dajhh.a,MDW,,IL,bh.a,Illinois,eb.a
b.a,g.a,cabcbcab.a,,bjdjd.a,WN,NhfcSW,dfej.a,bbecd.a,bbecdad.a,dbecd.a,DSM,DesMoinesIA,IA,bj.a,Iowa,gb.a
cg.a,d.a,,,cadae.a,OO,,ejhd.a,bccgg.a,bccggad.a,,,HoustonTX,TX,ei.a,,he.a
h.a,f.a,cabcbcah.a,,bjdjd.a,,NdcdSW,jjd.a,,beijdac.a,ddbjc.a,SMF,SacramentoCA,,g.a,California,jb.a
cc.a,g.a,cabcbccc.a,,cadff.a,US,,bjcf.a,baicb.a,baicbad.a,,BWI,,MD,ce.a,Maryland,df.a
bb.a,c.a,cabcbcbb.a,US,cadff.a,US,NefiUW,hbi.a,,bddadad.a,dcegh.a,MIA,MiamiFL,,bc.a,Florida,dd.a
g.a,,cabcbcag.a,DL,bjhja.a,DL,NdedNW,,,bebahac.a,daegg.a,,PhoenixAZ,,,Arizona,
cb.a,,cabcbbcb.a,AA,bjiaf.a,AA,,,badjh.a,badjhaf.a,,ATL,,GA,,Georgia,de.a
ch.a,,cabcbcch.a,AA,bjiaf.a,AA,NdcdAA,,,bcijcad.a,,LAX,LosAngelesCA,CA,,California,jb.a
ch.a,e.a,,,bjjhh.a,,NecgUA,dah.a,,bfdaeac.a,,TPA,,FL,,Florida,dd.a
ci.a,f.a,,,bjjhh.a,,NeicUA,hfb.a,,beejcac.a,,RDU,,,,NorthCarolina,
bb.a,c.a,,OO,cadae.a,OO,NeefSW,efcc.a,,bbgeiac.a,dbgei.a,,KalispellMT,MT,da.a,Montana,ie.a
d.a,b.a,,UA,bjjhh.a,UA,NfceUA,ghg.a,,bcijcad.a,dcfhf.a,LAX,LosAngelesCA,CA,,California,jb.a
cj.a,g.a,,,bjjhh.a,UA,Ndheai,behj.a,,bbaecac.a,,CLE,ClevelandOH,OH,,Ohio,ee.a
db.a,b.a,cabcbcdb.a,YV,cadhi.a,YV,NjbhFJ,cgib.a,befce.a,,defce.a,RIC,,,fb.a,,
,b.a,cabcbcba.a,FL,caedh.a,FL,NjiaAT,edc.a,bddec.a,,dddec.a,,MilwaukeeWI,,ff.a,,
g.a,,cabcbcag.a,DL,bjhja.a,DL,NdhfbB,,,badjhaf.a,dadjh.a,,,GA,bd.a,Georgia,de.a
cg.a,d.a,,,bjjhh.a,UA,,gcg.a,bceeb.a,bceebac.a,,JAC,JacksonWY,WY,,Wyoming,ii.a
be.a,,cabcbcbe.a,DL,bjhja.a,DL,NjieDL,,bahjc.a,,dahjc.a,,BuffaloNY,NY,dg.a,NewYork,cc.a
ca.a,e.a,,,cadae.a,OO,,efaf.a,bagch.a,bagchac.a,,,Bismarck/MandanND,ND,di.a,NorthDakota,gg.a
,d.a,,,cadji.a,MQ,NifiMQ,cifb.a,bbcji.a,bbcjiad.a,dabje.a,,Dallas/FortWorthTX,TX,ei.a,,he.a
,g.a,cabcbcai.a,,caedg.a,Fj,NjdeFR,ifb.a,bbedd.a,,dbcjf.a,,,MI,cg.a,Michigan,ed.a
db.a,,cabcbcdb.a,WN,bjdjd.a,WN,NhabGS,cjib.a,bcijc.a,bcijcad.a,dcfhf.a,LAX,LosAngelesCA,CA,g.a,California,jb.a
,g.a,cabcbccj.a,FL,caedh.a,FL,NdfdAT,bce.a,,badjhaf.a,dadjh.a,,,GA,bd.a,Georgia,de.a
g.a,e.a,,,cadae.a,OO,NgbdSK,ehab.a,,bcijcad.a,dcfhf.a,,LosAngelesCA,CA,g.a,California,jb.a
,h.a,cabcbcac.a,EV,cadgg.a,EV,Nbcbhc,,bbgbi.a,bbgbiac.a,dbhad.a,,NewarkNJ,,de.a,NewJersey,cb.a
j.a,,cabcbcaj.a,DL,bjhja.a,DL,NdjhDA,,,bbeddac.a,dbcjf.a,,,MI,cg.a,Michigan,ed.a
ba.a,,cabcbcba.a,DL,bjhja.a,DL,NhcdTW,,bcehi.a,bcehiac.a,dbhad.a,,NewYorkNY,,,NewYork,cc.a
ba.a,b.a,cabcbcba.a,WN,bjdjd.a,WN,NidccX,baa.a,bdcdc.a,bdcdcac.a,dajhh.a,MDW,,IL,bh.a,Illinois,eb.a
f.a,,cabcbcaf.a,AA,bjiaf.a,AA,NejdAA,,,bbcjiad.a,dabje.a,DFW,Dallas/FortWorthTX,TX,,Texas,he.a
ci.a,f.a,cabcbcci.a,,bjdjd.a,WN,NdgcSW,dabe.a,,bbfeaad.a,,ELP,ElPasoTX,TX,ei.a,,he.a
bh.a,b.a,cabcbcbh.a,YV,cadhi.a,YV,,ciei.a,bebah.a,bebahac.a,daegg.a,PHX,PhoenixAZ,,e.a,Arizona,
cb.a,f.a,,,cadae.a,OO,,eeji.a,bagca.a,bagcaac.a,,,BillingsMT,MT,da.a,Montana,ie.a
i.a,g.a,cabcbcai.a,WN,bjdjd.a,WN,NjdiWN,cidi.a,bdifb.a,,ddifb.a,OKC,OklahomaCityOK,,ea.a,Oklahoma,
ci.a,f.a,cabcbcci.a,,caeaj.a,Bg,NgefJB,ebf.a,bahcb.a,bahcbac.a,,BOS,BostonMA,MA,cf.a,Massachusetts,bd.a
cg.a,d.a,cabcbccg.a,,bjjda.a,AS,NhgiAS,bfb.a,bdjha.a,bdjhaac.a,,OTZ,KotzebueAK,AK,,Alaska,
d.a,,cabcbcad.a,AA,bjiaf.a,AA,NfDLAA,,,bbcjiad.a,dabje.a,DFW,Dallas/FortWorthTX,TX,,Texas,he.a
ce.a,b.a,cabcbcce.a,Bg,caeaj.a,Bg,,,bdcae.a,bdcaeac.a,,MCO,OrlandoFL,,bc.a,Florida,dd.a
h.a,f.a,cabcbcah.a,,cadff.a,US,NhhaUW,cbgb.a,bcjfd.a,bcjfdac.a,dbhad.a,LGA,NewYorkNY,,dg.a,NewYork,cc.a
cb.a,f.a,cabcbccb.a,,cadff.a,US,,bej.a,bebah.a,bebahac.a,,PHX,PhoenixAZ,,e.a,Arizona,
cg.a,d.a,cabcbccg.a,WN,bjdjd.a,WN,NjabWN,ddjc.a,bdijb.a,bdijbab.a,,ONT,OntarioCA,,g.a,California,
cf.a,c.a,cabcbccf.a,WN,bjdjd.a,WN,,bead.a,baicb.a,baicbad.a,,BWI,,MD,ce.a,Maryland,df.a
cg.a,d.a,,UA,,,Nhifbb,bcjb.a,behhb.a,behhbab.a,,SFO,SanFranciscoCA,CA,,California,
cc.a,,cabcbccc.a,AA,bjiaf.a,AA,,,bbcji.a,bbcjiad.a,,DFW,Dallas/FortWorthTX,TX,,Texas,he.a
bj.a,d.a,,OO,cadae.a,OO,,fbfj.a,becgc.a,becgcac.a,,,PalmSpringsCA,,g.a,California,
bg.a,h.a,,UA,bjjhh.a,UA,NiedUA,gab.a,bbchi.a,bbchiac.a,daifc.a,DCA,,VA,fb.a,,di.a
e.a,,cabcbcae.a,DL,bjhja.a,DL,NjaeDE,,badjh.a,badjhaf.a,dadjh.a,,,GA,,Georgia,de.a
,d.a,cabcbcbc.a,EV,cadgg.a,,Neijab,,,beejcac.a,deejc.a,RDU,,,dh.a,NorthCarolina,
b.a,g.a,cabcbcab.a,,bjdjd.a,,NdffSW,bigb.a,,bfabgad.a,dbbcd.a,STL,St.LouisMO,MO,cj.a,Missouri,ge.a
ch.a,,cabcbcch.a,AA,bjiaf.a,AA,NdHGAA,,,bcehiac.a,,JFK,NewYorkNY,,,NewYork,cc.a
cb.a,f.a,cabcbccb.a,,cadff.a,US,,bedi.a,badjh.a,badjhaf.a,,ATL,,GA,bd.a,Georgia,de.a
bi.a,c.a,cabcbcbi.a,WN,bjdjd.a,WN,,dhaf.a,bdcae.a,bdcaeac.a,,MCO,,,bc.a,Florida,dd.a
ce.a,b.a,cabcbcce.a,AS,bjjda.a,,,,beheh.a,behehad.a,,SEA,SeattleWA,WA,,Washington,
ci.a,f.a,cabcbcci.a,,caeaj.a,Bg,NfbaJB,hdh.a,,bdcaeac.a,,MCO,,,bc.a,Florida,dd.a
bd.a,e.a,cabcbcbd.a,,bjdjd.a,WN,NeihWN,bbg.a,,baecdac.a,daecd.a,AUS,AustinTX,TX,ei.a,,he.a
bb.a,c.a,cabcbcbb.a,AS,bjjda.a,AS,NhjdAS,,bdijb.a,bdijbab.a,dcfhf.a,ONT,OntarioCA,,,California,
j.a,h.a,cabcbcaj.a,WN,bjdjd.a,WN,NfcdSW,cjdi.a,,bbbeaac.a,dbbea.a,CRP,CorpusChristiTX,TX,ei.a,,he.a
da.a,h.a,,OO,cadae.a,OO,NefdSW,egfd.a,,bbijiac.a,,,GrandForksND,ND,di.a,NorthDakota,gg.a
db.a,b.a,cabcbcdb.a,US,cadff.a,US,NiaeAW,ggc.a,bebah.a,bebahac.a,daegg.a,PHX,PhoenixAZ,,e.a,Arizona,
b.a,,cabcbbab.a,AA,bjiaf.a,AA,NgdbAA,,,bdjdaac.a,dajhh.a,ORD,,IL,,Illinois,
,d.a,,,cadji.a,MQ,,dghi.a,bbcjc.a,bbcjcac.a,dadcf.a,,DenverCO,CO,i.a,Colorado,ic.a
cg.a,,cabcbccg.a,DL,bjhja.a,DL,,,badjh.a,badjhaf.a,,,,GA,,Georgia,de.a
d.a,,cabcbbad.a,AA,bjiaf.a,AA,NfciAA,,,bbcjiad.a,dabje.a,DFW,Dallas/FortWorthTX,TX,,Texas,he.a
cb.a,f.a,cabcbccb.a,,bjdjd.a,WN,,dhii.a,bcbjb.a,bcbjbac.a,,HOU,HoustonTX,TX,ei.a,,he.a
