FName str,LName str,Gender str,AreaCode int,Phone str,City str,State str,Zip int,MaritalStatus str,HasChild str,Salary int,Rate float,SingleExemp float,MarriedExemp float,ChildExemp float
,,F,701.0,163-9973,,ND,,S,Y,30000.0,,3300.0,0.0,3300.0
,,,802.0,698-3590,BURLINGTON,,5401.0,M,Y,60000.0,4.1988535,0.0,6600.0,
,Beke,F,,619-2334,CORNISH,UT,84308.0,M,,25000.0,7.0,0.0,4950.0,
,Tawfik,M,,466-1171,,,,S,Y,20000.0,,1300.0,0.0,
,Khetawat,F,417.0,131-3931,REPUBLIC,MO,,,Y,40000.0,,2100.0,0.0,
,Claire,,347.0,721-3742,NEW YORK,NY,10268.0,,Y,100000.0,,0.0,0.0,
,,,731.0,666-7840,FLINTVILLE,TN,37335.0,S,N,5000.0,0.0,0.0,0.0,
,Uckun,F,,605-9466,MOUNTAIN VIEW,HI,,,N,75000.0,8.25,1040.0,0.0,
,Motwani,F,980.0,848-4643,POTECASI,,,,Y,100000.0,7.8304195,,,
,Deineko,M,402.0,865-6591,BELVIDERE,NE,68315.0,M,Y,60000.0,6.84,0.0,206.0,
,Duparc,F,,587-2027,CARR,CO,80612.0,S,N,15000.0,4.63,0.0,0.0,
,Zullighoven,F,907.0,889-8447,KASILOF,,99610.0,,N,70000.0,0.0,0.0,0.0,
,Comyn,F,,404-9902,NAALEHU,,96772.0,,Y,35000.0,7.3486843,0.0,2080.0,
,Lindenbaum,M,870.0,,ALTUS,AR,,S,,,7.0,20.0,,
,Kipnis,F,443.0,,WEST RIVER,,,S,N,,4.75,2400.0,0.0,
,Pagter,F,939.0,,MANATI,PR,,,Y,,0.0,,,
,,F,818.0,112-1701,FELLOWS,CA,93224.0,M,N,35000.0,7.7709284,0.0,174.0,
,,F,603.0,,BARNSTEAD,NH,3218.0,S,N,,,0.0,0.0,
,,F,517.0,,HOWELL,MI,,,Y,,3.9,3100.0,0.0,
,,F,651.0,,ANGLE INLET,,,S,Y,,6.3900213,3300.0,0.0,
,Surya,M,,616-2532,,DE,,M,Y,15000.0,2.8818183,,,
,,M,551.0,724-1961,,NJ,,M,Y,15000.0,1.4,,2000.0,
,Malolepszy,M,907.0,910-1881,ANCHORAGE,,99510.0,M,Y,55000.0,0.0,0.0,,
,Lucks,,,583-5483,,NJ,7702.0,M,N,45000.0,1.7942708,0.0,,
,Jolfaei,M,,595-1516,CALDWELL,AR,72322.0,M,,35000.0,7.0,0.0,40.0,
,,F,501.0,134-4359,PINEVILLE,,72566.0,,Y,90000.0,7.0,0.0,40.0,
,Kawakami,,878.0,202-9679,,,16601.0,M,Y,60000.0,,0.0,0.0,
,,M,719.0,840-8003,FORT LUPTON,CO,80621.0,M,N,95000.0,,0.0,0.0,
,Gerke,F,,630-9271,EUFAULA,,,S,Y,10000.0,,1500.0,0.0,
,Middleton,F,,363-3684,,WY,,M,Y,60000.0,0.0,,,
,Michailidis,M,,367-3449,MERIDIAN,ID,,,N,50000.0,7.8,,,
,Devesa,F,,282-6761,,IN,,S,,40000.0,,1000.0,0.0,
,Kroll,,315.0,,DEER PARK,NY,11729.0,M,N,,4.272256,0.0,,
,,M,580.0,798-1694,WARNER,,74469.0,M,N,50000.0,6.25,0.0,2000.0,
,Sessa,F,919.0,,WINSTON SALEM,NC,,S,Y,,7.305944,,,
,,F,605.0,,,,57354.0,S,Y,,,0.0,0.0,
,Busillo,M,856.0,,,NJ,,S,N,,,1000.0,0.0,
,Schend,M,479.0,851-3156,FORREST CITY,,,M,Y,20000.0,4.9682083,,,
,,F,803.0,,SWANSEA,,,S,N,,,3300.0,0.0,
,,,769.0,659-1774,ETTA,MS,38627.0,M,N,50000.0,5.0,0.0,12000.0,
,Bertilsson,F,406.0,,GREAT FALLS,MT,,S,N,,,1900.0,0.0,
,Yeap,,434.0,983-5738,DOLPHIN,VA,23843.0,M,,70000.0,5.75,0.0,1800.0,
,Rivard,M,408.0,,ALHAMBRA,CA,,S,Y,,9.3,,,
,Trivett,F,443.0,,BETHESDA,,,S,Y,,,2400.0,0.0,
,Melzak,F,208.0,,PINEHURST,ID,,,,,7.8,,,
,Knowles,M,,345-8649,HONOLULU,HI,,,N,60000.0,8.25,1040.0,,
,Petry,M,478.0,930-7660,GRAYSON,GA,,S,N,65000.0,6.0,,,
,Bhagavathi,M,337.0,174-9635,BATON ROUGE,LA,70891.0,M,,100000.0,6.0,0.0,9000.0,
,Jarzabek,,,464-9868,BROWNSVILLE,,38012.0,S,N,40000.0,,0.0,0.0,
,,M,618.0,969-5285,,IL,62963.0,M,N,30000.0,3.0,0.0,4000.0,
,,M,505.0,978-8287,,,88030.0,M,N,10000.0,3.2428572,0.0,6600.0,
,Can,M,,596-1844,GABLE,,,S,N,25000.0,,3300.0,0.0,
,Heemskerk,M,870.0,173-5525,,AR,,S,Y,15000.0,,20.0,0.0,
,Gammill,F,256.0,156-5986,BRANTLEY,AL,,S,N,10000.0,5.0,1500.0,0.0,
,Cheiner,,,537-5160,RALEIGH,NC,27690.0,,,20000.0,6.1520977,0.0,6600.0,
,Ballin,F,,291-9116,LOS ANGELES,CA,,,N,100000.0,9.3,87.0,0.0,
,Franzblau,F,,298-8689,,IL,,S,,95000.0,3.0,2000.0,0.0,
,Leonidas,M,307.0,671-7685,AUBURN,WY,83111.0,S,Y,35000.0,0.0,0.0,,
,Osterloh,M,202.0,144-4863,WASHINGTON,,,S,N,95000.0,9.0,,,
,Winters,F,,462-8357,VANDIVER,AL,,S,Y,80000.0,5.0,1500.0,0.0,
,Breuker,,,378-6942,GREEN BAY,WI,54303.0,M,,15000.0,4.707031,0.0,1400.0,
,Bergstra,F,857.0,981-2818,NATICK,,1760.0,,N,35000.0,5.3,0.0,7150.0,
,Ebeling,F,216.0,896-3824,,OH,,S,,95000.0,3.6995387,1300.0,0.0,
,,M,765.0,213-2549,,IN,,S,,65000.0,,1000.0,0.0,
,Pinckney,M,,527-2356,SALEM,MA,,,,80000.0,5.3,,,
Zhibin,,F,715.0,166-2135,MILWAUKEE,WI,,,N,50000.0,5.3151608,,0.0,0.0
,Kubera,M,,359-8771,,,,S,Y,90000.0,3.0,2000.0,,
,Shokrollahi,M,201.0,713-7145,,NJ,,S,,5000.0,1.4,,,
Felicity,Latyshev,F,307.0,133-1064,CHEYENNE,WY,82009.0,M,N,85000.0,0.0,0.0,,0.0
,Pelz,M,,333-1255,,IL,,S,Y,5000.0,3.0,,,
Xiaowei,,F,605.0,153-5365,MANDERSON,SD,,,,5000.0,0.0,,0.0,0.0
Houari,Zaimov,F,,394-9085,SPENCERVILLE,MD,,S,Y,40000.0,4.75,2400.0,0.0,2400.0
,Aso,M,401.0,686-2628,WESTERLY,RI,2891.0,S,,60000.0,0.0,0.0,0.0,
,Cippico,M,,378-4165,AUGUSTA,,,S,Y,20000.0,8.5,2850.0,0.0,
,Bail,M,,547-2497,CORDOVA,SC,,S,,15000.0,7.0,3300.0,0.0,
Constantine,,F,719.0,183-3382,PENROSE,CO,,,N,75000.0,4.63,,0.0,0.0
Kyosun,Dahlhaus,F,435.0,767-4129,SALT LAKE CITY,,84133.0,,N,30000.0,7.0,0.0,4950.0,0.0
Keiji,Kennamer,F,,423-1116,LUXORA,,,,Y,70000.0,7.0,20.0,0.0,20.0
Angkul,Hamrick,F,,475-8528,METAIRIE,LA,,,Y,35000.0,6.0,4500.0,0.0,1000.0
,Stenstrom,M,,440-9174,,OH,,M,,90000.0,3.533564,,,
Wilmer,Brizzi,F,973.0,170-6348,,NJ,,S,,10000.0,1.4,1000.0,0.0,0.0
Keju,,F,828.0,874-7542,ROCKY MOUNT,,,,N,45000.0,6.6765733,,6600.0,0.0
Mei,Brolio,,,631-2873,DEANSBORO,,13328.0,S,N,100000.0,4.5329266,0.0,0.0,0.0
,Givens,M,308.0,787-2479,BELLEVUE,NE,68123.0,M,Y,20000.0,5.685643,0.0,206.0,
,Strothotte,M,325.0,821-4378,TOW,,,S,Y,20000.0,0.0,,,
,Kaio,M,,467-9996,LOS LUNAS,NM,87031.0,,,65000.0,5.3,0.0,6600.0,
,,M,605.0,240-9915,WESTPORT,,57481.0,M,Y,20000.0,0.0,0.0,0.0,
,Cestnik,M,308.0,162-8455,WESTON,,,S,Y,50000.0,6.84,103.0,0.0,
,Viehstaedt,M,920.0,713-4471,IRON BELT,,,,Y,55000.0,5.4020367,700.0,0.0,
,Fordan,M,,302-3147,MILESVILLE,SD,57553.0,,,55000.0,0.0,0.0,0.0,
,,M,605.0,808-3276,MURDO,SD,57559.0,,N,75000.0,0.0,0.0,0.0,
,Aue,,,529-5445,,IN,46291.0,M,Y,65000.0,3.4,0.0,2000.0,
Vinod,Olano,F,,557-5034,,ND,,M,,10000.0,2.1,,,0.0
Wassili,Marinissen,F,970.0,876-4713,CRESTED BUTTE,CO,81224.0,M,,55000.0,4.63,0.0,,0.0
,Simovich,M,,605-3763,DARLINGTON,MD,,M,N,15000.0,4.75,,,
,Keohane,,321.0,795-5178,CAPTIVA,,33924.0,S,N,15000.0,0.0,0.0,0.0,
Royce,Tagansky,F,,525-2037,,IN,,S,,65000.0,3.4,,,1000.0
Ramaswami,,F,512.0,860-3448,MISSOURI CITY,TX,77489.0,,,15000.0,0.0,0.0,0.0,0.0
Aikira,,F,480.0,946-1029,,AZ,,S,Y,10000.0,2.87,2100.0,0.0,2300.0
Puneet,Chown,F,,633-5699,GENESEE,ID,,S,,45000.0,7.8,3300.0,0.0,3300.0
,,M,718.0,931-9214,PORT EWEN,NY,,,Y,15000.0,4.040549,,0.0,
Zahi,Baroglio,F,,330-2516,BOSTON,MA,2266.0,M,N,95000.0,5.3,0.0,7150.0,0.0
,,M,769.0,987-8822,GEORGETOWN,MS,,S,Y,90000.0,5.0,6000.0,0.0,
Nobukazu,,F,504.0,870-6692,NORCO,,70079.0,,N,70000.0,6.0,0.0,9000.0,0.0
,Agius,M,401.0,139-1208,PROVIDENCE,,2901.0,,N,65000.0,0.0,0.0,0.0,
,Koblitz,M,307.0,252-2639,NATRONA,,82646.0,,N,5000.0,0.0,0.0,,
Xuemin,Rich,F,,520-5838,STUART,FL,,M,,45000.0,0.0,,,0.0
,Stanculescu,M,,275-5509,SAN DIEGO,CA,,,,35000.0,7.7709284,,,
,Hillebrand,M,,635-2640,CHINCOTEAGUE ISLAND,VA,,S,,65000.0,5.75,900.0,0.0,
Hussein,,F,770.0,808-9183,FAYETTEVILLE,GA,,M,Y,40000.0,6.0,,5400.0,3000.0
Cormac,Gradel,F,,615-9997,HARRISON,SD,57344.0,S,N,35000.0,0.0,0.0,0.0,0.0
,Aigrain,M,,453-3790,,,,S,Y,10000.0,1.7078737,40.0,0.0,
,Day,M,,460-9061,ORANGE,,1364.0,,N,65000.0,5.3,0.0,7150.0,
Pratap,,,662.0,752-3853,PINOLA,MS,39149.0,,,20000.0,5.0,0.0,12000.0,1500.0
Joydeep,,F,602.0,848-3705,,,,S,N,5000.0,2.87,2100.0,0.0,0.0
,Quiles,M,928.0,233-6405,GLENDALE,,,S,Y,75000.0,3.8775,,,
Nabih,,F,605.0,847-1442,OACOMA,,57365.0,,N,40000.0,0.0,0.0,0.0,0.0
,Hanata,M,401.0,262-2073,CENTRAL FALLS,RI,2863.0,S,N,25000.0,0.0,0.0,0.0,
Koppolu,Guiu,F,,307-1576,TOPEKA,,,S,Y,45000.0,6.45,2250.0,0.0,2250.0
,Walinsky,M,,448-3813,,VA,,S,Y,10000.0,3.875,900.0,0.0,
Kanwar,Holcombe,,,347-6780,MIAMI,,33299.0,,Y,60000.0,0.0,0.0,0.0,0.0
Masaki,Venkataraman,F,479.0,772-5434,WILMOT,,,S,N,40000.0,7.0,20.0,0.0,0.0
Shivraj,,F,610.0,886-2499,,PA,,M,,95000.0,3.07,,0.0,0.0
,Multari,M,,507-2751,DEXTER,,,S,N,25000.0,5.3,,,
,Thalheim,,,624-2917,BIRMINGHAM,AL,35228.0,M,Y,100000.0,5.0,0.0,3000.0,
,Bashandy,,,441-5820,,NJ,8902.0,M,N,70000.0,2.1885417,0.0,2000.0,
Keju,,,678.0,129-4683,EASTANOLLEE,,30538.0,M,Y,20000.0,6.0,0.0,5400.0,3000.0
,,,843.0,985-6808,CONWAY,SC,29526.0,M,,80000.0,7.0,0.0,6600.0,
Tulika,Massotte,,856.0,885-1737,,NJ,8816.0,M,,70000.0,2.1885417,0.0,,1500.0
,Muhammad,M,,453-6972,BRINNON,WA,,S,,30000.0,0.0,,,
,Kriegman,M,205.0,970-3645,BIRMINGHAM,AL,,S,N,100000.0,5.0,1500.0,,
,,M,787.0,983-7454,LOIZA,PR,,,Y,30000.0,0.0,,0.0,
Shinsuke,,F,808.0,175-1614,WAKE ISLAND,HI,96898.0,M,,100000.0,8.25,0.0,2080.0,1040.0
Steffen,Jacquet,,336.0,899-9741,GREENSBORO,NC,27413.0,M,,100000.0,7.8304195,0.0,6600.0,0.0
,Mallett,M,,264-1906,LAS VEGAS,NV,89164.0,,N,35000.0,0.0,0.0,,
Alistair,Deuel,F,270.0,654-9539,,KY,,S,Y,20000.0,2.9444444,20.0,0.0,20.0
,Gille,F,,523-8484,KANSAS CITY,,,,Y,40000.0,6.0,2100.0,0.0,
,Lapkowski,F,,448-8223,COLUMBIA,SC,,S,Y,60000.0,7.0,3300.0,,3300.0
Heping,Kaarela,,203.0,238-9416,NEW HAVEN,CT,6540.0,,N,80000.0,5.0,0.0,24500.0,0.0
,Raje,M,435.0,689-6436,OGDEN,UT,,,,100000.0,7.0,,,
HweeHwa,Dharanipragada,F,,364-7693,,IA,,S,N,10000.0,1.7078737,40.0,0.0,0.0
,Uhrik,M,,303-2845,OKLAHOMA CITY,,,,Y,40000.0,6.25,1000.0,0.0,
Tiziano,,F,774.0,757-5533,UPTON,MA,1568.0,M,,30000.0,5.3,0.0,7150.0,0.0
,Ruemmler,M,,534-5624,RALEIGH,NC,,,,30000.0,6.361888,,,
Polle,Zeidenstein,,,601-7062,FORT LAUDERDALE,FL,33323.0,S,,85000.0,0.0,0.0,0.0,0.0
Michinori,Rela,F,207.0,892-4041,LEWISTON,,,,Y,100000.0,8.5,,,2850.0
,,M,601.0,175-3083,SLEDGE,MS,,S,,100000.0,5.0,6000.0,0.0,
Alyson,,F,707.0,732-5199,POLLOCK PINES,CA,95726.0,,N,95000.0,9.3,0.0,174.0,0.0
,Dunbar,,,298-7683,HISEVILLE,KY,42152.0,,,50000.0,4.611111,0.0,40.0,
Nic,,F,559.0,732-9574,SACRAMENTO,,,,Y,80000.0,9.3,,174.0,272.0
Tuvi,Blumenrohr,,302.0,179-4141,NEWARK,DE,19716.0,,,95000.0,5.95,0.0,220.0,0.0
,Wouk,F,939.0,954-9457,SAN JUAN,,926.0,,Y,95000.0,0.0,0.0,0.0,
,Achilles,F,,627-5923,WHITEHALL,MT,,S,,50000.0,6.9,1900.0,0.0,
,Herbst,M,479.0,662-9190,FORT SMITH,AR,,S,,95000.0,7.0,20.0,0.0,
,Malaveta,F,,375-1331,FENWICK ISLAND,DE,,S,N,50000.0,5.268182,110.0,,
,Prevel,F,,407-3380,ATHENS,TN,,S,Y,20000.0,0.0,,,
,,F,802.0,703-3505,NORWICH,VT,,,N,50000.0,3.9998987,,0.0,
,Panagopoulos,M,207.0,788-7698,HARBORSIDE,ME,,S,Y,10000.0,4.5857663,,,
,Conte,,845.0,164-7741,SYRACUSE,,13235.0,S,N,50000.0,4.243293,0.0,0.0,
,Picton,F,202.0,694-7080,WASHINGTON,DC,,M,Y,45000.0,9.0,,,
,,F,719.0,965-9855,BOULDER,CO,80328.0,M,N,40000.0,4.63,0.0,0.0,
,Masiero,F,,591-8979,,IL,,S,,100000.0,3.0,2000.0,,
,,,662.0,898-7892,JAYESS,MS,39641.0,,,40000.0,5.0,0.0,12000.0,
,,M,785.0,697-6679,ABBYVILLE,,,S,Y,75000.0,6.45,2250.0,0.0,
,,M,718.0,887-2009,WALWORTH,,,M,Y,50000.0,4.243293,,0.0,
,Wunderlin,F,,622-2467,DEMOPOLIS,AL,,S,,40000.0,5.0,1500.0,0.0,
,,,612.0,781-7163,HAMPTON,MN,55031.0,M,,40000.0,6.3900213,0.0,6600.0,
,,F,626.0,259-2367,SAN DIEGO,CA,,,,25000.0,5.410157,87.0,0.0,
,Piperakis,F,217.0,937-9501,,,,M,N,30000.0,3.0,,,
Gill,,F,703.0,181-1130,RICHMOND,VA,,,Y,80000.0,5.75,900.0,0.0,900.0
,Soreide,M,308.0,166-1977,OMAHA,NE,,,Y,20000.0,5.685643,,,
,,M,505.0,925-6869,ALBUQUERQUE,NM,,S,,85000.0,5.3,3300.0,0.0,
,Hemaspaandra,,,446-2198,JACKSON,,39211.0,,Y,20000.0,5.0,0.0,12000.0,
,Kochskamper,M,207.0,677-5974,BLAINE,ME,,S,Y,95000.0,8.5,2850.0,,
,Krabbel,,304.0,155-3860,,,26275.0,M,Y,10000.0,3.0,0.0,,
,Ducret,M,351.0,814-7040,PROVINCETOWN,MA,,,,55000.0,5.3,3575.0,0.0,
,Ernst,M,208.0,145-9738,,ID,,S,N,5000.0,2.6903439,3300.0,0.0,
Terilyn,Balluchi,F,,536-5494,SELAH,WA,98942.0,,,10000.0,0.0,0.0,0.0,0.0
,,M,808.0,927-5597,SCHOFIELD BARRACKS,HI,,,,30000.0,6.447368,,0.0,
,Gaborit,M,270.0,669-9957,CROMONA,KY,,S,N,50000.0,4.611111,20.0,0.0,
,Kans,,,329-1561,WASHINGTON,DC,20216.0,M,,90000.0,9.0,0.0,2740.0,
Teri,Rembowski,F,405.0,781-8206,TULSA,OK,,S,,40000.0,6.25,,,0.0
Berry,,F,641.0,228-8060,OSKALOOSA,IA,,,Y,80000.0,8.98,,0.0,40.0
Jayadev,Demizu,,276.0,836-5028,GOLDVEIN,,22720.0,M,N,50000.0,5.75,0.0,1800.0,0.0
,,M,618.0,240-1541,,,,S,N,10000.0,3.0,2000.0,0.0,
,Malitz,,,389-8994,AURORA,MN,55705.0,M,,15000.0,5.35,0.0,,
Taizan,McCoy,F,402.0,702-1782,BURR,NE,68324.0,M,,65000.0,6.84,0.0,,0.0
,Kara,M,402.0,836-3044,OMAHA,NE,,,N,65000.0,6.84,103.0,0.0,
Djenana,,F,520.0,985-2017,POLACCA,AZ,86042.0,,Y,90000.0,4.11,0.0,4200.0,2300.0
,,M,504.0,100-7976,,LA,,S,N,15000.0,2.8,4500.0,0.0,
,Swartout,M,,636-6305,HORTENSE,,,,Y,100000.0,6.0,,,
,Brazdil,M,,357-4636,WAMSUTTER,WY,82336.0,S,Y,70000.0,0.0,0.0,0.0,
,Tarlescu,M,,522-7907,EVANSVILLE,WY,82636.0,M,N,20000.0,0.0,0.0,0.0,
,Wolf,M,864.0,789-4250,FLORENCE,SC,,S,Y,45000.0,7.0,3300.0,0.0,
Roded,Wavish,F,,624-7274,SHANNON,AL,,S,,35000.0,5.0,1500.0,0.0,0.0
Vram,,F,701.0,161-4229,,ND,,S,,95000.0,2.8569736,3300.0,0.0,3300.0
,Auletta,M,,493-3846,ALBUQUERQUE,NM,87195.0,M,,70000.0,5.3,0.0,6600.0,
Shaoyu,Rowen,F,,535-4739,,OH,,M,,25000.0,1.3758974,,,0.0
Spira,Will,,,273-3915,,OH,43767.0,M,,30000.0,1.5418718,0.0,2600.0,0.0
Lifeng,Rivett,F,228.0,771-9951,MERIDIAN,,,,N,40000.0,5.0,,,0.0
Nada,Strout,F,,398-5573,HELENA,,,M,N,50000.0,6.0,,,0.0
,,F,808.0,812-8815,KEALAKEKUA,,,,Y,95000.0,8.25,1040.0,0.0,
,Sensen,M,,600-7109,WINFRED,SD,,S,,100000.0,0.0,,,
Alexius,Deville,F,262.0,189-2425,HAWTHORNE,WI,,S,N,60000.0,5.488912,700.0,0.0,0.0
Saulo,,F,502.0,180-7770,FLATGAP,KY,,S,,75000.0,6.0,20.0,0.0,20.0
Rachida,Morrin,F,,447-5664,NEWARK,DE,,,,55000.0,5.609091,,,0.0
Phil,Erie,,440.0,937-9140,,,43942.0,M,Y,80000.0,3.2016153,0.0,2600.0,1300.0
Jaan,Simkin,F,,410-7372,,,,M,Y,30000.0,3.5,,,20.0
,Padget,M,412.0,957-4247,,PA,,M,,80000.0,3.07,,,
,Kornatzky,M,,384-3449,PRINGLE,SD,57773.0,,,65000.0,0.0,0.0,,
Kent,Crames,F,,323-2414,TULSA,,,S,Y,10000.0,6.25,1000.0,0.0,1000.0
Subhada,Tuminaro,F,,626-7505,HOISINGTON,KS,67544.0,,,25000.0,5.4666667,0.0,4500.0,0.0
Hosam,,F,775.0,999-7072,RENO,NV,89503.0,,Y,20000.0,0.0,0.0,0.0,0.0
,Chaturvedi,M,417.0,164-7458,KANSAS CITY,MO,,,N,70000.0,6.0,2100.0,0.0,
Hyungjeong,,F,702.0,774-9221,RUTH,NV,89319.0,,Y,50000.0,0.0,0.0,0.0,0.0
Adelinde,Torelli,F,,646-2362,MICHIGAN CITY,MS,,,N,65000.0,5.0,6000.0,0.0,0.0
,Lueh,M,,464-4898,WARREN,NH,3279.0,S,,15000.0,0.0,0.0,,
,Peck,M,,422-2209,TRIMBLE,,,M,Y,15000.0,0.0,,,
Zhiming,Kaklamani,F,,422-6400,SMITH,NV,89430.0,M,Y,30000.0,0.0,0.0,0.0,0.0
Zhenyi,Galdes,,,355-2344,REMSENBURG,NY,11960.0,,Y,45000.0,4.2143292,0.0,0.0,1000.0
,Salverda,M,413.0,994-5750,OAK BLUFFS,MA,,,,80000.0,5.3,,,
,,,717.0,205-4454,,PA,17702.0,S,,65000.0,3.07,0.0,0.0,
Werasak,,,515.0,734-9027,SHENANDOAH,IA,51601.0,M,,70000.0,8.98,0.0,80.0,40.0
,,M,504.0,725-7269,FENTON,LA,70640.0,M,N,80000.0,6.0,0.0,9000.0,
,Cedeno,M,,625-4782,WATERFORD,,,S,Y,30000.0,8.5,2850.0,0.0,
Isabella,Lavrac,F,360.0,131-3926,VANCOUVER,,98662.0,S,N,50000.0,0.0,0.0,,0.0
Soraja,,F,808.0,853-5536,SCHOFIELD BARRACKS,HI,,,,65000.0,8.25,1040.0,0.0,0.0
Michaela,Pols,F,,558-7430,,,,S,N,20000.0,3.2227273,,,0.0
,Mitter,M,,571-4980,SALT LAKE CITY,UT,,,N,60000.0,7.0,,,
Jengwei,Bidwell,,207.0,893-2215,WEST FORKS,,4985.0,M,Y,50000.0,8.5,0.0,5700.0,2850.0
Yehea,Priebe,F,240.0,940-8866,SILVER SPRING,MD,,M,,65000.0,4.75,,,2400.0
Berend,Vauttier,F,,644-1913,LAS CRUCES,NM,88013.0,,N,20000.0,5.3,0.0,6600.0,0.0
Lily,,F,787.0,991-5668,VIEQUES,,765.0,S,N,10000.0,0.0,0.0,0.0,0.0
,,M,808.0,887-2712,LANAI CITY,,,,N,40000.0,8.25,,0.0,
,,M,775.0,973-4931,SILVERPEAK,NV,89047.0,S,N,65000.0,0.0,0.0,0.0,
,,M,712.0,794-8944,SIOUX CENTER,IA,,S,,55000.0,8.65488,40.0,0.0,
Deepak,Dimitriev,,,550-4466,IRON STATION,NC,28080.0,,Y,50000.0,6.7814684,0.0,6600.0,3300.0
,,,810.0,654-6473,FLINT,MI,48555.0,M,N,90000.0,3.9,0.0,6200.0,
,Bod,M,,396-6238,HELENA,MT,59604.0,M,Y,30000.0,6.9,0.0,3800.0,
,Stanfel,M,,485-2893,COLUMBUS,,,S,N,30000.0,5.0,,,
,Tabet,M,,383-5244,RATCLIFF,AR,,,,85000.0,7.0,,,
Pranjal,,,731.0,142-6226,RIDDLETON,TN,37151.0,,,75000.0,0.0,0.0,0.0,0.0
,,M,510.0,718-3284,ELDRIDGE,,95431.0,M,N,100000.0,9.3,0.0,174.0,
Djenana,Peuto,F,330.0,807-6218,,OH,,S,N,35000.0,1.7078462,,,0.0
,Nitzan,M,316.0,100-3309,TOWANDA,KS,,M,N,20000.0,4.483333,,,
,,M,636.0,103-6038,SMITHVILLE,,,S,Y,40000.0,6.0,2100.0,0.0,
,McDonnell,M,971.0,137-3613,CRABTREE,OR,,S,Y,45000.0,9.0,159.0,,
,Borgstrom,M,,263-4266,GARFIELD,,,S,Y,15000.0,4.957143,3300.0,0.0,
,Meuser,M,,494-7925,DOVER,NH,3822.0,M,Y,85000.0,0.0,,,
,Miculan,M,307.0,898-8197,NEWCASTLE,WY,82701.0,,N,75000.0,0.0,,,
,Bishr,M,,509-8755,PAGE,NE,68766.0,,Y,70000.0,6.84,0.0,206.0,
,Crosby,,,602-7181,,,17060.0,S,Y,35000.0,3.07,0.0,0.0,
,,,765.0,892-9282,,IN,46034.0,M,N,35000.0,3.4,0.0,2000.0,
,Bednarek,F,,289-4305,OREGON CITY,OR,,,Y,40000.0,9.0,159.0,0.0,
,Bitter,M,251.0,697-8297,FLORENCE,AL,,S,Y,35000.0,5.0,1500.0,0.0,
,Basermann,F,,370-1027,FENWICK ISLAND,,,S,Y,70000.0,5.95,110.0,0.0,
,Kriegel,M,262.0,677-9606,ELROY,,,S,Y,85000.0,5.9232907,700.0,,
,Vetterli,F,,464-2970,VENTURA,IA,,S,,90000.0,8.98,40.0,0.0,
,Hadon,,201.0,121-4882,,,7420.0,M,N,85000.0,2.4251041,0.0,2000.0,
,Reed,M,307.0,159-4606,BASIN,WY,82410.0,M,N,70000.0,0.0,,,
,Fischetti,F,316.0,912-3038,REXFORD,KS,67753.0,,Y,75000.0,6.45,0.0,4500.0,
,Isenberg,,,523-8195,RADFORD,VA,24142.0,,N,25000.0,5.75,0.0,1800.0,
,Feeley,F,,382-3683,TWIN LAKE,,,S,Y,30000.0,3.9,3100.0,0.0,
,Grana,,,335-3902,DUBUQUE,IA,52099.0,M,,75000.0,8.98,0.0,80.0,
,Dunki,F,312.0,909-4692,,IL,,S,N,80000.0,3.0,2000.0,0.0,
,Marchok,M,,572-5239,SHREVEPORT,LA,71129.0,M,,25000.0,6.0,0.0,,
,,M,702.0,823-2457,LAS VEGAS,NV,89185.0,,N,40000.0,0.0,0.0,0.0,
,Nepomnjashchaja,F,870.0,897-9553,BRADLEY,AR,71826.0,S,N,20000.0,4.9682083,,,
,Azzam,M,,553-3979,OAK CITY,,84649.0,,N,85000.0,7.0,0.0,4950.0,
,,M,503.0,145-6689,TILLAMOOK,,97141.0,M,Y,35000.0,9.0,,318.0,
,,F,603.0,168-6719,JEFFERSON,NH,3583.0,,Y,35000.0,0.0,0.0,0.0,
,Brazier,M,,447-2625,MONTICELLO,,,,Y,85000.0,7.85,3300.0,0.0,
,,M,501.0,844-8714,DE QUEEN,,71832.0,M,N,70000.0,7.0,0.0,40.0,
,Konstam,M,,539-3890,,NJ,,S,,95000.0,2.5828125,1000.0,,
,McWilliams,,,278-3552,BOLIVAR,,38008.0,M,N,45000.0,0.0,,,
,Varney,M,,366-5903,,ND,58079.0,M,Y,5000.0,2.1,0.0,6600.0,
,,,612.0,666-8187,SAINT PAUL,MN,55102.0,,Y,75000.0,7.85,,6600.0,
Seungwang,Hylton,F,907.0,937-8864,KOYUK,AK,99753.0,,,10000.0,0.0,0.0,0.0,0.0
Suresh,Tomas,F,,511-4200,SLIDELL,TX,76267.0,M,,15000.0,0.0,0.0,0.0,0.0
Gisela,Tayara,F,,480-5560,HOME,KS,66438.0,,Y,40000.0,6.45,0.0,4500.0,2250.0
Pinaki,Halevi,,,355-5428,MAURY CITY,TN,38050.0,,N,65000.0,0.0,0.0,0.0,0.0
,Bacciotti,,980.0,961-2574,REIDSVILLE,NC,27323.0,,,30000.0,6.361888,0.0,6600.0,
,Lanzarone,M,907.0,782-9117,INDIAN,AK,99540.0,,Y,55000.0,0.0,0.0,,
,Reistad,,,508-6766,MAPLE,NC,27956.0,,N,65000.0,7.0961537,,,
,,M,501.0,166-5993,PALESTINE,AR,72372.0,,Y,75000.0,7.0,0.0,40.0,
,Nedjah,M,,408-5162,PAOLI,OK,73074.0,,,30000.0,6.25,,,
,Scheibelhut,M,,531-2270,BOYES,,59316.0,S,N,85000.0,6.9,,,
,Narendra,,941.0,125-6928,LAKE WORTH,,33466.0,,N,40000.0,0.0,,,
Mirna,,F,775.0,938-8384,MINA,,89422.0,,N,25000.0,0.0,,0.0,0.0
Emmett,Undy,,,515-2989,PHENIX CITY,AL,36867.0,,Y,50000.0,5.0,0.0,3000.0,300.0
,Ahanger,M,202.0,916-8804,WASHINGTON,,,S,Y,40000.0,9.0,1370.0,0.0,
Mamata,,F,775.0,676-8853,THE LAKES,,88901.0,M,N,10000.0,0.0,,0.0,0.0
Dario,,F,515.0,127-4703,CEDAR FALLS,IA,,S,Y,80000.0,8.98,40.0,0.0,40.0
,,,606.0,223-7688,BROWDER,KY,42326.0,S,,75000.0,6.0,,0.0,
,,M,802.0,133-9786,,VT,,S,,15000.0,3.6,3300.0,0.0,
Yongfei,Yaku,F,425.0,832-3275,MONROE,WA,98272.0,,,25000.0,0.0,0.0,0.0,0.0
Hyuckchul,,,615.0,650-9113,GADSDEN,TN,38337.0,S,N,5000.0,0.0,0.0,0.0,0.0
Mariano,Stylianou,F,207.0,658-1534,NEWFIELD,,4056.0,,Y,85000.0,8.5,,,2850.0
Shahrokh,Suwunboriruksa,F,,354-3206,BUCYRUS,KS,66013.0,M,,80000.0,6.45,,,0.0
Tarang,Howerton,,860.0,153-8923,CORNWALL,CT,6753.0,M,,30000.0,5.0,0.0,24500.0,0.0
Wiebe,Denti,F,413.0,742-7566,BUZZARDS BAY,MA,2542.0,M,,50000.0,5.3,0.0,7150.0,0.0
Richards,Bereiter,F,307.0,674-7718,MC KINNON,WY,82938.0,,,70000.0,0.0,0.0,0.0,0.0
,Pils,M,,445-7264,NORTH FALMOUTH,,2556.0,,Y,70000.0,5.3,,,
,,,540.0,256-2473,NORA,VA,24272.0,,Y,25000.0,5.75,0.0,1800.0,
Nur,Diede,F,425.0,140-2903,SEATTLE,,98121.0,,N,45000.0,0.0,0.0,0.0,0.0
,,,615.0,806-9018,FLINTVILLE,,37335.0,M,N,50000.0,0.0,,0.0,
,,M,660.0,155-8588,HOLT,MO,64048.0,,N,45000.0,6.0,0.0,4200.0,
Masahide,,,727.0,714-9909,SUN CITY CENTER,,33573.0,S,N,10000.0,0.0,0.0,0.0,0.0
,Demoen,,304.0,916-9644,OSAGE,WV,26543.0,,Y,60000.0,6.5,0.0,4000.0,
Hiroyasu,Steffen,,,300-9159,PELL CITY,AL,35128.0,,Y,45000.0,5.0,,,300.0
,Ghalwash,M,,390-1538,GAYVILLE,,57031.0,M,Y,30000.0,0.0,0.0,0.0,
Lyle,Tarn,F,,411-6132,COCOLALLA,,,S,N,20000.0,6.948391,3300.0,0.0,0.0
,,M,620.0,981-4469,SYCAMORE,KS,67363.0,M,,95000.0,6.45,,4500.0,
,Walicki,M,,496-2167,LIVONIA,LA,,,Y,50000.0,6.0,4500.0,0.0,
,Rozen,,,433-5585,,OH,44902.0,S,,45000.0,2.039795,,,
Ramasamy,Rahier,,859.0,653-4110,SCOTTSVILLE,KY,42164.0,,,75000.0,6.0,,,20.0
Kousuke,Bael,F,,470-6858,JANESVILLE,,,,Y,5000.0,4.6,700.0,0.0,400.0
Leighton,,,502.0,916-9073,BLOOMFIELD,,40008.0,M,Y,100000.0,6.0,0.0,40.0,20.0
,Kushner,,229.0,220-1271,PERKINS,GA,30822.0,,,95000.0,6.0,0.0,,
,Aczel,,,543-4089,TAMPA,,33688.0,M,Y,10000.0,0.0,0.0,0.0,
Aiguo,Bhattacharjee,F,224.0,833-1447,,IL,61101.0,M,N,50000.0,3.0,0.0,4000.0,0.0
Deoraj,,F,808.0,665-4700,,HI,96769.0,M,Y,10000.0,2.8421054,0.0,2080.0,1040.0
,Roucairol,M,,579-9361,ANNABELLA,,84711.0,M,N,80000.0,7.0,,,
Marina,Ygge,,,404-3818,LAKESHORE,,33854.0,,N,35000.0,0.0,0.0,0.0,0.0
,Welten,,,296-5365,COLUMBUS CITY,IA,52737.0,M,Y,75000.0,8.98,0.0,80.0,
Michio,Danneberg,F,,348-2758,TAHOLAH,,98587.0,M,Y,80000.0,0.0,0.0,0.0,0.0
,McDougal,,,608-3382,NEW CASTLE,DE,19721.0,,,50000.0,5.268182,0.0,,
Mujdat,,F,617.0,677-3400,NORTH HATFIELD,,1066.0,,N,55000.0,5.3,0.0,7150.0,0.0
Shyam,Basermann,F,401.0,193-7183,OAKLAND,RI,2858.0,,,75000.0,0.0,0.0,0.0,0.0
,,M,503.0,861-9348,KENO,OR,,,,80000.0,9.0,159.0,0.0,
Dzung,Mascle,F,,515-4560,WALLS,MS,,S,Y,10000.0,5.0,6000.0,,1500.0
,Aybay,M,,480-2308,TREMENTINA,,,S,N,15000.0,4.957143,3300.0,0.0,
Natasha,Leemeijer,F,307.0,657-7561,ROCK RIVER,,82083.0,,N,55000.0,0.0,0.0,,0.0
,Suchak,,,584-6192,,PA,17529.0,M,N,30000.0,3.07,,,
Bashir,,,802.0,858-6041,SHARON,VT,5065.0,M,N,85000.0,4.69624,0.0,6600.0,0.0
,Vieweg,M,208.0,831-6393,EASTPORT,ID,83826.0,M,,15000.0,5.529042,0.0,6600.0,
Maryam,,F,580.0,231-2339,GOLTRY,,,S,Y,100000.0,6.25,1000.0,0.0,1000.0
,Cosica,,,643-3794,,NJ,8248.0,M,Y,100000.0,2.6616669,0.0,2000.0,
,Creech,F,319.0,767-8035,MANSON,IA,,,N,50000.0,7.8829904,40.0,0.0,
Nabih,,F,603.0,214-8823,FARMINGTON,,3835.0,S,Y,45000.0,0.0,,0.0,0.0
,Gore,,,315-8902,SAINT ANTHONY,IA,50239.0,,,85000.0,8.98,0.0,80.0,
,Gerling,M,205.0,758-3453,CHAPMAN,AL,,S,,85000.0,5.0,1500.0,0.0,
,Matthew,M,870.0,822-4108,FULTON,AR,71838.0,M,N,60000.0,7.0,0.0,,
Radomir,,F,660.0,812-8023,KANSAS CITY,MO,64168.0,,,75000.0,6.0,0.0,4200.0,1200.0
Gerbert,Mashey,F,,410-9392,SAINT EDWARD,NE,,,Y,95000.0,6.84,103.0,,103.0
,Facello,,,467-4740,SANDY SPRING,MD,20860.0,,,50000.0,4.75,0.0,4800.0,
Shawna,Vosburgh,F,,537-3373,PROVIDENCE,RI,2918.0,,,30000.0,0.0,0.0,0.0,0.0
Jongho,,F,775.0,965-8136,WASHOE VALLEY,,89704.0,M,N,60000.0,0.0,,0.0,0.0
Brent,O'Young,,434.0,997-2089,,VA,22108.0,M,Y,5000.0,2.5357144,,,900.0
Evangeline,Pecuchet,,,398-8143,,OH,45325.0,M,N,90000.0,3.533564,,,0.0
,Zuiderveld,M,907.0,985-4238,ANCHORAGE,,99511.0,M,N,15000.0,0.0,0.0,0.0,
,Rajamony,,904.0,928-4111,SAINT AUGUSTINE,FL,32086.0,,,5000.0,0.0,,,
,,,757.0,894-8806,KING AND QUEEN COURT HOUSE,VA,23085.0,,N,100000.0,5.75,0.0,1800.0,
,,M,775.0,204-8186,NORTH LAS VEGAS,NV,89033.0,,N,15000.0,0.0,0.0,0.0,
Cho,Herlea,,304.0,936-6228,CHARLESTON,WV,25392.0,M,Y,30000.0,4.4,0.0,4000.0,2000.0
Corentin,Friman,F,,532-6370,,IN,,S,Y,50000.0,3.4,1000.0,0.0,1000.0
,Klement,M,,325-5615,,IL,60926.0,M,Y,25000.0,3.0,0.0,,
Yuka,Chown,F,,299-6460,CORDOVA,NM,,S,Y,45000.0,5.3,3300.0,0.0,3300.0
,Oxenboll,M,,630-9517,HONOLULU,,96801.0,,N,95000.0,8.25,,,
Antanas,Kishida,,,347-2262,,DE,19885.0,M,Y,20000.0,3.2227273,0.0,,110.0
Antonios,Kaltofen,F,,613-6703,,AR,71726.0,M,Y,10000.0,2.5778654,0.0,40.0,20.0
Gustav,,,540.0,998-9118,CASCADE,VA,24069.0,M,N,95000.0,5.75,,1800.0,0.0
Errol,Danielsson,F,,407-6110,ROUND TOP,TX,78954.0,,N,50000.0,0.0,0.0,0.0,0.0
Rudy,Kroeker,F,408.0,809-4020,DOUGLAS FLAT,CA,95229.0,M,,90000.0,9.3,0.0,,0.0
,Spiro,,,516-6401,STEENS,,39766.0,M,Y,40000.0,5.0,,,
,Tuomenoksa,,,587-7110,TOLLAND,,6084.0,M,N,60000.0,5.0,0.0,24500.0,
Yihua,Sykas,F,,555-4852,GREEN MOUNTAIN FALLS,CO,80819.0,S,,70000.0,4.63,,,0.0
Giulio,,F,520.0,747-4430,PHOENIX,AZ,,,N,90000.0,4.11,2100.0,0.0,0.0
Pierluigi,,F,660.0,199-6995,SKIDMORE,MO,64487.0,S,Y,35000.0,6.0,,0.0,1200.0
Shin'ya,,,828.0,980-1602,OTTO,NC,28763.0,,,70000.0,7.201049,,6600.0,3300.0
,Bartschi,M,,276-8840,,IN,,S,Y,50000.0,3.4,1000.0,0.0,
,Friedland,,256.0,152-9716,BIRMINGHAM,AL,35278.0,M,,20000.0,5.0,0.0,3000.0,
,Bergin,M,912.0,761-7321,POWDER SPRINGS,,,,Y,90000.0,6.0,2700.0,0.0,
Ruiz,Shnaider,F,,403-2146,,AZ,85096.0,S,,55000.0,3.5674999,,,2300.0
Bernard,Paleologo,F,,316-2406,EWA BEACH,HI,96706.0,S,N,60000.0,8.25,,,0.0
,Zockler,M,,394-4162,RYE,NH,3870.0,,,35000.0,0.0,0.0,0.0,
Baiju,Rubsam,,319.0,784-1400,,IA,50258.0,S,N,20000.0,3.2516527,,,0.0
,Carchiolo,M,,577-2785,,,,S,N,10000.0,3.875,900.0,0.0,
,,M,702.0,747-1519,NORTH LAS VEGAS,NV,89033.0,,Y,90000.0,0.0,0.0,0.0,
Ian,Piramuthu,,,642-5045,NASHVILLE,TN,37204.0,,N,80000.0,0.0,,,0.0
,Halker,M,304.0,983-9401,GAP MILLS,WV,,S,,60000.0,6.5,2000.0,0.0,
Burkhard,Babai,,,476-9038,WALLAGRASS,ME,4781.0,M,N,35000.0,8.5,0.0,5700.0,0.0
,Berger,,,488-4564,BEAUFORT,SC,29901.0,M,Y,70000.0,7.0,0.0,6600.0,
,Chilukuri,M,906.0,773-5056,DANSVILLE,MI,,S,,100000.0,3.9,3100.0,0.0,
Gert,Vrckovnik,F,,569-8300,WASHINGTON,DC,,S,N,50000.0,9.0,1370.0,0.0,0.0
,Dar,,,440-4582,,,7863.0,M,Y,80000.0,2.34625,0.0,2000.0,
Jarno,Messabih,,201.0,123-5914,,,7733.0,M,N,70000.0,2.1885417,,,0.0
Jared,Martschew,F,308.0,246-1937,VALPARAISO,,68065.0,M,Y,85000.0,6.84,0.0,,103.0
,Middelburg,,,511-8927,,NJ,7823.0,S,,30000.0,1.5577083,,,
,Penniman,M,,576-7696,HEBER CITY,,84032.0,S,N,55000.0,7.0,,,
IlYoung,Abbasi,,,565-9963,,OH,43212.0,M,Y,100000.0,3.8655128,0.0,2600.0,1300.0
,Jostes,,,347-1748,CUTTINGSVILLE,VT,5738.0,M,Y,70000.0,4.397808,0.0,6600.0,
Yutaka,Kroon,F,,453-7051,OGDEN,UT,84412.0,,Y,25000.0,7.0,0.0,,2475.0
Sanjiva,Halpin,F,207.0,803-3555,SPRINGFIELD,ME,,S,,25000.0,8.5,2850.0,0.0,2850.0
,Poletto,,302.0,879-8534,FRANKFORD,DE,19945.0,S,,40000.0,4.586364,,,
,,,551.0,971-6430,,,8808.0,M,Y,30000.0,1.5577083,0.0,2000.0,
,Beck,M,406.0,852-9258,DEER LODGE,MT,,S,N,30000.0,6.9,1900.0,0.0,
,,M,608.0,671-8079,LA POINTE,,,,N,20000.0,4.7939067,700.0,0.0,
,Range,,,600-6222,LUCEDALE,MS,39452.0,,N,30000.0,5.0,,,
,Bub,F,,262-4179,COEUR D ALENE,,,S,Y,20000.0,6.948391,3300.0,0.0,
,,F,775.0,961-7164,GABBS,NV,89409.0,S,N,30000.0,0.0,0.0,0.0,
,,M,781.0,692-8015,NEW BEDFORD,MA,2742.0,,N,15000.0,5.3,0.0,7150.0,
,Erde,M,,534-7307,,IN,,S,Y,60000.0,3.4,1000.0,0.0,
,Nagahisa,M,307.0,787-6875,BYRON,WY,82412.0,S,N,10000.0,0.0,,,
,Waterhouse,F,,555-4640,DETROIT,,,S,Y,75000.0,3.9,3100.0,0.0,
,Hagmann,F,308.0,954-7657,WAVERLY,NE,68462.0,M,,100000.0,6.84,0.0,206.0,
,Abell,M,856.0,651-5437,,NJ,,S,N,10000.0,1.4,1000.0,0.0,
,Montalbano,M,,607-2954,SOMERSET,MA,2725.0,S,N,75000.0,5.3,,,
,Vafaie,,878.0,737-3492,,,19060.0,S,Y,90000.0,3.07,0.0,0.0,
,Kavi,F,302.0,654-1065,DOVER AFB,DE,,S,,65000.0,5.95,110.0,0.0,
,Peron,M,479.0,829-1077,,,72528.0,M,N,15000.0,3.773037,,,
,,F,787.0,249-3630,SAN JUAN,,901.0,,Y,80000.0,0.0,,0.0,
,Koppstein,M,,593-9370,SHISHMAREF,AK,99772.0,M,Y,45000.0,0.0,0.0,,
,,F,602.0,104-2527,,AZ,85280.0,M,Y,25000.0,3.1025,0.0,4200.0,
,,,484.0,165-6214,,PA,16533.0,M,,20000.0,3.07,0.0,0.0,
,Ghalwash,,,351-1251,,PA,16314.0,M,,25000.0,3.07,0.0,0.0,
,Peuto,F,,363-4566,,,58276.0,S,N,90000.0,2.7990127,,,
,Bruni,,240.0,241-1259,POTOMAC,MD,20859.0,,,35000.0,4.75,0.0,4800.0,
,,M,520.0,116-2848,,AZ,85040.0,M,N,55000.0,3.5674999,0.0,4200.0,
,Windeknecht,M,,262-7007,BARTLESVILLE,OK,74006.0,M,Y,55000.0,6.25,0.0,2000.0,
,Heckerman,M,,461-3462,OXFORD,KS,67119.0,,Y,40000.0,6.45,0.0,4500.0,
,Rety,F,,464-2985,DAYTON,NV,89403.0,S,Y,45000.0,0.0,,,
,Velardi,M,,312-7840,GRAND RONDE,OR,97347.0,M,Y,5000.0,7.4102564,0.0,318.0,
,Landy,,,601-9164,,NJ,7656.0,M,N,65000.0,2.1096876,0.0,,
,,M,719.0,648-7412,HARTMAN,CO,81043.0,M,,80000.0,4.63,0.0,0.0,
,Hasteer,M,432.0,928-7218,ABERNATHY,,79311.0,S,Y,15000.0,0.0,0.0,0.0,
,MacLeod,F,,647-4347,ANCHORAGE,,99514.0,M,N,90000.0,0.0,0.0,,
,Nascimento,M,,564-6745,HOUSTON,TX,77244.0,,,100000.0,0.0,,,
,Stary,F,,302-5305,QUEBRADILLAS,PR,678.0,,N,55000.0,0.0,,,
,Geske,F,307.0,758-4273,NATRONA,,82646.0,,N,15000.0,0.0,0.0,0.0,
,Fabrizio,M,337.0,907-7723,,LA,,S,Y,15000.0,2.8,4500.0,0.0,
,,M,702.0,983-8290,RENO,,89506.0,,Y,10000.0,0.0,0.0,0.0,
,,F,630.0,142-8339,,IL,61758.0,M,N,50000.0,3.0,0.0,4000.0,
,Androutsos,,412.0,876-8772,,PA,15215.0,M,N,25000.0,3.07,0.0,0.0,
,Beug,F,,465-8804,LINCOLN,NE,68520.0,,,75000.0,6.84,0.0,206.0,
,Staab,,219.0,701-5620,,IN,47965.0,S,,30000.0,3.4,,,
,Pitteway,M,,279-3579,AGNESS,OR,97406.0,S,,85000.0,9.0,,,
,Wadge,F,978.0,998-8160,SAGAMORE BEACH,MA,,,,80000.0,5.3,3575.0,0.0,
,,F,641.0,695-2261,CINCINNATI,IA,,S,N,75000.0,8.98,40.0,0.0,
,,M,802.0,928-1338,STARKSBORO,VT,,S,Y,75000.0,4.4972854,3300.0,0.0,
,,M,623.0,904-8255,SAN LUIS,AZ,,,,75000.0,3.8775,2100.0,0.0,
,Pargas,M,,415-7677,CHASE,,67524.0,M,Y,60000.0,6.45,,,
,Tibblin,,219.0,744-2057,,IN,46241.0,M,,90000.0,3.4,0.0,2000.0,
,McCallum,M,406.0,139-8128,PRYOR,,,,N,80000.0,6.9,1900.0,,
,,M,563.0,903-9805,DES MOINES,IA,,S,N,70000.0,8.98,40.0,0.0,
,Cantu,F,,418-8329,SAN JUAN,PR,908.0,,,65000.0,0.0,0.0,0.0,
,,,717.0,695-4080,,PA,16105.0,M,Y,90000.0,3.07,0.0,0.0,
,,F,562.0,880-4747,PORTOLA,CA,96122.0,,Y,100000.0,9.3,0.0,174.0,
,Masada,,205.0,917-7556,SAINT ELMO,AL,36568.0,,,5000.0,5.0,0.0,,
,,,601.0,214-6361,LAKESHORE,MS,39558.0,,Y,80000.0,5.0,,12000.0,
,Qutaishat,,251.0,871-9313,HOLY TRINITY,AL,36859.0,,,35000.0,5.0,,,
,Schaap,F,907.0,921-7461,TYONEK,AK,99682.0,M,N,95000.0,0.0,,,
,,F,720.0,789-1459,FRANKTOWN,CO,80116.0,M,,55000.0,4.63,,0.0,
,Cosette,M,,342-3241,MIDLAND,TX,79710.0,,Y,15000.0,0.0,0.0,0.0,
,Elustondo,F,406.0,246-1367,JORDAN,,59337.0,,N,70000.0,6.9,0.0,3800.0,
,,M,507.0,986-5301,LENGBY,,,,Y,5000.0,5.35,3300.0,0.0,
,Klusik,M,,532-1045,GETTYSBURG,SD,57442.0,S,Y,25000.0,0.0,0.0,,
,Praus,M,,292-2458,,NM,87196.0,M,Y,10000.0,3.2428572,,,
,Uzun,M,,507-7520,PHILLIPS,,68865.0,,N,70000.0,6.84,0.0,206.0,
Luming,Woerkom,F,406.0,774-7730,CLYDE PARK,,59018.0,M,Y,10000.0,4.916379,0.0,3800.0,1900.0
Krister,Winstone,F,,313-4758,HESTER,,70743.0,,N,25000.0,6.0,0.0,9000.0,0.0
,Wendel,,,265-3612,COPELAND,FL,34137.0,M,,25000.0,0.0,0.0,0.0,
,,,609.0,742-8745,,NJ,8884.0,M,Y,90000.0,2.5039582,,2000.0,
Shelley,Spork,,202.0,864-7384,WASHINGTON,DC,20394.0,S,,25000.0,7.875,,,1370.0
Hariolf,Apostopopoulos,F,,385-3990,HOYT,KS,,,Y,95000.0,6.45,2250.0,0.0,2250.0
Gabriella,Vinck,,931.0,863-4690,HORNSBY,TN,38044.0,,N,90000.0,0.0,0.0,0.0,0.0
Rachida,Krupp,F,907.0,717-9971,BARROW,AK,99723.0,S,,25000.0,0.0,0.0,,0.0
,Groz,M,,467-8426,GOODWIN,SD,57238.0,M,Y,20000.0,0.0,0.0,0.0,
,Champarnaud,,,440-2733,TRIMBLE,TN,38259.0,S,,15000.0,0.0,0.0,0.0,
,Philippou,F,208.0,911-7110,DINGLE,ID,83233.0,S,Y,30000.0,7.8,,,3300.0
Jos,,F,785.0,937-6660,GREEN,,,S,Y,90000.0,6.45,2250.0,0.0,2250.0
,Perly,M,,498-2999,TOPEKA,KS,66652.0,S,N,90000.0,6.45,,,
,Stellhorn,M,,276-6178,CHEYENNE,WY,82001.0,M,,25000.0,0.0,,,
,Drashansky,,320.0,218-5980,MINNEAPOLIS,,55420.0,,Y,95000.0,7.85,0.0,6600.0,
,MacLeod,M,978.0,924-2763,LEEDS,MA,1053.0,,,60000.0,5.3,0.0,,
,Mackenzie,M,224.0,903-9137,,IL,60191.0,M,,55000.0,3.0,0.0,,
,,M,719.0,138-2674,U S A F ACADEMY,,80841.0,S,N,80000.0,4.63,0.0,0.0,
,Hirzer,,304.0,101-1640,DAILEY,WV,26259.0,M,,25000.0,4.05,0.0,4000.0,
Jiong,Bocic,F,,297-7618,TUCSON,,,S,Y,90000.0,4.11,2100.0,0.0,2300.0
Osni,Sreerama,,203.0,118-8539,EAST CANAAN,,6024.0,M,N,45000.0,5.0,,,0.0
Lesley,Elphick,F,,613-2672,CANALOU,,63828.0,M,Y,60000.0,6.0,0.0,4200.0,1200.0
Luigia,Gaubert,F,,339-6927,RAYSAL,,,,Y,95000.0,6.5,2000.0,0.0,2000.0
,Hettich,M,,270-3487,HARMAN,WV,,S,Y,60000.0,6.5,2000.0,0.0,
Taizo,Kouzes,,229.0,780-5619,MARIETTA,GA,30063.0,,,75000.0,6.0,0.0,,0.0
,Flick,M,,497-4995,ANDERSON,SC,,S,Y,100000.0,7.0,3300.0,0.0,
,Staiger,,865.0,723-3915,CHATTANOOGA,,37419.0,M,Y,15000.0,0.0,,,
Sunondo,Beregi,F,,501-5227,HONOLULU,HI,,,,45000.0,8.25,1040.0,0.0,0.0
,Junnemann,M,,500-4517,HUGHESVILLE,MD,,,,85000.0,4.75,2400.0,0.0,
Sonny,Ecklund,F,,286-4130,WAUSA,NE,,S,,95000.0,6.84,103.0,0.0,103.0
,Banach,,386.0,993-7388,TAMPA,,33629.0,S,Y,40000.0,0.0,0.0,0.0,
,Takagi,,,298-5273,PORT TOBACCO,MD,20677.0,,N,45000.0,4.75,,4800.0,
,Millo,M,208.0,752-5187,MURRAY,,83874.0,,N,30000.0,7.8,,,
Samir,Zueger,F,,498-6306,LITTLE RIVER,CA,,,,90000.0,9.3,87.0,0.0,0.0
,Parson,,908.0,812-5691,,NJ,8095.0,M,Y,90000.0,2.5039582,,,
,Boissier,M,,504-5120,THACKERVILLE,OK,73459.0,M,,45000.0,6.25,0.0,2000.0,
Raffi,McKibbon,F,,343-1439,JEFFERSON CITY,MO,,,,70000.0,6.0,2100.0,,1200.0
,,,812.0,710-2319,,IN,46311.0,S,,70000.0,3.4,,0.0,
Xiaobin,Bean,F,,431-4242,,CA,,S,,5000.0,1.0,87.0,0.0,272.0
Alyson,Dayhoff,F,248.0,851-6460,PENTWATER,MI,,,N,100000.0,3.9,3100.0,0.0,0.0
,,M,605.0,894-5223,SIOUX FALLS,SD,57194.0,M,,100000.0,0.0,0.0,0.0,
,Rafter,M,936.0,926-2174,EL PASO,TX,79923.0,S,N,45000.0,0.0,,,
Amokrane,,F,603.0,967-1730,NORTH SUTTON,NH,3260.0,,N,90000.0,0.0,0.0,0.0,0.0
,Sylvan,M,870.0,846-3705,,AR,72167.0,M,N,15000.0,3.773037,,,
,,M,763.0,107-9688,TWIN LAKES,MN,56089.0,S,,30000.0,5.8564034,,0.0,
,Ezer,M,,278-3184,KANSAS CITY,MO,64166.0,,N,85000.0,6.0,0.0,4200.0,
Margus,Hillyard,F,307.0,169-5157,GLENROCK,,82637.0,M,N,80000.0,0.0,0.0,0.0,0.0
Guttorm,Pier,,,430-6036,FARMERSVILLE STATION,NY,14060.0,S,N,55000.0,4.272256,,,0.0
,Beretta,M,971.0,108-6810,BAY CITY,OR,97107.0,M,,20000.0,9.0,0.0,318.0,
Kagan,,F,703.0,993-7644,RICHARDSVILLE,,,,Y,70000.0,5.75,900.0,0.0,900.0
Giopi,,F,541.0,927-4161,MARCOLA,OR,,,N,45000.0,9.0,159.0,0.0,0.0
,,,515.0,926-5350,ROCKWELL CITY,,50579.0,,N,55000.0,8.65488,0.0,80.0,
,,M,505.0,253-1198,TRUCHAS,NM,87578.0,M,Y,35000.0,5.3,0.0,6600.0,
,Moursund,,931.0,835-9080,GRIMSLEY,TN,38565.0,M,Y,25000.0,0.0,,,
,Chelegatski,M,,413-8824,,,,S,Y,50000.0,3.49,2100.0,0.0,
Frantisek,,,610.0,674-9858,,PA,17314.0,S,Y,20000.0,3.07,0.0,0.0,0.0
,Peres,M,971.0,861-9430,GRANTS PASS,OR,97528.0,S,,20000.0,9.0,,,
,,M,614.0,743-1561,,,,S,Y,45000.0,2.039795,1300.0,0.0,
Vaagan,Mihail,F,,539-6740,MOUNTAIN CITY,NV,89831.0,,,85000.0,0.0,,,0.0
Alanoly,,F,623.0,155-7583,,AZ,,S,Y,65000.0,3.7224998,2100.0,0.0,2300.0
Krishnan,Joersz,,,446-3004,LONE MOUNTAIN,,37773.0,,Y,80000.0,0.0,0.0,0.0,0.0
,,,704.0,690-7857,WAXHAW,NC,28173.0,M,Y,75000.0,7.305944,0.0,6600.0,
Tasuya,,,606.0,943-5369,,KY,42029.0,M,,30000.0,3.5,0.0,40.0,20.0
Leighton,Hillsberg,,205.0,933-4781,LOCUST FORK,,35097.0,,N,20000.0,5.0,0.0,3000.0,0.0
,Bergsten,M,360.0,736-2285,FORD,WA,99013.0,M,N,40000.0,0.0,0.0,0.0,
Udi,Ingolfsdottir,,859.0,774-5076,HAWESVILLE,KY,42348.0,M,,80000.0,6.0,0.0,40.0,0.0
,Caneve,M,918.0,149-9044,OKLAHOMA CITY,OK,73124.0,,Y,45000.0,6.25,0.0,2000.0,
,Karcich,M,217.0,168-8490,,IL,,S,,85000.0,3.0,2000.0,0.0,
,Rauma,M,,525-5614,PORTLAND,OR,97219.0,,Y,55000.0,9.0,,,
,Good,M,,356-2263,ROCKY HILL,CT,,,Y,70000.0,5.0,12750.0,0.0,
,Carrera,M,,605-5901,ALBUQUERQUE,NM,87184.0,M,Y,65000.0,5.3,0.0,6600.0,
,Cedeno,M,308.0,897-4777,MALCOLM,NE,68402.0,,Y,35000.0,6.84,0.0,206.0,
,,,802.0,942-4620,,VT,5262.0,S,,5000.0,3.6,,0.0,
Arco,,F,808.0,227-4637,KANEOHE,HI,,,N,75000.0,8.25,1040.0,0.0,0.0
,Mutch,M,928.0,648-7905,,AZ,85321.0,M,,35000.0,3.2575,,,
,Ulich,M,307.0,751-9169,WORLAND,WY,82401.0,M,N,75000.0,0.0,0.0,0.0,
,Sheridan,,410.0,692-9760,LAUREL,MD,20708.0,,Y,70000.0,4.75,,,
Seichi,Kirtane,F,308.0,969-1676,,NE,,S,,5000.0,3.0217428,103.0,,103.0
,Mehrmann,M,,313-3154,HAMPSTEAD,,3841.0,S,Y,85000.0,0.0,,,
Chenghui,Nykanen,,,636-3281,ETLAN,VA,22719.0,S,N,25000.0,5.75,,,0.0
Akhilish,,F,580.0,856-5508,VINSON,OK,,S,Y,65000.0,6.25,1000.0,0.0,1000.0
,Priol,,319.0,895-4869,,IA,50551.0,S,Y,20000.0,3.2516527,,,
Thoshiaki,Weusten,F,,318-1759,WARING,TX,78074.0,M,,65000.0,0.0,0.0,0.0,0.0
,Lubiw,M,870.0,654-2913,,AR,72347.0,M,,5000.0,1.3826939,0.0,,
,Heckmann,,304.0,958-9844,FAIRMONT,WV,26555.0,M,,70000.0,6.5,0.0,4000.0,
,Bloedorn,M,,567-7681,WILMINGTON,,90748.0,M,N,75000.0,9.3,0.0,174.0,
,Begg,M,320.0,133-1187,JENKINS,MN,56456.0,,,55000.0,7.1904483,0.0,6600.0,
,,M,571.0,830-5306,HAMILTON,VA,,S,N,65000.0,5.75,900.0,0.0,
,Don,M,,484-1380,,VT,,S,N,20000.0,3.6,3300.0,0.0,
Anil,Dunne,F,,352-3267,MC COOL JUNCTION,NE,68401.0,,Y,75000.0,6.84,0.0,206.0,103.0
Syunsuke,Wurman,,,410-9031,SARASOTA,FL,34232.0,,,40000.0,0.0,0.0,0.0,0.0
Oskari,Snelgrove,F,435.0,963-9039,SALT LAKE CITY,,84145.0,,Y,60000.0,7.0,,,2475.0
,,M,760.0,879-4707,CLOVERDALE,CA,95425.0,M,N,45000.0,9.3,,174.0,
Yosihisa,Bittan,F,,481-3596,HUDSON,CO,80642.0,,Y,100000.0,4.63,0.0,0.0,0.0
,,,786.0,980-6216,GULF HAMMOCK,FL,32639.0,M,,15000.0,0.0,0.0,0.0,
,Bitan,M,,616-4452,SALT LAKE CITY,UT,,,,65000.0,7.0,2475.0,0.0,
Hemant,Riza,,302.0,791-8528,NEWARK,DE,19716.0,,N,90000.0,5.95,,,0.0
Inderpal,Aigrain,,,560-8159,WASHINGTON,DC,20572.0,M,Y,30000.0,9.0,0.0,2740.0,1370.0
Jang,Arizio,,,469-5245,NASHVILLE,,37201.0,,N,15000.0,0.0,0.0,0.0,0.0
Bay,Khouja,,,547-6127,ARLINGTON,VA,22245.0,M,Y,50000.0,5.75,0.0,1800.0,900.0
Peggy,Noack,,,412-1037,COLBY,,54421.0,S,N,90000.0,6.010166,,,0.0
,Manago,,,642-8713,,NJ,7882.0,M,N,75000.0,2.267396,0.0,,
,Yagawa,M,,617-6838,HURON,SD,57399.0,,,35000.0,0.0,0.0,0.0,
,,,712.0,198-8546,FARNHAMVILLE,IA,50538.0,S,,70000.0,8.98,,0.0,
,Yeun,M,,368-8555,PORTAGE,MI,,,,75000.0,3.9,3100.0,0.0,
Guohua,,F,504.0,108-2814,MONROE,LA,,,Y,20000.0,4.4,4500.0,0.0,1000.0
Dewayne,Lamont,F,,346-5673,,OH,,S,N,10000.0,0.8779744,1300.0,,0.0
,Calabrese,,410.0,881-6945,FAIRPLAY,MD,21733.0,M,N,10000.0,4.75,0.0,4800.0,
Hui,Gragg,F,,371-6366,LOUDON,NH,3307.0,,Y,45000.0,0.0,0.0,0.0,0.0
Mohammad,Labarthe,,,461-7715,,,19021.0,M,Y,65000.0,3.07,0.0,,0.0
,Schahn,M,,271-7640,ANTELOPE,MT,59211.0,M,Y,75000.0,6.9,,,
Rinat,McKinnon,F,,481-5044,,OH,,S,,15000.0,1.0439488,1300.0,,1300.0
Younggeun,Krichel,F,,274-2469,ENCINAL,TX,78019.0,S,Y,100000.0,0.0,0.0,,0.0
,Cassaro,M,,321-6992,NORTH SALT LAKE,UT,,,N,5000.0,7.0,2475.0,0.0,
Theodoros,Gladman,F,205.0,191-6701,MARION JUNCTION,AL,,,,15000.0,5.0,1500.0,0.0,300.0
Lihong,,F,702.0,128-5650,GABBS,,89409.0,S,Y,5000.0,0.0,0.0,0.0,0.0
Tatyana,Gracco,F,307.0,941-2835,ELK MOUNTAIN,WY,82324.0,S,,80000.0,0.0,0.0,0.0,0.0
,Kayser,M,920.0,854-6815,ORFORDVILLE,,,,N,100000.0,6.183918,700.0,0.0,
,Gose,M,,619-7171,GANN VALLEY,SD,57341.0,S,,25000.0,0.0,0.0,0.0,
Jianwen,Walrath,F,860.0,848-6104,WEATOGUE,,,S,N,30000.0,5.0,12750.0,0.0,0.0
Toshimo,Swick,,901.0,102-9119,ALAMO,TN,38001.0,M,,35000.0,0.0,,,0.0
,Guckenheimer,,931.0,185-1221,SPENCER,TN,38585.0,M,N,80000.0,0.0,0.0,0.0,
,Doushou,M,252.0,967-9742,CHARLOTTE,NC,,S,N,80000.0,7.410839,3300.0,0.0,
,,M,808.0,171-7892,KAPOLEI,,,,N,25000.0,5.546053,1040.0,0.0,
,Soleimanipour,M,,493-7370,OPOLIS,KS,66760.0,,,40000.0,6.45,,,
Jusung,Zimowski,F,,505-5567,SIMPSON,,,S,N,55000.0,6.1499996,2000.0,0.0,0.0
,Gyseghem,M,,325-3513,GRADY,,88120.0,M,N,40000.0,5.3,0.0,6600.0,
Miguel,Kiesel,,,554-6781,SPEONK,,11972.0,S,Y,100000.0,4.5329266,0.0,0.0,1000.0
,Dorchak,M,,554-3891,COMFREY,,56019.0,M,Y,90000.0,7.85,0.0,6600.0,
,,,651.0,105-6465,MINNEAPOLIS,,55424.0,,Y,20000.0,5.35,,6600.0,3300.0
Jermy,Broomell,F,,455-9249,BELLEVUE,,,S,Y,35000.0,6.84,103.0,0.0,103.0
,Paillier,M,406.0,950-9178,MELSTONE,MT,59054.0,,,55000.0,6.9,,,
Annya,Llado,F,,334-3231,DEETH,NV,89823.0,S,N,70000.0,0.0,0.0,,0.0
,England,M,,386-9167,MONTICELLO,ME,,,Y,15000.0,6.9580293,2850.0,0.0,
,Zumaque,,,443-2202,WATERBURY,CT,6708.0,M,N,65000.0,5.0,0.0,24500.0,
,Whitcroft,,,563-9286,WESTPORT,CT,6881.0,M,,90000.0,5.0,0.0,24500.0,
Kevin,Ayari,,202.0,833-1081,WASHINGTON,,20265.0,M,Y,65000.0,9.0,0.0,2740.0,1370.0
Zhongxiu,,,770.0,167-6564,ATLANTA,GA,30387.0,S,N,75000.0,6.0,,0.0,0.0
,Bugrara,,304.0,951-7863,FARMINGTON,WV,26571.0,M,,95000.0,6.5,0.0,4000.0,
Marcelino,Schupeta,F,,385-5251,,,96741.0,M,Y,10000.0,2.8421054,,,1040.0
,Bolsens,M,913.0,787-7390,,,,S,Y,10000.0,3.5,2250.0,0.0,
,,F,505.0,920-5698,PETACA,NM,87554.0,,,60000.0,5.3,0.0,6600.0,3300.0
,Razek,M,918.0,705-3509,MOFFETT,OK,74946.0,,N,65000.0,6.25,,,
Houssem,Spehner,,,615-1582,WOODVILLE,MS,39669.0,S,N,80000.0,5.0,,,0.0
Antoinette,,F,580.0,879-4232,SAPULPA,OK,74067.0,,Y,50000.0,6.25,0.0,2000.0,1000.0
True,Pietrzak,F,,600-3536,LOS ANGELES,CA,90019.0,,,40000.0,8.951314,,,0.0
,Giunchiglia,,248.0,854-9409,UTICA,MI,48315.0,M,Y,10000.0,3.9,0.0,6200.0,
Farshid,Hasteer,F,,646-9168,COLORADO SPRINGS,CO,80962.0,M,Y,20000.0,4.63,0.0,0.0,0.0
Janette,Einwohner,F,,604-7908,SOUTH CHINA,,4358.0,M,N,85000.0,8.5,0.0,5700.0,0.0
,,M,505.0,945-4381,ALAMOGORDO,NM,88311.0,S,,50000.0,5.3,,0.0,
,Hilgefort,M,207.0,722-9508,PORTLAND,ME,4104.0,,,50000.0,8.5,0.0,5700.0,
Zevi,Yahalom,F,307.0,911-1517,MOOSE,WY,83012.0,,N,80000.0,0.0,0.0,0.0,0.0
,Wolte,M,,453-7424,EDDYVILLE,OR,97343.0,M,Y,80000.0,9.0,0.0,318.0,
,,M,802.0,199-6852,SHELDON SPRINGS,,,S,N,90000.0,4.7957172,3300.0,0.0,
Mengjou,,F,802.0,726-2699,BELVIDERE CENTER,,,S,N,70000.0,4.397808,3300.0,0.0,0.0
,Waterhouse,,,586-2383,THE PLAINS,VA,20198.0,M,,20000.0,5.75,0.0,1800.0,
Rangasami,Sedobgo,,,602-3024,BELMONT,MS,38827.0,M,,100000.0,5.0,,,0.0
Homer,Ziarko,F,269.0,137-1053,MANCHESTER,MI,,,Y,35000.0,3.9,3100.0,0.0,3100.0
Yifei,Skwarecki,F,,548-3161,ALTA,WY,83414.0,M,,15000.0,0.0,,,0.0
,Michaelson,,,410-7079,STRATTON,ME,4982.0,M,,90000.0,8.5,,,
Shigeichi,Nadji,F,,402-8955,ALEXANDRIA,NE,68303.0,S,,75000.0,6.84,,,103.0
Roderick,Faulstich,F,,330-1534,ASHLAND,MT,,S,,50000.0,6.9,1900.0,0.0,0.0
,Rothstein,M,,506-4916,MAKAWAO,HI,96768.0,,,70000.0,8.25,,,
,,,615.0,257-6639,LYNNVILLE,TN,38472.0,,Y,45000.0,0.0,,0.0,
Herkimer,Creusere,F,,283-7604,KAHULUI,HI,96732.0,,Y,75000.0,8.25,0.0,2080.0,1040.0
Andee,Nagasaki,F,,293-5253,PROVIDENCE,RI,2901.0,,Y,75000.0,0.0,,,0.0
Ryszard,Belleghem,,864.0,778-7063,WILLISTON,SC,29853.0,M,,100000.0,7.0,0.0,6600.0,0.0
,,,515.0,895-7717,CHESTER,IA,52134.0,M,Y,25000.0,4.0235424,0.0,80.0,
,,M,732.0,811-5013,,NJ,,S,,10000.0,1.4,1000.0,0.0,
Arndt,Cau,F,276.0,809-9993,FORT LEE,VA,,S,N,50000.0,5.75,900.0,0.0,0.0
,,,763.0,861-4073,MINNEAPOLIS,MN,55447.0,,,10000.0,5.35,0.0,6600.0,3300.0
Zdislav,Strivastav,,201.0,204-9040,,NJ,8064.0,S,N,70000.0,2.1885417,,,0.0
Gultekin,Kluthe,F,,297-1703,WAIPAHU,HI,,S,N,95000.0,8.25,1040.0,,0.0
,,M,513.0,877-1349,,,,S,N,70000.0,2.8696666,1300.0,0.0,
,,,732.0,168-1795,,,8906.0,S,N,45000.0,1.7942708,,0.0,
Grover,,,804.0,904-4368,DISPUTANTA,VA,23842.0,M,N,45000.0,5.75,,1800.0,0.0
,Sandkuhl,M,,567-3273,ELWOOD,KS,66024.0,S,,70000.0,6.45,,,
Dorian,,F,702.0,999-5991,LAS VEGAS,NV,89145.0,,N,50000.0,0.0,,0.0,0.0
Fong,Atarashi,,205.0,869-1056,RAGLAND,AL,35131.0,,N,5000.0,5.0,0.0,3000.0,0.0
Nadia,Hershko,F,,486-8738,HAYES,,57537.0,M,N,60000.0,0.0,0.0,0.0,0.0
,,,641.0,880-7390,IRWIN,,51446.0,,N,30000.0,4.795432,0.0,80.0,
Sozo,Dhagat,F,985.0,913-9387,SHREVEPORT,LA,71101.0,M,,55000.0,6.0,0.0,9000.0,1000.0
,Dunki,M,208.0,694-5380,FILER,ID,83328.0,M,Y,30000.0,7.8,0.0,6600.0,
,Petterson,M,,603-9557,LIND,WA,99341.0,,Y,75000.0,0.0,,,
,,M,808.0,147-7192,,HI,,S,Y,5000.0,1.9407895,1040.0,0.0,
,Gaedke,,202.0,793-4059,WASHINGTON,,20509.0,M,N,40000.0,9.0,0.0,2740.0,
Yasufumi,Melzer,,,407-5960,,KY,41663.0,S,,30000.0,3.5,,,20.0
,Alt,M,907.0,258-6572,STEBBINS,AK,99671.0,M,,95000.0,0.0,0.0,0.0,
,Duske,M,,456-9356,COLUMBIA FALLS,MT,,S,,55000.0,6.9,1900.0,0.0,
,Rios,,,356-3264,STAMFORD,,6922.0,S,N,30000.0,5.0,,,
,Mihail,,410.0,883-5546,BALTIMORE,MD,21224.0,M,,15000.0,4.75,,,
Clenn,Jockley,F,406.0,862-2086,BILLINGS,MT,59102.0,M,N,75000.0,6.9,0.0,3800.0,0.0
,Berrada,M,860.0,184-5102,HAMDEN,,,S,Y,40000.0,5.0,12750.0,0.0,
Gesine,Vandenbroeck,F,308.0,223-9929,VERDIGRE,NE,68783.0,M,N,85000.0,6.84,0.0,206.0,0.0
,Konakovsky,M,,300-7769,FAIRDALE,KY,,S,N,95000.0,6.0,20.0,,
,Schreckenghost,M,,516-2244,PERU,KS,67360.0,,N,80000.0,6.45,,,
,,,614.0,670-6784,,OH,45270.0,M,N,90000.0,3.533564,,2600.0,
,,,706.0,856-4394,ATLANTA,GA,31150.0,M,,75000.0,6.0,,5400.0,
Prabhav,,F,574.0,140-6381,,IN,,S,,80000.0,3.4,1000.0,0.0,1000.0
Reto,Gool,F,,465-9346,BOXBOROUGH,MA,,S,,45000.0,5.3,3575.0,0.0,0.0
Jamshid,Turkedjiev,,302.0,676-1707,REHOBOTH BEACH,,19971.0,,Y,75000.0,5.95,0.0,220.0,110.0
Jere,,F,603.0,787-7416,GROVETON,,3582.0,S,Y,90000.0,0.0,,0.0,0.0
Eilon,Leigh,F,276.0,696-2092,NELSONIA,VA,,,Y,75000.0,5.75,900.0,,900.0
,Karavelas,M,208.0,687-8645,HAGERMAN,ID,,S,,90000.0,7.8,3300.0,0.0,
Sigbjorn,,F,808.0,665-8984,KAPOLEI,HI,96709.0,,,85000.0,8.25,0.0,2080.0,0.0
,Bregier,M,,355-2583,,,,S,Y,85000.0,3.0,2000.0,0.0,
,Njiwoua,M,214.0,667-1676,RICHMOND,,77407.0,,N,15000.0,0.0,,,
,Indiresan,M,307.0,185-3511,DIXON,WY,82323.0,M,N,55000.0,0.0,0.0,0.0,
,Basagni,M,,504-4696,,HI,96743.0,M,,10000.0,2.8421054,0.0,2080.0,
,,,515.0,927-2553,HARCOURT,IA,50544.0,M,,55000.0,8.65488,0.0,80.0,
Oldrich,Grems,F,,461-3253,WILLARD,,,S,N,65000.0,5.4444447,20.0,0.0,0.0
,,M,719.0,881-8087,TWO BUTTES,CO,81084.0,M,N,80000.0,4.63,0.0,0.0,
,,M,520.0,875-8269,,AZ,85097.0,M,Y,15000.0,2.9475,0.0,4200.0,
Carter,,F,808.0,682-6718,HONOLULU,HI,,,Y,100000.0,8.25,1040.0,0.0,1040.0
Vitor,Cheriyan,F,,541-6473,LEXINGTON,NC,,,,95000.0,7.7255244,3300.0,0.0,0.0
Bobby,Holldobler,,,501-4024,LIBERTY,MS,39645.0,,N,10000.0,5.0,0.0,12000.0,0.0
,Beukering,M,907.0,849-5057,ARCTIC VILLAGE,,99722.0,S,Y,50000.0,0.0,0.0,0.0,
,Handke,,,426-3096,RED LEVEL,,36474.0,,Y,35000.0,5.0,0.0,3000.0,
,Bougaut,,304.0,220-2389,JESSE,WV,24849.0,,N,70000.0,6.5,0.0,4000.0,
,Vanneste,,,359-3988,WILMINGTON,DE,19802.0,M,N,45000.0,4.927273,0.0,220.0,
Hyuncheol,,,712.0,134-3238,JOHNSTON,IA,50131.0,,N,100000.0,8.98,0.0,80.0,0.0
Maryalice,Shermer,F,,477-4287,MATTAPOISETT,,2739.0,,N,25000.0,5.3,,,0.0
Raymoond,Westby,F,,493-9241,ANCHORAGE,AK,99502.0,M,,55000.0,0.0,0.0,0.0,0.0
,,,803.0,955-5235,SELLERS,SC,29592.0,,Y,80000.0,7.0,,0.0,
Selee,Kawashima,F,401.0,955-1054,GREENE,RI,2827.0,S,,45000.0,0.0,0.0,0.0,0.0
Maneesh,,F,636.0,797-3196,BRECKENRIDGE,,,S,N,10000.0,6.0,2100.0,0.0,0.0
,Sauder,,,641-5740,EDGEFIELD,SC,29824.0,S,,40000.0,7.0,,,
Tarun,Mohrherr,,,640-4342,,IN,46283.0,M,,85000.0,3.4,,,1000.0
Lisbeth,,F,509.0,901-1148,HUMPTULIPS,,98552.0,,N,50000.0,0.0,0.0,0.0,0.0
,Rotics,,,400-2115,,,5034.0,S,N,5000.0,3.6,,,
Xiaobin,Takanami,,203.0,190-7733,GREENWICH,CT,6832.0,M,,85000.0,5.0,,24500.0,0.0
,Mancey,M,980.0,735-7424,MARIETTA,,,,Y,25000.0,6.256993,3300.0,,
Trudi,Kwiatkowska,,202.0,156-2032,WASHINGTON,DC,20426.0,M,,65000.0,9.0,0.0,,0.0
Eser,Murthy,,202.0,800-6873,WASHINGTON,DC,20038.0,S,N,100000.0,9.0,,,0.0
,Schonegge,M,406.0,885-5591,BILLINGS,MT,59105.0,M,Y,75000.0,6.9,,,
Oukseh,Sever,F,,423-8388,ATLANTA,,68923.0,M,Y,50000.0,6.84,,,103.0
Bryant,Knapik,,319.0,878-3704,,IA,50841.0,M,Y,20000.0,3.2516527,0.0,,40.0
,Bhasker,M,,586-1143,MAPLE CITY,,,,N,25000.0,3.9,3100.0,0.0,
,Panadiwal,,,327-2621,MANNING,SC,29102.0,,,85000.0,7.0,,,3300.0
,Raufmann,M,208.0,143-7756,DIETRICH,ID,83324.0,S,N,85000.0,7.8,,,
,Matzel,M,339.0,977-8181,NANTUCKET,MA,,,Y,5000.0,5.3,3575.0,,
,,M,787.0,859-5466,PONCE,PR,732.0,,,15000.0,0.0,0.0,0.0,
Zohar,Dhagat,F,307.0,759-4808,GREEN RIVER,WY,82935.0,S,Y,30000.0,0.0,0.0,0.0,0.0
,Gavril,M,304.0,730-4892,SUTTON,WV,,S,Y,80000.0,6.5,2000.0,0.0,
Anupan,Paleologo,F,217.0,823-9400,,IL,62703.0,S,N,70000.0,3.0,,,0.0
,Cornu,M,,377-5459,BADGER,SD,57214.0,M,Y,75000.0,0.0,0.0,0.0,
Gezinus,Desnoyer,,,403-9578,GAINESVILLE,FL,32641.0,S,Y,45000.0,0.0,0.0,0.0,0.0
,,M,702.0,109-2781,RENO,NV,89501.0,,Y,90000.0,0.0,0.0,0.0,
Gaku,,,614.0,244-5738,,OH,44844.0,M,Y,75000.0,3.0356412,,2600.0,1300.0
Uday,Mutzel,,878.0,736-9938,,PA,18065.0,M,,5000.0,3.07,,,0.0
,Michaelski,,,411-5753,NORTHPORT,AL,35475.0,,Y,25000.0,5.0,,,
Marta,,F,636.0,254-2841,SUMMERSVILLE,,,S,N,60000.0,6.0,2100.0,0.0,0.0
,Maehly,M,,510-2434,MOUNT PLEASANT,AR,72561.0,,N,65000.0,7.0,0.0,,
Mei,,F,787.0,912-7842,GUANICA,,653.0,M,N,80000.0,0.0,,0.0,0.0
Shizuo,Callegarin,F,,300-1514,TOPEKA,KS,66653.0,M,,75000.0,6.45,0.0,4500.0,2250.0
Jogg,Larue,,,412-6674,ELMONT,,11003.0,M,Y,75000.0,4.3881097,0.0,,1000.0
,Businaro,M,,569-2036,SALINE,,,,Y,35000.0,6.0,4500.0,0.0,
,Kubiatowicz,M,208.0,178-1614,ISLAND PARK,ID,83429.0,,,55000.0,7.8,0.0,,
Arunabha,,F,605.0,667-9727,WHITEWOOD,SD,57793.0,M,Y,55000.0,0.0,0.0,0.0,0.0
,Aparicio,M,,427-3426,REPTON,AL,,,Y,20000.0,5.0,1500.0,0.0,
,Haberman,M,939.0,759-3048,PATILLAS,,723.0,,Y,60000.0,0.0,0.0,0.0,
,Sacone,,,558-8192,DUNCAN,SC,29391.0,M,,70000.0,7.0,,,3300.0
,,M,787.0,647-7058,TOA BAJA,,950.0,M,N,100000.0,0.0,0.0,0.0,
Anil,Suermann,F,,633-8285,OOKALA,HI,96774.0,,N,70000.0,8.25,,,0.0
,Kunieda,F,,495-2459,,ND,,S,Y,15000.0,2.1,3300.0,,3300.0
Ferdi,Stuempfle,F,,568-1256,LAWTON,OK,73505.0,,N,45000.0,6.25,,,0.0
Shalom,Kabuka,F,,525-4642,SPRAY,OR,97874.0,M,,55000.0,9.0,0.0,318.0,159.0
PeiZong,Walrand,F,939.0,877-4496,QUEBRADILLAS,,678.0,,N,35000.0,0.0,0.0,0.0,0.0
,Gutbrod,M,307.0,180-6392,YODER,WY,82244.0,S,N,40000.0,0.0,0.0,0.0,
,Kotulla,M,302.0,241-4462,WILMINGTON,DE,,S,N,40000.0,4.586364,110.0,,
,Frattolillo,,,540-2362,BRIDGEPORT,CT,6606.0,M,,65000.0,5.0,0.0,24500.0,
Matrina,,F,702.0,856-6062,NORTH LAS VEGAS,,89081.0,,N,95000.0,0.0,,0.0,0.0
,Prado,M,,643-4270,TERLTON,OK,74081.0,S,N,25000.0,6.25,,,
,,,484.0,816-1958,,,16148.0,S,N,75000.0,3.07,0.0,0.0,
Krzyszfof,Zervos,F,401.0,922-6543,WARWICK,,2889.0,S,Y,75000.0,0.0,0.0,0.0,0.0
,Okumoto,,860.0,651-9849,HARTFORD,CT,6101.0,M,N,85000.0,5.0,,,
Anontonio,Grana,F,207.0,950-9775,BREWER,ME,4412.0,M,N,90000.0,8.5,0.0,5700.0,0.0
Christine,Haddley,F,907.0,201-5361,CLAM GULCH,AK,99568.0,M,N,45000.0,0.0,0.0,0.0,0.0
Akito,Hebisch,F,,485-5366,OMAHA,NE,,,N,15000.0,4.7976766,103.0,0.0,0.0
Erol,Hansdah,,856.0,705-7453,,NJ,7979.0,M,N,100000.0,2.6616669,0.0,2000.0,0.0
,,M,702.0,764-9874,FALLON,NV,89407.0,M,Y,90000.0,0.0,,0.0,
Toramatsu,Jelonek,F,918.0,788-9757,OKLAHOMA CITY,OK,73146.0,,,50000.0,6.25,0.0,2000.0,1000.0
,Kang,,,367-6219,,,7036.0,M,Y,70000.0,2.1885417,0.0,2000.0,
Heiko,Glas,F,425.0,820-5890,NASELLE,WA,98638.0,,N,90000.0,0.0,0.0,0.0,0.0
Laurentiu,Noltemeier,F,,553-2299,HOLT,,64048.0,,Y,60000.0,6.0,,,1200.0
,,M,520.0,137-2011,,AZ,85941.0,M,,65000.0,3.7224998,0.0,4200.0,
,Stanfill,M,985.0,885-9249,HAYNESVILLE,LA,71038.0,S,Y,75000.0,6.0,,,
Gianni,,F,785.0,249-3902,NORCATUR,KS,,,Y,30000.0,6.45,2250.0,0.0,2250.0
Zuliang,Hoogewijs,F,,378-1455,SNOHOMISH,WA,98296.0,M,N,55000.0,0.0,0.0,0.0,0.0
Ljubomir,Nunn,F,970.0,816-6843,BEULAH,,81023.0,M,Y,25000.0,4.63,,,0.0
Nikfar,Tekampe,F,,489-6321,FORT GEORGE G MEADE,,,S,Y,30000.0,4.75,2400.0,0.0,2400.0
Raffaele,Gronski,,937.0,766-3827,,OH,45662.0,M,,5000.0,0.712,0.0,2600.0,1300.0
Mrinal,Bartschi,,267.0,970-5292,,,16371.0,M,Y,65000.0,3.07,0.0,0.0,0.0
Gradimir,Lanin,F,,293-9036,HOUSTON,TX,77013.0,,Y,80000.0,0.0,0.0,,0.0
Anuj,Sgarro,,,339-8317,,KY,42129.0,S,N,5000.0,2.1111112,,,0.0
Basant,Alborghetti,F,,395-4579,LYNCHBURG,SC,,,N,50000.0,7.0,3300.0,0.0,0.0
,Getto,M,,643-4148,LATHAM,,67072.0,,N,25000.0,5.4666667,0.0,4500.0,
Wenjie,,F,769.0,222-3751,NEW ALBANY,MS,,,,25000.0,5.0,6000.0,0.0,0.0
,Musil,,,418-9716,,,8876.0,S,N,25000.0,1.4788542,,,
Venkatesan,Bernini,,,525-8561,CALVERT CITY,KY,42029.0,M,,80000.0,6.0,0.0,40.0,0.0
Birte,Ndiaye,F,207.0,155-9479,BUCKSPORT,ME,4416.0,S,N,55000.0,8.5,,,0.0
Kwan,Spirk,F,,404-5333,NORTON,,76865.0,,N,50000.0,0.0,,,0.0
,Broodsky,M,,356-9900,GURABO,,778.0,S,N,25000.0,0.0,0.0,0.0,
Santi,,F,603.0,204-3504,NORTH HAVERHILL,NH,3774.0,,,80000.0,0.0,0.0,0.0,0.0
Yasuharu,Hardavellas,F,,464-9810,VALLEJO,CA,,S,,45000.0,9.3,87.0,0.0,0.0
,,F,828.0,703-8444,GROVER,NC,,S,,25000.0,6.256993,3300.0,0.0,3300.0
,Shedroff,M,,544-1407,GREENBRIER,AR,72058.0,M,,75000.0,7.0,,,
Qun,Cappelli,F,402.0,149-1802,HEARTWELL,NE,,S,,30000.0,6.84,103.0,0.0,103.0
Darko,Schulman,F,,366-5316,HARTMAN,CO,81043.0,M,Y,5000.0,4.63,,,0.0
Lior,Swiler,F,479.0,835-5538,DEER,,72628.0,M,N,30000.0,7.0,,,0.0
,Rivett,,,465-6914,MALLORY,WV,25634.0,,Y,40000.0,5.1000004,,,
Magne,Plainfosse,F,971.0,711-7215,CHILOQUIN,,97624.0,M,Y,10000.0,9.0,,,159.0
Kazutomo,Grady,,,489-4674,ALEXANDRIA BAY,,13607.0,S,N,50000.0,4.243293,0.0,0.0,0.0
Goce,Faron,F,479.0,980-6656,CURTIS,AR,,S,N,35000.0,7.0,20.0,0.0,0.0
Furio,,F,520.0,167-3848,,AZ,,S,N,70000.0,3.8,2100.0,0.0,0.0
,Meusel,M,406.0,803-3983,BROWNING,MT,59417.0,S,,85000.0,6.9,,,
Wilf,Drobnic,F,864.0,800-5609,SYCAMORE,SC,,S,,35000.0,7.0,3300.0,0.0,0.0
Karlis,Bacciotti,F,,576-1735,CUPERTINO,,95014.0,M,N,65000.0,9.3,0.0,174.0,0.0
Vilmar,Suchan,,931.0,898-4709,MEMPHIS,TN,38157.0,,,20000.0,0.0,,,0.0
,Choukair,,,487-8722,KNOXVILLE,TN,37929.0,,N,15000.0,0.0,0.0,0.0,
,Stepanek,M,918.0,201-9030,OKLAHOMA CITY,OK,73102.0,,,40000.0,6.25,,,
,Noerr,M,,354-8388,,KS,67402.0,S,,5000.0,3.5,,,
Atro,Blau,F,434.0,885-9914,,VA,,S,N,5000.0,2.5357144,900.0,0.0,0.0
,,M,707.0,781-8289,SANTA CLARITA,CA,91350.0,,,45000.0,9.3,0.0,174.0,
Bert,Rajamony,,,438-5598,WILMINGTON,DE,19897.0,S,Y,35000.0,4.245455,,,110.0
,Noonan,M,,511-4382,CAGUAS,PR,725.0,M,Y,80000.0,0.0,,,
,Birta,M,860.0,860-6443,BRIDGEPORT,CT,,S,Y,90000.0,5.0,12750.0,0.0,
,Yeom,M,989.0,990-4691,BRIMLEY,MI,,S,,95000.0,3.9,3100.0,0.0,
Wenwey,Sufrin,,,566-4856,VERSAILLES,CT,6383.0,S,,80000.0,5.0,,,0.0
Fraser,Dalheimer,F,,399-7774,TACOMA,WA,98424.0,S,Y,15000.0,0.0,0.0,0.0,0.0
,,M,812.0,160-2313,,,,S,Y,75000.0,3.4,1000.0,0.0,
,Abbadi,M,337.0,241-5642,BATON ROUGE,LA,,S,N,25000.0,6.0,4500.0,0.0,
,Vedrine,,269.0,777-1362,SIX LAKES,MI,48886.0,M,,25000.0,3.9,0.0,6200.0,
Anselm,Buchinger,F,,497-7846,BUCKNER,MO,64016.0,M,Y,70000.0,6.0,0.0,4200.0,1200.0
,Bregier,M,,325-6133,AXTELL,UT,84621.0,M,N,80000.0,7.0,0.0,4950.0,
,Kitayama,M,,392-6735,WASHINGTON,DC,,S,N,100000.0,9.0,1370.0,,
,Drexl,M,480.0,810-1644,,,85235.0,M,Y,55000.0,3.5674999,0.0,4200.0,
,,M,702.0,796-2089,LAS VEGAS,NV,89199.0,,N,75000.0,0.0,0.0,0.0,
,Bruekers,M,,551-5851,,VT,,S,Y,25000.0,3.6,3300.0,0.0,
,Glockner,M,225.0,849-1587,BATON ROUGE,,70874.0,M,N,90000.0,6.0,0.0,9000.0,
,Leslie,M,,286-4418,CERESCO,NE,68017.0,M,Y,45000.0,6.84,0.0,,
Pabitra,Bodlaender,F,,467-5925,SAINT EDWARD,,68660.0,,N,15000.0,4.7976766,0.0,206.0,0.0
Rae,Zlatin,F,978.0,757-4553,ATTLEBORO FALLS,MA,2763.0,M,,20000.0,5.3,0.0,7150.0,1000.0
Imari,Ponamgi,F,406.0,720-9151,SAINT XAVIER,MT,59075.0,,N,40000.0,6.9,,,0.0
,Rine,M,,372-9409,HERSHEY,NE,69143.0,,N,90000.0,6.84,,,
Qingxiang,Jupin,F,206.0,707-3442,ROLLINGBAY,WA,98061.0,,,90000.0,0.0,0.0,0.0,0.0
,,,609.0,796-1565,,,7308.0,M,N,25000.0,1.4788542,0.0,2000.0,
Iztok,Holmberg,F,,395-5718,YALE,,57386.0,M,N,10000.0,0.0,0.0,0.0,0.0
,Bonsangue,M,207.0,671-1415,,,4263.0,M,Y,5000.0,2.2135036,0.0,5700.0,
Bard,Bultitude,F,208.0,970-1231,LEADORE,ID,83464.0,,N,85000.0,7.8,0.0,6600.0,0.0
,Shimura,M,928.0,257-5204,,,85730.0,M,Y,55000.0,3.5674999,,,
Dnnald,,F,620.0,724-6655,ASSARIA,KS,67416.0,M,N,95000.0,6.45,,4500.0,0.0
Sigurdur,Welker,F,,326-6840,DURHAM,NH,3824.0,S,,75000.0,0.0,0.0,0.0,0.0
Aviv,Shilling,F,870.0,971-2576,MENIFEE,AR,72107.0,,Y,100000.0,7.0,,,20.0
Shiqun,Minoura,F,435.0,773-6237,CLEARFIELD,UT,84015.0,M,,70000.0,7.0,,,2475.0
Lionello,,F,605.0,677-4394,NEW EFFINGTON,,57255.0,,N,95000.0,0.0,0.0,0.0,0.0
Bedir,,F,660.0,917-5916,,MO,64475.0,M,Y,5000.0,3.75,0.0,4200.0,1200.0
Mitsuo,Jarvinen,F,,595-4507,SAN FRANCISCO,,,,N,85000.0,9.3,87.0,0.0,0.0
,,M,662.0,205-4056,HOLCOMB,MS,,,,30000.0,5.0,6000.0,0.0,
Chuen,Aleksandrov,,256.0,681-1536,ANDALUSIA,AL,36421.0,M,N,35000.0,5.0,0.0,3000.0,0.0
Tadahiro,Ramnath,F,,328-2774,KEALAKEKUA,HI,96750.0,,,55000.0,8.25,,,1040.0
,Peir,,,527-4581,FARMINGTON,MN,55024.0,M,,60000.0,7.4572573,,,
,Poujoulat,M,,313-3167,CEDAR CITY,UT,84721.0,S,N,60000.0,7.0,,,
,Miksik,,865.0,904-7128,MOSCOW,TN,38057.0,,,45000.0,0.0,,,
Brett,Apt,F,,367-7377,OMAHA,NE,,,N,35000.0,6.84,103.0,0.0,0.0
Femke,Bartschi,F,425.0,894-5654,SEATTLE,WA,98148.0,,N,20000.0,0.0,0.0,0.0,0.0
Anil,,F,720.0,874-5113,EMPIRE,CO,80438.0,S,N,45000.0,4.63,,0.0,0.0
,Pevac,M,406.0,141-1180,HINGHAM,,59528.0,,N,100000.0,6.9,,,
,Kwankam,M,,286-9864,LUCERNE,MO,,,Y,70000.0,6.0,2100.0,,
Takenao,,F,605.0,771-2765,LANTRY,SD,57636.0,,,65000.0,0.0,0.0,0.0,0.0
Hantak,Bruandet,F,,601-7696,KAPOLEI,HI,96707.0,,Y,55000.0,8.25,0.0,2080.0,1040.0
,,F,505.0,157-6925,GLENWOOD,NM,,S,Y,100000.0,5.3,3300.0,0.0,3300.0
Maarten,,F,605.0,886-7963,ROSHOLT,,57260.0,,Y,75000.0,0.0,0.0,0.0,0.0
Ishai,Nieuwejaar,F,,508-1821,POLEBRIDGE,,59928.0,,Y,85000.0,6.9,,,1900.0
,Moumoutzis,,,468-6145,,KY,42035.0,S,,35000.0,3.7777777,,,
Yasuaki,McCluskey,F,351.0,257-3148,HARWICH PORT,MA,,S,,95000.0,5.3,3575.0,,1000.0
,,,814.0,675-5315,,PA,16441.0,S,N,85000.0,3.07,0.0,0.0,
,Tuomenoksa,M,,588-3370,ENGLEWOOD,CO,80155.0,M,,60000.0,4.63,0.0,0.0,
,Gyimothy,M,,538-4679,TACOMA,WA,98481.0,M,N,85000.0,0.0,0.0,0.0,
,Dharanipragada,M,,555-6864,WATERTOWN,MA,2472.0,M,N,90000.0,5.3,0.0,7150.0,
Narayanan,Lucks,,,484-2785,ALBERTA,,36720.0,M,N,40000.0,5.0,0.0,,0.0
Narayan,Eizirik,F,971.0,243-3168,WALTON,,,S,N,25000.0,9.0,159.0,0.0,0.0
,Winn,M,304.0,202-4314,MINDEN,,,,N,60000.0,6.5,2000.0,0.0,
Mechthild,Walinsky,F,,550-4281,LIHUE,,,,Y,65000.0,8.25,1040.0,0.0,1040.0
,Weinbaum,M,401.0,885-3128,PAWTUCKET,,2861.0,,N,100000.0,0.0,0.0,0.0,
,Lecon,M,,464-1980,PROVIDENCE,RI,2940.0,,Y,75000.0,0.0,0.0,,
Amitabh,Leiwo,F,,438-5141,HONOLULU,HI,96818.0,,Y,40000.0,8.25,0.0,,1040.0
,Hatonen,,,585-5556,CARROLLTON,MS,38917.0,M,,50000.0,5.0,0.0,12000.0,
,Dutta,M,401.0,818-5416,GREENE,,2827.0,S,N,95000.0,0.0,0.0,0.0,
Eileen,,F,507.0,713-5676,LUVERNE,MN,,,N,90000.0,7.85,3300.0,0.0,0.0
,,,802.0,935-7071,,VT,5476.0,S,Y,40000.0,3.800944,,0.0,
,Rotolo,F,,515-8653,MERIDIAN,ID,83680.0,,Y,55000.0,7.8,,,3300.0
,Grushcow,M,240.0,905-6968,OLNEY,MD,,,,25000.0,4.75,2400.0,0.0,
,Uemura,M,252.0,926-6944,HAYESVILLE,,,S,Y,45000.0,6.6765733,3300.0,0.0,
,Rege,M,,514-8220,READVILLE,MA,2137.0,,N,75000.0,5.3,,,
,,F,701.0,113-5831,,ND,58549.0,M,Y,90000.0,2.7990127,,6600.0,3300.0
,Olivero,M,337.0,788-2658,BOSSIER CITY,LA,71111.0,M,N,100000.0,6.0,,,
,Schell,,,601-9531,SHARON,,5065.0,S,N,50000.0,3.9998987,,,
Dekang,Lease,,,325-1381,WARREN,MI,48089.0,M,Y,40000.0,3.9,0.0,,3100.0
,,M,605.0,940-1694,GAYVILLE,SD,57031.0,S,Y,50000.0,0.0,0.0,0.0,
Deryle,,F,702.0,214-4165,SUN VALLEY,NV,89433.0,M,Y,60000.0,0.0,0.0,0.0,0.0
Rajanarayanan,Kempkens,F,251.0,910-7248,PHENIX CITY,AL,,,,10000.0,5.0,1500.0,0.0,0.0
,Gill,M,406.0,721-4211,ZORTMAN,MT,,S,N,45000.0,6.9,1900.0,0.0,
Yibing,Assche,F,,407-4017,KULA,HI,96790.0,,,75000.0,8.25,0.0,2080.0,0.0
,Isaksen,M,,550-6531,SEATTLE,,98126.0,,Y,100000.0,0.0,0.0,0.0,
,,M,817.0,741-5462,BRUNI,TX,78344.0,S,N,15000.0,0.0,0.0,0.0,
Yoshitomo,Postma,,,378-6724,,IA,50627.0,S,Y,20000.0,3.2516527,,,40.0
Antione,Stieger,F,970.0,207-9233,AURORA,CO,80018.0,S,Y,95000.0,4.63,,,0.0
Dani,Kliger,,,590-3381,AUGUSTA,GA,30916.0,M,N,70000.0,6.0,0.0,,0.0
,,,731.0,816-2595,ORLINDA,TN,37141.0,,N,85000.0,0.0,0.0,0.0,
,Villanueva,,,609-3198,WILMINGTON,DE,19806.0,M,,85000.0,5.95,0.0,220.0,
,Wattum,,,484-7991,NORTH HERO,VT,5474.0,,N,100000.0,4.994672,0.0,6600.0,
,Jesus,M,,345-2244,FRESNO,,77545.0,S,Y,25000.0,0.0,0.0,0.0,
Kerhong,Queinnec,,304.0,976-8340,GREENVILLE,,24945.0,M,Y,60000.0,6.5,,,2000.0
Shalosh,Elphick,F,440.0,825-2917,,OH,,S,,70000.0,2.8696666,1300.0,0.0,1300.0
Farida,Carapuca,,,521-1784,MIAMI BEACH,FL,33140.0,,N,30000.0,0.0,0.0,0.0,0.0
Vanu,,F,765.0,961-7512,,IN,,S,,50000.0,3.4,1000.0,0.0,0.0
,Poujoulat,,240.0,767-6241,GLEN BURNIE,MD,21062.0,S,,30000.0,4.75,,,
Waiman,Grandbois,F,402.0,771-6428,FAIRFIELD,NE,68938.0,M,,35000.0,6.84,0.0,206.0,103.0
Ulrich,Kumaran,F,907.0,950-6267,HOPE,AK,99605.0,,,70000.0,0.0,0.0,,0.0
Xianfeng,Mezei,F,,313-4433,,IL,61475.0,M,,65000.0,3.0,,,2000.0
Rajit,,F,612.0,761-8594,MONTGOMERY,MN,56069.0,,,90000.0,7.85,,0.0,0.0
Rosalie,Murta,,901.0,779-9829,MANSFIELD,TN,38236.0,,,30000.0,0.0,,,0.0
,,M,617.0,848-9515,NEW TOWN,MA,2456.0,,,35000.0,5.3,,7150.0,
Giora,Vetland,F,,557-4702,STAMFORD,CT,,S,Y,70000.0,5.0,12750.0,0.0,0.0
Manica,Gohara,F,,644-2674,CHERAW,,,S,N,25000.0,7.0,3300.0,0.0,0.0
Haomin,Strijk,F,,614-8033,FIELDS,OR,97710.0,S,N,20000.0,9.0,,,0.0
,,M,787.0,971-5451,SAN JUAN,,923.0,,Y,5000.0,0.0,0.0,0.0,
DooHyun,,F,801.0,803-8889,SALT LAKE CITY,UT,84134.0,,Y,5000.0,7.0,0.0,4950.0,2475.0
Hongsing,,F,504.0,109-5214,LEESVILLE,LA,71446.0,,Y,90000.0,6.0,,9000.0,1000.0
,Rine,M,,602-4869,NORTH POWDER,,97867.0,,Y,5000.0,7.4102564,,,
,Lohberger,,,644-2551,SAMBURG,TN,38254.0,,,50000.0,0.0,0.0,,
Neal,,,517.0,800-9974,EAST JORDAN,,49727.0,M,Y,50000.0,3.9,0.0,6200.0,3100.0
,,M,808.0,199-9505,HONOLULU,HI,,,N,35000.0,7.3486843,1040.0,0.0,
,Reim,M,,459-5134,LAS VEGAS,,89102.0,,Y,45000.0,0.0,,,
Xianlong,Gavoille,,,388-7452,,IN,46913.0,M,,35000.0,3.4,0.0,2000.0,1000.0
Dagmar,Sohoni,F,435.0,191-9049,EDEN,UT,84310.0,M,N,45000.0,7.0,,,0.0
Hagbal,Moliner,F,,453-6966,,CA,96084.0,M,Y,5000.0,1.0,,,272.0
,Waksman,M,276.0,769-5899,GLADSTONE,VA,,S,N,65000.0,5.75,900.0,0.0,
Nicolae,Zaroliagis,F,860.0,203-2879,WINDSOR,,,S,Y,25000.0,5.0,12750.0,0.0,0.0
Heiki,Choon,F,907.0,874-8669,AUKE BAY,AK,99821.0,M,N,25000.0,0.0,0.0,0.0,0.0
Luca,,F,707.0,734-5469,FRESNO,,,S,N,40000.0,8.951314,87.0,0.0,0.0
,Khouja,M,860.0,895-5678,GAYLORDSVILLE,CT,,S,N,75000.0,5.0,12750.0,0.0,
,Fegeas,,952.0,868-4369,PINE CITY,MN,55063.0,,,80000.0,7.85,0.0,6600.0,3300.0
,,M,603.0,828-8819,RYE,NH,3870.0,,,85000.0,0.0,0.0,0.0,
,,M,787.0,767-2269,ANGELES,PR,611.0,S,N,75000.0,0.0,0.0,0.0,
Chengwen,Carreras,,,506-6377,FINGER,TN,38334.0,S,N,35000.0,0.0,0.0,0.0,0.0
,,M,603.0,136-4667,INTERVALE,NH,3845.0,,Y,35000.0,0.0,0.0,0.0,
Lionel,Whitcomb,F,,565-1098,RIVERSIDE,,,,N,70000.0,5.0,12750.0,0.0,0.0
,Bian,F,208.0,859-5844,EDEN,ID,,S,,90000.0,7.8,3300.0,0.0,3300.0
Linlin,,,518.0,850-4797,BRONX,,10455.0,S,N,20000.0,4.0695124,0.0,0.0,0.0
Vuk,Bittianda,F,,553-2243,BLACK HAWK,CO,80422.0,M,,20000.0,4.63,0.0,0.0,0.0
Thea,Syre,,423.0,658-4117,SPARTA,TN,38583.0,S,,60000.0,0.0,,,0.0
Rafal,Olshen,F,,363-9243,,IL,62049.0,M,,60000.0,3.0,,,0.0
,Togni,M,,601-4452,,IL,,S,Y,65000.0,3.0,2000.0,0.0,
Raimundo,Orlowski,F,,574-1204,LOCKPORT,LA,70374.0,,,40000.0,6.0,,,1000.0
Meliu,Schend,F,,604-5035,CHICOPEE,,1013.0,M,Y,60000.0,5.3,,,1000.0
Padmanabhan,Alves,,410.0,131-8069,GERMANTOWN,,20876.0,M,Y,40000.0,4.75,0.0,4800.0,2400.0
Gerth,,F,509.0,165-9398,SPOKANE,WA,99224.0,M,N,85000.0,0.0,0.0,0.0,0.0
Santonu,Beer,F,,557-1802,WAKONDA,SD,57073.0,S,,25000.0,0.0,0.0,0.0,0.0
Kimon,,F,808.0,199-9243,KURTISTOWN,,96760.0,,N,25000.0,5.546053,0.0,2080.0,0.0
,,,802.0,668-2845,,,5862.0,M,N,20000.0,3.6,0.0,6600.0,
,Edler,,207.0,129-3441,PORTAGE,ME,4768.0,,Y,15000.0,6.9580293,0.0,5700.0,
Jolanta,Conry,F,,358-7216,RHODELIA,,,,Y,50000.0,4.611111,20.0,0.0,20.0
,Herlihy,M,308.0,991-3072,LA VISTA,,68128.0,,Y,70000.0,6.84,0.0,206.0,
Kitty,,,757.0,925-9562,ROANOKE,,24001.0,,N,80000.0,5.75,0.0,1800.0,0.0
Andras,Sikic,,,460-6553,SLAYDEN,TN,37165.0,M,N,30000.0,0.0,,,0.0
,,M,720.0,891-5523,DENVER,CO,80233.0,M,,100000.0,4.63,0.0,0.0,
Kwangjo,,,570.0,939-3047,,,16160.0,S,Y,85000.0,3.07,0.0,0.0,0.0
,Milicic,,219.0,903-7154,,IN,46624.0,S,N,80000.0,3.4,,,
,Lamparter,,,299-9400,NEW CASTLE,,40050.0,,N,45000.0,4.333333,0.0,,
Przemyslaw,Kamsties,F,203.0,145-9348,MARION,CT,,,,100000.0,5.0,12750.0,0.0,0.0
Abdel,Raza,,848.0,185-6832,,NJ,7866.0,M,N,100000.0,2.6616669,,,0.0
,Arthur,M,302.0,715-3159,,DE,,S,,25000.0,3.5636363,110.0,0.0,
Knut,Plattner,,,509-2582,HICKMAN,,38567.0,,Y,45000.0,0.0,,,0.0
Kerima,,F,802.0,862-4740,,,,S,N,5000.0,3.6,3300.0,0.0,0.0
,Forier,M,404.0,991-7096,FORT BENNING,GA,,S,,5000.0,4.4,2700.0,0.0,
,Pusterhofer,M,978.0,200-8353,PINEHURST,MA,1866.0,,N,100000.0,5.3,,,
Geunbae,,F,801.0,691-3228,COALVILLE,UT,,S,Y,30000.0,7.0,2475.0,0.0,2475.0
,Isaac,M,864.0,201-2971,PLUM BRANCH,,,,Y,55000.0,7.0,3300.0,0.0,
Junguk,Neiman,,,578-1696,BLUE RIVER,,41607.0,M,N,90000.0,6.0,,,0.0
,Tzolovski,M,,610-3943,SIOUX FALLS,SD,57106.0,M,,40000.0,0.0,0.0,0.0,
Hyunok,Meuter,F,401.0,131-8783,PAWTUCKET,RI,2862.0,,Y,40000.0,0.0,,,0.0
Sumitaka,Scholtes,F,207.0,873-4671,ROCKWOOD,ME,4478.0,,,80000.0,8.5,,,0.0
,Jushchenko,,,331-6268,,PA,18232.0,M,Y,30000.0,3.07,0.0,0.0,
Weining,Sreenan,,,313-4003,HUME,VA,22639.0,,,65000.0,5.75,,,0.0
,Crabtree,M,,290-7967,KAUMAKANI,,96747.0,,N,65000.0,8.25,0.0,2080.0,
Wiiliam,Yaoi,F,,358-2513,PORT HADLOCK,WA,98339.0,,,50000.0,0.0,0.0,0.0,0.0
,Faulstich,M,307.0,778-5860,MORAN,WY,83013.0,,Y,70000.0,0.0,0.0,0.0,
,Kameny,M,,429-1131,CHEROKEE,KS,,S,N,45000.0,6.45,2250.0,0.0,
,,M,603.0,254-6673,FREEDOM,NH,3836.0,M,,50000.0,0.0,,0.0,
,Bustami,M,308.0,860-3616,ASHLAND,NE,,S,,35000.0,6.84,103.0,0.0,
Jianan,,F,504.0,206-8263,GRANT,,,S,N,80000.0,6.0,4500.0,0.0,0.0
,Blot,M,,615-1712,MCDONOUGH,GA,,,,80000.0,6.0,2700.0,0.0,
Newton,Episkopou,F,302.0,224-8702,REHOBOTH BEACH,,,,N,65000.0,5.95,110.0,0.0,0.0
Toshimo,,F,515.0,966-1054,,IA,,S,,5000.0,0.935984,40.0,0.0,40.0
,Scholtes,M,,429-3671,SPARKS,NE,69220.0,S,,20000.0,5.685643,,,
,Deak,M,425.0,809-1196,STEPTOE,,99174.0,S,N,55000.0,0.0,0.0,0.0,
Surendra,Ahrenberg,,410.0,960-2252,PATUXENT RIVER,MD,20670.0,,,75000.0,4.75,0.0,4800.0,2400.0
Kojiro,Dunlop,F,,448-8714,GLADE,,67639.0,M,N,95000.0,6.45,0.0,4500.0,0.0
,,M,623.0,655-8282,,AZ,85312.0,M,N,65000.0,3.7224998,0.0,4200.0,
,Boigelot,M,213.0,698-5146,WHEATLAND,,95692.0,M,N,100000.0,9.3,0.0,174.0,
Wanghong,Petereit,F,,430-2209,ELK CITY,OK,73644.0,S,,95000.0,6.25,,,1000.0
,Hasselbring,M,318.0,888-2542,,LA,,S,,5000.0,2.0,4500.0,0.0,
Ghulam,Veillon,,219.0,817-7063,,IN,47712.0,M,Y,90000.0,3.4,0.0,2000.0,1000.0
Tarang,Getfert,F,,329-1705,BOZEMAN,MT,59772.0,M,,10000.0,4.916379,0.0,3800.0,0.0
,,,802.0,891-7524,,VT,5751.0,M,Y,10000.0,3.6,0.0,6600.0,3300.0
Micah,Rollins,F,,388-3820,ANCHORAGE,,99516.0,S,N,5000.0,0.0,,,0.0
,Boersen,M,913.0,214-7389,MUNDEN,KS,,,,30000.0,6.45,2250.0,0.0,
,McMorrow,M,219.0,860-9385,,IN,,S,,50000.0,3.4,1000.0,,
,Perz,M,479.0,699-1647,FOX,AR,72051.0,S,Y,20000.0,4.9682083,,,
,Hadjidimos,M,860.0,185-8918,MANCHESTER,CT,,,Y,45000.0,5.0,12750.0,0.0,
,Federico,M,205.0,717-6659,TUSKEGEE INSTITUTE,AL,,S,N,55000.0,5.0,1500.0,0.0,
,Partove,,,397-6786,GRAY COURT,SC,29645.0,M,Y,60000.0,7.0,,,
Hakjong,,,716.0,230-8533,TILLSON,NY,12486.0,M,Y,35000.0,4.1564026,0.0,0.0,1000.0
,Machine,M,,445-9284,TRAMPAS,NM,,S,,40000.0,5.3,3300.0,,
,Therrien,M,,598-2786,SAN JUAN,PR,933.0,,Y,40000.0,0.0,0.0,0.0,
Mitsuru,Acklen,F,,317-6972,WAKEFIELD,,2880.0,M,N,65000.0,0.0,0.0,0.0,0.0
Sadun,Weismantel,F,202.0,688-8067,WASHINGTON,DC,,S,,40000.0,9.0,1370.0,0.0,0.0
,,M,520.0,715-5565,,AZ,85203.0,M,Y,45000.0,3.4125,0.0,4200.0,
Yasser,Skaar,F,307.0,985-2946,ARVADA,WY,82831.0,S,,20000.0,0.0,,,0.0
Jordan,Chrzastowski,F,,369-9848,LAS VEGAS,,89112.0,,N,100000.0,0.0,0.0,0.0,0.0
,Tawfik,M,,348-8695,MOCLIPS,WA,98562.0,,Y,65000.0,0.0,0.0,0.0,
Yinlin,Lester,F,310.0,857-3699,ROSEMEAD,CA,,,,65000.0,9.3,87.0,,0.0
,,,641.0,972-3316,ROLFE,,50581.0,,Y,80000.0,8.98,,80.0,
Hartmann,Lvov,,,343-8490,CHARLESTON,TN,37310.0,M,Y,35000.0,0.0,0.0,,0.0
,Braunschweig,,,588-7746,,,46950.0,M,Y,20000.0,3.4,0.0,2000.0,
,Peitgen,M,402.0,234-3085,HARVARD,NE,68944.0,M,N,25000.0,6.5736103,,,
,Taimanov,M,224.0,783-2650,,IL,62665.0,M,,70000.0,3.0,,,
,Schwiegelshohn,,304.0,802-4481,ADVENT,WV,25231.0,M,Y,40000.0,5.1000004,,,
Mitesh,Pettis,,,462-3030,ORANGE BEACH,,36561.0,,Y,45000.0,5.0,,,300.0
,Palacharla,M,430.0,118-5427,DALLAS,TX,75380.0,M,N,100000.0,0.0,,,
,Bhanu,M,208.0,692-7961,SALMON,ID,83467.0,,,65000.0,7.8,0.0,6600.0,
,Reboh,,,533-3436,TUPPER LAKE,NY,12986.0,S,Y,30000.0,4.127439,,,
Bojana,,F,787.0,838-3290,PONCE,PR,733.0,,Y,100000.0,0.0,,0.0,0.0
,Giovini,M,,451-5152,LA MADERA,NM,87539.0,,N,20000.0,5.3,0.0,6600.0,
,,F,701.0,684-2621,,ND,58078.0,M,Y,40000.0,2.2194002,,6600.0,3300.0
Weihai,,F,505.0,150-3616,ALBUQUERQUE,NM,,S,,65000.0,5.3,3300.0,0.0,0.0
Nilanjan,Pittarelli,,,524-3617,WATERVILLE,,52170.0,S,N,40000.0,6.339211,,,0.0
Sedat,Breeding,F,302.0,682-7881,WILMINGTON,DE,,S,,35000.0,4.245455,110.0,0.0,110.0
Nidapan,Etzl,F,,374-5033,KIRK,,80824.0,,Y,35000.0,4.63,0.0,0.0,0.0
,Takizawa,M,,533-9823,HOSCHTON,GA,,,,85000.0,6.0,2700.0,0.0,
,Thimbleby,M,,435-8646,MANNING,OR,,,N,5000.0,7.4102564,159.0,0.0,
,Lackinger,M,,627-7125,WINDSOR,VT,,S,Y,65000.0,4.298331,3300.0,,
Mar,Andraka,,,622-8780,,,43532.0,M,Y,100000.0,3.8655128,0.0,2600.0,1300.0
Kam,Sloope,F,206.0,681-4427,TACOMA,,98406.0,M,Y,60000.0,0.0,,,0.0
,Mikus,,,518-3621,MAURY CITY,TN,38050.0,,,50000.0,0.0,,,
,Lutrell,M,939.0,101-1735,CAROLINA,PR,984.0,S,N,50000.0,0.0,0.0,,
,Lenkov,M,479.0,826-3716,CLINTON,AR,72031.0,M,N,80000.0,7.0,0.0,,
,Tramer,M,207.0,653-9169,MATTAWAMKEAG,,4459.0,,Y,65000.0,8.5,0.0,5700.0,
Hardeep,,F,603.0,807-2270,ORFORD,NH,3777.0,,N,95000.0,0.0,0.0,0.0,0.0
,Bensard,M,337.0,206-8539,,LA,,S,Y,5000.0,2.0,4500.0,0.0,
Constantine,Deerwester,,863.0,853-7021,BROOKSVILLE,FL,34613.0,M,N,60000.0,0.0,0.0,0.0,0.0
,Nurmeev,,,448-2382,PUNTA GORDA,FL,33950.0,,Y,90000.0,0.0,,,
Holger,Ehrhard,F,203.0,120-8093,NORWALK,CT,,,Y,70000.0,5.0,12750.0,0.0,0.0
Ronit,Oppenheim,,,341-5764,WESTPORT,CT,6889.0,M,,40000.0,5.0,,,0.0
,Carrive,M,939.0,734-7340,HUMACAO,PR,791.0,,N,70000.0,0.0,0.0,0.0,
Agatha,Tibrook,F,203.0,935-5326,BROAD BROOK,CT,,S,Y,85000.0,5.0,12750.0,0.0,0.0
,Gerberich,,,516-7897,SWANS ISLAND,ME,4685.0,M,N,60000.0,8.5,0.0,5700.0,
,Pericliev,,202.0,892-1983,WASHINGTON,DC,20006.0,S,Y,70000.0,9.0,,,
Tatsuro,Loupy,F,,574-9794,POINT OF ROCKS,WY,82942.0,,,95000.0,0.0,0.0,,0.0
Feng,Simhi,F,,335-2173,SHREVEPORT,LA,71130.0,M,N,45000.0,6.0,,,0.0
,,M,505.0,947-1225,ALAMOGORDO,,,S,Y,15000.0,4.957143,3300.0,0.0,
Victoria,Dalton,F,,602-4899,,IL,,S,,70000.0,3.0,2000.0,0.0,0.0
Clenn,Shekhar,,,531-6133,BIRMINGHAM,AL,35219.0,S,Y,40000.0,5.0,,,300.0
,Abell,,412.0,868-1296,,PA,15548.0,M,,5000.0,3.07,0.0,0.0,
Maryann,Popp,F,,554-7516,,,67357.0,S,Y,5000.0,3.5,,,2250.0
,,M,504.0,116-8777,KROTZ SPRINGS,,,,Y,75000.0,6.0,4500.0,0.0,
,Moustafa,M,307.0,936-9403,HUNTLEY,,82218.0,,N,25000.0,0.0,,,
Berlinda,Dziadosz,F,302.0,787-5873,HARBESON,DE,,S,N,40000.0,4.586364,110.0,0.0,0.0
,Towheed,M,903.0,988-3339,COTTON CENTER,TX,79021.0,S,,5000.0,0.0,0.0,0.0,
Bitan,Altiok,,,362-4752,,KY,41535.0,M,Y,15000.0,2.6666667,0.0,40.0,20.0
,Guizani,,,356-3925,OCHOPEE,FL,34141.0,,Y,85000.0,0.0,0.0,0.0,
Utz,,,518.0,783-4456,SYRACUSE,NY,13225.0,M,,10000.0,4.011585,0.0,0.0,1000.0
Freimut,Gurzi,F,402.0,814-3506,HILDRETH,NE,68947.0,,N,30000.0,6.84,0.0,206.0,0.0
Sasa,Autexier,,252.0,151-4420,ALEXIS,NC,28006.0,M,,90000.0,7.6206293,0.0,6600.0,0.0
Sergi,,,802.0,128-2595,,VT,5443.0,M,,5000.0,3.6,0.0,6600.0,0.0
Bay,Philippatos,F,406.0,230-5286,BRADY,MT,59416.0,S,N,95000.0,6.9,,,0.0
Naftaly,Buitenhuis,,202.0,773-6042,WASHINGTON,,20390.0,M,Y,40000.0,9.0,0.0,2740.0,1370.0
Zhixue,Luesebrink,,,386-3048,WILMINGTON,DE,19898.0,M,N,75000.0,5.95,0.0,,0.0
,Leunen,M,270.0,662-4774,KUTTAWA,,,,Y,85000.0,6.0,20.0,,
,Habel,,,486-4511,,PA,17046.0,M,,95000.0,3.07,0.0,0.0,
Yosuke,Banh,F,304.0,160-1176,LYNCO,WV,,,Y,35000.0,4.75,2000.0,0.0,2000.0
,Liebowitz,M,308.0,815-9947,COLUMBUS,NE,,S,N,75000.0,6.84,103.0,,
Sugwoo,,F,701.0,989-2848,,ND,,S,,100000.0,2.914935,3300.0,0.0,0.0
,,M,606.0,810-4744,GULSTON,,,S,N,85000.0,6.0,20.0,0.0,
Ilana,Rohrbach,F,401.0,254-3486,PROVIDENCE,RI,2908.0,,Y,50000.0,0.0,,,0.0
,Shinozawa,,302.0,191-4489,NEWARK,DE,19712.0,,N,60000.0,5.95,,,
Patrenahalli,Jiang,F,,468-5483,,,74831.0,M,N,5000.0,3.0555556,0.0,2000.0,0.0
Eiichi,Rennels,,256.0,779-7776,JASPER,AL,35504.0,,N,25000.0,5.0,,,0.0
,Halpenny,M,,443-1287,BRIGHTON,CO,80602.0,S,,45000.0,4.63,0.0,0.0,
,Nedjah,F,,483-2252,ARCO,MN,56113.0,M,Y,85000.0,7.85,,,3300.0
Heekeun,Smailagic,,989.0,729-7067,RAY,MI,48096.0,,N,15000.0,3.9,,,0.0
,,M,641.0,648-7802,HAMILTON,,,S,N,80000.0,8.98,40.0,0.0,
Carin,Berdichevsky,F,307.0,690-6626,POWELL,WY,82435.0,,Y,100000.0,0.0,0.0,0.0,0.0
,,M,605.0,890-3303,SCENIC,SD,57780.0,,N,40000.0,0.0,,0.0,
Yoshifumi,Piens,,,579-8178,CERRO GORDO,NC,28430.0,S,N,55000.0,6.8863635,,,0.0
Viswanathan,Aidoud,F,256.0,710-6703,BRENT,AL,,S,,55000.0,5.0,1500.0,0.0,0.0
,Scheunemann,M,432.0,902-6987,HOUSTON,TX,77083.0,,N,35000.0,0.0,,,
,Bruha,,,560-6064,CHASE,,21027.0,M,N,70000.0,4.75,0.0,4800.0,
,,,716.0,679-3699,MALDEN BRIDGE,,12115.0,,N,65000.0,4.330183,0.0,0.0,
,Kamp,,,621-3037,NEWARK,,19713.0,,N,70000.0,5.95,0.0,220.0,
,,M,712.0,945-5738,HARTLEY,IA,,S,N,55000.0,8.65488,40.0,0.0,
Vitor,Olkin,,443.0,992-7621,OCEAN CITY,MD,21843.0,,,85000.0,4.75,,,0.0
,,,802.0,162-8291,WEST HARTFORD,,5084.0,M,Y,60000.0,4.1988535,,6600.0,3300.0
,Kamo,M,,625-2521,SNOWMASS VILLAGE,CO,81615.0,S,,45000.0,4.63,0.0,0.0,
Bhaskar,,,610.0,951-6784,,PA,19435.0,S,N,60000.0,3.07,0.0,0.0,0.0
,Phan,M,213.0,115-2918,MOSS BEACH,CA,94038.0,,,60000.0,9.3,,,
,Newhagen,,,532-4426,WATERLOO,IA,50706.0,M,Y,35000.0,5.567322,,,
Yurii,Holvoet,F,,323-9706,BRETTON WOODS,NH,3575.0,S,N,35000.0,0.0,0.0,0.0,0.0
,,M,775.0,680-6320,CARSON CITY,,89712.0,M,Y,95000.0,0.0,0.0,0.0,
,,,802.0,183-4412,LYNDONVILLE,VT,5851.0,,Y,60000.0,4.1988535,,6600.0,3300.0
,Hatcher,M,207.0,912-8066,FRENCHBORO,ME,,S,Y,25000.0,8.5,2850.0,0.0,
,Elustondo,,,623-4371,WALTERBORO,SC,29488.0,M,Y,95000.0,7.0,0.0,6600.0,
,Behm,M,,625-6195,CORONADO,CA,92118.0,M,Y,55000.0,9.3,0.0,174.0,
,Demphlous,,,524-1214,WADE,,28395.0,M,N,60000.0,6.9912586,0.0,6600.0,
,,,502.0,697-2180,HAWESVILLE,KY,42348.0,M,,90000.0,6.0,0.0,40.0,
,,,513.0,925-2196,,,43941.0,M,N,60000.0,2.537718,0.0,2600.0,
Adwait,Apt,F,,592-9506,,AZ,86031.0,M,Y,60000.0,3.645,0.0,4200.0,2300.0
,Arlazarov,,,393-1501,MEADOWS OF DAN,,24120.0,,Y,85000.0,5.75,0.0,1800.0,
,Guha,F,952.0,155-6140,HAMBURG,,,S,Y,35000.0,6.1232123,3300.0,0.0,3300.0
,Gawecki,M,,286-6879,FENWICK ISLAND,DE,,S,Y,75000.0,5.95,110.0,0.0,
,Heeffer,M,,400-9517,TEIGEN,MT,59084.0,M,Y,15000.0,6.9,0.0,3800.0,
,Hardjono,M,,416-1694,HAMPTON,,,S,Y,80000.0,7.85,3300.0,0.0,
,Gabrielian,,,533-6980,,PA,16683.0,M,,60000.0,3.07,0.0,0.0,
,Kallman,M,401.0,206-2558,,RI,2837.0,S,N,50000.0,0.0,0.0,0.0,
,Reggio,,864.0,874-6899,ORANGEBURG,,29117.0,,N,55000.0,7.0,,,
,Steigerwald,M,,447-8503,LOOKEBA,OK,73053.0,,Y,50000.0,6.25,,,
Xiangmin,Kibati,F,909.0,757-3058,HICKMAN,CA,,,,100000.0,9.3,87.0,0.0,272.0
Zhimming,Bresenham,F,,642-9334,PAWLEYS ISLAND,SC,,,N,50000.0,7.0,3300.0,0.0,0.0
Ulfar,,F,787.0,689-2770,,PR,970.0,M,,100000.0,0.0,0.0,0.0,0.0
,Bruno,M,,332-3470,,WY,82218.0,M,N,45000.0,0.0,0.0,0.0,
Guozhong,Gurzhiv,F,913.0,872-8573,LANSING,KS,66043.0,,N,100000.0,6.45,0.0,4500.0,0.0
Heidi,Lafuente,F,,278-6044,WATERBURY,CT,,S,N,80000.0,5.0,12750.0,,0.0
Silvina,Pinches,F,,382-6777,,NV,89703.0,M,,10000.0,0.0,,,0.0
Arco,Winstone,F,,310-6499,LANCASTER,MO,63548.0,,N,60000.0,6.0,0.0,4200.0,0.0
,Mehlenbacher,M,,367-9562,WORCESTER,,1653.0,S,N,85000.0,5.3,,,
Papa,Seggelke,,302.0,180-4403,WILMINGTON,,19806.0,S,Y,55000.0,5.609091,,,110.0
,,,502.0,740-2132,GOSHEN,KY,40026.0,M,,90000.0,6.0,0.0,40.0,
Vassos,,F,808.0,163-4388,HONOLULU,HI,96826.0,,,25000.0,5.546053,,2080.0,1040.0
Abdelillah,,F,605.0,949-4999,,SD,57066.0,M,Y,20000.0,0.0,,0.0,0.0
,Vandenbroeck,M,903.0,727-9815,,TX,79322.0,M,,35000.0,0.0,0.0,0.0,
Mitesh,McCluskey,F,,499-5026,,,78054.0,S,Y,95000.0,0.0,0.0,,0.0
,Kriebel,,302.0,770-5468,SMYRNA,,19977.0,M,N,65000.0,5.95,0.0,,
,,,631.0,120-2769,STATEN ISLAND,,10306.0,M,N,20000.0,4.0695124,0.0,0.0,
,Tidwell,M,,380-1839,,TX,77326.0,S,Y,35000.0,0.0,0.0,0.0,
Birgit,Beigel,F,217.0,959-6767,,IL,,S,N,65000.0,3.0,2000.0,0.0,0.0
Mooi,Tillert,F,207.0,165-5512,LEVANT,,4456.0,,N,20000.0,8.5,0.0,5700.0,0.0
,,M,816.0,686-2884,ORRICK,MO,64077.0,,Y,20000.0,6.0,0.0,4200.0,
Xuding,Spirkovska,F,307.0,130-9872,,WY,82215.0,M,,85000.0,0.0,,,0.0
Ulfar,,F,603.0,174-7163,,NH,3608.0,M,,100000.0,0.0,0.0,0.0,0.0
,Bellotti,M,985.0,121-2312,NEW ORLEANS,LA,70174.0,,N,80000.0,6.0,0.0,9000.0,
Shiwa,Maslen,F,918.0,180-4582,SENTINEL,OK,,,,25000.0,6.25,1000.0,,0.0
Naphtali,,F,787.0,809-6268,,,601.0,M,Y,20000.0,0.0,0.0,0.0,0.0
Liviu,Pavlovsky,,478.0,882-6142,ATLANTA,,31196.0,M,N,45000.0,6.0,,,0.0
,Laurillard,,,369-5971,ARK,VA,23003.0,M,N,40000.0,5.75,0.0,,
Hans,O'Reagan,F,939.0,825-3977,,PR,613.0,M,Y,25000.0,0.0,,,0.0
,Reeve,M,401.0,223-8203,,RI,2862.0,M,,75000.0,0.0,,,
,Curthoys,M,,615-8277,NICKERSON,NE,,,,30000.0,6.84,103.0,0.0,
,Lucia,M,304.0,839-7700,NORTH SPRING,WV,,,N,70000.0,6.5,2000.0,,
Burke,Peres,F,316.0,697-9801,MAPLE CITY,KS,67102.0,,N,35000.0,6.45,,,0.0
Mark,Sartini,F,,498-6364,BERKLEY,,2779.0,M,Y,40000.0,5.3,,,1000.0
,McCaskey,M,,480-3648,,ND,,S,,10000.0,2.1,3300.0,,
,,,731.0,118-6864,,TN,38148.0,S,Y,25000.0,0.0,0.0,0.0,
,Vivekananda,M,339.0,246-1890,PEMBROKE,,2359.0,,N,50000.0,5.3,0.0,7150.0,
Brennan,,,703.0,945-7151,BRODNAX,VA,23920.0,M,N,30000.0,5.75,0.0,1800.0,0.0
,Saloma,,251.0,204-5079,BIRMINGHAM,,35229.0,S,Y,5000.0,5.0,,,
Clelia,Yamaashi,,229.0,688-6221,GUYTON,GA,31312.0,M,N,70000.0,6.0,0.0,5400.0,0.0
,Tarr,M,401.0,958-4419,,RI,2817.0,M,Y,35000.0,0.0,0.0,0.0,
Francis,Reischert,F,,275-6520,OMAHA,NE,68105.0,,Y,20000.0,5.685643,,,103.0
Maeve,Hannenhalli,F,,578-2203,SUCCESS,,,S,N,50000.0,6.0,2100.0,0.0,0.0
Verena,Louly,F,,579-5631,COLON,NE,68018.0,M,,20000.0,5.685643,0.0,,0.0
Fredj,Ashish,F,,526-3113,,ND,58484.0,M,N,75000.0,2.6251287,0.0,6600.0,0.0
Pranjal,Schattler,F,316.0,896-6789,,KS,67029.0,M,,5000.0,3.5,,,0.0
,Siochi,,,311-5580,CHARLOTTE,NC,28270.0,M,Y,15000.0,6.0472026,,,3300.0
Agenor,Draves,F,,495-9871,HONOLULU,HI,,,Y,100000.0,8.25,1040.0,0.0,1040.0
Brajesh,Carreras,F,,578-7036,,WY,82609.0,M,N,60000.0,0.0,0.0,0.0,0.0
Saulo,Gien,,,572-2295,,IN,47235.0,M,,65000.0,3.4,0.0,2000.0,0.0
Ranjeewa,,,646.0,688-5582,SYRACUSE,NY,13201.0,M,,35000.0,4.1564026,0.0,0.0,1000.0
Weiming,Denna,,423.0,178-9041,,TN,38569.0,S,,20000.0,0.0,0.0,0.0,0.0
,,M,601.0,976-5545,SANDERSVILLE,MS,,,N,20000.0,5.0,6000.0,0.0,
Gheith,Arz,F,907.0,946-6717,,AK,99557.0,M,Y,90000.0,0.0,0.0,0.0,0.0
Kazuya,Ahlsen,F,304.0,983-5060,RIO,,,,N,55000.0,6.1499996,2000.0,0.0,0.0
,,M,605.0,213-4795,,SD,57566.0,M,N,80000.0,0.0,0.0,0.0,
,Deren,M,,479-9045,STURKIE,AR,,S,,65000.0,7.0,20.0,0.0,
,Hasker,,,600-1395,,PA,15628.0,S,,25000.0,3.07,0.0,0.0,
,Woog,M,907.0,976-1680,,,99649.0,S,Y,25000.0,0.0,0.0,0.0,
Micki,Lobjois,F,,291-1429,,,77506.0,S,Y,15000.0,0.0,0.0,,0.0
Seongbin,Vural,F,302.0,201-7376,HARRINGTON,DE,,S,,70000.0,5.95,110.0,0.0,0.0
,,M,808.0,221-8443,HONOLULU,,,,N,80000.0,8.25,1040.0,0.0,
,Bage,,,339-8950,,TN,38472.0,M,,65000.0,0.0,0.0,0.0,
,Samadani,,,455-6789,SHELDON SPRINGS,VT,5485.0,M,N,65000.0,4.298331,,,
,,M,763.0,751-2822,RUSHFORD,,55971.0,,Y,75000.0,7.85,0.0,6600.0,
Rob,,F,715.0,108-8427,JANESVILLE,WI,,,,40000.0,5.1414094,700.0,0.0,0.0
Staphane,,F,720.0,982-5140,AURORA,CO,80044.0,M,,55000.0,4.63,0.0,0.0,0.0
Sakthirel,Laguitton,F,202.0,143-3135,WASHINGTON,DC,,S,,65000.0,9.0,1370.0,,1370.0
,Stiliadis,,,568-4937,IRASBURG,VT,5845.0,,Y,80000.0,4.5967627,,,
,Galtieli,M,256.0,229-9313,LESTER,AL,,,,20000.0,5.0,1500.0,0.0,
,Molenkamp,M,,479-8220,GLENDALE,OR,97442.0,S,,40000.0,9.0,,,
,,M,802.0,159-5492,CORINTH,VT,,S,,70000.0,4.397808,3300.0,0.0,
,Kasahara,,,587-4680,BLAINE,ME,4734.0,M,,45000.0,8.5,0.0,5700.0,
,Frauenstein,M,,374-1372,PORTLAND,OR,,,Y,70000.0,9.0,159.0,0.0,
,Heiserman,M,,508-1748,SUMPTER,OR,,S,Y,70000.0,9.0,159.0,0.0,
Raymonde,Jagannathan,F,,402-3177,TOPEKA,KS,66667.0,M,,25000.0,5.4666667,0.0,4500.0,0.0
,Tanemo,M,406.0,933-4601,BABB,MT,,S,Y,80000.0,6.9,1900.0,0.0,
,Shanmugasundaram,,,544-3006,WASHINGTON,DC,20453.0,M,Y,5000.0,4.5,,,
Case,Erdi,,859.0,956-7015,,KY,41071.0,M,N,10000.0,2.3888888,0.0,40.0,0.0
,Miyakawa,M,,462-9920,AMHERST,MA,1002.0,M,N,5000.0,5.3,,,
,Marefat,,,396-1808,CARROLLTON,AL,35447.0,M,,25000.0,5.0,0.0,,
Raimundo,Yochum,F,848.0,105-3717,,NJ,,S,,50000.0,1.873125,1000.0,0.0,1500.0
,Dkaki,M,,353-2129,CEDAR CITY,UT,84720.0,M,,25000.0,7.0,0.0,4950.0,
Nasi,,,608.0,942-3619,RACINE,,53405.0,,N,60000.0,5.488912,0.0,1400.0,0.0
Valeri,Brunk,F,,340-2997,OKLAHOMA CITY,OK,73179.0,,,80000.0,6.25,0.0,2000.0,0.0
,Haban,M,406.0,797-1290,GARRISON,,59731.0,M,N,60000.0,6.9,0.0,3800.0,
Joaquin,Cremonini,F,,600-4925,LINCOLN ACRES,,,,Y,95000.0,9.3,87.0,0.0,272.0
,Uren,M,,376-3491,FALLON,MT,59326.0,M,,35000.0,6.9,0.0,3800.0,
Kiyoshi,,F,520.0,976-1603,PHOENIX,,85021.0,,Y,85000.0,4.0325,0.0,4200.0,2300.0
Lucia,,F,605.0,671-4609,,,57523.0,S,Y,25000.0,0.0,0.0,0.0,0.0
,Roskies,M,,619-3526,HOSSTON,LA,71043.0,,,20000.0,4.4,,,
Demetri,Pocholle,,917.0,848-7256,BRONX,NY,10468.0,M,N,90000.0,4.475,,,0.0
,Kaas,,,492-9389,,,38330.0,M,Y,35000.0,0.0,0.0,0.0,
,,M,603.0,764-2677,,NH,3813.0,M,Y,80000.0,0.0,0.0,0.0,
Elia,Laugerotte,F,,327-1132,,NH,3782.0,M,Y,90000.0,0.0,0.0,,0.0
Dhamir,,F,507.0,816-6296,LITTLEFORK,MN,,,N,70000.0,7.85,3300.0,0.0,0.0
Cirano,Protasov,F,,436-2782,MERINO,CO,80741.0,,N,85000.0,4.63,,,0.0
,,F,701.0,900-1126,,ND,58422.0,M,,60000.0,2.451245,0.0,6600.0,3300.0
,Hagert,,,335-9773,,TN,37804.0,S,Y,55000.0,0.0,0.0,0.0,
,Palomar,,252.0,227-5970,CEDAR MOUNTAIN,NC,28718.0,M,Y,15000.0,6.0472026,,,3300.0
,Laxer,,952.0,742-3008,GRAND MARAIS,MN,55604.0,M,Y,20000.0,5.35,0.0,,
,,M,603.0,161-5894,,NH,3231.0,M,N,5000.0,0.0,0.0,0.0,
Mauno,Michaels,F,413.0,843-8346,BOSTON,,2110.0,S,Y,75000.0,5.3,,,1000.0
,,M,701.0,653-3538,,,58737.0,M,Y,35000.0,2.161439,0.0,6600.0,
,Kadous,M,,377-9224,,WA,98555.0,S,Y,70000.0,0.0,0.0,0.0,
,,M,605.0,682-1210,,SD,57375.0,S,N,95000.0,0.0,0.0,0.0,
,Potharst,M,208.0,944-1960,,ID,83806.0,S,,5000.0,2.6903439,,,
,Forcade,M,,381-8890,RANDSBURG,CA,93554.0,,,80000.0,9.3,0.0,174.0,
Candance,Taghva,F,307.0,740-5280,,WY,83122.0,S,Y,70000.0,0.0,,,0.0
Roderick,Smithline,,,414-3056,STAMFORD,CT,6914.0,S,,85000.0,5.0,,,0.0
,Casey,M,,436-1445,,IL,,S,,15000.0,3.0,2000.0,0.0,
,Waldherr,M,939.0,917-1257,,PR,771.0,S,N,25000.0,0.0,0.0,0.0,
Michaela,Erva,F,939.0,252-3217,,,920.0,S,N,55000.0,0.0,0.0,0.0,0.0
Jock,Unalyr,F,210.0,257-5900,,,78460.0,M,N,35000.0,0.0,0.0,0.0,0.0
Will,Coste,F,361.0,938-7723,,TX,76432.0,M,,5000.0,0.0,0.0,0.0,0.0
,Anjur,,,635-8604,,,42754.0,M,N,15000.0,2.6666667,0.0,40.0,
Richard,Backes,F,406.0,663-2818,JOLIET,MT,,,,65000.0,6.9,1900.0,0.0,0.0
Maeve,Kitai,F,406.0,946-9150,,,,S,N,5000.0,2.3732758,1900.0,,0.0
,Panienski,,,568-1321,BAILEY,MS,39320.0,M,N,40000.0,5.0,,,
,Peir,M,207.0,133-3889,AURORA,,4408.0,S,N,80000.0,8.5,,,
,Rosenzweig,,,439-4946,,,33309.0,S,N,50000.0,0.0,,,
Jeanna,Kinoshita,F,,589-7357,,,,S,N,15000.0,3.4,1000.0,0.0,0.0
,Yanker,,,342-2156,MILLEDGEVILLE,,31059.0,,Y,40000.0,6.0,0.0,5400.0,
Yoshiyuki,,F,719.0,671-8497,FORT GARLAND,CO,81133.0,M,N,65000.0,4.63,0.0,0.0,0.0
Imtiaz,Villano,,228.0,909-5566,HICKORY,MS,39332.0,,Y,60000.0,5.0,0.0,12000.0,1500.0
,Doornbos,,,552-2588,,NJ,8502.0,M,Y,75000.0,2.267396,0.0,2000.0,
Thucydides,Mitzlaff,F,,596-2304,CRESTED BUTTE,CO,81225.0,S,,10000.0,4.63,,,0.0
Fabio,Golm,F,971.0,683-1472,GRANTS PASS,OR,,S,Y,70000.0,9.0,159.0,0.0,159.0
,Bernardinello,M,,323-4377,NEWPORT,,,,N,20000.0,9.0,159.0,0.0,
,Alimohamed,M,251.0,859-4157,ADAMSVILLE,,,S,Y,30000.0,5.0,1500.0,0.0,
,Landi,M,337.0,745-1355,ZACHARY,,,S,N,55000.0,6.0,4500.0,,
Yuzou,Derthick,F,,335-5064,,WY,82834.0,S,Y,60000.0,0.0,0.0,0.0,0.0
,Sitaraman,M,,327-4354,PURDUM,NE,69157.0,,,90000.0,6.84,,,
,Zartmann,M,409.0,218-2337,,TX,78220.0,S,Y,60000.0,0.0,0.0,0.0,
,Vaschenko,M,,408-2624,ADELANTO,CA,,S,Y,20000.0,4.2297716,87.0,0.0,
,Carballo,M,253.0,880-8080,,WA,99157.0,M,,70000.0,0.0,0.0,0.0,
Francisca,Chuat,F,,375-7598,,IN,,S,N,90000.0,3.4,1000.0,0.0,0.0
Sergei,,F,480.0,106-1847,,AZ,86024.0,M,,50000.0,3.49,,4200.0,0.0
,Birta,M,,428-3622,,,3809.0,M,N,20000.0,0.0,0.0,0.0,
,,M,603.0,740-7221,,NH,3447.0,S,,10000.0,0.0,0.0,0.0,
,Stefano,M,,418-5432,SANTA FE,NM,87592.0,,Y,75000.0,5.3,,,
Bassem,Bruel,F,231.0,924-7939,PERRINTON,MI,,,Y,100000.0,3.9,3100.0,0.0,3100.0
,Hader,,240.0,939-7321,FAIRPLAY,MD,21733.0,M,Y,25000.0,4.75,0.0,4800.0,
Carrsten,Milos,,229.0,838-4879,MACON,GA,31208.0,,Y,35000.0,6.0,,,3000.0
Sethuraman,Eskridge,,,357-1307,,TN,37035.0,M,,60000.0,0.0,0.0,0.0,0.0
,Miliades,,,355-2300,HANCOCK,,5748.0,M,N,65000.0,4.298331,,,
,Clowes,M,401.0,218-7280,,,2882.0,S,N,40000.0,0.0,0.0,0.0,
,Slosberg,M,,428-1543,,IL,62719.0,M,,30000.0,3.0,,,
,Palhang,M,,619-8906,CHARLESTON,MO,63834.0,S,N,90000.0,6.0,,,
,Fushchich,M,,562-4120,HONOLULU,HI,,,N,35000.0,7.3486843,1040.0,0.0,
Jinxi,Gomide,,,645-1431,CLAYTON,,49235.0,M,N,10000.0,3.9,0.0,6200.0,0.0
Guangwei,Merks,F,971.0,105-2470,CAVE JUNCTION,OR,97523.0,M,Y,45000.0,9.0,,,159.0
Ling,Guojun,,865.0,798-4004,,,37327.0,M,Y,95000.0,0.0,0.0,0.0,0.0
,Moustafa,,,619-9188,PALMER,MI,49871.0,,,85000.0,3.9,,,
,Landy,M,405.0,192-5134,TULSA,,,S,Y,45000.0,6.25,1000.0,,
Menas,Shyamasundar,,228.0,778-9680,CROWDER,,38622.0,S,N,75000.0,5.0,,,0.0
Tschera,Linville,F,,586-9820,PARKVILLE,MD,,,,30000.0,4.75,2400.0,,2400.0
,Melkman,,,448-2801,ARLINGTON,VA,22215.0,S,N,35000.0,5.75,,,
Chong,Abrantes,F,939.0,180-8590,,PR,981.0,S,N,60000.0,0.0,0.0,0.0,0.0
,Zirintsis,,904.0,139-5896,,FL,32702.0,S,N,30000.0,0.0,0.0,0.0,
Raimundo,Mihalisin,,218.0,895-3300,HAMEL,MN,55340.0,M,,15000.0,5.35,,,0.0
Zhenyi,Bentlage,F,,631-9571,BLENKER,WI,,S,N,60000.0,5.488912,700.0,0.0,0.0
Yucel,Kartik,F,,427-9040,,WY,82515.0,M,Y,30000.0,0.0,0.0,0.0,0.0
,,M,701.0,647-5552,,ND,58801.0,M,Y,55000.0,2.3932838,0.0,6600.0,
Yali,Pietro,,,265-3070,CHUNKY,MS,39323.0,S,,20000.0,5.0,,,0.0
Alle,Kanodia,F,308.0,660-2284,SHELBY,NE,,S,Y,90000.0,6.84,103.0,0.0,103.0
Aicha,Spampinato,F,,412-1553,,RI,2880.0,S,Y,25000.0,0.0,,,0.0
Katsuhiko,Rael,F,,272-1837,PENN VALLEY,,95946.0,,N,70000.0,9.3,,,0.0
,Schroff,M,907.0,830-1173,,AK,99648.0,S,,85000.0,0.0,,,
,Ozeri,,,466-4981,HARTLY,DE,19953.0,M,Y,60000.0,5.95,,,
Shimeng,Rosenzweig,,,600-5260,PANORA,IA,50216.0,,,65000.0,8.98,,,0.0
Wuudiann,Krunz,F,,618-4832,FREEBURG,MO,65035.0,M,,75000.0,6.0,0.0,,0.0
,Tomassini,M,,449-7997,BOGALUSA,,70427.0,M,N,95000.0,6.0,0.0,9000.0,
Yasuyuki,,F,573.0,194-9714,HARTVILLE,MO,,S,,70000.0,6.0,2100.0,0.0,0.0
Elwyn,Gien,F,,576-7230,LONGLEAF,LA,71448.0,,Y,35000.0,6.0,0.0,9000.0,1000.0
,Pradelles,,,332-3661,ALBANY,GA,31704.0,M,N,55000.0,6.0,,,
Arnould,,F,808.0,114-9189,KAHULUI,HI,96733.0,,Y,60000.0,8.25,,2080.0,1040.0
,Ciardo,M,307.0,741-7129,,WY,82943.0,M,N,25000.0,0.0,0.0,0.0,
Souad,Cassels,,,270-1139,,TN,37218.0,M,,65000.0,0.0,0.0,0.0,0.0
,,M,808.0,681-6071,MILILANI,HI,96789.0,,Y,75000.0,8.25,0.0,2080.0,
Emile,,F,618.0,752-2543,,IL,62463.0,M,N,75000.0,3.0,0.0,4000.0,0.0
,Bednarek,,201.0,949-7373,,NJ,7495.0,M,N,60000.0,2.0308332,0.0,2000.0,
Xiaopeng,Cater,F,,344-8839,MANKATO,MN,,,,75000.0,7.85,3300.0,0.0,0.0
,Collavizza,M,,619-1421,MASON CITY,IA,,,N,60000.0,8.98,40.0,0.0,
Jerold,,F,775.0,178-3706,,,89802.0,S,Y,35000.0,0.0,,0.0,0.0
Eyas,,,812.0,663-6130,,IN,46991.0,S,N,40000.0,3.4,,0.0,0.0
,Bitan,M,,629-8492,,ND,,S,Y,65000.0,2.5092063,3300.0,0.0,
Avadis,Jockley,,,353-9953,FRIENDSHIP,WI,53934.0,M,N,85000.0,5.9232907,0.0,1400.0,0.0
Musaravakkam,Chaturvedi,F,,579-3122,,,99564.0,S,N,100000.0,0.0,0.0,0.0,0.0
Mahendran,,,631.0,253-7127,FLUSHING,,11358.0,M,N,80000.0,4.4170732,,0.0,0.0
Maire,,F,774.0,868-1613,TURNERS FALLS,,,S,N,40000.0,5.3,3575.0,0.0,0.0
,,F,505.0,675-2705,SHIPROCK,,87420.0,S,Y,35000.0,5.3,,0.0,3300.0
,Ravi,,848.0,805-7361,,NJ,7002.0,M,N,95000.0,2.5828125,,,
,Goldhammer,M,425.0,905-5276,,,98438.0,S,N,70000.0,0.0,0.0,0.0,
,Struckmann,M,435.0,979-3524,MOUNT CARMEL,UT,84755.0,,Y,50000.0,7.0,,,
,Maehly,,,539-2219,,IN,46540.0,M,,25000.0,3.4,0.0,,
,Pettersen,,410.0,947-5269,JARRETTSVILLE,MD,21084.0,,Y,90000.0,4.75,,,
Seinosuke,Birch,F,307.0,670-7605,,WY,82435.0,S,,10000.0,0.0,0.0,0.0,0.0
,Lejter,,207.0,103-1794,STACYVILLE,ME,4777.0,M,,75000.0,8.5,0.0,,
,Episkopou,M,208.0,980-7629,WINCHESTER,ID,83555.0,M,,20000.0,6.948391,0.0,6600.0,
,,M,816.0,889-7719,COLUMBIA,MO,65217.0,S,Y,15000.0,6.0,,0.0,
,Pohm,M,316.0,806-2055,,,67066.0,M,Y,5000.0,3.5,,,
,,M,787.0,781-1783,,,693.0,M,Y,90000.0,0.0,,0.0,
Dinabandhu,,F,620.0,813-1922,,KS,,S,Y,15000.0,3.5,2250.0,0.0,2250.0
Boualem,Grabner,F,,384-6409,KEALIA,HI,,,Y,90000.0,8.25,1040.0,0.0,1040.0
,Bassolet,M,,275-9920,DRAIN,,97435.0,M,Y,15000.0,9.0,0.0,318.0,
Myungwhan,Gugliotta,F,,635-6840,,,,S,N,10000.0,2.0,4500.0,0.0,0.0
Sergei,Axelband,F,401.0,973-3965,,RI,2815.0,M,,90000.0,0.0,0.0,0.0,0.0
,Gibson,,,484-2627,,FL,32948.0,S,Y,90000.0,0.0,0.0,0.0,
Piercarlo,Cords,,313.0,855-4012,CASSOPOLIS,MI,49031.0,M,Y,75000.0,3.9,0.0,6200.0,3100.0
Hugues,Kruseman,F,316.0,876-8613,,KS,66840.0,M,N,10000.0,3.5,0.0,,0.0
Pascalin,Klaeren,F,406.0,692-2169,WHITETAIL,,,S,N,60000.0,6.9,1900.0,,0.0
,Kochskamper,M,,396-7889,,NH,3773.0,S,,90000.0,0.0,0.0,,
,Cousins,M,,514-6983,,AK,99503.0,M,Y,45000.0,0.0,0.0,0.0,
,Mangaser,,,432-3278,MASONIC HOME,,40041.0,,Y,95000.0,6.0,0.0,,
Yijun,Demmel,,,374-2724,,PA,15329.0,S,,55000.0,3.07,0.0,0.0,0.0
,Uehara,M,308.0,804-3474,ODESSA,NE,68861.0,,N,45000.0,6.84,0.0,206.0,
Telle,Pitsoulis,F,208.0,186-8808,STAR,ID,83669.0,S,,60000.0,7.8,,,0.0
,,,651.0,224-8368,HUTCHINSON,MN,55350.0,,Y,100000.0,7.85,,6600.0,3300.0
,Leder,M,417.0,219-3158,SAINT LOUIS,MO,,,Y,100000.0,6.0,2100.0,,
Vidar,,F,620.0,851-2222,,KS,66944.0,M,,15000.0,3.5,0.0,4500.0,0.0
,Kingston,,931.0,130-7963,,,37756.0,S,Y,90000.0,0.0,0.0,0.0,
Amaryllis,Zellmann,,423.0,700-2475,,TN,38575.0,M,N,50000.0,0.0,0.0,0.0,0.0
,Hopcroft,M,,514-2576,,,,S,N,40000.0,3.0,2000.0,0.0,
Andee,Kayton,F,907.0,897-9330,,AK,99666.0,S,Y,60000.0,0.0,0.0,0.0,0.0
Kap,Gustavson,F,,593-3851,,,58202.0,M,N,100000.0,2.914935,0.0,6600.0,0.0
Casimir,,F,603.0,828-5007,,NH,3802.0,M,N,30000.0,0.0,0.0,0.0,0.0
,Poigne,,,268-3306,SWISS,WV,26690.0,M,,55000.0,6.1499996,,,
,Marcken,,,524-2767,CLAUDVILLE,VA,24076.0,M,Y,25000.0,5.75,0.0,,
Kieron,Stentiford,,304.0,174-7642,WORTHINGTON,,26591.0,M,N,45000.0,5.45,,,0.0
,Chandna,,203.0,194-8497,TOLLAND,CT,6084.0,M,,80000.0,5.0,0.0,24500.0,
,Vouros,,,324-9790,BALL GROUND,GA,30107.0,M,N,90000.0,6.0,0.0,5400.0,
Samar,Telichevesky,F,,503-4241,,VT,,S,,35000.0,3.7014668,3300.0,0.0,0.0
,Daws,M,970.0,837-7754,ALMONT,,81210.0,M,N,80000.0,4.63,0.0,0.0,
,Dal,M,,408-1541,BIDDEFORD,ME,,S,Y,40000.0,8.5,2850.0,0.0,
Elenita,Kawagoe,F,,480-2503,,RI,2812.0,M,N,60000.0,0.0,0.0,0.0,0.0
,Suraweera,,931.0,991-2892,,TN,37022.0,M,,100000.0,0.0,,,
Kerkko,Aylett,F,,582-5347,OXFORD,,,,Y,65000.0,5.3,3575.0,0.0,1000.0
Aurel,Cavallo,,202.0,902-2796,WASHINGTON,DC,20565.0,M,Y,75000.0,9.0,0.0,2740.0,1370.0
,Kess,F,,444-5289,SUGAR CITY,ID,83448.0,M,Y,60000.0,7.8,0.0,6600.0,3300.0
,Georgatos,M,,530-1549,EUDORA,KS,,S,,45000.0,6.45,2250.0,0.0,
,,M,605.0,805-8556,,SD,57709.0,M,,60000.0,0.0,0.0,0.0,
,Wurman,M,,529-6633,,AZ,,S,Y,65000.0,3.7224998,2100.0,0.0,
,,,570.0,774-3873,,PA,15226.0,S,,55000.0,3.07,,0.0,
Devanand,Brodsky,,443.0,178-5132,HYATTSVILLE,MD,20784.0,,N,100000.0,4.75,0.0,4800.0,0.0
,,M,769.0,720-7670,DIBERVILLE,MS,,S,,85000.0,5.0,6000.0,0.0,
,Gluck,,,291-8203,SIDNEY,KY,41564.0,M,,100000.0,6.0,0.0,40.0,
,Karl,,859.0,167-6264,MAYSVILLE,,41056.0,,Y,45000.0,4.333333,0.0,40.0,
,Landherr,M,208.0,931-9198,,ID,83626.0,M,Y,5000.0,2.6903439,0.0,,
Kamel,,,732.0,,,,7843.0,S,Y,20000.0,1.4,,0.0,1500.0
Michiko,,F,603.0,,,,3107.0,S,N,45000.0,0.0,,0.0,0.0
,Schrift,,,419-4062,,OH,43761.0,M,Y,40000.0,1.8738205,,,
,Godskesen,F,,555-6542,PUEBLO OF ACOMA,NM,87034.0,,,95000.0,5.3,0.0,6600.0,3300.0
Joohack,,F,701.0,934-9357,,,58368.0,M,N,15000.0,2.1,0.0,6600.0,0.0
Saydean,Stahl,,302.0,220-4885,FRANKFORD,DE,19945.0,M,,40000.0,4.586364,,,0.0
Heekyoung,Tanzariello,F,228.0,,SEBASTOPOL,MS,,,N,60000.0,5.0,6000.0,0.0,0.0
Evaggelos,,F,808.0,107-2966,HAUULA,HI,96717.0,M,N,40000.0,8.25,0.0,2080.0,0.0
,Dayhoff,,,464-7806,KANSAS,AL,35573.0,,Y,10000.0,5.0,0.0,3000.0,
,Reidl,M,307.0,,,WY,82717.0,M,,100000.0,0.0,,,
,,M,702.0,,,,89501.0,S,N,55000.0,0.0,0.0,0.0,
Lyle,Takada,,302.0,,NEW CASTLE,,19720.0,,N,50000.0,5.268182,,,0.0
,Khamare,M,304.0,,WHITMER,WV,,S,Y,35000.0,4.75,2000.0,0.0,
Ajith,Marzurkiewicz,F,870.0,924-1486,STAMPS,AR,71860.0,M,Y,50000.0,7.0,0.0,,20.0
Yichiang,,F,707.0,,LOCKEFORD,CA,95237.0,,,100000.0,9.3,,0.0,0.0
,Mitsuhashi,,317.0,,,IN,46168.0,S,,95000.0,3.4,,,
Jorge,Banbara,,917.0,,NEW YORK,,10033.0,,N,90000.0,4.475,0.0,0.0,0.0
Marinette,,F,603.0,,,,3447.0,M,N,10000.0,0.0,0.0,0.0,0.0
Dietrich,Mikitiuk,,302.0,,,DE,19947.0,S,N,5000.0,2.2,,,0.0
Gift,Dearden,F,304.0,,BEAVER,WV,,S,Y,40000.0,5.1000004,2000.0,0.0,2000.0
Yoshimi,,,641.0,,PRINCETON,IA,52768.0,,N,95000.0,8.98,,0.0,0.0
Anatoli,,F,612.0,,LISMORE,MN,56155.0,,N,10000.0,5.35,,0.0,0.0
,Purkayastha,,,495-4362,,VT,5680.0,M,,30000.0,3.6019895,,,
Ute,,F,787.0,,,PR,981.0,S,,10000.0,0.0,,0.0,0.0
June,Kitaev,,,431-5217,WASHINGTON,,20515.0,M,N,65000.0,9.0,0.0,,0.0
,,M,787.0,,,PR,927.0,M,Y,40000.0,0.0,,0.0,
,Denecker,M,205.0,,FAIRFIELD,AL,,S,Y,5000.0,5.0,1500.0,0.0,
,,,571.0,776-3406,ONANCOCK,VA,23417.0,,,70000.0,5.75,0.0,1800.0,
,,M,586.0,,SAND LAKE,MI,,,N,60000.0,3.9,3100.0,0.0,
Macha,,F,605.0,,,,57427.0,S,N,50000.0,0.0,,0.0,0.0
,Angele,M,,632-1377,,,61931.0,M,Y,15000.0,3.0,0.0,4000.0,
Graziella,Veanes,F,202.0,,WASHINGTON,DC,,S,N,10000.0,4.5,1370.0,0.0,0.0
Lanfranco,Melzer,F,,575-7910,HELENA,,59623.0,M,N,100000.0,6.9,,,0.0
Erin,Perez,F,,546-9525,FORESTON,MN,56330.0,M,N,15000.0,5.35,,,0.0
,Dickmanns,M,409.0,,,TX,78071.0,S,Y,25000.0,0.0,0.0,0.0,
,,M,505.0,,SAN MIGUEL,NM,,,,20000.0,5.3,3300.0,0.0,
Tsutomu,Stampfel,F,402.0,896-3347,BROCK,NE,68320.0,M,,50000.0,6.84,,,0.0
,Jeansoulin,,,293-4556,BOWMAN,SC,29018.0,M,N,75000.0,7.0,0.0,6600.0,
Plamenka,,F,603.0,,,NH,3862.0,M,Y,50000.0,0.0,0.0,0.0,0.0
Jarno,Kamiko,F,260.0,,,,,S,N,35000.0,3.4,1000.0,0.0,0.0
,,M,509.0,,,,98613.0,S,Y,90000.0,0.0,0.0,0.0,
Avneesh,Alpay,F,939.0,,,PR,742.0,S,N,25000.0,0.0,0.0,0.0,0.0
Mircea,Wotawa,F,,354-6906,PHOENIX,,85073.0,,Y,100000.0,4.265,0.0,4200.0,2300.0
,Hancox,M,402.0,,HALSEY,NE,,S,N,25000.0,6.5736103,103.0,0.0,
Asao,,F,501.0,,,AR,72774.0,S,N,5000.0,1.3826939,,0.0,0.0
,,M,787.0,,,PR,612.0,M,Y,65000.0,0.0,,0.0,
Krista,Ginesta,F,401.0,,,,2839.0,S,Y,35000.0,0.0,0.0,0.0,0.0
,Togni,,,299-1836,BOWERSVILLE,GA,30516.0,M,,65000.0,6.0,0.0,5400.0,
,,,585.0,,MONGAUP VALLEY,NY,12762.0,,,70000.0,4.359146,,0.0,
Behrokh,,F,619.0,,TARZANA,CA,,S,Y,90000.0,9.3,87.0,0.0,272.0
Niclas,Benjauthrit,F,307.0,,,,82244.0,M,Y,75000.0,0.0,0.0,0.0,0.0
,,M,701.0,,,,,S,Y,15000.0,2.1,3300.0,0.0,
,Pericleous,,440.0,709-4342,,OH,44833.0,M,,80000.0,3.2016153,,,
,,M,603.0,,,NH,3256.0,S,N,85000.0,0.0,,0.0,
Sakae,Schmitz,,,530-3179,,NJ,7735.0,M,,5000.0,1.4,,,1500.0
,,M,603.0,,,,3449.0,M,Y,30000.0,0.0,0.0,0.0,
,Clowes,,,460-1921,DAUPHIN ISLAND,,36528.0,M,N,70000.0,5.0,0.0,3000.0,
Angela,,,563.0,,HEDRICK,IA,52563.0,S,N,55000.0,8.65488,,0.0,0.0
,Oreizy,M,312.0,731-9760,,IL,62964.0,M,Y,35000.0,3.0,,,
,Kocur,,843.0,950-9388,CHESNEE,,29323.0,M,Y,30000.0,7.0,0.0,,
Wenyu,Behm,F,304.0,,MOUNT CLARE,WV,,,,75000.0,6.5,2000.0,0.0,0.0
Jiong,,F,541.0,917-9436,MONROE,,97456.0,,Y,40000.0,9.0,0.0,318.0,159.0
,Dewan,,276.0,895-8791,SUSSEX,VA,23884.0,M,N,70000.0,5.75,0.0,1800.0,
,Ovrutcki,M,907.0,,,AK,99731.0,M,N,45000.0,0.0,,,
Hian,Abawajy,F,402.0,,JULIAN,NE,,,Y,10000.0,3.9097095,103.0,0.0,103.0
Tetsuya,,,615.0,,,TN,37715.0,M,,40000.0,0.0,0.0,0.0,0.0
Ulrich,Galiana,F,,484-4118,CANBY,CA,96015.0,M,,45000.0,9.3,0.0,174.0,272.0
,,M,608.0,,LEOPOLIS,WI,,,,30000.0,4.967658,700.0,0.0,
,,M,701.0,,,ND,,S,,50000.0,2.3353226,3300.0,0.0,
,Linusson,M,270.0,,,KY,,S,,35000.0,3.7777777,20.0,,
Sudhanshu,Schrift,,203.0,106-1786,BARKHAMSTED,CT,6063.0,M,,45000.0,5.0,,,0.0
Lila,Kneece,F,,581-1989,FAIRMONT,,68354.0,M,N,90000.0,6.84,0.0,,0.0
Simant,Heywood,,,499-3981,OAKWOOD,GA,30566.0,,,5000.0,4.4,0.0,5400.0,0.0
,Grad,,,308-3305,WOODBINE,MD,21797.0,M,N,15000.0,4.75,0.0,4800.0,
,Cullers,M,907.0,,,,99507.0,M,N,15000.0,0.0,0.0,0.0,
,,F,505.0,,ROSWELL,,,,Y,45000.0,5.3,3300.0,0.0,3300.0
,Ciolek,M,307.0,,,WY,82055.0,M,Y,45000.0,0.0,0.0,0.0,
,,M,520.0,,,AZ,85531.0,S,Y,30000.0,3.1799998,,0.0,
,,,802.0,227-7648,,VT,5825.0,M,,40000.0,3.800944,0.0,6600.0,3300.0
,,M,662.0,,OXFORD,MS,,,,75000.0,5.0,6000.0,0.0,
,,M,802.0,,,,,S,N,30000.0,3.6019895,3300.0,0.0,
,Lucio,,251.0,115-3442,NATURAL BRIDGE,AL,35577.0,,,30000.0,5.0,0.0,,
,Vondran,M,316.0,,TOPEKA,KS,,S,,95000.0,6.45,2250.0,0.0,
Josina,,F,501.0,,BONNERDALE,,,S,N,30000.0,7.0,20.0,0.0,0.0
Fumio,Kark,F,307.0,,,WY,82063.0,S,Y,35000.0,0.0,0.0,0.0,0.0
,Zullighoven,M,413.0,,TURNERS FALLS,MA,,S,,100000.0,5.3,3575.0,0.0,
,Makinen,M,401.0,,,RI,2807.0,S,N,100000.0,0.0,0.0,,
Josina,Simula,F,208.0,,BOISE,,83708.0,S,N,55000.0,7.8,,,0.0
,Langford,M,,494-7479,SOUTH HARWICH,,2661.0,M,Y,85000.0,5.3,0.0,,
Youngkon,Gasieniec,F,337.0,200-9569,LAWTELL,LA,70550.0,,N,85000.0,6.0,0.0,9000.0,0.0
Yaw,,F,580.0,915-4077,LUTHER,OK,73054.0,,,85000.0,6.25,0.0,2000.0,0.0
Kazuya,,F,605.0,,,,57479.0,M,N,50000.0,0.0,0.0,0.0,0.0
,,M,802.0,,THETFORD,,,S,Y,65000.0,4.298331,3300.0,0.0,
,Krisper,M,337.0,,PINEVILLE,LA,,,N,35000.0,6.0,4500.0,,
,,M,808.0,795-3440,KAPAAU,HI,96755.0,,N,70000.0,8.25,0.0,2080.0,
Arnim,,F,605.0,,,SD,57752.0,M,Y,100000.0,0.0,,0.0,0.0
,,F,701.0,,,ND,,S,Y,70000.0,2.5671675,3300.0,0.0,3300.0
,,M,636.0,,,MO,,S,,5000.0,3.75,2100.0,0.0,
Vagan,,F,508.0,,WESTBOROUGH,MA,,S,,45000.0,5.3,3575.0,0.0,0.0
Tunu,Cassaro,,252.0,702-3794,WILSON,NC,27894.0,M,,75000.0,7.305944,0.0,6600.0,0.0
Astrid,Sherrell,M,913.0,,FORD,KS,67842.0,S,Y,20000.0,4.483333,,,2250.0
Wonhee,Jungmann,F,989.0,,MARNE,MI,,,,100000.0,3.9,3100.0,0.0,0.0
Halime,Yach,M,,336-7413,HONOLULU,HI,96812.0,,Y,70000.0,8.25,0.0,2080.0,1040.0
Samir,Wadel,,202.0,809-7699,WASHINGTON,DC,20463.0,M,,45000.0,9.0,0.0,2740.0,0.0
Fathi,Kubica,M,307.0,,,WY,83013.0,M,N,80000.0,0.0,0.0,,0.0
Ranga,Encarnacion,F,928.0,,,AZ,,S,,65000.0,3.7224998,2100.0,0.0,2300.0
Ronni,Lodderstedt,F,425.0,,,WA,98024.0,S,,75000.0,0.0,0.0,,0.0
Deanna,Falmagne,F,203.0,,SHELTON,CT,,S,Y,40000.0,5.0,12750.0,0.0,0.0
Chenghui,Tzafestas,,,284-7150,BROOKSTON,MN,55711.0,M,N,60000.0,7.4572573,0.0,6600.0,0.0
Jeongyoujng,Rappoport,,330.0,,,,44118.0,S,N,90000.0,3.533564,,,0.0
Brennan,Galati,F,,412-8906,ATTLEBORO FALLS,MA,2763.0,M,N,75000.0,5.3,0.0,7150.0,0.0
Noela,Preusig,M,312.0,935-6745,,,62316.0,M,N,80000.0,3.0,,,0.0
Jesas,Konuru,,201.0,185-2638,,,8062.0,M,N,40000.0,1.7154167,0.0,,0.0
Laszlo,Schaedler,,,535-5467,FRIENDSHIP,,20758.0,M,Y,55000.0,4.75,,,2400.0
Bui,Breugel,,313.0,795-3740,HOLLAND,MI,49424.0,,N,85000.0,3.9,0.0,6200.0,0.0
Jongpil,,F,785.0,154-7654,SOLDIER,,66540.0,M,Y,95000.0,6.45,0.0,4500.0,2250.0
Debasis,Kaizoji,,302.0,184-4996,HARBESON,DE,19951.0,M,Y,65000.0,5.95,0.0,220.0,110.0
Tsutomu,Giacomo,,,472-9703,WATERS,MI,49797.0,M,,90000.0,3.9,0.0,6200.0,0.0
Nobuyuki,Ferriere,F,,360-1133,KAMAS,,84036.0,,Y,80000.0,7.0,0.0,4950.0,2475.0
Pranay,Marinova,M,907.0,,,AK,99670.0,M,,10000.0,0.0,0.0,,0.0
Ilias,,M,501.0,,DIERKS,AR,,S,Y,55000.0,7.0,20.0,0.0,20.0
Micheal,Deverell,,,357-9888,WASHINGTON,,20392.0,M,Y,30000.0,9.0,0.0,2740.0,1370.0
Vineet,Elenbaas,F,870.0,,MC CRORY,AR,,,,65000.0,7.0,20.0,0.0,20.0
Vishal,Cat,F,,453-3426,PLEVNA,MT,59344.0,,,30000.0,6.9,0.0,3800.0,1900.0
Soloman,,M,602.0,,,AZ,,S,,35000.0,3.2575,2100.0,0.0,0.0
Suzanna,,,810.0,,PERRINTON,MI,48871.0,,,85000.0,3.9,,0.0,0.0
Christipher,Reipa,M,,471-5887,,IL,60416.0,M,Y,100000.0,3.0,,,2000.0
Zhihui,Drexl,F,308.0,,WILBER,NE,,S,Y,90000.0,6.84,103.0,0.0,103.0
Egon,Puterman,,,525-6023,NORTH STONINGTON,CT,6359.0,,N,15000.0,5.0,,,0.0
Bjajesh,,M,563.0,,MONTOUR,IA,,,N,30000.0,4.795432,40.0,0.0,0.0
Carol,Lunbeck,M,,462-4984,LAWRENCE,MA,1840.0,,Y,55000.0,5.3,0.0,,1000.0
Keumog,Kracsony,M,940.0,,,,75360.0,S,N,35000.0,0.0,0.0,,0.0
Bennet,Trung,F,401.0,,,RI,2827.0,S,Y,5000.0,0.0,0.0,0.0,0.0
Wilfred,Casteran,M,939.0,,,PR,965.0,M,,45000.0,0.0,0.0,0.0,0.0
Subhasish,Barreteau,M,480.0,852-5820,,AZ,85711.0,M,,65000.0,3.7224998,0.0,4200.0,0.0
Manjote,Xiaoshan,,,565-5401,RHODES,,50234.0,,N,85000.0,8.98,0.0,80.0,0.0
Fen,Fornaciari,,319.0,676-2569,TRUESDALE,IA,50592.0,M,N,40000.0,6.339211,0.0,80.0,0.0
Fulvio,Scheidler,F,402.0,,ASHLAND,NE,68003.0,S,N,70000.0,6.84,,,0.0
Sylviane,Perring,,912.0,,MEANSVILLE,GA,30256.0,,,15000.0,6.0,,,0.0
Lee,Ramiller,M,337.0,216-6869,,,70765.0,M,Y,5000.0,2.0,,,1000.0
Pallab,Nadon,,937.0,,,,43343.0,S,N,75000.0,3.0356412,,,0.0
Tomohiro,Ohmoto,F,417.0,,BEULAH,MO,65436.0,S,,80000.0,6.0,,,1200.0
Shanda,Gelsey,F,217.0,,,IL,,S,,100000.0,3.0,2000.0,0.0,2000.0
Raimund,Burnard,M,270.0,,HERNDON,KY,,,,55000.0,4.888889,20.0,0.0,20.0
Aloys,,M,720.0,,MONARCH,CO,81227.0,,Y,85000.0,4.63,0.0,0.0,0.0
Khaled,Saleeb,M,207.0,,GREENWOOD,,4255.0,S,N,55000.0,8.5,,,0.0
Natsume,Messina,,304.0,,GREAT CACAPON,,25422.0,S,N,95000.0,6.5,,,0.0
Georg,Berglas,F,262.0,,ROSENDALE,WI,,,Y,75000.0,5.7495394,700.0,0.0,400.0
YunLong,Zaroliagis,M,334.0,,HUNTSVILLE,AL,,,N,45000.0,5.0,1500.0,0.0,0.0
Michiharu,Dairaine,,202.0,137-6658,WASHINGTON,,20515.0,M,N,45000.0,9.0,0.0,2740.0,0.0
Stefanos,,F,808.0,,PAHOA,HI,,,,65000.0,8.25,1040.0,0.0,1040.0
Rommert,Blumenthal,F,409.0,,,TX,76706.0,M,,75000.0,0.0,0.0,0.0,0.0
Slim,Schmezko,M,857.0,649-6884,AMHERST,MA,1003.0,M,,70000.0,5.3,,,0.0
Nobu,Kaizoji,M,302.0,,WILMINGTON,,,S,N,45000.0,4.927273,110.0,0.0,0.0
Danijela,,M,603.0,,,NH,3048.0,M,N,30000.0,0.0,0.0,0.0,0.0
Vikas,Papsdorf,,228.0,,FAYETTE,MS,39069.0,S,,15000.0,5.0,,,1500.0
,,,507.0,821-4854,BRITT,MN,55710.0,M,,10000.0,5.35,0.0,6600.0,3300.0
Larry,Hadon,F,414.0,,LODI,,,,N,95000.0,6.097042,700.0,0.0,0.0
Chung,,M,702.0,,,NV,89163.0,M,N,85000.0,0.0,,0.0,0.0
Regino,Gracco,,412.0,,,PA,15018.0,S,,30000.0,3.07,0.0,0.0,0.0
Frieder,,M,619.0,,LOS ANGELES,CA,,,Y,55000.0,9.3,87.0,0.0,272.0
Harvey,Nord,,,335-5918,,IN,47394.0,M,N,50000.0,3.4,,,0.0
Yunming,Weerasinghe,M,860.0,,NORTH HAVEN,CT,,,N,75000.0,5.0,12750.0,0.0,0.0
Nagisa,Papakostas,,910.0,,CHARLOTTE,,28266.0,S,N,85000.0,7.515734,,,0.0
Carla,Uren,,,545-9800,WILMINGTON,DE,19893.0,M,N,60000.0,5.95,0.0,220.0,0.0
Orestes,Rudisin,M,207.0,,,,4568.0,S,Y,5000.0,2.2135036,,,2850.0
Mizuko,Dym,M,401.0,,,,2872.0,M,N,80000.0,0.0,0.0,0.0,0.0
Arnon,,F,503.0,,PORTLAND,OR,,,N,40000.0,9.0,159.0,0.0,0.0
Saku,Lappalainen,M,925.0,,ARVIN,CA,,S,,30000.0,6.590543,87.0,,272.0
Marios,Ullian,M,,285-2419,BOISE,,83733.0,M,N,75000.0,7.8,0.0,6600.0,0.0
Hiraku,,F,662.0,,BILOXI,MS,,S,N,40000.0,5.0,6000.0,0.0,0.0
Gillermo,,M,608.0,,MILWAUKEE,WI,,,Y,90000.0,6.010166,700.0,0.0,400.0
Elmar,Gutbrod,M,303.0,,DENVER,CO,80209.0,S,Y,100000.0,4.63,0.0,0.0,0.0
Poorani,,F,702.0,,,NV,88901.0,S,,30000.0,0.0,0.0,0.0,0.0
Aito,,M,605.0,,,SD,57381.0,M,Y,75000.0,0.0,0.0,0.0,0.0
Oron,,F,603.0,,,,3111.0,S,Y,10000.0,0.0,0.0,0.0,0.0
Jinpo,Otillio,,859.0,925-7431,,,40037.0,M,Y,30000.0,3.5,,,20.0
Tomyyuki,N'Dong,,,431-2621,,NJ,8832.0,M,,15000.0,1.4,,,0.0
Avis,,,610.0,,,PA,19345.0,M,N,50000.0,3.07,,0.0,0.0
Curd,Riel,,,308-7189,GALLMAN,MS,39077.0,M,N,35000.0,5.0,,,0.0
Haijo,Tsukuda,F,402.0,,ARCHER,NE,,S,N,25000.0,6.5736103,103.0,0.0,0.0
Mauno,Glockner,,,323-1163,,,47110.0,M,N,10000.0,3.4,0.0,2000.0,0.0
Katarzyna,Amendola,M,401.0,,,,2807.0,S,N,85000.0,0.0,0.0,0.0,0.0
Linlin,Kacprzyk,F,319.0,,MACKSBURG,,,,N,60000.0,8.98,40.0,0.0,0.0
Kokichi,Araya,,,385-3338,,,7194.0,M,Y,70000.0,2.1885417,0.0,2000.0,1500.0
Jianhui,Alborghetti,,215.0,,,,15278.0,M,Y,30000.0,3.07,0.0,0.0,0.0
Taiji,Erva,F,337.0,,NATCHITOCHES,LA,,,,50000.0,6.0,4500.0,0.0,1000.0
Jiazhen,,,740.0,780-5848,,,45212.0,M,N,85000.0,3.36759,0.0,2600.0,0.0
Shreesh,Greif,M,857.0,,EASTON,MA,,S,,80000.0,5.3,3575.0,0.0,1000.0
Shooichi,,F,580.0,,BURBANK,OK,,S,,55000.0,6.25,1000.0,0.0,1000.0
Matts,Michaylov,,901.0,,,,37063.0,S,N,50000.0,0.0,,,0.0
Pravil,,F,787.0,,,PR,690.0,M,,40000.0,0.0,0.0,0.0,0.0
Jakov,Buehler,,917.0,,NEW YORK,,10003.0,,N,80000.0,4.4170732,0.0,0.0,0.0
,,M,505.0,,TAOS SKI VALLEY,,,S,Y,80000.0,5.3,3300.0,0.0,3300.0
Roby,,F,603.0,,,NH,3305.0,M,,55000.0,0.0,0.0,0.0,0.0
Dekai,,F,606.0,,CORBIN,KY,,S,Y,60000.0,5.166667,20.0,0.0,20.0
Alty,Scutella,F,939.0,,,PR,678.0,M,Y,35000.0,0.0,,,0.0
Vilmar,,F,603.0,,,NH,3805.0,S,,55000.0,0.0,,0.0,0.0
Shigeharu,,M,503.0,121-8154,NORTH POWDER,OR,97867.0,,,5000.0,7.4102564,0.0,318.0,0.0
Sichen,Aly,F,254.0,,,TX,79223.0,S,,60000.0,0.0,0.0,0.0,0.0
Wilsin,Valkema,F,206.0,,,WA,99348.0,S,,40000.0,0.0,0.0,0.0,0.0
Kourosh,Samarapungavan,,423.0,,,,37929.0,M,N,45000.0,0.0,,,0.0
Mustafa,Kwatra,M,479.0,993-8073,MIDLAND,,72945.0,,N,45000.0,7.0,0.0,,0.0
Muralidharan,Iyengar,F,,566-2497,M C B H KANEOHE BAY,,96863.0,,N,30000.0,6.447368,0.0,2080.0,0.0
Kingsley,,M,620.0,,LITTLE RIVER,,,,Y,25000.0,5.4666667,2250.0,0.0,2250.0
Zhanliang,Pfeifer,F,406.0,919-7867,ALDER,MT,59710.0,M,Y,20000.0,6.9,,,1900.0
Ibrahim,,M,573.0,,JEFFERSON CITY,MO,65101.0,,N,15000.0,6.0,,0.0,0.0
Tridas,Kragelund,,251.0,111-2044,BIRMINGHAM,AL,35297.0,M,,45000.0,5.0,0.0,,300.0
Alain,Katoen,,,412-9277,SAVANNAH,GA,31409.0,,N,25000.0,6.0,0.0,5400.0,0.0
,,,803.0,774-7628,LAKE VIEW,SC,29563.0,,,75000.0,7.0,0.0,6600.0,3300.0
Euiseob,,M,605.0,,,SD,57016.0,M,Y,10000.0,0.0,0.0,0.0,0.0
Charlotte,,F,480.0,870-2006,,AZ,85731.0,M,Y,20000.0,3.0249999,0.0,4200.0,2300.0
Ponnarasu,Garrabrants,M,334.0,,SUNFLOWER,AL,,S,,50000.0,5.0,1500.0,0.0,300.0
Jaerheen,Routh,F,208.0,,MOUNTAIN HOME A F B,,83648.0,,N,25000.0,7.8,,,0.0
Vilas,Muhammad,,864.0,886-3281,CLEMSON,SC,29634.0,M,,75000.0,7.0,,,0.0
Yuemin,Straubing,,202.0,,WASHINGTON,DC,20030.0,S,N,10000.0,4.5,,,0.0
Jud,Colorni,M,971.0,167-5020,GRASS VALLEY,,97029.0,M,N,40000.0,9.0,0.0,318.0,0.0
Arash,Talpin,,,475-2911,TOWNSEND,DE,19734.0,M,N,75000.0,5.95,0.0,220.0,0.0
,Vakili,,,457-3155,VANDEMERE,NC,28587.0,M,Y,80000.0,7.410839,0.0,6600.0,3300.0
Michihiro,Pokrovskii,M,325.0,,,,77725.0,S,Y,70000.0,0.0,,,0.0
Mika,Brutlag,,941.0,,,,32219.0,S,Y,50000.0,0.0,0.0,0.0,0.0
Rabinder,Haemer,,412.0,,,PA,17238.0,M,,70000.0,3.07,0.0,0.0,0.0
Chu,,,540.0,955-1370,PORTSMOUTH,VA,23709.0,,N,35000.0,5.75,0.0,1800.0,0.0
Subir,Gunal,F,970.0,,AMHERST,CO,80721.0,M,,55000.0,4.63,0.0,0.0,0.0
,,M,651.0,862-1321,MILLVILLE,,55957.0,,Y,45000.0,6.6568303,0.0,6600.0,3300.0
Seshashayee,Kirschenbaum,M,,331-2249,AXTELL,UT,84621.0,M,,55000.0,7.0,0.0,,2475.0
Wendy,,M,719.0,,KIRK,CO,80824.0,,,95000.0,4.63,0.0,0.0,0.0
Hugh,Koppel,,941.0,,,FL,32246.0,S,Y,95000.0,0.0,0.0,,0.0
Cortes,Matuschka,,410.0,223-8023,GARRETT PARK,MD,20896.0,M,Y,75000.0,4.75,0.0,,2400.0
Felicja,,,631.0,,BROOKLYN,NY,11211.0,S,N,40000.0,4.1853657,,0.0,0.0
Rajagopalan,,,607.0,,OLD WESTBURY,NY,11568.0,,,5000.0,4.0,0.0,0.0,0.0
Jayanth,Zahle,F,,302-1147,MEDICINE LODGE,,67104.0,,Y,55000.0,6.45,0.0,4500.0,2250.0
Tyseer,,F,713.0,,,TX,78750.0,S,,45000.0,0.0,0.0,0.0,0.0
Huu,Prieditis,F,907.0,,,AK,99670.0,M,N,15000.0,0.0,,,0.0
Couto,Trachtenberg,F,907.0,,,AK,99666.0,S,N,55000.0,0.0,0.0,0.0,0.0
Zeljko,Tvrdik,M,417.0,,SAINT LOUIS,MO,,,N,10000.0,6.0,2100.0,0.0,0.0
Hiralal,Bidoit,M,859.0,,DUNNVILLE,KY,,S,Y,100000.0,6.0,20.0,0.0,20.0
Polle,Neurohr,F,978.0,,BROOKFIELD,MA,1506.0,S,,60000.0,5.3,,,1000.0
Nic,,,724.0,,,,15236.0,S,N,75000.0,3.07,,0.0,0.0
Yongcheng,Carpineto,,,534-3064,,NJ,7422.0,M,,10000.0,1.4,0.0,2000.0,1500.0
Les,Romeuf,,860.0,,SOMERS,,6071.0,S,Y,30000.0,5.0,,,0.0
Case,,F,815.0,,,IL,,S,N,95000.0,3.0,2000.0,0.0,0.0
Maurizio,Jungen,M,304.0,,,,,S,Y,10000.0,3.0,2000.0,0.0,2000.0
Kimmo,Getis,,,530-5939,,,44488.0,M,Y,35000.0,1.7078462,0.0,2600.0,1300.0
Chyuan,Gorton,F,202.0,,PARCEL RETURN SERVICE,DC,,,Y,55000.0,9.0,1370.0,0.0,1370.0
Lynda,Brysgalov,M,207.0,974-7748,ALNA,,4535.0,M,Y,65000.0,8.5,0.0,5700.0,2850.0
Ulrik,,,585.0,,HAGUE,NY,12836.0,S,,95000.0,4.5039635,0.0,0.0,0.0
Boguslaw,,F,787.0,,,PR,745.0,M,N,45000.0,0.0,,0.0,0.0
Mourad,,F,712.0,,LIBERTYVILLE,,,,N,85000.0,8.98,40.0,0.0,0.0
Reihard,Corno,F,203.0,,EAST HARTLAND,CT,,S,,25000.0,5.0,12750.0,0.0,0.0
Gesine,Levenez,F,857.0,,CHELSEA,MA,,S,N,15000.0,5.3,3575.0,,0.0
KayLiang,,,731.0,,,,38567.0,M,Y,60000.0,0.0,0.0,0.0,0.0
Nematollaah,,M,503.0,,IRONSIDE,,97908.0,,Y,80000.0,9.0,,0.0,159.0
Yaghout,Roohalamini,F,,302-7268,HELENA,MT,59620.0,M,,95000.0,6.9,,,1900.0
Oyekunle,Gruenwald,,,412-2909,WASHINGTON,,20071.0,M,Y,30000.0,9.0,0.0,2740.0,1370.0
Guisseppi,Akkermans,M,318.0,,JONESBORO,LA,,,N,45000.0,6.0,4500.0,0.0,0.0
Vijay,,,706.0,978-4929,MORVEN,GA,31638.0,,,95000.0,6.0,,5400.0,0.0
Gilberto,Wunderlin,F,847.0,,,IL,,S,Y,30000.0,3.0,2000.0,0.0,2000.0
Bitan,Delzanno,F,207.0,,GLEN COVE,ME,,S,N,15000.0,6.9580293,2850.0,0.0,0.0
Jed,,M,563.0,,OCHEYEDAN,,,,N,45000.0,7.111101,40.0,0.0,0.0
Takanari,,M,650.0,,,CA,,S,,15000.0,3.0493855,87.0,0.0,272.0
Christi,Kupsch,,,431-8205,MOBILE,AL,36609.0,,Y,20000.0,5.0,0.0,,300.0
Zongyan,Dillon,F,207.0,,,ME,,S,Y,5000.0,2.2135036,2850.0,0.0,2850.0
Friedbert,Cosar,,,559-9924,,IN,47722.0,M,N,40000.0,3.4,0.0,2000.0,0.0
Noriyoshi,Berk,F,443.0,,GARRETT PARK,,,S,Y,85000.0,4.75,2400.0,0.0,2400.0
Neri,,M,605.0,,,,57220.0,M,N,65000.0,0.0,0.0,0.0,0.0
Petra,,M,816.0,,OAK RIDGE,,,,N,30000.0,6.0,2100.0,0.0,0.0
Huisheng,Buekenhout,,,444-8976,,NJ,7860.0,M,N,100000.0,2.6616669,0.0,2000.0,0.0
Avra,,,610.0,,,PA,17105.0,M,N,70000.0,3.07,,0.0,0.0
Nan,Behrendt,M,208.0,,GREENCREEK,,,S,N,100000.0,7.8,3300.0,0.0,0.0
Yuhong,Bachus,M,207.0,,VIENNA,ME,,S,Y,10000.0,4.5857663,2850.0,0.0,2850.0
Yolanda,Litant,M,251.0,,PAINT ROCK,AL,,,,35000.0,5.0,1500.0,,0.0
Guohui,,M,605.0,,,SD,57219.0,M,N,25000.0,0.0,0.0,0.0,0.0
Isil,Marinova,F,401.0,,,,2877.0,S,N,90000.0,0.0,0.0,,0.0
,,F,505.0,,ALBUQUERQUE,NM,,S,Y,40000.0,5.3,3300.0,0.0,3300.0
Marilde,,,516.0,,THOMPSONVILLE,,12784.0,M,Y,70000.0,4.359146,,0.0,1000.0
Rakefet,,M,603.0,,,NH,3263.0,M,,10000.0,0.0,0.0,0.0,0.0
Karem,Tenopir,M,,313-6414,BROGAN,,97903.0,M,Y,25000.0,9.0,0.0,318.0,159.0
Cheeha,,,706.0,693-3993,STATESBORO,GA,30459.0,M,N,55000.0,6.0,0.0,5400.0,0.0
Jichiang,Paijmans,,269.0,,WHITE LAKE,,48386.0,S,N,95000.0,3.9,,,0.0
Syun,Heystek,F,318.0,,SHREVEPORT,LA,,S,,55000.0,6.0,4500.0,0.0,1000.0
Huiling,,,615.0,,,TN,37140.0,M,N,60000.0,0.0,0.0,0.0,0.0
Madanpal,Naggar,M,,450-7607,MOLALLA,,97038.0,,Y,10000.0,9.0,,,159.0
Gurmeet,Laxer,M,478.0,,MILLWOOD,GA,,,N,60000.0,6.0,2700.0,,0.0
Faiza,Oreizy,M,307.0,,,WY,82072.0,S,N,15000.0,0.0,,,0.0
Chengchang,Esch,F,940.0,,,TX,76678.0,S,N,40000.0,0.0,0.0,0.0,0.0
Vassili,Kerr,M,860.0,,STONINGTON,CT,,S,,25000.0,5.0,12750.0,0.0,0.0
Bashir,Ausiello,F,,391-7114,WICKES,AR,71973.0,M,Y,55000.0,7.0,0.0,40.0,20.0
Iara,Geppert,M,939.0,,,PR,910.0,M,Y,70000.0,0.0,0.0,0.0,0.0
,,,507.0,,SHAKOPEE,,55379.0,,Y,40000.0,6.3900213,,0.0,3300.0
Suphachai,Cypher,M,,440-5593,,AZ,85334.0,M,,20000.0,3.0249999,0.0,4200.0,0.0
Nageshwar,Kibati,M,401.0,,,,2801.0,M,N,30000.0,0.0,0.0,0.0,0.0
Taiichi,,M,603.0,,,NH,3865.0,M,,65000.0,0.0,0.0,0.0,0.0
Meral,,F,603.0,,,,3048.0,S,N,15000.0,0.0,,0.0,0.0
Hongji,Schwartzbauer,,248.0,989-6944,TRAVERSE CITY,MI,49686.0,M,N,90000.0,3.9,,,0.0
Peternela,Taff,,256.0,761-2076,TUSKEGEE,,36083.0,M,Y,75000.0,5.0,,,300.0
Haiyan,,F,603.0,,,NH,3052.0,M,Y,85000.0,0.0,,0.0,0.0
Lei,Raha,F,,605-7638,,,60062.0,M,N,45000.0,3.0,,,0.0
,Ginesta,F,919.0,,BLACK CREEK,NC,,S,,75000.0,7.305944,3300.0,0.0,3300.0
Nageshwar,Insfran,M,956.0,,,,78872.0,S,N,90000.0,0.0,0.0,0.0,0.0
Gianluigi,,M,702.0,,,NV,89081.0,M,Y,40000.0,0.0,0.0,0.0,0.0
Tian,,,616.0,,NORTH STAR,MI,48862.0,,,95000.0,3.9,,0.0,0.0
Dorothee,,M,702.0,,,NV,89005.0,S,Y,95000.0,0.0,,0.0,0.0
Liliana,Bahcekapili,,212.0,,YULAN,,12792.0,S,N,55000.0,4.272256,0.0,0.0,0.0
Christoforos,Turakainen,M,907.0,,,AK,99774.0,S,N,100000.0,0.0,0.0,0.0,0.0
Misa,Gellersen,,352.0,,,,33890.0,S,N,5000.0,0.0,0.0,0.0,0.0
Sungho,Regian,,,643-3728,KENNEDY,AL,35574.0,,,100000.0,5.0,,,0.0
Azeddine,Kiyama,M,225.0,,SHREVEPORT,LA,,S,Y,70000.0,6.0,4500.0,,1000.0
Junhui,Aimeur,,,380-3898,OCEAN SPRINGS,,39566.0,,N,50000.0,5.0,0.0,12000.0,0.0
Lushen,,,678.0,961-2123,CONYERS,,30012.0,M,Y,45000.0,6.0,0.0,5400.0,3000.0
Chokchai,Widjojo,M,,578-9995,RIO RICO,AZ,85648.0,,N,85000.0,4.0325,0.0,4200.0,0.0
Yabo,Oxenboll,,336.0,938-6846,RIDGECREST,NC,28770.0,,,70000.0,7.201049,,,0.0
Nanda,Cannon,,,642-9490,VIOLA,,19979.0,M,N,35000.0,4.245455,0.0,220.0,0.0
Takashige,Mausberg,,919.0,718-3841,MARSHALLBERG,NC,28553.0,,,60000.0,6.9912586,0.0,,0.0
,Bitar,,910.0,138-7328,COLLETTSVILLE,NC,28611.0,M,Y,35000.0,6.466783,0.0,6600.0,3300.0
Hung,Zendler,,305.0,,,FL,32257.0,S,N,85000.0,0.0,0.0,0.0,0.0
Ismailcem,Prini,,202.0,,WASHINGTON,,20004.0,S,N,70000.0,9.0,,,0.0
Nick,Tchoumatchenko,F,,355-8487,METAIRIE,,70055.0,,Y,65000.0,6.0,0.0,9000.0,1000.0
Pau,Moshkov,F,907.0,,,,99733.0,S,Y,95000.0,0.0,,,0.0
Eliseo,,F,660.0,,KANSAS CITY,MO,,,N,10000.0,6.0,2100.0,0.0,0.0
Vagan,Hilburn,F,304.0,,LEWISBURG,WV,,,,55000.0,6.1499996,2000.0,0.0,0.0
Liao,Bhal,M,325.0,,,,77625.0,M,Y,95000.0,0.0,0.0,0.0,0.0
Gunar,,M,605.0,,,SD,57633.0,M,N,10000.0,0.0,0.0,0.0,0.0
Seymour,Hagemann,F,,386-3800,SACRAMENTO,CA,95841.0,,,100000.0,9.3,0.0,174.0,0.0
Iara,Glymour,M,970.0,,DENVER,CO,80247.0,M,N,100000.0,4.63,0.0,0.0,0.0
Kosta,Brookner,,319.0,995-8951,DECORAH,,52101.0,M,N,50000.0,7.8829904,0.0,80.0,0.0
Harmen,,F,781.0,,WESTWOOD,MA,,S,Y,50000.0,5.3,3575.0,0.0,1000.0
Tiziano,Haskin,F,351.0,,NORTH UXBRIDGE,MA,,,,60000.0,5.3,3575.0,0.0,1000.0
,Benantar,,,431-8201,MOUNTVILLE,,29370.0,,Y,60000.0,7.0,0.0,6600.0,3300.0
Gong,Gilon,M,908.0,,,NJ,,S,N,45000.0,1.7942708,1000.0,0.0,0.0
Yungho,Scharstein,,,319-4317,WASHINGTON,DC,20509.0,M,N,15000.0,5.625,,,0.0
Penelope,,F,502.0,,,,,S,Y,35000.0,3.7777777,20.0,0.0,20.0
Inman,Worner,M,276.0,,HERNDON,,,,Y,45000.0,5.75,900.0,0.0,900.0
Carlos,Fechter,M,870.0,938-6693,,AR,72536.0,M,Y,10000.0,2.5778654,0.0,40.0,20.0
,Monarch,,,515-1969,SAINT PAUL,MN,55111.0,,Y,45000.0,6.6568303,,,3300.0
,Urso,,864.0,162-6039,ALLENDALE,SC,29810.0,M,,50000.0,7.0,0.0,6600.0,3300.0
Malcolm,Bain,F,307.0,,,,82243.0,M,N,85000.0,0.0,0.0,0.0,0.0
,Rachui,,336.0,,CHARLOTTE,,28258.0,S,Y,45000.0,6.6765733,,,3300.0
Mosleh,Tamesada,F,479.0,858-7415,PLEASANT PLAINS,,72568.0,,Y,100000.0,7.0,0.0,40.0,20.0
Sofie,Holager,F,251.0,,MOBILE,AL,,,,75000.0,5.0,1500.0,0.0,0.0
Ronni,,F,505.0,855-4073,ISLETA,NM,87022.0,,,65000.0,5.3,0.0,6600.0,0.0
,Bengtsson,F,864.0,,WARD,SC,,S,Y,55000.0,7.0,3300.0,0.0,3300.0
,Vilarrasa,,,313-7495,DENTON,NC,27239.0,M,,30000.0,6.361888,0.0,6600.0,3300.0
Willibald,,F,504.0,,LONGSTREET,LA,,,,55000.0,6.0,4500.0,0.0,0.0
Katsuo,Raamot,F,857.0,259-8703,WEST NEWTON,,2465.0,M,N,55000.0,5.3,,,0.0
Albrect,Prieve,,,451-8263,JACKSON,MS,39298.0,,N,40000.0,5.0,,,0.0
Nageshwara,,M,801.0,258-7048,WASHINGTON,,84780.0,M,Y,25000.0,7.0,0.0,4950.0,2475.0
Toshihiko,Bravoco,,252.0,830-6114,CASTALIA,NC,27816.0,M,,35000.0,6.466783,0.0,6600.0,0.0
Jaewon,Chenoweth,,205.0,762-8246,GALLION,,36742.0,M,Y,70000.0,5.0,0.0,3000.0,300.0
Zhouhui,Vastola,M,402.0,,LINCOLN,NE,,,N,20000.0,5.685643,103.0,0.0,0.0
Siddharth,Burroughs,M,971.0,,MARCOLA,OR,,,,60000.0,9.0,159.0,0.0,159.0
Truman,Smitley,,856.0,,,NJ,7670.0,S,,45000.0,1.7942708,,,0.0
Vanu,,F,636.0,,BRIDGETON,MO,,S,,100000.0,6.0,2100.0,0.0,0.0
Creve,,,731.0,,,TN,37205.0,M,N,90000.0,0.0,0.0,0.0,0.0
,Ragland,F,208.0,,WINCHESTER,ID,83555.0,S,Y,40000.0,7.8,,,3300.0
Rens,,M,603.0,,,NH,3077.0,M,,80000.0,0.0,0.0,0.0,0.0
Zanoni,,,641.0,236-5426,COLLINS,IA,50055.0,M,Y,35000.0,5.567322,0.0,80.0,40.0
Darko,Cannane,,901.0,,,TN,38377.0,M,N,95000.0,0.0,0.0,0.0,0.0
Jade,Vigier,M,228.0,,,,,S,N,5000.0,3.0,6000.0,0.0,0.0
Sigmar,,,712.0,,,IA,50835.0,S,,10000.0,1.7078737,,0.0,40.0
Lauro,,F,808.0,,PAPAALOA,,,,Y,30000.0,6.447368,1040.0,0.0,1040.0
Frieder,Flessner,,,470-1937,WASHINGTON,DC,20500.0,M,N,10000.0,4.5,0.0,2740.0,0.0
Weiyi,Carli,M,402.0,,WATERLOO,NE,,S,,55000.0,6.84,103.0,0.0,103.0
Asis,Seidewitz,M,307.0,,,WY,82801.0,S,N,30000.0,0.0,,,0.0
Reiko,Guerrieri,M,870.0,,LESLIE,AR,,,,100000.0,7.0,20.0,0.0,0.0
Havard,,F,785.0,676-4059,WINCHESTER,KS,66097.0,M,Y,70000.0,6.45,,4500.0,2250.0
Luca,Halewood,,215.0,,,,15565.0,S,N,90000.0,3.07,0.0,0.0,0.0
Krisda,,M,540.0,,VILLAMONT,,,S,Y,45000.0,5.75,900.0,0.0,900.0
Giopi,,F,815.0,,,IL,,S,Y,45000.0,3.0,2000.0,0.0,2000.0
Jiyun,Compeau,,207.0,971-8476,MONROE,,4951.0,,N,25000.0,8.5,0.0,5700.0,0.0
Manvinder,Tullis,M,970.0,,YODER,,80864.0,S,N,85000.0,4.63,0.0,0.0,0.0
Amante,Serot,F,,397-6691,ROY,MT,59471.0,,N,25000.0,6.9,,,0.0
Reini,Hernadi,F,907.0,,,AK,99549.0,M,,15000.0,0.0,0.0,0.0,0.0
Madhan,,F,601.0,,MC NEILL,,,,Y,40000.0,5.0,6000.0,0.0,1500.0
DeForest,Romijn,,202.0,,WASHINGTON,DC,20542.0,S,Y,100000.0,9.0,,,1370.0
Berend,Beznosov,,,327-8621,SOUTH HILL,VA,23970.0,M,N,65000.0,5.75,0.0,1800.0,0.0
Lundy,Toida,F,205.0,,BIRMINGHAM,,,S,Y,85000.0,5.0,1500.0,0.0,300.0
Zenping,Pinho,M,207.0,,SOUTH WINDHAM,ME,4082.0,S,N,10000.0,4.5857663,,,0.0
Petter,,M,732.0,,,,,S,Y,10000.0,1.4,1000.0,0.0,1500.0
Franquiberto,,M,802.0,,WATERVILLE,VT,,S,N,100000.0,4.994672,3300.0,0.0,0.0
AbdelAli,,M,580.0,696-9818,MIAMI,OK,74354.0,,N,15000.0,6.25,0.0,2000.0,0.0
Lushen,,,570.0,,,,18438.0,M,Y,90000.0,3.07,,0.0,0.0
,Kauffels,F,208.0,,CALDWELL,,,S,Y,50000.0,7.8,3300.0,0.0,3300.0
Santosh,Cadogan,M,219.0,,,IN,,S,,100000.0,3.4,1000.0,0.0,1000.0
Xiping,Dinesh,M,307.0,,,WY,82412.0,M,,35000.0,0.0,0.0,0.0,0.0
Kalervo,,M,802.0,,ROXBURY,,,,N,65000.0,4.298331,3300.0,0.0,0.0
Joffroy,Lalanne,M,,480-5603,ROSWELL,,88203.0,,N,45000.0,5.3,0.0,,0.0
Henk,,F,682.0,,,TX,76067.0,S,Y,80000.0,0.0,,0.0,0.0
Marija,,M,563.0,,RALSTON,,,,N,25000.0,4.0235424,40.0,0.0,0.0
Kejitan,Ozhan,,414.0,763-3143,BANGOR,,54614.0,M,N,50000.0,5.3151608,,,0.0
Joy,Benton,,315.0,,NEW CITY,,10956.0,,N,45000.0,4.2143292,0.0,0.0,0.0
Viv,,,540.0,712-9543,DUNDAS,VA,23938.0,M,,65000.0,5.75,0.0,1800.0,0.0
Malu,,,765.0,,,,46764.0,S,N,25000.0,3.4,,0.0,0.0
Elmer,Bourbakis,M,202.0,,WASHINGTON,DC,,S,N,75000.0,9.0,1370.0,0.0,0.0
Minjie,Grayson,,202.0,971-4428,WASHINGTON,,20251.0,M,Y,5000.0,4.5,0.0,2740.0,1370.0
Razvan,Ehrenfeucht,F,417.0,,STURDIVANT,MO,,S,,70000.0,6.0,2100.0,0.0,0.0
Lidong,Balaguer,,212.0,,NEW YORK,,10110.0,,N,95000.0,4.5039635,0.0,0.0,0.0
Charu,Hausser,F,202.0,,WASHINGTON,DC,,S,N,60000.0,9.0,1370.0,0.0,0.0
Marwan,Monteverde,,207.0,,CARATUNK,,4925.0,S,Y,15000.0,6.9580293,,,2850.0
Arivind,,M,603.0,,,NH,3043.0,M,Y,50000.0,0.0,0.0,0.0,0.0
Bommadevara,Manabe,,215.0,,,PA,18611.0,S,Y,40000.0,3.07,0.0,,0.0
Barinderpal,,,484.0,,,PA,15410.0,M,Y,50000.0,3.07,,0.0,0.0
Xingang,,M,708.0,661-3047,,IL,60108.0,M,,30000.0,3.0,0.0,4000.0,0.0
Bon,Mantione,,901.0,,,TN,38316.0,S,Y,50000.0,0.0,0.0,,0.0
,,M,802.0,,,VT,,S,,20000.0,3.6,3300.0,0.0,3300.0
Umesh,,F,775.0,,,NV,89318.0,M,,75000.0,0.0,,0.0,0.0
Nimish,,M,608.0,,MERRILL,,,,N,90000.0,6.010166,700.0,0.0,0.0
Youquan,Nordemann,F,939.0,,,PR,910.0,S,N,60000.0,0.0,,,0.0
Alicja,Wijesekera,,,381-1061,STRUNK,KY,42649.0,M,Y,90000.0,6.0,0.0,40.0,20.0
Tomoku,Wesley,F,202.0,,WASHINGTON,DC,,S,,5000.0,4.5,1370.0,0.0,0.0
Michelangelo,Groger,,973.0,992-4617,,,7753.0,M,Y,45000.0,1.7942708,0.0,2000.0,1500.0
,Yershov,M,,317-8464,TRES PIEDRAS,,87577.0,M,Y,55000.0,5.3,0.0,6600.0,3300.0
Jois,,M,580.0,,CHICKASHA,,73023.0,S,Y,90000.0,6.25,,0.0,1000.0
Ammar,Lienard,M,307.0,,,WY,82411.0,S,Y,80000.0,0.0,0.0,,0.0
Arunas,Welker,M,225.0,,BOGALUSA,LA,,S,Y,50000.0,6.0,4500.0,0.0,1000.0
Terran,Bruno,,352.0,,,FL,32145.0,M,,75000.0,0.0,0.0,0.0,0.0
,,F,701.0,,,ND,58426.0,S,Y,90000.0,2.7990127,,0.0,3300.0
Paraskevas,,M,801.0,884-7563,GARDEN CITY,,84028.0,M,N,60000.0,7.0,0.0,4950.0,0.0
Aristotle,,M,682.0,,,TX,78466.0,S,N,40000.0,0.0,0.0,0.0,0.0
Zhenyi,,F,808.0,889-4022,HONAUNAU,HI,96726.0,,Y,25000.0,5.546053,,2080.0,1040.0
Michi,Hartroth,,228.0,929-1382,HAZLEHURST,,39083.0,M,N,90000.0,5.0,0.0,12000.0,0.0
Bernie,Melton,,,492-4755,FREDERICKSBURG,VA,22406.0,M,Y,75000.0,5.75,,,900.0
Jianchu,Taivalsaari,,,424-9274,,,45741.0,M,Y,90000.0,3.533564,,,1300.0
Barb,,F,708.0,724-5994,,IL,60143.0,M,Y,50000.0,3.0,0.0,4000.0,2000.0
Hiroyuki,,M,720.0,,OVID,CO,80744.0,,N,50000.0,4.63,0.0,0.0,0.0
Junzo,,M,605.0,,,,57468.0,S,Y,85000.0,0.0,0.0,0.0,0.0
Zarka,Tulley,F,939.0,,,PR,769.0,S,Y,95000.0,0.0,0.0,0.0,0.0
Foto,,M,781.0,,SOUTH HADLEY,MA,,S,N,75000.0,5.3,3575.0,0.0,0.0
Stanly,d'Abreu,F,337.0,,HINESTON,LA,,,,55000.0,6.0,4500.0,0.0,0.0
,Haining,M,208.0,218-8168,MERIDIAN,,83646.0,,Y,15000.0,5.529042,0.0,6600.0,3300.0
Niamh,Scherr,M,,423-9488,AINSWORTH,,69210.0,M,Y,45000.0,6.84,,,103.0
Yoga,Boydens,F,401.0,,,RI,2896.0,S,,35000.0,0.0,0.0,0.0,0.0
Bahram,Cicchette,F,401.0,,,RI,2841.0,S,Y,70000.0,0.0,0.0,0.0,0.0
Shohei,Norwood,,848.0,115-2520,,NJ,7194.0,M,,10000.0,1.4,,,1500.0
Guna,Nerjes,,,433-4758,DAGSBORO,DE,19939.0,M,N,80000.0,5.95,,,0.0
,Weinberg,,,367-6940,POST MILLS,,5058.0,,Y,100000.0,4.994672,0.0,6600.0,3300.0
Kunsoo,Deriche,F,413.0,,BOLTON,,,S,Y,55000.0,5.3,3575.0,0.0,1000.0
Hideyo,Heilandt,F,303.0,,PLATTEVILLE,CO,80651.0,,N,55000.0,4.63,0.0,0.0,0.0
Ahvin,,,732.0,668-5385,,NJ,7421.0,M,Y,20000.0,1.4,,2000.0,1500.0
Juei,Daskalakis,M,480.0,996-7548,,,85274.0,M,N,65000.0,3.7224998,0.0,4200.0,0.0
Fotis,Rokusawa,F,,589-5879,WICHITA,KS,67260.0,M,N,85000.0,6.45,,,0.0
Rabah,,F,605.0,,,SD,57533.0,S,,60000.0,0.0,0.0,0.0,0.0
Pyeong,Zivojnovic,M,337.0,,LONGSTREET,LA,,,,75000.0,6.0,4500.0,0.0,0.0
Beatriz,,F,608.0,,WILLIAMS BAY,WI,,S,Y,15000.0,4.707031,700.0,0.0,400.0
,,F,701.0,243-9785,,,58845.0,M,Y,85000.0,2.7410512,0.0,6600.0,3300.0
Yuan,,M,787.0,,,PR,723.0,M,N,30000.0,0.0,0.0,0.0,0.0
Samul,Nerima,,239.0,,,FL,32693.0,M,,40000.0,0.0,,,0.0
Roji,,M,801.0,838-3419,NEWCASTLE,UT,84756.0,,,15000.0,7.0,,4950.0,2475.0
Lamber,Lucio,,256.0,778-6417,GANTT,,36038.0,M,N,40000.0,5.0,0.0,,0.0
Hiroyasu,Tapp,F,216.0,,,OH,,S,N,30000.0,1.5418718,1300.0,0.0,0.0
Ling,Zargham,F,401.0,,,,2909.0,M,N,100000.0,0.0,0.0,0.0,0.0
Chester,,M,605.0,,,SD,57440.0,S,Y,65000.0,0.0,0.0,0.0,0.0
Tanka,,M,505.0,,EL RITO,NM,,S,,60000.0,5.3,3300.0,0.0,0.0
Umest,Takkinen,,917.0,,WANAKENA,NY,13695.0,S,,60000.0,4.3012195,0.0,0.0,1000.0
Wenguang,,M,501.0,,,AR,,S,,10000.0,2.5778654,20.0,0.0,0.0
Sebastian,Hausser,F,308.0,843-2624,RANDOLPH,NE,68771.0,,,50000.0,6.84,0.0,206.0,103.0
Pascalin,Schain,F,870.0,,EUREKA SPRINGS,,72631.0,S,Y,65000.0,7.0,,,20.0
Noga,Bracho,,901.0,,,,38024.0,M,N,10000.0,0.0,0.0,0.0,0.0
Katsuni,Blot,,,491-1344,LE CLAIRE,,52753.0,,N,50000.0,7.8829904,0.0,80.0,0.0
Yadran,Weymouth,,,613-4202,CAVETOWN,MD,21720.0,M,,100000.0,4.75,0.0,4800.0,0.0
Krys,,,610.0,,,,16033.0,M,Y,25000.0,3.07,0.0,0.0,0.0
Roselyn,Philippsen,M,,338-3812,OAKLEY,CA,94561.0,,,25000.0,5.410157,,,272.0
Lora,,M,808.0,890-1575,HONOLULU,,96837.0,,Y,100000.0,8.25,0.0,2080.0,1040.0
Mikhail,Decaestecker,F,980.0,,KNIGHTDALE,,,,N,100000.0,7.8304195,3300.0,0.0,0.0
Naranker,Rossi,M,406.0,,CONDON,,59826.0,S,Y,30000.0,6.9,,,1900.0
,,F,701.0,,,ND,58011.0,S,Y,75000.0,2.6251287,,0.0,3300.0
Neel,Devine,M,307.0,,,,82729.0,S,N,40000.0,0.0,0.0,0.0,0.0
Hung,,M,563.0,,WATERLOO,IA,,S,Y,35000.0,5.567322,40.0,0.0,40.0
Glaucia,Itzigehl,,239.0,,,FL,33592.0,M,N,30000.0,0.0,0.0,0.0,0.0
Yanxiang,Schoenig,F,435.0,814-1564,SALT LAKE CITY,UT,84120.0,,,40000.0,7.0,,,0.0
,,F,505.0,688-2115,REGINA,NM,87046.0,,Y,20000.0,5.3,0.0,6600.0,3300.0
Ramakant,Zongker,F,,303-8081,,ND,58601.0,M,,55000.0,2.3932838,0.0,6600.0,0.0
Renny,Poulakidas,F,253.0,,,WA,98673.0,S,,50000.0,0.0,,,0.0
Carroll,Leban,,,567-6487,,KY,41746.0,M,Y,25000.0,3.2222223,0.0,,20.0
Mir,,,678.0,991-6944,BUFORD,,30519.0,M,Y,10000.0,6.0,0.0,5400.0,3000.0
Jagesh,,F,816.0,,MAYSVILLE,,64447.0,,N,45000.0,6.0,,0.0,0.0
Peter,Kohlhase,M,408.0,249-6469,MAGALIA,,95954.0,,N,100000.0,9.3,0.0,,0.0
Roope,,,731.0,,,TN,38057.0,S,,35000.0,0.0,0.0,0.0,0.0
Chung,Bennis,M,401.0,,,RI,2861.0,S,N,50000.0,0.0,0.0,0.0,0.0
Amr,Cornelius,,301.0,679-3213,BALTIMORE,MD,21231.0,M,N,100000.0,4.75,0.0,4800.0,0.0
Huaiqing,Strater,M,907.0,,,AK,99733.0,S,Y,80000.0,0.0,,,0.0
Yakov,,M,701.0,121-7143,,ND,58366.0,M,,80000.0,2.68309,0.0,6600.0,0.0
,,,802.0,883-8918,EAST POULTNEY,VT,5741.0,M,Y,100000.0,4.994672,,6600.0,3300.0
Bhupinder,Cox,,276.0,243-6117,SUFFOLK,VA,23436.0,M,Y,45000.0,5.75,0.0,1800.0,900.0
Dahlia,Yetim,F,848.0,,,NJ,,S,Y,35000.0,1.6365625,1000.0,0.0,1500.0
Lorenz,Magnusson,M,,452-1393,KOOSHAREM,,84744.0,,N,85000.0,7.0,0.0,,0.0
Ladislas,Heckendorn,M,202.0,,PARCEL RETURN SERVICE,,,,Y,60000.0,9.0,1370.0,0.0,1370.0
Munseok,Poot,,202.0,144-2697,WASHINGTON,,20005.0,M,Y,30000.0,9.0,,,1370.0
Tilmann,,F,775.0,,,NV,89074.0,S,,10000.0,0.0,0.0,0.0,0.0
Yatsuka,Vellino,M,334.0,,MENTONE,AL,,,,65000.0,5.0,1500.0,0.0,0.0
Hai,Peak,M,,587-9857,SPRING VALLEY,CA,91976.0,M,N,20000.0,4.2297716,,,0.0
Gilberto,Meyerhoff,F,208.0,,LEWISVILLE,ID,83431.0,,N,40000.0,7.8,,,0.0
KyungOh,Struble,,,564-3688,RACINE,,53408.0,,N,15000.0,4.707031,,,0.0
ChingYen,Koide,F,,281-9661,MIDLAND,OR,97634.0,,Y,35000.0,9.0,0.0,,159.0
Bill,Liedekerke,,,286-6405,SHAW,MS,38773.0,M,N,95000.0,5.0,0.0,,0.0
Debora,,M,682.0,,,TX,88553.0,S,Y,70000.0,0.0,0.0,0.0,0.0
Tiko,Padman,,901.0,,,TN,38253.0,S,,70000.0,0.0,,,0.0
Xingbin,Partee,F,435.0,200-6904,HEBER CITY,UT,84032.0,M,,50000.0,7.0,,,2475.0
Birol,Bird,M,406.0,,,MT,,S,N,5000.0,2.3732758,1900.0,0.0,0.0
Hongwei,Rask,,,315-1955,WASHINGTON,DC,20053.0,M,N,15000.0,5.625,,,0.0
Totadri,,,717.0,,,PA,17966.0,S,,40000.0,3.07,0.0,0.0,0.0
Aarni,Dolinsky,,434.0,958-3309,HAMPTON,VA,23669.0,M,Y,85000.0,5.75,0.0,1800.0,900.0
Hira,,M,509.0,,,WA,98903.0,S,N,85000.0,0.0,0.0,0.0,0.0
Masadi,Gurevitch,,,491-3746,HARRISVILLE,,48740.0,M,Y,90000.0,3.9,0.0,6200.0,3100.0
Luk,Usas,M,907.0,,,,99825.0,S,N,55000.0,0.0,0.0,0.0,0.0
Joakim,Greenaway,F,918.0,686-1118,CAMARGO,,73835.0,M,N,50000.0,6.25,0.0,2000.0,0.0
Zubin,Sadowski,,,464-4584,RAGLAND,WV,25690.0,,Y,95000.0,6.5,,,2000.0
Mohamadou,,M,720.0,,BELLVUE,,80512.0,M,Y,25000.0,4.63,,0.0,0.0
Mitch,Wooldridge,,845.0,,YOUNGSVILLE,,12791.0,S,N,30000.0,4.127439,0.0,0.0,0.0
Yuli,Rive,,218.0,,TWIG,MN,55791.0,S,N,55000.0,7.1904483,,,0.0
Kay,Aybay,,412.0,,,,15352.0,M,N,90000.0,3.07,0.0,0.0,0.0
Panayotis,Rios,F,435.0,659-9435,TOOELE,,84074.0,M,Y,95000.0,7.0,,,2475.0
Sathis,Ramras,F,909.0,670-1828,ALISO VIEJO,CA,92698.0,M,,55000.0,9.3,,,272.0
Yongwon,Murtagh,F,308.0,,BELLEVUE,NE,68123.0,S,,25000.0,6.5736103,,,0.0
Francis,,F,541.0,820-8857,PORTLAND,OR,97267.0,,N,80000.0,9.0,0.0,318.0,0.0
Jacquelyn,,F,678.0,,LAKEMONT,,,,Y,75000.0,6.0,2700.0,0.0,3000.0
Debanjan,,M,720.0,,CLIFTON,CO,81520.0,M,N,70000.0,4.63,0.0,0.0,0.0
Pamela,Piltz,M,307.0,,,,82838.0,S,N,70000.0,0.0,,,0.0
Bassam,,M,801.0,,GREEN RIVER,UT,,S,N,55000.0,7.0,2475.0,0.0,0.0
Yili,Psaltis,F,401.0,,,RI,2916.0,M,,65000.0,0.0,,,0.0
Claudius,,M,775.0,,,NV,89450.0,S,N,100000.0,0.0,,0.0,0.0
Konrad,,,754.0,,,,33314.0,S,N,40000.0,0.0,0.0,0.0,0.0
Famory,Favre,M,219.0,,,IN,,S,N,85000.0,3.4,1000.0,0.0,0.0
Sampalli,,F,801.0,,FILLMORE,UT,84631.0,S,,65000.0,7.0,,0.0,2475.0
Keiji,Giani,F,252.0,,MINERAL SPRINGS,,,,Y,80000.0,7.410839,3300.0,0.0,3300.0
Hari,Worm,M,270.0,,,KY,,S,N,35000.0,3.7777777,20.0,0.0,0.0
Kehsiung,,,706.0,,ROCKLEDGE,,30454.0,,N,20000.0,6.0,,0.0,0.0
Yeogirl,Abeta,,856.0,947-8023,,NJ,7961.0,M,,20000.0,1.4,0.0,2000.0,0.0
Vishu,Tagle,F,847.0,,,IL,60693.0,S,,55000.0,3.0,,,0.0
,Schurmann,,919.0,680-3615,CEDAR FALLS,,27230.0,M,Y,30000.0,6.361888,,,3300.0
Camelia,Dowell,F,216.0,,,OH,,S,N,60000.0,2.537718,1300.0,0.0,0.0
Shaye,Mukund,F,406.0,,LLOYD,MT,59535.0,,,35000.0,6.9,,,1900.0
Cort,,M,501.0,,GAMALIEL,AR,72537.0,S,N,25000.0,6.16338,,0.0,0.0
Eleanor,,M,830.0,,,TX,76691.0,M,N,50000.0,0.0,,0.0,0.0
Kazushi,Bolshov,F,337.0,194-7914,LAKELAND,,70752.0,,Y,85000.0,6.0,0.0,9000.0,1000.0
Na'el,,F,541.0,,WALDPORT,,,S,N,65000.0,9.0,159.0,0.0,0.0
Liangchun,Mossack,,203.0,140-6979,UNIONVILLE,,6085.0,M,N,30000.0,5.0,,,0.0
Wlodzimierz,Muhlenbein,M,401.0,,,RI,2814.0,S,,65000.0,0.0,,,0.0
Chihming,,F,702.0,,,NV,89160.0,M,N,70000.0,0.0,,0.0,0.0
Balkrishna,Marchal,F,435.0,,IVINS,UT,,,Y,65000.0,7.0,2475.0,,2475.0
Aneurin,Szyerski,,,320-5111,,KY,41746.0,M,N,30000.0,3.5,,,0.0
Jayne,,,828.0,,SILER CITY,,27344.0,S,N,85000.0,7.515734,,0.0,0.0
Marino,,F,501.0,,TUCKER,,72168.0,S,N,60000.0,7.0,,0.0,0.0
Kotagiri,,F,605.0,,,,57621.0,M,N,100000.0,0.0,0.0,0.0,0.0
Karl,Erbach,,414.0,851-7674,WILLIAMS BAY,,53191.0,M,Y,35000.0,5.0545335,0.0,1400.0,400.0
Klemens,Berard,M,435.0,,AURORA,,,S,Y,50000.0,7.0,2475.0,0.0,2475.0
Sukhmay,,,662.0,920-6089,WINTERVILLE,MS,38782.0,M,,20000.0,5.0,0.0,12000.0,0.0
LouAnn,Helland,F,302.0,,,,,S,Y,5000.0,2.2,110.0,0.0,110.0
Laszlo,,M,702.0,,,,89449.0,S,Y,35000.0,0.0,0.0,0.0,0.0
Ishwar,Dorchak,,,539-6910,WASHINGTON,,20216.0,M,N,55000.0,9.0,0.0,2740.0,0.0
Mitsugu,,F,623.0,,,,,S,Y,65000.0,3.7224998,2100.0,0.0,2300.0
HweeHwa,Pargaonkar,F,210.0,,,TX,77444.0,S,N,100000.0,0.0,,,0.0
Efraim,,,502.0,,,KY,40049.0,S,N,35000.0,3.7777777,,0.0,0.0
Donyaprueth,Chalfan,,302.0,973-9051,MILFORD,DE,19963.0,,Y,90000.0,5.95,0.0,220.0,110.0
Sheelagh,Mercer,M,,466-1544,WEST HARWICH,MA,2671.0,M,,25000.0,5.3,,,1000.0
Meurig,Kusalik,,,395-1988,CHERAW,,29520.0,M,N,85000.0,7.0,0.0,,0.0
Yuqun,,,731.0,,,TN,37216.0,S,N,40000.0,0.0,0.0,0.0,0.0
Katsuto,,M,541.0,,EUGENE,,97403.0,S,Y,30000.0,9.0,,0.0,159.0
Jonghyun,Regev,F,913.0,967-5109,WALTON,,67151.0,M,Y,90000.0,6.45,,,2250.0
Nageshwara,,,812.0,,,,47635.0,S,Y,20000.0,3.4,,0.0,1000.0
Michele,Schervish,,347.0,,PATCHOGUE,,11772.0,,Y,80000.0,4.4170732,,,1000.0
Bhavani,,,803.0,907-8230,JONESVILLE,SC,29353.0,,Y,80000.0,7.0,0.0,6600.0,3300.0
Foto,,M,808.0,740-4027,VOLCANO,HI,96785.0,M,Y,20000.0,4.644737,0.0,2080.0,1040.0
Guillermo,,M,605.0,,,SD,57568.0,S,N,40000.0,0.0,0.0,0.0,0.0
Arnulf,Plessier,M,405.0,,WATONGA,OK,73772.0,S,Y,60000.0,6.25,,,1000.0
Gustave,,F,775.0,,,NV,89117.0,M,N,15000.0,0.0,0.0,0.0,0.0
Lalgudi,Buttelmann,M,425.0,,,,98901.0,S,Y,70000.0,0.0,0.0,0.0,0.0
Ragunathan,,F,769.0,,NOXAPATER,MS,,,,100000.0,5.0,6000.0,0.0,0.0
Shangping,Zeilberger,,941.0,,,FL,34996.0,M,,90000.0,0.0,0.0,0.0,0.0
Przemyslaw,,F,503.0,,DAMASCUS,OR,,S,,10000.0,9.0,159.0,0.0,159.0
Abhaya,Nassor,F,405.0,,OSCAR,OK,73561.0,,Y,30000.0,6.25,,,1000.0
Takayuli,,F,586.0,,LEONARD,MI,,,,45000.0,3.9,3100.0,0.0,3100.0
Giri,,,724.0,,,PA,15360.0,M,Y,5000.0,3.07,,0.0,0.0
Ignace,Quasthoff,F,907.0,,,AK,99679.0,M,N,95000.0,0.0,,,0.0
Swarup,Stepanek,,845.0,,WAWARSING,NY,12489.0,S,,70000.0,4.359146,,,1000.0
Nabanita,,M,803.0,,SPARTANBURG,,,S,N,35000.0,7.0,3300.0,0.0,0.0
Katalin,,F,515.0,,CLINTON,,,S,N,40000.0,6.339211,40.0,0.0,0.0
Iannis,Giandomenico,M,413.0,651-9412,GILBERTVILLE,MA,1031.0,M,N,35000.0,5.3,0.0,7150.0,0.0
Alfio,Kauffels,,317.0,914-8924,,IN,47308.0,M,Y,65000.0,3.4,0.0,2000.0,1000.0
Eizyu,Steingart,M,870.0,,GEPP,AR,72538.0,S,Y,100000.0,7.0,,,20.0
Yuzo,,,607.0,,PORTLANDVILLE,NY,13834.0,,Y,75000.0,4.3881097,0.0,0.0,1000.0
Djamal,,,609.0,,,NJ,8610.0,S,N,85000.0,2.4251041,,0.0,0.0
Soraja,,,828.0,740-6235,STOVALL,NC,27582.0,M,,85000.0,7.515734,0.0,6600.0,3300.0
Gwyneth,Barbour,,215.0,,,PA,15061.0,M,N,95000.0,3.07,0.0,0.0,0.0
Nikos,,M,720.0,,BURLINGTON,,80807.0,S,Y,15000.0,4.63,0.0,0.0,0.0
Hongji,Muhlen,F,,598-6651,OPHEIM,MT,59250.0,,N,55000.0,6.9,,,0.0
Xinhua,Doh,,240.0,986-7537,LAUREL,MD,20708.0,,,55000.0,4.75,0.0,4800.0,2400.0
Philipe,McMahon,F,314.0,,MONTGOMERY CITY,,,,N,60000.0,6.0,2100.0,,0.0
Kiyoto,Takeoka,M,860.0,,CANTERBURY,,,S,Y,50000.0,5.0,12750.0,0.0,0.0
Ramachandran,,,507.0,178-9270,CALUMET,MN,55716.0,M,,100000.0,7.85,,6600.0,3300.0
Mauno,Livari,F,971.0,891-6956,SUMMERVILLE,,97876.0,M,Y,65000.0,9.0,0.0,,159.0
Aaron,,F,662.0,,HEIDELBERG,MS,,S,N,85000.0,5.0,6000.0,0.0,0.0
Horia,Rapicault,,,517-3649,ADAMANT,VT,5640.0,M,Y,85000.0,4.69624,,,3300.0
Seshu,Debackere,,,607-7425,PORT PENN,DE,19731.0,,,30000.0,3.9045453,0.0,220.0,110.0
Sasan,,,601.0,259-5219,CARRIERE,MS,39426.0,M,,70000.0,5.0,0.0,12000.0,0.0
Anshu,Noel,,234.0,976-3418,,OH,43106.0,M,N,45000.0,2.039795,,,0.0
Sachem,Salvesen,,386.0,,,FL,34985.0,M,,15000.0,0.0,,,0.0
Geunbae,,,731.0,,,TN,38116.0,S,N,10000.0,0.0,0.0,0.0,0.0
Satyandra,,,678.0,758-1864,ATLANTA,GA,30321.0,M,,50000.0,6.0,0.0,5400.0,3000.0
Koichi,,F,505.0,,LAKEWOOD,,88254.0,,N,60000.0,5.3,,0.0,0.0
Miyako,,,651.0,,LEWISTON,,55952.0,,N,55000.0,7.1904483,,0.0,0.0
Devindra,Ziegler,M,402.0,979-6549,DOUGLAS,NE,68344.0,M,Y,35000.0,6.84,0.0,206.0,103.0
Sebastian,Devlin,F,405.0,,OVERBROOK,OK,,,,60000.0,6.25,1000.0,0.0,1000.0
Sharma,Graefe,F,406.0,,VIRGINIA CITY,MT,,S,,45000.0,6.9,1900.0,0.0,1900.0
Armen,Tahi,,860.0,827-3024,STRATFORD,CT,6615.0,M,N,35000.0,5.0,,,0.0
Bruch,Lyonns,M,214.0,,,TX,76571.0,M,Y,5000.0,0.0,0.0,,0.0
Yoshitomo,Selvestrel,F,337.0,,GIBSON,LA,70356.0,S,Y,90000.0,6.0,,,1000.0
Leif,Dinkloh,F,313.0,,MAPLE RAPIDS,,,,N,55000.0,3.9,3100.0,0.0,0.0
Xia,,F,701.0,,,ND,58229.0,S,,45000.0,2.2773614,,0.0,3300.0
Svatopluk,,F,603.0,,,NH,3823.0,S,,10000.0,0.0,0.0,0.0,0.0
Alejo,Jezioranski,M,413.0,153-5732,MILTON VILLAGE,MA,2187.0,,Y,5000.0,5.3,0.0,7150.0,1000.0
Yibing,Lange,F,406.0,667-4562,HOT SPRINGS,MT,59845.0,,,85000.0,6.9,0.0,,1900.0
Sverrir,Stomenovic,M,406.0,,WILLOW CREEK,MT,59760.0,S,,40000.0,6.9,,,1900.0
Rema,Courtenage,M,360.0,,,WA,99352.0,M,,15000.0,0.0,0.0,0.0,0.0
Ognen,Medvidovic,M,309.0,825-6342,,,60465.0,M,Y,75000.0,3.0,,,2000.0
Anuj,Flaus,F,870.0,,,AR,,S,N,15000.0,3.773037,20.0,0.0,0.0
Linqi,Dreger,M,205.0,,EMPIRE,,,S,Y,85000.0,5.0,1500.0,0.0,300.0
Kitsana,Sherratt,,901.0,,,,38573.0,M,N,15000.0,0.0,,,0.0
Barun,Tagashira,,937.0,,,OH,44041.0,S,Y,30000.0,1.5418718,,,1300.0
Zorana,,M,808.0,,HAUULA,HI,,S,N,60000.0,8.25,1040.0,0.0,0.0
Venu,Faletti,M,406.0,,GREAT FALLS,MT,,S,,15000.0,6.9,1900.0,0.0,0.0
Raoul,Lazaro,M,,328-5303,O BRIEN,OR,97534.0,,,75000.0,9.0,0.0,,159.0
Adly,Mouaddib,,860.0,,EASTON,CT,6612.0,S,Y,45000.0,5.0,,,0.0
Fotis,Ruther,,,376-9756,WILMINGTON,DE,19880.0,M,N,50000.0,5.268182,,,0.0
Jurij,Baak,,,476-6713,,,8730.0,M,N,35000.0,1.6365625,0.0,2000.0,0.0
Wassili,Otillio,,860.0,,OLD SAYBROOK,CT,6475.0,,,100000.0,5.0,,,0.0
Puri,,M,503.0,,NEOTSU,OR,,,,100000.0,9.0,159.0,0.0,0.0
Yul,,M,808.0,,KUALAPUU,HI,,,Y,45000.0,8.25,1040.0,0.0,1040.0
Bhagirath,Lichtner,M,417.0,187-9338,JAMESPORT,MO,64648.0,,Y,90000.0,6.0,0.0,,1200.0
Its'hak,,,712.0,801-1196,AGENCY,,52530.0,M,Y,65000.0,8.98,0.0,80.0,40.0
Kalappa,,M,512.0,,,,79923.0,S,Y,65000.0,0.0,0.0,0.0,0.0
Lila,Cozza,,931.0,,,,37228.0,S,N,35000.0,0.0,0.0,0.0,0.0
Hidetsune,Witkowski,M,202.0,,WASHINGTON,DC,,S,N,90000.0,9.0,1370.0,0.0,0.0
Alix,,F,775.0,,,NV,89046.0,M,Y,80000.0,0.0,,0.0,0.0
Jennifer,Kirchherr,F,406.0,,GILDFORD,,,S,Y,70000.0,6.9,1900.0,,1900.0
Jun,Stranks,,,330-2372,PROCIOUS,,25164.0,,Y,40000.0,5.1000004,,,2000.0
Fatimah,Rotger,F,479.0,,LETONA,AR,72085.0,,Y,60000.0,7.0,,,20.0
Chiaki,Matthijssen,,,558-6034,ETON,GA,30724.0,M,N,10000.0,6.0,0.0,,0.0
Wilko,Olive,,336.0,109-5516,CORNELIUS,NC,28031.0,M,,20000.0,6.1520977,,,0.0
Aantony,,F,801.0,,PROVO,UT,84604.0,,Y,80000.0,7.0,,0.0,2475.0
Ajay,Mokkedem,,,291-3892,,WV,26855.0,M,Y,10000.0,3.0,,,2000.0
Tatiana,,M,620.0,,DEERFIELD,KS,,S,,90000.0,6.45,2250.0,0.0,2250.0
Jacobijn,,F,775.0,,,,89447.0,M,N,40000.0,0.0,0.0,0.0,0.0
Yunqi,Konuru,F,,406-3871,CORDOVA,NE,68330.0,M,N,30000.0,6.84,0.0,,0.0
Celine,,F,551.0,,,NJ,,S,N,55000.0,1.9519792,1000.0,0.0,0.0
Tzvetan,,,802.0,,GILMAN,VT,5904.0,S,,100000.0,4.994672,,0.0,3300.0
Keki,Cooperman,M,208.0,107-7410,KAMIAH,,83536.0,,Y,20000.0,6.948391,0.0,6600.0,3300.0
Charly,Geibel,M,316.0,,,KS,,S,N,15000.0,3.5,2250.0,0.0,0.0
Wernhuar,,M,605.0,,,SD,57252.0,S,,70000.0,0.0,0.0,0.0,0.0
Agha,,M,775.0,,,NV,89706.0,M,Y,95000.0,0.0,0.0,0.0,0.0
Gaetan,Skamoto,M,479.0,,BONO,AR,72416.0,S,Y,100000.0,7.0,,,20.0
Liqin,Kauffmann,F,219.0,,,,,S,Y,40000.0,3.4,1000.0,0.0,1000.0
Yanghee,,,810.0,991-4879,RUDYARD,MI,49780.0,,,65000.0,3.9,0.0,6200.0,0.0
Jorjeta,Blumenrohr,F,401.0,,,,2906.0,S,Y,70000.0,0.0,0.0,0.0,0.0
Hiroyuki,Surya,,,346-4516,LANDO,SC,29724.0,,N,95000.0,7.0,,,0.0
Adarsh,Abouzahra,F,225.0,,DARROW,LA,,S,Y,35000.0,6.0,4500.0,0.0,1000.0
Mingshien,Bonifati,M,401.0,,,,2830.0,S,Y,40000.0,0.0,0.0,0.0,0.0
Marlis,Bondorf,,,368-5034,PLOVER,,54467.0,,Y,30000.0,4.967658,0.0,1400.0,400.0
Joxan,McCallien,F,,301-8926,CIMARRON,,87714.0,M,N,55000.0,5.3,0.0,,0.0
Aashu,,F,501.0,873-3408,ALPENA,AR,72611.0,M,N,85000.0,7.0,0.0,40.0,0.0
Keung,Sidje,,904.0,,,,33825.0,M,N,55000.0,0.0,,,0.0
Mustafa,Francisci,M,443.0,,SILVER SPRING,,,S,Y,30000.0,4.75,2400.0,0.0,2400.0
Jagesh,Dussud,F,406.0,,BLOOMFIELD,,,S,N,50000.0,6.9,1900.0,0.0,0.0
Adri,,,608.0,,BRISTOL,WI,53104.0,S,Y,80000.0,5.836415,,0.0,400.0
ChengFu,Kragelund,M,302.0,,CAMDEN WYOMING,DE,,S,N,90000.0,5.95,110.0,,0.0
Pragnesh,Parodi,M,479.0,,EDGEMONT,AR,72044.0,S,,20000.0,4.9682083,,,20.0
Faouzi,Alvarez,,,591-9070,FOLSOM,WV,26348.0,M,Y,75000.0,6.5,0.0,4000.0,2000.0
Annemarie,Bheda,M,,413-6507,BILLINGS,MT,59111.0,M,N,15000.0,6.9,0.0,3800.0,0.0
Christina,,M,787.0,,,PR,638.0,M,N,85000.0,0.0,0.0,0.0,0.0
Jianchao,McArthur,,205.0,192-2670,EDWARDSVILLE,,36261.0,M,N,65000.0,5.0,0.0,,0.0
Samer,Caugne,F,,490-5534,CAIRO,MO,65239.0,M,,75000.0,6.0,0.0,4200.0,1200.0
Athena,Kalamatianos,M,843.0,,LANE,SC,,,Y,35000.0,7.0,3300.0,0.0,3300.0
Mohamed,Magalhaes,F,410.0,,NANTICOKE,,,,Y,65000.0,4.75,2400.0,,2400.0
Eliezer,Frijda,M,208.0,,HAYDEN,ID,,S,Y,65000.0,7.8,3300.0,0.0,3300.0
Janina,,M,541.0,665-2264,DAIRY,,97625.0,M,Y,100000.0,9.0,,318.0,159.0
Arunachalam,Usdin,F,302.0,,WILMINGTON,DE,,S,Y,45000.0,4.927273,110.0,0.0,110.0
Kamalakar,,M,720.0,,COALMONT,,80430.0,S,N,50000.0,4.63,0.0,0.0,0.0
Haya,Gunn,,251.0,892-1906,MONTGOMERY,AL,36112.0,,N,35000.0,5.0,0.0,3000.0,0.0
Xuemin,Lebel,F,973.0,,,NJ,,S,,15000.0,1.4,1000.0,,1500.0
Belle,,F,808.0,,HONOLULU,HI,96840.0,,N,80000.0,8.25,,0.0,0.0
Regis,,F,541.0,,CANBY,OR,,S,,85000.0,9.0,159.0,0.0,0.0
Fetima,L'Ecuyer,,,331-1676,EASTFORD,CT,6242.0,M,N,15000.0,5.0,0.0,,0.0
Guna,,F,660.0,,POLK,MO,,,Y,45000.0,6.0,2100.0,0.0,1200.0
Przemyslawa,,F,563.0,,SPRINGBROOK,IA,,S,,55000.0,8.65488,40.0,0.0,0.0
Mino,Waldherr,,305.0,,,,32209.0,S,N,70000.0,0.0,0.0,0.0,0.0
Nia,Billawala,M,207.0,,HARPSWELL,,,S,N,45000.0,8.5,2850.0,0.0,0.0
LouAnn,Cakir,F,425.0,,,,98847.0,M,N,100000.0,0.0,0.0,0.0,0.0
Walid,,,662.0,966-2940,GLEN,MS,38846.0,M,,70000.0,5.0,,12000.0,0.0
Miquel,Wender,M,262.0,,BUTLER,,,S,Y,40000.0,,700.0,0.0,400.0
Rodnay,Ezer,,,497-2828,WASHINGTON,DC,20560.0,M,,25000.0,7.875,0.0,2740.0,0.0
Linda,,F,541.0,,SANDY,,97055.0,,N,30000.0,,,0.0,0.0
Plamenka,Coppini,F,401.0,,,RI,2841.0,M,Y,60000.0,,0.0,0.0,0.0
Muralidhara,,,607.0,,POESTENKILL,,12140.0,,N,30000.0,,0.0,0.0,0.0
Wiktor,Geerts,F,252.0,,KINGS MOUNTAIN,NC,,,,50000.0,,3300.0,0.0,3300.0
Talel,Greer,,,355-3029,,IN,47467.0,M,,15000.0,3.4,0.0,2000.0,1000.0
Guoxiang,,,646.0,,HINCKLEY,NY,13352.0,,N,90000.0,,0.0,0.0,0.0
Khun,Borucki,F,225.0,,KENTWOOD,,,,N,90000.0,,4500.0,0.0,0.0
Piers,Selenyi,,,521-7308,WASHINGTON,DC,20055.0,M,N,50000.0,9.0,,,0.0
Lorene,DeJean,,,454-3967,,,7710.0,M,Y,15000.0,1.4,0.0,2000.0,1500.0
Lucja,Forouraghi,,,391-6843,,,44418.0,M,Y,65000.0,2.7036924,0.0,2600.0,1300.0
Wilfredo,,M,630.0,954-9350,,IL,61071.0,M,,65000.0,3.0,,4000.0,2000.0
Shlomi,Breitinger,M,228.0,,FLOWOOD,MS,,S,,20000.0,,6000.0,0.0,0.0
Danette,Lagnier,,267.0,,,PA,19014.0,M,Y,50000.0,3.07,0.0,,0.0
Bokyung,Mutschke,,219.0,,,IN,47240.0,S,Y,60000.0,3.4,,,1000.0
Ingmar,Strevell,M,939.0,,,,622.0,S,Y,95000.0,0.0,,,0.0
Alastair,,M,702.0,,,NV,89433.0,M,N,100000.0,,0.0,0.0,0.0
Wenyu,,F,541.0,,ROCKAWAY BEACH,OR,,,,90000.0,,159.0,0.0,159.0
Sarosh,Bala,F,334.0,,MOBILE,AL,,,,15000.0,,1500.0,0.0,0.0
Sreenivas,,,731.0,,,TN,37059.0,M,,50000.0,,0.0,0.0,0.0
Dwight,,M,505.0,,YESO,NM,,S,N,15000.0,,3300.0,0.0,0.0
Xinyao,Payton,,229.0,948-8931,FOWLSTOWN,GA,39852.0,M,,45000.0,6.0,,,0.0
Seongtaek,,M,513.0,,,OH,,S,,35000.0,1.7078462,1300.0,0.0,1300.0
Madhusudan,,,731.0,,,,38378.0,M,N,90000.0,0.0,,0.0,0.0
Shrinivas,,M,662.0,,NATCHEZ,MS,,,,65000.0,5.0,6000.0,0.0,0.0
Roded,Staggers,,304.0,780-3730,,WV,24895.0,M,,20000.0,3.7,,,0.0
Corin,,M,787.0,,,PR,677.0,S,N,20000.0,,0.0,0.0,0.0
Yali,Aghili,,,491-8815,WASHINGTON,DC,20542.0,M,,70000.0,9.0,0.0,2740.0,0.0
Gudala,,F,801.0,,SALT LAKE CITY,UT,,,N,15000.0,,2475.0,0.0,0.0
Bernad,Prevel,F,913.0,,HOLYROOD,KS,67450.0,,N,55000.0,6.45,,,0.0
Chandraleka,,M,712.0,,,IA,,S,N,5000.0,,40.0,0.0,0.0
Geetha,Koszlajda,,,412-4595,EAST GRANBY,CT,6026.0,M,N,65000.0,5.0,0.0,,0.0
Swamy,,F,605.0,,,SD,57799.0,S,,15000.0,,0.0,0.0,0.0
Marney,Castan,F,307.0,,,,83113.0,M,N,90000.0,,0.0,0.0,0.0
Divyakant,,M,574.0,,,IN,,S,Y,90000.0,,1000.0,0.0,1000.0
Darwen,,F,505.0,,TREMENTINA,NM,,S,N,85000.0,,3300.0,0.0,0.0
Markian,,M,775.0,,,,89438.0,S,Y,65000.0,,0.0,0.0,0.0
Line,,,502.0,720-5129,THELMA,,41260.0,M,N,80000.0,6.0,,40.0,0.0
Hal,,F,605.0,,,SD,57650.0,S,Y,25000.0,,0.0,0.0,0.0
Hairuo,Journel,M,207.0,,FARMINGTON FALLS,ME,,S,Y,85000.0,,2850.0,0.0,2850.0
Dolors,Lovas,F,907.0,,,AK,99744.0,M,N,85000.0,0.0,0.0,,0.0
Thuy,,,586.0,746-3216,CASPIAN,MI,49915.0,M,,75000.0,3.9,0.0,6200.0,3100.0
Renee,Elsanadidi,M,307.0,,,WY,82845.0,S,,75000.0,,0.0,0.0,0.0
Mazin,Marakakis,F,985.0,,KAPLAN,,,,Y,100000.0,6.0,4500.0,,1000.0
Deven,,,563.0,,GUTTENBERG,IA,52052.0,S,Y,70000.0,,,0.0,40.0
Stuart,,F,605.0,,,SD,57522.0,M,,45000.0,,0.0,0.0,0.0
Doyle,Guski,M,307.0,,,WY,82524.0,M,Y,80000.0,,0.0,0.0,0.0
Kazuharu,,,563.0,823-9092,MOUNT AUBURN,,52313.0,,Y,85000.0,8.98,0.0,80.0,40.0
Koki,,F,808.0,900-4759,WAIKOLOA,,96738.0,M,N,45000.0,8.25,0.0,2080.0,0.0
Nobumitsu,,F,608.0,,BOYD,,,S,Y,100000.0,,700.0,0.0,400.0
Gongxian,,M,636.0,225-6503,CLIMAX SPRINGS,MO,65324.0,M,N,45000.0,6.0,,4200.0,0.0
Surendranath,Junnemann,F,351.0,,CHESHIRE,MA,,S,,75000.0,,3575.0,0.0,1000.0
Seichi,,F,636.0,857-5633,ROCKBRIDGE,MO,65741.0,,,40000.0,6.0,0.0,4200.0,0.0
Kwangyoen,Nyce,F,208.0,,OSBURN,,83849.0,,N,80000.0,7.8,,,0.0
Raffaele,,,614.0,818-9852,,OH,45660.0,M,,70000.0,2.8696666,0.0,2600.0,0.0
Gwenael,,F,816.0,826-7427,,MO,65201.0,M,Y,5000.0,3.75,,4200.0,1200.0
Marney,Zeidenstein,,,334-3898,KIMBERLY,,54136.0,,Y,25000.0,4.880782,0.0,1400.0,400.0
Weiye,Korcuska,,,301-9614,DULUTH,GA,30099.0,M,,40000.0,6.0,0.0,,3000.0
Chaoyi,Kask,M,435.0,,LEHI,UT,,,N,10000.0,,2475.0,0.0,0.0
Jixin,Kislenkov,,,372-9628,TAYLORS ISLAND,,21669.0,M,N,30000.0,4.75,0.0,,0.0
Mattijs,Kwiatkowski,M,307.0,,,,82450.0,S,Y,5000.0,0.0,0.0,,0.0
,,,803.0,252-3790,,,29101.0,M,Y,5000.0,3.563716,0.0,6600.0,3300.0
Nimish,Tompa,,202.0,700-3022,WASHINGTON,,20543.0,M,N,30000.0,9.0,0.0,2740.0,0.0
Rangachari,,F,808.0,,LIHUE,HI,,,,60000.0,,1040.0,0.0,0.0
Rama,Benveniste,,319.0,889-3676,COUNCIL BLUFFS,IA,51502.0,M,,25000.0,4.0235424,0.0,80.0,40.0
Mogens,Oettli,M,,391-5789,THIBODAUX,,70301.0,M,N,95000.0,6.0,,,0.0
Anand,Rehfuss,,239.0,,,FL,33865.0,M,Y,15000.0,0.0,,,0.0
Tulika,Leufke,F,208.0,,,ID,,S,,5000.0,2.6903439,3300.0,,0.0
Jui,Ranft,M,417.0,,MACKS CREEK,,65786.0,,N,60000.0,6.0,,,0.0
Oukseh,Rick,F,,489-6934,,,60714.0,M,Y,95000.0,3.0,,,2000.0
Basilis,Emiris,F,253.0,,,WA,98231.0,M,Y,35000.0,,0.0,0.0,0.0
Annie,,M,769.0,,RICHLAND,MS,,,N,25000.0,,6000.0,0.0,0.0
Ishantha,Marburger,M,404.0,,ELKO,,,S,N,35000.0,6.0,2700.0,,0.0
Michal,Shindo,M,,449-6582,ARTESIA,,88210.0,M,N,70000.0,5.3,,,0.0
Jurgen,Munetoh,F,479.0,,SULPHUR ROCK,,72579.0,S,N,25000.0,6.16338,,,0.0
Rajendran,Kuberka,M,302.0,,,DE,,S,,15000.0,2.8818183,110.0,,110.0
Drew,Dami,,,611-1365,,OH,43757.0,M,Y,80000.0,3.2016153,0.0,2600.0,1300.0
Jackie,Gargeya,,860.0,680-5487,NORWALK,,6852.0,,N,30000.0,5.0,0.0,24500.0,0.0
Jelena,,M,662.0,,MAYERSVILLE,,,,N,50000.0,,6000.0,0.0,0.0
Xiangfeng,Matuttis,F,,288-3515,HOLLOMAN AIR FORCE BASE,NM,88330.0,,,15000.0,4.957143,0.0,,0.0
Agnieszka,Rayko,M,939.0,,,PR,725.0,S,Y,90000.0,0.0,,,0.0
Hsiang,Luff,,,264-4744,,WV,25723.0,M,N,15000.0,3.35,0.0,,0.0
Shekar,,,703.0,,CHESAPEAKE,VA,23322.0,S,,20000.0,,,0.0,900.0
Rustam,Baby,,347.0,,WEST FALLS,NY,14170.0,M,,55000.0,,0.0,0.0,0.0
Evanthia,Wavrik,,,316-4007,JASPER,AL,35502.0,,Y,85000.0,5.0,0.0,3000.0,300.0
Bohuslav,Strubbe,,228.0,,MIZE,MS,39116.0,,N,30000.0,5.0,,,0.0
Jiyuan,,F,816.0,841-1155,BUFFALO,,65622.0,M,Y,65000.0,6.0,,4200.0,1200.0
Sahrah,Maskas,M,,281-9236,LAKE LILLIAN,MN,56253.0,,,15000.0,5.35,0.0,,0.0
Yongge,,M,551.0,,,NJ,,S,,85000.0,,1000.0,0.0,0.0
Iyad,,M,603.0,,,,3225.0,M,Y,20000.0,,0.0,0.0,0.0
Venkatesan,Pfefferle,F,435.0,,BRIAN HEAD,UT,84719.0,S,,50000.0,7.0,,,0.0
Micha,Wavish,M,,300-1587,BLACK EAGLE,,59414.0,M,Y,15000.0,6.9,0.0,3800.0,1900.0
Donanld,Koshkin,,931.0,,,TN,37721.0,S,Y,100000.0,0.0,0.0,,0.0
Nicu,Malhotra,M,339.0,,VINEYARD HAVEN,,,S,Y,20000.0,5.3,3575.0,,1000.0
Dharmaraja,,M,787.0,,,PR,786.0,M,Y,30000.0,,0.0,0.0,0.0
Hayato,Fergany,F,907.0,,,AK,99626.0,M,Y,95000.0,,0.0,0.0,0.0
,Aimeur,M,208.0,,KOOSKIA,ID,,,Y,35000.0,,3300.0,0.0,3300.0
Howard,Tomer,M,217.0,966-3240,,IL,62463.0,M,Y,25000.0,3.0,0.0,4000.0,2000.0
,Giegerich,M,980.0,,ORRUM,NC,,,Y,95000.0,,3300.0,0.0,3300.0
,Couvreur,F,208.0,,MAY,,,,Y,80000.0,,3300.0,0.0,3300.0
Kothuri,,M,608.0,,POUND,,,,N,35000.0,,700.0,0.0,0.0
Frieder,Panangaden,,862.0,,,NJ,7477.0,S,N,15000.0,1.4,,,0.0
Petar,Quinet,M,907.0,,,,99583.0,S,Y,65000.0,0.0,,,0.0
Baltasar,,M,559.0,,SAN DIEGO,CA,92106.0,,Y,25000.0,,,0.0,272.0
,,F,505.0,,SANTO DOMINGO PUEBLO,,87052.0,,Y,95000.0,,,0.0,3300.0
Valmir,,F,801.0,,BOUNTIFUL,UT,,S,,50000.0,,2475.0,0.0,2475.0
Hui,Jahnichen,F,281.0,,,TX,75928.0,M,Y,80000.0,,0.0,0.0,0.0
Imadeldin,Takagi,,302.0,,WILMINGTON,DE,19887.0,S,Y,45000.0,4.927273,,,110.0
Wojciech,,M,830.0,,,TX,79603.0,S,,95000.0,,,0.0,0.0
Gurindar,Fulcher,F,206.0,,,WA,99130.0,S,Y,85000.0,,0.0,0.0,0.0
Yamine,Gohl,,315.0,,JACKSON HEIGHTS,NY,11372.0,,,35000.0,,0.0,0.0,0.0
Hatem,Inui,F,864.0,,WILLIAMS,SC,,S,N,30000.0,,3300.0,0.0,0.0
Noemie,Alpuente,F,,461-1823,,,58374.0,M,N,60000.0,2.451245,0.0,6600.0,0.0
Agustin,Boggs,M,,601-3503,,IL,62675.0,M,N,55000.0,3.0,0.0,4000.0,0.0
Lourdes,Geldenhuys,F,,511-1211,PONCA CITY,,74601.0,,N,35000.0,6.25,0.0,2000.0,0.0
Huaxiong,Gurel,,,613-4439,LAKE CITY,SC,29560.0,,N,40000.0,7.0,0.0,6600.0,0.0
Erick,Royer,F,435.0,686-7350,BRIAN HEAD,UT,84719.0,M,Y,20000.0,7.0,,,2475.0
Toshihito,Radhakrishnan,,989.0,,FARMINGTON,MI,48332.0,S,,10000.0,3.9,,,0.0
Magatho,Pollatschek,,931.0,,,,38052.0,S,N,75000.0,0.0,,,0.0
Chuchang,Milgrom,M,,264-6088,BOISE,ID,83702.0,M,N,60000.0,7.8,,,0.0
Tokunbo,Leban,F,205.0,,COY,AL,,S,,75000.0,5.0,1500.0,,300.0
Ceon,Peyn,M,208.0,,IDAHO FALLS,ID,83401.0,,N,65000.0,7.8,,,0.0
Souji,Mandell,M,408.0,,LA VERNE,CA,,,,75000.0,9.3,87.0,,0.0
Fun,Bultitude,,304.0,199-5407,,WV,25639.0,M,N,5000.0,3.0,0.0,4000.0,0.0
,,F,828.0,,ASHEVILLE,NC,,S,Y,85000.0,,3300.0,0.0,3300.0
Aviezri,Woehl,,,605-2501,ROLESVILLE,NC,27571.0,,N,20000.0,6.1520977,0.0,6600.0,0.0
Guntram,,F,509.0,,,WA,98356.0,S,N,25000.0,,0.0,0.0,0.0
,Antin,F,252.0,,FARMVILLE,NC,,S,Y,40000.0,,3300.0,0.0,3300.0
,,,802.0,152-4221,LOWELL,VT,5847.0,,,60000.0,4.1988535,0.0,6600.0,3300.0
Tuyen,Skala,,860.0,,NEW HAVEN,CT,6509.0,,,20000.0,5.0,,,0.0
Shannon,Crutchfield,,,467-3205,BRAMWELL,WV,24715.0,M,,30000.0,4.4,0.0,4000.0,0.0
Yanjun,Maguire,F,,460-8896,DODGE,NE,68633.0,M,,50000.0,6.84,0.0,,103.0
Ronni,,F,601.0,,BALDWYN,MS,,S,,65000.0,,6000.0,0.0,1500.0
Berardina,Atarashi,F,951.0,,NEWPORT BEACH,CA,,,Y,30000.0,,87.0,0.0,272.0
Kwangsub,,M,828.0,,WINSTON SALEM,,,S,N,95000.0,,3300.0,0.0,0.0
Gerlinde,Joswig,F,,363-4424,SUNBURST,MT,59482.0,M,Y,40000.0,6.9,0.0,3800.0,1900.0
Borivoj,Nisiyama,F,,510-9813,OCEANSIDE,CA,92051.0,,N,45000.0,9.3,,,0.0
Xiaoyang,Benaissa,M,302.0,,BRIDGEVILLE,DE,,S,,95000.0,,110.0,0.0,0.0
Bikash,,M,571.0,,FALLS CHURCH,VA,,S,N,65000.0,,900.0,0.0,0.0
Suhas,Bett,F,,467-3604,SALT LAKE CITY,UT,84152.0,,,15000.0,7.0,0.0,4950.0,2475.0
Yuejian,,M,503.0,827-7833,KEIZER,OR,97307.0,,Y,20000.0,9.0,,318.0,159.0
Heichun,,M,608.0,,FOXBORO,WI,,S,N,30000.0,,700.0,0.0,0.0
Marcella,,M,812.0,,,,,S,N,35000.0,,1000.0,0.0,0.0
Taisuke,,M,651.0,,WILLIAMS,MN,,S,,55000.0,,3300.0,0.0,0.0
Jorrge,Sekaran,F,918.0,,SNOW,,74567.0,S,N,10000.0,6.25,,,0.0
Keiji,Couvreur,F,202.0,,WASHINGTON,,,S,Y,40000.0,,1370.0,0.0,1370.0
Yka,,M,620.0,,PARSONS,KS,,,,85000.0,,2250.0,0.0,2250.0
Mitsuteru,,M,620.0,,WEBBER,,,S,N,20000.0,,2250.0,0.0,0.0
Casey,Lieflander,F,316.0,675-2901,WICHITA,KS,67213.0,M,N,100000.0,6.45,0.0,,0.0
Kazukuni,Delannoy,M,915.0,,,,77830.0,S,N,25000.0,,0.0,0.0,0.0
Shao,Schmill,M,907.0,,,AK,99614.0,M,,100000.0,0.0,,,0.0
Pascalin,Eigler,,,495-9713,FLORIS,,52560.0,M,Y,75000.0,8.98,0.0,80.0,40.0
Surnjani,Norigoe,,352.0,,,FL,32855.0,S,,85000.0,0.0,,,0.0
Eckehard,,M,623.0,,,AZ,,S,Y,50000.0,,2100.0,0.0,2300.0
Chien,,M,505.0,218-5730,SANTA FE,NM,87505.0,,N,15000.0,4.957143,0.0,6600.0,0.0
Ignas,Tari,F,401.0,,,RI,2858.0,S,N,55000.0,,0.0,0.0,0.0
,,,507.0,735-3151,BUHL,MN,55713.0,M,,70000.0,7.85,0.0,6600.0,3300.0
Navid,Giddy,M,,617-4753,,,70466.0,M,Y,15000.0,2.8,0.0,9000.0,1000.0
Ludek,Dissmann,F,302.0,,FENWICK ISLAND,,,S,Y,60000.0,,110.0,0.0,110.0
Wieslaw,Tolly,F,401.0,,,RI,2872.0,S,,65000.0,,0.0,0.0,0.0
Guihai,Dragt,,423.0,,,TN,38119.0,S,N,60000.0,,0.0,0.0,0.0
Schuichi,Grand,,423.0,,,TN,38585.0,S,,75000.0,,0.0,0.0,0.0
Dhananjay,Restivo,F,,514-1332,HUNTSVILLE,UT,84317.0,,Y,80000.0,7.0,,,2475.0
Vassily,Pelayo,M,907.0,,,AK,99661.0,M,,50000.0,0.0,,,0.0
Behrooz,Gloger,,228.0,676-3216,YAZOO CITY,MS,39194.0,M,N,90000.0,5.0,0.0,12000.0,0.0
Waiman,,F,503.0,,BEAVERTON,OR,,S,,10000.0,,159.0,0.0,159.0
Nimar,Blau,,,590-6877,BETHESDA,,20894.0,M,Y,15000.0,4.75,0.0,4800.0,2400.0
,,,803.0,813-6312,,SC,29163.0,M,,5000.0,3.563716,0.0,6600.0,3300.0
Margrit,Brandsma,M,,353-2660,DUTZOW,,63342.0,M,Y,10000.0,6.0,0.0,4200.0,1200.0
Nachimuthu,Salvail,,234.0,916-1415,,,43601.0,M,N,65000.0,2.7036924,,,0.0
Naotake,Tonnesen,F,203.0,,FARMINGTON,,,S,N,30000.0,,12750.0,0.0,0.0
Xuding,Bavuso,F,307.0,,,WY,82630.0,M,,95000.0,,0.0,0.0,0.0
Alselm,,F,808.0,953-5649,HALEIWA,HI,96712.0,M,Y,25000.0,5.546053,,2080.0,1040.0
Jayaramaiah,,F,605.0,,,,57544.0,S,Y,65000.0,,0.0,0.0,0.0
Eenjan,,M,503.0,,WARM SPRINGS,OR,,S,N,100000.0,,159.0,0.0,0.0
,,F,701.0,,,ND,,S,,35000.0,,3300.0,0.0,3300.0
Kshitij,,,727.0,,,,33611.0,M,Y,100000.0,,0.0,0.0,0.0
Gayle,Schoning,,973.0,,,NJ,8988.0,S,Y,15000.0,1.4,,,1500.0
Heinz,,,616.0,171-6487,SAGINAW,MI,48605.0,,N,55000.0,3.9,,6200.0,0.0
Seiichiro,,,769.0,,FRIARS POINT,MS,38631.0,S,,60000.0,,,0.0,1500.0
,Kushner,,,623-3744,SPRING PARK,MN,55384.0,M,,40000.0,6.3900213,0.0,,3300.0
Jichiang,Gohl,M,307.0,,,,83128.0,M,Y,30000.0,,0.0,0.0,0.0
Jamey,Widenauer,,,444-8007,,,47302.0,M,Y,40000.0,3.4,0.0,2000.0,1000.0
Shuetsu,Dawood,M,480.0,,,AZ,,S,,,,2100.0,0.0,0.0
Nasreddine,Chamillard,,863.0,,,,34288.0,M,N,,,0.0,0.0,0.0
Ardie,Navazio,F,,537-8627,,IL,62567.0,M,Y,5000.0,3.0,,,2000.0
Teck,Purao,F,401.0,,,RI,2882.0,M,,40000.0,0.0,,,0.0
Berhard,Sakkinen,,203.0,,STAMFORD,CT,6911.0,S,Y,60000.0,5.0,,,0.0
Eddi,Makinen,M,,464-4652,PAHOA,HI,96778.0,,Y,45000.0,8.25,0.0,,1040.0
Chung,Uckan,M,860.0,,NEW HAVEN,CT,,,Y,60000.0,,12750.0,0.0,0.0
Ekkart,Legato,M,401.0,,,RI,2840.0,M,Y,80000.0,0.0,0.0,,0.0
,Tsiligaridis,F,218.0,,PINE RIVER,,,,Y,65000.0,,3300.0,0.0,3300.0
Shoji,,M,712.0,,ELDORA,IA,,S,,40000.0,,40.0,0.0,0.0
Rosangela,,M,563.0,,TOETERVILLE,IA,,S,,45000.0,,40.0,0.0,0.0
Anastasios,Manhart,M,406.0,,VAUGHN,MT,,S,Y,65000.0,6.9,1900.0,,1900.0
Mari,,F,719.0,,PUEBLO,,81002.0,,N,85000.0,,0.0,0.0,0.0
Tzay,,,769.0,,BELDEN,MS,38826.0,S,,,,,0.0,1500.0
Pankaj,Pasztor,M,307.0,,,,82944.0,M,N,,0.0,,,0.0
Warwich,,F,662.0,,ROLLING FORK,MS,,,,,,6000.0,0.0,1500.0
Benita,,M,808.0,,HONOLULU,HI,,,N,,,1040.0,0.0,0.0
Tsunenori,,,574.0,951-9394,,IN,46711.0,M,,15000.0,3.4,0.0,2000.0,0.0
Chabane,,M,760.0,115-2229,TRINIDAD,CA,95570.0,M,N,90000.0,9.3,0.0,174.0,0.0
Thoms,Calabrese,F,281.0,,,TX,76066.0,M,,,,0.0,0.0,0.0
Mandira,Rueda,M,217.0,,,,60153.0,S,N,,3.0,,,0.0
Stamos,,M,603.0,,,NH,3780.0,M,,,,0.0,0.0,0.0
Koppolu,Capon,F,906.0,,FOSTER CITY,,,S,N,,,3100.0,0.0,0.0
Barbora,,M,620.0,826-7291,CLEARWATER,KS,67026.0,M,N,60000.0,6.45,0.0,4500.0,0.0
Sanjay,,M,574.0,,,IN,,S,,,,1000.0,0.0,1000.0
Pnina,Simutis,M,307.0,,,WY,82630.0,M,Y,,0.0,,,0.0
Arlaana,,,662.0,,HERMANVILLE,MS,39086.0,S,Y,,,,0.0,1500.0
Meiliu,Adi,M,402.0,,HOOPER,,,,N,,,103.0,0.0,0.0
Cormac,,F,702.0,,,NV,89713.0,M,Y,,,0.0,0.0,0.0
,,M,843.0,,HARDEEVILLE,SC,,S,Y,,,3300.0,0.0,3300.0
Samphel,Hjalmtysson,M,401.0,,,RI,2901.0,M,,,,0.0,0.0,0.0
Sudharsan,,M,808.0,,HONOLULU,HI,96847.0,,,,,,0.0,1040.0
Simeon,,F,605.0,,,SD,57467.0,M,,,,0.0,0.0,0.0
Zbigniew,,,610.0,,,PA,16918.0,M,Y,,,,0.0,0.0
Pavel,,F,605.0,,,,57072.0,M,Y,,,,0.0,0.0
Guodong,,F,503.0,,CLATSKANIE,OR,97016.0,S,N,,,,0.0,0.0
Alongkrit,Phiphobmongkol,M,,305-1759,ELLINGTON,MO,63638.0,M,N,70000.0,6.0,,,0.0
Chengqi,Meerbergen,,317.0,117-1278,,IN,46616.0,M,Y,25000.0,3.4,,,1000.0
Hiroomi,Halgason,,,580-4203,,NJ,7063.0,M,Y,50000.0,1.873125,0.0,2000.0,1500.0
Wilm,Pichetti,,,383-4182,CARY,MS,39054.0,M,,90000.0,5.0,,,1500.0
Lia,Kleyle,M,360.0,,,,98205.0,M,N,,0.0,0.0,,0.0
Shalitha,Eyal,M,209.0,,CARLSBAD,CA,,S,,,,87.0,0.0,272.0
,Adleman,F,919.0,,BELEWS CREEK,NC,,S,,,,3300.0,0.0,3300.0
Natawut,Rofougaran,M,337.0,829-6994,PAINCOURTVILLE,,70391.0,,Y,20000.0,4.4,,,1000.0
Evanthia,,M,801.0,,GRANTSVILLE,UT,,S,Y,,,2475.0,0.0,2475.0
Thirumalai,,,515.0,,DICKENS,IA,51333.0,S,,,,,0.0,40.0
,,M,505.0,,ROWE,,87562.0,,Y,,,,0.0,3300.0
Atanas,,M,626.0,,SAN BERNARDINO,CA,,,N,,,87.0,0.0,0.0
Nadir,,F,712.0,,TEMPLETON,,,S,Y,,,40.0,0.0,40.0
Cinzia,,F,530.0,,ARCADIA,CA,,S,N,,,87.0,0.0,0.0
Matthai,Jonckers,F,401.0,,,,2917.0,M,Y,,,0.0,0.0,0.0
Marinos,Delaigle,,850.0,,,,33617.0,S,N,,,0.0,0.0,0.0
Limsoon,Poli,,203.0,,DANBURY,,6817.0,S,Y,,5.0,,,0.0
Afonso,,M,571.0,,BLACKSBURG,VA,,S,Y,,,900.0,0.0,900.0
Abdulla,Wuwongse,F,928.0,,LITCHFIELD PARK,AZ,,,Y,,,2100.0,0.0,2300.0
Jayant,,M,817.0,,,,76140.0,S,N,,,,0.0,0.0
Elefterios,Zislis,,352.0,,,FL,32891.0,M,Y,,,0.0,0.0,0.0
Mostefa,,F,636.0,213-4902,SAINT LOUIS,,63125.0,,N,25000.0,6.0,,4200.0,0.0
Cao,Dubinsky,M,207.0,,BUXTON,ME,,S,N,,,2850.0,0.0,0.0
,Sivarajan,,,620-4170,SPRING HOPE,NC,27882.0,M,,65000.0,7.0961537,,,3300.0
Raghunandan,Velazco,F,912.0,,SUMNER,GA,,S,,,,2700.0,0.0,3000.0
Shimeng,Messeguer,F,401.0,,,RI,2863.0,M,,,0.0,,,0.0
Nabih,,,601.0,,EDWARDS,,39066.0,S,N,,,,0.0,0.0
Kexiang,Haasis,M,302.0,,KENTON,,,,N,,,110.0,0.0,0.0
Tankoano,Windisch,F,308.0,951-4607,KENNARD,NE,68034.0,,,35000.0,6.84,0.0,206.0,103.0
Yanni,Shahrbabaki,,860.0,876-4404,WINDSOR,CT,6006.0,M,,50000.0,5.0,,,0.0
Zohra,Rasch,F,318.0,889-3729,THERIOT,LA,70397.0,M,Y,85000.0,6.0,,,1000.0
Lance,,F,831.0,,SACRAMENTO,,,,N,,,87.0,0.0,0.0
Hardeep,Blackall,,,396-6621,FAYETTEVILLE,NC,28309.0,M,N,95000.0,7.7255244,0.0,6600.0,0.0
Vinko,Getfert,,,626-5659,SHELDON,SC,29941.0,M,,90000.0,7.0,0.0,6600.0,0.0
Aslihan,,F,801.0,659-8026,SALT LAKE CITY,UT,84132.0,,N,25000.0,7.0,0.0,4950.0,0.0
Yin,Venkitaraman,M,,394-2949,FREMONT,NE,68025.0,M,,45000.0,6.84,0.0,206.0,103.0
Arijit,,F,804.0,,DANVILLE,VA,,S,N,,,900.0,0.0,0.0
Aelmut,Nyberg,F,903.0,,,TX,75371.0,M,N,,0.0,,,0.0
Yanhong,Loyot,,404.0,228-7867,ILA,GA,30647.0,,,95000.0,6.0,0.0,,0.0
Lorenzo,Mihoubi,,260.0,651-3162,,,47631.0,M,Y,30000.0,3.4,,,1000.0
Debashish,,F,618.0,161-5610,,IL,62975.0,M,N,40000.0,3.0,,4000.0,0.0
Natalija,,M,605.0,,,,57326.0,S,Y,,,,0.0,0.0
Vijaya,,F,701.0,,,ND,,S,,,,3300.0,0.0,0.0
Kerryn,Wahba,F,334.0,,FAUNSDALE,,,S,Y,,,1500.0,0.0,300.0
,,M,802.0,,,VT,,S,Y,,,3300.0,0.0,3300.0
Natalio,Forker,,931.0,,,,37318.0,S,Y,,,0.0,0.0,0.0
Andres,,M,504.0,,KENNER,LA,,,Y,,,4500.0,0.0,1000.0
Qingxun,Deyuan,M,860.0,,GEORGETOWN,CT,,S,,,,12750.0,0.0,0.0
,Ogurol,M,208.0,,CLIFTON,ID,83228.0,S,Y,,7.8,,,3300.0
Sathis,Vongsathorn,F,231.0,,TROY,MI,,S,,,,3100.0,0.0,3100.0
Mendel,Kitsuregawa,F,907.0,,,,99836.0,S,Y,,0.0,0.0,,0.0
Shir,Karczmarczuk,,302.0,926-7330,NEWARK,DE,19715.0,,,45000.0,4.927273,0.0,220.0,110.0
Wilmer,Mackenzie,F,217.0,,,IL,,S,,,3.0,2000.0,,0.0
Meyer,Berc,M,308.0,,WESTERN,,,S,Y,,,103.0,0.0,103.0
Nacer,Dierk,M,913.0,,WELLSVILLE,,,S,N,,,2250.0,0.0,0.0
Kara,,,601.0,,GUNTOWN,,38849.0,S,Y,,,,0.0,1500.0
Lowrence,Ianov,M,,438-1623,,,96840.0,M,N,10000.0,2.8421054,0.0,2080.0,0.0
Harjinder,,F,712.0,,,IA,,S,Y,,,40.0,0.0,40.0
Kazuaki,Ohori,M,918.0,,OKTAHA,,74450.0,,N,,6.25,,,0.0
Ambros,,M,541.0,,EAGLE CREEK,OR,97022.0,S,Y,,,,0.0,159.0
Xuefei,Burgert,F,208.0,,MCCALL,ID,,,,,,3300.0,0.0,0.0
Preda,Romboli,F,206.0,,SNOQUALMIE,WA,98065.0,S,,,0.0,,,0.0
,,F,701.0,,,ND,,S,Y,,,3300.0,0.0,3300.0
Norwood,,F,504.0,,TUNICA,,,S,N,,,4500.0,0.0,0.0
Camilo,Guckenheimer,F,,594-2161,SACO,MT,59261.0,,Y,15000.0,6.9,0.0,3800.0,1900.0
Kripasindhu,,M,520.0,,,,,S,Y,,,2100.0,0.0,2300.0
Juzhen,Kupsch,F,213.0,739-1848,,,90046.0,M,Y,5000.0,1.0,0.0,,272.0
Melliyal,Culpepper,M,406.0,,CLINTON,,,S,N,,,1900.0,0.0,0.0
Gain,Stojanovski,,,397-2965,CASHTON,WI,54619.0,M,N,25000.0,4.880782,,,0.0
Yixin,Morisio,,973.0,186-5789,,NJ,8848.0,M,,60000.0,2.0308332,,,0.0
Kalev,Sugimura,,,532-8434,,,7643.0,M,Y,5000.0,1.4,,,1500.0
Xiangjun,Herzberg,M,907.0,,MANLEY HOT SPRINGS,AK,99756.0,,,,,0.0,0.0,0.0
Jiankun,Coradeschi,M,401.0,,CAROLINA,,2812.0,S,Y,,,0.0,0.0,0.0
Sebastiano,Miake,,908.0,,,NJ,7608.0,S,,,1.4788542,,,1500.0
Vijayshankar,Abdat,M,913.0,861-1257,RANDALL,KS,66963.0,,,75000.0,6.45,0.0,4500.0,2250.0
Maryalice,Awdeh,F,479.0,882-4931,,,72670.0,M,N,10000.0,2.5778654,0.0,40.0,0.0
Haiming,Giegerich,M,360.0,,FERNDALE,WA,98248.0,M,Y,,,0.0,0.0,0.0
Pratyush,Ranon,,,571-1724,,OH,44431.0,M,,65000.0,2.7036924,,,1300.0
Sailaja,Ramaswamy,,270.0,,GARRETT,KY,41630.0,S,,,4.333333,,,20.0
Gio,Sassano,F,417.0,,SPRINGFIELD,MO,65804.0,S,N,,6.0,,,0.0
Aya,Hackl,M,,311-6488,,ND,58368.0,M,N,5000.0,2.1,0.0,6600.0,0.0
Bir,,F,808.0,,WAIMANALO,HI,,S,Y,,,1040.0,0.0,1040.0
Yezdezard,Gaudioso,M,857.0,,WEST CHATHAM,MA,,S,,,,3575.0,0.0,0.0
Jangsu,,F,702.0,,LAS VEGAS,,89146.0,,N,,,0.0,0.0,0.0
Tingfang,,F,702.0,,LOGANDALE,NV,89021.0,,,,,0.0,0.0,0.0
,Chinen,F,,547-9131,TAUNTON,MN,56291.0,M,,25000.0,5.5895944,0.0,6600.0,3300.0
Somnath,,F,720.0,,DENVER,CO,80294.0,M,,,,0.0,0.0,0.0
Rishiyur,Kayssi,F,406.0,,COLUMBUS,MT,,S,,,,1900.0,0.0,0.0
Rokia,Muirhead,,845.0,,JAMAICA,NY,11436.0,,,,4.475,,,0.0
Rong,Bassolet,M,307.0,,CODY,WY,82414.0,S,,,,0.0,0.0,0.0
GuoDong,Skowron,M,,491-9249,OLIVE,MT,59343.0,,N,25000.0,6.9,,,0.0
Cen,,M,623.0,,,AZ,,S,Y,,,2100.0,0.0,2300.0
Zhigang,Yacobi,,240.0,131-1734,MANCHESTER,MD,21102.0,,N,60000.0,4.75,0.0,4800.0,0.0
Shuang,,M,602.0,,SEDONA,AZ,,,,,,2100.0,0.0,0.0
Iabelle,Coscia,,423.0,,MEMPHIS,TN,38110.0,,N,,,0.0,0.0,0.0
Marcela,,M,540.0,,HENRICO,,,S,N,,,900.0,0.0,0.0
Attahiru,Cotta,F,907.0,,NUNAPITCHUK,AK,99641.0,,Y,,,0.0,0.0,0.0
Ningda,Hallam,,302.0,748-3086,,,19725.0,M,N,20000.0,3.2227273,0.0,220.0,0.0
,Flandrena,,,567-9119,YOUNG AMERICA,MN,55562.0,M,Y,75000.0,7.85,0.0,6600.0,3300.0
,Boddy,M,320.0,,MADISON LAKE,MN,,,Y,,,3300.0,0.0,3300.0
Cuneyt,Turnbull,M,937.0,,,OH,,S,N,,,1300.0,0.0,0.0
Guri,Konrad,M,401.0,,HOPKINTON,RI,2833.0,,N,,0.0,0.0,,0.0
Tomaoo,Kindberg,F,240.0,,SHARPSBURG,MD,,S,,,,2400.0,0.0,0.0
Ibibia,Slahor,F,401.0,,TIVERTON,RI,2878.0,M,N,,0.0,,,0.0
Ingeborg,,F,701.0,,,ND,,S,N,,,3300.0,0.0,0.0
Janett,Bau,,,368-9009,BOWLING GREEN,,42102.0,M,N,40000.0,4.0555553,0.0,40.0,0.0
JoAnna,Vidal,M,217.0,998-7492,,,60136.0,M,Y,70000.0,3.0,0.0,4000.0,2000.0
Venkatram,,M,605.0,,SALEM,SD,57058.0,,,,,0.0,0.0,0.0
Leora,,,585.0,,CLARENCE,,14031.0,S,Y,,,0.0,0.0,1000.0
,,F,802.0,,MONTPELIER,,,,Y,,,3300.0,0.0,3300.0
Polle,Raeithel,F,360.0,,SEATTLE,WA,98111.0,,,,0.0,,,0.0
,Anton,F,320.0,,SOUTH INTERNATIONAL FALLS,MN,,S,,,,3300.0,0.0,3300.0
Tarcisio,Snelgrove,M,253.0,,EVERETT,WA,98213.0,M,,,0.0,,,0.0
Teruya,,F,765.0,,,IN,,S,,,,1000.0,0.0,1000.0
InduShobha,,M,702.0,,SLOAN,NV,89054.0,S,N,,,0.0,0.0,0.0
Hajnal,,M,623.0,,,AZ,,S,N,,,2100.0,0.0,0.0
Anni,Hollenbeck,M,214.0,,JOHNSON CITY,TX,78636.0,,N,,,0.0,0.0,0.0
Marialuisa,Leibl,F,402.0,,,,,S,Y,,3.0217428,103.0,,103.0
Manas,Yokomori,,434.0,107-8631,IRON GATE,,24448.0,,N,50000.0,5.75,0.0,1800.0,0.0
Arif,,F,701.0,652-6042,,ND,58573.0,M,N,65000.0,2.5092063,0.0,6600.0,0.0
Nhora,,F,769.0,,COLUMBUS,,,S,Y,,,6000.0,0.0,1500.0
Maristella,Simkin,F,,422-8142,LIHUE,,96766.0,,N,45000.0,8.25,,,0.0
Murty,,,610.0,,,,18812.0,S,Y,,,,0.0,0.0
Pohua,Taki,F,251.0,,PINE APPLE,AL,,,N,,,1500.0,0.0,0.0
,,,803.0,143-1396,SUMMERVILLE,SC,29485.0,M,Y,15000.0,7.0,,6600.0,3300.0
Seungwang,Mueller,,920.0,,DODGEVILLE,WI,53595.0,S,,,5.9232907,,,0.0
Junxian,,M,808.0,745-3332,HONOLULU,,96821.0,,Y,65000.0,8.25,0.0,2080.0,1040.0
Fabrizio,Staes,,203.0,749-7004,,CT,6180.0,M,N,5000.0,3.0,,,0.0
Yousri,Mitkov,,860.0,721-8187,NAUGATUCK,CT,6770.0,,N,15000.0,5.0,,,0.0
Wanlei,,M,623.0,,,AZ,,S,,,,2100.0,0.0,0.0
Mihai,Cannan,M,314.0,671-4011,GOWER,,64454.0,M,Y,40000.0,6.0,0.0,4200.0,1200.0
Shouji,,,606.0,,LEJUNIOR,KY,40849.0,,,,,,0.0,20.0
Mic,Kupiec,,878.0,,,,17072.0,S,Y,,3.07,0.0,,0.0
Brig,Canny,M,251.0,,GREENSBORO,AL,,S,N,,,1500.0,0.0,0.0
,Marsden,,218.0,117-7332,MINNEAPOLIS,MN,55427.0,,Y,5000.0,5.35,0.0,,3300.0
Diane,Duchessi,M,,498-2795,,ND,58428.0,M,N,40000.0,2.2194002,0.0,6600.0,0.0
Eneko,,,712.0,,COUNCIL BLUFFS,IA,51501.0,S,Y,,,,0.0,40.0
,,F,505.0,,LAKEWOOD,NM,88254.0,,,,,,0.0,3300.0
Joa,Skaar,,304.0,,JANE LEW,,26378.0,,N,,4.4,,,0.0
Girija,Maggini,F,351.0,763-7139,WOBURN,MA,1813.0,M,N,60000.0,5.3,0.0,,0.0
Yoonsuck,Delgano,F,207.0,,FORT KENT MILLS,ME,,S,,,,2850.0,0.0,0.0
Karakunakara,,F,701.0,,,,58845.0,S,N,,,,0.0,0.0
Azaria,,F,620.0,211-5946,,KS,66062.0,M,N,5000.0,3.5,,4500.0,0.0
Lilian,Kohne,F,417.0,,RICHWOODS,,,,N,,6.0,2100.0,,0.0
Vojislav,Kurakake,,301.0,971-3654,BALTIMORE,MD,21231.0,M,,75000.0,4.75,0.0,,2400.0
Heung,Christmansson,,,500-8790,DUMAS,MS,38625.0,M,N,35000.0,5.0,0.0,12000.0,0.0
Mikkel,Das,F,425.0,,CARLSBORG,,98324.0,S,Y,,,0.0,0.0,0.0
Danu,,F,808.0,835-2848,WAIALUA,HI,96791.0,M,Y,35000.0,7.3486843,,2080.0,1040.0
Yonathan,Aidoud,F,307.0,,,WY,82213.0,S,,,,0.0,0.0,0.0
Farn,,F,702.0,,,NV,89409.0,S,N,,,,0.0,0.0
Ville,Maraist,M,307.0,,,WY,82009.0,S,,,0.0,0.0,,0.0
Klara,Lucio,M,920.0,,LARSEN,,,,Y,,4.707031,700.0,,400.0
Ericka,,F,787.0,,,PR,647.0,S,N,,,0.0,0.0,0.0
,Bitton,F,,345-6073,HOBBS,,88240.0,,Y,100000.0,5.3,0.0,6600.0,3300.0
Jiangtao,Menhoudj,F,413.0,795-9429,REHOBOTH,,2769.0,,Y,40000.0,5.3,,,1000.0
Jop,,M,775.0,,,,89705.0,S,N,,,0.0,0.0,0.0
Ulfar,,F,831.0,115-1162,,CA,90746.0,M,,5000.0,1.0,0.0,174.0,272.0
,Farrell,M,307.0,,,WY,83014.0,M,N,,,0.0,0.0,
,Garnham,M,402.0,667-5524,MAXWELL,NE,69151.0,,,55000.0,6.84,0.0,206.0,
Przemyslawa,Justus,F,325.0,,,TX,75002.0,M,,,,0.0,0.0,0.0
Delgado,Vamvakos,F,,615-3418,,CA,91773.0,M,N,10000.0,1.869,0.0,174.0,0.0
,,,803.0,,ALCOLU,,29001.0,S,N,,,,0.0,
Jayadev,,,610.0,,,,18085.0,S,Y,,,0.0,0.0,0.0
Akimou,Gruninger,,202.0,771-3240,WASHINGTON,DC,20406.0,M,Y,65000.0,9.0,0.0,2740.0,1370.0
Traugot,Davisson,F,870.0,199-1737,NATURAL DAM,AR,72948.0,,,60000.0,7.0,0.0,40.0,0.0
,,M,603.0,,,NH,3835.0,M,Y,,,0.0,0.0,
,Benoit,M,304.0,,CHARLESTON,WV,,S,Y,,,2000.0,0.0,
Phenil,,F,636.0,,KANSAS CITY,,,,N,,,2100.0,0.0,0.0
,,,484.0,,,,18452.0,M,Y,,,,0.0,
Jianhui,,F,603.0,,,,3053.0,S,Y,,,0.0,0.0,0.0
Vamsee,,F,803.0,,COLUMBIA,SC,,S,,,,3300.0,0.0,0.0
,Sreekantaswamy,M,939.0,,,PR,610.0,S,Y,,0.0,,,
Quan,Tzolovski,F,480.0,902-3667,PRESCOTT,AZ,86304.0,,,90000.0,4.11,0.0,4200.0,2300.0
,Gomi,M,334.0,,HAYDEN,,,S,N,,,1500.0,0.0,
Krysia,,F,775.0,,,,89126.0,S,Y,,,,0.0,0.0
,,,601.0,753-1861,COLUMBUS,MS,39710.0,M,,90000.0,5.0,0.0,12000.0,
Francis,Genin,F,304.0,,MIAMI,WV,,,N,,,2000.0,0.0,0.0
Lek,Ramnath,,302.0,,WINTERTHUR,,19735.0,S,Y,,5.268182,,,110.0
,,,540.0,172-8537,SHARPS,VA,22548.0,M,,25000.0,5.75,0.0,1800.0,
Putthi,Staab,,301.0,889-7163,BALTIMORE,MD,21205.0,M,,95000.0,4.75,,,0.0
Armand,,F,513.0,,,OH,,S,N,,,1300.0,0.0,0.0
Aarno,Reinman,F,208.0,,POCATELLO,ID,83204.0,,N,,7.8,,,0.0
,Sillion,,843.0,,COLUMBIA,,29204.0,S,N,,7.0,,,
Gary,Lumbreras,F,912.0,,BRISTOL,GA,,S,Y,,4.4,2700.0,,3000.0
Umang,Jupin,F,228.0,,D LO,MS,,S,,,,6000.0,0.0,1500.0
Goker,,F,808.0,883-8993,MILILANI,HI,96789.0,,Y,55000.0,8.25,0.0,2080.0,1040.0
Kifung,,,731.0,,,,37916.0,S,N,,,0.0,0.0,0.0
,Andrzejak,M,401.0,,,RI,2904.0,M,N,,,0.0,0.0,
,,M,618.0,,,IL,,S,N,,,2000.0,0.0,
Jarkko,,F,785.0,751-1163,POMONA,,66076.0,,Y,75000.0,6.45,,4500.0,2250.0
,Felder,M,479.0,,CRUMROD,AR,,S,,,,20.0,0.0,
,,,607.0,,BUFFALO,NY,14226.0,M,N,,,0.0,0.0,
,Silly,,,407-4756,,,8232.0,M,N,15000.0,1.4,,,
,Taneja,M,209.0,740-4365,LAGUNA HILLS,,92653.0,,N,100000.0,9.3,0.0,174.0,
,,,585.0,,MOOERS FORKS,NY,12959.0,,N,,,,0.0,
Charlie,Camps,,,559-5665,GRAND RAPIDS,MI,49560.0,M,N,50000.0,3.9,0.0,6200.0,0.0
Yatsutaka,Ratnaker,,,372-4174,BOLTON,CT,6043.0,M,,50000.0,5.0,,,0.0
,Nabeshima,,843.0,,CHARLESTON,SC,29423.0,S,N,,7.0,,,
,,M,505.0,,ALBUQUERQUE,,,S,N,,,3300.0,0.0,
,Sereno,M,870.0,798-1054,WHELEN SPRINGS,AR,71772.0,M,,40000.0,7.0,,,
,,,615.0,,,TN,38016.0,S,Y,,,,0.0,
Jongin,,F,605.0,,,,57062.0,S,Y,,,,0.0,0.0
Tejo,Nanard,,,370-5141,LAC DU FLAMBEAU,WI,54538.0,,,40000.0,5.1414094,,,0.0
Xinyu,,,706.0,713-5211,TUCKER,GA,30084.0,M,,70000.0,6.0,,5400.0,3000.0
,Abels,M,939.0,,,PR,954.0,S,,,,0.0,0.0,
Shachindra,Minnear,,404.0,,ATLANTA,GA,31131.0,S,,,6.0,,,3000.0
,Ishai,M,319.0,,CURLEW,,,S,N,,,40.0,0.0,
,Hazony,M,971.0,880-8794,WOODBURN,OR,97071.0,M,,45000.0,9.0,0.0,318.0,
,,,717.0,,,,19096.0,M,N,,,,0.0,
,Gingras,M,985.0,983-2251,,LA,71136.0,M,,5000.0,2.0,0.0,9000.0,
Rame,Hitomi,F,307.0,,,WY,82332.0,S,,,,0.0,0.0,0.0
,,,585.0,,WASHINGTON MILLS,,13479.0,S,Y,,,,0.0,
,Hancart,,,492-8951,GRAY,GA,31032.0,M,N,80000.0,6.0,0.0,5400.0,
Kazuya,Schoelles,F,978.0,,BOSTON,,2133.0,S,N,,5.3,,,0.0
Kit,Frisby,F,401.0,,,,2894.0,M,N,,,0.0,0.0,0.0
,Fanty,F,252.0,,DAVIDSON,NC,,S,,,,3300.0,0.0,3300.0
,Orwant,,,556-3798,CLARKSVILLE,MI,48815.0,M,N,60000.0,3.9,,,
Daoud,Houtekamer,F,308.0,,HALLAM,NE,,S,N,,,103.0,0.0,0.0
,Rees,M,401.0,,,RI,2862.0,M,Y,,0.0,,,
,Kurata,M,210.0,,,,76016.0,S,N,,0.0,0.0,,
,Vamvakos,M,308.0,,OMAHA,NE,,,,,,103.0,0.0,
Roderic,Cattrall,,859.0,767-7951,FRANKLIN,KY,42134.0,M,,45000.0,4.333333,0.0,40.0,20.0
Rajanarayanan,,F,808.0,,,HI,,S,,,,1040.0,0.0,0.0
Gavriela,,,574.0,799-7588,,IN,46571.0,M,Y,35000.0,3.4,0.0,2000.0,1000.0
Ryotaro,Repeko,,302.0,,,DE,19736.0,S,,,2.540909,,,110.0
Kousuke,Schultes,,203.0,250-2653,,,6129.0,M,N,5000.0,3.0,,,0.0
,Haldar,M,208.0,,LOWMAN,ID,,,,,,3300.0,0.0,
Jiro,,,757.0,670-3810,CRIDERS,,22820.0,M,Y,45000.0,5.75,,1800.0,900.0
,,M,785.0,191-3165,BELLE PLAINE,,67013.0,M,Y,50000.0,6.45,,4500.0,
Shekar,,F,818.0,945-2444,,CA,91335.0,M,,10000.0,1.869,,174.0,272.0
,,M,701.0,207-4980,,ND,58208.0,M,,10000.0,2.1,,6600.0,
,Roehmer,,304.0,,SMITHVILLE,WV,26178.0,S,N,,6.5,,,
Catarina,Viles,F,207.0,,ORRINGTON,ME,,,N,,,2850.0,0.0,0.0
,Curless,M,443.0,,CRUMPTON,,,S,Y,,,2400.0,0.0,
,Kark,M,,485-2751,HOLSTEIN,,68950.0,,Y,65000.0,6.84,0.0,206.0,
Jurek,,F,702.0,,,,89444.0,S,Y,,,0.0,0.0,0.0
,,M,601.0,,BOONEVILLE,,,S,N,,,6000.0,0.0,
,,,802.0,,,VT,5740.0,S,,,,,0.0,3300.0
Safa,Dziadosz,F,317.0,,,IN,,S,,,,1000.0,0.0,0.0
Ellen,,F,785.0,,BEVERLY,KS,,S,N,,,2250.0,0.0,0.0
Kilin,,,606.0,917-1448,,,42221.0,M,Y,30000.0,3.5,,40.0,20.0
,Mitsuhashi,M,907.0,,,AK,99654.0,M,,,0.0,,,
Efthimis,Lomanto,F,907.0,,,AK,99756.0,S,N,,0.0,0.0,,0.0
Taomas,Hechler,,931.0,,,TN,38131.0,S,,,,0.0,0.0,0.0
Yannick,Largo,F,907.0,,,AK,99661.0,S,,,0.0,0.0,,0.0
,Shiode,,202.0,,WASHINGTON,DC,20208.0,S,Y,,7.875,,,
,Coy,,,507-9767,WASHINGTON,DC,20026.0,M,Y,80000.0,9.0,0.0,2740.0,
,Simons,F,,604-5677,WAUBUN,MN,56589.0,M,,75000.0,7.85,,,3300.0
Yanni,Tavangarian,F,847.0,,,IL,,S,,,,2000.0,0.0,0.0
Miriam,,F,702.0,,,,89155.0,M,N,,,0.0,0.0,0.0
,,,570.0,,,,17968.0,S,N,,,0.0,0.0,
Bozena,,F,702.0,,,NV,89138.0,M,Y,,,,0.0,0.0
,Hemenway,M,307.0,,,WY,82244.0,M,,,,0.0,0.0,
Liz,Hogarth,F,402.0,861-2464,CROOKSTON,,69212.0,M,N,45000.0,6.84,0.0,206.0,0.0
,Halpern,M,401.0,,,,2910.0,M,Y,,,0.0,0.0,
Paola,Chenney,F,907.0,,,,99825.0,M,Y,,,0.0,0.0,0.0
Kauko,Ohtsu,,,498-2403,,,43506.0,M,N,75000.0,3.0356412,,,0.0
Felicidad,Goldsworthy,F,857.0,,CHATHAM,MA,,S,N,,,3575.0,0.0,0.0
Tadahiko,Alexanyan,F,337.0,886-8665,TIOGA,LA,71477.0,M,,90000.0,6.0,0.0,9000.0,1000.0
Taketoshi,Boughanem,F,203.0,,WEST GRANBY,CT,,S,,,,12750.0,0.0,0.0
,,M,775.0,,,,89045.0,S,N,,,,0.0,
Orkut,Slavenburg,F,337.0,,OPELOUSAS,,70571.0,,Y,,6.0,,,1000.0
,,,616.0,664-4298,METAMORA,MI,48455.0,,,20000.0,3.9,0.0,6200.0,
Roar,Veevers,F,,314-4051,DRUMMOND,MT,59832.0,M,,40000.0,6.9,0.0,3800.0,0.0
,Leutenegger,,,351-2636,,IN,46156.0,M,,20000.0,3.4,0.0,,
,Cannon,M,313.0,,ROCHESTER,MI,,,Y,,,3100.0,0.0,
,Takanami,,,287-3707,HARTWOOD,VA,22471.0,M,Y,50000.0,5.75,,1800.0,
,Biermann,M,401.0,,,RI,2883.0,S,Y,,,0.0,0.0,
Viljem,McNeill,F,970.0,,DENVER,CO,80228.0,S,,,4.63,0.0,,0.0
,,F,701.0,880-7656,,ND,58380.0,M,Y,80000.0,2.68309,,6600.0,3300.0
,Murer,M,970.0,,WESTCLIFFE,CO,81252.0,S,N,,4.63,,,
,Cosmo,,980.0,885-5506,MORRISVILLE,NC,27560.0,,Y,75000.0,7.305944,0.0,6600.0,
Viswanathan,,F,503.0,,EUGENE,OR,,S,,,,159.0,0.0,0.0
Ersan,Neighbors,,216.0,,,OH,43778.0,S,Y,,3.0356412,,,1300.0
Oscar,Horvitz,F,207.0,,,,,S,Y,,,2850.0,0.0,2850.0
Kosho,,F,781.0,,WEST MEDFORD,,,S,Y,,,3575.0,0.0,1000.0
Denise,,F,623.0,,,AZ,,S,N,,,2100.0,0.0,0.0
,,,715.0,,MUSCODA,WI,53573.0,,Y,,,,0.0,
,Rouet,M,308.0,147-4430,OMAHA,NE,68136.0,,N,45000.0,6.84,,,
,Mulkers,M,432.0,,,,79109.0,S,Y,,0.0,,,
Weifeng,Karloff,,302.0,803-8230,NEWARK,DE,19725.0,,,95000.0,5.95,0.0,220.0,110.0
,,,770.0,,SNELLVILLE,,30039.0,S,Y,,,,0.0,
,Broadwell,M,912.0,,CANTON,GA,,S,,,,2700.0,0.0,
Deane,Widjojo,F,361.0,,,TX,77244.0,S,Y,,,0.0,0.0,0.0
Donko,Janetzko,,352.0,,,FL,33957.0,M,Y,,,0.0,0.0,0.0
,Hemmerling,M,,289-3101,SUNSHINE,LA,70780.0,M,N,50000.0,6.0,0.0,9000.0,
Gihwan,Lautenschlager,F,330.0,,,OH,,S,Y,,1.8738205,1300.0,,1300.0
,Mitzner,M,206.0,,,WA,98603.0,S,,,0.0,,,
Soazig,,F,574.0,,,IN,,S,,,,1000.0,0.0,1000.0
Hayo,Berk,F,402.0,,CLEARWATER,NE,,S,Y,,,103.0,0.0,103.0
,Grandbois,M,479.0,926-3382,LONSDALE,AR,72087.0,,,55000.0,7.0,0.0,40.0,
,Musin,M,,608-5308,,OK,73573.0,M,Y,5000.0,3.0555556,,,
Claus,,F,719.0,,EASTLAKE,CO,80614.0,S,N,,,,0.0,0.0
Aneurin,Hamming,,860.0,111-2665,WATERBURY,CT,6724.0,M,Y,20000.0,5.0,0.0,24500.0,0.0
Ljudmilla,Aponte,F,270.0,,,,,S,N,,,20.0,0.0,0.0
,Fernald,M,304.0,,WEST COLUMBIA,WV,,S,,,,2000.0,0.0,
Rowan,Fauth,F,270.0,,,KY,,S,,,,20.0,0.0,0.0
,,M,815.0,,,,62248.0,S,N,,,,0.0,
,,M,732.0,,,,,S,N,,,1000.0,0.0,
,Samaddar,M,479.0,,AUSTIN,,72007.0,S,Y,,7.0,,,
,Strubbe,,229.0,,MURRAYVILLE,,30564.0,,N,,6.0,,,
,Kankanhalli,M,435.0,,CLARKSTON,UT,,S,N,,,2475.0,0.0,
Berthier,,F,787.0,,,PR,723.0,S,N,,,0.0,0.0,0.0
Kisaburo,,,765.0,901-2020,,,46041.0,M,N,70000.0,3.4,0.0,2000.0,0.0
Burke,Agnew,F,860.0,,STAFFORD SPRINGS,CT,,S,N,,,12750.0,0.0,0.0
,Rothe,,205.0,213-9030,OXFORD,AL,36203.0,,Y,75000.0,5.0,,,
,,M,763.0,,WINONA,MN,,S,,,,3300.0,0.0,
,Linehan,M,252.0,,CHARLOTTE,NC,,S,Y,,6.7814684,3300.0,,
,Nastea,M,413.0,,SPRINGFIELD,MA,1152.0,S,N,,5.3,,,
Wenceslas,Koskiala,F,909.0,,SAN JOSE,CA,,,,,9.3,87.0,,272.0
Andrei,,F,603.0,,,NH,3815.0,M,Y,,,,0.0,0.0
Jianyang,Kawanobe,F,228.0,,BUCKATUNNA,,,S,Y,,,6000.0,0.0,1500.0
Grit,Hittos,,865.0,,,TN,37411.0,S,Y,,,0.0,0.0,0.0
,Sirmakessis,M,402.0,,HUMPHREY,NE,68642.0,,N,,6.84,,,
Carolina,,F,817.0,,LUBBOCK,TX,79411.0,,Y,,,0.0,0.0,0.0
,Daya,M,206.0,,HANSVILLE,,98340.0,S,N,,,0.0,0.0,
Dhaval,Lindblad,,231.0,862-3724,HOUGHTON,MI,49931.0,,Y,10000.0,3.9,0.0,,3100.0
Jiangtao,Maiocchi,F,434.0,,ASSAWOMAN,,,S,N,,5.75,900.0,,0.0
,Strnad,M,360.0,,OTIS ORCHARDS,,99027.0,,N,,0.0,,,
,Shanmugasundaram,M,907.0,,KING SALMON,AK,99613.0,,N,,0.0,,,
,Perfilyeva,M,401.0,,CENTRAL FALLS,RI,2863.0,S,,,0.0,,,
Sharada,,F,606.0,,,KY,,S,,,,20.0,0.0,20.0
Tomohiro,Ingalls,F,978.0,987-7413,SWANSEA,MA,2777.0,M,,20000.0,5.3,0.0,7150.0,1000.0
Zhiguo,Reid,,,572-8657,DRIFT,KY,41619.0,M,Y,50000.0,4.611111,,,20.0
,Efe,,,384-7970,WASHINGTON,DC,20534.0,M,,95000.0,9.0,0.0,2740.0,
,Renegar,,270.0,,CLEATON,,42332.0,S,N,,6.0,,,
,,M,808.0,254-5582,,HI,96703.0,M,,15000.0,3.743421,0.0,2080.0,
,,M,508.0,960-3685,LENOX DALE,MA,1242.0,,,35000.0,5.3,0.0,7150.0,
,Rivers,M,915.0,,ODESSA,TX,79765.0,,N,,0.0,,,
,Disney,M,307.0,,TORRINGTON,WY,82240.0,M,N,,,0.0,0.0,
Gwenole,Aghili,F,307.0,,SINCLAIR,WY,82334.0,M,Y,,,0.0,0.0,0.0
,Chomsky,M,302.0,,WILMINGTON,,,S,N,,,110.0,0.0,
,Trivett,M,907.0,,SOLDOTNA,AK,99669.0,S,Y,,,0.0,0.0,
Saeeiab,Sipusik,F,208.0,,KINGSTON,ID,83839.0,,,,7.8,,,0.0
,Latil,,207.0,817-7160,ESTCOURT STATION,ME,4741.0,M,,95000.0,8.5,0.0,,
Antonis,,F,808.0,,,HI,,S,Y,,,1040.0,0.0,1040.0
,Gjerlov,M,205.0,,BEAR CREEK,AL,,S,N,,,1500.0,0.0,
Yiftach,,,765.0,,,IN,46781.0,S,,,,,0.0,0.0
,,,802.0,183-9130,RUPERT,VT,5768.0,,,100000.0,4.994672,0.0,6600.0,3300.0
Jeffry,Kesselman,,,527-5872,WOLFCREEK,,24993.0,M,N,45000.0,5.45,0.0,4000.0,0.0
,,,484.0,,,PA,15082.0,M,,,,,0.0,
,,M,619.0,,SANTA BARBARA,CA,,,Y,,,87.0,0.0,
Shachindra,Leonidas,,,317-9274,MC ROBERTS,KY,41835.0,,,85000.0,6.0,0.0,,20.0
,Hameroff,M,956.0,,TEMPLE,,76501.0,S,N,,,0.0,0.0,
Tarun,MacRobert,F,240.0,,BORING,MD,,S,,,4.75,2400.0,,0.0
Gaston,,F,501.0,,PARKDALE,AR,,,N,,,20.0,0.0,0.0
Burkhard,Capaccioli,,,342-7800,,IN,46614.0,M,N,50000.0,3.4,0.0,2000.0,0.0
,Sancho,M,303.0,,COLORADO SPRINGS,CO,80938.0,S,N,,4.63,,,
Djamal,Sinofsky,F,406.0,,VANDALIA,MT,59273.0,S,Y,,6.9,,,1900.0
Kuriacose,Cagman,F,401.0,,CENTRAL FALLS,,2863.0,M,N,,,0.0,0.0,0.0
,Pontow,M,253.0,,WARDEN,WA,98857.0,M,N,,0.0,,,
,Narasayya,M,206.0,,BLACK DIAMOND,,98010.0,M,Y,,0.0,,,
,Sander,M,406.0,,GREAT FALLS,MT,59403.0,S,,,6.9,,,
Nili,,F,801.0,,PAYSON,,,,N,,,2475.0,0.0,0.0
Kristine,Pittarelli,F,224.0,932-5902,,,62630.0,M,N,5000.0,3.0,,,0.0
Samul,Kuester,,917.0,,VESTAL,NY,13851.0,M,,,4.2143292,0.0,,0.0
,,,727.0,,BALM,FL,33503.0,S,Y,,,,0.0,
,Glodjo,M,207.0,,COREA,ME,,S,,,,2850.0,0.0,
Bede,Speer,,,426-6064,,DE,19906.0,M,Y,25000.0,3.5636363,,,110.0
Fangzhen,Miyadera,,937.0,,,OH,45404.0,S,N,,2.3717437,,,0.0
Sudip,Ireland,F,435.0,665-8172,SALT LAKE CITY,UT,84147.0,,,30000.0,7.0,0.0,4950.0,2475.0
,Dinkloh,F,910.0,,MAYODAN,NC,,,Y,,,3300.0,0.0,3300.0
Duccio,Machiels,F,330.0,,,OH,,S,Y,,2.8696666,1300.0,,1300.0
,Sekiya,M,972.0,,ELMO,TX,75118.0,S,,,0.0,,,
,Pelletreau,,412.0,,,PA,18420.0,M,N,,3.07,,,
Yunmook,Khayat,F,207.0,,RANDOLPH,ME,,,N,,,2850.0,0.0,0.0
,Vollmeyer,M,308.0,825-7455,LEBANON,NE,69036.0,,,15000.0,4.7976766,0.0,206.0,
,Arbib,M,435.0,774-1469,EDEN,UT,84310.0,M,Y,70000.0,7.0,0.0,4950.0,
Duong,,F,504.0,193-1934,FERRIDAY,LA,71334.0,M,N,95000.0,6.0,,9000.0,0.0
,Ranganath,,267.0,,,PA,18248.0,M,Y,,3.07,,,
,Hirowatar,M,405.0,863-9904,BIG CABIN,OK,74332.0,M,,30000.0,6.25,0.0,2000.0,
,,,516.0,,FALCONER,NY,14733.0,S,,,,0.0,0.0,
,Bolbourn,F,208.0,828-6207,NAMPA,ID,83653.0,,Y,45000.0,7.8,0.0,6600.0,3300.0
,,,631.0,,BRANT,NY,14027.0,S,Y,,,0.0,0.0,
,Ramsdell,F,208.0,113-2631,FENN,ID,83531.0,M,Y,60000.0,7.8,,,3300.0
Gererd,,F,651.0,816-8359,VILLARD,MN,56385.0,M,N,10000.0,5.35,0.0,6600.0,0.0
,Duntsch,M,307.0,,GILLETTE,,82717.0,M,N,,,0.0,0.0,
Changjung,,F,603.0,,ENFIELD CENTER,NH,3749.0,S,N,,,0.0,0.0,0.0
,Cichosz,M,425.0,,ORIENT,,99160.0,,Y,,,0.0,0.0,
,Crestin,,,602-8330,FAITH,NC,28041.0,M,,85000.0,7.515734,0.0,6600.0,3300.0
Badrinath,Franaszczuk,F,469.0,,FORT WORTH,TX,76150.0,S,N,,,0.0,0.0,0.0
Katsuro,,F,808.0,,SCHOFIELD BARRACKS,,,,Y,,,1040.0,0.0,1040.0
Dadong,Zongker,F,907.0,,ANCHORAGE,AK,99517.0,S,N,,,0.0,0.0,0.0
,,F,505.0,,HOBBS,,88241.0,,Y,,,,0.0,3300.0
,Arnette,,,342-2494,SCANDIA,,55073.0,,N,50000.0,6.9236393,0.0,6600.0,
,,F,802.0,,,,,S,Y,,,3300.0,0.0,3300.0
,,M,701.0,,,ND,,S,N,,,3300.0,0.0,
Bostjan,,F,502.0,,CAMPBELLSBURG,KY,,S,Y,,,20.0,0.0,20.0
,Nordahl,M,,323-2568,PARCEL RETURN SERVICE,,56920.0,,N,55000.0,9.0,,,
,D'Amiano,M,219.0,,,,,S,Y,,,1000.0,0.0,
Arnd,,F,623.0,,,AZ,,S,N,,,2100.0,0.0,0.0
Nagesh,Machine,F,316.0,,LACYGNE,,,,N,,6.45,2250.0,,0.0
Saila,Aylett,F,202.0,,WASHINGTON,DC,,S,,,,1370.0,0.0,1370.0
Kozi,Button,F,309.0,,,,,S,N,,,2000.0,0.0,0.0
,Azuma,,,607-2255,,,47274.0,M,N,40000.0,3.4,0.0,2000.0,
,,M,775.0,,HAWTHORNE,,89415.0,M,Y,,,0.0,0.0,
,Rahm,M,318.0,,TIOGA,LA,71477.0,S,N,,6.0,,,
Francky,Episkopou,F,401.0,,BARRINGTON,RI,2806.0,S,Y,,,0.0,0.0,0.0
,,,585.0,,SHRUB OAK,NY,10588.0,M,,,,,0.0,
,Heering,M,202.0,,WASHINGTON,DC,,S,,,,1370.0,0.0,
,Weigand,,352.0,,ARCADIA,FL,34265.0,M,,,,0.0,0.0,
,Bays,M,270.0,,KNIFLEY,KY,,,Y,,,20.0,0.0,
Mira,Fujinami,F,907.0,,CHIGNIK,,99564.0,M,N,,,0.0,0.0,0.0
,Rivenburgh,,240.0,,BALTIMORE,MD,21203.0,S,,,4.75,,,
Reiji,Reuter,,407.0,,GAINESVILLE,FL,32601.0,M,,,0.0,,,0.0
Dhruba,,F,603.0,,LACONIA,NH,3247.0,,Y,,,0.0,0.0,0.0
,Linnainmaa,M,480.0,728-5667,,AZ,85743.0,M,Y,75000.0,3.8775,0.0,,
,,M,832.0,,HOUSTON,,77079.0,,Y,,,,0.0,
,Alhajj,M,939.0,,ARECIBO,PR,612.0,S,Y,,,0.0,0.0,
,Gobioff,,302.0,883-7502,,,19979.0,M,Y,5000.0,2.2,0.0,220.0,
,,M,808.0,127-2694,,HI,96786.0,M,,15000.0,3.743421,0.0,2080.0,
,,M,720.0,,EMPIRE,CO,80438.0,M,,,,0.0,0.0,
,Juvan,M,401.0,,PROVIDENCE,RI,2903.0,,N,,,0.0,0.0,
Shigeichi,,F,573.0,,SAINT LOUIS,MO,63110.0,,,,,,0.0,0.0
Jaeheon,Helscher,F,,515-9744,WOBURN,,1813.0,M,N,45000.0,5.3,0.0,7150.0,0.0
Weixiong,Osgood,F,208.0,,IDAHO FALLS,ID,83404.0,,,,7.8,,,0.0
,,M,505.0,253-2037,CANONES,NM,87516.0,M,Y,40000.0,5.3,,6600.0,
,Alterman,M,864.0,,RUBY,SC,,,,,,3300.0,0.0,
Jayanth,Sabnani,,860.0,831-5585,NIANTIC,,6357.0,,Y,35000.0,5.0,,,0.0
,,M,660.0,150-6124,OLD MONROE,,63369.0,,Y,20000.0,6.0,,4200.0,
Jiawan,Peshkin,F,207.0,716-5893,STEEP FALLS,,4085.0,M,N,15000.0,6.9580293,,,0.0
Bulent,Shimony,,276.0,227-5778,,VA,22217.0,M,Y,10000.0,3.875,,,900.0
,,M,512.0,,LIVINGSTON,TX,77351.0,,Y,,,0.0,0.0,
Danielle,McCue,,,397-4372,PELL CITY,AL,35125.0,,Y,40000.0,5.0,0.0,,300.0
Kasi,Juste,F,906.0,,EDMORE,,,S,Y,,,3100.0,0.0,3100.0
,,M,580.0,,LENAPAH,,,,N,,,1000.0,0.0,
Roddy,,F,507.0,,CALUMET,MN,,S,,,,3300.0,0.0,0.0
,Borchering,M,309.0,,,IL,,S,N,,,2000.0,0.0,
Edoardo,Spinner,F,918.0,,FLETCHER,OK,73541.0,S,N,,6.25,,,0.0
,Lanza,F,843.0,,PLUM BRANCH,SC,,,,,7.0,3300.0,,3300.0
,,M,785.0,,FRONTENAC,KS,,S,N,,,2250.0,0.0,
Klaas,,F,802.0,,,,,S,N,,,3300.0,0.0,0.0
Naomichi,,F,708.0,,,,60468.0,S,Y,,,,0.0,2000.0
Rangaswamy,Dolins,,,282-5003,WASHINGTON,DC,20436.0,M,,25000.0,7.875,0.0,2740.0,0.0
Horatiu,Tsvetovat,F,971.0,,HUBBARD,OR,,,Y,,,159.0,0.0,159.0
,,F,701.0,,,ND,58374.0,S,,,,,0.0,3300.0
CongDuc,Lautenschlager,F,401.0,,PAWTUCKET,RI,2861.0,,N,,0.0,0.0,,0.0
,Guernic,M,971.0,,CANBY,OR,,S,,,,159.0,0.0,
Abdelsalam,,,615.0,,PALMER,TN,37365.0,,N,,,,0.0,0.0
Sette,Kroener,F,,529-4759,DURANT,OK,74701.0,M,,100000.0,6.25,0.0,,0.0
,,M,606.0,,,KY,,S,,,,20.0,0.0,
Ora,Bottner,,,401-1879,TOMAH,,54660.0,M,N,20000.0,4.7939067,0.0,1400.0,0.0
Nejib,Brodley,,336.0,722-3949,MINERAL SPRINGS,,28108.0,,N,20000.0,6.1520977,0.0,6600.0,0.0
,Gurel,M,240.0,,BALTIMORE,MD,,S,,,,2400.0,0.0,
,Sejnowski,,301.0,,LINTHICUM HEIGHTS,MD,21090.0,,Y,,4.75,,,
Nilanjan,Sokoler,F,,514-7557,SAINT PATRICK,,63466.0,,Y,80000.0,6.0,,,1200.0
Yiya,Protasov,,302.0,,LITTLE CREEK,DE,19961.0,,,,5.268182,,,110.0
,Macrosson,M,908.0,,,NJ,,S,Y,,2.1096876,1000.0,,
,,,614.0,851-8377,,OH,45845.0,M,Y,55000.0,2.3717437,0.0,2600.0,
,Cudia,M,234.0,,,OH,,S,,,,1300.0,0.0,
,Kearns,M,406.0,,CHESTER,MT,,S,,,,1900.0,0.0,
,,M,701.0,,,ND,58701.0,S,,,,,0.0,
Prateek,,,769.0,699-8084,MOSS,MS,39460.0,,,65000.0,5.0,0.0,12000.0,0.0
Menas,,F,706.0,,DAHLONEGA,,,S,N,,,2700.0,0.0,0.0
,,M,787.0,,ISABELA,PR,662.0,,,,,,0.0,
Yigit,Bogliolo,F,314.0,,EDGERTON,MO,,S,,,,2100.0,0.0,1200.0
,Bercovich,M,307.0,,,WY,83126.0,M,,,,0.0,0.0,
Lasse,Bickford,F,,565-9884,WESTBY,,59275.0,M,Y,35000.0,6.9,0.0,3800.0,1900.0
,,M,843.0,,NORWAY,SC,,,,,,3300.0,0.0,
HweeBong,,,484.0,,,PA,18630.0,S,N,,,0.0,0.0,0.0
,Salvaneschi,,,542-9384,,,44720.0,M,N,70000.0,2.8696666,,,
Telle,,F,719.0,,COLORADO SPRINGS,CO,80970.0,M,,,,0.0,0.0,0.0
Seijo,Rodman,,856.0,,,NJ,8038.0,S,,,2.0308332,,,1500.0
,Wygladala,,336.0,152-1041,FAYETTEVILLE,NC,28303.0,M,,30000.0,6.361888,0.0,6600.0,3300.0
,Haack,F,980.0,,OLD FORT,NC,,,Y,,,3300.0,0.0,3300.0
,Pecuchet,M,406.0,,COLSTRIP,MT,59323.0,S,N,,6.9,,,
Sashidhar,Fiutem,F,,547-5347,MADISON,AR,72359.0,,,100000.0,7.0,0.0,40.0,0.0
Xiaolang,Schneeberger,,304.0,206-1249,JOSEPHINE,WV,25857.0,,,80000.0,6.5,,,0.0
Nandyala,Grandbois,F,402.0,,LINCOLN,,,,Y,,,103.0,0.0,103.0
,Wache,,,624-1132,DORCHESTER,,29437.0,M,N,70000.0,7.0,0.0,6600.0,
,,M,620.0,211-6150,SAINT MARYS,KS,66536.0,,,30000.0,6.45,0.0,4500.0,
Fayez,,F,808.0,953-9372,HONOLULU,HI,96825.0,,Y,35000.0,7.3486843,0.0,2080.0,1040.0
,Cherinka,M,,480-8829,THOUSAND OAKS,CA,91358.0,M,N,70000.0,9.3,0.0,174.0,
Suzanne,Rein,F,435.0,,MONTEZUMA CREEK,UT,84534.0,,,,7.0,,,0.0
Harvinder,Stolcke,,304.0,,WHITE SULPHUR SPRINGS,WV,24961.0,S,Y,,6.5,,,2000.0
,,M,802.0,,NORWICH,VT,,,,,,3300.0,0.0,
Wil,Hamblin,F,,561-6085,,IL,60430.0,M,,80000.0,3.0,0.0,4000.0,2000.0
Amrit,,,567.0,,,OH,44676.0,S,N,,,,0.0,0.0
,Sarocky,M,,332-8698,CROCKETTS BLUFF,AR,72038.0,M,,45000.0,7.0,,,
,Barjaktarovic,M,202.0,,WASHINGTON,DC,,S,N,,,1370.0,0.0,
,Henton,,414.0,739-2467,NEW BERLIN,WI,53146.0,,,20000.0,4.7939067,0.0,1400.0,
Youseek,,F,701.0,,,ND,58353.0,S,N,,,,0.0,0.0
Galina,,F,603.0,,GILMANTON,NH,3237.0,M,Y,,,0.0,0.0,0.0
,Ranst,,,563-7091,AVERILL,VT,5901.0,M,N,90000.0,4.7957172,,,
Yibing,Ballou,,302.0,816-9673,WOODSIDE,DE,19980.0,M,,70000.0,5.95,0.0,220.0,0.0
,Wiggers,,901.0,,KENTON,TN,38233.0,,Y,,,0.0,0.0,
,,M,603.0,,LINCOLN,NH,3251.0,,Y,,,,0.0,
Zhiwei,Kshemkalyani,F,316.0,,ATTICA,KS,,S,N,,6.45,2250.0,,0.0
,Gosh,M,,515-3940,LEOTA,MN,56153.0,,N,45000.0,6.6568303,0.0,6600.0,
Suliman,,,731.0,,MEMPHIS,TN,38101.0,,,,,,0.0,0.0
,Virbel,M,217.0,740-2830,,IL,61466.0,M,,30000.0,3.0,0.0,4000.0,
,Kontogiorgos,M,860.0,,BRIDGEWATER,CT,,S,Y,,5.0,12750.0,,
Gino,Maslak,F,307.0,,ENCAMPMENT,WY,82325.0,M,Y,,0.0,0.0,,0.0
Lizy,Srivastava,,410.0,,BETHESDA,,20892.0,S,Y,,4.75,,,2400.0
,Staudinger,,240.0,838-1038,HANCOCK,,21750.0,M,N,40000.0,4.75,,,
,Seress,,443.0,130-1462,CHESTER,MD,21619.0,M,N,20000.0,4.75,,,
,,M,702.0,,LAUGHLIN,,89028.0,,Y,,,0.0,0.0,
Amy,DiPippo,F,308.0,948-6842,SWANTON,NE,68445.0,M,Y,20000.0,5.685643,0.0,206.0,103.0
Antonija,Esteves,F,304.0,,,WV,,S,N,,,2000.0,0.0,0.0
,Yamnitsky,,864.0,987-4034,DUNCAN,,29390.0,M,Y,10000.0,5.752432,0.0,6600.0,3300.0
Joao,,F,630.0,831-3469,,,62059.0,M,Y,10000.0,3.0,0.0,4000.0,2000.0
Gaetano,Kreische,F,443.0,,SEVERNA PARK,MD,,,Y,,4.75,2400.0,,2400.0
,Puterman,M,918.0,,FELT,,73937.0,S,N,,6.25,,,
,Heinle,M,402.0,,MC COOK,NE,,,Y,,,103.0,0.0,
,Penn,,443.0,662-3840,ACCOKEEK,,20607.0,M,N,70000.0,4.75,,,
Stefanos,Stansfield,,478.0,,ATLANTA,GA,30312.0,S,,,6.0,,,0.0
,,,828.0,,MONTREAT,NC,28757.0,,,,,,0.0,3300.0
Reuben,Smallwood,,313.0,,CARNEY,MI,49812.0,S,,,3.9,,,3100.0
,Gubsky,M,316.0,244-3415,MULLINVILLE,KS,67109.0,,N,55000.0,6.45,0.0,4500.0,
,,M,702.0,,RUTH,NV,89319.0,,,,,0.0,0.0,
,,M,512.0,,MERETA,TX,76940.0,,Y,,,0.0,0.0,
Harjit,,F,773.0,,,IL,,S,N,,,2000.0,0.0,0.0
Monagur,Trachtenberg,F,,558-3103,ALGODONES,,87001.0,M,N,75000.0,5.3,0.0,6600.0,0.0
Lamber,,,585.0,,YORKSHIRE,,14173.0,S,Y,,,0.0,0.0,1000.0
Gheith,Guerriero,,,545-9252,CORNWALL BRIDGE,CT,6754.0,M,Y,85000.0,5.0,0.0,24500.0,0.0
Aleksandar,Beretta,,215.0,,,PA,17266.0,M,N,,,0.0,0.0,0.0
Glenn,Eskilson,F,228.0,,PASCAGOULA,MS,,,N,,,6000.0,0.0,0.0
Jae,Schallart,F,,388-8102,ASHBURNHAM,,1430.0,M,N,50000.0,5.3,,,0.0
Jack,Shimohara,F,225.0,,MONROE,,71217.0,,Y,,6.0,,,1000.0
,Bottou,M,307.0,,SHELL,WY,82441.0,M,,,,0.0,0.0,
,Cleary,,,296-2592,ROME,GA,30162.0,,N,55000.0,6.0,0.0,5400.0,
,,M,760.0,,YORBA LINDA,CA,,S,N,,,87.0,0.0,
,Brodnik,F,208.0,706-8239,FILER,ID,83328.0,M,,50000.0,7.8,0.0,6600.0,
,,,518.0,,WEST BURLINGTON,,13482.0,S,N,,,0.0,0.0,
,Vanegas,M,307.0,,JACKSON,,83002.0,,N,,,0.0,0.0,
,Cardinael,M,417.0,219-3721,CLUBB,,63934.0,M,Y,35000.0,6.0,0.0,4200.0,
,,,662.0,,BLUE SPRINGS,,38828.0,S,N,,,,0.0,
,Armando,F,,421-4319,WINNEBAGO,,56098.0,M,Y,90000.0,7.85,0.0,6600.0,
,Terekhov,,,553-1712,,OH,45502.0,M,,20000.0,1.2099231,0.0,2600.0,
,Krzesinski,F,203.0,,WEST HARTFORD,,,S,N,,5.0,12750.0,,
,Weishar,F,202.0,,WASHINGTON,DC,,S,,,,1370.0,0.0,
,Zizka,M,203.0,,BRIDGEPORT,CT,,S,N,,,12750.0,0.0,
,,M,603.0,,COLEBROOK,,3576.0,M,N,,,0.0,0.0,
,Birsak,M,,296-5938,,LA,70893.0,M,N,5000.0,2.0,0.0,9000.0,
,,,704.0,200-9262,PENDLETON,NC,27862.0,,N,10000.0,6.0,0.0,6600.0,
,Karlapalem,F,,338-1898,MESA,,85277.0,,Y,95000.0,4.1875,0.0,4200.0,
,,M,787.0,,,PR,908.0,M,,,,,0.0,
,Dhagat,,,638-2541,GAFFNEY,SC,29342.0,M,N,85000.0,7.0,0.0,6600.0,
,,M,757.0,,HAMPTON,VA,,S,,,,900.0,0.0,
,Wafin,M,202.0,,WASHINGTON,DC,,S,,,,1370.0,0.0,
,Demizu,,,286-5275,TACONIC,CT,6079.0,M,,60000.0,5.0,0.0,24500.0,
,,F,503.0,260-1564,GILCHRIST,,97737.0,M,N,75000.0,9.0,0.0,318.0,
,Tanemo,F,404.0,,MILLEDGEVILLE,GA,,,,,,2700.0,0.0,
,Terrel,F,951.0,,WOODLAND HILLS,CA,,S,Y,,,87.0,0.0,
,,,802.0,173-2745,JERICHO,VT,5465.0,,Y,100000.0,4.994672,,6600.0,
,Gruenberg,,202.0,758-2873,WASHINGTON,DC,20576.0,M,,100000.0,9.0,0.0,2740.0,
,Tulett,M,308.0,,BURR,NE,,S,N,,,103.0,0.0,
,Schmies,M,307.0,,OPAL,WY,83124.0,,N,,0.0,,,
,Felice,,,539-9057,KERNERSVILLE,NC,27285.0,,N,50000.0,6.7814684,0.0,6600.0,
,,M,803.0,,CHARLESTON,,,S,N,,,3300.0,0.0,
,Senzako,M,,591-3105,,IL,61369.0,M,,5000.0,3.0,,,
,Herlea,M,435.0,,HURRICANE,,,,N,,,2475.0,0.0,
,,F,626.0,,DUARTE,CA,,S,N,,,87.0,0.0,
,Marchukov,F,251.0,,PINE APPLE,AL,,,Y,,5.0,1500.0,,
,Wick,,347.0,,QUEENS VILLAGE,,11429.0,,Y,,,0.0,0.0,
,Lundelius,F,843.0,,HEATH SPRINGS,SC,,S,Y,,7.0,3300.0,,
,,M,713.0,,SHINER,TX,77984.0,M,N,,,0.0,0.0,
,Enselme,F,401.0,,PEACE DALE,RI,2883.0,,Y,,,0.0,0.0,
,Gils,M,401.0,,,RI,2801.0,M,,,,0.0,0.0,
,,M,603.0,,,,3304.0,S,N,,,0.0,0.0,
,Lageweg,F,207.0,,MILFORD,ME,,,,,8.5,2850.0,,
,Sensen,F,405.0,,GROVE,OK,74345.0,S,N,,6.25,,,
,,F,630.0,,,IL,,S,,,,2000.0,0.0,
,Tuozzi,M,304.0,,SAINT MARYS,,,,N,,,2000.0,0.0,
,Jacopini,F,307.0,,,WY,82083.0,M,,,,0.0,0.0,
,Rajamony,M,979.0,,,TX,75483.0,S,Y,,0.0,,,
,Veillon,,,612-8959,MINNEAPOLIS,,55439.0,,N,55000.0,7.1904483,0.0,6600.0,
,Lavie,F,,308-9698,,,72310.0,M,Y,15000.0,3.773037,0.0,,
,,F,505.0,,STANLEY,NM,,S,,,,3300.0,0.0,
,Sobieski,F,318.0,101-5250,MERRYVILLE,LA,70653.0,,Y,50000.0,6.0,,,
,Birtle,,414.0,747-4325,FREMONT,,54940.0,M,N,85000.0,5.9232907,0.0,1400.0,
,,,802.0,227-1986,,VT,5730.0,M,N,15000.0,3.6,0.0,6600.0,
,,,765.0,,,,47150.0,S,Y,,,,0.0,
,Solovay,,419.0,,,,43749.0,S,N,,2.537718,,,
,Stround,,,431-5319,,KY,41159.0,M,Y,15000.0,2.6666667,,,
,Bilotta,F,405.0,700-9506,ELK CITY,OK,73644.0,M,,60000.0,6.25,0.0,2000.0,
,Volovik,M,870.0,649-2530,LONDON,AR,72847.0,,N,100000.0,7.0,0.0,40.0,
,Pordesch,,270.0,,MOUNT STERLING,KY,40353.0,,Y,,4.888889,,,
,,F,720.0,,HILLROSE,,80733.0,,N,,,,0.0,
,Vuskovic,F,307.0,,,,83001.0,M,Y,,,0.0,0.0,
,Rips,F,,559-1177,,IL,62655.0,M,,80000.0,3.0,,,
,Feldmesser,,,338-2338,,,7033.0,M,N,20000.0,1.4,0.0,2000.0,
,,F,605.0,,,SD,57477.0,S,,,,,0.0,
,,M,603.0,,,NH,3032.0,S,,,,,0.0,
,,F,801.0,,GLENDALE,UT,84729.0,S,N,,,,0.0,
,Holdridge,,904.0,,,FL,33805.0,S,,,,0.0,0.0,
,,M,719.0,,SAGUACHE,CO,81149.0,,,,,,0.0,
,,F,580.0,,PRYOR,OK,,,,,,1000.0,0.0,
,,,802.0,667-5005,,VT,5658.0,M,,35000.0,3.7014668,0.0,6600.0,
,,,608.0,851-6735,GREEN BAY,WI,54306.0,M,N,45000.0,5.228285,0.0,1400.0,
,Baxter,F,413.0,837-7260,QUINCY,MA,2169.0,,,50000.0,5.3,0.0,7150.0,
,Sedobgo,F,308.0,,BAYARD,NE,69334.0,S,N,,6.5736103,,,
,,F,715.0,,CLINTONVILLE,WI,,S,,,,700.0,0.0,
,,M,801.0,,TABIONA,UT,84072.0,S,,,,,0.0,
,Bluthgen,F,262.0,,MILWAUKEE,WI,,,,,,700.0,0.0,
,Mackenthun,M,401.0,,,RI,2860.0,M,,,0.0,0.0,,
,,M,603.0,,,,3048.0,M,N,,,0.0,0.0,
,,M,707.0,916-1943,TULARE,CA,93275.0,M,,50000.0,9.3,,174.0,
Kerstin,Dehene,F,,444-5973,OKLAHOMA CITY,,73179.0,,Y,10000.0,6.25,0.0,2000.0,1000.0
,Dykema,M,,348-1687,SALEM,,97309.0,,Y,25000.0,9.0,0.0,318.0,
,Landvogt,M,203.0,,NEW HAVEN,CT,,,N,,5.0,12750.0,,
,,,574.0,,,IN,47861.0,S,,,,,0.0,
,Wettschereck,,901.0,,,,37753.0,M,Y,,,0.0,0.0,
,Einwohner,M,217.0,250-6627,,,62982.0,M,Y,40000.0,3.0,0.0,4000.0,
Prabhu,,F,812.0,,,IN,,S,,,,1000.0,0.0,0.0
,Biros,M,406.0,701-8083,HELENA,MT,59601.0,M,Y,100000.0,6.9,0.0,3800.0,
Kuriacose,Sweazey,F,,594-6866,MARYSVALE,,84750.0,,N,65000.0,7.0,,,0.0
,,M,802.0,,FAIRFAX,,,S,N,,,3300.0,0.0,
,Stricker,,864.0,,KINARDS,SC,29355.0,,N,,7.0,,,
,Ranum,M,940.0,,,TX,78634.0,M,,,0.0,,,
Gaurav,Oppenheim,F,401.0,,,RI,2832.0,S,N,,0.0,,,0.0
,,F,505.0,,EL PRADO,NM,,S,Y,,,3300.0,0.0,3300.0
Rafal,Prunet,,860.0,676-1061,STRATFORD,CT,6614.0,M,,90000.0,5.0,,,0.0
,,M,702.0,,,NV,89413.0,S,N,,,0.0,0.0,
,Ilarraza,M,,424-5789,CANTON,MA,2021.0,M,,70000.0,5.3,0.0,7150.0,
,Lipponen,M,425.0,,,,98122.0,S,Y,,0.0,0.0,,
,Marechal,M,435.0,,CENTERFIELD,,,S,N,,7.0,2475.0,,
Beng,Gavrilov,F,918.0,763-9942,TULSA,OK,74146.0,M,N,25000.0,6.25,0.0,2000.0,0.0
,Raeithel,,256.0,125-1276,GROVE HILL,AL,36451.0,M,,80000.0,5.0,,,
Algirdas,,F,775.0,,,NV,89802.0,M,Y,,,0.0,0.0,0.0
,Lenart,,,621-1820,MACON,GA,31204.0,,N,5000.0,4.4,0.0,,
,,M,802.0,,,VT,,S,N,,,3300.0,0.0,
,Lukose,F,952.0,,MARINE ON SAINT CROIX,MN,,,,,6.9236393,3300.0,,3300.0
Inhan,Goldhammer,,,344-3328,SABINE,,25916.0,,Y,35000.0,4.75,0.0,4000.0,2000.0
,Arruda,,,491-1972,WESTGATE,IA,50681.0,M,,30000.0,4.795432,0.0,80.0,
,Konuma,M,,414-5240,OTTER ROCK,OR,97369.0,,,95000.0,9.0,0.0,,
Cor,,F,617.0,,SCITUATE,MA,,,Y,,,3575.0,0.0,1000.0
Jea,Tanner,F,903.0,,,,79013.0,M,N,,,0.0,0.0,0.0
,,M,757.0,,MILLERS TAVERN,VA,,,N,,,900.0,0.0,
Vassos,,F,769.0,,LAKE,MS,,,,,,6000.0,0.0,1500.0
,Ridley,M,207.0,,NORTH YARMOUTH,ME,4097.0,,,,8.5,,,
Vasant,Schwartzel,F,208.0,,BOISE,ID,83757.0,S,,,7.8,,,0.0
,Schilier,,845.0,,NORTHPORT,,11768.0,,N,,4.4460363,,,
Thula,Lanzi,F,301.0,,OWINGS,MD,,,,,4.75,2400.0,,2400.0
Guihai,,,732.0,180-9158,,NJ,8518.0,M,Y,80000.0,2.34625,0.0,2000.0,1500.0
Rayond,Rachid,,304.0,952-9962,,WV,25063.0,M,,5000.0,3.0,,,0.0
,,,803.0,,LYNCHBURG,SC,29080.0,,Y,,,,0.0,3300.0
Kukhamay,,,812.0,,,,46635.0,S,N,,,,0.0,0.0
Chams,,M,828.0,,ROCKY MOUNT,NC,,,N,,,3300.0,0.0,0.0
Denzil,Prenel,,302.0,,,DE,19963.0,S,N,,2.540909,,,0.0
Lea,Luttringhaus,,256.0,877-5684,REPTON,,36475.0,,Y,10000.0,5.0,0.0,,300.0
,Rusinkiewicz,M,,439-2941,FELTON,MN,56536.0,M,,60000.0,7.4572573,,,3300.0
Shreekant,,,561.0,,,FL,33837.0,S,,,,0.0,0.0,0.0
Carlo,,M,480.0,,,AZ,,S,N,,,2100.0,0.0,0.0
Michaela,,F,501.0,,MC GEHEE,,,,Y,,,20.0,0.0,20.0
Snehamay,Raab,F,978.0,,JEFFERSON,MA,1522.0,,,,5.3,,,0.0
Erol,,F,605.0,,,SD,57760.0,S,Y,,,0.0,0.0,0.0
Kunikazu,Rebbapragada,,319.0,,LITTLE ROCK,,51243.0,,N,,7.111101,,,0.0
Geard,,,757.0,,GREENWAY,VA,22067.0,S,Y,,,,0.0,900.0
Mattijs,Rehof,,920.0,122-5930,GILE,,54525.0,M,N,75000.0,5.7495394,,,0.0
Ceri,Danley,,865.0,,,TN,37210.0,M,Y,,,0.0,0.0,0.0
Demos,,F,802.0,,,VT,,S,N,,,3300.0,0.0,0.0
Maheswara,Munster,F,,546-3475,ELK CITY,,67344.0,M,Y,60000.0,6.45,,,2250.0
Ruay,Juste,F,425.0,,,WA,98408.0,S,,,,0.0,0.0,0.0
Greet,,,769.0,175-9829,STARKVILLE,MS,39759.0,M,Y,25000.0,5.0,0.0,12000.0,1500.0
Steen,Ladret,M,251.0,,ARLINGTON,AL,,S,,,5.0,1500.0,,300.0
Jianxiu,,,802.0,,PERKINSVILLE,,5151.0,,N,,,,0.0,0.0
Gerge,,,828.0,826-1121,RALEIGH,NC,27604.0,,N,20000.0,6.1520977,,6600.0,0.0
,Steinparz,M,218.0,,LAKE WILSON,MN,56151.0,,Y,,5.35,,,3300.0
Yixiu,Maloney,,203.0,100-2339,PLANTSVILLE,CT,6479.0,,,40000.0,5.0,0.0,,0.0
,Kohnert,F,208.0,102-9556,LEMHI,ID,83465.0,,Y,70000.0,7.8,0.0,,3300.0
Anany,Sikic,,423.0,,,TN,37244.0,S,N,,0.0,,,0.0
Wuudiann,Throop,F,,579-3303,HONOLULU,HI,96816.0,,,65000.0,8.25,0.0,2080.0,1040.0
Jingyuan,Cicchette,,410.0,258-4942,BALTIMORE,,21201.0,M,N,65000.0,4.75,0.0,4800.0,0.0
Leizhen,Charretton,M,,329-8657,KAAAWA,,96730.0,,N,55000.0,8.25,0.0,2080.0,0.0
,,M,505.0,,SANTA FE,NM,,,Y,,,3300.0,0.0,3300.0
Bush,Huberman,,228.0,678-7747,BURNSVILLE,MS,38833.0,M,Y,30000.0,5.0,0.0,12000.0,1500.0
Iara,Roussinov,M,208.0,855-4195,HOWE,ID,83244.0,,N,30000.0,7.8,,,0.0
Itai,Kleftouris,F,307.0,,,,82431.0,M,N,,0.0,0.0,,0.0
Lui,Bisseret,F,351.0,,WORCESTER,,,S,N,,,3575.0,0.0,0.0
Anestis,,F,734.0,,LINCOLN,MI,,,N,,,3100.0,0.0,0.0
Amani,Duntsch,F,435.0,651-4053,GLENWOOD,UT,84730.0,M,Y,45000.0,7.0,0.0,4950.0,2475.0
Hiroomi,Ogata,,262.0,,BROOKFIELD,WI,53008.0,S,Y,,4.707031,,,400.0
Alvis,Razek,F,,501-3294,CUPERTINO,CA,95014.0,M,Y,25000.0,5.410157,,,272.0
Balkrishna,,F,774.0,,MONTAGUE,MA,1351.0,,Y,,,,0.0,1000.0
Goce,,F,630.0,873-8534,,IL,62820.0,M,N,30000.0,3.0,0.0,4000.0,0.0
Kunihito,O'Hallaron,M,360.0,,,,98273.0,M,Y,,0.0,,,0.0
Pae,Anjan,M,207.0,,KITTERY,,,,Y,,,2850.0,0.0,2850.0
,Donald,F,,604-8745,KELLOGG,ID,83837.0,,Y,15000.0,5.529042,0.0,6600.0,3300.0
Felisa,Ekanadham,,304.0,783-5641,BOLT,WV,25817.0,M,Y,95000.0,6.5,0.0,4000.0,2000.0
Gerald,Demian,M,402.0,753-6548,OVERTON,NE,68863.0,,Y,70000.0,6.84,0.0,206.0,103.0
Xingwei,Wolte,F,318.0,,,LA,,S,,,,4500.0,0.0,0.0
Martien,Gose,M,860.0,,CHESHIRE,,,S,N,,,12750.0,0.0,0.0
Shoham,,M,701.0,,,ND,,S,,,,3300.0,0.0,0.0
Bart,Fulcher,,,290-6633,WASHINGTON,DC,20203.0,M,N,95000.0,9.0,0.0,2740.0,0.0
Arupratan,Koutny,F,907.0,,,AK,99736.0,M,Y,,0.0,0.0,,0.0
Pomset,Kabuka,F,207.0,159-7140,BOOTHBAY HARBOR,ME,4538.0,M,,70000.0,8.5,0.0,5700.0,2850.0
Yousong,Edmundson,M,325.0,,,TX,78209.0,S,Y,,,0.0,0.0,0.0
Stanislas,Nishanov,F,401.0,,,RI,2889.0,S,,,0.0,,,0.0
Xiping,Reitz,,251.0,,BIRMINGHAM,AL,35245.0,S,,,5.0,,,0.0
Xumin,Smetana,,330.0,,,OH,45162.0,S,,,2.537718,,,1300.0
Jingling,,F,785.0,,,,,S,Y,,,2250.0,0.0,2250.0
Nevio,Kavaky,F,937.0,,,,,S,Y,,,1300.0,0.0,1300.0
Hein,Gascon,M,949.0,,,CA,,S,Y,,,87.0,0.0,272.0
Agatha,,F,808.0,,,HI,,S,Y,,,1040.0,0.0,1040.0
Muli,Mergen,,,426-8933,EAGLE ROCK,,24085.0,M,N,40000.0,5.75,,,0.0
Cathie,Castanedo,M,,532-7127,DU BOIS,NE,68345.0,M,N,50000.0,6.84,0.0,206.0,0.0
Ingram,,F,808.0,,LAWAI,,96765.0,,Y,,,,0.0,1040.0
Aohan,Dolken,M,401.0,,,RI,2909.0,S,N,,,0.0,0.0,0.0
Bitan,Varhegyi,F,208.0,,FRUITLAND,ID,,S,N,,,3300.0,0.0,0.0
Curd,Cudia,F,302.0,,MARYDEL,DE,,,Y,,,110.0,0.0,110.0
Tung,Favero,M,,329-7022,EUGENE,OR,97405.0,M,,100000.0,9.0,0.0,318.0,159.0
Ayman,,M,623.0,201-5060,NOGALES,AZ,85628.0,,N,80000.0,3.955,0.0,4200.0,0.0
Jooseok,Chomsky,F,,335-3359,KINGSVILLE,,64061.0,,N,85000.0,6.0,0.0,4200.0,0.0
Shelby,,,802.0,,WEBSTERVILLE,VT,5678.0,S,,,,,0.0,0.0
Jifeng,,M,787.0,,TOA BAJA,,949.0,M,Y,,,0.0,0.0,0.0
Sadamu,Groenboom,F,918.0,206-3627,MARTHA,OK,73556.0,,,40000.0,6.25,0.0,2000.0,0.0
Nobuo,Korncoff,,920.0,998-9313,GORDON,,54838.0,M,Y,90000.0,6.010166,0.0,,400.0
Mark,Pottossine,F,978.0,,HANOVER,,2339.0,S,N,,5.3,,,0.0
Shiv,,M,603.0,,,NH,3256.0,S,,,,0.0,0.0,0.0
Eliot,Zajac,,848.0,135-4430,,NJ,7461.0,M,N,70000.0,2.1885417,0.0,2000.0,0.0
Yihua,,F,706.0,,RED OAK,GA,,,,,,2700.0,0.0,3000.0
Zary,Dana,,,327-8370,,DE,19940.0,M,Y,10000.0,2.540909,0.0,220.0,110.0
,Westby,M,,307-7019,REUBENS,ID,83548.0,,Y,40000.0,7.8,0.0,6600.0,3300.0
Fangju,Lehtovaara,,917.0,,ROCHESTER,NY,14639.0,,N,,4.330183,0.0,,0.0
Jar,Falby,,947.0,847-1112,LUDINGTON,,49431.0,,Y,60000.0,3.9,0.0,6200.0,3100.0
Dongping,Bloedorn,,201.0,964-6259,,NJ,7850.0,M,Y,55000.0,1.9519792,0.0,2000.0,1500.0
Charalampos,Clair,F,361.0,,,TX,78101.0,S,N,,,0.0,0.0,0.0
Neil,Postiff,F,,321-1819,FRENCHGLEN,,97736.0,M,Y,25000.0,9.0,,,159.0
Roope,Milidiu,,,420-4276,MILTON,WI,53563.0,,,100000.0,6.183918,,,400.0
Bhupinder,Weydert,M,406.0,927-5540,PABLO,MT,59855.0,,Y,30000.0,6.9,0.0,3800.0,1900.0
Erin,Ledin,F,231.0,,WHITE LAKE,MI,,S,N,,3.9,3100.0,,0.0
Ekawit,Loewenstern,M,956.0,,,TX,78058.0,S,Y,,0.0,0.0,,0.0
Violaine,Alsup,M,303.0,,COLORADO SPRINGS,CO,80906.0,M,,,,0.0,0.0,0.0
Allen,,M,773.0,841-1021,,IL,61263.0,M,N,90000.0,3.0,0.0,4000.0,0.0
Hristo,Carpineto,F,303.0,,SILVERTON,CO,81433.0,M,Y,,,0.0,0.0,0.0
Hiro,,F,505.0,788-4000,SAN RAFAEL,NM,87051.0,,N,40000.0,5.3,,6600.0,0.0
Maurelio,Abbey,,,495-8917,,,44460.0,M,Y,100000.0,3.8655128,0.0,2600.0,1300.0
Toshikazu,,F,605.0,,,SD,57216.0,S,,,,0.0,0.0,0.0
Ryszard,Hudlicka,F,303.0,,BOULDER,CO,80314.0,S,,,,0.0,0.0,0.0
Liren,,F,785.0,,COATS,,,S,N,,,2250.0,0.0,0.0
Krishnamurthi,Benaini,M,,329-2973,SAN ACACIA,,87831.0,,N,55000.0,5.3,0.0,6600.0,0.0
Barry,,M,503.0,,MONROE,OR,,,Y,,,159.0,0.0,159.0
Arunachalam,,F,504.0,819-7315,COLFAX,LA,71417.0,M,Y,35000.0,6.0,,9000.0,1000.0
Qingzhou,Otterbein,M,,364-4137,SPRINGFIELD,MA,1199.0,M,,50000.0,5.3,,,0.0
Ridha,,M,616.0,,CLARKSTON,MI,,S,,,,3100.0,0.0,3100.0
Ascander,Bennet,,,539-9732,,VA,23830.0,M,Y,10000.0,3.875,0.0,1800.0,900.0
Yoshikazu,Nakakoji,F,,491-5227,DUTTON,MT,59433.0,M,N,45000.0,6.9,,,0.0
Sumali,Reinhard,F,907.0,,,AK,99709.0,S,,,0.0,,,0.0
Yannik,DeLano,F,202.0,,WASHINGTON,DC,,S,,,,1370.0,0.0,0.0
Antoni,Phua,,304.0,,JOLO,WV,24850.0,,N,,6.5,,,0.0
Fredric,Baar,M,401.0,,PROVIDENCE,RI,2940.0,,N,,,0.0,0.0,0.0
,Quadeer,M,208.0,,SHOUP,ID,83469.0,S,Y,,7.8,,,3300.0
Shimshon,Assadi,,218.0,251-5337,HAMEL,MN,55340.0,M,,55000.0,7.1904483,0.0,6600.0,0.0
,Cornero,,,374-2980,CHARLOTTE,NC,28226.0,M,Y,25000.0,6.256993,0.0,6600.0,3300.0
Yonhao,Muluszynski,F,978.0,,CUMMINGTON,MA,1026.0,S,,,5.3,,,1000.0
Hungwen,,F,609.0,,,NJ,,S,Y,,,1000.0,0.0,1500.0
Shyjan,Worthington,,,381-7700,OTTER LAKE,MI,48464.0,,,80000.0,3.9,0.0,6200.0,3100.0
DeLiang,Bashkow,,315.0,,COPAKE FALLS,NY,12517.0,S,N,,,0.0,0.0,0.0
Zongyan,Peter,F,907.0,,TANANA,AK,99777.0,S,Y,,0.0,,,0.0
Akhtar,,,802.0,,,VT,5448.0,S,N,,,,0.0,0.0
Jiang,,M,806.0,,CEDAR HILL,,75104.0,M,N,,,0.0,0.0,0.0
Morikazu,,M,605.0,,ISABEL,,57633.0,,N,,,0.0,0.0,0.0
Jiabin,,,715.0,251-3993,NEENAH,,54957.0,,N,10000.0,4.620155,0.0,1400.0,0.0
Michaelis,,F,815.0,,,,,S,Y,,,2000.0,0.0,2000.0
Dilvan,Engberts,,,626-7662,,NJ,8809.0,M,Y,55000.0,1.9519792,0.0,2000.0,1500.0
Shumin,Renear,,878.0,,,PA,18914.0,M,,,3.07,,,0.0
Mihael,,F,563.0,,DOUGHERTY,,,S,Y,,,40.0,0.0,40.0
Stijn,,M,620.0,,PORTIS,KS,,,,,,2250.0,0.0,2250.0
,,M,612.0,,WALKER,,,S,Y,,,3300.0,0.0,3300.0
Analia,Ilie,,423.0,,MILLINGTON,TN,38055.0,,N,,,0.0,0.0,0.0
Karthikeyan,Kaisler,,,350-8554,ACKERMAN,,39735.0,M,N,20000.0,5.0,0.0,12000.0,0.0
,Vodislav,F,,587-9683,REXFORD,MT,59930.0,,Y,20000.0,6.9,0.0,3800.0,
,Yurek,F,971.0,,CASCADIA,OR,,S,,,,159.0,0.0,
Ayako,Niggemeyer,,412.0,,,PA,17936.0,S,Y,,3.07,,,0.0
Junehwa,Shacklett,,304.0,,SHIRLEY,,26434.0,S,N,,6.5,,,0.0
,Neimat,F,307.0,,SUPERIOR,WY,82945.0,M,Y,,0.0,,,
,Islam,M,208.0,952-1254,IDAHO FALLS,ID,83404.0,,Y,85000.0,7.8,0.0,6600.0,3300.0
Junro,Walstra,M,253.0,,TACOMA,,98408.0,M,Y,,,0.0,0.0,0.0
Armar,Peterka,,908.0,,,NJ,8034.0,S,Y,,1.7154167,,,1500.0
,Giddy,,334.0,920-5019,GURLEY,AL,35748.0,M,,20000.0,5.0,0.0,3000.0,
,,,601.0,,PELAHATCHIE,MS,39145.0,,N,,,,0.0,
,Falgout,F,203.0,,UNIONVILLE,,,S,N,,,12750.0,0.0,
,,F,505.0,,FLORA VISTA,NM,,S,N,,,3300.0,0.0,
Juei,Picaronny,M,310.0,,NICE,,95464.0,,Y,,9.3,,,272.0
JiYoung,Gorenstein,M,234.0,,,,,S,N,,,1300.0,0.0,0.0
Saad,Georg,,901.0,,MURFREESBORO,TN,37132.0,,,,,0.0,0.0,0.0
Guy,Wiering,,860.0,970-5209,WALLINGFORD,CT,6494.0,M,N,20000.0,5.0,0.0,24500.0,0.0
Rowland,,M,571.0,,ARLINGTON,VA,,S,,,,900.0,0.0,0.0
,Khayat,F,208.0,,VIOLA,,,S,Y,,,3300.0,0.0,
,Rauch,,,379-2778,,,8318.0,M,Y,55000.0,1.9519792,,,
,Che,F,401.0,,CUMBERLAND,RI,2864.0,M,Y,,,0.0,0.0,
,,,802.0,,,VT,5445.0,S,Y,,,,0.0,3300.0
Khaled,Marzano,M,360.0,,REDMOND,,98052.0,,N,,0.0,0.0,,0.0
,Easwarakumar,F,,305-4930,OGDEN,UT,84244.0,,N,75000.0,7.0,0.0,4950.0,
,Speckhard,F,903.0,,,TX,76245.0,S,N,,0.0,,,
,Bronne,,,558-9803,TRION,GA,30753.0,M,,50000.0,6.0,0.0,5400.0,
Radhika,DeTurk,M,859.0,,,KY,,S,,,,20.0,0.0,0.0
Shigeyoshi,,M,603.0,,,NH,3861.0,S,,,,0.0,0.0,0.0
Rondall,,M,503.0,,EDDYVILLE,OR,97343.0,S,,,,,0.0,159.0
Gentaro,,M,605.0,,,SD,57421.0,S,N,,,0.0,0.0,0.0
Wiebe,Bertsekas,F,870.0,,ASHDOWN,AR,,S,,,,20.0,0.0,0.0
Suzan,Manago,,860.0,932-3836,GALES FERRY,CT,6335.0,M,,90000.0,5.0,0.0,,0.0
Stafano,,,772.0,,,FL,32326.0,S,,,,0.0,0.0,0.0
Mihhail,Villani,F,401.0,,,,2909.0,S,Y,,,0.0,0.0,0.0
Padmaja,Debuse,F,316.0,,HUTCHINSON,,,,Y,,,2250.0,0.0,2250.0
Belaid,Walrath,M,301.0,,BALTIMORE,MD,,S,N,,,2400.0,0.0,0.0
Faron,,M,702.0,,,NV,89155.0,S,N,,,,0.0,0.0
Leliane,,M,802.0,,SOUTH NEWFANE,,,S,N,,,3300.0,0.0,0.0
Roseanne,,,609.0,993-2979,,NJ,8902.0,M,,80000.0,2.34625,0.0,2000.0,1500.0
Rosemarie,Ornburn,,302.0,,SAINT GEORGES,DE,19733.0,,,,5.95,,,0.0
Kwangkeun,Witzgall,F,,380-1256,,,61737.0,M,Y,70000.0,3.0,0.0,4000.0,2000.0
Zygmunt,Vogley,F,985.0,,BATON ROUGE,LA,,S,Y,,,4500.0,0.0,1000.0
Varsha,Forne,,,442-8014,WALTON,KY,41094.0,M,,40000.0,4.0555553,0.0,40.0,20.0
Mikey,Portinale,M,928.0,,,,85622.0,S,N,,3.49,,,0.0
Assef,Boydens,M,401.0,,,RI,2814.0,M,N,,,0.0,0.0,0.0
Holm,,F,701.0,842-6059,,ND,58051.0,M,N,15000.0,2.1,0.0,6600.0,0.0
Swami,,,724.0,,,PA,15909.0,S,,,,0.0,0.0,0.0
Allessandro,Kirtane,M,202.0,,WASHINGTON,DC,,S,N,,9.0,1370.0,,0.0
Theresa,Bate,,302.0,720-4387,WILMINGTON,DE,19805.0,M,,100000.0,5.95,0.0,220.0,110.0
Swapna,,F,620.0,936-2605,TOPEKA,KS,66617.0,M,,95000.0,6.45,0.0,4500.0,0.0
Koppolu,Fessel,,302.0,179-7865,VIOLA,,19979.0,M,N,55000.0,5.609091,0.0,220.0,0.0
Friedbert,Lardy,,205.0,177-2644,GURLEY,AL,35748.0,M,Y,50000.0,5.0,0.0,,300.0
Kyungshik,Thies,,859.0,784-3157,,,42160.0,M,N,35000.0,3.7777777,0.0,40.0,0.0
Lex,,M,843.0,,FORT MILL,,,S,N,,,3300.0,0.0,0.0
Akeo,Hertweck,F,208.0,749-8983,POST FALLS,ID,83854.0,,Y,75000.0,7.8,0.0,6600.0,3300.0
Brahim,,,646.0,,STUYVESANT,NY,12173.0,S,Y,,,0.0,0.0,1000.0
Prabandham,Wolfson,,228.0,687-4405,ACKERMAN,MS,39735.0,M,,25000.0,5.0,0.0,12000.0,1500.0
Stergios,,,802.0,,,VT,5820.0,S,,,,,0.0,3300.0
Siddharthan,,F,603.0,,,NH,3820.0,S,,,,,0.0,0.0
Rohan,Rubin,F,401.0,,,RI,2871.0,S,,,0.0,,,0.0
Jaron,,F,802.0,,,,,S,Y,,,3300.0,0.0,3300.0
Ric,,F,775.0,,,NV,89435.0,S,,,,0.0,0.0,0.0
Amin,Dargam,M,858.0,,RIVERSIDE,CA,,,Y,,,87.0,0.0,272.0
Melville,,M,605.0,,,,57034.0,M,Y,,,0.0,0.0,0.0
Atushi,Raver,,,483-6244,GLEN HAVEN,WI,53810.0,M,Y,100000.0,6.183918,,,400.0
Madan,,F,843.0,,FAIR PLAY,,,S,N,,,3300.0,0.0,0.0
Valentinas,Kerm,,,541-4410,LYNCHBURG,SC,29080.0,,,70000.0,7.0,0.0,6600.0,0.0
Hacene,Hanzalek,F,913.0,,,KS,,S,N,,,2250.0,0.0,0.0
Colleen,Leban,F,307.0,,,WY,82930.0,M,N,,0.0,0.0,,0.0
Lem,Parveen,M,956.0,,,,76466.0,M,N,,0.0,,,0.0
Yoshiko,,,601.0,220-8068,CRENSHAW,MS,38621.0,M,Y,60000.0,5.0,0.0,12000.0,1500.0
Shumin,,M,787.0,,,PR,778.0,M,,,,0.0,0.0,0.0
Dara,Eckstein,M,308.0,,ELK CREEK,NE,,S,N,,,103.0,0.0,0.0
Estelle,Behm,,219.0,851-3333,,IN,46680.0,M,N,95000.0,3.4,0.0,2000.0,0.0
Galia,,,612.0,180-2572,GRASSTON,MN,55030.0,M,Y,65000.0,7.724066,,6600.0,3300.0
Yigal,,M,740.0,,,OH,,S,,,,1300.0,0.0,0.0
Roas,Lavoie,F,206.0,,,WA,99333.0,S,,,0.0,0.0,,0.0
Jagoda,Laulhere,M,337.0,,VARNADO,,,S,Y,,6.0,4500.0,,1000.0
Dimitros,Vicolov,,302.0,857-4774,,DE,19711.0,M,N,5000.0,2.2,0.0,220.0,0.0
Sichen,Bett,,,415-1824,,NJ,7006.0,M,,85000.0,2.4251041,0.0,2000.0,0.0
Charly,Shackell,,202.0,,WASHINGTON,DC,20020.0,S,Y,,9.0,,,1370.0
Alexis,Treleaven,F,401.0,,,RI,2898.0,M,Y,,,0.0,0.0,0.0
Yoshifumi,Corso,F,202.0,,WASHINGTON,DC,,S,N,,,1370.0,0.0,0.0
Tatsuhiro,Prini,,,401-2336,DURHAM,NC,27717.0,M,,20000.0,6.1520977,,,0.0
Taokuan,,,502.0,205-8688,BLUE RIVER,KY,41607.0,M,,40000.0,4.0555553,0.0,40.0,0.0
Tamir,Desai,,848.0,723-5060,,NJ,7976.0,M,,100000.0,2.6616669,0.0,2000.0,0.0
Iordana,Barbacci,M,907.0,,,,99621.0,M,Y,,,0.0,0.0,0.0
Joanne,Munster,,443.0,,BERLIN,,21811.0,S,N,,4.75,,,0.0
Hyongmuk,,F,787.0,,,PR,669.0,S,Y,,,,0.0,0.0
Jyrki,,F,586.0,,TIPTON,,,S,N,,,3100.0,0.0,0.0
Rastislav,Pieper,,304.0,,BECKLEY,WV,25801.0,S,,,6.5,,,0.0
Kuhanandha,Brunk,M,307.0,,,,82217.0,M,N,,,0.0,0.0,0.0
Jagesh,Redey,F,,642-9879,HONOMU,,96728.0,,Y,50000.0,8.25,,,1040.0
Chandramohan,Riad,,937.0,989-5881,,OH,44608.0,M,Y,35000.0,1.7078462,,,1300.0
Friedemann,Goel,M,939.0,,,PR,765.0,M,N,,,0.0,0.0,0.0
Barbora,,M,509.0,,,WA,98051.0,S,Y,,,0.0,0.0,0.0
Srinivasa,,F,605.0,,,SD,57469.0,M,,,,0.0,0.0,0.0
Erez,Matteis,F,208.0,,COOLIN,ID,,S,Y,,4.109693,3300.0,,3300.0
Sanjoy,,F,609.0,,,NJ,,S,,,,1000.0,0.0,1500.0
Hon,Cambanis,F,939.0,,,PR,677.0,S,Y,,,0.0,0.0,0.0
Constanze,,M,775.0,,,NV,89146.0,S,Y,,,0.0,0.0,0.0
Ehric,Ainhirn,F,401.0,,,RI,2915.0,S,Y,,,0.0,0.0,0.0
Dima,Mutka,,931.0,,,TN,37232.0,M,N,,0.0,,,0.0
Silvano,Hixon,F,202.0,,WASHINGTON,DC,,S,,,,1370.0,0.0,0.0
Asit,Rostami,,,455-7817,GAP MILLS,WV,24941.0,M,Y,30000.0,4.4,,,2000.0
Tianxu,Kodama,,301.0,962-6999,BOWIE,MD,20717.0,M,,40000.0,4.75,0.0,,0.0
Kenichiro,Weissman,F,847.0,,,,,S,Y,,,2000.0,0.0,2000.0
Kobbi,Tretiakoff,,906.0,699-2981,ROSEBUSH,,48878.0,,Y,5000.0,3.9,0.0,6200.0,3100.0
Sanguthevar,,F,720.0,,DENVER,CO,80243.0,M,,,,0.0,0.0,0.0
Reva,Tryba,,423.0,,,TN,37891.0,M,,,,0.0,0.0,0.0
Jeanne,Rothstein,,443.0,,FAIRPLAY,,21733.0,S,Y,,4.75,,,2400.0
Timos,,,724.0,,,PA,15288.0,S,,,,0.0,0.0,0.0
Noriyoshi,Feuerman,,,364-7313,BALDWIN,,49304.0,M,Y,65000.0,3.9,0.0,6200.0,3100.0
Natraj,Balfanz,F,,530-3926,,,59759.0,M,N,5000.0,2.3732758,0.0,3800.0,0.0
HweeHwa,,F,802.0,,NORTH POWNAL,VT,,,N,,,3300.0,0.0,0.0
Walther,Lammel,M,308.0,,GREENWOOD,NE,,S,,,6.84,103.0,,103.0
Arve,Leitold,,931.0,,,TN,37604.0,S,N,,0.0,0.0,,0.0
Nanda,Feldhoffer,F,870.0,189-6518,AUGUSTA,,72006.0,M,Y,85000.0,7.0,0.0,40.0,20.0
Barnett,Marsden,M,907.0,,,AK,99779.0,M,N,,0.0,0.0,,0.0
Andrej,Lovis,F,208.0,,MALTA,ID,,,Y,,7.8,3300.0,,3300.0
Mukesh,Rosca,,219.0,,,,47578.0,S,Y,,3.4,,,1000.0
Shashidhar,Hemerly,M,330.0,,,OH,,S,,,,1300.0,0.0,0.0
Manel,,F,808.0,,KOLOA,,,,N,,,1040.0,0.0,0.0
Jon,Mutlu,,912.0,,NEWTON,,39870.0,,Y,,6.0,,,3000.0
Jamey,,F,505.0,,SANTA FE,,87501.0,,Y,,,,0.0,3300.0
Pranav,Suter,F,907.0,,,AK,99729.0,M,,,0.0,,,0.0
Hana,Couclelis,,931.0,,,TN,38024.0,M,Y,,,0.0,0.0,0.0
Seiichi,Wiegley,,954.0,,,FL,33900.0,M,,,,0.0,0.0,0.0
Pnina,,,763.0,124-5660,MINNEAPOLIS,MN,55422.0,,Y,70000.0,7.85,,6600.0,3300.0
Ria,,M,505.0,980-9852,VADITO,NM,87579.0,M,,80000.0,5.3,,6600.0,0.0
Doyne,Perz,,848.0,848-5163,,NJ,7628.0,M,Y,85000.0,2.4251041,,,1500.0
Asa,,F,505.0,,OJO CALIENTE,NM,,,N,,,3300.0,0.0,0.0
Akifumi,,M,775.0,,,NV,89703.0,S,N,,,0.0,0.0,0.0
Hidetosi,,F,623.0,,,AZ,,S,Y,,,2100.0,0.0,2300.0
Shreesh,Romein,M,435.0,260-9041,SALT LAKE CITY,UT,84151.0,,,50000.0,7.0,,,0.0
Jiming,Liptay,,302.0,957-3981,MIDDLETOWN,,19709.0,,Y,95000.0,5.95,0.0,,110.0
Sudeshna,,F,808.0,,,HI,,S,,,,1040.0,0.0,1040.0
Amitabh,Meiming,F,,594-9582,MERIDIAN,ID,83642.0,,N,65000.0,7.8,,,0.0
Gus,Turbyfill,F,217.0,,,IL,,S,Y,,,2000.0,0.0,2000.0
Xiaomin,Alberga,M,401.0,,,RI,2872.0,S,,,,0.0,0.0,0.0
Kresten,,,615.0,,,,38361.0,S,N,,,0.0,0.0,0.0
Kyhyun,Gluch,F,,457-2038,,,58440.0,M,Y,55000.0,2.3932838,0.0,6600.0,3300.0
,,F,605.0,,,SD,57075.0,S,,,,,0.0,
,Usha,F,,599-2522,ESPANOLA,NM,87533.0,M,,90000.0,5.3,0.0,6600.0,
Alfons,MacGinnes,,,492-7852,WATTON,MI,49970.0,M,Y,30000.0,3.9,0.0,,3100.0
,Staylopatis,,304.0,,WHITMER,WV,26296.0,S,N,,6.5,,,
,Raschke,F,316.0,819-8232,KANSAS CITY,,66102.0,,Y,95000.0,6.45,,,
,,,703.0,711-2624,NORA,VA,24272.0,,,65000.0,5.75,0.0,1800.0,
,Mitkov,F,406.0,,,MT,59501.0,S,Y,,2.3732758,,,
Joceli,Akella,M,208.0,,MORELAND,,,,N,,,3300.0,0.0,0.0
Gen,Bhatt,,973.0,111-2780,,NJ,7003.0,M,N,30000.0,1.5577083,0.0,2000.0,0.0
,,F,515.0,,GLADBROOK,IA,,S,,,,40.0,0.0,
Shiyu,Broodsky,M,219.0,,,IN,,S,,,,1000.0,0.0,1000.0
,Musliner,F,979.0,,,TX,77002.0,S,Y,,0.0,,,
,,,802.0,978-6338,COVENTRY,VT,5825.0,M,N,45000.0,3.9004214,0.0,6600.0,
Yashvant,Redon,M,,317-1117,,ND,58787.0,M,,70000.0,2.5671675,,,0.0
Arnulf,,M,580.0,,MUSE,OK,74949.0,,N,,,,0.0,0.0
Yalin,Fratarcangeli,,,442-4993,NETT LAKE,MN,55772.0,,,20000.0,5.35,0.0,6600.0,3300.0
,Birdsall,,,393-4057,BALTIMORE,MD,21223.0,M,Y,50000.0,4.75,0.0,4800.0,
Sukoya,Sowerbutts,M,,520-9467,GLENTANA,MT,59240.0,M,,20000.0,6.9,,,0.0
,,,641.0,130-5549,PROTIVIN,,52163.0,,N,80000.0,8.98,,80.0,
,Jarzembski,,251.0,651-1173,DEER PARK,AL,36529.0,M,,30000.0,5.0,0.0,3000.0,
Manavendra,Hammerl,,434.0,673-4394,WOODBERRY FOREST,,22989.0,M,N,45000.0,5.75,0.0,1800.0,0.0
,Read,,205.0,,SPRUCE PINE,AL,35585.0,S,Y,,5.0,,,
Leliane,Fahnrich,M,918.0,,ELMER,,,S,N,,,1000.0,0.0,0.0
,Minio,F,406.0,,DRUMMOND,,59832.0,S,Y,,6.9,,,
Namhee,Ginneken,F,971.0,,PILOT ROCK,,,,N,,,159.0,0.0,0.0
Reki,Farrow,M,907.0,,,AK,99682.0,S,,,,0.0,0.0,0.0
Irvin,,M,603.0,,,,3443.0,M,N,,,0.0,0.0,0.0
Jaehyung,Bocic,M,,500-7632,STOCKBRIDGE,,1263.0,M,N,60000.0,5.3,0.0,7150.0,0.0
Ettore,Noortwijk,,203.0,,REDDING,CT,6896.0,,N,,5.0,,,0.0
Gowri,,,812.0,715-2909,,IN,47402.0,M,Y,10000.0,3.4,0.0,2000.0,1000.0
Mansur,Greenwald,F,207.0,,BAILEYVILLE,,,S,N,,,2850.0,0.0,0.0
Roy,,M,617.0,145-3035,LEVERETT,MA,1054.0,,,65000.0,5.3,,7150.0,0.0
Palle,Shewchuk,M,308.0,,HOLSTEIN,,68950.0,,Y,,6.84,,,103.0
Jafar,,,757.0,710-2026,CHARLOTTESVILLE,,22906.0,M,N,80000.0,5.75,0.0,1800.0,0.0
Bal,Weischedel,,407.0,,,FL,33586.0,S,Y,,,0.0,0.0,0.0
Ella,,F,702.0,,,NV,89833.0,M,N,,,0.0,0.0,0.0
Cary,,,601.0,861-4789,BEULAH,MS,38726.0,M,N,70000.0,5.0,,12000.0,0.0
Namyun,Sleeman,M,208.0,,NAMPA,,83687.0,,Y,,7.8,,,3300.0
Mieke,Shrader,M,479.0,,JEFFERSON,,72079.0,,Y,,7.0,,,20.0
Xie,,F,505.0,,,NM,87110.0,S,,,,,0.0,0.0
Irith,Lanneluc,M,970.0,,YUMA,,80759.0,M,N,,4.63,0.0,,0.0
Chizuko,Beoumes,M,302.0,,,DE,,S,N,,,110.0,0.0,0.0
Mahadevan,,F,808.0,,LAIE,,,,Y,,,1040.0,0.0,1040.0
Maggie,Neighbors,M,,629-3487,,,58323.0,M,Y,70000.0,2.5671675,,,3300.0
Ayman,,M,775.0,,,NV,89032.0,S,N,,,,0.0,0.0
Wolffried,,M,559.0,258-7189,BUTTE CITY,CA,95920.0,M,,95000.0,9.3,0.0,174.0,272.0
Marty,,,763.0,114-3816,ALMELUND,,55002.0,M,N,90000.0,7.85,,6600.0,0.0
Jef,Caulk,F,320.0,,BELGRADE,,,S,N,,,3300.0,0.0,0.0
Zygmunt,Joslin,F,219.0,,,IN,,S,N,,,1000.0,0.0,0.0
Timucin,Chong,F,937.0,,,OH,,S,,,,1300.0,0.0,1300.0
Kayoko,Skronn,,859.0,,,,42631.0,S,N,,3.5,,,0.0
Karla,Middelburg,M,413.0,,ASHBY,,1431.0,S,Y,,5.3,,,1000.0
Anjaneyulu,Giloi,,414.0,962-4137,CLINTONVILLE,WI,54929.0,M,N,15000.0,4.707031,0.0,1400.0,0.0
Buenaventura,Annot,F,,437-6341,ALMO,ID,83312.0,M,N,40000.0,7.8,0.0,6600.0,0.0
Raimo,Vendrig,F,206.0,,,WA,99256.0,S,,,,0.0,0.0,0.0
Kunsoo,Pokorny,,,382-2650,ATKINS,,24311.0,M,N,40000.0,5.75,,,0.0
Yuichi,Furlanello,M,308.0,690-4840,CAMBRIDGE,NE,69022.0,M,Y,85000.0,6.84,0.0,206.0,103.0
Jens,Handelman,F,,498-1108,SHREVEPORT,,71103.0,M,N,90000.0,6.0,0.0,9000.0,0.0
Hanpei,Zingoni,,218.0,755-7450,YOUNG AMERICA,MN,55558.0,M,N,30000.0,5.8564034,0.0,6600.0,0.0
Soheil,Marrakchi,,,352-5895,,IN,47250.0,M,,25000.0,3.4,0.0,,0.0
Are,Cullingford,F,208.0,,BOISE,ID,,S,N,,,3300.0,0.0,0.0
Keyun,Adlassnig,F,405.0,,,,,S,N,,,1000.0,0.0,0.0
Amelia,Nemytykh,F,913.0,,RICHMOND,KS,66080.0,,Y,,6.45,,,2250.0
Qiwen,,M,701.0,,,ND,,S,,,,3300.0,0.0,0.0
Tinghe,Bengtsson,M,401.0,,,RI,2917.0,S,,,,0.0,0.0,0.0
Kazimir,Osberger,F,,413-8271,DURANT,,74701.0,M,Y,65000.0,6.25,,,1000.0
Lilian,,F,605.0,,,,57661.0,S,N,,,0.0,0.0,0.0
Gaetan,,,610.0,,,PA,17742.0,S,Y,,,0.0,0.0,0.0
Hirohiko,Famili,M,859.0,,GRAHAM,KY,,S,Y,,,20.0,0.0,20.0
Yki,Hiromitsu,,229.0,803-8717,MATTHEWS,GA,30818.0,,,50000.0,6.0,0.0,5400.0,0.0
Gunes,Calabrese,,914.0,,NIAGARA FALLS,NY,14301.0,,Y,,,0.0,0.0,1000.0
Enrica,,M,773.0,,,IL,61348.0,S,Y,,,,0.0,2000.0
Venkatesan,Janson,,319.0,781-8791,THORNBURG,IA,50255.0,M,,35000.0,5.567322,0.0,80.0,0.0
Rashi,,M,509.0,,,WA,98332.0,S,,,,0.0,0.0,0.0
Grahame,Benkoski,,860.0,139-7514,NEW HAVEN,CT,6540.0,,N,85000.0,5.0,0.0,24500.0,0.0
Arup,,M,541.0,897-3855,DUFUR,OR,97021.0,M,Y,55000.0,9.0,0.0,318.0,159.0
Hirochika,Kesselman,,315.0,,KENNEDY,NY,14747.0,,Y,,,0.0,0.0,1000.0
Zizette,Trogemann,F,918.0,,INDIANOLA,OK,,,Y,,,1000.0,0.0,1000.0
Veronika,Barbacci,,,591-3872,,NJ,8326.0,M,,30000.0,1.5577083,0.0,2000.0,0.0
Tridas,,,712.0,,GRANGER,IA,50109.0,S,,,,,0.0,0.0
Idranil,Purday,,252.0,,BEAUFORT,NC,28516.0,S,N,,7.410839,,,0.0
Samer,Spinelli,F,224.0,694-2079,,IL,62478.0,M,,20000.0,3.0,,,2000.0
Ward,Maslov,,865.0,,,TN,37140.0,M,,,0.0,0.0,,0.0
Hguyen,Dulin,F,207.0,,ROBBINSTON,ME,,,Y,,,2850.0,0.0,2850.0
Reijo,,F,503.0,,BANDON,OR,,S,,,,159.0,0.0,159.0
Mingshien,Mendonca,M,,607-9968,CROWDER,,74430.0,M,N,60000.0,6.25,,,0.0
Djelloul,,F,609.0,,,NJ,,S,Y,,,1000.0,0.0,1500.0
Haiko,Staiger,,864.0,,SAINT MATTHEWS,SC,29135.0,,N,,7.0,,,0.0
Folke,Fanti,M,307.0,,,WY,82433.0,M,Y,,,0.0,0.0,0.0
,,M,507.0,,MINNEAPOLIS,MN,,,,,,3300.0,0.0,3300.0
,Kaltofen,M,208.0,,PIERCE,,,,Y,,,3300.0,0.0,3300.0
Shaz,Dairiki,,410.0,964-3939,BALTIMORE,MD,21274.0,M,,15000.0,4.75,0.0,4800.0,2400.0
Kaoru,Rifa,,863.0,,,,34991.0,S,Y,,0.0,,,0.0
Maged,Gran,F,410.0,,SILVER SPRING,,,S,N,,,2400.0,0.0,0.0
Shifu,Fecht,F,,522-9887,UMPIRE,AR,71971.0,M,,70000.0,7.0,0.0,40.0,0.0
Deven,,M,509.0,,,WA,99149.0,M,Y,,,0.0,0.0,0.0
Najah,,F,719.0,,DINOSAUR,,81633.0,S,Y,,,,0.0,0.0
Niko,Kappner,M,231.0,,LENNON,,,,N,,,3100.0,0.0,0.0
Kiriakos,,F,605.0,,,,57251.0,S,Y,,,0.0,0.0,0.0
Zarko,,M,808.0,854-1492,LAHAINA,HI,96761.0,,N,80000.0,8.25,0.0,2080.0,0.0
,Rahm,M,208.0,858-5485,HOMEDALE,ID,83628.0,,Y,40000.0,7.8,,,3300.0
Hariolf,Sartori,F,435.0,151-7658,SALT LAKE CITY,UT,84132.0,,Y,50000.0,7.0,,,2475.0
Fano,,F,770.0,,COLUMBUS,GA,,S,N,,,2700.0,0.0,0.0
,,F,505.0,,CHAPARRAL,NM,,S,Y,,,3300.0,0.0,3300.0
Hedwig,Klette,F,939.0,,,PR,730.0,S,Y,,0.0,0.0,,0.0
Jarek,Cerone,F,406.0,226-4363,ABSAROKEE,,59001.0,M,Y,80000.0,6.9,0.0,3800.0,1900.0
Asao,Meekings,,301.0,207-9835,EWELL,MD,21824.0,M,Y,85000.0,4.75,,,2400.0
Wendy,,,571.0,762-3643,RICHMOND,VA,23269.0,,,15000.0,5.214286,0.0,1800.0,900.0
Florimond,,F,802.0,,EAST RYEGATE,VT,,S,N,,,3300.0,0.0,0.0
Takuyu,,M,769.0,,HOLCOMB,MS,,,,,,6000.0,0.0,1500.0
Birgitta,Felgentreu,F,406.0,,,MT,,S,Y,,,1900.0,0.0,1900.0
Jiazhen,,,651.0,988-5537,MONTICELLO,,55586.0,,N,35000.0,6.1232123,0.0,6600.0,0.0
Eralp,Giguere,,,607-4944,,NJ,8210.0,M,Y,40000.0,1.7154167,0.0,2000.0,1500.0
Zhengyou,,F,605.0,,,SD,57368.0,M,Y,,,0.0,0.0,0.0
Yiftach,Pfleeger,,,589-8177,,IN,46815.0,M,,60000.0,3.4,,,1000.0
Percy,Lehar,,423.0,,,,38066.0,M,Y,,0.0,0.0,,0.0
Raph,Putfarken,M,337.0,,LAFAYETTE,LA,70504.0,,,,6.0,,,0.0
Linqi,Salman,,,316-9103,MEDFORD,,55049.0,,N,85000.0,7.85,,,0.0
Djemal,Rios,,860.0,,CENTRAL VILLAGE,CT,6332.0,S,Y,,5.0,,,0.0
Ola,Tohme,F,907.0,,,,99529.0,M,N,,,0.0,0.0,0.0
Narisa,McLellan,M,,358-3927,GREELEY,,66033.0,M,Y,30000.0,6.45,0.0,,2250.0
Miloslav,Shmuely,M,435.0,685-7132,HERRIMAN,,84096.0,,N,55000.0,7.0,,,0.0
Anna,,,513.0,206-3604,,OH,44485.0,M,Y,90000.0,3.533564,0.0,2600.0,1300.0
Raimundo,,F,505.0,,EUNICE,NM,,S,,,,3300.0,0.0,0.0
Weixin,,,754.0,,,FL,32959.0,M,,,,,0.0,0.0
Nazim,Masada,M,947.0,,JEDDO,,,,Y,,3.9,3100.0,,3100.0
Faouzi,,M,501.0,,LETONA,AR,,,N,,,20.0,0.0,0.0
Gudala,Boege,F,971.0,,STAYTON,OR,,S,N,,,159.0,0.0,0.0
Dominic,Lafont,,845.0,,NATURAL BRIDGE,NY,13665.0,,Y,,4.4460363,0.0,,1000.0
Farrokh,,,717.0,,,PA,18102.0,M,Y,,,0.0,0.0,0.0
Pnina,,M,708.0,832-5541,,IL,60628.0,M,N,75000.0,3.0,0.0,4000.0,0.0
Irek,Rehak,,,501-8941,TOMAHAWK,,54487.0,M,Y,50000.0,5.3151608,,,400.0
Kiyokuni,Paczkowski,M,401.0,,,,2816.0,M,N,,0.0,,,0.0
Yongguang,,F,580.0,152-4179,ROCKY,OK,73661.0,,,100000.0,6.25,0.0,2000.0,1000.0
Zhenzhou,Bloedorn,M,,316-8302,POST,OR,97752.0,,Y,40000.0,9.0,0.0,318.0,159.0
Stasys,Murta,M,406.0,,BILLINGS,MT,59116.0,S,,,6.9,,,0.0
Satyadeep,Yahalom,F,401.0,,,RI,2830.0,M,,,,0.0,0.0,0.0
,,,802.0,,,VT,5079.0,S,N,,,,0.0,
Nich,Mambella,M,,462-5506,MARRERO,,70073.0,,Y,100000.0,6.0,0.0,,1000.0
,Gils,,423.0,,,TN,37366.0,S,,,,0.0,0.0,
,Spitbart,F,939.0,,,PR,783.0,S,N,,0.0,,,
,,F,508.0,,BOSTON,MA,,S,N,,,3575.0,0.0,
Saeed,,M,815.0,,,IL,60097.0,S,,,,,0.0,2000.0
Madanpal,Shrivastava,,912.0,,THOMASVILLE,,31758.0,S,N,,6.0,,,0.0
,Goor,F,203.0,,NEW HAVEN,CT,,,N,,,12750.0,0.0,
Guorong,Preas,M,303.0,,FORT COLLINS,CO,80522.0,S,N,,4.63,,,0.0
,Petrovic,,,289-1301,FORT KENT,,4743.0,M,Y,20000.0,8.5,,,
,,F,801.0,,SAINT GEORGE,UT,,,Y,,,2475.0,0.0,
Srinivas,,M,603.0,,,NH,3815.0,S,,,,0.0,0.0,0.0
Feliks,,M,818.0,109-3395,MATHER,CA,95655.0,,Y,70000.0,9.3,,174.0,272.0
,Woerkom,F,870.0,892-4481,,AR,72044.0,M,N,10000.0,2.5778654,0.0,40.0,
Rupak,Noll,M,985.0,,ARCHIBALD,LA,71218.0,S,,,6.0,,,0.0
Chien,,M,504.0,,BATON ROUGE,LA,70895.0,S,N,,,,0.0,0.0
Constanze,Lindgreen,M,971.0,,TILLAMOOK,OR,,S,N,,9.0,159.0,,0.0
Guangshun,,M,541.0,,PORTLAND,OR,,,N,,,159.0,0.0,0.0
,Sundgren,F,406.0,,LONEPINE,MT,59848.0,,,,6.9,,,
,McKie,F,919.0,,HARMONY,,,S,Y,,7.515734,3300.0,,
Sakir,,M,618.0,,,IL,,S,,,,2000.0,0.0,0.0
Charley,,,574.0,172-6756,,IN,46251.0,M,Y,75000.0,3.4,0.0,2000.0,1000.0
,Susaki,F,307.0,,,,82840.0,S,Y,,0.0,,,
,,F,501.0,857-6970,CONWAY,,72033.0,M,Y,50000.0,7.0,,40.0,
Debjit,,M,510.0,968-7750,LA HABRA,CA,90631.0,,Y,80000.0,9.3,0.0,174.0,272.0
,Carla,,848.0,200-9228,,NJ,8087.0,M,Y,100000.0,2.6616669,0.0,2000.0,
Masayuki,,M,515.0,,VAIL,,,S,N,,,40.0,0.0,0.0
Christino,Halici,,,423-7086,,NJ,8721.0,M,N,70000.0,2.1885417,0.0,2000.0,0.0
Ponnarasu,Luukkainen,M,949.0,,,CA,,S,,,1.0,87.0,,0.0
Hirozumi,Picel,,443.0,,WILLARDS,MD,21874.0,S,Y,,4.75,,,2400.0
Anindya,Konikowska,,251.0,194-4959,LANGSTON,AL,35755.0,,Y,35000.0,5.0,0.0,,300.0
,Delannoy,F,,529-2614,NEOLA,UT,84053.0,,N,45000.0,7.0,0.0,4950.0,
,,F,702.0,,,NV,89028.0,M,Y,,,0.0,0.0,
,Batzoglou,,,407-6930,SHELDAHL,IA,50243.0,M,,65000.0,8.98,0.0,80.0,
,,F,503.0,143-9557,PORTLAND,,97220.0,,N,35000.0,9.0,0.0,318.0,
,,M,701.0,993-8118,,,58535.0,M,Y,90000.0,2.7990127,,6600.0,3300.0
Ung,,,802.0,234-4070,WEST HALIFAX,VT,5358.0,M,,60000.0,4.1988535,0.0,6600.0,0.0
Olav,Elhardt,M,307.0,,,,82640.0,M,N,,,0.0,0.0,0.0
,,,484.0,,,PA,18445.0,S,Y,,,0.0,0.0,
Sreekumar,Farag,,,612-8500,,NJ,7008.0,M,,90000.0,2.5039582,0.0,2000.0,1500.0
Jerry,,M,775.0,,,,89432.0,M,N,,,0.0,0.0,0.0
Xiaoqun,Setiz,,937.0,,,OH,43023.0,S,,,1.8738205,,,1300.0
,Lafferriere,,267.0,,,PA,18655.0,M,N,,3.07,0.0,,
Lem,Sakagami,M,401.0,,,,2814.0,S,N,,0.0,,,0.0
Abhijit,,,662.0,926-1412,LUCEDALE,MS,39452.0,,N,80000.0,5.0,0.0,12000.0,0.0
Lampros,England,M,432.0,,,,75267.0,S,N,,,0.0,0.0,0.0
,Knecht,F,208.0,113-4990,FENN,,83531.0,M,N,85000.0,7.8,0.0,,
Tuong,,M,775.0,,,NV,89023.0,S,,,,0.0,0.0,0.0
,Marantz,F,,598-4743,RINGWOOD,,73768.0,,Y,20000.0,6.25,0.0,,
Olof,Kerm,,304.0,193-9953,VAN,,25206.0,M,Y,80000.0,6.5,0.0,4000.0,2000.0
,Winzen,,980.0,667-9069,PENROSE,NC,28766.0,,N,45000.0,6.6765733,0.0,6600.0,
Magda,,M,502.0,,,,,S,N,,,20.0,0.0,0.0
,,F,808.0,,J B P H H,HI,,,,,,1040.0,0.0,
,Csaba,F,304.0,,HAMBLETON,WV,,S,,,,2000.0,0.0,
,,F,702.0,,,NV,89833.0,M,N,,,0.0,0.0,
,Kindberg,,,402-2392,MOLLUSK,VA,22517.0,,Y,25000.0,5.75,0.0,1800.0,
Shyue,Mulatero,,,535-9031,,NJ,7544.0,M,,20000.0,1.4,,,0.0
Haoxun,Steinparz,M,435.0,841-2484,ORDERVILLE,UT,84758.0,,Y,80000.0,7.0,,,2475.0
Yooshin,Rudisin,M,401.0,,,RI,2833.0,S,,,0.0,,,0.0
,Kamijo,,,373-9524,COWPENS,SC,29330.0,M,Y,25000.0,7.0,0.0,6600.0,
Christhard,Toida,M,401.0,,,RI,2826.0,S,N,,,0.0,0.0,0.0
Osaaki,Dattasharma,M,318.0,850-4599,KRAEMER,,70371.0,,N,55000.0,6.0,0.0,9000.0,0.0
Lang,,,608.0,706-3513,FREDERIC,,54837.0,M,Y,15000.0,4.707031,,1400.0,400.0
,,F,503.0,186-7893,HAMMOND,,97121.0,M,Y,70000.0,9.0,0.0,318.0,
Theirry,Carletta,M,928.0,693-3035,AJO,AZ,85321.0,M,,85000.0,4.0325,0.0,4200.0,0.0
,,F,808.0,,CAMP H M SMITH,HI,,S,,,,1040.0,0.0,
Hongbing,,M,580.0,,EDMOND,OK,,S,Y,,,1000.0,0.0,1000.0
,Sackman,M,208.0,,POCATELLO,ID,83202.0,,Y,,7.8,,,3300.0
Jiabin,,M,719.0,,ELBERT,,80106.0,S,Y,,,0.0,0.0,0.0
Asanobu,,F,603.0,,,NH,3598.0,M,N,,,0.0,0.0,0.0
,,M,505.0,108-1152,TIMBERON,NM,88350.0,M,Y,70000.0,5.3,0.0,6600.0,
Rune,Amendola,F,401.0,,,RI,2825.0,M,,,,0.0,0.0,0.0
Pierce,Velthausz,M,307.0,,,WY,83001.0,M,N,,,0.0,0.0,0.0
Sudipta,Prieur,F,952.0,,BLUE EARTH,MN,56013.0,S,,,7.4572573,,,0.0
Shahab,,,716.0,,NEW YORK,NY,10275.0,,,,,0.0,0.0,1000.0
Pallab,Biederman,F,401.0,,,,2886.0,M,Y,,,0.0,0.0,0.0
Hwee,Iravani,M,229.0,,PEACHTREE CITY,GA,,,N,,,2700.0,0.0,0.0
Hisao,Horspool,,,383-6578,CHURCH ROAD,VA,23833.0,M,Y,90000.0,5.75,0.0,1800.0,900.0
,Luca,M,218.0,,MERRIFIELD,MN,,,Y,,5.35,3300.0,,3300.0
Avy,Kheirbek,,,624-5875,SOUTHPORT,ME,4576.0,M,N,85000.0,8.5,0.0,5700.0,0.0
Bruch,Katiyar,,,440-5679,PINCKNEY,MI,48169.0,,Y,70000.0,3.9,0.0,6200.0,3100.0
Rabinder,,,513.0,,,OH,43756.0,S,,,,,0.0,1300.0
Alfs,Ehlers,F,260.0,,,IN,,S,N,,,1000.0,0.0,0.0
Liang,Holtman,,202.0,800-6190,WASHINGTON,,20533.0,M,N,30000.0,9.0,0.0,2740.0,0.0
Arnold,Vaudenay,F,939.0,,,PR,954.0,M,N,,,0.0,0.0,0.0
Sebastiano,Toinard,,,348-5080,,NJ,8604.0,M,,95000.0,2.5828125,0.0,2000.0,1500.0
Takafumi,,,601.0,954-2230,HILLSBORO,MS,39087.0,,,35000.0,5.0,0.0,12000.0,0.0
Charly,,M,808.0,122-8539,WAHIAWA,HI,96786.0,M,N,70000.0,8.25,0.0,2080.0,0.0
Mirta,Nuutila,F,,428-6542,DORENA,,97434.0,M,N,20000.0,9.0,,,0.0
Rod,Specker,F,316.0,,LUCAS,KS,67648.0,,,,5.4666667,,,2250.0
Venkatavasu,,,567.0,,,OH,45227.0,S,,,,,0.0,0.0
Quan,Tomokiyo,F,,644-6414,,NM,88032.0,M,,5000.0,1.7,0.0,6600.0,0.0
Kaj,Seiferas,M,,323-8046,MC FARLAND,,66501.0,,N,100000.0,6.45,,,0.0
Wieland,,M,605.0,,,SD,57648.0,M,,,,0.0,0.0,0.0
Hamidah,,F,630.0,823-9350,,IL,62260.0,M,N,75000.0,3.0,0.0,4000.0,0.0
Shenze,Wilk,,910.0,145-6188,BLOWING ROCK,NC,28605.0,M,,90000.0,7.6206293,0.0,6600.0,0.0
,Magalhaes,M,,378-2010,REXBURG,,83460.0,,Y,80000.0,7.8,0.0,,3300.0
Branka,Setlzner,M,409.0,,,TX,79854.0,S,Y,,0.0,,,0.0
Giap,,,609.0,,,NJ,7970.0,S,N,,,,0.0,0.0
Charu,Verpoorten,F,406.0,,BIGHORN,MT,,S,Y,,,1900.0,0.0,1900.0
Aske,,,802.0,870-1298,NORTH HYDE PARK,VT,5665.0,,N,85000.0,4.69624,0.0,6600.0,0.0
Nobuo,Sureson,M,316.0,,,,67131.0,S,N,,3.5,,,0.0
Maddalena,Kleftouris,M,360.0,,,,98378.0,M,N,,0.0,0.0,,0.0
Hilding,Scheen,,,553-4953,ALAMO,GA,30411.0,M,Y,100000.0,6.0,,,3000.0
Quingbo,Salehi,F,,312-1701,,AZ,85546.0,M,,25000.0,3.1025,,,2300.0
Ashoke,Detjens,,,639-5820,COLUMBIA FALLS,ME,4623.0,M,N,100000.0,8.5,0.0,5700.0,0.0
Urban,Loiselle,F,409.0,,,TX,78841.0,S,,,0.0,0.0,,0.0
Bich,,M,702.0,,,NV,89009.0,S,Y,,,0.0,0.0,0.0
,Raveh,F,,631-3001,MACKS INN,ID,83433.0,,Y,80000.0,7.8,,,3300.0
Erina,Broca,F,320.0,,GOODLAND,MN,,S,N,,,3300.0,0.0,0.0
Asawaree,,M,573.0,103-6293,COLUMBIA,MO,65203.0,M,Y,95000.0,6.0,,4200.0,1200.0
Lane,Karner,,205.0,873-2837,EVA,,35621.0,M,N,60000.0,5.0,0.0,3000.0,0.0
Rayk,Sutton,M,907.0,,,AK,99716.0,S,,,0.0,,,0.0
Goang,Noack,F,208.0,185-1993,COTTONWOOD,ID,83522.0,M,N,35000.0,7.8,,,0.0
,Cristoforetti,M,252.0,,GREENSBORO,NC,,S,Y,,,3300.0,0.0,3300.0
Kazimir,Broom,F,951.0,,SAN DIEGO,,,,Y,,,87.0,0.0,272.0
Malur,Kadesch,,,349-1174,BARABOO,,53913.0,M,N,25000.0,4.880782,0.0,1400.0,0.0
Nidapan,,F,509.0,,,,98565.0,S,Y,,,0.0,0.0,0.0
Feixiong,,,614.0,996-1663,,OH,44266.0,M,N,15000.0,1.0439488,0.0,2600.0,0.0
Dihua,Gurret,,,438-2437,MC HENRY,MD,21541.0,,Y,45000.0,4.75,0.0,4800.0,2400.0
Masat,,M,603.0,,,,3458.0,S,N,,,0.0,0.0,0.0
Naranker,Adorni,,,369-9710,NORTH HAVEN,,4853.0,,N,90000.0,8.5,0.0,5700.0,0.0
Lishing,,F,802.0,,,,,S,N,,,3300.0,0.0,0.0
Ingolf,Scharinger,M,847.0,744-5757,,,61530.0,M,Y,65000.0,3.0,,,2000.0
Hirotomo,Wyrostek,M,413.0,,FALMOUTH,MA,,S,Y,,,3575.0,0.0,1000.0
Piernicola,Slosberg,F,939.0,,,PR,681.0,M,N,,0.0,,,0.0
Theodore,Dahl,M,,411-4754,,IL,61567.0,M,,10000.0,3.0,0.0,4000.0,0.0
Rachid,,F,603.0,,,NH,3230.0,S,,,,0.0,0.0,0.0
Kun,,,731.0,,,,38545.0,S,Y,,,0.0,0.0,0.0
Xiaomei,,,724.0,,,PA,15361.0,S,,,,0.0,0.0,0.0
Pat,Hjaresen,M,,429-1283,,,85718.0,M,Y,60000.0,3.645,0.0,4200.0,2300.0
Kristin,Sinclair,,229.0,,DOUGLASVILLE,,30154.0,S,N,,6.0,,,0.0
Selim,Gabrielli,M,,456-4087,BATON ROUGE,LA,70831.0,M,,35000.0,6.0,0.0,9000.0,1000.0
Andres,Laville,,,551-6587,NORWALK,CT,6852.0,,Y,100000.0,5.0,0.0,,0.0
Luming,Paragot,F,351.0,,SPRINGFIELD,,1195.0,S,N,,5.3,,,0.0
Tatiana,,M,702.0,,,NV,89028.0,M,,,,,0.0,0.0
Jong,,M,520.0,,,,85632.0,S,Y,,,,0.0,2300.0
Persi,Kwankam,M,903.0,,,,75835.0,M,Y,,0.0,0.0,,0.0
Lionel,Korczynski,F,919.0,,TUCKASEGEE,,,S,N,,6.7814684,3300.0,,0.0
Hguyen,,F,773.0,222-3269,,IL,60453.0,M,N,10000.0,3.0,0.0,4000.0,0.0
Yannick,Kallman,F,417.0,,PILOT KNOB,MO,,,,,,2100.0,0.0,1200.0
Tsuneo,,,803.0,684-5298,CONWAY,SC,29528.0,M,,55000.0,7.0,,6600.0,0.0
,Karatsu,,336.0,100-7821,ENGELHARD,NC,27824.0,M,,60000.0,6.9912586,0.0,6600.0,3300.0
Sally,,,769.0,169-9151,JACKSON,MS,39250.0,,,50000.0,5.0,0.0,12000.0,0.0
Yamine,Dittert,,256.0,762-9173,MOBILE,AL,36607.0,,,5000.0,5.0,0.0,3000.0,300.0
Jarmo,Oliva,,,576-7958,GRAND MARAIS,,55604.0,M,N,25000.0,5.5895944,,,0.0
Xiadong,Hedayat,M,860.0,,HARTFORD,CT,,S,,,,12750.0,0.0,0.0
Adegbeniga,Heinzelmann,F,253.0,,,WA,98075.0,S,N,,,0.0,0.0,0.0
Sivanarayana,,F,513.0,,,OH,,S,,,,1300.0,0.0,0.0
Vassilios,Munck,,260.0,,,IN,47988.0,S,,,3.4,,,1000.0
Euripides,Chevalier,F,256.0,,PLANTERSVILLE,AL,,,N,,,1500.0,0.0,0.0
Xuan,Bekesi,F,205.0,,HATCHECHUBBEE,AL,,S,,,,1500.0,0.0,0.0
Sergei,Simovici,F,406.0,,WEST YELLOWSTONE,MT,59758.0,S,,,6.9,,,1900.0
Srikanth,,F,501.0,,GLENCOE,AR,,S,,,,20.0,0.0,20.0
Richara,,M,775.0,,,NV,89008.0,S,,,,0.0,0.0,0.0
Malika,,F,787.0,,,,766.0,M,N,,,0.0,0.0,0.0
Lundy,,F,787.0,,,,728.0,M,Y,,,,0.0,0.0
Siegbert,,,484.0,,,PA,19073.0,S,,,,,0.0,0.0
,Darringer,M,208.0,953-6601,SWANLAKE,ID,83281.0,M,Y,85000.0,7.8,0.0,6600.0,3300.0
Ilka,Wiederhold,,434.0,830-6193,RICHARDSVILLE,VA,22736.0,,N,15000.0,5.214286,0.0,1800.0,0.0
Mohit,Messier,M,479.0,,,,72840.0,S,Y,,3.773037,,,20.0
Changgui,Delgano,M,980.0,,REIDSVILLE,NC,,,N,,,3300.0,0.0,0.0
Uday,Mavronicolas,F,256.0,,GADSDEN,AL,,S,,,5.0,1500.0,,0.0
Eckehard,Brightwell,,,480-5359,,NJ,8310.0,M,N,40000.0,1.7154167,0.0,2000.0,0.0
,,M,651.0,,NICOLLET,MN,,,Y,,,3300.0,0.0,3300.0
Hakki,,F,605.0,,,SD,57196.0,M,Y,,,0.0,0.0,0.0
Burghardt,Njiwoua,,906.0,673-1398,CASSOPOLIS,MI,49031.0,M,Y,90000.0,3.9,,,3100.0
CongDuc,Praus,F,,281-6535,WESTPORT,MA,2790.0,M,N,95000.0,5.3,,,0.0
Mohsin,,M,805.0,,WEST COVINA,,,S,N,,,87.0,0.0,0.0
Almira,,M,504.0,,FLUKER,LA,,S,N,,,4500.0,0.0,0.0
Antonina,Morillo,M,308.0,934-4067,MAX,NE,69037.0,,N,25000.0,6.5736103,,,0.0
Izzet,Lanne,,917.0,,STILLWATER,,12170.0,S,N,,4.011585,0.0,,0.0
Trevor,Welker,F,,506-3364,HOPEDALE,MA,1747.0,,,85000.0,5.3,0.0,7150.0,0.0
Itsuo,,M,508.0,,WELLESLEY,,,S,N,,,3575.0,0.0,0.0
Sayeed,Linzer,F,,508-1825,,IL,60453.0,M,,65000.0,3.0,0.0,,0.0
Leong,Ionescu,F,406.0,,FORT SMITH,,,S,N,,,1900.0,0.0,0.0
Raz,Danecki,F,870.0,,,AR,,S,,,,20.0,0.0,0.0
Algimantas,Cornelius,,,342-1819,FALLS CHURCH,VA,22042.0,M,N,90000.0,5.75,0.0,1800.0,0.0
Genevieve,,,724.0,,,PA,15532.0,M,Y,,,0.0,0.0,0.0
,,M,505.0,661-3581,,,88024.0,M,Y,5000.0,1.7,,6600.0,3300.0
,Nahapetian,M,208.0,,FERNWOOD,ID,83830.0,S,,,7.8,,,3300.0
Bangqing,Oppenheim,F,225.0,,,LA,70054.0,S,Y,,2.0,,,1000.0
,Serov,F,,448-9138,,ND,58554.0,M,,60000.0,2.451245,,,3300.0
Zhexue,Talbott,M,419.0,,,OH,,S,Y,,,1300.0,0.0,1300.0
Tsuneyo,Rahimi,,203.0,195-9867,HARTFORD,CT,6153.0,M,,65000.0,5.0,,,0.0
Chetz,Bassino,M,303.0,,NUCLA,CO,81424.0,,N,,,0.0,0.0,0.0
Are,Basler,F,307.0,,,WY,82334.0,M,N,,,0.0,0.0,0.0
Amilcar,Junping,,,505-7372,,IN,47596.0,M,N,55000.0,3.4,0.0,2000.0,0.0
Tatsuhiro,,F,630.0,216-6802,,IL,62426.0,M,,85000.0,3.0,,4000.0,0.0
Junguk,,F,605.0,,,,57658.0,S,N,,,0.0,0.0,0.0
Imre,Forgie,F,406.0,905-7898,MELVILLE,MT,59055.0,,N,55000.0,6.9,0.0,3800.0,0.0
Joycelyne,Noltemeier,M,303.0,,BELLVUE,,80512.0,M,N,,4.63,,,0.0
Qingda,Karlin,F,918.0,,TULSA,OK,,S,,,,1000.0,0.0,0.0
Senol,Wursthorn,F,415.0,711-7502,PLEASANTON,CA,94588.0,,,45000.0,9.3,0.0,174.0,0.0
Emile,Heuter,F,318.0,977-9848,COUSHATTA,LA,71019.0,M,Y,45000.0,6.0,0.0,9000.0,1000.0
Yogen,Odberg,M,435.0,774-7863,CORNISH,UT,84308.0,M,,70000.0,7.0,,,2475.0
Evelyn,Sreerama,,,266-3798,ETOILE,KY,42131.0,M,N,80000.0,6.0,,,0.0
Tadaaki,Calbrix,F,302.0,,WILMINGTON,DE,,S,,,,110.0,0.0,0.0
Shiv,Sethi,M,847.0,,,IL,60621.0,S,,,3.0,,,0.0
Jeffery,,M,605.0,,,,57422.0,M,N,,,0.0,0.0,0.0
Naji,Metze,,302.0,,,,19803.0,S,Y,,2.2,,,110.0
Masoud,Hashii,F,985.0,900-4370,WESTWEGO,,70096.0,M,Y,70000.0,6.0,0.0,9000.0,1000.0
Vladdimir,DeFouw,F,870.0,,,AR,,S,,,,20.0,0.0,0.0
Madge,,M,580.0,129-8676,TEXHOMA,,73949.0,M,N,10000.0,6.25,,2000.0,0.0
Helfried,,,703.0,156-6041,DRY FORK,VA,24549.0,M,N,90000.0,5.75,0.0,1800.0,0.0
Bernhard,,M,603.0,,,NH,3038.0,S,N,,,0.0,0.0,0.0
Ajoy,Heffernan,M,401.0,,,RI,2831.0,M,N,,,0.0,0.0,0.0
Kapetanakis,,F,816.0,977-5028,MILAN,,63556.0,,N,10000.0,6.0,0.0,4200.0,0.0
Umakanta,Aluja,F,323.0,,SACRAMENTO,CA,,,,,,87.0,0.0,0.0
Haitao,Shrira,,,636-8775,BALTIMORE,MD,21202.0,M,Y,50000.0,4.75,,,2400.0
Kiyokazu,Riguzzi,M,,324-6132,GRANTS PASS,,97528.0,M,Y,5000.0,7.4102564,,,159.0
Masakatu,Sieferas,,207.0,861-3176,FORT FAIRFIELD,,4742.0,M,N,75000.0,8.5,,,0.0
Shyamala,Darrell,F,847.0,909-5715,,IL,61359.0,M,,40000.0,3.0,0.0,4000.0,2000.0
Larissa,Dahl,M,978.0,,BROCKTON,,,S,Y,,,3575.0,0.0,1000.0
Yoshizumi,,M,801.0,824-8152,GARRISON,UT,84728.0,M,N,20000.0,7.0,0.0,4950.0,0.0
Yechezkel,Leinwand,M,971.0,,MYRTLE POINT,OR,,,,,9.0,159.0,,159.0
Oren,Thanh,F,207.0,,NEW HARBOR,,,,N,,,2850.0,0.0,0.0
Randolph,Evens,M,314.0,,CHAFFEE,MO,,S,,,,2100.0,0.0,0.0
Taeko,Michaelski,,,390-9994,HERTEL,WI,54845.0,,,80000.0,5.836415,,,400.0
Eishiro,,F,541.0,204-4384,WARRENTON,OR,97146.0,M,Y,45000.0,9.0,,318.0,159.0
Licheng,,M,715.0,,PEARSON,,,,N,,,700.0,0.0,0.0
Ambros,Carrere,M,308.0,,MITCHELL,NE,,,N,,,103.0,0.0,0.0
Joycelyne,Delcambre,M,304.0,,,,,S,N,,,2000.0,0.0,0.0
Dines,Furlani,,954.0,,,FL,33694.0,S,Y,,,0.0,0.0,0.0
JiYoung,,M,603.0,,,,3241.0,S,N,,,0.0,0.0,0.0
Gerco,,F,701.0,,,ND,,S,N,,,3300.0,0.0,0.0
Ryoji,,,803.0,105-9367,HILTON HEAD ISLAND,SC,29938.0,,,25000.0,7.0,0.0,6600.0,0.0
,Matsuyama,F,208.0,,BOISE,ID,,S,Y,,7.8,3300.0,,3300.0
Hessam,Stenning,M,207.0,,,ME,4104.0,S,Y,,2.2135036,,,2850.0
Siamak,Detro,M,301.0,,SILVER SPRING,MD,,S,,,,2400.0,0.0,2400.0
Safa,,F,775.0,,,NV,89513.0,S,,,,0.0,0.0,0.0
Shawn,,M,573.0,,INDEPENDENCE,MO,64052.0,,,,,,0.0,1200.0
Suhayya,Caneghem,M,910.0,,WILSON,NC,,S,,,,3300.0,0.0,0.0
Delvan,,F,505.0,751-4298,THOREAU,NM,87323.0,M,N,55000.0,5.3,0.0,6600.0,0.0
Abhaya,,F,806.0,,,TX,75088.0,M,N,,,0.0,0.0,0.0
,,,802.0,252-9527,,VT,5851.0,M,,30000.0,3.6019895,0.0,6600.0,3300.0
Aniorte,Kailath,M,202.0,,WASHINGTON,DC,,S,Y,,,1370.0,0.0,1370.0
Nazim,Capaccioli,,863.0,,,,34990.0,S,Y,,,0.0,0.0,0.0
Krystyna,Busenberg,F,860.0,,HARTFORD,,,S,Y,,,12750.0,0.0,0.0
Shiwa,Norwood,,,372-7288,SUFFOLK,VA,23438.0,M,,90000.0,5.75,,,0.0
Amelia,,F,808.0,,HAWAII NATIONAL PARK,HI,96718.0,S,N,,,,0.0,0.0
Douglas,,F,720.0,,LONGMONT,CO,80504.0,,Y,,,0.0,0.0,0.0
Pim,,F,804.0,,NORA,VA,,,Y,,,900.0,0.0,900.0
Carolos,Kroft,F,207.0,,STOCKTON SPRINGS,ME,,S,Y,,8.5,2850.0,,2850.0
Aiqin,,,802.0,123-6266,WESTMINSTER,VT,5158.0,M,N,50000.0,3.9998987,0.0,6600.0,0.0
Chengyu,,M,817.0,,,TX,76249.0,M,N,,,0.0,0.0,0.0
Sumitra,Boege,M,206.0,,,WA,98821.0,S,,,,0.0,0.0,0.0
Andre,Jeansoulin,F,201.0,,,NJ,,S,Y,,,1000.0,0.0,1500.0
,Ranai,F,952.0,247-5011,BRICELYN,,56014.0,M,Y,100000.0,7.85,,,3300.0
Veronique,Sandoe,,,349-5516,RICHMOND,VA,23292.0,,,20000.0,5.75,,,900.0
Endre,,F,612.0,770-7221,NORTHROP,MN,56075.0,,N,95000.0,7.85,0.0,6600.0,0.0
Kazuya,Bednarek,,240.0,715-2381,HUNT VALLEY,,21065.0,,N,55000.0,4.75,0.0,4800.0,0.0
Dawn,,M,636.0,,WEAUBLEAU,MO,,S,N,,,2100.0,0.0,0.0
Estelle,,,615.0,,,TN,37933.0,S,N,,,0.0,0.0,0.0
Hudai,Ziauddin,M,260.0,,,IN,,S,N,,,1000.0,0.0,0.0
Richards,Bies,F,425.0,,,WA,98325.0,M,,,,0.0,0.0,0.0
,,F,828.0,,GLENWOOD,,,S,Y,,,3300.0,0.0,3300.0
Kent,,F,785.0,775-2334,WICHITA,,67275.0,M,Y,35000.0,6.45,0.0,4500.0,2250.0
Xiangmin,,F,801.0,,ELMO,UT,,S,,,,2475.0,0.0,2475.0
Cuie,Erde,F,260.0,,,IN,,S,N,,,1000.0,0.0,0.0
Jarrellann,Ishai,F,307.0,,,,82222.0,M,N,,,0.0,0.0,0.0
Djenana,,F,702.0,,,NV,89110.0,M,N,,,0.0,0.0,0.0
Venkataraman,Pokrovskii,,920.0,,CAMP DOUGLAS,WI,54618.0,S,,,5.4020367,,,0.0
Eibe,,,712.0,669-9266,VICTOR,IA,52347.0,M,Y,100000.0,8.98,0.0,80.0,40.0
Carel,Wabbi,,239.0,,,FL,34946.0,M,Y,,,0.0,0.0,0.0
Saied,Martindale,,,287-7315,BUCKEYSTOWN,MD,21717.0,M,,5000.0,4.75,0.0,,0.0
Mara,Raffaeta,M,907.0,,,,99767.0,M,Y,,0.0,,,0.0
Maitreya,,F,808.0,,HONOLULU,,,,Y,,,1040.0,0.0,1040.0
Sayori,Debelack,,845.0,,COXSACKIE,NY,12051.0,M,,,,0.0,0.0,1000.0
Xiaolang,Hawryszkiewycz,,845.0,,BOICEVILLE,NY,12412.0,S,,,,0.0,0.0,1000.0
Panayotis,Redys,F,314.0,,SAINT LOUIS,,63178.0,,N,,6.0,,,0.0
Humphrey,,M,603.0,,,NH,3274.0,M,Y,,,0.0,0.0,0.0
Natasha,Alsuwaiyel,F,435.0,179-2376,BRYCE,,84764.0,M,N,5000.0,7.0,0.0,4950.0,0.0
Manikya,,F,505.0,,HOBBS,,,,N,,,3300.0,0.0,0.0
Ingram,,F,603.0,,,,3249.0,S,N,,,0.0,0.0,0.0
Richard,,F,606.0,,LOUISVILLE,KY,,,,,,20.0,0.0,20.0
Timucin,Molberg,,256.0,,FITZPATRICK,AL,36029.0,S,,,5.0,,,0.0
,Camurati,F,,485-5841,,ND,58426.0,M,,30000.0,2.1034775,0.0,6600.0,3300.0
Gaelle,,,706.0,940-4599,ALBANY,GA,31706.0,M,N,60000.0,6.0,0.0,5400.0,0.0
Kiyotaka,,F,787.0,,,,921.0,M,Y,,,0.0,0.0,0.0
Valdiodio,Lieblein,M,203.0,,,CT,,S,,,3.0,12750.0,,0.0
Ward,,F,505.0,,GRANTS,NM,,S,,,,3300.0,0.0,0.0
Rodnay,Kubicek,M,989.0,,OAKLEY,MI,,,,,3.9,3100.0,,3100.0
Samy,,,585.0,,CORNING,NY,14830.0,M,,,,0.0,0.0,1000.0
Dinah,Altepeter,F,,345-6118,BOSSIER CITY,LA,71112.0,M,N,35000.0,6.0,0.0,9000.0,0.0
Aija,Elenbaas,F,956.0,,,TX,75421.0,M,N,,,0.0,0.0,0.0
Pierrette,Balard,F,231.0,,MECOSTA,MI,,,N,,,3100.0,0.0,0.0
Miyoki,Dieng,,,425-6126,,,44055.0,M,Y,50000.0,2.2057693,0.0,2600.0,1300.0
Gerri,Beau,M,203.0,,WESTPORT,CT,,S,Y,,,12750.0,0.0,0.0
Ann,,F,662.0,,COILA,MS,,S,N,,,6000.0,0.0,0.0
Manojit,,M,775.0,,,,89830.0,S,N,,,0.0,0.0,0.0
Subhasish,Brakmo,M,405.0,,OKLAHOMA CITY,OK,,,,,,1000.0,0.0,1000.0
Jaswinder,Hepner,,,444-1032,GRAND VIEW,,54839.0,M,N,80000.0,5.836415,0.0,1400.0,0.0
,,,507.0,965-1896,FINLAND,,55603.0,M,Y,20000.0,5.35,0.0,6600.0,3300.0
Sylviane,,M,775.0,,,NV,89153.0,S,,,,,0.0,0.0
Melia,,,732.0,953-9724,,,7882.0,M,N,90000.0,2.5039582,0.0,2000.0,0.0
Samuli,Munck,M,939.0,,,PR,765.0,S,,,0.0,,,0.0
Heping,Tanishita,F,907.0,,,AK,99737.0,S,N,,,0.0,0.0,0.0
Hwee,Hertzberg,,302.0,210-6596,DOVER AFB,DE,19902.0,M,Y,80000.0,5.95,0.0,220.0,110.0
Edna,,F,509.0,,,WA,98828.0,S,N,,,0.0,0.0,0.0
Gihwan,,,516.0,,NEW YORK,NY,10158.0,,Y,,,0.0,0.0,1000.0
Hrishikesh,Partove,M,225.0,,,LA,71458.0,S,Y,,2.0,,,1000.0
Anssi,Cangellaris,,,452-4167,BIRMINGHAM,AL,35211.0,M,N,95000.0,5.0,0.0,3000.0,0.0
Zeev,,F,808.0,146-9378,HONOLULU,HI,96810.0,,N,30000.0,6.447368,0.0,2080.0,0.0
Adriano,,M,540.0,,SCOTTSBURG,VA,,,N,,,900.0,0.0,0.0
Novak,Foong,F,971.0,,CORVALLIS,,,S,N,,,159.0,0.0,0.0
Margrethe,Brown,,878.0,,,,18201.0,M,N,,,0.0,0.0,0.0
Kaushal,Guttman,,,324-3286,,,5469.0,M,N,5000.0,3.6,0.0,6600.0,0.0
Leysia,Badache,M,870.0,,CAVE SPRINGS,,,S,Y,,,20.0,0.0,20.0
Ojelanki,,F,775.0,,,,89112.0,M,Y,,,0.0,0.0,0.0
Object,Kleftouris,M,316.0,981-1603,,,66615.0,M,N,5000.0,3.5,0.0,,0.0
Bernard,Slisenko,F,402.0,866-3996,LA VISTA,NE,68128.0,,N,20000.0,5.685643,,,0.0
Thant,,,813.0,,,FL,33233.0,S,,,,0.0,0.0,0.0
Pius,Rela,F,,509-2715,NORTH POWDER,OR,97867.0,,N,15000.0,9.0,,,0.0
Minhwa,Kusakabe,F,406.0,,BIG SKY,,,S,Y,,6.9,1900.0,,1900.0
Lek,,,740.0,,,,45675.0,S,N,,,,0.0,0.0
Sitt,Sandri,,,575-1369,,VT,5660.0,M,,20000.0,3.6,,,0.0
Thoms,Vollaro,,,531-1311,COLUMBUS,MS,39710.0,M,,10000.0,5.0,0.0,12000.0,0.0
Deepa,,F,775.0,,,NV,89070.0,S,Y,,,,0.0,0.0
Yash,,F,603.0,,,NH,3268.0,S,,,,,0.0,0.0
Hamed,,,607.0,,NEW YORK,NY,10167.0,,Y,,,0.0,0.0,1000.0
Ramkrishna,Back,M,907.0,,,AK,99918.0,M,,,,0.0,0.0,0.0
Hyeokman,Wendorf,M,404.0,,ALAMO,GA,,S,N,,,2700.0,0.0,0.0
Spyros,Blomberg,,,266-2840,WASHINGTON,DC,20515.0,M,,100000.0,9.0,0.0,2740.0,0.0
Rildo,Regoli,M,435.0,,CLARKSTON,UT,84305.0,S,,,7.0,,,0.0
,Houtsma,,980.0,729-3735,SHELBY,NC,28151.0,M,Y,90000.0,7.6206293,0.0,6600.0,3300.0
Neli,Woerkom,M,206.0,,,,98040.0,M,Y,,,0.0,0.0,0.0
Seyit,Koblitz,F,970.0,,FORT COLLINS,CO,80523.0,M,,,4.63,0.0,,0.0
Susanta,Rindone,,203.0,808-9378,STAMFORD,CT,6910.0,M,,85000.0,5.0,,,0.0
Rinat,,F,618.0,878-2519,,IL,60186.0,M,,75000.0,3.0,0.0,4000.0,2000.0
Catharina,Parson,,904.0,,,FL,34480.0,S,Y,,0.0,,,0.0
Chandramohan,Bhatt,,,435-3640,APEX,NC,27523.0,M,N,55000.0,6.8863635,0.0,6600.0,0.0
Karim,,M,617.0,961-7864,TYRINGHAM,,1264.0,M,N,30000.0,5.3,0.0,7150.0,0.0
Soummya,Cotofrei,M,401.0,,,RI,2885.0,S,,,,0.0,0.0,0.0
Mic,Gerbes,,,271-5468,HERNSHAW,,25107.0,,N,75000.0,6.5,0.0,4000.0,0.0
Padraig,,,606.0,924-2234,MACEO,,42355.0,,N,40000.0,4.0555553,0.0,40.0,0.0
Carmelita,Dunfee,,,450-9441,MONTGOMERY,AL,36130.0,,N,85000.0,5.0,0.0,3000.0,0.0
Lenore,Dichev,M,434.0,,NELSON,,,,N,,,900.0,0.0,0.0
Tomi,Wurman,F,260.0,,,IN,,S,,,,1000.0,0.0,0.0
Timos,,,814.0,,,PA,16055.0,S,,,,0.0,0.0,0.0
Shuguang,,,502.0,672-1304,FORT KNOX,KY,40121.0,M,,60000.0,5.166667,0.0,40.0,20.0
Franziska,,F,787.0,,,PR,940.0,M,N,,,0.0,0.0,0.0
Orit,Puryear,M,918.0,816-8859,,,73648.0,M,Y,5000.0,3.0555556,,,1000.0
Ingrid,Spieker,,,484-1216,WESTON,,6883.0,M,Y,40000.0,5.0,,,0.0
Nishit,,,814.0,,,,16215.0,M,Y,,,0.0,0.0,0.0
Nick,Vaquero,F,402.0,,SURPRISE,,,S,Y,,,103.0,0.0,103.0
Yanjie,Gurbaxani,,334.0,240-4304,ODENVILLE,AL,35120.0,,,40000.0,5.0,0.0,3000.0,0.0
Lokesh,Ayers,M,217.0,,,,,S,Y,,,2000.0,0.0,2000.0
Nandyala,Bergey,,,611-6307,PINOPOLIS,,29469.0,,N,80000.0,7.0,0.0,6600.0,0.0
Hiroji,Stasinski,F,,580-2075,KUNIA,HI,96759.0,,N,85000.0,8.25,,,0.0
Zohar,Showalter,F,,545-8068,DILLER,NE,68342.0,M,Y,70000.0,6.84,,,103.0
Patricio,Lampaert,M,907.0,,,,99731.0,S,N,,0.0,0.0,,0.0
Saul,,,516.0,,HENRIETTA,NY,14467.0,S,,,,0.0,0.0,0.0
Takaaki,Rosenbaum,,941.0,,,FL,33912.0,S,,,0.0,,,0.0
Luiza,,,802.0,724-1687,GAYSVILLE,,5746.0,M,N,85000.0,4.69624,0.0,6600.0,0.0
Abdechahid,Toledo,,240.0,111-3001,WHITEFORD,MD,21160.0,M,Y,70000.0,4.75,0.0,4800.0,2400.0
Mingsheng,Brainerd,,412.0,,,,16432.0,S,Y,,,0.0,0.0,0.0
Parimal,Gurret,M,405.0,,COUNTYLINE,,,S,N,,,1000.0,0.0,0.0
Toshimori,,,712.0,164-4064,,IA,50434.0,M,,5000.0,0.935984,0.0,80.0,0.0
Iwao,,F,541.0,,AGNESS,,,S,Y,,,159.0,0.0,159.0
,Stockmeyer,,843.0,805-7876,SENECA,SC,29678.0,,Y,75000.0,7.0,,,3300.0
Rafai,,F,650.0,662-9570,,CA,92143.0,M,,15000.0,3.0493855,,174.0,272.0
Stacy,Pavlopoulou,M,307.0,,,WY,82602.0,M,,,0.0,,,0.0
,,,763.0,780-3984,FRONTENAC,MN,55026.0,M,,95000.0,7.85,0.0,6600.0,3300.0
Charmane,Tharp,F,435.0,248-2849,MOAB,UT,84532.0,,N,100000.0,7.0,0.0,4950.0,0.0
Ilies,,F,508.0,119-2013,MEDFIELD,MA,2052.0,,Y,100000.0,5.3,,7150.0,1000.0
Mitsuhisa,Schmaranz,,334.0,,WETUMPKA,,36092.0,S,N,,5.0,,,0.0
Lois,,F,605.0,,,,57780.0,M,N,,,0.0,0.0,0.0
Jaroslava,Wolfrum,M,406.0,,CORAM,,,S,N,,,1900.0,0.0,0.0
,,,802.0,260-6323,,,5833.0,M,Y,5000.0,3.6,0.0,6600.0,3300.0
Liujian,,F,787.0,,,,969.0,M,N,,,,0.0,0.0
Joonhee,,,786.0,,,,32215.0,S,N,,,0.0,0.0,0.0
Monvef,Peelman,,908.0,,,,7005.0,S,N,,1.4,,,0.0
Kari,,,716.0,,BROOKLYN,,11228.0,M,N,,,,0.0,0.0
Taylor,,,601.0,775-9416,VERONA,MS,38879.0,M,,25000.0,5.0,0.0,12000.0,0.0
Gees,Heinen,,407.0,,,FL,33052.0,S,Y,,,0.0,0.0,0.0
Borje,,M,769.0,,FULTON,MS,,S,Y,,,6000.0,0.0,1500.0
Foto,Matsuyama,M,202.0,,WASHINGTON,DC,,S,Y,,9.0,1370.0,,1370.0
Atila,,,765.0,,,IN,46543.0,S,Y,,,,0.0,1000.0
Galia,,,574.0,124-2321,,IN,47737.0,M,Y,15000.0,3.4,0.0,2000.0,1000.0
Jaijeet,Deter,M,907.0,,,,99505.0,S,N,,,0.0,0.0,0.0
Shinichiro,,F,787.0,,,PR,659.0,M,,,,0.0,0.0,0.0
,Aghbari,,864.0,204-1180,CHARLESTON,SC,29406.0,M,,90000.0,7.0,0.0,6600.0,3300.0
,,,802.0,159-1575,,VT,5840.0,M,,40000.0,3.800944,,6600.0,3300.0
Nadeem,,F,808.0,,KAPOLEI,,,,N,,,1040.0,0.0,0.0
Akeno,Dalphin,,,570-9251,,DE,19884.0,M,N,20000.0,3.2227273,0.0,220.0,0.0
Akida,Hebert,M,937.0,,,OH,,S,Y,,,1300.0,0.0,1300.0
Akihisa,McKearney,M,303.0,,COLLBRAN,CO,81624.0,S,N,,4.63,0.0,,0.0
Rastislav,,M,808.0,,,HI,,S,,,,1040.0,0.0,1040.0
Chenxi,Gutmann,,219.0,827-9135,,IN,47996.0,M,Y,60000.0,3.4,0.0,2000.0,1000.0
Toshiharu,,M,505.0,252-6765,COCHITI PUEBLO,NM,87072.0,M,,55000.0,5.3,,6600.0,0.0
Ottavia,Spinning,,,475-5976,WASHINGTON,,20217.0,M,Y,60000.0,9.0,,,1370.0
Xihao,Viguier,,,456-7243,HIGH VIEW,WV,26808.0,,,30000.0,4.4,0.0,4000.0,0.0
Hovav,Ramsay,F,406.0,743-5596,PENDROY,MT,59467.0,,Y,30000.0,6.9,,,1900.0
Ewgeni,,M,715.0,,DURAND,WI,,S,Y,,,700.0,0.0,400.0
Ult,Stancampiano,M,,326-2144,OKLAHOMA CITY,OK,73108.0,,,70000.0,6.25,,,1000.0
Subhas,,,631.0,,SYRACUSE,NY,13225.0,S,,,,0.0,0.0,1000.0
Aleksander,Kriman,,912.0,741-5153,TURIN,GA,30289.0,M,Y,20000.0,6.0,0.0,,3000.0
Jiawan,,,574.0,967-4874,,,47909.0,M,Y,60000.0,3.4,0.0,2000.0,1000.0
Priyadarshan,,,606.0,,PRESTON,KY,40366.0,,,,,,0.0,20.0
Tarun,Dougan,F,,412-7036,BENTON,AR,72158.0,M,,80000.0,7.0,0.0,40.0,20.0
Anneliese,,M,808.0,,KILAUEA,HI,,,N,,,1040.0,0.0,0.0
Creve,,F,787.0,,,PR,703.0,S,Y,,,0.0,0.0,0.0
Masayasu,Brownrigg,M,413.0,,CATAUMET,,,S,Y,,,3575.0,0.0,1000.0
Manvinder,Tekampe,M,304.0,,GRIFFITHSVILLE,,,S,Y,,,2000.0,0.0,2000.0
Saliha,Otterloo,F,202.0,657-3531,PARCEL RETURN SERVICE,DC,56950.0,,,10000.0,4.5,,,1370.0
Mirta,Sogomonyan,,267.0,,,,15045.0,M,N,,3.07,,,0.0
Remo,,,814.0,,,PA,17246.0,S,,,,0.0,0.0,0.0
Filipe,,,517.0,658-1254,PORT AUSTIN,MI,48467.0,,N,40000.0,3.9,,6200.0,0.0
Damanjit,Schmies,,304.0,,,WV,25337.0,S,N,,3.35,,,0.0
Nidapan,Dussud,,931.0,,,,37141.0,S,Y,,,0.0,0.0,0.0
Ramsey,Rohall,F,417.0,,SKIDMORE,MO,64487.0,S,,,6.0,,,0.0
Alistair,,F,551.0,,,NJ,,S,Y,,,1000.0,0.0,1500.0
Rushikesh,Weistroffer,M,207.0,,MOUNT DESERT,ME,,,,,,2850.0,0.0,2850.0
Kevan,,,754.0,,,,34491.0,M,Y,,,0.0,0.0,0.0
Koldo,,M,720.0,,CENTRAL CITY,,80427.0,S,Y,,,0.0,0.0,0.0
Eunsook,Codenie,F,202.0,,WASHINGTON,DC,,S,Y,,,1370.0,0.0,1370.0
Deren,,M,816.0,996-5604,CHESTNUTRIDGE,MO,65630.0,M,N,60000.0,6.0,0.0,4200.0,0.0
Jed,Zhang,M,,557-5475,CAPE GIRARDEAU,,63702.0,M,N,50000.0,6.0,0.0,4200.0,0.0
Xinan,Khasidashvili,,,620-2537,MALCOLM,AL,36556.0,,,40000.0,5.0,0.0,3000.0,300.0
,Prado,,864.0,816-4231,JENKINSVILLE,SC,29065.0,,Y,65000.0,7.0,,,3300.0
Felicity,Szpakowicz,,931.0,,,TN,37203.0,M,Y,,0.0,,,0.0
Geng,,,757.0,,COLEMAN FALLS,VA,24536.0,S,Y,,,,0.0,900.0
Nathan,,M,701.0,903-1619,,,58712.0,M,N,75000.0,2.6251287,0.0,6600.0,0.0
Ziming,Mackay,,423.0,,,TN,37411.0,M,N,,0.0,0.0,,0.0
Anderla,Gopfrich,F,870.0,869-5881,DAMASCUS,AR,72039.0,M,Y,40000.0,7.0,0.0,40.0,20.0
Michihiro,Nollmann,,,347-8947,ROANOKE,,24036.0,,N,45000.0,5.75,,,0.0
,Pero,M,208.0,,,ID,83826.0,S,Y,,2.6903439,,,3300.0
Kathryn,,,754.0,,,,32006.0,M,Y,,,,0.0,0.0
Yildiray,Strcalov,F,907.0,,,AK,99554.0,S,,,0.0,,,0.0
Ivy,Serconek,M,,579-7415,FAIRVIEW,,64842.0,M,Y,20000.0,6.0,,,1200.0
Lisandro,Larcher,,,341-9537,ISOLA,,38754.0,,N,70000.0,5.0,0.0,,0.0
Alejandro,,,570.0,,,PA,18472.0,S,Y,,,0.0,0.0,0.0
Bonita,McCaskill,,215.0,,,PA,15482.0,M,Y,,3.07,0.0,,0.0
Efthymios,Scaife,,443.0,,STEVENSON,MD,21153.0,S,Y,,4.75,,,2400.0
Peeter,Brodie,,980.0,139-8259,RALEIGH,,27625.0,,N,95000.0,7.7255244,0.0,6600.0,0.0
Guardian,,,610.0,,,PA,15351.0,S,Y,,,,0.0,0.0
Chidanand,Lubbe,M,307.0,,,WY,82725.0,S,N,,0.0,0.0,,0.0
Lorri,Pioli,M,401.0,,,,2815.0,M,Y,,0.0,,,0.0
Jamie,Miliotis,,878.0,,,,15108.0,M,Y,,3.07,,,0.0
Clenn,Birk,,302.0,108-8553,,DE,19734.0,M,N,25000.0,3.5636363,0.0,220.0,0.0
Indradeep,,,718.0,,FREEDOM,NY,14065.0,S,Y,,,0.0,0.0,1000.0
Takehiro,,F,605.0,,,SD,57475.0,M,,,,,0.0,0.0
Seichi,,,802.0,662-4314,,VT,5261.0,M,,20000.0,3.6,0.0,6600.0,0.0
Jihong,Bauknecht,M,907.0,,,,99550.0,M,N,,,0.0,0.0,0.0
,Decatur,,,620-4869,MC LEANSVILLE,NC,27301.0,,Y,25000.0,6.256993,0.0,6600.0,3300.0
Tanguy,,M,503.0,965-9366,RIVERSIDE,OR,97917.0,,,100000.0,9.0,0.0,318.0,159.0
Jianghong,,,585.0,,NESCONSET,,11767.0,,Y,,,0.0,0.0,1000.0
Qiping,Ehlers,,,586-6481,,SC,29082.0,M,,5000.0,3.563716,0.0,6600.0,0.0
Saurab,Skronn,M,401.0,,,RI,2802.0,S,,,0.0,,,0.0
Cecil,Sutter,,302.0,209-2767,,DE,19896.0,M,Y,20000.0,3.2227273,,,110.0
Joji,Varvel,F,302.0,,WILMINGTON,,,S,Y,,,110.0,0.0,110.0
Kilnam,Reich,F,,408-3523,CROOKSTON,,56716.0,M,N,80000.0,7.85,,,0.0
Prasoon,Grant,M,435.0,,MOUNT CARMEL,UT,,,,,,2475.0,0.0,0.0
Qingming,Kitani,,262.0,754-8621,CHIPPEWA FALLS,WI,54774.0,M,,50000.0,5.3151608,0.0,,400.0
Williams,Darringer,,423.0,,,TN,37150.0,S,,,,0.0,0.0,0.0
Mohamed,Yokomizo,F,,348-7066,ROCKLAND,,83271.0,,N,25000.0,7.8,0.0,6600.0,0.0
Mikiko,,F,702.0,,,,89507.0,S,N,,,0.0,0.0,0.0
Betsy,Sporl,M,303.0,,WOLCOTT,CO,81655.0,M,Y,,4.63,,,0.0
Xiaoyan,,F,720.0,,DENVER,CO,80202.0,S,,,,0.0,0.0,0.0
Yasukazu,Rollins,F,907.0,,,AK,99833.0,M,,,0.0,,,0.0
Ikuyo,,F,636.0,,KANSAS CITY,MO,,,Y,,,2100.0,0.0,1200.0
Vamsee,Mattern,,302.0,701-8215,WILMINGTON,DE,19806.0,M,,50000.0,5.268182,0.0,,110.0
Phule,Renker,F,206.0,,,WA,98278.0,M,N,,0.0,,,0.0
Gaku,,,765.0,,,IN,46793.0,S,N,,,,0.0,0.0
Razvan,Deugo,F,,472-6613,PORTAGE,UT,84331.0,,,60000.0,7.0,0.0,4950.0,2475.0
Weiwei,Braccini,M,401.0,,,RI,2824.0,S,,,,0.0,0.0,0.0
Mirion,,M,801.0,,MEADOW,,,,Y,,,2475.0,0.0,2475.0
Bjorn,Stephenson,M,207.0,,ANDOVER,ME,4216.0,S,Y,,8.5,,,2850.0
Aleta,,M,787.0,,,PR,937.0,S,N,,,,0.0,0.0
Dong,Gewali,M,,281-3750,PARCEL RETURN SERVICE,DC,56902.0,,Y,85000.0,9.0,0.0,2740.0,1370.0
,Ozeki,,,579-8163,LAUREL HILL,,28351.0,,Y,95000.0,7.7255244,,,3300.0
Kazuto,Jadhav,M,912.0,,BOLINGBROKE,,,S,Y,,,2700.0,0.0,3000.0
Chendong,Kitayama,,,427-4161,WESSON,MS,39191.0,M,Y,100000.0,5.0,0.0,,1500.0
Jiarong,,F,808.0,,MAKAWELI,,96769.0,,Y,,,,0.0,1040.0
Kensei,Colliat,F,857.0,658-5741,LENOX,,1240.0,,N,55000.0,5.3,0.0,7150.0,0.0
Shuho,,,813.0,,,FL,32310.0,S,,,,0.0,0.0,0.0
Phokion,Rousskov,M,309.0,952-3568,,IL,62690.0,M,N,75000.0,3.0,,,0.0
,Picco,F,208.0,,BASALT,ID,83218.0,S,,,7.8,,,3300.0
Jun,Naixiao,,,393-7700,PROSPECT,,6712.0,,N,95000.0,5.0,,,0.0
Tuncer,Schaub,,270.0,141-3205,PHELPS,KY,41553.0,,,65000.0,5.4444447,,,20.0
,Amy,F,,431-6219,SHEEP SPRINGS,NM,87364.0,M,,30000.0,5.3,0.0,6600.0,3300.0
Haiyong,Petho,,202.0,252-9365,WASHINGTON,DC,20555.0,M,Y,90000.0,9.0,,,1370.0
,Senator,F,208.0,,GLENNS FERRY,ID,83623.0,S,Y,,7.8,,,3300.0
Rehmi,,M,808.0,987-5206,HANALEI,HI,96714.0,M,,95000.0,8.25,0.0,2080.0,1040.0
Enshao,,M,769.0,,CLARA,MS,,S,Y,,,6000.0,0.0,1500.0
Isabelle,,M,602.0,775-1275,TEMPE,,85280.0,M,Y,100000.0,4.265,,4200.0,2300.0
Sasikumar,Sporl,M,918.0,,GRANDFIELD,OK,73546.0,S,,,6.25,,,0.0
Gay,Geldenhuys,F,240.0,,AVENUE,MD,,S,Y,,,2400.0,0.0,2400.0
Rain,Alblas,M,,319-3135,,AZ,85733.0,M,,20000.0,3.0249999,0.0,4200.0,2300.0
Anish,,M,769.0,,RULEVILLE,MS,,,Y,,,6000.0,0.0,1500.0
Ekawit,Rachui,M,939.0,,,PR,707.0,S,Y,,0.0,,,0.0
Xuedong,Schmidmaier,,912.0,,JONESBORO,GA,30236.0,,,,6.0,,,0.0
Sreekrishna,Sowerbutts,,203.0,159-3162,NEW HAVEN,CT,6537.0,,,50000.0,5.0,,,0.0
Ashesh,Vierhaus,F,928.0,,,AZ,,S,N,,,2100.0,0.0,0.0
Sudharsan,Yagati,M,,425-3701,,IL,62545.0,M,,75000.0,3.0,0.0,4000.0,0.0
Goli,Levenez,M,360.0,,,WA,98161.0,M,Y,,0.0,0.0,,0.0
Wiiliam,,F,620.0,909-3163,MANHATTAN,KS,66506.0,,,30000.0,6.45,0.0,4500.0,0.0
Zhaojun,Strausfeld,F,939.0,,,PR,766.0,S,Y,,0.0,,,0.0
Wilbur,Schrock,F,409.0,,,TX,78861.0,M,,,0.0,,,0.0
LouAnna,,,646.0,,SYRACUSE,,13290.0,M,Y,,,0.0,0.0,1000.0
Lissa,,F,603.0,,,,3225.0,M,N,,,0.0,0.0,0.0
Nada,Chetali,,302.0,184-5136,NEWARK,,19713.0,,N,60000.0,5.95,0.0,220.0,0.0
Ranjeev,,M,810.0,,FAIRVIEW,MI,,S,,,,3100.0,0.0,3100.0
Aiman,Granlund,,301.0,864-8217,CHILDS,MD,21916.0,M,N,15000.0,4.75,0.0,4800.0,0.0
Katrina,Vaschenko,,,393-4570,LAUREL,,39442.0,,N,60000.0,5.0,0.0,12000.0,0.0
Geri,Tusera,F,,332-7596,GORHAM,KS,67640.0,M,N,95000.0,6.45,0.0,4500.0,0.0
Hisako,Encarnacion,,410.0,796-4964,WORTON,MD,21678.0,M,N,25000.0,4.75,0.0,4800.0,0.0
Bian,Kroft,F,937.0,,,OH,,S,Y,,3.36759,1300.0,,1300.0
Guo,Pivkina,,419.0,,,OH,43402.0,S,Y,,2.8696666,,,1300.0
Moonhang,,M,702.0,,,,89015.0,M,Y,,,0.0,0.0,0.0
Jinseok,Brookman,,,422-7006,SUFFOLK,,23437.0,M,Y,75000.0,5.75,0.0,1800.0,900.0
Cyrano,Rayside,F,480.0,,,AZ,85214.0,S,Y,,2.9475,,,2300.0
Doyle,Wacholder,M,,309-8682,,CA,91601.0,M,Y,15000.0,3.0493855,0.0,174.0,272.0
Irene,Nakatake,M,308.0,,MONROE,,68647.0,,Y,,6.84,,,103.0
Atte,Rotger,M,939.0,,,PR,604.0,S,N,,0.0,,,0.0
Hartmann,Bert,,,305-2881,WASHINGTON,DC,20032.0,M,N,65000.0,9.0,0.0,2740.0,0.0
Natalio,Jezek,M,401.0,,,,2918.0,S,Y,,,0.0,0.0,0.0
Shuji,Lefering,,,411-3699,OAKFIELD,WI,53065.0,,,20000.0,4.7939067,0.0,,400.0
Ewald,Weener,M,406.0,652-5184,ENNIS,MT,59729.0,M,Y,70000.0,6.9,0.0,3800.0,1900.0
Govind,Rosneblatt,,240.0,995-3091,BOZMAN,MD,21612.0,M,N,50000.0,4.75,,,0.0
Seung,Alvey,,865.0,,,TN,37010.0,M,,,,0.0,0.0,0.0
Youquan,,,585.0,,FREEVILLE,NY,13068.0,M,Y,,,0.0,0.0,1000.0
Seiki,Yasuda,F,207.0,,LISBON,ME,,,,,,2850.0,0.0,0.0
Somkiat,Lalonde,F,939.0,,,PR,910.0,M,,,0.0,0.0,,0.0
,,,802.0,780-8311,BRIDPORT,VT,5734.0,M,Y,45000.0,3.9004214,0.0,6600.0,3300.0
Guozhen,Linebarger,M,425.0,,,WA,99119.0,S,N,,0.0,0.0,,0.0
Jacco,Viccari,,412.0,,,,19153.0,M,N,,,0.0,0.0,0.0
Ada,Taniar,M,217.0,950-1190,,IL,61060.0,M,Y,5000.0,3.0,0.0,4000.0,2000.0
Stephanie,Semmens,,240.0,,RAWLINGS,MD,21557.0,,,,4.75,,,2400.0
Nestoras,,,802.0,,WAITSFIELD,,5673.0,S,N,,,,0.0,0.0
Mor,Slahor,M,,607-5036,ALBUQUERQUE,,87158.0,M,N,70000.0,5.3,,,0.0
Stephanie,,F,775.0,,,NV,89411.0,M,,,,0.0,0.0,0.0
Mariemma,Omicini,,414.0,,LONG LAKE,,54542.0,,Y,,4.707031,,,400.0
Sreekumar,,M,701.0,,,ND,58244.0,S,,,,,0.0,0.0
Mariet,Mitoma,M,309.0,,,,61547.0,S,N,,3.0,,,0.0
Aksel,Shahrbabaki,F,339.0,,PLYMOUTH,MA,2361.0,,Y,,5.3,,,1000.0
Gopal,Cacciabue,F,913.0,,TORONTO,KS,,S,N,,,2250.0,0.0,0.0
Toshifumi,Rosin,,,508-4220,,OH,44081.0,M,,40000.0,1.8738205,,,0.0
Sergei,,F,605.0,,,SD,57370.0,M,,,,,0.0,0.0
,Ravn,,980.0,225-6844,REIDSVILLE,NC,27320.0,,Y,75000.0,7.305944,,,3300.0
Youichi,Bitton,M,,418-9884,MONUMENT,OR,97864.0,,N,55000.0,9.0,0.0,318.0,0.0
Narayanan,,,631.0,,ALBANY,,12260.0,S,Y,,,,0.0,1000.0
Salvador,Fauth,F,907.0,,,AK,99781.0,M,,,,0.0,0.0,0.0
Akihito,McClure,F,478.0,,BROOKS,GA,,S,N,,6.0,2700.0,,0.0
Sariel,Frattolillo,,304.0,834-2500,BUNKER HILL,WV,25413.0,M,,95000.0,6.5,0.0,4000.0,0.0
Stelios,,F,775.0,,,NV,89054.0,S,,,,0.0,0.0,0.0
Rashi,Sallet,,,536-1851,WASHINGTON,DC,20058.0,M,,70000.0,9.0,,,1370.0
Rogardt,,M,660.0,919-1600,BRECKENRIDGE,MO,64625.0,M,,70000.0,6.0,,4200.0,1200.0
Mihail,Salice,M,979.0,,,,78710.0,M,Y,,0.0,,,0.0
Toshiki,Pargaonkar,,848.0,,,NJ,8873.0,S,,,1.4,,,1500.0
Ken'ichi,Valtchev,,,519-4010,LAKE TOMAHAWK,,54539.0,,N,25000.0,4.880782,0.0,1400.0,0.0
Shem,Carleton,M,401.0,,,RI,2873.0,M,,,,0.0,0.0,0.0
Galen,Pinna,,304.0,,HELVETIA,WV,26224.0,S,N,,5.45,,,0.0
Priyadarshan,,,716.0,,BRANT LAKE,NY,12815.0,S,,,,,0.0,0.0
,,M,701.0,,,ND,,S,Y,,,3300.0,0.0,3300.0
Shervin,Trung,F,907.0,,,AK,99833.0,M,,,,0.0,0.0,0.0
Christian,,F,808.0,861-5372,HAKALAU,HI,96710.0,M,N,80000.0,8.25,0.0,2080.0,0.0
Hiroshi,,,712.0,115-4240,,IA,52223.0,M,Y,15000.0,2.479763,0.0,80.0,40.0
Mong,,M,580.0,677-9494,GOULD,,73544.0,M,Y,100000.0,6.25,0.0,2000.0,1000.0
Joylyn,Koshimizu,M,,348-3362,WRENTHAM,,2093.0,M,N,35000.0,5.3,0.0,,0.0
Ramesh,Vecchi,,,517-7352,BRUCE,MS,38915.0,M,,80000.0,5.0,0.0,12000.0,0.0
Pedro,,F,810.0,,VERMONTVILLE,,,S,Y,,,3100.0,0.0,3100.0
Weijia,Milgrom,M,,415-9008,PRINCETON,ID,83857.0,,,85000.0,7.8,,,0.0
Karthick,Benecke,,,628-1493,LOXLEY,,36551.0,,Y,60000.0,5.0,0.0,3000.0,300.0
Erann,,F,712.0,,MOUNT AUBURN,IA,,,N,,,40.0,0.0,0.0
Jeong,Mashey,,,479-4199,RIDGELY,,21681.0,,N,25000.0,4.75,0.0,,0.0
Xipeng,Hohenstein,,,624-1773,WASHINGTON,DC,20306.0,M,,35000.0,9.0,0.0,2740.0,0.0
Vladislav,,,803.0,875-7421,TILLMAN,SC,29943.0,M,,25000.0,7.0,0.0,6600.0,0.0
Mateo,Reusch,M,907.0,,,,99546.0,S,Y,,0.0,,,0.0
Kunwadee,Labisch,F,,442-5752,LAKESIDE,,59922.0,,Y,90000.0,6.9,0.0,,1900.0
Kapali,,,814.0,,,,18634.0,M,Y,,,0.0,0.0,0.0
,Leith,F,336.0,,GERTON,NC,,S,Y,,6.256993,3300.0,,3300.0
Shrikanth,,F,808.0,970-1209,HILO,HI,96721.0,,,50000.0,8.25,0.0,2080.0,0.0
Kazimir,,,631.0,,JAMAICA,,11431.0,,N,,,0.0,0.0,0.0
Lazaros,Bierbaum,,865.0,,,,37878.0,S,N,,,0.0,0.0,0.0
,Horiguchi,M,910.0,,CONCORD,NC,,S,,,,3300.0,0.0,3300.0
Clemens,,M,785.0,,PALCO,KS,,,N,,,2250.0,0.0,0.0
Tse,Cen,M,337.0,,ROSEPINE,LA,,,,,,4500.0,0.0,1000.0
Masaya,Constantineau,F,413.0,,LYNNFIELD,,,,N,,,3575.0,0.0,0.0
Yasutaka,,M,802.0,,,VT,,S,,,,3300.0,0.0,0.0
Jinzhao,Cestnik,F,928.0,,,,,S,Y,,,2100.0,0.0,2300.0
Andres,Kaib,M,971.0,,ANTELOPE,OR,,S,N,,,159.0,0.0,0.0
Yuan,Narin'ani,M,907.0,,,AK,99587.0,M,N,,0.0,,,0.0
Hazim,,,724.0,,,PA,15084.0,M,Y,,,,0.0,0.0
Kaname,,M,605.0,,,,57481.0,M,N,,,,0.0,0.0
Aashu,Dam,F,928.0,,MARANA,AZ,,,Y,,,2100.0,0.0,2300.0
Yanjie,,M,515.0,,COLESBURG,IA,,S,,,,40.0,0.0,40.0
Padma,Canepa,M,,627-1119,JEFFERSON CITY,,65109.0,,Y,100000.0,6.0,0.0,4200.0,1200.0
,,F,802.0,,,VT,,S,Y,,,3300.0,0.0,3300.0
Ramzan,Cowen,M,907.0,,,AK,99524.0,S,,,,0.0,0.0,0.0
Eiichi,,,585.0,,WEST BABYLON,NY,11707.0,M,N,,,,0.0,0.0
Hirotomo,Jarzembski,M,402.0,,NORTH BEND,NE,,,N,,,103.0,0.0,0.0
Debashis,,,515.0,938-7721,RAKE,IA,50465.0,,Y,70000.0,8.98,,80.0,40.0
Rand,,F,720.0,,AUSTIN,CO,81410.0,M,,,,,0.0,0.0
Usama,Kalkbrener,M,207.0,,WINTERPORT,ME,,S,,,,2850.0,0.0,2850.0
Narsingh,Obozinski,F,308.0,169-4171,ALMA,,68920.0,M,Y,65000.0,6.84,,,103.0
Periklis,,F,602.0,238-3653,CASA GRANDE,,85193.0,M,N,85000.0,4.0325,0.0,4200.0,0.0
Hirozumi,Hjelsvold,M,307.0,,,WY,82715.0,M,Y,,,0.0,0.0,0.0
Carey,Hanafy,F,304.0,,GREENVILLE,WV,,S,N,,,2000.0,0.0,0.0
Sotiris,Dervisoglu,M,304.0,,NORTH MATEWAN,WV,,,,,,2000.0,0.0,0.0
Iveta,Fayerman,,,509-9035,RIDGELY,,21682.0,,N,65000.0,4.75,0.0,4800.0,0.0
Healfdene,Lanphier,M,410.0,,OLNEY,MD,,,Y,,4.75,2400.0,,2400.0
,,M,701.0,,,ND,,S,,,,3300.0,0.0,3300.0
Dawn,Gumm,M,,315-4488,LEVERETT,MA,1054.0,,N,5000.0,5.3,0.0,7150.0,0.0
Richara,Hochsprung,,,639-1641,,NJ,8060.0,M,,95000.0,2.5828125,0.0,2000.0,1500.0
Deborah,,F,636.0,182-3220,CANALOU,MO,63828.0,M,N,80000.0,6.0,0.0,4200.0,0.0
Shelton,Plattner,F,206.0,,,WA,98444.0,M,,,0.0,,,0.0
Jaynarayan,Spier,,,473-4662,RADFORD,,24141.0,,N,90000.0,5.75,,,0.0
Benedita,Kennamer,M,406.0,,ASHLAND,MT,,S,N,,,1900.0,0.0,0.0
Sanjay,Pinchuk,M,,291-5551,SUN VALLEY,ID,83354.0,M,,10000.0,4.109693,,,0.0
Agenor,Guha,,860.0,153-5062,VERSAILLES,CT,6383.0,M,Y,85000.0,5.0,0.0,24500.0,0.0
Vishu,McNeese,F,323.0,,GARDEN GROVE,CA,,S,,,9.3,87.0,,0.0
Ahmed,Hamblen,,201.0,670-4491,,NJ,7657.0,M,N,65000.0,2.1096876,0.0,2000.0,0.0
Charlie,Negroponte,,,449-1248,KENTON,DE,19955.0,,Y,90000.0,5.95,,,110.0
Zorica,,F,605.0,,,SD,57658.0,S,N,,,0.0,0.0,0.0
Martina,Ouhyoung,,248.0,860-7587,NORTH STREET,,48049.0,,N,60000.0,3.9,,,0.0
Achim,Slisenko,M,858.0,,TRINITY CENTER,CA,96091.0,S,N,,9.3,,,0.0
Wilko,Pohm,F,939.0,,,PR,958.0,S,,,0.0,,,0.0
,,F,701.0,190-1300,,,58759.0,M,Y,45000.0,2.2773614,0.0,6600.0,3300.0
,,F,701.0,177-9755,,ND,58844.0,M,Y,80000.0,2.68309,,6600.0,3300.0
Mazen,Skeen,M,209.0,,ALBION,,95410.0,S,Y,,9.3,,,272.0
Mengchu,Jaklic,M,480.0,,,,,S,Y,,,2100.0,0.0,2300.0
Gul,,M,808.0,,HONOLULU,HI,96835.0,,N,,,,0.0,0.0
Honghai,Sanidas,M,401.0,,,RI,2842.0,S,Y,,0.0,,,0.0
Davi,Silcott,,304.0,955-8528,WIDEN,WV,25211.0,M,N,40000.0,5.1000004,,,0.0
,Soleimanipour,,980.0,,ROLESVILLE,NC,27571.0,,Y,,7.6206293,,,3300.0
Sigenobu,Leivent,M,860.0,,TOLLAND,CT,,S,,,5.0,12750.0,,0.0
Clifford,,F,605.0,,,SD,57793.0,S,N,,,0.0,0.0,0.0
Josiah,,M,574.0,,,,,S,N,,,1000.0,0.0,0.0
Yukiyasu,,M,702.0,,,NV,89108.0,M,N,,,0.0,0.0,0.0
Wop,Read,F,207.0,968-7324,WELD,ME,4285.0,M,,95000.0,8.5,,,2850.0
Hiroyuji,Kohlhase,F,410.0,,STEVENSVILLE,MD,,S,Y,,4.75,2400.0,,2400.0
Hla,Monnier,M,208.0,,KOOSKIA,ID,83539.0,,N,,7.8,,,0.0
Kyungcheol,,M,580.0,,WAPANUCKA,,,S,N,,,1000.0,0.0,0.0
Kostoula,,,662.0,658-3071,PONTOTOC,,38863.0,,Y,65000.0,5.0,0.0,12000.0,1500.0
Abhijeet,Sills,F,351.0,828-1333,PITTSFIELD,MA,1202.0,,N,50000.0,5.3,,,0.0
Shoham,Iline,M,205.0,,MONTGOMERY,AL,,,,,,1500.0,0.0,0.0
Cesar,Seghrouchni,M,913.0,,LAMONT,KS,66855.0,,N,,6.45,,,0.0
Wernhuar,,M,520.0,,,AZ,,S,,,,2100.0,0.0,0.0
Wilf,,F,787.0,,,PR,610.0,S,,,,0.0,0.0,0.0
Matthias,Rommel,,,402-1811,MACON,,31211.0,,Y,75000.0,6.0,,,3000.0
Yoshitaka,,M,605.0,,,SD,57536.0,M,N,,,0.0,0.0,0.0
Sigfus,Plus,,952.0,167-2097,CANYON,MN,55717.0,M,,100000.0,7.85,,,0.0
Cohavit,Barinka,M,918.0,,SWEETWATER,OK,,S,N,,,1000.0,0.0,0.0
Kiyomitsu,,M,505.0,138-9290,SUNSPOT,,88349.0,M,N,60000.0,5.3,0.0,6600.0,0.0
Amancio,Itzigehl,,856.0,952-3577,,NJ,8872.0,M,Y,80000.0,2.34625,0.0,2000.0,1500.0
Giorgios,Jokiniemi,,304.0,726-5187,IAEGER,WV,24844.0,,Y,65000.0,6.5,0.0,4000.0,2000.0
Sribalan,,F,713.0,,,TX,75241.0,M,,,,0.0,0.0,0.0
Petri,Ridoux,,862.0,,,,8071.0,S,Y,,1.5577083,,,1500.0
Carolina,Pulidas,,301.0,,LISBON,MD,21765.0,,Y,,4.75,,,2400.0
Torgrim,Blumrich,M,985.0,,,LA,,S,,,,4500.0,0.0,1000.0
Little,Bergevin,M,304.0,,CHARLESTON,,,S,Y,,,2000.0,0.0,2000.0
Jaejoo,Thamm,,901.0,,,,38316.0,M,Y,,,0.0,0.0,0.0
Cun,,F,605.0,,,SD,57541.0,S,Y,,,,0.0,0.0
Ibraheem,Orejas,M,907.0,,,AK,99801.0,M,N,,0.0,,,0.0
Gian,,,662.0,,UNION,MS,39365.0,S,Y,,,,0.0,1500.0
Mar,Flass,F,,336-4190,NEBRASKA CITY,,68410.0,,N,55000.0,6.84,0.0,206.0,0.0
Hyungjeong,Etalle,,234.0,656-1273,,OH,43028.0,M,Y,5000.0,0.712,0.0,2600.0,1300.0
Seongsoo,,F,620.0,,HOLYROOD,KS,,,,,,2250.0,0.0,0.0
Antione,Capri,F,309.0,163-1389,,IL,61811.0,M,N,90000.0,3.0,0.0,4000.0,0.0
Yun,Crampes,M,308.0,,STEINAUER,NE,,S,Y,,,103.0,0.0,103.0
Zhiyuan,,,765.0,796-3858,,IN,47838.0,M,Y,10000.0,3.4,,2000.0,1000.0
Adnan,Rosenquist,F,,336-9701,MARTHA,OK,73556.0,,Y,10000.0,6.25,,,1000.0
Nelleke,Pine,F,406.0,,PHILIPSBURG,,59858.0,,N,,6.9,,,0.0
Tzvi,,F,580.0,,DRUMMOND,OK,,S,,,,1000.0,0.0,0.0
Fai,Simon,M,314.0,,ALLENDALE,MO,64420.0,S,Y,,6.0,,,1200.0
Hongsheng,Quimby,,864.0,981-6320,GREENVILLE,SC,29605.0,M,N,35000.0,7.0,,,0.0
Gianpaolo,Weissberg,,386.0,,,FL,32668.0,S,N,,,0.0,0.0,0.0
Karim,Waldherr,M,404.0,,CUSSETA,,,S,N,,,2700.0,0.0,0.0
Khakhanian,,M,808.0,249-7834,HONOLULU,,96811.0,,Y,100000.0,8.25,0.0,2080.0,1040.0
Soklei,Backes,F,208.0,,MONTEVIEW,ID,,,,,,3300.0,0.0,3300.0
Montserrat,Peckham,,302.0,785-7998,WILMINGTON,,19896.0,M,Y,75000.0,5.95,,,110.0
Terresa,Klaeren,F,304.0,,LESAGE,WV,,,,,6.5,2000.0,,2000.0
Reima,,F,712.0,,,IA,,S,,,,40.0,0.0,40.0
Jack,,F,612.0,,SHELLY,,56581.0,S,Y,,,,0.0,3300.0
Gookhai,,M,501.0,,OZARK,AR,,,Y,,,20.0,0.0,20.0
Pao,Jacquet,,,282-2269,STANLEY,,50671.0,M,N,100000.0,8.98,0.0,80.0,0.0
Yasusuke,Relihan,M,,408-9991,WASCO,OR,97065.0,M,,45000.0,9.0,,,159.0
YaLing,Everling,,410.0,121-6739,MCDANIEL,MD,21647.0,,,70000.0,4.75,0.0,4800.0,2400.0
Gianluca,,,769.0,192-4759,WASHINGTON,MS,39190.0,M,Y,20000.0,5.0,0.0,12000.0,1500.0
Shunji,,M,603.0,,,NH,3251.0,M,,,,0.0,0.0,0.0
Shauying,Manber,M,425.0,,,WA,99111.0,M,,,0.0,0.0,,0.0
Krishnaiah,,,615.0,,,,37089.0,M,N,,,,0.0,0.0
Huisheng,,,734.0,151-1949,MAYVILLE,MI,48744.0,,N,30000.0,3.9,0.0,6200.0,0.0
Alfio,,,843.0,849-6480,CAMDEN,SC,29021.0,M,Y,85000.0,7.0,0.0,6600.0,3300.0
Jeong,,,571.0,728-4710,BLAIRS,,24527.0,M,N,50000.0,5.75,,1800.0,0.0
Kai,,M,662.0,,LELAND,,,,N,,,6000.0,0.0,0.0
Taesoon,Speirs,,914.0,,MELVILLE,NY,11775.0,,,,4.127439,,,1000.0
Junzhong,Pennino,,860.0,,SOUTH LYME,,6376.0,S,N,,5.0,,,0.0
Madhu,Streitz,,302.0,,WILMINGTON,,19893.0,S,Y,,4.927273,,,110.0
Farrokh,,F,787.0,,,PR,795.0,M,N,,,0.0,0.0,0.0
Myla,Rudmann,M,401.0,,,,2842.0,S,Y,,0.0,,,0.0
Nic,,,551.0,802-6488,,,7509.0,M,N,90000.0,2.5039582,0.0,2000.0,0.0
Sahibsingh,Benatallah,M,,535-6506,SAINT CLOUD,MN,56303.0,,,90000.0,7.85,0.0,6600.0,0.0
Oskari,Heidenreich,F,913.0,233-8406,MISSION,,66205.0,,Y,75000.0,6.45,0.0,4500.0,2250.0
Yuzuru,Keum,M,,407-7914,,IL,62836.0,M,N,20000.0,3.0,0.0,4000.0,0.0
Piyush,,,516.0,,GREENLAWN,NY,11740.0,S,N,,,,0.0,0.0
Daryl,,F,802.0,,,VT,,S,N,,,3300.0,0.0,0.0
Dennis,Marzano,M,,560-8477,HANOVER,KS,66945.0,M,N,65000.0,6.45,0.0,,0.0
Jayaram,Coe,M,414.0,,WOODWORTH,,,S,N,,,700.0,0.0,0.0
Fei,,F,606.0,,CANEYVILLE,KY,,S,N,,,20.0,0.0,0.0
Hoang,Iwanuma,M,425.0,,,WA,98261.0,S,Y,,,0.0,0.0,0.0
Shietung,Scherz,,,607-2275,STEVENSON,MD,21153.0,M,,100000.0,4.75,,,2400.0
Olin,,,646.0,,ROCHESTER,,14609.0,,Y,,,,0.0,1000.0
Carmelo,Delugach,M,,563-9576,BENTON,AR,72015.0,M,N,25000.0,6.16338,0.0,40.0,0.0
Tsz,,F,503.0,,CRESCENT LAKE,OR,,S,,,,159.0,0.0,0.0
,Inuo,F,,416-6567,CARLSBAD,,88220.0,M,Y,80000.0,5.3,0.0,6600.0,3300.0
Niko,,M,603.0,,,,3887.0,S,N,,,0.0,0.0,0.0
Ashley,Bhar,F,913.0,,WELLSVILLE,KS,,S,N,,,2250.0,0.0,0.0
Sheryl,Papadimitriou,,860.0,,GLASTONBURY,CT,6033.0,S,,,5.0,,,0.0
Avigdor,Salinas,F,907.0,,,AK,99643.0,M,N,,0.0,,,0.0
Juro,Delchamps,F,307.0,,,,82609.0,S,N,,,0.0,0.0,0.0
Pijush,,,732.0,981-6618,,NJ,8512.0,M,Y,75000.0,2.267396,0.0,2000.0,1500.0
Chialin,,F,808.0,,LAWAI,HI,,,Y,,,1040.0,0.0,1040.0
Ralf,Boshuizen,F,,436-4301,MAXWELL,NE,69151.0,,,15000.0,4.7976766,0.0,206.0,0.0
Yeonghwan,,,814.0,,,PA,18245.0,S,,,,0.0,0.0,0.0
Hilding,Talburt,M,208.0,118-8559,STITES,ID,83552.0,M,N,60000.0,7.8,0.0,6600.0,0.0
Sanping,Vahdat,F,270.0,,LOUISVILLE,KY,,,,,,20.0,0.0,0.0
Jock,,,631.0,,TUCKAHOE,,10707.0,S,Y,,,0.0,0.0,1000.0
Toshinori,Woch,F,337.0,792-1758,DUPONT,LA,71329.0,M,,20000.0,4.4,0.0,9000.0,0.0
,Andrade,M,208.0,,MCCALL,ID,,,,,,3300.0,0.0,3300.0
Timon,Pietracaprina,F,307.0,,,WY,82428.0,S,,,0.0,,,0.0
Shimeng,Ginzberg,F,361.0,,,TX,75713.0,S,,,,0.0,0.0,0.0
Tengku,Sievers,M,907.0,,,AK,99756.0,M,,,0.0,,,0.0
Okuhiko,Cronan,F,401.0,,,,2904.0,M,Y,,,0.0,0.0,0.0
Bede,,F,818.0,,CHICO,CA,95928.0,S,Y,,,,0.0,272.0
Kasidit,,M,787.0,,,,737.0,M,Y,,,0.0,0.0,0.0
Jade,McCrosky,M,216.0,,,,,S,N,,2.2057693,1300.0,,0.0
Assaf,,M,636.0,772-5683,KANSAS CITY,MO,64130.0,,N,95000.0,6.0,0.0,4200.0,0.0
Emma,Scanlan,F,307.0,,,WY,82401.0,M,N,,0.0,,,0.0
Tomlinson,Aikins,M,401.0,,,RI,2921.0,M,,,,0.0,0.0,0.0
Sivanarayana,Messina,F,956.0,,,TX,79117.0,M,,,0.0,,,0.0
Miloslav,Sutton,M,413.0,,BONDSVILLE,,1009.0,S,N,,5.3,,,0.0
Roldolf,Karunaratna,M,304.0,,NALLEN,WV,,,,,,2000.0,0.0,2000.0
Sybille,,M,712.0,,EXIRA,IA,,S,,,,40.0,0.0,0.0
Milon,,M,603.0,,,,3229.0,M,N,,,0.0,0.0,0.0
Naomi,Hervatic,F,262.0,,MIDDLETON,,,,Y,,,700.0,0.0,400.0
Prabuddha,Presso,,478.0,,ATLANTA,GA,30308.0,S,,,6.0,,,0.0
Youfang,Cromarty,F,915.0,,,TX,77995.0,M,Y,,,0.0,0.0,0.0
Zhonghui,Serafimovski,,202.0,711-8406,WASHINGTON,DC,20013.0,M,N,80000.0,9.0,,,0.0
,,M,701.0,,,,,S,Y,,,3300.0,0.0,3300.0
Christoper,Constantineau,F,406.0,,HELENA,MT,,S,Y,,,1900.0,0.0,1900.0
Crystal,Brodman,,,614-1240,MOBILE,AL,36603.0,,Y,70000.0,5.0,0.0,3000.0,300.0
Giorgos,Shiode,,410.0,,COOKSVILLE,MD,21723.0,S,N,,4.75,,,0.0
Charlotte,,F,559.0,,OAKLAND,CA,,,N,,,87.0,0.0,0.0
Rex,Yandle,F,207.0,,HOULTON,ME,,,,,,2850.0,0.0,2850.0
Sandhya,Cater,F,435.0,,SALT LAKE CITY,UT,,,,,,2475.0,0.0,0.0
Jihad,Bolsens,,,432-8759,TODDVILLE,,21672.0,M,Y,35000.0,4.75,0.0,4800.0,2400.0
Hanne,,M,816.0,731-4709,FREEMAN,MO,64746.0,M,Y,40000.0,6.0,0.0,4200.0,1200.0
Anisoara,,M,507.0,,WAITE PARK,MN,,S,N,,,3300.0,0.0,0.0
Leonor,,,731.0,,,,37774.0,M,Y,,,,0.0,0.0
Farid,,F,787.0,,,PR,674.0,M,N,,,,0.0,0.0
Khun,,F,504.0,,METAIRIE,,,,Y,,,4500.0,0.0,1000.0
Heinz,,,502.0,818-6901,CHAVIES,KY,41727.0,M,Y,75000.0,6.0,0.0,40.0,20.0
,,,802.0,849-4062,,VT,5649.0,M,,25000.0,3.6,0.0,6600.0,3300.0
Deepak,,,631.0,,BURKE,NY,12917.0,S,Y,,,0.0,0.0,1000.0
Djamila,Sergot,,207.0,929-6659,SOUTH BRISTOL,ME,4568.0,M,N,75000.0,8.5,,,0.0
,Badache,F,208.0,979-4341,SILVERTON,ID,83867.0,M,,85000.0,7.8,0.0,6600.0,3300.0
,Larus,F,,643-8712,REDROCK,NM,88055.0,,,55000.0,5.3,0.0,,3300.0
Manibrata,,F,520.0,,,,,S,N,,,2100.0,0.0,0.0
Rod,Pioli,,317.0,771-8566,,IN,46859.0,M,,100000.0,3.4,,,0.0
Savi,Merli,,,635-6959,GILMAN,CT,6336.0,M,,15000.0,5.0,,,0.0
Darel,,M,520.0,,,AZ,,S,N,,,2100.0,0.0,0.0
Georgia,Anogianakis,M,971.0,,FOSTER,OR,,S,N,,,159.0,0.0,0.0
Debasis,,F,507.0,,MILROY,MN,,,N,,,3300.0,0.0,0.0
Ronald,,,757.0,693-6730,BIG ROCK,VA,24603.0,M,,60000.0,5.75,0.0,1800.0,0.0
Donato,Simone,,202.0,724-6106,WASHINGTON,DC,20535.0,M,Y,90000.0,9.0,,,1370.0
Vojtech,Ashraf,M,208.0,,,ID,,S,,,,3300.0,0.0,0.0
Suryanarayana,Jenevein,M,334.0,,ANDERSON,AL,,S,,,,1500.0,0.0,300.0
Mathias,Bachenko,F,307.0,,,,82052.0,S,Y,,,0.0,0.0,0.0
Osman,Ruocco,,,508-3342,CLINTON TOWNSHIP,,48036.0,M,Y,40000.0,3.9,,,3100.0
Peigen,Polo,M,870.0,,TAYLOR,,71861.0,S,N,,7.0,,,0.0
Raschid,Guth,,301.0,144-2535,HAGERSTOWN,MD,21748.0,M,,30000.0,4.75,0.0,4800.0,0.0
Kendall,Gutz,M,307.0,,,,82801.0,M,Y,,,0.0,0.0,0.0
Rusell,Abdat,F,262.0,,HILLSBORO,WI,,,,,,700.0,0.0,400.0
,Luiz,,,584-7877,WILLOW RIVER,MN,55795.0,M,Y,60000.0,7.4572573,0.0,,3300.0
,,F,802.0,,,VT,,S,Y,,,3300.0,0.0,3300.0
Mansour,Waema,,,586-9303,SONTAG,,39665.0,M,Y,20000.0,5.0,0.0,12000.0,1500.0
Elke,Pericleous,M,,489-7080,MANOMET,MA,2345.0,,Y,50000.0,5.3,,,1000.0
,,,803.0,981-1288,MAULDIN,SC,29662.0,,Y,35000.0,7.0,0.0,6600.0,3300.0
Tirtza,Latta,F,308.0,791-6419,OMAHA,NE,68145.0,,,15000.0,4.7976766,0.0,,103.0
Toan,Coron,M,,401-6475,EDMOND,OK,73013.0,M,,60000.0,6.25,0.0,2000.0,0.0
Vera,Cat,F,323.0,,VALLECITO,CA,,S,,,,87.0,0.0,272.0
Schuichi,,,502.0,916-7769,,KY,42153.0,M,,5000.0,2.1111112,,40.0,0.0
Boyd,Frederiksen,F,304.0,,,WV,,S,Y,,,2000.0,0.0,2000.0
Hilary,Zochling,F,,618-6512,WOLF CREEK,OR,97497.0,M,Y,25000.0,9.0,0.0,318.0,159.0
Tadakazu,Eckstein,M,208.0,,HILL CITY,ID,,,,,,3300.0,0.0,0.0
Wolfram,Mayerwieser,F,260.0,,,IN,,S,,,3.4,1000.0,,1000.0
Vagan,,,814.0,,,PA,18924.0,S,,,,,0.0,0.0
Grover,,,732.0,962-8241,,NJ,8751.0,M,N,10000.0,1.4,0.0,2000.0,0.0
Franquiberto,,M,620.0,,,KS,,S,Y,,,2250.0,0.0,2250.0
Magdy,Solares,,302.0,,NASSAU,,19969.0,,N,,5.95,,,0.0
Chu,,M,701.0,,,ND,,S,N,,,3300.0,0.0,0.0
Kanad,,F,509.0,,,,98570.0,M,N,,,0.0,0.0,0.0
Adegbeniga,Ehrhard,F,401.0,,,RI,2893.0,M,Y,,,0.0,0.0,0.0
Rupal,,M,605.0,,,SD,57007.0,S,,,,,0.0,0.0
Jinhwan,,,484.0,,,,17375.0,S,Y,,,,0.0,0.0
Byeong,,,757.0,,SOMERSET,VA,22972.0,S,N,,,,0.0,0.0
Jiyun,Kubicek,M,301.0,,WESTOVER,,,S,N,,4.75,2400.0,,0.0
Yoad,Ginneken,M,202.0,,WASHINGTON,DC,,S,,,,1370.0,0.0,0.0
Shiwa,Oomachi,F,207.0,,,ME,4354.0,S,,,2.2135036,,,0.0
Sahrah,O'Dunlaing,M,480.0,,,AZ,85662.0,S,,,3.1799998,,,2300.0
Oliviero,Womann,M,314.0,235-4249,CAPE GIRARDEAU,,63701.0,M,Y,90000.0,6.0,0.0,4200.0,1200.0
Eelco,Unni,,906.0,898-7874,WILLIAMSBURG,MI,49690.0,M,N,55000.0,3.9,0.0,6200.0,0.0
Hirotaka,,F,605.0,,,SD,57772.0,S,N,,,0.0,0.0,0.0
Goang,Normark,F,425.0,,,WA,99347.0,S,N,,0.0,,,0.0
Ajay,Nittel,F,253.0,,,WA,98377.0,S,N,,0.0,,,0.0
Daron,Lazaro,M,,344-6999,LEESVILLE,LA,71496.0,,N,100000.0,6.0,0.0,,0.0
Darrel,Coron,F,228.0,,BILOXI,MS,,S,N,,,6000.0,0.0,0.0
Geard,,M,541.0,,WILBUR,OR,97494.0,S,N,,,,0.0,0.0
Shin,,,724.0,,,PA,16505.0,S,,,,0.0,0.0,0.0
Yiorgos,Beyers,,419.0,750-9117,,OH,45899.0,M,,90000.0,3.533564,0.0,2600.0,0.0
Melinda,Zellmann,F,939.0,,,,969.0,M,N,,,0.0,0.0,0.0
Ivor,Dao,M,,634-4872,RAGAN,,68969.0,,N,100000.0,6.84,0.0,206.0,0.0
Yuchen,Vaidyanathan,F,318.0,,NEW ORLEANS,LA,,,N,,,4500.0,0.0,0.0
Yuzhuo,Kinariwala,,,269-3703,LORMAN,MS,39096.0,,N,95000.0,5.0,0.0,12000.0,0.0
Synnove,Schwagereit,M,308.0,,NEWCASTLE,NE,68757.0,,,,6.84,,,0.0
,,M,802.0,,,VT,,S,Y,,,3300.0,0.0,3300.0
Dharmaraja,Bergeretti,,937.0,882-2465,,OH,43408.0,M,N,15000.0,1.0439488,0.0,2600.0,0.0
Hisashi,,M,505.0,976-7833,TIMBERON,NM,88350.0,M,N,70000.0,5.3,0.0,6600.0,0.0
Athomas,,M,787.0,,,PR,726.0,S,N,,,,0.0,0.0
Ergun,,F,603.0,,,NH,3237.0,S,N,,,,0.0,0.0
Arif,,F,832.0,,,TX,77286.0,M,Y,,,0.0,0.0,0.0
Meral,,,484.0,,,,15783.0,S,N,,,,0.0,0.0
Juan,,M,480.0,682-7019,,,85629.0,M,Y,20000.0,3.0249999,0.0,4200.0,2300.0
Hermina,,F,720.0,,CHEYENNE WELLS,CO,80810.0,M,N,,,,0.0,0.0
Jianjun,Cornard,,901.0,,,,38141.0,S,N,,,0.0,0.0,0.0
Yasmin,Ustimenko,,317.0,965-8517,,IN,47116.0,M,,65000.0,3.4,0.0,2000.0,0.0
Gertrud,,M,713.0,,,TX,78545.0,S,Y,,,0.0,0.0,0.0
Ibibia,Hovekamp,,,435-2912,WEST RIVER,MD,20778.0,M,Y,60000.0,4.75,0.0,4800.0,2400.0
Omid,Narasayya,M,,359-5060,HONOLULU,,96815.0,,Y,30000.0,6.447368,,,1040.0
Warwich,,F,541.0,,PORTLAND,OR,,,,,,159.0,0.0,0.0
Tilak,Vassilyev,M,,540-8164,SOUTH HUTCHINSON,KS,67505.0,M,,50000.0,6.45,0.0,4500.0,2250.0
Junxin,,,804.0,758-2417,NORFOLK,,23521.0,,Y,70000.0,5.75,0.0,1800.0,900.0
Oliviero,Wasacz,M,918.0,715-8424,PIEDMONT,,73078.0,,Y,75000.0,6.25,0.0,2000.0,1000.0
Brian,Ciompi,,321.0,,,FL,32781.0,S,Y,,,0.0,0.0,0.0
,Vinson,F,843.0,,COPE,,,S,Y,,,3300.0,0.0,3300.0
Ramkrishna,,,802.0,859-3243,,VT,5670.0,M,,35000.0,3.7014668,,6600.0,0.0
Pimitivo,,M,808.0,714-8061,PAHALA,HI,96777.0,,N,30000.0,6.447368,,2080.0,0.0
Huapeng,Bernfeld,M,939.0,,,PR,935.0,M,N,,,0.0,0.0,0.0
Xiaoshan,,M,775.0,,,NV,89418.0,M,,,,,0.0,0.0
Keijo,Aho,M,443.0,,SILVER SPRING,,,S,N,,,2400.0,0.0,0.0
,,M,701.0,,,ND,,S,,,,3300.0,0.0,3300.0
Aydin,Tash,M,936.0,,,TX,76020.0,M,Y,,,0.0,0.0,0.0
Fytton,Walrand,F,202.0,,WASHINGTON,DC,,S,N,,,1370.0,0.0,0.0
Sigurdur,,F,702.0,,,NV,89820.0,S,,,,,0.0,0.0
,Stary,M,218.0,173-8647,WARROAD,,56763.0,M,Y,80000.0,7.85,,,3300.0
Kailash,,,612.0,,LONSDALE,,55046.0,,N,,,,0.0,0.0
Ruven,,,609.0,154-9812,,NJ,7495.0,M,,90000.0,2.5039582,0.0,2000.0,0.0
,Jarzabek,,843.0,138-8085,COLUMBIA,,29225.0,M,Y,10000.0,5.752432,0.0,6600.0,3300.0
Tanji,,F,630.0,743-2102,,IL,61743.0,M,,100000.0,3.0,,4000.0,2000.0
Eduard,Penniman,,302.0,,HOUSTON,DE,19954.0,,Y,,5.95,,,110.0
,Mutch,M,208.0,143-2104,COEUR D ALENE,ID,83814.0,M,,80000.0,7.8,,,3300.0
Joep,Ochimizu,,,635-8687,BROAD BROOK,,6016.0,M,Y,60000.0,5.0,,,0.0
Bluma,Selwood,F,308.0,,GUIDE ROCK,NE,68942.0,S,N,,6.84,,,0.0
Michelene,Ushio,,251.0,224-2911,HELENA,,35080.0,M,Y,5000.0,5.0,0.0,3000.0,300.0
Vincente,,F,785.0,,,KS,,S,,,,2250.0,0.0,0.0
Hazim,Tyldesley,F,,361-2045,,CA,95667.0,M,Y,10000.0,1.869,0.0,174.0,272.0
Kenan,Slysz,M,,314-8034,,,86504.0,M,Y,75000.0,3.8775,,,2300.0
Shelia,,,502.0,941-7566,,KY,40215.0,M,,5000.0,2.1111112,,40.0,0.0
Bodhisattwa,,F,603.0,,,NH,3448.0,M,N,,,0.0,0.0,0.0
Lansing,Cohoon,M,978.0,768-9642,WINCHENDON,,1475.0,M,Y,30000.0,5.3,0.0,7150.0,1000.0
Asuman,Lenhof,M,970.0,,PINECLIFFE,CO,80471.0,,Y,,4.63,0.0,,0.0
Manoj,Riefers,,407.0,,,,33930.0,S,Y,,0.0,,,0.0
Kalappa,Pinchon,,202.0,,WASHINGTON,,20009.0,S,Y,,9.0,,,1370.0
Chengfeng,,M,787.0,,,PR,754.0,S,Y,,,0.0,0.0,0.0
Xuemei,,M,719.0,,SAN LUIS,CO,81152.0,,,,,0.0,0.0,0.0
Andree,,M,801.0,244-3581,SALT LAKE CITY,UT,84134.0,,N,45000.0,7.0,0.0,4950.0,0.0
Barnett,,M,719.0,,FREDERICK,CO,80530.0,S,N,,,,0.0,0.0
Idoia,,F,775.0,,,NV,89315.0,S,N,,,0.0,0.0,0.0
Noa,,M,618.0,,,,,S,N,,,2000.0,0.0,0.0
Anuj,Boudjlida,F,208.0,128-5202,ATLANTA,ID,83601.0,M,N,60000.0,7.8,0.0,6600.0,0.0
Samphel,Galtieli,,,591-9831,,OH,45314.0,M,,20000.0,1.2099231,0.0,2600.0,1300.0
Nahum,Sonnenschein,,304.0,,FOREST HILL,,24935.0,S,N,,6.5,,,0.0
Heekeun,,,715.0,162-7753,REDGRANITE,WI,54970.0,,Y,25000.0,4.880782,0.0,1400.0,400.0
Jingling,Latch,F,270.0,,COXS CREEK,,,S,Y,,5.166667,20.0,,20.0
Owen,Wray,M,859.0,,,,,S,Y,,,20.0,0.0,20.0
Jorma,,M,630.0,,,,62643.0,S,Y,,,,0.0,2000.0
Nelson,,,607.0,,WILLSEYVILLE,,13864.0,M,Y,,,0.0,0.0,1000.0
,Ehrenfeucht,M,,516-6096,HERNANDEZ,NM,87537.0,,,95000.0,5.3,0.0,6600.0,3300.0
Maitreya,Loborg,F,858.0,,GLENDALE,,,S,Y,,9.3,87.0,,272.0
Wenyu,,,563.0,802-5295,,IA,50013.0,M,,10000.0,1.7078737,0.0,80.0,40.0
Masashi,Gohara,,,417-6211,DES MOINES,,50391.0,M,Y,65000.0,8.98,0.0,80.0,40.0
Karell,Akkermans,F,435.0,151-2412,DEWEYVILLE,,84309.0,M,N,65000.0,7.0,0.0,4950.0,0.0
Filomena,,M,620.0,738-9203,ROSSVILLE,KS,66533.0,,Y,65000.0,6.45,,4500.0,2250.0
Ria,Breeding,,302.0,225-1436,,DE,19731.0,M,,15000.0,2.8818183,0.0,220.0,0.0
Yvan,,M,720.0,,ENGLEWOOD,CO,80151.0,S,Y,,,0.0,0.0,0.0
Surapant,Wadia,M,307.0,,,WY,82002.0,M,,,,0.0,0.0,0.0
Loretta,,F,702.0,,,,89036.0,M,Y,,,0.0,0.0,0.0
Alkiviadis,Pomykalski,F,405.0,155-2056,ENID,OK,73701.0,M,N,80000.0,6.25,,,0.0
Othar,Jansen,F,401.0,,,,2902.0,S,Y,,,0.0,0.0,0.0
Wenan,Linebarger,F,425.0,,,WA,98526.0,M,,,0.0,0.0,,0.0
Weiye,Obradovic,F,337.0,668-6572,BARATARIA,LA,70036.0,M,,60000.0,6.0,,,0.0
Constantin,Graef,F,939.0,,,PR,610.0,S,Y,,,0.0,0.0,0.0
,,F,701.0,,,ND,,S,Y,,,3300.0,0.0,3300.0
Ysmar,,M,712.0,,DOON,IA,,S,N,,,40.0,0.0,0.0
Garrison,Melville,M,,299-3925,TOQUERVILLE,UT,84774.0,M,Y,30000.0,7.0,,,2475.0
Raminder,Kruskal,,423.0,,,TN,37075.0,S,,,0.0,0.0,,0.0
Clinton,Radi,,860.0,261-4411,BROOKFIELD,CT,6804.0,M,N,40000.0,5.0,,,0.0
Pieter,Murli,F,417.0,987-8962,GAINESVILLE,MO,65655.0,M,N,45000.0,6.0,,,0.0
Jainendra,Burgert,M,225.0,756-1320,,,70097.0,M,N,5000.0,2.0,0.0,9000.0,0.0
Catarina,Hanratty,,207.0,852-4373,OQUOSSOC,ME,4964.0,,N,75000.0,8.5,0.0,5700.0,0.0
Jarmo,Merey,,202.0,,WASHINGTON,,20216.0,S,N,,9.0,,,0.0
Benton,,M,787.0,,,PR,977.0,S,N,,,0.0,0.0,0.0
Vitus,,M,702.0,,,NV,89402.0,M,,,,0.0,0.0,0.0
Van,Kalsbeek,F,316.0,956-5683,,KS,67667.0,M,,15000.0,3.5,0.0,4500.0,2250.0
Satosi,Brockmeyer,F,,493-7055,NEOTSU,OR,97364.0,,,45000.0,9.0,0.0,318.0,159.0
Sibabrata,Hogstedt,,920.0,971-3087,NICHOLS,WI,54152.0,,,5000.0,4.6,0.0,1400.0,400.0
Upender,Shreiber,,304.0,,,WV,25438.0,S,,,3.35,,,2000.0
Sadun,Sydow,F,314.0,895-4167,DUTZOW,MO,63342.0,M,,70000.0,6.0,,,1200.0
,Tsotsos,,336.0,781-7600,CHIMNEY ROCK,,28720.0,M,Y,45000.0,6.6765733,0.0,6600.0,3300.0
Aris,Shanblatt,,202.0,,WASHINGTON,DC,20521.0,S,N,,9.0,,,0.0
WonGye,Rozen,M,405.0,,BRAMAN,OK,74632.0,S,,,6.25,,,0.0
Sandi,Beilner,,,590-4873,WASHINGTON,DC,20500.0,M,,65000.0,9.0,0.0,2740.0,0.0
Prabhaker,,F,605.0,,,SD,57769.0,M,,,,0.0,0.0,0.0
Yongkyun,Schlenzig,F,,603-6205,NEW ORLEANS,LA,70161.0,,,90000.0,6.0,,,1000.0
Junxian,Leick,M,857.0,,WHITINSVILLE,,,S,N,,5.3,3575.0,,0.0
Tianruo,Yetim,M,309.0,,,IL,,S,,,,2000.0,0.0,2000.0
Allen,Canning,M,304.0,,CHARLESTON,WV,,S,N,,,2000.0,0.0,0.0
Weikai,Ionescu,F,309.0,923-5707,,IL,62670.0,M,,20000.0,3.0,0.0,4000.0,0.0
Premachandran,Bravoco,F,,270-1328,WORCESTER,MA,1605.0,M,,100000.0,5.3,0.0,7150.0,0.0
Raimonds,Sweldens,,276.0,,FREDERICKSBURG,VA,22404.0,S,,,5.75,,,0.0
Pieluigi,Schoder,,920.0,,BOYD,WI,54726.0,S,N,,5.488912,,,0.0
Mustafa,Jussien,,,441-9911,WASHINGTON,,20239.0,M,Y,50000.0,9.0,0.0,2740.0,1370.0
Brenda,Vazenin,F,939.0,,,PR,622.0,M,Y,,,0.0,0.0,0.0
Gyula,Rotics,,305.0,,,FL,33660.0,M,N,,0.0,,,0.0
Prateek,,F,509.0,,,WA,98520.0,M,,,,0.0,0.0,0.0
Jerome,,F,603.0,,,,3272.0,S,N,,,0.0,0.0,0.0
Sreenath,Heidenreich,M,307.0,,,WY,82513.0,M,,,,0.0,0.0,0.0
Aloys,,,706.0,,ATHENS,GA,30612.0,S,N,,,,0.0,0.0
Izidor,Videira,,,620-8503,,,46342.0,M,Y,45000.0,3.4,0.0,2000.0,1000.0
Joylyn,,M,804.0,,DYKE,,,S,N,,,900.0,0.0,0.0
Kishan,Piney,F,,309-4817,MILLIGAN,,68406.0,,Y,20000.0,5.685643,,,103.0
,Amarel,,864.0,746-7494,PINELAND,SC,29934.0,,Y,95000.0,7.0,0.0,6600.0,3300.0
Bhaskar,Hebden,F,,565-2645,,IL,62090.0,M,Y,25000.0,3.0,0.0,4000.0,2000.0
,Thier,F,208.0,165-5455,MONTPELIER,ID,83254.0,,,75000.0,7.8,0.0,6600.0,3300.0
Vaibhav,Knowles,M,208.0,,WINCHESTER,ID,,S,,,7.8,3300.0,,0.0
Quinn,Tobin,M,,367-3250,NEWCASTLE,ME,4553.0,,,90000.0,8.5,0.0,5700.0,0.0
Zhichen,Rips,,212.0,,WALLKILL,NY,12589.0,M,Y,,4.011585,,,1000.0
Sajal,Hokimoto,,207.0,855-6460,ALBION,ME,4910.0,M,,50000.0,8.5,0.0,5700.0,2850.0
Celso,Wouk,,302.0,821-3978,NEWARK,DE,19718.0,,N,40000.0,4.586364,0.0,220.0,0.0
Madeleine,Giacomo,,,267-7777,NEBO,,28761.0,,N,40000.0,6.571678,0.0,6600.0,0.0
Venkateswarlu,Chabrier,,207.0,962-3109,NEW PORTLAND,ME,4954.0,,,60000.0,8.5,0.0,5700.0,2850.0
Georgio,Flavell,F,360.0,,,WA,98351.0,M,N,,,0.0,0.0,0.0
Maxwell,Straney,,321.0,,,,33470.0,S,N,,0.0,,,0.0
Dave,Kirkova,F,302.0,,NEWARK,DE,,,N,,5.95,110.0,,0.0
Fenghua,Falkerngerg,F,260.0,,,IN,,S,Y,,,1000.0,0.0,1000.0
Gugjon,Bernatsky,M,417.0,,NEW FLORENCE,MO,,,Y,,,2100.0,0.0,1200.0
Akikazu,Bruckman,F,317.0,,,IN,,S,N,,,1000.0,0.0,0.0
Shin'ichi,,F,801.0,667-4338,LEVAN,UT,84639.0,,,20000.0,7.0,0.0,4950.0,0.0
Thibault,d'Argence,M,202.0,,WASHINGTON,DC,,S,,,,1370.0,0.0,0.0
Vinodh,Sonderegger,F,318.0,,,LA,70170.0,S,,,2.0,,,1000.0
Suranjan,Flich,M,301.0,,PYLESVILLE,MD,,,,,,2400.0,0.0,2400.0
Dirk,,F,603.0,,,NH,3890.0,S,Y,,,,0.0,0.0
Weichang,,,765.0,859-7246,,IN,46937.0,M,,70000.0,3.4,,2000.0,0.0
Abhijit,Kopetz,M,860.0,,FALLS VILLAGE,CT,,S,N,,5.0,12750.0,,0.0
Agusti,Iwayama,M,405.0,994-6185,RUFE,OK,74755.0,,Y,50000.0,6.25,0.0,2000.0,1000.0
Yousef,Flavell,F,413.0,916-6540,RANDOLPH,MA,2368.0,,N,15000.0,5.3,0.0,7150.0,0.0
Hanxiong,Pigeot,,334.0,,WOODLAND,AL,36280.0,S,N,,5.0,,,0.0
Jerrold,Orelup,,304.0,949-8730,GENOA,,25517.0,M,Y,100000.0,6.5,,,2000.0
Nax,Nagaya,M,337.0,,,,71315.0,S,Y,,2.0,,,1000.0
Joohack,Lesperance,F,401.0,,,,2891.0,S,N,,0.0,0.0,,0.0
Christipher,Woit,M,,450-6055,SAN FRANCISCO,CA,94147.0,,Y,85000.0,9.3,0.0,174.0,272.0
Ishwar,Stabl,,,454-7454,COOKSVILLE,,21723.0,M,N,25000.0,4.75,,,0.0
Shigeyuki,,F,505.0,,RODEO,NM,,,,,,3300.0,0.0,0.0
Sebastien,,F,774.0,166-6566,NORTH BROOKFIELD,MA,1535.0,,,70000.0,5.3,0.0,7150.0,1000.0
Ronan,Ackley,,865.0,,DECATURVILLE,TN,38329.0,S,,,,0.0,0.0,0.0
Sandy,Widjojo,F,,581-1011,,AZ,85932.0,M,,30000.0,3.1799998,0.0,4200.0,0.0
Misako,,F,512.0,,HOUSTON,,77005.0,,Y,,,0.0,0.0,0.0
Leonhard,Zolla,F,,548-3561,,,61710.0,M,Y,65000.0,3.0,0.0,4000.0,2000.0
Marcelo,Bochicchio,M,,463-3491,,,85717.0,M,Y,70000.0,3.8,0.0,4200.0,2300.0
Christo,,,727.0,,GRANDIN,FL,32138.0,S,N,,,,0.0,0.0
Akiko,,M,567.0,,,OH,,S,N,,,1300.0,0.0,0.0
Judith,,M,660.0,,,,,S,Y,,,2100.0,0.0,1200.0
Mingsen,,F,580.0,,TUTTLE,,,S,N,,,1000.0,0.0,0.0
Miron,,F,603.0,,BARNSTEAD,,3218.0,S,Y,,,0.0,0.0,0.0
Andras,Tomic,F,406.0,,BLACK EAGLE,MT,,S,Y,,,1900.0,0.0,1900.0
Ida,Pantano,M,,350-8929,NEW ORLEANS,LA,70145.0,,Y,45000.0,6.0,,,1000.0
Fatemeh,Bavuso,,864.0,768-9956,LOBECO,SC,29931.0,,N,20000.0,7.0,0.0,6600.0,0.0
Mengjou,,F,773.0,126-5768,,,62615.0,M,Y,45000.0,3.0,0.0,4000.0,2000.0
Lucio,,,727.0,,LAMONT,,32336.0,,N,,,,0.0,0.0
Bich,,,610.0,,,PA,19560.0,S,N,,,0.0,0.0,0.0
Euiseob,,M,660.0,,MORLEY,MO,,,N,,,2100.0,0.0,0.0
Rufus,Bruguera,F,253.0,,BELMONT,WA,99104.0,M,,,,0.0,0.0,0.0
Nectarios,,,610.0,,,,15067.0,S,Y,,,0.0,0.0,0.0
Paulo,Garidis,M,310.0,,,,,S,Y,,,87.0,0.0,272.0
Jinzhao,,F,801.0,,IVINS,,84738.0,,Y,,,,0.0,2475.0
Kadir,Hansgen,M,201.0,,,,,S,Y,,,1000.0,0.0,1500.0
Hayong,,F,618.0,,,IL,,S,N,,,2000.0,0.0,0.0
Gnanamalar,,,631.0,,STATEN ISLAND,NY,10309.0,S,N,,,0.0,0.0,0.0
Eyas,,F,636.0,,MISSOURI CITY,MO,,,Y,,,2100.0,0.0,1200.0
Won,McCay,M,435.0,,OGDEN,UT,,,,,7.0,2475.0,,2475.0
Yaoqing,Burnett,F,206.0,,ISSAQUAH,WA,98029.0,,,,,0.0,0.0,0.0
Liliane,,,812.0,907-5482,,,46619.0,M,N,90000.0,3.4,0.0,2000.0,0.0
Sanjoy,Giguere,F,320.0,780-9205,ULEN,MN,56585.0,M,,15000.0,5.35,0.0,6600.0,0.0
,Warschko,M,,593-3207,BAYVIEW,,83803.0,M,Y,20000.0,6.948391,0.0,6600.0,3300.0
Amalendu,Setliff,,,279-2373,STAMFORD,CT,6921.0,M,N,30000.0,5.0,,,0.0
Tareq,Everling,F,985.0,,WEST MONROE,LA,,S,,,,4500.0,0.0,1000.0
Eitan,Milberg,F,307.0,,LYMAN,WY,82937.0,,N,,0.0,,,0.0
Ziv,Ruthven,,203.0,,ROXBURY,CT,6783.0,,Y,,5.0,,,0.0
Kazufumi,,M,702.0,,RENO,,89521.0,,N,,,,0.0,0.0
Ivelin,,,570.0,,,,15143.0,S,Y,,,0.0,0.0,0.0
Eytan,,M,720.0,,VICTOR,CO,80860.0,M,Y,,,0.0,0.0,0.0
Julien,Mandell,M,304.0,,FANROCK,,,S,Y,,6.5,2000.0,,2000.0
Daoud,,F,567.0,,,OH,,S,Y,,,1300.0,0.0,1300.0
,Wood,,,425-9867,SPARTANBURG,SC,29304.0,M,Y,60000.0,7.0,0.0,6600.0,3300.0
Mitsuru,Kotlyar,,,283-3299,UNION,,4862.0,M,N,55000.0,8.5,0.0,,0.0
Angelo,Lecordix,,845.0,,EAST CONCORD,NY,14055.0,S,N,,4.475,0.0,,0.0
Chanjung,Moscato,,262.0,776-7641,GOODMAN,WI,54125.0,M,N,45000.0,5.228285,,,0.0
Deena,,,757.0,759-9353,ROANOKE,VA,24007.0,,Y,70000.0,5.75,0.0,1800.0,900.0
Biswanath,,M,602.0,209-7784,,AZ,85901.0,M,N,55000.0,3.5674999,,4200.0,0.0
Petko,Tasistro,F,413.0,,SCITUATE,,,,N,,,3575.0,0.0,0.0
Haichen,Hagmann,,,506-6968,TREVOR,WI,53179.0,M,Y,90000.0,6.010166,0.0,1400.0,400.0
,,M,808.0,697-9864,KAAAWA,HI,96730.0,,Y,40000.0,8.25,0.0,2080.0,
Benson,Dieng,F,308.0,,PONCA,NE,,,N,,,103.0,0.0,0.0
Anatole,,F,787.0,,SAN JUAN,PR,929.0,,Y,,,0.0,0.0,0.0
,,M,605.0,,WHITE LAKE,SD,57383.0,M,,,,0.0,0.0,
,,M,551.0,,,,,S,Y,,,1000.0,0.0,
,Kalsbeek,M,,481-4333,BEAR RIVER CITY,UT,84301.0,M,Y,10000.0,7.0,0.0,4950.0,
Amane,McMahan,F,406.0,992-6709,AUGUSTA,MT,59410.0,M,N,45000.0,6.9,0.0,,0.0
,Lynn,M,303.0,,MEREDITH,CO,81642.0,,,,4.63,0.0,,
Najmi,,F,501.0,,SOLGOHACHIA,,,S,Y,,,20.0,0.0,20.0
,Sloman,M,406.0,,,MT,59315.0,S,N,,2.3732758,,,
Theordore,,F,580.0,,PURCELL,OK,73080.0,,,,,,0.0,1000.0
Polina,Mertz,,229.0,,EPWORTH,GA,30541.0,S,,,6.0,,,0.0
Aniruddha,Colnari,F,406.0,658-7463,LIVINGSTON,MT,59047.0,,N,15000.0,6.9,0.0,3800.0,0.0
Eckart,,F,620.0,,PECK,KS,67120.0,,N,,,,0.0,0.0
,,M,508.0,,SOUTHBRIDGE,MA,,S,N,,,3575.0,0.0,
Lofti,Menhoudj,F,915.0,,ROCKPORT,,78382.0,,N,,0.0,,,0.0
Yahiko,Cannell,F,401.0,,PROVIDENCE,RI,2905.0,,,,,0.0,0.0,0.0
,Desbois,M,870.0,691-3668,FISHER,AR,72429.0,M,,90000.0,7.0,0.0,40.0,
,,M,701.0,,,,58757.0,S,N,,,,0.0,
,,M,505.0,,SILVER CITY,NM,,S,,,,3300.0,0.0,
Mihaly,,F,702.0,,BUNKERVILLE,,89007.0,S,N,,,,0.0,0.0
Yezdi,Dervin,F,,532-5621,ROSEBURG,OR,97470.0,,,55000.0,9.0,0.0,318.0,0.0
,,M,787.0,,VEGA BAJA,PR,694.0,S,N,,,0.0,0.0,
,Zaimov,,908.0,896-6706,,NJ,8403.0,M,Y,30000.0,1.5577083,0.0,2000.0,
Conrad,,F,734.0,,AU TRAIN,MI,,S,N,,,3100.0,0.0,0.0
,,M,580.0,167-5707,TULSA,,74102.0,M,N,60000.0,6.25,0.0,2000.0,
,Orlowski,,434.0,,HENRICO,VA,23288.0,S,N,,5.75,,,
,Laubscher,M,,635-6007,WEST MILLBURY,MA,1586.0,M,N,5000.0,5.3,0.0,,
,,M,608.0,,MINDORO,,,,N,,,700.0,0.0,
Brajesh,Ehrenberger,F,985.0,,BENTON,LA,,S,Y,,,4500.0,0.0,1000.0
Changsheng,Ber,,931.0,,KNOXVILLE,TN,37997.0,,Y,,,0.0,0.0,0.0
Nelson,Kari,,,466-4964,WINTERTHUR,,19735.0,M,N,100000.0,5.95,0.0,220.0,0.0
,,,678.0,809-8464,MONTEZUMA,GA,31063.0,,N,100000.0,6.0,0.0,5400.0,
Gradimir,Kitaev,F,304.0,,,WV,,S,N,,3.0,2000.0,,0.0
Lior,,F,801.0,,MONUMENT VALLEY,,,,Y,,,2475.0,0.0,2475.0
Heungsoon,Husain,F,,451-3523,SANTA MONICA,CA,90405.0,,N,50000.0,9.3,0.0,174.0,0.0
,Haass,M,,288-5542,NEW ORLEANS,LA,70166.0,,N,50000.0,6.0,0.0,9000.0,
,Kontio,,,327-3156,,OH,43935.0,M,Y,100000.0,3.8655128,0.0,,
,Karczmarczuk,F,336.0,,OAK RIDGE,,,,Y,,,3300.0,0.0,3300.0
Kyosun,,,615.0,,WARTRACE,,37183.0,S,Y,,,,0.0,0.0
Gustovo,Hagmann,F,480.0,,,AZ,,S,Y,,,2100.0,0.0,2300.0
,Lamping,,,549-8343,CHESTERFIELD,,23832.0,M,N,90000.0,5.75,0.0,,
Keiichi,Tanniru,,989.0,880-6233,MACATAWA,,49434.0,,N,100000.0,3.9,0.0,6200.0,0.0
Gwenole,,,631.0,,SEAFORD,NY,11783.0,,Y,,,,0.0,1000.0
Krzyszfof,Zarate,F,360.0,,MOSSYROCK,,98564.0,,N,,,0.0,0.0,0.0
Miodrag,Priol,F,,473-4126,ELLENDALE,,56026.0,M,N,25000.0,5.5895944,,,0.0
,Baum,,878.0,,,,19134.0,M,N,,,0.0,0.0,
Gaofeng,Serbanati,,302.0,,FRANKFORD,DE,19945.0,S,Y,,5.95,,,110.0
Jasmina,Lutrell,F,251.0,,TANNER,,,S,Y,,5.0,1500.0,,300.0
Fumitaka,Schang,F,939.0,,BAYAMON,PR,960.0,S,N,,0.0,,,0.0
Hujun,,,732.0,933-3092,,NJ,7105.0,M,N,60000.0,2.0308332,0.0,2000.0,0.0
,Christmansson,M,478.0,,BAINBRIDGE,GA,,S,,,,2700.0,0.0,
,Nagamachi,,919.0,,BRYSON CITY,,28713.0,S,Y,,7.201049,,,
Vuk,,F,660.0,,THEODOSIA,MO,65761.0,S,,,,,0.0,1200.0
,Malama,M,401.0,,PAWTUCKET,RI,2860.0,,N,,0.0,0.0,,
,Delcoigne,F,,566-2519,,,58781.0,M,Y,15000.0,2.1,0.0,6600.0,3300.0
Terresa,,F,808.0,,EWA BEACH,HI,,S,,,,1040.0,0.0,0.0
,Noice,M,307.0,,FORT LARAMIE,,82212.0,M,Y,,0.0,,,
Satyan,Martschew,F,256.0,,SAINT STEPHENS,AL,,,,,5.0,1500.0,,300.0
,Biss,F,,508-5514,,ND,58783.0,M,,25000.0,2.1,0.0,6600.0,3300.0
,Serafimovski,M,208.0,,MERIDIAN,,83680.0,,N,,7.8,,,
,Beyers,M,,487-8360,FOREST CITY,,64451.0,M,N,50000.0,6.0,0.0,4200.0,
Arupratan,,F,801.0,,SALT LAKE CITY,UT,,,N,,,2475.0,0.0,0.0
,Suwunboriruksa,M,925.0,,LONG BEACH,CA,90807.0,,,,9.3,,,
Wook,,F,520.0,674-2122,,AZ,85737.0,M,,5000.0,2.87,0.0,4200.0,0.0
Vanio,,F,701.0,992-6915,,ND,58102.0,M,,75000.0,2.6251287,0.0,6600.0,0.0
,Worz,M,939.0,,BAJADERO,,616.0,S,N,,,0.0,0.0,
,Bryce,M,337.0,,CHALMETTE,,,S,Y,,,4500.0,0.0,
Vlad,,F,781.0,,BOSTON,MA,,S,,,,3575.0,0.0,1000.0
,Cosoroaba,M,401.0,,GREENE,RI,2827.0,M,N,,,0.0,0.0,
Tsvi,Hertweck,F,336.0,,GREENSBORO,NC,,S,,,,3300.0,0.0,0.0
Neta,Pinkas,,,642-6152,ONTARIO,,54651.0,,Y,65000.0,5.575788,,,400.0
,Strausfeld,,215.0,,,PA,17375.0,M,,,3.07,,,
,Kitaev,,,382-6378,WEST HAVEN,,6516.0,M,Y,75000.0,5.0,0.0,,
,,M,701.0,929-1458,,ND,58759.0,M,,35000.0,2.161439,,6600.0,
Ludwik,Gecseg,F,206.0,,YAKIMA,,98904.0,M,Y,,,0.0,0.0,0.0
,,M,603.0,,ATKINSON,,3811.0,S,Y,,,0.0,0.0,
,,M,701.0,,,ND,,S,Y,,,3300.0,0.0,
,,M,787.0,,SAN JUAN,PR,939.0,,N,,,,0.0,
,,M,706.0,,CONLEY,,,S,N,,,2700.0,0.0,
Brenda,,F,808.0,,HONOLULU,HI,96803.0,,N,,,,0.0,0.0
,,M,517.0,,GROSSE ILE,MI,,S,Y,,,3100.0,0.0,
,,M,785.0,876-2064,SCRANTON,KS,66537.0,,,90000.0,6.45,0.0,4500.0,
,,,601.0,814-2303,JACKSON,MS,39250.0,,N,85000.0,5.0,0.0,12000.0,
,DuBourdieux,,262.0,160-2118,MENOMONEE FALLS,WI,53051.0,,,65000.0,5.575788,0.0,1400.0,
Chiakang,Praus,,229.0,795-5479,HARTSFIELD,GA,31756.0,M,N,50000.0,6.0,,,0.0
,,M,719.0,,BETHUNE,,80805.0,S,Y,,,0.0,0.0,
,Margenstern,M,952.0,,MADISON LAKE,,,,N,,5.35,3300.0,,
,,,706.0,769-1512,JENKINSBURG,GA,30234.0,,N,85000.0,6.0,,5400.0,
,Slaman,,865.0,,READYVILLE,,37149.0,,Y,,0.0,,,
Charu,Inuo,F,302.0,,WILMINGTON,DE,,S,N,,,110.0,0.0,0.0
Linore,Tsunakawa,F,251.0,,SAMANTHA,,,,N,,,1500.0,0.0,0.0
,Valenzano,,,591-3966,HARTFORD,,6141.0,M,N,70000.0,5.0,0.0,24500.0,
Weizhen,Peshkin,F,307.0,,TIE SIDING,WY,82084.0,S,,,0.0,,,0.0
,,M,503.0,181-9721,FAIRVIEW,OR,97024.0,M,Y,45000.0,9.0,0.0,318.0,
,Ambroszkiewicz,M,,438-7588,WABASH,AR,72389.0,M,N,90000.0,7.0,0.0,40.0,
,,M,816.0,,SAINT JOSEPH,MO,,,Y,,,2100.0,0.0,
,,,678.0,,ATLANTA,GA,31146.0,S,Y,,,,0.0,
,Adomavicius,M,202.0,,WASHINGTON,DC,,S,Y,,,1370.0,0.0,
Gino,Backus,,202.0,769-5919,WASHINGTON,DC,20594.0,M,Y,95000.0,9.0,0.0,2740.0,1370.0
,,M,620.0,,UNIONTOWN,,66779.0,S,N,,,,0.0,
Alix,,F,541.0,184-2649,SAINT HELENS,OR,97051.0,,N,70000.0,9.0,0.0,318.0,0.0
,Abdulazizoglu,,,357-3810,RANDOLPH,WI,53957.0,,,15000.0,4.707031,0.0,1400.0,
Dowming,Stanfill,F,210.0,,HEREFORD,TX,79045.0,S,Y,,0.0,,,0.0
,Iseli,M,479.0,133-6417,NORTH LITTLE ROCK,AR,72118.0,,,65000.0,7.0,0.0,40.0,
,,M,719.0,,PADRONI,CO,80745.0,,,,,,0.0,
Ilana,Ritzmann,F,939.0,,MERCEDITA,PR,715.0,,N,,0.0,,,0.0
,,M,804.0,,MEADOWS OF DAN,VA,,,Y,,,900.0,0.0,
,,M,520.0,,PHOENIX,AZ,,,,,,2100.0,0.0,
Mimmo,Trystram,,218.0,692-6077,MAPLE PLAIN,,55579.0,,N,35000.0,6.1232123,0.0,6600.0,0.0
,Balasubrahmanyam,,989.0,875-5899,EUREKA,,48833.0,M,Y,55000.0,3.9,0.0,6200.0,
Marta,Worona,F,401.0,,WARWICK,,2888.0,S,Y,,,0.0,0.0,0.0
,,,715.0,125-9881,STODDARD,WI,54658.0,M,N,55000.0,5.4020367,,1400.0,
Vikram,,F,702.0,,LAS VEGAS,NV,89164.0,,,,,0.0,0.0,0.0
Hiryoung,Gurzhiv,F,,353-5362,AMHERST,NH,3031.0,S,Y,,,0.0,0.0,0.0
,Schlenzig,,,335-1383,CHARLOTTE HALL,MD,20622.0,S,,,4.75,,,
Rose,Glowinski,F,,589-5078,RUTLEDGE,AL,,,,,,1500.0,0.0,300.0
Britton,,F,720.0,978-6013,ROLLINSVILLE,CO,80474.0,,N,,,0.0,0.0,0.0
Aurelio,,,765.0,730-2315,,IN,47836.0,S,Y,,,,0.0,1000.0
,Pesotchinsky,M,,559-4629,MC KINNON,,82938.0,,N,,0.0,,,
Mordechay,Tedijanto,F,435.0,948-3118,PARK CITY,,,,N,,,2475.0,0.0,0.0
Stefania,,F,773.0,715-5833,,IL,60448.0,M,,90000.0,3.0,0.0,4000.0,2000.0
Chaim,Hogstedt,F,,364-2954,PARCEL RETURN SERVICE,DC,56902.0,,N,30000.0,9.0,0.0,2740.0,0.0
,Keohane,,864.0,897-9385,CHARLESTON,,29402.0,M,N,35000.0,7.0,0.0,6600.0,
,Rahmeh,M,,576-7040,MANTUA,UT,84324.0,,Y,65000.0,7.0,,,
,Hjelsvold,F,,572-8345,,,,S,Y,,,3300.0,0.0,3300.0
Oscal,,F,712.0,117-8498,ALLERTON,,,S,N,,,40.0,0.0,0.0
,,F,505.0,133-7164,,NM,88130.0,M,,5000.0,1.7,0.0,6600.0,3300.0
,Dratva,M,307.0,799-9238,BASIN,WY,82410.0,S,,,,0.0,0.0,
,,M,803.0,226-2794,CHARLESTON,SC,,S,,,,3300.0,0.0,
Cameron,Oehlmann,F,,309-2891,THERMAL,CA,92274.0,M,N,35000.0,7.7709284,,,0.0
Gaylin,,F,806.0,,BRIDGE CITY,TX,77611.0,S,N,,,0.0,0.0,0.0
Joao,,F,720.0,,IDAHO SPRINGS,,80452.0,,Y,,,0.0,0.0,0.0
Jacek,,,646.0,,BRONX,,10461.0,M,Y,,,,0.0,1000.0
Vijnan,Yemeni,F,339.0,954-6233,NORTH UXBRIDGE,MA,1538.0,,,80000.0,5.3,0.0,7150.0,1000.0
,,,716.0,655-1394,RUSHFORD,,14777.0,,N,,,0.0,0.0,
Sajjad,Kajihara,,,510-5694,HELENWOOD,TN,37755.0,M,,,,0.0,0.0,0.0
,Gabalda,M,406.0,979-3944,HELENA,MT,,S,Y,,,1900.0,0.0,
Channing,Shimohata,F,,583-8735,LAS VEGAS,NV,89144.0,,N,,0.0,,,0.0
Norma,Trumbly,F,,387-5195,AGUADA,,602.0,M,Y,,,0.0,0.0,0.0
,Forker,,202.0,124-8761,WASHINGTON,DC,20071.0,M,,5000.0,4.5,0.0,2740.0,
,Duggan,M,307.0,787-5304,OSAGE,WY,82723.0,,,,,0.0,0.0,
,Uren,,,640-8099,ROCHESTER,MN,55904.0,,N,40000.0,6.3900213,0.0,6600.0,
Dani,,F,801.0,834-4727,ELMO,UT,84521.0,S,N,,,,0.0,0.0
Mallika,,F,602.0,977-6107,,,85251.0,M,N,40000.0,3.335,0.0,4200.0,0.0
,Shebanow,M,480.0,162-4799,,AZ,85626.0,S,N,,3.7224998,,,
Khatoun,Bijlsma,F,,408-9809,STEVENS POINT,,,S,N,,,700.0,0.0,0.0
,Herlea,M,,623-7582,VALDEZ,,99686.0,M,N,,,0.0,0.0,
Gigliola,Etiemble,F,307.0,255-3383,CHEYENNE,WY,82006.0,S,Y,,,0.0,0.0,0.0
,Sekino,M,,546-1863,SANDY,UT,84093.0,,N,,7.0,,,
,Iacobetz,M,,582-4304,SOMIS,,,S,Y,,,87.0,0.0,
,Birtle,M,,624-6278,BAYAMON,PR,956.0,S,Y,,,0.0,0.0,
,Musinski,M,,435-4007,NEEDHAM HEIGHTS,MA,2494.0,,Y,,5.3,,,
,Pioli,M,,270-7432,FAIRBANKS,AK,99710.0,M,,,0.0,,,
Vera,,,814.0,951-8173,,PA,18601.0,S,,,,0.0,0.0,0.0
Nirmal,Yano,,,275-3259,POWNAL,,5261.0,,N,80000.0,4.5967627,0.0,6600.0,0.0
,Skronn,M,907.0,799-4817,PELICAN,AK,99832.0,,,,0.0,,,
,,M,618.0,820-3845,,,61737.0,S,Y,,,,0.0,
Jovanna,Vandenbroeck,,,492-9668,DILLE,,26617.0,M,N,90000.0,6.5,0.0,4000.0,0.0
,Franckson,M,864.0,913-3297,COLUMBIA,SC,,S,Y,,,3300.0,0.0,
Guna,,,712.0,750-8247,OTLEY,IA,50214.0,,Y,40000.0,6.339211,,80.0,40.0
,Simajiri,,,456-5285,PINETOWN,,27865.0,,Y,,7.515734,,,3300.0
,Daskalakis,M,406.0,930-9274,HAYS,MT,,S,,,,1900.0,0.0,
Constance,Holmback,F,202.0,885-7786,WASHINGTON,DC,,S,Y,,,1370.0,0.0,1370.0
,Levenez,,,443-4080,HOLYOKE,MN,55749.0,,,100000.0,7.85,0.0,,
,Nordahl,M,939.0,816-2196,AGUADILLA,,605.0,M,Y,,0.0,,,
,Eckstein,M,972.0,780-5173,CORPUS CHRISTI,,78402.0,M,N,,,0.0,0.0,
,,M,520.0,179-8340,,AZ,,S,,,,2100.0,0.0,
Zhengyan,Kandogan,F,,568-8136,,IL,62469.0,M,Y,95000.0,3.0,0.0,4000.0,2000.0
,Lodderstedt,,,539-7079,PENDLETON,SC,29670.0,,N,25000.0,7.0,0.0,,
Nabeel,Malama,F,308.0,891-6396,GIBBON,,,S,Y,,6.84,103.0,,103.0
,Canto,,,359-9677,BRILLION,WI,54110.0,M,,95000.0,6.097042,0.0,1400.0,
Yingjia,,F,775.0,809-5282,JEAN,NV,89026.0,,,,,0.0,0.0,0.0
,,M,816.0,177-4434,HIGGINSVILLE,MO,64037.0,,,25000.0,6.0,0.0,4200.0,
,Schurfeld,,202.0,967-9251,WASHINGTON,DC,20235.0,S,Y,,6.75,,,
,Castan,M,,324-6870,ENCAMPMENT,WY,82325.0,S,,,,0.0,0.0,
,Epstein,M,234.0,959-5187,,OH,,S,N,,,1300.0,0.0,
Graziella,Grillner,F,,412-8141,BLANDING,UT,,S,N,,,2475.0,0.0,0.0
,Lindqvist,M,,464-1351,,AZ,85930.0,M,Y,30000.0,3.1799998,0.0,,
Emran,Legat,F,928.0,964-7467,,AZ,85017.0,M,Y,5000.0,2.87,0.0,,2300.0
Pramode,,F,719.0,713-6828,DENVER,CO,80218.0,M,,,,0.0,0.0,0.0
Naomichi,Castellani,,,499-7539,WASHINGTON,,20208.0,M,Y,5000.0,4.5,0.0,2740.0,1370.0
Qiuming,,,678.0,127-4594,CONYERS,GA,30094.0,M,,65000.0,6.0,0.0,5400.0,3000.0
Herkimer,Ciardo,F,,422-5846,CHROMO,CO,81128.0,S,Y,,,0.0,0.0,0.0
Fiora,Whitley,,,529-3649,,KY,40579.0,M,Y,10000.0,2.3888888,0.0,40.0,20.0
,Bruss,M,,396-7573,LILBOURN,MO,,,N,,,2100.0,0.0,
,Nagata,M,907.0,193-8852,LAKE MINCHUMINA,AK,99757.0,,,,0.0,,,
,Burnell,M,,340-4242,PORTLAND,,,,Y,,,159.0,0.0,
,Hasida,M,928.0,225-4391,,AZ,86438.0,M,,15000.0,2.9475,0.0,4200.0,
,Liberman,M,,434-8506,POYNETTE,WI,,,Y,,5.3151608,700.0,,
Neil,Muhammad,F,,270-6925,SAN LUIS,,85349.0,,N,,3.955,,,0.0
,Ikehata,M,401.0,751-5942,JAMESTOWN,RI,2835.0,,,,,0.0,0.0,
Jusung,Smetana,,203.0,995-9185,,,6770.0,S,N,,3.0,,,0.0
,Garratt,M,907.0,690-7436,EIELSON AFB,AK,99702.0,M,,,,0.0,0.0,
,Gladman,,919.0,147-8732,GREENSBORO,NC,27402.0,M,N,90000.0,7.6206293,0.0,6600.0,
,Luchangco,M,,283-8150,WASHINGTON,,,S,Y,,9.0,1370.0,,
,,M,757.0,151-6066,STUART,VA,,S,,,,900.0,0.0,
,Salverda,M,337.0,726-7370,ALEXANDRIA,LA,71309.0,S,Y,,6.0,,,
Gurindar,,F,571.0,221-2985,HENRICO,VA,,S,N,,,900.0,0.0,0.0
,Mahboob,M,218.0,150-6799,LAKE LILLIAN,MN,56253.0,,N,65000.0,7.724066,0.0,,
,Ragland,M,253.0,924-7201,REDONDO,WA,98054.0,,N,,0.0,,,
,Anastasakis,,,296-5379,,,19310.0,S,N,,,0.0,0.0,
,,M,603.0,780-7616,WATERVILLE VALLEY,NH,3215.0,S,Y,,,0.0,0.0,
,Cho,M,,449-4698,DANNEBROG,,68831.0,M,N,25000.0,6.5736103,0.0,206.0,
,Lafora,M,907.0,943-8921,PILOT POINT,AK,99649.0,,Y,,0.0,0.0,,
,Thoreson,M,406.0,943-7715,MOORE,MT,,,N,,,1900.0,0.0,
,Maarek,M,,557-9137,LOREAUVILLE,LA,70552.0,,N,30000.0,6.0,0.0,,
Shona,Jaklic,F,,471-8317,HOUSTON,DE,,,,,,110.0,0.0,0.0
Boman,Farrel,F,,527-4556,,LA,70500.0,M,N,15000.0,2.8,0.0,9000.0,0.0
Yinghua,Jesty,,,551-8445,LITTLE ROCK,MS,39337.0,,,80000.0,5.0,0.0,12000.0,0.0
,Brutlag,F,,647-1674,,ND,58601.0,M,Y,25000.0,2.1,0.0,6600.0,3300.0
,Greenbaum,M,916.0,909-6924,WALNUT CREEK,CA,94596.0,M,,60000.0,9.3,0.0,174.0,
Chengchang,Onaga,F,,604-8458,DOVER,AR,72837.0,S,Y,,7.0,,,20.0
Goutam,Tada,F,,579-6513,WESTMORELAND,NH,3467.0,S,N,,0.0,,,0.0
Choong,,F,605.0,933-8018,NORRIS,SD,57560.0,,Y,,,0.0,0.0,0.0
,Faulstich,,917.0,735-4167,GARDEN CITY,NY,11599.0,S,,,,0.0,0.0,
,Chaudhuri,M,,625-2532,SWEEDEN,KY,,S,Y,,,20.0,0.0,
Shawna,Kuemmerle,,,401-8102,,OH,43228.0,M,,100000.0,3.8655128,0.0,,1300.0
Juraj,Parisotto,,,464-6905,,,17880.0,S,N,,3.07,,,0.0
,Prodiner,,954.0,168-9838,ORLANDO,,32817.0,,Y,,0.0,,,
,Mizunuma,,,369-1347,GREENWOOD,SC,29648.0,S,N,,7.0,,,
,Akaboshi,M,307.0,116-5246,LYSITE,WY,82642.0,,,,,0.0,0.0,
Zhaohua,,F,808.0,961-3511,,HI,96854.0,S,N,,,,0.0,0.0
Rajendra,Desai,,,305-2938,MOSSY HEAD,FL,32434.0,,,,,0.0,0.0,0.0
,Leibs,,,283-3916,GRENADA,MS,38901.0,M,N,90000.0,5.0,0.0,,
,Osisek,M,,335-7038,COLTON,WA,99113.0,M,N,,0.0,,,
,Partsch,M,,344-9656,RANTOUL,,66079.0,,N,35000.0,6.45,,,
,Pirenne,M,,577-7032,LEWISTON,UT,84320.0,,N,35000.0,7.0,,,
Pieter,Bernardeschi,,,599-9332,,PA,16871.0,M,Y,,,0.0,0.0,0.0
Furio,Jameel,F,224.0,693-3387,,IL,60083.0,M,N,55000.0,3.0,0.0,4000.0,0.0
Deanna,Kessler,F,870.0,749-5363,,AR,,S,N,,,20.0,0.0,0.0
,Zahir,M,425.0,242-9400,AMBOY,,98601.0,S,N,,,0.0,0.0,
April,Gregg,F,203.0,122-7966,FARMINGTON,CT,,S,Y,,,12750.0,0.0,0.0
Shalosh,Purdin,F,360.0,951-9873,OROVILLE,WA,98844.0,,,,0.0,,,0.0
JoAnne,,,567.0,810-5958,,,44505.0,S,Y,,,,0.0,1300.0
,,M,808.0,849-8561,,HI,96705.0,S,,,,,0.0,
,,,563.0,970-1673,MONTPELIER,IA,52759.0,,N,75000.0,8.98,,80.0,
,,,802.0,178-8170,,VT,5360.0,S,N,,,,0.0,
,Hanakawa,M,,278-7483,SOUTH HARWICH,,2661.0,M,Y,45000.0,5.3,0.0,7150.0,
,Piitulainen,M,,316-4892,SAVERY,WY,82332.0,,Y,,0.0,,,
Kei,,F,617.0,729-4484,BOLTON,,1740.0,S,N,,,,0.0,0.0
,Czap,,414.0,675-7621,PARK FALLS,WI,54552.0,,Y,100000.0,6.183918,0.0,1400.0,
,Gutmann,M,479.0,850-2983,WESTERN GROVE,AR,,S,,,,20.0,0.0,
,,M,720.0,868-5672,DRAKE,CO,80515.0,S,N,,,0.0,0.0,
,Molenkamp,,860.0,862-8492,PEQUABUCK,CT,6781.0,,,,5.0,,,
Anselm,Rajkumar,F,,589-4330,HAINES,AK,99827.0,M,Y,,0.0,,,0.0
,Corso,M,,443-2214,NEW ORLEANS,LA,,,,,,4500.0,0.0,
,Bodlaender,,386.0,763-3407,NORTH FORT MYERS,,33917.0,,N,,,0.0,0.0,
Donia,,F,720.0,121-4380,OURAY,CO,81427.0,,N,,,0.0,0.0,0.0
,Gierz,M,,370-3470,GREENLEAF,ID,83626.0,M,N,20000.0,6.948391,0.0,6600.0,
,Poli,,270.0,730-1930,TOMPKINSVILLE,KY,42167.0,S,Y,,6.0,,,
,Anker,M,971.0,651-8850,PORTLAND,,97225.0,,N,5000.0,7.4102564,0.0,318.0,
,Lutzeler,M,425.0,784-2764,OLYMPIA,,98502.0,,Y,,0.0,0.0,,
Thiel,Halker,F,,569-5318,,AZ,85648.0,M,,55000.0,3.5674999,0.0,4200.0,0.0
,Mussehl,M,401.0,753-3732,SAUNDERSTOWN,RI,2874.0,,N,,0.0,,,
Krista,McCallum,F,401.0,750-7616,FORESTDALE,,2824.0,M,Y,,0.0,0.0,,0.0
,Veevers,M,985.0,111-1074,DRY PRONG,LA,71423.0,M,,50000.0,6.0,0.0,9000.0,
,Langtangen,,313.0,774-9949,DETROIT,,48268.0,M,N,85000.0,3.9,0.0,,
,McNaught,M,,454-2579,HATILLO,,659.0,S,Y,,0.0,0.0,,
,Zingoni,,,584-2380,,,5672.0,M,N,25000.0,3.6,0.0,6600.0,
,Poix,M,,439-7604,WYNONA,OK,74084.0,M,,50000.0,6.25,,,
,Yamaashi,M,,570-1236,NEW CASTLE,DE,,,Y,,,110.0,0.0,
,Eldridge,M,,554-4569,,,,S,N,,,1300.0,0.0,
Vladdimir,Zunino,,,276-8464,WASHINGTON,DC,20057.0,M,,95000.0,9.0,0.0,2740.0,0.0
,Bail,,270.0,943-9402,,KY,41256.0,M,Y,20000.0,2.9444444,0.0,40.0,
,Evett,F,,420-5058,WATERTOWN,MN,,S,Y,,,3300.0,0.0,3300.0
,Rahmstorf,,865.0,978-5112,MOUNT JULIET,,37122.0,,N,,0.0,,,
,Ramsak,,,474-2732,,PA,16550.0,S,,,3.07,,,
Chahab,Rauscher,,,454-9821,ENGELHARD,NC,27824.0,S,N,,6.256993,,,0.0
,Remy,M,,332-3558,CENTRAL FALLS,RI,2863.0,S,,,0.0,,,
Yasufumi,Khamsi,F,,526-6869,SARATOGA SPRINGS,UT,84045.0,,,45000.0,7.0,0.0,4950.0,0.0
Bashir,Leifker,F,,645-8953,BOULDER,CO,80304.0,M,Y,,4.63,0.0,,0.0
,Messner,,256.0,799-9307,BOOTH,AL,36008.0,M,N,60000.0,5.0,,,
Masateru,,F,701.0,183-1925,,,58231.0,M,N,40000.0,2.2194002,0.0,6600.0,0.0
,Lecce,M,,359-5731,ROBERSONVILLE,NC,,,,,7.410839,3300.0,,
,Zuidweg,M,401.0,961-5986,WOONSOCKET,,2895.0,S,Y,,,0.0,0.0,
Yinlin,Radovic,,262.0,136-6829,BANGOR,WI,54614.0,S,,,5.4020367,,,0.0
,Lores,M,,304-4981,MARTINSDALE,MT,59053.0,,,90000.0,6.9,0.0,,
Madeleine,,F,678.0,857-5355,NORWOOD,,,,Y,,,2700.0,0.0,3000.0
,Ostertag,,302.0,716-8256,,DE,19806.0,M,Y,10000.0,2.540909,,,
Omri,Noah,,,418-7614,RHINELANDER,,54501.0,,Y,,6.183918,,,400.0
,Steinauer,,,613-1178,MONTGOMERY,AL,36121.0,,N,75000.0,5.0,,,
,Rodier,M,479.0,670-2902,NORTH LITTLE ROCK,AR,72190.0,,Y,60000.0,7.0,,,
Annalina,Laqua,F,,432-6278,FLORA VISTA,NM,87415.0,M,N,60000.0,5.3,0.0,,0.0
,Roetter,,,406-6330,HENRIETTA,,28076.0,M,Y,10000.0,6.0,,,
,Nova,M,,479-6610,CLEARMONT,WY,82835.0,M,N,,0.0,,,
Supot,Ehrenberger,,305.0,204-1443,DUNNELLON,FL,34434.0,M,,,,0.0,0.0,0.0
,Minet,M,401.0,254-6276,ASHAWAY,RI,2804.0,M,,,0.0,,,
Weikai,Handelman,F,,410-2680,GOLD RUN,CA,,S,,,,87.0,0.0,0.0
Saydean,Janusz,,276.0,677-7654,DULLES,VA,20189.0,M,,20000.0,5.75,0.0,1800.0,0.0
,Masini,M,,586-8838,CENTERVILLE,,2634.0,M,N,70000.0,5.3,0.0,,
,Holdridge,M,,590-2152,DURHAM,,3824.0,M,Y,,,0.0,0.0,
Nuno,Cleveland,,,483-7990,BATH,,29816.0,M,N,20000.0,7.0,0.0,6600.0,0.0
Anya,Setiz,F,314.0,186-3050,BONNE TERRE,MO,63628.0,M,N,85000.0,6.0,,,0.0
,Isbell,M,405.0,874-8775,NASHOBA,OK,,,N,,,1000.0,0.0,
Surnjani,Nadas,F,913.0,185-3020,ELK FALLS,KS,67345.0,M,,90000.0,6.45,,,2250.0
Richards,Holldobler,F,307.0,125-5737,ENCAMPMENT,WY,82325.0,S,,,,0.0,0.0,0.0
,Shilcrat,,219.0,796-8082,,,47335.0,M,Y,40000.0,3.4,,,
Fangzhen,Leece,,920.0,935-6597,ALTOONA,WI,54720.0,M,Y,35000.0,5.0545335,0.0,,400.0
,Schilz,,,576-8223,LAND O LAKES,WI,54540.0,,,,4.7939067,,,
,Gorz,M,,410-4868,ALBION,,2802.0,S,N,,,0.0,0.0,
Audrey,,F,713.0,835-6955,MALONE,TX,76660.0,,N,,,0.0,0.0,0.0
,,F,651.0,175-1048,OUTING,MN,,,Y,,,3300.0,0.0,3300.0
,Azadmanesh,M,406.0,710-8190,BUTTE,MT,,S,,,,1900.0,0.0,
Akeo,Mistrik,F,857.0,109-3366,AMHERST,MA,1002.0,M,N,55000.0,5.3,,,0.0
Stephanie,Hikichi,F,,338-5216,,ND,,S,,,,3300.0,0.0,0.0
,Madanlal,M,208.0,120-5917,MERIDIAN,ID,,,,,7.8,3300.0,,
,Wigderson,M,907.0,188-3118,HYDABURG,AK,99922.0,,,,,0.0,0.0,
,Kwatra,M,435.0,206-5677,SALT LAKE CITY,,84184.0,,Y,15000.0,7.0,0.0,,
Sentot,Fleck,F,915.0,155-4579,POINT COMFORT,TX,77978.0,,,,,0.0,0.0,0.0
,,M,503.0,836-6218,PORTLAND,OR,97213.0,,,,,,0.0,
Yanxiang,Sybre,,856.0,114-4955,,NJ,7440.0,S,,,2.5039582,,,1500.0
Williams,,F,501.0,789-3538,WOOSTER,AR,72181.0,M,,85000.0,7.0,0.0,40.0,20.0
Roya,Tasiemski,,,629-5601,,WV,26568.0,M,,15000.0,3.35,0.0,4000.0,0.0
,Honglei,M,,455-5425,EL PASO,TX,88555.0,M,N,,,0.0,0.0,
,Streett,M,,552-7957,WEST KINGSTON,RI,2892.0,M,N,,0.0,,,
,Benn,M,435.0,177-3104,KANARRAVILLE,UT,84742.0,,,55000.0,7.0,0.0,4950.0,
Gabriella,,,769.0,226-9537,ROME,MS,38768.0,,N,75000.0,5.0,,12000.0,0.0
,Groger,M,334.0,820-1004,TUSCALOOSA,AL,,S,N,,,1500.0,0.0,
Fenia,Pagter,F,,584-6560,ENCAMPMENT,WY,82325.0,M,Y,,0.0,,,0.0
,,F,843.0,166-9655,BLACKSTOCK,SC,,S,,,,3300.0,0.0,3300.0
,Herget,,,388-7156,MAGNOLIA,DE,19962.0,,N,90000.0,5.95,0.0,220.0,
,Tishby,M,308.0,923-9231,TILDEN,NE,,S,,,,103.0,0.0,
,Brookman,,,336-4539,STATHAM,,30666.0,M,N,15000.0,6.0,0.0,5400.0,
,Lindenbaum,M,,296-4874,ALCESTER,SD,57001.0,M,Y,,0.0,0.0,,
Jacobijn,Pokoski,,,291-7032,WATERFORD,,6386.0,S,N,,5.0,,,0.0
,Kodek,,,275-7250,,VT,5067.0,M,,40000.0,3.800944,0.0,,
Ayal,,F,660.0,844-9547,WINIGAN,MO,63566.0,M,N,70000.0,6.0,0.0,4200.0,0.0
,Hogarth,M,,539-2970,WEED,,88354.0,M,Y,95000.0,5.3,0.0,6600.0,
Vivek,Zagha,,,410-4008,ATLANTA,GA,30345.0,M,,40000.0,6.0,0.0,5400.0,0.0
Shauchi,Gilmore,F,,580-1957,,NJ,,S,,,,1000.0,0.0,0.0
Bevin,Arthan,F,,473-3819,BIG FALLS,WI,,S,Y,,,700.0,0.0,400.0
,Dorrscheidt,M,,368-8767,KENNEBEC,SD,57544.0,,,,,0.0,0.0,
Kahoru,VanderMeer,F,,485-2059,OLNEY,,76374.0,,N,,,0.0,0.0,0.0
Zeynep,,F,636.0,918-8082,TINA,MO,64682.0,S,Y,,,,0.0,1200.0
,Anderaa,M,205.0,871-5759,SYCAMORE,AL,,S,,,,1500.0,0.0,
,,,662.0,979-8670,MONEY,MS,38945.0,,N,,,,0.0,
Michun,Ariola,F,973.0,915-9597,,,,S,Y,,,1000.0,0.0,1500.0
Gad,,F,630.0,120-7393,,IL,61747.0,M,Y,35000.0,3.0,0.0,4000.0,2000.0
,Metais,,,463-3970,WILLIAMSTON,SC,29697.0,S,,,7.0,,,
Shaygan,,,717.0,697-5208,,PA,15485.0,M,,,,,0.0,0.0
Mehdi,,F,787.0,104-9737,ANASCO,,610.0,S,Y,,,0.0,0.0,0.0
,Angele,M,,560-6313,ELMWOOD,NE,68349.0,M,N,75000.0,6.84,0.0,206.0,
Kensaku,Tsvetovat,F,,453-3111,EDGERTON,,,S,N,,,3300.0,0.0,0.0
Bostjan,,F,605.0,817-5205,IRENE,SD,57037.0,,N,,,0.0,0.0,0.0
,Ascher,M,,279-7669,,,,S,Y,,,1000.0,0.0,
,Laurinolli,,,430-2457,,,19195.0,S,N,,3.07,0.0,,
,,M,513.0,970-2551,,,,S,Y,,,1300.0,0.0,
,Ghenassia,M,,516-9746,FRESNO,CA,,S,Y,,,87.0,0.0,
Seichi,Reiprich,,,461-7152,MONKTON,VT,5469.0,,,65000.0,4.298331,,,0.0
,,M,580.0,111-1313,MOUNDS,OK,74047.0,,,40000.0,6.25,,2000.0,
,Atluri,M,,311-5419,WATSON,LA,70786.0,M,,95000.0,6.0,0.0,9000.0,
Surajit,Coyne,F,253.0,225-7364,REDONDO,WA,98054.0,,,,,0.0,0.0,0.0
Muralidharan,Glanzel,F,,399-4110,STEAMBOAT SPRINGS,,80488.0,S,N,,,0.0,0.0,0.0
,Feldmesser,M,202.0,779-7737,WASHINGTON,DC,,S,Y,,,1370.0,0.0,
Friedrich,Dostal,,973.0,788-5327,,NJ,8823.0,M,Y,35000.0,1.6365625,0.0,2000.0,1500.0
,Handel,F,,306-9340,DONNELLY,ID,83615.0,M,Y,20000.0,6.948391,0.0,6600.0,3300.0
,Tomic,M,443.0,229-9922,SANDY SPRING,MD,,,N,,,2400.0,0.0,
,Hooman,M,207.0,245-7421,FORT FAIRFIELD,ME,,S,Y,,,2850.0,0.0,
Derek,Rueda,,850.0,897-2397,MICANOPY,FL,32667.0,,N,,0.0,,,0.0
,,M,808.0,709-8627,ANAHOLA,HI,96703.0,M,,25000.0,5.546053,0.0,2080.0,
,Mezei,M,401.0,131-2923,RIVERSIDE,RI,2915.0,,,,0.0,,,
,Carls,M,,393-9436,BETTLES FIELD,AK,99726.0,M,Y,,,0.0,0.0,
Yeow,,F,802.0,140-8555,,VT,,S,,,,3300.0,0.0,0.0
,Gadbois,M,,511-9628,KLAWOCK,AK,99925.0,,N,,,0.0,0.0,
,,,612.0,213-4302,SAINT PAUL,,55130.0,,Y,40000.0,6.3900213,0.0,6600.0,3300.0
Brailey,Haack,,,577-4333,,DE,19805.0,M,Y,10000.0,2.540909,0.0,220.0,110.0
Naomi,Emond,,,574-7527,CENTERBROOK,,6409.0,M,Y,20000.0,5.0,0.0,24500.0,0.0
Xiahua,Sikic,F,351.0,916-4996,PINEHURST,MA,1866.0,,,45000.0,5.3,,,1000.0
Fumiya,,,724.0,900-8041,,PA,15635.0,S,N,,,0.0,0.0,0.0
Zhengyan,Baafi,,302.0,123-9610,HOUSTON,DE,19954.0,,Y,80000.0,5.95,0.0,220.0,110.0
Huu,Thiel,F,,423-9504,ROANOKE,VA,,,Y,,,900.0,0.0,900.0
Phenil,Kuhnemann,F,435.0,874-5310,WOODRUFF,,84086.0,M,Y,35000.0,7.0,0.0,,2475.0
,Miremadi,,,320-3969,LAKE LURE,NC,28746.0,,,,7.6206293,,,
,,M,603.0,674-4077,JEFFERSON,,3583.0,,N,,,0.0,0.0,
,Bogomolov,M,,557-5229,HOTCHKISS,CO,81419.0,,N,,,0.0,0.0,
,,,502.0,134-8873,,,40533.0,M,Y,30000.0,3.5,0.0,40.0,
Prentiss,Parmakson,,973.0,676-4167,,NJ,7481.0,S,,,1.4,,,0.0
Marzena,Kuzuoka,,319.0,766-1607,GRAND RIVER,,50108.0,M,Y,85000.0,8.98,0.0,,40.0
,Klusch,,,469-8711,CAMBRIDGEPORT,VT,5141.0,M,N,60000.0,4.1988535,0.0,,
,Urponen,M,,270-9835,JAROSO,CO,81138.0,,,,,0.0,0.0,
Vikraman,Jarwala,F,,295-7615,SIMMS,MT,,S,,,,1900.0,0.0,0.0
Seinosuke,Hollenberg,F,307.0,738-2344,FREEDOM,WY,83120.0,S,,,,0.0,0.0,0.0
Shaibal,Baudin,F,210.0,786-4680,DUNCANVILLE,TX,75138.0,M,,,,0.0,0.0,0.0
Lukas,Tuuliniemi,F,,356-3176,HOQUIAM,,98550.0,,N,,,0.0,0.0,0.0
Jonny,Seppanen,F,,600-6727,KIRBY,,82430.0,,Y,,0.0,,,0.0
Vials,Tzannes,F,360.0,909-7182,PE ELL,WA,98572.0,,,,,0.0,0.0,0.0
Saroja,Lorho,F,,582-8051,UNIVERSAL CITY,CA,91608.0,M,,100000.0,9.3,0.0,,0.0
,Hudlicka,M,860.0,182-5307,WOODSTOCK VALLEY,CT,,S,,,,12750.0,0.0,
Xue,,F,605.0,984-1343,FLANDREAU,SD,57028.0,M,,,,0.0,0.0,0.0
Carme,Hassin,F,,502-9637,PRESCOTT,AZ,,,N,,,2100.0,0.0,0.0
Gadi,Muntz,F,,612-7553,WHITE CITY,OR,97503.0,S,Y,,9.0,,,159.0
Francis,Vries,F,864.0,650-3759,KERSHAW,SC,,,Y,,,3300.0,0.0,3300.0
,Crivelli,,256.0,875-1965,WOODSTOCK,AL,35188.0,M,,75000.0,5.0,0.0,3000.0,
,Xiaocong,M,,622-4599,CATAWBA,,,S,N,,,3300.0,0.0,
Gabi,Marchegay,F,,568-9816,,OH,,S,N,,2.2057693,1300.0,,0.0
John,,F,702.0,972-9079,BOULDER CITY,,89005.0,M,Y,,,,0.0,0.0
Jihie,Tavangarian,F,,426-1980,YELLOWSTONE NATIONAL PARK,,82190.0,M,N,,,0.0,0.0,0.0
,,M,787.0,240-4935,SAN JUAN,PR,931.0,,Y,,,0.0,0.0,
Elias,,F,603.0,209-9800,CENTER TUFTONBORO,NH,3816.0,M,Y,,,0.0,0.0,0.0
Guillem,D'Ambra,F,,616-8948,WHITE RIVER,SD,57579.0,S,Y,,,0.0,0.0,0.0
,Hajnal,M,253.0,710-5305,MALAGA,WA,98828.0,,N,,,0.0,0.0,
Georgios,Newbery,,,307-1140,,OH,44328.0,S,N,,1.2099231,,,0.0
,Rotem,M,,318-2876,KALISPELL,,59904.0,,N,,6.9,,,
Pil,Belz,F,,385-7205,MONROE,LA,71210.0,,Y,80000.0,6.0,0.0,9000.0,1000.0
,,M,763.0,952-1324,SARTELL,MN,56377.0,,Y,,,,0.0,
Jitian,Gregoire,F,,284-9196,WINTER PARK,,80482.0,S,Y,,,0.0,0.0,0.0
LuoQuan,Ebeling,F,,601-9754,,,,S,Y,,,1000.0,0.0,1500.0
Constantin,Sendrier,,,313-7707,NEPTUNE BEACH,FL,32266.0,,N,,0.0,,,0.0
,,M,787.0,830-2074,VILLALBA,,766.0,S,N,,,0.0,0.0,
,Dinstein,,443.0,155-7607,HAGERSTOWN,MD,21742.0,M,,30000.0,4.75,0.0,4800.0,
,,,606.0,755-7383,,KY,40270.0,S,,,,,0.0,
Hans,Lanzi,F,864.0,778-7191,CLEMSON,SC,,S,Y,,7.0,3300.0,,3300.0
Lawrence,Boynton,,202.0,716-2444,WASHINGTON,,20575.0,M,Y,90000.0,9.0,0.0,2740.0,1370.0
,,M,630.0,962-8849,,IL,61080.0,M,,10000.0,3.0,0.0,4000.0,
,Fastenbauer,M,,590-9123,GLENDALE,RI,2826.0,S,Y,,,0.0,0.0,
,,M,701.0,206-1920,,ND,,S,,,,3300.0,0.0,
,,M,603.0,670-4855,CENTER SANDWICH,NH,3227.0,M,Y,,,0.0,0.0,
Candida,Castella,F,,270-7250,COLVILLE,WA,99114.0,M,Y,,,0.0,0.0,0.0
,Elihai,M,260.0,109-8604,,IN,,S,,,,1000.0,0.0,
,Aluru,M,,403-3186,PLATTE CENTER,,68653.0,,Y,70000.0,6.84,0.0,206.0,
,Bahi,M,,455-6239,MANCHESTER,VT,,,Y,,,3300.0,0.0,
Beatriz,Groz,F,,275-8946,OLDHAM,SD,57051.0,,Y,,,0.0,0.0,0.0
,Cavin,,,574-8354,,IN,47854.0,M,N,50000.0,3.4,0.0,2000.0,
,Siprelle,M,,437-8813,HOUSTON,,77074.0,,N,,0.0,,,
,Layer,M,,361-9905,,,,S,Y,,3.4,1000.0,,
,,M,541.0,655-4724,CASCADIA,,97329.0,M,Y,100000.0,9.0,0.0,318.0,
,,,703.0,145-9207,GATE CITY,VA,24251.0,M,Y,85000.0,5.75,,1800.0,
,Kropatsch,M,,623-5660,,MS,,S,Y,,3.0,6000.0,,
,,M,701.0,185-6853,,,58542.0,M,Y,15000.0,2.1,,6600.0,
,Macpherson,M,,419-6000,GUNNISON,CO,81230.0,M,N,,4.63,0.0,,
,Rouse,M,253.0,826-1219,POMEROY,,99347.0,,N,,0.0,,,
,Mathieson,,,314-7084,,PA,15368.0,M,,,3.07,0.0,,
,Carapuca,M,,274-6899,IDAHO FALLS,ID,83402.0,,,90000.0,7.8,0.0,6600.0,
Heekeun,Mikki,,,533-3934,SYRACUSE,NY,13221.0,M,N,,4.040549,,,0.0
,Abbasi,,,569-6930,WARFIELD,VA,23889.0,M,Y,20000.0,5.75,0.0,1800.0,
Naveena,Arsintescu,,443.0,732-8837,BRANDYWINE,,20613.0,M,Y,70000.0,4.75,0.0,4800.0,2400.0
,Hirowatar,M,,543-6211,KALTAG,,99748.0,,N,,,0.0,0.0,
,,M,808.0,854-6463,HONOLULU,,,,N,,,1040.0,0.0,
,Cosar,M,,554-7085,ORINDA,CA,94563.0,,N,65000.0,9.3,0.0,174.0,
,Riel,M,207.0,969-3650,SOUTH WINDHAM,ME,4082.0,M,,10000.0,4.5857663,,,
,Brenner,,202.0,163-8113,WASHINGTON,DC,20260.0,M,,45000.0,9.0,0.0,2740.0,
Yunshan,Etoh,F,,428-7761,NORTH POWDER,OR,97867.0,,Y,20000.0,9.0,0.0,318.0,159.0
Kozi,,F,701.0,756-8473,,,58461.0,S,N,,,,0.0,0.0
,,,718.0,690-3372,EAST ROCHESTER,NY,14445.0,S,Y,,,0.0,0.0,
Berndt,Vassalos,F,,423-9192,DRESDEN,KS,67635.0,M,N,65000.0,6.45,0.0,4500.0,0.0
,Sewry,M,202.0,752-9775,PARCEL RETURN SERVICE,,56920.0,,Y,70000.0,9.0,,,
Sashi,Linnemann,F,304.0,146-7655,COAL MOUNTAIN,WV,,S,,,6.5,2000.0,,2000.0
Tsunehiko,Siksek,,878.0,778-9535,,PA,17331.0,M,,,3.07,,,0.0
Letizia,Kameya,F,,314-2375,COTTAGE GROVE,,97424.0,M,Y,80000.0,9.0,0.0,318.0,159.0
Seiki,Leuschel,F,971.0,194-6889,SALEM,OR,97317.0,,,60000.0,9.0,0.0,,0.0
Edwin,Reedy,F,,313-5201,LOS ANGELES,CA,90061.0,,N,,9.3,,,0.0
,Capon,M,913.0,826-3805,GARFIELD,,,S,Y,,,2250.0,0.0,
Elihu,Rauh,,,308-7409,HARTFORD,CT,6167.0,S,Y,,5.0,,,0.0
,Sippi,,,638-6468,CROSSVILLE,TN,38572.0,M,,,0.0,,,
,Schoning,,920.0,213-2151,MENASHA,WI,54952.0,,,10000.0,4.620155,,,
,Dumke,,,359-4654,RANBURNE,,36273.0,,Y,10000.0,5.0,0.0,3000.0,
,Kahale,,,581-5840,MADISON,WI,53707.0,,,80000.0,5.836415,0.0,1400.0,
,Emmitt,M,,556-1826,MASHPEE,MA,2649.0,,Y,75000.0,5.3,0.0,7150.0,
Jayen,Tempesti,F,,589-2677,JERICHO,,,,N,,,3300.0,0.0,0.0
Limor,Srinivasaragavan,F,,604-5502,MURRAY,,83874.0,,Y,,7.8,,,3300.0
,Ruamviboonsuk,,443.0,774-6883,HANOVER,,21098.0,S,N,,4.75,,,
Kjeld,,F,701.0,910-6068,,,,S,N,,,3300.0,0.0,0.0
,Mittra,,207.0,929-9915,PRESQUE ISLE,,4769.0,,N,35000.0,8.5,,,
Krishnaiah,Kobler,F,,263-9414,,,,S,Y,,1.4,1000.0,,1500.0
Anoosh,Kadur,,,273-2122,,PA,17029.0,M,Y,,,0.0,0.0,0.0
Carolina,Billinghurst,,,416-2777,GREENWOOD,MS,38930.0,M,Y,50000.0,5.0,0.0,12000.0,1500.0
Stanley,Pinchon,F,,292-9152,HOBBS,NM,88244.0,,,,5.3,,,3300.0
Rusell,Spirn,,302.0,900-7992,WILMINGTON,DE,19889.0,M,,90000.0,5.95,,,110.0
,Therber,M,,617-5989,TIBBIE,AL,,S,Y,,,1500.0,0.0,
Song,Butter,,,439-9712,VESTAL,NY,13851.0,S,,,,0.0,0.0,1000.0
,Kadesch,M,309.0,948-1168,,IL,,S,,,,2000.0,0.0,
Orran,Grems,F,,313-1393,IDALIA,,80735.0,,Y,,,0.0,0.0,0.0
,Gazzotti,M,334.0,700-3547,JACKSON,AL,,,,,,1500.0,0.0,
Gunvant,Cowen,F,406.0,806-9899,KALISPELL,MT,59903.0,,N,20000.0,6.9,0.0,3800.0,0.0
,Boreddy,M,401.0,852-3257,TIVERTON,RI,2878.0,S,,,,0.0,0.0,
,Durin,M,,536-5249,GRAY MOUNTAIN,AZ,86016.0,M,Y,85000.0,4.0325,0.0,4200.0,
Akihiko,Luukkainen,F,985.0,789-4565,BETHANY,LA,71007.0,M,N,50000.0,6.0,0.0,,0.0
Kristen,,,502.0,243-3711,ARY,,41712.0,M,Y,70000.0,5.7222223,0.0,40.0,20.0
Jaan,Sawaragi,F,,607-5396,MOAB,,84532.0,,N,,7.0,,,0.0
,,M,808.0,911-7963,NINOLE,,,,Y,,,1040.0,0.0,
,Grundmann,M,947.0,790-2146,WAYNE,MI,,S,Y,,,3100.0,0.0,
Vicenzo,Trudel,F,312.0,874-8700,,IL,60423.0,M,,60000.0,3.0,0.0,4000.0,0.0
,Drabenstott,,,263-9236,SUMMERTON,,29148.0,M,N,45000.0,7.0,0.0,6600.0,
Dunren,Spinner,,,452-6791,GRENADA,MS,38901.0,S,Y,,5.0,,,1500.0
Kiochi,Schick,,980.0,913-4103,RAMSEUR,,27316.0,,Y,,6.9912586,,,3300.0
Yaghout,Moustafa,,251.0,243-7031,MOBILE,AL,36633.0,,,,5.0,,,300.0
,Popken,,908.0,718-3445,,,7477.0,S,Y,,1.7154167,,,
Zhimin,Agrafiotis,F,,578-2988,,ND,58790.0,M,Y,10000.0,2.1,0.0,6600.0,3300.0
Heekyoung,,F,605.0,944-9469,EAGLE BUTTE,SD,57625.0,S,N,,,0.0,0.0,0.0
Georgios,Nori,F,,305-7284,VOLCANO,HI,96785.0,S,N,,8.25,,,0.0
Faye,,F,623.0,768-7659,CLAYPOOL,AZ,,S,Y,,,2100.0,0.0,2300.0
,Dosser,,,520-5949,EASTERN,KY,41622.0,M,N,55000.0,4.888889,0.0,40.0,
,Milojicic,M,907.0,760-4067,CRAIG,AK,99921.0,M,Y,,0.0,,,
Corey,Sherwood,F,,636-3149,GRANGER,WY,82934.0,M,Y,,0.0,,,0.0
Jinkun,,F,715.0,892-5299,GREEN BAY,,,S,N,,,700.0,0.0,0.0
Ananth,,F,808.0,933-5061,MAUNALOA,HI,96770.0,,Y,,,,0.0,1040.0
Jang,,,609.0,132-8554,,,8034.0,M,Y,80000.0,2.34625,0.0,2000.0,1500.0
Arding,Dee,,,280-8525,ORRVILLE,AL,36767.0,,Y,40000.0,5.0,0.0,3000.0,300.0
,Llaberia,M,414.0,937-4168,ELKHORN,WI,,S,,,4.620155,700.0,,
Minwen,Plug,F,310.0,909-4635,LOS ALAMITOS,,90721.0,,Y,,9.3,,,272.0
Lionel,Pehl,,,299-6650,,,43017.0,M,Y,50000.0,2.2057693,,,1300.0
,Cenzer,M,402.0,108-1774,KEYSTONE,NE,,,,,,103.0,0.0,
,Nerson,,,487-3681,COFFEEVILLE,,38922.0,M,N,10000.0,5.0,,,
Teruyuki,Razum,F,,289-1880,LINCOLN,ME,4457.0,,,45000.0,8.5,,,0.0
Karakunakara,Yagiura,F,,487-5492,THAYER,,,S,N,,,2250.0,0.0,0.0
,,M,802.0,651-4559,EAST CORINTH,VT,,S,,,,3300.0,0.0,
,Perkins,M,907.0,791-2522,WASILLA,AK,99654.0,M,Y,,0.0,,,
Waldemar,Vignollet,F,,410-3363,WALLACE,SD,57272.0,S,,,,0.0,0.0,0.0
Adegbeniga,Lenhof,F,,342-3664,LEONARD,TX,75452.0,,Y,,0.0,0.0,,0.0
Lyn,,F,808.0,176-8698,KEAAU,,96749.0,,Y,,,,0.0,1040.0
Sarosh,,,607.0,767-1599,LAURENS,NY,13796.0,,,,,,0.0,0.0
,,M,802.0,133-9334,,VT,,S,,,,3300.0,0.0,
Willibald,Tuminaro,F,469.0,174-1490,CORPUS CHRISTI,TX,78412.0,S,,,,0.0,0.0,0.0
,Milosavljevic,M,207.0,816-9049,EAST POLAND,,4230.0,S,Y,,8.5,,,
,Lindenbaum,M,,356-8145,ADA,OK,74820.0,M,,40000.0,6.25,0.0,,
,Rothwell,M,,580-7420,SHANNOCK,RI,2875.0,,Y,,0.0,,,
Savio,Bodagala,F,304.0,830-8794,CRUM,WV,,S,,,,2000.0,0.0,2000.0
Richards,,F,805.0,116-4009,ALHAMBRA,CA,,S,,,,87.0,0.0,272.0
,Dulli,M,870.0,834-8111,MARMADUKE,AR,72443.0,,,25000.0,6.16338,0.0,40.0,
Hamed,Walston,,423.0,850-1678,HARRISON,TN,37341.0,M,Y,,,0.0,0.0,0.0
Rajashekar,Eck,,,400-7542,,NJ,7840.0,M,,50000.0,1.873125,0.0,2000.0,0.0
Yakichi,Hodil,F,435.0,717-1235,CORNISH,UT,,S,,,,2475.0,0.0,0.0
Jonell,Wolfe,,,623-7275,HUDSON,,34674.0,,Y,,,0.0,0.0,0.0
Sergei,,,678.0,167-2984,ACWORTH,GA,30101.0,M,,85000.0,6.0,0.0,5400.0,0.0
,Merckt,M,,611-3102,PILOT STATION,,99650.0,,N,,0.0,,,
Aditya,Skogmar,,336.0,127-7378,CHARLOTTE,NC,28201.0,S,Y,,6.0,,,3300.0
,Finamore,M,307.0,836-7734,HUDSON,WY,82515.0,,,,,0.0,0.0,
Luia,Placide,F,939.0,971-8833,SAN JUAN,,913.0,,Y,,0.0,,,0.0
Carlton,,F,617.0,658-6597,QUINCY,MA,,,Y,,,3575.0,0.0,1000.0
,Loulergue,,202.0,159-1758,WASHINGTON,DC,20007.0,M,Y,95000.0,9.0,0.0,,
,Zastre,,,623-7271,WESTLAND,MI,48186.0,M,,20000.0,3.9,0.0,6200.0,
,Mercer,,947.0,947-8833,AFTON,MI,49705.0,M,,90000.0,3.9,,,
Timothy,Kawabata,,334.0,730-5805,SELMA,AL,36701.0,,,5000.0,5.0,0.0,3000.0,0.0
Leiming,Turkedjiev,,859.0,676-5951,OWENTON,,40359.0,,N,50000.0,4.611111,0.0,40.0,0.0
,Kiesler,M,,538-6406,RANIER,MN,,,,,,3300.0,0.0,
,Graeb,M,972.0,783-7485,HOUSTON,TX,77036.0,,N,,,0.0,0.0,
,Chenney,M,,552-1023,LONG BEACH,CA,90806.0,,Y,40000.0,8.951314,0.0,174.0,
Kienchung,Krawitz,,,417-8609,,,5048.0,M,Y,40000.0,3.800944,0.0,,3300.0
,Trinidad,M,307.0,245-1818,GREYBULL,,82426.0,M,N,,,0.0,0.0,
,Joslin,M,443.0,897-9106,WALDORF,MD,,S,Y,,,2400.0,0.0,
Hedwig,Kambil,F,,588-1242,SACRAMENTO,CA,95838.0,,Y,35000.0,7.7709284,0.0,174.0,272.0
Alain,Lipponen,F,360.0,832-6153,YAKIMA,WA,98901.0,M,Y,,0.0,0.0,,0.0
Sundaresan,Glenstrup,F,207.0,968-7377,BAILEYVILLE,ME,,S,,,,2850.0,0.0,2850.0
,Ravat,M,,470-5765,,IL,61539.0,S,Y,,3.0,,,
,Luft,M,,461-5696,FORT SILL,OK,,S,Y,,6.25,1000.0,,
Kouji,Tiernan,F,,610-3189,WASHINGTON,,,S,N,,,1370.0,0.0,0.0
,Lecordix,,262.0,202-9405,ELMWOOD,,54740.0,M,Y,35000.0,5.0545335,0.0,,
Gerth,Lamsweerde,F,,302-8305,BARRANQUITAS,PR,794.0,M,N,,0.0,0.0,,0.0
Yevgeniy,Ruano,,,406-5344,,IA,52326.0,M,,5000.0,0.935984,,,0.0
,Roncato,M,,335-2285,LEMPSTER,NH,3605.0,,,,0.0,,,
,Cherief,M,862.0,744-1820,,,,S,N,,,1000.0,0.0,
Rivka,Joobbani,,305.0,876-3896,MEXICO BEACH,FL,32410.0,,,,,0.0,0.0,0.0
Amer,Backstrom,F,,342-2530,ALBUQUERQUE,NM,87176.0,M,Y,35000.0,5.3,0.0,6600.0,3300.0
Reid,Shebanow,F,314.0,744-5311,FORSYTH,MO,65653.0,M,,20000.0,6.0,,,1200.0
Hamad,Hendrix,,,304-6489,NEW CITY,NY,10956.0,,Y,,,0.0,0.0,1000.0
,Strothotte,,,484-1678,BURNHAM,,4922.0,S,N,,8.5,,,
Toyofumi,Denny,,,411-9223,BIRDSNEST,VA,23307.0,M,,70000.0,5.75,0.0,1800.0,0.0
,Susmaga,,,377-4415,BUFFALO,,14227.0,S,N,,4.0984755,,,
Candy,Schiper,F,307.0,166-5150,HUNTLEY,WY,82218.0,,N,,0.0,,,0.0
,Gavrin,,,418-1607,CRUM,,25669.0,M,Y,85000.0,6.5,0.0,4000.0,
,,M,480.0,180-5965,,,85064.0,M,Y,65000.0,3.7224998,,4200.0,
,,M,603.0,669-9300,DUNBARTON,NH,3046.0,S,Y,,,,0.0,
Alexandros,Bilardi,F,,414-7846,KEOTA,OK,,,N,,,1000.0,0.0,0.0
,Brookner,M,206.0,188-1276,BROWNSTOWN,WA,98920.0,S,,,,0.0,0.0,
,Feldmann,,,404-7016,VERMILLION,MN,55085.0,M,Y,60000.0,7.4572573,0.0,6600.0,
Motoki,Sundgren,F,,612-7114,,,62546.0,M,Y,35000.0,3.0,,,2000.0
,Litzler,M,406.0,699-7598,CHOTEAU,MT,59422.0,M,,45000.0,6.9,0.0,,
,Boizumault,,,437-4319,MC FARLAND,WI,53558.0,,N,30000.0,4.967658,0.0,1400.0,
Zeger,,F,787.0,158-3015,CAROLINA,PR,979.0,S,N,,,0.0,0.0,0.0
Dasu,Katsaggelos,F,,272-7841,JAMESTOWN,CO,80455.0,,Y,,,0.0,0.0,0.0
,Trevillyan,M,,499-4587,PLATTSMOUTH,NE,68048.0,,,95000.0,6.84,0.0,206.0,
,Katker,,865.0,745-7856,NASHVILLE,TN,37217.0,,,,,0.0,0.0,
,Kamiyama,M,406.0,947-9506,PABLO,MT,,,N,,,1900.0,0.0,
Pasquale,Zemerly,,,583-9305,,,5830.0,M,Y,5000.0,3.6,0.0,6600.0,3300.0
,Cassell,M,,315-9621,LIHUE,HI,,,Y,,,1040.0,0.0,
,Gaitonde,M,,431-2197,WETMORE,KS,66550.0,M,N,75000.0,6.45,0.0,4500.0,
,,M,804.0,248-1377,DAMASCUS,,,S,N,,,900.0,0.0,
,Beeson,M,202.0,199-3210,WASHINGTON,DC,,S,Y,,,1370.0,0.0,
Demosthenes,Grignetti,,917.0,847-8587,NEW HYDE PARK,NY,11041.0,,N,,,0.0,0.0,0.0
Koppolu,Jansch,F,203.0,688-1388,SOUTH LYME,,,S,N,,,12750.0,0.0,0.0
,Delchamps,,,402-7139,,KY,41477.0,M,Y,20000.0,2.9444444,0.0,40.0,
Yiya,Aschim,F,,297-7050,,AZ,86015.0,M,,75000.0,3.8775,0.0,4200.0,0.0
,Wakatani,,,398-6926,WOODVILLE,AL,35776.0,M,,20000.0,5.0,0.0,3000.0,
Mallory,Qureshi,,334.0,752-4820,WOODSTOCK,,35188.0,M,Y,95000.0,5.0,,,300.0
Maristella,Kalashnikov,F,,315-3396,WORCESTER,,1602.0,M,N,90000.0,5.3,0.0,7150.0,0.0
,,M,617.0,662-5484,FORESTDALE,MA,2644.0,M,,30000.0,5.3,,7150.0,
Kaichang,Boege,F,,308-5992,CANYON LAKE,,78133.0,S,Y,,,0.0,0.0,0.0
,Badr,M,307.0,777-5278,JACKSON,WY,83001.0,,Y,,,0.0,0.0,
,Jorissen,M,,412-8585,FRANKFORT,SD,57440.0,M,Y,,,0.0,0.0,
Katsuo,Kreuer,F,207.0,684-1021,MONMOUTH,,,,N,,8.5,2850.0,,0.0
,,M,502.0,975-5485,,KY,,S,Y,,,20.0,0.0,
Margarita,Hertzum,F,207.0,767-2196,SHAPLEIGH,,4076.0,M,Y,30000.0,8.5,0.0,5700.0,2850.0
,Malecki,M,402.0,842-8473,,NE,,S,Y,,3.0217428,103.0,,
Sven,,F,580.0,691-6577,ADAIR,OK,74330.0,M,,50000.0,6.25,0.0,2000.0,1000.0
Yiftach,,F,808.0,948-7125,KAUMAKANI,HI,,,,,,1040.0,0.0,1040.0
,Isshiki,M,334.0,667-9823,STEELE,AL,,S,,,,1500.0,0.0,
,,M,605.0,872-3310,DOLAND,SD,57436.0,S,N,,,,0.0,
,Ishak,M,,432-4384,WASHINGTON,,,S,N,,,1370.0,0.0,
Jinkun,,F,636.0,768-6960,SAINT LOUIS,,,,Y,,,2100.0,0.0,1200.0
Kerryn,Backus,F,,456-6242,PROVIDENCE,,2906.0,,Y,,,0.0,0.0,0.0
Yuk,Atarashi,F,,410-7642,MAYAGUEZ,PR,682.0,,Y,,,0.0,0.0,0.0
,Ogunyode,M,939.0,650-1592,SAN JUAN,PR,940.0,,N,,0.0,,,
,Ishii,M,847.0,252-3110,,IL,62466.0,M,,5000.0,3.0,0.0,4000.0,
Jiawen,Smitley,F,406.0,730-7301,CUSTER,,59024.0,S,N,,6.9,,,0.0
Mahadevamurty,Boudaillier,F,351.0,110-4864,HOUSATONIC,,1236.0,,N,85000.0,5.3,0.0,7150.0,0.0
,Moudini,,304.0,980-6237,RIO,,26755.0,,Y,90000.0,6.5,,,
,Read,M,406.0,823-6765,HOMESTEAD,,59242.0,,Y,75000.0,6.9,,,
,Kasahara,,,488-1054,CUTHBERT,GA,39840.0,M,N,15000.0,6.0,0.0,5400.0,
Avra,Schrickx,,,637-7316,CASAR,NC,28020.0,S,Y,,6.361888,,,3300.0
Gun,,F,563.0,918-3202,ROSE HILL,IA,,,Y,,,40.0,0.0,40.0
,Belanger,,,543-9011,EVERETTS,NC,27825.0,M,,95000.0,7.7255244,0.0,6600.0,
Myra,Kasriel,F,,334-7580,EXETER,,2822.0,M,N,,,0.0,0.0,0.0
Shauchi,Romeuf,F,253.0,730-2436,SEATTLE,WA,98146.0,,,,0.0,,,0.0
,Ohkubo,M,,347-1335,KINNEAR,WY,82516.0,,,,0.0,,,
,Kubicka,M,,620-1869,HOWE,ID,83244.0,,Y,75000.0,7.8,0.0,,
Shivendra,Tollu,F,307.0,906-1189,BURNS,WY,82053.0,S,,,,0.0,0.0,0.0
,Noro,,,341-8407,MANORVILLE,NY,11949.0,,,,4.2143292,,,
Andishe,,F,708.0,970-5741,,IL,,S,Y,,,2000.0,0.0,2000.0
Nariankadu,Orponnen,F,,283-2198,OROVADA,,89425.0,,N,,0.0,,,0.0
,Paillier,M,,456-6841,HOMER,AK,99603.0,,,,0.0,,,
,,,574.0,814-7367,,,46574.0,S,Y,,,,0.0,
Akos,Sluizer,,850.0,837-9638,TERRA CEIA,FL,34250.0,M,Y,,0.0,,,0.0
,Dayhoff,M,,392-4258,TULUKSAK,,99679.0,S,Y,,,0.0,0.0,
,Lahiri,M,,549-4581,OAKLAND,AR,72661.0,,Y,60000.0,7.0,0.0,,
Ruiz,,,515.0,828-6936,MAPLETON,IA,51034.0,,,65000.0,8.98,0.0,80.0,40.0
Rae,Boddy,,,437-2446,BUFFALO VALLEY,TN,38548.0,S,,,,0.0,0.0,0.0
Gritta,Plesow,F,,368-6973,WYOLA,MT,59089.0,M,N,90000.0,6.9,,,0.0
,Roussou,M,,321-8645,GRANITE CANON,WY,82059.0,M,N,,0.0,,,
Mingsen,Schilz,,319.0,889-1164,TREYNOR,,51575.0,S,N,,8.98,,,0.0
Nori,Gazdar,F,203.0,999-4719,TACONIC,,,S,Y,,,12750.0,0.0,0.0
Jeane,Snoeyink,,352.0,782-1070,BOYNTON BEACH,,33473.0,S,Y,,0.0,,,0.0
,Cooley,,856.0,985-3802,,NJ,7945.0,M,Y,70000.0,2.1885417,0.0,2000.0,
,Kamperman,M,,357-4815,NORMAL,AL,,,Y,,,1500.0,0.0,
,Mihara,M,,503-8415,LUDLOW,,92338.0,,Y,,9.3,,,
,Suraweera,M,,613-7016,OLMITZ,,67564.0,,Y,70000.0,6.45,,,
,,M,574.0,915-9959,,,,S,Y,,,1000.0,0.0,
Mark,Burgess,F,318.0,838-3228,CALVIN,,,S,Y,,,4500.0,0.0,1000.0
Brett,Weedman,F,320.0,928-3724,RED WING,MN,,,N,,,3300.0,0.0,0.0
Helmut,,F,704.0,153-6931,FRANKLINTON,NC,,S,N,,,3300.0,0.0,0.0
,McDermid,M,214.0,133-9526,HOUSTON,TX,77260.0,,N,,0.0,0.0,,
Hardeep,,,770.0,199-3915,ATLANTA,GA,31196.0,S,Y,,,,0.0,3000.0
Shinsaku,Ryslinkova,,302.0,880-4376,SAINT GEORGES,DE,19733.0,,,,5.609091,,,0.0
Alok,Kurfess,,305.0,169-3625,DOVER,FL,33527.0,S,N,,0.0,0.0,,0.0
Marten,Goos,F,,361-6799,COLORADO SPRINGS,,80937.0,M,Y,,,0.0,0.0,0.0
,,M,817.0,836-2636,JOAQUIN,TX,75954.0,,N,,,0.0,0.0,
Conal,,F,623.0,971-5617,,AZ,85644.0,M,N,20000.0,3.0249999,0.0,4200.0,0.0
Na'el,Gunn,F,,338-8829,WASHINGTON,,,S,Y,,,1370.0,0.0,1370.0
,Ziegler,,304.0,659-7626,,WV,24827.0,M,Y,20000.0,3.7,0.0,4000.0,
,Hamfelt,M,,448-9400,OLD ORCHARD BEACH,ME,,,Y,,,2850.0,0.0,
Duanning,Trung,,,364-2345,ROCKFORD,TN,37853.0,,N,,,0.0,0.0,0.0
,Popien,M,337.0,178-4008,,LA,71355.0,M,Y,10000.0,2.0,,,
,Rijckaert,,859.0,111-1919,,KY,41385.0,M,N,30000.0,3.5,,,
Dmitri,Edmark,F,847.0,669-8129,,IL,62875.0,M,Y,90000.0,3.0,0.0,4000.0,2000.0
,Cakic,M,406.0,898-3170,PARADISE,MT,,,,,,1900.0,0.0,
Malek,Woelk,,239.0,749-7565,WEST PALM BEACH,,33404.0,S,Y,,,0.0,0.0,0.0
Maneesh,,F,614.0,816-2594,,,,S,N,,,1300.0,0.0,0.0
,Sleeman,M,,313-7396,,,62916.0,M,Y,65000.0,3.0,,,
Tiko,Hallet,F,,529-6995,AVERY,ID,83802.0,M,,90000.0,7.8,0.0,6600.0,0.0
Hilde,Demmer,,207.0,757-1358,PERHAM,ME,4766.0,,Y,80000.0,8.5,0.0,5700.0,2850.0
Stanford,Blot,F,,408-1966,MARBLE CITY,OK,,,,,,1000.0,0.0,0.0
Yann,Holand,,304.0,801-3503,BORDERLAND,WV,25665.0,M,,40000.0,5.1000004,0.0,4000.0,0.0
Deoraj,Leder,F,,383-5785,CORNISH,ME,4020.0,M,Y,100000.0,8.5,0.0,,2850.0
,,M,508.0,746-3197,CUTTYHUNK,MA,2713.0,S,Y,,,,0.0,
Elvis,Obradovich,F,307.0,740-6909,WRIGHT,WY,82732.0,S,Y,,0.0,,,0.0
,Kulasinghe,M,,367-3852,OPHEIM,,,,N,,6.9,1900.0,,
Cormac,,,601.0,130-4233,,MS,39323.0,S,Y,,,,0.0,1500.0
Fangzhen,,,567.0,963-8724,,OH,43944.0,S,Y,,,,0.0,1300.0
Neila,,F,805.0,106-4106,LOS ANGELES,,90093.0,,Y,50000.0,9.3,,174.0,272.0
Faye,Poor,F,,569-6312,DENVER,CO,80236.0,M,N,,4.63,,,0.0
,Roison,,304.0,820-4119,LERONA,,25971.0,,Y,25000.0,4.05,,,
Wook,Partsch,F,,542-8100,PEMAQUID,ME,4558.0,,,,8.5,,,0.0
Charlie,Oizhong,F,432.0,680-3476,HONEY GROVE,TX,75446.0,,N,,0.0,,,0.0
,Carchiolo,M,912.0,899-9866,ALBANY,GA,,S,N,,,2700.0,0.0,
,,F,505.0,905-6866,SANTA ROSA,NM,88435.0,,,,,,0.0,3300.0
Junguk,Ovrutcki,,,600-3271,EAST HARTFORD,,6118.0,M,Y,95000.0,5.0,,,0.0
Santi,,F,808.0,953-4043,KEKAHA,HI,96752.0,,,80000.0,8.25,0.0,2080.0,0.0
,,F,507.0,818-4923,TWIN VALLEY,MN,,S,,,,3300.0,0.0,3300.0
,,,803.0,815-2947,FLORENCE,,29503.0,M,Y,35000.0,7.0,0.0,6600.0,3300.0
,,M,605.0,722-9167,SIOUX FALLS,SD,57106.0,M,,,,,0.0,
Kazimierz,Tibblin,F,435.0,784-1482,OREM,,84097.0,,Y,65000.0,7.0,0.0,4950.0,2475.0
,Zambonelli,M,281.0,939-3105,GORMAN,,76454.0,S,Y,,,0.0,0.0,
Shigenori,Hofer,F,251.0,149-1183,PINE LEVEL,AL,,,,,,1500.0,0.0,0.0
,,F,701.0,882-5014,,ND,58228.0,M,Y,10000.0,2.1,0.0,6600.0,3300.0
Bahaa,Friedman,F,304.0,259-3429,BUD,WV,,S,Y,,,2000.0,0.0,2000.0
Marinos,,F,703.0,882-4087,ROANOKE,,,,Y,,,900.0,0.0,900.0
,,M,605.0,911-2623,BIG STONE CITY,SD,57216.0,M,Y,,,0.0,0.0,
,Geffroy,,267.0,663-1669,,PA,17329.0,M,,,,0.0,0.0,
,Mansanne,,205.0,166-5401,SOMERVILLE,,35670.0,M,N,45000.0,5.0,0.0,,
,Kavraki,M,980.0,947-2338,WAKE FOREST,NC,,S,N,,,3300.0,0.0,
,,F,701.0,833-1804,,,,S,Y,,,3300.0,0.0,3300.0
Jungho,Dunham,F,,291-8732,RANDLETT,,84063.0,,Y,40000.0,7.0,0.0,4950.0,2475.0
Phoebe,Ehrenfeucht,F,,612-1294,GRAND LAKE,,80447.0,S,N,,,0.0,0.0,0.0
,,M,501.0,809-9125,OMAHA,AR,72662.0,,,45000.0,7.0,,40.0,
,,M,606.0,780-4083,WARSAW,,,S,N,,,20.0,0.0,
Suresh,,F,660.0,880-8470,CAPE GIRARDEAU,MO,,S,,,,2100.0,0.0,1200.0
,Poulter,,,621-4522,DORA,AL,35062.0,M,N,10000.0,5.0,,,
Aelmut,,,515.0,154-5650,ELBERON,IA,52225.0,M,N,95000.0,8.98,0.0,80.0,0.0
,Braoudakis,F,,629-9837,DRIGGS,ID,,S,Y,,,3300.0,0.0,3300.0
Hsi,Thallinger,F,860.0,968-3082,TAFTVILLE,CT,,S,Y,,,12750.0,0.0,0.0
,Balder,M,406.0,966-4498,GRANTSDALE,,59835.0,M,N,75000.0,6.9,0.0,3800.0,
Cormac,Bestavros,F,,564-6803,,CA,,S,Y,,,87.0,0.0,272.0
Jayang,Bassino,F,435.0,762-5407,CLARKSTON,,,S,Y,,,2475.0,0.0,2475.0
Eugeniusz,Jaakkola,,,603-9898,,PA,19075.0,S,N,,,0.0,0.0,0.0
,Grunsky,M,,497-5599,LAS VEGAS,NV,89109.0,,N,,,0.0,0.0,
Jason,Bleumer,F,406.0,678-3314,KEVIN,,59454.0,,N,90000.0,6.9,0.0,3800.0,0.0
Sajid,Joichi,F,,577-5850,HANALEI,HI,,S,,,,1040.0,0.0,1040.0
Gritta,Koperczak,,304.0,728-6303,CHARLESTON,WV,25315.0,M,Y,55000.0,6.1499996,0.0,,2000.0
Vladik,Luan,F,,315-9706,,IA,,S,,,0.935984,40.0,,40.0
Neven,,F,617.0,901-9402,SCITUATE,,2066.0,,Y,50000.0,5.3,0.0,7150.0,1000.0
Liz,Braine,F,205.0,166-2714,ALABASTER,,,S,N,,,1500.0,0.0,0.0
,Eskicioglu,M,,355-6587,EPPING,NH,3042.0,S,N,,,0.0,0.0,
Yashodara,,F,702.0,801-6362,RENO,NV,89570.0,,,,,,0.0,0.0
,Usui,,,281-2049,WASHINGTON,DC,20543.0,M,N,85000.0,9.0,0.0,2740.0,
,Benaloh,M,,520-7153,MC FARLAND,WI,,,Y,,,700.0,0.0,
,Dehdashti,,,395-2868,,,40759.0,M,N,30000.0,3.5,0.0,40.0,
Dang,Bilotta,,,274-7952,,PA,19522.0,M,N,,,0.0,0.0,0.0
,Schurfeld,,,290-3144,WARREN,,5674.0,S,Y,,4.69624,,,3300.0
Yassine,Gluchowski,F,401.0,138-6925,HARRISVILLE,RI,2830.0,M,,,,0.0,0.0,0.0
,Tarn,,,375-3969,LANESBORO,MN,55949.0,,Y,20000.0,5.35,0.0,6600.0,
Grahame,,F,620.0,237-1562,MACKSVILLE,KS,67557.0,,N,45000.0,6.45,0.0,4500.0,0.0
Sameer,Rehof,,228.0,727-4179,SUNFLOWER,MS,38778.0,S,,,5.0,,,0.0
,Duncan,M,907.0,859-9442,EKWOK,,99580.0,M,N,,,0.0,0.0,
Nigel,Mitkov,F,907.0,211-1488,WRANGELL,,99929.0,M,Y,,0.0,,,0.0
Yoonsuck,Schwandt,,,572-1688,PROSPECT,TN,38477.0,,,,0.0,,,0.0
Rik,Edagawa,,,270-6882,HARTFORD,CT,6120.0,M,,90000.0,5.0,0.0,24500.0,0.0
,Stochik,,,459-6426,BENEDICTA,,4733.0,M,N,45000.0,8.5,,,
,Chilenski,M,,299-2332,MONTGOMERY,,,,N,,,1500.0,0.0,
Reijo,Rosis,,,446-1872,,IA,52048.0,M,,20000.0,3.2516527,,,0.0
,Petre,M,,316-8734,HONOLULU,,96813.0,,N,,5.546053,,,
,,,802.0,825-9118,,,5774.0,S,Y,,,,0.0,3300.0
Tsunehiro,Slahor,,,290-1903,,OH,44260.0,M,,5000.0,0.712,,,1300.0
Fakher,Cedeno,F,,572-3532,HANA,HI,96713.0,M,Y,75000.0,8.25,0.0,2080.0,1040.0
,McKinney,,262.0,157-6575,POPLAR,WI,54864.0,,N,25000.0,4.880782,0.0,,
,,M,605.0,800-7680,MOBRIDGE,SD,57601.0,,Y,,,,0.0,
,Selenyi,,864.0,770-4536,GAFFNEY,SC,29340.0,S,,,7.0,,,3300.0
Alassane,Lahner,,,456-2649,DYERSBURG,TN,38024.0,S,Y,,0.0,0.0,,0.0
,Jokiniemi,M,276.0,130-4845,PURCELLVILLE,,,,Y,,,900.0,0.0,
Johanne,Chu,F,906.0,218-9504,SAINT LOUIS,,,,N,,,3100.0,0.0,0.0
,Hapanyengwi,M,302.0,852-2937,,DE,,S,N,,,110.0,0.0,
Seungwang,,,717.0,227-5517,,PA,15459.0,S,,,,0.0,0.0,0.0
Fox,Paterakis,,,448-3324,CRAWFORD,TN,38554.0,M,N,,0.0,,,0.0
Troy,Haefner,F,,528-3050,JAYUYA,PR,664.0,,,,,0.0,0.0,0.0
,Wittlich,,334.0,720-4293,SLOCOMB,AL,36375.0,M,N,10000.0,5.0,0.0,3000.0,
,Pleszkun,,203.0,744-5261,WINDHAM,CT,6280.0,S,,,5.0,,,
,,M,503.0,192-8926,PORTLAND,OR,,,,,,159.0,0.0,
,Culetu,M,,397-8646,CHEPACHET,,2814.0,M,N,,,0.0,0.0,
Madhan,McKinney,F,936.0,686-3153,DUNN,,79516.0,S,N,,0.0,0.0,,0.0
,,M,701.0,837-3295,,ND,,S,Y,,,3300.0,0.0,
Vishal,Marchegay,,228.0,194-6459,GORE SPRINGS,MS,38929.0,M,,55000.0,5.0,0.0,,0.0
Yassine,Malsburg,F,,334-1204,SLOCUM,RI,2877.0,M,,,0.0,0.0,,0.0
,Iino,,,605-3003,KEENE VALLEY,,12943.0,,Y,,,0.0,0.0,
,Tisdall,M,903.0,218-1101,CUSHING,TX,75760.0,S,,,,0.0,0.0,
,,M,630.0,954-7512,,IL,62521.0,M,Y,55000.0,3.0,,4000.0,
,,M,818.0,139-6308,TOPAZ,,,S,Y,,,87.0,0.0,
Umang,Kamp,,859.0,925-3236,LOUISVILLE,KY,40215.0,,,85000.0,6.0,0.0,40.0,0.0
,,,769.0,928-3186,PERKINSTON,,39573.0,,N,10000.0,5.0,0.0,12000.0,
,Abbas,,412.0,908-5418,,,16141.0,M,N,,,0.0,0.0,
,Wakatani,,865.0,155-5909,SOUTHSIDE,,37171.0,S,Y,,,0.0,0.0,
Kangwoo,,F,601.0,116-5566,COILA,,,S,N,,,6000.0,0.0,0.0
Rafal,Noor,,,391-4546,EAST HARTFORD,CT,6108.0,S,,,5.0,,,0.0
Fabio,,F,580.0,160-6640,STILWELL,OK,,S,Y,,,1000.0,0.0,1000.0
Massayuki,VanderMeer,,,292-7630,,,19971.0,M,Y,15000.0,2.8818183,0.0,220.0,110.0
Lamber,Knecht,F,207.0,852-3876,MOUNT VERNON,,,,Y,,8.5,2850.0,,2850.0
Channing,Aoreira,F,410.0,143-7181,GLEN BURNIE,MD,,S,N,,,2400.0,0.0,0.0
Sajal,Lahire,F,202.0,976-3210,WASHINGTON,DC,,S,,,9.0,1370.0,,1370.0
,McEneaney,M,,322-9642,CAROLINA,PR,986.0,M,N,,0.0,0.0,,
Yuqun,Dawood,F,417.0,227-7283,SAINT JOSEPH,MO,64502.0,,N,55000.0,6.0,0.0,4200.0,0.0
,Geisler,M,,528-3684,,KS,,S,N,,,2250.0,0.0,
Zigmantas,Bernhard,F,,624-6402,,MT,,S,Y,,,1900.0,0.0,1900.0
,Harloff,,,310-2056,JUNIOR,WV,26275.0,,,45000.0,5.45,0.0,4000.0,
,,M,702.0,245-9636,LAS VEGAS,,89151.0,,N,,,0.0,0.0,
,Vainstein,M,,389-1569,TYLER,TX,75708.0,S,Y,,,0.0,0.0,
,Vanegas,F,,467-4078,,ND,58081.0,M,Y,85000.0,2.7410512,0.0,6600.0,3300.0
,,,803.0,752-7843,BALLENTINE,SC,29002.0,S,,,,,0.0,
,Arblaster,M,318.0,733-4898,CARENCRO,LA,70520.0,M,,70000.0,6.0,0.0,9000.0,
,,M,603.0,141-4695,PORTSMOUTH,NH,3801.0,,Y,,,0.0,0.0,
,,,706.0,777-5899,COLUMBUS,,31998.0,M,Y,75000.0,6.0,0.0,5400.0,
,Viire,M,,312-2335,KAPAA,HI,,,N,,,1040.0,0.0,
Rongheng,Huijsmans,,,625-9299,ARMSTRONG CREEK,WI,54103.0,M,,80000.0,5.836415,0.0,1400.0,400.0
,Fraysse,M,401.0,884-7802,NEWPORT,RI,2841.0,,,,,0.0,0.0,
,Kabuka,,215.0,245-9463,,PA,18653.0,S,N,,,0.0,0.0,
,Brancadori,,,508-9721,SONTAG,,39665.0,M,N,40000.0,5.0,0.0,12000.0,
,Plesums,M,,322-1278,RATLIFF CITY,,73481.0,,N,20000.0,6.25,,,
Gift,,F,501.0,227-7672,EL DORADO,AR,71768.0,M,N,25000.0,6.16338,0.0,40.0,0.0
,Weerasinghe,,860.0,983-9250,SALEM,CT,6420.0,,,50000.0,5.0,0.0,24500.0,
,Isern,,865.0,205-9380,JEFFERSON CITY,TN,37760.0,,Y,,,0.0,0.0,
Vasiliy,Isaacson,F,,566-9093,PILGER,NE,68768.0,,,15000.0,4.7976766,0.0,206.0,103.0
,Goodrum,M,435.0,721-7612,SALT LAKE CITY,UT,,,N,,,2475.0,0.0,
Motoyuki,Govers,F,435.0,932-9981,OGDEN,,,,N,,,2475.0,0.0,0.0
Shiwa,Susaki,F,,603-8834,DE QUEEN,AR,71832.0,S,,,7.0,,,0.0
,Godsey,M,208.0,254-9027,FISH HAVEN,ID,,S,,,,3300.0,0.0,
Spencer,Higashi,F,,615-4151,CEIBA,PR,735.0,S,,,,0.0,0.0,0.0
,Dew,M,,495-3148,BOLES,AR,,S,,,,20.0,0.0,
,Bober,M,,392-7707,LAWRENCE,,,,Y,,,6000.0,0.0,
Chandana,Azagury,,,609-7829,MILFORD,MI,48380.0,,N,25000.0,3.9,0.0,6200.0,0.0
,Welham,M,,627-3498,,WV,,S,,,,2000.0,0.0,
,Kirchgaassner,M,,358-8881,HAIKU,HI,,S,N,,8.25,1040.0,,
,Isaak,,,470-6898,NORTH POWNAL,VT,5260.0,,,80000.0,4.5967627,0.0,6600.0,3300.0
,Pieper,,,320-7430,,,5001.0,M,Y,10000.0,3.6,,,
Petre,,F,701.0,731-1759,,,,S,N,,,3300.0,0.0,0.0
Yim,Gunderson,F,,262-8348,HERMISTON,OR,,,,,,159.0,0.0,159.0
,Carstensen,,315.0,737-6139,NEW YORK,,10277.0,,Y,,,0.0,0.0,
,,M,606.0,950-4317,,KY,,S,Y,,,20.0,0.0,
,Martschew,M,,309-4327,SAINT IGNATIUS,MT,59865.0,,N,65000.0,6.9,0.0,,
,,M,678.0,117-2698,MARIETTA,GA,,,,,,2700.0,0.0,
,Malita,F,,604-3955,SOUTHERN PINES,NC,,S,Y,,7.305944,3300.0,,3300.0
Vaduvur,Niehren,,,403-3068,BALDWIN,MI,49304.0,M,,45000.0,3.9,,,3100.0
,,M,505.0,937-3334,,,,S,N,,,3300.0,0.0,
Georgios,Majster,,434.0,752-2748,FLOYD,VA,24091.0,M,Y,65000.0,5.75,0.0,,900.0
Sjaak,Desel,F,434.0,219-7020,LORTON,VA,,,,,,900.0,0.0,0.0
,,F,505.0,820-7724,,,87327.0,M,Y,5000.0,1.7,,6600.0,3300.0
,,M,509.0,137-7847,MOSSYROCK,WA,98564.0,,,,,0.0,0.0,
,Gawecki,,,579-8815,WICOMICO CHURCH,,22579.0,M,Y,55000.0,5.75,0.0,1800.0,
,Hagmann,M,,642-4849,,ND,,S,Y,,,3300.0,0.0,
,,M,501.0,668-9180,,AR,,S,Y,,,20.0,0.0,
,Massotte,,,473-6007,LEXINGTON,KY,40513.0,,N,65000.0,5.4444447,0.0,,
Myungwhan,Commoner,F,,496-1408,LANDER,,82520.0,,N,,,0.0,0.0,0.0
Prabhaker,,,601.0,949-8433,LOUIN,MS,39338.0,,,50000.0,5.0,0.0,12000.0,0.0
Hongying,Stollon,,,279-7670,WASHINGTON,DC,20317.0,M,N,35000.0,9.0,,,0.0
Goffredo,Iliopoulos,F,,351-3054,DEER ISLAND,OR,,S,N,,,159.0,0.0,0.0
,,,804.0,804-3941,SHENANDOAH,VA,22849.0,M,N,20000.0,5.75,0.0,1800.0,
Hiyan,Marakhovsky,F,,638-4997,MC RAE,AR,,,N,,7.0,20.0,,0.0
,Pinon,M,,351-1882,RANDOLPH,ME,4346.0,,,30000.0,8.5,,,
,Hebmann,M,,575-1685,BRADFORD,RI,2808.0,M,Y,,,0.0,0.0,
,Schaub,M,,542-8624,ALICIA,AR,72410.0,S,,,7.0,,,
Takeyuki,Gischer,F,907.0,795-6802,WASILLA,AK,99687.0,S,,,,0.0,0.0,0.0
Joon,Kober,F,,551-1343,WAIALUA,,,S,N,,8.25,1040.0,,0.0
Mitsutoshi,Graf,F,301.0,780-6314,DELMAR,,,S,N,,,2400.0,0.0,0.0
,Boese,M,,599-2736,KLAWOCK,AK,99925.0,,Y,,,0.0,0.0,
,Ohkubo,M,308.0,862-7581,MINDEN,NE,68959.0,,Y,,6.84,,,
Ekaterina,Kamp,,,437-2350,WASHINGTON,DC,20559.0,M,Y,20000.0,6.75,0.0,2740.0,1370.0
,Radivojevic,M,,510-8954,GROTON,,57445.0,M,N,,0.0,,,
Lois,Kuemmerle,F,339.0,837-4530,QUINCY,,,,N,,5.3,3575.0,,0.0
,Rosin,M,,350-8342,,HI,96754.0,S,Y,,2.8421054,,,
Jonny,Leonhardt,,901.0,658-7024,NASHVILLE,,37236.0,,Y,,0.0,0.0,,0.0
,Haddley,,901.0,955-9062,PIKEVILLE,,37367.0,,N,,,0.0,0.0,
,Samtaney,,914.0,232-4737,WHITE PLAINS,NY,10603.0,M,Y,,4.127439,,,
,Voisard,M,,362-5427,WATERTOWN,WI,,S,,,,700.0,0.0,
,Rieffel,M,,484-8902,,,71964.0,M,N,15000.0,3.773037,,,
Kerhong,Dar,F,978.0,103-2391,QUINCY,,,,Y,,,3575.0,0.0,1000.0
Yiannakis,Grieser,,,442-2802,CORAL GABLES,FL,33114.0,S,,,,0.0,0.0,0.0
Danielle,Postmus,,860.0,785-2796,HARTFORD,CT,6123.0,M,Y,35000.0,5.0,,,0.0
,Coray,M,,338-9090,,,,S,N,,,1000.0,0.0,
,Nasser,M,401.0,888-9116,,RI,2829.0,S,,,0.0,,,
Hiroakira,Nitta,F,207.0,884-4810,HUDSON,ME,4449.0,,N,,8.5,,,0.0
Lorant,,F,702.0,855-4783,,,89496.0,S,N,,,0.0,0.0,0.0
Mitsuhiro,Suorsa,F,207.0,875-3052,,,4049.0,S,Y,,2.2135036,,,2850.0
Benno,Papadimitriou,F,,285-7433,GREENVILLE,RI,2828.0,M,Y,,0.0,,,0.0
,Ivanova,,,614-2809,GERMANTOWN,TN,38183.0,M,N,,,0.0,0.0,
,Lazell,,215.0,136-6478,,,17265.0,M,Y,,3.07,0.0,,
Junichi,,F,808.0,876-6829,,,96844.0,S,Y,,,,0.0,1040.0
Solomon,Rohfleisch,,423.0,235-3527,HIXSON,TN,37343.0,,,,0.0,,,0.0
Andris,Hadfield,F,304.0,140-4328,HUNTINGTON,WV,,,N,,,2000.0,0.0,0.0
,Muldowney,M,,533-8580,LEWISTON,ME,4243.0,,N,10000.0,4.5857663,,,
Sylvanus,Thimbleby,F,,264-5679,MEAD,CO,80542.0,,,,,0.0,0.0,0.0
Quan,Dutta,F,,422-5053,KANSAS CITY,MO,,,,,,2100.0,0.0,0.0
,Devries,,,611-3588,HASSELL,NC,27841.0,M,N,100000.0,7.8304195,0.0,6600.0,
Weihai,Inari,,256.0,205-1596,BAYOU LA BATRE,AL,36509.0,M,,35000.0,5.0,0.0,3000.0,0.0
Arijit,Stanley,,202.0,940-8583,WASHINGTON,DC,20071.0,M,N,70000.0,9.0,,,0.0
,Ruane,M,,307-1195,MEDIMONT,ID,83842.0,,N,,4.109693,,,
,Mosciatti,,202.0,995-5962,WASHINGTON,DC,20439.0,M,Y,80000.0,9.0,,,
Guoray,Donato,F,,632-2786,,AK,99607.0,S,N,,,0.0,0.0,0.0
,,,502.0,877-7948,CATLETTSBURG,KY,41129.0,M,,95000.0,6.0,0.0,40.0,
Takehiro,,F,605.0,975-7632,OACOMA,SD,57365.0,,,,,0.0,0.0,0.0
Yosihisa,Wicinski,,,399-3449,CHARLESTON,SC,29414.0,M,N,75000.0,7.0,0.0,6600.0,0.0
,,F,802.0,991-6190,WARREN,,,S,Y,,,3300.0,0.0,3300.0
Aniello,Pinkas,F,307.0,986-3792,ALTA,WY,83414.0,M,N,,0.0,,,0.0
,,,718.0,763-3321,ATLANTA,,14808.0,S,Y,,,0.0,0.0,
,Wacholder,,301.0,185-7304,BIG POOL,MD,21711.0,M,,90000.0,4.75,0.0,4800.0,
Heiko,Glinert,,,590-7828,HUDDLESTON,VA,24104.0,,Y,35000.0,5.75,0.0,1800.0,900.0
,,,563.0,970-1027,SCHALLER,IA,51053.0,,Y,80000.0,8.98,,80.0,
,,M,701.0,920-7988,,,58652.0,M,Y,35000.0,2.161439,,6600.0,
Nayeem,Ibel,F,,435-6296,BEND,,97701.0,M,Y,15000.0,9.0,0.0,318.0,159.0
Bouchaib,Kindlmann,F,870.0,732-9796,KEO,AR,,,Y,,,20.0,0.0,20.0
,Suri,,347.0,830-7899,GREAT NECK,,11023.0,M,Y,,4.272256,,,
Tetsuhiko,Habra,F,,526-3709,ADAMSVILLE,RI,2801.0,M,,,,0.0,0.0,0.0
Adib,Graeb,F,907.0,153-5817,GAKONA,AK,99586.0,S,N,,,0.0,0.0,0.0
,Hirschowitz,M,,304-1989,ARLINGTON,TX,76002.0,S,N,,,0.0,0.0,
,,M,605.0,170-8023,HARRISON,SD,57344.0,M,Y,,,,0.0,
Claudio,Ochuodho,F,,535-8942,NOTTINGHAM,NH,3290.0,,N,,0.0,,,0.0
,,M,503.0,799-8133,WARM SPRINGS,,97761.0,M,Y,5000.0,7.4102564,,318.0,
Ishfaq,Hanover,F,208.0,860-2370,ROGERSON,,,,N,,,3300.0,0.0,0.0
,Lecon,M,,449-2954,BUTTE,MT,,S,Y,,6.9,1900.0,,
Richards,Mynatt,F,,363-8206,MC NEIL,TX,78651.0,,,,0.0,,,0.0
,Parveen,,228.0,182-9444,COLUMBUS,,39702.0,M,Y,75000.0,5.0,,,
,,F,505.0,244-7111,SAN FIDEL,,,,Y,,,3300.0,0.0,3300.0
Ryutaro,Insfran,F,,334-5454,CASCADE,ID,83611.0,M,,80000.0,7.8,0.0,6600.0,0.0
,Solovay,,,598-2673,,PA,15565.0,M,,,3.07,,,
,Conde,M,971.0,859-1297,ADEL,OR,97620.0,M,,100000.0,9.0,0.0,318.0,
,Griswold,M,907.0,799-2624,NORTHWAY,AK,99764.0,,,,,0.0,0.0,
Zhihui,Cha,,270.0,125-3909,WALKER,KY,40997.0,M,Y,75000.0,6.0,0.0,40.0,20.0
,Zunino,M,308.0,904-4783,LINCOLN,NE,,,,,,103.0,0.0,
,Terwilliger,M,907.0,829-1608,HUGHES,AK,99745.0,,,,,0.0,0.0,
,,M,787.0,925-9283,ENSENADA,,647.0,M,N,,,0.0,0.0,
Branson,,F,507.0,801-2842,FEDERAL DAM,MN,,S,N,,,3300.0,0.0,0.0
,Sobalvarro,M,406.0,789-7319,BILLINGS,MT,59102.0,M,Y,20000.0,6.9,,,
Waiman,,F,701.0,783-3898,,ND,58007.0,M,,95000.0,2.8569736,,6600.0,0.0
Masuhiro,Baar,F,,329-4560,PAGE,,,,N,,,2000.0,0.0,0.0
Neila,Maxemchuk,,,534-2208,HINCKLEY,,4944.0,,Y,75000.0,8.5,0.0,,2850.0
Blagoja,Taff,F,308.0,684-3762,HAYES CENTER,NE,69032.0,M,Y,25000.0,6.5736103,,,103.0
Fakher,Gasieniec,,215.0,733-7410,,PA,17519.0,M,Y,,,0.0,0.0,0.0
,Kipper,M,,508-4220,ODESSA,DE,,,,,,110.0,0.0,
Simant,Belussi,F,971.0,674-6258,PORTLAND,OR,97211.0,,,15000.0,9.0,0.0,318.0,0.0
Zhang,Mutka,,202.0,826-4408,WASHINGTON,DC,20214.0,S,Y,,5.625,,,1370.0
Ewart,Keen,F,,300-3738,HONOLULU,HI,96817.0,,N,30000.0,6.447368,0.0,2080.0,0.0
Dongmo,Botten,F,325.0,191-1519,PORT MANSFIELD,TX,78598.0,,Y,,,0.0,0.0,0.0
,,M,662.0,162-9468,,,,S,N,,,6000.0,0.0,
,Rutherford,M,320.0,229-1250,MELROSE,MN,56352.0,,,80000.0,7.85,,,
,Scholler,M,,550-5077,WENATCHEE,,98801.0,S,N,,0.0,,,
,Marandjian,M,847.0,169-3322,,IL,,S,,,3.0,2000.0,,
Gomer,Majetic,F,304.0,654-8378,HUNTINGTON,WV,,,N,,6.1499996,2000.0,,0.0
,Halewood,M,,373-2135,,OK,74026.0,M,,5000.0,3.0555556,0.0,2000.0,
,,M,712.0,980-5313,VAN METER,IA,,S,Y,,,40.0,0.0,
,Lanteri,,864.0,892-5461,VANCE,,29163.0,M,Y,85000.0,7.0,0.0,,3300.0
,Viveros,,412.0,898-6435,,PA,15565.0,S,Y,,,0.0,0.0,
Vitor,Thimbleby,F,,272-2837,MINDEN,NV,89423.0,,,,,0.0,0.0,0.0
,Carreras,M,207.0,238-4422,LITCHFIELD,ME,4350.0,,N,20000.0,8.5,0.0,5700.0,
,Ingalls,M,435.0,193-5473,SNOWVILLE,UT,,S,,,,2475.0,0.0,
Dekang,Lindenberg,F,,631-5851,HEMPHILL,WV,,S,N,,6.5,2000.0,,0.0
,Soutyrina,M,224.0,653-6291,,,62076.0,M,Y,90000.0,3.0,,,
,Schultze,M,,297-5512,CASSVILLE,,65625.0,S,N,,6.0,,,
Zhengyan,Detjens,F,,364-3959,,IN,,S,Y,,,1000.0,0.0,1000.0
Shigeyyoshi,Kinariwala,,,623-2655,NASHVILLE,TN,37214.0,,,,,0.0,0.0,0.0
,,M,567.0,716-5484,,,,S,N,,,1300.0,0.0,
Pravil,Martelli,F,,617-9238,PROVIDENCE,RI,2901.0,,,,0.0,0.0,,0.0
Hanene,Ramanna,F,,401-9600,YAMHILL,OR,97148.0,M,Y,75000.0,9.0,,,159.0
,,M,508.0,685-3398,WEST CHESTERFIELD,MA,,S,Y,,,3575.0,0.0,
,Blum,M,,326-2562,LEXINGTON,,,,N,,,3300.0,0.0,
,Lewart,,301.0,113-6150,MARRIOTTSVILLE,MD,21104.0,,,5000.0,4.75,0.0,,
Zohra,Lovis,,267.0,233-9854,,PA,15673.0,S,N,,3.07,0.0,,0.0
,Malita,M,401.0,838-6088,PRUDENCE ISLAND,,2872.0,,Y,,0.0,0.0,,
Karon,Sipusik,F,,483-8208,LAS VEGAS,,89102.0,,Y,,0.0,,,0.0
,Reghbati,,,496-2307,OAK PARK,MI,48237.0,,Y,25000.0,3.9,,,
Moktar,Leathers,,,323-9754,,,47225.0,M,N,85000.0,3.4,0.0,,0.0
Tader,,,716.0,940-4956,INWOOD,NY,11096.0,,,,,,0.0,1000.0
Tinghuai,Schoener,F,406.0,245-8014,BAKER,MT,59313.0,M,,15000.0,6.9,,,1900.0
,L'Excellent,M,,608-7087,PEPPERELL,MA,1463.0,,,100000.0,5.3,0.0,,
Rasiah,Hapanyengwi,F,307.0,220-2750,POWDER RIVER,WY,82648.0,,,,,0.0,0.0,0.0
Gjalt,Glymidakis,F,980.0,809-4520,ELIZABETH CITY,NC,,S,N,,,3300.0,0.0,0.0
,Stroud,M,402.0,246-8155,LYNCH,,68746.0,,Y,10000.0,3.9097095,,,
,,M,605.0,914-2241,FAITH,,57626.0,M,N,,,0.0,0.0,
Cordelia,Dinkhoff,F,,627-3130,HONOLULU,HI,96837.0,,N,20000.0,4.644737,0.0,2080.0,0.0
,Kanneganti,M,,373-7969,EASLEY,SC,,S,N,,,3300.0,0.0,
Varghese,Roeseler,,,580-5216,,IN,46517.0,S,,,3.4,,,1000.0
,,,715.0,703-5535,COMSTOCK,WI,54826.0,M,N,80000.0,5.836415,0.0,1400.0,
,Spitbart,,203.0,930-6636,STAMFORD,CT,6911.0,S,Y,,5.0,,,
,Chellappa,M,,333-1297,SODA SPRINGS,ID,83276.0,M,Y,65000.0,7.8,0.0,6600.0,
Terri,Perz,F,,346-4386,ANASCO,PR,610.0,M,,,0.0,,,0.0
Joydeep,Pevac,F,,558-9127,ARLINGTON,,98223.0,M,N,,0.0,,,0.0
,,,765.0,647-6794,,IN,47550.0,S,,,,,0.0,
Kazuhide,Alpin,F,,546-8853,COLUMBIA,,,S,Y,,,4500.0,0.0,1000.0
Leon,Quackenbush,F,925.0,887-4085,,,93712.0,S,Y,,3.0493855,,,272.0
Zongji,Pearce,M,,285-3618,GREENFIELD,OK,73043.0,S,Y,,6.25,,,1000.0
Lane,Lehoczky,M,,547-1781,TECUMSEH,,,S,N,,6.25,1000.0,,0.0
Kerhong,Kelleghan,F,,645-6536,ANTELOPE,,95843.0,M,Y,30000.0,6.590543,0.0,174.0,272.0
Alexius,Shijie,,980.0,815-6381,HIGH POINT,NC,27260.0,,N,,7.8304195,,,0.0
Kye,Fahringer,,,433-9497,CAMERON,,14819.0,M,Y,,,0.0,0.0,1000.0
Mahan,Hallman,F,,291-6941,LOVELL,,82431.0,,Y,,,0.0,0.0,0.0
Periklis,Kinsman,F,,556-7934,DURHAM,,3824.0,S,Y,,,0.0,0.0,0.0
Petter,Ranst,M,479.0,184-5226,NORTH LITTLE ROCK,,72199.0,,N,,7.0,,,0.0
Jingyuan,Bajoga,,,631-5306,FLINT,,48532.0,M,N,65000.0,3.9,0.0,6200.0,0.0
Yanggon,,,740.0,682-8994,,OH,43271.0,S,,,,,0.0,0.0
Shivi,,M,503.0,678-8203,CORVALLIS,OR,97330.0,M,,85000.0,9.0,,318.0,0.0
Srikanth,Vaisey,F,,443-4734,SOMERSET,MI,,S,,,,3100.0,0.0,0.0
Drago,Autexier,F,,440-2301,HUNTSVILLE,AR,72740.0,,Y,85000.0,7.0,0.0,40.0,20.0
Zuotao,,,612.0,835-6805,LORETTO,MN,55357.0,,N,25000.0,5.5895944,0.0,6600.0,0.0
Thio,,F,623.0,910-3091,KEARNY,AZ,85137.0,,,100000.0,4.265,0.0,4200.0,2300.0
Byunggyu,Shobatake,F,,447-6359,WESTERVILLE,NE,68881.0,M,N,100000.0,6.84,,,0.0
Elvira,Woit,,,279-2028,LAKE CITY,TN,37769.0,,Y,,,0.0,0.0,0.0
Aamer,,,812.0,754-3385,,IN,46546.0,M,N,35000.0,3.4,0.0,2000.0,0.0
Isak,Kabalevsky,F,,341-9946,SPOKANE,,99208.0,S,N,,,0.0,0.0,0.0
Jaeun,Pong,F,971.0,110-9798,BONANZA,,97623.0,S,N,,9.0,,,0.0
Heekyoung,Wilhite,F,,381-6316,GORE,OK,,S,N,,,1000.0,0.0,0.0
Augustus,Gevinti,M,,557-8902,PERRY,LA,,,N,,,4500.0,0.0,0.0
Keumog,Boillat,M,,319-9706,CENTRAL FALLS,,2863.0,S,N,,,0.0,0.0,0.0
Jakub,Krogh,M,,461-6029,,,,S,N,,3.0,2000.0,,0.0
Uta,McJones,,863.0,855-5241,GIBSONTON,FL,33534.0,S,,,0.0,0.0,,0.0
,Preis,,,573-6228,,SC,29731.0,S,Y,,3.563716,,,3300.0
Violaine,Schuning,M,,437-8495,,KS,67836.0,S,,,3.5,,,0.0
Jint,Basnet,M,,364-9230,FORT MEADE,,57741.0,S,Y,,,0.0,0.0,0.0
Weiguo,Scollo,,240.0,909-8444,SUDLERSVILLE,MD,21668.0,S,,,4.75,,,0.0
Mickey,Nyrup,,202.0,974-9163,WASHINGTON,,20065.0,S,Y,,9.0,,,1370.0
Johannes,Massotte,F,,592-2890,BATON ROUGE,,,S,Y,,6.0,4500.0,,1000.0
Sibabrata,Shmuely,M,,290-3032,SWEET HOME,OR,97386.0,S,,,9.0,,,0.0
Drew,,,662.0,673-3238,LITTLE ROCK,MS,39337.0,,Y,65000.0,5.0,0.0,12000.0,1500.0
Mila,Estlin,,203.0,909-9046,HARTFORD,,6161.0,M,N,100000.0,5.0,0.0,24500.0,0.0
Dongdai,Westcott,F,,527-9495,MILFORD,IA,,,N,,,40.0,0.0,0.0
Vempala,,M,702.0,886-3070,LAS VEGAS,NV,89126.0,,,,,0.0,0.0,0.0
Heeseok,,M,775.0,662-4251,RENO,NV,89508.0,,N,,,0.0,0.0,0.0
Frieder,Kenevan,M,406.0,730-8756,DUPUYER,MT,,S,N,,,1900.0,0.0,0.0
Vamsee,,F,503.0,682-6278,BORING,OR,97009.0,M,,15000.0,9.0,0.0,318.0,0.0
Tosio,,F,769.0,972-4009,QUITMAN,MS,,,,,,6000.0,0.0,0.0
Rodney,Perl,,202.0,737-8121,WASHINGTON,DC,20403.0,S,,,5.625,,,1370.0
Simukai,Chiarodo,M,,508-7884,MILO,MO,,,,,,2100.0,0.0,1200.0
Hubertus,,M,618.0,143-8635,,IL,,S,N,,,2000.0,0.0,0.0
Cemal,Holand,,,637-9249,AUBURNDALE,FL,33823.0,M,N,,,0.0,0.0,0.0
Bingchiang,Jahnichen,M,,365-4809,LUQUILLO,PR,773.0,,N,,,0.0,0.0,0.0
Falguni,,F,609.0,993-2963,,NJ,,S,N,,,1000.0,0.0,0.0
,,M,505.0,787-1338,MAYHILL,NM,88339.0,,,95000.0,5.3,0.0,6600.0,3300.0
Haomin,Wodon,F,443.0,748-2787,MANCHESTER,MD,,,Y,,,2400.0,0.0,2400.0
Dave,,F,503.0,238-1530,ADEL,OR,97620.0,M,N,10000.0,9.0,,318.0,0.0
,Babaguchi,F,,543-2894,HOBBS,NM,,,Y,,,3300.0,0.0,3300.0
Patricio,Marburger,M,,342-5668,BENTON,,,S,N,,5.0,6000.0,,0.0
Eshrat,Veljan,F,301.0,137-3006,POOLESVILLE,MD,,,Y,,,2400.0,0.0,2400.0
Zmago,Collard,M,401.0,780-7159,NORTH SCITUATE,RI,2857.0,,N,,,0.0,0.0,0.0
Ida,Simmen,M,,350-7989,ALEXANDRIA,LA,71309.0,S,N,,6.0,,,0.0
Yalin,Nerode,,212.0,939-3008,WANTAGH,NY,11793.0,M,,,4.4460363,,,1000.0
Shooying,Malsburg,,276.0,905-1526,CHARLOTTESVILLE,VA,22910.0,M,,40000.0,5.75,0.0,,900.0
Weihai,Schwederski,,,267-5813,,PA,18940.0,S,,,3.07,,,0.0
Anjaneyulu,,,513.0,195-3964,,OH,45426.0,M,N,30000.0,1.5418718,0.0,2600.0,0.0
Tihomir,Vinay,M,,463-3515,MALAD CITY,ID,,,,,,3300.0,0.0,0.0
Mechthild,Antin,F,,632-2310,PUEBLO,,81001.0,,N,,,0.0,0.0,0.0
Orit,Luff,M,,577-1771,NELLIS AFB,,89191.0,,Y,,0.0,0.0,,0.0
Boonsieng,,M,480.0,757-1507,BAGDAD,AZ,86321.0,M,N,90000.0,4.11,0.0,4200.0,0.0
Gabriela,Ritondale,F,985.0,946-6751,WINNSBORO,LA,71295.0,M,N,85000.0,6.0,,,0.0
Phoebe,Taka,F,918.0,193-7826,WYNONA,,74084.0,S,N,,6.25,,,0.0
Harm,Boulier,M,276.0,172-9415,HENRICO,VA,,S,Y,,,900.0,0.0,900.0
Masasuke,Straubing,,,615-9678,ALAMO,,30411.0,S,N,,6.0,,,0.0
Wolffried,Kahl,M,,469-8372,CATAWISSA,MO,63015.0,M,,70000.0,6.0,0.0,4200.0,0.0
Spiro,,M,520.0,229-3957,LITTLEFIELD,AZ,,,,,,2100.0,0.0,0.0
Xunwei,Worm,F,,496-3025,,ND,,S,,,,3300.0,0.0,0.0
Yuichi,Sakomoto,M,402.0,914-8917,HENDLEY,NE,68946.0,S,Y,,6.84,,,103.0
Rajmohan,Sohoni,,,447-7207,MANCHESTER,CT,6042.0,,,60000.0,5.0,,,0.0
Keung,Zeadally,,,364-5093,,,46075.0,M,N,20000.0,3.4,0.0,2000.0,0.0
Garnet,,,765.0,726-1685,,IN,47340.0,M,N,10000.0,3.4,0.0,2000.0,0.0
Jovisa,Hoang,F,,325-1590,LOUISVILLE,,80027.0,,Y,,,0.0,0.0,0.0
Saeko,,F,605.0,258-1064,RAPID CITY,SD,57709.0,,,,,0.0,0.0,0.0
Stefanie,,F,603.0,120-2723,GILSUM,NH,3448.0,S,,,,,0.0,0.0
Hui,,F,775.0,954-2509,SLOAN,NV,89054.0,M,N,,,0.0,0.0,0.0
Case,,,606.0,201-9014,,KY,41055.0,M,Y,30000.0,3.5,,40.0,20.0
Yimeng,,F,605.0,199-2440,OACOMA,SD,57365.0,,,,,0.0,0.0,0.0
Katharine,Stolboushkin,,302.0,779-4791,,,19902.0,M,N,25000.0,3.5636363,,,0.0
Hafedh,Averbukh,M,406.0,673-6247,SOMERS,MT,59932.0,M,N,45000.0,6.9,0.0,3800.0,0.0
Mallory,Provost,F,351.0,891-3088,NORTH FALMOUTH,,2556.0,,N,,5.3,,,0.0
Kemal,Fouquere,F,307.0,112-7643,EMBLEM,,82422.0,M,Y,,,0.0,0.0,0.0
,,M,802.0,122-4326,WATERBURY CENTER,VT,,S,Y,,,3300.0,0.0,3300.0
Moises,Orgass,F,,550-7314,IMLAY,,89418.0,,Y,,0.0,,,0.0
Liao,Fortenbacher,M,402.0,154-4623,LOUISVILLE,,68037.0,,Y,75000.0,6.84,0.0,206.0,103.0
Mandy,Haasis,M,304.0,813-8667,SALEM,,,,N,,,2000.0,0.0,0.0
,Wettschereck,,,523-4408,DAUFUSKIE ISLAND,SC,29915.0,M,Y,15000.0,7.0,0.0,6600.0,3300.0
Darwen,Giaccio,F,,454-1195,OREGON CITY,OR,,,N,,,159.0,0.0,0.0
Bingning,Grun,,,282-7013,WASHINGTON,DC,20052.0,M,Y,60000.0,9.0,0.0,2740.0,1370.0
Ivelin,Benoit,F,303.0,173-6789,SEVERANCE,,80546.0,,Y,,,0.0,0.0,0.0
Aamod,Anger,M,406.0,213-3932,WILLOW CREEK,MT,,S,Y,,,1900.0,0.0,1900.0
Kenmore,Corless,M,,303-7734,CHESTER GAP,,,S,Y,,,900.0,0.0,900.0
Anjaneyulu,Portugali,M,307.0,679-3237,LARAMIE,WY,82071.0,,N,,0.0,,,0.0
Vinoo,Brush,M,,434-8775,GROVELAND,MA,,S,,,,3575.0,0.0,1000.0
Isdor,Grams,,,483-7484,ETTA,,38627.0,M,N,35000.0,5.0,0.0,12000.0,0.0
Tianxu,Delannoy,F,228.0,112-1279,JACKSON,MS,,,,,,6000.0,0.0,1500.0
Vimal,,F,508.0,104-2752,ATTLEBORO,MA,2703.0,M,,90000.0,5.3,0.0,7150.0,0.0
Partick,Dangelo,,,265-1230,TROY,,38260.0,S,N,,,0.0,0.0,0.0
,,,803.0,230-1817,SUMMERVILLE,,29483.0,S,Y,,,,0.0,3300.0
Wenjun,Burston,M,405.0,797-8697,OCHELATA,OK,74051.0,,,20000.0,6.25,0.0,2000.0,1000.0
Toshimasa,Wirthlin,F,260.0,965-7739,,IN,,S,,,,1000.0,0.0,0.0
Germano,Rish,M,207.0,757-4917,AUGUSTA,ME,4330.0,S,Y,,8.5,,,2850.0
Gerri,,M,619.0,916-8526,LEGGETT,CA,,,N,,,87.0,0.0,0.0
Akifumi,,M,605.0,749-7570,SPRINGFIELD,SD,57062.0,S,Y,,,0.0,0.0,0.0
Noam,,M,765.0,868-5612,,,,S,Y,,,1000.0,0.0,1000.0
Doan,,M,701.0,662-7787,,ND,,S,N,,,3300.0,0.0,0.0
Andishe,Trucco,,229.0,837-8677,MAYSVILLE,GA,30558.0,,N,15000.0,6.0,0.0,5400.0,0.0
Satyamurthy,Getis,M,,515-3120,MARSHALLTOWN,IA,,,,,,40.0,0.0,40.0
Winky,Badache,M,319.0,817-6266,,IA,,S,,,,40.0,0.0,40.0
Durga,Bestgen,,,287-8925,,PA,16611.0,S,N,,,0.0,0.0,0.0
Arra,,,608.0,909-8672,MILWAUKEE,WI,53222.0,,N,25000.0,4.880782,0.0,1400.0,0.0
Hovav,,,551.0,121-8481,,NJ,8318.0,M,Y,60000.0,2.0308332,0.0,2000.0,1500.0
Rens,,M,503.0,755-7899,EUGENE,OR,97405.0,S,,,,,0.0,159.0
Mengly,,F,507.0,205-9010,VERNDALE,,56481.0,M,N,10000.0,5.35,0.0,6600.0,0.0
Murthy,Erni,,215.0,948-6602,,,19367.0,S,N,,,0.0,0.0,0.0
Yaakov,Suros,F,401.0,157-9953,GREENVILLE,RI,2828.0,M,,,0.0,,,0.0
Moritoshi,Lafora,,,374-7501,WASHINGTON,,20508.0,M,Y,75000.0,9.0,0.0,,1370.0
Gerrine,Skwarecki,,,387-6137,CLANTON,AL,35045.0,S,N,,5.0,,,0.0
Piera,Yahyapour,F,,301-7461,CLAREMONT,SD,57432.0,M,Y,,,0.0,0.0,0.0
Kamila,Poon,F,907.0,217-6951,FAIRBANKS,,99706.0,S,Y,,0.0,,,0.0
Lynn,,M,618.0,242-7390,,,62939.0,M,Y,20000.0,3.0,,4000.0,2000.0
Yixun,Yokomizo,F,985.0,935-6003,SAINT AMANT,LA,70774.0,,,45000.0,6.0,0.0,9000.0,1000.0
Sidhar,Ponceleon,,334.0,722-2105,CULLMAN,AL,35057.0,S,,,5.0,,,300.0
Shair,Mouchtaris,,,562-2861,BATH,SC,29816.0,S,,,7.0,,,0.0
Pradeep,Collavizza,M,,273-4547,TRASKWOOD,AR,72167.0,M,,30000.0,7.0,0.0,40.0,0.0
Toneluh,Minka,,,495-2533,GAINESVILLE,FL,32613.0,M,,,0.0,,,0.0
Shuo,,F,701.0,818-8916,,ND,,S,,,,3300.0,0.0,0.0
Jaya,Voiskunskii,,228.0,189-3880,KOKOMO,,39643.0,,N,80000.0,5.0,0.0,12000.0,0.0
Love,Tupikova,M,,395-6593,,,,S,N,,,3300.0,0.0,0.0
Estrella,Lenders,F,339.0,974-6795,PLYMOUTH,MA,,,N,,5.3,3575.0,,0.0
Mahadevamurty,Beke,F,,431-3037,BARTLETT,,68622.0,M,Y,70000.0,6.84,0.0,206.0,103.0
JoAnna,Ochimizu,,,269-7692,SPRINGFIELD,,22161.0,M,N,70000.0,5.75,,,0.0
Yoshinari,,M,808.0,758-4690,KAILUA KONA,HI,96740.0,,N,100000.0,8.25,0.0,2080.0,0.0
Tuval,,F,541.0,652-9055,HERMISTON,OR,97838.0,,,40000.0,9.0,0.0,318.0,0.0
Chandrajit,Lupton,F,856.0,823-1991,,NJ,,S,Y,,1.4,1000.0,,1500.0
Yeow,Pinger,,,397-5507,ARLINGTON,VA,22230.0,M,,80000.0,5.75,,,0.0
Truman,Philippsen,,,511-7051,GAINESVILLE,GA,30504.0,S,,,6.0,,,3000.0
Wilmer,Griwodz,,262.0,762-2011,LITTLE CHUTE,WI,54140.0,,,15000.0,4.707031,0.0,1400.0,0.0
AbdelAli,Lutzeler,M,402.0,832-9989,DAVEY,NE,,S,Y,,6.84,103.0,,103.0
Bertjan,Stroud,M,,340-9145,WAGONER,OK,74467.0,S,Y,,6.25,,,1000.0
Jereon,Waksman,M,860.0,720-2484,NORTH GRANBY,,,,Y,,,12750.0,0.0,0.0
Hoon,McCallum,M,,434-2530,CALDWELL,KS,,S,Y,,6.45,2250.0,,2250.0
Lui,,F,563.0,722-2265,,,,S,Y,,,40.0,0.0,40.0
Alexei,Kark,,202.0,999-8782,WASHINGTON,DC,20310.0,M,Y,60000.0,9.0,0.0,2740.0,1370.0
Birgitta,Mottet,F,,504-6849,WEST JORDAN,UT,84088.0,S,Y,,7.0,,,2475.0
Dejan,,F,763.0,963-5830,HILLS,MN,56138.0,,N,55000.0,7.1904483,0.0,6600.0,0.0
Rengarajan,Newstetter,,,545-1417,,IN,47848.0,S,,,3.4,,,1000.0
Maisa,Skeel,F,,630-3478,EAST PROVIDENCE,,2914.0,M,Y,,0.0,,,0.0
Joachim,Lugannani,M,918.0,880-9509,,,,S,Y,,3.0555556,1000.0,,1000.0
Giridharan,Takkinen,M,,569-1704,OLATHE,KS,,,Y,,,2250.0,0.0,2250.0
Giora,,,641.0,796-2153,SABULA,IA,52070.0,,N,85000.0,8.98,0.0,80.0,0.0
Marios,Fayerman,M,,583-5581,,,96719.0,M,N,5000.0,1.9407895,0.0,2080.0,0.0
Carsten,Brooks,M,302.0,704-4501,WILMINGTON,DE,,S,Y,,,110.0,0.0,110.0
Joosun,,F,619.0,115-1698,,,,S,Y,,,87.0,0.0,272.0
Nello,Tamesada,,,503-6966,EURE,,27935.0,M,N,100000.0,7.8304195,0.0,6600.0,0.0
Reggie,Keronen,,,391-5229,WASHINGTON,DC,20301.0,M,,65000.0,9.0,0.0,2740.0,0.0
Tomonori,Protzen,M,,302-1860,DORCHESTER CENTER,MA,2124.0,M,,95000.0,5.3,,,1000.0
Aki,Waema,F,915.0,950-4386,SAN ANTONIO,TX,78257.0,,N,,,0.0,0.0,0.0
Kazuyo,Casas,M,401.0,738-1435,NEWPORT,,2841.0,,Y,,,0.0,0.0,0.0
Fujie,Anjan,,302.0,153-4521,NEWARK,DE,19726.0,,N,85000.0,5.95,0.0,220.0,0.0
Keqin,Weatherly,M,,309-7944,COTUIT,,,S,N,,,3575.0,0.0,0.0
Gholamali,Womble,,,632-4990,,OH,44090.0,M,Y,10000.0,0.8779744,0.0,2600.0,1300.0
Fouad,Devitt,F,,337-2528,ROLL,AZ,85347.0,,Y,75000.0,3.8775,0.0,4200.0,2300.0
Yukon,Nitzan,F,405.0,844-2331,WELEETKA,OK,74880.0,M,N,60000.0,6.25,,,0.0
Aspassia,,M,702.0,798-1940,LAS VEGAS,NV,89162.0,,N,,,0.0,0.0,0.0
Surendra,Struble,F,435.0,818-9959,TOQUERVILLE,UT,84774.0,S,,,7.0,,,0.0
Yasuma,,F,605.0,663-8966,FULTON,SD,57340.0,M,,,,0.0,0.0,0.0
Dentcho,Telerman,F,,297-2418,BARNSDALL,OK,74002.0,M,N,70000.0,6.25,0.0,2000.0,0.0
Mirion,Perri,M,,333-4224,HAVANA,,72842.0,S,N,,7.0,,,0.0
Maurelio,Wheen,M,,325-4122,,,,S,N,,,1000.0,0.0,0.0
Kaname,Bergher,M,301.0,936-1021,QUANTICO,,,,Y,,,2400.0,0.0,2400.0
Youssef,,M,605.0,789-5424,FAIRBURN,SD,57738.0,S,Y,,,,0.0,0.0
Leni,Rosenquist,F,208.0,663-1929,GRAND VIEW,,83624.0,S,N,,7.8,,,0.0
Kumar,Spink,F,417.0,955-5788,OTTERVILLE,,65348.0,,N,75000.0,6.0,,,0.0
Xun,Talmor,,,603-3004,ACCOVILLE,WV,25606.0,M,,70000.0,6.5,0.0,4000.0,0.0
Amol,Steenbeek,M,,536-7897,,ND,58258.0,M,N,95000.0,2.8569736,,,0.0
Oran,Boydens,M,225.0,133-1071,FARMERVILLE,,,S,N,,,4500.0,0.0,0.0
Yamin,Krauser,F,,508-1296,OMAK,WA,98841.0,,,,0.0,0.0,,0.0
Rainer,Greibach,,,430-6074,PINEY FLATS,TN,37686.0,,,,,0.0,0.0,0.0
Mizuho,Altiok,M,425.0,218-7489,CAMANO ISLAND,,98282.0,M,Y,,,0.0,0.0,0.0
Toine,,F,505.0,175-9787,WILLARD,NM,87063.0,M,,55000.0,5.3,,6600.0,0.0
Basuki,,M,787.0,203-1181,SAN GERMAN,PR,683.0,,N,,,0.0,0.0,0.0
Suvo,Sinicrope,M,,392-8420,MONA,UT,84645.0,,,50000.0,7.0,,,2475.0
Yida,Shelburne,,,440-6275,FORT MC COY,FL,32134.0,M,,,0.0,,,0.0
,Eoyang,M,218.0,210-9424,STEWART,MN,,S,Y,,,3300.0,0.0,3300.0
Yoshioki,,,763.0,660-2629,WACONIA,MN,55387.0,M,N,60000.0,7.4572573,0.0,6600.0,0.0
Chunming,Wolff,F,,293-9864,NORTH FRANKLIN,CT,,,N,,,12750.0,0.0,0.0
Toshinobu,,F,603.0,256-1813,BARTLETT,NH,3812.0,S,,,,0.0,0.0,0.0
Kiyonori,Autexier,F,,551-8566,GARBER,,73738.0,M,Y,15000.0,6.25,0.0,2000.0,1000.0
Shifu,,F,480.0,118-7190,MORRISTOWN,AZ,,,,,,2100.0,0.0,0.0
Dhruba,,F,651.0,124-4205,MILLVILLE,MN,,,N,,,3300.0,0.0,0.0
Gleb,Kiesler,M,434.0,972-4480,CASCADE,VA,,S,Y,,,900.0,0.0,900.0
Werner,,F,573.0,687-7082,VERSAILLES,MO,65084.0,M,,10000.0,6.0,0.0,4200.0,0.0
Francis,Tolga,F,,332-7717,GRANITE FALLS,WA,98252.0,M,Y,,,0.0,0.0,0.0
Parke,Dowell,,202.0,121-3846,WASHINGTON,,20541.0,M,Y,45000.0,9.0,0.0,2740.0,1370.0
Kensyu,Bencher,F,859.0,900-3095,FRENCHBURG,,,S,N,,,20.0,0.0,0.0
Nathan,Cornard,M,,400-7893,SUN RIVER,,59483.0,M,N,55000.0,6.9,0.0,3800.0,0.0
Viviane,Tanishita,M,217.0,740-2063,,IL,61817.0,M,,90000.0,3.0,0.0,4000.0,0.0
Franklin,Brownfield,F,,594-5815,COAHOMA,MS,,S,Y,,,6000.0,0.0,1500.0
Deganit,Greenaway,F,314.0,169-3230,DUNNEGAN,MO,65640.0,M,Y,20000.0,6.0,0.0,4200.0,1200.0
Valentyn,Gellersen,F,401.0,246-2130,BRISTOL,RI,2809.0,M,,,,0.0,0.0,0.0
Walther,,,585.0,692-4936,BROOKLYN,NY,11202.0,S,,,,0.0,0.0,0.0
Shimei,Rauscher,F,907.0,958-8999,ANCHORAGE,AK,99513.0,S,,,0.0,,,0.0
Alle,Brush,,860.0,750-8810,BRANFORD,CT,6405.0,M,N,60000.0,5.0,0.0,24500.0,0.0
Isambo,,M,603.0,693-8005,NORTH SUTTON,,3260.0,,N,,,0.0,0.0,0.0
Qunsheng,,M,504.0,896-5617,PRINCETON,LA,,,,,,4500.0,0.0,1000.0
Taiji,Pitsoulis,,,574-9515,,VT,5201.0,S,,,3.6,,,0.0
Ardian,,M,504.0,797-4307,BOSSIER CITY,LA,71111.0,S,Y,,,,0.0,1000.0
Sabrina,Daijavad,F,,431-5206,BRIGHTON,CO,80603.0,S,,,,0.0,0.0,0.0
Rephael,Rorvig,,,546-1672,CAPE CORAL,FL,33915.0,M,,,0.0,,,0.0
Graca,Hartvigsen,M,303.0,156-2710,CRESTED BUTTE,CO,81224.0,M,N,,,0.0,0.0,0.0
Chienwen,,F,775.0,998-3523,RENO,NV,89503.0,,Y,,,,0.0,0.0
Carmem,Honiden,M,907.0,256-8966,MOOSE PASS,AK,99631.0,,N,,,0.0,0.0,0.0
Lalita,Crooks,F,,510-5261,MIDWAY,,,,N,,,2475.0,0.0,0.0
Weixin,,M,775.0,858-6520,LAS VEGAS,NV,89103.0,,,,,0.0,0.0,0.0
Spephan,,F,505.0,252-7247,LAS CRUCES,NM,,,,,,3300.0,0.0,0.0
Shinichiro,,F,808.0,812-6138,,HI,96725.0,M,,15000.0,3.743421,0.0,2080.0,0.0
Chuan,Willamowski,,,345-1428,ATLANTA,GA,30355.0,M,N,55000.0,6.0,0.0,5400.0,0.0
Radu,Mikulecky,M,307.0,716-9192,CROWHEART,WY,82512.0,M,,,0.0,,,0.0
Adri,Multari,,,530-6664,,PA,19503.0,S,N,,3.07,,,0.0
Vaduvur,Cardiff,F,,322-4300,,OH,,S,,,,1300.0,0.0,0.0
Marcian,Cullinane,F,,362-1948,HYANNIS,,,,N,,,103.0,0.0,0.0
,Stefanini,F,,573-6574,,ND,58448.0,M,,25000.0,2.1,,,3300.0
Hyunchul,,F,602.0,177-2707,,AZ,,S,N,,,2100.0,0.0,0.0
Dongho,Rhyne,M,857.0,961-9639,SOUTH HARWICH,MA,2661.0,M,Y,10000.0,5.3,,,1000.0
Ursel,Joeris,M,,494-3216,COLORADO SPRINGS,CO,80970.0,S,,,,0.0,0.0,0.0
Davood,Gryl,F,253.0,860-5350,TACOMA,WA,98418.0,M,Y,,,0.0,0.0,0.0
Xinxin,Boddy,M,,527-7767,SOUTH WELLFLEET,MA,,S,,,,3575.0,0.0,0.0
Michiko,,,608.0,208-3941,ONALASKA,,54650.0,,Y,,,,0.0,400.0
Seema,Weusten,F,231.0,858-9888,NEWPORT,MI,,,,,,3100.0,0.0,0.0
Masaharu,,,772.0,702-3612,STUART,,34997.0,S,Y,,,0.0,0.0,0.0
Alassane,,F,787.0,141-6015,GUAYNABO,PR,966.0,M,N,,,0.0,0.0,0.0
Kishore,Papadourakis,,,297-8683,VINA,,35593.0,S,Y,,5.0,,,300.0
,,M,505.0,240-7932,SANTO DOMINGO PUEBLO,NM,,,Y,,,3300.0,0.0,3300.0
Sakke,Dale,F,202.0,226-8471,WASHINGTON,DC,,S,,,,1370.0,0.0,1370.0
Ruben,Bolotov,F,323.0,134-9048,MODESTO,CA,95356.0,,,65000.0,9.3,0.0,174.0,0.0
,Ravishankar,F,,570-5370,,ND,58497.0,S,Y,,2.68309,,,3300.0
Yasutaka,Streett,M,918.0,165-5674,FORT TOWSON,OK,74735.0,M,,50000.0,6.25,,,0.0
Alper,Leece,,,468-1141,PENNEY FARMS,FL,32079.0,,Y,,0.0,0.0,,0.0
Jian,Leherte,F,,602-8332,WASHITA,,,S,Y,,6.25,1000.0,,1000.0
Mamede,McGuffin,F,206.0,766-3919,PRESCOTT,,99348.0,,Y,,0.0,0.0,,0.0
Thoshiro,Trehel,,,522-9723,MURFREESBORO,TN,37128.0,,,,,0.0,0.0,0.0
Attilio,Nedjah,,,412-7055,ATWOOD,TN,38220.0,M,N,,0.0,,,0.0
Surapant,Diskin,M,314.0,973-3013,VALLEY PARK,MO,63088.0,M,,100000.0,6.0,0.0,4200.0,0.0
Shizuo,Feldmeier,F,207.0,738-1590,CANAAN,ME,,S,,,,2850.0,0.0,2850.0
Supot,Kain,F,,437-2649,LANCE CREEK,WY,82222.0,,,,,0.0,0.0,0.0
Maury,Beounes,F,,324-4488,GRACEVILLE,,56240.0,M,N,95000.0,7.85,0.0,6600.0,0.0
Pernille,,,571.0,207-7965,ROANOKE,,24040.0,,Y,100000.0,5.75,0.0,1800.0,900.0
Biju,,F,620.0,131-5059,,KS,,S,N,,,2250.0,0.0,0.0
Nazife,Navazio,,302.0,798-5246,DOVER,,19906.0,S,N,,5.95,,,0.0
Gouhua,Nishimukai,M,,427-4609,AXTELL,UT,84621.0,S,Y,,7.0,,,2475.0
Ismailcem,Inamori,F,206.0,703-1772,OLALLA,,98359.0,,N,,,0.0,0.0,0.0
Paulina,,F,775.0,190-4098,LAS VEGAS,,89195.0,,Y,,,0.0,0.0,0.0
Nicolai,Zingoni,M,307.0,850-3925,LA BARGE,,83123.0,,Y,,,0.0,0.0,0.0
Wagdy,Vrecion,M,,356-1027,MADISONVILLE,LA,,,,,,4500.0,0.0,1000.0
,,,507.0,233-9290,OSSEO,,55311.0,,Y,90000.0,7.85,,6600.0,3300.0
DongGill,Drexl,F,940.0,993-5981,DALLAS,TX,75393.0,M,Y,,,0.0,0.0,0.0
Emma,Zolotykh,,,412-2387,DORTON,KY,41520.0,M,Y,85000.0,6.0,0.0,40.0,20.0
Lennert,Rodiger,F,401.0,669-9325,EAST PROVIDENCE,,2914.0,M,Y,,0.0,,,0.0
Ciprian,,M,701.0,760-5150,,ND,58238.0,M,N,30000.0,2.1034775,,6600.0,0.0
Danco,Hodas,,,342-3045,BRIGHTON,IA,52540.0,M,N,90000.0,8.98,0.0,80.0,0.0
Agata,Brlek,M,479.0,856-5175,MAYFLOWER,AR,72106.0,,N,20000.0,4.9682083,0.0,40.0,0.0
Rogelio,Haslam,,,263-5870,BRIDGEPORT,CT,6602.0,M,,60000.0,5.0,0.0,24500.0,0.0
Seungjong,,M,605.0,157-4201,WHITE OWL,SD,57792.0,M,,,,0.0,0.0,0.0
Roelof,Dubernard,F,,637-4461,BOGALUSA,LA,,S,,,,4500.0,0.0,1000.0
,Prahl,,,605-9457,LAKE CITY,SC,29560.0,,Y,10000.0,5.752432,,,3300.0
Masaski,Khalil,,912.0,749-5997,SAINT SIMONS ISLAND,,31522.0,,N,100000.0,6.0,0.0,5400.0,0.0
Rashi,Racz,M,870.0,163-7627,RIVERVALE,AR,72377.0,,,,7.0,,,20.0
Ghulam,Cappelletti,F,479.0,186-3201,CLINTON,AR,,S,N,60000.0,,20.0,0.0,0.0
Roch,Priestley,,,396-1755,BRIDGEPORT,CT,6610.0,M,,35000.0,5.0,,,0.0
,Batliner,M,919.0,809-5406,LINVILLE,NC,,,Y,45000.0,,3300.0,0.0,3300.0
Jiming,,M,720.0,654-5497,FREDERICK,,80530.0,S,Y,70000.0,,0.0,0.0,0.0
Ewing,Tahar,M,,303-1139,RUMNEY,NH,3266.0,,N,100000.0,0.0,,,0.0
Foto,,M,603.0,730-1542,CANAAN,NH,3741.0,S,N,65000.0,,0.0,0.0,0.0
Nataraj,Snedden,F,401.0,655-1984,OAKLAND,,2858.0,,N,15000.0,0.0,,,0.0
,Wind,M,,337-9938,,ND,58355.0,M,,55000.0,2.3932838,0.0,6600.0,3300.0
Muralidhar,Heckerman,M,,496-4002,WESTERNPORT,,,S,Y,35000.0,,2400.0,0.0,2400.0
Pangfeng,Zaccaria,F,,281-3365,ANCHORAGE,,99511.0,S,Y,,,0.0,0.0,0.0
Aiko,Nitsche,,304.0,676-3261,RAVENCLIFF,WV,25913.0,,N,,5.1000004,,,0.0
Badrul,Narendra,M,985.0,124-6572,BUNKIE,LA,71322.0,M,Y,40000.0,6.0,,,1000.0
Bharathi,Speel,,302.0,853-4580,WILMINGTON,DE,19880.0,S,N,,4.586364,,,0.0
Takatoshi,Ackley,M,,406-4135,,OH,,S,,30000.0,,1300.0,0.0,1300.0
Manrique,Arbab,M,228.0,916-6614,FULTON,,,S,N,65000.0,,6000.0,0.0,0.0
,Khadilkar,F,208.0,134-1273,LOWMAN,,83637.0,,Y,45000.0,7.8,0.0,6600.0,3300.0
Cholwich,Lubarsky,,,474-5754,KANSASVILLE,WI,53139.0,,Y,70000.0,5.6626635,0.0,,400.0
,Durre,M,,453-6687,SEABOARD,NC,,,Y,75000.0,,3300.0,0.0,3300.0
Wasfi,Kalyanakrishnan,F,,343-5117,,NJ,,S,,25000.0,,1000.0,0.0,0.0
,Grob,M,,505-5405,PIE TOWN,NM,87827.0,,,75000.0,5.3,0.0,6600.0,3300.0
Vasilios,Quinlan,F,,401-3473,RENO,NV,89501.0,,,45000.0,0.0,,,0.0
Hanpei,Demleitner,,,295-6249,WASHINGTON,DC,20350.0,M,N,95000.0,9.0,0.0,2740.0,0.0
Marti,,,740.0,857-8238,,,45853.0,M,N,45000.0,2.039795,,2600.0,0.0
Tsunetoshi,Lehoczky,F,,299-7979,FREDERICK,MD,,S,,25000.0,4.75,2400.0,,0.0
Sharon,Chamillard,F,406.0,884-7833,BILLINGS,MT,,S,,65000.0,,1900.0,0.0,0.0
Yuval,Karatsu,F,,304-5417,RUTLAND,MA,1543.0,,Y,55000.0,5.3,0.0,7150.0,1000.0
Shaw,Kingdon,M,,439-8354,PRUDENCE ISLAND,RI,2872.0,,,90000.0,,0.0,0.0,0.0
Yoshiharu,Ohmori,M,907.0,220-7402,ANDERSON,AK,99744.0,S,Y,5000.0,0.0,,,0.0
Piraye,Laguitton,F,907.0,711-1571,SOUTH NAKNEK,AK,99670.0,M,N,40000.0,0.0,0.0,,0.0
Fumitake,Morvan,M,,423-8077,PONDER,TX,76259.0,,Y,60000.0,0.0,,,0.0
Xiaopeng,,,507.0,132-2531,MINNEAPOLIS,MN,55483.0,,,45000.0,6.6568303,0.0,6600.0,0.0
Hironao,,F,775.0,878-2990,LAS VEGAS,NV,89146.0,,N,70000.0,,0.0,0.0,0.0
Jyhjong,Bals,F,302.0,118-1749,LINCOLN,,,,N,70000.0,,110.0,0.0,0.0
Hannah,Mittra,M,907.0,893-4244,TANANA,AK,99777.0,M,Y,5000.0,0.0,,,0.0
Wilburt,Yabe,M,985.0,146-5642,MANSURA,LA,,,,100000.0,,4500.0,0.0,1000.0
,Tramer,M,208.0,997-6821,SHOSHONE,ID,83352.0,M,Y,80000.0,7.8,0.0,6600.0,3300.0
Judee,Chikaraishi,,,644-2890,BANGOR,,54614.0,M,N,60000.0,5.488912,0.0,1400.0,0.0
Yojiro,Rosenquist,,,452-8827,LUXEMBURG,WI,54217.0,,,80000.0,5.836415,,,0.0
,Gentner,F,208.0,718-9955,CRAIGMONT,ID,,S,,60000.0,,3300.0,0.0,3300.0
Sandor,Domenig,F,405.0,233-2701,OSCAR,OK,,,,85000.0,,1000.0,0.0,1000.0
Hannie,Choobineh,F,,348-6019,HARTSEL,CO,80449.0,M,Y,75000.0,,0.0,0.0,0.0
Hansjurgen,,M,602.0,932-7717,,AZ,,S,N,55000.0,,2100.0,0.0,0.0
Almira,Sloope,,,627-4489,CLINTON,SC,29325.0,M,N,15000.0,7.0,,,0.0
Darwin,Paillier,,,295-5926,ALBION,IA,50005.0,S,Y,45000.0,7.111101,,,40.0
Barbee,,,561.0,753-3396,PORT CHARLOTTE,FL,33952.0,,Y,100000.0,,0.0,0.0,0.0
Grigore,,F,808.0,833-1170,HONOLULU,HI,96839.0,,Y,65000.0,,,0.0,1040.0
Gajanana,,,703.0,696-3215,SANDY LEVEL,VA,24161.0,,Y,65000.0,5.75,0.0,1800.0,900.0
Cristine,Cavalloro,,980.0,885-5459,GREENSBORO,NC,27405.0,M,N,90000.0,7.6206293,0.0,6600.0,0.0
Devesh,Kayser,M,,414-6284,,AR,,S,N,15000.0,,20.0,0.0,0.0
Filipe,,M,541.0,785-5565,HUNTINGTON,OR,97907.0,,N,85000.0,,,0.0,0.0
Murad,Anjur,F,256.0,193-2530,CHILDERSBURG,,,S,N,80000.0,,1500.0,0.0,0.0
Sanjay,Wixon,M,308.0,131-5457,ENDERS,NE,69027.0,M,,15000.0,4.7976766,0.0,206.0,103.0
Christopher,Billaud,M,337.0,662-1439,KRAEMER,LA,70371.0,,Y,35000.0,6.0,0.0,9000.0,1000.0
Tuong,,M,701.0,661-4197,,ND,58121.0,M,,65000.0,2.5092063,,6600.0,0.0
Man,Suermann,M,,282-5831,SPOFFORD,,3462.0,S,Y,10000.0,0.0,,,0.0
Youquan,,F,719.0,257-4032,FORT COLLINS,CO,80528.0,S,N,70000.0,,0.0,0.0,0.0
Harris,Press,,,333-8228,DURHAM,NC,27705.0,M,N,80000.0,7.410839,,,0.0
Sefeng,,F,530.0,924-8455,CALIPATRIA,CA,,S,,90000.0,,87.0,0.0,0.0
,,,803.0,669-8729,ARCADIA,SC,29320.0,M,Y,70000.0,7.0,,6600.0,3300.0
Hui,Krisper,F,,604-1030,UNION,NH,3887.0,M,N,80000.0,0.0,0.0,,0.0
Nagesh,,F,802.0,753-8741,EAST SAINT JOHNSBURY,,,S,N,65000.0,,3300.0,0.0,0.0
Temple,,M,605.0,256-2958,REVA,SD,57651.0,,,80000.0,,,0.0,0.0
Jinseok,Kleyle,M,,325-9317,BROOKLIN,,,S,Y,10000.0,4.5857663,2850.0,,2850.0
Pnina,,M,775.0,968-3656,HENDERSON,NV,89014.0,S,N,90000.0,,0.0,0.0,0.0
Ceon,Brightwell,M,,618-9186,,KY,,S,N,30000.0,,20.0,0.0,0.0
Fadila,Perng,,,608-6347,MEMPHIS,TN,37544.0,,N,70000.0,0.0,,,0.0
Sitvanit,Vongsathorn,M,,396-6175,PORTLAND,OR,97281.0,,,95000.0,9.0,0.0,318.0,159.0
Susann,,M,773.0,152-7176,,IL,,S,,100000.0,,2000.0,0.0,0.0
Meyer,Alfredsen,M,,561-3913,NORTH SANDWICH,,3259.0,,N,5000.0,,0.0,0.0,0.0
Wiebe,Sagonas,,,618-2932,,PA,17603.0,S,,50000.0,3.07,,,0.0
Lode,McFarlane,F,,466-9253,BUHL,,,S,N,60000.0,5.0,1500.0,,0.0
Yinong,Byoun,F,207.0,887-4583,SOUTH PORTLAND,ME,,S,,75000.0,,2850.0,0.0,2850.0
Roseli,Velasevic,M,406.0,836-5303,WHITLASH,MT,,S,,65000.0,,1900.0,0.0,1900.0
Buenaventura,Frauenstein,F,208.0,100-7115,,ID,,S,N,5000.0,,3300.0,0.0,0.0
Cyrille,Reuter,M,,503-9184,ETNA,WY,83118.0,M,Y,90000.0,0.0,,,0.0
Penny,Sereno,,,494-4380,GROSSE ILE,,48138.0,S,Y,65000.0,3.9,,,3100.0
Dongxing,Capucciati,,,354-4460,,PA,15866.0,S,N,35000.0,,0.0,0.0,0.0
Lhouari,Deo,F,,526-5599,PAWNEE ROCK,,67567.0,,N,90000.0,6.45,0.0,4500.0,0.0
Haya,Sanada,F,208.0,752-3061,IDAHO FALLS,ID,83406.0,,N,20000.0,6.948391,,,0.0
Husheng,,F,787.0,261-2879,SAN JUAN,PR,902.0,,Y,65000.0,,0.0,0.0,0.0
Herwig,Undy,,,581-8204,,IN,46580.0,M,Y,70000.0,3.4,0.0,2000.0,1000.0
Pascal,Lumbreras,M,,337-8971,PORTLAND,,,,N,30000.0,8.5,2850.0,,0.0
Raven,Hoppenstand,M,208.0,135-6929,SAINT ANTHONY,ID,,,,95000.0,,3300.0,0.0,0.0
Ashok,Siromoney,F,939.0,900-7646,SAN ANTONIO,PR,690.0,,Y,35000.0,0.0,,,0.0
Xuejun,Sherertz,,,350-7365,WASHINGTON,DC,20301.0,S,,65000.0,9.0,,,1370.0
Matts,Worm,F,208.0,909-3839,COBALT,,83229.0,M,N,20000.0,6.948391,0.0,6600.0,0.0
Jolly,,,802.0,763-1010,,,5849.0,M,N,40000.0,3.800944,0.0,6600.0,0.0
Theodor,,,802.0,175-8272,EAST ARLINGTON,VT,5252.0,M,,75000.0,4.4972854,,6600.0,3300.0
Kriton,Paetzold,M,,550-6579,,,60065.0,S,N,50000.0,3.0,,,0.0
Juhnyong,Vural,,315.0,892-1004,LINCOLNDALE,,10540.0,,Y,20000.0,,0.0,0.0,1000.0
Elfriede,Ormicki,M,308.0,674-5743,LIBERTY,NE,68381.0,,Y,90000.0,6.84,,,103.0
Sigehito,Dendrinos,,216.0,816-2753,,OH,43524.0,M,,20000.0,1.2099231,0.0,2600.0,0.0
Stelios,Wasano,,,349-1097,SPARTANBURG,SC,29302.0,M,,85000.0,7.0,0.0,6600.0,3300.0
Maryse,Gorn,,,421-1364,MEMPHIS,,38168.0,,N,40000.0,,0.0,0.0,0.0
Yuzo,Grun,,,286-1854,EATON RAPIDS,MI,48827.0,M,Y,65000.0,3.9,0.0,6200.0,3100.0
Irina,Shiouchi,,,572-4039,WASHINGTON,,20515.0,M,N,35000.0,9.0,,,0.0
Rabinder,Haldar,M,303.0,944-7218,BLACK HAWK,CO,80422.0,S,,65000.0,,0.0,0.0,0.0
Kazutaka,Brodsky,M,301.0,906-5079,BEL AIR,,,S,N,35000.0,,2400.0,0.0,0.0
France,,M,832.0,945-3826,ABILENE,TX,79606.0,M,N,55000.0,,0.0,0.0,0.0
Wei,,F,505.0,734-8200,FRUITLAND,NM,87416.0,S,,80000.0,,,0.0,3300.0
Sofya,Peha,,302.0,188-2735,,DE,19803.0,M,,10000.0,2.540909,,,0.0
Itzchak,,M,708.0,122-4668,,,,S,N,95000.0,,2000.0,0.0,0.0
Munenori,Koldinger,M,307.0,985-8831,GILLETTE,,82716.0,M,Y,80000.0,0.0,0.0,,0.0
Aristides,,M,701.0,767-4465,,ND,,S,Y,90000.0,,3300.0,0.0,3300.0
Danu,Cavedoni,,,429-3484,GONZALEZ,FL,32560.0,M,N,35000.0,,0.0,0.0,0.0
Gesine,,F,803.0,952-5726,BEAUFORT,SC,,S,N,100000.0,,3300.0,0.0,0.0
Sihem,Bittan,F,,366-3592,,ND,58240.0,M,,75000.0,2.6251287,0.0,6600.0,3300.0
Kihyun,,,515.0,161-7009,MINBURN,,50167.0,,Y,55000.0,8.65488,,80.0,40.0
Nir,Toman,F,,290-7944,,,,S,N,80000.0,,2000.0,0.0,0.0
Kazuyasu,,,641.0,135-1453,HARPERS FERRY,,52146.0,M,N,100000.0,8.98,0.0,80.0,0.0
Lonnie,Karush,M,,530-1167,CALPELLA,,95418.0,M,Y,60000.0,9.3,0.0,174.0,272.0
Joaquim,,F,808.0,204-1390,KAPAA,,96746.0,,Y,90000.0,,,0.0,1040.0
Weikai,Tsigas,,,309-3276,GAITHERSBURG,MD,20877.0,M,,45000.0,4.75,0.0,4800.0,0.0
Romuald,Clamen,F,,640-1733,WICHITA,KS,67227.0,M,,35000.0,6.45,0.0,4500.0,2250.0
Duri,,,601.0,133-8553,LOUISE,MS,39097.0,,N,65000.0,5.0,0.0,12000.0,0.0
Kyunghee,Brodie,,,472-4282,FOLLANSBEE,,26037.0,M,N,75000.0,6.5,0.0,4000.0,0.0
Vic,Riitters,,320.0,200-5964,MARINE ON SAINT CROIX,MN,55047.0,,,25000.0,5.5895944,,,0.0
Yatsuka,Vrsalovic,M,339.0,901-6107,LEXINGTON,MA,,,,25000.0,,3575.0,0.0,1000.0
Jeretta,Glymour,F,,339-8122,,,,S,N,40000.0,,2000.0,0.0,0.0
Grazia,,,574.0,998-9736,,IN,47805.0,S,N,40000.0,,,0.0,0.0
Nello,Katona,M,,297-8980,LAKEWOOD,,98497.0,,N,80000.0,,0.0,0.0,0.0
Habib,Puterman,F,406.0,167-8902,LARSLAN,MT,59244.0,,N,90000.0,6.9,,,0.0
Horward,Shedroff,F,318.0,976-2088,,LA,70759.0,M,Y,15000.0,2.8,,,1000.0
Moss,,F,605.0,741-5760,LANGFORD,,57454.0,,Y,10000.0,,,0.0,0.0
Grigory,Berk,F,,472-9118,,NM,88201.0,M,Y,10000.0,3.2428572,0.0,6600.0,3300.0
Margus,Felder,F,319.0,843-1946,COUNCIL BLUFFS,,,S,Y,90000.0,,40.0,0.0,40.0
Johanan,O'Donoghue,M,406.0,769-3765,PENDROY,,59467.0,,Y,40000.0,6.9,,,1900.0
Hongxing,Huttel,,412.0,723-7325,,PA,17547.0,M,N,65000.0,,0.0,0.0,0.0
Luba,Gurla,F,907.0,828-2242,PORT HEIDEN,,99549.0,,Y,65000.0,,0.0,0.0,0.0
Jane,Grot,,304.0,809-9667,NEW HAVEN,,25265.0,,Y,65000.0,6.5,0.0,4000.0,2000.0
Mingzeng,Knowles,F,,512-3664,ROCK SPRINGS,,82902.0,,N,85000.0,0.0,0.0,,0.0
Boguslaw,Brogi,F,,612-6259,DUBOIS,ID,,S,N,10000.0,,3300.0,0.0,0.0
Pitro,Verhaegh,F,,409-8179,,OH,,S,N,80000.0,,1300.0,0.0,0.0
Josh,,F,763.0,258-7162,HANCOCK,,,S,Y,75000.0,,3300.0,0.0,3300.0
Thant,Chinin,,319.0,828-1898,WALCOTT,IA,52773.0,M,,25000.0,4.0235424,0.0,80.0,0.0
Shimon,Halici,M,360.0,720-8018,BLACK DIAMOND,WA,98010.0,S,,65000.0,,0.0,0.0,0.0
Miquel,,M,504.0,850-5351,FERRIDAY,,71334.0,S,N,55000.0,,,0.0,0.0
Rohini,Trosch,M,312.0,949-9666,,IL,,S,,80000.0,,2000.0,0.0,2000.0
Swati,Oates,F,,283-8622,SCHOENCHEN,KS,67667.0,,,50000.0,6.45,,,2250.0
Borivoj,,,757.0,143-7168,NOKESVILLE,VA,20181.0,,N,30000.0,5.75,0.0,1800.0,0.0
Nesime,,,812.0,752-1743,,,46360.0,M,Y,80000.0,3.4,0.0,2000.0,1000.0
Isao,Normark,,229.0,648-5541,TALLAPOOSA,,30176.0,S,Y,55000.0,6.0,,,3000.0
Frode,Subramaniyam,,276.0,650-4696,CARROLLTON,VA,23314.0,M,N,65000.0,5.75,,,0.0
Armen,Wehrenberg,F,,587-1987,WALPOLE,ME,,S,Y,20000.0,,2850.0,0.0,2850.0
Kees,Lieflander,F,207.0,228-5691,MORRILL,,,,Y,50000.0,8.5,2850.0,,2850.0
Orin,Colgate,F,201.0,261-6277,,,,S,N,65000.0,,1000.0,0.0,0.0
Reiner,Schlimbach,F,425.0,851-8935,SEATTLE,WA,98124.0,,,15000.0,0.0,,,0.0
Chandrajit,Schijf,F,,387-2508,SAINT XAVIER,MT,59075.0,,Y,100000.0,6.9,,,1900.0
Kon,Dehene,F,,647-3754,LAHAINA,,96761.0,,Y,40000.0,8.25,0.0,2080.0,1040.0
Krishnaiah,Eyal,F,,566-8151,NEWPORT,,2840.0,,N,35000.0,,0.0,0.0,0.0
Kimmo,Roison,,203.0,967-4335,NEW PRESTON MARBLE DALE,,6777.0,,N,45000.0,5.0,,,0.0
Wataru,Saclay,F,,646-9443,PHOENIX,AZ,85021.0,,,85000.0,4.0325,,,2300.0
Lorri,,,518.0,117-4100,MUNNSVILLE,,13409.0,,Y,85000.0,,0.0,0.0,1000.0
Niklas,,M,719.0,923-9497,AURORA,,80019.0,M,Y,35000.0,,0.0,0.0,0.0
Tilmann,,F,715.0,220-4953,WESTBORO,WI,,S,,55000.0,,700.0,0.0,400.0
Arunabha,,F,605.0,940-6118,CANISTOTA,SD,57012.0,S,N,30000.0,,,0.0,0.0
Zhilin,Derks,F,339.0,253-1911,EAST BROOKFIELD,MA,,S,Y,75000.0,,3575.0,0.0,1000.0
Sarantos,Kriegman,M,918.0,747-2552,OKLAHOMA CITY,OK,73110.0,,,45000.0,6.25,0.0,,1000.0
Kent,,F,702.0,144-4643,CARSON CITY,,89706.0,S,Y,20000.0,,0.0,0.0,0.0
Antoin,Smaragdakis,,202.0,734-3834,WASHINGTON,DC,20393.0,M,N,30000.0,9.0,,,0.0
Guido,Huberman,,,642-6250,,CT,6010.0,M,Y,5000.0,3.0,0.0,24500.0,0.0
Kensei,Sugimura,F,479.0,782-1823,NORTH LITTLE ROCK,,72115.0,,Y,35000.0,7.0,,,20.0
Emilian,,M,620.0,984-7984,MANHATTAN,KS,66505.0,,N,80000.0,6.45,0.0,4500.0,0.0
Hikaru,Kreische,M,,527-9230,,IA,,S,N,10000.0,1.7078737,40.0,,0.0
Staphane,Mavaddat,F,,604-1990,BRYANT,AR,,S,,55000.0,7.0,20.0,,20.0
Eckart,,F,510.0,741-8877,OAKLAND,CA,94614.0,,N,75000.0,9.3,0.0,174.0,0.0
Rik,,F,620.0,776-4824,ELMDALE,KS,66850.0,M,,35000.0,6.45,,4500.0,2250.0
Chriss,Raugh,,860.0,141-5592,HARTFORD,CT,6143.0,S,Y,65000.0,5.0,,,0.0
Pai,Vassallo,F,,330-9779,HUNTINGTON BEACH,,,,Y,60000.0,,87.0,0.0,272.0
Raschid,Simutis,,319.0,709-3291,,IA,50605.0,M,,15000.0,2.479763,,,40.0
Vasant,Ozceri,F,,462-5419,SAINT CLOUD,MN,56302.0,,,60000.0,7.4572573,,,3300.0
Mariko,Tischendorf,,,328-7837,NORTH MYRTLE BEACH,,29598.0,,Y,25000.0,7.0,0.0,6600.0,3300.0
Ryuzo,Birta,F,,431-8785,,SC,,S,,5000.0,,3300.0,0.0,3300.0
Orlando,Forchert,F,,504-5754,PHILLIPS,,68865.0,,N,10000.0,3.9097095,0.0,206.0,0.0
Noberto,,F,515.0,236-9688,WATKINS,,,S,N,70000.0,,40.0,0.0,0.0
Rusong,Xerokostas,,,364-3173,,NJ,7088.0,M,,85000.0,2.4251041,0.0,2000.0,1500.0
Milt,Remp,,,500-5305,WESTON,,31832.0,M,N,40000.0,6.0,,,0.0
Junehwa,,M,605.0,714-7192,LABOLT,,57246.0,,N,5000.0,,0.0,0.0,0.0
Yuhichi,Andreasen,F,,265-1679,HIGHLAND,MD,,,N,30000.0,,2400.0,0.0,0.0
Ymte,Shinozawa,,423.0,966-5395,COLLINWOOD,TN,38450.0,M,,25000.0,0.0,,,0.0
Levis,Conta,M,406.0,994-2990,BUTTE,,,S,N,10000.0,,1900.0,0.0,0.0
Nili,Michaels,F,401.0,183-7260,KENYON,,2836.0,,Y,45000.0,0.0,,,0.0
Michita,Tvrdik,F,,555-2622,SHREWSBURY,,1546.0,M,N,10000.0,5.3,0.0,7150.0,0.0
IJsbrand,Reid,,,505-5597,LUMBERTON,NC,28358.0,,N,65000.0,7.0961537,,,0.0
Narcis,Jarzabek,,,385-8369,,,46613.0,M,Y,20000.0,3.4,0.0,2000.0,1000.0
Egbert,Heckmann,M,,283-6768,,AZ,85722.0,M,Y,40000.0,3.335,0.0,4200.0,2300.0
Tinghe,Focacci,M,406.0,961-5600,ISMAY,MT,,,,95000.0,,1900.0,0.0,0.0
Sakae,Doroslovacki,,931.0,157-8854,PURYEAR,TN,38251.0,,,10000.0,,0.0,0.0,0.0
M'hamed,Charatonik,M,,488-8789,PROVIDENCE,,2909.0,,N,90000.0,,0.0,0.0,0.0
Wenke,,,765.0,881-9982,,IN,46211.0,M,,65000.0,3.4,0.0,2000.0,0.0
Shawn,Karnin,,,487-2948,GULFPORT,MS,39506.0,M,,55000.0,5.0,0.0,12000.0,0.0
Yolla,Ravn,F,,493-6866,LAUPAHOEHOE,HI,96764.0,,,50000.0,8.25,,,1040.0
Atanu,Stamenas,M,402.0,932-3200,GERING,NE,69341.0,S,N,25000.0,6.5736103,,,0.0
Janick,Guojun,F,,570-5562,MAYNARD,,1754.0,,Y,80000.0,5.3,0.0,7150.0,1000.0
Agnes,,,770.0,199-7772,ARGYLE,GA,31623.0,M,Y,60000.0,6.0,0.0,5400.0,3000.0
Sulaiman,Bolbourn,,,646-1376,,IN,46347.0,M,,75000.0,3.4,0.0,2000.0,0.0
Daishiro,,F,765.0,261-1062,,IN,,S,Y,100000.0,,1000.0,0.0,1000.0
Sandeepan,Farrow,F,,470-7173,HUNTINGTON,WV,,,,35000.0,,2000.0,0.0,0.0
Ginger,Varhegyi,M,947.0,111-1929,BROOKLYN,MI,,S,N,15000.0,,3100.0,0.0,0.0
Met,Keustermans,M,,358-4427,SCENIC,,57780.0,,Y,100000.0,,0.0,0.0,0.0
Corey,Schonegge,F,,300-7851,BEND,OR,97701.0,M,Y,70000.0,9.0,,,159.0
Gopalan,Lambadaris,F,,590-7090,LENNOX,SD,57039.0,,Y,45000.0,0.0,0.0,,0.0
Rodion,Newson,M,401.0,734-7609,PORTSMOUTH,RI,2871.0,,,15000.0,0.0,,,0.0
Sajio,Shermer,,,517-2788,WASHINGTON,DC,20211.0,S,,60000.0,9.0,,,1370.0
Chandana,Copperman,F,,458-1755,ANCHORAGE,AK,99530.0,S,N,95000.0,,0.0,0.0,0.0
Sivaramakrishnan,Higuchi,F,,318-2217,TRAIL,OR,,S,,5000.0,,159.0,0.0,0.0
Maik,Woerkom,F,,307-3701,VOSSBURG,,,S,N,60000.0,,6000.0,0.0,0.0
Erik,Nourani,F,,614-5440,MELVIN VILLAGE,NH,3850.0,,N,40000.0,0.0,,,0.0
Ryutarou,Pouyioutas,M,,394-7499,FAIRVIEW,WY,83119.0,M,,100000.0,0.0,,,0.0
Barnett,,M,504.0,705-6337,,LA,70826.0,M,Y,10000.0,2.0,0.0,9000.0,1000.0
Mudita,,M,720.0,763-4267,COLORADO SPRINGS,,80960.0,M,Y,50000.0,,0.0,0.0,0.0
Qun,Linzer,F,401.0,710-7020,SAUNDERSTOWN,RI,2874.0,,,10000.0,0.0,0.0,,0.0
Zhaohua,Cleary,F,,291-8434,DELL RAPIDS,SD,57022.0,S,Y,65000.0,,0.0,0.0,0.0
Faris,Biryukow,M,,583-8054,RAND,CO,80473.0,,Y,50000.0,,0.0,0.0,0.0
Zeng,Kobuchi,F,,434-3225,CAGUAS,PR,727.0,M,N,100000.0,0.0,0.0,,0.0
Einoshin,,F,802.0,942-3984,FERRISBURGH,VT,,S,Y,50000.0,,3300.0,0.0,3300.0
Yusuf,Phoa,,,409-6458,FREMONT,NC,27830.0,S,Y,80000.0,7.410839,,,3300.0
Ewart,Klutke,F,,545-6410,KANOSH,UT,84637.0,,N,90000.0,7.0,0.0,,0.0
Swen,,M,509.0,158-5666,BAINBRIDGE ISLAND,WA,98110.0,M,,25000.0,,0.0,0.0,0.0
Wiet,,,813.0,791-7396,WINTER GARDEN,FL,34778.0,M,,60000.0,,,0.0,0.0
Anna,Tuuliniemi,,,611-3865,CHURCH HILL,MD,21623.0,M,Y,15000.0,4.75,0.0,4800.0,2400.0
Lodewijk,Dosser,M,,463-2746,HOGELAND,,,,N,80000.0,,1900.0,0.0,0.0
Kencheng,Boksenbaum,M,319.0,169-4674,URBANA,,,S,Y,50000.0,,40.0,0.0,40.0
Totadri,DeMori,M,,356-5305,,NJ,,S,,40000.0,,1000.0,0.0,0.0
Eliseu,Bari,F,,398-4210,,LA,,S,Y,15000.0,,4500.0,0.0,1000.0
Haihong,Benantar,,,353-8514,KIRKVILLE,NY,13082.0,,Y,90000.0,,0.0,0.0,1000.0
Haiyen,Kamber,M,304.0,229-8770,,WV,,S,N,5000.0,,2000.0,0.0,0.0
Barnett,,M,785.0,963-4908,ELLSWORTH,KS,,S,Y,25000.0,,2250.0,0.0,2250.0
Chander,,M,818.0,667-3025,SEBASTOPOL,CA,95472.0,,N,30000.0,6.590543,,174.0,0.0
Lucy,,,763.0,909-9066,HUTCHINSON,,55350.0,,N,20000.0,5.35,0.0,6600.0,0.0
Parimal,Ulery,M,478.0,183-8038,CONYERS,,,S,N,20000.0,,2700.0,0.0,0.0
,Joseloff,,252.0,202-2329,CHARLOTTE,NC,28227.0,M,Y,25000.0,6.256993,0.0,6600.0,3300.0
Ido,Pivkina,,,330-8231,ROCK RAPIDS,IA,51246.0,,N,45000.0,7.111101,,,0.0
Julian,,M,603.0,170-3255,STRATHAM,,3885.0,S,Y,60000.0,,0.0,0.0,0.0
Gerri,,,802.0,231-6954,EAST BARRE,VT,5649.0,M,N,70000.0,4.397808,0.0,6600.0,0.0
Magatho,Leduc,F,479.0,149-4437,TIMBO,,72657.0,M,N,65000.0,7.0,0.0,,0.0
Shuigeng,Kaae,,,560-6234,BOWIE,MD,20721.0,M,,5000.0,4.75,0.0,4800.0,2400.0
Uros,Keeffe,M,,605-4286,BALTIMORE,MD,,S,,60000.0,,2400.0,0.0,2400.0
Daniel,,M,603.0,827-6882,SOUTH TAMWORTH,NH,3883.0,M,Y,95000.0,,,0.0,0.0
Gaid,Ismaeel,F,,308-3695,,IL,,S,Y,45000.0,,2000.0,0.0,2000.0
Hakan,Nourani,M,928.0,786-5846,,AZ,85068.0,M,N,45000.0,3.4125,,,0.0
,Otterbein,M,208.0,233-6635,SANTA,,83866.0,,Y,65000.0,7.8,,,3300.0
Calum,Hanatani,,,421-8046,WASHINGTON,DC,20073.0,M,N,100000.0,9.0,0.0,2740.0,0.0
Dongping,Kornhauser,M,,469-3409,PARKSTON,SD,57366.0,,Y,75000.0,0.0,0.0,,0.0
Qujun,Androutsos,M,928.0,733-8719,,AZ,,S,,5000.0,,2100.0,0.0,2300.0
Royce,Champarnaud,F,,422-7017,OKLAHOMA CITY,OK,73114.0,,,15000.0,6.25,0.0,2000.0,1000.0
Marilde,Katzberg,,,609-3262,PARKERSBURG,,50665.0,,Y,75000.0,8.98,0.0,80.0,40.0
,Markosian,F,,466-5610,,SC,,S,Y,5000.0,3.563716,3300.0,,3300.0
Changguan,Sanghavi,M,,322-6794,UNALASKA,AK,99685.0,S,Y,75000.0,0.0,,,0.0
Jasmina,Honkela,,,324-4009,CRYSTAL LAKE,,50432.0,M,N,45000.0,7.111101,0.0,80.0,0.0
Diogenes,,M,623.0,954-4895,,AZ,85623.0,M,Y,25000.0,3.1025,0.0,4200.0,2300.0
Hagi,Ulgen,M,225.0,891-8481,LAKE CHARLES,LA,,,N,40000.0,,4500.0,0.0,0.0
Gookhai,Seguel,,,534-5994,NEW CANAAN,CT,6840.0,,Y,90000.0,5.0,,,0.0
Toru,Panagopoulou,,304.0,733-4938,,WV,25136.0,M,,15000.0,3.35,,,0.0
Xinglin,Gill,M,,284-6304,READFIELD,ME,,,,30000.0,,2850.0,0.0,2850.0
,,F,701.0,738-3099,,,58647.0,M,Y,75000.0,2.6251287,,6600.0,3300.0
Camino,Reinitzer,,860.0,209-1757,CANTERBURY,CT,6331.0,S,N,20000.0,5.0,,,0.0
Ossama,Lust,,219.0,990-1063,,,47861.0,M,Y,40000.0,3.4,0.0,,1000.0
Nedo,Battaiola,F,860.0,144-4319,MIDDLETOWN,,,,N,45000.0,,12750.0,0.0,0.0
Sevki,,M,505.0,225-8523,MULE CREEK,NM,88051.0,,,30000.0,5.3,0.0,6600.0,0.0
Minshine,Warkentin,M,,560-2656,PINESDALE,,,,Y,40000.0,,1900.0,0.0,1900.0
Lionel,,F,603.0,835-6566,WARNER,,3278.0,S,Y,30000.0,,0.0,0.0,0.0
Cristian,Legay,,,334-9777,TAMPA,FL,33607.0,M,N,10000.0,0.0,0.0,,0.0
Dolores,Vosburgh,M,406.0,698-5906,GARRYOWEN,MT,59031.0,M,Y,65000.0,6.9,0.0,3800.0,1900.0
Nedo,Ramanna,,,409-4806,DETROIT,,48238.0,M,Y,75000.0,3.9,,,3100.0
Dragan,,F,816.0,762-8997,HUNTSVILLE,MO,65259.0,,Y,100000.0,6.0,,4200.0,1200.0
,,M,701.0,118-4909,,ND,58730.0,M,Y,5000.0,2.1,0.0,6600.0,3300.0
Clelia,,F,808.0,133-6531,MILILANI,HI,,,N,75000.0,,1040.0,0.0,0.0
Benedetto,,M,636.0,988-5752,GOBLER,MO,,S,N,30000.0,,2100.0,0.0,0.0
Sati,Gaubert,F,,361-5760,TRENTON,AL,,S,,30000.0,,1500.0,0.0,0.0
Hou,Nadel,F,,497-1328,SAND POINT,AK,99661.0,,N,90000.0,0.0,,,0.0
Vassos,Kaye,F,,475-6709,VALDEZ,AK,99686.0,S,,45000.0,,0.0,0.0,0.0
Annabelle,Walston,M,469.0,709-6003,OAKVILLE,TX,78060.0,,N,70000.0,,0.0,0.0,0.0
Kang,Coron,,,514-1068,,,46921.0,M,Y,5000.0,3.4,0.0,2000.0,1000.0
Richard,Grandbois,F,,343-3613,BOOTH,AL,,S,,75000.0,,1500.0,0.0,300.0
Rajashekar,,,772.0,745-3603,PIERSON,FL,32180.0,,,40000.0,,0.0,0.0,0.0
Yuichi,Diehr,M,,338-9654,RENO,NV,89523.0,,Y,80000.0,,0.0,0.0,0.0
,Borovoy,F,,323-9130,HARDWICK,VT,,S,Y,85000.0,,3300.0,0.0,3300.0
Hongbo,Yonezawa,F,928.0,863-5883,,AZ,,S,Y,45000.0,,2100.0,0.0,2300.0
Mohsin,,M,580.0,926-4391,MUSE,,,,Y,75000.0,,1000.0,0.0,1000.0
Einat,,M,503.0,863-6763,TANGENT,OR,97389.0,M,Y,65000.0,9.0,0.0,318.0,159.0
Lih,Marchok,,304.0,877-5417,,,25057.0,M,N,5000.0,3.0,0.0,,0.0
Ennio,Linares,,240.0,696-3122,ACCIDENT,MD,21520.0,M,N,70000.0,4.75,0.0,,0.0
Houston,Showalter,,,369-9085,,NJ,8828.0,S,N,45000.0,1.7942708,,,0.0
Rune,,F,732.0,767-5679,,NJ,,S,,15000.0,,1000.0,0.0,1500.0
Andisheh,,,540.0,654-3271,VICTORIA,VA,23974.0,M,N,90000.0,5.75,0.0,1800.0,0.0
Nan,Kaib,M,307.0,710-9938,SHERIDAN,,82801.0,M,N,50000.0,,0.0,0.0,0.0
Yan,Setiz,M,,451-8814,LAS VEGAS,NV,89180.0,,,85000.0,0.0,,,0.0
Bryony,Rubsam,,,273-2895,PARSONSBURG,MD,21849.0,,Y,75000.0,4.75,,,2400.0
Sauli,,M,586.0,195-8941,FREEPORT,MI,,S,,15000.0,,3100.0,0.0,0.0
Dianxiang,Nguifo,M,,520-4030,VILLALBA,PR,766.0,M,N,90000.0,0.0,,,0.0
Shaogang,Cords,F,432.0,833-7841,EL PASO,TX,88549.0,S,,65000.0,,0.0,0.0,0.0
Zhiqun,Aberg,M,,478-7736,GARDINER,MT,59030.0,M,Y,40000.0,6.9,0.0,3800.0,1900.0
Dhritiman,Heppler,,423.0,804-5770,CLARKSVILLE,TN,37041.0,M,Y,60000.0,,0.0,0.0,0.0
Hoang,,M,803.0,987-9693,MC CORMICK,SC,,,N,20000.0,,3300.0,0.0,0.0
Ettore,,M,702.0,257-4445,WELLS,NV,89835.0,M,N,55000.0,,0.0,0.0,0.0
Hilde,Goralwalla,F,,329-9820,KERNVILLE,CA,,,N,20000.0,,87.0,0.0,0.0
Katsushi,Kumaresan,M,,585-5321,TWO DOT,,,S,N,50000.0,6.9,1900.0,,0.0
Koh,,M,720.0,227-6808,BRIGHTON,,80602.0,S,N,75000.0,,,0.0,0.0
Shashi,Aue,M,307.0,209-1412,SHIRLEY BASIN,WY,82615.0,S,,100000.0,,0.0,0.0,0.0
Shinin,Maliniak,F,,387-3460,SLOCUM,RI,2877.0,S,,55000.0,0.0,0.0,,0.0
Donald,Giger,,,468-3336,WASHINGTON,DC,20544.0,M,Y,85000.0,9.0,0.0,2740.0,1370.0
Takanari,Crovella,M,,447-8668,LAMAR,CO,81052.0,,,70000.0,,0.0,0.0,0.0
,,F,505.0,745-7308,SERAFINA,NM,87569.0,,Y,55000.0,5.3,0.0,6600.0,3300.0
Eberhardt,Kokeny,F,,352-8551,CULBERTSON,MT,59218.0,M,N,70000.0,6.9,0.0,,0.0
Hironao,,,678.0,199-8419,PINE MOUNTAIN,GA,31822.0,,N,20000.0,6.0,0.0,5400.0,0.0
Athula,Altman,M,,552-7015,RENO,NV,89595.0,,Y,60000.0,,0.0,0.0,0.0
Wilsin,,F,732.0,917-5861,,NJ,,S,,50000.0,,1000.0,0.0,1500.0
,Postmus,M,208.0,138-2070,PRINCETON,,83857.0,,Y,15000.0,5.529042,,,3300.0
Jiawei,Reeds,,,310-8220,LANCASTER,,38569.0,,N,25000.0,0.0,,,0.0
Tyler,Moharir,F,432.0,816-7980,IRVING,TX,75060.0,,,35000.0,0.0,,,0.0
Kali,Angebranndt,M,980.0,860-2660,MIDWAY PARK,,,,N,5000.0,,3300.0,0.0,0.0
Sonata,,,814.0,710-6375,,PA,15072.0,S,,60000.0,,,0.0,0.0
,Moliner,F,,293-9312,,ND,58703.0,S,Y,85000.0,2.7410512,,,3300.0
Yenjo,Dahl,M,208.0,713-6200,BRUNEAU,ID,83604.0,M,,50000.0,7.8,0.0,6600.0,0.0
Katharina,Demleitner,F,,410-6953,GENEVA,,,S,N,75000.0,,3300.0,0.0,0.0
Cristopher,Weibel,,,355-7527,PHILADELPHIA,NY,13673.0,,N,25000.0,,0.0,0.0,0.0
Rafael,Coluccini,F,913.0,684-4816,,KS,67762.0,M,,10000.0,3.5,0.0,4500.0,0.0
Sait,Reus,,,458-9671,MOSHEIM,TN,37818.0,,,95000.0,0.0,,,0.0
Calum,Christ,M,,433-9954,WOODSTOCK,AL,,S,Y,85000.0,,1500.0,0.0,300.0
Abhijit,,M,774.0,814-5552,MARSTONS MILLS,MA,2648.0,,Y,25000.0,,,0.0,1000.0
,,F,505.0,666-1765,GARFIELD,NM,,S,,60000.0,,3300.0,0.0,3300.0
Rema,Reifer,M,360.0,901-4099,BELLINGHAM,WA,98226.0,M,,90000.0,0.0,,,0.0
Walt,,F,571.0,938-6967,ARLINGTON,VA,,S,,50000.0,,900.0,0.0,0.0
Letizia,MacNaughton,F,,331-8546,,,58413.0,M,N,40000.0,2.2194002,0.0,,0.0
Yoshimitsu,Rovere,F,907.0,193-7756,PRUDHOE BAY,AK,99734.0,,N,85000.0,0.0,,,0.0
Akinori,Bischoff,M,,454-2576,LECOMPTE,LA,,,Y,85000.0,,4500.0,0.0,1000.0
ShengLi,Bage,,,609-4047,JACKSON,TN,38308.0,,,40000.0,,0.0,0.0,0.0
Tosio,Clary,F,949.0,752-3474,CLAREMONT,CA,,S,,60000.0,,87.0,0.0,272.0
Christodoulakis,,,615.0,653-9293,IDLEWILD,TN,38346.0,,Y,5000.0,,0.0,0.0,0.0
,Napiorkowski,,864.0,999-8377,LANDO,SC,29724.0,,Y,75000.0,7.0,,,3300.0
German,Perritt,,,577-9851,GREEN BAY,WI,54311.0,M,N,85000.0,5.9232907,,,0.0
Kenta,,M,808.0,925-9399,HANALEI,,96714.0,M,Y,45000.0,8.25,0.0,2080.0,1040.0
Jeffery,Sancho,M,,453-5164,LAS VEGAS,,89117.0,,N,95000.0,0.0,,,0.0
Shifu,Stetina,F,,591-5773,SEATTLE,WA,98112.0,,,45000.0,0.0,,,0.0
Hironao,Upadhyaya,F,,549-5613,BEAUMONT,TX,77708.0,M,Y,35000.0,,0.0,0.0,0.0
Laurie,Mandell,M,,516-2673,ULMAN,,,S,Y,70000.0,6.0,2100.0,,1200.0
Sichen,Zwilling,F,,598-6494,,AZ,85320.0,M,,75000.0,3.8775,0.0,4200.0,2300.0
Tetsuo,Philips,,,571-6063,HIGHLAND LAKE,NY,12743.0,,,40000.0,4.1853657,,,0.0
Merrell,Chiodo,M,,348-2046,SOMERVILLE,,2143.0,M,N,80000.0,5.3,0.0,7150.0,0.0
Kyo,Matuttis,M,,567-5500,MOUNT STERLING,,65062.0,,Y,55000.0,6.0,0.0,,1200.0
LiMin,Riva,M,,361-4297,ALTA,,83414.0,M,N,20000.0,0.0,,,0.0
,Juric,M,208.0,865-6893,ARBON,ID,83212.0,M,Y,80000.0,7.8,0.0,6600.0,3300.0
Osaaki,Dix,M,307.0,787-9488,RECLUSE,,82725.0,,Y,30000.0,,0.0,0.0,0.0
Owen,Taniar,,302.0,954-4706,BRIDGEVILLE,,19933.0,M,Y,45000.0,4.927273,0.0,220.0,110.0
Miao,,,615.0,728-2884,RELIANCE,,37369.0,,Y,45000.0,,0.0,0.0,0.0
Oksana,Yamauchi,F,,387-5731,GLIDE,,97443.0,M,Y,30000.0,9.0,0.0,318.0,159.0
Hosame,Printista,M,,313-4948,OKLAHOMA CITY,OK,73135.0,,Y,45000.0,6.25,,,1000.0
Gennady,Franaszczuk,F,,646-2866,CHUGIAK,AK,99567.0,M,N,80000.0,,0.0,0.0,0.0
Shahid,Rutschlin,F,,535-3913,NEW IBERIA,LA,70563.0,,,100000.0,6.0,,,0.0
Yuzou,Biedassek,F,,475-4181,AURORA,SD,57002.0,M,N,100000.0,,0.0,0.0,0.0
Udi,Pileggi,F,,429-6320,MOUNT JUDEA,AR,72655.0,,,55000.0,7.0,,,0.0
Moises,Autexier,F,435.0,994-7166,SALT LAKE CITY,,,,Y,75000.0,,2475.0,0.0,2475.0
Seungho,Kaae,M,860.0,107-5660,NORTH GRANBY,CT,,,,40000.0,,12750.0,0.0,0.0
Xiaotie,,F,605.0,894-5321,SALEM,SD,57058.0,,,70000.0,,0.0,0.0,0.0
Katy,Forslund,M,907.0,890-3905,GOODNEWS BAY,,99589.0,M,N,100000.0,,0.0,0.0,0.0
Xiufeng,Kusakabe,F,,568-6649,ETHEL,WA,98542.0,S,,45000.0,0.0,0.0,,0.0
Terran,Tishby,M,,609-4265,STILLWATER,OK,74076.0,M,,60000.0,6.25,0.0,2000.0,1000.0
Chaoying,Conde,M,251.0,731-2085,ANNISTON,AL,,S,Y,65000.0,,1500.0,0.0,300.0
Gunnvald,Vanegas,F,203.0,781-8251,MOOSUP,CT,,,N,80000.0,,12750.0,0.0,0.0
Orlando,Bitan,,,387-3159,SANDY RIDGE,,27046.0,,N,50000.0,6.7814684,0.0,6600.0,0.0
Jinghong,Matyska,,856.0,716-4101,,,7644.0,M,Y,15000.0,1.4,0.0,,1500.0
Jaewon,Khoshnevisan,F,435.0,173-2834,VIRGIN,,,S,N,90000.0,,2475.0,0.0,0.0
Takafumi,,M,732.0,803-5962,,NJ,,S,,100000.0,,1000.0,0.0,0.0
Annedore,,M,810.0,743-2836,HOWELL,MI,,,N,90000.0,,3100.0,0.0,0.0
Niall,,F,501.0,161-7681,FAYETTEVILLE,,72701.0,S,Y,95000.0,,,0.0,20.0
Shigeaki,Morioka,M,,470-8680,WILDSVILLE,LA,71377.0,M,,65000.0,6.0,,,0.0
Xiulin,,F,603.0,800-9231,PORTSMOUTH,NH,3801.0,,,80000.0,,,0.0,0.0
,Serdy,,864.0,973-3730,TAMASSEE,,29686.0,M,Y,20000.0,7.0,,,3300.0
Zin,Fiebach,M,,386-6759,MILL CITY,OR,,,Y,95000.0,,159.0,0.0,159.0
Simonas,McKie,M,,312-3338,,CA,91308.0,M,,5000.0,1.0,0.0,,0.0
Yuyan,Sztandera,M,,587-2654,MOOSE,WY,83012.0,,Y,35000.0,0.0,,,0.0
Noam,Cosby,M,401.0,652-2237,LINCOLN,,2865.0,,N,100000.0,,0.0,0.0,0.0
Seinosuke,Backer,F,907.0,973-6288,GRAYLING,AK,99590.0,S,,15000.0,,0.0,0.0,0.0
Meurig,Musil,M,406.0,907-3485,GARRYOWEN,,59031.0,M,Y,100000.0,6.9,,,1900.0
Haechull,,,772.0,184-2631,MIDWAY,FL,32343.0,,Y,15000.0,,0.0,0.0,0.0
DongGill,Graft,F,207.0,170-6704,ROXBURY,ME,,,N,70000.0,,2850.0,0.0,0.0
Tatiana,Kutylowski,M,,342-3846,BRIDAL VEIL,OR,,S,,60000.0,9.0,159.0,,0.0
Mou,McFarlane,M,409.0,896-6945,GARWOOD,,77442.0,S,N,95000.0,0.0,0.0,,0.0
Ewgeni,Lipton,,423.0,981-6899,MEMPHIS,TN,38127.0,,N,45000.0,0.0,0.0,,0.0
Kinson,Kees,F,,456-6453,WAKEFIELD,,,S,N,100000.0,,4500.0,0.0,0.0
Florina,Subramaniyam,,931.0,869-7767,VANLEER,TN,37181.0,M,N,95000.0,0.0,,,0.0
Alfonz,,F,808.0,898-8223,KAUMAKANI,HI,96747.0,,Y,85000.0,8.25,0.0,2080.0,1040.0
Aiwei,Iravani,M,,293-6421,SULPHUR ROCK,AR,,S,Y,70000.0,,20.0,0.0,20.0
Ziva,Neufeld,,,484-3067,BROOKLYN,NY,11204.0,S,Y,35000.0,4.1564026,,,1000.0
Voratas,Waligora,,865.0,996-8548,HOHENWALD,TN,38462.0,,,100000.0,,0.0,0.0,0.0
Norwin,,F,801.0,690-3626,WELLINGTON,,,S,N,65000.0,,2475.0,0.0,0.0
Chokchai,Faulk,M,,596-5705,WORCESTER,MA,,S,N,60000.0,,3575.0,0.0,0.0
Leland,Bist,M,,638-2421,,,,S,Y,10000.0,,2250.0,0.0,2250.0
Guntram,Wender,,,270-7757,,OH,44830.0,M,Y,10000.0,0.8779744,0.0,2600.0,1300.0
Marc,Woelk,M,404.0,780-7764,GLENNVILLE,,,S,N,65000.0,,2700.0,0.0,0.0
Ursula,Lapis,M,307.0,816-5687,ROBERTSON,WY,82944.0,,,10000.0,0.0,0.0,,0.0
Eugeniusz,Thacker,,,272-4515,GAYS CREEK,KY,41745.0,M,N,45000.0,4.333333,0.0,40.0,0.0
Masami,Azulay,M,,386-2249,PINEY POINT,,,,N,45000.0,,2400.0,0.0,0.0
Divine,Reeve,,256.0,965-4592,MUNFORD,AL,36268.0,,Y,65000.0,5.0,,,300.0
Teofilo,Sadaoui,M,314.0,814-9635,STRASBURG,MO,64090.0,M,,50000.0,6.0,,,1200.0
Hagen,,,757.0,872-4124,VIRGINIA STATE UNIVERSITY,VA,23806.0,M,Y,35000.0,5.75,0.0,1800.0,900.0
Aju,Amarel,F,,469-8297,ATKINSON,NH,3811.0,S,N,15000.0,,0.0,0.0,0.0
Shuho,,F,785.0,906-5837,ELLINWOOD,KS,67526.0,M,,25000.0,5.4666667,0.0,4500.0,0.0
Erin,Chandra,F,301.0,655-3066,KENSINGTON,MD,,,N,85000.0,,2400.0,0.0,0.0
Liqun,,M,808.0,992-3330,HONOLULU,,96810.0,,Y,100000.0,8.25,,2080.0,1040.0
,,M,828.0,997-7117,JACKSONVILLE,NC,,,Y,40000.0,,3300.0,0.0,3300.0
Yuliang,Uresin,M,,520-6017,BRANCH,LA,,S,N,55000.0,,4500.0,0.0,0.0
Aristid,,F,630.0,812-4860,,IL,62917.0,S,Y,75000.0,,,0.0,2000.0
Shakhar,Nord,M,339.0,680-9600,CHERRY VALLEY,MA,1611.0,M,,50000.0,5.3,,,1000.0
Bowen,,F,586.0,986-9825,BEAVERTON,MI,,S,Y,80000.0,,3100.0,0.0,3100.0
Umberto,Sartini,M,360.0,142-1389,TACOMA,WA,98492.0,M,,80000.0,0.0,,,0.0
Rosana,,F,567.0,691-9758,,OH,,S,,95000.0,,1300.0,0.0,1300.0
,Berdichevsky,M,320.0,153-2086,BRUNO,MN,,S,Y,10000.0,,3300.0,0.0,3300.0
Nicu,Grivas,M,208.0,787-6927,HAILEY,,,S,N,15000.0,,3300.0,0.0,0.0
Hiromu,,F,501.0,961-5257,MANSFIELD,AR,,,N,70000.0,,20.0,0.0,0.0
Olivera,Heijst,M,,553-2584,LAS VEGAS,,89128.0,,Y,35000.0,,0.0,0.0,0.0
Athushi,,M,603.0,235-2319,PLAISTOW,NH,3865.0,,Y,70000.0,,0.0,0.0,0.0
Debendra,Alblas,,,512-8998,EAST MARION,NY,11939.0,S,Y,45000.0,,0.0,0.0,1000.0
Gomer,Bollacker,,443.0,738-9230,WILLARDS,MD,21874.0,M,Y,90000.0,4.75,0.0,4800.0,2400.0
Baile,Karasan,,947.0,784-9325,CORAL,MI,49322.0,M,Y,55000.0,3.9,0.0,6200.0,3100.0
Zhu,Juuso,M,978.0,170-5280,DEERFIELD,MA,,S,N,20000.0,,3575.0,0.0,0.0
Mirjam,Freuder,M,,451-2202,,,,S,Y,5000.0,,4500.0,0.0,1000.0
Solange,,M,808.0,747-9491,HONOLULU,HI,,,,60000.0,,1040.0,0.0,0.0
Kerima,Elgaard,F,,371-9987,SAINT MARIE,,,,Y,95000.0,,1900.0,0.0,1900.0
Aduri,Dierolf,,,615-7563,BERRY,AL,35546.0,M,N,25000.0,5.0,0.0,3000.0,0.0
Linn,Meyrowitz,F,406.0,261-7338,BILLINGS,,59106.0,S,Y,65000.0,6.9,,,1900.0
Bernd,,M,702.0,852-3512,HENDERSON,NV,89002.0,S,N,75000.0,,0.0,0.0,0.0
Uchang,McCandless,,,490-7437,MANNBORO,VA,23105.0,,,15000.0,5.214286,0.0,,0.0
Aarne,Dreier,F,406.0,689-7264,BILLINGS,MT,,S,Y,15000.0,,1900.0,0.0,1900.0
Junxian,Roussou,M,,461-2822,KEALIA,,96751.0,,Y,75000.0,8.25,,,1040.0
Jianna,Greve,F,,515-5182,RANDOLPH,,4346.0,,N,15000.0,6.9580293,0.0,5700.0,0.0
Guido,Miake,,205.0,946-9810,ALTON,AL,35015.0,S,N,45000.0,5.0,,,0.0
Merritt,Tuncel,F,203.0,655-8352,FALLS VILLAGE,,,S,N,70000.0,,12750.0,0.0,0.0
Assia,,F,808.0,943-1670,HONOLULU,HI,96824.0,,N,45000.0,8.25,,2080.0,0.0
Shao,Clenshaw,M,,628-4854,SEATTLE,WA,98185.0,,,15000.0,,0.0,0.0,0.0
Sajee,Schenk,,860.0,752-4670,SOUTH GLASTONBURY,CT,6073.0,M,,40000.0,5.0,,,0.0
Ranjit,Das,M,,404-6896,HITCHCOCK,SD,57348.0,,,50000.0,,0.0,0.0,0.0
Sadahiro,Takeoka,,,500-7375,DELLROSE,TN,38453.0,M,,35000.0,,,0.0,0.0
You,Cowan,,262.0,867-4616,VAN DYNE,WI,54979.0,M,N,5000.0,4.6,0.0,1400.0,0.0
Ales,Desanctis,F,956.0,756-6625,KELLER,TX,76244.0,,Y,10000.0,,0.0,0.0,0.0
Mahendran,Zeugmann,F,,604-1062,NEBO,,,,Y,85000.0,,20.0,0.0,20.0
Anirudh,Meszaros,M,307.0,758-3346,SHOSHONI,WY,82649.0,M,N,35000.0,0.0,,,0.0
Polle,Zemerly,,,619-9082,BARTOW,GA,30413.0,M,,35000.0,6.0,0.0,5400.0,3000.0
Huu,,,586.0,899-1566,COLEMAN,MI,48618.0,M,N,50000.0,3.9,0.0,6200.0,0.0
Ludmila,,M,808.0,707-5319,PAIA,,96779.0,,N,55000.0,8.25,,2080.0,0.0
Kohei,Cozza,M,,504-7722,JANESVILLE,,,,N,40000.0,,700.0,0.0,0.0
Paris,,M,605.0,222-8906,WENTWORTH,,57075.0,M,Y,55000.0,,0.0,0.0,0.0
Ruchir,Bruandet,,,386-2765,OLIN,IA,52320.0,,,25000.0,4.0235424,0.0,80.0,0.0
Zdravko,,,763.0,939-5697,FINLAND,MN,55603.0,M,N,20000.0,5.35,,6600.0,0.0
Blair,Piricka,M,,495-7033,BRISTOL,SD,57219.0,M,N,95000.0,0.0,,,0.0
,,M,651.0,653-9240,BEMIDJI,MN,,S,Y,20000.0,,3300.0,0.0,3300.0
Moriyoshi,Complak,,,441-1347,LA FRANCE,,29656.0,,N,50000.0,7.0,0.0,6600.0,0.0
Manjai,Mecking,F,224.0,743-5862,,,62617.0,M,Y,25000.0,3.0,,,2000.0
Shuanghua,Bugrara,F,918.0,765-9579,OKLAHOMA CITY,OK,73104.0,,,65000.0,6.25,0.0,2000.0,1000.0
Cem,Reinsch,F,,513-3968,COLUMBIA,MO,65205.0,S,N,60000.0,6.0,,,0.0
Yuanyuan,Ullrich,M,,566-9392,NASSAU,DE,,,N,30000.0,,110.0,0.0,0.0
,Lazensky,F,919.0,992-6378,GLENWOOD,,,S,Y,15000.0,6.0472026,3300.0,,3300.0
Papa,Ochoa,,,408-3605,FORT MYERS BEACH,,33932.0,M,N,55000.0,0.0,,,0.0
Jef,,F,503.0,138-1928,ESTACADA,,97023.0,M,Y,75000.0,9.0,,318.0,159.0
Prabhav,Hemaspaandra,F,319.0,806-9419,NEW VIRGINIA,IA,,,,40000.0,,40.0,0.0,0.0
Youpyo,Shimony,M,,572-9861,HOWARD,CO,81233.0,,Y,55000.0,4.63,,,0.0
,,,803.0,132-5551,LANDRUM,SC,29356.0,,Y,60000.0,,,0.0,3300.0
Yuichi,Asplund,M,256.0,114-1941,MOBILE,AL,,,Y,55000.0,,1500.0,0.0,300.0
Huican,Meysembourg,F,,396-6030,SAINT HELENA,NE,68774.0,,Y,100000.0,6.84,,,103.0
Youngdon,Georg,M,,557-8554,RIVERSIDE,MO,64150.0,,N,35000.0,6.0,0.0,4200.0,0.0
Fumitaka,Ghalwash,F,,337-8525,BURTONSVILLE,MD,,S,N,70000.0,,2400.0,0.0,0.0
Yujun,,,631.0,138-7987,HUBBARDSVILLE,NY,13355.0,,N,30000.0,,,0.0,0.0
Gunilla,Rachid,,202.0,737-1620,WASHINGTON,DC,20570.0,S,N,80000.0,9.0,,,0.0
Landy,,F,682.0,153-6765,WICHITA FALLS,,76307.0,S,N,30000.0,,0.0,0.0,0.0
GuoDong,Motschnig,M,,327-4380,SMITH CENTER,KS,66967.0,M,Y,35000.0,6.45,,,2250.0
Sethu,Kruyt,,,300-6036,JACKSONVILLE,FL,32277.0,,,20000.0,0.0,0.0,,0.0
Sammy,Ianov,M,,458-3069,BUSBY,MT,59016.0,M,,85000.0,6.9,0.0,3800.0,1900.0
Siyi,Farreny,,,548-2083,,PA,16024.0,S,,65000.0,,0.0,0.0,0.0
Hungwen,Cassez,F,,489-4073,DOVER,DE,,S,N,95000.0,,110.0,0.0,0.0
Bassel,Marefat,,,598-4308,LEXINGTON,KY,40578.0,,Y,80000.0,6.0,0.0,,20.0
Henke,,,601.0,864-2153,PRENTISS,MS,39474.0,,N,75000.0,5.0,0.0,12000.0,0.0
Sovanna,Aloia,M,314.0,659-9512,SPRINGFIELD,MO,65802.0,M,,60000.0,6.0,0.0,4200.0,0.0
Chadia,Karstu,M,,580-1964,POTTERSVILLE,MO,65790.0,,N,55000.0,6.0,0.0,4200.0,0.0
Masakage,Pitchumani,F,225.0,214-8643,METAIRIE,,70060.0,,N,55000.0,6.0,,,0.0
Sergi,Pottosin,,202.0,806-1567,WASHINGTON,DC,20063.0,S,,10000.0,4.5,,,0.0
,Andronikos,,,590-1962,CAROLEEN,NC,28019.0,M,Y,40000.0,6.571678,0.0,6600.0,3300.0
Eileen,Jostes,F,,586-1796,JOHANNESBURG,CA,,,Y,40000.0,,87.0,0.0,272.0
Eneko,Thies,,240.0,129-4388,MILLINGTON,MD,21651.0,,N,60000.0,4.75,0.0,4800.0,0.0
Eliezer,Georg,M,202.0,251-6761,WASHINGTON,DC,,S,N,95000.0,,1370.0,0.0,0.0
Tushar,Jeffrey,M,,610-9591,AUSTIN,TX,78734.0,M,,80000.0,,0.0,0.0,0.0
Roderic,Kann,F,,430-9500,RIVERTON,WY,82501.0,,,10000.0,,0.0,0.0,0.0
Aemilian,Stille,M,360.0,204-8816,LOPEZ ISLAND,WA,98261.0,,N,45000.0,0.0,,,0.0
Lucja,Daws,M,304.0,876-5508,WILLIAMSBURG,,,S,N,30000.0,,2000.0,0.0,0.0
Khakhanian,Purna,M,,381-4561,LACONIA,,3246.0,,N,60000.0,0.0,,,0.0
Georgio,,F,602.0,123-8258,FLORENCE,AZ,85279.0,S,Y,75000.0,,,0.0,2300.0
Ivan,Tucker,M,409.0,107-7242,CORPUS CHRISTI,,78405.0,M,Y,30000.0,,0.0,0.0,0.0
Daina,Klement,,478.0,829-4135,ALTO,GA,30596.0,M,N,80000.0,6.0,0.0,,0.0
Kaushik,McGee,F,314.0,714-4562,TRIMBLE,,,S,Y,100000.0,6.0,2100.0,,1200.0
,Botsch,M,,644-8594,SUMTER,SC,,S,,25000.0,,3300.0,0.0,3300.0
Tomoko,,,703.0,658-6995,VIRGINIA BEACH,VA,23452.0,M,,45000.0,5.75,0.0,1800.0,0.0
Ramesh,Sluizer,F,,569-6350,KINGMAN,AZ,86409.0,,,100000.0,4.265,,,0.0
Giri,Bouguettaya,M,,490-3286,NORTH LAS VEGAS,NV,89030.0,,Y,65000.0,,0.0,0.0,0.0
Jacqueline,,F,720.0,218-4762,KERSEY,,,,Y,40000.0,,0.0,0.0,0.0
Norwin,Dunan,F,,605-4229,MONTICELLO,,,,N,50000.0,,3300.0,0.0,0.0
Mei,Maluszynski,F,,493-5335,GUILFORD,,,M,N,20000.0,8.5,0.0,,0.0
Yuewei,Angster,F,430.0,944-2657,RIO VISTA,TX,,,N,40000.0,,0.0,0.0,0.0
,,F,505.0,930-3805,CORRALES,NM,,S,,15000.0,,3300.0,0.0,3300.0
Hujun,Lidstone,,,585-8047,LACKEY,KY,41643.0,,N,50000.0,4.611111,0.0,,0.0
Its'hak,,M,785.0,681-2547,OKETO,,,,N,30000.0,,2250.0,0.0,0.0
Kagan,Prieve,,,476-7435,,,46122.0,S,N,75000.0,3.4,,,0.0
Jans,Greenberger,F,,392-6671,TACOMA,,98445.0,S,N,80000.0,,0.0,0.0,0.0
,,,843.0,925-1932,SARDINIA,SC,29143.0,,Y,65000.0,7.0,0.0,6600.0,3300.0
Anany,Dovidio,,315.0,980-7798,DOLGEVILLE,NY,13329.0,M,Y,55000.0,,0.0,0.0,1000.0
Carroll,Tash,M,307.0,952-9382,,WY,82081.0,M,Y,60000.0,,0.0,0.0,0.0
Rimon,,M,660.0,251-6600,PROTEM,MO,,,,90000.0,,2100.0,0.0,1200.0
Elvis,,F,808.0,665-6517,LANAI CITY,HI,,,Y,20000.0,,1040.0,0.0,1040.0
Tokuji,,F,787.0,163-8126,PONCE,PR,730.0,,,30000.0,,,0.0,0.0
Wenhua,Dehais,F,406.0,732-5244,LOLO,MT,,,,30000.0,,1900.0,0.0,0.0
Gokhan,Reiprich,F,,374-7744,,HI,96802.0,S,N,5000.0,1.9407895,,,0.0
Ronaldo,Kalamatianos,F,479.0,886-3170,STATE UNIVERSITY,AR,72467.0,M,,85000.0,7.0,0.0,40.0,0.0
Heung,Deves,M,419.0,827-5438,,OH,,S,Y,35000.0,,1300.0,0.0,1300.0
,Beauvieux,M,843.0,233-7592,SUMMERVILLE,SC,,S,,35000.0,,3300.0,0.0,3300.0
Fay,,F,785.0,179-1331,CUNNINGHAM,KS,,S,Y,100000.0,,2250.0,0.0,2250.0
,Heimdahl,,843.0,804-7567,CANADYS,,29433.0,M,Y,30000.0,7.0,0.0,6600.0,3300.0
Dushyanth,Wichert,,304.0,932-9346,,WV,24895.0,M,N,15000.0,3.35,0.0,4000.0,0.0
Johanne,Peak,F,985.0,696-6594,,,70033.0,S,N,10000.0,2.0,,,0.0
Sadatoshi,Jurtensen,,,272-5878,GREENVILLE,MS,38702.0,M,,30000.0,5.0,0.0,12000.0,0.0
Mark,Podkolzin,F,,414-4871,,,62855.0,S,N,95000.0,3.0,,,0.0
,Basawa,,,450-5838,SAINT JOHNSBURY CENTER,,5863.0,,Y,95000.0,4.8951945,0.0,6600.0,3300.0
Geng,Gutbrod,F,207.0,909-3599,NEW GLOUCESTER,ME,,,Y,30000.0,,2850.0,0.0,2850.0
Mustapha,Tsotras,F,413.0,152-8797,SPRINGFIELD,,,S,Y,55000.0,,3575.0,0.0,1000.0
Rudy,Neuhaus,F,208.0,149-1723,BRUNEAU,ID,83604.0,M,,85000.0,7.8,,,0.0
Lance,Andradas,,239.0,227-9571,,,32611.0,S,Y,75000.0,,0.0,0.0,0.0
Sheryl,Suwanda,M,435.0,255-1409,SALT LAKE CITY,UT,84157.0,,,30000.0,7.0,,,0.0
Daphna,Plesniewicz,F,,430-3018,SARATOGA,TX,77585.0,,N,65000.0,0.0,,,0.0
Arnaud,Dussa,M,,478-3094,CRANDALL,TX,,S,Y,45000.0,,0.0,0.0,0.0
Prithviraj,Hobbs,M,857.0,973-3281,SIASCONSET,MA,,S,,100000.0,,3575.0,0.0,0.0
Joel,,F,808.0,236-9271,HALEIWA,,96712.0,M,N,100000.0,8.25,,2080.0,0.0
Serdar,Verhofstadt,M,971.0,136-8646,PORTLAND,OR,,,,45000.0,9.0,0.0,318.0,159.0
Sefeng,Wish,F,,569-2142,,LA,,S,,5000.0,,4500.0,0.0,1000.0
Hguyen,Gecseg,F,908.0,742-2722,,NJ,,M,Y,95000.0,2.5828125,0.0,2000.0,1500.0
Hosahalli,Mallorqui,M,,383-4665,HOPE MILLS,NC,,,N,80000.0,7.410839,0.0,,0.0
Dave,Clary,F,,604-8981,SLAGLE,LA,,M,Y,20000.0,4.4,0.0,9000.0,1000.0
Tatsuji,Rand,M,,601-3281,,NH,3853.0,S,,75000.0,0.0,,,0.0
Chandramouli,Sigle,,,642-4873,,TN,37181.0,S,N,10000.0,0.0,,,0.0
Allessandro,Duclos,M,,456-9377,SULLIVAN,NH,,M,N,75000.0,,0.0,0.0,0.0
Reriel,,F,787.0,691-5430,CAROLINA,PR,,M,,70000.0,,0.0,0.0,0.0
Yannick,Filipponi,F,,529-9124,,NH,,S,,60000.0,,0.0,0.0,0.0
Stafford,Miake,,,346-4766,SOUTH RYEGATE,VT,5069.0,M,,95000.0,4.8951945,,,0.0
Lougie,Chihara,M,856.0,851-6206,,,,S,Y,90000.0,,1000.0,0.0,1500.0
,Bolliger,F,,374-5789,MCINTOSH,,,,Y,85000.0,,3300.0,0.0,3300.0
Tomohiko,Cantwell,M,,339-5448,SOUTH LYME,CT,,S,,100000.0,,12750.0,0.0,0.0
Tatsuya,Gerdt,M,401.0,887-2007,,RI,,M,,85000.0,,0.0,0.0,0.0
Hyongmuk,Manhart,F,,397-7677,WASHINGTON,DC,,M,N,100000.0,9.0,0.0,,0.0
Roswita,,M,678.0,757-8230,HAGAN,GA,,S,,35000.0,,2700.0,0.0,3000.0
Jussi,Sundareshan,F,,359-6430,LETTSWORTH,,70753.0,,N,70000.0,6.0,,,0.0
Shoji,Boudjlida,M,202.0,125-2800,WASHINGTON,DC,,M,,5000.0,4.5,0.0,2740.0,0.0
Jiajie,Plummer,,256.0,940-6827,MONTGOMERY,,36135.0,,N,5000.0,5.0,,,0.0
Norton,Harangsri,M,980.0,728-1964,GREENSBORO,,,S,N,40000.0,,3300.0,0.0,0.0
Qianhong,Tickle,M,939.0,778-7529,,PR,,S,,20000.0,,0.0,0.0,0.0
Tanveer,Flinn,M,,508-6160,DENMARK,IA,,S,,80000.0,,40.0,0.0,0.0
Evgeny,Argamon,F,,410-8074,,TX,79358.0,S,Y,90000.0,,0.0,0.0,0.0
Akhilesh,Pinchuk,M,,382-1901,,PR,949.0,S,N,65000.0,0.0,,,0.0
Nand,Layer,,,436-9970,BEREA,,40403.0,M,N,40000.0,4.0555553,0.0,,0.0
Brion,Rienhoff,,202.0,933-5718,WASHINGTON,DC,20076.0,S,N,60000.0,9.0,,,0.0
Hennie,Tausch,,,418-6677,PETERMAN,AL,36471.0,,N,35000.0,5.0,0.0,3000.0,0.0
Sujeet,Billaud,F,404.0,206-4049,NEWBORN,GA,,,,5000.0,,2700.0,0.0,3000.0
Nevzat,,F,603.0,698-8756,,,,S,Y,85000.0,,0.0,0.0,0.0
Faouzi,Woelk,M,307.0,225-9961,,WY,,M,N,70000.0,,0.0,0.0,0.0
Nishit,Christinaz,F,865.0,106-6049,,,,M,N,75000.0,,0.0,0.0,0.0
Kazuki,Preishuber,,240.0,119-3418,SAINT INIGOES,,20684.0,,N,80000.0,4.75,,,0.0
Jutta,Hajnal,M,304.0,870-1494,GREEN SULPHUR SPRINGS,,,S,Y,70000.0,,2000.0,0.0,2000.0
Ikuo,Adlassnig,M,847.0,116-5612,,IL,,M,Y,45000.0,3.0,0.0,4000.0,2000.0
Shiroteru,Provine,,,297-3452,LAVONIA,GA,30553.0,,,65000.0,6.0,,,3000.0
Xiulin,,F,567.0,894-2509,,OH,,M,,80000.0,3.2016153,0.0,2600.0,1300.0
Adrianus,Carstensen,M,971.0,684-8516,CLOVERDALE,OR,,S,N,5000.0,,159.0,0.0,0.0
Masashi,Roxin,F,360.0,653-9899,,,98113.0,S,N,65000.0,0.0,,,0.0
Frieda,Coppini,F,,309-5895,,NV,,S,Y,70000.0,,0.0,0.0,0.0
Sudarshan,,F,775.0,834-8424,,NV,89113.0,M,,20000.0,,,0.0,0.0
Yim,,F,505.0,995-7695,GRADY,NM,,M,,75000.0,5.3,0.0,6600.0,0.0
Hayo,,F,724.0,203-2710,,PA,,S,N,80000.0,,0.0,0.0,0.0
Myron,Gold,M,,427-7368,,,,M,N,90000.0,,0.0,0.0,0.0
Rohan,Baranowski,F,,502-9407,PERKINS,GA,,,,30000.0,,2700.0,0.0,0.0
Hillol,Kadous,F,,311-6894,TULSA,OK,,M,N,65000.0,6.25,0.0,2000.0,0.0
Ingolf,,M,813.0,757-7410,,,,S,Y,25000.0,,0.0,0.0,0.0
Teck,Tatsiopoulos,F,,304-3209,DEDHAM,IA,,M,,100000.0,8.98,0.0,80.0,40.0
Kentaru,Armando,M,,320-3568,NEWARK,,,,Y,65000.0,5.95,0.0,220.0,110.0
Xiyong,Leitman,F,907.0,234-1097,,AK,,S,,65000.0,0.0,0.0,,0.0
,Ade,M,,528-3855,GLENNS FERRY,ID,,M,Y,70000.0,7.8,0.0,6600.0,3300.0
Jayasree,Junior,M,203.0,910-9899,STAMFORD,,,M,Y,40000.0,5.0,0.0,24500.0,0.0
Fatemeh,Bousson,M,,519-2396,,KY,,S,N,10000.0,,20.0,0.0,0.0
Thiagarajan,Fouks,M,,563-9251,,NJ,,M,,80000.0,2.34625,0.0,2000.0,1500.0
Satu,Evett,F,,307-5262,,AR,,S,,5000.0,,20.0,0.0,0.0
Rejane,Wendorf,F,,456-4411,,SD,,S,,50000.0,,0.0,0.0,0.0
Osnat,,M,603.0,235-3956,,,,S,Y,5000.0,,0.0,0.0,0.0
Concettina,Bay,M,,352-5280,BAY,AR,,S,N,100000.0,,20.0,0.0,0.0
Nicholas,,M,785.0,828-2194,,,67561.0,M,N,15000.0,3.5,,4500.0,0.0
Yukinobu,DiPippo,F,,264-1418,EAST CANAAN,CT,,S,Y,25000.0,,12750.0,0.0,0.0
Marzena,,F,775.0,996-9787,,,,M,Y,50000.0,,0.0,0.0,0.0
Montgomery,,M,661.0,768-8212,,,,S,Y,10000.0,,87.0,0.0,272.0
Omran,,F,502.0,989-4846,OLIVE HILL,,,,N,90000.0,6.0,0.0,40.0,0.0
Seraffin,Scharf,M,,546-6005,INDEPENDENCE,MO,64052.0,,,90000.0,6.0,,,1200.0
Changqing,Eversberg,F,413.0,210-5023,TOWNSEND,MA,,M,N,70000.0,5.3,0.0,7150.0,0.0
Mukesh,Sawada,F,,410-6947,NORWAY,,4268.0,,N,95000.0,8.5,,,0.0
Sarosh,,F,636.0,777-3097,LEADWOOD,MO,,,,95000.0,6.0,0.0,4200.0,0.0
Willard,Habermann,F,,313-6169,,NJ,,M,,30000.0,1.5577083,0.0,2000.0,1500.0
Fumiyo,Stahl,M,971.0,124-4708,TIDEWATER,OR,97390.0,S,N,55000.0,9.0,,,0.0
Darla,Goldsby,F,412.0,854-3370,,PA,,S,Y,10000.0,,0.0,0.0,0.0
Gail,Kamp,M,,586-6271,GODDARD,KS,,S,Y,85000.0,,2250.0,0.0,2250.0
Karim,,M,701.0,836-8414,,,58236.0,S,N,70000.0,,,0.0,0.0
Hiraku,Yoshii,F,304.0,761-3043,CHARLESTON,WV,,M,N,100000.0,6.5,0.0,4000.0,0.0
Vamsee,,F,602.0,930-3086,,AZ,86505.0,S,,55000.0,,,0.0,0.0
Marina,Strasen,,,616-1752,BRUNSWICK,,31520.0,M,N,45000.0,6.0,,,0.0
Kamil,Tisato,F,,458-5469,RINGLING,,,,Y,45000.0,,1900.0,0.0,1900.0
Johanne,,,616.0,980-4677,COVERT,,49043.0,M,Y,70000.0,3.9,,6200.0,3100.0
Kan,Lecordix,M,,290-8634,EUGENE,,,M,N,95000.0,9.0,0.0,,0.0
Yoonsuck,Stage,F,339.0,815-9871,SUNDERLAND,MA,1375.0,S,,20000.0,5.3,,,1000.0
Elben,Idri,F,208.0,984-1234,COEUR D ALENE,ID,,S,N,55000.0,,3300.0,0.0,0.0
Kencheng,Guyton,M,336.0,800-4917,SPENCER,,,S,N,5000.0,,3300.0,0.0,0.0
Zygmunt,Justus,F,435.0,255-7716,EDEN,UT,,S,Y,70000.0,,2475.0,0.0,2475.0
Adina,,,607.0,953-3775,BROOKLYN,NY,11215.0,S,N,100000.0,,,0.0,0.0
Marinette,Lovas,F,907.0,929-4396,,,,M,Y,55000.0,0.0,0.0,,0.0
Grigorii,Leiba,M,,366-9208,,IN,,M,Y,60000.0,3.4,0.0,,1000.0
Katsuhisa,Abali,F,,454-2265,,,,S,Y,5000.0,,20.0,0.0,20.0
Solveig,Gryl,M,,483-3402,HAYSI,VA,,S,,25000.0,,900.0,0.0,0.0
Moriyoshi,Maamar,F,205.0,764-9217,SAMANTHA,,,,N,50000.0,5.0,0.0,,0.0
Helmuth,Neuwirth,F,939.0,699-8558,,PR,659.0,M,N,10000.0,0.0,,,0.0
Sanggoo,,,610.0,762-6375,,PA,16683.0,M,,45000.0,,,0.0,0.0
Padhraic,Poggio,,,265-3530,BOWDON JUNCTION,,30109.0,S,N,40000.0,6.0,,,0.0
Shushma,,,786.0,121-9888,,FL,32957.0,S,,5000.0,,,0.0,0.0
Ayman,Garrett,M,307.0,875-8592,,WY,,M,N,35000.0,,0.0,0.0,0.0
Bennett,Weusten,M,,575-8183,,TX,,S,N,60000.0,,0.0,0.0,0.0
Howell,Klingemann,M,,563-6728,SAINT PAUL,MN,,,N,85000.0,7.85,3300.0,,0.0
Takamoto,Oestreicher,M,939.0,206-4701,,PR,952.0,M,,70000.0,0.0,,,0.0
Fung,,,571.0,876-2323,MIDDLETOWN,VA,22645.0,,Y,20000.0,5.75,,1800.0,900.0
Jianying,,,513.0,185-3814,,,45875.0,M,N,65000.0,2.7036924,,2600.0,0.0
Karlheinz,,F,716.0,649-9325,DERBY,,,S,Y,20000.0,,0.0,0.0,1000.0
Xinyao,McNeese,F,907.0,730-8017,,AK,,S,,15000.0,0.0,0.0,,0.0
Mariano,,,551.0,838-2078,,,7606.0,S,Y,75000.0,,,0.0,1500.0
Shohei,Aerts,F,,411-2225,MADISON,NE,,,,100000.0,,103.0,0.0,0.0
Chiang,Zamfirescu,M,,428-8843,HOLUALOA,HI,,,Y,55000.0,8.25,0.0,2080.0,1040.0
Evelyne,,M,706.0,784-9963,MANASSAS,GA,,,Y,100000.0,,2700.0,0.0,3000.0
Rom,Carballo,F,405.0,846-5336,LONE WOLF,OK,,,,20000.0,,1000.0,0.0,1000.0
Soraya,Fuchi,M,229.0,979-9487,MILLEDGEVILLE,GA,,,,40000.0,,2700.0,0.0,3000.0
Stanford,Dolken,F,,427-4910,,NJ,,S,,20000.0,,1000.0,0.0,0.0
Changjie,Laguitton,F,,282-7911,BOSTON,MA,,M,N,25000.0,5.3,0.0,,0.0
Radek,Artosi,F,225.0,958-6061,GALLIANO,LA,,S,,30000.0,,4500.0,0.0,1000.0
Gabi,,F,801.0,205-6504,SALT LAKE CITY,UT,,,N,100000.0,7.0,0.0,4950.0,0.0
Shengrui,Gutenmakher,F,,286-3363,RED ASH,VA,,,,70000.0,5.75,0.0,1800.0,0.0
Hyuk,Czajkowski,F,256.0,917-4849,LAFAYETTE,AL,,,N,40000.0,,1500.0,0.0,0.0
,,M,763.0,164-4354,MINNEAPOLIS,,,,Y,20000.0,5.35,0.0,6600.0,3300.0
Franklin,Glew,F,,511-4147,HOLLAND,NY,,,N,65000.0,,0.0,0.0,0.0
German,Zaroliagis,M,989.0,793-9118,GARDEN,MI,,M,N,5000.0,3.9,0.0,6200.0,0.0
Hakki,Magenheimer,F,901.0,153-5381,,TN,,S,N,40000.0,0.0,0.0,,0.0
,,F,803.0,215-7392,NORWAY,SC,,,,45000.0,7.0,0.0,6600.0,3300.0
Raed,,F,772.0,718-6240,,FL,,S,,35000.0,,0.0,0.0,0.0
Noha,Luzi,F,,344-2735,RUTHERFORD,,,,N,30000.0,6.590543,0.0,,0.0
Youjip,Thiran,M,,614-9882,,NV,,S,N,15000.0,,0.0,0.0,0.0
Jyhjong,Boese,F,304.0,859-5127,,,,S,N,15000.0,,2000.0,0.0,0.0
Samy,Styblinski,M,425.0,239-5170,,WA,99032.0,S,,95000.0,0.0,,,0.0
Luisa,Verloop,F,,277-6776,KENNEDYVILLE,,,,N,90000.0,,2400.0,0.0,0.0
Chiang,,M,605.0,146-9258,,SD,,S,Y,85000.0,,0.0,0.0,0.0
Naotake,Haznedar,F,970.0,235-5937,COPE,,,S,N,80000.0,,0.0,0.0,0.0
Kriengkrai,,F,516.0,922-5241,NEW YORK,,,,Y,30000.0,,0.0,0.0,1000.0
Lionel,Burgert,F,848.0,223-8056,,,,M,Y,25000.0,1.4788542,0.0,2000.0,1500.0
Maheswara,Dhagat,F,870.0,988-4828,CLARENDON,,,S,N,50000.0,,20.0,0.0,0.0
Nobo,,M,775.0,939-5999,,,89451.0,M,N,80000.0,,,0.0,0.0
Dines,Senator,,863.0,909-1901,,FL,32957.0,M,N,85000.0,0.0,,,0.0
Gayle,,F,702.0,898-3433,,NV,89422.0,S,N,10000.0,,,0.0,0.0
Christoforos,,M,641.0,935-8241,,IA,,S,Y,20000.0,,40.0,0.0,40.0
Pallavi,,M,605.0,928-9387,,,57063.0,S,Y,20000.0,,,0.0,0.0
Hakim,Justin,F,,529-5460,STATESBORO,GA,,M,Y,35000.0,6.0,0.0,5400.0,3000.0
Long,Gurla,F,920.0,134-5260,WATERLOO,,,M,N,80000.0,5.836415,0.0,1400.0,0.0
Maryalice,Bahsoun,F,,586-4254,CUMMING,,,M,Y,90000.0,6.0,0.0,5400.0,3000.0
Michita,Kleftouris,F,,534-9797,,,,S,N,20000.0,0.0,0.0,,0.0
Kexiang,Souillard,,,395-2896,,,7833.0,S,Y,15000.0,1.4,,,1500.0
Fan,Class,M,208.0,151-8412,MAY,ID,,,N,65000.0,7.8,0.0,6600.0,0.0
Alec,Getto,M,,473-3184,,NJ,,M,N,70000.0,2.1885417,0.0,2000.0,0.0
Maurelio,,M,501.0,732-4110,ADONA,,,S,Y,95000.0,,20.0,0.0,20.0
Einoshin,Sollner,,919.0,939-1307,HIGH SHOALS,NC,28077.0,,N,75000.0,7.305944,,,0.0
Vernon,State,F,435.0,778-2444,BONANZA,UT,84008.0,M,,40000.0,7.0,,,0.0
Tetsuzo,,F,602.0,954-4538,GLENDALE,AZ,,M,,75000.0,3.8775,0.0,4200.0,0.0
Bogdan,Gerling,M,904.0,256-4664,,FL,,M,Y,35000.0,,0.0,0.0,0.0
Eldad,,M,618.0,225-7222,,IL,,S,Y,10000.0,,2000.0,0.0,2000.0
Ornan,Roubiere,F,253.0,873-9036,,,98455.0,S,Y,65000.0,0.0,,,0.0
Kewen,Schwiegelshohn,M,,606-4278,,,82322.0,S,N,35000.0,0.0,,,0.0
Jinya,Kennamer,F,,504-1751,,,,M,N,100000.0,3.4,0.0,2000.0,0.0
Luddy,Assadi,F,901.0,827-4711,,,,S,N,90000.0,,0.0,0.0,0.0
Behnam,Tiskin,M,,460-3811,MILWAUKEE,WI,,,N,100000.0,6.183918,0.0,1400.0,0.0
Mantis,Susmaga,,,601-8125,,,47989.0,S,N,15000.0,3.4,,,0.0
Demosthenis,Lanphier,M,,531-7842,WATERTOWN,MA,,M,Y,5000.0,5.3,0.0,,1000.0
Zhili,Sutanto,F,,340-7113,,WY,83120.0,M,N,15000.0,0.0,,,0.0
Grahame,Gestri,F,,540-7971,,RI,,M,N,100000.0,,0.0,0.0,0.0
Michinori,Tomas,F,,602-5344,,,,S,N,25000.0,,0.0,0.0,0.0
Masoud,Galand,F,,464-2106,GILMAN,,,S,Y,70000.0,,700.0,0.0,400.0
,Bassiouni,F,,605-4128,DURANTS NECK,NC,,M,,40000.0,6.571678,0.0,6600.0,3300.0
Parimal,Glymidakis,M,201.0,966-2578,,,,S,Y,45000.0,,1000.0,0.0,1500.0
Zhaohua,Irshid,F,,280-1286,BOYNE CITY,MI,,S,N,55000.0,,3100.0,0.0,0.0
Chinying,Orejas,F,,286-4901,,PR,929.0,S,Y,30000.0,0.0,,,0.0
Wilmer,Woof,F,859.0,948-1513,,KY,,M,,25000.0,3.2222223,0.0,40.0,0.0
Takumi,Shephard,,,581-8867,GREEN SEA,SC,29545.0,S,,95000.0,7.0,,,0.0
,,M,701.0,947-7814,,,58363.0,S,Y,15000.0,,,0.0,3300.0
Lakhdar,Lieblein,M,862.0,681-4476,,,,M,N,35000.0,1.6365625,0.0,,0.0
Sadamu,Mihoubi,,,444-3815,CARTERSVILLE,GA,30121.0,M,,10000.0,6.0,,,3000.0
Sunondo,Asmuth,F,,477-8907,SALEM,VA,,,,85000.0,5.75,0.0,1800.0,0.0
Sungwon,Auyong,F,308.0,189-4992,KENNARD,NE,,,,100000.0,6.84,0.0,206.0,0.0
Hansruedi,Buskens,M,,322-5522,,PA,,M,N,100000.0,,0.0,0.0,0.0
,,F,651.0,779-8251,ROSCOE,,56371.0,,Y,30000.0,5.8564034,,6600.0,3300.0
Polle,Rothman,F,206.0,139-4587,,WA,99033.0,S,,50000.0,0.0,,,0.0
Ivandre,Barrington,M,971.0,197-6590,GRANTS PASS,,,M,N,50000.0,9.0,0.0,318.0,0.0
Ameet,Buchter,M,308.0,904-4963,MCGREW,NE,,,N,100000.0,6.84,0.0,206.0,0.0
Jint,Wesselkamper,M,,505-5943,DENVER,,,M,Y,80000.0,,0.0,0.0,0.0
Hoon,,,769.0,802-3694,LOUIN,MS,39338.0,,Y,75000.0,,,0.0,1500.0
Demetrios,Specker,,202.0,756-2384,WASHINGTON,DC,20201.0,S,Y,90000.0,9.0,,,1370.0
Mitsunori,Kabuka,M,,277-7291,LEAMINGTON,,,,N,70000.0,7.0,0.0,4950.0,0.0
Tokuzo,,F,769.0,939-6643,COLUMBUS,MS,,M,,65000.0,5.0,0.0,12000.0,0.0
Mori,,,765.0,961-6771,,,47802.0,S,N,15000.0,,,0.0,0.0
Okuhiko,,F,504.0,954-6981,LAFAYETTE,,,,Y,45000.0,6.0,0.0,9000.0,1000.0
Yuk,Alameldin,F,,550-1220,,SC,,M,N,5000.0,3.563716,0.0,6600.0,0.0
Cesur,,M,801.0,224-3523,FERRON,UT,,M,Y,70000.0,7.0,0.0,4950.0,2475.0
Hansjurgen,,M,702.0,236-4159,,NV,,M,Y,10000.0,,0.0,0.0,0.0
Kajal,,M,808.0,188-3126,EWA BEACH,,,S,Y,20000.0,,1040.0,0.0,1040.0
Jana,Kazakos,M,,282-4516,,,,M,N,45000.0,3.0,0.0,4000.0,0.0
Sadaki,,F,603.0,820-7421,,NH,3032.0,M,,15000.0,,,0.0,0.0
Toshiya,Urponen,F,,383-7032,,IL,,S,,50000.0,,2000.0,0.0,0.0
Raimo,,F,712.0,846-3629,ESTHERVILLE,IA,,M,,65000.0,8.98,0.0,80.0,0.0
Yoshitomo,Arimoto,F,,433-1984,PROSPERITY,SC,,,N,65000.0,7.0,0.0,6600.0,0.0
Hafeda,,F,571.0,254-8169,PARKSLEY,VA,,,Y,85000.0,,900.0,0.0,900.0
Tarek,Canning,M,973.0,741-9164,,NJ,,S,,95000.0,,1000.0,0.0,1500.0
Kirack,,M,712.0,134-8798,AUSTINVILLE,,,M,Y,90000.0,8.98,0.0,80.0,40.0
Gila,,M,808.0,774-8701,,HI,,S,Y,5000.0,,1040.0,0.0,1040.0
Shih,Menhoudj,M,985.0,124-6321,GHEENS,LA,70355.0,M,,100000.0,6.0,,,1000.0
Hanafy,,M,808.0,964-7411,WAIALUA,HI,96791.0,S,Y,90000.0,,,0.0,1040.0
Fabiano,Norigoe,,910.0,215-1413,ORRUM,NC,28369.0,,N,60000.0,6.9912586,,,0.0
Mihail,,M,615.0,880-4726,,,,S,N,15000.0,,0.0,0.0,0.0
Gou,Panienski,F,,410-1304,ELEELE,HI,96705.0,M,N,45000.0,8.25,,,0.0
Mayuko,Sommen,F,870.0,993-9050,AMAGON,,72005.0,S,N,40000.0,7.0,,,0.0
Rejane,Bruin,F,956.0,995-5455,,TX,,M,,15000.0,,0.0,0.0,0.0
Chetan,,M,609.0,848-8708,,NJ,,S,Y,100000.0,,1000.0,0.0,1500.0
Pitro,Zellmann,F,,497-1092,CORDELE,GA,,S,Y,45000.0,,2700.0,0.0,3000.0
Mohammad,Berregeb,F,,476-1796,MINNEAPOLIS,,,,N,25000.0,,3300.0,0.0,0.0
Mirta,Nowatzyk,F,,473-2974,PAOLA,,66071.0,,N,20000.0,4.483333,,,0.0
Hoa,Matsubara,F,859.0,723-7129,RUSSELLVILLE,KY,,,N,60000.0,5.166667,0.0,,0.0
,Langerman,M,218.0,744-4558,PEMBERTON,MN,,,,90000.0,7.85,0.0,,3300.0
,Kaas,M,,317-2854,WINSTON SALEM,,,S,Y,55000.0,,3300.0,0.0,3300.0
Yoshimitsu,,F,603.0,733-9187,,NH,,M,N,55000.0,,0.0,0.0,0.0
Yee,Canepa,F,325.0,995-5248,,TX,,M,,50000.0,,0.0,0.0,0.0
Lucia,Razaz,F,952.0,789-7368,CAMPBELL,,56522.0,M,N,15000.0,5.35,,,0.0
Eliane,Schmitt,M,307.0,778-7727,,WY,83116.0,M,Y,55000.0,0.0,,,0.0
Seongyeol,Plavsic,M,314.0,240-2845,CALHOUN,MO,65323.0,S,,50000.0,6.0,,,1200.0
Genoveffa,Favero,F,,378-1123,,NV,,S,N,95000.0,,0.0,0.0,0.0
Zhiliang,Ushiama,M,313.0,678-4569,EASTPOINTE,MI,,S,N,35000.0,,3100.0,0.0,0.0
Suebskul,,F,775.0,939-7717,,NV,,M,,15000.0,,0.0,0.0,0.0
Djamal,,F,774.0,957-1478,WESTBOROUGH,MA,,S,Y,40000.0,,3575.0,0.0,1000.0
Yonghun,Botman,F,,300-3038,,TX,,M,,25000.0,,0.0,0.0,0.0
Jaeheon,Dssouli,F,303.0,250-7622,LITTLETON,,,,Y,65000.0,,0.0,0.0,0.0
Dolors,Fimbel,F,,264-9666,,AK,,S,Y,45000.0,,0.0,0.0,0.0
,Jacquart,M,208.0,141-2864,MURPHY,ID,,,Y,85000.0,,3300.0,0.0,3300.0
Dhaval,Moehrke,F,,429-7825,RED RIVER,NM,87558.0,,N,70000.0,5.3,,,0.0
Ruddy,Fecht,M,,471-9707,JEWELL,GA,,,,85000.0,,2700.0,0.0,0.0
Susannne,Luga,F,351.0,717-3412,AUBURN,MA,,S,,25000.0,5.3,3575.0,,0.0
,Lindberg,M,,337-8831,GLENDALE,SC,,S,,30000.0,7.0,3300.0,,3300.0
Deganit,Koponen,F,,387-1510,,OH,,S,Y,10000.0,0.8779744,1300.0,,1300.0
Terri,Hookway,F,229.0,143-1240,BARTOW,GA,,S,,20000.0,,2700.0,0.0,0.0
Arnd,,F,484.0,162-1967,,PA,,S,N,50000.0,,0.0,0.0,0.0
Walt,,F,662.0,684-7314,BECKER,MS,,M,,15000.0,5.0,0.0,12000.0,0.0
Rosangela,Aalborg,M,,469-3933,LUNENBURG,VT,,,,60000.0,4.1988535,0.0,6600.0,0.0
Alicia,McSkimin,M,,346-9283,SAINT FRANCIS,MN,,,N,10000.0,5.35,3300.0,,0.0
Azuma,Voisard,M,925.0,252-7040,POWAY,CA,,,Y,60000.0,,87.0,0.0,272.0
Frode,,M,501.0,133-3761,EVANSVILLE,AR,,S,N,55000.0,,20.0,0.0,0.0
Hyoung,Arafa,M,316.0,786-9623,COLWICH,KS,,S,N,25000.0,,2250.0,0.0,0.0
Edmund,,F,571.0,132-3669,WOODVILLE,VA,,M,Y,85000.0,5.75,0.0,1800.0,900.0
Wifried,Bergen,F,205.0,214-8538,RUTLEDGE,AL,,,,60000.0,5.0,0.0,3000.0,300.0
,D'Hondt,F,,620-8918,,,,M,Y,85000.0,2.7410512,0.0,6600.0,3300.0
Armar,,M,801.0,839-6956,HUNTINGTON,UT,,,Y,30000.0,,2475.0,0.0,2475.0
Abhaya,Syrzycki,,,516-9211,ATLANTA,GA,39901.0,M,N,40000.0,6.0,,,0.0
Loganath,Pettorossi,M,435.0,213-4472,CLEARFIELD,,84089.0,S,Y,60000.0,7.0,,,2475.0
Pentti,Eco,F,918.0,103-4950,ALLEN,,,S,N,10000.0,,1000.0,0.0,0.0
Wakunaga,Laqua,F,,384-6278,ADA,OK,,M,,45000.0,6.25,0.0,,0.0
Terresa,Rajlich,,,473-5221,,PA,19014.0,S,,50000.0,3.07,,,0.0
Geunmo,Clamen,F,,365-8993,,NH,,S,Y,45000.0,,0.0,0.0,0.0
Xenofon,,F,580.0,851-1934,DISNEY,OK,,S,,50000.0,,1000.0,0.0,0.0
Arunprasad,Bromley,M,,435-1102,WASHINGTON,DC,,S,N,10000.0,,1370.0,0.0,0.0
Maisa,Granvilliers,F,971.0,803-3271,PORTLAND,,,,Y,15000.0,,159.0,0.0,159.0
Marco,Tzitzikas,M,208.0,197-5196,,,,S,N,5000.0,,3300.0,0.0,0.0
Oryal,Halfin,M,931.0,807-7021,,,,M,N,55000.0,,0.0,0.0,0.0
Azzam,Peitgen,M,,361-9334,ELYRIA,NE,68837.0,M,N,10000.0,3.9097095,,,0.0
Vhris,Baucke,M,,606-5152,HONOLULU,HI,,,,80000.0,,1040.0,0.0,0.0
Agha,Cannon,M,907.0,141-7835,,AK,,M,N,20000.0,,0.0,0.0,0.0
Slava,Candy,F,,489-7848,MOOSUP,CT,,,,85000.0,,12750.0,0.0,0.0
Jinya,McDonnell,F,,537-8834,KURTHWOOD,,,,N,95000.0,6.0,4500.0,,0.0
Jianxiu,Dybig,M,,517-2871,WILMINGTON,,,S,Y,45000.0,,110.0,0.0,110.0
Jolanta,,,567.0,817-4394,,,43524.0,M,N,95000.0,3.6995387,,2600.0,0.0
Hirotsugu,,F,708.0,249-4173,,IL,,S,N,75000.0,,2000.0,0.0,0.0
Jerre,Altshuler,F,480.0,913-5553,,,,S,Y,70000.0,,2100.0,0.0,2300.0
Kensyu,Przulj,F,,604-4976,,,99740.0,S,Y,20000.0,0.0,,,0.0
Terry,Meitner,,973.0,846-1209,,NJ,8362.0,M,,20000.0,1.4,,,1500.0
Shaoyun,Daijavad,F,319.0,874-8742,,IA,,S,,15000.0,,40.0,0.0,40.0
Gilford,Haarhoff,M,435.0,169-4360,NEWTON,UT,,,N,45000.0,7.0,0.0,4950.0,0.0
Germano,Balcazar,M,,584-5848,SANFORD,NC,,,N,30000.0,6.361888,0.0,6600.0,0.0
Tina,,F,509.0,685-8405,,WA,,S,,30000.0,,0.0,0.0,0.0
Spephan,,,563.0,701-4614,UNIVERSITY PARK,IA,52595.0,M,,75000.0,8.98,,80.0,0.0
Suman,Vural,M,,470-5980,PLEASANT HOPE,MO,,,,40000.0,6.0,0.0,4200.0,1200.0
Yixin,,F,770.0,863-6743,SCREVEN,GA,,,,35000.0,,2700.0,0.0,3000.0
,,F,701.0,829-3772,,,,S,Y,20000.0,,3300.0,0.0,3300.0
Sangam,,M,701.0,688-2044,,ND,,M,,75000.0,2.6251287,0.0,6600.0,0.0
Emanuele,McMahan,F,307.0,251-6626,,WY,,M,N,70000.0,0.0,0.0,,0.0
Benno,,F,617.0,690-5175,AUBURN,MA,1501.0,M,N,35000.0,5.3,,7150.0,0.0
Mahan,Georgakopoulos,F,,595-9242,MACHIASPORT,,,,Y,30000.0,8.5,0.0,5700.0,2850.0
Linas,,M,603.0,844-1920,,,,M,N,95000.0,,0.0,0.0,0.0
Hafeda,Grant,F,360.0,175-8025,,WA,,S,Y,30000.0,,0.0,0.0,0.0
Jani,Nierstrasz,M,,627-2172,CEDAR CITY,,84721.0,S,Y,75000.0,7.0,,,2475.0
Othar,,F,801.0,792-5112,WILLARD,,84340.0,S,N,90000.0,,,0.0,0.0
Thong,Burkhard,M,,322-2737,WEST AUGUSTA,VA,,M,,60000.0,5.75,0.0,1800.0,0.0
Hideko,Jenevein,M,,635-3943,JEFFERSON,MD,,,Y,15000.0,4.75,0.0,4800.0,2400.0
Hanmao,Daul,F,,263-1471,,WA,,S,Y,60000.0,,0.0,0.0,0.0
Subir,Jokiniemi,F,,476-7812,OMAHA,NE,,,,80000.0,6.84,0.0,206.0,0.0
Diamantino,Dachille,F,,333-8769,,ND,,M,Y,55000.0,2.3932838,0.0,6600.0,3300.0
Shelby,,F,580.0,160-8009,MORRIS,OK,74445.0,,,60000.0,6.25,,2000.0,0.0
Branislava,,M,802.0,652-5864,WALLINGFORD,VT,,M,N,85000.0,4.69624,0.0,6600.0,0.0
Vlatka,,F,518.0,980-9981,HUNTINGTON STATION,NY,,,,45000.0,,0.0,0.0,0.0
Alfio,Hatakka,F,,427-9848,,VT,,S,Y,5000.0,,3300.0,0.0,3300.0
Margrethe,Lieberherr,M,917.0,154-6483,NYACK,,,,Y,30000.0,4.127439,0.0,,1000.0
Jimena,Detmer,M,207.0,902-8168,ORRINGTON,,,,Y,75000.0,,2850.0,0.0,2850.0
Haojin,McElwain,F,910.0,192-6560,WENTWORTH,NC,,S,Y,45000.0,6.6765733,3300.0,,3300.0
Karthikeyan,,M,501.0,693-4505,,,,M,Y,5000.0,1.3826939,0.0,40.0,20.0
Weimin,,M,662.0,777-8641,MOOREVILLE,MS,,,,100000.0,,6000.0,0.0,0.0
Alla,Sagawa,M,314.0,654-4052,MORRISVILLE,MO,65710.0,,Y,95000.0,6.0,,,1200.0
Branislava,Fasching,M,,458-1615,,SD,,S,Y,90000.0,,0.0,0.0,0.0
Waleed,Porotskiy,,304.0,930-6827,,WV,25875.0,M,,10000.0,3.0,,,2000.0
Vassili,,M,808.0,848-5752,KALAUPAPA,HI,,,,75000.0,8.25,0.0,2080.0,1040.0
Kiyokuni,Goodwyn,M,928.0,792-9412,WINKELMAN,,,S,Y,95000.0,,2100.0,0.0,2300.0
Zhi,,M,501.0,856-1982,BONO,AR,,M,Y,20000.0,4.9682083,0.0,40.0,20.0
Ann,Speranza,,,406-5582,,VA,23937.0,S,Y,10000.0,3.875,,,900.0
Milorad,Clint,M,308.0,944-6971,FUNK,,,M,N,75000.0,6.84,0.0,206.0,0.0
Kuorong,Liggesmeyer,M,316.0,114-8322,BURR OAK,,,S,N,75000.0,6.45,2250.0,,0.0
Tessa,Babinski,F,406.0,132-8535,BILLINGS,MT,,M,,35000.0,6.9,0.0,3800.0,1900.0
Tricia,,F,602.0,219-5895,,AZ,85547.0,S,,60000.0,,,0.0,2300.0
Ruay,,F,651.0,243-6053,HOVLAND,MN,,,,70000.0,,3300.0,0.0,3300.0
Walt,,F,602.0,785-4504,,AZ,,S,,35000.0,,2100.0,0.0,0.0
Nanda,,F,770.0,260-4552,TIFTON,,,S,Y,50000.0,,2700.0,0.0,3000.0
Takayuki,Leunen,M,937.0,727-7607,,OH,,S,,100000.0,3.8655128,1300.0,,0.0
Keiko,Gilchrist,M,202.0,655-2336,WASHINGTON,,,M,N,45000.0,9.0,0.0,2740.0,0.0
Narushige,Bouabdallah,F,910.0,101-3547,MONROE,,,,N,95000.0,,3300.0,0.0,0.0
Makato,,F,513.0,681-7691,,,,M,N,15000.0,1.0439488,0.0,2600.0,0.0
Torgrim,Maskit,M,,497-4836,,AK,,S,,55000.0,0.0,0.0,,0.0
Olof,Streit,M,,264-5654,,,99204.0,M,N,95000.0,0.0,,,0.0
Fung,Skandalis,F,,594-8003,,RI,2905.0,M,Y,30000.0,0.0,,,0.0
Maksim,,M,530.0,741-9999,YUCCA VALLEY,,,M,N,25000.0,5.410157,0.0,174.0,0.0
Saeeiab,,F,505.0,990-2228,NAVAJO DAM,NM,,,,20000.0,,3300.0,0.0,0.0
Yogesh,Kadin,M,,384-7705,INDIAN HILLS,CO,,,,10000.0,,0.0,0.0,0.0
Waleed,,F,515.0,769-3629,MILO,IA,,,,70000.0,8.98,0.0,80.0,0.0
Joe,Nissenbaum,,,408-2209,,,16827.0,M,N,20000.0,3.07,,,0.0
Oren,,F,571.0,237-7106,WAKE,,,M,N,90000.0,5.75,0.0,1800.0,0.0
Jianghai,,M,602.0,854-8560,GILA BEND,,,M,Y,80000.0,3.955,0.0,4200.0,2300.0
Femke,Grdy,F,435.0,112-7273,CEDAR CITY,UT,,S,N,70000.0,,2475.0,0.0,0.0
Vaclav,Kogan,M,936.0,728-8132,,TX,,S,,100000.0,0.0,0.0,,0.0
Injun,Leake,M,,339-6481,EAST BARRE,,,M,Y,85000.0,4.69624,0.0,,3300.0
Zubair,,M,573.0,258-7104,KANSAS CITY,MO,64130.0,,Y,100000.0,,,0.0,1200.0
Kwangyoen,Tawa,F,406.0,222-8144,LAMBERT,,,,N,70000.0,6.9,0.0,3800.0,0.0
Florimond,,F,716.0,654-1052,APULIA STATION,NY,,M,Y,35000.0,,0.0,0.0,1000.0
Mituhiro,,M,662.0,855-5428,INDIANOLA,,,,Y,60000.0,5.0,0.0,12000.0,1500.0
Cheong,,F,774.0,912-6934,GRANBY,MA,,M,Y,15000.0,5.3,0.0,7150.0,1000.0
Shashi,Hutton,M,,510-6679,HOPE,NM,,,,55000.0,5.3,0.0,6600.0,0.0
Soazig,Mackenthun,F,,370-1959,,OH,,M,,55000.0,2.3717437,0.0,,0.0
Baiju,Hickman,F,402.0,921-7389,OGALLALA,NE,,,Y,20000.0,5.685643,0.0,206.0,103.0
Reg,Orlowska,F,207.0,810-2113,PORTLAND,ME,4101.0,,,100000.0,8.5,,,2850.0
LaRoy,Chretien,M,909.0,985-3349,IMPERIAL BEACH,,,,N,50000.0,,87.0,0.0,0.0
Yoshikane,Wender,F,,350-5203,,SD,,M,N,100000.0,,0.0,0.0,0.0
Hariolf,Suzaki,F,939.0,868-2872,,PR,954.0,S,N,40000.0,0.0,,,0.0
Hyunki,Providence,M,,264-3239,DAMASCUS,OR,97089.0,M,N,35000.0,9.0,,,0.0
Morioka,Broeg,M,,496-6361,,,,M,Y,85000.0,2.7410512,0.0,6600.0,3300.0
Takayoshi,Alterman,F,304.0,163-9203,MARTINSBURG,WV,,,,55000.0,,2000.0,0.0,0.0
Philippe,Walczak,M,,281-1301,MILFORD,,,,Y,40000.0,5.0,0.0,24500.0,0.0
Jamel,Bruchert,F,,313-5768,MERIDEN,,,,N,85000.0,5.0,0.0,24500.0,0.0
Dieter,,M,503.0,807-7550,PORTLAND,OR,97242.0,,Y,80000.0,9.0,,318.0,159.0
Midori,Gran,M,,570-7898,,,,M,Y,20000.0,3.7,0.0,4000.0,2000.0
Lauri,Bruha,M,,267-9356,NUNN,,,,Y,70000.0,,0.0,0.0,0.0
Beth,Tarr,F,307.0,251-2514,,WY,,S,N,20000.0,,0.0,0.0,0.0
Siegmar,Honiden,M,301.0,924-1109,BALTIMORE,MD,,S,,50000.0,,2400.0,0.0,0.0
Sidi,Bijlsma,M,,307-1820,SAN JOSE,CA,,,,20000.0,4.2297716,0.0,174.0,0.0
Mia,Shobatake,,,381-4546,,,38039.0,M,Y,90000.0,0.0,,,0.0
Geva,,M,605.0,671-7607,,SD,,S,Y,10000.0,,0.0,0.0,0.0
,Purna,M,,451-6561,,,58345.0,S,Y,35000.0,2.161439,,,3300.0
Fedor,Pflugrad,,304.0,935-5730,,WV,25720.0,M,N,5000.0,3.0,,,0.0
Fenghua,,F,785.0,197-7396,SAWYER,KS,,,N,40000.0,,2250.0,0.0,0.0
Cristiano,,F,571.0,811-5695,FREDERICKSBURG,VA,,M,Y,50000.0,5.75,0.0,1800.0,900.0
Kai,Bolotov,M,212.0,170-7695,SALAMANCA,,,,N,55000.0,,0.0,0.0,0.0
Dragutin,Cheeseman,F,,351-6454,,AZ,,S,N,50000.0,,2100.0,0.0,0.0
Isi,,F,623.0,947-6013,SECOND MESA,,,,N,90000.0,4.11,0.0,4200.0,0.0
Wojtek,Maramtz,F,,467-7219,ASHLAND,MT,,S,,45000.0,6.9,1900.0,,0.0
Fumihide,,M,785.0,811-8485,LENEXA,KS,,,Y,20000.0,,2250.0,0.0,2250.0
,,M,701.0,258-1653,,,,S,Y,95000.0,,3300.0,0.0,3300.0
Patrice,Kleyle,F,,303-9219,,,,M,N,75000.0,0.0,0.0,,0.0
Dannz,Mackaness,M,920.0,196-6774,COMSTOCK,WI,,S,N,35000.0,5.0545335,700.0,,0.0
Ennio,Kara,M,267.0,707-3849,,PA,,M,N,40000.0,,0.0,0.0,0.0
Golgen,,F,816.0,754-7842,STOCKTON,MO,65785.0,S,N,80000.0,,,0.0,0.0
Jimena,,M,606.0,855-3314,,,,M,N,25000.0,3.2222223,0.0,40.0,0.0
Atilio,,M,775.0,815-7023,,NV,,S,N,95000.0,,0.0,0.0,0.0
Leni,Dippoldsmann,F,307.0,162-7679,,,,M,Y,90000.0,,0.0,0.0,0.0
Youjip,Gesli,M,253.0,980-5526,,WA,,M,N,40000.0,,0.0,0.0,0.0
Dorothy,,F,602.0,860-5653,CHANDLER HEIGHTS,AZ,85127.0,M,Y,95000.0,4.1875,,4200.0,2300.0
Slawomir,Redd,M,,471-3192,GARDEN CITY,MN,56034.0,S,,45000.0,6.6568303,,,0.0
Tarak,Pakkan,,334.0,652-5950,BIRMINGHAM,AL,35224.0,M,,60000.0,5.0,,,0.0
Sangchul,,,551.0,905-8176,,NJ,7746.0,S,,30000.0,,,0.0,1500.0
Aladin,Macedo,F,406.0,801-6356,PEERLESS,MT,,,Y,70000.0,6.9,0.0,,1900.0
Brennan,Perring,F,,389-7962,MARION,LA,71260.0,,Y,95000.0,6.0,,,1000.0
Soheil,Deemter,M,,543-5705,PRATTSVILLE,AR,,,,50000.0,7.0,0.0,40.0,20.0
Lihu,Ridgeway,M,402.0,953-7715,EXETER,,68351.0,M,N,100000.0,6.84,,,0.0
Reza,Pfau,,,447-1246,KESWICK,IA,50136.0,,,75000.0,8.98,,,40.0
Shona,Versino,F,,272-7724,MADISON,WI,,,,60000.0,5.488912,0.0,1400.0,400.0
Mansooreh,Alves,M,,646-1248,LEXINGTON,,,,Y,60000.0,5.3,0.0,7150.0,1000.0
Minkai,Handelman,M,305.0,217-1400,,,,M,N,15000.0,,0.0,0.0,0.0
Takuyu,Hudlicka,M,,623-9524,DULUTH,MN,,M,,65000.0,7.724066,0.0,6600.0,0.0
Gil,Lindqvist,M,,548-3984,,KY,,M,Y,35000.0,3.7777777,0.0,,20.0
Woojin,Docter,M,,521-2402,,OH,,M,,55000.0,2.3717437,0.0,2600.0,1300.0
Prasadram,Detmer,F,,288-4035,MACKSVILLE,KS,,,,100000.0,6.45,0.0,4500.0,0.0
Nelleke,,,724.0,959-3192,,,19548.0,S,N,35000.0,,,0.0,0.0
Alonso,Deogun,M,,271-2751,THE DALLES,OR,,M,Y,10000.0,9.0,0.0,318.0,159.0
Juho,Raffaeta,,,271-2055,BRAXTON,,39044.0,M,Y,95000.0,5.0,,,1500.0
Shaye,Casas,F,269.0,699-8127,GOODELLS,MI,,S,,45000.0,,3100.0,0.0,3100.0
Aemilian,Sabelli,,843.0,815-4693,COLUMBIA,SC,29203.0,M,N,40000.0,7.0,,,0.0
Carleton,Edagawa,F,435.0,189-8636,RANDOLPH,UT,,,Y,20000.0,,2475.0,0.0,2475.0
Vern,Burnell,M,,360-3047,,PR,,M,,20000.0,,0.0,0.0,0.0
Nils,Tambouris,F,,281-1239,HAMPTON,,,M,Y,30000.0,5.0,0.0,24500.0,0.0
Takumi,Tabuchi,,,368-2744,,NJ,8087.0,M,,85000.0,2.4251041,,,0.0
Birger,Syrotiuk,M,,553-8691,,IL,62316.0,S,Y,65000.0,3.0,,,2000.0
Leonhard,Montemayor,F,,604-3150,NORTH LITTLE ROCK,,72190.0,,N,85000.0,7.0,,,0.0
Sungchang,Deak,F,,556-3288,,SC,,S,,5000.0,,3300.0,0.0,0.0
Kavi,Bast,M,417.0,236-5768,LOHMAN,,,,Y,35000.0,,2100.0,0.0,1200.0
Noriharu,,M,540.0,983-6031,MOUNT HOLLY,,,,Y,50000.0,,900.0,0.0,900.0
,,M,701.0,869-2720,,ND,,S,Y,40000.0,,3300.0,0.0,3300.0
Hongyuan,Quitte,M,,399-7052,,NV,89406.0,M,Y,45000.0,0.0,,,0.0
Marin,Strivastav,,,539-7723,,,19456.0,M,N,15000.0,3.07,,,0.0
Yuanhui,Hoffgen,F,,440-8864,NEW HYDE PARK,NY,,,Y,80000.0,,0.0,0.0,1000.0
Isidore,Heines,F,308.0,189-5957,BRAINARD,,,S,N,45000.0,,103.0,0.0,0.0
Matthai,Yamagami,F,228.0,742-3467,PELAHATCHIE,,,,Y,90000.0,5.0,0.0,12000.0,1500.0
Dinesh,,F,808.0,868-2883,MILILANI,HI,,,Y,40000.0,,1040.0,0.0,1040.0
Takuyu,Gheorghiu,M,207.0,987-4052,BASS HARBOR,ME,,M,,95000.0,8.5,0.0,5700.0,0.0
Boaz,Villalba,M,304.0,100-1121,NEBO,WV,,,N,50000.0,,2000.0,0.0,0.0
Luc,Tsunoo,M,,515-3213,FALL RIVER,,,S,N,40000.0,,3575.0,0.0,0.0
Libero,Nanadikar,F,,535-5183,SANDWICH,,2563.0,,Y,5000.0,5.3,,,1000.0
Manibrata,Chakroborty,F,,343-3816,,,,S,Y,85000.0,,0.0,0.0,0.0
Stven,Scherberger,M,,413-8649,,TX,78641.0,M,,75000.0,0.0,,,0.0
Suraj,Capps,M,,398-8164,FORT DODGE,KS,,M,,70000.0,6.45,0.0,4500.0,2250.0
Erran,Lason,M,212.0,732-4474,POPLAR RIDGE,NY,,,N,45000.0,4.2143292,0.0,,0.0
Jeanne,Trefftzs,M,,536-1517,BOVILL,,,M,N,90000.0,7.8,0.0,6600.0,0.0
Ping,Hammerle,M,,372-7108,,KY,,M,Y,20000.0,2.9444444,0.0,40.0,20.0
Ruth,Prabhakar,F,971.0,747-7123,EUGENE,OR,97408.0,S,,60000.0,9.0,,,0.0
Bernice,Dulong,M,304.0,161-9032,NAPIER,WV,,,N,45000.0,5.45,0.0,4000.0,0.0
Mahadev,,M,801.0,123-3551,WHITEROCKS,,84085.0,M,Y,10000.0,7.0,,4950.0,2475.0
Burkhart,Meacham,,,264-4381,NEW YORK,NY,10164.0,,Y,75000.0,4.3881097,,,1000.0
Ekkart,,M,641.0,247-4218,RIPPEY,IA,,,N,80000.0,,40.0,0.0,0.0
Dainis,Balcazar,F,,534-6624,,NH,,M,N,30000.0,,0.0,0.0,0.0
Yuliang,Edmondson,M,,397-6407,,KS,,M,Y,5000.0,3.5,0.0,4500.0,2250.0
Perla,Lucco,F,225.0,704-5963,SLAUGHTER,,,S,N,80000.0,6.0,4500.0,,0.0
Baldomir,Zlatev,M,954.0,140-6287,,FL,,S,N,45000.0,,0.0,0.0,0.0
Huajun,Shiran,,,623-5912,ATLANTA,GA,30340.0,S,Y,10000.0,6.0,,,3000.0
Niel,Milgram,M,417.0,133-2120,STRASBURG,,64090.0,M,N,25000.0,6.0,,,0.0
Devin,Rodite,,423.0,232-9566,,TN,37769.0,M,Y,15000.0,0.0,,,0.0
Aggis,,F,701.0,199-5621,,ND,,M,N,70000.0,2.5671675,0.0,6600.0,0.0
Florina,Bachus,M,,423-1118,RICHMOND,MA,,,N,85000.0,5.3,0.0,7150.0,0.0
Petra,Suwunboriruksa,M,,380-7635,,,966.0,M,Y,85000.0,0.0,,,0.0
Adriano,Malavasi,M,434.0,739-3687,YORKTOWN,VA,,M,Y,50000.0,5.75,0.0,,900.0
Parosh,Beukering,F,253.0,125-9425,,,,M,Y,80000.0,,0.0,0.0,0.0
Sreerama,Olech,M,907.0,849-3356,,AK,99607.0,S,,20000.0,0.0,,,0.0
Stylianos,Brazakovic,M,,411-2753,TANEYTOWN,MD,,M,,95000.0,4.75,0.0,4800.0,2400.0
Ronni,Handelman,F,848.0,242-9781,,NJ,,S,,65000.0,,1000.0,0.0,1500.0
Jeno,,M,605.0,194-8474,,,,M,Y,100000.0,,0.0,0.0,0.0
Yuewei,Obtulowicz,,860.0,682-8185,SEYMOUR,CT,6483.0,,N,25000.0,5.0,,,0.0
Jacquelyn,Breuker,F,260.0,902-1287,,,,S,Y,95000.0,,1000.0,0.0,1000.0
Marias,,M,808.0,991-4029,KAILUA KONA,,96745.0,,Y,90000.0,,,0.0,1040.0
Kazem,Staab,,410.0,711-8178,MIDDLE RIVER,,21220.0,,Y,95000.0,4.75,,,2400.0
Manhoi,Agosti,M,304.0,756-6530,NORTHFORK,,,,N,60000.0,6.5,0.0,4000.0,0.0
Padhraic,Neuwirth,F,,492-3423,HAMMETT,,83627.0,S,N,10000.0,4.109693,,,0.0
Vecheslav,Layer,F,413.0,941-3778,WORCESTER,MA,,M,,15000.0,5.3,0.0,,1000.0
Janette,Kuszyk,F,,544-3529,AUGUSTA,,,M,N,75000.0,8.5,0.0,,0.0
Shubhendu,Fujisaki,M,,494-4601,FRANKSVILLE,WI,,S,,85000.0,,700.0,0.0,400.0
Goker,Bertelrud,F,,483-7143,TULSA,OK,,M,N,50000.0,6.25,0.0,2000.0,0.0
Yerucham,Zaroliagis,M,,394-3110,,TX,,S,,60000.0,,0.0,0.0,0.0
Tsutomu,Luitjes,F,302.0,114-8539,,DE,,S,,5000.0,2.2,110.0,,0.0
Bjarte,Surav,,973.0,777-9344,,NJ,7827.0,S,N,90000.0,2.5039582,,,0.0
Huatian,Dougan,M,,508-8680,CRYSTAL CITY,MO,,S,Y,35000.0,,2100.0,0.0,1200.0
Volkmar,Gerke,M,,383-6873,,TX,,M,,40000.0,,0.0,0.0,0.0
Nian,Marandzjan,M,,642-2097,FRISCO,,,S,N,75000.0,4.63,0.0,,0.0
Boping,Cucker,M,203.0,737-3150,HARTFORD,CT,,S,N,30000.0,,12750.0,0.0,0.0
Kostoula,,F,501.0,253-4353,LITTLE ROCK,,,,Y,30000.0,7.0,0.0,40.0,20.0
Hector,Kent,M,402.0,932-2998,GRANT,NE,,M,N,20000.0,5.685643,0.0,206.0,0.0
Melliyal,Poss,,,468-7487,,,5748.0,S,N,35000.0,3.7014668,,,0.0
Stefen,Buhler,M,847.0,126-3279,,IL,,M,,35000.0,3.0,0.0,4000.0,2000.0
Elmar,Stroud,,,597-6067,,IA,51350.0,S,Y,15000.0,2.479763,,,40.0
Dmitri,Langerman,F,312.0,940-5813,,IL,,S,Y,80000.0,3.0,2000.0,,2000.0
Phill,Fischetti,M,304.0,682-4423,,,,M,Y,15000.0,3.35,0.0,4000.0,2000.0
Vikas,Piltz,M,401.0,823-5045,,RI,2903.0,S,,65000.0,0.0,,,0.0
Huseyin,Gabalda,M,907.0,794-3926,,AK,,S,N,60000.0,,0.0,0.0,0.0
Lanju,,M,801.0,195-2769,CLEARFIELD,,84015.0,M,N,60000.0,7.0,,4950.0,0.0
Olivia,,M,610.0,945-5939,,,,M,N,40000.0,3.07,0.0,0.0,0.0
Molly,Slimani,,,596-4895,DILLON,,29536.0,M,N,90000.0,7.0,,,0.0
Hidde,,M,802.0,786-8261,,VT,,S,N,40000.0,,3300.0,0.0,0.0
Zhongxiu,Pedrycz,F,,510-4704,OLNEY,MT,59927.0,,Y,55000.0,6.9,,,1900.0
Sylvanus,Dimitoglou,F,207.0,978-5324,AUGUSTA,ME,,M,,85000.0,8.5,0.0,5700.0,2850.0
Keumog,Fouss,M,,429-4737,,,,S,Y,15000.0,,0.0,0.0,0.0
Jianming,Valtchev,F,307.0,779-4344,,,,M,N,75000.0,,0.0,0.0,0.0
,Eilenberg,F,,482-5182,MOCKSVILLE,NC,,,Y,90000.0,7.6206293,3300.0,0.0,3300.0
Harjit,,F,808.0,985-9966,HONOLULU,HI,96825.0,,N,90000.0,8.25,,2080.0,0.0
Egon,Monneau,M,224.0,844-8984,,IL,61925.0,M,N,75000.0,3.0,,,0.0
Orly,Felice,F,,601-5418,WHITE PINE,,,M,N,90000.0,3.9,0.0,6200.0,0.0
Dattatraya,Hongyuan,M,970.0,196-5807,BLACK HAWK,CO,,M,N,50000.0,4.63,0.0,0.0,0.0
Bassel,Deemter,M,202.0,777-8896,WASHINGTON,DC,,S,N,15000.0,5.625,1370.0,0.0,0.0
,Wind,M,,367-6745,,NM,,S,Y,10000.0,3.2428572,3300.0,0.0,3300.0
Djordje,Reznick,M,,477-8061,ANACOCO,LA,71403.0,S,N,55000.0,6.0,,,0.0
Ludger,,M,719.0,171-5060,RICO,,81332.0,,N,25000.0,4.63,,0.0,0.0
Coenraad,Lukassen,F,,627-2887,SHREVEPORT,LA,,S,N,45000.0,6.0,4500.0,,0.0
Anna,Ruhleder,F,,570-7194,GATE,OK,73844.0,S,Y,15000.0,6.25,,,1000.0
Shashank,,M,802.0,830-7309,,VT,,S,,10000.0,3.6,3300.0,0.0,0.0
,,M,505.0,836-7411,TESUQUE,,87574.0,M,Y,20000.0,5.3,,6600.0,3300.0
Eliane,Dever,M,971.0,247-7633,LAFAYETTE,OR,,,N,55000.0,9.0,159.0,0.0,0.0
Wei,Melanson,,,536-9854,,IN,47384.0,S,,65000.0,3.4,,,1000.0
Shinobu,,F,618.0,789-7543,,IL,,S,,55000.0,3.0,2000.0,0.0,2000.0
Ivan,,M,808.0,774-1024,HONOLULU,,,,Y,70000.0,8.25,1040.0,0.0,1040.0
Peretz,Adolphson,M,406.0,949-1879,ALZADA,,,S,Y,95000.0,6.9,1900.0,0.0,1900.0
Ryuzo,,F,769.0,752-6206,IUKA,MS,,,,70000.0,5.0,0.0,12000.0,1500.0
,,M,701.0,923-9182,,,,M,Y,15000.0,2.1,0.0,6600.0,3300.0
Ernestine,Daelemans,M,,549-1225,,KS,,S,Y,15000.0,3.5,2250.0,0.0,2250.0
Sajal,Luef,F,337.0,720-6660,IOTA,LA,,,,65000.0,6.0,0.0,,1000.0
Shogo,Engbersen,F,859.0,132-1678,ISLAND,KY,,,,55000.0,4.888889,20.0,0.0,0.0
Derrick,Khedri,M,,533-2634,SUGAR VALLEY,GA,,S,Y,60000.0,6.0,2700.0,0.0,3000.0
Miyako,,F,706.0,960-9193,MONROE,,,,Y,15000.0,6.0,0.0,5400.0,3000.0
Janell,Kochs,M,304.0,656-8218,HUNTINGTON,,,,Y,75000.0,6.5,2000.0,,2000.0
Yannich,Roura,M,,460-9733,,NH,3249.0,M,,45000.0,0.0,,,0.0
Weicong,,M,720.0,983-5460,AULT,CO,,M,,5000.0,4.63,0.0,0.0,0.0
Pehong,Bischoff,F,414.0,668-7277,TOWNSEND,,,M,Y,90000.0,6.010166,0.0,1400.0,400.0
Kinh,,M,574.0,781-1570,,,,S,Y,55000.0,3.4,1000.0,0.0,1000.0
Case,Hudlicka,F,906.0,909-8889,SOUTH ROCKWOOD,MI,,S,N,30000.0,3.9,3100.0,0.0,0.0
Nikunja,Schueller,M,,297-2576,PHOENIX,,85019.0,,Y,85000.0,4.0325,,,2300.0
Kumpati,Zdrahal,M,215.0,947-6187,,,,S,Y,75000.0,3.07,0.0,0.0,0.0
Femke,Sweldens,,205.0,168-4287,SMITHS STATION,AL,36877.0,S,N,75000.0,5.0,,,0.0
Vivian,Merckt,M,971.0,828-9945,PORTLAND,OR,97251.0,,,85000.0,9.0,,,0.0
True,Wolniewicz,F,207.0,248-6218,BROOKLIN,ME,,S,,10000.0,4.5857663,2850.0,0.0,2850.0
Madhu,Miyakawa,F,401.0,978-9134,,,2882.0,M,Y,60000.0,0.0,,,0.0
Giordano,,F,603.0,118-5062,,NH,,S,Y,60000.0,0.0,0.0,0.0,0.0
Shiafun,Kennamer,M,,339-5635,GOOSE ROCK,KY,,S,,90000.0,6.0,20.0,0.0,0.0
Jamel,Kotlyar,F,907.0,719-8877,,,,S,Y,80000.0,0.0,0.0,,0.0
Hosaker,Price,,,282-9006,BENOIT,WI,54816.0,S,Y,45000.0,5.228285,,,400.0
Gheith,Stiver,F,,395-7281,DULZURA,CA,91917.0,M,N,80000.0,9.3,,,0.0
Karabi,,M,662.0,142-1525,LITTLE ROCK,,,,N,45000.0,5.0,0.0,12000.0,0.0
Hauke,Cuadrado,M,213.0,862-8269,VENTURA,CA,,S,Y,70000.0,9.3,87.0,0.0,272.0
,,F,505.0,790-7281,,,,S,Y,5000.0,1.7,3300.0,0.0,3300.0
Judy,,F,787.0,884-1944,,,,M,Y,45000.0,0.0,0.0,0.0,0.0
Xianging,Tayi,M,,357-9028,BRONWOOD,GA,,M,,100000.0,6.0,0.0,5400.0,3000.0
Abdelouahab,Bast,M,,451-9835,PROVO,UT,,,N,80000.0,7.0,2475.0,0.0,0.0
Elif,Hassin,M,858.0,951-3574,MCCLELLAN,CA,,,Y,25000.0,5.410157,87.0,0.0,272.0
,Foret,M,,388-4136,FAIRVIEW,,,M,Y,55000.0,6.8863635,0.0,6600.0,3300.0
Soenke,,F,641.0,812-3532,DES MOINES,IA,,M,,90000.0,8.98,0.0,80.0,0.0
Marias,,,601.0,719-3036,,,38958.0,S,Y,5000.0,3.0,,0.0,1500.0
Junsik,Broggi,M,,324-5950,,,,M,N,50000.0,3.4,0.0,2000.0,0.0
Wanqing,Holsheimer,M,207.0,858-3606,LIMESTONE,ME,,,,20000.0,8.5,2850.0,0.0,0.0
Sumiyasu,Aseltine,M,,561-5431,,NJ,,S,,25000.0,1.4788542,1000.0,0.0,0.0
Abdullah,Uhrig,M,302.0,982-8520,WILMINGTON,DE,,S,N,35000.0,4.245455,110.0,0.0,0.0
Salam,Razborov,M,939.0,943-8422,,PR,949.0,M,,5000.0,0.0,,,0.0
Terilyn,,F,701.0,989-1381,,ND,,M,,85000.0,2.7410512,0.0,6600.0,0.0
Bjorn,Haslam,M,,631-4572,,FL,,M,N,90000.0,0.0,0.0,0.0,0.0
Amir,Denny,F,307.0,749-6445,,WY,,M,N,50000.0,0.0,0.0,0.0,0.0
Zhaogang,Smolensky,F,,315-5538,MILO,MO,64767.0,,Y,15000.0,6.0,,,1200.0
Panayotis,Barinka,F,202.0,652-7202,WASHINGTON,,,M,Y,55000.0,9.0,0.0,2740.0,1370.0
Adnan,Kalb,F,,406-7410,,SD,,M,Y,55000.0,0.0,0.0,0.0,0.0
Lubor,,,571.0,728-3926,ARLINGTON,,22204.0,M,Y,15000.0,5.214286,,1800.0,900.0
Kimberly,Patrick,,228.0,972-8200,MC LAIN,,39456.0,,Y,85000.0,5.0,,,1500.0
Grigorii,Dupuy,M,307.0,688-3441,,WY,,M,N,95000.0,0.0,0.0,0.0,0.0
,Pachaly,F,,346-5086,LAKE FORK,,83635.0,,Y,70000.0,7.8,,,3300.0
Stacy,Bugaenko,M,,452-2405,,AZ,,S,,35000.0,3.2575,2100.0,0.0,2300.0
Hanho,,F,812.0,690-8978,,IN,,M,Y,85000.0,3.4,0.0,2000.0,1000.0
Aurelie,Viveros,F,430.0,189-5072,,TX,,S,N,35000.0,0.0,0.0,0.0,0.0
Yuliang,While,M,212.0,865-7766,BROOKLYN,NY,,S,Y,80000.0,4.4170732,0.0,0.0,1000.0
Katharina,Islam,F,,328-5514,STANFIELD,,,S,Y,90000.0,9.0,159.0,0.0,159.0
Eser,,F,501.0,787-5161,HEBER SPRINGS,AR,,M,N,60000.0,7.0,0.0,40.0,0.0
Martijn,Bik,M,970.0,741-2774,SILVERTHORNE,,,M,N,20000.0,4.63,0.0,0.0,0.0
Solveig,Debelack,M,848.0,796-8030,,NJ,,S,,35000.0,1.6365625,1000.0,0.0,0.0
Michela,Boulier,M,,618-3859,WELLESLEY HILLS,,,S,Y,70000.0,5.3,3575.0,0.0,1000.0
Dammmian,Billington,M,862.0,881-1742,,NJ,,S,Y,25000.0,1.4788542,1000.0,0.0,1500.0
Cullen,Woerkom,F,415.0,858-8174,TRAVIS AFB,CA,,M,N,90000.0,9.3,0.0,174.0,0.0
Ludger,Beauducel,M,,497-1905,,,,M,N,10000.0,0.0,0.0,0.0,0.0
Padhraic,Ambriola,F,,288-4348,WALLSBURG,,,M,N,5000.0,7.0,0.0,4950.0,0.0
Zhimming,Bergen,F,941.0,674-2579,,FL,,S,N,5000.0,0.0,0.0,0.0,0.0
Mazin,Ingvarson,F,,424-1662,,,,M,N,100000.0,2.914935,0.0,6600.0,0.0
Jaturon,,,574.0,736-8887,,,47388.0,S,Y,70000.0,3.4,,0.0,1000.0
Zeki,Yoshii,F,,318-3751,KANSAS CITY,KS,,,Y,35000.0,6.45,0.0,4500.0,2250.0
Saydean,,,563.0,866-3562,MAQUOKETA,IA,52060.0,,,80000.0,8.98,,0.0,0.0
Kangsheng,Herget,F,860.0,194-6417,EASTON,,,M,N,45000.0,5.0,0.0,24500.0,0.0
Osman,,M,775.0,197-2644,,,,M,N,45000.0,0.0,0.0,0.0,0.0
Xianzhi,Pitchumani,,,309-3051,STOCKBRIDGE,WI,53088.0,S,,15000.0,4.707031,,,400.0
Lilin,Wavrik,M,,396-2977,HOLBROOK,,,,Y,85000.0,5.3,3575.0,0.0,1000.0
Douadi,,M,541.0,843-8419,MALIN,OR,,,Y,15000.0,9.0,159.0,0.0,159.0
,Woerkom,M,,330-1413,KINNEY,,,,Y,35000.0,6.1232123,3300.0,0.0,3300.0
Hosame,,M,605.0,757-2373,,SD,,M,Y,40000.0,0.0,0.0,0.0,0.0
Gottfried,Godo,M,,351-7833,SPELTER,WV,,S,Y,35000.0,4.75,2000.0,0.0,2000.0
Benhur,Rosiles,F,337.0,865-2456,HOLDEN,LA,70744.0,,N,85000.0,6.0,,,0.0
Matthai,Schmidt,,,314-7989,,,44699.0,S,N,10000.0,0.8779744,,,0.0
Zarka,Einwohner,F,,315-6228,,PR,,S,Y,60000.0,0.0,0.0,0.0,0.0
Lefteris,Ehrenfeucht,M,,262-4470,KURTISTOWN,,,,Y,55000.0,8.25,1040.0,0.0,1040.0
Hideharu,Marshall,F,,288-8901,WALLINGFORD,CT,,M,Y,60000.0,5.0,0.0,,0.0
Istva,Machlin,F,,581-1505,,,,M,N,60000.0,3.0,0.0,,0.0
Sandip,,,802.0,924-1452,PERKINSVILLE,VT,5151.0,,,95000.0,4.8951945,,6600.0,0.0
Jacopo,Wojdyllo,F,,620-2754,MILFORD,,,,Y,90000.0,7.0,0.0,4950.0,2475.0
Abdoulaye,Kyrimis,F,,523-5158,MAPLE PLAIN,MN,,,N,60000.0,7.4572573,0.0,,0.0
Bir,,,765.0,172-3810,,IN,46175.0,S,Y,15000.0,3.4,,0.0,1000.0
Masamitsu,Goos,M,,561-9295,GLENWOOD CITY,,,M,Y,50000.0,5.3151608,0.0,1400.0,400.0
Yoshimitsu,,F,617.0,912-8102,BECKET,MA,,M,N,20000.0,5.3,0.0,7150.0,0.0
Marcella,,M,567.0,901-9053,,,,M,Y,5000.0,0.712,0.0,2600.0,1300.0
Lluis,Terzopoulos,M,,439-9163,,,,S,N,55000.0,2.3717437,1300.0,0.0,0.0
Maia,Zadicario,F,,562-2176,,,,M,Y,10000.0,2.3888888,0.0,40.0,20.0
Mosfeq,Rinschede,M,435.0,210-2188,KENILWORTH,,84529.0,,N,30000.0,7.0,,,0.0
Astrid,Helfrich,M,971.0,714-7879,ELGIN,OR,,S,N,10000.0,9.0,159.0,0.0,0.0
Wafa,,F,601.0,797-3081,MARKS,MS,,,,60000.0,5.0,0.0,12000.0,1500.0
Charlotte,Crampes,F,,369-8304,SOUTHINGTON,CT,,S,N,90000.0,5.0,12750.0,0.0,0.0
Ole,Reeker,F,,419-1665,,,61322.0,M,N,95000.0,3.0,,,0.0
,Bodoff,F,208.0,102-5542,POST FALLS,,,,Y,70000.0,7.8,0.0,6600.0,3300.0
Doug,,M,808.0,938-3821,HONOLULU,HI,,,Y,80000.0,8.25,1040.0,0.0,1040.0
Hansjorg,Bruce,F,479.0,959-5880,EGYPT,AR,,S,Y,55000.0,7.0,20.0,0.0,20.0
Jair,Dash,M,202.0,752-5978,WASHINGTON,,,M,N,20000.0,6.75,0.0,2740.0,0.0
Basim,,,608.0,179-6114,NEW GLARUS,WI,53574.0,,Y,80000.0,5.836415,,0.0,400.0
Jayakrishnan,Easwarakumar,M,910.0,773-4429,BARNESVILLE,,,M,N,25000.0,6.256993,0.0,6600.0,0.0
Zena,Gyenizse,F,971.0,679-1005,PORTLAND,OR,,,N,60000.0,9.0,159.0,0.0,0.0
Vram,Gustafsson,F,318.0,748-2562,,LA,,S,,10000.0,2.0,4500.0,0.0,0.0
Honghai,Patkar,,,443-5529,,TN,37212.0,S,N,95000.0,0.0,,,0.0
Georgio,,F,732.0,215-4352,,NJ,,M,N,100000.0,2.6616669,0.0,2000.0,0.0
Yacoub,Kruschinski,F,,635-3112,,IN,,M,,90000.0,3.4,0.0,,1000.0
Catharina,Stiemerling,F,,317-9517,,AK,99579.0,M,Y,70000.0,0.0,,,0.0
Akihiko,Goda,F,351.0,656-6784,HYANNIS,MA,,,Y,80000.0,5.3,0.0,7150.0,1000.0
Knuth,,M,769.0,133-8946,HURLEY,,,,N,30000.0,5.0,6000.0,0.0,0.0
Kozo,,F,818.0,804-6992,SANTA CLARA,,95050.0,,N,30000.0,6.590543,,174.0,0.0
Monte,Worner,F,308.0,209-6782,,,,S,N,5000.0,3.0217428,103.0,0.0,0.0
Herhard,Bharadwaj,F,,370-3435,,SD,,M,N,55000.0,0.0,0.0,0.0,0.0
Ruce,Jantke,M,,307-9957,NORWELL,MA,,,,70000.0,5.3,0.0,7150.0,1000.0
Dominik,Tryba,M,,497-4122,ROCKAWAY BEACH,OR,,,N,75000.0,9.0,159.0,0.0,0.0
Jaishankar,Bern,F,308.0,690-3075,RUSHVILLE,,,,Y,100000.0,6.84,0.0,206.0,103.0
Mie,Bolbourn,M,,439-2871,,,,M,Y,5000.0,0.712,0.0,2600.0,1300.0
Vicente,Domenig,M,,364-4409,,TN,,S,,10000.0,0.0,0.0,0.0,0.0
Tze,,F,816.0,878-8706,WYATT,MO,,M,,10000.0,6.0,0.0,4200.0,0.0
Irah,Morisio,F,208.0,112-6303,FRANKLIN,,83237.0,M,N,100000.0,7.8,,,0.0
Janalee,Pesonen,,947.0,664-7420,MAYFIELD,,49666.0,,N,100000.0,3.9,,,0.0
Venkata,,F,508.0,996-8497,STOUGHTON,MA,,M,,40000.0,5.3,0.0,7150.0,1000.0
Pascal,Rehof,M,405.0,985-6961,GRANT,,74738.0,M,Y,20000.0,6.25,,,1000.0
Mori,Tolly,M,405.0,990-7087,TEMPLE,,,M,Y,40000.0,6.25,0.0,2000.0,1000.0
Deren,,M,574.0,179-9453,,IN,,M,Y,60000.0,3.4,0.0,2000.0,1000.0
Mukkai,,F,530.0,165-5986,WEST COVINA,,,S,Y,60000.0,9.3,87.0,0.0,272.0
Little,,M,703.0,936-8866,BOISSEVAIN,,,S,Y,90000.0,5.75,900.0,0.0,900.0
Baoqiu,Andernach,M,907.0,174-6347,,AK,,S,Y,95000.0,0.0,0.0,0.0,0.0
Line,Shiratori,,,290-1024,LIMESTONE,,4750.0,,N,25000.0,8.5,,,0.0
,,M,701.0,957-4508,,ND,,M,Y,75000.0,2.6251287,0.0,6600.0,3300.0
Alessia,,F,806.0,174-2555,,TX,,M,Y,50000.0,0.0,0.0,0.0,0.0
Fuchun,Bergere,F,910.0,229-8332,MANNS HARBOR,NC,,,N,50000.0,6.7814684,0.0,6600.0,0.0
Jarle,,,608.0,207-4940,WASHINGTON ISLAND,,54246.0,M,Y,35000.0,5.0545335,,1400.0,400.0
Eckhart,,M,615.0,207-2573,,TN,,S,N,5000.0,0.0,0.0,0.0,0.0
Gaby,Hellinck,F,,412-9297,CUT BANK,MT,,S,N,90000.0,6.9,1900.0,0.0,0.0
Supratik,,M,802.0,732-9369,NEW HAVEN,VT,,,,50000.0,3.9998987,3300.0,0.0,0.0
,Regli,,,597-5349,,VT,5907.0,S,Y,5000.0,3.6,,,3300.0
Alberto,Bauknecht,F,,561-3909,,NH,3227.0,S,Y,35000.0,0.0,0.0,0.0,0.0
Raija,Hatcliff,,931.0,753-6541,,TN,38478.0,M,,90000.0,0.0,0.0,0.0,0.0
Agnar,,F,808.0,883-6956,,HI,96817.0,M,N,5000.0,1.9407895,,2080.0,0.0
Akeo,Maamar,F,,461-9186,,WY,82839.0,S,Y,40000.0,0.0,0.0,,0.0
Khue,Leitman,F,918.0,112-1363,LOCUST GROVE,,74352.0,,N,95000.0,6.25,0.0,,0.0
Subhrajyoti,Dickmanns,,202.0,104-5984,WASHINGTON,DC,20507.0,M,,5000.0,4.5,0.0,2740.0,0.0
Gees,,,703.0,124-8971,PENHOOK,VA,24137.0,,N,65000.0,5.75,,0.0,0.0
Xiaofeng,Gran,M,201.0,945-4204,,NJ,,S,,30000.0,1.5577083,1000.0,0.0,1500.0
,Schild,,301.0,663-9860,GERMANTOWN,,20875.0,M,N,90000.0,4.75,,,
Pradeep,Rayko,M,309.0,975-5129,,IL,62257.0,S,,45000.0,3.0,,,0.0
Salwa,Anrig,,251.0,153-6513,GEORGIANA,AL,36033.0,M,,45000.0,5.0,0.0,3000.0,300.0
Chandrajit,Nasset,,843.0,173-7694,SOCIETY HILL,SC,29593.0,M,Y,95000.0,7.0,,,3300.0
Jim,Rullman,,,565-2964,HOLLY SPRINGS,,38634.0,,N,75000.0,5.0,,,0.0
Qiu,Stafford,F,406.0,764-3318,DECKER,MT,59025.0,M,,45000.0,6.9,,,0.0
Atte,,M,701.0,138-6484,,ND,58455.0,M,N,20000.0,2.1,0.0,6600.0,0.0
Florentin,,,765.0,114-8822,,IN,47861.0,M,N,40000.0,3.4,0.0,2000.0,0.0
Tsuguo,Lauterbach,M,202.0,727-8980,WASHINGTON,DC,,S,,45000.0,9.0,1370.0,,1370.0
Yutai,,,513.0,813-7611,,OH,45671.0,M,N,60000.0,2.537718,0.0,2600.0,0.0
Rafael,,F,505.0,677-7994,LAS CRUCES,NM,88004.0,,,15000.0,4.957143,0.0,6600.0,3300.0
Alain,,F,787.0,735-2750,,PR,688.0,S,Y,55000.0,0.0,0.0,0.0,0.0
Donanld,Altenkirch,F,,332-4649,HARTFORD,CT,,S,Y,20000.0,5.0,12750.0,0.0,0.0
Ernie,Pfisterer,M,208.0,871-3923,VICTOR,ID,83455.0,S,N,75000.0,7.8,,,0.0
Milt,Muldowney,F,907.0,802-5415,,,99552.0,M,Y,60000.0,0.0,,,0.0
Tayloe,Fanchon,,267.0,872-9857,,PA,18924.0,S,,5000.0,3.07,0.0,0.0,0.0
Davi,Vanegas,F,,596-9859,,NV,89125.0,M,Y,30000.0,0.0,0.0,0.0,0.0
Yichiang,Vetterli,F,,583-9612,HITCHITA,OK,,,,95000.0,6.25,1000.0,0.0,1000.0
Erzsebet,Vitthal,F,,356-9070,,NH,3441.0,M,Y,90000.0,0.0,0.0,0.0,0.0
Irena,Lorho,F,928.0,917-1842,BELLEMONT,,86015.0,M,Y,90000.0,4.11,0.0,,2300.0
Xinying,,,609.0,764-9378,,NJ,8362.0,M,,60000.0,2.0308332,0.0,2000.0,0.0
Shanda,Mugridge,,,489-3673,RUPERT,VT,5768.0,,,50000.0,3.9998987,,,0.0
Alec,Tague,M,,559-9617,VOLCANO,HI,96785.0,S,Y,50000.0,8.25,,,1040.0
Rachid,Sangal,,256.0,947-5106,MALCOLM,AL,36556.0,,,20000.0,5.0,,,0.0
Qin,McGee,F,907.0,192-5978,,AK,99521.0,S,,10000.0,0.0,0.0,,0.0
Deryk,Canon,F,907.0,923-6257,,AK,99737.0,M,Y,20000.0,0.0,0.0,0.0,0.0
Geber,,F,573.0,103-9958,BATES CITY,MO,64011.0,M,N,50000.0,6.0,,4200.0,0.0
Guardian,,M,580.0,222-9583,OMEGA,OK,,,Y,80000.0,6.25,1000.0,0.0,1000.0
Josiane,Raskhodnikova,,860.0,196-3588,PINE MEADOW,,6061.0,,N,75000.0,5.0,,,0.0
Mani,Stanica,,269.0,210-2162,SHEPHERD,,48883.0,M,Y,100000.0,3.9,,,3100.0
Slim,Graehl,M,,277-1324,,WY,82401.0,M,,70000.0,0.0,0.0,0.0,0.0
Loyce,Capobianchi,,,514-1766,,,7754.0,M,Y,55000.0,1.9519792,0.0,2000.0,1500.0
Peeter,Rotger,,317.0,809-5096,,,47982.0,M,N,80000.0,3.4,,,0.0
Elisabeth,Vaudenay,M,,272-7825,WASHINGTON,DC,,S,Y,40000.0,9.0,1370.0,0.0,1370.0
Hisham,Cannan,,,465-8139,,FL,32055.0,S,Y,85000.0,0.0,0.0,0.0,0.0
Joris,Fanty,M,432.0,117-5119,,,79931.0,S,Y,90000.0,0.0,0.0,0.0,0.0
Kitsana,Zdybel,F,,519-9934,,,2880.0,M,Y,75000.0,0.0,0.0,0.0,0.0
Antoni,Klawonn,M,956.0,972-8538,,TX,77005.0,S,Y,100000.0,0.0,0.0,,0.0
Mysore,Mutka,,,488-2976,DANBURY,,6816.0,M,N,100000.0,5.0,,,0.0
Jianlin,d'Argence,,,436-2182,ATLANTA,,30346.0,M,N,75000.0,6.0,0.0,5400.0,0.0
Sudeshna,Plesums,,,431-5735,BELOIT,WI,53512.0,S,,100000.0,6.183918,,,0.0
Piet,,F,606.0,817-1545,,KY,,S,N,25000.0,3.2222223,20.0,0.0,0.0
Nalini,Tomic,F,,447-2809,CROSBY,,,S,N,10000.0,5.0,6000.0,0.0,0.0
Jagdish,,M,715.0,954-5187,SHEBOYGAN,,,S,Y,25000.0,4.880782,700.0,0.0,400.0
Ojelanki,,,484.0,857-5581,,,15203.0,S,N,80000.0,3.07,0.0,0.0,0.0
Karthick,Calkin,,863.0,832-9488,,,33154.0,S,N,5000.0,0.0,0.0,0.0,0.0
Ryotaro,Potharst,F,,280-5255,,WA,98277.0,M,,25000.0,0.0,,,0.0
Goodwin,Gutleber,F,406.0,147-2494,MISSOULA,MT,59808.0,,Y,15000.0,6.9,0.0,3800.0,1900.0
Yasufumi,Angele,F,,262-7209,NEW HARMONY,UT,,,,85000.0,7.0,2475.0,0.0,2475.0
Yuka,Schirra,,203.0,161-4795,MOOSUP,CT,6354.0,,N,45000.0,5.0,,,0.0
Aino,Bahk,,,613-2440,WOODBURN,IA,50275.0,M,N,40000.0,6.339211,0.0,80.0,0.0
Naoshi,Milgram,,,293-6586,,,42129.0,S,N,25000.0,3.2222223,,,0.0
Jianhao,Prevel,,202.0,793-7327,WASHINGTON,,20544.0,M,Y,30000.0,9.0,,,1370.0
Yoichiro,,F,719.0,160-7312,COLORADO SPRINGS,CO,80939.0,S,,100000.0,4.63,0.0,0.0,0.0
Masaharu,Greef,M,,515-9396,,,82716.0,S,N,55000.0,0.0,0.0,0.0,0.0
Canice,Huleihel,F,,390-2209,HEMINGFORD,NE,69348.0,M,N,75000.0,6.84,0.0,206.0,0.0
Yoram,Zfira,M,,364-9118,WATKINS,CO,80137.0,M,,95000.0,4.63,0.0,0.0,0.0
ChengFu,Garnick,M,,548-9793,,NH,3449.0,S,N,40000.0,0.0,0.0,0.0,0.0
Jacky,Reeves,M,425.0,982-3041,,,98052.0,S,Y,45000.0,0.0,,,0.0
Pae,,M,602.0,720-9155,,,85279.0,S,Y,20000.0,3.0249999,,0.0,2300.0
Weigang,Pietsch,F,469.0,111-1677,,TX,78932.0,S,,95000.0,0.0,,,0.0
Hyeyoung,Benowitz,F,219.0,813-7511,,IN,,S,N,50000.0,3.4,1000.0,0.0,0.0
Pierangelo,Vesel,M,,591-9707,WASHINGTON,GA,,S,Y,5000.0,4.4,2700.0,0.0,3000.0
Lon,DuBourdieux,,419.0,242-6853,,,43229.0,M,N,15000.0,1.0439488,0.0,2600.0,0.0
Noemi,Niamir,,,588-3486,WASHINGTON,,20060.0,S,N,75000.0,9.0,,,0.0
Jingwen,,,704.0,223-9237,WINSTON SALEM,,27116.0,M,N,80000.0,7.410839,0.0,6600.0,0.0
Tjahjadi,Gastner,M,,467-3251,HAYSVILLE,KS,67060.0,M,,60000.0,6.45,0.0,4500.0,0.0
Sven,Coppini,,,472-2628,CUTTINGSVILLE,VT,5738.0,M,,65000.0,4.298331,0.0,6600.0,0.0
Rokia,Jacquet,M,435.0,927-4565,SALT LAKE CITY,UT,,,,60000.0,7.0,2475.0,0.0,2475.0
Bedrich,Maarek,F,430.0,829-3723,,TX,77288.0,M,N,15000.0,0.0,0.0,,0.0
Denis,,F,701.0,674-1641,,ND,58482.0,M,N,50000.0,2.3353226,0.0,6600.0,0.0
Lodewijk,Devor,M,907.0,236-6951,,,99712.0,M,Y,60000.0,0.0,0.0,0.0,0.0
Vikas,,M,720.0,935-9986,PUEBLO,CO,81006.0,,,30000.0,4.63,0.0,0.0,0.0
Immanuel,Acklen,,262.0,159-3788,SHAWANO,WI,54166.0,M,Y,80000.0,5.836415,0.0,1400.0,400.0
Nick,Yanover,F,,433-8445,WILLIAMS,,97544.0,M,Y,80000.0,9.0,0.0,318.0,159.0
Belhadri,Fedou,M,,422-4659,KAHULUI,HI,,,Y,90000.0,8.25,1040.0,0.0,1040.0
,Muldner,F,208.0,251-8332,FRANKLIN,ID,83237.0,S,,30000.0,7.8,,,3300.0
Seiji,Olano,F,,628-3317,CAMDEN,AR,71711.0,M,,70000.0,7.0,,,20.0
Aral,Fleckenstein,M,,373-4387,,OH,,S,N,85000.0,3.36759,1300.0,0.0,0.0
Fredo,Gesli,,,377-4623,CUSHING,IA,51018.0,M,N,85000.0,8.98,0.0,80.0,0.0
Kozi,,F,501.0,951-4332,WARM SPRINGS,,72478.0,M,N,85000.0,7.0,0.0,40.0,0.0
Dinos,Cesarini,,,385-7859,SPARTA,VA,22552.0,M,N,75000.0,5.75,0.0,1800.0,0.0
Usko,Rouch,,,636-2682,,PA,17048.0,S,,20000.0,3.07,,,0.0
Willard,,F,701.0,737-1001,,ND,58528.0,S,,30000.0,2.1034775,,0.0,0.0
Liqun,Shermer,M,,299-7097,DENVER,,80221.0,S,Y,90000.0,4.63,,,0.0
Qiwen,Rand,,,452-8890,BUCHANAN,VA,24066.0,S,,20000.0,5.75,,,0.0
Belinda,Dybig,,304.0,204-7423,,WV,25524.0,M,N,20000.0,3.7,0.0,4000.0,0.0
Vikrant,Pool,,,300-9994,,TN,37363.0,S,,10000.0,0.0,,,0.0
Vinoo,Kirschenbaum,M,907.0,166-7732,,AK,99739.0,M,,80000.0,0.0,0.0,,0.0
,,F,701.0,815-5525,,ND,58056.0,M,Y,20000.0,2.1,0.0,6600.0,3300.0
Nagabhushana,Tchernykh,,,642-2923,SAVANNAH,,31405.0,,N,65000.0,6.0,0.0,5400.0,0.0
Sangyeun,Buchanan,F,,264-2051,,TX,77530.0,S,,5000.0,0.0,0.0,0.0,0.0
,,,704.0,229-6802,EDWARD,,27821.0,M,Y,100000.0,7.8304195,,6600.0,3300.0
Behzad,Gori,M,,483-3119,,AK,99732.0,S,Y,50000.0,0.0,0.0,0.0,0.0
Sixto,Verbitsky,M,240.0,652-5435,UPPER MARLBORO,MD,,S,,35000.0,4.75,2400.0,0.0,2400.0
Andris,Pocholle,F,308.0,850-8390,NEBRASKA CITY,NE,68410.0,,Y,100000.0,6.84,,,103.0
Ono,Braham,F,913.0,724-9386,VERMILLION,,,S,Y,85000.0,6.45,2250.0,0.0,2250.0
Kazue,Nagafuji,F,307.0,895-7541,,,82842.0,M,Y,65000.0,0.0,,,0.0
Zhoujun,Spinner,M,,441-1006,,NH,3852.0,M,N,20000.0,0.0,,,0.0
Masaya,Ruhleder,F,402.0,187-6486,OMAHA,,68134.0,,Y,10000.0,3.9097095,,,103.0
Wing,,M,801.0,943-4366,SAINT GEORGE,UT,,,,5000.0,7.0,2475.0,0.0,0.0
Imsong,Rahman,F,,553-3706,WARREN,ID,83671.0,M,N,65000.0,7.8,,,0.0
Milon,Daneels,M,,523-7509,,,89085.0,S,Y,20000.0,0.0,0.0,0.0,0.0
Lihu,Hellwagner,M,,295-1105,OGDEN,,84201.0,,Y,60000.0,7.0,0.0,4950.0,2475.0
Giuseppa,Nandavar,,,410-4795,,OH,45685.0,S,N,20000.0,1.2099231,,,0.0
Jayen,Sonnenberger,F,,323-3876,,,57255.0,S,Y,60000.0,0.0,,,0.0
Cetin,,,540.0,771-6361,GARRISONVILLE,VA,22463.0,M,N,90000.0,5.75,,1800.0,0.0
Ghulam,Luth,,973.0,153-1847,,NJ,7439.0,M,Y,95000.0,2.5828125,0.0,,1500.0
Avy,Ozkan,F,308.0,897-2892,SAINT EDWARD,NE,68660.0,,Y,10000.0,3.9097095,,,103.0
Sudipta,,,610.0,971-7855,,PA,18003.0,M,,40000.0,3.07,0.0,0.0,0.0
Dylan,Panzer,,,626-2359,ATLANTA,GA,30377.0,S,Y,80000.0,6.0,,,3000.0
Neelam,,M,603.0,226-6471,,,3043.0,S,Y,85000.0,0.0,0.0,0.0,0.0
,Depommier,M,,571-8521,,VT,,S,Y,5000.0,3.6,3300.0,0.0,3300.0
Veikko,Mirandola,F,907.0,171-5418,,AK,99710.0,M,,80000.0,0.0,,,0.0
Mallika,Foulk,F,,347-2867,PHILIPSBURG,,59858.0,,N,25000.0,6.9,0.0,3800.0,0.0
Brad,Csuros,M,,591-7553,CALHOUN,GA,,S,N,90000.0,6.0,2700.0,0.0,0.0
Martyne,Tash,,,444-5999,LADORA,,52251.0,,Y,45000.0,7.111101,0.0,80.0,40.0
Terrance,,M,603.0,654-5028,,NH,3837.0,M,,35000.0,0.0,0.0,0.0,0.0
Roland,Kupper,,269.0,767-6056,SAINT CLAIR SHORES,MI,48082.0,,,100000.0,3.9,0.0,,0.0
Andrej,Kirani,F,401.0,856-3968,,RI,2892.0,M,Y,20000.0,0.0,0.0,0.0,0.0
Hirosato,,M,505.0,786-8679,SAPELLO,NM,87745.0,,N,45000.0,5.3,0.0,6600.0,0.0
Noriyoshi,,F,603.0,927-1934,,,3215.0,S,Y,75000.0,0.0,0.0,0.0,0.0
,Harloff,M,843.0,177-2735,CHAPIN,SC,,S,,55000.0,7.0,3300.0,0.0,3300.0
Bilge,Roure,,,542-2801,MERRITT,MI,49667.0,,Y,30000.0,3.9,,,3100.0
Issam,Konakovsky,F,,320-3190,BUFFALO,,,S,N,85000.0,6.5,2000.0,,0.0
Michele,Mykkeltveit,F,970.0,123-2652,GENOA,,80818.0,M,N,55000.0,4.63,,,0.0
Olov,,M,661.0,189-3273,,,92389.0,S,N,15000.0,3.0493855,,0.0,0.0
,,,507.0,821-9170,OSSEO,,55569.0,,Y,75000.0,7.85,,0.0,3300.0
Hemachandra,Bernfeld,M,,319-4499,,NV,89501.0,M,Y,35000.0,0.0,0.0,0.0,0.0
Swati,,F,541.0,960-3792,SPRINGFIELD,OR,97475.0,S,,85000.0,9.0,,0.0,159.0
Erez,Brykczynski,,,456-9688,,FL,33688.0,M,N,20000.0,0.0,0.0,0.0,0.0
Khakhanian,Zukowski,,,362-1863,,,32578.0,M,Y,65000.0,0.0,0.0,0.0,0.0
Xiaodong,,M,605.0,110-4416,,SD,57571.0,M,,95000.0,0.0,,0.0,0.0
Saimond,Sanden,F,,546-2615,SANTA FE,NM,87503.0,,,85000.0,5.3,,,0.0
Whanki,Heijden,F,,583-1419,WASHINGTON,DC,,S,,45000.0,9.0,1370.0,0.0,1370.0
Brahm,Millington,F,,491-2959,,TX,76270.0,S,N,40000.0,0.0,,,0.0
Yorick,Pietra,,,573-2644,YOUNG AMERICA,MN,55399.0,M,,50000.0,6.9236393,,,0.0
,d'Abreu,F,,498-3626,FLORA VISTA,NM,87415.0,M,Y,40000.0,5.3,0.0,6600.0,3300.0
Vuk,,,803.0,244-1914,ISLE OF PALMS,SC,29451.0,,,85000.0,7.0,0.0,6600.0,0.0
Susanna,Rama,,,462-9588,GENEVA,AL,36340.0,S,,70000.0,5.0,,,300.0
Weining,,F,626.0,745-8885,OAKLAND,CA,94615.0,,,65000.0,9.3,0.0,174.0,272.0
Aneurin,,,724.0,965-6076,,PA,17566.0,S,Y,50000.0,3.07,0.0,0.0,0.0
Dusanka,Varvel,M,,594-5278,,WY,82901.0,M,Y,85000.0,0.0,0.0,0.0,0.0
Einoshin,Sabelli,F,435.0,232-1970,EAGLE MOUNTAIN,UT,84005.0,S,N,15000.0,7.0,,,0.0
Kamakoti,Prokopowicz,,262.0,732-5856,LA CROSSE,,54602.0,,Y,35000.0,5.0545335,,,400.0
Yanxi,Dovidio,F,,381-4750,,OH,,S,,10000.0,0.8779744,1300.0,0.0,0.0
Monica,Romoli,M,,373-3476,,,82411.0,M,Y,10000.0,0.0,,,0.0
Gopalakrishnan,Swartout,,,551-9339,,DE,19944.0,M,N,15000.0,2.8818183,,,0.0
Glen,,,662.0,122-8835,BENOIT,MS,38725.0,M,Y,50000.0,5.0,,12000.0,1500.0
Veronique,Qadah,F,405.0,971-5739,YUKON,OK,73085.0,S,,55000.0,6.25,,,0.0
Wie,Lakhani,M,,603-7734,,SD,57737.0,S,,75000.0,0.0,0.0,,0.0
Jent,Sieferas,,,437-4102,FLINT,,48506.0,S,Y,5000.0,3.9,,,3100.0
Dorbin,Buchter,M,,459-7571,GEORGETOWN,MA,1833.0,M,N,10000.0,5.3,0.0,7150.0,0.0
Kava,Bracchi,F,307.0,101-3966,,,82839.0,S,Y,85000.0,0.0,0.0,0.0,0.0
Jungho,Mattison,F,,263-7436,,,82052.0,M,N,35000.0,0.0,0.0,,0.0
,,,802.0,869-8292,NORTH THETFORD,VT,5054.0,,Y,55000.0,4.099376,,0.0,3300.0
Takeaki,,F,617.0,925-1501,ASHLEY FALLS,MA,1222.0,M,,75000.0,5.3,0.0,7150.0,0.0
Anders,Naccache,,,618-5318,JACKMAN,ME,4945.0,,N,90000.0,8.5,,,0.0
Wiebe,Luebbert,,,456-9238,WASHINGTON,DC,20013.0,M,,40000.0,9.0,0.0,,1370.0
,McAffer,M,,555-7038,,,58243.0,M,Y,100000.0,2.914935,0.0,,3300.0
Giedrius,,,732.0,975-5580,,NJ,8807.0,M,Y,95000.0,2.5828125,,2000.0,1500.0
Brig,,M,618.0,818-7931,,IL,,S,N,95000.0,3.0,2000.0,0.0,0.0
Meltem,,M,720.0,855-3862,AURORA,,80042.0,S,N,40000.0,4.63,,0.0,0.0
Luiza,Skordev,,,364-4784,SHOREHAM,,5770.0,M,N,55000.0,4.099376,,,0.0
Iskander,Goldsworthy,M,276.0,166-2552,LINDEN,,,,N,85000.0,5.75,900.0,0.0,0.0
Elie,Morschel,M,,573-5528,BATON ROUGE,LA,70819.0,S,Y,45000.0,6.0,,,1000.0
Kouchi,Eco,,,438-9076,MILL SPRING,,28756.0,,N,20000.0,6.1520977,0.0,6600.0,0.0
Tsunenori,,M,719.0,911-3955,PLATTEVILLE,CO,80651.0,,,45000.0,4.63,0.0,0.0,0.0
,Hookway,M,208.0,903-5424,WILDER,ID,,S,Y,100000.0,7.8,3300.0,0.0,3300.0
Siegbert,Terkki,,,395-1862,,TN,37075.0,M,,50000.0,0.0,0.0,0.0,0.0
Sondra,Olech,F,,532-8928,KUNIA,HI,96759.0,,,25000.0,5.546053,,,0.0
Gihwan,,,715.0,883-3685,OGDENSBURG,WI,54962.0,,Y,15000.0,4.707031,,0.0,400.0
Holgard,,M,573.0,831-5381,HOLCOMB,MO,,,N,75000.0,6.0,2100.0,0.0,0.0
Mazen,Peternell,M,,563-6293,WINCHESTER,,97495.0,M,N,40000.0,9.0,,,0.0
Kahoru,Bhandari,F,207.0,133-4318,AUGUSTA,,,S,N,30000.0,8.5,2850.0,0.0,0.0
,Altepeter,M,,485-6924,NORCROSS,MN,,,Y,20000.0,5.35,3300.0,0.0,3300.0
Prahlad,,,724.0,655-1412,,PA,16052.0,M,,100000.0,3.07,0.0,0.0,0.0
Shimshon,,M,801.0,102-9343,KAMAS,UT,,,,70000.0,7.0,2475.0,0.0,0.0
Grey,,M,801.0,142-7298,BERYL,UT,,S,N,30000.0,7.0,2475.0,0.0,0.0
Apostolos,,M,605.0,184-1967,,SD,57569.0,S,Y,90000.0,0.0,,0.0,0.0
Tatyana,Kameny,F,,346-1994,COLORADO SPRINGS,CO,80933.0,M,,95000.0,4.63,0.0,0.0,0.0
Seongwoo,,M,509.0,187-9274,,WA,98502.0,S,,20000.0,0.0,0.0,0.0,0.0
Forman,McNeill,M,234.0,672-1212,,OH,,S,N,100000.0,3.8655128,1300.0,,0.0
Tinku,Wilk,,202.0,660-3051,WASHINGTON,DC,20223.0,M,,55000.0,9.0,0.0,2740.0,1370.0
Abdelwaheb,Cooley,,,463-5250,,DE,19802.0,M,N,20000.0,3.2227273,0.0,220.0,0.0
Morikazu,Bachenko,M,307.0,765-5112,,,82902.0,M,Y,50000.0,,0.0,0.0,0.0
Mong,Schuller,,207.0,681-6539,THOMASTON,,4861.0,S,Y,70000.0,8.5,,,2850.0
Gioia,Lester,M,,325-6398,CAMPTON,KY,,S,Y,65000.0,5.4444447,20.0,,20.0
Kathryn,Xiaoshan,,947.0,694-7235,MEMPHIS,,48041.0,,N,30000.0,3.9,0.0,6200.0,0.0
Shigeyyoshi,Gore,F,406.0,111-2236,HYSHAM,MT,,,,30000.0,,1900.0,0.0,1900.0
Neal,Cho,,304.0,659-7251,HENDRICKS,,26271.0,M,Y,95000.0,6.5,0.0,4000.0,2000.0
Hideharu,,F,605.0,852-8101,,SD,57432.0,M,N,95000.0,,0.0,0.0,0.0
Clay,,,740.0,233-3697,,OH,44654.0,M,N,55000.0,2.3717437,0.0,2600.0,0.0
Bong,Zieschang,F,316.0,200-2756,WICHITA,KS,,S,N,20000.0,,2250.0,0.0,0.0
Grigori,,F,618.0,158-2289,,IL,60630.0,M,Y,10000.0,3.0,0.0,4000.0,2000.0
Tamitha,Crosby,M,,613-4581,,NV,89433.0,S,,20000.0,,0.0,0.0,0.0
Thao,,F,503.0,843-8547,NORTH BEND,OR,97459.0,,,75000.0,9.0,0.0,318.0,159.0
Shiwei,Kuester,F,,280-1960,HARMAN,WV,,S,,95000.0,6.5,2000.0,,2000.0
Erach,,F,617.0,105-4437,CHICOPEE,MA,1014.0,M,N,35000.0,5.3,,7150.0,0.0
Kencheng,Stiefeling,,,597-9490,GREENWAY,,22067.0,M,Y,30000.0,5.75,,,900.0
Filiberto,Farsi,M,,556-5430,PADEN,OK,,,N,65000.0,,1000.0,0.0,0.0
Nabeel,Litzler,F,,542-4869,ALMA,,,S,Y,30000.0,6.45,2250.0,,2250.0
Sandiway,Puustjarvi,F,,295-9812,,SD,57062.0,M,,100000.0,0.0,,,0.0
Pum,,,757.0,928-2988,VIENNA,VA,22180.0,M,,55000.0,5.75,,1800.0,900.0
SangKeun,Lampe,F,406.0,710-8954,EMIGRANT,MT,59027.0,M,,70000.0,6.9,0.0,,1900.0
Rogerio,,F,719.0,107-4373,GOLDEN,CO,80419.0,M,,5000.0,,,0.0,0.0
Mrinalini,Barthes,,,508-1576,DEAL ISLAND,,21821.0,M,N,45000.0,4.75,0.0,4800.0,0.0
Trudy,Ohkura,,973.0,689-5119,,NJ,8879.0,S,,65000.0,2.1096876,,,0.0
Ashid,Kamiyama,M,260.0,889-1773,,IN,,S,Y,85000.0,3.4,1000.0,0.0,1000.0
Sahrah,Kronert,M,405.0,936-9810,GOODWELL,OK,73939.0,M,,45000.0,6.25,0.0,,1000.0
Dawson,Kahl,M,,612-3362,KANSAS CITY,MO,64138.0,,Y,15000.0,6.0,0.0,4200.0,1200.0
Duro,Krasemann,M,301.0,770-5562,ROCK POINT,MD,,,N,65000.0,4.75,2400.0,,0.0
Eliahu,,F,706.0,100-9621,HIRAM,GA,,,N,65000.0,6.0,2700.0,0.0,0.0
Dekang,Chevalier,F,,449-8430,YORK BEACH,ME,,S,N,35000.0,8.5,2850.0,0.0,0.0
,,F,507.0,815-8968,NOYES,MN,56740.0,,,80000.0,7.85,,0.0,3300.0
Andrei,Trehan,,,345-6334,MANILLA,IA,51454.0,,N,95000.0,8.98,0.0,80.0,0.0
Jozo,,,570.0,760-1042,,,18469.0,M,N,40000.0,3.07,0.0,0.0,0.0
Parimala,Pink,M,,377-8317,SANTA ROSA,,88435.0,,N,65000.0,5.3,,,0.0
Titia,Frederiksen,,302.0,780-1700,HOUSTON,DE,19954.0,,,60000.0,5.95,0.0,220.0,110.0
,Chappelet,M,,610-4481,RODUCO,NC,,,Y,25000.0,6.256993,3300.0,0.0,3300.0
Shin'ya,Rubsam,F,,531-7537,,WY,82834.0,M,,90000.0,0.0,,,0.0
Berardina,Kirani,,,344-7066,COLUMBIA,SC,29209.0,M,N,35000.0,7.0,0.0,6600.0,0.0
Sylvain,,,563.0,733-6493,DES MOINES,IA,50393.0,M,,55000.0,8.65488,0.0,80.0,40.0
Cis,Osoba,F,307.0,138-3131,,WY,82410.0,M,Y,80000.0,0.0,,,0.0
Naranker,McCandless,M,,476-1427,,,3873.0,M,Y,40000.0,0.0,0.0,,0.0
Paulette,Goraine,,478.0,140-3360,NAYLOR,,31641.0,,Y,75000.0,6.0,0.0,5400.0,3000.0
Gaetan,,,843.0,104-1292,BRUNSON,SC,29911.0,M,N,65000.0,7.0,0.0,6600.0,0.0
Valeri,Maasen,F,406.0,766-3387,GALATA,MT,59444.0,M,,50000.0,6.9,0.0,,0.0
Jacque,Dumas,M,228.0,229-7282,MOOREVILLE,,,,Y,70000.0,5.0,6000.0,0.0,1500.0
Richard,Taubenfeld,F,316.0,842-1757,TOPEKA,KS,,S,,75000.0,,2250.0,0.0,2250.0
Shintaro,Nordbotten,,270.0,970-2311,,KY,41667.0,M,,25000.0,3.2222223,,,20.0
Mike,,M,620.0,787-4477,,,67738.0,M,Y,5000.0,3.5,0.0,4500.0,2250.0
Naseem,Earley,,,544-7912,VERNON ROCKVILLE,,6066.0,M,Y,65000.0,5.0,0.0,24500.0,0.0
Yoji,,M,603.0,711-2922,,NH,3111.0,M,,95000.0,,,0.0,0.0
Yoshinao,Vassilyev,M,478.0,733-8910,VALDOSTA,GA,,S,N,40000.0,,2700.0,0.0,0.0
Shih,Ferretti,M,,613-8897,PORTLAND,OR,,,,20000.0,,159.0,0.0,159.0
Ivor,Kourai,,,583-4446,SILVER SPRING,,20918.0,M,Y,90000.0,4.75,0.0,,2400.0
Shaunak,Theodoratos,F,334.0,650-2997,GURLEY,AL,,S,,25000.0,,1500.0,0.0,0.0
Valentina,Kakuma,,,534-7421,NEW HAVEN,CT,6509.0,,,30000.0,5.0,0.0,24500.0,0.0
Yuejiang,Shemesh,,201.0,955-5897,,NJ,7193.0,S,Y,55000.0,1.9519792,,,1500.0
Wing,Iwatani,M,,372-5035,,OH,,S,,50000.0,,1300.0,0.0,1300.0
Dwayne,Thiria,,,586-1283,DRUMMOND ISLAND,MI,49726.0,M,N,20000.0,3.9,0.0,6200.0,0.0
Antonina,Gutman,M,907.0,979-1309,,AK,99697.0,M,N,70000.0,,0.0,0.0,0.0
Allison,Bolshov,F,,603-9694,WHITELAW,WI,,S,N,65000.0,,700.0,0.0,0.0
Ounissa,,M,734.0,996-1516,TROY,,,S,Y,45000.0,,3100.0,0.0,3100.0
Joaquim,Mukund,F,,586-1999,SAINT GEORGE,,84771.0,,Y,45000.0,7.0,,,2475.0
Ljupco,,,662.0,137-2093,TINSLEY,,39173.0,S,Y,65000.0,,,0.0,1500.0
Sivanarayana,Hallet,F,,300-6636,,PR,786.0,S,,95000.0,,0.0,0.0,0.0
Osman,Shirai,M,,270-6647,SAN FRANCISCO,,94115.0,,Y,100000.0,9.3,,,272.0
Ottavia,D'Silva,M,,432-7918,SAINT HILAIRE,,56754.0,,N,90000.0,7.85,0.0,6600.0,0.0
Arnold,Mattern,F,,341-2241,WASHINGTON,DC,,S,Y,50000.0,9.0,1370.0,,1370.0
Henner,Mathieson,F,,611-6488,PORT PENN,DE,,,Y,35000.0,4.245455,110.0,,110.0
Ingram,Lorin,,419.0,940-5119,,,43420.0,M,N,45000.0,2.039795,0.0,,0.0
Jocelyne,,F,812.0,825-1184,,,,S,N,5000.0,,1000.0,0.0,0.0
Natalija,,M,775.0,187-6253,,,89116.0,M,Y,70000.0,,0.0,0.0,0.0
Couto,Dalmare,F,,539-6464,SANDHILL,MS,,,Y,65000.0,,6000.0,0.0,1500.0
Hoewon,Lanka,F,,584-9171,,WY,82332.0,S,N,45000.0,0.0,0.0,,0.0
Hafeda,Soloway,,203.0,982-4210,STORRS MANSFIELD,CT,6269.0,M,N,80000.0,5.0,,,0.0
Eliseo,Dussud,,,373-9152,,NJ,7481.0,M,Y,55000.0,1.9519792,0.0,2000.0,1500.0
Itaru,Kitai,M,,626-1400,AVERY ISLAND,,70513.0,M,Y,75000.0,6.0,0.0,,1000.0
Behrooz,Dosser,F,405.0,233-8456,NORMAN,OK,73069.0,,N,15000.0,6.25,0.0,2000.0,0.0
Willard,,F,636.0,792-6254,LODI,MO,63950.0,,,20000.0,6.0,0.0,4200.0,0.0
Guillem,Ducasse,F,,320-6241,,AR,,S,Y,5000.0,,20.0,0.0,20.0
Ichiang,Khoury,F,,505-7650,KEALIA,HI,96751.0,,N,70000.0,8.25,0.0,2080.0,0.0
Anwar,Simutis,F,918.0,146-4165,MORRISON,OK,73061.0,,Y,50000.0,6.25,,,1000.0
Roa,McArthur,F,,313-4638,,IL,61572.0,M,,100000.0,3.0,0.0,,2000.0
Tokunbo,Globig,F,,308-7628,OLD GREENWICH,CT,,,,90000.0,5.0,12750.0,0.0,0.0
Manabu,Levenshtein,M,308.0,917-2877,OMAHA,,,,Y,70000.0,6.84,103.0,,103.0
Jae,,F,720.0,712-1671,COLORADO SPRINGS,,80915.0,S,N,50000.0,4.63,0.0,0.0,0.0
Chienwen,Forchert,F,,459-1652,,LA,70630.0,M,N,5000.0,2.0,0.0,9000.0,0.0
Fujie,Houtsma,,203.0,247-5835,VOLUNTOWN,CT,6384.0,M,N,45000.0,5.0,0.0,24500.0,0.0
Baruch,Maguire,,240.0,188-6799,NEWARK,MD,21841.0,,Y,70000.0,4.75,0.0,,2400.0
Evangeline,,F,641.0,189-5831,,IA,,S,N,10000.0,1.7078737,40.0,0.0,0.0
Anatoly,Wehrenberg,F,,340-6525,,OH,,S,Y,40000.0,1.8738205,1300.0,0.0,1300.0
,,M,701.0,206-3313,,ND,58722.0,S,Y,60000.0,2.451245,,0.0,3300.0
Piet,Schaedler,,315.0,261-2547,NEW YORK,NY,10200.0,,Y,25000.0,4.0984755,,,1000.0
Dayne,Romein,M,307.0,657-8614,,WY,82510.0,M,Y,80000.0,0.0,,,0.0
Vassilios,Alves,F,,295-6833,,AK,99610.0,S,,75000.0,0.0,0.0,0.0,0.0
Mohammad,Cen,F,,566-2957,WASHINGTON,,,S,Y,25000.0,7.875,1370.0,0.0,1370.0
Surata,,M,501.0,659-5492,EUDORA,AR,71640.0,M,,50000.0,7.0,0.0,40.0,20.0
Harris,,F,541.0,909-2277,THURSTON,OR,,S,Y,15000.0,,159.0,0.0,159.0
Lasse,Gurr,,443.0,932-4219,ABERDEEN,,21001.0,M,N,35000.0,4.75,0.0,4800.0,0.0
Carlton,Serna,F,,616-7002,AUGUSTA,KS,67010.0,M,N,55000.0,6.45,,,0.0
Shashidhar,Lund,M,205.0,170-4392,MOBILE,AL,,,,60000.0,5.0,1500.0,,300.0
Ezio,Schapiro,,848.0,253-8038,,NJ,7512.0,M,N,60000.0,2.0308332,,,0.0
Niclas,Raju,F,928.0,686-1058,,,85551.0,M,N,55000.0,3.5674999,,,0.0
Agnieszka,Lehoczky,,276.0,956-1725,SOUTH HILL,VA,23970.0,M,N,95000.0,5.75,0.0,,0.0
,,F,505.0,909-9512,RUIDOSO,,,,Y,20000.0,,3300.0,0.0,3300.0
Mike,Cridlig,M,,418-1302,LEBO,,66856.0,,Y,35000.0,6.45,0.0,4500.0,2250.0
Evanthia,Dawood,,334.0,804-7399,BIRMINGHAM,AL,35232.0,M,Y,15000.0,5.0,0.0,3000.0,300.0
Masayuki,Musha,,,323-5857,SAWYER,,55780.0,,Y,50000.0,6.9236393,,,3300.0
Nong,Spence,F,,402-8224,BALLWIN,,63011.0,M,N,35000.0,6.0,,,0.0
Hae,McCallien,M,,308-4213,HAWAIIAN GARDENS,CA,,S,N,50000.0,9.3,87.0,,0.0
Fahiem,Lockington,M,,528-3210,,SD,57325.0,S,N,35000.0,0.0,0.0,,0.0
Sizheng,Motley,,,281-9268,,OH,44199.0,S,,75000.0,3.0356412,,,0.0
Zhenzhou,Jalloul,,,469-6646,,VT,5819.0,M,Y,5000.0,3.6,0.0,6600.0,3300.0
Bhagirath,Beal,M,,576-3845,,NV,89010.0,M,Y,10000.0,,0.0,0.0,0.0
Shair,,,724.0,196-2655,,PA,19340.0,S,,15000.0,,,0.0,0.0
Egidio,Nozawa,M,,309-8639,VANZANT,MO,65768.0,S,Y,85000.0,6.0,,,1200.0
Tetsuya,Wiseman,,202.0,832-4588,WASHINGTON,DC,20202.0,M,,80000.0,9.0,0.0,2740.0,1370.0
Pepijn,Alt,F,,639-2338,DOUGLAS CITY,,,S,N,40000.0,,87.0,0.0,0.0
Huzur,Kirkman,M,,510-3452,HINSDALE,MT,,,Y,60000.0,6.9,1900.0,,1900.0
Weidon,Sinclair,M,,447-4237,,TX,79019.0,M,,50000.0,0.0,,,0.0
Adri,,M,719.0,779-6228,MONARCH,CO,81227.0,,Y,35000.0,,0.0,0.0,0.0
Richara,Sueyoshi,M,,522-7296,,NH,3289.0,M,,80000.0,0.0,,,0.0
Brajesh,Fasbender,F,,569-5152,,NV,89824.0,S,N,90000.0,,0.0,0.0,0.0
Shounak,Renault,F,939.0,775-3925,,PR,669.0,M,,45000.0,0.0,,,0.0
Carolos,Kuemmerle,F,,401-8953,EAST BRIDGEWATER,MA,2333.0,M,N,25000.0,5.3,0.0,,0.0
Ming,Redmill,,,611-6966,,,38223.0,S,Y,50000.0,0.0,,,0.0
Kuniji,Roncato,,,431-9791,,,37878.0,M,Y,85000.0,0.0,,,0.0
Ramalingam,Leibs,F,202.0,801-9628,WASHINGTON,DC,,S,,60000.0,9.0,1370.0,,1370.0
Jeanne,,M,703.0,742-8363,ASHBURN,,,S,Y,15000.0,,900.0,0.0,900.0
Tiko,Kaderali,,,522-7359,CRUGER,MS,38924.0,M,,25000.0,5.0,0.0,12000.0,0.0
Torulf,,M,701.0,966-7563,,ND,,S,,30000.0,,3300.0,0.0,3300.0
Sallie,Meiming,F,307.0,879-6678,,WY,82440.0,S,,65000.0,0.0,,,0.0
Rei,Conia,M,,616-8096,ISABEL,KS,67065.0,,,40000.0,6.45,0.0,4500.0,0.0
Kyungcheol,Dishlieva,M,301.0,993-5415,CHARLOTTE HALL,,,S,Y,80000.0,,2400.0,0.0,2400.0
Urban,Swift,F,208.0,889-5046,CLARKIA,ID,83812.0,M,,15000.0,5.529042,,,3300.0
Loic,Pinches,M,208.0,165-6199,SUGAR CITY,,83448.0,S,N,40000.0,7.8,,,0.0
Qingyu,Cavendish,,202.0,942-7558,WASHINGTON,DC,20434.0,M,,50000.0,9.0,0.0,2740.0,0.0
Luk,,M,580.0,138-2008,SHAWNEE,,74804.0,M,Y,40000.0,6.25,0.0,2000.0,1000.0
Savio,Paludetto,,,548-4933,SPARTANBURG,SC,29304.0,M,,70000.0,7.0,,,3300.0
Yenjo,,,828.0,794-2786,MAMERS,NC,27552.0,,,95000.0,,,0.0,3300.0
Borut,Rayside,,203.0,714-7291,STAMFORD,CT,6911.0,S,N,60000.0,5.0,,,0.0
Riichiro,,M,630.0,844-8523,,IL,60926.0,M,,100000.0,3.0,0.0,4000.0,0.0
Dayne,Nadon,,219.0,874-1669,,IN,46959.0,M,N,10000.0,3.4,,,0.0
Jongsuk,Wuwongse,F,,610-2612,,,912.0,M,Y,65000.0,,0.0,0.0,0.0
Ferda,Lapkowski,M,,376-6386,,NV,89406.0,M,N,40000.0,0.0,0.0,,0.0
Helaman,Cartier,,443.0,732-9710,COLUMBIA,MD,21045.0,M,Y,15000.0,4.75,0.0,4800.0,2400.0
Dongsu,Rackoff,,,621-9260,SALEM,AL,36874.0,,Y,60000.0,5.0,,,300.0
Henry,Tani,,864.0,782-2311,MOUNT CROGHAN,SC,29727.0,,N,75000.0,7.0,0.0,6600.0,0.0
Wissal,Rifa,F,,503-4633,,WY,83113.0,M,,55000.0,0.0,,,0.0
Zhengyou,,F,509.0,181-3829,,WA,98528.0,S,N,75000.0,,,0.0,0.0
Truxton,,F,712.0,139-6414,WELDON,IA,,S,,95000.0,,40.0,0.0,0.0
Duangkaew,,,715.0,224-6325,WALDO,WI,53093.0,S,Y,95000.0,,,0.0,400.0
Fethi,Torrellas,,,502-5434,,VT,5447.0,M,N,35000.0,3.7014668,0.0,6600.0,0.0
Jaejoo,Borgstrom,,,480-9685,,,33475.0,M,Y,85000.0,,0.0,0.0,0.0
Debasis,Sippu,F,,298-5543,GLENWOOD,NM,88039.0,S,N,40000.0,5.3,,,0.0
Won,,,601.0,936-1925,JACKSON,MS,39217.0,,,20000.0,5.0,,12000.0,1500.0
Mehryar,Gohara,,240.0,181-7559,CLARKSVILLE,,21029.0,M,Y,55000.0,4.75,0.0,4800.0,2400.0
Halit,Itazaki,F,,293-3792,,ND,,S,N,90000.0,,3300.0,0.0,0.0
Geraud,Nastea,M,,481-3436,KEARNEY,NE,68849.0,,Y,25000.0,6.5736103,,,103.0
Chunhong,Nawawi,,203.0,807-9606,BANTAM,CT,6750.0,S,N,75000.0,5.0,,,0.0
Mathieu,Millo,M,,398-3359,NEW IBERIA,,70560.0,,N,20000.0,4.4,,,0.0
Dock,Dehene,M,,430-4618,MCINTOSH,NM,,,N,30000.0,5.3,3300.0,0.0,0.0
Haidar,Cheriyan,F,209.0,177-2519,PASADENA,CA,,,N,25000.0,5.410157,87.0,0.0,0.0
Kothuri,Hainaut,M,,538-9299,HONOLULU,,,,Y,50000.0,8.25,1040.0,0.0,1040.0
Nobutoshi,,M,703.0,158-6151,ROANOKE,,,,Y,40000.0,5.75,900.0,0.0,900.0
Belarmino,Justo,M,206.0,190-4220,,WA,98548.0,M,N,5000.0,0.0,0.0,0.0,0.0
Patti,Sutiwaraphun,,305.0,717-1194,,,32466.0,M,Y,30000.0,0.0,,,0.0
Anneli,,,606.0,251-4403,OWENSBORO,KY,42301.0,,Y,55000.0,4.888889,0.0,40.0,20.0
Bartolome,Kesler,M,225.0,975-8094,DULAC,LA,,S,Y,60000.0,6.0,4500.0,0.0,1000.0
Gilberto,,F,702.0,942-3034,,NV,89506.0,S,N,70000.0,0.0,0.0,0.0,0.0
,Weissman,M,,353-7641,CALDWELL,ID,83607.0,M,,30000.0,7.8,0.0,6600.0,3300.0
Nga,Zamfirescu,M,,308-8908,BERNIE,,,M,Y,15000.0,6.0,0.0,4200.0,1200.0
Shing,Christmansson,M,307.0,842-5974,,WY,,S,,5000.0,0.0,0.0,0.0,0.0
Vitit,Merzbacher,,860.0,667-5592,NEW HARTFORD,CT,6057.0,,,45000.0,5.0,,,0.0
Caryl,,,563.0,142-5393,LISCOMB,IA,50148.0,,N,40000.0,6.339211,,80.0,0.0
Liviu,Stoller,F,,545-4915,WINNEBAGO,,56098.0,S,N,90000.0,7.85,,,0.0
Resve,Maeder,F,,386-8963,,ND,,S,,35000.0,2.161439,3300.0,,0.0
,Kasriel,M,218.0,909-8791,SPRING PARK,MN,,M,,85000.0,7.85,0.0,6600.0,3300.0
Juval,Torelli,F,,631-4129,,,2912.0,S,N,55000.0,0.0,0.0,0.0,0.0
Sangiv,,M,541.0,879-7122,MEDFORD,OR,97504.0,,,15000.0,9.0,0.0,318.0,0.0
,,M,505.0,175-7578,,NM,87185.0,S,,5000.0,1.7,,0.0,3300.0
Otilia,Islam,M,414.0,741-2826,WINDSOR,,,S,Y,45000.0,5.228285,700.0,0.0,400.0
Zhibiao,Cozza,F,,285-5505,,NV,89034.0,M,Y,65000.0,0.0,0.0,0.0,0.0
Orlando,,F,801.0,692-5030,SALT LAKE CITY,,84145.0,,N,50000.0,7.0,,4950.0,0.0
Masat,Keay,M,,455-2972,LA PUENTE,,,,N,55000.0,9.3,87.0,0.0,0.0
Magdy,Sanada,,,556-4391,NEENAH,,54957.0,,Y,95000.0,6.097042,,,400.0
Chakravarthy,Tang,M,,263-3522,,SD,57465.0,M,Y,55000.0,0.0,0.0,0.0,0.0
Aziz,Bade,F,,605-1118,,ND,58529.0,M,N,95000.0,2.8569736,0.0,6600.0,0.0
Narain,Mamelak,F,,470-3092,DENVER,,80228.0,M,Y,35000.0,4.63,0.0,,0.0
Youjip,Guckenheimer,,240.0,648-1225,BALTIMORE,MD,21279.0,M,Y,75000.0,4.75,0.0,4800.0,2400.0
Emden,Zinoviev,,845.0,771-4055,LIVERPOOL,NY,13088.0,,N,50000.0,4.243293,0.0,0.0,0.0
Jaswinder,Gibbins,,912.0,780-1084,SAVANNAH,,31405.0,,Y,65000.0,6.0,0.0,5400.0,3000.0
Bush,Sakkinen,,305.0,794-7758,,FL,32503.0,S,N,80000.0,0.0,,,0.0
Subutai,Weissberg,M,913.0,166-9665,DENISON,KS,,S,,100000.0,6.45,2250.0,0.0,2250.0
Elspeth,Matuschka,M,,288-9162,KEOTA,IA,,,Y,30000.0,4.795432,40.0,,40.0
Aravind,Salvaneschi,,864.0,106-2308,VAUCLUSE,SC,29850.0,S,N,10000.0,5.752432,,,0.0
Sadatoshi,Stockmeyer,M,,533-5642,SAN DIEGO,CA,92149.0,,,20000.0,4.2297716,,,272.0
Ramzi,Karasan,M,,335-2571,,PR,716.0,S,,70000.0,0.0,0.0,0.0,0.0
Juana,Lunbeck,M,,276-3399,,,,S,N,20000.0,2.1,3300.0,,0.0
Bracha,Kane,,,298-6545,STARTEX,SC,29377.0,M,N,100000.0,7.0,0.0,6600.0,0.0
DAIDA,Bottner,F,,271-3014,LOUISVILLE,KY,,,N,90000.0,6.0,20.0,0.0,0.0
Share,Tatsuta,M,218.0,900-5571,SEAFORTH,MN,56287.0,,,60000.0,7.4572573,0.0,6600.0,0.0
Armstrong,,M,712.0,144-1596,ORIENT,IA,,,Y,60000.0,8.98,40.0,0.0,40.0
Reind,Kuemmerle,M,401.0,141-3133,,RI,2823.0,M,,65000.0,0.0,0.0,,0.0
Jiannong,Tsigas,F,,328-8334,ATHENS,,,S,Y,15000.0,6.9580293,2850.0,0.0,2850.0
Ruud,Renear,,,406-6442,SARONA,WI,54870.0,,,40000.0,5.1414094,,,0.0
Rafi,Haraldson,M,,484-6385,CASCO,WI,,S,,60000.0,5.488912,700.0,0.0,400.0
Macha,Ginneken,F,256.0,662-3699,DADEVILLE,,,S,Y,50000.0,5.0,1500.0,0.0,300.0
Edward,Kinsman,M,,395-3484,,NV,89507.0,S,Y,90000.0,0.0,0.0,0.0,0.0
Masateru,Rotteler,,,290-3560,SAINT MARYS,,31558.0,,N,70000.0,6.0,,,0.0
Pintsang,Yagi,M,478.0,752-8183,COLUMBUS,GA,,S,Y,70000.0,6.0,2700.0,0.0,3000.0
Veronik,Hartfield,M,,321-9928,,WY,83126.0,M,,20000.0,0.0,0.0,0.0,0.0
Liliane,Lafouge,F,252.0,860-3903,HENDERSON,,,S,N,85000.0,7.515734,3300.0,,0.0
Fumihiro,Jussien,M,,531-3531,GEARY,OK,,S,N,100000.0,6.25,1000.0,0.0,0.0
Chenxi,Hillebrand,F,,452-2686,CLIFTON,ID,,S,N,30000.0,7.8,3300.0,0.0,0.0
Masaharu,Regier,,414.0,214-5891,WASCOTT,,54890.0,S,Y,40000.0,5.1414094,,,400.0
Dugki,Tepfenhart,M,,471-7057,LAKESIDE,CT,,,Y,100000.0,5.0,0.0,24500.0,0.0
Waltraud,Mayrand,M,,630-6763,METCALFE,MS,,,,55000.0,5.0,0.0,,1500.0
Hyeongil,Palmore,M,351.0,127-7250,SOUTH WALPOLE,MA,2071.0,M,Y,25000.0,5.3,,,1000.0
,Kniesel,M,843.0,938-5723,ORANGEBURG,SC,,,,20000.0,7.0,0.0,,3300.0
Duke,Terwiesch,M,915.0,959-1152,,TX,77808.0,M,Y,50000.0,0.0,0.0,0.0,0.0
Chrystopher,,,502.0,214-7156,IRVINE,KY,40336.0,,Y,85000.0,6.0,0.0,40.0,20.0
Galeno,Baber,F,971.0,832-8154,PORTLAND,OR,97282.0,,N,90000.0,9.0,0.0,318.0,0.0
Weiwei,,M,703.0,198-2214,RICHMOND,VA,,,,50000.0,5.75,0.0,1800.0,0.0
Subhashish,,F,616.0,864-8649,DAVISON,MI,,S,,100000.0,3.9,3100.0,0.0,0.0
Xuding,Konakovsky,F,,402-9475,TETONIA,ID,,S,,60000.0,7.8,3300.0,,0.0
,,F,505.0,149-8564,PEP,NM,,,,90000.0,5.3,3300.0,0.0,3300.0
Karol,Khamare,F,,597-7957,RIDGEVIEW,,,,Y,40000.0,5.1000004,0.0,4000.0,2000.0
Akiharu,Abuhamdeh,M,207.0,188-6723,EAST WINTHROP,ME,,M,Y,50000.0,8.5,0.0,5700.0,2850.0
Nese,Monneau,,,637-3846,GALESBURG,,49053.0,M,Y,100000.0,3.9,,,3100.0
Amr,Nerbonne,F,,643-6327,RACELAND,LA,70394.0,,Y,30000.0,6.0,,,1000.0
Tsang,Mahapatra,M,,418-1457,CARTER,MT,,M,,45000.0,6.9,0.0,,0.0
Gail,Manjunath,M,,509-9718,,NV,89431.0,S,Y,95000.0,0.0,0.0,,0.0
Hristo,,,641.0,702-1062,FLORIS,IA,52560.0,M,Y,95000.0,8.98,0.0,80.0,40.0
Yehudah,Peikert,,,462-6134,JUNCTION CITY,KY,40440.0,,,70000.0,5.7222223,,,0.0
Osnat,,,646.0,714-7498,ROCHESTER,,14618.0,,N,100000.0,4.5329266,,0.0,0.0
Larissa,Raffaeta,,920.0,887-1441,SAXON,,54559.0,,Y,80000.0,5.836415,,,400.0
Berndt,Drobnic,F,207.0,142-1723,SOUTH PORTLAND,ME,4116.0,M,N,55000.0,8.5,0.0,5700.0,0.0
Francesca,,F,662.0,839-2841,HOLCOMB,MS,,,N,10000.0,5.0,6000.0,0.0,0.0
Ohad,Higashino,,,274-6417,SENECA ROCKS,,26884.0,,N,55000.0,6.1499996,0.0,4000.0,0.0
Gees,Koldinger,M,931.0,879-7944,,TN,,M,N,20000.0,0.0,0.0,,0.0
Abdelilah,,F,731.0,920-3379,,TN,,S,N,50000.0,0.0,0.0,0.0,0.0
,Meusel,,843.0,776-2020,GAFFNEY,SC,29342.0,S,,85000.0,7.0,,,3300.0
Egidio,Tobin,M,347.0,652-3785,ROSLYN HEIGHTS,NY,,,Y,90000.0,4.475,0.0,0.0,1000.0
Lalgudi,,M,706.0,735-5909,COLUMBUS,,,S,Y,55000.0,6.0,2700.0,0.0,3000.0
Arlan,,F,803.0,800-7147,LURAY,SC,,,N,95000.0,7.0,3300.0,0.0,0.0
,Backhouse,M,,326-8093,ROBERTS,,,,Y,45000.0,7.8,0.0,6600.0,3300.0
Taiji,,F,706.0,195-6776,ATLANTA,GA,,M,,55000.0,6.0,0.0,5400.0,0.0
,Loizou,F,,380-2940,COEUR D ALENE,ID,,M,Y,25000.0,7.8,0.0,,3300.0
Shantanu,Click,M,972.0,852-1442,,TX,,S,,70000.0,0.0,0.0,0.0,0.0
Bilel,Deswarte,F,228.0,112-7524,HURLEY,MS,,,N,20000.0,5.0,6000.0,0.0,0.0
Jyoti,,F,787.0,866-7222,,,,M,N,75000.0,0.0,0.0,0.0,0.0
,Mancoridis,M,252.0,970-8470,BRASSTOWN,,,M,Y,20000.0,6.1520977,0.0,,3300.0
Annika,,F,701.0,653-5114,,ND,58331.0,M,N,15000.0,2.1,,6600.0,0.0
Wiebe,,F,608.0,745-3190,COLUMBUS,WI,,M,,60000.0,5.488912,0.0,1400.0,0.0
Xuguang,Gracco,F,202.0,815-4861,WASHINGTON,DC,,S,,60000.0,9.0,1370.0,0.0,1370.0
Kui,Spier,M,,268-5612,,,2919.0,M,N,85000.0,0.0,,,0.0
Toney,Haskin,M,859.0,180-5652,HAPPY,KY,,S,,50000.0,4.611111,20.0,0.0,0.0
Saurab,Dovidio,M,,606-2229,,WA,99139.0,M,,65000.0,0.0,0.0,0.0,0.0
Hannes,,F,505.0,907-9442,CORDOVA,NM,87523.0,M,N,80000.0,5.3,0.0,6600.0,0.0
Sudeshna,Pfau,F,985.0,806-2001,HOUMA,LA,70364.0,,,25000.0,6.0,,,0.0
Yinlin,,F,603.0,652-1968,,NH,3885.0,M,,20000.0,0.0,0.0,0.0,0.0
Eleftherios,,M,661.0,152-8462,SACRAMENTO,CA,95830.0,,N,30000.0,6.590543,,174.0,0.0
Nelleke,Wolff,F,,627-5562,JEFFERSON CITY,,,,Y,40000.0,6.0,2100.0,0.0,1200.0
Pabitra,Morihara,,,644-9255,WASHINGTON,,20310.0,S,Y,50000.0,9.0,,,1370.0
Hisham,,F,701.0,201-4306,,ND,58104.0,S,N,15000.0,2.1,,0.0,0.0
Mabo,Nuutila,F,907.0,976-5901,,,99507.0,M,N,50000.0,0.0,,,0.0
Petia,,F,509.0,840-1330,,,99252.0,S,Y,35000.0,0.0,0.0,0.0,0.0
Gada,,,607.0,201-4108,RIPLEY,NY,14775.0,,Y,90000.0,4.475,0.0,0.0,1000.0
Kaoru,,M,703.0,995-8183,WILLIAMSBURG,,,S,Y,40000.0,5.75,900.0,0.0,900.0
Meurig,Skeppstedt,,,390-7284,CARATUNK,,4925.0,M,N,100000.0,8.5,,,0.0
Margarita,Dehene,F,207.0,676-8013,ROCKLAND,,,,Y,35000.0,8.5,2850.0,0.0,2850.0
Benn,Bedell,M,,559-4860,DEWEYVILLE,UT,84309.0,M,N,75000.0,7.0,0.0,4950.0,0.0
Giandomenico,,F,787.0,875-9520,,PR,933.0,S,Y,40000.0,0.0,,0.0,0.0
Stefanie,Bullock,F,,531-2063,,RI,2873.0,S,,10000.0,0.0,0.0,0.0,0.0
Dragos,Jiafu,F,234.0,980-2656,,OH,,S,N,30000.0,1.5418718,1300.0,0.0,0.0
Hangju,Gouy,F,,598-1517,SALT LAKE CITY,UT,84106.0,,Y,85000.0,7.0,0.0,4950.0,2475.0
Kunikazu,,,802.0,210-4082,AVERILL,,5901.0,M,N,70000.0,4.397808,0.0,6600.0,0.0
Shohei,,F,701.0,892-9116,,ND,58542.0,M,,90000.0,2.7990127,,6600.0,0.0
Iskander,,M,605.0,915-6540,,,57717.0,S,N,40000.0,0.0,0.0,0.0,0.0
Satya,,M,636.0,858-1164,CLARKSDALE,MO,,S,,50000.0,6.0,2100.0,0.0,1200.0
Wenjie,Tyldesley,,,345-9905,ELKTON,MN,55933.0,M,,20000.0,5.35,0.0,6600.0,0.0
Jacek,Kees,,,483-9598,,,15530.0,M,N,60000.0,3.07,0.0,0.0,0.0
Michun,,,740.0,813-2743,,,44427.0,M,N,40000.0,1.8738205,0.0,2600.0,0.0
Katharina,Gusat,F,302.0,110-6170,FELTON,,,S,N,35000.0,4.245455,110.0,0.0,0.0
Wijesuriya,Seinturier,M,413.0,938-4332,CHESTER,MA,1011.0,M,,70000.0,5.3,,,0.0
Conal,Karatsu,F,435.0,212-3846,SALT LAKE CITY,UT,,,N,95000.0,7.0,2475.0,0.0,0.0
Akshar,Terlouw,,920.0,835-2050,ALMA CENTER,WI,54611.0,M,Y,50000.0,5.3151608,0.0,1400.0,400.0
Sauli,Marantz,M,,410-2931,ATHENA,OR,,S,,100000.0,9.0,159.0,,159.0
Quing,,F,509.0,845-2126,,WA,98295.0,M,,100000.0,0.0,0.0,0.0,0.0
Deren,Dabdub,,334.0,243-6499,BESSEMER,AL,35020.0,M,N,70000.0,5.0,0.0,3000.0,0.0
Shinin,Coy,,407.0,245-8181,,FL,33890.0,S,,60000.0,0.0,0.0,0.0,0.0
Toyohiko,,,716.0,199-6313,NEW YORK,NY,10099.0,,,45000.0,4.2143292,0.0,0.0,0.0
Moonhang,Erol,,,559-9175,ROME,,13442.0,,N,65000.0,4.330183,0.0,0.0,0.0
Odile,Marechal,M,401.0,944-7603,,,2815.0,S,Y,85000.0,0.0,0.0,,0.0
Huican,Leiba,,,581-8602,,PA,18016.0,M,Y,80000.0,3.07,0.0,,0.0
Weiwu,,M,702.0,959-5377,,NV,89435.0,S,,10000.0,0.0,0.0,0.0,0.0
Yanqing,Sigillito,,256.0,920-3884,BIRMINGHAM,AL,35245.0,S,,65000.0,5.0,,,300.0
,Whitcroft,M,,567-9393,TINNIE,NM,88351.0,M,,45000.0,5.3,0.0,6600.0,3300.0
Gopal,Zeidenstein,,906.0,848-5106,HERMANSVILLE,MI,49847.0,M,Y,30000.0,3.9,0.0,6200.0,3100.0
,McAffer,,,475-9334,SAVANNAH,,38372.0,,N,80000.0,0.0,0.0,,
Shirlei,Albarhamtoshy,F,,635-9093,DERBY LINE,VT,,S,,70000.0,4.397808,3300.0,0.0,0.0
Marten,Chimia,F,206.0,148-2479,TACOMA,,98405.0,S,Y,90000.0,0.0,0.0,0.0,0.0
Gerge,Vietze,F,939.0,718-6735,CANOVANAS,PR,729.0,S,Y,50000.0,0.0,0.0,0.0,0.0
Gou,Meurs,,,615-1109,,KY,40346.0,M,N,5000.0,2.1111112,,,0.0
Jianming,Dwork,,906.0,968-8476,LANSING,,48956.0,,Y,15000.0,3.9,0.0,6200.0,3100.0
,Fermuller,M,,612-4215,MONTGOMERY CITY,MO,,,N,60000.0,6.0,2100.0,0.0,
,Nordbotten,M,,613-1749,GETTYSBURG,,57442.0,S,Y,40000.0,0.0,,,
,,M,816.0,878-4304,JOPLIN,MO,64804.0,,,10000.0,6.0,0.0,4200.0,
,Metallidou,M,,276-9835,EAGLE,,83616.0,M,N,60000.0,7.8,,,
,Lafuente,,864.0,838-3235,GREENVILLE,,29606.0,M,Y,50000.0,7.0,0.0,,3300.0
,,M,605.0,702-4262,RAMONA,SD,57054.0,,,45000.0,0.0,0.0,0.0,
,Sylvan,M,949.0,934-2710,RICHMOND,,94805.0,,Y,20000.0,4.2297716,,,
,Scholtes,,301.0,929-1531,ROCKVILLE,,20847.0,,Y,60000.0,4.75,,,
Roddy,Brock,F,,420-1356,PIE TOWN,NM,87827.0,,,60000.0,5.3,0.0,6600.0,0.0
,Bougaut,M,,450-8968,,,,S,N,10000.0,0.8779744,1300.0,0.0,
,,M,775.0,132-7047,HENDERSON,NV,89044.0,M,N,80000.0,0.0,0.0,0.0,
,,,802.0,812-2542,CABOT,VT,5647.0,M,N,50000.0,3.9998987,0.0,6600.0,
Limsson,Pricer,,319.0,648-8124,ACKWORTH,,50001.0,M,Y,90000.0,8.98,,,40.0
,Sowerbutts,,864.0,227-1609,PINELAND,,29934.0,,N,65000.0,7.0,,,
,Linusson,M,,383-5004,CLANCY,,,S,N,100000.0,6.9,1900.0,,
,Fulcher,M,912.0,176-6725,ATLANTA,GA,,S,,100000.0,6.0,2700.0,0.0,
Sydney,Deogon,,,394-6990,DETROIT,MI,48238.0,M,,25000.0,3.9,0.0,6200.0,3100.0
Fortney,Diciunas,F,202.0,656-3755,WASHINGTON,DC,,S,N,60000.0,,1370.0,0.0,0.0
Birgitta,Tomba,F,,341-4430,DIBERVILLE,MS,,S,Y,55000.0,,6000.0,0.0,1500.0
,Glymour,M,,606-4240,DIX,NE,69133.0,M,,75000.0,6.84,0.0,206.0,
,Etalle,M,,493-7519,WINDSOR,CO,80551.0,S,,85000.0,,0.0,0.0,
Naixun,,F,580.0,106-7069,,,,S,Y,5000.0,,1000.0,0.0,1000.0
,,M,787.0,801-9447,ARECIBO,PR,612.0,S,N,95000.0,,0.0,0.0,
Holm,McCandless,F,,298-8716,CARSON CITY,NV,89713.0,M,Y,5000.0,0.0,0.0,,0.0
Mihaly,Brazell,F,,404-3250,BATON ROUGE,,,S,N,55000.0,,4500.0,0.0,0.0
Kenyon,Bresenham,F,,486-2190,BEAVERTON,,97077.0,M,N,65000.0,9.0,0.0,318.0,0.0
,Dengi,M,,497-8017,,,4061.0,M,Y,5000.0,2.2135036,0.0,5700.0,
,,,828.0,871-1363,SOUTHPORT,,28461.0,M,Y,50000.0,6.7814684,0.0,6600.0,
Jack,Shreve,F,,611-9800,,,98582.0,M,Y,55000.0,0.0,,,0.0
,Breitinger,M,,542-5137,CROCKETT,,94525.0,M,N,45000.0,9.3,0.0,174.0,
,Cucker,M,206.0,662-6012,THORNTON,WA,99176.0,S,,30000.0,,0.0,0.0,
Tianxu,Schaar,,,547-1598,,OH,43163.0,S,,40000.0,1.8738205,,,0.0
Kristen,,F,603.0,875-5681,NEWINGTON,,3805.0,,N,60000.0,,0.0,0.0,0.0
,Kartik,M,,333-3127,LAKE MINCHUMINA,AK,99757.0,,N,60000.0,,0.0,0.0,
Vitali,,F,702.0,703-3188,RENO,NV,89508.0,,,95000.0,,0.0,0.0,0.0
Sunondo,,F,505.0,936-2157,,NM,88210.0,M,,5000.0,1.7,0.0,6600.0,0.0
Kish,,,757.0,229-7432,RICHMOND,,23282.0,,N,100000.0,5.75,0.0,1800.0,0.0
Kwangkeun,Chitnis,F,479.0,950-9048,FORT SMITH,,72914.0,M,Y,90000.0,7.0,0.0,40.0,20.0
Yongwon,,F,651.0,792-1596,DILWORTH,MN,,S,,10000.0,,3300.0,0.0,0.0
,Lampen,M,402.0,255-3515,IMPERIAL,NE,69033.0,,Y,40000.0,6.84,0.0,,
,Kavraki,M,928.0,116-6686,TUCSON,AZ,,S,Y,95000.0,,2100.0,0.0,
,,M,573.0,661-2413,ELSBERRY,MO,,S,,90000.0,,2100.0,0.0,
,Weissman,,,452-5158,DAVENPORT,,13750.0,S,Y,10000.0,,0.0,0.0,
,,M,505.0,233-9863,SANTA FE,NM,87505.0,,,45000.0,5.3,0.0,6600.0,
,,M,702.0,821-5127,NORTH LAS VEGAS,NV,89030.0,,Y,95000.0,,,0.0,
Meilir,Chandru,F,,437-5943,PROVINCETOWN,,2657.0,,N,100000.0,5.3,0.0,7150.0,0.0
,Papastamatiou,,,621-1051,ELBA,,14058.0,S,N,20000.0,4.0695124,,,
,,M,507.0,789-3842,DASSEL,MN,,S,,30000.0,,3300.0,0.0,
Nami,Merel,,920.0,109-9993,BENTON,,53803.0,S,N,30000.0,4.967658,,,0.0
,,M,505.0,159-1227,FORT WINGATE,NM,,S,Y,40000.0,,3300.0,0.0,
,,F,505.0,115-8925,SANOSTEE,,87461.0,,Y,80000.0,5.3,,6600.0,3300.0
,Rajaram,,,626-8659,NORRIS,SC,29667.0,,Y,85000.0,7.0,,,3300.0
Joao,Kalb,F,339.0,210-4825,BOLTON,,,S,N,40000.0,,3575.0,0.0,0.0
Abdel,Feldmesser,F,440.0,810-7755,,OH,,S,N,95000.0,,1300.0,0.0,0.0
Foster,Villain,F,401.0,809-9378,WAKEFIELD,RI,2880.0,S,Y,65000.0,,0.0,0.0,0.0
,Waumans,,269.0,921-2996,GROSSE POINTE,MI,48236.0,M,Y,55000.0,3.9,0.0,6200.0,
Takenobu,Subhlok,F,,401-5979,TACOMA,WA,98422.0,M,,60000.0,0.0,,,0.0
,,,731.0,947-9227,BULLS GAP,,37711.0,S,N,65000.0,,0.0,0.0,
Moises,Delugach,,973.0,647-5510,,,7452.0,M,Y,35000.0,1.6365625,0.0,2000.0,1500.0
,Baz,M,208.0,675-7629,,ID,83450.0,M,N,5000.0,2.6903439,0.0,6600.0,
,Machin,M,,284-1996,WATERBURY,CT,,S,Y,20000.0,5.0,12750.0,,
,Poursepanj,,,414-9569,ELK PARK,,28622.0,M,Y,100000.0,7.8304195,,,
Brigitte,Ventsov,,,527-9681,,PA,16859.0,M,Y,60000.0,,0.0,0.0,0.0
,Polk,M,,312-1182,,WA,98537.0,M,,55000.0,0.0,,,
,,,802.0,940-4933,BARTON,VT,5822.0,M,Y,75000.0,4.4972854,0.0,6600.0,
,Ierardi,M,208.0,173-5990,ARBON,ID,83212.0,M,N,40000.0,7.8,0.0,6600.0,
Wentai,Riexinger,,,271-4031,NORTHPORT,AL,35473.0,,,40000.0,5.0,,,300.0
Carron,Kleftouris,F,,555-6894,PRINCETON,WI,,,Y,40000.0,5.1414094,700.0,,400.0
,Hoopen,M,425.0,866-9720,,,98033.0,M,N,70000.0,,0.0,0.0,
Johnny,Alewine,F,,450-9915,,,,S,Y,45000.0,,1300.0,0.0,1300.0
Dibyendu,Pointcheval,F,907.0,870-8613,,AK,99901.0,S,Y,30000.0,0.0,,,0.0
,,M,559.0,958-5849,BRANDEIS,CA,93064.0,M,Y,45000.0,9.3,0.0,174.0,
,,,757.0,258-4027,WOODFORD,VA,22580.0,M,N,15000.0,5.214286,0.0,1800.0,
Youseek,Kushnir,,,591-7423,STORMVILLE,NY,12582.0,M,Y,95000.0,4.5039635,0.0,,1000.0
Elissa,Leino,,,317-4715,HARTFORD,CT,6161.0,M,Y,50000.0,5.0,0.0,,0.0
,Papadimitriou,,,638-4867,,NJ,7628.0,M,N,95000.0,2.5828125,,,
,,M,573.0,167-7931,COSBY,MO,,S,N,60000.0,,2100.0,0.0,
Bernad,Pezze,F,,494-7275,,TX,79405.0,M,N,45000.0,0.0,,,0.0
Tingfang,Casley,F,,590-6934,MENLO,GA,,,,10000.0,,2700.0,0.0,0.0
,Braden,,,465-9089,MCCOMB,MS,39648.0,,Y,80000.0,5.0,0.0,12000.0,
Nobuhiko,,,716.0,831-4725,STERLING FOREST,,10979.0,S,Y,90000.0,,0.0,0.0,1000.0
,,,612.0,852-2422,NEW AUBURN,MN,55366.0,,Y,100000.0,7.85,0.0,6600.0,3300.0
,,M,701.0,700-4555,,,58072.0,M,N,15000.0,2.1,,6600.0,
Sumeer,,F,818.0,716-7988,OLD STATION,CA,96071.0,,,20000.0,4.2297716,,174.0,272.0
,Bierman,M,939.0,927-5945,,PR,692.0,S,,70000.0,,0.0,0.0,
,Raza,,414.0,660-6121,EPHRAIM,,54211.0,S,Y,35000.0,5.0545335,,,
,Tretkoff,M,939.0,841-5952,,,975.0,M,N,75000.0,,0.0,0.0,
,,,614.0,109-9073,,OH,43699.0,M,,65000.0,2.7036924,,2600.0,
Heuey,Milosevic,,414.0,730-7610,JUMP RIVER,WI,54434.0,,N,40000.0,5.1414094,,,0.0
Brock,,F,720.0,669-9591,CROWLEY,CO,81033.0,S,N,70000.0,,0.0,0.0,0.0
Atri,Scharstein,,202.0,866-5499,WASHINGTON,DC,20217.0,M,N,15000.0,5.625,,,0.0
,Rousskov,,,398-4554,SHARON,SC,29742.0,M,,45000.0,7.0,,,
Suzanna,,F,602.0,866-4076,,AZ,85045.0,M,,20000.0,3.0249999,0.0,4200.0,0.0
,,M,701.0,948-4947,,ND,,S,,10000.0,,3300.0,0.0,
Nariman,,,609.0,978-9214,,,7606.0,M,Y,55000.0,1.9519792,0.0,2000.0,1500.0
,Flaus,M,,491-8066,,KY,,S,N,10000.0,,20.0,0.0,
,,M,775.0,847-4537,,NV,89152.0,M,N,60000.0,,,0.0,
Sanping,Weymouth,,,342-4018,CANADYS,SC,29433.0,M,,50000.0,7.0,0.0,6600.0,0.0
,,,828.0,911-3608,FLEETWOOD,NC,28626.0,M,,40000.0,6.571678,0.0,6600.0,
Jongpil,,F,509.0,985-4630,,,99218.0,S,N,15000.0,,0.0,0.0,0.0
Freimut,,F,801.0,657-6142,CLARKSTON,UT,84305.0,M,N,80000.0,7.0,0.0,4950.0,0.0
,Roucairol,,864.0,912-5616,LODGE,SC,29082.0,,N,25000.0,7.0,,,
Fatos,Piccolo,F,401.0,192-1357,,RI,2807.0,S,N,15000.0,0.0,,,0.0
Masaitsu,,F,808.0,955-7256,PUKALANI,,96788.0,,N,30000.0,,,0.0,0.0
Khoa,Razborov,,860.0,192-5825,WATERFORD,,6385.0,M,N,55000.0,5.0,,,0.0
,Knowles,M,251.0,858-6809,RUTLEDGE,AL,,,N,100000.0,5.0,1500.0,,
,Halevi,M,910.0,225-3012,BEULAVILLE,NC,,S,,85000.0,,3300.0,0.0,
,,F,763.0,748-5050,PONEMAH,,,,Y,80000.0,,3300.0,0.0,3300.0
Furio,Rotics,F,,282-3047,HORNBECK,LA,71439.0,,Y,100000.0,6.0,,,1000.0
,Parascandalo,,,542-1592,FARMINGTON,,6034.0,M,N,30000.0,5.0,,,
Twan,Widera,F,,433-7484,WILMINGTON,NC,,S,,35000.0,,3300.0,0.0,0.0
Randeep,Tripathi,F,,293-6498,BITTINGER,MD,,S,,55000.0,,2400.0,0.0,0.0
,,M,808.0,714-6772,,HI,96822.0,M,Y,15000.0,3.743421,0.0,2080.0,
Rosanna,Cheshire,,941.0,671-9150,,FL,33938.0,M,,30000.0,,0.0,0.0,0.0
Mavis,,F,808.0,958-9282,HONOLULU,,96844.0,,Y,85000.0,8.25,0.0,2080.0,1040.0
Mysore,Koepf,F,870.0,780-3896,,,72037.0,M,Y,15000.0,3.773037,0.0,,20.0
,Whittlesey,M,317.0,761-7444,,,,S,Y,50000.0,,1000.0,0.0,
Trishul,Streinu,F,,459-5678,,SD,57373.0,S,,20000.0,0.0,,,0.0
,Barraquand,,,562-1473,TYNER,,27980.0,M,N,95000.0,7.7255244,0.0,6600.0,
,Walpole,M,,305-6722,TERRELL,,,S,Y,20000.0,,3300.0,0.0,
,Boi,M,206.0,823-7311,,WA,98648.0,M,Y,30000.0,,0.0,0.0,
,,M,602.0,783-8583,,,86429.0,M,N,50000.0,3.49,,4200.0,
,,F,505.0,746-7911,SANTA FE,,,,Y,55000.0,,3300.0,0.0,3300.0
,Reeker,,,482-1292,ELEVA,WI,54738.0,M,,20000.0,4.7939067,,,
,,M,509.0,827-5615,,WA,98948.0,S,N,35000.0,,,0.0,
,Parmelee,,,298-3900,SUMMER SHADE,KY,42166.0,M,N,85000.0,6.0,,,
Burke,Siochi,F,,375-6833,CHEROKEE,KS,66724.0,S,N,100000.0,6.45,,,0.0
,Kavraki,,,637-4721,RUFFIN,,29475.0,,N,50000.0,7.0,0.0,6600.0,
,Gjerlov,,864.0,694-8325,GAFFNEY,SC,29340.0,M,N,35000.0,7.0,0.0,6600.0,
Radomir,Remmers,,859.0,890-5087,MARSHES SIDING,KY,42631.0,,,95000.0,6.0,,,0.0
Mitsugu,Nachman,F,,346-4359,LAMPE,,65681.0,,Y,40000.0,6.0,,,1200.0
,Coney,,229.0,157-3452,CASSVILLE,GA,30123.0,M,Y,45000.0,6.0,0.0,5400.0,
Chandan,Spier,F,,460-5795,CEDAR POINT,KS,66843.0,S,Y,75000.0,6.45,,,2250.0
Rasiah,,F,510.0,779-9640,RIVERDALE,CA,93656.0,,,80000.0,,,0.0,272.0
Dorian,Narahari,,,586-5036,SMITHBURG,WV,26436.0,S,N,35000.0,4.75,,,0.0
,Day,,,467-7862,,FL,32767.0,S,N,70000.0,,0.0,0.0,
,Gyssens,M,419.0,647-6307,,OH,,S,Y,5000.0,,1300.0,0.0,
Toramatsu,Upadhyaya,F,,565-6386,CARNEGIE,OK,73015.0,M,,45000.0,6.25,0.0,2000.0,1000.0
Vincente,Beal,F,,571-7458,,IL,,S,,75000.0,,2000.0,0.0,0.0
,Flagella,M,302.0,945-1803,,DE,,S,,20000.0,,110.0,0.0,
Olgo,,F,573.0,185-2439,GIPSY,,,S,Y,45000.0,,2100.0,0.0,1200.0
,Ghenassia,M,406.0,778-7872,FORT SHAW,MT,59443.0,M,N,75000.0,6.9,0.0,3800.0,
,Zongtian,F,,481-4504,ORANGEBURG,,,,Y,25000.0,,3300.0,0.0,3300.0
Jason,Leibs,F,404.0,166-6842,MACON,,,,Y,15000.0,6.0,2700.0,,3000.0
Anneli,Nikovski,F,,544-7444,SAINT LIBORY,NE,68872.0,,N,65000.0,6.84,,,0.0
,,,516.0,715-2217,MINOA,NY,13116.0,,N,100000.0,,0.0,0.0,
Gada,Kornacker,F,956.0,967-7181,,TX,78403.0,S,Y,85000.0,0.0,0.0,,0.0
Alyson,Sinha,,334.0,703-8298,VINCENT,AL,35178.0,S,N,25000.0,5.0,,,0.0
,,M,509.0,115-1173,,,98572.0,S,N,50000.0,,0.0,0.0,
Elizabeth,Reich,,,372-3231,COPPER CITY,MI,49917.0,M,Y,5000.0,3.9,,,3100.0
,,M,580.0,954-2306,HARDESTY,OK,,S,N,40000.0,,1000.0,0.0,
,,M,719.0,946-2458,BASALT,CO,81621.0,M,,50000.0,,0.0,0.0,
,Schmezko,M,406.0,974-5479,HARDIN,MT,59034.0,S,Y,80000.0,6.9,,,
Houtan,Sadanandan,,856.0,142-2797,,NJ,7821.0,S,Y,90000.0,2.5039582,,,1500.0
Rinat,Giradot,F,262.0,,STITZER,WI,,S,,20000.0,,700.0,0.0,0.0
Sany,,F,504.0,,CADE,LA,,S,,35000.0,,4500.0,0.0,1000.0
Katharina,Malsburg,F,308.0,,LORTON,,,,Y,90000.0,6.84,103.0,,103.0
Bhu,,,502.0,,CANNON,KY,40923.0,S,N,90000.0,,,0.0,0.0
Chengfei,Honkala,,239.0,,,FL,32904.0,M,N,80000.0,,0.0,0.0,0.0
Bas,Hepplewhite,,,474-9312,FLOMATON,AL,36441.0,M,Y,90000.0,5.0,0.0,3000.0,300.0
,Clamen,,910.0,259-7520,CHARLOTTE,NC,28250.0,M,,100000.0,7.8304195,0.0,6600.0,
,Brockmeyer,M,,433-2146,ALEXANDRIA,NE,68303.0,M,Y,65000.0,6.84,0.0,206.0,
Radmilo,Fuchi,F,360.0,,,WA,98649.0,S,,80000.0,,0.0,0.0,0.0
Fumitaka,Socorro,F,913.0,695-6276,HAMILTON,KS,66853.0,M,Y,95000.0,6.45,,,2250.0
,Messabih,,207.0,,MAPLETON,ME,4757.0,,,95000.0,8.5,,,
Rohan,Georgatos,F,307.0,,,WY,82602.0,S,,90000.0,,0.0,0.0,0.0
,Wiggers,M,408.0,154-5058,PACIFIC GROVE,CA,,,,75000.0,,87.0,0.0,
Harrie,Zwilling,F,,560-4996,PARSONSFIELD,ME,4047.0,,Y,30000.0,8.5,0.0,5700.0,2850.0
,Perl,,410.0,677-1485,BITTINGER,MD,21522.0,M,N,30000.0,4.75,,,
,,M,603.0,228-4438,,NH,3287.0,S,Y,55000.0,,0.0,0.0,
,Burkhard,M,907.0,720-8572,,,99771.0,S,N,50000.0,,0.0,0.0,
,,M,787.0,896-4783,,PR,742.0,M,,15000.0,,,0.0,
Blagoja,,F,603.0,786-9390,,NH,3836.0,M,Y,75000.0,,,0.0,0.0
,Halewood,,212.0,750-1990,VESTAL,NY,13850.0,S,,75000.0,,0.0,0.0,
Anneli,,,703.0,913-5186,CARRSVILLE,VA,23315.0,M,N,45000.0,5.75,,1800.0,0.0
Hayato,Gellerich,F,978.0,,CHESHIRE,MA,,S,N,30000.0,,3575.0,0.0,0.0
Fenia,,F,773.0,972-5842,,IL,62857.0,M,N,65000.0,3.0,0.0,4000.0,0.0
Emmanuelle,Rinschede,F,,335-6618,DAYKIN,NE,68338.0,M,N,85000.0,6.84,,,0.0
Akos,Coolsaet,F,928.0,,,AZ,,S,N,65000.0,,2100.0,0.0,0.0
Kokichi,Yershov,F,406.0,,ELLISTON,,,S,N,70000.0,,1900.0,0.0,0.0
,Rothman,M,225.0,717-9525,SIMPSON,LA,71474.0,M,,85000.0,6.0,,,
Yasuharu,,,608.0,105-9225,PORT WING,WI,54865.0,,,20000.0,4.7939067,,1400.0,400.0
Almudena,Lutzeler,F,918.0,,RALSTON,OK,,,N,75000.0,6.25,1000.0,,0.0
Dekai,Car,F,318.0,,DONNER,LA,,S,N,85000.0,,4500.0,0.0,0.0
,Rouat,,334.0,,IDER,AL,35981.0,,Y,50000.0,5.0,,,
Matti,,F,616.0,,MONTAGUE,,,,Y,35000.0,,3100.0,0.0,3100.0
Junxin,Frisse,F,404.0,,MANSFIELD,,,,Y,50000.0,,2700.0,0.0,3000.0
,,M,808.0,,HONOLULU,,,,N,65000.0,,1040.0,0.0,
Tatyana,Taki,F,202.0,,WASHINGTON,DC,,S,,35000.0,,1370.0,0.0,0.0
,Hammerle,M,,625-9972,HUNTINGTON,,1050.0,,N,5000.0,5.3,0.0,7150.0,
Vasudha,Gohl,,,642-8537,NEWVILLE,AL,36353.0,,,30000.0,5.0,0.0,3000.0,0.0
Yordan,,F,603.0,,,NH,3462.0,S,,45000.0,,0.0,0.0,0.0
,Rosenquist,,878.0,,,PA,18443.0,S,Y,55000.0,3.07,,,
,,M,641.0,,,IA,,S,,20000.0,,40.0,0.0,
Williams,Macedo,F,480.0,892-3502,,AZ,85610.0,M,,10000.0,2.87,0.0,,0.0
,Dighe,M,907.0,,,AK,99550.0,M,Y,75000.0,,0.0,0.0,
,,M,504.0,,BATON ROUGE,LA,,S,,75000.0,,4500.0,0.0,
Masanao,Kroener,F,,604-1173,KANSAS CITY,,66117.0,,Y,40000.0,6.45,0.0,,2250.0
Dagmar,Diebold,F,307.0,,,WY,82718.0,M,N,65000.0,,0.0,0.0,0.0
Marnix,Schild,,404.0,,CAIRO,,39828.0,S,N,30000.0,6.0,,,0.0
Tiiu,Serna,,912.0,923-3141,LAGRANGE,GA,30261.0,,,45000.0,6.0,,,0.0
,,,803.0,990-8947,MYRTLE BEACH,SC,29579.0,,Y,65000.0,7.0,0.0,6600.0,3300.0
,,M,703.0,,ROANOKE,VA,,,,90000.0,,900.0,0.0,
Eiiti,Reischert,,859.0,250-2501,BELFRY,KY,41514.0,M,Y,55000.0,4.888889,,,20.0
,Mikou,M,361.0,,,TX,78860.0,M,,50000.0,0.0,,,
Bin,Deogun,F,985.0,,SULPHUR,LA,,S,N,95000.0,,4500.0,0.0,0.0
Jonghoon,,F,509.0,,GRAPEVIEW,,98546.0,S,N,80000.0,,0.0,0.0,0.0
,,M,606.0,,STURGIS,KY,,S,Y,50000.0,,20.0,0.0,
,Leban,M,270.0,,ASHLAND,KY,,S,N,75000.0,6.0,20.0,,
Arnold,,,843.0,,SUMTER,SC,29150.0,S,N,50000.0,,,0.0,0.0
Ruth,Oberhauser,F,,464-9808,TRES PINOS,CA,95075.0,M,,50000.0,9.3,,,272.0
,Normark,M,406.0,110-3225,STRYKER,,59933.0,M,Y,75000.0,6.9,,,
,Dunne,,352.0,,,FL,33811.0,M,Y,10000.0,,0.0,0.0,
,Kalloufi,M,304.0,,CAPON BRIDGE,,,S,Y,50000.0,,2000.0,0.0,
Fujie,,,561.0,,,FL,33140.0,S,N,50000.0,,0.0,0.0,0.0
Tingfang,,,607.0,,UTICA,NY,13503.0,S,,45000.0,,,0.0,1000.0
Hanja,Zahir,,215.0,,,PA,19381.0,S,N,25000.0,,0.0,0.0,0.0
,Murai,,203.0,,FARMINGTON,,6032.0,S,Y,85000.0,5.0,,,
,,M,574.0,,,IN,,S,N,40000.0,,1000.0,0.0,
,,,803.0,167-9628,PENDLETON,SC,29670.0,,Y,30000.0,7.0,,6600.0,
Amrit,Yingchun,F,,382-3197,HARDESTY,OK,73944.0,M,Y,75000.0,6.25,0.0,2000.0,1000.0
,Fucik,M,207.0,,PARSONSFIELD,,,,N,50000.0,,2850.0,0.0,
,,M,802.0,,,VT,,S,Y,5000.0,,3300.0,0.0,
Sarvesh,Trudel,F,256.0,,KILLEN,AL,,,,70000.0,,1500.0,0.0,0.0
Jolanta,,F,651.0,,HANOVER,,,S,N,35000.0,,3300.0,0.0,0.0
,Penn,M,406.0,830-8841,ZORTMAN,,59546.0,M,Y,45000.0,6.9,,,
Ramaswamy,Glymour,F,202.0,,WASHINGTON,DC,,S,,20000.0,,1370.0,0.0,1370.0
Zvezdan,Hoffner,F,,366-8709,HULBERT,OK,74441.0,,Y,65000.0,6.25,0.0,2000.0,1000.0
Eliahu,Birchall,F,,423-6431,KINGFISHER,OK,73750.0,,N,70000.0,6.25,0.0,2000.0,0.0
,Akella,,,500-3182,WASHINGTON,DC,20393.0,M,N,25000.0,7.875,0.0,2740.0,
,,M,801.0,,PRICE,,84501.0,,N,75000.0,,,0.0,
Livio,Niggemeyer,,334.0,673-3965,PETERSON,,35478.0,,N,15000.0,5.0,,,0.0
Spira,,F,787.0,,,PR,613.0,S,,5000.0,,0.0,0.0,0.0
Duangkaew,Daigle,,,445-4292,,VT,5820.0,M,N,30000.0,3.6019895,0.0,6600.0,0.0
,,M,636.0,917-4354,PALMYRA,,63461.0,,Y,55000.0,6.0,0.0,4200.0,
Afsar,Usher,F,401.0,,HARMONY,RI,2829.0,S,N,70000.0,,0.0,0.0,0.0
,Yagi,,,404-4266,BIRMINGHAM,,35293.0,M,Y,60000.0,5.0,0.0,3000.0,
,,,651.0,717-2287,WINSTED,MN,55395.0,M,Y,90000.0,7.85,0.0,6600.0,3300.0
Stacia,Ustimenko,F,971.0,793-9387,PORTLAND,OR,97224.0,,,40000.0,9.0,0.0,318.0,159.0
,Gecsei,M,304.0,,,WV,,S,N,20000.0,,2000.0,0.0,
,Meszyk,,,492-5451,CLAYMONT,,19703.0,M,Y,35000.0,4.245455,,,
Zhixi,,F,541.0,,FORT ROCK,OR,,S,N,30000.0,,159.0,0.0,0.0
,Collart,M,307.0,,NATRONA,,82646.0,,N,95000.0,,0.0,0.0,
Wes,,F,651.0,,EUCLID,MN,,S,,70000.0,,3300.0,0.0,0.0
Edoardo,Mooney,,,472-8626,SOUTHPORT,CT,6890.0,M,Y,60000.0,5.0,,,0.0
,,M,701.0,,,ND,58377.0,S,,40000.0,,,0.0,
Belle,,F,815.0,224-4279,,IL,61925.0,M,N,75000.0,3.0,0.0,4000.0,0.0
,,M,802.0,,,VT,,S,N,25000.0,,3300.0,0.0,
Evaggelos,Geyer,F,,591-7426,LOWELL,MA,1854.0,,Y,10000.0,5.3,0.0,7150.0,1000.0
Samul,Baudet,F,303.0,,CEDAREDGE,CO,81413.0,M,,35000.0,,0.0,0.0,0.0
Kazuko,Bassett,F,425.0,,EVERETT,,98208.0,M,Y,85000.0,,0.0,0.0,0.0
Viiveke,Jimbo,F,302.0,,SEAFORD,DE,,,,35000.0,,110.0,0.0,110.0
,,M,605.0,,VIBORG,SD,57070.0,M,,90000.0,,0.0,0.0,
Sudhanshu,Griwodz,F,939.0,,YABUCOA,PR,767.0,S,,55000.0,,0.0,0.0,0.0
Christelle,Grob,F,208.0,919-3232,KOOTENAI,ID,83840.0,,Y,25000.0,7.8,0.0,6600.0,3300.0
,,M,787.0,,LUQUILLO,PR,773.0,,N,50000.0,,,0.0,
Marina,Koutny,F,228.0,,,,,S,Y,5000.0,3.0,6000.0,,1500.0
Mokhtar,Morvan,F,,267-8060,SWEET HOME,,97386.0,M,N,20000.0,9.0,,,0.0
,Wischnewsky,F,,596-3968,MONTEVIEW,ID,83435.0,,,25000.0,7.8,0.0,6600.0,3300.0
,Preteux,,,347-7215,VIRGINIA BEACH,VA,23465.0,M,N,15000.0,5.214286,,,
Shalom,,F,503.0,948-5140,O BRIEN,OR,97534.0,,,75000.0,9.0,,318.0,159.0
,Lapez,M,857.0,,BRANT ROCK,,,S,Y,100000.0,5.3,3575.0,,
,,M,605.0,,OWANKA,SD,57767.0,,,75000.0,,,0.0,
Naveena,,F,808.0,957-9816,KAILUA,,96734.0,,Y,30000.0,6.447368,0.0,2080.0,1040.0
Couto,,,571.0,778-3912,CHESAPEAKE,VA,23326.0,M,N,30000.0,5.75,0.0,1800.0,0.0
Zorica,Wrigley,F,,578-6313,SALT LAKE CITY,UT,84113.0,,N,35000.0,7.0,0.0,4950.0,0.0
,Ilgun,M,308.0,,BOELUS,,,S,Y,45000.0,,103.0,0.0,
,Schrooten,,319.0,,DES MOINES,,50319.0,S,Y,25000.0,4.0235424,,,
,Backer,M,207.0,,PERRY,,,,Y,95000.0,,2850.0,0.0,
,Iida,M,479.0,199-3663,VIOLET HILL,AR,72584.0,M,,90000.0,7.0,0.0,40.0,
,,M,787.0,,OROCOVIS,PR,720.0,,Y,90000.0,,0.0,0.0,
Shafi,,F,601.0,,KILMICHAEL,MS,,,,50000.0,,6000.0,0.0,0.0
,Drenick,M,430.0,,AUSTIN,TX,78798.0,S,Y,70000.0,,0.0,0.0,
,,M,817.0,,ABILENE,TX,79604.0,S,N,95000.0,,,0.0,
,Felger,,908.0,982-6170,,NJ,8733.0,M,N,75000.0,2.267396,0.0,2000.0,
Gio,Batzoglou,F,870.0,,,AR,,S,N,10000.0,,20.0,0.0,0.0
Jovisa,Kalafatis,F,318.0,,SHREVEPORT,,,S,Y,95000.0,,4500.0,0.0,1000.0
,Bryce,,860.0,794-6224,NORWALK,CT,6856.0,,,55000.0,5.0,0.0,24500.0,
,Holcombe,M,907.0,,ANCHORAGE,AK,99524.0,M,N,10000.0,,0.0,0.0,
Shintaro,,F,801.0,,TOQUERVILLE,UT,,S,,75000.0,,2475.0,0.0,2475.0
Raminder,Deminet,,260.0,651-7018,,IN,46517.0,M,,35000.0,3.4,0.0,2000.0,0.0
Kostoula,Ural,F,856.0,,,,,S,Y,90000.0,,1000.0,0.0,1500.0
Sedat,Spong,,304.0,,KEARNEYSVILLE,WV,25430.0,,,70000.0,6.5,,,0.0
Jorge,,F,714.0,,FAWNSKIN,,92333.0,S,Y,65000.0,,,0.0,272.0
Zarka,,F,808.0,,KAILUA KONA,HI,,,N,55000.0,,1040.0,0.0,0.0
,Nanard,,952.0,941-5885,ELKO NEW MARKET,,55054.0,M,Y,10000.0,5.35,,,
,,M,603.0,,CORNISH,,3745.0,S,N,30000.0,,0.0,0.0,
,Hagmann,M,304.0,,VALLEY HEAD,WV,,S,,90000.0,,2000.0,0.0,
Peikun,Gabrielides,F,401.0,,BRISTOL,,2809.0,M,Y,45000.0,,0.0,0.0,0.0
,Castellanos,M,251.0,,KANSAS,AL,,,N,75000.0,,1500.0,0.0,
,D'Auria,M,478.0,,DECATUR,GA,,S,N,40000.0,,2700.0,0.0,
Waleed,Suri,F,,636-3034,,ND,58733.0,M,,5000.0,2.1,,,0.0
Stamatina,Kirkgoze,,,606-6321,SCANDIA,MN,55073.0,,,25000.0,5.5895944,0.0,,0.0
Liz,Edmondson,F,216.0,,,,,S,Y,50000.0,,1300.0,0.0,1300.0
Johann,Scalabrin,,859.0,,CANE VALLEY,,42720.0,S,N,60000.0,5.166667,,,0.0
,,M,828.0,,KINSTON,,,,Y,100000.0,,3300.0,0.0,
Grigori,Wuytack,F,401.0,,WARWICK,RI,2886.0,M,Y,85000.0,,0.0,0.0,0.0
Songjie,Spinrad,F,,285-4013,COMANCHE,OK,73529.0,M,,60000.0,6.25,,,0.0
,Levenshtein,,,544-3117,LIVONIA,MI,48152.0,,,30000.0,3.9,0.0,,
,Doi,M,,352-6938,CULBERTSON,MT,59218.0,M,Y,40000.0,6.9,0.0,3800.0,
,Reck,,,592-7995,MANCHESTER CENTER,VT,5255.0,,Y,100000.0,4.994672,,,
,Furedi,M,307.0,,BOSLER,WY,82051.0,M,Y,95000.0,,0.0,0.0,
Yunqi,Panagopoulou,F,925.0,,DOWNEY,CA,90242.0,S,N,70000.0,9.3,,,0.0
Emanuela,,F,702.0,,LAS VEGAS,NV,89173.0,,N,20000.0,,,0.0,0.0
Tesuya,Ciardo,F,225.0,782-2606,,LA,70527.0,M,,5000.0,2.0,0.0,9000.0,1000.0
Zeki,Keefer,F,,439-8999,KINGSTON,MO,64650.0,,Y,10000.0,6.0,0.0,4200.0,1200.0
,Purvy,M,208.0,,IONA,ID,83427.0,,N,55000.0,7.8,,,
,,M,803.0,,SENECA,SC,,,N,90000.0,,3300.0,0.0,
,Mittelstras,M,,366-8206,RUSSELLVILLE,AR,72811.0,,,80000.0,7.0,,,
,Medvidovic,M,310.0,,SACRAMENTO,CA,95860.0,,,20000.0,4.2297716,,,
,Wahba,M,253.0,,SEATTLE,,98171.0,,N,95000.0,,0.0,0.0,
,Caneghem,,845.0,,BROOKLYN,NY,11218.0,S,N,90000.0,,0.0,0.0,
,,,502.0,181-2294,LOUISVILLE,KY,40292.0,,,100000.0,6.0,0.0,40.0,
Karlis,Fanty,,,299-6239,,,47970.0,M,Y,60000.0,3.4,0.0,2000.0,1000.0
Joe,Raalte,,205.0,,UNION SPRINGS,,36089.0,S,Y,65000.0,5.0,,,300.0
Manas,Ballim,F,864.0,,BISHOPVILLE,,,S,N,100000.0,,3300.0,0.0,0.0
,,M,802.0,,,VT,,S,,15000.0,,3300.0,0.0,
Kriengkrai,,F,651.0,,RUSHFORD,,,,N,65000.0,,3300.0,0.0,0.0
Shouji,Panienski,F,307.0,,BUFFALO,WY,82834.0,S,,70000.0,0.0,,,0.0
,,M,775.0,,HENDERSON,NV,89016.0,S,Y,20000.0,,0.0,0.0,
,,M,504.0,,ROANOKE,,70581.0,,Y,80000.0,,,0.0,
,,,757.0,,DULLES,,20103.0,S,Y,35000.0,,,0.0,
Mirela,Flass,F,360.0,,RENTON,,98055.0,,Y,65000.0,,0.0,0.0,0.0
,,F,802.0,,WAITSFIELD,,,S,Y,55000.0,,3300.0,0.0,3300.0
,Susskind,M,208.0,,CARMEN,ID,83462.0,S,N,20000.0,6.948391,,,
,,M,605.0,,PLANKINTON,SD,57368.0,,Y,20000.0,,,0.0,
Goodwin,Ihde,F,860.0,,UNIONVILLE,CT,,S,N,60000.0,,12750.0,0.0,0.0
Toralf,,F,541.0,,PRINEVILLE,OR,97754.0,,,35000.0,,,0.0,159.0
Yiftach,Lubin,F,,509-2390,HONOLULU,HI,96818.0,,,100000.0,8.25,0.0,,1040.0
,Ruget,M,,456-3870,SHONGALOO,LA,71072.0,M,,65000.0,6.0,,,
,Demian,,,377-2398,MILLSBORO,DE,19966.0,,,50000.0,5.268182,0.0,220.0,
Madhukar,,F,563.0,,,,,S,N,15000.0,,40.0,0.0,0.0
,Valkema,,304.0,743-9832,,WV,26033.0,M,N,15000.0,3.35,0.0,4000.0,
Jungho,,F,603.0,,NORTH SUTTON,,3260.0,,Y,50000.0,,0.0,0.0,0.0
Anant,Goes,F,425.0,,DAVENPORT,WA,99122.0,S,Y,60000.0,,0.0,0.0,0.0
Zuoquan,Muckstadt,,276.0,718-8198,WINCHESTER,VA,22603.0,M,N,85000.0,5.75,,,0.0
,Brazdil,M,,581-9517,UMATILLA,OR,97882.0,M,N,30000.0,9.0,0.0,318.0,
Preda,Bakhtari,F,978.0,,GROTON,MA,,S,,100000.0,,3575.0,0.0,0.0
,Tibrook,M,307.0,,CASPER,,82605.0,M,Y,45000.0,,0.0,0.0,
Jingyu,Trivett,F,970.0,,DENVER,,80264.0,S,Y,100000.0,,0.0,0.0,0.0
Wided,Skawa,F,406.0,,BIGHORN,MT,59010.0,S,,35000.0,6.9,,,1900.0
Charmane,,F,602.0,,SCOTTSDALE,AZ,,,Y,85000.0,,2100.0,0.0,2300.0
Sangman,Gersonde,F,918.0,703-6196,MOORELAND,OK,73852.0,,,15000.0,6.25,0.0,2000.0,1000.0
,Klippgen,M,318.0,673-5653,NEW ORLEANS,LA,70145.0,,Y,70000.0,6.0,0.0,,
Sumeet,Capucciati,,260.0,772-6017,,IN,46987.0,M,,95000.0,3.4,0.0,2000.0,1000.0
,,M,501.0,,,AR,71720.0,S,,15000.0,,,0.0,
,Eby,M,304.0,,MOUNT ALTO,WV,,,,45000.0,,2000.0,0.0,
,Lesueur,,267.0,,,PA,19127.0,M,,5000.0,3.07,0.0,,
,Spieker,,334.0,732-1630,ATTALLA,AL,35954.0,M,,25000.0,5.0,,,
,Milidiu,M,308.0,,MC COOL JUNCTION,NE,68401.0,,,10000.0,3.9097095,,,
Sanju,,,601.0,,MC CALL CREEK,MS,39647.0,,,100000.0,,,0.0,0.0
,,M,775.0,,LAS VEGAS,NV,89141.0,,N,50000.0,,0.0,0.0,
Pinaki,Kuchlein,,,287-3664,CLIO,SC,29525.0,M,N,85000.0,7.0,0.0,,0.0
,Viguier,M,406.0,,SHEPHERD,MT,,S,Y,90000.0,,1900.0,0.0,
Shish,,,813.0,,TALLAHASSEE,FL,32306.0,M,,50000.0,,,0.0,0.0
,Mitrou,M,206.0,,FORD,WA,99013.0,M,,95000.0,0.0,,,
Tirtza,,F,701.0,783-3835,,ND,58466.0,M,,5000.0,2.1,0.0,6600.0,0.0
,,,551.0,696-7736,,NJ,7740.0,M,N,80000.0,2.34625,,2000.0,
,,,716.0,,HARRIMAN,NY,10926.0,M,Y,95000.0,,0.0,0.0,
Hon,Haber,F,928.0,,,AZ,,S,N,15000.0,,2100.0,0.0,0.0
Rudy,,,802.0,,,VT,5678.0,S,,40000.0,,,0.0,0.0
Henryk,Wadel,F,,584-5082,WAYLAND,MA,1778.0,M,N,30000.0,5.3,0.0,7150.0,0.0
Themis,,F,785.0,,TOPEKA,KS,,S,,75000.0,,2250.0,0.0,0.0
Maung,Torasso,F,260.0,,,,,S,N,5000.0,,1000.0,0.0,0.0
,Moudini,,862.0,,,,8514.0,S,N,60000.0,2.0308332,,,
,,M,775.0,,LAS VEGAS,NV,89104.0,,,40000.0,,0.0,0.0,
Shangping,,F,510.0,,,CA,,S,,5000.0,,87.0,0.0,0.0
Kousha,Lippok,F,318.0,154-2948,CENTERVILLE,,70522.0,M,N,65000.0,6.0,0.0,,0.0
,,F,701.0,,,,,S,Y,45000.0,,3300.0,0.0,3300.0
Tomoki,,F,816.0,,SAINT LOUIS,MO,,,,90000.0,,2100.0,0.0,0.0
Slobodan,Rouch,,262.0,247-5351,KENNAN,WI,54537.0,,,30000.0,4.967658,,,0.0
,Gide,M,339.0,,OCEAN BLUFF,MA,,,Y,40000.0,,3575.0,0.0,
Sangwook,,F,603.0,,,NH,3220.0,S,,30000.0,,0.0,0.0,0.0
,Rettinger,,,475-4606,DUBLIN,,38739.0,M,N,60000.0,5.0,,,
,,M,843.0,,SALTERS,SC,,,,95000.0,,3300.0,0.0,
,Pacheco,,423.0,,CLINTON,TN,37716.0,S,N,35000.0,0.0,,,
,Raschia,M,,570-3352,KARLSTAD,,56732.0,,N,55000.0,7.1904483,,,
,Evans,M,402.0,,LINCOLN,NE,,,N,50000.0,,103.0,0.0,
,,M,830.0,,SAN ANTONIO,TX,78220.0,,Y,30000.0,,,0.0,
,Suraj,,,290-5444,GRAND MOUND,IA,52751.0,M,Y,95000.0,8.98,,,
,,,802.0,,NORTH MONTPELIER,VT,5666.0,,Y,95000.0,,,0.0,3300.0
,,F,505.0,183-7028,CORRALES,NM,87048.0,M,,45000.0,5.3,,6600.0,3300.0
,Louie,M,419.0,,,OH,,S,Y,,0.712,1300.0,,
Borko,Forget,F,862.0,,,NJ,,S,Y,,,1000.0,0.0,1500.0
,,,731.0,,SHELBYVILLE,TN,37162.0,M,N,20000.0,,,0.0,
,,,802.0,699-7797,ISLAND POND,VT,5846.0,,,95000.0,4.8951945,0.0,6600.0,
Sanjoy,Guetari,,,515-5807,SUMMERTON,SC,29148.0,M,,80000.0,7.0,0.0,6600.0,0.0
,Gevinti,,302.0,719-2133,,DE,19708.0,M,Y,25000.0,3.5636363,0.0,220.0,
Bryant,Eilenberg,F,440.0,,,OH,,S,Y,35000.0,,1300.0,0.0,1300.0
Nourredine,Collinson,,,630-3132,GREENWOOD,,29646.0,M,N,70000.0,7.0,0.0,6600.0,0.0
,Sylor,M,870.0,,,AR,72015.0,S,,15000.0,3.773037,,,
,Baya,M,406.0,,INGOMAR,MT,,,Y,20000.0,,1900.0,0.0,
Wenceslas,Natrajan,,973.0,,,NJ,7039.0,S,,15000.0,1.4,,,1500.0
,,M,603.0,,NEWTON,NH,3858.0,,Y,75000.0,,,0.0,
Brenda,,F,605.0,,REVILLO,SD,57259.0,,Y,45000.0,,0.0,0.0,0.0
Krista,,F,503.0,819-7337,HAMMOND,,97121.0,M,Y,30000.0,9.0,0.0,318.0,159.0
,Araki,,,286-9859,RICHMOND,VA,23298.0,,Y,85000.0,5.75,0.0,1800.0,
,Meyer,M,402.0,765-8338,ELM CREEK,NE,68836.0,M,N,60000.0,6.84,,,
Akemi,,,717.0,,,PA,15697.0,S,Y,95000.0,,0.0,0.0,0.0
,,M,701.0,,,ND,,S,N,10000.0,,3300.0,0.0,
,Levasseur,M,262.0,,DEERFIELD,,,S,Y,100000.0,6.183918,700.0,,
Lei,Clemm,F,325.0,,FORT WORTH,,76112.0,M,N,,,0.0,0.0,0.0
Kolar,Raschia,,302.0,,FENWICK ISLAND,,19944.0,S,Y,,4.927273,,,110.0
Krysia,,F,605.0,,SCENIC,,57780.0,,N,,,0.0,0.0,0.0
Yongfei,,F,603.0,,SUNCOOK,NH,3275.0,S,,,,,0.0,0.0
Naohisa,,F,505.0,,ALBUQUERQUE,,,S,N,,,3300.0,0.0,0.0
Smita,Grundmann,F,307.0,,VETERAN,WY,82243.0,S,,,,0.0,0.0,0.0
,Lakshmanan,M,435.0,696-8635,PLEASANT GROVE,UT,84062.0,,N,80000.0,7.0,0.0,,
Toshio,Wiggers,F,216.0,,,OH,,S,,,,1300.0,0.0,1300.0
Dahlia,Lacoste,F,870.0,,ONEIDA,AR,,,Y,,7.0,20.0,,20.0
Cristinel,,F,505.0,916-1594,CAPITAN,NM,88316.0,M,N,75000.0,5.3,0.0,6600.0,0.0
Michun,Antao,F,,499-3989,SALT LAKE CITY,,84119.0,,Y,40000.0,7.0,0.0,4950.0,2475.0
Pradip,Ahrweiler,F,228.0,,GREENVILLE,MS,,S,,,,6000.0,0.0,0.0
Bonggi,Wolfe,F,253.0,,GIG HARBOR,WA,98329.0,M,N,,,0.0,0.0,0.0
,Noakes,M,320.0,,BATTLE LAKE,MN,56515.0,S,Y,,7.85,,,
,Zlatev,M,912.0,,CLARKDALE,GA,,S,,,,2700.0,0.0,
,,M,520.0,,,AZ,,S,Y,,,2100.0,0.0,
Yusuke,,F,703.0,,MEREDITHVILLE,VA,,,N,,,900.0,0.0,0.0
,,M,505.0,699-3787,,NM,87579.0,M,Y,10000.0,3.2428572,0.0,6600.0,
Ehud,Vickson,,404.0,869-2799,UPATOI,GA,31829.0,M,Y,65000.0,6.0,0.0,5400.0,3000.0
,,M,603.0,,HAVERHILL,NH,3765.0,S,N,,,0.0,0.0,
,Wothke,,,479-6085,BEECH ISLAND,SC,29842.0,M,,90000.0,7.0,0.0,6600.0,
,Westra,M,401.0,,FISKEVILLE,,2823.0,S,N,,,0.0,0.0,
Zhiyi,,F,732.0,,,NJ,,S,N,,,1000.0,0.0,0.0
Sudeshna,Shihab,,,507-6252,GLEN WHITE,WV,25849.0,M,,75000.0,6.5,,,2000.0
Amelia,Summers,,865.0,,KNOXVILLE,TN,37940.0,,Y,,0.0,,,0.0
Haijo,Tyszberowicz,,859.0,720-6882,,KY,42333.0,M,N,35000.0,3.7777777,0.0,40.0,0.0
Jodi,,F,505.0,,RINCON,,,,N,,,3300.0,0.0,0.0
,Marsden,F,,318-1459,DONNELLY,ID,83615.0,M,,15000.0,5.529042,0.0,,3300.0
Tiziano,,,609.0,803-7501,,NJ,7608.0,M,,50000.0,1.873125,,2000.0,0.0
,,M,603.0,,MILTON,,3851.0,,Y,,,0.0,0.0,
,Billingsley,,901.0,,BUMPUS MILLS,,37028.0,M,N,,,0.0,0.0,
,Milosevic,,,318-3621,MOUNT AIRY,NC,27030.0,,Y,80000.0,7.410839,,,3300.0
Matthey,Slaats,F,303.0,,RYE,,81069.0,,N,,4.63,,,0.0
,,M,701.0,,,ND,,S,,,,3300.0,0.0,
,Mitomo,M,907.0,,JUNEAU,,99811.0,,N,,0.0,,,
,Freundlich,M,907.0,,CIRCLE,AK,99733.0,M,Y,,,0.0,0.0,
,Stanney,,912.0,,WALESKA,,30183.0,S,Y,,6.0,,,
Chatschik,,,563.0,763-1062,MARATHON,IA,50565.0,,N,40000.0,6.339211,,80.0,0.0
Toshimasa,,F,626.0,879-2504,MODESTO,CA,95351.0,,,40000.0,8.951314,,174.0,0.0
,Scholten,,203.0,681-3158,GALES FERRY,CT,6335.0,M,N,65000.0,5.0,,,
,Mosedale,M,401.0,,PROVIDENCE,RI,2912.0,,N,,0.0,,,
Jeroen,Menhoudj,,434.0,,RAPPAHANNOCK ACADEMY,,22538.0,,N,,5.75,,,0.0
,Pehl,M,405.0,,TULSA,,74149.0,S,Y,,6.25,,,
Jianyang,,,516.0,,ELMHURST,,11373.0,M,Y,,,0.0,0.0,1000.0
,,M,702.0,,ELKO,,89801.0,S,N,,,,0.0,
,,,616.0,,HOLT,,48842.0,,N,,,,0.0,
,Fahringer,,850.0,,CAPE CORAL,,33991.0,S,Y,,,0.0,0.0,
,Lieberherr,M,406.0,,BLACK EAGLE,MT,,S,N,,6.9,1900.0,,
,,M,541.0,948-1658,GILCHRIST,OR,97737.0,M,,95000.0,9.0,0.0,318.0,
Ronaldo,Hemenway,F,406.0,831-9647,SACO,MT,59261.0,,,60000.0,6.9,0.0,3800.0,1900.0
,Prabhakar,M,253.0,,CAMAS,WA,98607.0,S,,,0.0,,,
,,M,818.0,,,CA,,S,Y,,,87.0,0.0,
,,M,605.0,,GARDEN CITY,SD,57236.0,M,Y,,,0.0,0.0,
Liangjie,Lowry,F,939.0,,SAN JUAN,,916.0,,N,,0.0,0.0,,0.0
,Ohhara,M,970.0,,FORT COLLINS,CO,80553.0,M,,,4.63,,,
Klichiro,,F,605.0,,KYLE,,57752.0,,N,,,0.0,0.0,0.0
Jozef,Jarvinen,F,907.0,,GALENA,,99741.0,M,N,,,0.0,0.0,0.0
,,,803.0,,FAIRFAX,SC,29827.0,S,Y,,,,0.0,3300.0
,,M,502.0,,,KY,,S,,,,20.0,0.0,
,Zisman,,920.0,666-4626,MOUNT HOREB,WI,53572.0,,N,80000.0,5.836415,0.0,1400.0,
Avinash,,F,808.0,,,HI,,S,Y,,,1040.0,0.0,1040.0
,,M,785.0,,,KS,,S,,,,2250.0,0.0,
,Dasu,M,406.0,,MARION,MT,,,,,,1900.0,0.0,
,Biedassek,M,425.0,,,WA,,M,,,,0.0,0.0,
,Edmondson,M,207.0,,RANGELEY,ME,,,N,,,2850.0,0.0,
,Haugan,M,,422-9318,MANHATTAN,,,,N,75000.0,6.9,0.0,3800.0,
Fumiya,,,786.0,,,FL,32591.0,S,Y,,,,0.0,0.0
Wenjin,,F,787.0,,,PR,,M,,,,0.0,0.0,0.0
,Strandh,,,521-9615,ELKHORN,WI,53121.0,M,N,20000.0,4.7939067,,,
Ilja,Koldinger,F,907.0,,,AK,,S,Y,,0.0,0.0,,0.0
,Brummer,M,,324-1889,,,,M,N,95000.0,2.5828125,0.0,2000.0,
Billur,,F,608.0,,MILWAUKEE,WI,,,N,,,700.0,0.0,0.0
Subodh,Khedr,F,336.0,,WILMINGTON,NC,,S,,,,3300.0,0.0,0.0
Vilas,Rousu,,203.0,176-5498,NORWALK,CT,6850.0,,,95000.0,5.0,,,0.0
,,M,541.0,777-5032,ADEL,,,M,Y,80000.0,9.0,0.0,318.0,
Kaihiro,Vauclair,F,,519-3902,MEDFORD,,97504.0,,N,5000.0,7.4102564,0.0,318.0,0.0
,,M,541.0,,LYONS,OR,,,Y,,,159.0,0.0,
,Lahner,M,435.0,150-8924,SIGURD,,84657.0,M,Y,20000.0,7.0,0.0,,
,,,770.0,,ATLANTA,GA,30311.0,S,N,,,,0.0,
,Brotman,M,425.0,,,,98021.0,S,N,,,0.0,0.0,
Peer,,,615.0,,,,37056.0,S,Y,,,,0.0,0.0
Shaunak,Canet,F,,311-3371,OMAHA,NE,68102.0,,,40000.0,6.84,0.0,206.0,103.0
Jock,Gold,,304.0,159-8744,,,25515.0,M,N,5000.0,3.0,0.0,4000.0,0.0
,,,706.0,,SHANNON,GA,30172.0,S,N,,,,0.0,
,Pocchiola,M,,512-4354,CLAYTON,,88415.0,M,N,25000.0,5.3,,,
,,M,603.0,,,,3813.0,M,N,,,0.0,0.0,
Wilf,,F,517.0,,BROWN CITY,MI,,S,,,,3100.0,0.0,3100.0
Evert,,F,504.0,912-8470,INNIS,LA,70747.0,,Y,65000.0,6.0,0.0,9000.0,1000.0
,Xanthopoulos,M,425.0,,,WA,99157.0,S,,,,0.0,0.0,
Aske,,F,505.0,,ANTHONY,NM,,S,N,,,3300.0,0.0,0.0
,Leeser,M,406.0,846-6924,SHERIDAN,MT,59749.0,M,Y,95000.0,6.9,0.0,,
,Manara,,,374-6886,DURHAM,NC,27703.0,M,Y,65000.0,7.0961537,0.0,,
,,M,815.0,,,IL,,S,,,,2000.0,0.0,
Kok,Srimani,,269.0,659-9530,FARMINGTON,,48335.0,M,N,50000.0,3.9,,,0.0
Nirina,Reid,F,208.0,653-7613,HOPE,,83836.0,,N,40000.0,7.8,,,0.0
,Wansing,M,,553-3732,CAMERON,,74932.0,M,N,30000.0,6.25,0.0,2000.0,
,Musen,,304.0,250-5193,HUNTINGTON,WV,25706.0,,Y,100000.0,6.5,,,
Dinah,,F,701.0,,,ND,,S,N,,,3300.0,0.0,0.0
Henrietta,,F,787.0,,,PR,979.0,S,N,,,,0.0,0.0
,Joobbani,M,202.0,,WASHINGTON,,,S,Y,,,1370.0,0.0,
,Castro,M,,429-3372,SIMPSON,,,M,N,60000.0,6.0,0.0,9000.0,
,,M,571.0,,BIRDSNEST,VA,,S,N,,,900.0,0.0,
Carolina,Reutenauer,,229.0,,AUGUSTA,GA,30914.0,S,Y,,6.0,,,3000.0
Ejan,,F,585.0,,MADRID,NY,,,N,,,0.0,0.0,0.0
Oukseh,Sandkuhl,F,956.0,,,,77563.0,M,Y,,0.0,,,0.0
Amitavo,Reutenauer,,419.0,886-5042,,OH,44431.0,M,N,35000.0,1.7078462,,,0.0
,Atchley,M,864.0,648-4660,PENDLETON,,,,Y,80000.0,7.0,0.0,6600.0,
,,M,662.0,167-9226,DUBLIN,MS,,M,Y,20000.0,5.0,0.0,12000.0,
,,,517.0,,CLAWSON,MI,48017.0,S,N,,,,0.0,
,Wortmann,,,384-6593,MYRTLE BEACH,,29579.0,,Y,35000.0,7.0,0.0,6600.0,3300.0
Ludwik,Strole,F,907.0,,,,99771.0,S,Y,,0.0,,,0.0
,Otillio,,234.0,,,,45112.0,S,N,,1.3758974,,,
,,F,843.0,,SALLEY,SC,,,Y,,,3300.0,0.0,3300.0
,Hubbers,M,307.0,,,,82601.0,S,N,,,0.0,0.0,
,,M,520.0,996-7969,,,85223.0,M,Y,10000.0,2.87,0.0,4200.0,
,Radecki,,302.0,,MILFORD,,19963.0,,Y,,5.95,,,
Takayoshi,,F,606.0,,,KY,,S,,,,20.0,0.0,20.0
,Picht,M,939.0,,,,919.0,M,N,,0.0,,,
,Bruandet,M,,492-3498,STAPLES,MN,56479.0,M,Y,85000.0,7.85,0.0,6600.0,
Toshihisa,Reiterman,,860.0,,SOUTH WILLINGTON,CT,6265.0,S,,,5.0,,,0.0
Ahish,Balcom,F,316.0,796-4604,WOODSTON,KS,67675.0,M,Y,55000.0,6.45,0.0,4500.0,2250.0
,Pokorny,M,316.0,,,KS,67052.0,S,,,3.5,,,
,,,757.0,649-8490,CLOVER,,24534.0,M,Y,100000.0,5.75,0.0,1800.0,
,,,518.0,,PAUL SMITHS,NY,12970.0,,N,,,0.0,0.0,
Pil,Luksch,F,308.0,,CEDAR CREEK,NE,,S,N,,5.685643,103.0,,0.0
,Cleave,M,307.0,,,WY,82217.0,S,Y,,,0.0,0.0,
Wil,Sutanto,F,,498-7359,ARROW ROCK,MO,65320.0,M,,60000.0,6.0,,,1200.0
,,M,816.0,,ALMA,,,S,N,,,2100.0,0.0,
,,M,787.0,,,,951.0,S,Y,,,0.0,0.0,
Takenao,,F,541.0,214-8267,LORANE,OR,97451.0,,,25000.0,9.0,0.0,318.0,0.0
,Papadias,M,323.0,,LEMOORE,CA,93245.0,,,,8.951314,,,
Vamsee,Kruys,F,859.0,,,KY,,S,,,2.3888888,20.0,,0.0
Sandy,Sarstedt,,302.0,212-2446,HARRINGTON,DE,19952.0,M,,100000.0,5.95,,,110.0
,Newton,M,401.0,,,RI,2921.0,M,,,0.0,,,
,Lampert,,,517-2491,,SC,29692.0,M,Y,5000.0,3.563716,0.0,,
Jaishankar,Keronen,F,304.0,,DUNBAR,,,S,N,,,2000.0,0.0,0.0
,,,828.0,166-6663,HOLLY RIDGE,,28445.0,,Y,65000.0,7.0961537,0.0,6600.0,3300.0
,,,518.0,,EAST ISLIP,,11730.0,M,Y,,,0.0,0.0,
,,M,502.0,,,KY,,S,N,,,20.0,0.0,
Taeko,,F,817.0,,,TX,78602.0,S,,,,0.0,0.0,0.0
,Schain,M,401.0,,,RI,2839.0,S,Y,,0.0,,,
Lorant,Corbi,F,907.0,,,,99520.0,S,N,,,0.0,0.0,0.0
,,M,702.0,,,NV,89178.0,M,,,,0.0,0.0,
,Irland,,,363-2372,LYONS,WI,53148.0,,N,100000.0,6.183918,0.0,1400.0,
Sebastian,,F,787.0,,,PR,950.0,M,,,,,0.0,0.0
,,,717.0,,,,15212.0,S,N,,,0.0,0.0,
Parris,Boersen,,914.0,,LAKEVILLE,,14480.0,,N,,,0.0,0.0,0.0
Wataru,Jayawardene,F,219.0,,,IN,,S,,,,1000.0,0.0,1000.0
Abdel,,F,503.0,,SALEM,OR,,,N,,,159.0,0.0,0.0
Katsuro,Mansouri,F,425.0,,,,98939.0,M,N,,0.0,0.0,,0.0
Huaiyuan,,F,504.0,743-5645,ROBERT,LA,70455.0,,N,65000.0,6.0,0.0,9000.0,0.0
,,M,775.0,,,,89432.0,M,N,,,,0.0,
,Scallan,,404.0,,WARNER ROBINS,GA,31093.0,S,Y,,6.0,,,
Feiling,,F,702.0,,,NV,89077.0,M,Y,,,,0.0,0.0
Vivienne,Petre,F,939.0,,,PR,968.0,S,,,0.0,,,0.0
,,,712.0,742-4945,PRAIRIE CITY,,50228.0,,Y,70000.0,8.98,0.0,80.0,
,Terrel,M,435.0,,PORTAGE,UT,,,N,,,2475.0,0.0,
,Traunmuller,M,404.0,,STATESBORO,GA,,S,N,,,2700.0,0.0,
,,,484.0,,,PA,17012.0,S,,,,0.0,0.0,
Steven,Laubscher,F,334.0,,MONTGOMERY,AL,,,,,5.0,1500.0,,300.0
Drago,,,561.0,,,FL,34133.0,S,N,,,,0.0,0.0
,,,802.0,775-8130,POULTNEY,VT,5764.0,,,100000.0,4.994672,0.0,6600.0,3300.0
Kensei,,,484.0,,,,19331.0,S,N,,,0.0,0.0,0.0
,,,601.0,,JACKSON,MS,39203.0,,,,,,0.0,
Rodney,,F,801.0,,DELTA,UT,,S,,,,2475.0,0.0,2475.0
Dahlia,,,804.0,,TEMPERANCEVILLE,VA,23442.0,S,Y,,,,0.0,900.0
,,,571.0,,WINCHESTER,,22604.0,S,Y,,,,0.0,
,Miculan,,205.0,,CASTLEBERRY,AL,36432.0,S,,,5.0,,,
,,M,636.0,,CLEVER,MO,,S,,,,2100.0,0.0,
Elvinia,,F,605.0,,,SD,57642.0,S,Y,,,0.0,0.0,0.0
,Messina,,320.0,,YOUNG AMERICA,,55558.0,S,N,,7.85,,,
Zuliang,Dunlop,F,409.0,,,TX,75105.0,M,N,,,0.0,0.0,0.0
,Dufourd,M,906.0,,SCHOOLCRAFT,MI,,,,,,3100.0,0.0,
Mathias,,,502.0,,CYNTHIANA,,41031.0,S,Y,,,,0.0,20.0
,Kamiyama,,410.0,778-9438,WILLIAMSPORT,,21795.0,M,Y,30000.0,4.75,0.0,4800.0,
Erven,,,704.0,,SOPHIA,NC,27350.0,S,N,,,,0.0,0.0
,Shimotsuji,M,309.0,,,,60018.0,S,N,,3.0,,,
Friedbert,Arz,F,330.0,,,OH,,S,N,,,1300.0,0.0,0.0
Changpeng,Rive,F,939.0,,,PR,614.0,S,N,,0.0,,,0.0
,Rajala,M,907.0,,,AK,99830.0,M,Y,,0.0,,,
,,M,701.0,,,ND,,S,N,,,3300.0,0.0,
,,,706.0,731-2308,ATLANTA,,30387.0,M,Y,50000.0,6.0,0.0,5400.0,
Cecily,Puppo,F,,451-5226,DANVILLE,KS,67036.0,M,N,40000.0,6.45,,,0.0
,,M,787.0,,,PR,969.0,S,N,,,,0.0,
Youngsong,,,571.0,234-6788,LIGNUM,VA,22726.0,,N,45000.0,5.75,,1800.0,0.0
,Kaye,,,532-9204,FOUNTAIN,NC,27829.0,M,Y,10000.0,6.0,0.0,6600.0,
Amitabh,,F,603.0,,,NH,3603.0,M,Y,,,0.0,0.0,0.0
,Karner,M,202.0,715-9719,WASHINGTON,,,M,Y,30000.0,9.0,0.0,2740.0,
,Yuguchi,M,,433-9562,HONOLULU,HI,,,Y,60000.0,8.25,0.0,2080.0,
,Ancilotti,M,,271-1897,,AZ,,M,,10000.0,2.87,0.0,4200.0,
,,M,801.0,770-8873,PROVO,UT,84603.0,,,25000.0,7.0,0.0,4950.0,
,,M,541.0,927-2592,EUGENE,OR,97440.0,M,Y,5000.0,7.4102564,0.0,318.0,
,,,828.0,734-2363,PROVIDENCE,NC,27315.0,,N,45000.0,6.6765733,,6600.0,
Jarek,,,502.0,754-4591,,,40353.0,M,N,25000.0,3.2222223,0.0,40.0,0.0
Jianming,Copperman,F,231.0,,FOWLERVILLE,,,S,Y,,,3100.0,0.0,3100.0
,Hinnebusch,M,870.0,,LYNN,,,,N,,,20.0,0.0,
,Sinderen,M,307.0,,,WY,82643.0,S,N,,0.0,,,
Hirohito,Alsup,F,307.0,,,WY,82221.0,M,N,,,0.0,0.0,0.0
Adi,Gaborit,,,576-1918,,CT,6247.0,M,N,5000.0,3.0,0.0,24500.0,0.0
Jocelyne,Eyrolle,F,405.0,,PERRY,,,,N,,,1000.0,0.0,0.0
Mahfoud,,F,775.0,,,,89169.0,S,Y,,,,0.0,0.0
,,,517.0,,ROYAL OAK,MI,48073.0,,,,,,0.0,
,Lelouche,,,467-3235,CHILTON,,53014.0,M,Y,80000.0,5.836415,0.0,,
Kwan,,F,605.0,,PINE RIDGE,,57770.0,,N,,,0.0,0.0,0.0
,Kusakari,,,290-9947,SIOUX CITY,IA,51106.0,M,N,50000.0,7.8829904,0.0,,
,McCrossin,M,208.0,740-2273,KELLOGG,,83837.0,,N,80000.0,7.8,0.0,,
,Quaggetto,M,351.0,,MILLIS,MA,2054.0,,Y,,5.3,,,
,,,828.0,,COLUMBUS,NC,28722.0,S,,,,,0.0,
Almudena,,,769.0,949-8258,LAUREL,MS,39443.0,,N,35000.0,5.0,0.0,12000.0,0.0
Shari,,F,508.0,899-2294,CANTON,MA,2021.0,M,,15000.0,5.3,,7150.0,1000.0
Ryuji,Uyen,F,971.0,,FOSTER,OR,,S,,,,159.0,0.0,159.0
Isao,Blue,F,,269-9287,BOWLEGS,,,M,Y,45000.0,6.25,0.0,2000.0,1000.0
,Buekenhout,M,,442-9272,,,,M,N,5000.0,3.0,0.0,24500.0,
,,M,603.0,,LYME,,3768.0,,Y,,,,0.0,
,,M,520.0,,,AZ,,S,,,,2100.0,0.0,
,,M,603.0,,,NH,,M,,,,0.0,0.0,
,Begole,M,301.0,840-2439,POINT OF ROCKS,MD,,,,75000.0,4.75,0.0,4800.0,
Misako,,F,775.0,,LAS VEGAS,,89153.0,,Y,,,,0.0,0.0
,Koubarakis,M,870.0,,,,,S,Y,,3.773037,20.0,,
Yokomori,,F,818.0,169-4965,DENAIR,CA,,M,,45000.0,9.3,0.0,174.0,272.0
Ashutosh,,F,804.0,,GREENBACKVILLE,VA,,S,N,,,900.0,0.0,0.0
Grigori,McCormick,F,907.0,,EGEGIK,AK,,S,Y,,0.0,0.0,,0.0
,Leece,,304.0,229-9959,SHENANDOAH JUNCTION,,25442.0,M,Y,35000.0,4.75,0.0,,
,Kadesch,M,229.0,,ARNOLDSVILLE,,,S,Y,,,2700.0,0.0,
Adrain,,,574.0,,,IN,46256.0,S,Y,,,,0.0,1000.0
,Kaklamani,M,408.0,725-2643,WALNUT GROVE,CA,,M,N,25000.0,5.410157,0.0,174.0,
Jinhai,Millington,,931.0,,CULLEOKA,,38451.0,S,N,,0.0,,,0.0
,Niemeier,,215.0,,,PA,16694.0,S,N,,3.07,,,
,,M,484.0,,,PA,,M,Y,,,0.0,0.0,
Avijit,Poor,F,907.0,,KOTZEBUE,AK,99752.0,,Y,,0.0,,,0.0
Hiroyoshi,Simos,F,916.0,,BERKELEY,CA,94705.0,S,N,,9.3,,,0.0
,Dupre,M,,393-4604,,,,M,N,45000.0,3.4,0.0,2000.0,
Ward,Zingaretti,F,906.0,,COLUMBIAVILLE,MI,,S,,,,3100.0,0.0,0.0
,Hofstetter,M,307.0,,,,,S,Y,,,0.0,0.0,
Muthu,Marinescu,F,260.0,,,,,S,Y,,3.4,1000.0,,1000.0
,Goradia,M,234.0,,,,,S,N,,,1300.0,0.0,
,Schrott,,404.0,,THOMASTON,GA,30286.0,S,N,,6.0,,,
,Schizas,,,548-8587,CLEMONS,IA,50051.0,M,N,30000.0,4.795432,,,
,Khasidashvili,M,,534-9509,MORGANTOWN,WV,,,N,100000.0,6.5,0.0,4000.0,
,,M,605.0,,GRENVILLE,,57239.0,M,N,,,,0.0,
Paulette,Amrhein,F,308.0,,MASKELL,,,,N,,,103.0,0.0,0.0
Steffen,Hohberg,F,208.0,,ATHOL,ID,,S,,,,3300.0,0.0,0.0
Ruslan,Lohberger,F,305.0,,LAWTEY,FL,,,,,0.0,0.0,,0.0
,,M,606.0,,BEATTYVILLE,KY,,S,,,,20.0,0.0,
Toshiyuki,,F,702.0,,RENO,NV,,,,,,0.0,0.0,0.0
Juregn,Waleschkowski,F,406.0,670-6786,HAMILTON,,,M,N,10000.0,4.916379,0.0,3800.0,0.0
,,M,623.0,,TUCSON,AZ,,S,,,,2100.0,0.0,
Yeow,,F,603.0,,PORTSMOUTH,NH,,,,,,0.0,0.0,0.0
Yeow,,F,631.0,,BROOKLYN,NY,,S,,,,0.0,0.0,1000.0
,Bullock,M,401.0,,,,,M,N,,,0.0,0.0,
,Wender,M,,590-7445,MINNEAPOLIS,MN,,,N,50000.0,6.9236393,0.0,6600.0,
,,M,605.0,,,SD,,M,,,,0.0,0.0,
Gennady,,F,732.0,,,NJ,,S,Y,,,1000.0,0.0,1500.0
,Rollinson,M,339.0,,AUBURNDALE,MA,2466.0,S,N,,5.3,,,
Wallace,Poujoulat,F,308.0,,WALTON,NE,68461.0,S,,,6.84,,,103.0
Myra,Moghrabi,F,406.0,915-8247,FLOWEREE,,59440.0,M,Y,50000.0,6.9,,,1900.0
,Barthelemy,M,,574-5949,BIG TIMBER,MT,,M,,55000.0,6.9,0.0,3800.0,
Shaul,Ohtsu,,229.0,,JESUP,GA,31546.0,,,,6.0,,,3000.0
,Regin,,,277-5306,BARTOW,,30413.0,M,Y,60000.0,6.0,,,
,Abramov,M,,303-3895,,KY,,M,,10000.0,2.3888888,0.0,40.0,
,Salvesen,,,622-7169,KINGSTON,WI,53939.0,,,80000.0,5.836415,,,
Dallas,Dssouli,F,435.0,735-3495,GARRISON,UT,,M,N,45000.0,7.0,0.0,4950.0,0.0
,,F,701.0,,,,,S,Y,,,3300.0,0.0,3300.0
Bitan,Comyn,F,939.0,,CATANO,PR,,S,N,,,0.0,0.0,0.0
Shin,,F,623.0,,,AZ,85334.0,S,,,,,0.0,2300.0
Tooru,Narendra,,202.0,,WASHINGTON,DC,20578.0,S,,,9.0,,,1370.0
,Forouraghi,M,,294-2672,CHARLOTTE,NC,,M,,40000.0,6.571678,0.0,6600.0,
Rutger,Plessier,,,621-1652,,OH,43603.0,M,,60000.0,2.537718,,,1300.0
Sunghyun,Vaananen,F,479.0,,LITTLE ROCK,AR,,,,,,20.0,0.0,0.0
,Pineo,,207.0,923-6695,CARATUNK,ME,4925.0,M,,25000.0,8.5,,,
Zvezdan,Bina,F,,500-3929,,HI,,M,N,10000.0,2.8421054,0.0,2080.0,0.0
Felex,Stenstrom,,215.0,,,PA,19194.0,M,N,,3.07,,,0.0
,Abeysinghe,M,304.0,215-7361,WALLBACK,,,M,N,70000.0,6.5,0.0,4000.0,
,Brazell,M,303.0,,GREELEY,CO,,M,Y,,,0.0,0.0,
,Wilk,M,202.0,,WASHINGTON,,,S,Y,,,1370.0,0.0,
Nandyala,Epstein,F,318.0,872-9887,SPRINGHILL,,,M,N,50000.0,6.0,0.0,9000.0,0.0
,Harbison,M,859.0,,,KY,,S,,,,20.0,0.0,
,Landvogt,M,425.0,,,,,S,N,,0.0,0.0,,
,,M,812.0,259-8527,,IN,,M,Y,60000.0,3.4,0.0,2000.0,
,,M,740.0,945-3896,,OH,,M,N,75000.0,3.0356412,0.0,2600.0,
Nechama,Vauttier,F,302.0,984-3292,SAINT GEORGES,,,,Y,100000.0,5.95,0.0,220.0,110.0
,Brlek,M,,279-4899,,IL,,M,Y,5000.0,3.0,0.0,4000.0,
,Esposito,M,,469-1567,PINETOWN,NC,,,,100000.0,7.8304195,0.0,6600.0,
Suzanne,,F,801.0,,MONUMENT VALLEY,UT,,,,,,2475.0,0.0,0.0
,,M,808.0,,HONOLULU,HI,,,Y,,,1040.0,0.0,
Jeroen,Beshers,F,314.0,133-8009,KANSAS CITY,,,,N,95000.0,6.0,0.0,4200.0,0.0
,Slahor,,443.0,,ANNAPOLIS,,21409.0,S,Y,,4.75,,,
,,M,517.0,,PERRY,MI,,,,,,3100.0,0.0,
,Rask,M,253.0,,,WA,99338.0,M,N,,0.0,,,
,,M,651.0,844-2433,STRANDQUIST,MN,,M,,20000.0,5.35,0.0,6600.0,
,,M,505.0,187-4185,LAS CRUCES,,,,N,55000.0,5.3,0.0,6600.0,
,,M,775.0,,,NV,,S,,,,0.0,0.0,
,Sweller,M,337.0,,MITTIE,LA,70654.0,,N,,6.0,,,
,,M,504.0,,ALEXANDRIA,LA,,S,N,,,4500.0,0.0,
,,M,831.0,,MOJAVE,CA,,,,,,87.0,0.0,
Felex,Beylin,F,870.0,752-8726,WINSLOW,AR,,M,N,90000.0,7.0,0.0,40.0,0.0
Adina,Paludetto,F,870.0,,,AR,71656.0,S,Y,,3.773037,,,20.0
,Janowski,M,203.0,,HADDAM,CT,,S,Y,,,12750.0,0.0,
Kimio,,F,630.0,,,,,S,Y,,,2000.0,0.0,2000.0
,Quiles,M,206.0,,,,99337.0,S,Y,,0.0,,,
,Vasconcelos,M,401.0,,,RI,,M,N,,,0.0,0.0,
Samar,Steinauer,,931.0,,,TN,38361.0,S,,,0.0,,,0.0
,Viele,M,,601-8419,,NJ,,M,,85000.0,2.4251041,0.0,2000.0,
Nawaaz,Bergamini,F,,572-1061,,,,M,Y,75000.0,3.4,0.0,2000.0,1000.0
Felisa,Coggins,F,,349-4941,SAUCIER,MS,,,Y,35000.0,5.0,0.0,12000.0,1500.0
Yannik,Howkins,F,318.0,,NOBLE,LA,,,,,,4500.0,0.0,1000.0
,Middeldorp,M,978.0,,BOXBOROUGH,MA,1719.0,S,N,,5.3,,,
,Galdes,M,,629-7138,,OH,,M,Y,50000.0,2.2057693,0.0,2600.0,
Katarina,Barnhill,F,,588-4847,,,,M,Y,75000.0,2.267396,0.0,2000.0,1500.0
Zhang,Stiliadis,,,291-3713,NORTHFIELD,CT,6778.0,,Y,95000.0,5.0,,,0.0
Pawan,Petry,F,401.0,,,,2888.0,S,Y,,0.0,,,0.0
,,M,831.0,717-5936,DALY CITY,,,M,Y,50000.0,9.3,0.0,174.0,
Tomi,,F,636.0,,LAURIE,MO,,,,,,2100.0,0.0,0.0
,Kolaitis,M,862.0,,,NJ,,S,,,1.4,1000.0,,
,,M,503.0,,FLORENCE,OR,,S,,,,159.0,0.0,
,Herlihy,M,,626-9197,,,,M,N,5000.0,3.0,0.0,24500.0,
Yoshifumi,Talmon,F,207.0,,TOPSHAM,ME,,S,N,,,2850.0,0.0,0.0
Ngoc,Hiyoshi,F,304.0,182-8665,,,,M,Y,5000.0,3.0,0.0,4000.0,2000.0
,Borgstrom,M,334.0,688-2486,MONTEVALLO,AL,,,Y,40000.0,5.0,0.0,3000.0,
,,M,605.0,,,SD,,M,N,,,0.0,0.0,
Olympia,Farrens,F,480.0,,,,,S,Y,,,2100.0,0.0,2300.0
Constantine,Filipponi,F,260.0,958-6015,,IN,,M,Y,40000.0,3.4,0.0,2000.0,1000.0
Sumeer,Lisonek,F,206.0,,,WA,,M,,,0.0,0.0,,0.0
,Waldschmidt,M,304.0,812-8500,AUBURN,WV,,M,,85000.0,6.5,0.0,4000.0,
Quang,Antonisse,F,907.0,,,AK,,S,,,,0.0,0.0,0.0
,Kruiskamp,M,406.0,,ENNIS,MT,,S,,,6.9,1900.0,,
Errol,Sramek,F,,542-6850,,AZ,85253.0,M,Y,60000.0,3.645,,,2300.0
Xingwei,,F,603.0,,,NH,,M,,,,0.0,0.0,0.0
Jungho,,F,540.0,916-6012,COLONIAL BEACH,,,M,N,75000.0,5.75,0.0,1800.0,0.0
,Nozaki,,,442-1229,MONTPELIER,VT,5620.0,,,80000.0,4.5967627,,,3300.0
Shuuji,,F,808.0,902-3988,NAALEHU,HI,96772.0,,,85000.0,8.25,,2080.0,0.0
,,,724.0,,,PA,15137.0,M,Y,,,,0.0,
,,M,505.0,,JARALES,,,,N,,,3300.0,0.0,
Zhaofang,Stuckle,F,307.0,,,WY,82715.0,S,Y,,0.0,,,0.0
,Lung,M,,639-3045,,IN,,M,Y,55000.0,3.4,0.0,,
Dudley,Klupsz,F,302.0,,MIDDLETOWN,DE,,,Y,,5.95,110.0,,110.0
,Ventura,M,307.0,,,WY,,M,Y,,,0.0,0.0,
Jeanleah,Murdock,,216.0,879-9173,,,43209.0,M,Y,50000.0,2.2057693,,,1300.0
,,M,505.0,,GLADSTONE,NM,,S,,,,3300.0,0.0,
,,M,601.0,,MCCOMB,MS,,,,,,6000.0,0.0,
Yukio,Klevans,F,,505-6903,LE ROY,WV,,,Y,60000.0,6.5,0.0,,2000.0
,,F,505.0,854-7592,CEBOLLA,NM,,M,,100000.0,5.3,0.0,6600.0,3300.0
,,M,530.0,,BERKELEY,,,S,N,,,87.0,0.0,
Sven,Bordawekar,F,430.0,,,TX,,S,,,,0.0,0.0,0.0
Songjie,Goodenday,F,,270-6811,UNION BRIDGE,MD,,M,,80000.0,4.75,0.0,4800.0,2400.0
,,,757.0,,,,23242.0,S,N,,,,0.0,
,Nagafuji,,252.0,662-9582,CREEDMOOR,,27522.0,M,N,70000.0,7.201049,,,
,Grobel,M,304.0,,MORGANTOWN,WV,,,Y,,,2000.0,0.0,
Xiaocong,Kirtane,F,,481-3263,ELIZABETHTOWN,KY,,M,,100000.0,6.0,0.0,,20.0
Gaetano,Sabbagh,,219.0,,,IN,46126.0,S,N,,3.4,,,0.0
,Glanzel,M,208.0,243-8589,TETON,ID,,M,,15000.0,5.529042,0.0,6600.0,
Bredan,Skatulla,F,970.0,,FORT COLLINS,CO,80526.0,S,Y,,4.63,,,0.0
,Kawagoe,M,,513-2182,KINARDS,SC,,,Y,50000.0,7.0,0.0,6600.0,
,Miles,,205.0,,HUNTSVILLE,,35809.0,,N,,5.0,,,
,Dahl,M,302.0,954-8293,,DE,,M,Y,20000.0,3.2227273,0.0,220.0,
,Loewenstein,M,,552-7554,MATTAWAMKEAG,ME,,,N,65000.0,8.5,0.0,,
Ramsey,,F,515.0,,,IA,,S,,,,40.0,0.0,0.0
Friedbert,,F,769.0,,CRENSHAW,MS,,S,N,,,6000.0,0.0,0.0
,Thoresen,M,912.0,,RANGER,GA,,,Y,,,2700.0,0.0,
,Campagnoni,M,423.0,,,TN,,S,Y,,,0.0,0.0,
Guijun,,F,601.0,191-2402,SARAH,MS,,,Y,85000.0,5.0,0.0,12000.0,1500.0
Ellen,,F,601.0,666-2120,BURNSVILLE,MS,,M,Y,65000.0,5.0,0.0,12000.0,1500.0
Arcot,Theel,F,401.0,,,RI,,S,N,,,0.0,0.0,0.0
,Abdat,M,901.0,,,TN,,S,,,,0.0,0.0,
Satyanarayana,Kuiper,F,863.0,,,FL,,M,,,0.0,0.0,,0.0
Paritosh,Wyckoff,F,262.0,908-3128,CLEAR LAKE,,,M,N,45000.0,5.228285,0.0,1400.0,0.0
Arunachalam,VanScheik,F,201.0,844-7375,,NJ,,M,Y,30000.0,1.5577083,0.0,2000.0,1500.0
,,M,603.0,,,NH,,S,N,,,0.0,0.0,
Talia,Seung,,330.0,,,OH,45131.0,S,,,2.8696666,,,1300.0
Yiya,,F,605.0,,,SD,,S,,,,0.0,0.0,0.0
,Laurinolli,M,401.0,,,RI,,S,Y,,0.0,0.0,,
,,M,708.0,,,IL,60061.0,S,N,,,,0.0,
,Hassin,M,307.0,,,WY,,M,N,,,0.0,0.0,
,,M,805.0,663-8397,LA JOLLA,CA,,,,50000.0,9.3,0.0,174.0,
,,M,808.0,848-2070,MILILANI,,,,N,85000.0,8.25,0.0,2080.0,
Iabelle,Sambasivam,,848.0,,,NJ,8003.0,S,N,,2.34625,,,0.0
,Siems,,302.0,232-9076,,DE,19905.0,M,N,15000.0,2.8818183,,,
,,M,808.0,,KAPOLEI,HI,,,,,,1040.0,0.0,
,Shimasaki,,,277-3292,LEWES,DE,19958.0,,,95000.0,5.95,,,
Bir,,F,614.0,,,OH,,S,N,,,1300.0,0.0,0.0
Henke,Lafora,F,206.0,,,WA,,S,Y,,0.0,0.0,,0.0
Lihong,,F,707.0,,,,,S,N,,,87.0,0.0,0.0
,Welker,M,228.0,,COFFEEVILLE,MS,,S,,,,6000.0,0.0,
Donall,Feigelson,F,202.0,,WASHINGTON,DC,,S,N,,,1370.0,0.0,0.0
Vijayaraghavan,Veeraraghavan,F,469.0,,,TX,,S,,,,0.0,0.0,0.0
Warwick,,F,573.0,785-8805,NEW LONDON,MO,,,,60000.0,6.0,0.0,4200.0,1200.0
Fethi,Standera,,256.0,,GEORGIANA,AL,36033.0,S,Y,,5.0,,,300.0
,Favero,M,970.0,,MESA,CO,,,,,,0.0,0.0,
,Cucka,M,,549-6430,WATERVILLE,MN,,M,N,75000.0,7.85,0.0,6600.0,
Gustovo,Baldoni,F,409.0,,,TX,,M,N,,,0.0,0.0,0.0
Kongshi,,F,754.0,,,,,S,Y,,,0.0,0.0,0.0
Niclas,,F,808.0,,HANALEI,,,S,N,,,1040.0,0.0,0.0
Anoop,Weston,F,925.0,,LOS ANGELES,CA,,,Y,,,87.0,0.0,272.0
,Dowden,M,419.0,,,,,S,Y,,,1300.0,0.0,
Vidya,Weistroffer,F,,377-4606,DETROIT LAKES,MN,,M,,15000.0,5.35,0.0,6600.0,0.0
,,M,701.0,,,ND,58750.0,S,,,,,0.0,
Baiju,,F,606.0,,LOUISVILLE,KY,,,Y,,,20.0,0.0,20.0
Hyungjeong,,F,720.0,,DENVER,CO,,M,Y,,,0.0,0.0,0.0
Qin,,F,617.0,,FITCHBURG,MA,,S,,,,3575.0,0.0,0.0
Barinderpal,Kirani,F,404.0,,KENNESAW,GA,,,N,,,2700.0,0.0,0.0
,Ishai,F,208.0,,MEDIMONT,,,,Y,,,3300.0,0.0,3300.0
Djelloul,Iida,F,262.0,,GLEN FLORA,WI,,S,N,,,700.0,0.0,0.0
,Gaubert,M,270.0,,MC DANIELS,KY,,,Y,,,20.0,0.0,
Dhaval,Littlefield,F,308.0,213-6192,DUNCAN,NE,68634.0,M,Y,20000.0,5.685643,0.0,,103.0
,Martella,M,260.0,,,,,S,Y,,3.4,1000.0,,
,,M,580.0,,OKLAHOMA CITY,OK,73162.0,,Y,,,,0.0,
Andra,Bayraktar,F,202.0,,WASHINGTON,DC,,S,N,,,1370.0,0.0,0.0
,,,803.0,,ANDERSON,,29621.0,S,Y,,,,0.0,
,,M,603.0,,,NH,3218.0,M,Y,,,0.0,0.0,
,Barkley,M,,355-4175,MILAN,,56262.0,,N,35000.0,6.1232123,0.0,6600.0,
Seyit,Cassel,F,985.0,919-5173,OAK RIDGE,LA,71264.0,,,20000.0,4.4,0.0,9000.0,1000.0
Moni,,F,605.0,,,,57574.0,M,N,,,,0.0,0.0
Anya,Kading,F,401.0,,,RI,2818.0,S,Y,,,0.0,0.0,0.0
,Conheeney,,912.0,175-5449,COHUTTA,GA,30710.0,M,,95000.0,6.0,0.0,5400.0,
,Bhuyan,M,,462-7199,JOPLIN,,64801.0,,Y,55000.0,6.0,0.0,4200.0,
Bir,Gradek,F,315.0,,NORTH TONAWANDA,NY,,,N,,,0.0,0.0,0.0
Oksana,,F,775.0,,,,,S,N,,,0.0,0.0,0.0
,,M,708.0,,,IL,,S,N,,,2000.0,0.0,
,Pietra,M,,566-9992,SWAN VALLEY,,83449.0,M,Y,60000.0,7.8,,,
Xianlong,Uehara,F,,507-8929,,NJ,,M,,85000.0,2.4251041,0.0,2000.0,0.0
,,F,505.0,768-1872,KIRTLAND AFB,,,,Y,35000.0,5.3,0.0,6600.0,3300.0
Gaetano,Candan,F,906.0,119-4086,ARGYLE,MI,,M,N,5000.0,3.9,0.0,6200.0,0.0
Meenakshi,Pedrotti,F,406.0,,,,59801.0,S,N,,2.3732758,,,0.0
,,M,808.0,,,HI,,S,N,,,1040.0,0.0,
,Flank,M,913.0,227-6991,LEON,KS,67074.0,,,45000.0,6.45,0.0,4500.0,
,,M,509.0,,,,98260.0,M,N,,,,0.0,
,Wenban,,207.0,705-2347,STRATTON,,4982.0,M,N,65000.0,8.5,0.0,5700.0,
,,,803.0,,GARNETT,SC,29922.0,S,,,,,0.0,3300.0
,Etoh,,,533-6651,NEWARK,DE,19702.0,,,80000.0,5.95,0.0,220.0,
Teageun,Nourani,F,,304-9249,,ME,4280.0,M,,5000.0,2.2135036,,,2850.0
,,,502.0,183-8073,MURRAY,KY,42071.0,,,70000.0,5.7222223,,40.0,
,Dangedej,M,307.0,,,WY,82431.0,S,N,,,0.0,0.0,
Akimou,,F,808.0,,LAIE,HI,96762.0,,Y,,,,0.0,1040.0
,,,513.0,770-1867,,OH,43925.0,M,N,45000.0,2.039795,,2600.0,
Hiromichi,,F,503.0,,TURNER,OR,97392.0,S,Y,,,,0.0,159.0
Iwao,Pimm,F,479.0,,LAKE VILLAGE,,71653.0,,N,,7.0,,,0.0
Majid,Ackley,F,970.0,,COLORADO SPRINGS,,80915.0,S,Y,,,0.0,0.0,0.0
,,,585.0,,PUTNAM VALLEY,NY,10579.0,,N,,,0.0,0.0,
,Rengarajan,M,307.0,,,WY,82936.0,S,,,0.0,,,
Agenor,,F,509.0,,,WA,99034.0,S,N,,,0.0,0.0,0.0
Jega,,F,740.0,,,,,S,N,,,1300.0,0.0,0.0
,Apperley,M,939.0,,,,929.0,M,Y,,,0.0,0.0,
Jianhua,,F,505.0,,KENNA,,,,N,,,3300.0,0.0,0.0
,Lovett,,,331-1336,TRUMBULL,CT,6611.0,M,,75000.0,5.0,0.0,,
Jiyu,Vrckovnik,F,401.0,,,,2883.0,M,Y,,,0.0,0.0,0.0
,,M,503.0,648-5534,TROUTDALE,OR,97060.0,M,,50000.0,9.0,0.0,318.0,
Hakjong,,F,620.0,,TOPEKA,KS,,S,N,,,2250.0,0.0,0.0
,Dustdar,M,907.0,,,AK,99829.0,S,Y,,,0.0,0.0,
,Baumker,M,907.0,,,,99652.0,S,N,,,0.0,0.0,
,,M,501.0,,GREENWAY,,,S,Y,,,20.0,0.0,
Nanda,Ciardo,,248.0,785-8033,DEARBORN,,48120.0,M,Y,75000.0,3.9,0.0,6200.0,3100.0
,,,615.0,,,TN,37803.0,S,N,,,,0.0,
Sajid,,F,808.0,979-7993,HONOLULU,HI,96814.0,,,85000.0,8.25,,2080.0,0.0
,,M,787.0,,,PR,908.0,M,,,,0.0,0.0,
,,M,574.0,,,,,S,Y,,,1000.0,0.0,
,Pequeno,M,,455-2255,GOVERNMENT CAMP,,97028.0,M,N,30000.0,9.0,,,
Idoia,Sauder,F,,344-1616,WINCHENDON SPRINGS,MA,1477.0,M,Y,15000.0,5.3,,,1000.0
,Kochskamper,M,,611-8776,CAPROCK,,88213.0,M,Y,50000.0,5.3,0.0,,
Vaagan,Herlea,F,989.0,,REMUS,MI,,,,,,3100.0,0.0,3100.0
Alexius,Nassif,,860.0,,HARTFORD,CT,6176.0,S,N,,5.0,,,0.0
,,M,630.0,,,IL,62927.0,S,,,,,0.0,
,Serbanati,M,307.0,,,WY,82837.0,M,,,0.0,,,
Dayun,,F,678.0,,ATLANTA,GA,,S,Y,,,2700.0,0.0,3000.0
,Lobelle,M,402.0,,LONG PINE,,,,N,,6.84,103.0,,
Jeretta,Reutov,,202.0,,WASHINGTON,,20240.0,S,Y,,5.625,,,1370.0
Willi,,F,785.0,707-7429,TAMPA,KS,67483.0,M,,85000.0,6.45,0.0,4500.0,2250.0
Kokichi,Jumpertz,F,202.0,,WASHINGTON,,,S,Y,,,1370.0,0.0,1370.0
Navdeep,Heinle,,901.0,,,,38188.0,M,N,,,0.0,0.0,0.0
,Simutis,,920.0,732-1036,BLACK RIVER FALLS,WI,54615.0,M,,100000.0,6.183918,,,
,Monderer,,304.0,,POINTS,WV,25437.0,,Y,,5.1000004,,,
Wissal,Katsaggelos,F,862.0,,,NJ,,S,,,,1000.0,0.0,0.0
Yojiro,Cochrane,,202.0,871-8230,WASHINGTON,DC,20226.0,M,,75000.0,9.0,0.0,2740.0,1370.0
,Ilie,M,307.0,,,WY,82201.0,M,Y,,,0.0,0.0,
Ramaswami,Cox,F,,532-8825,DEXTER,OR,97431.0,M,,10000.0,9.0,0.0,318.0,159.0
,,M,601.0,,TOCCOPOLA,,,S,Y,,,6000.0,0.0,
Liuba,Miculan,F,303.0,,DUPONT,,80024.0,S,N,,4.63,,,0.0
Cecile,Sanabria,,202.0,869-4750,WASHINGTON,DC,20013.0,M,Y,65000.0,9.0,,,1370.0
,Mackey,M,,318-7072,,HI,96748.0,M,N,15000.0,3.743421,0.0,,
,Lafond,,980.0,906-4990,BARNARDSVILLE,,28709.0,M,Y,65000.0,7.0961537,0.0,,3300.0
,Brownfield,M,,558-3482,EWA BEACH,,96706.0,M,N,90000.0,8.25,0.0,2080.0,
,Clo,M,401.0,,,RI,2807.0,S,,,,0.0,0.0,
Magid,,F,603.0,,,,3586.0,M,N,,,0.0,0.0,0.0
Eran,Schappert,F,,536-4997,CARDWELL,MT,59721.0,M,Y,60000.0,6.9,,,1900.0
,,M,603.0,,,NH,3038.0,M,,,,0.0,0.0,
Grigore,Prieditis,F,907.0,,,AK,99561.0,M,Y,,0.0,,,0.0
Carin,Ghelli,F,318.0,709-7636,KELLY,LA,71441.0,,N,85000.0,6.0,0.0,9000.0,0.0
Juzhen,Sssuwa,F,,478-3473,CAMERON,,59720.0,M,N,50000.0,6.9,,,0.0
,Chi,M,228.0,,ARCOLA,MS,,S,,,,6000.0,0.0,
,,M,775.0,,,NV,89178.0,M,,,,0.0,0.0,
,Baur,,,308-2869,GROVER,,29447.0,M,Y,50000.0,7.0,0.0,6600.0,
,Syrzycki,,,332-6711,,IN,46571.0,M,,45000.0,3.4,,,
,Glockner,,,516-7979,GRAND BLANC,MI,48439.0,M,N,70000.0,3.9,0.0,6200.0,
,Lanin,M,,635-5783,SUTTON,,1590.0,M,N,90000.0,5.3,0.0,,
,Widera,F,208.0,697-7685,MERIDIAN,,83642.0,,Y,90000.0,7.8,0.0,6600.0,3300.0
Matrina,Hartroth,F,360.0,,,,98588.0,S,N,,,0.0,0.0,0.0
Seijo,Carrigan,F,310.0,,SOUTH SAN FRANCISCO,CA,,S,,,,87.0,0.0,0.0
Imsong,,F,520.0,,,AZ,,S,Y,,,2100.0,0.0,2300.0
,Badr,,,376-1790,,KY,42356.0,M,N,15000.0,2.6666667,0.0,40.0,
,Blu,,301.0,872-2817,CRAPO,MD,21626.0,M,,25000.0,4.75,0.0,4800.0,
Dines,Jurdjevic,F,,394-3188,ABIQUIU,NM,87510.0,M,N,40000.0,5.3,0.0,6600.0,0.0
,,,662.0,242-8714,CHUNKY,,39323.0,M,N,40000.0,5.0,0.0,12000.0,
Monia,Maciel,,412.0,,,,16864.0,M,Y,,3.07,0.0,,0.0
,Bergsten,,973.0,115-2117,,NJ,8802.0,M,N,25000.0,1.4788542,0.0,2000.0,
Yongwon,Charissis,,386.0,,,FL,32773.0,S,,,,0.0,0.0,0.0
,,,802.0,,,,5666.0,S,Y,,,,0.0,3300.0
,Bear,,,266-1198,WILMINGTON,DE,19803.0,M,N,35000.0,4.245455,0.0,220.0,
Sorel,Maguire,F,918.0,763-3696,ADDINGTON,OK,73520.0,M,,55000.0,6.25,0.0,,0.0
,Pino,M,970.0,,LAKE GEORGE,CO,80827.0,,N,,4.63,,,
Geunbae,,,814.0,,,PA,18091.0,M,Y,,,,0.0,0.0
Yael,Ravindranathan,,865.0,,,TN,37165.0,M,,,0.0,,,0.0
Rimli,Favero,F,907.0,,,AK,99625.0,S,,,,0.0,0.0,0.0
Edison,,F,605.0,,,SD,57737.0,M,Y,,,,0.0,0.0
Flemming,Murro,F,,544-2085,BERKELEY,CA,94705.0,M,N,90000.0,9.3,,,0.0
Barbee,Pollermann,,,619-5701,CAMBRIDGE,MN,55008.0,M,N,5000.0,5.35,,,0.0
,Ouchi,,347.0,,MECKLENBURG,NY,14863.0,,N,,4.0984755,,,
Jermy,,F,708.0,,,,62550.0,S,N,,,,0.0,0.0
Pramode,,,540.0,,,VA,22304.0,S,,,,,0.0,0.0
Zhimming,,F,612.0,900-1570,CLINTON,MN,56225.0,M,Y,90000.0,7.85,,6600.0,3300.0
,Krauser,,843.0,720-9753,MOUNT PLEASANT,,29465.0,,Y,65000.0,7.0,0.0,,3300.0
,Richter,M,401.0,,,RI,2816.0,M,,,0.0,,,
,,M,509.0,,,WA,98015.0,M,Y,,,0.0,0.0,
,,M,503.0,885-8770,JORDAN VALLEY,OR,97910.0,,N,95000.0,9.0,0.0,318.0,
Celine,,F,651.0,,HOFFMAN,MN,,,N,,,3300.0,0.0,0.0
,Pistor,,228.0,,PINOLA,,39149.0,,Y,,5.0,,,
Linda,Decleir,F,401.0,,,,2859.0,S,Y,,,0.0,0.0,0.0
Hou,Sedobgo,F,918.0,,QUINTON,OK,74561.0,,N,,6.25,,,0.0
,,M,515.0,,,IA,,S,Y,,,40.0,0.0,
,,M,603.0,,,,3859.0,S,Y,15000.0,,0.0,0.0,
Gavriela,Rabejac,,407.0,,,FL,34241.0,S,Y,100000.0,0.0,,,0.0
,,M,706.0,,SAVANNAH,GA,,,N,90000.0,,2700.0,0.0,
,,M,702.0,,,,89319.0,M,Y,50000.0,,,0.0,
,Portinale,M,,304-5926,GAMERCO,NM,87317.0,M,,80000.0,5.3,,,
Wilsin,Doucet,F,304.0,,DELRAY,WV,,S,,70000.0,,2000.0,0.0,2000.0
Anirvan,,F,808.0,902-7824,HONOLULU,HI,96827.0,,N,70000.0,8.25,0.0,2080.0,0.0
Francis,Chickermane,,856.0,770-4642,,NJ,7876.0,M,Y,40000.0,1.7154167,0.0,2000.0,1500.0
,Gomatam,M,307.0,,,WY,82639.0,M,Y,40000.0,,0.0,0.0,
Barrett,Billard,F,307.0,,,WY,82212.0,S,N,10000.0,,0.0,0.0,0.0
,Tomescu,M,,269-2156,,ND,58650.0,M,,100000.0,2.914935,0.0,6600.0,
,Snedden,,864.0,,SUMTER,SC,29150.0,S,N,65000.0,7.0,,,
,,M,830.0,,,,77235.0,S,Y,10000.0,,0.0,0.0,
Jefry,,,574.0,,,,46117.0,S,Y,90000.0,,,0.0,1000.0
Rhon,,F,573.0,,DUTCHTOWN,MO,,S,,60000.0,,2100.0,0.0,0.0
Huu,,F,801.0,,FERRON,UT,,S,Y,5000.0,,2475.0,0.0,2475.0
Schahram,Pequeno,F,309.0,,,IL,60640.0,S,,25000.0,3.0,,,0.0
,,M,505.0,888-4901,SAN CRISTOBAL,NM,87564.0,,Y,30000.0,5.3,,6600.0,
Noppanunt,Krinik,F,318.0,929-6259,SPRINGHILL,,71075.0,M,N,25000.0,6.0,0.0,,0.0
,,M,605.0,,,SD,57385.0,M,,65000.0,,0.0,0.0,
Haleh,Higuchi,,,443-9508,,KY,41849.0,M,N,30000.0,3.5,0.0,40.0,0.0
,Pemmaraju,,228.0,,THAXTON,MS,38871.0,S,N,10000.0,5.0,,,
Friedbert,Carrico,F,253.0,,,WA,99326.0,M,N,20000.0,,0.0,0.0,0.0
Jamel,Geraci,F,401.0,,,,2892.0,S,N,25000.0,,0.0,0.0,0.0
,Postmus,M,479.0,676-4974,RUSSELLVILLE,AR,72812.0,,Y,30000.0,7.0,,,
,,M,808.0,,VOLCANO,HI,,S,N,90000.0,,1040.0,0.0,
,Simoni,,404.0,806-9414,WESTON,GA,31832.0,M,,80000.0,6.0,,,
Okan,,F,605.0,,,,57070.0,S,Y,25000.0,,0.0,0.0,0.0
Jorrge,Lienert,,,316-7835,,,42047.0,M,N,5000.0,2.1111112,0.0,,0.0
Leiming,Masullo,F,,283-2622,HOPETON,,73746.0,,Y,75000.0,6.25,0.0,,1000.0
,Frisby,M,,270-8194,MARION,,2738.0,,Y,95000.0,5.3,0.0,7150.0,
Naoki,,,731.0,,,,37036.0,M,N,100000.0,,,0.0,0.0
,Forcheri,M,417.0,197-6054,LAREDO,MO,64652.0,,Y,70000.0,6.0,0.0,4200.0,
Manibrata,Maloney,,931.0,,,,37062.0,S,N,25000.0,0.0,0.0,,0.0
,,M,775.0,,,,89820.0,M,N,15000.0,,0.0,0.0,
Liuba,Koblitz,,,554-7675,RALEIGH,,27675.0,,Y,25000.0,6.256993,0.0,,3300.0
,Rosiles,,,520-5865,STERLING HEIGHTS,MI,48314.0,M,,30000.0,3.9,,,
Yoshikane,Purday,F,406.0,,BUTTE,MT,59702.0,S,Y,55000.0,6.9,,,1900.0
,Masullo,M,316.0,102-4766,,KS,67515.0,M,,15000.0,3.5,0.0,,
,Csaba,,,437-5815,UNA,SC,29378.0,M,,25000.0,7.0,0.0,6600.0,
,,,814.0,,,PA,16127.0,S,,90000.0,,0.0,0.0,
Saverio,Salmen,,423.0,,,TN,38569.0,M,,75000.0,0.0,,,0.0
,,,843.0,,,SC,29492.0,S,Y,5000.0,,,0.0,
,,M,816.0,,PATTONSBURG,MO,64670.0,,Y,70000.0,,,0.0,
Hazim,Prampolini,F,907.0,,,AK,99741.0,M,N,60000.0,0.0,,,0.0
Tadeusz,Nozawa,,203.0,,GEORGETOWN,CT,6829.0,S,,85000.0,5.0,,,0.0
Gerco,Hiroike,F,,591-1246,LASTRUP,MN,56344.0,,N,75000.0,7.85,0.0,6600.0,0.0
Mahendra,,F,508.0,253-6368,LOWELL,,1854.0,,N,25000.0,5.3,,7150.0,0.0
Tiziana,Rosar,,,424-1743,,TN,37165.0,S,,35000.0,0.0,,,0.0
Jobst,Kocis,,,581-3640,COLUMBUS,,39701.0,M,N,45000.0,5.0,0.0,,0.0
,Klosgen,M,,384-7112,BRIMFIELD,MA,1010.0,M,Y,55000.0,5.3,0.0,,
,,M,603.0,726-3485,,NH,3062.0,M,Y,40000.0,,0.0,0.0,
,,M,787.0,651-8226,,,729.0,M,N,90000.0,,0.0,0.0,
Serban,,F,612.0,233-6323,SAINT VINCENT,MN,,,,60000.0,,3300.0,0.0,3300.0
,,M,501.0,111-3207,NASHVILLE,AR,,,N,55000.0,,20.0,0.0,
Tsunehiko,Giraffa,F,,527-3430,TWIN LAKES,MN,56089.0,M,,55000.0,7.1904483,0.0,6600.0,3300.0
Lourdes,Everling,F,,542-4027,SURRENCY,,,S,Y,65000.0,,2700.0,0.0,3000.0
,Plumer,,,429-1274,,NJ,7754.0,S,N,15000.0,1.4,,,
Rajendra,Bourbakis,F,,428-3357,,RI,2880.0,S,,75000.0,,0.0,0.0,0.0
,Grandbois,M,303.0,158-6776,DINOSAUR,CO,81610.0,M,N,50000.0,,0.0,0.0,
Jingling,Partee,F,939.0,754-2978,,,715.0,M,N,55000.0,0.0,,,0.0
,Cakic,,,430-7604,GLENFIELD,NY,13343.0,S,Y,75000.0,,0.0,0.0,
Tadaaki,Oelmann,F,,638-8566,,NV,89421.0,S,,15000.0,0.0,,,0.0
Jussara,Rande,F,,554-7247,,,98107.0,S,Y,55000.0,0.0,,,0.0
Suhas,Pavlova,F,847.0,871-8761,,IL,60531.0,M,,45000.0,3.0,,,0.0
,Kinter,M,,389-6926,,CA,92357.0,M,Y,10000.0,1.869,0.0,174.0,
,Lessing,M,,375-8969,,IL,61834.0,M,Y,70000.0,3.0,0.0,,
,,M,808.0,761-4685,J B P H H,HI,96860.0,,,55000.0,8.25,0.0,2080.0,
Avshalom,,F,505.0,828-3110,ROY,NM,87743.0,,Y,15000.0,4.957143,0.0,6600.0,3300.0
Teri,,,608.0,910-9527,COMSTOCK,WI,54826.0,M,,50000.0,5.3151608,0.0,1400.0,400.0
Line,Ritondale,,,433-2581,SOUTHFIELD,,48034.0,S,N,60000.0,3.9,,,0.0
,Moshman,,,578-1831,PEARL,MS,39288.0,,N,35000.0,5.0,,,
Xianlong,,F,702.0,753-6897,,NV,89022.0,M,,80000.0,,0.0,0.0,0.0
,,M,787.0,254-9468,,,785.0,S,N,90000.0,,0.0,0.0,
Surya,Bruha,F,,534-8096,FALLING WATERS,WV,,S,,30000.0,,2000.0,0.0,2000.0
Veli,Ryslinkova,,912.0,847-7031,AUGUSTA,GA,30904.0,S,,100000.0,6.0,,,0.0
Sergej,Zukowski,F,,471-4726,,OH,,S,,80000.0,,1300.0,0.0,0.0
Moto,Leemis,F,,645-3949,SANDERS,,,,Y,100000.0,6.9,1900.0,,1900.0
Sylvanus,,F,720.0,975-1420,HOT SULPHUR SPRINGS,CO,80451.0,,,40000.0,,0.0,0.0,0.0
,Radhakrishnan,,,353-2800,TOWNSEND,VA,23443.0,S,Y,20000.0,5.75,,,
,Dovidio,M,,471-6457,LEWELLEN,NE,,,,90000.0,,103.0,0.0,
Cor,Zlatin,F,,291-5969,,PR,605.0,M,N,90000.0,,0.0,0.0,0.0
,Schwaller,M,,478-5359,,,3269.0,S,N,100000.0,0.0,,,
,Manukyan,,,611-2938,,FL,32126.0,M,N,25000.0,0.0,0.0,,
,Wolniewicz,M,,574-6450,,HI,,S,N,15000.0,,1040.0,0.0,
Viswanathan,,F,517.0,895-4038,BATTLE CREEK,MI,,S,,40000.0,,3100.0,0.0,3100.0
,,M,605.0,865-1123,,SD,57105.0,S,N,90000.0,,0.0,0.0,
Pepijn,Larus,F,478.0,908-5680,SYLVESTER,,,S,N,50000.0,6.0,2700.0,,0.0
,Krzyzanowski,,202.0,150-5486,WASHINGTON,DC,20544.0,M,N,10000.0,4.5,0.0,,
,Lidstone,M,,557-7625,,IL,61264.0,M,N,70000.0,3.0,0.0,,
,Miner,,,283-6351,,KY,41502.0,S,,5000.0,2.1111112,,,
Renwei,Muhlen,F,,331-8745,LEWISTON,ID,83501.0,,,90000.0,7.8,,,0.0
Shinkyu,,F,801.0,966-2868,SALT LAKE CITY,UT,,,,85000.0,,2475.0,0.0,0.0
,Viehstaedt,M,918.0,130-9137,OKLAHOMA CITY,OK,73190.0,,N,40000.0,6.25,0.0,2000.0,
Kazuhiro,Duncan,,260.0,225-4821,,,46968.0,M,Y,90000.0,3.4,0.0,2000.0,1000.0
Adnan,Weedman,F,339.0,988-3577,GRAFTON,MA,1519.0,M,Y,80000.0,5.3,0.0,7150.0,1000.0
,Alfaro,,317.0,933-2397,,IN,47552.0,M,N,15000.0,3.4,0.0,2000.0,
Jamel,Sinofsky,F,,581-4177,SUN RIVER,,59483.0,S,Y,15000.0,6.9,,,1900.0
Reinhold,Postley,,,497-9781,BYNUM,AL,36253.0,S,,100000.0,5.0,,,300.0
,Shallof,,,454-7933,ARAB,AL,35016.0,S,,95000.0,5.0,,,
,,M,808.0,174-1821,HANA,HI,96713.0,M,,50000.0,8.25,,2080.0,
,,,812.0,201-3071,,IN,46230.0,M,,90000.0,3.4,0.0,2000.0,
,Egerstedt,M,,602-1836,FREEDOM,ME,,S,Y,40000.0,,2850.0,0.0,
,Perkins,M,,388-1604,WINSTON,MT,59647.0,S,N,90000.0,6.9,,,
Mouloud,Goodwyn,F,318.0,977-8956,,,71105.0,M,Y,5000.0,2.0,0.0,9000.0,1000.0
Moriyoshi,,,802.0,889-8381,BAKERSFIELD,,5441.0,M,N,90000.0,4.7957172,0.0,6600.0,0.0
,Dunbar,,315.0,769-1986,LIMESTONE,NY,14753.0,,,35000.0,,0.0,0.0,
,Kratochvil,M,,400-3995,OGDEN,UT,84404.0,,Y,30000.0,7.0,0.0,,
,Stornetta,M,,407-5630,READING,MA,1867.0,,,20000.0,5.3,,,
,Grue,M,207.0,240-8237,,,,S,Y,5000.0,,2850.0,0.0,
Leon,,F,503.0,923-7557,BANDON,,97411.0,M,N,70000.0,9.0,0.0,318.0,0.0
Alvis,Liesche,F,,445-5492,,AZ,85731.0,M,Y,25000.0,3.1025,0.0,,2300.0
Edda,,F,808.0,850-1500,FORT SHAFTER,HI,96858.0,S,Y,85000.0,,,0.0,1040.0
,,,843.0,765-9778,PLUM BRANCH,SC,29845.0,,Y,100000.0,,,0.0,
Prasad,,F,701.0,880-8670,,ND,,S,,30000.0,,3300.0,0.0,3300.0
,Balaji,M,,614-6873,MULINO,OR,97042.0,,,40000.0,9.0,0.0,318.0,
Rogers,Swiss,F,,507-8934,GERVAIS,OR,97026.0,S,,45000.0,9.0,,,0.0
,,M,808.0,844-7626,HILO,,96721.0,,Y,65000.0,8.25,0.0,2080.0,
,Veretennikov,M,907.0,721-9273,,AK,99727.0,S,Y,75000.0,,0.0,0.0,
Petr,Mukouchi,F,,483-3862,NAVAJO DAM,,87419.0,,N,80000.0,5.3,,,0.0
,Double,M,,305-2062,,WV,,S,Y,20000.0,,2000.0,0.0,
,,M,808.0,170-3409,KAHULUI,HI,96732.0,,,35000.0,,,0.0,
,Tsunoo,M,864.0,705-4571,LANCASTER,SC,,,N,30000.0,,3300.0,0.0,
Uzi,Ianni,F,,543-2646,,RI,2825.0,S,,40000.0,,0.0,0.0,0.0
,Allison,M,,450-9273,CONEJOS,CO,81129.0,S,,80000.0,,0.0,0.0,
,,M,701.0,819-8190,,ND,58483.0,M,Y,55000.0,2.3932838,0.0,6600.0,
,Reese,M,,427-2711,,ND,58788.0,M,Y,75000.0,2.6251287,,,
Gregg,Montalbano,,203.0,681-7347,,CT,6777.0,S,Y,5000.0,3.0,,,0.0
Duong,Ogurol,F,,424-2528,,NV,89315.0,M,Y,60000.0,0.0,,,0.0
Dainis,,F,808.0,788-6048,MAKAWELI,HI,96769.0,,N,85000.0,8.25,,2080.0,0.0
,Broggi,M,,610-7806,,WY,82324.0,M,Y,80000.0,,0.0,0.0,
,Stille,M,,522-7800,BARATARIA,,70036.0,S,Y,65000.0,6.0,,,
Zakarriae,Tibblin,F,256.0,132-3893,HUNTSVILLE,AL,,,Y,20000.0,,1500.0,0.0,300.0
,,,763.0,659-5236,DULUTH,MN,55804.0,M,,80000.0,7.85,,6600.0,
Srilekha,Olveszky,F,,477-2787,BLYTHEVILLE,AR,72316.0,M,,45000.0,7.0,,,20.0
,,M,702.0,867-1109,,,89047.0,S,N,5000.0,,0.0,0.0,
,Ramaiah,,,646-4950,,FL,33956.0,M,,95000.0,0.0,,,
Rolland,Caulk,,228.0,960-1103,RAYMOND,MS,39154.0,,,20000.0,5.0,0.0,12000.0,0.0
,,M,701.0,966-4640,,,,S,Y,80000.0,,3300.0,0.0,
Sajjad,Maguire,F,,421-9636,PASSADUMKEAG,ME,,,,30000.0,8.5,2850.0,,0.0
,Rosenquist,M,,642-9012,,NH,3254.0,M,N,30000.0,0.0,,,
Hergen,Walstra,F,360.0,807-1591,,WA,99033.0,S,Y,90000.0,,0.0,0.0,0.0
,,M,502.0,196-8467,,,,S,Y,35000.0,,20.0,0.0,
Brailey,,,608.0,223-8184,GALESVILLE,WI,54630.0,M,Y,40000.0,5.1414094,,1400.0,400.0
,Isshiki,,,523-5383,,FL,32927.0,S,,100000.0,,0.0,0.0,
Jacobijn,Tatsuta,F,,604-9897,MILAN,,,,Y,85000.0,,3300.0,0.0,3300.0
Yakichi,Clonts,F,304.0,701-9248,CHLOE,WV,,S,,55000.0,,2000.0,0.0,2000.0
Eenjun,Kartha,F,,384-7476,,ND,,S,N,70000.0,,3300.0,0.0,0.0
,Antognini,,,439-8188,MAPLE,,54854.0,,Y,25000.0,4.880782,0.0,1400.0,
Donyaprueth,Mattison,F,,412-5900,,RI,2808.0,S,Y,20000.0,0.0,0.0,,0.0
Brijesh,Gurzi,F,,460-5737,,OH,,S,N,50000.0,,1300.0,0.0,0.0
,Hoffner,M,307.0,117-1836,,,82710.0,M,Y,35000.0,,0.0,0.0,
Masud,Bach,F,307.0,741-6627,,,82440.0,S,Y,40000.0,,0.0,0.0,0.0
Shaul,Schwertel,F,,329-1090,,AZ,85006.0,M,,20000.0,3.0249999,,,0.0
Venkat,Charretton,F,406.0,148-9114,BYNUM,MT,,S,,85000.0,,1900.0,0.0,1900.0
,Frisch,,,451-8215,MARYUS,VA,23107.0,,N,75000.0,5.75,0.0,1800.0,
Tirtza,Thamm,F,,321-5896,GILLIAM,LA,,S,,75000.0,,4500.0,0.0,0.0
,Huthnance,M,,564-9653,HILLSVILLE,,,,N,85000.0,,900.0,0.0,
Neta,Faron,,302.0,698-9995,WILMINGTON,,19884.0,M,N,65000.0,5.95,0.0,220.0,0.0
,,M,603.0,851-6150,,NH,3101.0,M,Y,20000.0,,,0.0,
Zhuojun,,F,701.0,213-2643,,ND,,S,N,85000.0,,3300.0,0.0,0.0
,,M,602.0,835-5785,,,,S,Y,20000.0,,2100.0,0.0,
,Eskesen,M,,551-6125,CALLAWAY,NE,,S,N,60000.0,,103.0,0.0,
Shibu,Goes,F,,522-2412,,CA,,S,,5000.0,,87.0,0.0,0.0
,Gerteisen,,912.0,191-2540,ATLANTA,,30364.0,M,N,40000.0,6.0,0.0,5400.0,
,,M,605.0,117-2674,,SD,57750.0,M,,15000.0,,0.0,0.0,
Ingar,,F,501.0,138-7510,RISON,AR,71665.0,,Y,35000.0,7.0,,40.0,20.0
,Bannelier,M,,297-7202,,SD,57106.0,S,N,40000.0,,0.0,0.0,
,Babai,M,,359-6513,,IN,,S,,10000.0,,1000.0,0.0,
,Vignes,M,405.0,834-2720,,OK,74043.0,M,Y,5000.0,3.0555556,0.0,2000.0,
,Vaisey,,,388-6277,SOUTH ROYALTON,VT,5068.0,M,,70000.0,4.397808,0.0,6600.0,
Svatopluk,,F,504.0,250-3383,THIBODAUX,LA,70310.0,S,,40000.0,,,0.0,1000.0
,Rahier,M,,630-8904,LEXINGTON,NE,68850.0,,N,10000.0,3.9097095,,,
Risto,Cronan,F,276.0,211-3924,GLEN WILTON,VA,,S,,85000.0,,900.0,0.0,900.0
Wifried,Keay,F,,280-4266,PORT BARRE,LA,,,,65000.0,,4500.0,0.0,1000.0
,,F,505.0,198-3494,RIBERA,,87560.0,,Y,45000.0,5.3,0.0,6600.0,3300.0
Henry,Beukering,F,302.0,908-6640,WILMINGTON,DE,,S,N,30000.0,,110.0,0.0,0.0
,Anido,M,207.0,861-5405,,,,S,Y,5000.0,,2850.0,0.0,
,Hertweck,,,456-6810,MANTEE,MS,39751.0,,Y,10000.0,5.0,0.0,12000.0,
Maik,Mertsiotakis,F,210.0,759-7811,,,78251.0,M,N,25000.0,0.0,,,0.0
Vannevar,Butner,F,205.0,865-7491,MOBILE,AL,,,,70000.0,,1500.0,0.0,300.0
Keishi,,F,801.0,900-1277,JUNCTION,,84740.0,,Y,50000.0,7.0,0.0,4950.0,2475.0
,Kadyamatimba,,864.0,793-3067,COLUMBIA,SC,29201.0,M,,35000.0,7.0,0.0,6600.0,
Goker,,,703.0,123-5755,OLDHAMS,VA,22529.0,,N,30000.0,5.75,0.0,1800.0,0.0
,Furner,,,401-4923,CHARLOTTESVILLE,VA,22909.0,M,N,15000.0,5.214286,0.0,1800.0,
,Wendel,M,,320-6784,PRENTICE,WI,,,Y,35000.0,,700.0,0.0,
Virginia,Moshman,,,329-2657,LENOIR,NC,28645.0,,,85000.0,7.515734,,,0.0
,Gagvani,M,870.0,181-5161,STRAWBERRY,AR,,S,,80000.0,,20.0,0.0,
Igor,Shimamura,,,451-1398,DUNDEE,KY,42338.0,M,N,55000.0,4.888889,,,0.0
Hujun,Lucco,,,304-8340,DOVER,DE,19901.0,M,Y,45000.0,4.927273,0.0,,110.0
,,M,808.0,771-9725,HONOLULU,,96814.0,,N,20000.0,4.644737,0.0,2080.0,
,Lesser,,850.0,769-1019,,,34139.0,M,Y,25000.0,0.0,0.0,,
,,M,828.0,110-4663,ASHEVILLE,NC,,S,Y,70000.0,,3300.0,0.0,
Shyjan,,F,503.0,234-2050,BAKER CITY,OR,97814.0,M,,65000.0,9.0,0.0,318.0,0.0
,Stampfel,M,,586-5687,CAMINO,CA,95709.0,S,N,30000.0,6.590543,,,
,Foret,,,579-9272,DUNDALK,,21222.0,M,N,60000.0,4.75,0.0,4800.0,
Fran,Belcastro,F,,440-3286,,ND,58271.0,M,N,55000.0,2.3932838,0.0,6600.0,0.0
Shinsuke,,,585.0,777-3214,LAKE GROVE,NY,11755.0,,,25000.0,,0.0,0.0,0.0
,Priami,,240.0,674-6779,BALTIMORE,MD,21224.0,S,Y,25000.0,4.75,,,
,Rahmstorf,,239.0,878-3666,,FL,34201.0,M,,65000.0,0.0,,,
Thoshiaki,Heemskerk,F,,437-5911,,RI,2836.0,S,,80000.0,,0.0,0.0,0.0
,Dang,,,569-4175,NEW HAVEN,CT,6513.0,,Y,50000.0,5.0,0.0,24500.0,
Savio,Morioka,F,225.0,703-7675,SHREVEPORT,LA,71135.0,S,,45000.0,6.0,,,0.0
,Kochetov,M,,397-9424,,,3755.0,M,Y,75000.0,0.0,0.0,,
,Grunupp,M,,371-8819,,VT,,S,,20000.0,,3300.0,0.0,
Sumitaka,Clemm,F,,301-1406,PORTLAND,OR,97286.0,,,65000.0,9.0,0.0,318.0,0.0
Uday,,,567.0,191-8044,,OH,44333.0,S,,25000.0,,,0.0,1300.0
Yuchen,,,608.0,200-3122,ARKDALE,WI,54613.0,M,N,80000.0,5.836415,0.0,1400.0,0.0
,Tryba,M,,328-1374,SILVER LAKE,,66539.0,M,Y,65000.0,6.45,0.0,4500.0,
,,,662.0,989-9037,MOUND BAYOU,MS,38762.0,,N,80000.0,5.0,0.0,12000.0,
Viljem,Blodel,,,506-8812,MANAKIN SABOT,VA,23103.0,,,95000.0,5.75,0.0,1800.0,0.0
,Kawakami,M,,310-6999,,AK,99903.0,S,,65000.0,,0.0,0.0,
,Kamo,,,357-5439,PINEVILLE,SC,29468.0,,,10000.0,5.752432,0.0,6600.0,
Eiiti,Derthick,F,360.0,869-9026,,WA,98546.0,S,Y,50000.0,,0.0,0.0,0.0
,,,731.0,121-3217,,TN,38012.0,M,,100000.0,,,0.0,
,Poulin,M,316.0,248-8889,HAVILAND,KS,67059.0,M,,50000.0,6.45,,,
Hui,,F,509.0,186-6568,,WA,99213.0,M,Y,95000.0,,,0.0,0.0
Bradley,,F,816.0,981-8225,CHESTERFIELD,MO,,S,N,10000.0,,2100.0,0.0,0.0
,,,802.0,215-7893,,,5252.0,M,N,25000.0,3.6,0.0,6600.0,
,Knowles,M,913.0,781-9910,WAKEENEY,KS,67672.0,M,N,95000.0,6.45,0.0,,
,,M,605.0,107-2578,,SD,57793.0,M,Y,35000.0,,,0.0,
,Chubb,M,860.0,862-4991,FARMINGTON,CT,,S,N,20000.0,,12750.0,0.0,
,,,802.0,121-2417,RANDOLPH,VT,5060.0,,Y,80000.0,4.5967627,0.0,6600.0,
Huu,Artiges,F,,531-4862,BOSTON,MA,,S,Y,55000.0,,3575.0,0.0,1000.0
Reuven,Janocha,F,,342-2364,VENDOR,AR,72683.0,M,,30000.0,7.0,0.0,40.0,20.0
Padima,McCue,F,,494-8843,SALEM,,97313.0,,N,55000.0,9.0,0.0,,0.0
,Pioli,F,,562-2338,BLACKFOOT,ID,83221.0,M,,70000.0,7.8,,,3300.0
Farid,,F,605.0,130-7249,,SD,57571.0,S,N,25000.0,,0.0,0.0,0.0
,Erez,,228.0,863-9103,JACKSON,MS,39269.0,,,70000.0,5.0,0.0,12000.0,
Asa,Ebeling,F,,401-6420,OKLAHOMA CITY,OK,,,N,25000.0,,1000.0,0.0,0.0
Hamza,Roodyn,,860.0,796-9036,HARTFORD,CT,6180.0,M,Y,35000.0,5.0,,,0.0
,Grinter,M,,560-9514,,RI,2861.0,S,,55000.0,,0.0,0.0,
Bui,Anjur,F,479.0,787-1990,MOSCOW,AR,71659.0,,N,60000.0,7.0,0.0,40.0,0.0
Luquan,,F,603.0,691-9226,,,3234.0,S,N,70000.0,,0.0,0.0,0.0
Kozi,Ochoa,F,913.0,845-6227,LIBERAL,,67901.0,,Y,50000.0,6.45,,,2250.0
,Pino,,,604-4039,,,47711.0,S,Y,25000.0,3.4,,,
,Leahy,M,,393-2559,COLBERT,OK,,S,,100000.0,6.25,1000.0,,
,Gitler,M,,425-6482,,KY,,S,,25000.0,,20.0,0.0,
Yanyan,Orwant,,,577-2743,CLARKSBURG,WV,26302.0,S,,60000.0,6.5,,,2000.0
,,M,612.0,183-6010,HOLMES CITY,,56341.0,,N,75000.0,7.85,0.0,6600.0,
,,M,608.0,108-5687,OKAUCHEE,,,,Y,55000.0,,700.0,0.0,
Hellis,Fanti,,,394-9295,,PA,18105.0,S,Y,40000.0,,0.0,0.0,0.0
,Kearns,M,405.0,243-4206,BARTLESVILLE,OK,74005.0,M,N,75000.0,6.25,0.0,2000.0,
Xuemin,,,715.0,656-9669,PRINCETON,WI,54968.0,,,90000.0,6.010166,0.0,1400.0,400.0
,,M,732.0,141-3887,,NJ,,S,Y,100000.0,,1000.0,0.0,
Ila,,F,601.0,705-2377,STARKVILLE,MS,,S,N,100000.0,,6000.0,0.0,0.0
Chenxi,Ramaswami,F,207.0,754-1399,CUSHING,ME,4563.0,S,Y,35000.0,8.5,,,2850.0
Spencer,Matzat,F,406.0,721-7327,WINSTON,MT,,S,,55000.0,6.9,1900.0,,0.0
Godfried,Schena,F,308.0,149-4578,MC COOK,NE,69001.0,,Y,25000.0,6.5736103,,,103.0
Zeng,Lavalette,F,308.0,223-9959,MCGREW,NE,,,Y,60000.0,6.84,103.0,,103.0
Gaurav,Promhouse,F,406.0,765-5852,ZURICH,MT,59547.0,S,Y,15000.0,6.9,,,1900.0
,Narahara,,,415-2500,,NJ,7757.0,S,N,55000.0,1.9519792,,,
,Schachter,M,,313-4033,,AK,99507.0,M,Y,25000.0,0.0,,,
Elarbi,Wirl,F,,570-5611,,IL,,S,Y,15000.0,,2000.0,0.0,2000.0
,Ikeo,M,,277-5158,COOLIN,ID,,S,,30000.0,,3300.0,0.0,
Yiorgos,,,610.0,993-4458,,PA,15486.0,S,,35000.0,,0.0,0.0,0.0
Renuka,Groenemans,F,,470-6328,MARQUETTE,MI,,,,10000.0,,3100.0,0.0,0.0
,,M,605.0,106-2125,,,57717.0,S,Y,90000.0,,0.0,0.0,
Jamshid,Traunmuller,F,304.0,236-1916,,,,S,Y,15000.0,,2000.0,0.0,2000.0
,,M,603.0,734-5883,,NH,3260.0,S,,85000.0,,0.0,0.0,
,,,615.0,934-2202,,TN,37204.0,M,Y,20000.0,,0.0,0.0,
Arundhati,Tomassini,,,645-7643,SILVER SPRINGS,NY,14550.0,M,N,75000.0,,0.0,0.0,0.0
Vladislav,Khedro,F,,510-9308,DEARBORN HEIGHTS,MI,,S,,5000.0,,3100.0,0.0,3100.0
,,M,567.0,762-9888,,,,S,N,100000.0,,1300.0,0.0,
Moon,Tawa,F,,564-6407,EADS,,81036.0,M,Y,45000.0,,0.0,0.0,0.0
,Whittlesey,,478.0,750-1182,RAY CITY,,31645.0,,N,40000.0,6.0,0.0,5400.0,
,Lassagne,M,307.0,222-9705,,,82242.0,M,N,95000.0,0.0,0.0,,
Vitaly,Gerlhof,F,,624-6559,,SD,57744.0,S,,95000.0,,0.0,0.0,0.0
,Lunn,M,,553-9506,NEWCASTLE,UT,84756.0,,,65000.0,7.0,0.0,,
Magatho,Cassel,,,642-7269,,,34770.0,M,N,100000.0,,0.0,0.0,0.0
,Pasztor,M,,599-8568,,AR,72132.0,S,,15000.0,3.773037,,,
,Schwandt,M,,353-4031,,RI,2876.0,S,,70000.0,0.0,,,
,,M,605.0,134-4512,,SD,57366.0,M,N,75000.0,,0.0,0.0,
,Subbalakshmi,M,,456-5669,PEAKS ISLAND,ME,4108.0,,Y,15000.0,6.9580293,,,
Ganrav,Linnell,,,450-3605,,PA,16841.0,S,N,10000.0,3.07,0.0,,0.0
,DeFouw,M,478.0,978-6537,WAVERLY HALL,GA,,S,N,10000.0,,2700.0,0.0,
Zygmunt,Faria,F,405.0,888-7202,PAWHUSKA,OK,,,N,75000.0,,1000.0,0.0,0.0
Mechthild,Brykczynski,,,484-6020,WINDSOR MILL,,21244.0,M,N,5000.0,4.75,0.0,4800.0,0.0
,Nassef,M,,567-4376,ALBUQUERQUE,NM,87111.0,S,Y,55000.0,5.3,,,
Yoshiyuki,Wabbi,F,307.0,237-8506,,WY,82325.0,S,Y,55000.0,,0.0,0.0,0.0
,Blackard,,862.0,660-2259,,,7978.0,M,N,5000.0,1.4,0.0,2000.0,
,Mingo,M,,614-9849,,IL,60474.0,S,Y,5000.0,3.0,,,
Chaosheng,Marceau,F,,265-9150,,IL,62934.0,M,Y,15000.0,3.0,0.0,,2000.0
,Coolsaet,M,978.0,259-9195,LITTLETON,MA,,,,5000.0,,3575.0,0.0,
,Siefkes,,,500-7818,CLARKS HILL,,29821.0,S,Y,65000.0,7.0,,,
Dang,Bongartz,F,302.0,773-3848,WILMINGTON,DE,,S,Y,45000.0,,110.0,0.0,110.0
Fiaz,,,484.0,222-2186,,PA,17901.0,M,N,40000.0,,0.0,0.0,0.0
,Scherz,M,479.0,238-3083,,AR,71701.0,M,,5000.0,1.3826939,,,
,,F,701.0,239-3525,,ND,58540.0,M,Y,5000.0,2.1,,6600.0,3300.0
Nilanjan,,F,580.0,732-8981,OKLAHOMA CITY,,73122.0,,N,70000.0,6.25,0.0,2000.0,0.0
Ashim,Tohma,F,224.0,678-1321,,IL,62855.0,M,Y,35000.0,3.0,0.0,4000.0,2000.0
Zhixi,Buitenhuis,,,503-4833,,FL,33689.0,S,N,100000.0,,0.0,0.0,0.0
Melchior,Schrock,,912.0,927-4046,CLARKSTON,,30021.0,S,N,70000.0,6.0,,,0.0
Carolina,Yonezaki,,202.0,946-1632,WASHINGTON,DC,20544.0,M,Y,35000.0,9.0,0.0,2740.0,1370.0
,Marchegay,,,315-6879,,NJ,8861.0,M,N,45000.0,1.7942708,0.0,,
Rosana,,F,580.0,138-2108,GARBER,OK,,S,,50000.0,,1000.0,0.0,0.0
Hongzue,Quinke,F,303.0,740-9015,BOULDER,CO,80307.0,M,N,35000.0,4.63,,,0.0
,Rassart,,,640-1739,,,8628.0,S,Y,55000.0,1.9519792,,,
,,M,806.0,834-4772,,TX,75225.0,M,,75000.0,,0.0,0.0,
Libero,Zincke,F,,396-2980,,,89145.0,M,Y,85000.0,,0.0,0.0,0.0
,,M,505.0,813-3543,VANDERWAGEN,,87326.0,M,Y,100000.0,5.3,,6600.0,
,Kluners,M,219.0,962-6668,,IN,,S,N,45000.0,3.4,1000.0,,
Kok,,,606.0,725-6232,LOUISVILLE,,40212.0,,Y,50000.0,4.611111,0.0,40.0,20.0
,Vaisey,,202.0,690-7470,WASHINGTON,DC,20586.0,M,,95000.0,9.0,0.0,2740.0,
,,M,804.0,654-4631,FORT VALLEY,VA,,S,N,30000.0,,900.0,0.0,
Chuen,Tomba,F,,514-6587,FOSSTON,MN,56542.0,M,N,45000.0,6.6568303,0.0,6600.0,0.0
,Forre,M,402.0,902-5040,BLOOMINGTON,NE,68929.0,M,,90000.0,6.84,0.0,206.0,
,,M,787.0,795-7550,,PR,624.0,M,Y,70000.0,,,0.0,
,Derstine,M,,477-1761,,,82323.0,S,Y,55000.0,,0.0,0.0,
,,F,701.0,193-4271,,ND,,S,,10000.0,,3300.0,0.0,3300.0
,Hatkanagalekar,,,386-8033,RODUCO,NC,27969.0,,,40000.0,6.571678,0.0,6600.0,
,,,662.0,254-7515,TOCCOPOLA,MS,38874.0,M,Y,45000.0,5.0,,12000.0,
Erven,Dileva,F,406.0,133-3691,WHITE SULPHUR SPRINGS,MT,59645.0,M,N,85000.0,6.9,0.0,3800.0,0.0
,Greca,M,860.0,177-1762,NEW HAVEN,CT,,,Y,50000.0,,12750.0,0.0,
,,M,508.0,103-8818,ACCORD,,2018.0,M,Y,55000.0,5.3,,7150.0,
Chieko,Singh,,,358-8135,,DE,19962.0,M,N,20000.0,3.2227273,,,0.0
Khun,Hambury,F,207.0,220-1770,MONTICELLO,,,,N,45000.0,,2850.0,0.0,0.0
Stabislas,Schroff,F,210.0,100-6013,,TX,77009.0,M,,10000.0,0.0,,,0.0
,Dresler,M,234.0,816-7822,,OH,,S,N,10000.0,,1300.0,0.0,
,Nguifo,M,,610-4501,TULSA,,74192.0,S,N,35000.0,6.25,,,
,Boughanem,M,,574-6857,,TX,78218.0,S,,100000.0,,0.0,0.0,
Michiko,Felcyn,F,,619-7269,,,,S,Y,5000.0,,1040.0,0.0,1040.0
Junho,Ciorba,,207.0,149-9363,ROCKPORT,,4856.0,,Y,10000.0,4.5857663,0.0,5700.0,2850.0
,,,563.0,166-4652,DUMONT,IA,50625.0,S,,30000.0,,,0.0,
,,M,623.0,224-6466,,AZ,,S,Y,65000.0,,2100.0,0.0,
,,F,701.0,822-1693,,,58750.0,M,Y,75000.0,2.6251287,0.0,6600.0,3300.0
Lionello,Oppliger,F,,371-6796,ELK FALLS,,67345.0,S,N,90000.0,6.45,,,0.0
,,M,530.0,111-7584,SCOTTS VALLEY,CA,,,N,45000.0,,87.0,0.0,
Sherri,,F,505.0,796-3348,PIE TOWN,NM,,,,45000.0,,3300.0,0.0,0.0
,Mudambi,,,310-5280,CHARLESTON,WV,25303.0,M,N,60000.0,6.5,,,
,Goda,M,,346-7489,OTIS,,71466.0,,N,45000.0,6.0,0.0,9000.0,
,,M,808.0,172-2039,HONOLULU,,96815.0,,Y,25000.0,5.546053,0.0,2080.0,
,Georgatos,,419.0,686-3684,,OH,43534.0,M,Y,45000.0,2.039795,0.0,2600.0,
Takeaki,Forchert,,,295-5003,NEW SITE,MS,38859.0,,,65000.0,5.0,0.0,12000.0,1500.0
Hanja,Piera,F,,530-6325,HONOLULU,HI,96819.0,,Y,40000.0,8.25,,,1040.0
Shobana,Eiron,F,,458-1842,GREENSBORO,NC,,S,,55000.0,,3300.0,0.0,0.0
Wakaha,Backelin,F,860.0,882-1879,NEW HAVEN,CT,,,,55000.0,,12750.0,0.0,0.0
Derwent,Seliger,F,224.0,232-5726,,IL,60174.0,S,N,30000.0,3.0,,,0.0
Esti,Tanishita,,,618-7903,MIDDLE ISLAND,NY,11953.0,,Y,5000.0,,0.0,0.0,1000.0
,Wolin,M,,333-5775,EAST WATERBORO,ME,,S,,95000.0,,2850.0,0.0,
,Yamagami,M,,458-1532,DAILEY,WV,,S,Y,60000.0,,2000.0,0.0,
Gradimir,Dunfee,F,351.0,763-8632,ANDOVER,MA,1899.0,M,N,70000.0,5.3,0.0,7150.0,0.0
,Dreux,M,208.0,845-6717,LEWISTON,ID,,,,50000.0,,3300.0,0.0,
Somenath,Bade,,304.0,105-2748,BIG BEND,WV,26136.0,M,,25000.0,4.05,0.0,4000.0,0.0
Phong,Autexier,F,,604-5100,,AZ,,S,N,30000.0,,2100.0,0.0,0.0
,Alhajj,,269.0,890-1323,PETOSKEY,,49770.0,,N,5000.0,3.9,0.0,6200.0,
,Wenocur,M,,312-7542,,WA,99217.0,S,,35000.0,,0.0,0.0,
Amitabh,Shackell,,,370-7577,,PA,17846.0,M,Y,10000.0,3.07,,,0.0
Dadong,Parish,F,,425-9708,INDEPENDENCE,MO,64051.0,,N,30000.0,6.0,,,0.0
,Terzopoulos,M,,394-5890,,,62956.0,M,Y,70000.0,3.0,0.0,4000.0,
,Dulong,M,,559-6094,IMPERIAL,MO,63052.0,,,20000.0,6.0,0.0,4200.0,
,Simaioforidis,M,,539-5866,,WA,98675.0,S,,25000.0,0.0,,,
Emmanuelle,Daigle,F,907.0,243-8104,,AK,99749.0,M,Y,90000.0,,0.0,0.0,0.0
Hidehiro,Lidinsky,F,434.0,891-6428,CHECK,VA,,S,N,70000.0,5.75,900.0,,0.0
,Moeller,,,471-4835,ANDOVER,VA,24215.0,M,,40000.0,5.75,,,
,Faltenbacher,M,,547-2590,HELENA,MT,,S,N,60000.0,,1900.0,0.0,
,Khetawat,M,308.0,852-7206,TEKAMAH,NE,,S,Y,70000.0,,103.0,0.0,
Ferroudja,,F,508.0,852-5795,HUDSON,MA,1749.0,,N,80000.0,,,0.0,0.0
Berend,,,716.0,838-7338,CUDDEBACKVILLE,NY,12729.0,S,Y,5000.0,,0.0,0.0,1000.0
,Ausiello,M,,356-2542,TOPEKA,KS,,S,Y,75000.0,,2250.0,0.0,
,,F,701.0,682-5808,,ND,58441.0,M,Y,45000.0,2.2773614,0.0,6600.0,3300.0
Takayuli,,F,787.0,118-2390,,PR,777.0,M,,20000.0,,0.0,0.0,0.0
Michele,Kober,F,,341-6563,,,89109.0,M,Y,15000.0,0.0,0.0,,0.0
Bernad,Rutman,F,307.0,149-3812,,WY,82401.0,S,Y,30000.0,0.0,,,0.0
,Lucco,,,555-8765,,TN,38369.0,M,Y,35000.0,0.0,0.0,,
,,M,509.0,824-2824,,,98819.0,S,N,100000.0,,0.0,0.0,
,Yamagami,M,,542-7407,MARRERO,LA,70073.0,,Y,20000.0,4.4,0.0,9000.0,
Lulu,Steckler,F,913.0,900-2782,STAFFORD,,67578.0,M,N,40000.0,6.45,,,0.0
Qingming,Kara,,,496-5658,,PA,17017.0,S,,60000.0,,0.0,0.0,0.0
,Yapp,M,202.0,762-3905,WASHINGTON,DC,,S,,80000.0,,1370.0,0.0,
,Gabrielli,,,479-3263,,OH,44629.0,M,N,40000.0,1.8738205,0.0,2600.0,
,Nierstrasz,M,,388-3829,,,60551.0,S,Y,5000.0,3.0,,,
Nariankadu,Chretien,F,,333-2490,PARCEL RETURN SERVICE,,56944.0,,Y,30000.0,9.0,0.0,2740.0,1370.0
Kellie,,,765.0,206-7975,,,46986.0,M,N,30000.0,3.4,,2000.0,0.0
,Kotulla,M,,436-1693,WICHITA,,67217.0,M,N,45000.0,6.45,0.0,,
Petr,Favero,,,515-5465,,,19890.0,M,Y,25000.0,3.5636363,0.0,220.0,110.0
Wallace,Quittner,F,,418-8731,PLEASANT HILL,LA,71065.0,,,70000.0,6.0,,,1000.0
,,M,620.0,968-9694,EUREKA,KS,67045.0,M,Y,50000.0,6.45,0.0,4500.0,
Bong,Mechling,,,405-8367,,KY,42717.0,S,N,15000.0,2.6666667,,,0.0
Yuehong,Vikas,F,,561-8915,WILMINGTON,DE,,S,Y,85000.0,,110.0,0.0,110.0
,Raoux,,262.0,952-2979,CAMBRIDGE,,53523.0,M,N,100000.0,6.183918,,,
,Huuskonen,M,,583-8219,,NJ,,S,,50000.0,,1000.0,0.0,
Thyagaraju,,F,501.0,846-4912,PINE BLUFF,AR,71603.0,,,75000.0,7.0,0.0,40.0,0.0
Johnathon,Zaccone,F,307.0,181-1758,,,82638.0,M,N,5000.0,,0.0,0.0,0.0
,Pendleton,M,,486-8660,,RI,2809.0,M,Y,55000.0,0.0,,,
,Bard,,843.0,170-6081,HILTON HEAD ISLAND,SC,29925.0,,N,40000.0,7.0,0.0,6600.0,
,,M,603.0,784-9485,,NH,3867.0,M,N,95000.0,,,0.0,
,Hollenberg,M,307.0,757-6848,,WY,82845.0,M,Y,25000.0,,0.0,0.0,
Misha,Staff,,,643-3714,,,25411.0,S,Y,10000.0,3.0,,,2000.0
Jaerheen,Picci,F,,387-1027,,,2917.0,S,N,65000.0,0.0,,,0.0
Seungmi,Frison,F,,604-8440,,NH,3031.0,M,,25000.0,,0.0,0.0,0.0
,Noltemeier,M,339.0,206-4846,RANDOLPH,MA,2368.0,,N,60000.0,5.3,,,
Gustav,Christianini,F,,610-9038,OKLAHOMA CITY,OK,,,Y,50000.0,,1000.0,0.0,1000.0
Moritz,,,769.0,830-2314,,,39465.0,M,Y,5000.0,3.0,0.0,12000.0,1500.0
Francesmary,Broos,F,906.0,670-8147,ELWELL,MI,,S,N,50000.0,,3100.0,0.0,0.0
,Steffens,M,208.0,754-7005,CARMEN,,83462.0,S,Y,25000.0,7.8,,,
Etsuya,Harbane,,912.0,945-6291,WRIGHTSVILLE,GA,31096.0,M,Y,5000.0,4.4,0.0,5400.0,3000.0
LouAnn,Steckler,,862.0,225-1522,,,8045.0,M,Y,45000.0,1.7942708,,,1500.0
,Craske,,,513-9281,EAST DORSET,,5253.0,M,Y,65000.0,4.298331,0.0,6600.0,
Marshall,,F,603.0,870-9702,,,3740.0,M,N,55000.0,,,0.0,0.0
,Kinsley,M,435.0,904-7518,HONEYVILLE,UT,,,Y,35000.0,,2475.0,0.0,
Yufei,Calkin,,260.0,259-8320,,IN,46240.0,M,N,50000.0,3.4,0.0,2000.0,0.0
,Guan,,862.0,872-1195,,,7005.0,M,N,10000.0,1.4,0.0,2000.0,
,Arbib,M,,334-5357,STANARDSVILLE,,,S,Y,60000.0,,900.0,0.0,
,,,814.0,175-1325,,PA,16506.0,M,,60000.0,,0.0,0.0,
Thiel,Dulay,F,907.0,660-3314,,AK,99523.0,S,,70000.0,,0.0,0.0,0.0
Pitro,Slutz,,,455-4271,NORTHFIELD FALLS,VT,5664.0,,N,90000.0,4.7957172,,,0.0
Nicolaas,Fouquere,,215.0,104-7526,,,17724.0,S,N,45000.0,,0.0,0.0,0.0
,Grotschel,M,302.0,134-1546,,DE,,S,,5000.0,,110.0,0.0,
Ahlem,Guth,,,411-6973,,FL,32190.0,M,Y,65000.0,,0.0,0.0,0.0
,Diz,M,,477-8658,NORTH CHELMSFORD,MA,1863.0,,,10000.0,5.3,0.0,7150.0,
Ruairi,Tretkoff,F,,509-1537,WEST SACRAMENTO,CA,,S,,95000.0,,87.0,0.0,0.0
Kazumi,Goli,F,956.0,937-7717,,,78548.0,S,N,50000.0,,0.0,0.0,0.0
,Reus,,239.0,930-2160,,FL,33782.0,S,Y,85000.0,0.0,,,
Fuminori,,,802.0,141-9455,NORTH FERRISBURGH,VT,5473.0,,N,60000.0,4.1988535,0.0,6600.0,0.0
,,M,602.0,900-6419,KINGMAN,AZ,86402.0,,Y,100000.0,,,0.0,
Yinfeng,America,F,940.0,957-6514,,TX,77260.0,M,,75000.0,,0.0,0.0,0.0
Jixin,,,757.0,214-6985,FARMVILLE,,23901.0,M,N,90000.0,5.75,,1800.0,0.0
,,M,618.0,905-7634,,,61471.0,S,N,95000.0,,,0.0,
,Gerbes,M,,288-2500,MEDANALES,,87548.0,,Y,100000.0,5.3,0.0,6600.0,
Klichiro,Sanghavi,F,,332-6342,,,82731.0,M,Y,45000.0,0.0,,,0.0
,Rauglaudre,,,310-7446,,TN,37501.0,S,N,80000.0,0.0,,,
,,M,605.0,933-5516,,SD,57636.0,M,,20000.0,,0.0,0.0,
Ilaria,Weinreich,F,337.0,199-4440,ROSELAND,LA,70456.0,,N,40000.0,6.0,0.0,9000.0,0.0
,Klingspor,,,489-4687,ADAMS BASIN,,14410.0,S,N,45000.0,4.2143292,0.0,,
,Linusson,M,939.0,969-3214,,PR,911.0,M,N,85000.0,0.0,0.0,,
Timucin,Malhotra,,,398-9657,FLOYD,IA,50435.0,M,,30000.0,4.795432,0.0,,0.0
Yali,Ponamgi,F,,559-6675,KANSAS,OK,74347.0,,,75000.0,6.25,,,0.0
,Amlani,M,,628-2511,SALEM,,87941.0,,N,95000.0,5.3,0.0,6600.0,
,Ramalho,M,480.0,679-7335,VERNON,AZ,85940.0,S,Y,95000.0,4.1875,,,
,Bruchert,,,430-9154,,,15923.0,M,Y,10000.0,,0.0,0.0,
Jalal,Urponen,F,317.0,865-7061,,,,S,Y,65000.0,,1000.0,0.0,1000.0
,Keskin,M,208.0,692-6620,,ID,,S,,5000.0,,3300.0,0.0,
Seshu,Clair,F,843.0,118-4462,NORTH MYRTLE BEACH,SC,,,,25000.0,,3300.0,0.0,0.0
,Beliaeva,M,308.0,996-3046,ROSELAND,NE,68973.0,,,95000.0,6.84,0.0,206.0,
,Raebel,M,,408-9904,HAIKU,,96708.0,S,Y,80000.0,8.25,,,
Eila,Giunchiglia,,205.0,175-9596,JACKSONS GAP,AL,36861.0,,Y,15000.0,5.0,0.0,3000.0,300.0
,Guardabassi,M,,310-6927,CONVERSE,LA,71419.0,M,,60000.0,6.0,0.0,9000.0,
Piergiorgio,Brunk,,256.0,819-7653,BIRMINGHAM,AL,35249.0,M,Y,55000.0,5.0,0.0,3000.0,300.0
,Landram,,,400-9043,WASHINGTON,,20594.0,M,Y,90000.0,9.0,0.0,,
Kil,Klette,,865.0,690-6292,,,37762.0,S,Y,60000.0,0.0,0.0,,0.0
,Besl,M,,366-1086,,SD,57552.0,S,,35000.0,,0.0,0.0,
Artyom,,,703.0,171-3808,MOLLUSK,VA,22517.0,,Y,30000.0,5.75,,1800.0,900.0
Hitohisa,,F,541.0,881-7275,SHANIKO,OR,,,Y,35000.0,,159.0,0.0,159.0
Shimei,Milicia,,,425-3267,,TN,38145.0,S,,30000.0,0.0,,,0.0
Tarik,,,615.0,700-2815,,TN,37347.0,S,,90000.0,,0.0,0.0,0.0
Fumino,Goradia,F,,454-1658,GREELEY,CO,80639.0,S,N,45000.0,,0.0,0.0,0.0
Baile,Poncelet,,,552-9897,GUNTOWN,MS,38849.0,M,N,45000.0,5.0,,,0.0
Asiri,,F,606.0,232-3648,MACEO,KY,,,Y,65000.0,,20.0,0.0,20.0
,Hohler,M,,317-5931,BOSSIER CITY,LA,71172.0,M,N,70000.0,6.0,0.0,9000.0,
,,M,603.0,757-2736,,NH,3451.0,M,,85000.0,,0.0,0.0,
,Zurfluh,,,379-5377,LOOKOUT MOUNTAIN,GA,30750.0,,Y,30000.0,6.0,0.0,5400.0,
Hideaki,Daws,F,,385-8839,ASHFIELD,MA,1330.0,M,N,70000.0,5.3,0.0,7150.0,0.0
Sameer,,,717.0,791-4061,,PA,15135.0,S,,55000.0,,0.0,0.0,0.0
,Rovan,,339.0,826-7606,ANDOVER,,5544.0,M,N,5000.0,5.3,,,
,Shanblatt,M,,510-2100,OOKALA,HI,96774.0,,,40000.0,8.25,,,
Prentiss,,,704.0,961-9604,FUQUAY VARINA,NC,27526.0,S,,20000.0,,,0.0,0.0
Gunvant,,F,580.0,935-9306,WARNER,OK,74469.0,M,Y,60000.0,6.25,0.0,2000.0,1000.0
Suhas,Pescio,F,,291-9575,ONTARIO,CA,91762.0,,,65000.0,9.3,,,272.0
,,,601.0,779-2253,,MS,39044.0,M,,5000.0,3.0,0.0,12000.0,
,,M,503.0,747-7633,PORTLAND,OR,,,,100000.0,,159.0,0.0,
Jiawen,Tripathy,F,,279-9163,,,3811.0,S,Y,5000.0,,0.0,0.0,0.0
,Hiroike,M,,426-1697,WILSON,,,S,Y,45000.0,,2250.0,0.0,
,Jette,M,,477-4995,GILEAD,,68362.0,M,Y,60000.0,6.84,0.0,206.0,
,,,765.0,219-7483,,IN,46777.0,M,,45000.0,3.4,0.0,2000.0,
,Besselaar,F,,485-4892,HENNING,,56551.0,M,Y,30000.0,5.8564034,0.0,6600.0,3300.0
Yingfei,Scheepers,,878.0,806-9529,,PA,19054.0,M,,10000.0,3.07,,,0.0
,Roura,,,287-9859,SMALLWOOD,NY,12778.0,S,,55000.0,4.272256,,,
Yevgeniy,Kate,F,318.0,679-4087,DOWNSVILLE,LA,71234.0,M,,20000.0,4.4,0.0,9000.0,1000.0
,Pokorny,M,939.0,763-3822,,,603.0,M,N,15000.0,0.0,,,
,,F,612.0,841-8283,NEW GERMANY,MN,,,Y,5000.0,,3300.0,0.0,3300.0
Derwent,Brazakovic,F,,474-7367,SOUTH LYON,MI,,S,N,40000.0,,3100.0,0.0,0.0
Jogesh,Bitan,F,,373-1742,SCRANTON,,,,N,55000.0,,3300.0,0.0,0.0
,,M,816.0,850-5123,MINERAL POINT,,63660.0,,Y,30000.0,6.0,,4200.0,
,Gerbe,,202.0,970-5733,WASHINGTON,DC,20215.0,M,,35000.0,9.0,0.0,2740.0,
Ventura,Bazgan,F,,536-4337,THATCHER,AZ,,S,,80000.0,,2100.0,0.0,2300.0
Lissa,,F,808.0,162-9866,LANAI CITY,,96763.0,,Y,75000.0,8.25,0.0,2080.0,1040.0
Gadi,Kuzuoka,F,,394-5733,SHUTESBURY,MA,,S,N,55000.0,5.3,3575.0,,0.0
Ido,Nagata,F,,314-3047,,WY,82301.0,S,N,5000.0,0.0,,,0.0
Taenam,Quinqueton,F,,341-1879,,NH,3592.0,S,,30000.0,0.0,,,0.0
,,M,720.0,204-8561,GREELEY,CO,80633.0,M,N,55000.0,,0.0,0.0,
Annya,Thackray,,,381-2313,ROANOKE,VA,24155.0,,N,15000.0,5.214286,0.0,1800.0,0.0
Rajib,Soleimanipour,F,,442-3211,,PR,659.0,M,,5000.0,0.0,,,0.0
,Zastre,,304.0,256-9805,CHARLESTON,,25301.0,M,N,40000.0,5.1000004,0.0,4000.0,
Jayadev,Leiwo,F,,589-8570,PINETOWN,,,,N,10000.0,6.0,3300.0,,0.0
,Chuah,,,466-1872,,FL,33617.0,S,,30000.0,,0.0,0.0,
Fumihiko,Schollmeyer,F,401.0,145-6889,,RI,2837.0,M,N,50000.0,0.0,,,0.0
,Krogh,M,,491-9265,BRADFORDSVILLE,KY,,S,,50000.0,4.611111,20.0,,
,Rivero,M,,413-2113,SILT,,81652.0,M,N,40000.0,4.63,,,
Dima,Abbod,F,,596-9235,MERIDIAN,MS,,,Y,100000.0,,6000.0,0.0,1500.0
,Baumann,F,,292-8095,COOLIN,ID,83821.0,M,,70000.0,7.8,0.0,6600.0,3300.0
,,M,662.0,129-4737,MC LAIN,MS,,,Y,50000.0,,6000.0,0.0,
,Braams,M,,572-6066,SPRINGFIELD,MA,,S,Y,80000.0,,3575.0,0.0,
,Townsend,,443.0,744-4007,GLENWOOD,MD,21738.0,M,,80000.0,4.75,0.0,4800.0,
,,M,808.0,149-4978,HONOLULU,,96814.0,,Y,25000.0,5.546053,0.0,2080.0,
Tamara,Tagansky,,336.0,197-8982,LINCOLNTON,NC,28093.0,,,70000.0,7.201049,,,0.0
,Riad,M,,377-8325,ALBUQUERQUE,,87123.0,M,N,40000.0,5.3,,,
,Wolpe,M,,282-1232,,,,S,Y,70000.0,,3300.0,0.0,
Eugeniusz,,F,810.0,654-3934,PRUDENVILLE,MI,,,N,10000.0,,3100.0,0.0,0.0
,Baudet,M,,343-8254,WASHINGTON,,,S,N,80000.0,,1370.0,0.0,
,Wolfram,M,,394-1910,NEW CASTLE,,,,N,100000.0,,110.0,0.0,
Lachlan,,,601.0,865-2763,BOGUE CHITTO,,39629.0,M,N,90000.0,5.0,0.0,12000.0,0.0
,Razavi,,848.0,220-8221,,NJ,7432.0,M,,70000.0,2.1885417,,,
,Malkhi,,901.0,788-8049,,,37748.0,M,N,95000.0,0.0,0.0,,
Min,Alberga,F,,541-1625,ALMA,,,S,N,65000.0,,700.0,0.0,0.0
Alesiano,Chleq,F,,279-8864,WESTVILLE,OK,,S,N,25000.0,,1000.0,0.0,0.0
Subhachandra,,F,626.0,958-2939,IRVINE,CA,92620.0,,,80000.0,9.3,0.0,174.0,0.0
Usha,Piette,F,401.0,232-9722,,RI,2872.0,M,,45000.0,0.0,,,0.0
,,M,720.0,909-3477,PITKIN,CO,81241.0,,,100000.0,,,0.0,
,Christianson,M,401.0,888-3660,,RI,2831.0,S,N,65000.0,,0.0,0.0,
,Moharir,,302.0,882-1250,HARTLY,DE,19953.0,S,Y,75000.0,5.95,,,
Sverker,Wichert,F,,462-2999,,NH,3781.0,S,,60000.0,,0.0,0.0,0.0
Nili,Talburt,F,913.0,818-3299,BENTLEY,,67016.0,M,N,100000.0,6.45,0.0,4500.0,0.0
Madeleine,,,731.0,843-7021,,,37347.0,M,Y,,,0.0,0.0,0.0
,Bahsoun,M,229.0,828-2843,CONYERS,GA,,S,,,,2700.0,0.0,
Erry,Dewar,F,,365-8833,LOWNDESBORO,AL,,,N,,,1500.0,0.0,0.0
Voratas,Highnam,,334.0,102-5044,STANTON,AL,36790.0,M,,55000.0,5.0,0.0,3000.0,300.0
,Greenaway,M,413.0,696-3463,STOW,MA,,S,,,,3575.0,0.0,
Gera,,F,787.0,167-1916,,PR,680.0,S,N,,,0.0,0.0,0.0
,,M,603.0,160-4213,,NH,3843.0,S,,65000.0,,0.0,0.0,
,Abella,M,303.0,711-3104,HASWELL,CO,81045.0,S,,50000.0,,0.0,0.0,
,Mandviwalla,M,,386-1889,,OH,,S,,40000.0,1.8738205,1300.0,,
,Hoeij,,202.0,840-6503,WASHINGTON,DC,20270.0,M,,80000.0,9.0,0.0,2740.0,
Heino,Schultis,F,,272-1326,WASHINGTON,UT,84780.0,M,Y,75000.0,7.0,,,2475.0
Atreye,Gunal,F,425.0,771-2539,,WA,98492.0,M,Y,20000.0,,0.0,0.0,0.0
,Kieras,M,,512-7394,EUGENE,OR,,S,,90000.0,,159.0,0.0,
Joaquin,Auletta,F,351.0,926-7222,DRACUT,,,S,N,100000.0,,3575.0,0.0,0.0
,Eyre,,,596-4948,WHITE PIGEON,MI,49099.0,M,Y,40000.0,3.9,0.0,6200.0,
,Klosgen,M,,374-2756,,,99103.0,M,N,,0.0,0.0,,
Lesley,Yaoi,F,413.0,732-2612,TYRINGHAM,,1264.0,M,N,60000.0,5.3,0.0,7150.0,0.0
Heiko,Bengtsson,F,,323-4911,HELENA,MT,59623.0,M,N,30000.0,6.9,0.0,3800.0,0.0
,LeThanh,,,370-6072,WASHINGTON,DC,20212.0,M,N,40000.0,9.0,0.0,,
Nat,Poch,,,433-4136,,,47133.0,M,Y,20000.0,3.4,,,1000.0
,Kobylarz,F,,551-4045,,ND,,S,,,2.1,3300.0,,3300.0
,Wendel,,,347-5646,,PA,17703.0,M,,,,0.0,0.0,
Cass,Caluwe,F,207.0,223-3071,,ME,4234.0,M,N,5000.0,2.2135036,0.0,5700.0,0.0
,,M,720.0,783-8862,MONTE VISTA,CO,81144.0,,N,,,,0.0,
Rayadurgam,,F,770.0,187-5954,LAWRENCEVILLE,GA,,,,,,2700.0,0.0,0.0
Takenao,,F,614.0,855-2819,,OH,,S,,,,1300.0,0.0,0.0
Margaretha,Konomi,,,477-2347,,,47136.0,M,N,100000.0,3.4,0.0,,0.0
,Gerasch,M,,365-9172,,,99767.0,S,Y,,,0.0,0.0,
,Angot,M,434.0,986-8730,ORLEAN,VA,,,Y,,,900.0,0.0,
Moritz,Yaku,F,302.0,794-7479,WILMINGTON,,,S,Y,,,110.0,0.0,110.0
,,M,626.0,915-6186,,CA,,S,,,,87.0,0.0,
,Renner,M,,523-1433,GILTNER,,68841.0,S,N,,6.84,,,
Oddvar,,F,702.0,902-3128,,,89126.0,M,Y,,,0.0,0.0,0.0
,Jarwala,,973.0,750-8057,,NJ,7606.0,M,N,60000.0,2.0308332,0.0,2000.0,
,Brustmann,M,,633-6466,BURLINGTON,MI,,S,,,,3100.0,0.0,
,Schulmeyer,,205.0,832-4009,EUTAW,,35462.0,M,Y,25000.0,5.0,,,
,Chubarov,,,320-5004,BRUCETOWN,VA,22622.0,M,N,55000.0,5.75,0.0,1800.0,
Aiqun,Larus,F,,495-6079,KNOX CITY,MO,,,N,,6.0,2100.0,,0.0
Taizan,Canos,F,,621-1731,TABLE ROCK,NE,68447.0,M,,100000.0,6.84,0.0,206.0,0.0
,Ehrhard,M,,553-1228,FILER CITY,MI,,S,Y,,,3100.0,0.0,
Shelton,Grapa,F,401.0,102-9247,,RI,2838.0,S,,,,0.0,0.0,0.0
,Urpani,M,405.0,647-7625,LEEDEY,OK,73654.0,,,45000.0,6.25,0.0,2000.0,
,Perri,M,907.0,825-5923,,AK,99583.0,M,Y,,0.0,,,
,Cremonini,M,,268-3855,JAMAICA,VA,,,,,,900.0,0.0,
,Bestgen,M,,342-4451,,VT,,S,N,,,3300.0,0.0,
,,M,720.0,726-1215,FORT COLLINS,CO,80526.0,S,,,,0.0,0.0,
,,M,603.0,693-8110,,NH,3875.0,S,,,,0.0,0.0,
Vladdimir,Mechling,,,572-2064,MORENCI,MI,49256.0,,,35000.0,3.9,,,3100.0
,Constantineau,,,543-5991,,PA,18944.0,M,Y,,,0.0,0.0,
,Kuchenhoff,M,,495-3021,CHANTILLY,VA,,S,,,5.75,900.0,,
,Thorelli,M,,444-2850,,RI,2888.0,M,N,,,0.0,0.0,
Papa,Poix,F,,589-1895,,,99791.0,S,Y,,0.0,,,0.0
Minghua,Schaub,,320.0,706-9042,MINNEAPOLIS,,55480.0,,N,,7.724066,,,0.0
,Wygladala,,410.0,736-1690,HUNT VALLEY,MD,21031.0,,N,70000.0,4.75,0.0,4800.0,
,,F,802.0,136-4613,,VT,,S,Y,,,3300.0,0.0,3300.0
,Boersma,M,,448-5585,OZARK,AL,,,,,,1500.0,0.0,
,Sawada,M,847.0,897-9028,,,62543.0,S,N,,3.0,,,
,Middeldorp,M,,366-8948,KIMBERLY,,83341.0,,Y,,7.8,,,
Giorgios,,F,787.0,649-2602,,PR,601.0,M,Y,,,0.0,0.0,0.0
,Feast,M,,467-8966,JOHN DAY,OR,97845.0,,Y,30000.0,9.0,0.0,318.0,
Rony,Brancadori,F,,295-7632,,PR,723.0,S,,,,0.0,0.0,0.0
,Grigoryev,M,925.0,249-6753,,CA,93304.0,M,,15000.0,3.0493855,0.0,174.0,
Brom,Spiegler,,419.0,864-5927,,OH,45032.0,S,N,,1.7078462,,,0.0
,Mokkedem,,443.0,154-9436,FORT GEORGE G MEADE,MD,20755.0,M,,75000.0,4.75,,,
,Carey,,,273-6493,,,19905.0,M,N,25000.0,3.5636363,0.0,220.0,
Sadeph,Morris,,,496-2201,,IN,46899.0,S,,,3.4,,,0.0
,Kayser,M,307.0,218-3510,,WY,82324.0,S,N,,,0.0,0.0,
,Lavecchia,M,202.0,872-4239,WASHINGTON,,,S,N,,9.0,1370.0,,
Hanqin,,F,605.0,216-1811,,SD,57799.0,S,Y,,,0.0,0.0,0.0
,Randi,,,620-6802,OCEAN ISLE BEACH,,28469.0,,N,50000.0,6.7814684,,,
,Beuter,M,,582-2981,CANYON CREEK,MT,,S,Y,,,1900.0,0.0,
Toshinobu,,F,781.0,873-5969,HUNTINGTON,MA,1050.0,,,90000.0,5.3,0.0,7150.0,1000.0
,,,802.0,943-5559,,VT,5478.0,M,Y,5000.0,3.6,0.0,6600.0,3300.0
Troels,Greibach,,,285-6195,UNIONVILLE,CT,6085.0,M,,20000.0,5.0,0.0,24500.0,0.0
Natraj,Fargeaud,F,,375-4395,HUNTINGTON,,,,N,,,2000.0,0.0,0.0
,,M,641.0,192-1619,OELWEIN,,,,N,,,40.0,0.0,
Misa,Wielonsky,,319.0,993-2187,DES MOINES,,50391.0,M,N,60000.0,8.98,0.0,80.0,0.0
,Schlegel,M,,415-6574,,WA,98381.0,S,Y,,0.0,,,
Arindam,Kelb,F,308.0,647-7173,BELVIDERE,NE,68315.0,M,Y,90000.0,6.84,0.0,206.0,103.0
,Losco,M,,522-5159,FISH HAVEN,,83287.0,M,Y,15000.0,5.529042,0.0,,
,Keum,M,,609-2642,,TX,77068.0,S,,,,0.0,0.0,
,Lundstrom,,,359-5836,SAINT MICHAEL,,55376.0,,N,100000.0,7.85,0.0,,
Dahlia,,,765.0,244-6435,,IN,46556.0,S,N,,,,0.0,0.0
,Cucka,M,207.0,244-3449,BELGRADE LAKES,ME,,S,N,,,2850.0,0.0,
,,,662.0,870-1691,HARPERVILLE,MS,39080.0,M,Y,85000.0,5.0,0.0,12000.0,
Filip,Schappert,F,360.0,870-9011,,WA,99134.0,S,Y,,0.0,,,0.0
,Kaizoji,M,,611-7709,STRATTON,CO,80836.0,M,Y,,,0.0,0.0,
,Pragasky,M,,491-3011,,,79325.0,M,Y,,0.0,,,
,,M,720.0,201-2620,DENVER,,80201.0,S,Y,,,,0.0,
,Papakostas,M,,587-2231,,AK,99772.0,S,Y,,0.0,,,
Balkrishna,Brustmann,F,,407-1984,CHAMA,NM,,S,N,,,3300.0,0.0,0.0
,Jayawardene,M,,408-1029,,PR,924.0,S,Y,,,0.0,0.0,
Sugwoo,Brockmeyer,F,330.0,735-5922,,OH,,S,,,,1300.0,0.0,1300.0
,Forgie,M,,462-5172,SALEM,UT,,,,,,2475.0,0.0,
,,F,701.0,732-5430,,ND,58571.0,S,,,,,0.0,3300.0
Amy,Gide,F,,496-5298,MILFORD,ME,,,N,,,2850.0,0.0,0.0
Roa,Beukering,,,638-3968,DETROIT,MI,48223.0,M,,55000.0,3.9,0.0,6200.0,0.0
Jason,,,716.0,848-6428,ROCHESTER,,14649.0,,N,,,0.0,0.0,0.0
Chase,Sutre,,973.0,971-9329,,NJ,7202.0,S,Y,,1.7154167,,,1500.0
,Pistor,,276.0,730-4993,,VA,22845.0,M,Y,10000.0,3.875,,,
Bryony,Dale,F,,401-4982,TUNNEL CITY,WI,,S,Y,,,700.0,0.0,400.0
Yardena,Zazanis,F,,444-8337,BRANSON,MO,,S,,,,2100.0,0.0,1200.0
,Hettesheimer,M,,565-8684,,TX,78658.0,M,N,,,0.0,0.0,
,Heyman,M,479.0,859-3842,SPRINGDALE,AR,72764.0,M,,20000.0,4.9682083,0.0,40.0,
Mamata,Tedijanto,F,360.0,669-2064,,,98527.0,S,N,,,0.0,0.0,0.0
,Bhoedjang,,,578-1304,ANDREWS,,29510.0,M,Y,20000.0,7.0,0.0,6600.0,
Ludomir,Pavlotskaya,,330.0,867-5921,,,43506.0,S,N,,3.2016153,,,0.0
Oskari,Colliat,F,402.0,830-6872,LINCOLN,,,,N,,,103.0,0.0,0.0
,Morrell,M,,318-3109,,AK,99684.0,S,Y,,0.0,,,
,Honkela,,,399-6111,,VA,22739.0,M,Y,10000.0,3.875,0.0,1800.0,
Yasufumi,Savasere,F,956.0,233-9260,,TX,76364.0,M,,,0.0,,,0.0
,Genssler,M,859.0,816-7350,ATHOL,KY,,S,N,,,20.0,0.0,
,Kodialam,M,,269-3394,,TX,75412.0,M,N,,0.0,0.0,,
,Trzewik,M,,329-5057,,SD,57461.0,M,N,,,0.0,0.0,
Yingjia,BaronLaurie,F,,394-6517,JACUMBA,CA,,,,,,87.0,0.0,0.0
,Bebjak,,919.0,861-1543,GERMANTON,,27019.0,M,N,35000.0,6.466783,0.0,6600.0,
Gwang,Gotzinger,,,389-6055,COLUMBUS,MS,39702.0,M,Y,25000.0,5.0,0.0,12000.0,1500.0
Tiiu,,,609.0,919-3537,,NJ,7103.0,M,,45000.0,1.7942708,,2000.0,1500.0
,,M,720.0,253-6816,FORT LYON,,81038.0,M,N,,,0.0,0.0,
,Bub,M,907.0,966-7779,,AK,99664.0,S,,,,0.0,0.0,
Arlene,Mojana,F,337.0,668-5468,URANIA,LA,71480.0,M,Y,40000.0,6.0,,,1000.0
,D'Auria,M,405.0,198-4353,ELMORE CITY,,73433.0,M,Y,95000.0,6.25,0.0,2000.0,
Yida,Handschuh,,,446-6025,WEST SUFFIELD,CT,6093.0,M,,15000.0,5.0,0.0,24500.0,0.0
,Gist,F,,379-3775,NAGS HEAD,NC,,,,,,3300.0,0.0,3300.0
,Poesio,,,276-5572,SHELDON,,5483.0,M,Y,50000.0,3.9998987,,,3300.0
Mikhail,Borucki,F,,385-5262,LAUREL,,,,N,,,2400.0,0.0,0.0
,Budinsky,M,304.0,111-1002,MOUNT GAY,WV,,,Y,,,2000.0,0.0,
Tzachi,Palaniappan,F,479.0,219-6061,,AR,72567.0,S,,,2.5778654,,,0.0
Xiaoyan,,,651.0,686-8161,DUNDAS,MN,55019.0,M,,80000.0,7.85,0.0,6600.0,0.0
,Wnek,M,,334-5074,RAYMOND,MT,59256.0,,,35000.0,6.9,0.0,3800.0,
Karin,,,704.0,780-4584,FAIRVIEW,,28730.0,M,N,75000.0,7.305944,0.0,6600.0,0.0
,Rettelbach,,,629-4393,,OH,45119.0,S,,,2.2057693,,,
,Vivekananda,M,,417-2758,,AZ,85145.0,M,,70000.0,3.8,0.0,4200.0,
Filioppo,Gurbaxani,F,,551-6850,,WY,82636.0,S,N,,,0.0,0.0,0.0
,Remp,M,,634-8855,BARTLESVILLE,,74005.0,M,Y,50000.0,6.25,,,
,Collins,M,,384-1137,,ND,58853.0,M,Y,25000.0,2.1,0.0,6600.0,
Periklis,Theodoratos,,203.0,164-8976,ESSEX,,6426.0,M,Y,55000.0,5.0,0.0,24500.0,0.0
Pini,Sarangdhar,,,452-4956,DAVENPORT,IA,52809.0,M,N,40000.0,6.339211,,,0.0
,Jayaprakash,M,,314-4135,,PR,940.0,S,,,,0.0,0.0,
,Heidecker,M,,370-5441,RIDGEFIELD,CT,,,,,,12750.0,0.0,
,Kuikka,,,406-5607,IVORYTON,CT,6442.0,,Y,45000.0,5.0,0.0,,
Vikram,Waligora,F,857.0,690-1655,WATERTOWN,MA,,S,,,,3575.0,0.0,0.0
Viktoria,Czap,F,973.0,706-9538,,NJ,,S,,,,1000.0,0.0,1500.0
,Colnari,F,336.0,877-5300,BAYBORO,NC,,S,,,,3300.0,0.0,3300.0
,,M,605.0,125-5396,,SD,57760.0,S,,,,,0.0,
,Gladwell,,,330-7233,,,5257.0,M,Y,35000.0,3.7014668,0.0,6600.0,
Ryosuke,Monarch,,,444-8925,,NJ,8069.0,S,,,2.1885417,,,1500.0
Kahoru,,F,808.0,244-6421,WAIKOLOA,,96738.0,S,Y,,,,0.0,1040.0
Ognian,Arbib,,,355-4607,HADLEY,,12835.0,S,Y,,,0.0,0.0,1000.0
,,,716.0,739-2410,BUFFALO,,14269.0,M,Y,,,0.0,0.0,
,Vigna,M,,331-9845,SAINT HELENA,,,,N,,,87.0,0.0,
,Pinho,,304.0,253-4891,WORTHINGTON,WV,26591.0,S,Y,,6.5,,,
Kyunghee,Pavlovsky,F,307.0,793-6506,,,82215.0,S,N,,0.0,,,0.0
,Wing,M,928.0,861-8613,,AZ,,S,,,,2100.0,0.0,
Motoki,,,724.0,721-3511,,,18360.0,S,Y,,,,0.0,0.0
,Schlieder,M,312.0,987-8117,,IL,61731.0,S,Y,,3.0,,,
Arif,,F,678.0,728-1098,MARIETTA,GA,,,N,,,2700.0,0.0,0.0
Mitsuhiro,,F,720.0,205-2324,PALMER LAKE,,80133.0,,Y,,,0.0,0.0,0.0
Sarosh,Khedri,F,,378-9110,MELROSE,NM,88124.0,,,100000.0,5.3,0.0,6600.0,0.0
,Bergler,F,,391-2805,ELEPHANT BUTTE,NM,,S,,,,3300.0,0.0,3300.0
Danilo,Ehrenberger,,,558-4132,,FL,32112.0,S,N,,,0.0,0.0,0.0
Marianna,Diehr,F,,318-8952,,,72752.0,M,N,5000.0,1.3826939,0.0,40.0,0.0
Narasimha,Okasaki,F,,407-4435,,,99333.0,S,Y,,0.0,,,0.0
,,M,505.0,989-5735,NAVAJO DAM,NM,87419.0,,Y,50000.0,5.3,,6600.0,
Brennan,Ranft,,,541-4852,,FL,33184.0,S,Y,,0.0,,,0.0
,Winkels,M,,316-2277,,,,S,N,,,900.0,0.0,
,Bolzoni,M,,466-3687,OCEANSIDE,OR,,,N,,,159.0,0.0,
Hiroakira,Marquardt,F,,266-9580,,RI,2880.0,S,Y,,0.0,0.0,,0.0
Yim,Schade,F,952.0,184-8469,LEWISTON,MN,55952.0,,,95000.0,7.85,,,0.0
,,M,520.0,109-6579,,AZ,85644.0,S,N,,,,0.0,
,Barreiro,M,,552-2486,COOLIDGE,AZ,85128.0,M,N,80000.0,3.955,0.0,4200.0,
,Isard,M,307.0,791-5571,,WY,82937.0,M,Y,,,0.0,0.0,
,Colorni,,,407-1845,PEROTE,,36061.0,,Y,90000.0,5.0,0.0,3000.0,
Helfried,,F,720.0,829-3843,BRANSON,CO,81027.0,M,Y,,,,0.0,0.0
,Regli,M,208.0,866-3119,CATALDO,,83810.0,S,Y,,7.8,,,
,Harnett,M,,349-2366,,PR,692.0,M,,,,0.0,0.0,
,Rehm,M,224.0,892-9126,,IL,60520.0,M,Y,80000.0,3.0,,,
Kilin,,,615.0,771-7002,,,38471.0,S,Y,,,0.0,0.0,0.0
,Hannebauer,M,,626-3467,,VT,,S,,,,3300.0,0.0,
,,,607.0,656-6996,GENOA,NY,13071.0,M,,,,,0.0,
,Okuhata,M,,345-3587,MILNESAND,,88125.0,,Y,35000.0,5.3,,,
,Katalagarianos,M,910.0,647-6892,COLLETTSVILLE,NC,,S,N,,,3300.0,0.0,
Hans,Ireland,,,500-7864,GULFPORT,MS,39507.0,M,N,10000.0,5.0,0.0,12000.0,0.0
,Andreassen,M,207.0,699-2853,PORTER,ME,4068.0,,,90000.0,8.5,0.0,5700.0,
,,M,602.0,239-2660,,AZ,85327.0,M,,65000.0,3.7224998,,4200.0,
,,M,580.0,670-6654,GRANITE,OK,73547.0,M,Y,100000.0,6.25,0.0,2000.0,
,Shepherd,,,444-1275,,IN,47012.0,M,,70000.0,3.4,,,
Soonhoi,Schaeffer,,931.0,693-4685,,TN,38048.0,M,,,0.0,,,0.0
Nadav,Abdennadher,F,,300-6057,REEDY,,,,N,,,2000.0,0.0,0.0
Jeong,Lenders,F,910.0,872-2606,DALLAS,,,S,N,,6.9912586,3300.0,,0.0
Ryuzo,Baumert,F,318.0,250-9531,VENICE,LA,,S,,,,4500.0,0.0,1000.0
Nori,Adusumilli,F,,370-4112,WASHINGTON,,,S,Y,,,1370.0,0.0,1370.0
Avijit,Estlin,F,302.0,897-3532,SELBYVILLE,DE,,,N,,,110.0,0.0,0.0
,Anderaa,M,401.0,109-1500,,RI,2912.0,M,,,,0.0,0.0,
Baiju,Cowie,,319.0,135-7236,,IA,52068.0,M,N,5000.0,0.935984,0.0,80.0,0.0
Haifeng,Charatonik,F,401.0,819-1618,,RI,2822.0,S,Y,,,0.0,0.0,0.0
Ildar,Lucco,,,493-6017,FARMINGTON,CT,6030.0,M,N,40000.0,5.0,0.0,,0.0
Mario,Kanodia,F,907.0,141-3492,,,99621.0,S,N,,,0.0,0.0,0.0
,Muharemagic,M,,394-2583,,MT,59026.0,M,Y,5000.0,2.3732758,,,
,,,703.0,764-7758,OAKWOOD,,24631.0,,N,50000.0,5.75,0.0,1800.0,
,,,563.0,986-5949,SAC CITY,,50583.0,,Y,45000.0,7.111101,0.0,80.0,
,,M,605.0,945-4817,,,57026.0,M,Y,,,0.0,0.0,
Kayhan,Kogut,F,857.0,658-6125,LYNN,,,,Y,,5.3,3575.0,,1000.0
Bilel,Wunderlin,,,571-4658,JACKSON,MS,39286.0,,Y,70000.0,5.0,0.0,12000.0,1500.0
,Hobbs,M,,359-5500,LUTHERSVILLE,,,,N,,,2700.0,0.0,
,Bugrara,M,308.0,217-1960,SUMNER,,,S,N,,,103.0,0.0,
,Diaconis,,260.0,658-1497,,IN,47344.0,M,Y,80000.0,3.4,0.0,2000.0,
Tesuro,,F,501.0,894-2896,,AR,72938.0,M,,5000.0,1.3826939,0.0,40.0,0.0
,Liscouet,,,596-3507,AUBURNDALE,WI,54412.0,M,Y,25000.0,4.880782,0.0,,
,Wika,,407.0,857-3011,,,32237.0,M,N,,,0.0,0.0,
Tereza,Plump,,304.0,793-4719,,WV,26590.0,S,,,3.7,,,2000.0
Uldis,Callen,F,,305-3946,MEADOW,UT,84644.0,,,5000.0,7.0,0.0,4950.0,2475.0
,Beh,M,406.0,160-7458,MONARCH,MT,59463.0,,Y,15000.0,6.9,0.0,3800.0,
Mostefa,Malabarba,F,,327-8557,,,98860.0,S,Y,,0.0,0.0,,0.0
Wop,Goti,F,,399-9081,,TX,78011.0,S,,,,0.0,0.0,0.0
Rafal,Punter,,,475-3326,LEESBURG,VA,20177.0,,,55000.0,5.75,,,0.0
Matti,Whitt,F,401.0,798-9072,,,2901.0,M,Y,,,0.0,0.0,0.0
,Minemura,M,,335-5376,BURWELL,NE,68823.0,M,,60000.0,6.84,,,
,Karsai,M,928.0,701-5272,HACKBERRY,AZ,,S,N,,,2100.0,0.0,
,Mikitiuk,M,307.0,959-7519,,WY,82059.0,M,Y,,0.0,,,
,,M,606.0,884-8664,,KY,,S,,,,20.0,0.0,
Swaminathan,Parascandalo,,251.0,845-5994,SPRINGVILLE,AL,35146.0,M,,45000.0,5.0,,,0.0
,,,802.0,984-9383,NORTH CLARENDON,,5759.0,,Y,55000.0,4.099376,0.0,6600.0,
Jess,,F,515.0,138-9816,CEDAR RAPIDS,,,S,N,,,40.0,0.0,0.0
Audrey,Phan,F,253.0,118-1393,,WA,99102.0,M,N,,0.0,,,0.0
,Schonegge,,901.0,214-4192,,TN,38167.0,M,,,0.0,,,
Jiansan,Yeun,,860.0,656-9492,ASHFORD,,6278.0,M,Y,95000.0,5.0,0.0,24500.0,0.0
Vincent,Baaleh,F,,543-8914,,NV,89145.0,S,,,,0.0,0.0,0.0
Charmane,Lamond,F,,354-3391,,IN,,S,Y,,3.4,1000.0,,1000.0
Cal,Bruckman,F,,504-1857,,VT,,S,N,,,3300.0,0.0,0.0
,Rozen,,202.0,940-5248,WASHINGTON,DC,20319.0,M,Y,95000.0,9.0,,,
Zhengyan,,F,808.0,928-3305,HONOLULU,HI,96844.0,,Y,90000.0,8.25,0.0,2080.0,1040.0
Fay,Pfleeger,,,641-7213,,TN,37013.0,M,Y,,0.0,,,0.0
,Rimmek,M,,611-4538,PLEASANTON,,68866.0,,N,85000.0,6.84,,,
Kazi,Giles,F,225.0,924-7457,BATON ROUGE,,70873.0,M,N,30000.0,6.0,0.0,9000.0,0.0
Sadakazu,Lohberger,F,,514-7271,KANEOHE,HI,,,,,8.25,1040.0,,0.0
,Priess,,,327-6532,HOLLANDALE,MS,38748.0,,,30000.0,5.0,,,
Brom,Whiting,,,574-9153,,NJ,7723.0,M,N,15000.0,1.4,0.0,2000.0,0.0
,Schellhorn,M,253.0,764-1262,,WA,99151.0,M,N,,0.0,,,
,Ullmer,M,,470-3487,BAILEY,,,S,N,,,3300.0,0.0,
,,M,808.0,238-5089,FORT SHAFTER,HI,96858.0,S,Y,,,,0.0,
,Czajkowski,,,345-9501,PHILADELPHIA,,39350.0,,Y,40000.0,5.0,0.0,12000.0,
,,,606.0,873-6181,,KY,42603.0,M,Y,30000.0,3.5,0.0,40.0,
Vaduvur,Genin,F,,435-1426,,NV,89156.0,M,,,,0.0,0.0,0.0
,Graef,M,,387-4794,HAZELTON,ID,,S,,,,3300.0,0.0,
Regino,Stephenson,F,,621-2294,HARTSEL,CO,80449.0,S,,,4.63,,,0.0
,Hjelsvold,,,537-1291,ATLANTIC MINE,MI,49905.0,M,N,95000.0,3.9,0.0,6200.0,
Derek,,F,520.0,687-1819,,AZ,,S,N,,,2100.0,0.0,0.0
,Botman,M,307.0,137-4553,,WY,82229.0,M,N,,,0.0,0.0,
Maire,Pagnutti,,,528-2607,KELLNERSVILLE,,54215.0,,Y,35000.0,5.0545335,,,400.0
,Kaminka,M,,573-8405,,NJ,,S,,,,1000.0,0.0,
Rex,Durre,,864.0,133-1357,BEECH ISLAND,SC,29842.0,M,,55000.0,7.0,0.0,6600.0,0.0
,Redmiles,,,286-2521,,,47438.0,S,Y,,3.4,,,
Thao,Asmussen,F,480.0,139-4382,POLACCA,AZ,,,,,,2100.0,0.0,2300.0
Salvador,Boursier,,,450-6304,,NJ,7203.0,M,,80000.0,2.34625,0.0,2000.0,0.0
Didir,Calvin,,231.0,236-1649,BLOOMFIELD HILLS,MI,48302.0,M,N,60000.0,3.9,0.0,6200.0,0.0
,,M,757.0,,,,,S,N,,,900.0,0.0,
,Slonim,,304.0,724-5557,GLADY,,26268.0,M,N,55000.0,6.1499996,,,
Naomichi,Elgaard,F,217.0,187-2770,,,61943.0,M,N,75000.0,3.0,0.0,4000.0,0.0
,Noordermeer,M,,466-5491,,LA,70664.0,M,,10000.0,2.0,,,
,,M,617.0,,MONROE BRIDGE,MA,,,N,,,3575.0,0.0,
Hisayuki,Motoda,,202.0,,WASHINGTON,DC,20392.0,S,Y,,9.0,,,1370.0
Jacqueline,,,757.0,,YORKTOWN,,23693.0,S,N,,,,0.0,0.0
,,F,701.0,785-7098,,ND,58256.0,M,Y,65000.0,2.5092063,0.0,6600.0,3300.0
Paola,,F,520.0,,,,,S,Y,,,2100.0,0.0,2300.0
,Serpell,M,402.0,,MANLEY,NE,68403.0,,,,6.84,,,
,,,731.0,,,TN,37037.0,M,N,,,0.0,0.0,
Yogendra,,F,504.0,,MORA,LA,,,,,,4500.0,0.0,1000.0
,,,727.0,,,FL,32323.0,S,,,,0.0,0.0,
Echard,Erni,F,207.0,,DRYDEN,ME,,S,Y,,,2850.0,0.0,2850.0
,,M,720.0,,RICO,CO,81332.0,,N,,,,0.0,
,Freuder,M,307.0,,,WY,82711.0,S,N,,,0.0,0.0,
,Dosser,M,202.0,,WASHINGTON,,,S,Y,,,1370.0,0.0,
,,M,816.0,654-2806,SAINT JOSEPH,MO,64505.0,,,25000.0,6.0,0.0,4200.0,
,Gautschi,M,202.0,,WASHINGTON,,,S,Y,,,1370.0,0.0,
Gert,,,740.0,200-7735,,OH,45110.0,M,Y,55000.0,2.3717437,0.0,2600.0,1300.0
Luia,Graft,,304.0,985-1913,,,25849.0,M,N,20000.0,3.7,0.0,4000.0,0.0
Duraisamy,,F,774.0,980-3611,LYNN,MA,1905.0,,N,95000.0,5.3,0.0,7150.0,0.0
,,M,605.0,,,SD,57562.0,M,N,,,0.0,0.0,
Zicheng,,F,580.0,,OKLAHOMA CITY,OK,,,N,,,1000.0,0.0,0.0
,Lapkowski,M,401.0,,,RI,2839.0,M,,,0.0,0.0,,
,Jockley,F,,614-5627,POCATELLO,,83201.0,,Y,100000.0,7.8,0.0,6600.0,3300.0
Chihong,,F,616.0,,WESTON,MI,,S,Y,,,3100.0,0.0,3100.0
Shigeyuki,Mouchtaris,,434.0,,ROANOKE,VA,24033.0,,,,5.75,,,0.0
DooHyun,Nagata,,,567-7788,CHARLESTON,WV,25336.0,M,Y,65000.0,6.5,,,2000.0
,,M,603.0,,,NH,3289.0,M,,,,0.0,0.0,
,,M,605.0,,,,57189.0,S,N,,,0.0,0.0,
,Freuder,M,970.0,,GREELEY,CO,80638.0,M,,,,0.0,0.0,
,,M,505.0,748-1005,TRUCHAS,NM,87578.0,M,N,35000.0,5.3,0.0,6600.0,
Simmi,Sensen,F,214.0,,,TX,75022.0,S,,,0.0,,,0.0
Jeremy,Thien,F,,553-6916,,,59486.0,M,N,5000.0,2.3732758,0.0,3800.0,0.0
Themis,,F,769.0,,OAK VALE,MS,,,,,,6000.0,0.0,1500.0
,Beun,,304.0,767-4728,,WV,25652.0,M,N,15000.0,3.35,0.0,4000.0,
,,M,580.0,889-3483,ACHILLE,OK,74720.0,M,,65000.0,6.25,,2000.0,
,,M,775.0,,,,89419.0,M,N,,,0.0,0.0,
LouAnn,,,502.0,,LEXINGTON,,40577.0,,Y,,,,0.0,20.0
,,,712.0,767-4621,GUERNSEY,,52221.0,M,Y,65000.0,8.98,,80.0,
Holm,,,703.0,744-8243,HAMPTON,VA,23664.0,M,Y,70000.0,5.75,0.0,1800.0,900.0
,,M,505.0,176-9716,TEXICO,NM,88135.0,M,,75000.0,5.3,0.0,6600.0,
Peiya,,F,781.0,,CHESTNUT HILL,,,S,Y,,,3575.0,0.0,1000.0
Lek,Schwertel,,248.0,,SEBEWAING,,48759.0,,N,,3.9,,,0.0
Karine,Lamping,,304.0,239-9447,BRENTON,,24818.0,M,N,65000.0,6.5,0.0,,0.0
Winston,,F,573.0,,LOWRY CITY,MO,64763.0,,,,,,0.0,0.0
,Ennals,M,405.0,,VINITA,OK,,S,Y,,,1000.0,0.0,
Ahmad,Diday,,,506-9327,VIRGINIA BEACH,VA,23452.0,M,N,45000.0,5.75,0.0,1800.0,0.0
,,M,816.0,998-9103,KANSAS CITY,MO,64168.0,,N,20000.0,6.0,0.0,4200.0,
Nourredine,Couvreur,F,,288-9980,CHEBEAGUE ISLAND,,4017.0,M,N,10000.0,4.5857663,0.0,5700.0,0.0
Gaurav,Aoe,F,307.0,,,WY,82710.0,S,N,,,0.0,0.0,0.0
Ekow,ORiain,,980.0,,CHARLOTTE,NC,28206.0,S,N,,6.0472026,,,0.0
Jungho,,,615.0,,,,37128.0,M,Y,,,0.0,0.0,0.0
,Schmezko,M,253.0,,,WA,98009.0,M,,,0.0,,,
,Ravid,,864.0,,PEAK,,29122.0,,N,,7.0,,,
Funda,,F,501.0,818-5767,FORT SMITH,AR,72903.0,M,Y,30000.0,7.0,0.0,40.0,20.0
,,M,660.0,711-3614,SAINT LOUIS,MO,63188.0,,,50000.0,6.0,0.0,4200.0,
Tiziana,,,651.0,258-6811,JORDAN,MN,55352.0,,,95000.0,7.85,,6600.0,0.0
,Fleischanderl,F,,398-1424,ANTON CHICO,NM,87711.0,M,,45000.0,5.3,0.0,6600.0,3300.0
Ingar,Kukimoto,F,,352-5314,,KS,66060.0,M,Y,15000.0,3.5,0.0,,2250.0
,Wheeler,M,,434-5247,,AR,72157.0,M,,5000.0,1.3826939,0.0,40.0,
,Schwagereit,M,479.0,233-5318,VENDOR,AR,72683.0,M,Y,85000.0,7.0,,,
Vanu,Noel,,414.0,986-6848,LANCASTER,WI,53813.0,,,70000.0,5.6626635,,,400.0
Panagiota,Vellino,,,427-5038,,,46760.0,M,Y,55000.0,3.4,0.0,2000.0,1000.0
,Muhling,M,,321-2280,GOODLAND,KS,67735.0,M,,40000.0,6.45,,,
Pengyuan,,,614.0,902-6069,,,45682.0,M,N,20000.0,1.2099231,,2600.0,0.0
,,,715.0,933-8885,GLEN FLORA,WI,54526.0,M,N,85000.0,5.9232907,0.0,1400.0,
Krister,Mookken,,901.0,,,,38174.0,M,Y,,0.0,,,0.0
Yijun,,,703.0,197-8580,MANASSAS,VA,20113.0,,,60000.0,5.75,,1800.0,0.0
Kjartan,Lust,F,225.0,153-8682,NEW ROADS,,70760.0,,Y,90000.0,6.0,0.0,,1000.0
,,,570.0,,,PA,15339.0,M,,,,,0.0,
Theodoros,,F,808.0,894-2547,KURTISTOWN,HI,96760.0,,,45000.0,8.25,0.0,2080.0,0.0
,Strubbe,M,401.0,,,RI,2903.0,S,Y,,0.0,,,
,Desbois,M,337.0,,PORT SULPHUR,,,,N,,,4500.0,0.0,
,,M,662.0,,SANDHILL,MS,,,N,,,6000.0,0.0,
,Beun,,202.0,140-7136,WASHINGTON,DC,20029.0,M,,80000.0,9.0,0.0,2740.0,
,,M,701.0,214-4356,,ND,58045.0,M,Y,70000.0,2.5671675,0.0,6600.0,
,Meysembourg,,304.0,654-1818,MOUNT ALTO,WV,25264.0,,,40000.0,5.1000004,,,
,Beigel,M,334.0,,NEWBERN,,,,Y,,,1500.0,0.0,
Bas,Papsdorf,F,406.0,886-3946,HELENA,MT,59602.0,M,Y,20000.0,6.9,,,1900.0
,Smiraglia,,202.0,992-7789,WASHINGTON,DC,20509.0,M,Y,35000.0,9.0,,,
,Seiferas,,,591-1627,,,47401.0,M,Y,50000.0,3.4,,,
Boyd,Kakuda,,212.0,,NORTH CHATHAM,NY,12132.0,,N,,,0.0,0.0,0.0
Pangfeng,Enselme,,262.0,742-9810,BRIGGSVILLE,,53920.0,M,Y,10000.0,4.620155,0.0,1400.0,400.0
,,,616.0,934-2750,TRUFANT,MI,49347.0,M,,40000.0,3.9,,6200.0,
,,,814.0,,,,18427.0,S,N,,,0.0,0.0,
,Pose,,,483-2894,VERNON,VT,5354.0,M,,60000.0,4.1988535,,,
,,M,720.0,,CHEYENNE WELLS,CO,80810.0,S,,,,0.0,0.0,
,,M,775.0,,,NV,89448.0,M,,,,0.0,0.0,
,Wyrostek,M,,272-8055,DORA,,65637.0,M,N,80000.0,6.0,0.0,4200.0,
Duane,Noble,F,307.0,,,WY,82930.0,M,N,,0.0,,,0.0
Phule,,F,602.0,787-7371,HOLBROOK,AZ,86025.0,,N,90000.0,4.11,0.0,4200.0,0.0
,,M,605.0,,,SD,57428.0,S,Y,,,,0.0,
,Milgram,,,440-9404,ELLABELL,GA,31308.0,M,N,10000.0,6.0,,,
,Mancho,M,406.0,,LOLO,MT,,,Y,,4.916379,1900.0,,
,Bateman,M,301.0,,HAGERSTOWN,,,S,N,,,2400.0,0.0,
Leiming,Neukirchner,F,208.0,,SMELTERVILLE,,83868.0,S,N,,7.8,,,0.0
,O'Riordan,,207.0,,MONROE,ME,4951.0,,,,8.5,,,
,,M,802.0,,WEST WARDSBORO,,,S,Y,,,3300.0,0.0,
,Austing,M,405.0,,,OK,,S,,,,1000.0,0.0,
,Nemani,,914.0,,AVON,NY,14414.0,S,N,,4.1853657,,,
Nadjib,Granlund,F,229.0,,PITTS,,,,Y,,,2700.0,0.0,3000.0
,Maleki,,,277-5610,HIDDENITE,NC,28636.0,,,75000.0,7.305944,0.0,,
Pang,Jording,F,410.0,,DISTRICT HEIGHTS,,,S,N,,,2400.0,0.0,0.0
Shaul,Weatherhead,,,579-9109,BALSAM LAKE,WI,54810.0,M,,65000.0,5.575788,0.0,1400.0,400.0
,Kowarski,M,402.0,,BEAVER CROSSING,,,S,N,,6.84,103.0,,
Pohua,,F,801.0,,SALT LAKE CITY,UT,,,Y,,,2475.0,0.0,2475.0
Eitesu,Grana,,,452-7347,,IA,50483.0,M,N,10000.0,1.7078737,0.0,80.0,0.0
,Burneau,,860.0,761-6734,ONECO,CT,6373.0,,,60000.0,5.0,0.0,24500.0,
Sungwon,Holsheimer,F,323.0,,,CA,,S,,,,87.0,0.0,0.0
Krzyszfof,Kodama,,302.0,214-1416,LINCOLN,,19960.0,,N,30000.0,3.9045453,0.0,,0.0
Buenaventura,,F,515.0,,MELCHER-DALLAS,IA,,,N,,,40.0,0.0,0.0
,Riefers,,334.0,895-5816,CHOCCOLOCCO,,36254.0,M,N,10000.0,5.0,,,
Rune,Toman,F,920.0,,IRON RIVER,WI,,,,,,700.0,0.0,400.0
Jine,Giacobazzi,F,302.0,,NEW CASTLE,,,,Y,,,110.0,0.0,110.0
,Clasen,M,203.0,,STAFFORD,CT,,S,N,,,12750.0,0.0,
,,M,785.0,,,KS,67337.0,S,N,,,,0.0,
Teresa,Onaga,,980.0,952-4364,DUBLIN,NC,28332.0,M,,45000.0,6.6765733,,,0.0
Abdalla,Lucco,F,240.0,,ANDREWS AIR FORCE BASE,MD,,S,N,,4.75,2400.0,,0.0
,,M,530.0,,KINGSBURG,CA,,,Y,,,87.0,0.0,
Simmi,,F,502.0,,COVINGTON,KY,,S,,,,20.0,0.0,0.0
,Rivieres,M,907.0,,SELAWIK,,99770.0,,N,,0.0,,,
Gus,Gilmore,F,309.0,,,IL,,S,Y,,,2000.0,0.0,2000.0
Jos,Nose,,334.0,,BOLIGEE,,35443.0,S,Y,,5.0,,,300.0
Bryant,,F,603.0,,ASHUELOT,NH,3441.0,M,N,,,0.0,0.0,0.0
,,M,808.0,,KAUNAKAKAI,HI,,,N,,,1040.0,0.0,
,,M,801.0,,HONEYVILLE,UT,84314.0,,N,,,,0.0,
,,M,719.0,,DENVER,,80203.0,S,N,,,0.0,0.0,
Hubert,,F,620.0,,AUBURN,KS,66402.0,S,N,,,,0.0,0.0
,Hiroyama,M,430.0,,GOBER,,75443.0,S,N,,,0.0,0.0,
,,,615.0,,LONE MOUNTAIN,,37773.0,,Y,,,0.0,0.0,
Gaby,Beoumes,F,228.0,,JACKSON,MS,,,N,,,6000.0,0.0,0.0
Zuliang,,F,701.0,,,ND,,S,N,,,3300.0,0.0,0.0
Thiel,,F,603.0,,PORTSMOUTH,NH,3804.0,,,,,0.0,0.0,0.0
Cris,,,570.0,,,PA,15961.0,M,Y,,,0.0,0.0,0.0
Emmanuel,,F,603.0,,GRANTHAM,NH,3753.0,S,Y,,,0.0,0.0,0.0
Shinkyu,Pinches,F,402.0,794-3713,LINCOLN,NE,68504.0,,,25000.0,6.5736103,,,103.0
Vic,Morris,,478.0,830-7445,ATLANTA,GA,30380.0,M,,85000.0,6.0,,,3000.0
Changsik,,,716.0,,NEW HARTFORD,NY,13413.0,,N,,,0.0,0.0,0.0
,,M,605.0,,GARY,SD,57237.0,S,Y,,,,0.0,
Sumeer,,,803.0,814-2186,COLUMBIA,SC,29221.0,M,,45000.0,7.0,0.0,6600.0,0.0
,,M,775.0,,HENDERSON,NV,89009.0,S,N,,,0.0,0.0,
,,M,605.0,,SIOUX FALLS,,57197.0,M,N,,,0.0,0.0,
Karan,Staylopatis,F,,586-4496,SOUTH BEACH,,97366.0,M,N,45000.0,9.0,,,0.0
,,,802.0,,,VT,5462.0,S,Y,,,,0.0,
Kaichang,,,540.0,983-2797,FAIRFAX,,22034.0,M,N,75000.0,5.75,0.0,1800.0,0.0
,Boville,,,357-1258,COLUMBIA,SC,29215.0,M,,35000.0,7.0,0.0,6600.0,
,Garnham,M,952.0,,MOUNTAIN IRON,MN,,,N,,,3300.0,0.0,
Eckhard,,,717.0,,,PA,19333.0,M,Y,,,0.0,0.0,0.0
,Gomide,,901.0,,NIOTA,TN,37826.0,,,,,0.0,0.0,
,,M,573.0,,PORTAGE DES SIOUX,MO,,,Y,,,2100.0,0.0,
,Galati,,407.0,,LAMONT,FL,32336.0,,,,,0.0,0.0,
Erica,,F,503.0,806-1455,PORTLAND,OR,97221.0,,N,95000.0,9.0,0.0,318.0,0.0
,Blanning,,347.0,,MOHEGAN LAKE,NY,10547.0,,,,,0.0,0.0,
,Schnelling,,,372-2786,SOD,WV,25564.0,M,Y,90000.0,6.5,,,
Meenakshi,Seguin,,234.0,100-4767,,,43540.0,M,N,5000.0,0.712,,,0.0
,Noonan,,,626-1373,RURAL HALL,,27045.0,,N,90000.0,7.6206293,,,
,Waldschmidt,,,298-2543,ACKERMAN,,39735.0,M,N,45000.0,5.0,0.0,12000.0,
Hyuk,,F,775.0,,AUSTIN,NV,89310.0,S,Y,,,0.0,0.0,0.0
,Vierke,,419.0,776-9291,,OH,43135.0,M,,10000.0,0.8779744,0.0,2600.0,
Asim,Parameswaran,F,401.0,,PROVIDENCE,RI,2940.0,,N,,0.0,,,0.0
,,M,505.0,962-6147,TEXICO,NM,88135.0,M,N,15000.0,4.957143,0.0,6600.0,
Jianyang,,F,605.0,,SIOUX FALLS,,57118.0,S,N,,,0.0,0.0,0.0
,Strijk,,,559-3549,MYSTIC,IA,52574.0,,,35000.0,5.567322,,,
,,,586.0,211-1924,CHARLEVOIX,,49720.0,M,Y,5000.0,3.9,0.0,6200.0,
Sonny,Tahe,,,281-8641,BOYLE,MS,38730.0,M,,85000.0,5.0,,,0.0
,Shemesh,M,207.0,216-5448,PARSONSFIELD,,4047.0,,N,20000.0,8.5,,,
,Slaman,M,337.0,,KEATCHIE,LA,71046.0,,,,6.0,,,
,,M,501.0,971-3305,PARAGOULD,AR,72450.0,,,45000.0,7.0,0.0,40.0,
,,,606.0,985-6258,,KY,40121.0,M,,30000.0,3.5,0.0,40.0,
Sueli,,F,804.0,,MANAKIN SABOT,VA,,,,,,900.0,0.0,900.0
Erol,Terlouw,F,208.0,680-1758,FIRTH,ID,83236.0,M,Y,35000.0,7.8,0.0,6600.0,3300.0
Ric,,F,603.0,,CENTER BARNSTEAD,NH,3225.0,M,,,,0.0,0.0,0.0
Mingsen,,,770.0,,ARGYLE,,31623.0,S,N,,,,0.0,0.0
Cis,Kamphusmann,F,317.0,,,IN,,S,N,,,1000.0,0.0,0.0
,,M,605.0,,ENNING,,57737.0,M,N,,,,0.0,
Toshinobu,Berqvist,F,843.0,,NEW ELLENTON,SC,,,,,,3300.0,0.0,0.0
,Mittal,,260.0,,,IN,46760.0,S,N,,3.4,,,
,,M,603.0,,DUNBARTON,NH,3046.0,M,,,,0.0,0.0,
Deepak,Monderer,,,367-2345,ATLANTA,GA,30333.0,M,N,5000.0,4.4,,,0.0
Yuval,,F,608.0,,POYNETTE,WI,,,N,,,700.0,0.0,0.0
,Forcheri,,931.0,,ROCKFORD,TN,37853.0,,Y,,,0.0,0.0,
Djelloul,,F,605.0,,REE HEIGHTS,SD,57371.0,,Y,,,0.0,0.0,0.0
,,M,660.0,690-7128,KANSAS CITY,MO,64165.0,,,60000.0,6.0,,4200.0,
Salah,,F,775.0,,MINA,NV,89422.0,,,,,,0.0,0.0
,Stasinski,,302.0,,WILMINGTON,DE,19898.0,S,,,5.95,,,
,Paijmans,,,564-7443,,KY,41129.0,M,,30000.0,3.5,,,
Gabi,Figueiredo,F,479.0,989-2454,BELLA VISTA,AR,72714.0,M,N,70000.0,7.0,0.0,40.0,0.0
Miguel,,F,787.0,,SAN ANTONIO,,690.0,,N,,,,0.0,0.0
,,M,505.0,,COLUMBUS,NM,,S,,,,3300.0,0.0,
Kevin,Bellmore,F,304.0,,,,,S,Y,,,2000.0,0.0,2000.0
,Preusig,,864.0,,ORANGEBURG,SC,29116.0,,,,7.0,,,
,,M,541.0,856-8845,JOHN DAY,,97845.0,,Y,85000.0,9.0,0.0,318.0,
Aki,,F,785.0,,NEAL,KS,,,Y,,,2250.0,0.0,2250.0
,Halevi,M,860.0,,HARTFORD,CT,,S,,,,12750.0,0.0,
,Dewal,M,307.0,,LOVELL,WY,82431.0,,Y,,,0.0,0.0,
,Taniar,M,302.0,,SELBYVILLE,,,,Y,,,110.0,0.0,
,Sigstam,,,468-8649,NESBIT,MS,38651.0,,,70000.0,5.0,,,
,Utku,,,488-4945,,NJ,7460.0,M,Y,55000.0,1.9519792,0.0,2000.0,
,Greenwald,M,,643-2088,,ND,58529.0,M,Y,5000.0,2.1,0.0,6600.0,
,Nyce,M,,457-9327,NOBLE,,71462.0,,N,20000.0,4.4,,,
,Gerbig,M,401.0,,PAWTUCKET,,2861.0,,N,,,0.0,0.0,
Tarik,,F,605.0,,WITTEN,SD,57584.0,S,,,,,0.0,0.0
Bryant,,F,801.0,,KOOSHAREM,UT,84744.0,,N,,,,0.0,0.0
,,M,830.0,,HOUSTON,TX,77213.0,,,,,0.0,0.0,
,Wiseman,M,435.0,,NORTH SALT LAKE,UT,,,N,,,2475.0,0.0,
Reginald,Koblitz,,,520-8698,MERIDEN,CT,6454.0,,,85000.0,5.0,0.0,,0.0
Jinya,Bala,F,334.0,,ALEXANDER CITY,,,S,Y,,,1500.0,0.0,300.0
Teruya,,F,808.0,862-2677,PAIA,HI,96779.0,,,50000.0,8.25,0.0,2080.0,0.0
Dexter,Arden,,878.0,,,PA,17582.0,S,Y,,,0.0,0.0,0.0
Darko,,F,701.0,,,ND,,S,Y,,,3300.0,0.0,3300.0
Eberhardt,Kehtarnavaz,F,401.0,,WYOMING,RI,2898.0,S,Y,,,0.0,0.0,0.0
Shimeng,Oehlmann,,202.0,911-6631,WASHINGTON,DC,20521.0,M,,50000.0,9.0,,,0.0
,,,610.0,,,PA,15444.0,S,Y,,,,0.0,
Dionysis,,F,701.0,,,ND,58048.0,S,Y,,,,0.0,3300.0
HweeHwa,,F,701.0,,,ND,,S,N,,,3300.0,0.0,0.0
,MacNair,,,294-6428,ASHEVILLE,NC,28810.0,M,,50000.0,6.7814684,0.0,,
,Iwadera,,410.0,927-4939,ELLICOTT CITY,MD,21041.0,M,N,35000.0,4.75,0.0,4800.0,
Guogen,,F,605.0,,ARTESIAN,SD,57314.0,S,Y,,,0.0,0.0,0.0
Kacem,,F,623.0,783-3490,DUNCAN,,85534.0,M,Y,80000.0,3.955,0.0,4200.0,2300.0
Slobodan,Schirra,F,401.0,,SLATERSVILLE,RI,2876.0,S,,,0.0,,,0.0
,,,585.0,,BERKSHIRE,NY,13736.0,M,Y,,,,0.0,
,Herberle,M,206.0,,BEVERLY,WA,99321.0,M,,,,0.0,0.0,
Lou,Diekert,F,843.0,,SUMMERVILLE,,,S,N,,,3300.0,0.0,0.0
,,M,802.0,,,,,S,N,,,3300.0,0.0,
,,,802.0,134-8052,WORCESTER,VT,5682.0,M,,50000.0,3.9998987,0.0,6600.0,
,Prenel,,973.0,212-6638,,,7820.0,M,N,15000.0,1.4,,,
Hermano,,F,614.0,,,OH,,S,Y,,,1300.0,0.0,1300.0
,,,812.0,,,IN,46211.0,S,N,,,,0.0,
,Wavrik,M,907.0,,PILOT POINT,AK,99649.0,,,,,0.0,0.0,
Wael,Yeom,F,907.0,,ANCHORAGE,AK,99507.0,M,,,,0.0,0.0,0.0
Ahish,Button,F,217.0,,,IL,,S,Y,,,2000.0,0.0,2000.0
Burke,Bien,F,307.0,,BURLINGTON,WY,82411.0,S,Y,,,0.0,0.0,0.0
,Luck,M,302.0,,ELLENDALE,,,S,Y,,5.95,110.0,,
Jinxi,Rosenblum,F,971.0,,ROSEBURG,,97470.0,,Y,,9.0,,,159.0
Joaquim,,F,504.0,,ARCADIA,,71001.0,S,Y,,,,0.0,1000.0
Lei,Aberg,F,253.0,,IONE,,99139.0,,Y,,,0.0,0.0,0.0
Janine,Sohoni,,202.0,,WASHINGTON,,20214.0,S,N,,5.625,,,0.0
,Cavendish,,336.0,703-2394,SPENCER,NC,28159.0,M,,65000.0,7.0961537,0.0,6600.0,3300.0
,Pocchiola,,203.0,,HARTFORD,CT,6153.0,S,,,5.0,,,
Lou,Kleinschmidt,F,,569-3025,,,85255.0,M,Y,40000.0,3.335,0.0,,2300.0
Kirsteen,VanderMeer,F,425.0,,ADDY,,99101.0,S,N,,,0.0,0.0,0.0
Nadene,,F,505.0,696-2175,ALBUQUERQUE,,87187.0,M,Y,25000.0,5.3,0.0,6600.0,3300.0
Hovav,Matteis,F,907.0,,CANTWELL,AK,99729.0,M,Y,,0.0,0.0,,0.0
Wakaha,,F,603.0,,NEWTON JUNCTION,NH,3859.0,,,,,,0.0,0.0
,,,610.0,,,,19070.0,S,Y,,,0.0,0.0,
,Marakakis,,,473-5625,ORFORDVILLE,WI,53576.0,,,30000.0,4.967658,0.0,,
Dhananjai,,F,651.0,,OGEMA,MN,,,N,,,3300.0,0.0,0.0
Akihiko,Date,F,303.0,,MANASSA,CO,81141.0,,Y,,,0.0,0.0,0.0
Viswanath,,F,775.0,,MC GILL,NV,89318.0,,,,,,0.0,0.0
,Kubicka,M,907.0,,TUNUNAK,,99681.0,S,N,,0.0,0.0,,
,,M,530.0,210-8578,REDDING,CA,96099.0,,N,80000.0,9.3,0.0,174.0,
Gavan,,F,515.0,,,IA,,S,Y,,,40.0,0.0,40.0
,,M,605.0,,KRANZBURG,,57245.0,,Y,,,0.0,0.0,
,,M,605.0,,HERRICK,SD,57538.0,,Y,,,,0.0,
,Babinski,,,437-8250,KITTY HAWK,NC,27949.0,,,75000.0,7.305944,0.0,6600.0,
,,M,614.0,,,OH,,S,Y,,,1300.0,0.0,
,Collier,,,547-7539,DAVIDSON,,28035.0,M,N,40000.0,6.571678,0.0,6600.0,
Siddharthan,Flatley,F,937.0,,,OH,,S,,,,1300.0,0.0,0.0
,,M,708.0,934-4129,,IL,60644.0,M,Y,55000.0,3.0,,4000.0,
,Globig,,301.0,169-4219,LA PLATA,MD,20646.0,,,100000.0,4.75,0.0,4800.0,
Tatsurou,,F,618.0,991-8073,,IL,60526.0,M,,15000.0,3.0,0.0,4000.0,0.0
,,,515.0,,,IA,50333.0,S,N,,,,0.0,
Tejo,,,615.0,,ELKTON,TN,38455.0,M,,,,0.0,0.0,0.0
,Sartore,M,417.0,,SAINT LOUIS,MO,63145.0,,N,,6.0,,,
Berni,Wendorf,F,,344-3531,EVERETT,MA,2149.0,M,N,80000.0,5.3,0.0,7150.0,0.0
,Zapatrin,,878.0,,,PA,15765.0,S,N,,,0.0,0.0,
,,M,775.0,,SILVERPEAK,NV,89047.0,M,N,,,0.0,0.0,
Marney,Benaloh,F,317.0,,,,,S,N,,,1000.0,0.0,0.0
,Voiskunskii,M,843.0,,,,,S,N,,,3300.0,0.0,
,Schonhut,,228.0,,POTTS CAMP,MS,38659.0,,,,5.0,,,
,Czech,,,425-9135,PITTS,GA,31072.0,,,55000.0,6.0,0.0,5400.0,
,,M,808.0,,HONOLULU,HI,96806.0,,N,,,,0.0,
,Sagonas,M,,602-8444,,NM,87930.0,M,,10000.0,3.2428572,,,
,,M,808.0,,HONOLULU,HI,,,,,,1040.0,0.0,
Ady,,F,567.0,,,OH,,S,N,,,1300.0,0.0,0.0
,,M,605.0,,LENNOX,SD,57039.0,,Y,,,0.0,0.0,
,Scofield,M,918.0,206-9335,HEADRICK,,73549.0,M,N,90000.0,6.25,,,
,Bast,M,,424-6541,NAMPA,ID,83653.0,,,40000.0,7.8,0.0,6600.0,
,Conheeney,M,410.0,,GAITHERSBURG,MD,,S,N,,,2400.0,0.0,
Hussam,,F,702.0,,DAYTON,NV,89403.0,M,N,,,0.0,0.0,0.0
Nobuhisa,,,703.0,235-9638,LYNCHBURG,,24502.0,,Y,55000.0,5.75,0.0,1800.0,900.0
,Bruso,,904.0,,TALLAHASSEE,FL,32399.0,S,Y,,,0.0,0.0,
Yoshifumi,Pitteway,,304.0,,CHARLESTON,WV,25323.0,S,N,,6.5,,,0.0
Hyongmuk,Ruger,,304.0,968-3906,GLEN,WV,25088.0,M,Y,85000.0,6.5,,,2000.0
,Hodes,,,429-1056,FREEBURN,KY,41528.0,M,,90000.0,6.0,0.0,40.0,
,,,802.0,898-9620,,VT,5732.0,M,,5000.0,3.6,0.0,6600.0,
,Ireland,M,207.0,,ATHENS,ME,,S,Y,,,2850.0,0.0,
Sachiko,,F,571.0,,BARHAMSVILLE,VA,,S,,,,900.0,0.0,900.0
,,,563.0,,DEDHAM,IA,51440.0,S,N,,,,0.0,
,Bedard,M,203.0,,NEWINGTON,CT,,,N,,,12750.0,0.0,
,,,484.0,,,PA,16621.0,S,,,,0.0,0.0,
Junho,,F,605.0,,SIOUX FALLS,,57104.0,M,Y,,,,0.0,0.0
Sanjaya,,F,505.0,,MIMBRES,NM,88049.0,,,,,,0.0,0.0
Amane,,F,603.0,,MILTON MILLS,NH,3852.0,,N,,,,0.0,0.0
,,,765.0,939-6745,,,47529.0,M,N,45000.0,3.4,0.0,2000.0,
Yulun,Bratvold,F,479.0,,GLENWOOD,AR,,S,N,,,20.0,0.0,0.0
,Pinto,M,970.0,,DENVER,,80223.0,M,N,,4.63,,,
,Junkin,,901.0,,LYNCHBURG,TN,37352.0,,,,,0.0,0.0,
Reinout,Doroslovacki,F,203.0,,KENT,CT,,,,,,12750.0,0.0,0.0
,Chi,M,360.0,,SPANGLE,WA,99031.0,S,Y,,,0.0,0.0,
,Banare,M,857.0,,DOVER,MA,,S,N,,,3575.0,0.0,
Xingbin,,F,701.0,874-3461,,ND,58353.0,M,,30000.0,2.1034775,0.0,6600.0,3300.0
Koichi,,F,505.0,,SAN FIDEL,,,,Y,,,3300.0,0.0,3300.0
Rajnish,,F,605.0,,SIOUX FALLS,SD,57193.0,S,,,,,0.0,0.0
Alfonso,Alpay,,203.0,689-2985,BRIDGEPORT,CT,6650.0,M,N,65000.0,5.0,0.0,24500.0,0.0
Eishiro,Give'on,F,,580-9036,BANDON,OR,97411.0,M,Y,40000.0,9.0,0.0,318.0,159.0
,,M,541.0,,ELGIN,OR,97827.0,S,,,,,0.0,
,Justus,M,320.0,216-6462,CLONTARF,,56226.0,M,Y,65000.0,7.724066,0.0,6600.0,
,Fleckenstein,F,,332-7934,,ND,58327.0,M,Y,5000.0,2.1,0.0,6600.0,3300.0
Youseek,Pangrle,,203.0,711-6768,NORWALK,CT,6858.0,,N,80000.0,5.0,,,0.0
,Gouy,M,304.0,,GREEN SPRING,,,S,Y,,,2000.0,0.0,
,Wenocur,,412.0,,,PA,18969.0,M,Y,,,0.0,0.0,
,,M,801.0,679-6526,NEW HARMONY,UT,84757.0,,,75000.0,7.0,,4950.0,
Nabih,,,772.0,,HIALEAH,,33013.0,,N,,,0.0,0.0,0.0
,,M,505.0,,VALDEZ,NM,,S,Y,,,3300.0,0.0,
Joost,Straubing,,256.0,891-1644,COALING,,35449.0,M,Y,65000.0,5.0,,,300.0
Moustafa,Veretennikov,,,632-2979,AYRSHIRE,,50515.0,M,Y,40000.0,6.339211,0.0,80.0,40.0
,,M,787.0,,TRUJILLO ALTO,PR,977.0,S,Y,,,,0.0,
Annig,,F,603.0,,WEST PETERBOROUGH,NH,3468.0,M,Y,,,0.0,0.0,0.0
Octavio,,F,623.0,,,,,S,Y,,,2100.0,0.0,2300.0
,,,518.0,,BROCKPORT,,14420.0,M,N,,,,0.0,
Avishai,Padiou,,,318-4872,DES MOINES,IA,50313.0,M,N,95000.0,8.98,,,0.0
Jesse,,F,775.0,,SPARKS,,89441.0,S,Y,,,0.0,0.0,0.0
,,,802.0,878-2315,,,5609.0,M,Y,40000.0,3.800944,0.0,6600.0,3300.0
Vlado,Baudin,F,480.0,,,AZ,,S,,,3.4125,2100.0,0.0,0.0
Frieda,,F,505.0,831-9975,COCHITI LAKE,NM,87083.0,M,N,30000.0,5.3,,6600.0,0.0
Baocai,Ballin,,,631-8900,WASHINGTON,DC,20549.0,M,Y,75000.0,9.0,0.0,2740.0,1370.0
,Boughanem,M,,264-2951,RIVERSIDE,OR,97917.0,,N,25000.0,9.0,0.0,318.0,
,,M,551.0,,,NJ,,S,Y,,2.5039582,1000.0,0.0,
Zalman,Irshid,F,,541-1849,MESA,AZ,85277.0,,N,100000.0,4.265,0.0,4200.0,0.0
Frederich,Isles,,256.0,205-3893,SECTION,AL,35771.0,,N,25000.0,5.0,0.0,3000.0,0.0
,,M,603.0,,LOCHMERE,,3252.0,,N,,0.0,0.0,0.0,
,,M,508.0,,DUXBURY,MA,,S,N,,5.3,3575.0,0.0,
Rarrell,Azevedo,M,,632-2452,,IL,61820.0,M,,25000.0,3.0,0.0,4000.0,
Kimaya,Fanty,,931.0,,HALLS,,38040.0,M,Y,,0.0,0.0,0.0,
,,,802.0,,,,5866.0,S,Y,,3.6,,0.0,3300.0
Jonah,Bachem,M,307.0,,WHEATLAND,,82201.0,S,Y,,0.0,0.0,0.0,
Megan,Cosoroaba,M,971.0,,PORTLAND,,,,Y,,9.0,159.0,0.0,
Kassem,Scharstein,,862.0,,,,8511.0,S,Y,,1.9519792,,,1500.0
Madhavan,Tsiolis,F,,476-4054,,,62246.0,M,Y,65000.0,3.0,0.0,4000.0,2000.0
Jide,Bayoumi,F,,515-8041,CLOUDCROFT,,88317.0,M,N,75000.0,5.3,0.0,6600.0,0.0
Carme,,F,714.0,117-4892,SUNOL,CA,94586.0,M,N,75000.0,9.3,0.0,174.0,0.0
Karina,Milojicic,,319.0,,DANA,,50064.0,S,N,,8.98,,,0.0
Souichi,,M,787.0,,DORADO,PR,646.0,S,,,0.0,0.0,0.0,
Saewoong,,F,540.0,,CHURCHVILLE,VA,,S,,,5.75,900.0,0.0,900.0
Ken'ichi,,F,708.0,217-2229,,,61777.0,M,Y,45000.0,3.0,0.0,4000.0,2000.0
Shozo,,M,816.0,,HARRIS,MO,,S,,,6.0,2100.0,0.0,
Zakarriae,,F,702.0,,LAS VEGAS,NV,89124.0,,Y,,0.0,,0.0,0.0
Makram,,F,719.0,,CONIFER,,80433.0,S,N,,4.63,,0.0,0.0
Zarko,,M,757.0,,LOCUST HILL,VA,,,Y,,5.75,900.0,0.0,
Cecile,Roncato,,301.0,257-1531,SUNDERLAND,MD,20689.0,M,Y,90000.0,4.75,,,2400.0
Tassadit,Duquenne,,,508-4599,KALAMAZOO,MI,49004.0,,,50000.0,3.9,0.0,6200.0,
Kaisa,Hikichi,,954.0,,DELRAY BEACH,,33444.0,M,Y,,0.0,0.0,0.0,0.0
Kanchana,Dharanipragada,,443.0,201-9604,WASHINGTON GROVE,,20880.0,M,N,75000.0,4.75,0.0,4800.0,
Renate,,M,757.0,,URBANNA,VA,,S,,,5.75,900.0,0.0,
Bikash,Papachristidis,M,,592-4879,BLANCHARD,LA,71009.0,M,N,65000.0,6.0,,,
Yiyun,Azulay,F,276.0,,,VA,,S,,,3.875,900.0,0.0,0.0
Eduardus,,,607.0,,WARRENSBURG,NY,12885.0,M,Y,,4.3881097,0.0,0.0,
Clares,Koprowski,M,406.0,,MISSOULA,MT,,,Y,,6.9,1900.0,,
HongJiang,Boi,F,401.0,,PROVIDENCE,RI,2901.0,,Y,,0.0,0.0,0.0,0.0
Tmima,Maksimenko,F,907.0,,LOWER KALSKAG,AK,99626.0,,,,0.0,0.0,,0.0
LiWu,Dyckhoff,M,907.0,,CIRCLE,,99733.0,M,N,,0.0,0.0,0.0,
Bogdan,,M,605.0,,TRENT,SD,57065.0,M,N,,0.0,0.0,0.0,
Raph,,M,603.0,,MONT VERNON,NH,3057.0,,,,0.0,0.0,0.0,
Barbee,,F,603.0,,GLEN,NH,3838.0,M,N,,0.0,,0.0,0.0
Hiroyuki,Messina,M,405.0,902-7883,STRANG,OK,74367.0,M,Y,80000.0,6.25,,,
Dharma,Haskins,M,847.0,,,IL,,S,Y,,3.0,2000.0,0.0,
Beat,,,704.0,,ROANOKE RAPIDS,NC,27870.0,,N,,6.0,,0.0,0.0
Subhankar,Strausfeld,M,907.0,,PELICAN,AK,99832.0,,,,0.0,,,
Anja,,,518.0,,CHADWICKS,NY,13319.0,S,N,,4.3012195,0.0,0.0,
Miodrag,Bellotti,F,907.0,,TANACROSS,,99776.0,S,Y,,0.0,0.0,0.0,0.0
Aiichiro,Deverell,F,860.0,,PLYMOUTH,CT,,,N,,5.0,12750.0,0.0,0.0
Hitofumi,,F,636.0,942-7715,SAINT LOUIS,MO,63196.0,,N,70000.0,6.0,0.0,4200.0,0.0
Noelle,Forre,M,435.0,759-9394,HEBER CITY,,84032.0,M,Y,55000.0,7.0,0.0,4950.0,
Kazufumi,,,828.0,934-9949,HALLSBORO,,28442.0,M,N,65000.0,7.0961537,,6600.0,
Prabhakar,Brundage,,,357-7100,ENOSBURG FALLS,VT,5450.0,M,,80000.0,4.5967627,0.0,6600.0,0.0
Graziano,,F,808.0,838-3072,KEKAHA,HI,96752.0,,Y,20000.0,4.644737,0.0,2080.0,1040.0
Jalel,Mokryn,M,406.0,,TROUT CREEK,,59874.0,S,Y,,6.9,,,
Manvinder,,M,620.0,,WICHITA,,,S,Y,,6.45,2250.0,0.0,
Ericka,,,814.0,,,PA,17229.0,M,N,,3.07,0.0,0.0,0.0
Doohun,Yokomizo,,,418-8948,CANE VALLEY,KY,42720.0,M,N,65000.0,5.4444447,0.0,40.0,0.0
Atsushi,Groenboom,M,302.0,,,DE,,S,N,,3.2227273,110.0,0.0,
Baback,Stefani,F,985.0,,LIBUSE,LA,71348.0,,N,,4.4,,,0.0
Nikil,,M,540.0,,STRATFORD,,,S,N,,5.75,900.0,0.0,
Ehric,Dolins,F,939.0,,SAN JUAN,PR,925.0,,Y,,0.0,0.0,0.0,0.0
Rosziati,,M,781.0,881-1862,AMHERST,MA,1002.0,M,,100000.0,5.3,,7150.0,
Garret,,M,701.0,726-1437,,ND,58752.0,M,Y,90000.0,2.7990127,0.0,6600.0,
Redha,Smolensky,F,,635-3347,NEW ORLEANS,LA,70119.0,,,90000.0,6.0,,,1000.0
Mandana,Boari,,412.0,,,,17605.0,S,N,,3.07,0.0,0.0,0.0
Ahmad,,F,541.0,,WELCHES,OR,,S,Y,,9.0,159.0,0.0,159.0
Yakkov,Lutterkort,F,207.0,232-1334,LEE,ME,4455.0,,,100000.0,8.5,0.0,,2850.0
Saddek,,F,623.0,699-7927,,AZ,85380.0,M,,30000.0,3.1799998,,4200.0,2300.0
Khaled,Vidya,M,864.0,,COLUMBIA,,,S,Y,,7.0,3300.0,0.0,
Patsy,,M,774.0,975-7019,ORANGE,,1364.0,,Y,45000.0,5.3,0.0,7150.0,
Akis,Hollenbeck,,,590-8019,HILLSVILLE,VA,24343.0,,Y,30000.0,5.75,0.0,1800.0,
Jia,,,770.0,741-7473,HOSCHTON,,30548.0,,Y,40000.0,6.0,0.0,5400.0,3000.0
Shuky,,,516.0,,CLARKSVILLE,NY,12041.0,S,,,4.330183,0.0,0.0,
Junzo,,M,551.0,,,,,S,N,,2.0308332,1000.0,0.0,
Maitreya,Honiden,F,336.0,,MIDWAY PARK,,,,N,,7.0961537,3300.0,0.0,0.0
Cecily,Metze,F,939.0,,QUEBRADILLAS,PR,678.0,,Y,,0.0,,,0.0
Hariolf,,F,787.0,,SAN JUAN,PR,913.0,,Y,,0.0,,0.0,0.0
Rockford,Backelin,,317.0,143-2472,,IN,47804.0,M,,20000.0,3.4,0.0,2000.0,
Panayiotis,Conti,,865.0,,MEMPHIS,,38136.0,,Y,,0.0,0.0,0.0,
Charly,,M,520.0,,HOUCK,AZ,,,Y,,4.11,2100.0,0.0,
Amilcar,,M,602.0,,,AZ,85067.0,S,N,,3.7224998,,0.0,
Harriet,Berleant,,901.0,,DYERSBURG,TN,38024.0,M,Y,,0.0,0.0,0.0,
Kinson,Metallidou,,914.0,,HIGHLAND FALLS,,10928.0,,N,,4.5039635,,,0.0
Ambuj,Lofaso,M,302.0,,,DE,,S,N,,3.2227273,110.0,,
Leandros,,F,580.0,,MUSKOGEE,,,,Y,,6.25,1000.0,0.0,1000.0
Kip,Campr,F,270.0,,,,,S,N,,3.2222223,20.0,0.0,0.0
Alexandros,Tokunaga,,270.0,784-9896,WEST POINT,KY,40177.0,M,Y,65000.0,5.4444447,0.0,40.0,20.0
Frederique,Colgate,M,970.0,,FRISCO,CO,80443.0,S,Y,,4.63,0.0,0.0,
Costas,Spelke,F,479.0,,NEWHOPE,AR,71959.0,,N,,7.0,,,0.0
Dharma,Kupper,M,,421-4671,WHEELER ARMY AIRFIELD,HI,96854.0,M,N,40000.0,8.25,0.0,,
Kincho,,M,763.0,,KENSINGTON,,56343.0,,Y,,7.85,,0.0,
Asham,,M,808.0,,,HI,96737.0,S,N,,1.9407895,,0.0,
Antonella,Lofaso,F,,416-9991,WEST MONROE,LA,71294.0,M,N,35000.0,6.0,0.0,,0.0
Dace,Spell,M,907.0,,TOK,AK,99779.0,M,Y,,0.0,,,
Zygmunt,,F,804.0,,BLACKSBURG,VA,,S,Y,,5.75,900.0,0.0,900.0
Elissa,Petri,F,307.0,,HILAND,WY,82638.0,,N,,0.0,,,0.0
Hinrich,,F,769.0,,GREENVILLE,MS,,S,Y,,5.0,6000.0,0.0,1500.0
Yuanhui,,F,804.0,,HARRISONBURG,VA,,S,Y,,5.75,900.0,0.0,900.0
Tomonobu,Raeithel,M,208.0,120-8734,KUNA,ID,83634.0,,,100000.0,7.8,,,
Sozo,,F,701.0,909-9805,,ND,58212.0,M,,10000.0,2.1,0.0,6600.0,0.0
Virgilio,,F,701.0,,,ND,58528.0,S,,,2.2773614,,0.0,0.0
Sakir,,,769.0,,MOOREVILLE,MS,38857.0,,,,5.0,,0.0,
Jaime,Sluizer,,845.0,,PORT WASHINGTON,,11051.0,,N,,4.0984755,,,
Masanobu,Ramamoorthy,M,870.0,,CLARKRIDGE,,72623.0,S,N,,7.0,,,
Carme,,,567.0,,,OH,45220.0,S,N,,3.533564,,0.0,0.0
Derek,Lovasz,F,260.0,,,IN,,S,Y,,3.4,1000.0,,1000.0
Clarence,,,772.0,,SAINT PETERSBURG,FL,33730.0,,N,,0.0,0.0,0.0,
Edyta,Collberg,,941.0,,INVERNESS,FL,34451.0,,Y,,0.0,0.0,0.0,
Shigetaka,Dileva,,912.0,178-5572,PITTS,GA,31072.0,,,60000.0,6.0,0.0,5400.0,
Henke,,F,620.0,816-9694,GAYLORD,KS,67638.0,M,N,40000.0,6.45,,4500.0,0.0
Theis,,M,574.0,,,IN,,S,,,3.4,1000.0,0.0,
Zhengyan,Doukas,F,207.0,,SHERIDAN,ME,,S,Y,,8.5,2850.0,0.0,2850.0
Elyse,Westby,M,,507-4429,THOMPSON,UT,84540.0,M,Y,40000.0,7.0,0.0,4950.0,
Bezalel,,,757.0,865-9117,FORT VALLEY,VA,22652.0,M,Y,35000.0,5.75,,1800.0,
Constantino,Pollermann,,931.0,,MEMPHIS,TN,38135.0,,Y,,0.0,,,
Nilanjan,Joichi,F,307.0,,TEN SLEEP,,82442.0,M,N,,0.0,0.0,0.0,0.0
Aurobindo,,,615.0,,CHARLOTTE,TN,37036.0,S,N,,0.0,0.0,0.0,
Nathalie,,M,540.0,,,,,S,Y,,3.875,900.0,0.0,
Bon,Arent,,,521-3399,JACKSONVILLE,GA,31544.0,,Y,95000.0,6.0,0.0,5400.0,3000.0
Jolanta,Czajkowski,F,,489-8621,LINCOLN,,68512.0,,Y,15000.0,4.7976766,0.0,206.0,103.0
Selwyn,,M,773.0,,,IL,60175.0,S,,,3.0,,0.0,
Mieko,Bachus,F,985.0,,MONROE,,,,Y,,6.0,4500.0,0.0,1000.0
Jaejoo,,M,701.0,186-6716,,,58477.0,M,Y,55000.0,2.3932838,0.0,6600.0,
Dingchao,Rosenberg,,,554-9150,MADISON,WI,53786.0,,N,100000.0,6.183918,,,
Lilin,Ashish,,347.0,,MARGARETVILLE,,12455.0,,N,,4.1564026,0.0,0.0,
Hieu,Whitcroft,F,208.0,,HAYDEN,ID,,S,N,,7.8,3300.0,0.0,0.0
Lambertus,,F,601.0,,PLANTERSVILLE,,,,Y,,5.0,6000.0,0.0,1500.0
Yngve,Holmback,,,556-7888,,IN,47358.0,M,,35000.0,3.4,0.0,2000.0,1000.0
Thiagarajan,Blodorn,,267.0,,,PA,18216.0,M,,,3.07,0.0,0.0,
Roland,Cornu,M,202.0,,WASHINGTON,DC,,S,,,9.0,1370.0,0.0,
Errol,,,727.0,,HAINES CITY,FL,33844.0,M,N,,0.0,,0.0,0.0
,Graw,F,843.0,,CHARLESTON AFB,SC,,S,,,7.0,3300.0,0.0,3300.0
Mabry,Wadel,F,,529-3791,PORTLAND,,97215.0,,Y,45000.0,9.0,0.0,318.0,159.0
Yannich,,M,503.0,,BUTTE FALLS,OR,,S,,,9.0,159.0,0.0,
Tyseer,,F,623.0,,QUEEN CREEK,AZ,85242.0,,,,3.955,,0.0,2300.0
Malik,,M,501.0,,DRASCO,,72530.0,S,N,,7.0,,0.0,
Moheb,Hesselink,M,334.0,,GOODWAY,,,S,Y,,5.0,1500.0,0.0,
Lundy,Dewey,F,,318-9421,KENSINGTON,,66951.0,,N,50000.0,6.45,0.0,4500.0,0.0
Yin,Hacid,,407.0,,HOMESTEAD,FL,33031.0,,,,0.0,0.0,0.0,
,,F,507.0,910-8070,HOPE,,56046.0,,Y,100000.0,7.85,0.0,6600.0,3300.0
Vicenzo,Leibs,,267.0,,,PA,19075.0,M,,,3.07,0.0,,0.0
Apkar,,,754.0,,MIAMI,FL,33185.0,,N,,0.0,0.0,0.0,
Bonggi,Ruder,,,289-8936,DANVILLE,AL,35619.0,M,Y,55000.0,5.0,,,300.0
Xiaofa,,F,601.0,,VICKSBURG,MS,,S,,,5.0,6000.0,0.0,0.0
Shuetsu,Hemaspaandra,M,907.0,,EIELSON AFB,AK,99702.0,S,,,0.0,0.0,0.0,
Pushan,Bruno,M,,312-9785,LAKE ARTHUR,NM,88253.0,,,15000.0,4.957143,0.0,6600.0,
Faris,Stamenas,,251.0,839-5200,ARLINGTON,AL,36722.0,M,Y,100000.0,5.0,,,
Elias,Vries,F,909.0,,AVENAL,CA,,S,Y,,6.590543,87.0,0.0,272.0
Sigfus,Billington,M,971.0,651-4799,WILLIAMS,OR,97544.0,M,,95000.0,9.0,0.0,318.0,
Yingxian,Theodoratos,M,408.0,,,CA,,S,,,1.869,87.0,0.0,
Kotesh,,M,785.0,105-8550,NATOMA,,67651.0,,N,60000.0,6.45,,4500.0,
Sujal,,F,563.0,,WORTHINGTON,IA,,S,,,8.98,40.0,0.0,40.0
Emanuela,,F,601.0,,VICKSBURG,MS,,S,N,,5.0,6000.0,0.0,0.0
Ahmet,,F,808.0,242-3875,PAHALA,HI,96777.0,,Y,70000.0,8.25,0.0,2080.0,1040.0
Reem,Erman,M,,641-8359,,ND,58623.0,M,,30000.0,2.1034775,0.0,6600.0,
Normand,Sudkamp,F,308.0,,BUTTE,,68722.0,S,Y,,6.84,,,103.0
,,F,507.0,,BELVIEW,MN,56214.0,S,,,5.5895944,,0.0,3300.0
Feiyu,Bars,F,,538-7367,NAGEEZI,NM,87037.0,,N,80000.0,5.3,0.0,6600.0,0.0
Philipe,Seiferas,,859.0,172-3392,JEREMIAH,,41826.0,,Y,65000.0,5.4444447,,,20.0
Hideya,Betourne,M,,455-7048,PARCEL RETURN SERVICE,DC,56920.0,,N,100000.0,9.0,0.0,2740.0,
Reinout,,F,775.0,,LAS VEGAS,NV,89147.0,,,,0.0,0.0,0.0,0.0
Xiang,Pedrotti,M,303.0,,WESTCLIFFE,CO,81252.0,S,,,4.63,,,
Yong,,F,509.0,,SPOKANE,WA,99202.0,M,,,0.0,,0.0,0.0
Hareton,Rahmel,F,,403-8476,BERKELEY,CA,94710.0,M,Y,65000.0,9.3,,,272.0
Kagan,,F,808.0,788-8741,HONOLULU,,96807.0,,N,80000.0,8.25,0.0,2080.0,0.0
Guntram,Hepplewhite,,414.0,980-9801,SHEBOYGAN FALLS,WI,53085.0,M,N,95000.0,6.097042,0.0,1400.0,0.0
Naphtali,Rosti,F,225.0,,BUNKIE,,71322.0,S,N,,6.0,,,0.0
Shalitha,Feldhoffer,M,907.0,,SITKA,AK,99835.0,S,,,0.0,0.0,0.0,
Shuzo,Rosch,F,,311-7386,SHARON,KS,67138.0,M,,60000.0,6.45,,,0.0
Jaehyung,Protsko,,304.0,,LEWISBURG,,24901.0,,N,,6.5,,,
Roelof,Lenkov,,878.0,,,PA,15412.0,S,,,3.07,0.0,,0.0
Katsuni,Rothenberg,,434.0,677-6313,JEWELL RIDGE,,24622.0,,N,95000.0,5.75,,,0.0
Cary,,F,617.0,690-8360,BABSON PARK,MA,2457.0,M,N,40000.0,5.3,0.0,7150.0,0.0
Tatsuro,,F,580.0,,OKLAHOMA CITY,OK,,,,,6.25,1000.0,0.0,1000.0
Kara,,M,701.0,,,,58030.0,S,Y,,2.451245,,0.0,
ChengFu,Katiyar,M,,621-8671,BUTTE,NE,68722.0,M,Y,85000.0,6.84,0.0,206.0,
Tareq,,F,802.0,,SAINT ALBANS,VT,,,,,3.9998987,3300.0,0.0,0.0
Truxton,Wilfing,F,918.0,,TWIN OAKS,OK,,S,,,6.25,1000.0,0.0,0.0
Chulwoo,Beck,,,596-2177,,NJ,7844.0,M,N,100000.0,2.6616669,0.0,2000.0,
Achyutram,Geser,,218.0,795-4857,SAINT PAUL,MN,55102.0,,N,25000.0,5.5895944,0.0,6600.0,
Youichi,Glymidakis,M,252.0,,HARBINGER,NC,,S,N,,6.361888,3300.0,0.0,
Jeffery,Stomenovic,M,,392-1443,CHEBEAGUE ISLAND,,4017.0,M,Y,35000.0,8.5,,,
Thomals,Laevens,F,316.0,760-5133,MANKATO,KS,66956.0,,,35000.0,6.45,0.0,,2250.0
Pak,Birchard,F,,526-1891,SAINT JAMES,,56081.0,,N,25000.0,5.5895944,0.0,6600.0,0.0
Athanassios,,F,501.0,,GLENWOOD,AR,,S,N,,7.0,20.0,0.0,0.0
Zhengping,Bellotti,,878.0,,,PA,15042.0,M,N,,3.07,0.0,0.0,
Seraffin,,M,605.0,,MC INTOSH,SD,57641.0,,,,0.0,0.0,0.0,
Roslyn,,F,757.0,,PALMYRA,VA,,,,,5.75,900.0,0.0,0.0
Joaquim,,F,760.0,,RANCHO CUCAMONGA,,,,Y,,9.3,87.0,0.0,272.0
Tokuzo,Gentina,F,401.0,,PASCOAG,RI,2859.0,,,,0.0,0.0,0.0,0.0
Shozo,Vanwelkenhuysen,M,928.0,,,AZ,,S,,,3.645,2100.0,0.0,
Bernad,Zohar,F,339.0,,PLAINVILLE,MA,,,N,,5.3,3575.0,0.0,0.0
Arunprasad,Geeter,M,971.0,923-1065,CRABTREE,OR,97335.0,M,Y,30000.0,9.0,0.0,318.0,
Yoshifumi,,F,602.0,,,AZ,,S,N,,3.645,2100.0,0.0,0.0
Venkatar,Mokryn,F,,406-2073,,AZ,85035.0,M,,60000.0,3.645,,,0.0
Sudarshan,Dale,F,337.0,,MANGHAM,LA,,,,,6.0,4500.0,0.0,0.0
Xingwei,Peterka,F,401.0,,TIVERTON,RI,2878.0,S,,,0.0,,,0.0
Changwoo,,F,701.0,,,ND,,S,N,,2.3353226,3300.0,0.0,0.0
Serban,Reiz,F,207.0,,NEWFIELD,ME,4056.0,,,,8.5,,,0.0
Hagen,Reith,M,401.0,,JOHNSTON,RI,2919.0,,Y,,0.0,,,
Konstantinos,Linsker,M,314.0,,HIGH POINT,,,,Y,,6.0,2100.0,,
Nora,Janusz,M,202.0,,WASHINGTON,,,S,N,,9.0,1370.0,0.0,
Ramjee,,,616.0,946-1294,CAPAC,MI,48014.0,M,,55000.0,3.9,0.0,6200.0,
Rowland,Boy,,,550-5353,OWINGS MILLS,MD,21117.0,,,45000.0,4.75,0.0,4800.0,
Kritchalach,Sykes,F,406.0,883-7698,CORVALLIS,,59828.0,M,Y,55000.0,6.9,,,1900.0
Tomyyuki,Toinard,M,304.0,,,WV,,S,,,3.0,2000.0,0.0,
Jinsei,,M,509.0,,NINE MILE FALLS,,99026.0,,N,,0.0,0.0,0.0,
Karl,Wachs,F,,518-4805,CLIMAX SPRINGS,,65324.0,M,Y,55000.0,6.0,0.0,4200.0,1200.0
,Zlatea,F,208.0,,BOISE,ID,,S,,,7.8,3300.0,0.0,3300.0
Yoon,Wielonsky,M,307.0,,BYRON,WY,82412.0,M,,,0.0,0.0,0.0,
Pius,Champagne,,860.0,841-1658,WASHINGTON,CT,6793.0,M,Y,60000.0,5.0,0.0,24500.0,0.0
Zakarriae,Manolakos,F,939.0,,TOA BAJA,PR,950.0,S,Y,,0.0,0.0,,0.0
Meera,Esik,M,337.0,911-9056,BATON ROUGE,,70820.0,M,Y,75000.0,6.0,0.0,9000.0,
Roselyn,Kroeker,M,304.0,,SIMPSON,WV,,S,,,6.5,2000.0,,
Dallan,,,612.0,,WINTHROP,MN,55396.0,S,Y,,5.35,,0.0,
Pushpa,Voorhoeve,M,870.0,,,AR,,S,,,3.773037,20.0,0.0,
Uriel,Almasi,F,334.0,,SAINT ELMO,AL,,,,,5.0,1500.0,0.0,300.0
Bogong,Magenheimer,,251.0,802-3097,RUSSELLVILLE,AL,35654.0,,N,10000.0,5.0,0.0,,
Asham,Amagasa,,,606-1743,WASHINGTON,DC,20407.0,M,Y,80000.0,9.0,0.0,2740.0,
Ilsoo,Varhegyi,M,913.0,779-1097,,KS,67901.0,M,N,5000.0,3.5,0.0,4500.0,
Stanislav,Boxall,M,,579-4256,,OK,74755.0,M,,5000.0,3.0555556,0.0,2000.0,
Arndt,,F,801.0,,ALTAMONT,UT,,S,Y,,7.0,2475.0,0.0,2475.0
Sarvesh,Fudos,,,445-1629,,KY,41631.0,M,,5000.0,2.1111112,0.0,40.0,20.0
Donny,Inari,M,435.0,905-6281,SANDY,UT,84094.0,,N,70000.0,7.0,0.0,4950.0,
DeWLitt,,M,623.0,,MARICOPA,AZ,,,N,,4.1875,2100.0,0.0,
Byunggyu,,,717.0,,,PA,15489.0,S,N,,3.07,0.0,0.0,0.0
Sozo,,F,775.0,,RENO,NV,89511.0,,,,0.0,,0.0,0.0
Jialin,Weiland,,,624-3360,,,44824.0,M,Y,30000.0,1.5418718,0.0,2600.0,1300.0
Youfeng,,M,808.0,685-4643,KUNIA,HI,96759.0,,Y,100000.0,8.25,,2080.0,
Shohji,Auinger,M,308.0,,MARQUETTE,NE,,,,,6.5736103,103.0,0.0,
Yildiray,Prati,F,939.0,,GUANICA,PR,653.0,S,,,0.0,,,0.0
,,,802.0,,,VT,5401.0,S,Y,,3.7014668,,0.0,3300.0
Dwight,Kochskamper,,202.0,781-3855,WASHINGTON,DC,20456.0,M,Y,60000.0,9.0,0.0,,
Gees,Marletta,M,,508-4164,,ND,58031.0,M,Y,75000.0,2.6251287,0.0,,
Hideko,Ionescu,M,952.0,,CLEAR LAKE,MN,,S,Y,,5.8564034,3300.0,0.0,
Kohei,,M,609.0,,,,,S,N,,1.4788542,1000.0,0.0,
Daya,,,484.0,,,PA,15956.0,M,N,,3.07,0.0,0.0,0.0
,,F,507.0,,WINTON,MN,,S,Y,,6.6568303,3300.0,0.0,3300.0
Nandlal,,M,787.0,,CAROLINA,,983.0,S,N,,0.0,0.0,0.0,
Antonia,,M,605.0,,SIOUX FALLS,SD,57186.0,M,N,,0.0,0.0,0.0,
Masaya,Heinisuo,F,434.0,,BARREN SPRINGS,,,S,Y,,5.75,900.0,0.0,900.0
Xiaocheng,Steinauer,,423.0,,SANTA FE,TN,38482.0,,,,0.0,,,0.0
Vahid,Cypher,F,,448-8607,HAINES,OR,97833.0,M,,15000.0,9.0,0.0,318.0,0.0
Manlio,,M,505.0,668-8777,VAUGHN,,88353.0,M,Y,95000.0,5.3,0.0,6600.0,
Nagui,,,601.0,962-6122,RAYMOND,,39154.0,,N,80000.0,5.0,0.0,12000.0,
Shreeram,Uhrig,,203.0,151-7044,NORTH GRANBY,CT,6060.0,,,50000.0,5.0,0.0,24500.0,0.0
Billur,,,515.0,230-4780,MOUNT UNION,IA,52644.0,,N,100000.0,8.98,0.0,80.0,0.0
Tamer,,,802.0,913-5446,,VT,5769.0,M,,15000.0,3.6,0.0,6600.0,
Catherina,Romijn,,848.0,,,NJ,8858.0,S,N,,1.7154167,,,
Anita,Noll,,,560-4397,BIRMINGHAM,AL,35298.0,M,Y,5000.0,5.0,,,300.0
Wynn,Tretiakoff,,347.0,,ACCORD,NY,12404.0,M,,50000.0,4.243293,0.0,0.0,
,,F,505.0,928-9548,LOS ALAMOS,NM,87544.0,,Y,35000.0,5.3,0.0,6600.0,3300.0
Hessam,Orlowska,,219.0,,,IN,47575.0,S,Y,75000.0,3.4,,,
Danielle,Boreddy,F,,289-3887,,LA,70394.0,M,N,5000.0,2.0,0.0,9000.0,0.0
Chane,,F,704.0,,NAGS HEAD,NC,,,N,95000.0,7.7255244,3300.0,0.0,0.0
Anita,Jouvelot,F,970.0,,FOWLER,CO,81039.0,M,N,,4.63,0.0,0.0,0.0
Oksana,Giesl,F,,266-9318,JACKSONPORT,,72075.0,,Y,30000.0,7.0,0.0,40.0,20.0
Gadi,Bergamini,,317.0,239-3502,,IN,47551.0,M,N,30000.0,3.4,0.0,2000.0,0.0
Haruna,Alter,,878.0,,,PA,17053.0,S,N,,3.07,0.0,0.0,
Willy,Covvey,M,401.0,,HARMONY,RI,2829.0,M,,,0.0,0.0,0.0,
Silvie,Zuberek,F,270.0,,CUMBERLAND,KY,,S,,,6.0,20.0,0.0,20.0
Lambertus,Handel,F,907.0,,BREVIG MISSION,,99785.0,S,Y,,0.0,0.0,0.0,0.0
Aggis,,,712.0,209-3989,,IA,51201.0,M,Y,5000.0,0.935984,,80.0,40.0
Bett,,,616.0,924-1618,BUCHANAN,MI,49107.0,M,N,85000.0,3.9,,6200.0,
Yonghong,Wegenkittl,,,262-3889,NEW CASTLE,DE,19720.0,,,100000.0,5.95,0.0,220.0,
Thilo,Spinney,,207.0,235-9748,ROCKPORT,ME,4856.0,,,50000.0,8.5,,,
Markian,Welham,M,253.0,,SELAH,,98942.0,,Y,30000.0,0.0,0.0,0.0,
,,F,803.0,,COLUMBIA,SC,,S,,10000.0,5.752432,3300.0,0.0,3300.0
Muralidhar,Cakir,,302.0,825-8304,,,19803.0,M,N,25000.0,3.5636363,0.0,220.0,
Wided,Zonta,,954.0,,MIAMI,FL,33151.0,,,25000.0,0.0,0.0,0.0,0.0
Taegyun,Schaft,F,857.0,,MELROSE,MA,2176.0,,,95000.0,5.3,,,1000.0
Thao,Sahidar,F,,635-7453,LAKE SPRING,MO,65532.0,,,25000.0,6.0,,,1200.0
Ulf,Thistlewaite,F,405.0,884-7929,BYARS,OK,74831.0,M,,85000.0,6.25,0.0,2000.0,1000.0
Shaye,,F,715.0,,COMSTOCK,WI,,S,,10000.0,4.620155,700.0,0.0,400.0
Mirko,Casas,,,314-6038,,,43789.0,M,N,100000.0,3.8655128,0.0,2600.0,0.0
Sandi,Berrebi,F,307.0,,AUBURN,WY,83111.0,M,,45000.0,0.0,0.0,0.0,0.0
Pieluigi,Deemter,M,913.0,,MANHATTAN,KS,,,Y,80000.0,6.45,2250.0,0.0,
Johanna,,M,808.0,701-3514,KAILUA,,96734.0,,Y,75000.0,8.25,0.0,2080.0,
Mountaz,,F,802.0,,VERSHIRE,,,S,N,60000.0,4.1988535,3300.0,0.0,0.0
Haibin,Luby,M,435.0,,KAMAS,UT,,,Y,75000.0,7.0,2475.0,,
Baio,,F,603.0,,GILMANTON IRON WORKS,NH,3837.0,S,N,25000.0,0.0,0.0,0.0,0.0
Sowmitri,Zinovjev,F,971.0,237-6271,ELMIRA,OR,97437.0,M,,95000.0,9.0,0.0,318.0,159.0
Shyamal,Khadilkar,,301.0,986-9681,SPARKS GLENCOE,MD,21152.0,M,,50000.0,4.75,0.0,4800.0,2400.0
Frederich,Cosoroaba,,267.0,,,PA,17306.0,S,N,45000.0,3.07,0.0,0.0,0.0
Carel,,,703.0,,COVINGTON,VA,24426.0,S,N,100000.0,5.75,,0.0,0.0
Eddie,,M,562.0,,SOUTH LAKE TAHOE,CA,,S,Y,30000.0,6.590543,87.0,0.0,
Wonchan,Favero,M,985.0,,SHREVEPORT,LA,,S,,90000.0,6.0,4500.0,0.0,
Xinan,,F,775.0,,ELY,NV,89315.0,S,,100000.0,0.0,,0.0,0.0
Prasadram,Pflugl,,347.0,,PAVILION,NY,14525.0,,,65000.0,4.330183,,,0.0
Larisa,Cherian,F,,402-6713,SYRACUSE,,65354.0,M,N,100000.0,6.0,0.0,4200.0,0.0
Shunichiro,Shteto,M,985.0,118-8391,JONES,LA,71250.0,,,50000.0,6.0,,,
Lionello,Monkeberg,,251.0,,GANTT,,36038.0,S,Y,65000.0,5.0,,,300.0
Sugath,Darrell,,203.0,947-5936,PAWCATUCK,CT,6379.0,,,100000.0,5.0,0.0,24500.0,
Nataraj,,F,605.0,,HOUGHTON,,57449.0,,Y,20000.0,0.0,0.0,0.0,0.0
France,Derry,M,928.0,,,AZ,,S,N,45000.0,3.4125,2100.0,0.0,
Nofumi,Musil,M,,356-7635,CAPTAIN COOK,,96704.0,M,N,45000.0,8.25,,,
,,F,505.0,,HILLSBORO,NM,,,,50000.0,5.3,3300.0,0.0,3300.0
Duanning,,F,708.0,230-8026,,IL,61572.0,M,Y,100000.0,3.0,0.0,4000.0,2000.0
Nat,Delaune,F,256.0,,HAYNEVILLE,,,S,N,75000.0,5.0,1500.0,0.0,0.0
Surath,Radzyminski,M,907.0,,COPPER CENTER,AK,99573.0,M,,90000.0,0.0,,,
Kritchalach,,F,513.0,,,,,S,N,20000.0,1.2099231,1300.0,0.0,0.0
Ingar,Shimura,,215.0,,,PA,15824.0,S,N,5000.0,3.07,,,0.0
Boonserm,Sussmann,,,531-1451,WILMINGTON,DE,19893.0,M,N,100000.0,5.95,,,
Niek,Agarawala,,443.0,236-9295,POTOMAC,,20854.0,,N,45000.0,4.75,0.0,4800.0,
Carla,Beeferman,,,604-1081,FAIR HAVEN,VT,5743.0,M,N,90000.0,4.7957172,0.0,6600.0,
Daivd,,,567.0,,,OH,43412.0,S,N,65000.0,2.7036924,,0.0,0.0
Dana,Marsden,F,304.0,,SINKS GROVE,WV,,S,Y,35000.0,4.75,2000.0,,2000.0
Cal,Pitoura,,859.0,,,KY,40003.0,S,Y,20000.0,2.9444444,,,20.0
Joep,Winters,F,307.0,,THERMOPOLIS,,82443.0,S,N,95000.0,0.0,0.0,0.0,0.0
Dian,Ashworth,M,864.0,,MAYESVILLE,SC,,,Y,10000.0,5.752432,3300.0,0.0,
Yibei,Artiges,F,478.0,,DAISY,GA,,S,,55000.0,6.0,2700.0,0.0,3000.0
Tricia,Wenger,F,401.0,,NARRAGANSETT,RI,2882.0,,,45000.0,0.0,0.0,0.0,0.0
Sreerupa,,M,503.0,721-1601,SCOTTS MILLS,OR,97375.0,,,70000.0,9.0,0.0,318.0,
Bharadwaj,,M,605.0,,LEBANON,SD,57455.0,,N,10000.0,0.0,0.0,0.0,
Juanito,Boffa,M,225.0,,GRAND CANE,,,S,N,50000.0,6.0,4500.0,0.0,
Sanjive,,M,603.0,,NORTH HAVERHILL,NH,3774.0,,,65000.0,0.0,0.0,0.0,
Bostwick,Dostal,,860.0,202-5590,BROOKFIELD,CT,6804.0,M,Y,50000.0,5.0,0.0,24500.0,0.0
Lowell,Cooke,M,307.0,,CODY,,82414.0,S,Y,40000.0,0.0,0.0,0.0,
Hjalmtyr,,M,603.0,,WEST CHESTERFIELD,NH,3466.0,S,N,80000.0,0.0,0.0,0.0,
Hyeokman,,M,787.0,,CEIBA,PR,735.0,S,N,95000.0,0.0,0.0,0.0,
Wynne,Supornpaibul,,301.0,,FRIENDSHIP,MD,20758.0,S,,55000.0,4.75,,,2400.0
Mieczyslaw,Schonegge,,202.0,,WASHINGTON,,20418.0,S,Y,15000.0,5.625,,,
Bagirath,Grabow,F,302.0,,WILMINGTON,DE,,S,N,85000.0,5.95,110.0,0.0,0.0
Demetrios,Kuchenhoff,,912.0,719-9030,DAHLONEGA,GA,30533.0,M,Y,90000.0,6.0,0.0,,3000.0
Gookhai,,M,660.0,,FREDERICKTOWN,MO,,S,N,20000.0,6.0,2100.0,0.0,
Herb,Ventura,F,308.0,,LINCOLN,NE,,,Y,20000.0,5.685643,103.0,0.0,103.0
Odette,Ruffin,F,303.0,,WESTMINSTER,,80030.0,S,N,25000.0,4.63,,,0.0
Edwige,Agosti,M,209.0,,TEMECULA,CA,,S,Y,45000.0,9.3,87.0,0.0,
Gabriele,Eustace,M,,565-4418,WARREN,MA,1083.0,M,Y,70000.0,5.3,0.0,7150.0,
Aduri,Romboli,,301.0,231-7022,ROCKVILLE,MD,20847.0,,Y,35000.0,4.75,,,2400.0
Filipe,Klingspor,M,406.0,,GREAT FALLS,MT,,S,Y,90000.0,6.9,1900.0,,
Ciyou,Pinnu,M,408.0,,SACRAMENTO,CA,95815.0,,N,80000.0,9.3,,,
Boyan,,M,801.0,,SANDY,UT,84093.0,,N,45000.0,7.0,,0.0,
Teemu,Andradas,,865.0,,KNOXVILLE,TN,37933.0,,,10000.0,0.0,0.0,0.0,
Tatsuhiro,Detro,,,548-2437,PARKSLEY,VA,23421.0,,,65000.0,5.75,0.0,1800.0,0.0
Marija,Gauyacq,M,907.0,,POINT HOPE,,99766.0,,N,60000.0,0.0,0.0,0.0,
Xuemin,Kunkdelmann,F,,529-4886,BARNARD,KS,67418.0,M,,55000.0,6.45,0.0,,0.0
Tefko,,,586.0,793-7435,JASPER,MI,49248.0,,,50000.0,3.9,0.0,6200.0,3100.0
Betty,,F,815.0,849-2115,,IL,61085.0,M,N,10000.0,3.0,0.0,4000.0,0.0
Hikyu,Bravoco,M,202.0,,WASHINGTON,DC,,S,N,65000.0,9.0,1370.0,0.0,
Jega,Cromwell,F,405.0,771-5973,ENID,,73702.0,M,Y,90000.0,6.25,0.0,2000.0,1000.0
Wyn,,M,701.0,934-5654,,ND,58104.0,M,,90000.0,2.7990127,,6600.0,
Panagiota,,,804.0,786-4336,,,22724.0,M,N,5000.0,2.5357144,,1800.0,0.0
Neville,Backelin,F,309.0,,,,,S,N,90000.0,3.0,2000.0,0.0,0.0
Chitresh,Samaras,F,402.0,,SHELBY,NE,68662.0,S,Y,40000.0,6.84,,,103.0
Kunyung,,F,787.0,,AGUADILLA,,605.0,S,Y,85000.0,0.0,0.0,0.0,0.0
Avra,Scharstein,,,573-9409,BIRMINGHAM,AL,35283.0,M,N,50000.0,5.0,,,0.0
Fan,Bateman,M,207.0,142-9553,DRYDEN,ME,4225.0,M,N,70000.0,8.5,0.0,5700.0,
Yasubumi,Azevdeo,M,307.0,,BUFORD,WY,82052.0,M,,20000.0,0.0,0.0,0.0,
Neelam,Kroha,,973.0,769-1561,,,8218.0,M,Y,100000.0,2.6616669,0.0,,
Hosahalli,,M,808.0,,HONOLULU,HI,,,N,25000.0,5.546053,1040.0,0.0,
Anup,Syrotiuk,F,907.0,,EGEGIK,AK,99579.0,M,Y,5000.0,0.0,,,0.0
Kemji,McNichols,,267.0,,,,16354.0,M,N,70000.0,3.07,0.0,,0.0
Heinrich,Roeseler,M,402.0,,SCHUYLER,NE,68661.0,,Y,95000.0,6.84,,,
Ashley,,F,801.0,,IBAPAH,UT,,,N,25000.0,7.0,2475.0,0.0,0.0
Viviana,Paleczny,,202.0,812-8146,WASHINGTON NAVY YARD,DC,20376.0,M,,50000.0,9.0,,,0.0
Akinari,Rubio,M,318.0,,LISBON,LA,71048.0,,Y,30000.0,6.0,,,
Rajive,Schapire,,212.0,,PORT KENT,NY,12975.0,,,55000.0,4.272256,,,1000.0
Kingsley,,M,605.0,,CROOKS,,57020.0,M,Y,85000.0,0.0,0.0,0.0,
Xiaoshan,Kakuma,,231.0,906-6938,BARODA,MI,49101.0,M,,65000.0,3.9,0.0,6200.0,
Borka,Winkels,F,,514-2977,IVAN,AR,71748.0,,N,75000.0,7.0,0.0,40.0,0.0
Fakher,Kabir,F,302.0,,DAGSBORO,DE,,S,Y,85000.0,5.95,110.0,0.0,110.0
Grazia,,F,830.0,,KOUNTZE,TX,77625.0,,Y,25000.0,0.0,0.0,0.0,0.0
Sebastian,Kagiwada,,865.0,,TEN MILE,TN,37880.0,M,,95000.0,0.0,0.0,0.0,0.0
Keki,Neuwirth,,229.0,,LAWRENCEVILLE,,30043.0,,Y,20000.0,6.0,,,
Lin,Dubinsky,,205.0,874-3975,HUNTSVILLE,,35809.0,,N,100000.0,5.0,0.0,3000.0,
Yuanhui,,,814.0,,,PA,15462.0,M,Y,40000.0,3.07,0.0,0.0,0.0
Gongxian,Mitoma,M,208.0,,STITES,ID,83552.0,S,N,25000.0,7.8,,,
Fujie,Poutre,F,907.0,,LOWER KALSKAG,AK,99626.0,,Y,20000.0,0.0,,,0.0
Uno,Calingaert,F,316.0,,OVERLAND PARK,KS,,,,25000.0,5.4666667,2250.0,0.0,0.0
Mick,,,724.0,,,,19053.0,S,Y,75000.0,3.07,0.0,0.0,
Madeleine,Heckroth,F,940.0,,BROWNWOOD,,76804.0,S,Y,90000.0,0.0,0.0,0.0,0.0
Christoforos,Lauterbach,,859.0,216-8262,HICKORY,KY,42051.0,,N,65000.0,5.4444447,0.0,,
Amnon,Dannevik,M,939.0,,SAN JUAN,PR,901.0,,N,90000.0,0.0,0.0,0.0,
Ling,Servieres,F,337.0,,LAFAYETTE,,70506.0,,Y,70000.0,6.0,,,1000.0
Brigitte,,F,603.0,,SULLIVAN,NH,3445.0,S,Y,35000.0,0.0,0.0,0.0,0.0
Kev,Kalb,,,360-3823,INDEPENDENCE,,38638.0,,Y,40000.0,5.0,0.0,12000.0,1500.0
Pauline,,F,787.0,,LOIZA,,772.0,,N,100000.0,0.0,0.0,0.0,0.0
Jingsen,Kusalik,M,,458-5980,BROWNVILLE JUNCTION,,4415.0,M,Y,15000.0,6.9580293,0.0,,
Vic,,F,802.0,,WILLISTON,VT,,S,,85000.0,4.69624,3300.0,0.0,0.0
Annick,Friesem,F,307.0,,FRONTIER,WY,83121.0,S,N,25000.0,0.0,0.0,0.0,0.0
Shifu,,F,580.0,,TULSA,OK,,S,,55000.0,6.25,1000.0,0.0,1000.0
Ramkrishnan,Gorg,M,401.0,,PROVIDENCE,RI,2901.0,,,5000.0,0.0,0.0,0.0,
Anestis,Zadeh,F,939.0,,CAMUY,PR,627.0,M,Y,5000.0,0.0,0.0,0.0,0.0
Mihalis,,F,515.0,,BOONE,,,S,Y,25000.0,4.0235424,40.0,0.0,40.0
Edyta,Khachiyan,M,307.0,,NATRONA,WY,82646.0,,N,50000.0,0.0,0.0,0.0,
Avadis,,F,702.0,,RENO,NV,89519.0,,Y,60000.0,0.0,0.0,0.0,0.0
Hikaru,Lisonek,M,360.0,,LA CENTER,WA,98629.0,,Y,70000.0,0.0,0.0,,
Insung,,F,808.0,103-2428,HANA,,96713.0,M,N,30000.0,6.447368,,2080.0,0.0
Vivekananda,Baptiste,,931.0,,SALTILLO,TN,38370.0,,,35000.0,0.0,0.0,0.0,0.0
Jinglie,Loganantharaj,,,329-5884,TAMASSEE,,29686.0,M,N,100000.0,7.0,0.0,,
Eduardus,,,631.0,,LITTLE NECK,NY,11363.0,,Y,85000.0,4.4460363,0.0,0.0,
,Aldous,F,208.0,,DESMET,ID,,S,,95000.0,7.8,3300.0,0.0,3300.0
Herbert,Bogomolov,M,316.0,869-2903,PARADISE,KS,67658.0,,Y,75000.0,6.45,0.0,4500.0,
Dinkar,Alfonsin,,304.0,249-1702,PREMIER,WV,24878.0,,N,55000.0,6.1499996,0.0,4000.0,
Sherif,,,802.0,,,VT,5603.0,S,,5000.0,3.6,,0.0,
France,Alpuente,M,970.0,,COLORADO SPRINGS,CO,80928.0,M,N,35000.0,4.63,0.0,0.0,
Asham,Goke,M,870.0,991-9176,MONTICELLO,AR,71656.0,,N,20000.0,4.9682083,0.0,40.0,
,,F,505.0,142-4842,QUEMADO,,87829.0,,Y,55000.0,5.3,0.0,6600.0,3300.0
Xiaoming,,,715.0,,LOYAL,WI,54446.0,,,30000.0,4.967658,,0.0,
Asuman,,M,720.0,,NEDERLAND,CO,80466.0,,N,65000.0,4.63,0.0,0.0,
Simona,Kobuchi,M,207.0,660-1080,WEST BALDWIN,ME,4091.0,M,,70000.0,8.5,0.0,,
Yacine,Stepanek,F,207.0,244-9708,WINTHROP,ME,4364.0,M,,95000.0,8.5,,,2850.0
Baltasar,Verbauwhede,M,401.0,,GREENVILLE,RI,2828.0,S,Y,30000.0,0.0,0.0,0.0,
Chetan,Leinemann,M,,338-9346,ROY,UT,84067.0,,N,45000.0,7.0,0.0,,
Myriam,,M,808.0,703-8549,J B P H H,,96860.0,,Y,25000.0,5.546053,0.0,2080.0,
Jutta,Gupte,M,973.0,,,,,S,Y,45000.0,1.7942708,1000.0,0.0,
Suzette,Aisbett,M,920.0,,SOUTH MILWAUKEE,WI,,S,,35000.0,5.0545335,700.0,0.0,
Ehric,,F,504.0,,MOUNT AIRY,LA,70076.0,,N,25000.0,6.0,,0.0,0.0
Rebecca,Rozas,,228.0,,FULTON,MS,38843.0,S,,20000.0,5.0,,,0.0
Candy,Thibadeau,F,303.0,,LITTLETON,CO,80121.0,,Y,5000.0,4.63,0.0,0.0,0.0
Chengjiang,,F,501.0,,ELIZABETH,AR,72531.0,S,Y,100000.0,7.0,,0.0,20.0
Roch,,,770.0,856-6299,ESOM HILL,GA,30138.0,M,,85000.0,6.0,,5400.0,3000.0
Redha,,F,605.0,,MARTY,SD,57361.0,,,45000.0,0.0,0.0,0.0,0.0
Leyuan,,M,505.0,,ALBUQUERQUE,,,S,N,45000.0,5.3,3300.0,0.0,
Jixin,Roantree,,330.0,,,,43909.0,S,N,90000.0,3.533564,,,0.0
Euthimios,,F,618.0,,,IL,,S,N,90000.0,3.0,2000.0,0.0,0.0
Mohd,,F,816.0,946-2991,SEDALIA,,65302.0,,N,25000.0,6.0,0.0,4200.0,0.0
Arlaana,Seung,,,414-6970,WEST BURLINGTON,IA,52655.0,M,N,60000.0,8.98,,,
Gao,,,757.0,798-3091,RADFORD,VA,24143.0,,N,80000.0,5.75,0.0,1800.0,
Boyce,,M,630.0,900-1776,,IL,62823.0,M,N,95000.0,3.0,0.0,4000.0,
Dayanand,,M,702.0,,RENO,NV,89520.0,,Y,15000.0,0.0,0.0,0.0,
Mitsuho,Lalanda,M,425.0,,PULLMAN,,99165.0,,Y,40000.0,0.0,0.0,,
Saturnino,Gierl,M,435.0,,ANETH,UT,,S,,60000.0,7.0,2475.0,0.0,
Teofilo,,,803.0,,ISLE OF PALMS,SC,29451.0,,,50000.0,7.0,,0.0,
Piyush,,F,501.0,,,AR,,S,N,10000.0,2.5778654,20.0,0.0,0.0
Pierluigi,Astor,F,302.0,,,DE,,S,Y,5000.0,2.2,110.0,0.0,110.0
Alon,,M,720.0,,YAMPA,CO,80483.0,M,Y,100000.0,4.63,,0.0,
M'hamed,,,712.0,658-1292,VINING,,52348.0,M,N,50000.0,7.8829904,0.0,80.0,
Laxmikant,Helscher,M,907.0,,KIVALINA,,99750.0,,Y,20000.0,0.0,0.0,0.0,
Kek,,,615.0,,MEMPHIS,,38181.0,,Y,10000.0,0.0,0.0,0.0,
Yongkyun,Lebel,,,535-6716,MARIETTA,GA,30008.0,,,25000.0,6.0,0.0,,3000.0
Serena,Koblick,F,225.0,,MANDEVILLE,LA,,,,50000.0,6.0,4500.0,,1000.0
Sava,Wallenborn,M,316.0,211-5390,MEADE,KS,67864.0,,,100000.0,6.45,0.0,4500.0,
Kieran,,,786.0,,DEERFIELD BEACH,,33443.0,S,Y,50000.0,0.0,0.0,0.0,
Raminder,Spirk,,302.0,,,DE,19930.0,S,,25000.0,3.5636363,,,110.0
Noriko,Kryukova,F,918.0,,JENKS,,,,N,25000.0,6.25,1000.0,,0.0
Sangho,Bashandy,M,262.0,,CUBA CITY,WI,,S,,10000.0,4.620155,700.0,0.0,
Athena,Waeselynck,,,305-8088,WIOTA,IA,50274.0,M,Y,35000.0,5.567322,0.0,80.0,
Serenella,Patkar,M,479.0,714-4730,MORROW,AR,72749.0,,,85000.0,7.0,,,
Kazuaki,,,803.0,969-3254,BLACKSTOCK,,29014.0,M,Y,30000.0,7.0,0.0,6600.0,
Tevfik,Musha,,920.0,,PALMYRA,WI,53156.0,,,15000.0,4.707031,,,
Tader,,,615.0,,ELBRIDGE,TN,38227.0,S,,40000.0,0.0,0.0,0.0,0.0
Gulbin,Taubner,M,435.0,,SEVIER,UT,,,Y,50000.0,7.0,2475.0,0.0,
Ippolito,,F,601.0,,OCEAN SPRINGS,,,,Y,35000.0,5.0,6000.0,0.0,1500.0
Jianjun,Noik,,410.0,,GREENSBORO,,21639.0,S,N,75000.0,4.75,,,
Orazio,D'Agostino,F,253.0,,TACOMA,,98477.0,M,N,70000.0,0.0,0.0,0.0,0.0
Reinhold,,F,606.0,,NEBO,KY,,,,85000.0,6.0,20.0,0.0,0.0
Augusto,,,513.0,157-8142,,OH,44691.0,M,N,85000.0,3.36759,0.0,2600.0,0.0
Zorana,Georg,M,417.0,,NOVELTY,MO,,,N,75000.0,6.0,2100.0,0.0,
Yoshiharu,,,765.0,,,IN,46410.0,S,Y,70000.0,3.4,,0.0,
Philippe,Beerel,,,582-3010,DE TOUR VILLAGE,,49725.0,M,N,50000.0,3.9,0.0,6200.0,
Subhasish,Gafter,,,310-3661,HARRIS,IA,51345.0,M,,30000.0,4.795432,0.0,80.0,
Luia,Hyvonen,F,334.0,,MAPLESVILLE,,,,Y,45000.0,5.0,1500.0,0.0,300.0
Kabekode,,M,603.0,,ROCHESTER,,3866.0,,Y,95000.0,0.0,0.0,0.0,
Chunho,Trammell,F,480.0,207-2948,,AZ,85343.0,M,N,40000.0,3.335,0.0,4200.0,0.0
Chrystopher,Braham,F,320.0,717-5995,CLONTARF,MN,56226.0,M,N,85000.0,7.85,0.0,6600.0,0.0
Grit,Abdulazizoglu,,,570-4989,,OH,45613.0,M,N,100000.0,3.8655128,0.0,2600.0,0.0
Magnus,,,843.0,105-3830,ORANGEBURG,,29118.0,,N,50000.0,7.0,,0.0,
Yongguang,Sentance,,276.0,866-6307,ROANOKE,VA,24048.0,,,80000.0,5.75,,,0.0
Meera,Brookner,M,,334-9284,VALLEY SPRINGS,,57068.0,S,Y,60000.0,0.0,0.0,0.0,
Shaker,Linusson,M,,428-1660,SLATER,CO,81653.0,M,,65000.0,4.63,0.0,,
Florentino,Dostal,,,354-9684,ALABASTER,AL,35007.0,M,Y,55000.0,5.0,0.0,3000.0,300.0
Ivan,,M,808.0,113-9848,,,96807.0,M,Y,15000.0,3.743421,0.0,2080.0,
Sanzheng,Baak,M,225.0,,COLLINSTON,LA,,S,,65000.0,6.0,4500.0,0.0,
Leliane,,,703.0,676-9116,SANDY HOOK,,23153.0,,Y,75000.0,5.75,0.0,1800.0,
Wouter,Ventura,M,,584-4348,WAIKOLOA,HI,96738.0,M,,35000.0,7.3486843,0.0,2080.0,
Keshab,Meyden,M,254.0,,BATSON,,77519.0,S,N,65000.0,0.0,,,
Koh,Kryukova,M,,577-5239,SAINT LOUIS,,63122.0,,Y,40000.0,6.0,0.0,,
Brian,,F,843.0,,JONESVILLE,SC,,,N,65000.0,7.0,3300.0,0.0,0.0
Sumali,Galand,F,,630-7259,SCOTTS VALLEY,CA,95067.0,,,25000.0,5.410157,0.0,174.0,272.0
Beshir,,M,682.0,,MISSOURI CITY,TX,77489.0,,N,40000.0,0.0,0.0,0.0,
Zhensheng,,M,641.0,,DIKE,IA,,S,N,90000.0,8.98,40.0,0.0,
Guido,Billington,M,,548-7427,WEST PAWLET,VT,,S,N,55000.0,4.099376,3300.0,0.0,
Jak,,M,603.0,170-2852,SOMERSWORTH,,3878.0,S,N,35000.0,0.0,0.0,0.0,
Penelope,,F,678.0,214-3490,HAMPTON,,,S,Y,85000.0,6.0,2700.0,0.0,3000.0
Naser,Haarhoff,F,,355-2303,OMAHA,,68137.0,,N,80000.0,6.84,0.0,206.0,0.0
Sheetal,Maksimenko,,304.0,815-9018,JOSEPHINE,WV,25857.0,,,30000.0,4.4,0.0,,2000.0
Annedore,VanScheik,,,297-5524,,NJ,7921.0,M,Y,40000.0,1.7154167,0.0,2000.0,
Sadali,,F,701.0,116-1845,,ND,58240.0,S,,25000.0,2.1,,0.0,0.0
Masanobu,Clarke,M,208.0,702-6851,MONTPELIER,,,,Y,60000.0,7.8,3300.0,0.0,
Annette,,M,801.0,239-4336,SALT LAKE CITY,UT,84111.0,,Y,70000.0,7.0,,0.0,
Algimantas,Fanty,F,,382-7252,WASHINGTON,DC,,S,Y,95000.0,9.0,1370.0,0.0,1370.0
Chuanti,,M,618.0,961-4039,,IL,,S,N,80000.0,3.0,2000.0,0.0,
Jonna,Dingus,M,918.0,728-5183,HAWORTH,,,S,Y,45000.0,6.25,1000.0,0.0,
Watani,Pidd,F,,500-8150,BUENA VISTA,CO,81211.0,M,,100000.0,4.63,,,0.0
Ziqiang,Priol,F,,415-2628,SEMINOLE,OK,74818.0,,N,15000.0,6.25,,,0.0
,,F,505.0,880-5868,,NM,87312.0,M,Y,5000.0,1.7,0.0,6600.0,3300.0
Arden,Banerji,M,430.0,210-2539,GRAND PRAIRIE,TX,75050.0,M,Y,50000.0,0.0,0.0,0.0,
Thien,,,734.0,975-7232,JAMESTOWN,MI,49427.0,,,60000.0,3.9,,0.0,0.0
Dusan,Llewellyn,F,339.0,915-1042,SANDISFIELD,MA,1255.0,,N,90000.0,5.3,0.0,,0.0
Abdelghani,Lyle,F,307.0,204-1988,MEETEETSE,WY,82433.0,,Y,85000.0,0.0,0.0,,0.0
Prodip,Ehrenberger,F,,460-1938,HONOLULU,HI,96804.0,,,60000.0,8.25,0.0,2080.0,0.0
Gonzalo,Rettinger,,,568-4838,WATERBURY CENTER,VT,5677.0,S,N,60000.0,4.1988535,,,
Narasimha,Maramtz,F,907.0,798-4137,ARCTIC VILLAGE,,99722.0,M,N,10000.0,0.0,0.0,,0.0
Atsuyoshi,Lasala,M,,264-3564,PAGUATE,NM,,,N,45000.0,5.3,3300.0,,
Vassos,Aly,F,,511-3941,SAN JUAN,PR,924.0,,,5000.0,0.0,0.0,0.0,0.0
Kazufumi,,M,775.0,237-5305,PAHRUMP,,89060.0,,Y,65000.0,0.0,,0.0,
Kyogji,Schlegel,,,591-5355,CEDAR SPRINGS,,39832.0,M,Y,75000.0,6.0,,,
Robbert,Nyrup,F,,529-5011,HIGHLAND,KS,66035.0,,,45000.0,6.45,,,2250.0
Plamenka,Baar,,,453-6291,,OH,43271.0,M,Y,95000.0,3.6995387,0.0,2600.0,1300.0
Jiri,Worfolk,M,,571-1977,BAR MILLS,,,S,N,55000.0,8.5,2850.0,0.0,
Cesur,Sluizer,M,,393-1229,EVERETT,WA,98208.0,M,Y,10000.0,0.0,,,
Hidetoshi,Tamm,M,,645-3611,,IL,,S,N,20000.0,3.0,2000.0,0.0,
Kester,,M,804.0,728-6343,LORETTO,,,,Y,25000.0,5.75,900.0,0.0,
Rejane,Korupolu,F,,314-2980,GREEN BANK,WV,,S,,80000.0,6.5,2000.0,,0.0
Didier,Joswig,M,,563-3864,,IL,61314.0,M,Y,95000.0,3.0,0.0,4000.0,
Tesuro,Bruni,,,560-8343,,IA,50573.0,M,,5000.0,0.935984,0.0,80.0,40.0
Gnanamalar,,,609.0,193-3286,,NJ,7901.0,M,N,40000.0,1.7154167,0.0,2000.0,0.0
,Mournier,F,,618-1727,PERLEY,,56574.0,,Y,35000.0,6.1232123,,,3300.0
Yatsuka,,M,602.0,976-6573,,AZ,,S,,45000.0,3.4125,2100.0,0.0,
Bianka,,M,620.0,117-8731,WESKAN,KS,67762.0,M,N,60000.0,6.45,,4500.0,
Yaakov,Jacobsson,,865.0,170-9770,BETHPAGE,TN,37022.0,S,,90000.0,0.0,0.0,0.0,0.0
Nizam,Newson,,920.0,116-3317,GREENLEAF,,54126.0,S,N,40000.0,5.1414094,,,
Kosho,Mandviwalla,F,202.0,689-7866,WASHINGTON,,,S,Y,40000.0,9.0,1370.0,,1370.0
Florentino,Yetto,F,,499-3496,SARGENT,NE,,,N,45000.0,6.84,103.0,0.0,0.0
Jeremy,Certaine,,952.0,945-1190,NERSTRAND,,55053.0,,N,45000.0,6.6568303,0.0,6600.0,0.0
,,F,505.0,655-8463,ALBUQUERQUE,NM,87104.0,M,Y,40000.0,5.3,,6600.0,3300.0
Lucia,Ghiselli,F,,505-1620,MERIDEN,,82081.0,,N,35000.0,0.0,0.0,0.0,0.0
Make,Legget,F,,378-6980,,,,S,Y,100000.0,3.4,1000.0,,1000.0
Jerome,Gadbois,F,479.0,908-9767,CLARKSVILLE,,,S,Y,55000.0,7.0,20.0,0.0,20.0
Mikko,Vinze,M,415.0,148-4273,HAYWARD,,,S,Y,40000.0,8.951314,87.0,0.0,
Pavani,Reenskaug,M,401.0,657-7719,WESTERLY,,2891.0,S,Y,5000.0,0.0,,,
Ernestine,Nuzman,M,,324-6146,KALSKAG,AK,99607.0,,N,45000.0,0.0,,,
Ragnuthan,Kontogiorgos,,302.0,714-9125,BETHEL,DE,19931.0,M,,90000.0,5.95,0.0,,110.0
Kayhan,Griffioen,F,,340-6269,LINCOLN,,68508.0,,N,10000.0,3.9097095,0.0,206.0,0.0
Devindra,Mozeico,M,,381-5872,ALLEN,SD,57714.0,S,Y,95000.0,0.0,,,
Amandio,,M,701.0,865-9135,,ND,58502.0,M,Y,65000.0,2.5092063,0.0,6600.0,
Nimmagadda,Genin,M,,422-2990,ALZADA,,59311.0,M,Y,75000.0,6.9,0.0,3800.0,
Fortney,Justin,F,907.0,172-6302,PORT ALEXANDER,AK,99836.0,,Y,40000.0,0.0,0.0,0.0,0.0
Goncalo,Philippow,M,,557-9431,EAGLE MOUNTAIN,UT,84005.0,M,Y,80000.0,7.0,,,
Shaler,Ciarlo,M,907.0,199-8806,THORNE BAY,AK,99919.0,S,,20000.0,0.0,0.0,0.0,
Annalina,Alter,F,,391-5893,BEARDEN,AR,71720.0,M,Y,20000.0,4.9682083,0.0,40.0,20.0
Adolfo,Morrill,M,,373-1950,WYARNO,WY,82845.0,M,N,100000.0,0.0,,,
Yibin,,F,712.0,869-1203,,IA,,S,,15000.0,2.479763,40.0,0.0,40.0
Svietlana,,F,541.0,137-5270,SILVERTON,OR,,S,,55000.0,9.0,159.0,0.0,159.0
Levis,Vitthal,M,207.0,124-2390,EAST WILTON,,,S,Y,20000.0,8.5,2850.0,0.0,
Andras,Regev,F,,642-6065,BURLINGTON,ME,4417.0,S,Y,40000.0,8.5,,,2850.0
Tatsuo,Shimasaki,F,401.0,839-7059,PROVIDENCE,RI,2907.0,,,25000.0,0.0,,,0.0
Branka,Messabih,M,,268-1624,LEWISVILLE,MN,56060.0,,Y,75000.0,7.85,,,
Loren,Wingstedt,F,956.0,151-8291,ACKERLY,,79713.0,S,Y,45000.0,0.0,0.0,0.0,0.0
Jea,Baroglio,,,264-9122,WASHINGTON,,20070.0,M,N,65000.0,9.0,0.0,2740.0,0.0
Souji,,M,801.0,698-8466,LAPOINT,UT,,,,90000.0,7.0,2475.0,0.0,
Chaouki,Flandrena,,305.0,938-6416,TAMPA,FL,33629.0,M,N,15000.0,0.0,0.0,0.0,0.0
Imari,Stornetta,F,,401-9856,,AZ,85611.0,S,N,70000.0,3.8,,,0.0
Tirtza,Doszkocs,F,209.0,185-4709,PALM DESERT,CA,92260.0,,,35000.0,7.7709284,0.0,174.0,0.0
Siegmar,Merico,,414.0,805-4720,ARMSTRONG CREEK,WI,54103.0,S,,70000.0,5.6626635,,,
Edison,Alexanyan,F,,353-8706,LOUIN,MS,,,Y,20000.0,5.0,6000.0,0.0,1500.0
,Hagimont,F,,531-3427,,,83274.0,M,Y,5000.0,2.6903439,0.0,6600.0,3300.0
Botond,Klimov,M,304.0,221-8640,,WV,,S,Y,10000.0,3.0,2000.0,,
Sibsankar,Feuerman,M,202.0,242-6174,WASHINGTON,DC,,S,,55000.0,9.0,1370.0,0.0,
Lluis,,M,541.0,178-2534,AURORA,,97002.0,M,Y,50000.0,9.0,0.0,318.0,
Shimeng,,,570.0,802-9890,,PA,18766.0,S,,45000.0,3.07,0.0,0.0,0.0
Swen,Schulman,M,,635-4134,CANON CITY,CO,81212.0,S,,55000.0,4.63,,,
Jeretta,Maleki,,864.0,218-4416,DAUFUSKIE ISLAND,,29915.0,M,N,65000.0,7.0,0.0,,0.0
Jinglie,,,513.0,224-8658,,,45713.0,M,Y,50000.0,2.2057693,0.0,2600.0,
Redha,Flaus,F,,282-8742,,OH,,S,,65000.0,2.7036924,1300.0,0.0,0.0
Yukuo,Deppe,,,354-8188,WINTER HAVEN,FL,33880.0,M,Y,25000.0,0.0,0.0,0.0,0.0
Liangjie,Michailidis,F,303.0,820-8915,BURLINGTON,,80807.0,M,N,75000.0,4.63,,,0.0
Pirjo,Worland,F,,452-5030,,IL,60457.0,M,N,25000.0,3.0,0.0,4000.0,0.0
Amparo,Whitcomb,M,971.0,772-8188,UNION,OR,,S,Y,15000.0,9.0,159.0,0.0,
Jess,,F,603.0,944-1563,EAST HAMPSTEAD,,3826.0,S,Y,45000.0,0.0,,0.0,0.0
Paitoon,,M,765.0,816-1079,,,,S,Y,75000.0,3.4,1000.0,0.0,
Athomas,Nisiyama,M,405.0,202-2669,LOCO,OK,73442.0,,N,45000.0,6.25,,,
Hagbal,,F,702.0,134-4568,CRYSTAL BAY,NV,89402.0,M,Y,30000.0,0.0,0.0,0.0,0.0
Jaeho,Mikkilineni,F,,458-1196,,,61774.0,M,Y,35000.0,3.0,,,2000.0
Joper,Toinard,,203.0,695-3262,MANCHESTER,,6042.0,,Y,15000.0,5.0,0.0,24500.0,0.0
Gloria,,,770.0,857-2790,ATLANTA,GA,30366.0,M,Y,55000.0,6.0,0.0,5400.0,3000.0
Barnaby,Burroughs,M,870.0,904-7754,IMBODEN,AR,,,Y,95000.0,7.0,20.0,0.0,
Anke,Catot,M,,321-7523,WAMSUTTER,WY,82336.0,M,Y,5000.0,0.0,0.0,0.0,
Gihwan,Adolphson,F,939.0,802-7458,SAN JUAN,PR,928.0,,Y,60000.0,0.0,0.0,0.0,0.0
Dharma,,M,605.0,975-3767,STRANDBURG,SD,57265.0,S,N,80000.0,0.0,0.0,0.0,
Cis,Olsztyn,,,646-5988,LE ROY,WV,25252.0,,N,60000.0,6.5,,,0.0
,Lichnewsky,F,952.0,222-6608,CASS LAKE,,,S,Y,35000.0,6.1232123,3300.0,,3300.0
Kui,Ciampi,,,305-1845,ATLANTA,,30359.0,M,Y,90000.0,6.0,0.0,5400.0,
Cara,,,615.0,760-3193,MURFREESBORO,TN,37127.0,,Y,60000.0,0.0,,0.0,
Yeogirl,Goodenday,M,,526-3591,VALLEY CENTER,KS,67147.0,M,,60000.0,6.45,0.0,4500.0,
Ortrun,Pine,F,,645-8702,NULATO,,99765.0,,N,15000.0,0.0,,,0.0
Rosita,Futagami,M,,537-3102,BOZEMAN,MT,,S,,65000.0,6.9,1900.0,0.0,
Judee,Dongen,,231.0,878-9190,TAYLOR,,48180.0,M,N,25000.0,3.9,0.0,6200.0,0.0
Aysegul,Lelouche,,865.0,845-9818,INDIAN MOUND,TN,37079.0,,N,60000.0,0.0,0.0,,
Cesur,Goff,M,432.0,180-7494,LAZBUDDIE,TX,79053.0,,Y,30000.0,0.0,0.0,0.0,
Masamitsu,Weisler,M,402.0,220-6871,HICKMAN,,68372.0,,Y,30000.0,6.84,0.0,206.0,
Paramsothy,,M,702.0,162-2146,LAS VEGAS,,89103.0,,Y,55000.0,0.0,0.0,0.0,
Rabab,,,678.0,719-1584,ATLANTA,GA,30364.0,M,,5000.0,4.4,0.0,5400.0,
Jadwiga,,F,515.0,989-9096,NORTHBORO,,,,Y,65000.0,8.98,40.0,0.0,40.0
Harman,Anson,M,401.0,780-6175,WEST GREENWICH,RI,2817.0,M,N,25000.0,0.0,0.0,0.0,
Jooseok,Srimani,F,,575-2182,LICKING,,65542.0,,N,60000.0,6.0,,,0.0
Amstein,,F,603.0,691-2290,HOOKSETT,NH,3106.0,,Y,45000.0,0.0,0.0,0.0,0.0
Rabin,Ogurol,,901.0,910-6761,GAINESBORO,TN,38562.0,S,,85000.0,0.0,,,
Saharon,Giloi,,228.0,170-5326,POPLARVILLE,MS,39470.0,,,90000.0,5.0,0.0,12000.0,1500.0
Marinos,Kavaky,F,913.0,955-7457,DERBY,,,S,Y,95000.0,6.45,2250.0,0.0,2250.0
Galal,Nekvinda,,862.0,837-3779,,NJ,7029.0,M,Y,40000.0,1.7154167,,,
Harumi,,,802.0,796-6772,ADAMANT,VT,5640.0,M,N,55000.0,4.099376,0.0,6600.0,
Reginald,Oksanen,F,918.0,233-9882,BISON,OK,73720.0,M,,20000.0,6.25,,,0.0
Fredric,Bedard,,423.0,963-6714,THORN HILL,TN,37881.0,S,N,5000.0,0.0,0.0,0.0,
Berend,Parish,,860.0,893-3114,WATERBURY,CT,6703.0,S,Y,70000.0,5.0,,,0.0
Nicklas,Cavalieri,M,,545-3817,FORT OGLETHORPE,,,S,N,95000.0,6.0,2700.0,0.0,
Jayanti,,M,603.0,906-8489,ROCHESTER,,3866.0,,N,40000.0,0.0,0.0,0.0,
Florimond,Gamerman,F,,478-6716,,KS,66508.0,M,N,10000.0,3.5,0.0,4500.0,0.0
Takeshige,Pocchiola,F,308.0,990-2356,WALLACE,NE,69169.0,M,,65000.0,6.84,,,103.0
Takashige,,M,603.0,773-9809,MOULTONBOROUGH,NH,3254.0,,,85000.0,0.0,0.0,0.0,
Yadran,Brabec,,,421-8236,WOODBINE,MD,21797.0,M,,5000.0,4.75,0.0,4800.0,0.0
Sulaiman,Minot,M,,313-4399,MINTURN,CO,81645.0,,,40000.0,4.63,,,
Timothy,Juneja,,,499-5271,BUHL,MN,55713.0,M,,100000.0,7.85,0.0,6600.0,0.0
Shaygan,Godliman,,,402-5453,,SC,29934.0,M,,5000.0,3.563716,0.0,6600.0,0.0
Eiichiro,,,551.0,658-5425,,NJ,8005.0,M,N,65000.0,2.1096876,0.0,2000.0,0.0
Xiufeng,Ledru,,317.0,168-8372,,IN,47853.0,M,,85000.0,3.4,0.0,,0.0
Leone,,M,612.0,174-2821,YOUNG AMERICA,,,S,Y,100000.0,7.85,3300.0,0.0,
Clay,,M,603.0,906-9168,TILTON,NH,3276.0,M,Y,40000.0,0.0,0.0,0.0,
Zuliang,Altenkirch,F,251.0,888-7880,CAMP HILL,AL,,S,N,85000.0,5.0,1500.0,0.0,0.0
Jan,,M,620.0,147-2869,,,67550.0,S,N,5000.0,3.5,,0.0,
Ceri,,M,808.0,868-1743,SCHOFIELD BARRACKS,HI,,,N,50000.0,8.25,1040.0,0.0,
Salwa,Esposito,F,,357-2577,DECKERVILLE,MI,,S,,65000.0,3.9,3100.0,0.0,0.0
Yon,Rheingans,,912.0,706-7498,PEACHTREE CITY,GA,30269.0,,,40000.0,6.0,,,
Saeeiab,Braunschweig,F,,461-3257,WILBER,NE,,S,,20000.0,5.685643,103.0,0.0,103.0
Kaname,Alberti,M,207.0,662-3713,WATERFORD,,,S,N,40000.0,8.5,2850.0,0.0,
Kang,Zettel,,,552-7392,TUSCALOOSA,,35402.0,M,Y,90000.0,5.0,0.0,3000.0,
Tingfang,,F,573.0,907-2644,FLORISSANT,MO,,S,,40000.0,6.0,2100.0,0.0,0.0
Dixie,,M,501.0,731-7825,,AR,72461.0,M,Y,10000.0,2.5778654,0.0,40.0,
Blair,,M,775.0,818-7970,LAS VEGAS,NV,89144.0,,Y,35000.0,0.0,0.0,0.0,
Yoshinari,Baum,M,,336-3807,MALTA,ID,,,N,15000.0,5.529042,3300.0,0.0,
Shaul,,F,787.0,208-5376,VEGA BAJA,PR,693.0,M,,100000.0,0.0,,0.0,0.0
Zhongde,Mallach,F,,523-9267,BOISE,ID,,S,N,85000.0,7.8,3300.0,,0.0
Dmitry,Mokkedem,,,486-1027,WILMINGTON,DE,19804.0,S,N,100000.0,5.95,,,0.0
Windsor,Remp,F,,589-5210,KIHEI,HI,96753.0,,,65000.0,8.25,,,0.0
Ryosuke,Bogle,F,314.0,912-2636,SALISBURY,MO,65281.0,,,30000.0,6.0,0.0,4200.0,0.0
Mara,,M,623.0,857-3596,,,,S,N,70000.0,3.8,2100.0,0.0,
Amabile,,M,636.0,165-6085,OAK GROVE,MO,64075.0,,Y,45000.0,6.0,0.0,4200.0,
Debatosh,Bari,F,,562-6812,OKLAHOMA CITY,OK,73142.0,,N,45000.0,6.25,0.0,2000.0,0.0
Arden,Daneels,M,,278-9984,,IL,,S,Y,60000.0,3.0,2000.0,0.0,
Iara,Futtersack,,980.0,739-1503,PINETOWN,NC,27865.0,,Y,35000.0,6.466783,0.0,6600.0,
Dedre,,M,603.0,707-1159,CHESTERFIELD,NH,3443.0,M,Y,25000.0,0.0,0.0,0.0,
Carolina,,F,808.0,683-6121,HONOLULU,HI,,,Y,45000.0,8.25,1040.0,0.0,1040.0
Takehito,Gursel,F,,554-3140,WINSTON SALEM,NC,,S,,75000.0,7.305944,3300.0,0.0,0.0
Rafols,Abdulazizoglu,F,406.0,804-3956,RAYNESFORD,MT,,,,70000.0,6.9,1900.0,0.0,1900.0
Taeho,Saffell,,878.0,876-3572,,PA,19074.0,M,,20000.0,3.07,,,0.0
Madhu,,,608.0,764-9218,WEST SALEM,,54669.0,M,Y,70000.0,5.6626635,0.0,1400.0,400.0
Fumitake,Namjoshi,M,,612-2188,FORT MORGAN,CO,80701.0,S,Y,50000.0,4.63,,,
Yue,Bruchert,,315.0,883-3270,ALBANY,NY,12232.0,M,N,25000.0,4.0984755,0.0,0.0,0.0
Solomon,,,502.0,257-6375,PIKEVILLE,KY,41501.0,,,90000.0,6.0,,0.0,20.0
Srilata,Papastamatiou,F,307.0,212-9713,LITTLE AMERICA,WY,82929.0,,,40000.0,0.0,,,0.0
Jutta,Zajac,M,,434-6426,,,59803.0,M,N,5000.0,2.3732758,0.0,3800.0,
Ryuichi,Arbia,M,,328-5241,ATKA,AK,99547.0,S,,10000.0,0.0,0.0,0.0,
Rein,Bocca,F,406.0,955-8010,BELFRY,MT,59008.0,M,,45000.0,6.9,0.0,3800.0,0.0
Kalervo,Fayolle,M,,502-4431,DURANT,,74701.0,M,Y,40000.0,6.25,0.0,2000.0,
Shish,Haarhoff,F,253.0,748-7607,KENT,WA,98042.0,,,95000.0,0.0,0.0,0.0,0.0
Coco,Uhrik,F,,340-8270,HOLUALOA,HI,,,N,85000.0,8.25,1040.0,0.0,0.0
Itsuko,,F,774.0,952-5838,SAGAMORE BEACH,,2562.0,,N,90000.0,5.3,,0.0,0.0
Aimin,,,551.0,947-6681,,NJ,7627.0,M,Y,30000.0,1.5577083,,2000.0,
Federico,Sollins,,,504-1212,WINSTONVILLE,MS,38781.0,S,N,50000.0,5.0,,,
Dongshik,,M,503.0,845-8172,MALIN,OR,,,N,75000.0,9.0,159.0,0.0,
Jermy,,F,775.0,785-8895,BATTLE MOUNTAIN,,89820.0,M,N,55000.0,0.0,0.0,0.0,0.0
Minjae,Pinho,,,343-7915,,,43085.0,S,Y,45000.0,2.039795,,,1300.0
Rangaswamy,,F,775.0,901-6336,MINA,NV,89422.0,,,60000.0,0.0,,0.0,0.0
Servet,,M,573.0,200-7364,TALLAPOOSA,MO,63878.0,M,,80000.0,6.0,0.0,4200.0,
Gill,,,607.0,807-5707,COTTEKILL,NY,12419.0,S,Y,20000.0,4.0695124,,0.0,1000.0
Sebastien,Yemenis,,,352-3725,,PA,17235.0,S,,30000.0,3.07,0.0,0.0,0.0
Christiaan,,F,605.0,176-8060,HAMILL,SD,57534.0,S,Y,75000.0,0.0,0.0,0.0,0.0
Haixun,,M,701.0,749-9729,,ND,58775.0,S,Y,65000.0,2.5092063,,0.0,
Hoewon,,,561.0,100-7090,APOPKA,FL,32704.0,S,Y,75000.0,0.0,0.0,0.0,0.0
Wieb,Hitomi,F,,386-9594,KANEOHE,HI,96744.0,,,35000.0,7.3486843,0.0,2080.0,1040.0
,Subramaniyam,,,395-1184,HENRICO,NC,27842.0,M,Y,10000.0,6.0,,,3300.0
Panayiotis,Wijshoff,,,382-8335,CAPITOL HEIGHTS,,20791.0,M,Y,65000.0,4.75,0.0,4800.0,
Jagdish,Vaidyanathan,M,410.0,779-3443,PORT REPUBLIC,,,,Y,80000.0,4.75,2400.0,0.0,
Hollie,Hemenway,,,380-8247,JACKSONVILLE,FL,32246.0,,N,10000.0,0.0,0.0,0.0,
Wentai,Nisnevich,F,,425-4750,HUNTINGTON,UT,84528.0,,,100000.0,7.0,,,0.0
Graziano,Khakhar,F,,566-4514,WEST MINOT,ME,,S,Y,75000.0,8.5,2850.0,0.0,2850.0
,Koers,,,435-6104,SMYRNA,NC,28579.0,M,,100000.0,7.8304195,0.0,,3300.0
Noe,Strayer,M,,265-1901,SALT LAKE CITY,,84157.0,,Y,50000.0,7.0,,,
Khurshid,Zompi,,,263-8532,,,46341.0,M,N,90000.0,3.4,0.0,2000.0,
Fumitake,Bensaou,M,,319-7436,LAS VEGAS,NV,89127.0,,N,95000.0,0.0,0.0,0.0,
Szymon,Astor,,347.0,922-2628,WEST WINFIELD,NY,13491.0,M,,35000.0,4.1564026,0.0,0.0,0.0
Jianhui,,F,787.0,697-4275,MAYAGUEZ,,681.0,,Y,55000.0,0.0,,0.0,0.0
Kangwoo,Palmore,,,343-7959,LUVERNE,,36049.0,,Y,45000.0,5.0,,,300.0
Tokuzo,Korcuska,F,228.0,706-8303,BLUE SPRINGS,MS,,S,,20000.0,5.0,6000.0,,1500.0
Guy,Arafa,M,907.0,670-7277,NUNAPITCHUK,AK,99641.0,,N,85000.0,0.0,0.0,0.0,
Nevin,Tamm,M,,365-5089,DESHA,,,S,N,30000.0,7.0,20.0,0.0,
Lianwen,Kask,M,401.0,764-7094,NORTH SCITUATE,,2857.0,,Y,10000.0,0.0,0.0,0.0,
Nevana,,M,810.0,668-6030,KALAMAZOO,,,,Y,20000.0,3.9,3100.0,0.0,
Rishiyur,,F,509.0,943-7996,LA CENTER,WA,98629.0,,,50000.0,0.0,,0.0,0.0
Aju,Giggi,F,231.0,135-3951,OTISVILLE,MI,,,Y,5000.0,3.9,3100.0,0.0,3100.0
Angel,,M,505.0,770-1997,PREWITT,NM,87045.0,,Y,75000.0,5.3,,6600.0,
Lijie,Missinai,M,406.0,840-1422,BILLINGS,,59101.0,S,N,90000.0,6.9,,,
Naser,Greitane,,207.0,800-5104,JONESPORT,,4649.0,,Y,80000.0,8.5,0.0,5700.0,2850.0
Karen,Bemmerl,M,207.0,995-8363,SEBAGO LAKE,,,,Y,10000.0,4.5857663,2850.0,0.0,
Latanya,Klosgen,F,307.0,782-8478,BAIROIL,,82322.0,S,N,90000.0,0.0,0.0,,0.0
Guoren,Scofield,,256.0,811-6789,LAPINE,AL,36046.0,,N,70000.0,5.0,,,
Jarle,Sichman,F,,476-2787,MOUNT HERMON,,70450.0,,Y,90000.0,6.0,,,1000.0
Markos,Broodsky,,,439-3353,MONTROSE,,10548.0,,N,55000.0,4.272256,0.0,0.0,
Zekeriya,Skinner,F,,603-4214,ARMA,KS,66712.0,M,N,50000.0,6.45,,,0.0
Colleen,,,540.0,248-3698,BLACKWATER,VA,24221.0,S,Y,65000.0,5.75,,0.0,900.0
Mikkel,Note,,862.0,249-4221,,,8402.0,M,Y,10000.0,1.4,,,1500.0
Hiroki,,F,808.0,705-3254,HONOLULU,HI,96802.0,,N,20000.0,4.644737,,2080.0,0.0
Eenjun,Turcotte,F,308.0,845-3898,SUMNER,NE,68878.0,M,Y,90000.0,6.84,0.0,206.0,103.0
Joemon,Neuburg,M,479.0,658-1170,BLYTHEVILLE,,72315.0,M,Y,65000.0,7.0,,,
Odette,,F,781.0,647-6935,YARMOUTH PORT,,,S,N,5000.0,5.3,3575.0,0.0,0.0
Hisako,,M,785.0,935-7886,PALMER,KS,66962.0,,N,95000.0,6.45,0.0,4500.0,
Allyson,Paradis,,,437-6364,,IN,47549.0,M,Y,50000.0,3.4,,,
Neven,Perko,,302.0,694-3188,TOWNSEND,,19734.0,M,Y,40000.0,4.586364,,,110.0
Zengping,,M,757.0,693-8123,MONTPELIER,VA,,,N,35000.0,5.75,900.0,0.0,
Gur,,,802.0,118-7821,,VT,5489.0,M,N,40000.0,3.800944,,6600.0,
Dwayne,Ducloy,F,,373-1443,FISHERSVILLE,VA,,S,Y,15000.0,5.214286,900.0,0.0,900.0
Leen,,M,605.0,713-1787,IRENE,,57037.0,,N,90000.0,0.0,0.0,0.0,
Minsoo,Giacobazzi,,304.0,750-9027,WHITMER,,26296.0,M,N,75000.0,6.5,0.0,4000.0,
Schuichi,Ierardi,,240.0,781-5931,SAINT MICHAELS,MD,21663.0,,,10000.0,4.75,0.0,4800.0,
Algimantas,Knightly,F,,463-8838,OAKWOOD,OK,73658.0,,Y,30000.0,6.25,0.0,,1000.0
Krishnamurthi,Baalbergen,,901.0,700-7208,OAK RIDGE,,37831.0,,N,80000.0,0.0,0.0,0.0,
Byungki,Tang,M,,458-3942,MONTICELLO,MN,,,N,20000.0,5.35,3300.0,0.0,
Yishay,Lieshout,,,422-6312,RIVA,MD,21140.0,,,20000.0,4.75,0.0,,
Yukinobu,Saoudi,,,317-3675,,PA,15468.0,S,N,50000.0,3.07,,,0.0
,Prins,,,642-8731,GOOSE CREEK,SC,29445.0,M,Y,95000.0,7.0,,,3300.0
,Shimohata,F,,541-9396,,,58316.0,M,Y,45000.0,2.2773614,,,3300.0
Rana,Kulisch,M,,454-8576,JBER,AK,99506.0,,,30000.0,0.0,0.0,,
Slimane,Bandoh,F,260.0,867-2955,,IN,,S,,25000.0,3.4,1000.0,0.0,0.0
Biswanath,Agnew,,,499-2516,MOORHEAD,IA,51558.0,,N,65000.0,8.98,0.0,80.0,
Soheil,,M,816.0,907-7287,KANSAS CITY,MO,64197.0,,,30000.0,6.0,0.0,4200.0,
Joji,Ronchette,,,386-7315,NORWALK,,6860.0,,Y,30000.0,5.0,,,0.0
Nian,Foutz,M,208.0,259-5213,IDAHO FALLS,,83401.0,,N,60000.0,7.8,0.0,6600.0,
Jinjuan,Pinho,F,,315-8178,IMNAHA,,97842.0,,Y,15000.0,9.0,,,159.0
Xiaobo,,M,603.0,792-1044,HAMPTON,NH,3843.0,M,,95000.0,0.0,,0.0,
Hakki,Haban,,304.0,183-5943,INDEPENDENCE,WV,26374.0,,N,60000.0,6.5,0.0,4000.0,0.0
Toyoaki,Lundquist,M,208.0,172-9074,NAMPA,ID,83687.0,,,20000.0,6.948391,0.0,,
Namio,Iacobovici,M,406.0,855-3862,MONARCH,,,,N,80000.0,6.9,1900.0,0.0,
Xiaoyong,Khamiss,F,,300-1883,STICKNEY,SD,57375.0,S,,40000.0,0.0,0.0,0.0,0.0
Gholamali,Myers,M,985.0,683-3371,COVINGTON,LA,70433.0,M,Y,85000.0,6.0,,,
Ramachenga,,,814.0,145-8135,,PA,17563.0,M,,20000.0,3.07,0.0,0.0,
Gomer,Monneau,F,208.0,970-9678,ELLIS,ID,83235.0,M,N,55000.0,7.8,,,0.0
Carrel,Ricarte,,234.0,657-3301,,OH,45236.0,S,Y,65000.0,2.7036924,,,
Topher,,M,785.0,223-1428,,KS,67871.0,M,,10000.0,3.5,,4500.0,
Dwayne,Meketon,F,435.0,724-4753,RUSH VALLEY,UT,84069.0,,Y,100000.0,7.0,,,2475.0
Uma,,F,828.0,201-3153,DURHAM,NC,,S,,55000.0,6.8863635,3300.0,0.0,3300.0
Mysore,Lauchli,F,,596-7684,RALSTON,,82440.0,,N,40000.0,0.0,0.0,,0.0
Tinko,Jantke,F,225.0,193-7167,ALBANY,LA,,S,,70000.0,6.0,4500.0,0.0,1000.0
Jussara,,F,520.0,716-9590,PHOENIX,,,,Y,100000.0,4.265,2100.0,0.0,2300.0
Shao,,,646.0,869-1064,CHERRY CREEK,NY,14723.0,S,,40000.0,4.1853657,,0.0,
Mosur,Mutlu,M,,376-9032,BOISE,,83725.0,M,Y,45000.0,7.8,,,
Jayaramaiah,Arrabito,F,,471-7806,CEDAR GROVE,,,S,N,80000.0,5.836415,700.0,0.0,0.0
Jinpo,Zincke,M,406.0,173-3630,DAGMAR,,,S,Y,60000.0,6.9,1900.0,0.0,
Sadayuki,Forne,F,,600-4995,BLOOMFIELD HILLS,MI,,S,,50000.0,3.9,3100.0,0.0,0.0
Ziming,Reeds,M,307.0,695-2403,BIG PINEY,WY,83113.0,M,Y,65000.0,0.0,,,
Guohong,Metallidou,M,985.0,125-2667,OAKDALE,LA,71463.0,,Y,85000.0,6.0,,,
Kristin,Pettersen,F,,401-5805,KANSAS CITY,,64146.0,,N,75000.0,6.0,,,0.0
Wenbo,,,727.0,260-9090,LAKE WORTH,FL,33460.0,,,50000.0,0.0,,0.0,
Tomomasa,Scarborough,F,,351-8096,BRISTOL,RI,2809.0,S,,60000.0,0.0,,,0.0
Yngve,,F,505.0,185-8534,PINON,NM,,,,80000.0,5.3,3300.0,0.0,3300.0
Lein,,M,808.0,818-4240,KUNIA,,96759.0,,Y,25000.0,5.546053,0.0,2080.0,
Ryoji,Zajac,,320.0,862-7046,ORR,MN,55771.0,,,70000.0,7.85,0.0,6600.0,
Jacobijn,Palomar,F,,373-2489,HOLBROOK,,83243.0,,Y,80000.0,7.8,,,3300.0
Goker,Fritts,F,,383-4631,TINNIE,NM,,S,Y,75000.0,5.3,3300.0,0.0,3300.0
Kouichi,,M,650.0,962-3957,ANAHEIM,,,S,Y,80000.0,9.3,87.0,0.0,
Dongchang,,,612.0,781-9944,DUNDAS,MN,55019.0,M,N,5000.0,5.35,0.0,6600.0,0.0
Jacinto,Shiran,F,320.0,950-4140,SPRING VALLEY,,55975.0,M,Y,75000.0,7.85,,,3300.0
Dalibor,Arthur,F,,360-5653,,LA,70591.0,M,N,15000.0,2.8,0.0,9000.0,0.0
Donato,Hirschler,M,,535-8386,GREENVILLE,SC,,S,Y,90000.0,7.0,3300.0,0.0,
Sumeer,Velazco,F,,398-6526,HENRIETTE,MN,,S,,80000.0,7.85,3300.0,0.0,0.0
Juichi,Ponamgi,F,,605-3083,HALL,,59837.0,M,Y,75000.0,6.9,,,1900.0
Jiang,,M,720.0,234-1615,SLATER,,81653.0,S,Y,85000.0,4.63,,0.0,
Zhibin,,,641.0,794-4180,OKOBOJI,IA,51355.0,,N,35000.0,5.567322,,80.0,0.0
Hoang,Rudolf,,,620-4691,MEADOW CREEK,WV,25977.0,,N,30000.0,4.4,,,
Shigehito,Kroll,M,,352-3589,,KS,67155.0,M,,15000.0,3.5,0.0,,
,,F,803.0,716-4695,WHITE ROCK,SC,,S,Y,65000.0,7.0,3300.0,0.0,3300.0
Xiaofei,Manabe,,,562-6818,,PA,17930.0,S,,10000.0,3.07,0.0,,0.0
Tomasz,Pfitzmann,M,307.0,205-5363,BANNER,WY,82832.0,M,,95000.0,0.0,,,
Masoud,Potorti,F,,617-2548,CARSON CITY,,89701.0,S,Y,30000.0,0.0,,,0.0
Gloria,Greitane,,906.0,156-2432,WATERFORD,MI,48328.0,M,Y,65000.0,3.9,0.0,6200.0,3100.0
Flaminio,Tanemo,F,307.0,148-9443,CASPER,WY,82609.0,M,N,80000.0,0.0,0.0,0.0,0.0
Bowden,Schill,,,540-3852,SWIFTOWN,MS,38959.0,S,Y,90000.0,5.0,,,
Soumitra,Tumuluri,F,401.0,745-7880,WARREN,RI,2885.0,M,,100000.0,,0.0,0.0,0.0
Jinxi,,F,785.0,736-1200,CLAFLIN,,67525.0,S,N,90000.0,6.45,,0.0,0.0
Rishi,Remp,,,377-2273,PALMYRA,TN,37142.0,,,35000.0,0.0,,,0.0
Yki,Guizani,,,406-8589,SEVIERVILLE,TN,37864.0,,,95000.0,0.0,0.0,0.0,0.0
Jungho,Simovich,,202.0,124-2072,WASHINGTON,,20417.0,S,Y,20000.0,6.75,,,1370.0
Shyamsundar,Demoen,M,,560-7772,FRIENDSVILLE,MD,,S,,70000.0,4.75,2400.0,0.0,
Eszter,Yuzhang,,260.0,689-5048,,IN,47874.0,M,N,5000.0,3.4,0.0,2000.0,
Qinsi,Standing,M,939.0,173-7839,CAROLINA,PR,983.0,S,,95000.0,0.0,,,
Marwan,,F,651.0,656-8844,RACINE,,55967.0,,N,25000.0,5.5895944,,6600.0,0.0
Latanya,Chnag,F,939.0,,CAROLINA,,985.0,S,Y,,0.0,0.0,0.0,0.0
Arijit,,F,662.0,,ARCOLA,MS,,S,Y,,5.0,6000.0,0.0,1500.0
Lushen,,M,703.0,,MOUNT HOLLY,,,,N,,5.75,900.0,0.0,
Corneliu,Vazquez,,,498-4224,,NJ,7878.0,M,N,50000.0,1.873125,0.0,2000.0,
Qiu,,F,603.0,,PORTSMOUTH,NH,3802.0,,,,0.0,0.0,0.0,0.0
Janche,Dedood,,937.0,880-3496,,,44907.0,M,N,35000.0,1.7078462,0.0,2600.0,0.0
Polen,Flewelling,M,,512-5719,MONSON,ME,,,,95000.0,8.5,2850.0,0.0,
Kepa,Leake,M,907.0,194-3168,THORNE BAY,,99919.0,S,Y,70000.0,0.0,0.0,,
Yibing,,F,620.0,700-5652,CANEY,KS,67333.0,M,,40000.0,6.45,,4500.0,0.0
Christophe,Comyn,M,316.0,798-9867,MANHATTAN,KS,66506.0,,N,50000.0,6.45,0.0,4500.0,
Bruno,,M,714.0,850-9120,,CA,,S,Y,15000.0,3.0493855,87.0,0.0,
Juri,Ravishankar,,228.0,200-1001,,,38746.0,M,Y,5000.0,3.0,,,1500.0
,Ilarraza,,,479-3605,MOUNT PLEASANT,SC,29465.0,,Y,75000.0,7.0,0.0,6600.0,3300.0
Koichi,Nacht,F,408.0,177-5187,KNIGHTSEN,,94548.0,,N,40000.0,8.951314,,,0.0
Kemji,,F,603.0,261-4045,HAMPSTEAD,,3841.0,S,N,80000.0,,0.0,0.0,0.0
Kapil,Wingstedt,M,,408-3722,UBLY,,,S,N,65000.0,,3100.0,0.0,
Dong,Hansgen,M,,491-3537,,ND,58416.0,M,N,100000.0,2.914935,0.0,6600.0,
Hideko,Urpani,M,,576-9925,,AZ,85008.0,M,Y,65000.0,3.7224998,0.0,4200.0,
Soha,,F,801.0,129-8548,LA VERKIN,UT,84745.0,,,75000.0,7.0,0.0,4950.0,0.0
Pranava,Wavrik,,,430-7681,,KY,40579.0,M,,10000.0,2.3888888,0.0,40.0,
Stein,Drake,,904.0,912-3890,,FL,32709.0,S,,80000.0,,0.0,0.0,0.0
Joxan,Yach,F,,385-7366,BISCOE,,72017.0,M,Y,100000.0,7.0,0.0,40.0,20.0
Sanket,Reicke,M,,533-7385,SHANNOCK,RI,2875.0,M,,45000.0,0.0,,,
Manuel,Ramseyer,,317.0,800-4821,,,46239.0,M,Y,30000.0,3.4,,,
Zaher,Beretta,F,,637-3606,,LA,71358.0,M,Y,15000.0,2.8,0.0,9000.0,1000.0
Dinos,Cowen,M,414.0,949-8446,HARTLAND,WI,,S,Y,50000.0,,700.0,0.0,
Holger,,F,620.0,858-6423,,KS,67660.0,M,Y,5000.0,3.5,,4500.0,2250.0
Smaragda,Corazza,M,,548-9915,BUZZARDS BAY,MA,,S,,15000.0,,3575.0,0.0,
Anurag,Hegron,,256.0,178-4534,RED BAY,AL,35582.0,,Y,35000.0,5.0,0.0,3000.0,
Yee,Ranai,F,401.0,,CENTRAL FALLS,RI,2863.0,M,,,0.0,,,0.0
Richmond,Iglesia,M,,561-5880,MYRTLE POINT,OR,97458.0,,,100000.0,9.0,0.0,318.0,
Madhukar,Bergler,,860.0,685-4187,THOMASTON,,6787.0,M,N,25000.0,5.0,0.0,24500.0,0.0
Kieron,Dongen,F,360.0,935-6457,SULTAN,,98294.0,M,N,100000.0,,0.0,0.0,0.0
Hidetaka,Coullard,M,,421-1459,ACUSHNET,MA,,S,N,85000.0,,3575.0,0.0,0.0
